time,Prx,Pry,Prz,Vrx,Vry,Vrz,Yawr,vYawr,Pbx,Pby,Pbz,Vbx,Vby,Vbz,Pwx,Pwy,Pwz,Vwx,Vwy,Vwz
1.000000,0.000000,0.000000,0.593700,0.000000,0.000000,0.000000,0.000128,0.000000,-0.000126,0.000758,0.596303,-0.005093,0.000948,0.013624,0.008335,-0.001132,0.000006,-0.004268,-0.000104,-0.000000
1.010000,0.014000,0.000002,0.593700,2.000000,0.000256,0.000000,0.000128,0.000000,-0.000006,0.000770,0.596466,-0.055094,0.001460,0.025751,0.008913,-0.001133,0.000004,0.122700,-0.000056,0.000247
1.020000,0.034000,0.000004,0.593700,2.000000,0.000256,0.000000,0.000128,0.000000,-0.000477,0.000783,0.596690,-0.141386,0.000419,0.029207,0.014226,-0.001136,0.000003,0.609781,0.000978,0.001403
1.030000,0.054000,0.000007,0.593700,2.000000,0.000256,0.000000,0.000128,0.000000,-0.001357,0.000805,0.597137,-0.128243,0.001750,0.054155,0.023461,-0.001136,-0.000009,0.959304,0.000173,0.001408
1.040000,0.074000,0.000009,0.593700,1.999996,0.000257,0.000000,0.000128,0.000000,-0.001847,0.000843,0.597797,-0.055743,0.003017,0.078016,0.034719,-0.001136,-0.000018,1.133205,-0.000154,0.000095
1.050000,0.094000,0.000012,0.593700,1.999996,0.000258,0.000000,0.000128,0.000000,-0.001706,0.000870,0.598645,0.026053,0.002153,0.079886,0.046698,-0.001136,-0.000032,1.194836,0.000373,0.002910
1.060000,0.114000,0.000015,0.593700,1.999996,0.000258,0.000000,0.000128,0.000000,-0.000873,0.000879,0.599495,0.105387,0.001857,0.086048,0.058810,-0.001131,-0.000032,1.205992,-0.000028,0.000087
1.070000,0.134000,0.000017,0.593700,1.999995,0.000258,0.000000,0.000128,0.000000,0.000452,0.000903,0.600360,0.166877,0.002179,0.099471,0.070641,-0.001131,-0.000024,1.176142,0.000139,-0.006089
1.080000,0.154000,0.000020,0.593700,1.999995,0.000258,0.000000,0.000128,0.000000,0.002214,0.000908,0.601274,0.219196,-0.000131,0.092088,0.082068,-0.001129,-0.000036,1.135332,0.001139,-0.001213
1.090000,0.174000,0.000022,0.593700,1.999994,0.000259,0.000000,0.000128,0.000000,0.004472,0.000901,0.602238,0.270729,0.000761,0.087711,0.093015,-0.001121,-0.000052,1.091632,0.000099,0.004083
1.100000,0.194000,0.000025,0.593700,1.999994,0.000259,0.000000,0.000128,0.000000,0.007287,0.000921,0.603377,0.324742,0.002514,0.108887,0.103422,-0.001118,-0.000059,1.040027,-0.000206,0.000594
1.110000,0.214000,0.000028,0.593700,1.999993,0.000259,0.000000,0.000128,0.000000,0.011129,0.000953,0.604484,0.411481,0.002992,0.129287,0.113639,-0.001117,-0.000048,0.987097,0.000021,-0.004196
1.120000,0.234000,0.000030,0.593700,1.999993,0.000259,0.000000,0.000128,0.000000,0.015145,0.000981,0.605638,0.448654,0.003036,0.125136,0.122963,-0.001115,-0.000052,0.928548,0.000260,0.001427
1.130000,0.253999,0.000033,0.593700,1.999992,0.000259,0.000000,0.000128,0.000000,0.019628,0.001009,0.607099,0.487931,0.003171,0.141340,0.131791,-0.001112,-0.000064,0.884652,0.000218,0.001281
1.140000,0.273999,0.000035,0.593700,1.999992,0.000259,0.000000,0.000128,0.000000,0.024594,0.001045,0.608567,0.535391,0.003458,0.157828,0.140326,-0.001109,-0.000054,0.848713,0.000267,-0.002815
1.150000,0.293999,0.000038,0.593700,1.999992,0.000260,0.000000,0.000128,0.000000,0.030051,0.001079,0.610128,0.579536,0.003600,0.158162,0.148572,-0.001106,-0.000061,0.825692,0.000357,0.001117
1.162000,0.317999,0.000041,0.593700,1.999992,0.000260,0.000000,0.000128,0.000000,0.037233,0.001126,0.612164,0.636552,0.003852,0.167829,0.158234,-0.001103,-0.000067,0.800947,0.000352,0.001745
1.172000,0.337999,0.000044,0.593700,1.999991,0.000260,0.000000,0.000128,0.000000,0.043762,0.001165,0.613922,0.682253,0.004007,0.183195,0.166121,-0.001099,-0.000056,0.790353,0.000318,-0.002709
1.182000,0.357999,0.000046,0.593700,1.999992,0.000259,0.000000,0.000128,0.000000,0.050992,0.001198,0.615688,0.751126,0.003241,0.178085,0.174149,-0.001095,-0.000060,0.801842,0.000673,0.001875
1.192000,0.377999,0.000049,0.593700,1.999992,0.000260,0.000000,0.000128,0.000000,0.058599,0.001244,0.617645,0.788338,0.004090,0.193505,0.181809,-0.001090,-0.000060,0.768926,0.000333,-0.001907
1.202000,0.397999,0.000051,0.593700,1.999993,0.000259,0.000000,0.000128,0.000000,0.066799,0.001279,0.619434,0.843500,0.003306,0.182128,0.189554,-0.001086,-0.000052,0.773105,0.000688,0.000775
1.212000,0.417999,0.000054,0.593700,1.999994,0.000259,0.000000,0.000128,0.000000,0.075269,0.001319,0.621402,0.871483,0.003464,0.187490,0.197005,-0.001080,-0.000055,0.750436,0.000501,-0.001247
1.222000,0.437999,0.000057,0.593700,1.999994,0.000259,0.000000,0.000128,0.000000,0.084094,0.001349,0.623128,0.906084,0.002800,0.173561,0.204528,-0.001074,-0.000044,0.752230,0.000654,0.000290
1.232000,0.457999,0.000059,0.593700,1.999995,0.000259,0.000000,0.000128,0.000000,0.093622,0.001377,0.624968,0.961079,0.002413,0.172006,0.212260,-0.001067,-0.000049,0.759432,0.000679,0.000606
1.242000,0.477999,0.000062,0.593700,1.999994,0.000259,0.000000,0.000128,0.000000,0.103311,0.001395,0.626610,0.991683,0.001356,0.162412,0.219905,-0.001060,-0.000036,0.768006,0.001060,0.000055
1.252000,0.497999,0.000064,0.593700,1.999995,0.000259,0.000000,0.000128,0.000000,0.113386,0.001414,0.628248,1.028367,0.001316,0.154970,0.227645,-0.001050,-0.000036,0.778583,0.001000,0.001363
1.262000,0.517999,0.000067,0.593700,1.999995,0.000259,0.000000,0.000128,0.000000,0.123875,0.001422,0.629814,1.070348,0.000388,0.154474,0.235591,-0.001039,-0.000026,0.795480,0.001349,-0.001293
1.272000,0.537999,0.000070,0.593700,1.999995,0.000259,0.000000,0.000128,0.000000,0.134804,0.001432,0.631254,1.113834,0.000531,0.142826,0.243620,-0.001026,-0.000020,0.805777,0.001358,0.000510
1.282000,0.557998,0.000072,0.593700,1.999995,0.000259,0.000000,0.000128,0.000000,0.146164,0.001443,0.632752,1.157713,0.000903,0.142881,0.251828,-0.001010,-0.000020,0.821160,0.001401,-0.000780
1.292000,0.577998,0.000075,0.593700,1.999996,0.000258,0.000000,0.000128,0.000000,0.157969,0.001449,0.634110,1.200828,0.000618,0.134018,0.260142,-0.000993,-0.000014,0.835410,0.001799,-0.000303
1.302000,0.597998,0.000077,0.593700,1.999996,0.000258,0.000000,0.000128,0.000000,0.170456,0.001458,0.635514,1.267091,0.000856,0.132069,0.268846,-0.000973,-0.000019,0.873547,0.002094,-0.000249
1.312000,0.617998,0.000080,0.593700,1.999995,0.000258,0.000000,0.000128,0.000000,0.183203,0.001468,0.636743,1.301288,0.000962,0.120461,0.277413,-0.000950,-0.000010,0.860994,0.002389,-0.000101
1.322000,0.637998,0.000082,0.593700,1.999995,0.000258,0.000000,0.000128,0.000000,0.196362,0.001480,0.637901,1.337997,0.001339,0.106865,0.286090,-0.000925,-0.000010,0.872486,0.002616,0.002055
1.332000,0.657998,0.000085,0.593700,1.999995,0.000258,0.000000,0.000128,0.000000,0.209954,0.001495,0.638973,1.380463,0.001424,0.104897,0.294951,-0.000897,0.000001,0.887581,0.003009,-0.001770
1.342000,0.677998,0.000088,0.593700,1.999996,0.000258,0.000000,0.000128,0.000000,0.223984,0.001516,0.639922,1.422529,0.002240,0.088519,0.303981,-0.000865,0.000001,0.907205,0.003335,0.000937
1.352000,0.697998,0.000090,0.593700,1.999996,0.000258,0.000000,0.000128,0.000000,0.238458,0.001541,0.640813,1.467594,0.002687,0.083217,0.313174,-0.000828,0.000005,0.921512,0.003689,-0.001129
1.362000,0.717998,0.000093,0.593700,1.999997,0.000258,0.000000,0.000128,0.000000,0.253375,0.001574,0.641492,1.512668,0.003535,0.064475,0.322539,-0.000788,0.000013,0.936954,0.004048,0.000456
1.372000,0.737998,0.000095,0.593700,1.999997,0.000257,0.000000,0.000128,0.000000,0.268732,0.001613,0.642151,1.555084,0.004279,0.050274,0.332055,-0.000743,0.000005,0.955251,0.004471,0.002491
1.382000,0.757998,0.000098,0.593700,1.999997,0.000257,0.000000,0.000128,0.000000,0.284548,0.001664,0.642606,1.600275,0.005450,0.043589,0.341731,-0.000694,0.000021,0.970379,0.004702,-0.002181
1.392000,0.777998,0.000101,0.593700,1.999998,0.000257,0.000000,0.000128,0.000000,0.300778,0.001727,0.642946,1.640680,0.006266,0.023549,0.351617,-0.000641,0.000017,0.992709,0.005281,0.000838
1.402000,0.797998,0.000103,0.593700,1.999998,0.000257,0.000000,0.000128,0.000000,0.317422,0.001796,0.643187,1.679123,0.006157,0.017693,0.361834,-0.000584,0.000024,1.026587,0.005848,-0.003002
1.414000,0.821998,0.000106,0.593700,1.999998,0.000257,0.000000,0.000128,0.000000,0.337919,0.001876,0.643119,1.726092,0.006002,-0.013578,0.374623,-0.000510,0.000029,1.074298,0.006142,0.000693
1.424000,0.841998,0.000109,0.593700,1.999999,0.000257,0.000000,0.000128,0.000000,0.355448,0.001938,0.642926,1.764184,0.005151,-0.032258,0.385739,-0.000446,0.000030,1.119352,0.006339,0.001534
1.434000,0.861998,0.000111,0.593700,1.999999,0.000257,0.000000,0.000128,0.000000,0.373378,0.001973,0.642654,1.803086,0.003113,-0.042501,0.397330,-0.000383,0.000026,1.167593,0.006440,0.000047
1.444000,0.881998,0.000114,0.593700,2.000000,0.000256,0.000000,0.000128,0.000000,0.391767,0.001985,0.642113,1.849724,0.000761,-0.050674,0.409421,-0.000321,0.000044,1.216351,0.006349,-0.005118
1.454000,0.901998,0.000116,0.593700,2.000000,0.000256,0.000000,0.000128,0.000000,0.410495,0.001989,0.641390,1.884822,0.000402,-0.074255,0.421976,-0.000261,0.000043,1.262332,0.005725,-0.001812
1.464000,0.921998,0.000119,0.593700,1.999999,0.000257,0.000000,0.000128,0.000000,0.429499,0.002011,0.640573,1.916784,0.002458,-0.087307,0.435033,-0.000202,0.000039,1.316231,0.004187,0.000563
1.474000,0.941998,0.000122,0.593700,1.999998,0.000256,0.000000,0.000128,0.000000,0.448857,0.001992,0.639731,1.953854,-0.001184,-0.091773,0.448636,-0.000150,0.000034,1.370086,0.005388,0.002002
1.484000,0.961998,0.000124,0.593700,1.999998,0.000256,0.000000,0.000128,0.000000,0.469259,0.001977,0.638863,2.047965,-0.001632,-0.088759,0.463250,-0.000097,0.000034,1.449639,0.005198,0.000729
1.494000,0.981998,0.000127,0.593700,1.999997,0.000256,0.000000,0.000128,0.000000,0.490239,0.001957,0.637989,2.114415,-0.002137,-0.090877,0.478216,-0.000046,0.000029,1.493061,0.004935,0.001879
1.504000,1.001998,0.000129,0.593700,1.999996,0.000256,0.000000,0.000128,0.000000,0.511212,0.001936,0.637232,2.122469,-0.002245,-0.085140,0.493152,-0.000000,0.000017,1.511653,0.004501,0.001815
1.514000,1.021998,0.000132,0.593700,1.999996,0.000256,0.000000,0.000128,0.000000,0.532511,0.001902,0.636392,2.149359,-0.003132,-0.087270,0.508672,0.000045,0.000016,1.563836,0.004389,0.002808
1.524000,1.041998,0.000134,0.593700,1.999995,0.000257,0.000000,0.000128,0.000000,0.554255,0.001881,0.635514,2.191081,-0.002669,-0.082739,0.524761,0.000086,0.000025,1.614518,0.004037,0.000395
1.534000,1.061998,0.000137,0.593700,1.999994,0.000256,0.000000,0.000128,0.000000,0.576769,0.001841,0.634841,2.253328,-0.003092,-0.065870,0.541558,0.000129,0.000020,1.668449,0.003582,-0.004192
1.544000,1.081998,0.000140,0.593700,1.999991,0.000256,0.000000,0.000128,0.000000,0.600189,0.001804,0.634109,2.356661,-0.002957,-0.059140,0.559203,0.000166,0.000023,1.787988,0.003738,-0.007177
1.554000,1.101998,0.000142,0.593700,1.999990,0.000257,0.000000,0.000128,0.000000,0.623812,0.001780,0.633324,2.395776,-0.003078,-0.080364,0.577012,0.000202,-0.000003,1.795428,0.003695,0.002820
1.564000,1.121997,0.000145,0.593700,1.999987,0.000258,0.000000,0.000128,0.000000,0.647976,0.001735,0.632402,2.437153,-0.003647,-0.094426,0.595217,0.000239,0.000003,1.829566,0.003463,0.006196
1.574000,1.141997,0.000147,0.593700,1.999985,0.000258,0.000000,0.000128,0.000000,0.673076,0.001699,0.631809,2.506363,-0.003282,-0.064950,0.614238,0.000272,0.000006,1.883236,0.002980,-0.004562
1.584000,1.161997,0.000150,0.593700,1.999983,0.000257,0.000000,0.000128,0.000000,0.698463,0.001633,0.630937,2.561424,-0.006255,-0.081826,0.633587,0.000303,0.000008,1.953236,0.004385,-0.000350
1.594000,1.181997,0.000152,0.593700,1.999982,0.000259,0.000000,0.000128,0.000000,0.724135,0.001637,0.630131,2.588666,-0.001460,-0.087848,0.653289,0.000332,-0.000003,1.972588,0.002523,0.002357
1.604000,1.201997,0.000155,0.593700,1.999968,0.000260,0.000000,0.000128,0.000000,0.750483,0.001614,0.629285,2.649347,-0.000511,-0.079764,0.673673,0.000361,0.000005,2.053040,0.001866,-0.002076
1.614000,1.221996,0.000158,0.593700,1.999945,0.000262,0.000000,0.000128,0.000000,0.777538,0.001595,0.628433,2.724066,-0.001399,-0.082427,0.694882,0.000385,0.000003,2.127272,0.002245,-0.001890
1.624000,1.241996,0.000160,0.593700,1.999919,0.000263,0.000000,0.000128,0.000000,0.804872,0.001558,0.627550,2.769869,-0.002818,-0.078308,0.716278,0.000411,0.000012,2.180296,0.002586,-0.005528
1.634000,1.261994,0.000163,0.593700,1.999819,0.000262,0.000000,0.000128,0.000000,0.832591,0.001532,0.626552,2.794245,-0.002611,-0.107320,0.738241,0.000431,-0.000003,2.198541,0.002950,0.004188
1.644000,1.281992,0.000166,0.593700,1.999647,0.000278,0.000000,0.000128,0.000000,0.861023,0.001521,0.625566,2.864131,-0.001846,-0.091347,0.760921,0.000456,0.000017,2.294107,0.002575,-0.005631
1.654000,1.301985,0.000168,0.593700,1.998995,0.000279,0.000000,0.000128,0.000000,0.889360,0.001480,0.624395,2.870727,-0.004308,-0.115879,0.783837,0.000477,0.000007,2.309872,0.003511,0.002555
1.664000,1.321973,0.000171,0.593700,1.999993,0.000260,0.000000,0.000128,0.000000,0.919090,0.001482,0.623184,2.965634,0.000613,-0.134872,0.807785,0.000505,-0.000014,2.344994,0.001105,0.016602
1.676000,1.345973,0.000174,0.593700,2.000000,0.000256,0.000000,0.000128,0.000000,0.954858,0.001403,0.622071,2.972674,-0.002969,-0.101506,0.835487,0.000529,-0.000001,2.311946,0.001716,0.001749
1.686000,1.365973,0.000177,0.593700,2.000000,0.000256,0.000000,0.000128,0.000000,0.984138,0.001426,0.621047,2.935213,0.001473,-0.098394,0.858576,0.000544,0.000014,2.324533,0.000735,-0.003347
1.696000,1.385973,0.000179,0.593700,2.000000,0.000256,0.000000,0.000128,0.000000,1.013610,0.001385,0.619996,2.945933,-0.004656,-0.088334,0.882395,0.000557,0.000023,2.399675,0.003242,-0.007972
1.706000,1.405973,0.000182,0.593700,2.000000,0.000256,0.000000,0.000128,0.000000,1.042945,0.001379,0.618844,2.930805,-0.000318,-0.134999,0.906496,0.000577,-0.000009,2.420244,0.000994,0.012405
1.716000,1.425973,0.000185,0.593700,2.000000,0.000256,0.000000,0.000128,0.000000,1.072203,0.001377,0.617933,2.904753,-0.002015,-0.099619,0.930791,0.000588,-0.000005,2.412060,0.002092,0.000956
1.726000,1.445973,0.000187,0.593700,2.000000,0.000256,0.000000,0.000128,0.000000,1.101035,0.001370,0.616834,2.877534,0.000636,-0.093142,0.955214,0.000605,0.000015,2.457549,0.000691,-0.002323
1.736000,1.465973,0.000190,0.593700,2.000000,0.000256,0.000000,0.000128,0.000000,1.129743,0.001356,0.615934,2.853408,-0.001792,-0.088956,0.980073,0.000617,0.000006,2.479232,0.002085,-0.000783
1.746000,1.485973,0.000192,0.593700,2.000000,0.000256,0.000000,0.000128,0.000000,1.158225,0.001360,0.615157,2.833127,-0.001055,-0.101756,1.005260,0.000630,-0.000022,2.522937,0.001602,0.008086
1.756000,1.505973,0.000195,0.593700,2.000000,0.000256,0.000000,0.000128,0.000000,1.186557,0.001361,0.614385,2.819284,-0.000014,-0.078658,1.030770,0.000643,-0.000013,2.553243,0.001091,0.000083
1.766000,1.525973,0.000197,0.593700,2.000000,0.000256,0.000000,0.000128,0.000000,1.214617,0.001344,0.613641,2.795520,-0.001047,-0.083007,1.056479,0.000657,-0.000023,2.577762,0.001631,0.003959
1.776000,1.545973,0.000200,0.593700,2.000000,0.000256,0.000000,0.000128,0.000000,1.242515,0.001345,0.613042,2.777703,-0.000854,-0.060708,1.082431,0.000669,-0.000018,2.598043,0.001721,-0.003366
1.786000,1.565973,0.000202,0.593700,2.000000,0.000256,0.000000,0.000128,0.000000,1.270166,0.001332,0.612267,2.753923,-0.000737,-0.059710,1.108507,0.000685,-0.000007,2.610191,0.001190,-0.003882
1.796000,1.585973,0.000205,0.593700,2.000000,0.000256,0.000000,0.000128,0.000000,1.297680,0.001327,0.611715,2.736845,-0.000030,-0.074942,1.134842,0.000698,-0.000034,2.634048,0.001085,0.005578
1.806000,1.605973,0.000208,0.593700,2.000000,0.000256,0.000000,0.000128,0.000000,1.325027,0.001321,0.611157,2.724220,-0.000245,-0.065377,1.161307,0.000712,-0.000034,2.651394,0.001185,0.002922
1.816000,1.625973,0.000210,0.593700,1.999999,0.000257,0.000000,0.000128,0.000000,1.351885,0.001294,0.610771,2.685568,-0.002239,-0.055756,1.187667,0.000726,-0.000045,2.654158,0.001716,0.001799
1.826000,1.645973,0.000213,0.593700,2.000000,0.000256,0.000000,0.000128,0.000000,1.378919,0.001302,0.610047,2.688572,-0.000195,-0.054665,1.214465,0.000738,-0.000015,2.671701,0.000911,-0.001732
1.836000,1.665973,0.000215,0.593700,1.999999,0.000256,0.000000,0.000128,0.000000,1.405634,0.001285,0.609729,2.663991,-0.001149,-0.045919,1.241122,0.000748,-0.000039,2.676300,0.001670,-0.000306
1.846000,1.685973,0.000218,0.593700,2.000000,0.000256,0.000000,0.000128,0.000000,1.432276,0.001291,0.609312,2.653889,0.000053,-0.053088,1.267966,0.000762,-0.000048,2.685029,0.000668,0.003634
1.856000,1.705973,0.000220,0.593700,2.000000,0.000256,0.000000,0.000128,0.000000,1.458322,0.001296,0.608763,2.600319,0.001269,-0.041575,1.294419,0.000770,-0.000026,2.647849,0.000581,-0.002579
1.866000,1.725973,0.000223,0.593700,2.000000,0.000256,0.000000,0.000128,0.000000,1.484598,0.001296,0.608283,2.604079,0.000512,-0.050553,1.321359,0.000782,-0.000034,2.677674,0.000820,0.002736
1.876000,1.745973,0.000226,0.593700,2.000000,0.000256,0.000000,0.000128,0.000000,1.510564,0.001272,0.607899,2.583506,-0.003459,-0.029797,1.348042,0.000792,-0.000018,2.657697,0.002243,-0.005178
1.886000,1.765973,0.000228,0.593700,1.999999,0.000256,0.000000,0.000128,0.000000,1.536054,0.001293,0.607439,2.546362,0.003541,-0.023822,1.374526,0.000807,-0.000006,2.649744,-0.000974,-0.007538
1.896000,1.785973,0.000231,0.593700,2.000000,0.000256,0.000000,0.000128,0.000000,1.561769,0.001254,0.607078,2.562765,-0.000236,-0.052900,1.401424,0.000816,-0.000039,2.696177,0.000442,0.007491
1.906000,1.805973,0.000233,0.593700,2.000000,0.000256,0.000000,0.000128,0.000000,1.586972,0.001243,0.606725,2.528661,-0.001802,-0.036285,1.427842,0.000822,-0.000023,2.659081,0.001477,-0.000024
1.916000,1.825973,0.000236,0.593700,2.000000,0.000256,0.000000,0.000128,0.000000,1.612123,0.001250,0.606150,2.503435,-0.000208,-0.051464,1.454264,0.000834,-0.000016,2.626685,0.000153,0.005389
1.928000,1.849973,0.000239,0.593700,2.000000,0.000256,0.000000,0.000128,0.000000,1.642721,0.001237,0.605807,2.523250,-0.001020,-0.039494,1.486280,0.000841,-0.000021,2.643252,0.001224,0.003903
1.938000,1.869973,0.000241,0.593700,2.000000,0.000256,0.000000,0.000128,0.000000,1.667439,0.001238,0.605345,2.476107,0.002178,-0.025990,1.512225,0.000853,0.000006,2.602704,-0.000719,-0.003203
1.948000,1.889973,0.000244,0.593700,2.000000,0.000256,0.000000,0.000128,0.000000,1.692133,0.001234,0.605203,2.469686,-0.002367,-0.021492,1.538375,0.000855,-0.000009,2.629792,0.002186,-0.001946
1.958000,1.909973,0.000247,0.593700,2.000000,0.000256,0.000000,0.000128,0.000000,1.716608,0.001246,0.604817,2.439277,-0.000518,-0.020939,1.564318,0.000865,0.000001,2.581092,0.001054,-0.002894
1.968000,1.929973,0.000249,0.593700,2.000000,0.000256,0.000000,0.000128,0.000000,1.740755,0.001225,0.604573,2.414924,0.001022,-0.017846,1.590087,0.000876,-0.000004,2.588568,0.000238,-0.002418
1.978000,1.949973,0.000252,0.593700,2.000000,0.000256,0.000000,0.000128,0.000000,1.765231,0.001257,0.604174,2.437032,0.000524,-0.043844,1.616188,0.000880,-0.000013,2.604033,0.000893,0.008184
1.988000,1.969973,0.000254,0.593700,2.000000,0.000256,0.000000,0.000128,0.000000,1.789051,0.001290,0.604008,2.394716,0.005672,-0.002654,1.641601,0.000888,0.000010,2.560164,-0.001457,-0.007826
1.998000,1.989973,0.000257,0.593700,2.000000,0.000256,0.000000,0.000128,0.000000,1.813224,0.001291,0.603834,2.408173,-0.000490,-0.022099,1.667439,0.000890,-0.000003,2.577061,0.001687,0.000871
2.008000,2.009973,0.000259,0.593700,2.000000,0.000256,0.000000,0.000128,0.000000,1.837131,0.001295,0.603688,2.386295,0.000739,-0.010154,1.692874,0.000901,-0.000003,2.539565,0.000414,-0.002936
2.018000,2.029973,0.000262,0.593700,2.000000,0.000256,0.000000,0.000128,0.000000,1.861070,0.001290,0.603543,2.379711,0.000419,-0.012984,1.718279,0.000910,-0.000008,2.526592,0.000277,-0.001140
2.030000,2.053973,0.000265,0.593700,2.000000,0.000256,0.000000,0.000128,0.000000,1.889579,0.001271,0.603361,2.363860,-0.002118,-0.009634,1.748491,0.000919,-0.000010,2.512901,0.001427,-0.001823
2.042000,2.077973,0.000268,0.593700,2.000000,0.000256,0.000000,0.000128,0.000000,1.917792,0.001266,0.603155,2.336024,0.000017,-0.007248,1.778468,0.000931,-0.000001,2.481964,0.000241,-0.003479
2.054000,2.101973,0.000271,0.593700,2.000000,0.000256,0.000000,0.000128,0.000000,1.945916,0.001263,0.603100,2.325675,0.000246,-0.018570,1.808473,0.000939,-0.000017,2.487110,0.000439,0.002212
2.064000,2.121973,0.000274,0.593700,2.000000,0.000256,0.000000,0.000128,0.000000,1.969190,0.001257,0.603019,2.319483,0.000054,-0.010088,1.833364,0.000947,-0.000018,2.489094,0.000312,-0.000634
2.076000,2.145973,0.000277,0.593700,2.000000,0.000257,0.000000,0.000128,0.000000,1.996846,0.001226,0.602928,2.294994,-0.002759,-0.008137,1.863016,0.000954,-0.000016,2.464683,0.001493,-0.001345
2.088000,2.169973,0.000280,0.593700,2.000000,0.000256,0.000000,0.000128,0.000000,2.024462,0.001250,0.602882,2.290454,-0.000076,-0.017045,1.892700,0.000961,-0.000029,2.470034,0.000706,0.003066
2.100000,2.193973,0.000283,0.593700,2.000000,0.000256,0.000000,0.000128,0.000000,2.051913,0.001239,0.602691,2.281116,-0.000035,-0.017821,1.922236,0.000970,-0.000019,2.459915,0.000465,0.002295
2.112000,2.217973,0.000286,0.593700,2.000000,0.000256,0.000000,0.000128,0.000000,2.079116,0.001229,0.602577,2.261530,-0.001435,-0.000246,1.951471,0.000976,-0.000011,2.430457,0.001156,-0.004160
2.124000,2.241973,0.000289,0.593700,2.000000,0.000256,0.000000,0.000128,0.000000,2.106206,0.001220,0.602620,2.250164,-0.001894,-0.000263,1.980632,0.000984,-0.000024,2.424748,0.001118,-0.002387
2.136000,2.265973,0.000292,0.593700,2.000000,0.000256,0.000000,0.000128,0.000000,2.133205,0.001207,0.602427,2.239461,-0.001860,-0.003724,2.009642,0.000990,-0.000016,2.407897,0.001272,-0.002257
2.148000,2.289973,0.000295,0.593700,2.000000,0.000256,0.000000,0.000128,0.000000,2.160125,0.001198,0.602296,2.234781,-0.002093,-0.022146,2.038573,0.000996,-0.000022,2.402199,0.001520,0.004998
2.160000,2.313973,0.000298,0.593700,2.000000,0.000256,0.000000,0.000128,0.000000,2.186878,0.001207,0.602244,2.226608,-0.000778,-0.018825,2.067257,0.001001,-0.000028,2.392234,0.000980,0.004736
2.172000,2.337973,0.000301,0.593700,2.000000,0.000256,0.000000,0.000128,0.000000,2.213395,0.001199,0.602031,2.210196,-0.000785,-0.022937,2.095660,0.001008,-0.000021,2.372240,0.000805,0.005574
2.184000,2.361973,0.000304,0.593700,2.000000,0.000256,0.000000,0.000128,0.000000,2.239801,0.001218,0.601969,2.200912,-0.001066,-0.024297,2.123964,0.001012,-0.000031,2.370988,0.001120,0.007791
2.196000,2.385973,0.000308,0.593700,2.000000,0.000256,0.000000,0.000128,0.000000,2.266299,0.001204,0.601857,2.203797,-0.001823,0.004436,2.152240,0.001019,0.000003,2.346333,0.001256,-0.005768
2.208000,2.409973,0.000311,0.593700,2.000000,0.000256,0.000000,0.000128,0.000000,2.292488,0.001186,0.601664,2.182144,-0.002058,-0.006214,2.180117,0.001027,-0.000000,2.324594,0.000948,-0.001392
2.220000,2.433973,0.000314,0.593700,2.000000,0.000256,0.000000,0.000128,0.000000,2.318512,0.001203,0.601540,2.167630,0.000347,0.001611,2.207850,0.001031,0.000004,2.313715,0.000157,-0.004109
2.232000,2.457973,0.000317,0.593700,2.000000,0.000256,0.000000,0.000128,0.000000,2.344638,0.001236,0.601299,2.170880,0.001674,-0.009367,2.235621,0.001035,0.000006,2.304961,0.000404,0.000118
2.244000,2.481973,0.000320,0.593700,2.000000,0.000257,0.000000,0.000128,0.000000,2.370538,0.001211,0.601144,2.155741,-0.005168,-0.004591,2.263026,0.001037,0.000010,2.279472,0.003483,-0.001205
2.256000,2.505973,0.000323,0.593700,2.000000,0.000257,0.000000,0.000128,0.000000,2.396345,0.001220,0.601252,2.146436,-0.001953,0.003037,2.290306,0.001044,-0.000006,2.271495,0.001498,-0.001836
2.268000,2.529973,0.000326,0.593700,2.000000,0.000257,0.000000,0.000128,0.000000,2.422083,0.001220,0.600912,2.140798,-0.001992,-0.011536,2.317434,0.001051,0.000010,2.252995,0.001299,0.001078
2.280000,2.553973,0.000329,0.593700,2.000000,0.000257,0.000000,0.000128,0.000000,2.447677,0.001214,0.600940,2.130364,-0.001787,-0.011789,2.344388,0.001059,-0.000007,2.247074,0.001212,0.003516
2.292000,2.577973,0.000332,0.593700,2.000000,0.000257,0.000000,0.000128,0.000000,2.473169,0.001201,0.600839,2.123089,-0.000323,-0.002469,2.371247,0.001065,0.000011,2.237137,0.000211,-0.001981
2.304000,2.601973,0.000335,0.593700,2.000000,0.000257,0.000000,0.000128,0.000000,2.498596,0.001174,0.600702,2.117692,-0.000617,0.003466,2.397987,0.001072,0.000020,2.223820,0.000377,-0.004973
2.316000,2.625973,0.000338,0.593700,2.000000,0.000256,0.000000,0.000128,0.000000,2.523908,0.001145,0.600801,2.107250,-0.001810,0.002822,2.424592,0.001077,0.000004,2.216225,0.000771,-0.002660
2.326000,2.645973,0.000341,0.593700,2.000000,0.000256,0.000000,0.000128,0.000000,2.544936,0.001143,0.600727,2.102051,-0.000339,0.004635,2.446693,0.001082,0.000007,2.208662,0.000150,-0.004038
2.338000,2.669973,0.000344,0.593700,2.000000,0.000256,0.000000,0.000128,0.000000,2.570091,0.001135,0.600741,2.095172,-0.000271,-0.008522,2.473172,0.001087,-0.000009,2.206888,0.000240,0.002061
2.350000,2.693973,0.000347,0.593700,2.000000,0.000256,0.000000,0.000128,0.000000,2.595188,0.001130,0.600667,2.090634,0.001018,-0.006684,2.499557,0.001092,-0.000009,2.198109,-0.000062,0.001385
2.362000,2.717973,0.000350,0.593700,2.000000,0.000256,0.000000,0.000128,0.000000,2.620236,0.001127,0.600658,2.086659,0.000012,-0.016043,2.525873,0.001096,-0.000016,2.192605,0.000518,0.005230
2.374000,2.741973,0.000353,0.593700,2.000000,0.000256,0.000000,0.000128,0.000000,2.645254,0.001124,0.600776,2.082915,-0.000586,0.007148,2.552084,0.001100,-0.000016,2.184517,0.000874,-0.002701
2.386000,2.765973,0.000356,0.593700,1.999999,0.000257,0.000000,0.000128,0.000000,2.670248,0.001105,0.600594,2.082542,-0.003747,0.004562,2.578222,0.001103,0.000001,2.173927,0.002154,-0.004164
2.398000,2.789973,0.000359,0.593700,1.999998,0.000257,0.000000,0.000128,0.000000,2.695217,0.001126,0.600638,2.079053,0.001592,-0.005798,2.604259,0.001112,-0.000016,2.168626,-0.000358,0.001680
2.410000,2.813973,0.000362,0.593700,1.999999,0.000256,0.000000,0.000128,0.000000,2.720137,0.001140,0.600738,2.075623,0.002088,0.011005,2.630228,0.001118,-0.000009,2.163064,-0.000582,-0.005287
2.422000,2.837973,0.000365,0.593700,1.999998,0.000258,0.000000,0.000128,0.000000,2.745055,0.001108,0.600656,2.074034,-0.000435,-0.002548,2.656153,0.001120,-0.000017,2.158751,0.000248,-0.000047
2.434000,2.861973,0.000369,0.593700,1.999998,0.000257,0.000000,0.000128,0.000000,2.769951,0.001133,0.600567,2.073152,-0.000056,-0.001725,2.682003,0.001123,-0.000012,2.151123,0.000732,-0.000788
2.446000,2.885973,0.000372,0.593700,1.999999,0.000256,0.000000,0.000128,0.000000,2.794812,0.001137,0.600598,2.071364,-0.000677,0.013588,2.707745,0.001126,0.000001,2.141693,0.001201,-0.007392
2.458000,2.909973,0.000375,0.593700,1.999999,0.000256,0.000000,0.000128,0.000000,2.819639,0.001155,0.600533,2.067241,0.002646,-0.002542,2.733423,0.001135,-0.000008,2.138079,-0.000806,-0.000676
2.470000,2.933973,0.000378,0.593700,1.999998,0.000257,0.000000,0.000128,0.000000,2.844436,0.001145,0.600283,2.065102,0.000589,-0.017570,2.759016,0.001137,-0.000003,2.129296,-0.000082,0.003818
2.482000,2.957973,0.000381,0.593700,2.000000,0.000256,0.000000,0.000128,0.000000,2.869182,0.001162,0.600438,2.060610,0.001570,-0.003842,2.784527,0.001141,-0.000012,2.126875,-0.000302,0.000462
2.494000,2.981973,0.000384,0.593700,2.000000,0.000256,0.000000,0.000128,0.000000,2.893907,0.001148,0.600322,2.058994,-0.000143,-0.002656,2.810002,0.001145,-0.000003,2.120733,0.000539,-0.000883
2.506000,3.005973,0.000387,0.593700,2.000000,0.000256,0.000000,0.000128,0.000000,2.918616,0.001154,0.600040,2.058178,-0.000053,-0.016498,2.835376,0.001150,0.000011,2.110399,0.000442,0.002452
2.518000,3.029973,0.000390,0.593700,2.000000,0.000256,0.000000,0.000128,0.000000,2.943270,0.001163,0.600167,2.052501,0.000197,0.007789,2.860595,0.001154,-0.000003,2.101531,0.000270,-0.003238
2.530000,3.053973,0.000393,0.593700,2.000000,0.000256,0.000000,0.000128,0.000000,2.967882,0.001167,0.600036,2.050300,0.001529,-0.001923,2.885795,0.001160,0.000004,2.097169,-0.000342,-0.000975
2.542000,3.077973,0.000396,0.593700,1.999999,0.000257,0.000000,0.000128,0.000000,2.992417,0.001181,0.599881,2.044562,0.000550,-0.002990,2.910896,0.001163,0.000016,2.090199,0.000662,-0.001693
2.554000,3.101973,0.000399,0.593700,2.000000,0.000256,0.000000,0.000128,0.000000,3.016922,0.001152,0.599817,2.040564,-0.001695,-0.009306,2.935937,0.001169,0.000001,2.086089,0.000900,0.002771
2.566000,3.125973,0.000402,0.593700,1.999999,0.000257,0.000000,0.000128,0.000000,3.041361,0.001170,0.599822,2.036144,0.000554,-0.006318,2.960946,0.001174,0.000004,2.084094,0.000178,0.001106
2.576000,3.145973,0.000405,0.593700,1.999999,0.000257,0.000000,0.000128,0.000000,3.061681,0.001164,0.599844,2.032282,-0.000989,0.003460,2.981748,0.001178,0.000002,2.080950,0.000973,-0.001803
2.588000,3.169973,0.000408,0.593700,2.000000,0.000256,0.000000,0.000128,0.000000,3.086053,0.001144,0.599692,2.031748,-0.002991,-0.003935,3.006665,0.001183,0.000009,2.073620,0.001545,-0.000158
2.600000,3.193973,0.000411,0.593700,1.999999,0.000257,0.000000,0.000128,0.000000,3.110379,0.001155,0.599538,2.028764,-0.000307,-0.005932,3.031468,0.001190,0.000013,2.065275,0.000551,0.000365
2.612000,3.217973,0.000414,0.593700,1.999999,0.000257,0.000000,0.000128,0.000000,3.134729,0.001149,0.599457,2.030071,-0.000716,0.001393,3.056210,0.001195,0.000022,2.060339,0.000749,-0.002723
2.624000,3.241973,0.000417,0.593700,2.000000,0.000256,0.000000,0.000128,0.000000,3.158999,0.001133,0.599602,2.022461,-0.000550,0.005236,3.080832,0.001200,0.000003,2.052901,0.000227,-0.001564
2.636000,3.265973,0.000420,0.593700,2.000000,0.000256,0.000000,0.000128,0.000000,3.183204,0.001126,0.599571,2.018674,-0.000197,0.008897,3.105467,0.001205,0.000014,2.052677,0.000266,-0.004849
2.648000,3.289973,0.000423,0.593700,2.000000,0.000256,0.000000,0.000128,0.000000,3.207390,0.001122,0.599650,2.016097,-0.000537,0.000267,3.130140,0.001209,-0.000002,2.057462,0.000543,-0.000177
2.660000,3.313973,0.000427,0.593700,2.000000,0.000256,0.000000,0.000128,0.000000,3.231581,0.001119,0.599464,2.017659,-0.000476,-0.015454,3.154816,0.001214,0.000002,2.055156,0.000669,0.004152
2.672000,3.337973,0.000430,0.593700,2.000000,0.000256,0.000000,0.000128,0.000000,3.255772,0.001129,0.599504,2.017215,0.001072,0.002072,3.179399,0.001220,0.000004,2.049045,-0.000167,-0.001504
2.684000,3.361973,0.000433,0.593700,2.000000,0.000256,0.000000,0.000128,0.000000,3.279957,0.001121,0.599541,2.016498,-0.000299,0.006921,3.203962,0.001224,0.000005,2.046767,0.000609,-0.003219
2.696000,3.385973,0.000436,0.593700,2.000000,0.000256,0.000000,0.000128,0.000000,3.304144,0.001123,0.599638,2.015995,-0.000515,-0.007331,3.228554,0.001228,-0.000014,2.050689,0.000816,0.003238
2.708000,3.409973,0.000439,0.593700,2.000000,0.000256,0.000000,0.000128,0.000000,3.328355,0.001133,0.599685,2.018043,0.001240,0.009250,3.253128,0.001235,-0.000005,2.047448,-0.000263,-0.003883
2.720000,3.433973,0.000442,0.593700,2.000000,0.000256,0.000000,0.000128,0.000000,3.352584,0.001127,0.599576,2.020064,-0.000268,0.006886,3.277667,0.001238,0.000006,2.042268,0.000604,-0.004273
2.732000,3.457973,0.000445,0.593700,1.999999,0.000258,0.000000,0.000128,0.000000,3.376840,0.001098,0.599658,2.020621,-0.001277,-0.002593,3.302178,0.001243,-0.000013,2.042164,0.000413,0.001479
2.744000,3.481973,0.000448,0.593700,2.000000,0.000257,0.000000,0.000128,0.000000,3.401092,0.001109,0.599662,2.021001,-0.000002,0.006172,3.326677,0.001246,0.000003,2.040448,0.000332,-0.004048
2.756000,3.505973,0.000451,0.593700,1.999998,0.000257,0.000000,0.000128,0.000000,3.425355,0.001131,0.599634,2.020690,0.003544,-0.013456,3.351180,0.001253,-0.000017,2.042586,-0.001273,0.005289
2.768000,3.529973,0.000454,0.593700,1.999999,0.000257,0.000000,0.000128,0.000000,3.449621,0.001134,0.599678,2.020868,-0.000601,-0.002309,3.375667,0.001251,-0.000016,2.041307,0.001145,0.001307
2.780000,3.553973,0.000457,0.593700,2.000000,0.000256,0.000000,0.000128,0.000000,3.473891,0.001150,0.599722,2.021697,0.001179,0.005077,3.400163,0.001257,-0.000004,2.040397,0.000105,-0.002970
2.792000,3.577973,0.000460,0.593700,1.999999,0.000257,0.000000,0.000128,0.000000,3.498191,0.001151,0.599728,2.022216,0.001606,-0.011008,3.424650,0.001263,-0.000025,2.040919,-0.000446,0.005496
2.804000,3.601973,0.000463,0.593700,1.999999,0.000256,0.000000,0.000128,0.000000,3.522477,0.001177,0.599664,2.022012,0.001245,-0.014784,3.449113,0.001264,-0.000020,2.038701,0.000262,0.005785
2.816000,3.625973,0.000467,0.593700,1.999999,0.000256,0.000000,0.000128,0.000000,3.546750,0.001181,0.599677,2.021990,0.000512,0.014505,3.473526,0.001268,0.000005,2.032537,0.000372,-0.007021
2.826000,3.645973,0.000469,0.593700,2.000000,0.000256,0.000000,0.000128,0.000000,3.566995,0.001190,0.599622,2.024352,0.002389,0.011283,3.493882,0.001272,0.000002,2.034747,-0.000946,-0.005162
2.838000,3.669973,0.000472,0.593700,2.000000,0.000256,0.000000,0.000128,0.000000,3.591255,0.001193,0.599613,2.022074,0.001771,0.014165,3.518250,0.001275,0.000009,2.028957,-0.000382,-0.006860
2.850000,3.693973,0.000475,0.593700,2.000000,0.000256,0.000000,0.000128,0.000000,3.615472,0.001184,0.599519,2.016911,-0.000704,-0.006639,3.542600,0.001278,-0.000003,2.029254,0.000804,0.001950
2.862000,3.717973,0.000478,0.593700,2.000000,0.000256,0.000000,0.000128,0.000000,3.639678,0.001181,0.599318,2.016393,-0.000902,-0.014331,3.566919,0.001284,-0.000001,2.025136,0.000662,0.004542
2.874000,3.741973,0.000481,0.593700,2.000000,0.000256,0.000000,0.000128,0.000000,3.663885,0.001199,0.599384,2.016069,0.000175,0.008696,3.591173,0.001286,0.000010,2.018680,0.000967,-0.003998
2.886000,3.765973,0.000484,0.593700,2.000000,0.000256,0.000000,0.000128,0.000000,3.688069,0.001167,0.599294,2.014758,-0.002168,-0.005840,3.615387,0.001293,0.000002,2.016519,0.001247,0.002128
2.898000,3.789973,0.000488,0.593700,1.999999,0.000257,0.000000,0.000128,0.000000,3.712219,0.001191,0.599322,2.011053,-0.000254,-0.001609,3.639542,0.001298,-0.000002,2.013636,0.000717,0.000971
2.910000,3.813973,0.000491,0.593700,1.999999,0.000257,0.000000,0.000128,0.000000,3.736265,0.001177,0.599195,2.004312,-0.000844,-0.003517,3.663673,0.001303,0.000011,2.012189,0.000896,0.000205
2.922000,3.837973,0.000494,0.593700,1.999999,0.000257,0.000000,0.000128,0.000000,3.760315,0.001170,0.599312,2.002198,-0.000902,-0.001757,3.687870,0.001308,-0.000002,2.017112,0.000624,0.001015
2.934000,3.861973,0.000497,0.593700,1.999999,0.000257,0.000000,0.000128,0.000000,3.784328,0.001175,0.599205,2.002063,-0.000810,-0.003925,3.712064,0.001313,0.000005,2.015743,0.000738,0.000632
2.946000,3.885973,0.000500,0.593700,2.000000,0.000256,0.000000,0.000128,0.000000,3.808380,0.001143,0.599100,2.005475,-0.004068,-0.001569,3.736248,0.001315,0.000011,2.014169,0.002254,-0.000237
2.958000,3.909973,0.000503,0.593700,2.000000,0.000256,0.000000,0.000128,0.000000,3.832410,0.001144,0.599090,2.003115,-0.001468,-0.006077,3.760363,0.001323,0.000002,2.010332,0.000744,0.002578
2.970000,3.933973,0.000506,0.593700,1.999999,0.000257,0.000000,0.000128,0.000000,3.856387,0.001152,0.599122,1.998228,-0.000125,-0.000226,3.784447,0.001327,0.000005,2.008262,0.000324,0.000080
2.982000,3.957973,0.000509,0.593700,1.999999,0.000257,0.000000,0.000128,0.000000,3.880350,0.001152,0.598998,1.997249,0.001752,-0.011089,3.808549,0.001335,0.000005,2.008032,-0.000822,0.003844
2.994000,3.981973,0.000512,0.593700,2.000000,0.000256,0.000000,0.000128,0.000000,3.904323,0.001127,0.599138,1.996707,-0.000970,0.002992,3.832646,0.001336,-0.000001,2.007987,0.000691,-0.000241
3.006000,4.005973,0.000515,0.593700,2.000000,0.000256,0.000000,0.000128,0.000000,3.928256,0.001132,0.599124,1.996558,0.000239,0.013782,3.856720,0.001341,0.000016,2.005475,0.000120,-0.006499
3.018000,4.029973,0.000518,0.593700,2.000000,0.000256,0.000000,0.000128,0.000000,3.952189,0.001133,0.599159,1.995513,0.000518,-0.006178,3.880829,0.001345,-0.000007,2.010911,0.000124,0.003157
3.030000,4.053973,0.000521,0.593700,2.000000,0.000256,0.000000,0.000128,0.000000,3.976150,0.001133,0.599176,1.998123,-0.000164,0.003699,3.904946,0.001348,-0.000002,2.009700,0.000436,-0.001143
3.042000,4.077973,0.000525,0.593700,2.000000,0.000256,0.000000,0.000128,0.000000,4.000122,0.001139,0.599235,1.999183,0.000383,0.002353,3.929084,0.001352,-0.000001,2.011789,0.000194,-0.001230
3.054000,4.101973,0.000528,0.593700,2.000000,0.000256,0.000000,0.000128,0.000000,4.024128,0.001136,0.599246,2.001072,-0.000113,0.004513,3.953209,0.001356,-0.000004,2.010566,0.000501,-0.001455
3.066000,4.125973,0.000531,0.593700,2.000000,0.000256,0.000000,0.000128,0.000000,4.048159,0.001143,0.599239,2.003275,0.000702,-0.010184,3.977355,0.001359,-0.000013,2.012244,0.000133,0.004249
3.078000,4.149973,0.000534,0.593700,1.999999,0.000257,0.000000,0.000128,0.000000,4.072222,0.001122,0.599367,2.005168,-0.000885,0.009383,4.001472,0.001363,-0.000007,2.009663,0.000647,-0.002928
3.088000,4.169973,0.000536,0.593700,1.999999,0.000257,0.000000,0.000128,0.000000,4.092293,0.001139,0.599279,2.006380,0.000975,-0.019397,4.021596,0.001366,-0.000021,2.012515,-0.000065,0.008037
3.100000,4.193972,0.000539,0.593700,1.999999,0.000257,0.000000,0.000128,0.000000,4.116382,0.001148,0.599485,2.006628,0.001809,0.016783,4.045707,0.001370,-0.000011,2.010575,-0.000510,-0.005117
3.112000,4.217972,0.000542,0.593700,1.999999,0.000257,0.000000,0.000128,0.000000,4.140509,0.001141,0.599358,2.010102,0.000397,-0.005515,4.069892,0.001371,-0.000009,2.013846,0.000265,0.001682
3.124000,4.241972,0.000546,0.593700,1.999999,0.000257,0.000000,0.000128,0.000000,4.164633,0.001152,0.599470,2.010204,-0.000268,0.020401,4.094027,0.001374,0.000005,2.010058,0.000661,-0.008734
3.136000,4.265972,0.000549,0.593700,1.999998,0.000256,0.000000,0.000128,0.000000,4.188762,0.001178,0.599346,2.010043,0.002783,-0.005592,4.118202,0.001380,-0.000006,2.013313,-0.000739,0.001711
3.148000,4.289972,0.000552,0.593700,1.999999,0.000257,0.000000,0.000128,0.000000,4.212911,0.001161,0.599478,2.010171,-0.000189,0.002780,4.142342,0.001382,-0.000017,2.012127,0.000439,0.000064
3.160000,4.313972,0.000555,0.593700,1.999999,0.000256,0.000000,0.000128,0.000000,4.237053,0.001177,0.599343,2.012394,0.000048,0.005707,4.166499,0.001384,0.000009,2.010196,0.000751,-0.004154
3.172000,4.337972,0.000558,0.593700,2.000000,0.000256,0.000000,0.000128,0.000000,4.261197,0.001192,0.599296,2.009992,0.000751,-0.022987,4.190630,0.001389,-0.000017,2.011844,0.000156,0.009092
3.184000,4.361972,0.000561,0.593700,2.000000,0.000256,0.000000,0.000128,0.000000,4.285355,0.001207,0.599299,2.011651,0.002529,-0.008192,4.214743,0.001398,-0.000012,2.009085,-0.001111,0.003791
3.196000,4.385972,0.000564,0.593700,2.000000,0.000256,0.000000,0.000128,0.000000,4.309471,0.001173,0.599344,2.008324,-0.000289,0.003039,4.238821,0.001399,-0.000001,2.007454,0.000305,-0.001240
3.208000,4.409972,0.000567,0.593700,2.000000,0.000256,0.000000,0.000128,0.000000,4.333582,0.001205,0.599178,2.008081,0.003731,-0.014061,4.262940,0.001404,0.000001,2.008736,-0.001369,0.004180
3.220000,4.433972,0.000570,0.593700,2.000000,0.000256,0.000000,0.000128,0.000000,4.357669,0.001191,0.599277,2.006363,0.001445,0.007461,4.287022,0.001406,0.000004,2.007393,-0.000579,-0.003052
3.232000,4.457972,0.000573,0.593700,2.000000,0.000256,0.000000,0.000128,0.000000,4.381749,0.001175,0.599075,2.006106,-0.003772,-0.007530,4.311123,0.001405,0.000011,2.005817,0.002442,0.001459
3.244000,4.481972,0.000576,0.593700,2.000000,0.000256,0.000000,0.000128,0.000000,4.405793,0.001175,0.599228,2.002217,-0.000948,0.003131,4.335175,0.001412,-0.000007,2.006362,0.000611,0.000192
3.256000,4.505972,0.000579,0.593700,2.000000,0.000256,0.000000,0.000128,0.000000,4.429813,0.001186,0.599092,2.002470,0.000595,0.013029,4.359249,0.001417,0.000024,2.003508,-0.000161,-0.007164
3.268000,4.529972,0.000582,0.593700,1.999999,0.000258,0.000000,0.000128,0.000000,4.453865,0.001207,0.599110,2.006789,0.002932,0.010903,4.383364,0.001421,0.000014,2.014474,-0.000850,-0.004720
3.280000,4.553972,0.000586,0.593700,1.999999,0.000257,0.000000,0.000128,0.000000,4.477790,0.001188,0.598954,1.999131,-0.001159,-0.015624,4.407367,0.001424,0.000006,2.001535,0.000707,0.005046
3.292000,4.577972,0.000589,0.593700,1.999998,0.000257,0.000000,0.000128,0.000000,4.501754,0.001170,0.599013,1.996991,-0.001043,0.003491,4.431345,0.001429,0.000013,1.998026,0.000465,-0.002246
3.304000,4.601972,0.000592,0.593700,1.999999,0.000257,0.000000,0.000128,0.000000,4.525694,0.001180,0.598938,1.995638,0.002716,0.001212,4.455305,0.001437,0.000012,1.996552,-0.001270,-0.000948
3.316000,4.625972,0.000595,0.593700,1.999999,0.000257,0.000000,0.000128,0.000000,4.549608,0.001172,0.598861,1.994200,0.000109,-0.008892,4.479269,0.001437,0.000006,1.997609,0.000196,0.003225
3.328000,4.649972,0.000598,0.593700,2.000000,0.000256,0.000000,0.000128,0.000000,4.573531,0.001158,0.598974,1.993633,0.000020,0.005914,4.503223,0.001441,0.000005,1.997351,0.000197,-0.001377
3.340000,4.673972,0.000601,0.593700,2.000000,0.000256,0.000000,0.000128,0.000000,4.597466,0.001158,0.598934,1.996306,-0.000763,-0.000464,4.527233,0.001443,0.000009,2.001840,0.000766,-0.000260
3.350000,4.693972,0.000604,0.593700,2.000000,0.000256,0.000000,0.000128,0.000000,4.617383,0.001163,0.599037,1.993506,0.000247,-0.001575,4.547218,0.001446,-0.000001,2.000117,0.000249,0.001255
3.362000,4.717972,0.000607,0.593700,2.000000,0.000256,0.000000,0.000128,0.000000,4.641292,0.001166,0.599009,1.993563,-0.000009,-0.000590,4.571203,0.001449,0.000002,1.999423,0.000461,0.000197
3.374000,4.741972,0.000610,0.593700,2.000000,0.000256,0.000000,0.000128,0.000000,4.665250,0.001165,0.599004,1.997284,-0.000685,-0.025192,4.595247,0.001454,-0.000016,2.003578,0.000641,0.010447
3.386000,4.765972,0.000613,0.593700,2.000000,0.000256,0.000000,0.000128,0.000000,4.689179,0.001163,0.599018,1.995606,0.000380,0.005915,4.619189,0.001459,0.000005,1.996083,0.000154,-0.002425
3.398000,4.789972,0.000616,0.593700,2.000000,0.000256,0.000000,0.000128,0.000000,4.713114,0.001172,0.599134,1.995253,0.002979,0.004194,4.643186,0.001463,-0.000004,2.001105,-0.001089,-0.000966
3.410000,4.813972,0.000619,0.593700,2.000000,0.000256,0.000000,0.000128,0.000000,4.737071,0.001181,0.599189,1.997717,0.001087,0.014697,4.667218,0.001464,0.000007,2.001838,0.000131,-0.006298
3.422000,4.837972,0.000622,0.593700,2.000000,0.000256,0.000000,0.000128,0.000000,4.761068,0.001190,0.599244,1.999774,0.002871,0.010481,4.691267,0.001470,-0.000003,2.003645,-0.001015,-0.003634
3.434000,4.861972,0.000625,0.593700,1.999999,0.000257,0.000000,0.000128,0.000000,4.785092,0.001180,0.599233,2.002985,-0.000283,0.003346,4.715335,0.001471,-0.000006,2.003802,0.000391,-0.001229
3.446000,4.885972,0.000628,0.593700,1.999999,0.000257,0.000000,0.000128,0.000000,4.809144,0.001179,0.599169,2.004319,-0.000168,0.001066,4.739385,0.001473,0.000006,2.002908,0.000564,-0.001708
3.458000,4.909972,0.000631,0.593700,1.999999,0.000256,0.000000,0.000128,0.000000,4.833217,0.001212,0.599222,2.005590,0.003073,-0.021989,4.763489,0.001478,-0.000017,2.010337,-0.000793,0.008611
3.470000,4.933972,0.000634,0.593700,1.999998,0.000257,0.000000,0.000128,0.000000,4.857304,0.001212,0.599288,2.007697,0.001706,0.013321,4.787558,0.001482,0.000004,2.004591,-0.000577,-0.005806
3.482000,4.957972,0.000637,0.593700,2.000000,0.000256,0.000000,0.000128,0.000000,4.881384,0.001227,0.599321,2.005984,0.001306,0.000161,4.811654,0.001484,-0.000006,2.008136,-0.000081,-0.000229
3.494000,4.981972,0.000640,0.593700,1.999999,0.000257,0.000000,0.000128,0.000000,4.905500,0.001213,0.599447,2.007904,0.000128,0.012492,4.835749,0.001487,-0.000013,2.007459,0.000121,-0.003527
3.506000,5.005972,0.000644,0.593700,2.000000,0.000256,0.000000,0.000128,0.000000,4.929616,0.001241,0.599471,2.009000,0.001482,0.015184,4.859876,0.001489,0.000002,2.008461,-0.000009,-0.006821
3.518000,5.029972,0.000647,0.593700,1.999999,0.000256,0.000000,0.000128,0.000000,4.953730,0.001257,0.599211,2.009624,0.002473,-0.004161,4.883997,0.001494,0.000004,2.007128,-0.000614,0.000128
3.530000,5.053972,0.000650,0.593700,2.000000,0.000256,0.000000,0.000128,0.000000,4.977854,0.001243,0.599251,2.008787,-0.000280,-0.004434,4.908047,0.001495,-0.000010,2.004303,0.000633,0.002259
3.542000,5.077972,0.000653,0.593700,2.000000,0.000256,0.000000,0.000128,0.000000,5.001968,0.001247,0.599310,2.007785,-0.001278,0.003234,4.932095,0.001498,-0.000003,2.004397,0.001080,-0.001000
3.554000,5.101972,0.000656,0.593700,2.000000,0.000256,0.000000,0.000128,0.000000,5.026088,0.001242,0.599227,2.007536,-0.000259,-0.001214,4.956136,0.001504,-0.000002,2.001819,0.000407,0.000484
3.566000,5.125972,0.000659,0.593700,2.000000,0.000256,0.000000,0.000128,0.000000,5.050173,0.001251,0.599207,2.006176,0.000635,-0.002870,4.980161,0.001508,-0.000001,2.001765,-0.000093,0.000990
3.578000,5.149972,0.000662,0.593700,2.000000,0.000256,0.000000,0.000128,0.000000,5.074227,0.001241,0.599156,2.003559,-0.002745,-0.000888,5.004176,0.001506,0.000005,2.000908,0.002116,-0.000089
3.590000,5.173972,0.000665,0.593700,2.000000,0.000256,0.000000,0.000128,0.000000,5.098266,0.001251,0.598977,2.002640,-0.000356,-0.018879,5.028209,0.001513,0.000008,2.001374,0.000607,0.005580
3.600000,5.193972,0.000668,0.593700,2.000000,0.000256,0.000000,0.000128,0.000000,5.118306,0.001264,0.599030,2.003456,0.001517,0.006677,5.048199,0.001517,0.000015,1.999193,-0.000316,-0.003210
3.612000,5.217972,0.000671,0.593700,2.000000,0.000257,0.000000,0.000128,0.000000,5.142287,0.001285,0.598990,1.998282,0.000514,-0.010385,5.072190,0.001517,0.000005,1.999684,0.000749,0.003496
3.624000,5.241972,0.000674,0.593700,1.999999,0.000257,0.000000,0.000128,0.000000,5.166268,0.001287,0.599072,1.999113,-0.000493,0.021404,5.096180,0.001522,0.000022,1.999174,0.000610,-0.009313
3.636000,5.265972,0.000677,0.593700,2.000000,0.000256,0.000000,0.000128,0.000000,5.190224,0.001264,0.598958,1.998708,-0.002799,-0.005456,5.120174,0.001524,0.000009,1.998971,0.001816,0.001496
3.648000,5.289972,0.000680,0.593700,1.999999,0.000257,0.000000,0.000128,0.000000,5.214180,0.001290,0.599003,1.994963,-0.000258,-0.000903,5.144088,0.001529,0.000001,1.992312,0.000686,0.000845
3.660000,5.313972,0.000683,0.593700,1.999999,0.000257,0.000000,0.000128,0.000000,5.238071,0.001294,0.598973,1.991246,0.000546,-0.006621,5.168001,0.001533,0.000001,1.995084,0.000196,0.002714
3.672000,5.337972,0.000686,0.593700,2.000000,0.000256,0.000000,0.000128,0.000000,5.261974,0.001266,0.598844,1.992295,-0.002670,-0.010953,5.191941,0.001538,0.000004,1.994237,0.001442,0.004124
3.684000,5.361972,0.000689,0.593700,2.000000,0.000256,0.000000,0.000128,0.000000,5.285881,0.001264,0.598909,1.992227,-0.000887,-0.007540,5.215880,0.001544,-0.000002,1.995734,0.000383,0.003818
3.696000,5.385972,0.000692,0.593700,2.000000,0.000256,0.000000,0.000128,0.000000,5.309775,0.001263,0.598942,1.991590,0.000078,0.006896,5.239816,0.001548,0.000012,1.993724,0.000145,-0.003097
3.708000,5.409972,0.000695,0.593700,2.000000,0.000256,0.000000,0.000128,0.000000,5.333645,0.001263,0.598901,1.990573,0.000469,-0.006442,5.263726,0.001552,-0.000002,1.993628,0.000121,0.003223
3.720000,5.433972,0.000698,0.593700,2.000000,0.000256,0.000000,0.000128,0.000000,5.357515,0.001269,0.599043,1.990474,0.000685,0.001422,5.287671,0.001556,-0.000003,1.997539,0.000006,0.000324
3.732000,5.457972,0.000701,0.593700,2.000000,0.000256,0.000000,0.000128,0.000000,5.381402,0.001268,0.599062,1.991943,0.000473,0.003224,5.311663,0.001559,0.000001,1.999951,0.000200,-0.001128
3.744000,5.481972,0.000705,0.593700,2.000000,0.000256,0.000000,0.000128,0.000000,5.405319,0.001269,0.599070,1.994458,-0.000246,-0.005819,5.335698,0.001562,-0.000004,2.003047,0.000646,0.002021
3.756000,5.505972,0.000708,0.593700,2.000000,0.000256,0.000000,0.000128,0.000000,5.429261,0.001277,0.599176,1.996639,0.000562,0.016091,5.359718,0.001567,0.000006,2.001243,0.000139,-0.006641
3.768000,5.529972,0.000711,0.593700,1.999999,0.000257,0.000000,0.000128,0.000000,5.453244,0.001265,0.599088,1.999501,0.000869,-0.004082,5.383759,0.001572,-0.000003,2.001839,-0.000327,0.001395
3.780000,5.553972,0.000714,0.593700,1.999999,0.000257,0.000000,0.000128,0.000000,5.477251,0.001255,0.599232,2.000355,-0.000452,0.007963,5.407761,0.001573,-0.000010,2.000786,0.000440,-0.001929
3.792000,5.577972,0.000717,0.593700,2.000000,0.000256,0.000000,0.000128,0.000000,5.501267,0.001292,0.599290,2.001264,0.002770,0.005696,5.431791,0.001577,-0.000006,2.002569,-0.000532,-0.002116
3.804000,5.601972,0.000720,0.593700,2.000000,0.000256,0.000000,0.000128,0.000000,5.525295,0.001298,0.599294,2.002214,0.000899,0.007600,5.455838,0.001579,-0.000012,2.004210,0.000394,-0.001986
3.816000,5.625972,0.000723,0.593700,1.999999,0.000258,0.000000,0.000128,0.000000,5.549386,0.001282,0.599203,2.007072,0.000080,0.002404,5.479904,0.001585,-0.000000,2.002395,-0.000156,-0.001607
3.828000,5.649972,0.000726,0.593700,1.999999,0.000257,0.000000,0.000128,0.000000,5.573480,0.001291,0.599214,2.007413,0.000287,-0.000002,5.503952,0.001585,-0.000002,2.003629,0.000441,-0.000167
3.840000,5.673972,0.000729,0.593700,1.999999,0.000256,0.000000,0.000128,0.000000,5.597574,0.001312,0.599390,2.006315,0.000749,0.004064,5.528003,0.001589,-0.000016,2.005433,0.000388,-0.000188
3.850000,5.693972,0.000732,0.593700,1.999998,0.000256,0.000000,0.000128,0.000000,5.617657,0.001323,0.599425,2.006477,0.002196,0.001517,5.548084,0.001593,-0.000013,2.008060,-0.000527,0.000133
3.862000,5.717972,0.000735,0.593700,2.000000,0.000256,0.000000,0.000128,0.000000,5.641748,0.001324,0.599368,2.006551,0.000234,-0.009050,5.572213,0.001595,-0.000014,2.011272,0.000559,0.003042
3.874000,5.741972,0.000738,0.593700,2.000000,0.000256,0.000000,0.000128,0.000000,5.665886,0.001335,0.599452,2.010398,0.002458,0.027337,5.596323,0.001601,0.000008,2.006728,-0.000767,-0.011489
3.886000,5.765972,0.000741,0.593700,1.999999,0.000256,0.000000,0.000128,0.000000,5.690003,0.001363,0.599086,2.010255,0.003981,-0.006396,5.620396,0.001604,0.000009,2.002889,-0.001260,0.000687
3.898000,5.789972,0.000744,0.593700,2.000000,0.000256,0.000000,0.000128,0.000000,5.714115,0.001355,0.599225,2.007864,-0.000124,0.002782,5.644392,0.001603,-0.000011,2.000216,0.000577,0.000675
3.910000,5.813972,0.000747,0.593700,2.000000,0.000256,0.000000,0.000128,0.000000,5.738184,0.001356,0.599297,2.004235,-0.000055,-0.001418,5.668410,0.001608,-0.000004,2.003139,0.000447,0.000853
3.922000,5.837972,0.000750,0.593700,2.000000,0.000256,0.000000,0.000128,0.000000,5.762249,0.001351,0.599176,2.004032,-0.000534,-0.006796,5.692460,0.001612,0.000000,2.004005,0.000620,0.001967
3.934000,5.861972,0.000753,0.593700,2.000000,0.000256,0.000000,0.000128,0.000000,5.786299,0.001352,0.599052,2.003289,-0.000558,-0.024321,5.716523,0.001616,-0.000008,2.005788,0.000542,0.009067
3.946000,5.885972,0.000756,0.593700,2.000000,0.000256,0.000000,0.000128,0.000000,5.810327,0.001350,0.599023,2.002117,0.000253,0.003130,5.740516,0.001620,0.000012,1.999134,0.000306,-0.001701
3.958000,5.909972,0.000759,0.593700,2.000000,0.000256,0.000000,0.000128,0.000000,5.834364,0.001354,0.598999,2.001096,-0.000734,-0.008751,5.764518,0.001622,0.000005,1.998482,0.000899,0.002983
3.970000,5.933972,0.000763,0.593700,1.999999,0.000257,0.000000,0.000128,0.000000,5.858345,0.001381,0.598988,2.000236,0.000884,0.017699,5.788484,0.001629,0.000030,1.996398,0.000081,-0.008987
3.982000,5.957972,0.000766,0.593700,1.999999,0.000257,0.000000,0.000128,0.000000,5.882343,0.001369,0.599009,2.000745,-0.000129,0.006421,5.812483,0.001634,0.000006,1.999960,0.000445,-0.001624
3.994000,5.981972,0.000769,0.593700,2.000000,0.000256,0.000000,0.000128,0.000000,5.906309,0.001345,0.598995,1.997528,-0.001619,-0.011185,5.836419,0.001637,-0.000002,1.994468,0.000773,0.004773
4.004000,5.993972,0.000770,0.593700,-2.000000,-0.000257,0.000000,0.000128,0.000000,5.926181,0.001366,0.598939,1.998887,0.001278,0.008279,5.856312,0.001641,0.000007,1.994326,-0.000040,0.000885
4.016000,5.969972,0.000767,0.593700,-1.999987,-0.000257,0.000000,0.000128,0.000000,5.949661,0.001373,0.600007,2.234779,0.001933,0.103342,5.872484,0.001643,-0.000040,1.084255,0.000248,0.001574
4.028000,5.945972,0.000764,0.593700,-1.999987,-0.000258,0.000000,0.000128,0.000000,5.975618,0.001404,0.601396,2.313645,0.002923,0.150184,5.876408,0.001642,-0.000057,0.184145,0.000005,0.004401
4.040000,5.921972,0.000761,0.593700,-2.000000,-0.000256,0.000000,0.000128,0.000000,6.002818,0.001433,0.603412,2.296864,0.003315,0.208678,5.874087,0.001639,-0.000083,-0.259336,-0.000205,0.005436
4.052000,5.897972,0.000758,0.593700,-1.999987,-0.000254,0.000000,0.000128,0.000000,6.028470,0.001502,0.606221,2.160607,0.004695,0.230693,5.868656,0.001632,-0.000114,-0.402148,-0.000433,0.001340
4.064000,5.873973,0.000755,0.593700,-1.999982,-0.000253,0.000000,0.000128,0.000000,6.054393,0.001551,0.609084,2.116277,0.004413,0.237525,5.863965,0.001626,-0.000141,-0.392864,-0.000380,-0.000621
4.076000,5.849973,0.000752,0.593700,-1.999976,-0.000253,0.000000,0.000128,0.000000,6.079893,0.001604,0.612209,2.065491,0.004754,0.262947,5.859841,0.001620,-0.000180,-0.334783,-0.000493,-0.000448
4.088000,5.825973,0.000749,0.593700,-1.999970,-0.000252,0.000000,0.000128,0.000000,6.104934,0.001664,0.615543,2.017636,0.005465,0.280445,5.856839,0.001613,-0.000213,-0.238754,-0.000613,0.002511
4.100000,5.801974,0.000746,0.593700,-1.999963,-0.000252,0.000000,0.000128,0.000000,6.129367,0.001733,0.619112,1.966122,0.006712,0.301497,5.855068,0.001605,-0.000239,-0.130922,-0.000765,0.001969
4.110000,5.781974,0.000743,0.593700,-1.999963,-0.000252,0.000000,0.000128,0.000000,6.149052,0.001804,0.622189,1.920851,0.008134,0.284559,5.855158,0.001596,-0.000258,0.046781,-0.001014,0.001156
4.122000,5.757974,0.000740,0.593700,-1.999966,-0.000252,0.000000,0.000128,0.000000,6.172329,0.001915,0.625384,1.886170,0.009879,0.232449,5.857971,0.001582,-0.000278,0.279641,-0.001254,0.006067
4.134000,5.733975,0.000737,0.593700,-1.999898,-0.000251,0.000000,0.000128,0.000000,6.191152,0.002030,0.625593,1.449210,0.010557,-0.085364,5.862887,0.001568,-0.000224,0.509077,-0.001880,0.054408
4.146000,5.709979,0.000734,0.593700,-1.999439,-0.000247,0.000000,0.000128,0.000000,6.206558,0.002111,0.623254,1.283050,0.008340,-0.126032,5.868217,0.001552,-0.000007,0.443802,-0.000881,0.023439
4.158000,5.685990,0.000731,0.593700,-1.998676,-0.000237,0.000000,0.000128,0.000000,6.220782,0.002221,0.621896,1.160447,0.010067,-0.039127,5.873394,0.001538,0.000048,0.459213,-0.001440,0.005556
4.170000,5.662011,0.000728,0.593700,-1.997634,-0.000231,0.000000,0.000128,0.000000,6.233834,0.002351,0.622022,1.057344,0.011463,0.059671,5.879611,0.001518,0.000031,0.552461,-0.001759,0.000434
4.182000,5.638047,0.000726,0.593700,-1.996361,-0.000219,0.000000,0.000128,0.000000,6.246042,0.002492,0.622931,0.992693,0.012040,0.090537,5.887014,0.001497,0.000017,0.640874,-0.001877,-0.001744
4.194000,5.614100,0.000723,0.593700,-1.994889,-0.000211,0.000000,0.000128,0.000000,6.257639,0.002639,0.624333,0.945750,0.012282,0.103919,5.895452,0.001473,-0.000009,0.722841,-0.001990,-0.004524
4.206000,5.590170,0.000721,0.593700,-1.993330,-0.000197,0.000000,0.000128,0.000000,6.268761,0.002786,0.625867,0.911204,0.012273,0.104701,5.904664,0.001449,-0.000036,0.781938,-0.002035,-0.006436
4.218000,5.566260,0.000718,0.593700,-1.991717,-0.000190,0.000000,0.000128,0.000000,6.279482,0.002932,0.627442,0.881534,0.012451,0.103342,5.914405,0.001423,-0.000063,0.823705,-0.002253,-0.008798
4.230000,5.542369,0.000716,0.593700,-1.990149,-0.000172,0.000000,0.000128,0.000000,6.289840,0.003078,0.628935,0.854516,0.012140,0.096024,5.924523,0.001397,-0.000088,0.852427,-0.002151,-0.009654
4.242000,5.518492,0.000714,0.593700,-1.989512,-0.000175,0.000000,0.000128,0.000000,6.299842,0.003217,0.630339,0.828894,0.011423,0.085665,5.934915,0.001370,-0.000114,0.875480,-0.002043,-0.008989
4.254000,5.494620,0.000712,0.593700,-1.989198,-0.000194,0.000000,0.000128,0.000000,6.309537,0.003350,0.631762,0.806228,0.011138,0.084996,5.945574,0.001343,-0.000140,0.897712,-0.002241,-0.010749
4.266000,5.470750,0.000710,0.593700,-1.989035,-0.000197,0.000000,0.000128,0.000000,6.319004,0.003483,0.633040,0.788810,0.011095,0.071182,5.956442,0.001316,-0.000162,0.910132,-0.002339,-0.008292
4.278000,5.446882,0.000707,0.593700,-1.989022,-0.000183,0.000000,0.000128,0.000000,6.328236,0.003617,0.634318,0.769544,0.011385,0.067663,5.967372,0.001288,-0.000183,0.915189,-0.002564,-0.008735
4.290000,5.423013,0.000705,0.593700,-1.989159,-0.000174,0.000000,0.000128,0.000000,6.337229,0.003747,0.635475,0.749357,0.010720,0.061669,5.978328,0.001261,-0.000196,0.915695,-0.002296,-0.009195
4.302000,5.399142,0.000703,0.593700,-1.989391,-0.000204,0.000000,0.000128,0.000000,6.345957,0.003861,0.636621,0.726570,0.009618,0.058637,5.989288,0.001235,-0.000212,0.917289,-0.002140,-0.009691
4.314000,5.375267,0.000700,0.593700,-1.989741,-0.000213,0.000000,0.000128,0.000000,6.354413,0.003974,0.637670,0.703542,0.009275,0.056893,6.000247,0.001210,-0.000221,0.917049,-0.002176,-0.011265
4.326000,5.351388,0.000698,0.593700,-1.990177,-0.000213,0.000000,0.000128,0.000000,6.362576,0.004081,0.638630,0.678531,0.009007,0.051818,6.011167,0.001185,-0.000234,0.914574,-0.002230,-0.010690
4.338000,5.327503,0.000695,0.593700,-1.990686,-0.000200,0.000000,0.000128,0.000000,6.370430,0.004180,0.639521,0.652250,0.007638,0.043327,6.022095,0.001160,-0.000245,0.915488,-0.001793,-0.008803
4.350000,5.303611,0.000693,0.593700,-1.991263,-0.000208,0.000000,0.000128,0.000000,6.377964,0.004270,0.640281,0.625875,0.007193,0.032282,6.033018,0.001137,-0.000250,0.912668,-0.001928,-0.006734
4.362000,5.279712,0.000690,0.593700,-1.991930,-0.000208,0.000000,0.000128,0.000000,6.385154,0.004350,0.640841,0.596596,0.006264,0.016028,6.043875,0.001113,-0.000246,0.906756,-0.001850,-0.003735
4.374000,5.255805,0.000688,0.593700,-1.992590,-0.000216,0.000000,0.000128,0.000000,6.391901,0.004409,0.641588,0.558870,0.004109,0.027338,6.054686,0.001091,-0.000254,0.908230,-0.001349,-0.007220
4.384000,5.235876,0.000686,0.593700,-1.993198,-0.000194,0.000000,0.000128,0.000000,6.397280,0.004456,0.641961,0.535845,0.004935,0.013053,6.063748,0.001073,-0.000246,0.907628,-0.002221,-0.004680
4.396000,5.211953,0.000683,0.593700,-1.993898,-0.000202,0.000000,0.000128,0.000000,6.403354,0.004504,0.642531,0.500807,0.003968,0.014022,6.074627,0.001048,-0.000251,0.912471,-0.002079,-0.004995
4.408000,5.188022,0.000681,0.593700,-1.994620,-0.000205,0.000000,0.000128,0.000000,6.409015,0.004548,0.642973,0.466432,0.003458,0.012823,6.085551,0.001022,-0.000242,0.913546,-0.002212,-0.006448
4.420000,5.164083,0.000678,0.593700,-1.995324,-0.000205,0.000000,0.000128,0.000000,6.414246,0.004585,0.643357,0.430318,0.002887,0.015489,6.096420,0.000995,-0.000235,0.909316,-0.002321,-0.008688
4.432000,5.140135,0.000676,0.593700,-1.995996,-0.000205,0.000000,0.000128,0.000000,6.419017,0.004613,0.643685,0.390771,0.002265,0.018791,6.107200,0.000966,-0.000230,0.904494,-0.002444,-0.010314
4.444000,5.116179,0.000673,0.593700,-1.996624,-0.000206,0.000000,0.000128,0.000000,6.423308,0.004633,0.643877,0.350870,0.001506,-0.001949,6.117998,0.000934,-0.000235,0.904601,-0.002530,-0.002290
4.456000,5.092216,0.000671,0.593700,-1.997214,-0.000207,0.000000,0.000128,0.000000,6.427036,0.004642,0.644020,0.303152,0.000464,-0.000021,6.128671,0.000901,-0.000217,0.887942,-0.002356,-0.004906
4.468000,5.068246,0.000668,0.593700,-1.997770,-0.000209,0.000000,0.000128,0.000000,6.430279,0.004662,0.643987,0.262370,0.000580,-0.015978,6.139259,0.000865,-0.000206,0.881738,-0.002633,-0.000188
4.480000,5.044278,0.000729,0.593700,-1.999999,-0.000250,0.000000,0.000123,-0.001854,6.440142,0.005111,0.641964,0.926993,0.066402,-0.153746,6.152000,0.000807,-0.000148,0.991993,-0.030625,0.061477
4.492000,5.020278,0.000726,0.593700,-2.000000,-0.000208,0.000000,0.000100,-0.001968,6.455660,0.005237,0.639306,1.249328,0.011749,-0.124109,6.164567,0.000722,0.000064,0.977249,0.001564,0.021664
4.504000,4.996278,0.000724,0.593700,-1.999997,-0.000165,0.000000,0.000075,-0.002089,6.471272,0.005348,0.637531,1.279281,0.002303,-0.101773,6.175102,0.000687,0.000124,0.846434,0.001117,0.009200
4.516000,4.972278,0.000722,0.593700,-1.999986,-0.000050,0.000000,0.000050,-0.002217,6.486056,0.005828,0.636004,1.214648,0.033970,-0.070342,6.184394,0.000660,0.000156,0.772028,-0.009929,0.006051
4.528000,4.948278,0.000723,0.593700,-1.999967,0.000192,0.000000,0.000022,-0.002354,6.499759,0.006404,0.635039,1.101883,0.048228,-0.054578,6.193782,0.000625,0.000152,0.808120,-0.011758,0.010819
4.540000,4.924279,0.000727,0.593700,-1.999896,0.000458,0.000000,-0.000007,-0.002498,6.512117,0.006329,0.634143,1.006444,0.000240,-0.031673,6.203732,0.000589,0.000175,0.841792,0.002155,0.007549
4.552000,4.900281,0.000734,0.593700,-1.999783,0.000774,0.000000,-0.000038,-0.002652,6.523579,0.006257,0.633709,0.932522,-0.005312,-0.001072,6.214022,0.000568,0.000177,0.865683,-0.001206,0.003723
4.564000,4.876285,0.000746,0.593700,-1.999623,0.001140,0.000000,-0.000071,-0.002679,6.534212,0.006160,0.633697,0.866091,-0.006713,0.023043,6.224572,0.000544,0.000167,0.885795,-0.001344,0.001495
4.576000,4.852290,0.000762,0.593700,-1.999414,0.001528,0.000000,-0.000093,-0.000598,6.544090,0.006064,0.634041,0.805525,-0.004481,0.040213,6.235363,0.000527,0.000146,0.905917,-0.000553,0.000833
4.588000,4.828298,0.000781,0.593700,-1.999285,0.001651,0.000000,-0.000075,0.003754,6.553273,0.005942,0.634630,0.750993,-0.004196,0.058740,6.246268,0.000523,0.000126,0.914246,0.001921,-0.001868
4.600000,4.804308,0.000801,0.593700,-1.999179,0.001606,0.000000,0.000003,0.009594,6.561818,0.005903,0.635476,0.700318,0.003430,0.076923,6.257194,0.000537,0.000101,0.916902,0.002837,-0.004055
4.612000,4.780318,0.000819,0.593700,-1.999081,0.001391,0.000000,0.000161,0.016917,6.569786,0.005992,0.636515,0.654571,0.014461,0.081805,6.268154,0.000574,0.000067,0.917275,0.003897,-0.001475
4.624000,4.756330,0.000834,0.593700,-1.999000,0.000979,0.000000,0.000414,0.025450,6.577220,0.006210,0.637771,0.610719,0.024525,0.094188,6.279061,0.000636,0.000038,0.913004,0.006209,-0.002645
4.634000,4.736340,0.000841,0.593700,-1.998956,0.000453,0.000000,0.000706,0.032967,6.583020,0.006482,0.638882,0.575858,0.031972,0.102724,6.288087,0.000710,0.000021,0.905182,0.008303,-0.004007
4.646000,4.712353,0.000841,0.593700,-1.998910,-0.000389,0.000000,0.001153,0.041519,6.589532,0.006911,0.640422,0.536457,0.040437,0.114446,6.298762,0.000829,-0.000008,0.889410,0.010678,-0.005240
4.658000,4.688366,0.000831,0.593700,-1.998893,-0.001435,0.000000,0.001700,0.049606,6.595567,0.007453,0.641972,0.496331,0.048292,0.117245,6.309218,0.000976,-0.000030,0.871810,0.013210,-0.004609
4.670000,4.664379,0.000806,0.593700,-1.998902,-0.002692,0.000000,0.002340,0.056885,6.601074,0.008096,0.643589,0.452683,0.056739,0.121503,6.319455,0.001153,-0.000049,0.852968,0.014896,-0.004574
4.682000,4.640392,0.000765,0.593700,-1.998934,-0.004142,0.000000,0.003069,0.064750,6.605985,0.008874,0.645258,0.404287,0.067250,0.124857,6.329388,0.001350,-0.000067,0.827609,0.015888,-0.004421
4.694000,4.616405,0.000706,0.593700,-1.998987,-0.005779,0.000000,0.003877,0.069796,6.610272,0.009786,0.646988,0.352936,0.077854,0.128283,6.338986,0.001560,-0.000083,0.799995,0.016846,-0.004414
4.706000,4.592416,0.000626,0.593700,-1.999057,-0.007547,0.000000,0.004741,0.074233,6.613926,0.010828,0.648777,0.299801,0.088616,0.133396,6.348246,0.001782,-0.000097,0.773072,0.017482,-0.005088
4.718000,4.568427,0.000524,0.593700,-1.999140,-0.009441,0.000000,0.005660,0.078933,6.616937,0.011995,0.650579,0.246505,0.099682,0.135728,6.357161,0.002009,-0.000109,0.743088,0.017651,-0.005025
4.730000,4.544437,0.000399,0.593700,-1.999230,-0.011460,0.000000,0.006637,0.083930,6.619294,0.013295,0.652411,0.191999,0.110652,0.136237,6.365719,0.002238,-0.000120,0.713118,0.017787,-0.004275
4.742000,4.520446,0.000249,0.593700,-1.999323,-0.013615,0.000000,0.007676,0.089243,6.620942,0.014726,0.654263,0.132673,0.121942,0.139038,6.373854,0.002460,-0.000127,0.677143,0.017114,-0.004688
4.754000,4.496453,0.000072,0.593700,-1.999415,-0.015916,0.000000,0.008780,0.094893,6.621733,0.016316,0.656101,0.063471,0.135049,0.139593,6.381422,0.002663,-0.000133,0.630012,0.015024,-0.004149
4.766000,4.472460,-0.000134,0.593700,-1.999503,-0.018369,0.000000,0.009954,0.100569,6.621623,0.018061,0.657936,-0.010746,0.147790,0.140406,6.388332,0.002835,-0.000138,0.575448,0.012514,-0.003566
4.778000,4.448465,-0.000370,0.593700,-1.999580,-0.020957,0.000000,0.011185,0.104180,6.620579,0.019957,0.659764,-0.088531,0.160542,0.142188,6.394570,0.002974,-0.000137,0.518554,0.009338,-0.003887
4.790000,4.424470,-0.000637,0.593700,-1.999641,-0.023625,0.000000,0.012446,0.105880,6.618566,0.021996,0.661584,-0.169131,0.172666,0.142011,6.400114,0.003073,-0.000137,0.459968,0.005887,-0.003245
4.802000,4.400474,-0.000937,0.593700,-1.999685,-0.026329,0.000000,0.013720,0.106154,6.615560,0.024176,0.663383,-0.252162,0.184182,0.138474,6.404971,0.003128,-0.000137,0.402019,0.002297,-0.001398
4.814000,4.376477,-0.001269,0.593700,-1.999700,-0.029006,0.000000,0.014988,0.104927,6.616593,0.025751,0.664523,0.077460,0.131738,0.110460,6.411947,0.003365,-0.000111,0.517582,0.029808,0.015589
4.826000,4.352489,-0.001638,0.593700,-1.998844,-0.032145,0.000000,0.016198,0.094434,6.619156,0.025507,0.665441,0.188786,0.077325,0.101549,6.416959,0.003583,-0.000053,0.363211,-0.001363,0.014123
4.838000,4.328503,-0.002036,0.593700,-1.998827,-0.034290,0.000000,0.017271,0.085861,6.621433,0.027018,0.665873,0.199844,0.117142,0.067570,6.420579,0.003563,0.000016,0.335546,0.006337,0.014030
4.850000,4.304516,-0.002460,0.593700,-1.999660,-0.036327,0.000000,0.018266,0.079558,6.625240,0.027737,0.666127,0.254277,0.033767,0.058713,6.424384,0.003552,0.000073,0.201341,0.042095,0.011867
4.862000,4.280521,-0.002909,0.593700,-1.999570,-0.038323,0.000000,0.019122,0.063926,6.626069,0.029428,0.667022,0.068699,0.144547,0.117870,6.425963,0.003534,0.000091,0.172399,-0.016531,0.003219
4.874000,4.256527,-0.003378,0.593700,-1.999501,-0.039846,0.000000,0.019813,0.051658,6.626082,0.031457,0.668412,-0.015275,0.169603,0.137480,6.428044,0.003418,0.000089,0.176618,-0.012606,0.003532
4.884000,4.236532,-0.003782,0.593700,-1.999435,-0.040907,0.000000,0.020283,0.042221,6.625493,0.033214,0.669840,-0.074040,0.172253,0.156343,6.429664,0.003325,0.000084,0.165675,-0.009727,0.001061
4.896000,4.212539,-0.004279,0.593700,-1.999340,-0.041939,0.000000,0.020719,0.030579,6.623989,0.035317,0.671567,-0.143292,0.170437,0.156438,6.431352,0.003212,0.000081,0.137921,-0.010645,0.002634
4.908000,4.188548,-0.004787,0.593700,-1.999225,-0.042701,0.000000,0.021014,0.018333,6.621585,0.037369,0.673401,-0.216405,0.165780,0.163280,6.432627,0.003085,0.000077,0.103537,-0.011694,0.002184
4.920000,4.164558,-0.005303,0.593700,-1.999086,-0.043181,0.000000,0.021156,0.005058,6.618272,0.039329,0.675322,-0.291860,0.158877,0.167808,6.433473,0.002943,0.000070,0.069166,-0.012183,0.003000
4.932000,4.140570,-0.005822,0.593700,-1.998926,-0.043344,0.000000,0.021133,-0.008803,6.614039,0.041216,0.677306,-0.367265,0.153230,0.177298,6.433785,0.002782,0.000070,0.023990,-0.014072,0.000896
4.944000,4.116584,-0.006342,0.593700,-1.998729,-0.043190,0.000000,0.020944,-0.022779,6.608887,0.043004,0.679339,-0.443077,0.144881,0.174367,6.433655,0.002609,0.000063,-0.014176,-0.014767,0.003228
4.956000,4.092600,-0.006858,0.593700,-1.998505,-0.042713,0.000000,0.020589,-0.036200,6.602816,0.044693,0.681452,-0.519248,0.136767,0.184185,6.432947,0.002420,0.000061,-0.060626,-0.016068,0.000392
4.968000,4.068620,-0.007366,0.593700,-1.998237,-0.041934,0.000000,0.020077,-0.049194,6.595835,0.046256,0.683561,-0.594468,0.126058,0.179968,6.431750,0.002222,0.000055,-0.103946,-0.016112,0.002269
4.980000,4.044643,-0.007863,0.593700,-1.997927,-0.040861,0.000000,0.019411,-0.061708,6.587942,0.047715,0.685720,-0.670648,0.117679,0.185571,6.429960,0.002017,0.000052,-0.151134,-0.017016,0.000447
4.992000,4.020670,-0.008345,0.593700,-1.997545,-0.039520,0.000000,0.018600,-0.073488,6.579148,0.049057,0.687912,-0.745719,0.107656,0.181704,6.427688,0.001809,0.000043,-0.191544,-0.016469,0.002360
5.004000,3.996702,-0.008810,0.593700,-1.997124,-0.037904,0.000000,0.017650,-0.084814,6.569456,0.050291,0.690025,-0.819465,0.099592,0.181829,6.424793,0.001600,0.000046,-0.246297,-0.017089,0.001119
5.016000,3.972739,-0.009254,0.593700,-1.996604,-0.036052,0.000000,0.016562,-0.096526,6.558866,0.051426,0.692196,-0.895098,0.091580,0.183608,6.421296,0.001391,0.000041,-0.294054,-0.016954,0.000410
5.028000,3.948784,-0.009675,0.593700,-1.995999,-0.034007,0.000000,0.015384,-0.099173,6.547409,0.052455,0.694233,-0.965677,0.083225,0.172881,6.417167,0.001180,0.000041,-0.352277,-0.016587,0.002969
5.040000,3.924836,-0.010070,0.593700,-1.995286,-0.031911,0.000000,0.014158,-0.106819,6.535114,0.053372,0.696219,-1.037616,0.074837,0.170879,6.412329,0.000973,0.000045,-0.408046,-0.016383,0.002074
5.052000,3.900898,-0.010440,0.593700,-1.994409,-0.029661,0.000000,0.012830,-0.112909,6.522012,0.054200,0.698187,-1.106992,0.067356,0.167761,6.406955,0.000772,0.000046,-0.450872,-0.015764,0.001838
5.064000,3.876971,-0.010782,0.593700,-1.993337,-0.027384,0.000000,0.011479,-0.112719,6.508137,0.054934,0.700094,-1.173604,0.059721,0.161959,6.401159,0.000584,0.000047,-0.485481,-0.015006,0.002251
5.076000,3.853058,-0.011097,0.593700,-1.992037,-0.025149,0.000000,0.010118,-0.114225,6.493023,0.055517,0.701886,-1.261135,0.047830,0.153037,6.394794,0.000415,0.000050,-0.508205,-0.012395,0.002692
5.088000,3.829163,-0.011386,0.593700,-1.990479,-0.022949,0.000000,0.008741,-0.114987,6.477444,0.056030,0.703585,-1.315165,0.040999,0.147127,6.388225,0.000276,0.000054,-0.560201,-0.010362,0.003375
5.100000,3.805289,-0.011648,0.593700,-1.988538,-0.020825,0.000000,0.007361,-0.114746,6.460945,0.056455,0.705170,-1.388121,0.033218,0.139630,6.380747,0.000162,0.000060,-0.634040,-0.007504,0.004137
5.112000,3.781440,-0.011886,0.593700,-1.986098,-0.018837,0.000000,0.005991,-0.113511,6.443474,0.056716,0.706633,-1.468300,0.020935,0.130830,6.372328,0.000077,0.000069,-0.711100,-0.004310,0.004741
5.124000,3.757625,-0.012101,0.593700,-1.983018,-0.017036,0.000000,0.004642,-0.111325,6.425030,0.056793,0.707957,-1.549968,0.005739,0.120396,6.362988,0.000023,0.000080,-0.788714,-0.000943,0.005476
5.134000,3.737810,-0.012265,0.593700,-1.979815,-0.015718,0.000000,0.003538,-0.109473,6.408899,0.056678,0.708928,-1.619276,-0.009862,0.109008,6.354461,0.000005,0.000091,-0.856550,0.002086,0.006221
5.146000,3.714080,-0.012445,0.593700,-1.975002,-0.014393,0.000000,0.002237,-0.107289,6.388621,0.056327,0.709913,-1.702800,-0.028291,0.092896,6.343346,0.000016,0.000107,-0.936139,0.005217,0.006522
5.158000,3.690415,-0.012611,0.593700,-1.968844,-0.013394,0.000000,0.000959,-0.106022,6.367364,0.055765,0.710687,-1.783839,-0.044692,0.074134,6.331297,0.000062,0.000123,-1.014028,0.008097,0.006446
5.170000,3.666835,-0.012768,0.593700,-1.960937,-0.012773,0.000000,-0.000309,-0.105326,6.345169,0.055014,0.711224,-1.861848,-0.059370,0.053606,6.318327,0.000141,0.000138,-1.090952,0.011002,0.006106
5.182000,3.643362,-0.012920,0.593700,-1.950767,-0.012607,0.000000,-0.001573,-0.105487,6.322028,0.054094,0.711562,-1.938624,-0.072685,0.039260,6.304402,0.000253,0.000150,-1.171688,0.013600,0.005295
5.194000,3.620029,-0.013073,0.593700,-1.937603,-0.012996,0.000000,-0.002844,-0.106440,6.297947,0.053039,0.711800,-2.014119,-0.083412,0.033192,6.289433,0.000398,0.000157,-1.260235,0.015958,0.004337
5.206000,3.596876,-0.013235,0.593700,-1.920379,-0.014108,0.000000,-0.004130,-0.107936,6.272935,0.051891,0.712038,-2.087268,-0.090957,0.035186,6.273264,0.000580,0.000156,-1.363649,0.018640,0.003641
5.218000,3.573962,-0.013415,0.593700,-1.897499,-0.016201,0.000000,-0.005432,-0.108945,6.246997,0.050699,0.712380,-2.161201,-0.095341,0.046417,6.255744,0.000814,0.000151,-1.475749,0.023052,0.002159
5.230000,3.551370,-0.013630,0.593700,-1.866069,-0.019845,0.000000,-0.006744,-0.109593,6.219876,0.049504,0.713098,-2.247883,-0.093992,0.080287,6.236537,0.001135,0.000130,-1.613032,0.029593,-0.001162
5.242000,3.529226,-0.013899,0.593700,-1.822224,-0.025262,0.000000,-0.008062,-0.110012,6.191753,0.048333,0.714178,-2.336108,-0.104085,0.107041,6.215656,0.001554,0.000105,-1.776299,0.042884,-0.000744
5.254000,3.507726,-0.014252,0.593700,-1.755979,-0.033918,0.000000,-0.009383,-0.110149,6.159607,0.046234,0.715661,-2.618505,-0.202256,0.090361,6.190087,0.002280,0.000075,-2.123895,0.081373,-0.004553
5.266000,3.485936,-0.014306,0.593700,-1.863675,0.018962,0.000000,-0.010683,-0.103910,6.124383,0.044192,0.716869,-2.897157,-0.194795,0.114878,6.161934,0.003299,0.000054,-2.310214,0.097409,-0.012541
5.278000,3.463755,-0.014060,0.593700,-1.831692,0.022178,0.000000,-0.011904,-0.100819,6.089834,0.041737,0.718454,-2.894331,-0.191311,0.121243,6.134915,0.004430,-0.000005,-2.230753,0.095935,-0.000034
5.290000,3.442026,-0.013770,0.593700,-1.787383,0.026356,0.000000,-0.013109,-0.099956,6.054332,0.039362,0.719945,-2.963202,-0.208426,0.082903,6.107211,0.005684,-0.000016,-2.342294,0.118390,-0.002163
5.302000,3.420872,-0.013443,0.593700,-1.747103,0.022551,0.000000,-0.014303,-0.099033,6.014813,0.036254,0.720771,-3.246027,-0.266866,0.009875,6.075914,0.007211,-0.000013,-2.614850,0.145232,-0.008675
5.314000,3.400014,-0.013300,0.593700,-1.729796,0.001101,0.000000,-0.015485,-0.098108,5.973428,0.032673,0.721053,-3.401703,-0.286361,-0.039216,6.042964,0.008864,-0.000034,-2.722540,0.140274,-0.014084
5.326000,3.379336,-0.013416,0.593700,-1.717469,-0.020286,0.000000,-0.016657,-0.097234,5.931135,0.029352,0.721011,-3.487173,-0.268685,-0.066825,6.008700,0.010531,-0.000074,-2.880496,0.137648,-0.017807
5.338000,3.358767,-0.013780,0.593700,-1.711847,-0.039774,0.000000,-0.017826,-0.098304,5.888830,0.026438,0.720870,-3.487372,-0.239418,-0.074666,5.973188,0.012204,-0.000127,-2.970167,0.135213,-0.021822
5.350000,3.338223,-0.014356,0.593700,-1.713360,-0.055577,0.000000,-0.019033,-0.103264,5.847515,0.023803,0.720864,-3.417121,-0.218571,-0.065133,5.937190,0.013862,-0.000192,-3.015375,0.135209,-0.025633
5.362000,3.317620,-0.015093,0.593700,-1.721476,-0.066205,0.000000,-0.020312,-0.110064,5.807484,0.021305,0.721059,-3.318017,-0.208369,-0.054461,5.900948,0.015510,-0.000268,-3.037352,0.136022,-0.025250
5.374000,3.296840,-0.015826,0.593700,-1.741665,-0.056061,0.000000,-0.021665,-0.114520,5.768084,0.019143,0.721473,-3.255958,-0.189262,-0.033701,5.863814,0.017195,-0.000337,-3.120719,0.138937,-0.027611
5.386000,3.274479,-0.015979,0.593700,-1.950823,0.018437,0.000000,-0.023044,-0.115138,5.728321,0.016741,0.722509,-3.306218,-0.236665,0.063200,5.824676,0.019037,-0.000427,-3.315784,0.177654,-0.028931
5.398000,3.252258,-0.015199,0.593700,-1.821225,0.082544,0.000000,-0.024343,-0.094391,5.689509,0.015352,0.724566,-3.180063,-0.269804,0.116982,5.784848,0.021382,-0.000511,-3.279032,0.256061,-0.023385
5.408000,3.233964,-0.014398,0.593700,-1.842962,0.074412,0.000000,-0.025201,-0.079651,5.658567,0.012510,0.726853,-3.099372,-0.220768,0.168849,5.751650,0.023530,-0.000568,-3.366234,0.201752,-0.025257
5.420000,3.211626,-0.013598,0.593700,-1.879725,0.059130,0.000000,-0.026134,-0.076618,5.621493,0.012172,0.730155,-3.082007,0.003510,0.212260,5.710638,0.025737,-0.000630,-3.465488,0.149421,-0.025116
5.432000,3.188852,-0.012970,0.593700,-1.915626,0.046665,0.000000,-0.027041,-0.074606,5.582796,0.013585,0.733847,-3.185507,0.101907,0.238061,5.667138,0.027956,-0.000677,-3.617841,0.180168,-0.027725
5.444000,3.165668,-0.012461,0.593700,-1.947346,0.038810,0.000000,-0.027927,-0.073721,5.544562,0.014593,0.737981,-3.200650,0.065803,0.275659,5.623816,0.030401,-0.000741,-3.609982,0.219558,-0.021564
5.456000,3.142415,-0.011943,0.593700,-1.951627,0.040047,0.000000,-0.028804,-0.071923,5.506341,0.015227,0.741701,-3.220355,-0.013974,0.243826,5.580942,0.033088,-0.000747,-3.593187,0.258239,-0.009834
5.468000,3.118825,-0.011479,0.593700,-1.978016,0.038521,0.000000,-0.029694,-0.078309,5.466920,0.013631,0.744678,-3.337901,-0.112619,0.195763,5.537874,0.035952,-0.000722,-3.567183,0.258367,0.006052
5.480000,3.097841,-0.009944,0.593700,-1.851157,0.067215,0.000000,-0.030639,-0.077079,5.428827,0.014953,0.746823,-3.172829,-0.203377,0.113143,5.497154,0.038517,-0.000624,-3.500035,0.375346,-0.005192
5.492000,3.074630,-0.009499,0.593700,-1.974993,0.029043,0.000000,-0.031566,-0.079102,5.388930,0.009978,0.748917,-3.319365,-0.294355,0.128737,5.452737,0.041808,-0.000622,-3.659307,0.268591,-0.004962
5.504000,3.050778,-0.009086,0.593700,-1.995489,0.041897,0.000000,-0.032562,-0.087307,5.346914,0.005943,0.748614,-3.604480,-0.275278,-0.076256,5.409160,0.044525,-0.000530,-3.574303,0.225856,0.040553
5.516000,3.026801,-0.008431,0.593700,-1.998775,0.069308,0.000000,-0.033665,-0.097320,5.303716,0.002938,0.744268,-3.723259,-0.184543,-0.376487,5.370634,0.046716,-0.000260,-3.074329,0.155730,0.059786
5.528000,3.002835,-0.007531,0.593700,-1.996264,0.077604,0.000000,-0.034878,-0.099551,5.259364,0.017994,0.738023,-3.826837,1.080123,-0.442615,5.336163,0.048517,-0.000018,-2.932499,-0.046958,0.035858
5.540000,2.978879,-0.006596,0.593700,-1.996487,0.077784,0.000000,-0.035990,-0.089182,5.207326,0.022169,0.729877,-4.390527,0.533026,-0.633588,5.298145,0.050724,0.000184,-3.159660,0.243949,0.045853
5.552000,2.954920,-0.005662,0.593700,-1.996596,0.077923,0.000000,-0.037035,-0.086388,5.148256,0.033709,0.720331,-4.919885,0.992090,-0.756800,5.257304,0.053161,0.000357,-3.375924,0.136277,0.036030
5.564000,2.930962,-0.004723,0.593700,-1.996277,0.078848,0.000000,-0.038078,-0.087061,5.084007,0.047740,0.709372,-5.332958,1.133674,-0.865831,5.213966,0.055766,0.000485,-3.578736,0.216221,0.032953
5.576000,2.907015,-0.003763,0.593700,-1.994680,0.081309,0.000000,-0.039125,-0.088036,5.016232,0.060646,0.697570,-5.643485,1.044728,-0.918628,5.168923,0.059124,0.000581,-3.746670,0.312285,0.024252
5.588000,2.883098,-0.002763,0.593700,-1.991039,0.085812,0.000000,-0.040183,-0.087477,4.964900,0.068987,0.686925,-4.468097,0.686474,-0.730066,5.137969,0.061970,0.000580,-2.602571,0.273739,0.016977
5.600000,2.859228,-0.001706,0.593700,-1.987894,0.090040,0.000000,-0.041356,-0.111818,4.919022,0.077551,0.679468,-3.896788,0.758543,-0.501839,5.108641,0.064627,0.000514,-2.582002,0.193572,-0.015087
5.612000,2.835372,-0.000617,0.593700,-1.988855,0.090993,0.000000,-0.042796,-0.124866,4.875031,0.089288,0.675924,-3.651080,0.978331,-0.200893,5.076637,0.066783,0.000308,-2.740830,0.136796,-0.029981
5.624000,2.811484,0.000473,0.593700,-1.992529,0.090573,0.000000,-0.044312,-0.127805,4.833272,0.101593,0.676491,-3.451134,0.982791,0.112534,5.042509,0.068759,0.000052,-2.919035,0.173817,-0.038374
5.636000,2.787552,0.001562,0.593700,-1.996009,0.091302,0.000000,-0.045865,-0.130911,4.793257,0.111940,0.680517,-3.298604,0.837798,0.366325,5.005859,0.071095,-0.000200,-3.121616,0.228869,-0.038186
5.648000,2.763587,0.002672,0.593700,-1.997737,0.094117,0.000000,-0.047430,-0.129123,4.754712,0.119854,0.687426,-3.183456,0.648389,0.554984,4.966764,0.073895,-0.000439,-3.302787,0.261902,-0.030352
5.658000,2.744898,0.004409,0.593700,-1.758613,0.244849,0.000000,-0.048714,-0.127319,4.725942,0.126003,0.694253,-2.905552,0.614710,0.649593,4.935310,0.076251,-0.000562,-3.159855,0.225422,-0.026329
5.670000,2.723292,0.007113,0.593700,-1.838059,0.206626,0.000000,-0.050203,-0.119646,4.697390,0.132173,0.703173,-2.440120,0.514155,0.703942,4.901098,0.078823,-0.000668,-2.929268,0.212934,-0.021112
5.682000,2.700859,0.009390,0.593700,-1.897708,0.173528,0.000000,-0.051589,-0.110879,4.670694,0.136767,0.712300,-2.227270,0.309856,0.709662,4.866174,0.081453,-0.000728,-2.954528,0.279239,-0.013951
5.694000,2.677803,0.011289,0.593700,-1.943758,0.143085,0.000000,-0.052798,-0.087238,4.641763,0.139468,0.721740,-2.334555,0.233700,0.736049,4.826351,0.084476,-0.000753,-3.376517,0.265213,-0.019035
5.706000,2.654271,0.012858,0.593700,-1.974934,0.120506,0.000000,-0.053615,-0.046837,4.614865,0.142569,0.730839,-2.257382,0.260811,0.682513,4.785819,0.087112,-0.000778,-3.406056,0.211910,-0.001297
5.718000,2.630472,0.014234,0.593700,-1.991986,0.111628,0.000000,-0.053900,-0.000669,4.588896,0.146715,0.738630,-2.207166,0.417421,0.608369,4.745598,0.089391,-0.000727,-3.342988,0.123565,0.017766
5.730000,2.606534,0.015547,0.593700,-1.997081,0.107516,0.000000,-0.053758,0.015604,4.567740,0.148834,0.742700,-1.926758,0.197342,0.328619,4.712055,0.091002,-0.000521,-2.685772,0.165348,0.085116
5.742000,2.582569,0.016835,0.593700,-1.997083,0.107128,0.000000,-0.053568,0.018420,4.547474,0.150857,0.744953,-1.787852,0.187175,0.222269,4.682541,0.092536,-0.000195,-2.457714,0.131602,0.032573
5.754000,2.558604,0.018117,0.593700,-1.997086,0.106612,0.000000,-0.053287,0.030283,4.528111,0.153452,0.747058,-1.687129,0.227095,0.187076,4.654918,0.093936,-0.000066,-2.305513,0.112681,0.010756
5.766000,2.534639,0.019392,0.593700,-1.997122,0.105767,0.000000,-0.052832,0.044491,4.509176,0.156479,0.749253,-1.628211,0.262302,0.184767,4.628340,0.095287,-0.000015,-2.220304,0.108434,0.000358
5.778000,2.510673,0.020655,0.593700,-1.997181,0.104624,0.000000,-0.052241,0.053311,4.488183,0.159040,0.751133,-1.771280,0.229724,0.150013,4.600989,0.096783,0.000005,-2.259572,0.135769,0.005620
5.790000,2.486706,0.021902,0.593700,-1.997233,0.103319,0.000000,-0.051579,0.056740,4.467266,0.161889,0.752805,-1.781208,0.243534,0.139781,4.575042,0.098288,0.000042,-2.149630,0.129282,-0.002555
5.802000,2.462739,0.023134,0.593700,-1.997307,0.101933,0.000000,-0.050877,0.060550,4.446359,0.164810,0.754735,-1.785020,0.251106,0.151855,4.549854,0.099796,0.000027,-2.101842,0.131738,-0.004523
5.814000,2.438771,0.024348,0.593700,-1.997390,0.100452,0.000000,-0.050126,0.064709,4.424227,0.168116,0.756343,-1.891790,0.293694,0.126644,4.524633,0.101387,0.000022,-2.129026,0.130480,0.001908
5.826000,2.414802,0.025544,0.593700,-1.997473,0.098861,0.000000,-0.049318,0.070265,4.400742,0.171657,0.757961,-1.992676,0.314451,0.134265,4.499408,0.103018,0.000023,-2.104699,0.136457,-0.004619
5.838000,2.390832,0.026720,0.593700,-1.997557,0.097122,0.000000,-0.048433,0.077152,4.375477,0.175765,0.759177,-2.125322,0.349567,0.098416,4.473877,0.104701,0.000024,-2.084892,0.140685,0.003549
5.850000,2.366860,0.027875,0.593700,-1.997649,0.095250,0.000000,-0.047488,0.078991,4.349517,0.179777,0.759938,-2.200148,0.335189,0.025470,4.448507,0.106463,0.000045,-2.189542,0.156703,0.003191
5.862000,2.342888,0.029007,0.593700,-1.997705,0.093422,0.000000,-0.046584,0.068491,4.313536,0.184096,0.759680,-2.954940,0.351797,-0.048922,4.414811,0.109052,0.000076,-2.799682,0.222096,0.001593
5.874000,2.318915,0.030119,0.593700,-1.997768,0.092059,0.000000,-0.045958,0.030790,4.270948,0.188437,0.758518,-3.545686,0.354102,-0.112377,4.378668,0.112237,0.000092,-2.957856,0.268144,0.009862
5.886000,2.294942,0.031221,0.593700,-1.997813,0.091850,0.000000,-0.045965,-0.037364,4.222759,0.191782,0.756290,-4.013987,0.251577,-0.190484,4.341711,0.116168,0.000137,-3.005595,0.356726,0.012944
5.898000,2.270968,0.032331,0.593700,-1.997798,0.093515,0.000000,-0.046998,-0.139726,4.169389,0.194622,0.751810,-4.435789,0.205979,-0.386118,4.303791,0.121272,0.000224,-3.106687,0.440681,0.033623
5.908000,2.250991,0.033281,0.593700,-1.997655,0.096813,0.000000,-0.048890,-0.238824,4.124223,0.197059,0.746587,-4.512141,0.219070,-0.489435,4.272807,0.126243,0.000317,-3.094192,0.484796,0.034755
5.920000,2.227105,0.034521,0.593700,-1.985338,0.109272,0.000000,-0.052436,-0.347298,4.071102,0.197665,0.739253,-4.378053,0.155251,-0.567114,4.237574,0.132499,0.000441,-2.869009,0.490044,0.013386
5.932000,2.203349,0.035907,0.593700,-1.972590,0.122842,0.000000,-0.057035,-0.411435,4.022898,0.201980,0.732949,-4.087237,0.313303,-0.462559,4.204857,0.138484,0.000410,-2.886105,0.502442,-0.005147
5.944000,2.179769,0.037468,0.593700,-1.957150,0.136897,0.000000,-0.062206,-0.450426,3.968653,0.208296,0.726775,-4.468948,0.467440,-0.495048,4.164914,0.145972,0.000363,-3.311981,0.609446,0.010519
5.956000,2.156367,0.039162,0.593700,-1.943316,0.144540,0.000000,-0.067847,-0.489377,3.913229,0.214405,0.720755,-4.616455,0.457448,-0.462345,4.124388,0.154134,0.000343,-3.370751,0.688313,0.003364
5.968000,2.132725,0.040926,0.593700,-1.993898,0.137259,0.000000,-0.073929,-0.524110,3.860430,0.225280,0.716076,-4.436143,0.707696,-0.290086,4.084379,0.162733,0.000262,-3.349848,0.756827,-0.007571
5.980000,2.108804,0.042636,0.593700,-1.992849,0.147692,0.000000,-0.080385,-0.547716,3.805142,0.232162,0.712447,-4.570939,0.648399,-0.275874,4.040793,0.172725,0.000180,-3.678562,0.809625,0.003924
5.992000,2.084897,0.044471,0.593700,-1.991504,0.157950,0.000000,-0.086952,-0.542826,3.749284,0.242057,0.708047,-4.621552,0.840678,-0.403411,3.993334,0.182696,0.000179,-4.079346,0.810303,0.016645
6.004000,2.061009,0.046425,0.593700,-1.989935,0.167857,0.000000,-0.093358,-0.524608,3.687341,0.254642,0.703414,-5.119010,1.002233,-0.370797,3.938419,0.193575,0.000193,-4.576565,0.905421,-0.012537
6.016000,2.037138,0.048501,0.593700,-1.988669,0.178119,0.000000,-0.099569,-0.511527,3.623997,0.265988,0.700009,-5.271596,0.937608,-0.319282,3.884124,0.204345,0.000094,-4.408841,0.895022,-0.020816
6.028000,2.013279,0.050703,0.593700,-1.988035,0.189206,0.000000,-0.105655,-0.503531,3.561686,0.276432,0.696896,-5.244355,0.884400,-0.307077,3.832316,0.214560,-0.000024,-4.392486,0.871561,-0.014784
6.040000,1.989422,0.053054,0.593700,-1.987922,0.202591,0.000000,-0.111675,-0.501582,3.500808,0.287614,0.693697,-5.073348,0.888416,-0.318544,3.780805,0.224500,-0.000117,-4.331822,0.836760,-0.007570
6.052000,1.965570,0.055625,0.593700,-1.986663,0.230450,0.000000,-0.117731,-0.509821,3.440711,0.299159,0.689917,-4.937110,0.908209,-0.365951,3.727041,0.234802,-0.000181,-4.466152,0.839235,0.001518
6.064000,1.942304,0.058827,0.593700,-1.907380,0.375849,0.000000,-0.123900,-0.505983,3.386986,0.296237,0.686558,-4.409995,-0.104396,-0.277320,3.677472,0.244224,-0.000250,-4.034103,0.877876,-0.026387
6.076000,1.919219,0.062771,0.593700,-1.935892,0.299215,0.000000,-0.129565,-0.422399,3.336690,0.290724,0.684792,-4.189616,-0.092862,-0.187836,3.627855,0.252864,-0.000403,-4.440035,0.617630,-0.031457
6.088000,1.895860,0.066072,0.593700,-1.953639,0.262427,0.000000,-0.133980,-0.319770,3.284434,0.301527,0.682013,-4.269892,0.536912,-0.330553,3.570694,0.261144,-0.000493,-4.602433,0.661886,0.006125
6.100000,1.872383,0.069174,0.593700,-1.958583,0.255970,0.000000,-0.137253,-0.225493,3.232384,0.306603,0.678232,-4.341141,0.403916,-0.374779,3.513988,0.269992,-0.000466,-4.734967,0.755530,-0.013142
6.112000,1.848864,0.072232,0.593700,-1.961165,0.253937,0.000000,-0.139432,-0.139840,3.182649,0.310583,0.674794,-4.231592,0.346052,-0.333277,3.460107,0.278551,-0.000496,-4.594529,0.731748,-0.030804
6.124000,1.825314,0.075271,0.593700,-1.963887,0.252779,0.000000,-0.140675,-0.071956,3.132859,0.314718,0.672548,-4.161651,0.327203,-0.247523,3.407200,0.287087,-0.000592,-4.313028,0.702145,-0.038459
6.136000,1.801728,0.078302,0.593700,-1.967217,0.252440,0.000000,-0.141273,-0.030728,3.081115,0.319398,0.672414,-4.287587,0.372778,-0.087952,3.353726,0.295988,-0.000748,-4.364398,0.725537,-0.049706
6.148000,1.778098,0.081336,0.593700,-1.971230,0.253544,0.000000,-0.141423,0.006222,3.029781,0.324076,0.673962,-4.338347,0.387472,0.037747,3.302033,0.304921,-0.000912,-4.355964,0.752017,-0.049521
6.158000,1.758367,0.083881,0.593700,-1.974958,0.255720,0.000000,-0.141202,0.037754,2.989697,0.327250,0.675390,-4.135849,0.334421,0.031828,3.262833,0.311930,-0.001017,-3.978244,0.714350,-0.027233
6.170000,1.734641,0.086976,0.593700,-1.979127,0.260383,0.000000,-0.140554,0.068474,2.938579,0.331896,0.676145,-4.218169,0.360489,-0.056902,3.213632,0.320907,-0.001041,-4.016766,0.739365,-0.007283
6.182000,1.710881,0.090225,0.593700,-1.976111,0.298043,0.000000,-0.139642,0.075087,2.887298,0.338273,0.675354,-4.215182,0.495498,-0.144838,3.163844,0.330340,-0.000999,-4.095285,0.746097,0.002609
6.194000,1.687564,0.093690,0.593700,-1.949783,0.346262,0.000000,-0.138852,0.064760,2.844956,0.327074,0.673367,-3.509603,-0.669595,-0.169706,3.123123,0.338409,-0.000880,-3.352939,0.780711,-0.013201
6.206000,1.663945,0.097277,0.593700,-1.976031,0.281569,0.000000,-0.137933,0.084142,2.803204,0.330948,0.674730,-3.533053,0.277797,-0.028072,3.076373,0.346534,-0.001050,-4.133305,0.573166,-0.013987
6.218000,1.640200,0.100601,0.593700,-1.980241,0.274239,0.000000,-0.136916,0.084062,2.752484,0.334903,0.673339,-4.045137,0.267452,-0.232415,3.020119,0.355947,-0.000990,-4.513148,0.764612,0.016350
6.230000,1.616429,0.103875,0.593700,-1.981367,0.271497,0.000000,-0.135908,0.085499,2.703687,0.340482,0.667068,-4.124133,0.634510,-0.618415,2.967039,0.364738,-0.000887,-4.248465,0.525745,0.129595
6.242000,1.592652,0.107121,0.593700,-1.981791,0.269255,0.000000,-0.134862,0.090762,2.661394,0.349108,0.656506,-3.719040,0.571567,-0.635372,2.924035,0.371026,-0.000324,-3.370203,0.515261,0.064505
6.254000,1.568869,0.110339,0.593700,-1.982097,0.266985,0.000000,-0.133670,0.111378,2.625124,0.348185,0.648319,-3.211277,-0.027617,-0.522400,2.892770,0.376503,-0.000128,-2.714869,0.530156,0.041588
6.266000,1.545081,0.113526,0.593700,-1.982474,0.264138,0.000000,-0.132203,0.122658,2.584864,0.345641,0.643502,-3.384919,-0.235531,-0.279692,2.856529,0.383099,-0.000062,-3.108669,0.583839,-0.000000
6.278000,1.521289,0.116679,0.593700,-1.982825,0.261485,0.000000,-0.130949,0.076277,2.549094,0.343612,0.640802,-3.113911,-0.181096,-0.162003,2.823836,0.388860,-0.000092,-2.785213,0.469301,0.004766
6.290000,1.497494,0.119807,0.593700,-1.983025,0.259946,0.000000,-0.130231,0.051137,2.512808,0.341504,0.639377,-3.081831,-0.184349,-0.070111,2.790623,0.394555,-0.000107,-2.781827,0.470301,0.004274
6.302000,1.473697,0.122919,0.593700,-1.983182,0.258763,0.000000,-0.129641,0.049237,2.476274,0.339169,0.639517,-3.109878,-0.207772,0.053022,2.757222,0.400255,-0.000152,-2.792903,0.476481,0.000511
6.314000,1.449898,0.126017,0.593700,-1.983341,0.257545,0.000000,-0.129015,0.055847,2.438983,0.336558,0.640757,-3.166116,-0.232352,0.154238,2.723777,0.405948,-0.000185,-2.803183,0.477918,-0.000106
6.326000,1.426097,0.129100,0.593700,-1.983526,0.256137,0.000000,-0.128287,0.065154,2.400986,0.333590,0.643126,-3.214296,-0.271600,0.237894,2.690163,0.411628,-0.000202,-2.813656,0.479267,-0.001294
6.338000,1.402293,0.132164,0.593700,-1.983736,0.254523,0.000000,-0.127462,0.072029,2.362343,0.330151,0.646560,-3.237719,-0.296613,0.281321,2.655710,0.417415,-0.000231,-2.890226,0.478171,-0.003984
6.350000,1.378487,0.135208,0.593700,-1.983962,0.252764,0.000000,-0.126566,0.077050,2.323049,0.326438,0.649732,-3.262452,-0.312771,0.241733,2.620394,0.423244,-0.000238,-2.937238,0.478255,0.003799
6.362000,1.354678,0.138230,0.593700,-1.984198,0.250903,0.000000,-0.125619,0.081016,2.283167,0.322550,0.652935,-3.313003,-0.328320,0.229009,2.583807,0.429189,-0.000243,-3.048351,0.489929,0.001111
6.374000,1.330866,0.141229,0.593700,-1.984450,0.248899,0.000000,-0.124588,0.092200,2.243470,0.318493,0.655443,-3.326580,-0.348587,0.188262,2.546925,0.435089,-0.000213,-3.099783,0.497524,0.001296
6.386000,1.307051,0.144202,0.593700,-1.984747,0.246523,0.000000,-0.123340,0.120012,2.203430,0.314565,0.657672,-3.292866,-0.345376,0.103828,2.509234,0.440994,-0.000246,-3.104159,0.491671,0.022153
6.398000,1.283232,0.147143,0.593700,-1.985070,0.243713,0.000000,-0.121910,0.106943,2.161908,0.311211,0.658276,-3.486402,-0.269867,0.055771,2.469507,0.447073,-0.000121,-3.340017,0.488800,0.011858
6.410000,1.259410,0.150054,0.593700,-1.985294,0.241456,0.000000,-0.120772,0.088945,2.119221,0.309484,0.659109,-3.552304,-0.146343,0.064468,2.429485,0.452795,-0.000074,-3.325857,0.451793,-0.005570
6.422000,1.235585,0.152939,0.593700,-1.985481,0.239437,0.000000,-0.119711,0.088420,2.075615,0.309043,0.659981,-3.606157,-0.064670,0.047316,2.388855,0.458313,-0.000081,-3.338194,0.443006,-0.007579
6.432000,1.215730,0.155325,0.593700,-1.985643,0.237710,0.000000,-0.118837,0.086172,2.040407,0.308269,0.660276,-3.553046,-0.091963,0.028624,2.355816,0.462742,-0.000066,-3.358786,0.452766,-0.007637
6.444000,1.191901,0.158165,0.593700,-1.985827,0.235737,0.000000,-0.117803,0.086119,1.997428,0.307493,0.660425,-3.589554,-0.071724,-0.004054,2.315333,0.468078,-0.000068,-3.373557,0.433476,-0.001791
6.456000,1.168070,0.160982,0.593700,-1.986031,0.233726,0.000000,-0.116774,0.085209,1.955196,0.306695,0.660392,-3.539816,-0.072535,-0.016022,2.275719,0.473167,-0.000062,-3.305992,0.414313,-0.001468
6.468000,1.144236,0.163775,0.593700,-1.986229,0.231754,0.000000,-0.115765,0.082873,1.913018,0.305654,0.660207,-3.525580,-0.089033,-0.030863,2.236066,0.478174,-0.000070,-3.288416,0.403542,0.003824
6.480000,1.120400,0.166544,0.593700,-1.986432,0.229827,0.000000,-0.114780,0.081763,1.871335,0.304342,0.660110,-3.484634,-0.110759,-0.019114,2.196670,0.483061,-0.000068,-3.291233,0.396254,-0.000987
6.492000,1.096562,0.169291,0.593700,-1.986642,0.227939,0.000000,-0.113792,0.083237,1.827506,0.304539,0.659015,-3.656617,0.026507,-0.087079,2.154909,0.488084,-0.000022,-3.557909,0.400960,0.001258
6.504000,1.072720,0.172014,0.593700,-1.986909,0.225943,0.000000,-0.112780,0.085343,1.781851,0.306735,0.658067,-3.774513,0.166557,-0.096367,2.111515,0.493093,-0.000012,-3.578325,0.388267,-0.010372
6.516000,1.048876,0.174713,0.593700,-1.987162,0.223883,0.000000,-0.111744,0.087354,1.735990,0.309888,0.657181,-3.812627,0.256905,-0.116564,2.068017,0.497949,-0.000048,-3.627096,0.383819,-0.009405
6.528000,1.025028,0.177387,0.593700,-1.987444,0.221723,0.000000,-0.110686,0.088948,1.689938,0.314140,0.656253,-3.816217,0.387911,-0.161149,2.024137,0.502735,-0.000069,-3.640421,0.346729,-0.017489
6.540000,1.001177,0.180035,0.593700,-1.987696,0.219620,0.000000,-0.109611,0.090158,1.647370,0.314033,0.653264,-3.623167,0.047798,-0.212783,1.981359,0.507601,-0.000022,-3.729820,0.443492,-0.013238
6.552000,0.977322,0.182654,0.593700,-1.988132,0.217133,0.000000,-0.108523,0.091085,1.601760,0.311482,0.649628,-3.806212,-0.185572,-0.304098,1.935741,0.513228,-0.000008,-3.743012,0.486335,0.009790
6.564000,0.953463,0.185247,0.593700,-1.988346,0.215001,0.000000,-0.107425,0.091817,1.556478,0.308414,0.645967,-3.832394,-0.252696,-0.298615,1.894640,0.518308,0.000019,-3.343573,0.412563,0.004013
6.576000,0.929601,0.187813,0.593700,-1.988605,0.212732,0.000000,-0.106282,0.100951,1.510335,0.305094,0.642979,-3.903328,-0.281373,-0.203749,1.857846,0.522697,-0.000014,-2.975299,0.335271,0.003955
6.588000,0.905736,0.190352,0.593700,-1.988857,0.210243,0.000000,-0.104983,0.115725,1.465905,0.301854,0.641056,-3.756005,-0.290016,-0.074040,1.824383,0.526443,-0.000034,-2.804277,0.282748,-0.001349
6.600000,0.881868,0.192857,0.593700,-1.989184,0.207323,0.000000,-0.103515,0.128735,1.424502,0.298836,0.641913,-3.526627,-0.295984,0.171623,1.792840,0.529683,-0.000149,-2.640686,0.244831,-0.011699
6.612000,0.857996,0.195326,0.593700,-1.989563,0.204012,0.000000,-0.101913,0.136411,1.381255,0.296215,0.636793,-3.474770,-0.300732,-0.480378,1.758932,0.533045,0.000063,-2.962348,0.333660,0.076770
6.624000,0.834127,0.197763,0.593700,-1.988308,0.202642,0.000000,-0.100260,0.139161,1.334215,0.291910,0.630537,-3.769550,-0.455221,-0.495016,1.716445,0.537550,0.000250,-3.498843,0.405210,0.019170
6.636000,0.810280,0.200193,0.593700,-1.986250,0.202271,0.000000,-0.098577,0.141653,1.286623,0.284241,0.625441,-3.867185,-0.694899,-0.391280,1.669993,0.542549,0.000250,-3.941493,0.441555,-0.015475
6.648000,0.786455,0.202616,0.593700,-1.984607,0.201395,0.000000,-0.096857,0.145069,1.237010,0.274058,0.621712,-4.030012,-0.890391,-0.324801,1.617833,0.547930,0.000153,-4.369256,0.477780,-0.022922
6.660000,0.762647,0.205023,0.593700,-1.983557,0.199521,0.000000,-0.095095,0.148733,1.188702,0.261978,0.618911,-3.986855,-1.004508,-0.285106,1.564476,0.553304,0.000035,-4.470405,0.463475,-0.024968
6.672000,0.738844,0.207399,0.593700,-1.983742,0.196209,0.000000,-0.093286,0.152746,1.142380,0.247834,0.616270,-3.826566,-1.180582,-0.250170,1.510525,0.558482,-0.000061,-4.514709,0.460649,-0.025164
6.682000,0.719001,0.209340,0.593700,-1.985138,0.191744,0.000000,-0.091740,0.157066,1.105586,0.235898,0.615211,-3.718354,-1.178469,-0.154056,1.465997,0.562627,-0.000184,-4.443045,0.395597,-0.029327
6.694000,0.695163,0.211602,0.593700,-1.988081,0.184942,0.000000,-0.089825,0.161910,1.063078,0.222330,0.614931,-3.551298,-1.125289,-0.104962,1.413962,0.567143,-0.000335,-4.347363,0.361439,-0.017943
6.706000,0.671284,0.213773,0.593700,-1.991470,0.177112,0.000000,-0.087853,0.166676,1.021792,0.209681,0.614889,-3.454660,-1.070157,-0.060136,1.362259,0.571486,-0.000414,-4.314922,0.352776,-0.020498
6.718000,0.647378,0.215866,0.593700,-1.992576,0.172129,0.000000,-0.085824,0.171606,0.981685,0.198250,0.614886,-3.415232,-0.951925,-0.063231,1.312567,0.575715,-0.000472,-4.136207,0.312484,-0.009904
6.730000,0.623468,0.217911,0.593700,-1.992439,0.168718,0.000000,-0.083731,0.178240,0.941663,0.189635,0.612793,-3.480625,-0.736946,-0.295607,1.265905,0.579717,-0.000489,-3.718025,0.262067,0.063157
6.742000,0.599556,0.219909,0.593700,-1.992825,0.164236,0.000000,-0.081488,0.199818,0.896086,0.181358,0.606081,-3.904230,-0.761357,-0.702609,1.223843,0.583034,-0.000267,-3.302090,0.308111,0.093535
6.754000,0.575643,0.221854,0.593700,-1.993554,0.158604,0.000000,-0.078901,0.229512,0.841515,0.176805,0.594272,-4.473571,-0.471586,-0.993323,1.179275,0.586395,0.000186,-3.808443,0.262284,0.037108
6.766000,0.551716,0.223725,0.593700,-1.993997,0.153368,0.000000,-0.075970,0.261706,0.778526,0.168749,0.580891,-5.098145,-0.658720,-1.118275,1.125651,0.589693,0.000374,-4.479331,0.312376,0.003378
6.778000,0.527786,0.225529,0.593700,-1.994566,0.146635,0.000000,-0.072544,0.312379,0.707622,0.157748,0.567118,-5.646529,-0.862832,-1.237720,1.063565,0.592776,0.000359,-5.029996,0.332316,0.000033
6.790000,0.503848,0.227236,0.593700,-1.994742,0.138257,0.000000,-0.068440,0.373432,0.648828,0.144017,0.553104,-4.983979,-1.099969,-1.155546,1.008006,0.595948,0.000291,-4.644229,0.252633,-0.010825
6.802000,0.479909,0.228840,0.593700,-1.995271,0.128538,0.000000,-0.063543,0.443879,0.593585,0.129545,0.534936,-4.790020,-1.223721,-1.622300,0.959441,0.598765,0.000393,-4.134907,0.261703,0.082032
6.814000,0.455959,0.230312,0.593700,-1.996230,0.116444,0.000000,-0.057663,0.544085,0.530645,0.114383,0.513436,-5.094395,-1.242186,-1.770387,0.903899,0.601533,0.000675,-4.548448,0.234199,0.013429
6.826000,0.432005,0.231626,0.593700,-1.995615,0.102524,0.000000,-0.050307,0.689405,0.470391,0.098675,0.492444,-5.022979,-1.350936,-1.828885,0.849265,0.603757,0.000541,-4.594784,0.239550,0.036216
6.838000,0.408063,0.232761,0.593700,-1.994224,0.087236,0.000000,-0.040890,0.889054,0.412206,0.083096,0.469016,-4.850925,-1.185821,-1.923099,0.794280,0.606070,0.000652,-4.393690,0.088720,0.017107
6.850000,0.384157,0.233759,0.593700,-1.989336,0.082029,0.000000,-0.028871,1.108263,0.357075,0.075040,0.447178,-4.683298,-0.607988,-1.801422,0.748782,0.607623,0.000692,-3.922453,-0.029507,-0.080031
6.862000,0.360311,0.234680,0.593700,-1.985641,0.067740,0.000000,-0.014845,1.206112,0.296072,0.071754,0.429100,-4.893005,-0.576864,-1.676150,0.695705,0.609595,0.000210,-4.216791,0.179072,-0.038317
6.874000,0.336483,0.235303,0.593700,-1.985446,0.034223,0.000000,-0.000562,1.143239,0.240257,0.061360,0.407634,-4.616188,-1.060057,-2.028672,0.646275,0.612937,0.000017,-4.301714,0.412329,0.071680
6.886000,0.312683,0.235546,0.593700,-1.979705,0.010573,0.000000,0.012371,1.022492,0.187503,0.041009,0.376445,-4.420357,-1.590585,-2.564646,0.594233,0.617306,0.000475,-4.319590,0.398797,0.090915
6.898000,0.289008,0.235697,0.593700,-1.964364,0.021786,0.000000,0.024156,0.945403,0.137467,0.021376,0.345471,-4.070993,-1.619888,-2.493222,0.543304,0.621300,0.000698,-4.190692,0.325826,-0.015240
6.910000,0.265548,0.236193,0.593700,-1.948788,0.050387,0.000000,0.035091,0.876192,0.102907,0.006987,0.312702,-3.147515,-1.293071,-2.918025,0.508328,0.624985,0.000548,-2.721874,0.247502,0.139574
6.922000,0.242209,0.236893,0.593700,-1.942718,0.065816,0.000000,0.045431,0.858336,0.077832,-0.006976,0.271626,-2.157190,-1.012241,-3.132490,0.484428,0.628706,0.001317,-2.147575,0.207244,-0.026930
6.932000,0.222777,0.237588,0.593700,-1.943532,0.074360,0.000000,0.053906,0.833047,0.059533,-0.014877,0.241929,-1.784619,-0.894748,-3.042446,0.462017,0.632174,0.001019,-2.354891,0.348586,-0.012523
6.944000,0.199439,0.238559,0.593700,-1.946817,0.087727,0.000000,0.063691,0.808657,0.047072,-0.024330,0.198549,-0.405075,-0.784853,-3.040265,0.439613,0.637088,0.001423,-1.774003,0.373133,0.015724
6.956000,0.178364,0.239537,0.593700,-1.588851,0.080071,0.000000,0.073384,0.816577,0.048739,-0.031903,0.163423,0.531917,-0.573557,-2.248547,0.417789,0.642905,0.001091,-1.937168,0.504086,0.158656
6.968000,0.159804,0.240902,0.593700,-1.519941,0.169817,0.000000,0.084060,0.995037,0.057324,-0.032668,0.137555,0.923037,0.100380,-1.463910,0.392387,0.649718,0.001305,-2.096797,0.449680,0.061647
6.980000,0.140698,0.243986,0.593700,-1.637740,0.304763,0.000000,0.097422,1.202124,0.064464,-0.024110,0.129409,0.696732,0.532328,-0.451523,0.369150,0.656075,0.000904,-1.706471,0.442756,-0.129800
6.992000,0.121536,0.248011,0.593700,-1.536192,0.368656,0.000000,0.111660,1.114024,0.080395,-0.023857,0.132640,1.381202,-0.147648,0.260904,0.357380,0.660937,0.000180,-0.936055,0.466880,-0.193141
7.004000,0.106387,0.248763,0.593700,0.000000,0.000000,0.000000,0.080919,0.849688,0.112968,-0.032318,0.126853,2.476414,-0.562349,-0.533982,0.350968,0.665166,-0.000057,-0.789180,0.421907,0.080235
7.016000,0.106387,0.248763,0.593700,0.000000,0.000000,0.000000,0.037792,0.751728,0.140529,-0.032321,0.118171,2.125608,0.133566,-0.748263,0.341291,0.670568,0.000195,-0.721298,0.340437,0.001345
7.028000,0.106387,0.248763,0.593700,0.000000,0.000000,0.000000,0.002667,0.655475,0.163623,-0.025296,0.110015,2.004961,0.603506,-0.758286,0.333728,0.675513,0.000110,-0.564482,0.324744,-0.009771
7.040000,0.106387,0.248763,0.593700,0.000000,0.000000,0.000000,-0.026837,0.572089,0.191372,-0.013297,0.097950,2.132390,1.169781,-1.030632,0.329395,0.679398,0.000222,-0.365349,0.226647,0.021534
7.052000,0.106387,0.248763,0.593700,0.000000,0.000000,0.000000,-0.039832,0.502676,0.206307,0.016120,0.092127,1.392343,2.771299,-1.083130,0.325335,0.683568,-0.000461,-0.339650,0.159070,0.111638
7.064000,0.106387,0.248763,0.593700,0.000000,0.000000,0.000000,-0.042252,0.475007,0.212598,0.092107,0.058511,0.654277,6.716540,-2.972798,0.311488,0.693243,0.000697,-1.084597,0.192358,0.290757
7.076000,0.106387,0.248763,0.593700,0.000000,0.000000,0.000000,-0.036783,0.639458,0.221222,0.201990,0.014174,0.607776,9.054471,-3.611288,0.304637,0.699757,0.001880,-0.405255,0.177796,0.058961
7.088000,0.106387,0.248763,0.593700,0.000000,0.000000,0.000000,-0.029546,0.712697,0.244253,0.317601,-0.035459,1.494547,9.214228,-4.014500,0.310250,0.702867,0.002368,0.453677,0.314951,0.090129
7.100000,0.106387,0.248763,0.593700,0.000000,0.000000,0.000000,-0.028436,0.901445,0.271588,0.408015,-0.053278,2.405890,7.718533,-0.878544,0.322513,0.705014,0.001680,0.862997,0.329162,-0.561409
7.112000,0.106387,0.248763,0.593700,0.000000,0.000000,0.000000,-0.027169,0.837453,0.314017,0.489624,-0.026182,3.318741,6.573565,2.376791,0.336553,0.708910,-0.000867,1.085585,0.484847,-0.586147
7.124000,0.106387,0.248763,0.593700,0.000000,0.000000,0.000000,-0.029746,0.769246,0.351126,0.556421,0.033739,2.785010,5.684673,4.624619,0.347755,0.710916,-0.003192,0.944374,0.223249,-0.532022
7.136000,0.106387,0.248763,0.593700,0.000000,0.000000,0.000000,-0.019854,0.877245,0.350687,0.623494,0.088818,-0.019678,5.768720,4.040207,0.351756,0.712002,-0.004671,0.690166,0.166431,0.058639
7.148000,0.106387,0.248763,0.593700,0.000000,0.000000,0.000000,-0.024023,0.949764,0.328308,0.683841,0.106765,-1.450419,4.996489,1.442739,0.351442,0.715965,-0.003267,0.028592,0.539222,0.274211
7.160000,0.106387,0.248763,0.593700,0.000000,0.000000,0.000000,-0.075534,0.863461,0.303030,0.744237,0.129719,-2.169929,4.811311,2.121446,0.348425,0.722937,-0.002498,-0.089757,0.701929,-0.011854
7.172000,0.106387,0.248763,0.593700,0.000000,0.000000,0.000000,-0.113899,0.664792,0.252882,0.791247,0.150579,-3.997294,3.452861,1.079136,0.339824,0.736955,-0.002341,-0.700292,1.320441,0.208517
7.182000,0.106387,0.248763,0.593700,0.000000,0.000000,0.000000,-0.144492,0.827453,0.205807,0.824301,0.142945,-4.503030,3.196479,-0.665657,0.322674,0.748771,-0.000799,-1.624950,1.286831,0.298278
7.194000,0.106387,0.248763,0.593700,0.000000,0.000000,0.000000,-0.180538,1.135998,0.145855,0.859054,0.122657,-4.717684,2.691739,-1.730616,0.297436,0.767912,0.000578,-2.134810,1.742152,0.157498
7.206000,0.106387,0.248763,0.593700,0.000000,0.000000,0.000000,-0.210652,1.438906,0.103319,0.878877,0.099235,-2.982030,1.229956,-1.708214,0.271184,0.790375,0.001285,-2.424456,2.095197,-0.062826
7.218000,0.106387,0.248763,0.593700,0.000000,0.000000,0.000000,-0.238631,1.465962,0.103882,0.866921,0.088185,0.040841,-1.000943,-0.815581,0.257957,0.804595,0.000784,-1.313382,1.352183,-0.190717
7.230000,0.106387,0.248763,0.593700,0.000000,0.000000,0.000000,-0.265786,1.354318,0.120782,0.841222,0.086036,0.975626,-1.858945,-0.378576,0.250997,0.815118,-0.000206,-0.580375,1.100415,-0.071435
7.242000,0.106387,0.248763,0.593700,0.000000,0.000000,0.000000,-0.293310,1.462289,0.160950,0.821909,0.092741,3.337959,-1.476400,0.620145,0.252840,0.819861,-0.000774,-0.163231,0.335396,-0.184811
7.254000,0.106387,0.248763,0.593700,0.000000,0.000000,0.000000,-0.326592,1.605811,0.205754,0.813291,0.115342,3.526142,-0.920514,1.776563,0.252492,0.826649,-0.001917,0.042389,0.396827,-0.185677
7.266000,0.106387,0.248763,0.593700,0.000000,0.000000,0.000000,-0.341248,1.721068,0.229635,0.808055,0.125675,1.745087,-0.476112,0.552123,0.248814,0.834620,-0.002223,-0.295155,0.856368,0.336129
7.278000,0.106387,0.248763,0.593700,0.000000,0.000000,0.000000,-0.339953,1.802397,0.240282,0.805280,0.126102,1.284638,-0.468385,0.155200,0.236645,0.849865,-0.000978,-0.854686,1.158847,0.072126
7.290000,0.106387,0.248763,0.593700,0.000000,0.000000,0.000000,-0.333045,1.988007,0.267690,0.788350,0.128340,2.247725,-1.293257,0.162881,0.235190,0.855176,-0.000727,-0.138112,0.446836,0.012996
7.302000,0.106387,0.248763,0.593700,0.000000,0.000000,0.000000,-0.322749,2.113502,0.302311,0.770620,0.129452,2.837442,-1.382260,0.063895,0.235485,0.859461,-0.000541,-0.175578,0.466618,0.020148
7.314000,0.106387,0.248763,0.593700,0.000000,0.000000,0.000000,-0.312955,2.489529,0.348332,0.755703,0.127919,4.076627,-1.223531,-0.185613,0.236655,0.864701,-0.000227,-0.082741,0.381009,0.033632
7.326000,0.106387,0.248763,0.593700,0.000000,0.000000,0.000000,-0.308354,2.708053,0.424702,0.742194,0.126769,6.394983,-1.077700,0.068308,0.240986,0.868471,0.000211,-0.008362,0.303189,-0.080542
7.338000,0.106387,0.248763,0.593700,0.000000,0.000000,0.000000,-0.300548,3.126524,0.508198,0.725326,0.128074,6.291544,-0.943505,-0.034309,0.246720,0.867263,-0.000096,0.618131,-0.222101,0.202260
7.350000,0.106387,0.248763,0.593700,0.000000,0.000000,0.000000,-0.296468,4.028184,0.572257,0.719420,0.125594,5.348574,-0.397368,0.257696,0.260018,0.857278,0.000887,1.416010,-1.016168,-0.011030
7.362000,0.106387,0.248763,0.593700,0.000000,0.000000,0.000000,-0.297109,4.904706,0.646660,0.718570,0.126264,6.650624,0.085626,0.186561,0.276490,0.848865,0.001088,1.336493,-0.886403,-0.091859
7.374000,0.106387,0.248763,0.593700,0.000000,0.000000,0.000000,-0.287770,5.633653,0.727317,0.724426,0.135971,6.578976,0.471382,0.745930,0.292734,0.840372,0.000577,1.377712,-0.637298,-0.134364
7.386000,0.106387,0.248763,0.593700,0.000000,0.000000,0.000000,-0.268758,6.087257,0.786347,0.730373,0.151502,4.838842,0.522788,1.080026,0.303317,0.837100,-0.000214,1.324493,-0.256023,-0.104628
7.398000,0.106387,0.248763,0.593700,0.000000,0.000000,0.000000,-0.246848,6.282580,0.822846,0.738606,0.148083,2.883201,0.633612,-0.548865,0.325373,0.834786,-0.000298,2.049694,-0.175652,0.192722
7.410000,0.106387,0.248763,0.593700,0.000000,0.000000,0.000000,-0.228349,6.547029,0.846227,0.740131,0.127447,2.050872,0.012611,-1.818144,0.343595,0.831256,0.000335,1.721717,-0.259580,0.278535
7.422000,0.106387,0.248763,0.593700,0.000000,0.000000,0.000000,-0.215689,6.851676,0.869706,0.744688,0.110833,1.919131,0.489594,-1.103500,0.363713,0.824024,0.000927,1.680266,-0.666484,-0.100688
7.434000,0.106387,0.248763,0.593700,0.000000,0.000000,0.000000,-0.211074,7.167027,0.891331,0.753563,0.110518,1.895512,0.840959,0.099637,0.383786,0.814875,0.000122,1.719923,-0.825723,-0.212904
7.446000,0.106387,0.248763,0.593700,0.000000,0.000000,0.000000,-0.211566,7.264867,0.908705,0.769407,0.119840,1.166198,1.573655,0.468600,0.405035,0.805011,-0.000949,1.849528,-0.947619,-0.060867
7.456000,0.106387,0.248763,0.593700,0.000000,0.000000,0.000000,-0.215607,7.375248,0.909432,0.794037,0.128907,0.246046,2.189474,0.892951,0.416496,0.800956,-0.001153,1.236793,-0.459027,-0.099469
7.468000,0.106387,0.248763,0.593700,0.000000,0.000000,0.000000,-0.217681,7.530422,0.904483,0.818970,0.147266,-0.276890,1.805488,1.525329,0.427856,0.797906,-0.001643,0.870871,-0.094984,-0.112580
7.480000,0.106387,0.248763,0.593700,0.000000,0.000000,0.000000,-0.216729,7.635953,0.905499,0.825538,0.165929,-0.073447,0.417161,1.353288,0.447005,0.789227,-0.001963,1.965610,-0.749811,0.040117
7.492000,0.106387,0.248763,0.593700,0.000000,0.000000,0.000000,-0.222211,7.430245,0.920460,0.822027,0.170389,0.939003,0.115135,0.445405,0.477073,0.777115,-0.001246,2.499449,-1.055787,0.013344
7.504000,0.106387,0.248763,0.593700,0.000000,0.000000,0.000000,-0.221862,7.264904,0.925637,0.825904,0.172890,0.406516,0.353135,0.140360,0.505423,0.762436,-0.000939,2.501735,-1.310332,0.029390
7.516000,0.106387,0.248763,0.593700,0.000000,0.000000,0.000000,-0.212138,7.172342,0.926500,0.824149,0.174578,0.131973,-0.308126,0.114537,0.534841,0.745118,-0.000690,2.685660,-1.434885,-0.014401
7.528000,0.106387,0.248763,0.593700,0.000000,0.000000,0.000000,-0.190781,7.121828,0.929452,0.803849,0.173923,0.150842,-1.807715,-0.143820,0.570448,0.724904,-0.000579,2.922036,-1.397018,0.027964
7.540000,0.106387,0.248763,0.593700,0.000000,0.000000,0.000000,-0.155157,6.756051,0.920106,0.775913,0.168038,-0.645211,-2.468120,-0.553540,0.598690,0.711109,-0.000336,2.590164,-1.135037,0.070905
7.552000,0.106387,0.248763,0.593700,0.000000,0.000000,0.000000,-0.123440,5.823940,0.900643,0.760534,0.162239,-1.535078,-0.428085,-0.004076,0.622392,0.700534,0.000202,1.952700,-1.300665,-0.150645
7.564000,0.106387,0.248763,0.593700,0.000000,0.000000,0.000000,-0.113290,5.103590,0.878944,0.769332,0.170116,-1.397809,0.423432,0.509151,0.639794,0.690712,-0.000573,1.348325,-0.847230,-0.124213
7.576000,0.106387,0.248763,0.593700,0.000000,0.000000,0.000000,-0.100409,4.248638,0.862467,0.779808,0.180919,-1.436550,0.855904,0.838103,0.653938,0.684323,-0.000974,1.180666,-0.554052,-0.097613
7.588000,0.106387,0.248763,0.593700,0.000000,0.000000,0.000000,-0.070179,3.586740,0.846289,0.793270,0.188599,-1.395691,1.068369,0.316641,0.662905,0.681140,-0.001543,0.574694,-0.064162,0.319568
7.600000,0.106387,0.248763,0.593700,0.000000,0.000000,0.000000,-0.028231,3.437176,0.828790,0.796425,0.176355,-0.636743,0.180040,-0.668014,0.668827,0.679177,0.000273,0.272688,0.006413,0.162223
7.612000,0.106387,0.248763,0.593700,0.000000,0.000000,0.000000,-0.011746,3.105755,0.823905,0.795950,0.162054,-0.390521,-0.003543,-0.960433,0.664571,0.681147,0.000972,-0.273724,0.155429,0.069113
7.624000,0.106387,0.248763,0.593700,0.000000,0.000000,0.000000,0.008103,2.849985,0.818112,0.795199,0.150199,-0.410218,-0.046274,-0.838596,0.660649,0.682794,0.001157,-0.220841,0.107888,0.005595
7.636000,0.106387,0.248763,0.593700,0.000000,0.000000,0.000000,0.029755,2.575679,0.811382,0.795416,0.140516,-0.476280,-0.055618,-0.559497,0.655884,0.684711,0.001119,-0.344681,0.117973,-0.000693
7.648000,0.106387,0.248763,0.593700,0.000000,0.000000,0.000000,0.049036,2.329984,0.804405,0.792839,0.137561,-0.518242,-0.287048,-0.119190,0.650131,0.687032,0.000881,-0.425834,0.215839,-0.048046
7.660000,0.106387,0.248763,0.593700,0.000000,0.000000,0.000000,0.070140,2.095626,0.797583,0.786484,0.139926,-0.516670,-0.572208,0.278486,0.643961,0.689653,0.000520,-0.462733,0.244040,-0.057541
7.672000,0.106387,0.248763,0.593700,0.000000,0.000000,0.000000,0.090687,1.903095,0.791481,0.781043,0.143933,-0.481316,-0.450281,0.329945,0.637604,0.692418,0.000260,-0.490669,0.207549,-0.015762
7.684000,0.106387,0.248763,0.593700,0.000000,0.000000,0.000000,0.111693,1.824033,0.785542,0.775949,0.148932,-0.465061,-0.413896,0.409730,0.630863,0.695251,0.000107,-0.516362,0.222542,-0.016081
7.696000,0.106387,0.248763,0.593700,0.000000,0.000000,0.000000,0.133736,1.967376,0.779670,0.771966,0.154038,-0.464982,-0.292993,0.384450,0.623870,0.698051,-0.000017,-0.540151,0.190928,0.010431
7.706000,0.106387,0.248763,0.593700,0.000000,0.000000,0.000000,0.152898,2.007958,0.774419,0.769876,0.157432,-0.498112,-0.209894,0.345120,0.617387,0.700281,0.000002,-0.620229,0.208132,0.008345
7.718000,0.106387,0.248763,0.593700,0.000000,0.000000,0.000000,0.176803,1.992417,0.768778,0.767633,0.161688,-0.483997,-0.165267,0.357379,0.610021,0.702739,-0.000005,-0.619230,0.202620,-0.001822
7.730000,0.106387,0.248763,0.593700,0.000000,0.000000,0.000000,0.200431,1.941028,0.763451,0.765734,0.166312,-0.463231,-0.134051,0.386901,0.602835,0.705011,-0.000040,-0.602788,0.187907,-0.004427
7.742000,0.106387,0.248763,0.593700,0.000000,0.000000,0.000000,0.223234,1.853137,0.758457,0.764121,0.171311,-0.439642,-0.109112,0.418053,0.596039,0.707039,-0.000076,-0.569579,0.167941,-0.003794
7.754000,0.106387,0.248763,0.593700,0.000000,0.000000,0.000000,0.245163,1.844859,0.753770,0.762802,0.176644,-0.416340,-0.084775,0.448061,0.589677,0.708812,-0.000104,-0.533553,0.146766,-0.003278
7.766000,0.106387,0.248763,0.593700,0.000000,0.000000,0.000000,0.267783,1.928839,0.748629,0.761833,0.182358,-0.468386,-0.056428,0.482409,0.583266,0.710394,-0.000130,-0.579472,0.137561,-0.002293
7.778000,0.106387,0.248763,0.593700,0.000000,0.000000,0.000000,0.291471,2.018828,0.739430,0.761379,0.188581,-0.749367,-0.038604,0.552455,0.573620,0.712063,-0.000150,-0.753491,0.136024,-0.001973
7.790000,0.106387,0.248763,0.593700,0.000000,0.000000,0.000000,0.315823,2.012540,0.729736,0.760350,0.195859,-0.837692,-0.069335,0.637698,0.564852,0.713334,-0.000181,-0.724688,0.110117,-0.003607
7.802000,0.106387,0.248763,0.593700,0.000000,0.000000,0.000000,0.339761,2.012613,0.719771,0.758961,0.204164,-0.867767,-0.103136,0.716844,0.556816,0.714260,-0.000216,-0.660261,0.081371,-0.003635
7.814000,0.106387,0.248763,0.593700,0.000000,0.000000,0.000000,0.364493,2.106855,0.709867,0.757212,0.213363,-0.867337,-0.128016,0.786743,0.550435,0.714903,-0.000248,-0.516276,0.058159,-0.002825
7.826000,0.106387,0.248763,0.593700,0.000000,0.000000,0.000000,0.390273,2.187612,0.700049,0.755457,0.223284,-0.852279,-0.125211,0.844348,0.545306,0.715367,-0.000272,-0.420011,0.042060,-0.000956
7.838000,0.106387,0.248763,0.593700,0.000000,0.000000,0.000000,0.416937,2.249208,0.690596,0.754009,0.233875,-0.814143,-0.099211,0.900888,0.541365,0.715746,-0.000288,-0.320019,0.031987,-0.000262
7.850000,0.106387,0.248763,0.593700,0.000000,0.000000,0.000000,0.444169,2.292293,0.686339,0.753472,0.245056,-0.478868,-0.039665,0.955993,0.542871,0.716516,-0.000295,0.030303,0.057264,0.001357
7.862000,0.106387,0.248763,0.593700,0.000000,0.000000,0.000000,0.472065,2.361722,0.682361,0.753459,0.256947,-0.352085,0.016642,1.022619,0.545057,0.717480,-0.000306,0.249136,0.091546,0.005813
7.874000,0.106387,0.248763,0.593700,0.000000,0.000000,0.000000,0.500783,2.420473,0.675539,0.753422,0.269072,-0.545594,0.028248,1.051700,0.545091,0.718161,-0.000283,0.081003,0.073479,0.013882
7.886000,0.106387,0.248763,0.593700,0.000000,0.000000,0.000000,0.530143,2.470625,0.668639,0.753795,0.281271,-0.688096,0.038904,1.063857,0.546352,0.719102,-0.000230,-0.021955,0.058491,0.020145
7.898000,0.106387,0.248763,0.593700,0.000000,0.000000,0.000000,0.560031,2.508683,0.661177,0.754558,0.293191,-0.694434,0.075321,1.048827,0.548293,0.720336,-0.000146,0.152043,0.107003,0.023643
7.910000,0.106387,0.248763,0.593700,0.000000,0.000000,0.000000,0.590324,2.540084,0.651486,0.755294,0.304949,-0.778062,0.092683,1.031518,0.549340,0.721461,-0.000059,0.215860,0.133354,0.023292
7.922000,0.106387,0.248763,0.593700,0.000000,0.000000,0.000000,0.621000,2.572761,0.640460,0.756077,0.316694,-0.919185,0.090311,1.032273,0.550101,0.722562,0.000011,0.100708,0.107383,0.022769
7.934000,0.106387,0.248763,0.593700,0.000000,0.000000,0.000000,0.652066,2.603994,0.628725,0.757050,0.328356,-1.017321,0.085442,1.021715,0.550905,0.723752,0.000083,0.015368,0.084710,0.018621
7.946000,0.106387,0.248763,0.593700,0.000000,0.000000,0.000000,0.683455,2.624313,0.616984,0.758288,0.340071,-1.035082,0.089458,1.009779,0.552111,0.725186,0.000130,0.001871,0.085835,0.014251
7.956000,0.106387,0.248763,0.593700,0.000000,0.000000,0.000000,0.709723,2.627537,0.606937,0.758691,0.349264,-1.012978,0.039147,0.961672,0.553225,0.726566,0.000175,0.159899,0.171501,0.016639
7.968000,0.106387,0.248763,0.593700,0.000000,0.000000,0.000000,0.741215,2.618311,0.594127,0.758591,0.360363,-1.035665,0.014964,0.956001,0.554296,0.728287,0.000204,0.154580,0.179126,0.013843
7.980000,0.106387,0.248763,0.593700,0.000000,0.000000,0.000000,0.772463,2.586301,0.579938,0.757842,0.371430,-1.132347,-0.041752,0.932558,0.553918,0.729484,0.000225,-0.009616,0.113808,0.006485
7.992000,0.106387,0.248763,0.593700,0.000000,0.000000,0.000000,0.803228,2.539611,0.566965,0.757200,0.382482,-1.137106,-0.063151,0.924846,0.553474,0.730702,0.000213,-0.191016,0.039050,0.001914
8.002000,0.106387,0.248763,0.593700,0.000000,0.000000,0.000000,0.828407,2.495224,0.556386,0.757017,0.391377,-1.065293,-0.019387,0.882729,0.552474,0.731486,0.000204,-0.062383,0.098075,0.003948
8.014000,0.106387,0.248763,0.593700,0.000000,0.000000,0.000000,0.858003,2.437380,0.542362,0.756160,0.401671,-1.115123,-0.042895,0.831170,0.549426,0.731530,0.000192,-0.211059,0.025355,0.000364
8.024000,0.106387,0.248763,0.593700,0.000000,0.000000,0.000000,0.869484,2.388766,0.531406,0.755646,0.409841,-1.121141,-0.060539,0.784742,0.546908,0.731550,0.000172,-0.341813,-0.038568,-0.002017
8.036000,0.106387,0.248763,0.593700,0.000000,0.000000,0.000000,0.879488,2.331816,0.518933,0.755217,0.419046,-1.049144,-0.051032,0.715776,0.543597,0.731423,0.000135,-0.309709,-0.025719,-0.003381
8.048000,0.106387,0.248763,0.593700,0.000000,0.000000,0.000000,0.889312,2.271654,0.507605,0.754460,0.426491,-0.812521,-0.118732,0.400605,0.540026,0.731004,0.000027,-0.191824,0.060339,0.048964
8.060000,0.106387,0.248763,0.593700,0.000000,0.000000,0.000000,0.898688,2.206067,0.498204,0.749158,0.428819,-0.821352,-0.440868,0.253014,0.536927,0.730860,0.000287,-0.333708,0.006708,0.027426
8.072000,0.106387,0.248763,0.593700,0.000000,0.000000,0.000000,0.904674,2.124795,0.491111,0.747862,0.432247,-0.558506,0.002963,0.365101,0.536309,0.732390,0.000370,0.015463,0.060188,-0.028620
8.084000,0.106387,0.248763,0.593700,0.000000,0.000000,0.000000,0.900417,1.931399,0.487520,0.754707,0.443919,-0.285009,0.589998,1.071489,0.533767,0.732680,0.000058,-0.342068,-0.131822,-0.141854
8.096000,0.106387,0.248763,0.593700,0.000000,0.000000,0.000000,0.886683,1.666632,0.487248,0.763349,0.469545,-0.114332,0.641441,2.189456,0.530780,0.732579,-0.000743,-0.211021,0.025189,-0.216529
8.108000,0.106387,0.248763,0.593700,0.000000,0.000000,0.000000,0.873658,1.438402,0.487729,0.772059,0.507152,-0.090310,0.707086,2.922353,0.531813,0.734190,-0.001786,0.035105,0.069140,-0.145690
8.120000,0.106387,0.248763,0.593700,0.000000,0.000000,0.000000,0.860378,1.216636,0.482972,0.779273,0.544487,-0.375380,0.615297,2.868124,0.530593,0.734132,-0.002269,-0.039110,0.010345,-0.018952
8.132000,0.106387,0.248763,0.593700,0.000000,0.000000,0.000000,0.844254,0.984627,0.474999,0.786882,0.575745,-0.686943,0.707383,2.266688,0.529575,0.733684,-0.002264,0.003041,-0.062368,0.094673
8.144000,0.106387,0.248763,0.593700,0.000000,0.000000,0.000000,0.816909,0.705386,0.465160,0.799687,0.595007,-0.848750,1.219782,1.512322,0.530882,0.733901,-0.001609,0.228893,-0.023528,0.109348
8.156000,0.106387,0.248763,0.593700,0.000000,0.000000,0.000000,0.779914,0.397471,0.455687,0.815373,0.611892,-0.808237,1.207019,1.335394,0.530890,0.734834,-0.001169,-0.102771,0.094645,0.020952
8.168000,0.106387,0.248763,0.593700,0.000000,0.000000,0.000000,0.742083,0.101560,0.444281,0.826342,0.625985,-0.994434,0.845463,1.051043,0.527535,0.735214,-0.000975,-0.263024,0.123661,0.030586
8.180000,0.106387,0.248763,0.593700,0.000000,0.000000,0.000000,0.720141,-0.104394,0.430756,0.821947,0.635521,-1.199268,-0.463271,0.727258,0.529454,0.738110,-0.000695,0.285058,0.421605,0.001699
8.192000,0.106387,0.248763,0.593700,0.000000,0.000000,0.000000,0.713570,-0.227915,0.412767,0.807649,0.646425,-1.401171,-1.081677,0.820394,0.527688,0.739938,-0.000695,-0.147737,0.217935,-0.036806
8.204000,0.106387,0.248763,0.593700,0.000000,0.000000,0.000000,0.709974,-0.349747,0.393703,0.792128,0.657071,-1.542403,-1.292276,0.788446,0.524063,0.740679,-0.000737,-0.314979,0.083700,-0.022037
8.216000,0.106387,0.248763,0.593700,0.000000,0.000000,0.000000,0.705047,-0.470445,0.373478,0.773640,0.666894,-1.645755,-1.535410,0.716297,0.518492,0.740548,-0.000736,-0.470334,0.015384,-0.013749
8.226000,0.106387,0.248763,0.593700,0.000000,0.000000,0.000000,0.699862,-0.565954,0.355851,0.756085,0.674113,-1.720993,-1.732166,0.625613,0.512527,0.739908,-0.000714,-0.591094,-0.035407,-0.007338
8.238000,0.106387,0.248763,0.593700,0.000000,0.000000,0.000000,0.692426,-0.670647,0.335320,0.733621,0.681220,-1.683280,-1.888192,0.493618,0.505224,0.738965,-0.000655,-0.650456,-0.067875,-0.003006
8.250000,0.106387,0.248763,0.593700,0.000000,0.000000,0.000000,0.683838,-0.755818,0.315201,0.708888,0.686789,-1.626403,-2.055117,0.372456,0.496408,0.737375,-0.000590,-0.755226,-0.114563,-0.004803
8.262000,0.106387,0.248763,0.593700,0.000000,0.000000,0.000000,0.674349,-0.821012,0.295262,0.682329,0.691043,-1.607890,-2.203998,0.260668,0.485569,0.734870,-0.000543,-0.926188,-0.195743,-0.005661
8.274000,0.106387,0.248763,0.593700,0.000000,0.000000,0.000000,0.664260,-0.842165,0.278470,0.654818,0.694139,-1.334409,-2.254625,0.186545,0.475244,0.732326,-0.000497,-0.842397,-0.187911,-0.014043
8.286000,0.106387,0.248763,0.593700,0.000000,0.000000,0.000000,0.654719,-0.725564,0.262769,0.626984,0.697203,-1.271809,-2.299233,0.161024,0.462427,0.728483,-0.000525,-1.129661,-0.341911,-0.019585
8.298000,0.106387,0.248763,0.593700,0.000000,0.000000,0.000000,0.647131,-0.541926,0.247366,0.598498,0.699185,-1.244880,-2.362085,0.068069,0.447867,0.723582,-0.000533,-1.231281,-0.409869,-0.009978
8.310000,0.106387,0.248763,0.593700,0.000000,0.000000,0.000000,0.641586,-0.383229,0.232767,0.569296,0.699872,-1.184108,-2.418421,-0.034564,0.432366,0.717906,-0.000509,-1.310048,-0.474563,-0.007650
8.322000,0.106387,0.248763,0.593700,0.000000,0.000000,0.000000,0.637955,-0.220744,0.218393,0.539055,0.699344,-1.174306,-2.474503,-0.124706,0.415270,0.711063,-0.000474,-1.463041,-0.602090,-0.011486
8.334000,0.106387,0.248763,0.593700,0.000000,0.000000,0.000000,0.636374,-0.034956,0.203161,0.507839,0.698165,-1.204534,-2.558414,-0.170450,0.395653,0.702387,-0.000466,-1.607462,-0.711545,-0.017948
8.346000,0.106387,0.248763,0.593700,0.000000,0.000000,0.000000,0.637404,0.219744,0.188818,0.476092,0.697226,-1.164531,-2.636762,-0.149129,0.375316,0.692749,-0.000508,-1.691074,-0.794557,-0.026675
8.358000,0.106387,0.248763,0.593700,0.000000,0.000000,0.000000,0.641788,0.511760,0.175797,0.446089,0.696506,-1.116432,-2.442161,-0.108190,0.355339,0.682923,-0.000541,-1.662512,-0.933944,-0.039877
8.370000,0.106387,0.248763,0.593700,0.000000,0.000000,0.000000,0.649691,0.803166,0.174104,0.418184,0.688568,-0.156801,-2.298153,-0.667364,0.343327,0.677112,-0.000310,-0.950169,-0.394304,0.070159
8.382000,0.106387,0.248763,0.593700,0.000000,0.000000,0.000000,0.660538,0.972952,0.175693,0.403958,0.678158,-0.169750,-1.195681,-0.685673,0.336647,0.673825,-0.000082,-0.581108,-0.552533,0.111976
8.394000,0.106387,0.248763,0.593700,0.000000,0.000000,0.000000,0.672671,1.046317,0.172469,0.394145,0.668331,-0.389084,-0.976539,-0.484789,0.330183,0.669590,0.000278,-0.482968,-0.363895,0.052775
8.406000,0.106387,0.248763,0.593700,0.000000,0.000000,0.000000,0.685621,1.115965,0.166867,0.383850,0.661013,-0.452241,-0.821059,-0.487333,0.325615,0.666825,0.000453,-0.410987,-0.330578,0.017766
8.418000,0.106387,0.248763,0.593700,0.000000,0.000000,0.000000,0.699489,1.195114,0.163032,0.375467,0.656411,-0.291549,-0.719785,-0.285301,0.319556,0.662689,0.000391,-0.560074,-0.388361,-0.000621
8.430000,0.106387,0.248763,0.593700,0.000000,0.000000,0.000000,0.714290,1.270683,0.159885,0.367194,0.653323,-0.242377,-0.689131,-0.197357,0.311571,0.657117,0.000328,-0.701723,-0.497008,0.002267
8.442000,0.106387,0.248763,0.593700,0.000000,0.000000,0.000000,0.729929,1.333265,0.155409,0.358319,0.649941,-0.395712,-0.755915,-0.261791,0.302510,0.650590,0.000311,-0.699913,-0.522323,0.030165
8.454000,0.106387,0.248763,0.593700,0.000000,0.000000,0.000000,0.746228,1.381009,0.150096,0.348472,0.646610,-0.405729,-0.805973,-0.211359,0.293175,0.643592,0.000351,-0.788937,-0.593911,0.007918
8.466000,0.106387,0.248763,0.593700,0.000000,0.000000,0.000000,0.763019,1.415682,0.145081,0.338448,0.644058,-0.397090,-0.826840,-0.175609,0.283178,0.635824,0.000323,-0.835839,-0.653802,0.005484
8.476000,0.106387,0.248763,0.593700,0.000000,0.000000,0.000000,0.777290,1.437626,0.141233,0.329918,0.642324,-0.372569,-0.845095,-0.146313,0.274627,0.628944,0.000297,-0.857203,-0.689580,0.002031
8.488000,0.106387,0.248763,0.593700,0.000000,0.000000,0.000000,0.794666,1.457039,0.136803,0.319595,0.640727,-0.357160,-0.858595,-0.116752,0.264216,0.620237,0.000251,-0.870644,-0.729913,0.000650
8.500000,0.106387,0.248763,0.593700,0.000000,0.000000,0.000000,0.812229,1.469312,0.132610,0.309135,0.639532,-0.347822,-0.868065,-0.085633,0.253775,0.611121,0.000207,-0.869041,-0.767157,-0.002163
8.512000,0.106387,0.248763,0.593700,0.000000,0.000000,0.000000,0.829909,1.476790,0.128547,0.298421,0.638388,-0.337808,-0.890607,-0.085613,0.243439,0.601663,0.000174,-0.859154,-0.790765,0.000705
8.524000,0.106387,0.248763,0.593700,0.000000,0.000000,0.000000,0.847663,1.481536,0.124656,0.287615,0.637392,-0.327420,-0.901228,-0.072099,0.233347,0.591985,0.000149,-0.838762,-0.811453,-0.001988
8.536000,0.106387,0.248763,0.593700,0.000000,0.000000,0.000000,0.865440,1.479938,0.120766,0.276594,0.636606,-0.325446,-0.919338,-0.065164,0.223387,0.581942,0.000113,-0.826198,-0.839481,0.000854
8.548000,0.106387,0.248763,0.593700,0.000000,0.000000,0.000000,0.883148,1.470781,0.116988,0.265452,0.635780,-0.316708,-0.931146,-0.064559,0.213764,0.571743,0.000099,-0.797016,-0.852773,-0.000241
8.560000,0.106387,0.248763,0.593700,0.000000,0.000000,0.000000,0.900727,1.457653,0.113259,0.254192,0.635108,-0.313109,-0.945288,-0.060988,0.204414,0.561297,0.000070,-0.774396,-0.871423,0.001901
8.572000,0.106387,0.248763,0.593700,0.000000,0.000000,0.000000,0.918142,1.445596,0.109631,0.242730,0.634417,-0.307692,-0.961121,-0.056164,0.195432,0.550728,0.000057,-0.742473,-0.882757,0.000689
8.584000,0.106387,0.248763,0.593700,0.000000,0.000000,0.000000,0.935578,1.472551,0.106081,0.230991,0.633755,-0.298839,-0.980705,-0.053109,0.186819,0.540027,0.000050,-0.713833,-0.896742,-0.001116
8.596000,0.106387,0.248763,0.593700,0.000000,0.000000,0.000000,0.953598,1.533448,0.102536,0.219112,0.633153,-0.294341,-0.997073,-0.049348,0.178546,0.529148,0.000036,-0.683387,-0.908522,-0.000511
8.608000,0.106387,0.248763,0.593700,0.000000,0.000000,0.000000,0.972402,1.597218,0.099150,0.207057,0.632672,-0.281647,-1.011050,-0.038051,0.170581,0.518054,0.000022,-0.660232,-0.929017,-0.001167
8.620000,0.106387,0.248763,0.593700,0.000000,0.000000,0.000000,0.991884,1.648946,0.095864,0.194824,0.632159,-0.273300,-1.022391,-0.035970,0.162890,0.506698,0.000014,-0.635211,-0.952803,-0.000842
8.632000,0.106387,0.248763,0.593700,0.000000,0.000000,0.000000,1.011959,1.696310,0.092746,0.182453,0.631748,-0.257600,-1.033114,-0.031581,0.155431,0.494984,0.000004,-0.618685,-0.984544,-0.000647
8.644000,0.106387,0.248763,0.593700,0.000000,0.000000,0.000000,1.032580,1.740019,0.089835,0.169970,0.631346,-0.239850,-1.044474,-0.032864,0.148191,0.482902,-0.000002,-0.598926,-1.012219,0.000201
8.656000,0.106387,0.248763,0.593700,0.000000,0.000000,0.000000,1.053707,1.780639,0.087027,0.157387,0.631027,-0.229117,-1.055158,-0.031710,0.141182,0.470429,-0.000015,-0.579735,-1.043439,0.002601
8.668000,0.106387,0.248763,0.593700,0.000000,0.000000,0.000000,1.075302,1.818019,0.084412,0.144661,0.630761,-0.213230,-1.066608,-0.024653,0.134442,0.457642,-0.000017,-0.557615,-1.069593,0.000474
8.680000,0.106387,0.248763,0.593700,0.000000,0.000000,0.000000,1.097327,1.852308,0.081982,0.131808,0.630604,-0.197050,-1.074895,-0.017240,0.127961,0.444513,-0.000027,-0.536323,-1.100826,-0.000197
8.692000,0.106387,0.248763,0.593700,0.000000,0.000000,0.000000,1.119746,1.883610,0.079695,0.118854,0.630384,-0.181826,-1.083836,-0.013652,0.121765,0.431074,-0.000024,-0.513345,-1.127689,-0.001831
8.704000,0.106387,0.248763,0.593700,0.000000,0.000000,0.000000,1.142506,1.908595,0.077598,0.105766,0.630219,-0.168476,-1.094896,-0.017790,0.115851,0.417344,-0.000034,-0.485537,-1.148227,0.001344
8.716000,0.106387,0.248763,0.593700,0.000000,0.000000,0.000000,1.165525,1.927188,0.075693,0.092523,0.630026,-0.151352,-1.111835,-0.015985,0.110288,0.403460,-0.000029,-0.455646,-1.155852,0.000217
8.726000,0.106387,0.248763,0.593700,0.000000,0.000000,0.000000,1.184862,1.939869,0.074344,0.081315,0.629978,-0.127648,-1.128853,-0.005352,0.105992,0.391987,-0.000032,-0.426082,-1.144701,-0.002079
8.738000,0.106387,0.248763,0.593700,0.000000,0.000000,0.000000,1.208219,1.952498,0.072881,0.067750,0.629898,-0.113982,-1.142172,-0.008015,0.101245,0.378390,-0.000037,-0.385738,-1.130191,0.001579
8.750000,0.106387,0.248763,0.593700,0.000000,0.000000,0.000000,1.231712,1.962561,0.071740,0.054065,0.629884,-0.081158,-1.145728,0.006443,0.096836,0.364708,-0.000029,-0.363793,-1.145753,-0.003155
8.762000,0.106387,0.248763,0.593700,0.000000,0.000000,0.000000,1.255312,1.970437,0.070805,0.040336,0.630019,-0.061731,-1.153272,0.008518,0.092710,0.350817,-0.000045,-0.339693,-1.157992,0.001032
8.774000,0.106387,0.248763,0.593700,0.000000,0.000000,0.000000,1.278993,1.976169,0.070060,0.026492,0.630114,-0.048416,-1.162838,0.019605,0.088917,0.336974,-0.000039,-0.309348,-1.159611,-0.000969
8.786000,0.106387,0.248763,0.593700,0.000000,0.000000,0.000000,1.302731,1.979173,0.069655,0.012524,0.630446,-0.024686,-1.165659,0.034563,0.085352,0.322804,-0.000041,-0.291828,-1.192564,-0.003828
8.798000,0.106387,0.248763,0.593700,0.000000,0.000000,0.000000,1.326472,1.976661,0.069486,-0.001578,0.630779,-0.003645,-1.178441,0.030955,0.082046,0.308480,-0.000046,-0.269067,-1.200610,-0.000446
8.810000,0.106387,0.248763,0.593700,0.000000,0.000000,0.000000,1.350151,1.969393,0.069692,-0.015887,0.631031,0.029992,-1.202279,0.022708,0.079030,0.294162,-0.000040,-0.246022,-1.186893,0.001013
8.822000,0.106387,0.248763,0.593700,0.000000,0.000000,0.000000,1.373725,1.959260,0.070189,-0.030459,0.631314,0.057970,-1.224300,0.022345,0.076358,0.280158,-0.000040,-0.216623,-1.160029,0.000280
8.834000,0.106387,0.248763,0.593700,0.000000,0.000000,0.000000,1.397167,1.947013,0.071079,-0.045168,0.631616,0.089779,-1.232135,0.028877,0.074006,0.266402,-0.000037,-0.191773,-1.150929,-0.000971
8.846000,0.106387,0.248763,0.593700,0.000000,0.000000,0.000000,1.420445,1.932219,0.072322,-0.060031,0.631889,0.121444,-1.246863,0.021765,0.071913,0.252660,-0.000037,-0.169025,-1.140576,0.001312
8.858000,0.106387,0.248763,0.593700,0.000000,0.000000,0.000000,1.443536,1.915811,0.073944,-0.075020,0.632214,0.155758,-1.254089,0.023519,0.070081,0.238910,-0.000036,-0.151095,-1.147204,0.000612
8.870000,0.106387,0.248763,0.593700,0.000000,0.000000,0.000000,1.466423,1.898646,0.075975,-0.090140,0.632477,0.188183,-1.262555,0.022080,0.068483,0.225120,-0.000030,-0.129646,-1.149932,-0.000747
8.882000,0.106387,0.248763,0.593700,0.000000,0.000000,0.000000,1.489104,1.881785,0.078393,-0.105360,0.632720,0.218801,-1.270826,0.016658,0.067112,0.211202,-0.000032,-0.108048,-1.157052,0.001901
8.894000,0.106387,0.248763,0.593700,0.000000,0.000000,0.000000,1.511595,1.867414,0.081261,-0.120701,0.632901,0.258188,-1.277902,0.013565,0.065991,0.197250,-0.000025,-0.088615,-1.162440,0.001305
8.906000,0.106387,0.248763,0.593700,0.000000,0.000000,0.000000,1.533934,1.856475,0.084546,-0.136075,0.633138,0.292975,-1.282786,0.015928,0.065110,0.183140,-0.000027,-0.067221,-1.172460,0.002915
8.918000,0.106387,0.248763,0.593700,0.000000,0.000000,0.000000,1.556158,1.848113,0.088340,-0.151529,0.633436,0.331643,-1.286516,0.027058,0.064480,0.168929,-0.000021,-0.043907,-1.184386,-0.001513
8.930000,0.106387,0.248763,0.593700,0.000000,0.000000,0.000000,1.578293,1.841362,0.092735,-0.167036,0.633691,0.384907,-1.292494,0.020949,0.064124,0.154682,-0.000022,-0.025890,-1.183201,0.001794
8.942000,0.106387,0.248763,0.593700,0.000000,0.000000,0.000000,1.600335,1.830462,0.096907,-0.183049,0.633634,0.351548,-1.314875,-0.019097,0.064031,0.139505,-0.000001,0.001754,-1.313815,0.001454
8.954000,0.106387,0.248763,0.593700,0.000000,0.000000,0.000000,1.622217,1.817430,0.101177,-0.198912,0.633590,0.370640,-1.295871,-0.016145,0.064243,0.122904,-0.000008,0.021589,-1.371972,-0.003709
8.966000,0.106387,0.248763,0.593700,0.000000,0.000000,0.000000,1.643970,1.807976,0.105972,-0.213945,0.633375,0.392857,-1.268960,-0.036243,0.064760,0.106499,-0.000016,0.057011,-1.373849,0.001966
8.976000,0.106387,0.248763,0.593700,0.000000,0.000000,0.000000,1.662008,1.799489,0.110293,-0.226480,0.632950,0.419192,-1.265606,-0.058318,0.065487,0.092659,-0.000010,0.081857,-1.384924,0.004019
8.988000,0.106387,0.248763,0.593700,0.000000,0.000000,0.000000,1.683540,1.789631,0.115752,-0.241482,0.632416,0.471965,-1.251073,-0.052257,0.066773,0.075545,-0.000004,0.101572,-1.437651,-0.001723
9.000000,0.106387,0.248763,0.593700,0.000000,0.000000,0.000000,1.704971,1.782896,0.121291,-0.256540,0.631426,0.482104,-1.245772,-0.116867,0.068400,0.058345,-0.000009,0.144414,-1.426491,0.012450
9.012000,0.106387,0.248763,0.593700,0.000000,0.000000,0.000000,1.726338,1.778560,0.127976,-0.271352,0.629749,0.567958,-1.230945,-0.134806,0.070421,0.041090,0.000047,0.161617,-1.442698,0.002830
9.024000,0.106387,0.248763,0.593700,0.000000,0.000000,0.000000,1.747656,1.774641,0.135069,-0.285984,0.628296,0.627614,-1.216602,-0.114159,0.072758,0.023717,0.000045,0.191951,-1.449815,-0.001703
9.036000,0.106387,0.248763,0.593700,0.000000,0.000000,0.000000,1.768932,1.771700,0.142490,-0.300835,0.626874,0.630161,-1.230606,-0.122231,0.075416,0.006319,0.000047,0.233184,-1.459213,-0.005446
9.048000,0.106387,0.248763,0.593700,0.000000,0.000000,0.000000,1.790185,1.770732,0.150507,-0.315399,0.625455,0.675762,-1.219514,-0.127498,0.078419,-0.010982,0.000030,0.249056,-1.444026,-0.001586
9.060000,0.106387,0.248763,0.593700,0.000000,0.000000,0.000000,1.811436,1.771421,0.158864,-0.330153,0.624198,0.694462,-1.231890,-0.120925,0.081744,-0.028449,0.000015,0.287971,-1.445020,-0.003419
9.072000,0.106387,0.248763,0.593700,0.000000,0.000000,0.000000,1.832707,1.773836,0.167820,-0.344692,0.622917,0.746958,-1.215347,-0.114618,0.085405,-0.045874,-0.000005,0.314154,-1.445894,-0.003258
9.084000,0.106387,0.248763,0.593700,0.000000,0.000000,0.000000,1.854016,1.777419,0.177144,-0.359162,0.621428,0.795933,-1.201451,-0.129981,0.089384,-0.063018,-0.000006,0.327968,-1.432148,-0.002826
9.096000,0.106387,0.248763,0.593700,0.000000,0.000000,0.000000,1.875363,1.780071,0.186743,-0.373628,0.619887,0.805827,-1.208592,-0.143341,0.093656,-0.080101,-0.000019,0.369328,-1.416076,-0.001231
9.108000,0.106387,0.248763,0.593700,0.000000,0.000000,0.000000,1.896737,1.781993,0.196755,-0.388109,0.617996,0.819968,-1.209694,-0.181780,0.098313,-0.097060,-0.000022,0.409168,-1.433912,0.004170
9.120000,0.106387,0.248763,0.593700,0.000000,0.000000,0.000000,1.918122,1.781540,0.205750,-0.403428,0.615311,0.791147,-1.255024,-0.209362,0.103683,-0.114571,0.000021,0.456199,-1.454731,0.000698
9.132000,0.106387,0.248763,0.593700,0.000000,0.000000,0.000000,1.939486,1.778619,0.215007,-0.418916,0.612394,0.791607,-1.283562,-0.246458,0.109377,-0.131917,0.000036,0.487802,-1.434044,0.003742
9.144000,0.106387,0.248763,0.593700,0.000000,0.000000,0.000000,1.960833,1.780562,0.224703,-0.434304,0.609332,0.813186,-1.284288,-0.261776,0.115364,-0.148960,0.000046,0.508135,-1.408235,-0.000473
9.156000,0.106387,0.248763,0.593700,0.000000,0.000000,0.000000,1.982215,1.781987,0.235112,-0.449551,0.606040,0.883032,-1.266020,-0.276255,0.121662,-0.165744,0.000049,0.522594,-1.393914,0.002428
9.168000,0.106387,0.248763,0.593700,0.000000,0.000000,0.000000,2.003587,1.780141,0.246005,-0.464641,0.602654,0.926896,-1.252261,-0.282966,0.128124,-0.182108,0.000054,0.542112,-1.356629,0.000256
9.180000,0.106387,0.248763,0.593700,0.000000,0.000000,0.000000,2.024940,1.778789,0.257232,-0.479505,0.599106,0.961140,-1.227993,-0.289145,0.134940,-0.198366,0.000055,0.572013,-1.355581,-0.000191
9.192000,0.106387,0.248763,0.593700,0.000000,0.000000,0.000000,2.046280,1.777977,0.268852,-0.494283,0.595588,0.990061,-1.230644,-0.302494,0.141984,-0.214388,0.000044,0.598186,-1.333060,0.002707
9.204000,0.106387,0.248763,0.593700,0.000000,0.000000,0.000000,2.067612,1.777308,0.280936,-0.509043,0.591880,1.029320,-1.217529,-0.315881,0.149336,-0.230265,0.000048,0.611626,-1.314939,0.002011
9.216000,0.106387,0.248763,0.593700,0.000000,0.000000,0.000000,2.088934,1.776003,0.293554,-0.523549,0.588058,1.060911,-1.210622,-0.333251,0.156785,-0.245739,0.000046,0.627587,-1.280445,0.002121
9.228000,0.106387,0.248763,0.593700,0.000000,0.000000,0.000000,2.110220,1.771211,0.306771,-0.537897,0.584007,1.125321,-1.187089,-0.342837,0.164431,-0.260917,0.000053,0.630694,-1.265991,0.001015
9.240000,0.106387,0.248763,0.593700,0.000000,0.000000,0.000000,2.131438,1.763894,0.320211,-0.552426,0.579817,1.149870,-1.196933,-0.367538,0.172347,-0.276104,0.000047,0.649982,-1.251718,0.003427
9.252000,0.106387,0.248763,0.593700,0.000000,0.000000,0.000000,2.152542,1.752397,0.334147,-0.566877,0.575396,1.186296,-1.188102,-0.378968,0.180319,-0.290899,0.000052,0.663510,-1.239916,0.000847
9.264000,0.106387,0.248763,0.593700,0.000000,0.000000,0.000000,2.173488,1.737634,0.348394,-0.581430,0.570690,1.214700,-1.208148,-0.408587,0.188386,-0.305461,0.000049,0.667406,-1.195486,0.004791
9.274000,0.106387,0.248763,0.593700,0.000000,0.000000,0.000000,2.190781,1.720799,0.360600,-0.593465,0.566689,1.242948,-1.196256,-0.413265,0.195174,-0.317446,0.000046,0.683782,-1.188636,0.003671
9.286000,0.106387,0.248763,0.593700,0.000000,0.000000,0.000000,2.211287,1.695185,0.375733,-0.607959,0.561664,1.278054,-1.196805,-0.427424,0.203265,-0.331434,0.000054,0.676748,-1.149988,0.002437
9.298000,0.106387,0.248763,0.593700,0.000000,0.000000,0.000000,2.231430,1.659773,0.391165,-0.622571,0.556346,1.306117,-1.214253,-0.454122,0.211165,-0.344875,0.000062,0.649863,-1.085211,0.003900
9.310000,0.106387,0.248763,0.593700,0.000000,0.000000,0.000000,2.251066,1.611637,0.407010,-0.636948,0.550913,1.351714,-1.174548,-0.448502,0.218643,-0.357540,0.000066,0.625946,-1.042859,0.002390
9.322000,0.106387,0.248763,0.593700,0.000000,0.000000,0.000000,2.269996,1.536909,0.423816,-0.653470,0.544437,1.435901,-1.328709,-0.524715,0.225658,-0.369438,0.000123,0.577595,-1.016287,-0.004008
9.334000,0.106387,0.248763,0.593700,0.000000,0.000000,0.000000,2.287887,1.440187,0.441033,-0.670477,0.537969,1.438108,-1.366617,-0.546987,0.232444,-0.381226,0.000111,0.527053,-0.920294,-0.003306
9.346000,0.106387,0.248763,0.593700,0.000000,0.000000,0.000000,2.304481,1.322662,0.457870,-0.686030,0.531012,1.440602,-1.278886,-0.585893,0.237891,-0.391241,0.000102,0.449848,-0.821798,0.004507
9.358000,0.106387,0.248763,0.593700,0.000000,0.000000,0.000000,2.319560,1.189618,0.475738,-0.701156,0.523724,1.531392,-1.203127,-0.598094,0.243071,-0.401144,0.000113,0.411451,-0.811965,0.003018
9.370000,0.106387,0.248763,0.593700,0.000000,0.000000,0.000000,2.333036,1.055086,0.494089,-0.715380,0.516269,1.566233,-1.150693,-0.619589,0.247863,-0.410819,0.000112,0.403851,-0.802618,0.007501
9.382000,0.106387,0.248763,0.593700,0.000000,0.000000,0.000000,2.344850,0.912785,0.513094,-0.728932,0.508557,1.622396,-1.088241,-0.636456,0.252480,-0.420575,0.000127,0.384531,-0.810238,0.002604
9.394000,0.106387,0.248763,0.593700,0.000000,0.000000,0.000000,2.354894,0.759407,0.532629,-0.741974,0.500588,1.666174,-1.047232,-0.673231,0.256864,-0.430379,0.000122,0.364821,-0.812494,0.008370
9.406000,0.106387,0.248763,0.593700,0.000000,0.000000,0.000000,2.363035,0.595407,0.552761,-0.754281,0.492316,1.719723,-0.988477,-0.683267,0.260929,-0.440163,0.000133,0.334448,-0.811674,0.000915
9.418000,0.106387,0.248763,0.593700,0.000000,0.000000,0.000000,2.369136,0.419937,0.573236,-0.766218,0.483521,1.745457,-0.955225,-0.737248,0.264718,-0.450023,0.000133,0.318567,-0.815994,0.008395
9.430000,0.106387,0.248763,0.593700,0.000000,0.000000,0.000000,2.373074,0.234230,0.594170,-0.777399,0.474208,1.792186,-0.893714,-0.775705,0.268110,-0.459800,0.000148,0.277518,-0.812052,0.006401
9.442000,0.106387,0.248763,0.593700,0.000000,0.000000,0.000000,2.374727,0.040566,0.615678,-0.787517,0.464454,1.833319,-0.815672,-0.819299,0.270962,-0.469388,0.000150,0.236156,-0.795992,0.008315
9.454000,0.106387,0.248763,0.593700,0.000000,0.000000,0.000000,2.372172,-0.142789,0.638761,-0.795689,0.453622,1.926331,-0.688438,-0.891605,0.273136,-0.478615,0.000192,0.184435,-0.760512,0.007301
9.466000,0.106387,0.248763,0.593700,0.000000,0.000000,0.000000,2.323530,-0.326580,0.660936,-0.803707,0.442479,1.899878,-0.642497,-0.940813,0.274688,-0.487359,0.000188,0.130590,-0.719554,0.007457
9.478000,0.106387,0.248763,0.593700,0.000000,0.000000,0.000000,2.263154,-0.531586,0.683086,-0.810729,0.430647,1.903699,-0.559111,-0.994158,0.275496,-0.495638,0.000188,0.070774,-0.690664,0.007200
9.490000,0.106387,0.248763,0.593700,0.000000,0.000000,0.000000,2.192029,-0.748593,0.705076,-0.816509,0.418112,1.882316,-0.464910,-1.064747,0.275612,-0.503567,0.000183,0.017196,-0.664370,0.008230
9.502000,0.106387,0.248763,0.593700,0.000000,0.000000,0.000000,2.110264,-0.969137,0.727045,-0.820602,0.404324,1.881351,-0.273448,-1.204849,0.275101,-0.511023,0.000180,-0.065325,-0.661092,0.018029
9.514000,0.106387,0.248763,0.593700,0.000000,0.000000,0.000000,2.021542,-1.157755,0.746923,-0.823287,0.387623,1.694867,-0.236555,-1.411474,0.273811,-0.518067,0.000285,-0.077579,-0.582703,0.021092
9.524000,0.106387,0.248763,0.593700,0.000000,0.000000,0.000000,1.943879,-1.295886,0.762534,-0.824721,0.372857,1.611047,-0.166793,-1.493259,0.272333,-0.523530,0.000340,-0.119300,-0.561387,0.001249
9.536000,0.106387,0.248763,0.593700,0.000000,0.000000,0.000000,1.851799,-1.473943,0.778058,-0.833166,0.354437,1.358152,-0.620668,-1.605536,0.269389,-0.535445,0.000279,-0.232715,-1.054254,0.022182
9.548000,0.106387,0.248763,0.593700,0.000000,0.000000,0.000000,1.759626,-1.675257,0.792472,-0.844204,0.332610,1.275787,-0.798832,-1.725044,0.264257,-0.552988,0.000366,-0.445588,-1.496764,0.047627
9.560000,0.106387,0.248763,0.593700,0.000000,0.000000,0.000000,1.679689,-1.767588,0.805330,-0.853240,0.309568,1.080369,-0.703012,-1.759373,0.257459,-0.571537,0.000520,-0.557283,-1.550723,0.052254
9.572000,0.106387,0.248763,0.593700,0.000000,0.000000,0.000000,1.612176,-1.737140,0.814782,-0.860302,0.289333,0.714551,-0.542282,-1.434155,0.249975,-0.589160,0.000548,-0.573629,-1.449781,0.013400
9.584000,0.106387,0.248763,0.593700,0.000000,0.000000,0.000000,1.556130,-1.621642,0.819224,-0.866293,0.273029,0.363848,-0.442979,-1.202548,0.242146,-0.606053,0.000430,-0.612847,-1.402976,0.018360
9.596000,0.106387,0.248763,0.593700,0.000000,0.000000,0.000000,1.509021,-1.436319,0.820460,-0.870759,0.258956,0.104542,-0.340873,-1.097671,0.233815,-0.622773,0.000360,-0.661329,-1.406858,0.008837
9.608000,0.106387,0.248763,0.593700,0.000000,0.000000,0.000000,1.466885,-1.202916,0.818592,-0.877192,0.245835,-0.171768,-0.669133,-1.209567,0.224960,-0.639638,0.000195,-0.749732,-1.307450,0.040643
9.620000,0.106387,0.248763,0.593700,0.000000,0.000000,0.000000,1.427551,-0.945848,0.816226,-0.888019,0.229063,-0.233422,-0.898693,-1.379397,0.216110,-0.654888,0.000404,-0.706308,-1.224356,0.004641
9.632000,0.106387,0.248763,0.593700,0.000000,0.000000,0.000000,1.391209,-0.660429,0.811287,-0.899642,0.213027,-0.410514,-0.957508,-1.392729,0.207294,-0.669463,0.000344,-0.711006,-1.209873,-0.014834
9.644000,0.106387,0.248763,0.593700,0.000000,0.000000,0.000000,1.356871,-0.365901,0.804188,-0.910922,0.196677,-0.591286,-0.945631,-1.410491,0.198193,-0.683683,0.000270,-0.729842,-1.184972,-0.019350
9.656000,0.106387,0.248763,0.593700,0.000000,0.000000,0.000000,1.324240,-0.087669,0.794842,-0.921846,0.180476,-0.774264,-0.916803,-1.403105,0.188856,-0.697487,0.000179,-0.749152,-1.153348,-0.024298
9.668000,0.106387,0.248763,0.593700,0.000000,0.000000,0.000000,1.294019,0.134240,0.782129,-0.934586,0.170539,-0.868479,-1.050603,-1.138821,0.179273,-0.710634,-0.000480,-0.859672,-1.073804,-0.010624
9.680000,0.106387,0.248763,0.593700,0.000000,0.000000,0.000000,1.269105,0.269050,0.779218,-0.944603,0.151499,-0.313558,-0.972350,-1.530815,0.171718,-0.719462,-0.000093,-0.634768,-0.672669,0.023077
9.692000,0.106387,0.248763,0.593700,0.000000,0.000000,0.000000,1.245964,0.431291,0.779982,-0.954195,0.134730,-0.030028,-0.858157,-1.433561,0.167626,-0.724147,-0.000076,-0.343840,-0.383240,-0.037604
9.704000,0.106387,0.248763,0.593700,0.000000,0.000000,0.000000,1.224318,0.610727,0.780032,-0.962898,0.118822,-0.049715,-0.747035,-1.410680,0.164621,-0.727569,-0.000207,-0.239609,-0.301433,-0.028211
9.716000,0.106387,0.248763,0.593700,0.000000,0.000000,0.000000,1.207859,0.771716,0.775114,-0.970870,0.104819,-0.441564,-0.673583,-1.278626,0.161826,-0.730425,-0.000456,-0.178328,-0.189303,-0.080345
9.728000,0.106387,0.248763,0.593700,0.000000,0.000000,0.000000,1.193523,0.890524,0.774027,-0.973180,0.079190,-0.140381,-0.174371,-2.194563,0.160296,-0.730519,-0.000168,-0.208423,-0.097181,0.134242
9.740000,0.106387,0.248763,0.593700,0.000000,0.000000,0.000000,1.179073,1.077555,0.775460,-0.968912,0.053194,0.023096,0.296461,-2.118421,0.162043,-0.727174,0.000230,0.211917,0.307292,-0.055834
9.752000,0.106387,0.248763,0.593700,0.000000,0.000000,0.000000,1.163018,1.220428,0.779941,-0.957799,0.024636,0.240611,0.867222,-2.382398,0.169053,-0.718598,0.000293,0.611346,0.672893,0.002815
9.764000,0.106387,0.248763,0.593700,0.000000,0.000000,0.000000,1.143930,1.227070,0.783578,-0.942060,-0.003077,0.178165,1.273435,-2.346908,0.179334,-0.707617,0.000283,0.917885,0.891702,-0.032482
9.774000,0.106387,0.248763,0.593700,0.000000,0.000000,0.000000,1.126327,1.125812,0.784363,-0.926815,-0.025684,0.005705,1.461208,-2.322382,0.190001,-0.697229,0.000183,1.108146,1.010874,-0.032571
9.786000,0.106387,0.248763,0.593700,0.000000,0.000000,0.000000,1.104738,0.940809,0.781367,-0.908223,-0.052409,-0.337468,1.521322,-2.297599,0.204193,-0.684289,0.000056,1.256351,1.077527,-0.030640
9.798000,0.106387,0.248763,0.593700,0.000000,0.000000,0.000000,1.083786,0.700013,0.772144,-0.888392,-0.081218,-0.975602,1.832157,-2.625953,0.218643,-0.671734,-0.000073,1.115660,0.858150,0.063870
9.810000,0.106387,0.248763,0.593700,0.000000,0.000000,0.000000,1.070711,0.475228,0.753717,-0.865455,-0.111684,-1.575109,1.896640,-2.429021,0.228430,-0.663016,0.000196,0.976937,0.795563,-0.064413
9.822000,0.106387,0.248763,0.593700,0.000000,0.000000,0.000000,1.060064,0.240848,0.730128,-0.838510,-0.131131,-2.452290,2.050842,-0.443568,0.240751,-0.651922,-0.000182,0.963247,0.803357,-0.155656
9.834000,0.106387,0.248763,0.593700,0.000000,0.000000,0.000000,1.061004,0.050398,0.706525,-0.808850,-0.120666,-2.168042,2.279617,1.170069,0.256635,-0.637903,-0.001283,1.279033,1.180550,-0.118956
9.846000,0.106387,0.248763,0.593700,0.000000,0.000000,0.000000,1.059034,-0.150874,0.686495,-0.779175,-0.094436,-1.845290,2.309399,2.051703,0.279181,-0.618796,-0.002081,1.873462,1.715705,-0.144807
9.858000,0.106387,0.248763,0.593700,0.000000,0.000000,0.000000,1.048982,-0.371677,0.668343,-0.759618,-0.061917,-1.682226,1.520699,2.567571,0.304045,-0.597706,-0.002600,2.048249,1.852977,-0.124459
9.870000,0.106387,0.248763,0.593700,0.000000,0.000000,0.000000,1.024390,-0.565308,0.648141,-0.751502,-0.025111,-0.837037,0.996471,2.842107,0.328384,-0.577603,-0.003083,1.927669,1.662925,-0.058369
9.882000,0.106387,0.248763,0.593700,0.000000,0.000000,0.000000,1.018441,-0.434212,0.673147,-0.733293,0.015083,1.669353,1.351988,3.078836,0.350899,-0.557827,-0.003266,1.546119,1.616142,-0.090929
9.894000,0.106387,0.248763,0.593700,0.000000,0.000000,0.000000,1.013792,-0.351722,0.685894,-0.718629,0.028376,1.015928,1.343073,1.291054,0.364680,-0.547654,-0.002156,1.188046,0.784928,0.197724
9.906000,0.106387,0.248763,0.593700,0.000000,0.000000,0.000000,1.009698,-0.340049,0.690312,-0.702723,0.045176,0.570540,1.482758,1.488125,0.375034,-0.541668,-0.001472,0.886237,0.393433,-0.028805
9.918000,0.106387,0.248763,0.593700,0.000000,0.000000,0.000000,1.005570,-0.338735,0.693313,-0.680783,0.071899,0.236857,1.831519,2.159362,0.384264,-0.538135,-0.001735,0.845535,0.237410,-0.137776
9.930000,0.106387,0.248763,0.593700,0.000000,0.000000,0.000000,1.001720,-0.306860,0.693836,-0.656325,0.104086,0.051946,2.024425,2.551604,0.394374,-0.534950,-0.002245,0.912951,0.239763,-0.084062
9.942000,0.106387,0.248763,0.593700,0.000000,0.000000,0.000000,0.998150,-0.281978,0.695985,-0.630051,0.129039,0.126748,2.179118,1.456660,0.407603,-0.530268,-0.002194,1.135196,0.344036,0.194258
9.954000,0.106387,0.248763,0.593700,0.000000,0.000000,0.000000,0.995652,-0.134475,0.694493,-0.612719,0.138471,-0.174085,1.434813,0.807030,0.417973,-0.524535,-0.001166,0.867861,0.543434,0.083534
9.966000,0.106387,0.248763,0.593700,0.000000,0.000000,0.000000,0.994999,0.032565,0.696970,-0.603163,0.134708,0.336181,0.721287,-0.411066,0.427128,-0.517288,-0.000347,0.445081,0.623190,0.239586
9.978000,0.106387,0.248763,0.593700,0.000000,0.000000,0.000000,0.996466,0.212869,0.698332,-0.602813,0.125449,-0.025056,-0.004355,-0.623652,0.431905,-0.511460,0.000563,0.551064,0.668374,0.075358
9.990000,0.106387,0.248763,0.593700,0.000000,0.000000,0.000000,0.999951,0.354704,0.698757,-0.603645,0.115852,-0.058883,0.065801,-0.535821,0.440849,-0.501799,0.000951,0.719064,0.837363,0.001141
