time,Prx,Pry,Prz,Vrx,Vry,Vrz,Yawr,vYawr,Pbx,Pby,Pbz,Vbx,Vby,Vbz,Pwx,Pwy,Pwz,Vwx,Vwy,Vwz
1.000000,0.000000,0.000000,0.593700,0.000000,0.000000,0.000000,0.000128,0.000000,-0.000126,0.000758,0.596303,-0.005093,0.000948,0.013624,0.008335,-0.001132,0.000006,-0.004268,-0.000104,-0.000000
1.010000,0.010500,0.000001,0.593700,1.500000,0.000192,0.000000,0.000128,0.000000,0.000076,0.000770,0.596477,-0.024371,0.001361,0.028754,0.008940,-0.001133,0.000004,0.125819,-0.000157,-0.000240
1.020000,0.025500,0.000003,0.593700,1.500000,0.000192,0.000000,0.000128,0.000000,0.000754,0.000782,0.596818,-0.026005,0.001494,0.046865,0.013741,-0.001134,-0.000001,0.485371,-0.000070,0.000080
1.030000,0.040500,0.000005,0.593700,1.499999,0.000193,0.000000,0.000128,0.000000,0.000626,0.000807,0.597324,-0.032837,0.001833,0.055464,0.020680,-0.001136,-0.000008,0.724618,0.000080,0.001320
1.040000,0.055500,0.000007,0.593700,1.499999,0.000193,0.000000,0.000128,0.000000,0.000817,0.000828,0.597886,0.018709,0.001744,0.060164,0.029145,-0.001135,-0.000007,0.855161,-0.000088,0.000395
1.050000,0.070500,0.000009,0.593700,1.499998,0.000193,0.000000,0.000128,0.000000,0.001513,0.000836,0.598544,0.086934,0.001077,0.070509,0.038189,-0.001134,-0.000007,0.901165,0.000072,-0.003263
1.060000,0.085500,0.000011,0.593700,1.499998,0.000193,0.000000,0.000128,0.000000,0.002755,0.000849,0.599201,0.147732,0.001212,0.052914,0.047404,-0.001133,-0.000025,0.920378,-0.000046,0.003930
1.070000,0.100500,0.000013,0.593700,1.499998,0.000193,0.000000,0.000128,0.000000,0.004543,0.000851,0.599893,0.208541,0.000300,0.067168,0.056524,-0.001131,-0.000020,0.910316,0.000300,-0.002738
1.080000,0.115500,0.000015,0.593700,1.499998,0.000193,0.000000,0.000128,0.000000,0.006842,0.000862,0.600412,0.267474,0.000872,0.054630,0.065441,-0.001129,-0.000018,0.883991,0.000198,0.000502
1.090000,0.130500,0.000017,0.593700,1.499998,0.000193,0.000000,0.000128,0.000000,0.009669,0.000868,0.601105,0.319432,0.000714,0.057545,0.074010,-0.001127,-0.000033,0.856764,0.000266,0.001983
1.100000,0.145500,0.000019,0.593700,1.499998,0.000193,0.000000,0.000128,0.000000,0.013042,0.000875,0.601642,0.377492,0.000785,0.063634,0.082199,-0.001124,-0.000018,0.812721,0.000228,-0.001780
1.110000,0.160500,0.000021,0.593700,1.499998,0.000193,0.000000,0.000128,0.000000,0.016934,0.000881,0.602311,0.428192,0.000631,0.058716,0.090035,-0.001121,-0.000032,0.780827,0.000365,0.003273
1.120000,0.175500,0.000023,0.593700,1.499997,0.000193,0.000000,0.000128,0.000000,0.021376,0.000890,0.602952,0.482253,0.000958,0.071007,0.097468,-0.001118,-0.000020,0.739603,0.000262,-0.001772
1.130000,0.190500,0.000024,0.593700,1.499997,0.000193,0.000000,0.000128,0.000000,0.026329,0.000898,0.603608,0.531327,0.000805,0.061872,0.104644,-0.001116,-0.000027,0.715625,0.000382,0.003458
1.140000,0.205500,0.000026,0.593700,1.499997,0.000193,0.000000,0.000128,0.000000,0.031818,0.000909,0.604352,0.583009,0.001147,0.078263,0.111528,-0.001113,-0.000019,0.686239,0.000229,-0.002629
1.150000,0.220500,0.000028,0.593700,1.499997,0.000193,0.000000,0.000128,0.000000,0.037789,0.000920,0.605138,0.628649,0.001152,0.070193,0.118279,-0.001110,-0.000031,0.676406,0.000269,0.002685
1.162000,0.238500,0.000031,0.593700,1.499997,0.000193,0.000000,0.000128,0.000000,0.045652,0.000932,0.605996,0.691044,0.001285,0.078641,0.126177,-0.001106,-0.000017,0.654322,0.000227,-0.002257
1.172000,0.253500,0.000033,0.593700,1.499997,0.000193,0.000000,0.000128,0.000000,0.052737,0.000943,0.606763,0.736187,0.001201,0.070317,0.132691,-0.001103,-0.000026,0.654104,0.000280,0.001800
1.182000,0.268500,0.000035,0.593700,1.499997,0.000193,0.000000,0.000128,0.000000,0.060570,0.000952,0.607432,0.808395,0.000664,0.071991,0.139395,-0.001101,-0.000012,0.660625,0.000657,-0.001287
1.192000,0.283500,0.000036,0.593700,1.499998,0.000193,0.000000,0.000128,0.000000,0.068724,0.000967,0.608242,0.843553,0.001140,0.072184,0.145823,-0.001097,-0.000021,0.649341,0.000319,-0.000463
1.202000,0.298500,0.000038,0.593700,1.499998,0.000193,0.000000,0.000128,0.000000,0.077328,0.000973,0.608785,0.886918,0.000784,0.058058,0.152348,-0.001094,-0.000010,0.653168,0.000455,0.000970
1.212000,0.313500,0.000040,0.593700,1.499998,0.000193,0.000000,0.000128,0.000000,0.086943,0.000985,0.609550,0.986500,0.001008,0.074129,0.159330,-0.001091,-0.000006,0.724580,0.000553,-0.006685
1.222000,0.328500,0.000042,0.593700,1.499998,0.000193,0.000000,0.000128,0.000000,0.096572,0.001020,0.609939,1.007597,0.003036,0.043512,0.165934,-0.001090,-0.000006,0.664597,0.000043,0.002506
1.232000,0.343500,0.000044,0.593700,1.499998,0.000193,0.000000,0.000128,0.000000,0.107188,0.001037,0.610478,1.071010,0.001411,0.047162,0.172924,-0.001086,-0.000004,0.679251,0.000961,-0.001396
1.242000,0.358500,0.000046,0.593700,1.499998,0.000193,0.000000,0.000128,0.000000,0.117786,0.001047,0.610796,1.087154,0.001591,0.026295,0.179631,-0.001080,-0.000000,0.679882,0.000711,0.001839
1.252000,0.373500,0.000048,0.593700,1.499999,0.000193,0.000000,0.000128,0.000000,0.128795,0.001070,0.611136,1.122003,0.002459,0.027810,0.186524,-0.001074,0.000006,0.694413,0.000550,-0.003271
1.262000,0.388500,0.000050,0.593700,1.499999,0.000193,0.000000,0.000128,0.000000,0.140214,0.001103,0.611246,1.161242,0.003977,0.001081,0.193711,-0.001066,0.000003,0.723804,0.000282,0.002336
1.272000,0.403500,0.000052,0.593700,1.499999,0.000193,0.000000,0.000128,0.000000,0.152066,0.001147,0.611258,1.207004,0.003459,0.002136,0.201082,-0.001058,0.000016,0.740260,0.000926,-0.002720
1.282000,0.418499,0.000054,0.593700,1.499999,0.000193,0.000000,0.000128,0.000000,0.164325,0.001172,0.611165,1.248821,0.002154,-0.012807,0.208698,-0.001047,0.000013,0.766917,0.001409,0.001130
1.292000,0.433499,0.000056,0.593700,1.499998,0.000193,0.000000,0.000128,0.000000,0.177651,0.001199,0.611077,1.329562,0.002342,-0.004692,0.216941,-0.001034,0.000019,0.794547,0.001034,-0.003443
1.302000,0.448499,0.000058,0.593700,1.499998,0.000193,0.000000,0.000128,0.000000,0.190892,0.001215,0.610871,1.351055,0.001301,-0.023485,0.224978,-0.001023,0.000013,0.813076,0.001375,0.003205
1.312000,0.463499,0.000060,0.593700,1.499998,0.000193,0.000000,0.000128,0.000000,0.204520,0.001234,0.610748,1.383970,0.001322,-0.012948,0.233339,-0.001012,0.000013,0.846627,0.001213,-0.000608
1.322000,0.478499,0.000062,0.593700,1.499998,0.000193,0.000000,0.000128,0.000000,0.218571,0.001245,0.610495,1.425550,0.001311,-0.018936,0.242090,-0.001000,0.000020,0.880871,0.001063,0.000399
1.332000,0.493499,0.000064,0.593700,1.499998,0.000193,0.000000,0.000128,0.000000,0.233047,0.001258,0.610471,1.464871,0.000980,-0.009007,0.251274,-0.000989,0.000009,0.927245,0.001211,-0.001527
1.342000,0.508499,0.000065,0.593700,1.499997,0.000193,0.000000,0.000128,0.000000,0.248618,0.001273,0.610288,1.556663,0.001256,-0.016631,0.261387,-0.000978,0.000011,0.983829,0.001134,-0.000359
1.352000,0.523499,0.000067,0.593700,1.499997,0.000193,0.000000,0.000128,0.000000,0.264116,0.001279,0.610101,1.573920,0.000798,-0.022997,0.271236,-0.000967,0.000006,0.999263,0.001070,0.001644
1.362000,0.538499,0.000069,0.593700,1.499997,0.000193,0.000000,0.000128,0.000000,0.279962,0.001283,0.609919,1.604553,0.000390,-0.016220,0.281525,-0.000957,0.000008,1.038446,0.001144,-0.001515
1.372000,0.553499,0.000071,0.593700,1.499997,0.000193,0.000000,0.000128,0.000000,0.296212,0.001298,0.609664,1.642082,0.001252,-0.021242,0.292316,-0.000946,0.000009,1.087722,0.000730,-0.000470
1.382000,0.568499,0.000073,0.593700,1.499997,0.000193,0.000000,0.000128,0.000000,0.312894,0.001300,0.609380,1.684761,0.000535,-0.027141,0.303573,-0.000937,0.000008,1.133786,0.001058,0.000971
1.392000,0.583499,0.000075,0.593700,1.499996,0.000193,0.000000,0.000128,0.000000,0.330605,0.001305,0.609179,1.777246,0.000457,-0.027264,0.315805,-0.000926,0.000004,1.212048,0.001109,0.000515
1.402000,0.598499,0.000077,0.593700,1.499996,0.000193,0.000000,0.000128,0.000000,0.348289,0.001311,0.608966,1.794074,0.000373,-0.020282,0.327840,-0.000916,0.000005,1.218263,0.001171,-0.003193
1.414000,0.616499,0.000079,0.593700,1.499997,0.000193,0.000000,0.000128,0.000000,0.369964,0.001316,0.608557,1.828826,0.000421,-0.029569,0.342949,-0.000904,0.000007,1.273751,0.001074,-0.001585
1.424000,0.631499,0.000081,0.593700,1.499996,0.000193,0.000000,0.000128,0.000000,0.388466,0.001321,0.608231,1.867067,0.000278,-0.033184,0.356129,-0.000894,0.000003,1.326151,0.001119,-0.001089
1.434000,0.646499,0.000083,0.593700,1.499996,0.000192,0.000000,0.000128,0.000000,0.407403,0.001324,0.607894,1.909132,0.000048,-0.028003,0.369816,-0.000884,0.000008,1.374448,0.001107,-0.004618
1.444000,0.661499,0.000085,0.593700,1.499996,0.000193,0.000000,0.000128,0.000000,0.426758,0.001330,0.607480,1.947632,0.000044,-0.047246,0.383954,-0.000875,-0.000004,1.418588,0.001217,0.002535
1.454000,0.676499,0.000087,0.593700,1.499996,0.000192,0.000000,0.000128,0.000000,0.446480,0.001337,0.607081,1.982477,0.000293,-0.037934,0.398441,-0.000865,0.000004,1.452117,0.001065,-0.002654
1.464000,0.691499,0.000089,0.593700,1.500000,0.000192,0.000000,0.000128,0.000000,0.466483,0.001326,0.606710,2.004939,-0.003813,-0.040375,0.413245,-0.000861,-0.000007,1.484046,0.003432,0.000103
1.474000,0.706499,0.000091,0.593700,1.500000,0.000192,0.000000,0.000128,0.000000,0.486675,0.001341,0.606284,2.018875,0.000419,-0.037506,0.428295,-0.000846,-0.000005,1.506716,0.000875,-0.000262
1.484000,0.721499,0.000093,0.593700,1.500000,0.000192,0.000000,0.000128,0.000000,0.506921,0.001348,0.605955,2.020647,0.000842,-0.040092,0.443578,-0.000836,-0.000017,1.533089,0.000664,0.002941
1.494000,0.736499,0.000095,0.593700,1.500000,0.000192,0.000000,0.000128,0.000000,0.527173,0.001352,0.605666,2.018067,0.000770,-0.033473,0.459119,-0.000827,-0.000019,1.558802,0.000648,0.001386
1.504000,0.751499,0.000097,0.593700,1.499999,0.000193,0.000000,0.000128,0.000000,0.547398,0.001330,0.605326,2.013490,-0.003121,-0.033170,0.474931,-0.000821,-0.000014,1.583890,0.002407,0.001247
1.514000,0.766499,0.000099,0.593700,1.499999,0.000193,0.000000,0.000128,0.000000,0.567567,0.001334,0.605128,2.004485,0.000254,-0.029128,0.491000,-0.000810,-0.000023,1.610776,0.000573,0.001487
1.524000,0.781499,0.000101,0.593700,1.499999,0.000193,0.000000,0.000128,0.000000,0.587633,0.001346,0.604784,1.994511,0.000603,-0.038308,0.507351,-0.000803,-0.000018,1.637750,0.000840,0.004219
1.534000,0.796499,0.000102,0.593700,1.499999,0.000193,0.000000,0.000128,0.000000,0.607587,0.001351,0.604476,1.982184,0.000158,-0.032647,0.523947,-0.000795,-0.000011,1.662916,0.001031,0.002006
1.544000,0.811499,0.000104,0.593700,1.499999,0.000193,0.000000,0.000128,0.000000,0.627412,0.001348,0.604391,1.968719,-0.001329,-0.024568,0.540824,-0.000788,-0.000026,1.691768,0.001697,0.001542
1.554000,0.826499,0.000106,0.593700,1.499999,0.000193,0.000000,0.000128,0.000000,0.647117,0.001365,0.604152,1.957436,0.001421,-0.004569,0.557924,-0.000777,-0.000002,1.711560,0.000060,-0.007867
1.564000,0.841499,0.000108,0.593700,1.499999,0.000193,0.000000,0.000128,0.000000,0.666691,0.001368,0.603969,1.943356,0.000832,-0.019273,0.575306,-0.000771,-0.000021,1.740599,0.000453,-0.000036
1.574000,0.856499,0.000110,0.593700,1.500000,0.000192,0.000000,0.000128,0.000000,0.686120,0.001384,0.603727,1.930164,0.001324,-0.029790,0.592896,-0.000764,-0.000025,1.762028,0.000570,0.004135
1.584000,0.871499,0.000112,0.593700,1.499999,0.000193,0.000000,0.000128,0.000000,0.705379,0.001377,0.603516,1.915762,-0.000793,-0.023106,0.610613,-0.000759,-0.000019,1.776783,0.001340,0.002007
1.594000,0.886499,0.000114,0.593700,1.499999,0.000193,0.000000,0.000128,0.000000,0.724575,0.001388,0.603278,1.907539,0.000872,-0.023487,0.628532,-0.000750,-0.000010,1.790786,0.000180,0.001542
1.604000,0.901499,0.000116,0.593700,1.500000,0.000192,0.000000,0.000128,0.000000,0.743466,0.001390,0.603309,1.885006,0.000286,-0.001751,0.646418,-0.000745,-0.000013,1.800132,0.000821,-0.005231
1.614000,0.916499,0.000118,0.593700,1.500000,0.000192,0.000000,0.000128,0.000000,0.762369,0.001390,0.603131,1.879876,-0.000293,-0.008799,0.664611,-0.000737,-0.000010,1.817966,0.000716,-0.003117
1.624000,0.931499,0.000120,0.593700,1.500000,0.000192,0.000000,0.000128,0.000000,0.781192,0.001387,0.602941,1.871277,-0.000707,-0.021536,0.682893,-0.000732,-0.000021,1.827219,0.000991,0.002932
1.634000,0.946499,0.000122,0.593700,1.500000,0.000192,0.000000,0.000128,0.000000,0.799898,0.001392,0.602649,1.861307,0.000526,-0.019692,0.701164,-0.000724,-0.000006,1.824600,0.000170,0.001152
1.644000,0.961499,0.000124,0.593700,1.500000,0.000192,0.000000,0.000128,0.000000,0.818457,0.001385,0.602599,1.846393,-0.000055,-0.005039,0.719419,-0.000719,-0.000005,1.825978,0.000541,-0.003037
1.654000,0.976499,0.000126,0.593700,1.500000,0.000192,0.000000,0.000128,0.000000,0.836842,0.001384,0.602312,1.831661,0.000337,-0.021362,0.737686,-0.000712,-0.000004,1.826987,0.000011,0.002756
1.664000,0.991499,0.000127,0.593700,1.500000,0.000192,0.000000,0.000128,0.000000,0.855027,0.001364,0.602313,1.810727,-0.001752,-0.004552,0.755898,-0.000707,-0.000011,1.822330,0.000966,-0.001230
1.676000,1.009499,0.000130,0.593700,1.500000,0.000192,0.000000,0.000128,0.000000,0.876696,0.001360,0.602078,1.800358,0.000672,-0.006024,0.777876,-0.000699,0.000009,1.832708,-0.000165,-0.003108
1.686000,1.024499,0.000132,0.593700,1.500000,0.000192,0.000000,0.000128,0.000000,0.894699,0.001363,0.601888,1.792850,0.001169,-0.020439,0.796259,-0.000694,-0.000001,1.834734,-0.000382,0.003429
1.696000,1.039499,0.000134,0.593700,1.500000,0.000192,0.000000,0.000128,0.000000,0.912518,0.001346,0.601922,1.777393,-0.000270,-0.010104,0.814519,-0.000689,-0.000014,1.831232,0.000443,0.002042
1.706000,1.054499,0.000136,0.593700,1.500000,0.000192,0.000000,0.000128,0.000000,0.930259,0.001355,0.601642,1.769267,0.000683,-0.023183,0.832820,-0.000686,-0.000001,1.828811,0.000263,0.004983
1.716000,1.069499,0.000137,0.593700,1.500000,0.000192,0.000000,0.000128,0.000000,0.947868,0.001363,0.601704,1.757118,0.000404,-0.000973,0.851051,-0.000680,0.000000,1.825826,0.000253,-0.002258
1.726000,1.084499,0.000139,0.593700,1.500000,0.000192,0.000000,0.000128,0.000000,0.965386,0.001363,0.601525,1.748187,0.000094,-0.023051,0.869308,-0.000677,-0.000006,1.826764,0.000314,0.005807
1.736000,1.099499,0.000141,0.593700,1.500000,0.000192,0.000000,0.000128,0.000000,0.982818,0.001385,0.601576,1.738976,0.001234,0.012179,0.887494,-0.000672,0.000007,1.817963,0.000323,-0.007418
1.746000,1.114499,0.000143,0.593700,1.500000,0.000192,0.000000,0.000128,0.000000,1.000108,0.001357,0.601395,1.725970,-0.002494,-0.004814,0.905576,-0.000666,0.000009,1.803187,0.001827,-0.001872
1.756000,1.129499,0.000145,0.593700,1.500000,0.000192,0.000000,0.000128,0.000000,1.017351,0.001362,0.601324,1.719636,0.003192,-0.010357,0.923599,-0.000655,-0.000005,1.801710,-0.001599,0.001870
1.766000,1.144499,0.000147,0.593700,1.500000,0.000192,0.000000,0.000128,0.000000,1.034509,0.001328,0.601271,1.711855,-0.001377,-0.001528,0.941559,-0.000654,0.000002,1.795346,0.000780,-0.001802
1.776000,1.159499,0.000149,0.593700,1.500000,0.000192,0.000000,0.000128,0.000000,1.051578,0.001330,0.601080,1.704377,-0.000107,-0.014036,0.959475,-0.000648,0.000008,1.788935,0.000340,0.001672
1.786000,1.174499,0.000151,0.593700,1.500000,0.000192,0.000000,0.000128,0.000000,1.068542,0.001324,0.601119,1.693698,-0.000445,-0.006518,0.977295,-0.000643,-0.000002,1.782808,0.000691,0.000651
1.796000,1.189499,0.000153,0.593700,1.500000,0.000192,0.000000,0.000128,0.000000,1.085416,0.001328,0.601090,1.684718,0.000468,-0.004559,0.995083,-0.000637,-0.000002,1.778684,0.000245,-0.000270
1.806000,1.204499,0.000155,0.593700,1.500000,0.000192,0.000000,0.000128,0.000000,1.102212,0.001325,0.601041,1.677354,0.000120,-0.000210,1.012829,-0.000632,0.000004,1.773688,0.000520,-0.002563
1.816000,1.219499,0.000157,0.593700,1.500000,0.000192,0.000000,0.000128,0.000000,1.118941,0.001325,0.600940,1.671122,-0.000156,-0.003732,1.030530,-0.000627,0.000006,1.768561,0.000571,-0.001631
1.826000,1.234499,0.000159,0.593700,1.500000,0.000192,0.000000,0.000128,0.000000,1.135599,0.001326,0.600957,1.663861,0.000281,-0.002325,1.048169,-0.000621,-0.000003,1.763971,0.000534,-0.000930
1.836000,1.249499,0.000161,0.593700,1.500000,0.000192,0.000000,0.000128,0.000000,1.152193,0.001325,0.600886,1.657756,-0.000232,-0.005698,1.065757,-0.000615,-0.000002,1.758163,0.000740,0.000027
1.846000,1.264499,0.000162,0.593700,1.500000,0.000192,0.000000,0.000128,0.000000,1.168728,0.001330,0.600886,1.651718,0.000616,-0.004344,1.083296,-0.000609,-0.000006,1.753449,0.000266,0.000024
1.856000,1.279499,0.000164,0.593700,1.500000,0.000192,0.000000,0.000128,0.000000,1.185213,0.001328,0.600848,1.647184,0.000213,0.001729,1.100776,-0.000604,0.000001,1.746447,0.000537,-0.003067
1.866000,1.294499,0.000166,0.593700,1.500000,0.000192,0.000000,0.000128,0.000000,1.201647,0.001326,0.600898,1.641542,-0.000398,0.005696,1.118199,-0.000599,-0.000006,1.741720,0.000828,-0.003509
1.876000,1.309499,0.000168,0.593700,1.500000,0.000192,0.000000,0.000128,0.000000,1.218038,0.001331,0.600807,1.637454,0.000452,-0.012099,1.135595,-0.000593,-0.000013,1.738313,0.000256,0.003035
1.886000,1.324499,0.000170,0.593700,1.499999,0.000193,0.000000,0.000128,0.000000,1.234400,0.001303,0.600787,1.634449,-0.001678,-0.002638,1.152904,-0.000589,-0.000007,1.729145,0.000953,-0.000766
1.896000,1.339499,0.000172,0.593700,1.500000,0.000192,0.000000,0.000128,0.000000,1.250706,0.001334,0.600788,1.628962,0.003359,-0.000646,1.170135,-0.000582,-0.000007,1.722407,-0.001087,-0.001477
1.906000,1.354499,0.000174,0.593700,1.500000,0.000193,0.000000,0.000128,0.000000,1.266971,0.001320,0.600798,1.624476,0.000791,-0.008434,1.187331,-0.000579,-0.000016,1.718697,-0.000088,0.002095
1.916000,1.369499,0.000176,0.593700,1.499999,0.000193,0.000000,0.000128,0.000000,1.283209,0.001313,0.600741,1.621994,-0.000665,0.004000,1.204448,-0.000576,-0.000000,1.709154,0.000840,-0.004144
1.928000,1.387499,0.000178,0.593700,1.499999,0.000193,0.000000,0.000128,0.000000,1.302634,0.001324,0.600748,1.615483,0.000779,-0.005669,1.224909,-0.000569,-0.000016,1.704801,0.000119,0.001136
1.938000,1.402499,0.000180,0.593700,1.500000,0.000192,0.000000,0.000128,0.000000,1.318726,0.001351,0.600719,1.607853,0.002910,0.001020,1.241895,-0.000565,-0.000012,1.698835,-0.000453,-0.001901
1.948000,1.417499,0.000182,0.593700,1.500000,0.000192,0.000000,0.000128,0.000000,1.334828,0.001375,0.600535,1.608651,0.001726,-0.005317,1.258878,-0.000565,0.000002,1.694412,0.000436,-0.000976
1.958000,1.432499,0.000184,0.593700,1.500000,0.000192,0.000000,0.000128,0.000000,1.350905,0.001400,0.600401,1.607627,0.001896,-0.014809,1.275694,-0.000562,0.000002,1.679099,0.000276,0.002501
1.968000,1.447499,0.000186,0.593700,1.500000,0.000192,0.000000,0.000128,0.000000,1.366940,0.001409,0.600607,1.600204,0.001007,0.007149,1.292469,-0.000557,-0.000010,1.679019,0.000310,-0.003170
1.978000,1.462499,0.000188,0.593700,1.500000,0.000192,0.000000,0.000128,0.000000,1.382945,0.001406,0.600443,1.598693,0.000282,0.001663,1.309258,-0.000551,0.000008,1.675431,0.000327,-0.003719
1.988000,1.477499,0.000190,0.593700,1.500000,0.000192,0.000000,0.000128,0.000000,1.398911,0.001388,0.600640,1.593024,-0.001338,0.006348,1.326019,-0.000547,-0.000016,1.676844,0.000904,-0.002387
1.998000,1.492499,0.000192,0.593700,1.500000,0.000192,0.000000,0.000128,0.000000,1.414845,0.001388,0.600357,1.592189,0.000081,-0.010113,1.342756,-0.000540,0.000001,1.670248,0.000102,0.000847
2.008000,1.507499,0.000194,0.593700,1.500000,0.000192,0.000000,0.000128,0.000000,1.430741,0.001378,0.600403,1.587071,-0.000549,-0.008488,1.359407,-0.000535,-0.000017,1.666143,0.000416,0.003150
2.018000,1.522499,0.000196,0.593700,1.500000,0.000192,0.000000,0.000128,0.000000,1.446601,0.001368,0.600311,1.584398,-0.001160,-0.008100,1.376015,-0.000532,-0.000005,1.659162,0.000882,0.001466
2.030000,1.540499,0.000198,0.593700,1.500000,0.000192,0.000000,0.000128,0.000000,1.465586,0.001369,0.600284,1.579883,0.000238,-0.003778,1.395853,-0.000524,-0.000003,1.651837,0.000064,0.000118
2.042000,1.558499,0.000200,0.593700,1.500000,0.000192,0.000000,0.000128,0.000000,1.484517,0.001362,0.600197,1.575773,-0.000169,-0.006858,1.415606,-0.000520,-0.000004,1.644382,0.000244,0.001310
2.054000,1.576499,0.000202,0.593700,1.500000,0.000192,0.000000,0.000128,0.000000,1.503389,0.001350,0.600141,1.570896,-0.001086,-0.006026,1.435260,-0.000516,-0.000003,1.636813,0.000818,0.001261
2.064000,1.591499,0.000204,0.593700,1.500000,0.000192,0.000000,0.000128,0.000000,1.519076,0.001338,0.600110,1.567026,-0.003867,-0.004626,1.451582,-0.000516,-0.000001,1.632060,0.002554,0.000674
2.076000,1.609499,0.000207,0.593700,1.500000,0.000192,0.000000,0.000128,0.000000,1.537849,0.001348,0.600007,1.563563,-0.000065,-0.002830,1.471106,-0.000506,0.000008,1.624618,0.000187,-0.000962
2.088000,1.627499,0.000209,0.593700,1.500000,0.000192,0.000000,0.000128,0.000000,1.556571,0.001344,0.599926,1.559163,0.000195,-0.006406,1.490548,-0.000501,0.000004,1.618934,-0.000053,0.001002
2.100000,1.645499,0.000211,0.593700,1.500000,0.000192,0.000000,0.000128,0.000000,1.575238,0.001323,0.599847,1.554932,-0.004239,-0.005817,1.509899,-0.000503,0.000005,1.611747,0.002783,0.000949
2.112000,1.663499,0.000214,0.593700,1.500000,0.000192,0.000000,0.000128,0.000000,1.593862,0.001335,0.599739,1.551964,0.000035,-0.000922,1.529156,-0.000493,0.000015,1.602293,0.000147,-0.001636
2.124000,1.681499,0.000216,0.593700,1.500000,0.000193,0.000000,0.000128,0.000000,1.612419,0.001357,0.599823,1.546226,0.000376,0.006325,1.548347,-0.000489,0.000007,1.599856,0.000378,-0.003148
2.136000,1.699499,0.000218,0.593700,1.500000,0.000192,0.000000,0.000128,0.000000,1.630953,0.001322,0.599692,1.544391,-0.002218,-0.008899,1.567521,-0.000484,0.000004,1.596170,0.000960,0.002232
2.148000,1.717499,0.000221,0.593700,1.500000,0.000192,0.000000,0.000128,0.000000,1.649440,0.001318,0.599607,1.541342,-0.003400,-0.004596,1.586606,-0.000482,0.000009,1.589487,0.001958,0.000446
2.160000,1.735499,0.000223,0.593700,1.500000,0.000192,0.000000,0.000128,0.000000,1.667904,0.001310,0.599714,1.538708,-0.003517,0.000592,1.605630,-0.000478,0.000001,1.584551,0.002090,-0.000343
2.172000,1.753499,0.000225,0.593700,1.500000,0.000192,0.000000,0.000128,0.000000,1.686338,0.001312,0.599589,1.537069,-0.000837,-0.011497,1.624578,-0.000471,0.000003,1.577017,0.000471,0.003097
2.184000,1.771499,0.000227,0.593700,1.500000,0.000192,0.000000,0.000128,0.000000,1.704731,0.001312,0.599546,1.533386,0.000335,-0.011273,1.643432,-0.000466,-0.000001,1.571203,0.000075,0.003636
2.196000,1.789499,0.000230,0.593700,1.500000,0.000192,0.000000,0.000128,0.000000,1.723101,0.001307,0.599495,1.531378,-0.000608,-0.006281,1.662230,-0.000464,0.000004,1.566117,0.000649,0.001426
2.208000,1.807499,0.000232,0.593700,1.500000,0.000192,0.000000,0.000128,0.000000,1.741442,0.001310,0.599549,1.528943,-0.000028,-0.002467,1.680968,-0.000459,-0.000005,1.561993,0.000293,0.001347
2.220000,1.825499,0.000234,0.593700,1.500000,0.000192,0.000000,0.000128,0.000000,1.759759,0.001308,0.599546,1.526991,-0.000138,-0.001623,1.699670,-0.000455,-0.000001,1.558798,0.000463,0.000235
2.232000,1.843499,0.000237,0.593700,1.500000,0.000192,0.000000,0.000128,0.000000,1.778061,0.001314,0.599479,1.526264,0.000358,-0.007072,1.718358,-0.000451,0.000003,1.556401,0.000201,0.001404
2.244000,1.861499,0.000239,0.593700,1.500000,0.000192,0.000000,0.000128,0.000000,1.796355,0.001312,0.599496,1.525045,-0.000284,0.002798,1.736992,-0.000448,0.000004,1.552708,0.000503,-0.001991
2.256000,1.879499,0.000241,0.593700,1.500000,0.000192,0.000000,0.000128,0.000000,1.814637,0.001315,0.599491,1.523769,0.000124,-0.000171,1.755601,-0.000443,-0.000004,1.551258,0.000282,0.000017
2.268000,1.897499,0.000244,0.593700,1.500000,0.000192,0.000000,0.000128,0.000000,1.832908,0.001318,0.599462,1.523089,0.000363,-0.008810,1.774221,-0.000439,-0.000006,1.551922,0.000230,0.003032
2.280000,1.915499,0.000246,0.593700,1.500000,0.000192,0.000000,0.000128,0.000000,1.851178,0.001322,0.599514,1.522701,0.000519,-0.001437,1.792826,-0.000436,-0.000005,1.550947,0.000123,0.000358
2.292000,1.933499,0.000248,0.593700,1.500000,0.000192,0.000000,0.000128,0.000000,1.869451,0.001321,0.599524,1.522916,-0.000097,0.007398,1.811411,-0.000432,0.000001,1.548139,0.000494,-0.003624
2.304000,1.951499,0.000251,0.593700,1.500000,0.000192,0.000000,0.000128,0.000000,1.887726,0.001302,0.599501,1.522873,-0.000904,-0.005086,1.829991,-0.000427,-0.000009,1.548143,0.000442,0.001824
2.316000,1.969499,0.000253,0.593700,1.500000,0.000192,0.000000,0.000128,0.000000,1.905994,0.001327,0.599530,1.522175,0.000643,-0.000124,1.848533,-0.000424,-0.000010,1.545783,0.000294,0.000299
2.326000,1.984499,0.000255,0.593700,1.500000,0.000192,0.000000,0.000128,0.000000,1.921228,0.001304,0.599478,1.523299,-0.002778,-0.004332,1.863982,-0.000423,-0.000004,1.543336,0.001882,0.000885
2.338000,2.002499,0.000257,0.593700,1.500000,0.000193,0.000000,0.000128,0.000000,1.939506,0.001306,0.599567,1.522362,-0.000295,0.006246,1.882484,-0.000416,-0.000003,1.541610,0.000353,-0.002733
2.350000,2.020499,0.000259,0.593700,1.499999,0.000193,0.000000,0.000128,0.000000,1.957783,0.001321,0.599575,1.522457,0.001291,0.002401,1.901000,-0.000412,-0.000006,1.542129,-0.000167,-0.001407
2.362000,2.038499,0.000262,0.593700,1.499999,0.000193,0.000000,0.000128,0.000000,1.976047,0.001329,0.599547,1.522204,-0.001709,-0.000367,1.919490,-0.000412,-0.000007,1.540169,0.001760,-0.000498
2.374000,2.056499,0.000264,0.593700,1.500000,0.000192,0.000000,0.000128,0.000000,1.994311,0.001352,0.599405,1.522001,0.000778,-0.009783,1.937958,-0.000404,-0.000001,1.538026,0.000310,0.002144
2.386000,2.074499,0.000266,0.593700,1.500000,0.000193,0.000000,0.000128,0.000000,2.012577,0.001335,0.599657,1.520629,-0.001223,0.007837,1.956442,-0.000400,-0.000013,1.541930,0.000714,-0.002072
2.398000,2.092499,0.000269,0.593700,1.500000,0.000192,0.000000,0.000128,0.000000,2.030849,0.001355,0.599517,1.521702,0.000023,0.008703,1.974932,-0.000397,0.000004,1.538841,0.000648,-0.004874
2.410000,2.110499,0.000271,0.593700,1.500000,0.000192,0.000000,0.000128,0.000000,2.049108,0.001360,0.599492,1.520543,0.000373,-0.004000,1.993416,-0.000392,-0.000011,1.540365,0.000257,0.001722
2.422000,2.128499,0.000273,0.593700,1.500000,0.000192,0.000000,0.000128,0.000000,2.067363,0.001363,0.599506,1.519116,0.000412,-0.011442,2.011899,-0.000388,-0.000019,1.542254,0.000178,0.005341
2.434000,2.146499,0.000276,0.593700,1.500000,0.000192,0.000000,0.000128,0.000000,2.085620,0.001366,0.599540,1.520075,0.000306,0.004685,2.030402,-0.000384,-0.000002,1.540769,0.000135,-0.002245
2.446000,2.164499,0.000278,0.593700,1.500000,0.000192,0.000000,0.000128,0.000000,2.103867,0.001360,0.599482,1.519975,-0.000604,0.002735,2.048877,-0.000381,0.000001,1.537966,0.000569,-0.002134
2.458000,2.182499,0.000280,0.593700,1.500000,0.000192,0.000000,0.000128,0.000000,2.122104,0.001361,0.599455,1.518260,-0.000095,-0.003701,2.067321,-0.000377,-0.000011,1.537317,0.000242,0.002007
2.470000,2.200499,0.000282,0.593700,1.500000,0.000192,0.000000,0.000128,0.000000,2.140325,0.001360,0.599426,1.516879,0.000239,-0.013210,2.085766,-0.000373,-0.000013,1.537836,0.000143,0.005555
2.482000,2.218499,0.000285,0.593700,1.500000,0.000192,0.000000,0.000128,0.000000,2.158541,0.001361,0.599339,1.517676,0.000193,-0.001181,2.104158,-0.000370,0.000007,1.530228,0.000130,-0.000836
2.494000,2.236499,0.000287,0.593700,1.500000,0.000192,0.000000,0.000128,0.000000,2.176732,0.001356,0.599419,1.514803,-0.000614,0.000599,2.122518,-0.000367,-0.000002,1.530537,0.000517,-0.000317
2.506000,2.254499,0.000289,0.593700,1.500000,0.000192,0.000000,0.000128,0.000000,2.194909,0.001356,0.599355,1.513668,-0.000138,-0.005394,2.140858,-0.000363,-0.000007,1.528331,0.000247,0.002419
2.518000,2.272499,0.000292,0.593700,1.500000,0.000192,0.000000,0.000128,0.000000,2.213062,0.001352,0.599348,1.511769,-0.000335,-0.003456,2.159181,-0.000360,-0.000002,1.527384,0.000461,0.001253
2.530000,2.290499,0.000294,0.593700,1.500000,0.000192,0.000000,0.000128,0.000000,2.231203,0.001354,0.599191,1.512048,0.000006,-0.004607,2.177467,-0.000357,0.000012,1.521183,0.000318,0.000175
2.542000,2.308499,0.000296,0.593700,1.500000,0.000192,0.000000,0.000128,0.000000,2.249318,0.001355,0.599315,1.508485,-0.000838,-0.002846,2.195742,-0.000353,-0.000003,1.524557,0.000600,0.001382
2.554000,2.326499,0.000299,0.593700,1.500000,0.000192,0.000000,0.000128,0.000000,2.267421,0.001357,0.599214,1.508470,0.000548,0.003769,2.213986,-0.000349,0.000008,1.519520,-0.000186,-0.002020
2.566000,2.344499,0.000301,0.593700,1.500000,0.000193,0.000000,0.000128,0.000000,2.285489,0.001371,0.599136,1.506240,-0.000239,-0.006869,2.232213,-0.000348,0.000005,1.519019,0.000910,0.002017
2.576000,2.359499,0.000303,0.593700,1.500000,0.000192,0.000000,0.000128,0.000000,2.300545,0.001368,0.599068,1.505641,0.000149,-0.015768,2.247385,-0.000344,-0.000002,1.517560,0.000387,0.006136
2.588000,2.377499,0.000305,0.593700,1.500000,0.000192,0.000000,0.000128,0.000000,2.318597,0.001345,0.599116,1.503975,-0.003738,-0.000670,2.265558,-0.000343,0.000005,1.515378,0.002267,0.000450
2.600000,2.395499,0.000307,0.593700,1.500000,0.000192,0.000000,0.000128,0.000000,2.336638,0.001343,0.599045,1.504095,-0.001565,-0.007382,2.283750,-0.000337,0.000009,1.514879,0.000850,0.001824
2.612000,2.413499,0.000310,0.593700,1.500000,0.000193,0.000000,0.000128,0.000000,2.354650,0.001371,0.599073,1.502268,0.000467,0.005316,2.301877,-0.000333,0.000006,1.511046,0.000371,-0.001784
2.624000,2.431499,0.000312,0.593700,1.500000,0.000192,0.000000,0.000128,0.000000,2.372668,0.001344,0.599159,1.502053,-0.001701,0.006607,2.319974,-0.000328,0.000001,1.507562,0.000637,-0.001736
2.636000,2.449499,0.000314,0.593700,1.500000,0.000192,0.000000,0.000128,0.000000,2.390680,0.001341,0.599039,1.501915,0.000018,-0.000963,2.338021,-0.000324,0.000009,1.502081,0.000016,-0.000384
2.648000,2.467499,0.000317,0.593700,1.500000,0.000192,0.000000,0.000128,0.000000,2.408675,0.001337,0.599042,1.500544,-0.000507,-0.002989,2.356037,-0.000322,0.000005,1.501410,0.000521,0.000743
2.660000,2.485499,0.000319,0.593700,1.500000,0.000192,0.000000,0.000128,0.000000,2.426659,0.001342,0.599039,1.499478,0.000542,0.001369,2.374031,-0.000318,0.000005,1.500252,-0.000005,-0.000677
2.672000,2.503499,0.000321,0.593700,1.500000,0.000192,0.000000,0.000128,0.000000,2.444636,0.001339,0.599062,1.499256,-0.000174,-0.001781,2.392020,-0.000315,0.000000,1.499263,0.000444,0.000843
2.684000,2.521499,0.000324,0.593700,1.500000,0.000192,0.000000,0.000128,0.000000,2.462611,0.001342,0.599062,1.498935,0.000390,-0.002286,2.409993,-0.000311,0.000001,1.498081,0.000197,0.000739
2.696000,2.539499,0.000326,0.593700,1.500000,0.000192,0.000000,0.000128,0.000000,2.480589,0.001347,0.599035,1.499371,0.000549,0.000584,2.427970,-0.000308,0.000009,1.497299,0.000118,-0.001345
2.708000,2.557499,0.000328,0.593700,1.500000,0.000192,0.000000,0.000128,0.000000,2.498565,0.001347,0.599133,1.498251,-0.000040,0.007368,2.445957,-0.000305,0.000001,1.500379,0.000418,-0.002795
2.720000,2.575499,0.000330,0.593700,1.500000,0.000192,0.000000,0.000128,0.000000,2.516550,0.001351,0.599102,1.499295,0.000195,0.002539,2.463975,-0.000301,-0.000002,1.501936,0.000264,-0.000860
2.732000,2.593499,0.000333,0.593700,1.500000,0.000192,0.000000,0.000128,0.000000,2.534540,0.001355,0.599064,1.500095,0.000445,-0.009259,2.482028,-0.000297,-0.000006,1.504784,0.000203,0.003487
2.744000,2.611499,0.000335,0.593700,1.500000,0.000192,0.000000,0.000128,0.000000,2.552546,0.001358,0.599078,1.501052,0.000358,-0.001813,2.500066,-0.000294,-0.000002,1.503311,0.000262,0.000631
2.756000,2.629499,0.000337,0.593700,1.500000,0.000192,0.000000,0.000128,0.000000,2.570567,0.001358,0.599074,1.502502,-0.000178,0.003227,2.518101,-0.000292,0.000003,1.502038,0.000555,-0.001828
2.768000,2.647499,0.000340,0.593700,1.500000,0.000192,0.000000,0.000128,0.000000,2.588594,0.001364,0.599086,1.502819,0.000210,-0.004091,2.536125,-0.000287,-0.000007,1.502209,0.000254,0.001936
2.780000,2.665499,0.000342,0.593700,1.500000,0.000192,0.000000,0.000128,0.000000,2.606629,0.001365,0.599122,1.503065,0.000016,-0.000266,2.554138,-0.000284,-0.000005,1.501676,0.000422,0.000373
2.792000,2.683499,0.000344,0.593700,1.500000,0.000192,0.000000,0.000128,0.000000,2.624673,0.001343,0.599177,1.503524,-0.002897,-0.000442,2.572172,-0.000283,-0.000007,1.503201,0.001794,0.000473
2.804000,2.701499,0.000347,0.593700,1.500000,0.000193,0.000000,0.000128,0.000000,2.642735,0.001353,0.599205,1.504991,0.000793,0.004272,2.590226,-0.000277,0.000000,1.503387,-0.000247,-0.002240
2.816000,2.719499,0.000349,0.593700,1.500000,0.000193,0.000000,0.000128,0.000000,2.660801,0.001356,0.599334,1.504411,0.000238,0.008724,2.608296,-0.000275,-0.000008,1.506735,0.000180,-0.003003
2.826000,2.734499,0.000351,0.593700,1.499999,0.000193,0.000000,0.000128,0.000000,2.675863,0.001366,0.599335,1.505473,0.000790,0.009388,2.623384,-0.000273,-0.000003,1.508088,0.000065,-0.004038
2.838000,2.752499,0.000353,0.593700,1.500000,0.000193,0.000000,0.000128,0.000000,2.693948,0.001360,0.599181,1.506615,-0.001005,-0.015675,2.641515,-0.000271,-0.000008,1.510397,0.000935,0.004915
2.850000,2.770499,0.000355,0.593700,1.500000,0.000192,0.000000,0.000128,0.000000,2.712021,0.001397,0.599215,1.506074,0.001369,0.000832,2.659608,-0.000268,-0.000006,1.508865,0.000278,-0.000211
2.862000,2.788499,0.000358,0.593700,1.500000,0.000193,0.000000,0.000128,0.000000,2.730122,0.001386,0.599252,1.506509,0.000115,-0.008858,2.677757,-0.000264,-0.000010,1.513269,0.000329,0.003647
2.874000,2.806499,0.000360,0.593700,1.500000,0.000193,0.000000,0.000128,0.000000,2.748216,0.001396,0.599282,1.507724,0.000446,0.010357,2.695932,-0.000260,0.000005,1.513430,0.000008,-0.004867
2.886000,2.824499,0.000362,0.593700,1.500000,0.000192,0.000000,0.000128,0.000000,2.766308,0.001414,0.599264,1.507126,0.000174,-0.011142,2.714157,-0.000259,-0.000016,1.519246,0.000484,0.004788
2.898000,2.842499,0.000365,0.593700,1.500000,0.000192,0.000000,0.000128,0.000000,2.784419,0.001416,0.599246,1.508243,0.000251,0.007920,2.732352,-0.000255,-0.000001,1.515945,0.000314,-0.003068
2.910000,2.860499,0.000367,0.593700,1.500000,0.000192,0.000000,0.000128,0.000000,2.802525,0.001420,0.599228,1.507796,0.000422,-0.012024,2.750573,-0.000251,-0.000010,1.518432,0.000150,0.004953
2.922000,2.878499,0.000369,0.593700,1.500000,0.000192,0.000000,0.000128,0.000000,2.820638,0.001423,0.599181,1.509033,0.000462,0.005021,2.768754,-0.000248,0.000008,1.513105,0.000082,-0.003034
2.934000,2.896499,0.000372,0.593700,1.500000,0.000192,0.000000,0.000128,0.000000,2.838740,0.001419,0.599274,1.507370,-0.000531,0.005585,2.786929,-0.000246,-0.000002,1.514614,0.000514,-0.001891
2.946000,2.914499,0.000374,0.593700,1.500000,0.000192,0.000000,0.000128,0.000000,2.856835,0.001418,0.599239,1.506628,-0.000214,-0.004570,2.805104,-0.000242,-0.000010,1.514898,0.000377,0.002489
2.958000,2.932499,0.000376,0.593700,1.500000,0.000192,0.000000,0.000128,0.000000,2.874922,0.001416,0.599226,1.505958,-0.000405,0.000974,2.823253,-0.000239,-0.000003,1.512787,0.000469,-0.000050
2.970000,2.950499,0.000379,0.593700,1.500000,0.000192,0.000000,0.000128,0.000000,2.892999,0.001421,0.599114,1.506486,0.000261,-0.002304,2.841384,-0.000235,0.000008,1.508543,0.000094,-0.000230
2.982000,2.968499,0.000381,0.593700,1.500000,0.000192,0.000000,0.000128,0.000000,2.911062,0.001418,0.599203,1.504728,0.000133,0.010280,2.859475,-0.000232,0.000009,1.507361,0.000213,-0.004371
2.994000,2.986499,0.000383,0.593700,1.500000,0.000192,0.000000,0.000128,0.000000,2.929110,0.001447,0.599082,1.503788,0.001074,-0.011720,2.877581,-0.000229,-0.000003,1.507929,0.000157,0.004487
3.006000,3.004499,0.000385,0.593700,1.500000,0.000192,0.000000,0.000128,0.000000,2.947141,0.001401,0.599097,1.502003,-0.004720,0.001649,2.895623,-0.000231,0.000003,1.504229,0.002660,-0.000467
3.018000,3.022499,0.000388,0.593700,1.500000,0.000192,0.000000,0.000128,0.000000,2.965147,0.001432,0.599034,1.500699,-0.000255,-0.004953,2.913677,-0.000222,0.000005,1.504186,0.000538,0.001564
3.030000,3.040499,0.000390,0.593700,1.500000,0.000192,0.000000,0.000128,0.000000,2.983152,0.001412,0.599063,1.500305,-0.000514,0.004377,2.931722,-0.000217,0.000010,1.503231,0.000033,-0.002175
3.042000,3.058499,0.000392,0.593700,1.500000,0.000192,0.000000,0.000128,0.000000,3.001143,0.001431,0.599055,1.499612,0.003354,0.011229,2.949756,-0.000212,0.000014,1.502066,-0.001602,-0.004999
3.054000,3.076499,0.000395,0.593700,1.500000,0.000192,0.000000,0.000128,0.000000,3.019114,0.001426,0.599049,1.497434,0.002724,-0.003243,2.967802,-0.000208,-0.000003,1.505132,-0.001320,0.002092
3.066000,3.094499,0.000397,0.593700,1.500000,0.000192,0.000000,0.000128,0.000000,3.037080,0.001394,0.598909,1.498021,-0.003565,-0.009689,2.985833,-0.000211,0.000002,1.501996,0.001957,0.003687
3.078000,3.112499,0.000399,0.593700,1.500000,0.000193,0.000000,0.000128,0.000000,3.054997,0.001434,0.598943,1.494662,0.002433,0.000882,3.003796,-0.000206,0.000009,1.499047,-0.000527,-0.000573
3.088000,3.127499,0.000401,0.593700,1.499999,0.000193,0.000000,0.000128,0.000000,3.069949,0.001445,0.598998,1.496118,0.000536,0.005456,3.018786,-0.000206,0.000007,1.498581,0.000579,-0.001902
3.100000,3.145499,0.000404,0.593700,1.500000,0.000192,0.000000,0.000128,0.000000,3.087922,0.001421,0.598918,1.498882,-0.001209,-0.005937,3.036741,-0.000201,0.000006,1.493846,0.000491,0.001912
3.112000,3.163499,0.000406,0.593700,1.500000,0.000192,0.000000,0.000128,0.000000,3.105876,0.001412,0.598932,1.497076,-0.001329,-0.002975,3.054624,-0.000197,0.000003,1.490542,0.000585,0.001327
3.124000,3.181499,0.000408,0.593700,1.500000,0.000192,0.000000,0.000128,0.000000,3.123814,0.001405,0.598914,1.495646,-0.000673,-0.002518,3.072497,-0.000193,0.000006,1.489918,0.000455,0.000673
3.136000,3.199499,0.000410,0.593700,1.500000,0.000192,0.000000,0.000128,0.000000,3.141744,0.001406,0.599004,1.494544,0.000200,0.007403,3.090373,-0.000189,0.000003,1.490701,0.000089,-0.002335
3.148000,3.217499,0.000413,0.593700,1.500000,0.000192,0.000000,0.000128,0.000000,3.159731,0.001404,0.599031,1.497631,-0.000389,-0.004917,3.108304,-0.000186,-0.000003,1.491124,0.000506,0.002018
3.160000,3.235499,0.000415,0.593700,1.500000,0.000192,0.000000,0.000128,0.000000,3.177664,0.001404,0.598927,1.495669,-0.000009,-0.005155,3.126127,-0.000181,0.000000,1.485718,0.000334,0.001692
3.172000,3.253499,0.000417,0.593700,1.500000,0.000192,0.000000,0.000128,0.000000,3.195581,0.001403,0.598958,1.493800,0.000114,0.002491,3.143944,-0.000177,0.000002,1.486615,0.000357,-0.000786
3.184000,3.271499,0.000420,0.593700,1.500000,0.000192,0.000000,0.000128,0.000000,3.213496,0.001408,0.599022,1.492981,0.000402,-0.003441,3.161845,-0.000173,-0.000008,1.494316,0.000263,0.002213
3.196000,3.289499,0.000422,0.593700,1.500000,0.000192,0.000000,0.000128,0.000000,3.231435,0.001413,0.598915,1.496533,0.000550,0.000289,3.179782,-0.000169,0.000011,1.492611,0.000176,-0.001590
3.208000,3.307499,0.000424,0.593700,1.500000,0.000192,0.000000,0.000128,0.000000,3.249383,0.001413,0.599030,1.496057,-0.000036,0.008416,3.197699,-0.000166,0.000001,1.494329,0.000465,-0.002986
3.220000,3.325499,0.000427,0.593700,1.500000,0.000192,0.000000,0.000128,0.000000,3.267348,0.001417,0.599015,1.497546,0.000221,0.003294,3.215637,-0.000161,-0.000003,1.494882,0.000292,-0.000838
3.232000,3.343499,0.000429,0.593700,1.500000,0.000192,0.000000,0.000128,0.000000,3.285318,0.001421,0.599046,1.498028,0.000481,-0.007917,3.233607,-0.000157,-0.000012,1.498691,0.000223,0.003877
3.244000,3.361499,0.000431,0.593700,1.500000,0.000192,0.000000,0.000128,0.000000,3.303304,0.001424,0.599115,1.498808,0.000509,0.002166,3.251593,-0.000154,-0.000007,1.499758,0.000206,-0.000332
3.256000,3.379499,0.000434,0.593700,1.500000,0.000192,0.000000,0.000128,0.000000,3.321308,0.001411,0.599149,1.500671,-0.000354,0.003124,3.269631,-0.000149,-0.000001,1.502522,0.000128,-0.001684
3.268000,3.397499,0.000436,0.593700,1.500000,0.000192,0.000000,0.000128,0.000000,3.339331,0.001429,0.599107,1.502688,-0.000138,-0.000029,3.287657,-0.000148,-0.000002,1.500870,0.000556,-0.000519
3.280000,3.415499,0.000438,0.593700,1.499999,0.000193,0.000000,0.000128,0.000000,3.357378,0.001415,0.599192,1.502974,0.000291,0.003786,3.305653,-0.000143,-0.000011,1.500420,-0.000054,-0.000459
3.292000,3.433499,0.000440,0.593700,1.500000,0.000193,0.000000,0.000128,0.000000,3.375412,0.001411,0.599164,1.503290,-0.003413,-0.002387,3.323670,-0.000144,-0.000008,1.501119,0.002226,0.001039
3.304000,3.451499,0.000443,0.593700,1.500000,0.000193,0.000000,0.000128,0.000000,3.393474,0.001423,0.599212,1.504133,0.000353,0.001668,3.341684,-0.000138,-0.000006,1.500711,0.000095,-0.000614
3.316000,3.469499,0.000445,0.593700,1.500000,0.000192,0.000000,0.000128,0.000000,3.411528,0.001432,0.599166,1.503939,0.001247,0.013946,3.359695,-0.000134,0.000009,1.500177,-0.000317,-0.006572
3.328000,3.487499,0.000447,0.593700,1.499999,0.000193,0.000000,0.000128,0.000000,3.429589,0.001443,0.599261,1.503817,0.001530,-0.002615,3.377780,-0.000131,-0.000014,1.508099,-0.000458,0.002039
3.340000,3.505499,0.000450,0.593700,1.500000,0.000192,0.000000,0.000128,0.000000,3.447646,0.001466,0.599244,1.503824,0.001528,-0.008543,3.395905,-0.000129,-0.000018,1.512514,0.000043,0.004121
3.350000,3.520499,0.000452,0.593700,1.500000,0.000192,0.000000,0.000128,0.000000,3.462710,0.001468,0.599160,1.506001,0.000210,-0.004452,3.411029,-0.000127,-0.000002,1.511242,0.000524,0.000922
3.362000,3.538499,0.000454,0.593700,1.500000,0.000192,0.000000,0.000128,0.000000,3.480794,0.001474,0.599094,1.506182,0.000331,-0.016561,3.429166,-0.000123,-0.000006,1.511893,0.000330,0.005937
3.374000,3.556499,0.000456,0.593700,1.500000,0.000192,0.000000,0.000128,0.000000,3.498882,0.001480,0.599230,1.506529,0.000549,0.014730,3.447279,-0.000119,0.000004,1.508712,0.000091,-0.005585
3.386000,3.574499,0.000459,0.593700,1.500000,0.000192,0.000000,0.000128,0.000000,3.516970,0.001477,0.599207,1.506735,-0.000474,0.008144,3.465407,-0.000117,0.000005,1.508983,0.000553,-0.003766
3.398000,3.592499,0.000461,0.593700,1.500000,0.000192,0.000000,0.000128,0.000000,3.535051,0.001477,0.599230,1.505138,-0.000134,-0.002728,3.483539,-0.000113,-0.000012,1.512070,0.000390,0.002174
3.410000,3.610499,0.000463,0.593700,1.500000,0.000192,0.000000,0.000128,0.000000,3.553130,0.001477,0.599233,1.505070,-0.000314,0.001412,3.501673,-0.000110,-0.000005,1.511630,0.000469,-0.000037
3.422000,3.628499,0.000465,0.593700,1.500000,0.000192,0.000000,0.000128,0.000000,3.571203,0.001480,0.599152,1.505444,0.000149,-0.006048,3.519811,-0.000107,0.000000,1.510189,0.000267,0.001820
3.434000,3.646499,0.000468,0.593700,1.500000,0.000192,0.000000,0.000128,0.000000,3.589271,0.001476,0.599140,1.505289,-0.000685,-0.000251,3.537920,-0.000104,0.000004,1.507868,0.000657,-0.000606
3.446000,3.664499,0.000470,0.593700,1.500000,0.000192,0.000000,0.000128,0.000000,3.607327,0.001508,0.599077,1.504288,0.004145,-0.009237,3.555993,-0.000097,-0.000005,1.505634,-0.001743,0.003922
3.458000,3.682499,0.000472,0.593700,1.500000,0.000192,0.000000,0.000128,0.000000,3.625363,0.001475,0.599122,1.502201,-0.000818,0.002656,3.574017,-0.000098,0.000000,1.502952,0.000641,-0.000522
3.470000,3.700499,0.000475,0.593700,1.500000,0.000192,0.000000,0.000128,0.000000,3.643386,0.001483,0.599050,1.501555,0.000693,-0.006122,3.592057,-0.000093,0.000003,1.502601,-0.000174,0.002045
3.482000,3.718499,0.000477,0.593700,1.500000,0.000192,0.000000,0.000128,0.000000,3.661396,0.001479,0.599078,1.500635,0.000297,0.005702,3.610079,-0.000091,0.000010,1.501451,0.000030,-0.002757
3.494000,3.736499,0.000479,0.593700,1.500000,0.000192,0.000000,0.000128,0.000000,3.679393,0.001503,0.599081,1.499819,0.003731,0.011773,3.628101,-0.000085,0.000012,1.501092,-0.001498,-0.005121
3.506000,3.754499,0.000482,0.593700,1.500000,0.000192,0.000000,0.000128,0.000000,3.697372,0.001503,0.599071,1.497736,0.003553,-0.004095,3.646139,-0.000081,-0.000005,1.504477,-0.001577,0.002442
3.518000,3.772499,0.000484,0.593700,1.500000,0.000192,0.000000,0.000128,0.000000,3.715346,0.001471,0.598925,1.498226,-0.002804,-0.010180,3.664161,-0.000085,0.000001,1.501255,0.001756,0.003822
3.530000,3.790499,0.000486,0.593700,1.500000,0.000193,0.000000,0.000128,0.000000,3.733302,0.001503,0.598974,1.496536,0.000593,0.002590,3.682154,-0.000080,0.000007,1.500349,0.000442,-0.001025
3.542000,3.808499,0.000489,0.593700,1.499999,0.000193,0.000000,0.000128,0.000000,3.751243,0.001492,0.598975,1.496243,0.000452,0.007029,3.700169,-0.000074,0.000015,1.500924,-0.000187,-0.003673
3.554000,3.826499,0.000491,0.593700,1.500000,0.000193,0.000000,0.000128,0.000000,3.769195,0.001495,0.598994,1.496705,0.000387,0.020462,3.718150,-0.000071,0.000017,1.497468,0.000017,-0.008142
3.566000,3.844499,0.000493,0.593700,1.500000,0.000192,0.000000,0.000128,0.000000,3.787151,0.001463,0.598903,1.497767,-0.001149,-0.004914,3.736120,-0.000067,0.000009,1.494504,0.000347,0.001217
3.578000,3.862499,0.000495,0.593700,1.500000,0.000193,0.000000,0.000128,0.000000,3.805090,0.001497,0.598972,1.495231,0.004957,-0.001719,3.754008,-0.000060,-0.000001,1.492226,-0.002269,0.001409
3.590000,3.880499,0.000498,0.593700,1.500000,0.000192,0.000000,0.000128,0.000000,3.823019,0.001460,0.598912,1.495179,-0.000884,-0.004480,3.771901,-0.000061,0.000004,1.490832,0.000559,0.001458
3.600000,3.895499,0.000500,0.593700,1.500000,0.000192,0.000000,0.000128,0.000000,3.837958,0.001459,0.598880,1.494939,-0.000460,0.000617,3.786783,-0.000059,0.000008,1.488448,0.000520,-0.000625
3.612000,3.913499,0.000502,0.593700,1.500000,0.000192,0.000000,0.000128,0.000000,3.855880,0.001464,0.598904,1.494778,0.000045,-0.001605,3.804626,-0.000055,-0.000000,1.486943,0.000243,0.001254
3.624000,3.931499,0.000504,0.593700,1.500000,0.000192,0.000000,0.000128,0.000000,3.873791,0.001465,0.599092,1.492484,0.000052,0.011956,3.822457,-0.000052,-0.000007,1.489177,0.000347,-0.002831
3.636000,3.949499,0.000507,0.593700,1.500000,0.000192,0.000000,0.000128,0.000000,3.891712,0.001469,0.598938,1.494771,0.000489,-0.007470,3.840368,-0.000048,0.000002,1.491078,0.000190,0.002028
3.648000,3.967499,0.000509,0.593700,1.500000,0.000192,0.000000,0.000128,0.000000,3.909645,0.001475,0.598887,1.495958,0.000652,0.000699,3.858229,-0.000045,0.000011,1.487214,0.000114,-0.001582
3.660000,3.985499,0.000511,0.593700,1.500000,0.000192,0.000000,0.000128,0.000000,3.927577,0.001476,0.598968,1.494916,0.000050,0.007336,3.876076,-0.000042,0.000004,1.488247,0.000417,-0.002781
3.672000,4.003499,0.000514,0.593700,1.500000,0.000192,0.000000,0.000128,0.000000,3.945515,0.001480,0.598993,1.495075,0.000245,-0.000049,3.893964,-0.000038,-0.000006,1.491967,0.000353,0.000716
3.684000,4.021499,0.000516,0.593700,1.500000,0.000192,0.000000,0.000128,0.000000,3.963466,0.001484,0.599013,1.496212,0.000106,0.002070,3.911872,-0.000035,-0.000003,1.493316,0.000419,-0.000382
3.696000,4.039499,0.000518,0.593700,1.500000,0.000192,0.000000,0.000128,0.000000,3.981427,0.001491,0.598998,1.497370,0.000454,-0.006084,3.929822,-0.000032,-0.000004,1.496039,0.000268,0.002270
3.708000,4.057499,0.000520,0.593700,1.500000,0.000192,0.000000,0.000128,0.000000,3.999400,0.001497,0.599111,1.497845,0.000683,0.005423,3.947795,-0.000028,-0.000003,1.498613,0.000119,-0.001861
3.720000,4.075499,0.000523,0.593700,1.500000,0.000192,0.000000,0.000128,0.000000,4.017390,0.001500,0.599148,1.499379,0.000070,0.009712,3.965811,-0.000025,0.000000,1.501062,0.000405,-0.004110
3.732000,4.093499,0.000525,0.593700,1.500000,0.000192,0.000000,0.000128,0.000000,4.035403,0.001502,0.599076,1.501663,-0.000072,-0.002614,3.983840,-0.000022,-0.000003,1.501093,0.000527,0.000500
3.744000,4.111499,0.000527,0.593700,1.500000,0.000193,0.000000,0.000128,0.000000,4.053429,0.001486,0.599120,1.502065,-0.002866,-0.003392,4.001834,-0.000021,-0.000011,1.500295,0.001743,0.002073
3.756000,4.129499,0.000530,0.593700,1.500000,0.000193,0.000000,0.000128,0.000000,4.071477,0.001491,0.599137,1.503190,-0.000051,0.001469,4.019826,-0.000015,-0.000004,1.498455,0.000240,-0.000605
3.768000,4.147499,0.000532,0.593700,1.500000,0.000193,0.000000,0.000128,0.000000,4.089521,0.001493,0.599163,1.503570,0.000007,0.007333,4.037800,-0.000011,-0.000001,1.497102,0.000287,-0.002934
3.780000,4.165499,0.000534,0.593700,1.500000,0.000192,0.000000,0.000128,0.000000,4.107558,0.001524,0.599127,1.502464,0.001335,-0.013113,4.055803,-0.000009,-0.000014,1.501727,0.000153,0.005408
3.792000,4.183499,0.000537,0.593700,1.500000,0.000192,0.000000,0.000128,0.000000,4.125603,0.001529,0.599254,1.502513,0.001106,0.010989,4.073826,-0.000005,-0.000009,1.504024,0.000073,-0.003189
3.804000,4.201499,0.000539,0.593700,1.500000,0.000193,0.000000,0.000128,0.000000,4.143679,0.001512,0.599151,1.505266,0.000115,-0.009194,4.091926,-0.000002,-0.000005,1.506702,0.000131,0.002916
3.816000,4.219499,0.000541,0.593700,1.500000,0.000193,0.000000,0.000128,0.000000,4.161746,0.001528,0.599196,1.505007,0.000993,-0.002123,4.110036,0.000002,-0.000003,1.509844,-0.000134,0.000303
3.828000,4.237499,0.000544,0.593700,1.500000,0.000192,0.000000,0.000128,0.000000,4.179816,0.001544,0.599236,1.505195,0.000264,0.007037,4.128151,0.000003,-0.000003,1.509317,0.000593,-0.002836
3.840000,4.255499,0.000546,0.593700,1.500000,0.000192,0.000000,0.000128,0.000000,4.197899,0.001553,0.599115,1.506068,0.000625,-0.000067,4.146258,0.000007,-0.000002,1.508094,0.000146,0.000032
3.850000,4.270499,0.000548,0.593700,1.500000,0.000192,0.000000,0.000128,0.000000,4.212960,0.001552,0.599255,1.504602,0.000085,-0.000827,4.161347,0.000009,-0.000017,1.510625,0.000393,0.002235
3.862000,4.288499,0.000550,0.593700,1.500000,0.000192,0.000000,0.000128,0.000000,4.231043,0.001554,0.599187,1.505496,-0.000146,-0.000831,4.179467,0.000013,-0.000004,1.509899,0.000486,0.000358
3.874000,4.306499,0.000552,0.593700,1.500000,0.000192,0.000000,0.000128,0.000000,4.249119,0.001559,0.599143,1.505516,0.000219,-0.008926,4.197606,0.000016,-0.000002,1.511173,0.000281,0.003046
3.886000,4.324499,0.000555,0.593700,1.500000,0.000192,0.000000,0.000128,0.000000,4.267192,0.001563,0.599276,1.504864,0.000513,0.008233,4.215747,0.000020,-0.000000,1.512069,0.000063,-0.003027
3.898000,4.342499,0.000557,0.593700,1.500000,0.000192,0.000000,0.000128,0.000000,4.285303,0.001582,0.599085,1.508235,0.001252,-0.026709,4.233943,0.000020,-0.000004,1.511919,-0.000016,0.008840
3.910000,4.360499,0.000559,0.593700,1.500000,0.000192,0.000000,0.000128,0.000000,4.303365,0.001588,0.599090,1.504466,-0.000126,0.001790,4.251956,0.000021,0.000003,1.502129,0.000724,-0.000921
3.922000,4.378499,0.000562,0.593700,1.500000,0.000192,0.000000,0.000128,0.000000,4.321400,0.001591,0.599011,1.502645,0.000339,-0.005620,4.269975,0.000026,0.000005,1.500872,0.000187,0.001763
3.934000,4.396499,0.000564,0.593700,1.500000,0.000192,0.000000,0.000128,0.000000,4.339419,0.001589,0.599108,1.500726,0.000072,0.003965,4.287994,0.000029,0.000004,1.502438,0.000157,-0.001298
3.946000,4.414499,0.000566,0.593700,1.500000,0.000192,0.000000,0.000128,0.000000,4.357430,0.001581,0.599100,1.500562,-0.000983,0.006581,4.306030,0.000033,0.000007,1.502400,0.000581,-0.002873
3.958000,4.432499,0.000568,0.593700,1.500000,0.000192,0.000000,0.000128,0.000000,4.375429,0.001579,0.599063,1.499283,-0.000305,-0.004350,4.324066,0.000037,-0.000005,1.503791,0.000230,0.002493
3.970000,4.450499,0.000571,0.593700,1.500000,0.000192,0.000000,0.000128,0.000000,4.393414,0.001576,0.598994,1.498609,0.000113,-0.015540,4.342116,0.000040,-0.000006,1.504956,0.000137,0.006402
3.982000,4.468499,0.000573,0.593700,1.500000,0.000192,0.000000,0.000128,0.000000,4.411390,0.001569,0.599017,1.497670,-0.002822,-0.001744,4.360152,0.000040,0.000003,1.503953,0.001997,0.000769
3.994000,4.486499,0.000575,0.593700,1.500000,0.000192,0.000000,0.000128,0.000000,4.429360,0.001567,0.598923,1.498367,-0.001487,-0.008519,4.378210,0.000046,0.000009,1.503599,0.000902,0.002183
4.004000,4.495499,0.000577,0.593700,-1.500000,-0.000193,0.000000,0.000128,0.000000,4.444313,0.001604,0.598928,1.502104,0.002219,0.026180,4.393198,0.000051,0.000021,1.498952,-0.000466,-0.006106
4.016000,4.477499,0.000574,0.593700,-1.499996,-0.000194,0.000000,0.000128,0.000000,4.462224,0.001606,0.599730,1.693166,0.001618,0.088903,4.405160,0.000052,-0.000026,0.772095,0.000301,-0.000856
4.028000,4.459499,0.000572,0.593700,-1.499999,-0.000193,0.000000,0.000128,0.000000,4.481913,0.001626,0.601000,1.739702,0.002727,0.143078,4.407459,0.000052,-0.000048,0.079597,0.000032,0.003690
4.040000,4.441499,0.000570,0.593700,-1.499998,-0.000191,0.000000,0.000128,0.000000,4.501317,0.001661,0.602901,1.610419,0.004035,0.166237,4.404519,0.000049,-0.000064,-0.312731,-0.000654,0.003413
4.052000,4.423499,0.000567,0.593700,-1.499995,-0.000190,0.000000,0.000128,0.000000,4.520278,0.001700,0.604992,1.547621,0.003532,0.166822,4.400792,0.000044,-0.000075,-0.315322,-0.000246,0.000118
4.064000,4.405499,0.000565,0.593700,-1.499994,-0.000190,0.000000,0.000128,0.000000,4.538650,0.001748,0.607106,1.489011,0.004240,0.178510,4.397057,0.000040,-0.000092,-0.309451,-0.000470,-0.000150
4.076000,4.387499,0.000563,0.593700,-1.499992,-0.000190,0.000000,0.000128,0.000000,4.556406,0.001794,0.609500,1.427338,0.004220,0.210315,4.393795,0.000035,-0.000114,-0.264075,-0.000314,-0.000723
4.088000,4.369499,0.000560,0.593700,-1.499990,-0.000190,0.000000,0.000128,0.000000,4.573534,0.001846,0.612299,1.369501,0.004778,0.247216,4.391346,0.000030,-0.000137,-0.195175,-0.000376,0.000059
4.100000,4.351499,0.000558,0.593700,-1.499989,-0.000189,0.000000,0.000128,0.000000,4.590023,0.001906,0.615490,1.315739,0.005445,0.281900,4.389785,0.000025,-0.000154,-0.121319,-0.000398,0.001187
4.110000,4.336499,0.000556,0.593700,-1.499989,-0.000189,0.000000,0.000128,0.000000,4.603093,0.001960,0.618444,1.268755,0.005777,0.289912,4.389316,0.000020,-0.000164,-0.026853,-0.000469,0.000282
4.122000,4.318499,0.000554,0.593700,-1.499991,-0.000190,0.000000,0.000128,0.000000,4.618189,0.002032,0.621973,1.225725,0.006268,0.278164,4.390338,0.000013,-0.000169,0.117535,-0.000634,-0.000607
4.134000,4.300500,0.000552,0.593700,-1.499993,-0.000190,0.000000,0.000128,0.000000,4.632879,0.002105,0.625322,1.196519,0.006366,0.261744,4.392955,0.000004,-0.000170,0.244638,-0.000693,-0.000586
4.146000,4.282500,0.000549,0.593700,-1.499994,-0.000191,0.000000,0.000128,0.000000,4.647247,0.002178,0.628423,1.173998,0.006189,0.243045,4.396870,-0.000006,-0.000166,0.343387,-0.000686,0.000506
4.158000,4.264500,0.000547,0.593700,-1.499995,-0.000190,0.000000,0.000128,0.000000,4.661318,0.002258,0.631371,1.150878,0.006610,0.231962,4.401680,-0.000018,-0.000160,0.416878,-0.000767,-0.000192
4.170000,4.246500,0.000545,0.593700,-1.499996,-0.000191,0.000000,0.000128,0.000000,4.675081,0.002344,0.634142,1.125493,0.007341,0.220258,4.407343,-0.000030,-0.000151,0.484931,-0.001151,-0.000666
4.182000,4.228500,0.000543,0.593700,-1.499996,-0.000191,0.000000,0.000128,0.000000,4.688525,0.002428,0.636808,1.098844,0.007352,0.207867,4.413699,-0.000045,-0.000149,0.541134,-0.001199,-0.000066
4.194000,4.210500,0.000540,0.593700,-1.499996,-0.000191,0.000000,0.000128,0.000000,4.701611,0.002506,0.639289,1.069573,0.005829,0.194590,4.420592,-0.000062,-0.000143,0.582452,-0.000818,0.000727
4.206000,4.192500,0.000538,0.593700,-1.499993,-0.000190,0.000000,0.000128,0.000000,4.712163,0.002522,0.640397,0.835433,0.000963,0.081624,4.427996,-0.000072,-0.000097,0.648095,0.000333,0.018119
4.218000,4.174500,0.000536,0.593700,-1.499961,-0.000188,0.000000,0.000128,0.000000,4.721060,0.002558,0.641417,0.722479,0.004102,0.118495,4.435429,-0.000082,-0.000040,0.628023,-0.001160,0.004446
4.230000,4.156501,0.000534,0.593700,-1.499925,-0.000188,0.000000,0.000128,0.000000,4.729023,0.002614,0.642967,0.642815,0.005231,0.140996,4.442928,-0.000098,-0.000025,0.634734,-0.001269,-0.001769
4.242000,4.138502,0.000531,0.593700,-1.499892,-0.000189,0.000000,0.000128,0.000000,4.736226,0.002678,0.644937,0.580268,0.005624,0.156205,4.450724,-0.000113,-0.000036,0.661198,-0.001306,-0.005290
4.254000,4.120503,0.000529,0.593700,-1.499876,-0.000193,0.000000,0.000128,0.000000,4.742811,0.002742,0.647102,0.531598,0.005771,0.162732,4.458877,-0.000129,-0.000053,0.687872,-0.001369,-0.007616
4.266000,4.102505,0.000527,0.593700,-1.499877,-0.000196,0.000000,0.000128,0.000000,4.748874,0.002807,0.649347,0.490825,0.005518,0.160337,4.467336,-0.000146,-0.000077,0.711412,-0.001240,-0.007497
4.278000,4.084506,0.000524,0.593700,-1.499902,-0.000198,0.000000,0.000128,0.000000,4.754468,0.002870,0.651624,0.453978,0.005102,0.160522,4.475956,-0.000162,-0.000100,0.724230,-0.001221,-0.008625
4.290000,4.066507,0.000522,0.593700,-1.499940,-0.000199,0.000000,0.000128,0.000000,4.759614,0.002932,0.653882,0.418769,0.005187,0.160580,4.484660,-0.000178,-0.000120,0.728813,-0.001347,-0.009973
4.302000,4.048508,0.000519,0.593700,-1.499979,-0.000198,0.000000,0.000128,0.000000,4.764327,0.002988,0.656108,0.383637,0.004503,0.154798,4.493446,-0.000195,-0.000143,0.735450,-0.001209,-0.008848
4.314000,4.030508,0.000517,0.593700,-1.499995,-0.000195,0.000000,0.000128,0.000000,4.769422,0.003307,0.657959,0.447293,0.034452,0.118798,4.502642,-0.000235,-0.000171,0.775994,-0.012918,0.008568
4.326000,4.012508,0.000515,0.593700,-1.499997,-0.000194,0.000000,0.000128,0.000000,4.777993,0.003523,0.658243,0.646192,0.010511,0.062348,4.513906,-0.000280,-0.000080,0.894443,0.001247,0.015258
4.338000,3.994508,0.000512,0.593700,-1.499995,-0.000195,0.000000,0.000128,0.000000,4.786391,0.003633,0.658986,0.662521,0.009967,0.098183,4.524674,-0.000300,-0.000027,0.880833,-0.001813,0.003061
4.350000,3.976508,0.000510,0.593700,-1.499996,-0.000195,0.000000,0.000128,0.000000,4.794358,0.003726,0.660329,0.643017,0.005352,0.123762,4.535294,-0.000326,-0.000024,0.883967,-0.001127,0.000771
4.362000,3.958508,0.000508,0.593700,-1.499996,-0.000195,0.000000,0.000128,0.000000,4.801981,0.003795,0.661803,0.619999,0.005244,0.131725,4.545933,-0.000348,-0.000017,0.887347,-0.002202,0.000306
4.374000,3.940508,0.000505,0.593700,-1.499996,-0.000195,0.000000,0.000128,0.000000,4.809272,0.003873,0.663378,0.593728,0.006695,0.133807,4.556585,-0.000375,-0.000013,0.886457,-0.002274,0.000333
4.384000,3.925508,0.000503,0.593700,-1.499996,-0.000195,0.000000,0.000128,0.000000,4.815138,0.003934,0.664780,0.578114,0.005702,0.137895,4.565379,-0.000399,-0.000017,0.877025,-0.001865,0.000978
4.396000,3.907508,0.000501,0.593700,-1.499996,-0.000195,0.000000,0.000128,0.000000,4.821880,0.003994,0.666535,0.551861,0.004196,0.145986,4.575800,-0.000425,-0.000017,0.864791,-0.002453,-0.001486
4.408000,3.889508,0.000499,0.593700,-1.499996,-0.000195,0.000000,0.000128,0.000000,4.828372,0.004045,0.668286,0.531466,0.003528,0.145115,4.586037,-0.000452,-0.000019,0.850395,-0.002336,-0.000112
4.420000,3.871508,0.000496,0.593700,-1.499996,-0.000195,0.000000,0.000128,0.000000,4.834540,0.004105,0.669963,0.500745,0.003650,0.140828,4.596073,-0.000481,-0.000013,0.834146,-0.002177,-0.000366
4.432000,3.853508,0.000494,0.593700,-1.499996,-0.000195,0.000000,0.000128,0.000000,4.840305,0.004099,0.671671,0.467258,0.000328,0.143346,4.605858,-0.000501,-0.000013,0.811437,-0.002085,-0.000392
4.444000,3.835508,0.000492,0.593700,-1.499996,-0.000195,0.000000,0.000128,0.000000,4.845765,0.004107,0.673495,0.441497,0.000313,0.147832,4.615488,-0.000526,-0.000020,0.799201,-0.003071,-0.000627
4.456000,3.817508,0.000489,0.593700,-1.499996,-0.000195,0.000000,0.000128,0.000000,4.850905,0.004136,0.675236,0.415410,0.001815,0.147572,4.624916,-0.000554,-0.000015,0.781148,-0.002343,-0.000901
4.468000,3.799508,0.000487,0.593700,-1.499996,-0.000195,0.000000,0.000128,0.000000,4.855746,0.004160,0.677003,0.392480,0.001372,0.144334,4.634087,-0.000580,-0.000018,0.758233,-0.001950,0.001540
4.480000,3.781508,0.000485,0.593700,-1.499996,-0.000195,0.000000,0.000128,0.000000,4.860137,0.004161,0.678768,0.357263,-0.001422,0.148281,4.642937,-0.000604,-0.000017,0.731696,-0.001072,0.000490
4.492000,3.763508,0.000482,0.593700,-1.499996,-0.000195,0.000000,0.000128,0.000000,4.864177,0.004168,0.680553,0.319337,-0.001253,0.148025,4.651435,-0.000624,-0.000012,0.703208,-0.001537,-0.001275
4.504000,3.745508,0.000480,0.593700,-1.499996,-0.000195,0.000000,0.000128,0.000000,4.867713,0.004083,0.682355,0.286679,-0.004990,0.150838,4.659568,-0.000632,-0.000016,0.674262,-0.001818,0.000144
4.516000,3.727509,0.000478,0.593700,-1.499996,-0.000195,0.000000,0.000128,0.000000,4.870761,0.004046,0.684202,0.237551,-0.007402,0.151970,4.667347,-0.000654,-0.000016,0.639904,-0.000019,-0.001559
4.528000,3.709509,0.000475,0.593700,-1.499996,-0.000195,0.000000,0.000128,0.000000,4.873610,0.003989,0.685971,0.221272,-0.007891,0.146252,4.674877,-0.000665,-0.000016,0.619853,0.000198,0.001017
4.540000,3.691509,0.000473,0.593700,-1.499996,-0.000195,0.000000,0.000128,0.000000,4.875779,0.003862,0.687799,0.167336,-0.015168,0.151792,4.681845,-0.000667,-0.000017,0.572335,0.001462,-0.000082
4.552000,3.673509,0.000471,0.593700,-1.499996,-0.000195,0.000000,0.000128,0.000000,4.877656,0.003747,0.689597,0.139204,-0.009963,0.147242,4.688556,-0.000669,-0.000015,0.552232,-0.000678,0.000958
4.564000,3.655509,0.000468,0.593700,-1.499996,-0.000195,0.000000,0.000128,0.000000,4.878711,0.003642,0.691454,0.074445,-0.013747,0.155789,4.694626,-0.000673,-0.000015,0.500862,0.000814,-0.001390
4.576000,3.637509,0.000466,0.593700,-1.499996,-0.000195,0.000000,0.000128,0.000000,4.879677,0.003498,0.693250,0.061355,-0.012271,0.149220,4.700617,-0.000670,-0.000014,0.490626,-0.000309,0.000562
4.588000,3.619509,0.000464,0.593700,-1.499996,-0.000195,0.000000,0.000128,0.000000,4.879740,0.003348,0.695091,-0.014033,-0.014702,0.152524,4.705835,-0.000668,-0.000013,0.422389,0.000812,-0.000746
4.600000,3.601509,0.000461,0.593700,-1.499996,-0.000195,0.000000,0.000128,0.000000,4.879324,0.003088,0.696961,-0.043872,-0.016773,0.154735,4.710741,-0.000647,-0.000018,0.412661,-0.000868,0.000864
4.612000,3.583509,0.000459,0.593700,-1.499996,-0.000195,0.000000,0.000128,0.000000,4.878758,0.002922,0.698752,-0.071280,-0.013210,0.150129,4.715446,-0.000644,-0.000012,0.374034,-0.001157,0.000476
4.624000,3.565509,0.000457,0.593700,-1.499996,-0.000195,0.000000,0.000128,0.000000,4.876876,0.002712,0.700641,-0.172219,-0.019395,0.157507,4.719060,-0.000637,-0.000013,0.298292,0.001912,-0.001420
4.634000,3.550509,0.000455,0.593700,-1.499996,-0.000195,0.000000,0.000128,0.000000,4.875235,0.002490,0.702199,-0.182545,-0.024195,0.154503,4.722210,-0.000623,-0.000016,0.307264,0.002211,0.000219
4.646000,3.532509,0.000452,0.593700,-1.499996,-0.000195,0.000000,0.000128,0.000000,4.873021,0.002218,0.704027,-0.203769,-0.020864,0.152095,4.725621,-0.000601,-0.000014,0.275764,0.000339,0.000833
4.658000,3.514509,0.000450,0.593700,-1.499996,-0.000195,0.000000,0.000128,0.000000,4.869774,0.002010,0.705870,-0.292135,-0.019692,0.155007,4.728099,-0.000587,-0.000012,0.194220,0.000949,-0.000106
4.670000,3.496509,0.000448,0.593700,-1.499996,-0.000195,0.000000,0.000128,0.000000,4.865160,0.001699,0.707728,-0.404211,-0.024184,0.152830,4.729694,-0.000563,-0.000011,0.136482,0.002086,-0.000542
4.682000,3.478509,0.000445,0.593700,-1.499996,-0.000195,0.000000,0.000128,0.000000,4.860532,0.001438,0.709634,-0.403116,-0.022449,0.154953,4.731729,-0.000543,-0.000015,0.168409,0.001343,-0.000710
4.694000,3.460509,0.000443,0.593700,-1.499997,-0.000195,0.000000,0.000128,0.000000,4.856007,0.001181,0.711479,-0.403227,-0.021932,0.152494,4.733457,-0.000520,-0.000016,0.121630,0.000877,0.000260
4.706000,3.442509,0.000441,0.593700,-1.499996,-0.000195,0.000000,0.000128,0.000000,4.850660,0.000867,0.713293,-0.466724,-0.024637,0.152303,4.734177,-0.000493,-0.000014,0.046041,0.001564,0.000374
4.718000,3.424509,0.000438,0.593700,-1.499996,-0.000195,0.000000,0.000128,0.000000,4.844234,0.000595,0.715136,-0.551398,-0.025836,0.153588,4.734041,-0.000475,-0.000014,-0.008628,0.003508,0.000242
4.730000,3.406509,0.000436,0.593700,-1.499997,-0.000195,0.000000,0.000128,0.000000,4.837318,0.000278,0.716975,-0.599612,-0.027297,0.152018,4.733667,-0.000442,-0.000013,-0.037993,0.003493,0.000113
4.742000,3.388509,0.000434,0.593700,-1.499997,-0.000195,0.000000,0.000128,0.000000,4.830031,-0.000012,0.718788,-0.629769,-0.024814,0.149002,4.732972,-0.000411,-0.000012,-0.067069,0.002250,0.000065
4.754000,3.370509,0.000431,0.593700,-1.499997,-0.000195,0.000000,0.000128,0.000000,4.822301,-0.000311,0.720571,-0.666219,-0.024583,0.146893,4.731738,-0.000382,-0.000011,-0.117249,0.002458,-0.000092
4.766000,3.352509,0.000429,0.593700,-1.499997,-0.000195,0.000000,0.000128,0.000000,4.813961,-0.000605,0.722330,-0.715900,-0.024246,0.144120,4.729825,-0.000352,-0.000011,-0.170381,0.002521,-0.000017
4.778000,3.334509,0.000427,0.593700,-1.499997,-0.000195,0.000000,0.000128,0.000000,4.804830,-0.000922,0.724064,-0.782883,-0.027135,0.142208,4.727213,-0.000321,-0.000010,-0.229519,0.003710,-0.000504
4.790000,3.316510,0.000424,0.593700,-1.499997,-0.000195,0.000000,0.000128,0.000000,4.795084,-0.001163,0.725782,-0.833211,-0.016455,0.143318,4.724073,-0.000289,-0.000011,-0.273049,0.000770,0.000220
4.802000,3.298510,0.000422,0.593700,-1.499997,-0.000195,0.000000,0.000128,0.000000,4.784551,-0.001284,0.727497,-0.895219,-0.012445,0.141800,4.720242,-0.000277,-0.000011,-0.322948,0.002029,0.000384
4.814000,3.280510,0.000420,0.593700,-1.499997,-0.000195,0.000000,0.000128,0.000000,4.773268,-0.001524,0.729182,-0.954890,-0.019744,0.137016,4.715894,-0.000248,-0.000009,-0.360491,0.003839,-0.000080
4.826000,3.262510,0.000417,0.593700,-1.499997,-0.000195,0.000000,0.000128,0.000000,4.761600,-0.001728,0.730844,-0.990739,-0.012231,0.135898,4.711184,-0.000216,-0.000010,-0.404856,0.000917,-0.000414
4.838000,3.244510,0.000415,0.593700,-1.499997,-0.000195,0.000000,0.000128,0.000000,4.749406,-0.001844,0.732453,-1.031748,-0.009514,0.134306,4.705835,-0.000199,-0.000009,-0.451603,0.001280,0.000336
4.850000,3.226510,0.000413,0.593700,-1.499997,-0.000195,0.000000,0.000128,0.000000,4.736802,-0.001985,0.734033,-1.071205,-0.008333,0.127873,4.699990,-0.000179,-0.000008,-0.499503,0.001701,0.000599
4.862000,3.208510,0.000410,0.593700,-1.499997,-0.000195,0.000000,0.000128,0.000000,4.722791,-0.002062,0.735591,-1.161223,-0.009884,0.126715,4.693045,-0.000170,-0.000007,-0.550904,0.003555,-0.000074
4.874000,3.190510,0.000408,0.593700,-1.499998,-0.000195,0.000000,0.000128,0.000000,4.708874,-0.002128,0.737054,-1.181360,-0.004443,0.117433,4.686205,-0.000148,-0.000004,-0.586233,0.001255,-0.000473
4.884000,3.175510,0.000406,0.593700,-1.499998,-0.000195,0.000000,0.000128,0.000000,4.696876,-0.002191,0.738252,-1.211836,-0.005825,0.115105,4.679937,-0.000135,-0.000006,-0.632253,0.001243,-0.000338
4.896000,3.157510,0.000404,0.593700,-1.499998,-0.000195,0.000000,0.000128,0.000000,4.682131,-0.002280,0.739613,-1.247078,-0.009143,0.111558,4.671889,-0.000124,-0.000005,-0.683139,0.003043,0.000141
4.908000,3.139510,0.000401,0.593700,-1.499998,-0.000195,0.000000,0.000128,0.000000,4.666850,-0.002332,0.740911,-1.291202,-0.004276,0.104949,4.663233,-0.000104,-0.000005,-0.731639,0.000715,0.001214
4.920000,3.121510,0.000399,0.593700,-1.499998,-0.000195,0.000000,0.000128,0.000000,4.650998,-0.002409,0.742157,-1.339150,-0.005809,0.099554,4.653990,-0.000090,-0.000001,-0.779422,0.000834,0.000149
4.932000,3.103510,0.000397,0.593700,-1.499998,-0.000195,0.000000,0.000128,0.000000,4.634583,-0.002495,0.743358,-1.386518,-0.010532,0.092844,4.644161,-0.000086,-0.000001,-0.829553,0.004493,-0.000139
4.944000,3.085510,0.000394,0.593700,-1.499998,-0.000194,0.000000,0.000128,0.000000,4.617618,-0.002517,0.744425,-1.432817,-0.005104,0.085266,4.633802,-0.000069,0.000002,-0.872686,0.002289,-0.000481
4.956000,3.067510,0.000392,0.593700,-1.499998,-0.000194,0.000000,0.000128,0.000000,4.600100,-0.002566,0.745442,-1.477462,-0.005182,0.081689,4.622865,-0.000057,0.000001,-0.922243,0.002148,-0.000867
4.968000,3.049510,0.000390,0.593700,-1.499998,-0.000194,0.000000,0.000128,0.000000,4.581995,-0.002583,0.746378,-1.525565,0.001178,0.075181,4.611355,-0.000037,0.000001,-0.969326,-0.001633,-0.000173
4.980000,3.031510,0.000387,0.593700,-1.499998,-0.000194,0.000000,0.000128,0.000000,4.563334,-0.002626,0.747199,-1.572318,0.001970,0.067333,4.599317,-0.000026,0.000005,-1.013377,-0.001947,-0.000230
4.992000,3.013510,0.000385,0.593700,-1.499999,-0.000194,0.000000,0.000128,0.000000,4.544019,-0.002684,0.747964,-1.626822,-0.001538,0.062708,4.586686,-0.000018,0.000007,-1.063108,-0.000735,-0.002098
5.004000,2.995510,0.000383,0.593700,-1.499999,-0.000194,0.000000,0.000128,0.000000,4.524136,-0.002754,0.748655,-1.677060,-0.007362,0.051042,4.573518,-0.000015,0.000001,-1.103914,0.002302,0.001722
5.016000,2.977510,0.000380,0.593700,-1.499999,-0.000194,0.000000,0.000128,0.000000,4.503558,-0.002755,0.749325,-1.731859,0.001351,0.051412,4.559760,0.000005,0.000003,-1.154306,-0.002174,-0.001037
5.028000,2.959510,0.000378,0.593700,-1.499999,-0.000193,0.000000,0.000128,0.000000,4.481732,-0.002813,0.749947,-1.814751,-0.000274,0.051193,4.545107,0.000015,0.000001,-1.200051,-0.001623,-0.000839
5.040000,2.941510,0.000376,0.593700,-1.500000,-0.000193,0.000000,0.000128,0.000000,4.459756,-0.002914,0.750431,-1.855031,-0.011932,0.034483,4.530447,0.000010,0.000002,-1.231405,0.004470,0.002019
5.052000,2.923510,0.000373,0.593700,-1.500000,-0.000193,0.000000,0.000128,0.000000,4.436956,-0.002925,0.751006,-1.916939,-0.004090,0.044476,4.515071,0.000029,0.000002,-1.292279,0.000142,-0.003562
5.064000,2.905510,0.000371,0.593700,-1.500000,-0.000193,0.000000,0.000128,0.000000,4.413008,-0.003009,0.751478,-2.025507,-0.014192,0.032047,4.498791,0.000021,-0.000012,-1.390717,0.007218,0.002735
5.076000,2.887510,0.000369,0.593700,-1.500000,-0.000192,0.000000,0.000128,0.000000,4.388693,-0.003006,0.751781,-2.060703,-0.006958,0.023004,4.482550,0.000034,-0.000003,-1.361992,0.003176,0.000950
5.088000,2.869510,0.000366,0.593700,-1.500000,-0.000192,0.000000,0.000128,0.000000,4.363651,-0.002994,0.752131,-2.108483,0.000813,0.023689,4.465836,0.000049,-0.000007,-1.402260,-0.000853,-0.000273
5.100000,2.851510,0.000364,0.593700,-1.500000,-0.000192,0.000000,0.000128,0.000000,4.337280,-0.003006,0.752632,-2.227778,0.000529,0.052629,4.447807,0.000056,-0.000015,-1.541377,-0.001699,-0.001789
5.112000,2.833510,0.000362,0.593700,-1.500000,-0.000192,0.000000,0.000128,0.000000,4.310123,-0.003148,0.753298,-2.301799,-0.016873,0.067837,4.429202,0.000044,-0.000029,-1.553413,0.007548,0.001842
5.124000,2.815510,0.000360,0.593700,-1.500000,-0.000192,0.000000,0.000128,0.000000,4.283287,-0.003131,0.754330,-2.284504,-0.003029,0.096095,4.410990,0.000064,-0.000036,-1.542020,0.000580,0.001108
5.134000,2.800510,0.000358,0.593700,-1.500000,-0.000193,0.000000,0.000128,0.000000,4.260094,-0.003174,0.755393,-2.337428,-0.006778,0.110993,4.395037,0.000060,-0.000045,-1.583581,0.003201,0.002872
5.146000,2.782510,0.000355,0.593700,-1.500000,-0.000193,0.000000,0.000128,0.000000,4.231724,-0.003127,0.756952,-2.393196,0.002824,0.151973,4.375502,0.000073,-0.000045,-1.651062,-0.001152,-0.003460
5.158000,2.764510,0.000353,0.593700,-1.500000,-0.000193,0.000000,0.000128,0.000000,4.202660,-0.003138,0.758747,-2.459732,0.007320,0.154576,4.355414,0.000085,-0.000065,-1.686657,-0.005042,0.004311
5.170000,2.746510,0.000351,0.593700,-1.499999,-0.000193,0.000000,0.000128,0.000000,4.172277,-0.003210,0.760998,-2.545056,-0.000282,0.186728,4.334190,0.000078,-0.000085,-1.757175,-0.001253,0.003860
5.182000,2.728510,0.000348,0.593700,-1.499999,-0.000193,0.000000,0.000128,0.000000,4.141506,-0.003261,0.763384,-2.598663,-0.008122,0.206108,4.312772,0.000061,-0.000082,-1.796934,0.004943,0.001074
5.194000,2.710510,0.000346,0.593700,-1.500000,-0.000193,0.000000,0.000128,0.000000,4.104691,-0.002984,0.763469,-3.069365,0.014673,-0.066905,4.284302,0.000038,0.000004,-2.540189,-0.003017,0.027566
5.206000,2.692510,0.000344,0.593700,-1.499998,-0.000190,0.000000,0.000128,0.000000,4.056012,-0.002743,0.761722,-3.896874,0.023893,-0.190111,4.246021,-0.000013,0.000119,-2.959435,-0.005812,0.003569
5.218000,2.674510,0.000341,0.593700,-1.499988,-0.000183,0.000000,0.000128,0.000000,4.008321,-0.002687,0.758821,-4.020845,-0.002187,-0.297421,4.211571,-0.000064,0.000150,-2.906822,0.004621,0.001746
5.230000,2.656510,0.000339,0.593700,-1.499956,-0.000169,0.000000,0.000128,0.000000,3.960774,-0.002695,0.754875,-3.951978,-0.006150,-0.356073,4.177921,-0.000084,0.000188,-2.884346,0.001670,-0.012113
5.242000,2.638511,0.000337,0.593700,-1.499912,-0.000152,0.000000,0.000128,0.000000,3.912245,-0.002726,0.750751,-3.928185,-0.005869,-0.373982,4.141416,-0.000104,0.000156,-2.973679,-0.000942,-0.016538
5.254000,2.620512,0.000336,0.593700,-1.499895,-0.000143,0.000000,0.000128,0.000000,3.862480,-0.002703,0.746527,-4.047223,0.003073,-0.401012,4.101371,-0.000125,0.000093,-3.297544,-0.004470,-0.013083
5.266000,2.602514,0.000334,0.593700,-1.499903,-0.000150,0.000000,0.000128,0.000000,3.813499,-0.002673,0.742073,-4.084310,0.007896,-0.428125,4.059905,-0.000145,0.000032,-3.592146,-0.005443,-0.011316
5.278000,2.584515,0.000332,0.593700,-1.499936,-0.000180,0.000000,0.000128,0.000000,3.765066,-0.002608,0.736814,-4.025228,0.004500,-0.491458,4.017102,-0.000162,0.000007,-3.666800,-0.000595,-0.011082
5.290000,2.566515,0.000330,0.593700,-1.499978,-0.000229,0.000000,0.000128,0.000000,3.715090,-0.002261,0.730711,-4.053376,0.026244,-0.579456,3.970978,-0.000138,-0.000026,-3.724811,-0.003092,-0.002474
5.302000,2.548515,0.000327,0.593700,-1.499983,-0.000026,0.000000,0.000128,0.000000,3.663051,-0.001264,0.723773,-4.257816,0.083187,-0.643391,3.921237,-0.000046,-0.000038,-4.127308,-0.010613,-0.007954
5.314000,2.530521,0.000349,0.593700,-1.498633,0.005129,0.000000,0.000127,-0.000108,3.620419,-0.004034,0.715259,-3.732809,-0.245332,-0.672485,3.880888,0.000669,-0.000030,-3.426873,0.098282,0.016515
5.326000,2.512524,0.000333,0.593700,-1.499953,-0.003159,0.000000,0.000126,-0.000115,3.577022,-0.002754,0.706528,-3.726453,0.117368,-0.618476,3.842226,0.001592,0.000024,-3.150285,-0.012957,0.021299
5.338000,2.494585,0.000292,0.593700,-1.499997,0.000462,0.000000,0.000124,-0.000122,3.535088,-0.017013,0.697596,-3.506242,-1.056471,-0.718879,3.808098,0.002234,0.000109,-2.953797,0.277767,0.034587
5.350000,2.476586,0.000312,0.593700,-1.499848,0.000935,0.000000,0.000183,0.011020,3.486310,-0.022222,0.691319,-3.964035,-0.053370,-0.472667,3.763248,0.002773,0.000076,-3.848604,-0.276098,-0.024455
5.362000,2.458588,0.000312,0.593700,-1.499843,-0.000550,0.000000,0.000329,0.012671,3.438035,-0.022532,0.686082,-3.911638,-0.136830,-0.457899,3.717537,0.002182,-0.000008,-3.626351,-0.004377,-0.020373
5.374000,2.440590,0.000303,0.593700,-1.499886,-0.000915,0.000000,0.000486,0.013451,3.391492,-0.025198,0.682344,-3.916151,-0.212276,-0.369090,3.671699,0.002193,-0.000147,-3.952600,0.010133,-0.025506
5.386000,2.422591,0.000291,0.593700,-1.499950,-0.001076,0.000000,0.000652,0.014278,3.347738,-0.027884,0.678675,-3.687085,-0.210467,-0.341275,3.627782,0.002147,-0.000225,-3.712909,-0.005073,-0.026338
5.398000,2.404591,0.000277,0.593700,-1.499993,-0.001186,0.000000,0.000829,0.015157,3.304338,-0.030163,0.674903,-3.602073,-0.172535,-0.405677,3.583922,0.001867,-0.000384,-3.370638,-0.024776,0.032903
5.408000,2.389591,0.000264,0.593700,-1.499985,-0.001464,0.000000,0.000984,0.015930,3.275920,-0.029415,0.669610,-3.092722,-0.040761,-0.421436,3.557343,0.001537,-0.000222,-2.794288,-0.028428,0.031545
5.420000,2.371591,0.000245,0.593700,-1.499998,-0.001725,0.000000,0.001181,0.016910,3.242656,-0.029225,0.664601,-2.865103,0.014672,-0.329332,3.525696,0.001196,-0.000122,-2.695454,-0.040701,0.007400
5.432000,2.353591,0.000222,0.593700,-1.499997,-0.002060,0.000000,0.001390,0.017950,3.208670,-0.028617,0.660915,-2.892599,0.044519,-0.247577,3.493269,0.000820,-0.000120,-2.727489,-0.040077,0.005105
5.444000,2.335591,0.000195,0.593700,-1.499996,-0.002396,0.000000,0.001612,0.019055,3.173080,-0.028539,0.658793,-3.007740,-0.016967,-0.151237,3.460064,0.000441,-0.000142,-2.756084,-0.009368,0.005582
5.456000,2.317591,0.000164,0.593700,-1.499995,-0.002760,0.000000,0.001848,0.020227,3.137418,-0.028318,0.657805,-3.014499,-0.028232,-0.073528,3.427448,0.000128,-0.000168,-2.730450,-0.006615,0.002143
5.468000,2.299591,0.000129,0.593700,-1.499997,-0.003070,0.000000,0.002098,0.021471,3.100976,-0.027507,0.656989,-3.055478,0.042871,-0.040539,3.394165,-0.000163,-0.000144,-2.810319,-0.033360,-0.006257
5.480000,2.281592,0.000106,0.593700,-1.499356,0.003118,0.000000,0.002364,0.022792,3.064586,-0.023437,0.656882,-3.054431,0.348486,-0.004914,3.360420,-0.000422,-0.000188,-2.796322,-0.109997,0.004551
5.492000,2.263600,0.000121,0.593700,-1.499969,-0.003369,0.000000,0.002645,0.024194,3.027559,-0.026287,0.657383,-3.084017,-0.093507,0.041983,3.325933,-0.000779,-0.000214,-2.916748,0.004795,0.017434
5.504000,2.245602,0.000088,0.593700,-1.499863,-0.002354,0.000000,0.002945,0.025683,2.988279,-0.024464,0.658304,-3.249335,0.065798,0.051046,3.288440,-0.001280,-0.000188,-3.099571,-0.036387,0.001729
5.516000,2.227603,0.000056,0.593700,-1.499870,-0.002928,0.000000,0.003263,0.027377,2.949783,-0.024150,0.658763,-3.208025,0.035043,0.011851,3.251693,-0.001711,-0.000159,-3.073184,-0.029528,-0.002342
5.528000,2.209605,0.000019,0.593700,-1.499863,-0.003380,0.000000,0.003602,0.029069,2.911493,-0.023699,0.658802,-3.192629,0.043742,-0.025414,3.214519,-0.002132,-0.000142,-3.109848,-0.037816,-0.003189
5.540000,2.191607,-0.000025,0.593700,-1.499859,-0.003883,0.000000,0.003961,0.030218,2.874480,-0.023410,0.658009,-3.103038,0.030292,-0.092227,3.178023,-0.002563,-0.000123,-3.060257,-0.031052,0.006184
5.552000,2.173608,-0.000075,0.593700,-1.499855,-0.004333,0.000000,0.004259,0.020399,2.837188,-0.023004,0.656941,-3.095349,0.030133,-0.127539,3.140565,-0.002968,-0.000098,-3.105454,-0.030310,0.002978
5.564000,2.155610,-0.000129,0.593700,-1.499852,-0.004693,0.000000,0.004504,0.020708,2.799694,-0.022692,0.655334,-3.126153,0.029326,-0.156023,3.102500,-0.003337,-0.000069,-3.180035,-0.029977,0.000128
5.576000,2.137612,-0.000187,0.593700,-1.499847,-0.005026,0.000000,0.004756,0.021175,2.761648,-0.022347,0.653399,-3.183816,0.028433,-0.187686,3.063856,-0.003667,-0.000051,-3.225730,-0.030144,-0.003237
5.588000,2.119614,-0.000250,0.593700,-1.499845,-0.005410,0.000000,0.005012,0.021621,2.723323,-0.022231,0.650731,-3.195457,0.017157,-0.242698,3.025412,-0.003973,-0.000048,-3.196938,-0.025337,0.004664
5.600000,2.101615,-0.000326,0.593700,-1.499939,-0.006856,0.000000,0.005274,0.022042,2.685690,-0.022774,0.647898,-3.124962,-0.015704,-0.240730,2.987331,-0.004255,-0.000024,-3.192182,-0.024172,-0.001565
5.612000,2.083615,-0.000411,0.593700,-1.499946,-0.007371,0.000000,0.005541,0.022433,2.648402,-0.022690,0.645003,-3.093628,0.002672,-0.246118,2.948707,-0.004576,-0.000020,-3.224147,-0.026486,0.001623
5.624000,2.065616,-0.000503,0.593700,-1.499950,-0.007881,0.000000,0.005813,0.022788,2.611311,-0.022676,0.642205,-3.075394,0.005758,-0.229560,2.909703,-0.004893,-0.000017,-3.256280,-0.027845,-0.002451
5.636000,2.047617,-0.000601,0.593700,-1.499953,-0.008376,0.000000,0.006088,0.023102,2.574288,-0.022673,0.639228,-3.068881,0.010560,-0.249919,2.870660,-0.005222,-0.000012,-3.244266,-0.031007,0.005916
5.648000,2.029617,-0.000704,0.593700,-1.499957,-0.008903,0.000000,0.006367,0.023368,2.538041,-0.022568,0.636614,-3.017884,0.005164,-0.225797,2.831959,-0.005588,-0.000023,-3.242398,-0.025243,0.004118
5.658000,2.014618,-0.000795,0.593700,-1.499957,-0.009314,0.000000,0.006602,0.023549,2.508339,-0.022386,0.634479,-2.981227,0.014447,-0.234489,2.799906,-0.005887,-0.000034,-3.224836,-0.028640,0.011927
5.670000,1.996618,-0.000910,0.593700,-1.499956,-0.009779,0.000000,0.006885,0.023710,2.472594,-0.022191,0.632144,-2.961318,0.017130,-0.201405,2.761125,-0.006256,-0.000022,-3.219231,-0.029705,0.001654
5.682000,1.978619,-0.001030,0.593700,-1.499956,-0.010281,0.000000,0.007170,0.023801,2.436902,-0.021955,0.629753,-2.956214,0.020701,-0.199935,2.722462,-0.006633,-0.000031,-3.216162,-0.030326,0.007024
5.694000,1.960619,-0.001156,0.593700,-1.499954,-0.010743,0.000000,0.007456,0.023813,2.401698,-0.021680,0.627658,-2.918700,0.024313,-0.166674,2.684259,-0.007012,-0.000027,-3.175576,-0.030758,0.000853
5.706000,1.942620,-0.001288,0.593700,-1.499952,-0.011209,0.000000,0.007741,0.023737,2.366660,-0.021299,0.625650,-2.896854,0.032227,-0.159854,2.646185,-0.007406,-0.000025,-3.150712,-0.033085,0.002783
5.718000,1.924620,-0.001425,0.593700,-1.499950,-0.011677,0.000000,0.008025,0.023555,2.331996,-0.020830,0.623841,-2.881835,0.045769,-0.161094,2.608455,-0.007802,-0.000040,-3.140754,-0.036807,0.010225
5.730000,1.906621,-0.001568,0.593700,-1.499947,-0.012113,0.000000,0.008306,0.023260,2.297970,-0.020239,0.622481,-2.828219,0.045688,-0.101836,2.571225,-0.008229,-0.000019,-3.102940,-0.032078,-0.008786
5.742000,1.888622,-0.001716,0.593700,-1.499944,-0.012541,0.000000,0.008583,0.022846,2.263894,-0.019726,0.621015,-2.818975,0.041351,-0.110788,2.533968,-0.008629,-0.000034,-3.090923,-0.030572,-0.000566
5.754000,1.870622,-0.001869,0.593700,-1.499941,-0.012988,0.000000,0.008856,0.022772,2.230551,-0.019091,0.619861,-2.765052,0.056027,-0.071211,2.497341,-0.009025,-0.000032,-3.053343,-0.035856,-0.010846
5.766000,1.852623,-0.002028,0.593700,-1.499937,-0.013398,0.000000,0.009130,0.022912,2.197170,-0.018535,0.618630,-2.764716,0.052492,-0.088769,2.460688,-0.009428,-0.000041,-3.050315,-0.033798,-0.001462
5.778000,1.834624,-0.002191,0.593700,-1.499934,-0.013824,0.000000,0.009406,0.023031,2.163978,-0.017842,0.617619,-2.753989,0.058581,-0.086919,2.424268,-0.009837,-0.000049,-3.028560,-0.034576,0.001179
5.790000,1.816625,-0.002359,0.593700,-1.499930,-0.014261,0.000000,0.009683,0.023129,2.131119,-0.017130,0.616840,-2.723066,0.061111,-0.056360,2.388214,-0.010249,-0.000049,-2.997965,-0.034682,-0.006368
5.802000,1.798625,-0.002533,0.593700,-1.499926,-0.014678,0.000000,0.009961,0.023206,2.098469,-0.016365,0.615865,-2.706561,0.060750,-0.077402,2.352390,-0.010662,-0.000058,-2.977266,-0.031629,0.003922
5.814000,1.780626,-0.002712,0.593700,-1.499922,-0.015108,0.000000,0.010240,0.023264,2.066164,-0.015673,0.615127,-2.682403,0.058168,-0.072895,2.316858,-0.011058,-0.000058,-2.953884,-0.031562,0.004647
5.826000,1.762627,-0.002896,0.593700,-1.499918,-0.015539,0.000000,0.010519,0.023302,2.034242,-0.015026,0.614534,-2.646082,0.061138,-0.046619,2.281684,-0.011446,-0.000046,-2.924216,-0.034866,-0.003972
5.838000,1.744628,-0.003085,0.593700,-1.499913,-0.015967,0.000000,0.010799,0.023322,2.002753,-0.014230,0.613952,-2.616798,0.064365,-0.054113,2.246842,-0.011852,-0.000066,-2.905534,-0.031718,0.003253
5.850000,1.726629,-0.003279,0.593700,-1.499909,-0.016404,0.000000,0.011079,0.023326,1.971525,-0.013511,0.613406,-2.586538,0.057435,-0.036180,2.212243,-0.012247,-0.000048,-2.876683,-0.029020,-0.004047
5.862000,1.708630,-0.003478,0.593700,-1.499904,-0.016841,0.000000,0.011359,0.023316,1.940653,-0.012716,0.612917,-2.561621,0.066985,-0.042989,2.177927,-0.012622,-0.000051,-2.858486,-0.031462,0.000138
5.874000,1.690632,-0.003683,0.593700,-1.499900,-0.017272,0.000000,0.011638,0.023294,1.910281,-0.011839,0.612539,-2.514791,0.070919,-0.011989,2.144057,-0.013001,-0.000030,-2.817558,-0.030321,-0.012116
5.886000,1.672633,-0.003893,0.593700,-1.499895,-0.017708,0.000000,0.011918,0.023264,1.880037,-0.011008,0.612061,-2.500848,0.073021,-0.027218,2.110297,-0.013359,-0.000044,-2.807452,-0.031150,-0.003430
5.898000,1.654634,-0.004108,0.593700,-1.499890,-0.018150,0.000000,0.012197,0.023230,1.850154,-0.010148,0.611432,-2.473412,0.074948,-0.042526,2.076908,-0.013711,-0.000038,-2.772938,-0.029457,0.001919
5.908000,1.639635,-0.004291,0.593700,-1.499886,-0.018515,0.000000,0.012429,0.023202,1.825389,-0.009386,0.611180,-2.462416,0.070236,-0.039606,2.049209,-0.014001,-0.000046,-2.760208,-0.025658,0.004152
5.920000,1.621637,-0.004516,0.593700,-1.499880,-0.018949,0.000000,0.012707,0.023176,1.796237,-0.008572,0.610673,-2.421187,0.070170,-0.037530,2.016561,-0.014316,-0.000031,-2.719765,-0.026037,0.002356
5.932000,1.603638,-0.004746,0.593700,-1.499875,-0.019375,0.000000,0.012985,0.023162,1.767385,-0.007627,0.610552,-2.390640,0.081016,-0.016796,1.984140,-0.014613,-0.000036,-2.696805,-0.027761,-0.001751
5.944000,1.585640,-0.004981,0.593700,-1.499869,-0.019804,0.000000,0.013263,0.023170,1.739022,-0.006733,0.610317,-2.350099,0.077536,-0.008534,1.952207,-0.014901,-0.000031,-2.657727,-0.024632,-0.004292
5.956000,1.567641,-0.005222,0.593700,-1.499864,-0.020228,0.000000,0.013541,0.023196,1.711070,-0.005851,0.609939,-2.311258,0.072386,-0.018687,1.920660,-0.015167,-0.000021,-2.625078,-0.020067,-0.001788
5.968000,1.549643,-0.005467,0.593700,-1.499858,-0.020654,0.000000,0.013820,0.023217,1.683452,-0.005037,0.609623,-2.284058,0.070726,-0.024148,1.889344,-0.015404,-0.000026,-2.600011,-0.020337,0.001593
5.980000,1.531645,-0.005717,0.593700,-1.499852,-0.021073,0.000000,0.014099,0.023231,1.656376,-0.004110,0.609384,-2.246507,0.080754,-0.023082,1.858527,-0.015633,-0.000024,-2.564939,-0.022970,0.002030
5.992000,1.513647,-0.005973,0.593700,-1.499846,-0.021492,0.000000,0.014377,0.023240,1.629983,-0.003183,0.609116,-2.191862,0.076609,-0.026299,1.828410,-0.015851,-0.000022,-2.505178,-0.017504,0.003469
6.004000,1.495648,-0.006233,0.593700,-1.499840,-0.021912,0.000000,0.014656,0.023244,1.603933,-0.002285,0.609060,-2.160576,0.073396,-0.021583,1.798443,-0.016049,-0.000032,-2.494250,-0.016227,0.003867
6.016000,1.477650,-0.006498,0.593700,-1.499834,-0.022325,0.000000,0.014935,0.023244,1.578114,-0.001423,0.608822,-2.131968,0.071939,-0.013434,1.768694,-0.016230,-0.000016,-2.471924,-0.015775,-0.001829
6.028000,1.459652,-0.006769,0.593700,-1.499828,-0.022739,0.000000,0.015214,0.023242,1.552753,-0.000538,0.608690,-2.097554,0.074043,-0.007407,1.739358,-0.016408,-0.000018,-2.436193,-0.015794,-0.003079
6.040000,1.441655,-0.007044,0.593700,-1.499821,-0.023160,0.000000,0.015493,0.023237,1.527809,0.000277,0.608491,-2.062153,0.064657,-0.023174,1.710414,-0.016586,-0.000025,-2.401827,-0.012477,0.003298
6.052000,1.423657,-0.007325,0.593700,-1.499815,-0.023577,0.000000,0.015772,0.023232,1.503355,0.001061,0.608339,-2.021809,0.062683,-0.010807,1.681935,-0.016757,-0.000017,-2.363591,-0.013401,-0.002366
6.064000,1.405659,-0.007610,0.593700,-1.499808,-0.023991,0.000000,0.016051,0.023226,1.479364,0.001801,0.608058,-1.981702,0.061522,-0.027099,1.653839,-0.016931,-0.000017,-2.334569,-0.014890,0.002703
6.076000,1.387661,-0.007900,0.593700,-1.499801,-0.024410,0.000000,0.016329,0.023222,1.455872,0.002590,0.607965,-1.940028,0.063384,-0.005176,1.626121,-0.017131,-0.000015,-2.304355,-0.017220,-0.005020
6.088000,1.369664,-0.008196,0.593700,-1.499795,-0.024826,0.000000,0.016608,0.023218,1.432794,0.003297,0.607685,-1.903714,0.060897,-0.019584,1.598692,-0.017341,-0.000013,-2.279871,-0.019035,-0.001354
6.100000,1.351666,-0.008496,0.593700,-1.499787,-0.025251,0.000000,0.016886,0.023216,1.410240,0.003933,0.607405,-1.862283,0.053590,-0.020813,1.571758,-0.017572,-0.000014,-2.239443,-0.019031,-0.001468
6.112000,1.333669,-0.008802,0.593700,-1.499780,-0.025668,0.000000,0.017165,0.023217,1.388120,0.004575,0.607169,-1.824867,0.053567,-0.025118,1.545116,-0.017822,-0.000018,-2.214275,-0.021790,-0.000110
6.124000,1.315672,-0.009112,0.593700,-1.499773,-0.026092,0.000000,0.017444,0.023219,1.366538,0.005167,0.606897,-1.783487,0.047791,-0.024814,1.518884,-0.018101,-0.000017,-2.179011,-0.022525,-0.001418
6.136000,1.297674,-0.009428,0.593700,-1.499766,-0.026518,0.000000,0.017722,0.023222,1.345411,0.005703,0.606444,-1.741097,0.043604,-0.031544,1.493123,-0.018388,-0.000005,-2.138017,-0.023980,-0.002446
6.148000,1.279677,-0.009749,0.593700,-1.499758,-0.026940,0.000000,0.018001,0.023226,1.324791,0.006181,0.606054,-1.703466,0.036755,-0.043795,1.467848,-0.018690,-0.000016,-2.101392,-0.023392,0.002321
6.158000,1.264680,-0.010020,0.593700,-1.499752,-0.027298,0.000000,0.018233,0.023228,1.307979,0.006541,0.605662,-1.666005,0.036068,-0.034900,1.447083,-0.018944,-0.000007,-2.071373,-0.026917,-0.002894
6.170000,1.246683,-0.010350,0.593700,-1.499744,-0.027723,0.000000,0.018512,0.023229,1.288249,0.006977,0.605101,-1.626237,0.034989,-0.041377,1.422619,-0.019270,0.000001,-2.028909,-0.027232,-0.001712
6.182000,1.228686,-0.010685,0.593700,-1.499736,-0.028143,0.000000,0.018791,0.023229,1.268809,0.007418,0.604687,-1.604794,0.034346,-0.042575,1.398441,-0.019606,-0.000017,-2.003741,-0.029423,0.001734
6.194000,1.210689,-0.011026,0.593700,-1.499728,-0.028573,0.000000,0.019070,0.023229,1.249984,0.007800,0.604105,-1.552303,0.029531,-0.028276,1.374936,-0.019952,0.000005,-1.954199,-0.027178,-0.005547
6.206000,1.192692,-0.011371,0.593700,-1.499720,-0.028996,0.000000,0.019348,0.023228,1.231357,0.008234,0.603553,-1.536441,0.031107,-0.050675,1.351585,-0.020305,-0.000009,-1.926871,-0.029829,0.004490
6.218000,1.174696,-0.011721,0.593700,-1.499711,-0.029417,0.000000,0.019627,0.023227,1.212908,0.008497,0.603194,-1.525355,0.020545,-0.028300,1.328504,-0.020661,0.000001,-1.913900,-0.028151,-0.003341
6.230000,1.156699,-0.012077,0.593700,-1.499703,-0.029848,0.000000,0.019906,0.023226,1.194673,0.008836,0.602832,-1.513262,0.027325,-0.029306,1.305841,-0.021023,-0.000013,-1.881287,-0.033766,-0.000298
6.242000,1.138703,-0.012438,0.593700,-1.499694,-0.030270,0.000000,0.020184,0.023225,1.176651,0.009115,0.602481,-1.499393,0.019807,-0.025071,1.283669,-0.021399,-0.000005,-1.839817,-0.030428,-0.002071
6.254000,1.120707,-0.012803,0.593700,-1.499687,-0.030623,0.000000,0.020463,0.023224,1.158835,0.007249,0.602194,-1.487412,-0.294479,0.001462,1.261986,-0.022022,-0.000007,-1.796086,0.111323,-0.005351
6.266000,1.102737,-0.013258,0.593700,-1.496254,-0.042339,0.000000,0.020742,0.023224,1.141681,0.001459,0.603117,-1.454271,-0.365925,0.093909,1.241154,-0.022008,-0.000071,-1.742909,-0.011011,-0.004898
6.278000,1.084764,-0.013711,0.593700,-1.498462,-0.035440,0.000000,0.021020,0.023224,1.124214,0.002444,0.603128,-1.461933,-0.009990,-0.007566,1.220212,-0.022529,-0.000036,-1.750146,-0.079679,0.007757
6.290000,1.066779,-0.014128,0.593700,-1.499252,-0.033167,0.000000,0.021299,0.023224,1.106398,0.003693,0.603192,-1.489694,0.090607,-0.010561,1.199804,-0.023085,-0.000023,-1.664462,-0.063972,-0.001199
6.302000,1.048787,-0.014524,0.593700,-1.499490,-0.032810,0.000000,0.021578,0.023225,1.088459,0.004766,0.602818,-1.491196,0.077000,-0.032980,1.180790,-0.023539,-0.000019,-1.563688,-0.042208,0.003651
6.314000,1.030793,-0.014921,0.593700,-1.499491,-0.033185,0.000000,0.021857,0.023225,1.070912,0.005235,0.602564,-1.465953,0.060441,-0.021687,1.162359,-0.023943,-0.000014,-1.539743,-0.044134,0.001969
6.326000,1.012799,-0.015321,0.593700,-1.499509,-0.033530,0.000000,0.022135,0.023226,1.053326,0.005642,0.602380,-1.460819,0.029076,-0.017453,1.143876,-0.024384,-0.000014,-1.542706,-0.031044,0.001566
6.338000,0.994805,-0.015725,0.593700,-1.499568,-0.033709,0.000000,0.022414,0.023226,1.035725,0.006444,0.602212,-1.467179,0.052148,-0.009442,1.125355,-0.024803,-0.000006,-1.536957,-0.036399,-0.001417
6.350000,0.976810,-0.016131,0.593700,-1.499585,-0.034042,0.000000,0.022693,0.023226,1.018106,0.007050,0.602107,-1.464540,0.040039,-0.004101,1.106903,-0.025212,-0.000008,-1.541449,-0.032103,-0.002547
6.362000,0.958815,-0.016542,0.593700,-1.499593,-0.034408,0.000000,0.022971,0.023226,1.000549,0.007597,0.601948,-1.461289,0.039049,-0.008754,1.088512,-0.025610,-0.000007,-1.542833,-0.034051,-0.000747
6.374000,0.940820,-0.016958,0.593700,-1.499574,-0.034899,0.000000,0.023250,0.023226,0.982958,0.008611,0.601818,-1.461984,0.029795,-0.005918,1.070222,-0.026044,-0.000003,-1.510105,-0.015032,-0.002461
6.386000,0.922825,-0.017380,0.593700,-1.499532,-0.035430,0.000000,0.023529,0.023226,0.965564,0.009071,0.601747,-1.454068,0.039188,-0.007732,1.052310,-0.026350,-0.000008,-1.493207,-0.032417,-0.000152
6.398000,0.904832,-0.017811,0.593700,-1.499285,-0.036613,0.000000,0.023808,0.023225,0.948062,0.010040,0.601667,-1.458470,0.071126,-0.007285,1.034375,-0.026687,-0.000011,-1.482095,-0.039513,0.000338
6.410000,0.886844,-0.018262,0.593700,-1.498445,-0.039494,0.000000,0.024086,0.023225,0.930439,0.011427,0.601510,-1.466733,0.122616,-0.018272,1.016698,-0.027001,-0.000014,-1.454962,-0.050740,0.004627
6.422000,0.868880,-0.018789,0.593700,-1.494412,-0.051354,0.000000,0.024365,0.023225,0.912570,0.014255,0.601202,-1.484208,0.216249,-0.024705,0.999884,-0.027303,-0.000002,-1.357654,-0.053726,0.005249
6.432000,0.853947,-0.019326,0.593700,-1.497196,-0.042681,0.000000,0.024590,0.022015,0.898141,0.010481,0.601995,-1.469974,-0.390502,0.180941,0.987147,-0.027696,-0.000015,-1.276072,0.170807,-0.022513
6.444000,0.835960,-0.019790,0.593700,-1.499203,-0.038390,0.000000,0.024850,0.020344,0.881475,0.010815,0.603990,-1.401808,0.062042,0.166350,0.971927,-0.027570,-0.000086,-1.303329,-0.068424,0.013343
6.456000,0.817969,-0.020251,0.593700,-1.499326,-0.038371,0.000000,0.025086,0.019494,0.864763,0.010616,0.605991,-1.374336,-0.010857,0.156133,0.954831,-0.027812,-0.000055,-1.464352,-0.010409,-0.003540
6.468000,0.799976,-0.020712,0.593700,-1.499369,-0.038548,0.000000,0.025319,0.019264,0.848119,0.010378,0.607641,-1.377556,-0.017825,0.099465,0.936168,-0.027979,-0.000061,-1.573251,-0.014741,0.001427
6.480000,0.781984,-0.021176,0.593700,-1.499363,-0.038881,0.000000,0.025548,0.019020,0.831359,0.010194,0.608564,-1.396232,-0.015418,0.037888,0.916619,-0.028170,-0.000041,-1.636290,-0.018252,-0.000557
6.492000,0.763992,-0.021645,0.593700,-1.499357,-0.039213,0.000000,0.025775,0.018762,0.814286,0.010018,0.608875,-1.434643,-0.015910,-0.001530,0.896739,-0.028394,-0.000023,-1.648571,-0.020985,-0.002737
6.504000,0.745999,-0.022116,0.593700,-1.499285,-0.039862,0.000000,0.025999,0.018487,0.796959,0.010081,0.608675,-1.461277,0.011319,-0.024242,0.877303,-0.028656,-0.000011,-1.610270,-0.029262,-0.001153
6.516000,0.728007,-0.022595,0.593700,-1.499305,-0.040050,0.000000,0.026219,0.018196,0.779179,0.009721,0.608214,-1.493780,-0.025069,-0.040462,0.858556,-0.028916,-0.000001,-1.539143,-0.018119,0.000213
6.528000,0.710016,-0.023079,0.593700,-1.499267,-0.040468,0.000000,0.026435,0.017886,0.761532,0.009499,0.607741,-1.481889,-0.024818,-0.034744,0.841011,-0.029172,0.000003,-1.462173,-0.021031,-0.000961
6.540000,0.692025,-0.023568,0.593700,-1.499180,-0.041036,0.000000,0.026648,0.017558,0.743866,0.009373,0.607297,-1.480405,-0.011203,-0.036212,0.823828,-0.029433,0.000002,-1.433160,-0.028711,0.001367
6.552000,0.674036,-0.024064,0.593700,-1.499078,-0.041623,0.000000,0.026856,0.017209,0.726102,0.009173,0.606849,-1.486118,-0.018872,-0.039491,0.806868,-0.029725,0.000002,-1.409358,-0.024668,0.003436
6.564000,0.656047,-0.024566,0.593700,-1.498975,-0.042183,0.000000,0.027061,0.016839,0.708313,0.008908,0.606437,-1.485246,-0.017675,-0.037229,0.789968,-0.030010,0.000007,-1.409743,-0.028015,0.003121
6.576000,0.638060,-0.025076,0.593700,-1.498819,-0.042869,0.000000,0.027260,0.016446,0.690430,0.008657,0.606090,-1.489550,-0.021107,-0.029878,0.773044,-0.030312,0.000012,-1.411715,-0.027160,0.000553
6.588000,0.620076,-0.025594,0.593700,-1.498585,-0.043735,0.000000,0.027455,0.016029,0.672504,0.008409,0.605784,-1.490800,-0.017981,-0.021067,0.755947,-0.030621,0.000016,-1.428861,-0.030182,-0.002599
6.600000,0.602095,-0.026127,0.593700,-1.498093,-0.045227,0.000000,0.027645,0.015586,0.654454,0.008338,0.605502,-1.498689,-0.011620,-0.017627,0.738701,-0.030952,0.000015,-1.435949,-0.030707,-0.004014
6.612000,0.584123,-0.026684,0.593700,-1.497019,-0.048082,0.000000,0.027829,0.015116,0.636321,0.008523,0.605001,-1.507413,0.006618,-0.043281,0.721566,-0.031285,0.000003,-1.416069,-0.033361,0.006001
6.624000,0.566178,-0.027308,0.593700,-1.493556,-0.056563,0.000000,0.028008,0.014801,0.618059,0.009606,0.604493,-1.510906,0.066734,-0.043609,0.704913,-0.031608,0.000009,-1.369571,-0.042686,0.006016
6.636000,0.548289,-0.028061,0.593700,-1.492053,-0.058245,0.000000,0.028193,0.015380,0.600062,0.007493,0.604532,-1.500938,-0.325143,0.120308,0.688894,-0.032165,0.000035,-1.325758,0.130986,-0.021590
6.648000,0.530311,-0.028601,0.593700,-1.499386,-0.042569,0.000000,0.028388,0.017518,0.582241,0.004082,0.606728,-1.483220,-0.134654,0.166962,0.672378,-0.032179,-0.000085,-1.356803,-0.063517,0.009816
6.660000,0.512319,-0.029114,0.593700,-1.499384,-0.042868,0.000000,0.028598,0.017393,0.565341,0.003294,0.608817,-1.411612,-0.077262,0.169277,0.655443,-0.032611,-0.000065,-1.457950,-0.042185,-0.000695
6.672000,0.494326,-0.029630,0.593700,-1.499378,-0.043163,0.000000,0.028806,0.017274,0.548299,0.002468,0.610577,-1.410809,-0.072112,0.115282,0.637105,-0.033001,-0.000053,-1.547478,-0.032876,-0.002377
6.682000,0.479332,-0.030063,0.593700,-1.499371,-0.043417,0.000000,0.028978,0.017181,0.533967,0.001872,0.611427,-1.422040,-0.062686,0.054337,0.621072,-0.033321,-0.000036,-1.609389,-0.034474,-0.002827
6.694000,0.461340,-0.030586,0.593700,-1.499362,-0.043725,0.000000,0.029184,0.017077,0.516409,0.001260,0.611733,-1.467726,-0.054738,-0.000551,0.601227,-0.033729,-0.000019,-1.657052,-0.035852,-0.004334
6.706000,0.443348,-0.031112,0.593700,-1.499330,-0.044061,0.000000,0.029388,0.016983,0.498430,0.000050,0.611422,-1.501148,-0.142048,-0.042488,0.581311,-0.034223,-0.000014,-1.650752,0.005038,0.000577
6.718000,0.425356,-0.031643,0.593700,-1.499329,-0.044356,0.000000,0.029591,0.016901,0.480390,-0.000394,0.610743,-1.514808,-0.056669,-0.060509,0.561938,-0.034578,0.000004,-1.597383,-0.039527,0.002728
6.730000,0.407364,-0.032177,0.593700,-1.499325,-0.044652,0.000000,0.029794,0.016832,0.462222,-0.000774,0.610039,-1.520921,-0.029796,-0.053829,0.543263,-0.035021,0.000021,-1.543546,-0.044231,-0.001422
6.742000,0.389372,-0.032715,0.593700,-1.499318,-0.044952,0.000000,0.029995,0.016779,0.444079,-0.001167,0.609356,-1.519881,-0.032192,-0.041033,0.525507,-0.035466,0.000028,-1.467780,-0.037376,-0.004443
6.754000,0.371380,-0.033256,0.593700,-1.499309,-0.045255,0.000000,0.030196,0.016743,0.426005,-0.001535,0.608747,-1.509483,-0.028599,-0.038514,0.508096,-0.035895,0.000025,-1.447500,-0.037439,-0.002698
6.766000,0.353388,-0.033801,0.593700,-1.499301,-0.045556,0.000000,0.030397,0.016727,0.407937,-0.001851,0.608137,-1.506180,-0.029795,-0.044400,0.490763,-0.036330,0.000019,-1.445184,-0.034963,0.001642
6.778000,0.335397,-0.034349,0.593700,-1.499293,-0.045854,0.000000,0.030598,0.016734,0.389845,-0.002113,0.607657,-1.509326,-0.029349,-0.043546,0.473391,-0.036767,0.000013,-1.441055,-0.033961,0.003267
6.790000,0.317405,-0.034901,0.593700,-1.499283,-0.046157,0.000000,0.030799,0.016767,0.371763,-0.002408,0.607218,-1.503570,-0.022708,-0.032504,0.456038,-0.037182,0.000018,-1.454166,-0.039341,-0.000038
6.802000,0.299414,-0.035457,0.593700,-1.499276,-0.046452,0.000000,0.031000,0.016828,0.353622,-0.002692,0.606869,-1.507335,-0.026178,-0.030798,0.438371,-0.037626,0.000015,-1.477493,-0.037798,-0.000054
6.814000,0.281423,-0.036016,0.593700,-1.499268,-0.046750,0.000000,0.031203,0.016921,0.335465,-0.002994,0.606447,-1.511334,-0.025124,-0.029182,0.420591,-0.038067,0.000017,-1.483205,-0.038738,-0.000937
6.826000,0.263432,-0.036579,0.593700,-1.499257,-0.047058,0.000000,0.031407,0.017047,0.317321,-0.003412,0.606077,-1.510220,-0.032298,-0.029970,0.402691,-0.038515,0.000011,-1.492493,-0.037997,0.000497
6.838000,0.245441,-0.037145,0.593700,-1.499248,-0.047362,0.000000,0.031612,0.017146,0.299150,-0.003789,0.605756,-1.510263,-0.036407,-0.028668,0.384542,-0.038977,0.000011,-1.511699,-0.036074,0.000040
6.850000,0.227450,-0.037716,0.593700,-1.499240,-0.047665,0.000000,0.031816,0.016966,0.280988,-0.004136,0.605447,-1.511277,-0.032530,-0.027398,0.366402,-0.039429,0.000006,-1.508309,-0.039130,0.000384
6.862000,0.209459,-0.038289,0.593700,-1.499232,-0.047967,0.000000,0.032019,0.016936,0.262849,-0.004454,0.605063,-1.512459,-0.027452,-0.033134,0.348389,-0.039886,0.000005,-1.497415,-0.041315,0.002707
6.874000,0.191468,-0.038867,0.593700,-1.499223,-0.048271,0.000000,0.032222,0.016912,0.244750,-0.004886,0.604845,-1.506253,-0.035036,-0.014089,0.330513,-0.040349,0.000009,-1.494031,-0.039383,-0.003652
6.886000,0.173478,-0.039448,0.593700,-1.499213,-0.048578,0.000000,0.032425,0.016894,0.226722,-0.005321,0.604610,-1.503986,-0.037804,-0.022732,0.312625,-0.040813,-0.000004,-1.488454,-0.038547,0.001156
6.898000,0.155487,-0.040033,0.593700,-1.499203,-0.048884,0.000000,0.032628,0.016881,0.208690,-0.005815,0.604307,-1.501329,-0.046527,-0.022551,0.294688,-0.041278,0.000003,-1.493127,-0.035530,0.000404
6.910000,0.137497,-0.040621,0.593700,-1.499192,-0.049199,0.000000,0.032830,0.016873,0.190658,-0.006268,0.604078,-1.501065,-0.042498,-0.024932,0.276682,-0.041734,-0.000002,-1.499070,-0.038962,0.002171
6.922000,0.119507,-0.041214,0.593700,-1.499176,-0.049536,0.000000,0.033033,0.016870,0.172619,-0.006664,0.603856,-1.500933,-0.037030,-0.012933,0.258700,-0.042200,0.000003,-1.501609,-0.040649,-0.002198
6.932000,0.104515,-0.041710,0.593700,-1.499169,-0.049781,0.000000,0.033201,0.016871,0.157609,-0.007245,0.603631,-1.494577,-0.054665,-0.016475,0.243579,-0.042594,0.000005,-1.524343,-0.037133,-0.000970
6.944000,0.086525,-0.042310,0.593700,-1.499151,-0.050121,0.000000,0.033404,0.016876,0.139526,-0.007725,0.603489,-1.502576,-0.040140,-0.013959,0.224795,-0.043086,-0.000003,-1.563206,-0.045812,-0.001071
6.956000,0.068535,-0.042913,0.593700,-1.499133,-0.050456,0.000000,0.033607,0.016883,0.121349,-0.008365,0.603389,-1.513842,-0.059860,-0.014407,0.206151,-0.043597,-0.000015,-1.550638,-0.036741,0.000026
6.968000,0.050546,-0.043520,0.593700,-1.499112,-0.050797,0.000000,0.033809,0.016892,0.103331,-0.008938,0.603015,-1.505046,-0.044767,-0.022348,0.187766,-0.044076,0.000000,-1.528617,-0.045520,0.000936
6.980000,0.032556,-0.044132,0.593700,-1.499132,-0.050982,0.000000,0.034012,0.016902,0.085441,-0.009750,0.602883,-1.495499,-0.068215,-0.013583,0.169793,-0.044564,-0.000004,-1.493999,-0.037846,-0.000045
6.992000,0.014567,-0.044745,0.593700,-1.499122,-0.051281,0.000000,0.034215,0.016912,0.067680,-0.010503,0.602800,-1.487168,-0.064299,-0.005145,0.151938,-0.045052,-0.000002,-1.489941,-0.040052,-0.002331
7.004000,0.001075,-0.045208,0.593700,0.000000,0.000000,0.000000,0.034418,0.016918,0.049797,-0.011230,0.602658,-1.495046,-0.062249,-0.005592,0.133956,-0.045540,-0.000007,-1.497807,-0.040218,-0.000190
7.016000,0.001075,-0.045208,0.593700,0.000000,0.000000,0.000000,0.034621,0.016921,0.031736,-0.012070,0.602713,-1.575371,-0.070136,0.011797,0.119654,-0.045933,-0.000015,-1.063315,-0.025970,0.000498
7.028000,0.001075,-0.045208,0.593700,0.000000,0.000000,0.000000,0.034824,0.016917,0.013635,-0.012769,0.602917,-1.529922,-0.053713,0.023830,0.110349,-0.046189,-0.000016,-0.733236,-0.022269,-0.000344
7.040000,0.001075,-0.045208,0.593700,0.000000,0.000000,0.000000,0.035027,0.016905,-0.003778,-0.013259,0.603225,-1.438609,-0.040436,0.025890,0.102930,-0.046407,-0.000021,-0.609264,-0.018539,0.000884
7.052000,0.001075,-0.045208,0.593700,0.000000,0.000000,0.000000,0.035230,0.016900,-0.020424,-0.013731,0.603563,-1.358765,-0.037516,0.029109,0.096219,-0.046610,-0.000025,-0.551658,-0.015542,0.001780
7.064000,0.001075,-0.045208,0.593700,0.000000,0.000000,0.000000,0.035432,0.016897,-0.036267,-0.014145,0.604054,-1.276028,-0.031167,0.050044,0.089620,-0.046811,-0.000028,-0.554572,-0.016120,-0.000758
7.076000,0.001075,-0.045208,0.593700,0.000000,0.000000,0.000000,0.035635,0.016895,-0.051252,-0.014502,0.604747,-1.198388,-0.023512,0.072639,0.082701,-0.047023,-0.000033,-0.582462,-0.018412,-0.001358
7.088000,0.001075,-0.045208,0.593700,0.000000,0.000000,0.000000,0.035838,0.016895,-0.065361,-0.014775,0.605722,-1.126377,-0.015470,0.095607,0.075390,-0.047251,-0.000042,-0.613214,-0.019588,0.000067
7.100000,0.001075,-0.045208,0.593700,0.000000,0.000000,0.000000,0.036041,0.016895,-0.078516,-0.014966,0.607035,-1.058980,-0.013062,0.115140,0.067666,-0.047492,-0.000052,-0.655890,-0.019204,0.001168
7.112000,0.001075,-0.045208,0.593700,0.000000,0.000000,0.000000,0.036243,0.016896,-0.090942,-0.015099,0.608574,-1.003112,-0.008509,0.125065,0.059216,-0.047753,-0.000059,-0.716473,-0.021467,0.000545
7.124000,0.001075,-0.045208,0.593700,0.000000,0.000000,0.000000,0.036446,0.016898,-0.102789,-0.015183,0.610059,-0.957197,-0.005628,0.119749,0.050120,-0.048033,-0.000056,-0.765834,-0.022549,0.000877
7.136000,0.001075,-0.045208,0.593700,0.000000,0.000000,0.000000,0.036649,0.016900,-0.114090,-0.015254,0.611560,-0.913986,-0.001503,0.120190,0.040604,-0.048319,-0.000053,-0.800327,-0.025159,-0.001055
7.148000,0.001075,-0.045208,0.593700,0.000000,0.000000,0.000000,0.036852,0.016901,-0.124877,-0.015267,0.612943,-0.873211,-0.000555,0.108129,0.030761,-0.048619,-0.000049,-0.822540,-0.024314,0.000556
7.160000,0.001075,-0.045208,0.593700,0.000000,0.000000,0.000000,0.037055,0.016902,-0.135144,-0.015260,0.614234,-0.831445,0.001206,0.096440,0.020717,-0.048921,-0.000046,-0.837985,-0.024631,0.002229
7.172000,0.001075,-0.045208,0.593700,0.000000,0.000000,0.000000,0.037257,0.016903,-0.144882,-0.015228,0.615466,-0.787431,0.002094,0.101307,0.010604,-0.049223,-0.000035,-0.843950,-0.024013,-0.002550
7.182000,0.001075,-0.045208,0.593700,0.000000,0.000000,0.000000,0.037426,0.016903,-0.152603,-0.015197,0.616359,-0.751739,0.005169,0.085910,0.002136,-0.049468,-0.000031,-0.846244,-0.025131,0.000639
7.194000,0.001075,-0.045208,0.593700,0.000000,0.000000,0.000000,0.037629,0.016903,-0.161370,-0.015144,0.617426,-0.707112,0.004841,0.081971,-0.008014,-0.049761,-0.000029,-0.845674,-0.024410,0.000115
7.206000,0.001075,-0.045208,0.593700,0.000000,0.000000,0.000000,0.037832,0.016902,-0.169599,-0.015051,0.618328,-0.662427,0.006159,0.072522,-0.018122,-0.050053,-0.000020,-0.839692,-0.023158,0.000187
7.218000,0.001075,-0.045208,0.593700,0.000000,0.000000,0.000000,0.038035,0.016901,-0.177280,-0.014957,0.619191,-0.617244,0.010468,0.065121,-0.028131,-0.050333,-0.000016,-0.830748,-0.024543,0.000666
7.230000,0.001075,-0.045208,0.593700,0.000000,0.000000,0.000000,0.038238,0.016900,-0.183986,-0.014847,0.619955,-0.535108,0.008307,0.065126,-0.037648,-0.050603,-0.000007,-0.801080,-0.021519,-0.001941
7.242000,0.001075,-0.045208,0.593700,0.000000,0.000000,0.000000,0.038441,0.016900,-0.190391,-0.014749,0.620551,-0.508074,0.007949,0.045728,-0.047465,-0.050871,-0.000001,-0.807309,-0.021773,0.001221
7.254000,0.001075,-0.045208,0.593700,0.000000,0.000000,0.000000,0.038643,0.016900,-0.196314,-0.014658,0.621168,-0.466367,0.008133,0.044335,-0.057084,-0.051133,-0.000004,-0.800833,-0.021920,0.000475
7.266000,0.001075,-0.045208,0.593700,0.000000,0.000000,0.000000,0.038846,0.016900,-0.201674,-0.014517,0.621682,-0.423776,0.012511,0.043908,-0.066561,-0.051392,0.000003,-0.779906,-0.021980,-0.001977
7.278000,0.001075,-0.045208,0.593700,0.000000,0.000000,0.000000,0.039049,0.016900,-0.206463,-0.014372,0.622184,-0.374824,0.013108,0.032099,-0.075732,-0.051641,-0.000003,-0.763647,-0.021130,0.001528
7.290000,0.001075,-0.045208,0.593700,0.000000,0.000000,0.000000,0.039252,0.016900,-0.210642,-0.014198,0.622562,-0.328071,0.012713,0.030623,-0.084524,-0.051881,0.000004,-0.721718,-0.018269,-0.000603
7.302000,0.001075,-0.045208,0.593700,0.000000,0.000000,0.000000,0.039455,0.016901,-0.214215,-0.014002,0.622840,-0.272466,0.017565,0.022242,-0.093001,-0.052104,0.000008,-0.705865,-0.019577,-0.000216
7.314000,0.001075,-0.045208,0.593700,0.000000,0.000000,0.000000,0.039657,0.016901,-0.217155,-0.013823,0.623101,-0.222411,0.015605,0.018739,-0.101188,-0.052319,0.000007,-0.674200,-0.017111,-0.000501
7.326000,0.001075,-0.045208,0.593700,0.000000,0.000000,0.000000,0.039860,0.016901,-0.219481,-0.013577,0.623254,-0.168985,0.018501,0.009437,-0.109004,-0.052520,0.000007,-0.647881,-0.015758,0.000854
7.338000,0.001075,-0.045208,0.593700,0.000000,0.000000,0.000000,0.040063,0.016901,-0.221161,-0.013357,0.623365,-0.116029,0.020123,0.008128,-0.116550,-0.052706,0.000010,-0.621065,-0.015456,-0.001142
7.350000,0.001075,-0.045208,0.593700,0.000000,0.000000,0.000000,0.040266,0.016901,-0.222196,-0.013082,0.623359,-0.064152,0.023111,-0.002646,-0.123575,-0.052877,0.000011,-0.575819,-0.014183,0.000599
7.362000,0.001075,-0.045208,0.593700,0.000000,0.000000,0.000000,0.040469,0.016901,-0.222574,-0.012797,0.623369,-0.007365,0.023523,-0.002363,-0.130156,-0.053035,0.000010,-0.543271,-0.012144,-0.001139
7.374000,0.001075,-0.045208,0.593700,0.000000,0.000000,0.000000,0.040671,0.016901,-0.222279,-0.012510,0.623207,0.047213,0.026322,-0.018456,-0.136310,-0.053177,0.000010,-0.503834,-0.012232,0.001742
7.386000,0.001075,-0.045208,0.593700,0.000000,0.000000,0.000000,0.040874,0.016901,-0.221308,-0.012169,0.623006,0.102717,0.027602,-0.020210,-0.141921,-0.053309,0.000013,-0.457368,-0.010062,-0.000451
7.398000,0.001075,-0.045208,0.593700,0.000000,0.000000,0.000000,0.041077,0.016901,-0.219657,-0.011852,0.622723,0.160991,0.027616,-0.027865,-0.146990,-0.053425,0.000012,-0.416123,-0.009326,-0.000539
7.410000,0.001075,-0.045208,0.593700,0.000000,0.000000,0.000000,0.041280,0.016901,-0.217321,-0.011457,0.622304,0.217875,0.033458,-0.040098,-0.151641,-0.053535,0.000014,-0.380856,-0.009842,0.000069
7.422000,0.001075,-0.045208,0.593700,0.000000,0.000000,0.000000,0.041483,0.016901,-0.214279,-0.011087,0.621716,0.274042,0.030921,-0.053657,-0.155725,-0.053635,0.000017,-0.330954,-0.007414,0.000393
7.434000,0.001075,-0.045208,0.593700,0.000000,0.000000,0.000000,0.041685,0.016901,-0.210599,-0.010746,0.621067,0.326743,0.029186,-0.058863,-0.159221,-0.053722,0.000018,-0.280388,-0.006779,-0.001107
7.446000,0.001075,-0.045208,0.593700,0.000000,0.000000,0.000000,0.041888,0.016901,-0.206325,-0.010416,0.620326,0.373570,0.027825,-0.069752,-0.162055,-0.053803,0.000014,-0.220886,-0.006268,0.000035
7.456000,0.001075,-0.045208,0.593700,0.000000,0.000000,0.000000,0.042057,0.016901,-0.202312,-0.010159,0.619548,0.413807,0.025447,-0.082564,-0.163779,-0.053863,0.000016,-0.163675,-0.005274,0.000755
7.468000,0.001075,-0.045208,0.593700,0.000000,0.000000,0.000000,0.042260,0.016901,-0.196931,-0.009834,0.618478,0.466461,0.027175,-0.093242,-0.165227,-0.053926,0.000020,-0.112330,-0.006048,0.000148
7.480000,0.001075,-0.045208,0.593700,0.000000,0.000000,0.000000,0.042463,0.016901,-0.190979,-0.009485,0.617342,0.511511,0.027144,-0.096196,-0.166157,-0.053981,0.000020,-0.069534,-0.004774,-0.000324
7.492000,0.001075,-0.045208,0.593700,0.000000,0.000000,0.000000,0.042666,0.016901,-0.184574,-0.009150,0.616186,0.545436,0.026125,-0.094911,-0.166765,-0.054026,0.000017,-0.047376,-0.003858,-0.000064
7.504000,0.001075,-0.045208,0.593700,0.000000,0.000000,0.000000,0.042868,0.016901,-0.177827,-0.009031,0.615083,0.564606,0.022018,-0.088150,-0.167172,-0.054054,0.000012,-0.032935,-0.005913,0.000466
7.516000,0.001075,-0.045208,0.593700,0.000000,0.000000,0.000000,0.043071,0.016901,-0.171026,-0.009151,0.614060,0.564716,0.009871,-0.082717,-0.167408,-0.054076,0.000009,-0.014339,-0.005779,0.000413
7.528000,0.001075,-0.045208,0.593700,0.000000,0.000000,0.000000,0.043274,0.016901,-0.164249,-0.008875,0.613089,0.558881,0.019030,-0.076813,-0.167373,-0.054105,0.000005,0.008031,-0.003794,0.000379
7.540000,0.001075,-0.045208,0.593700,0.000000,0.000000,0.000000,0.043477,0.016901,-0.157551,-0.008600,0.612198,0.548833,0.019551,-0.070726,-0.167039,-0.054116,0.000002,0.033312,-0.001438,0.000123
7.552000,0.001075,-0.045208,0.593700,0.000000,0.000000,0.000000,0.043680,0.016901,-0.150980,-0.008352,0.611383,0.536586,0.017556,-0.065510,-0.166396,-0.054109,-0.000002,0.057461,0.000364,0.000035
7.564000,0.001075,-0.045208,0.593700,0.000000,0.000000,0.000000,0.043883,0.016901,-0.144573,-0.008144,0.610635,0.521590,0.014697,-0.060470,-0.165488,-0.054087,-0.000005,0.080297,0.001849,-0.000177
7.576000,0.001075,-0.045208,0.593700,0.000000,0.000000,0.000000,0.044085,0.016901,-0.138358,-0.007967,0.609939,0.503972,0.012470,-0.057670,-0.164259,-0.054047,-0.000009,0.108480,0.003085,0.000258
7.588000,0.001075,-0.045208,0.593700,0.000000,0.000000,0.000000,0.044288,0.016901,-0.132328,-0.007775,0.609253,0.488451,0.012829,-0.054608,-0.162699,-0.053991,-0.000010,0.134869,0.004208,0.000137
7.600000,0.001075,-0.045208,0.593700,0.000000,0.000000,0.000000,0.044491,0.016901,-0.126487,-0.007616,0.608636,0.473082,0.010527,-0.049994,-0.160841,-0.053918,-0.000012,0.157881,0.006007,-0.000158
7.612000,0.001075,-0.045208,0.593700,0.000000,0.000000,0.000000,0.044694,0.016901,-0.120864,-0.007506,0.608037,0.456106,0.007032,-0.049144,-0.158831,-0.053833,-0.000013,0.169383,0.007273,0.000458
7.624000,0.001075,-0.045208,0.593700,0.000000,0.000000,0.000000,0.044897,0.016901,-0.115458,-0.007443,0.607484,0.437485,0.003387,-0.044554,-0.156655,-0.053735,-0.000013,0.184234,0.008483,-0.000265
7.636000,0.001075,-0.045208,0.593700,0.000000,0.000000,0.000000,0.045099,0.016901,-0.110274,-0.007405,0.606970,0.419097,0.002117,-0.043610,-0.154261,-0.053622,-0.000015,0.202448,0.008852,0.000435
7.648000,0.001075,-0.045208,0.593700,0.000000,0.000000,0.000000,0.045302,0.016901,-0.105293,-0.007345,0.606478,0.402042,0.002001,-0.039695,-0.151701,-0.053499,-0.000014,0.217319,0.010101,-0.000324
7.660000,0.001075,-0.045208,0.593700,0.000000,0.000000,0.000000,0.045505,0.016901,-0.100499,-0.007327,0.606012,0.386070,-0.000597,-0.039499,-0.148843,-0.053358,-0.000016,0.241547,0.011862,0.000550
7.672000,0.001075,-0.045208,0.593700,0.000000,0.000000,0.000000,0.045708,0.016901,-0.095901,-0.007360,0.605564,0.372352,-0.004517,-0.035826,-0.145849,-0.053207,-0.000014,0.247462,0.013014,-0.000149
7.684000,0.001075,-0.045208,0.593700,0.000000,0.000000,0.000000,0.045911,0.016901,-0.091520,-0.007441,0.605171,0.351220,-0.007697,-0.033896,-0.142671,-0.053042,-0.000016,0.273908,0.014212,0.000188
7.696000,0.001075,-0.045208,0.593700,0.000000,0.000000,0.000000,0.046113,0.016901,-0.087300,-0.007484,0.604781,0.341591,-0.006050,-0.030835,-0.139252,-0.052863,-0.000014,0.283706,0.014399,-0.000459
7.706000,0.001075,-0.045208,0.593700,0.000000,0.000000,0.000000,0.046282,0.016901,-0.083928,-0.007554,0.604420,0.332042,-0.008249,-0.032878,-0.136545,-0.052717,-0.000012,0.266792,0.014636,0.000447
7.718000,0.001075,-0.045208,0.593700,0.000000,0.000000,0.000000,0.046485,0.016901,-0.080070,-0.007681,0.604074,0.312830,-0.011599,-0.027941,-0.133423,-0.052542,-0.000012,0.261436,0.015004,-0.000542
7.730000,0.001075,-0.045208,0.593700,0.000000,0.000000,0.000000,0.046688,0.016901,-0.076406,-0.007838,0.603769,0.293417,-0.013672,-0.027442,-0.130052,-0.052352,-0.000015,0.288942,0.016175,0.000222
7.742000,0.001075,-0.045208,0.593700,0.000000,0.000000,0.000000,0.046891,0.016901,-0.072872,-0.007949,0.603443,0.285136,-0.011424,-0.027882,-0.126420,-0.052149,-0.000014,0.303465,0.016469,0.000824
7.754000,0.001075,-0.045208,0.593700,0.000000,0.000000,0.000000,0.047094,0.016901,-0.069481,-0.008100,0.603114,0.275302,-0.014183,-0.025026,-0.122827,-0.051946,-0.000010,0.297832,0.017349,-0.000040
7.766000,0.001075,-0.045208,0.593700,0.000000,0.000000,0.000000,0.047296,0.016901,-0.066242,-0.008300,0.602854,0.263505,-0.017164,-0.020915,-0.119287,-0.051740,-0.000011,0.292438,0.017499,-0.000714
7.778000,0.001075,-0.045208,0.593700,0.000000,0.000000,0.000000,0.047499,0.016901,-0.063184,-0.008514,0.602618,0.249542,-0.017631,-0.022202,-0.115824,-0.051534,-0.000013,0.285198,0.016658,0.000364
7.790000,0.001075,-0.045208,0.593700,0.000000,0.000000,0.000000,0.047702,0.016901,-0.060280,-0.008698,0.602294,0.236418,-0.016728,-0.023620,-0.112516,-0.051335,-0.000008,0.275890,0.016371,0.000419
7.802000,0.001075,-0.045208,0.593700,0.000000,0.000000,0.000000,0.047905,0.016901,-0.057492,-0.008911,0.602058,0.224083,-0.018373,-0.018358,-0.109037,-0.051127,-0.000008,0.293779,0.017650,-0.000676
7.814000,0.001075,-0.045208,0.593700,0.000000,0.000000,0.000000,0.048108,0.016901,-0.054810,-0.009143,0.601880,0.218244,-0.019942,-0.016136,-0.105456,-0.050911,-0.000011,0.295093,0.018006,-0.000609
7.826000,0.001075,-0.045208,0.593700,0.000000,0.000000,0.000000,0.048311,0.016901,-0.052264,-0.009396,0.601660,0.208131,-0.020501,-0.020819,-0.101969,-0.050696,-0.000012,0.287673,0.017422,0.001342
7.838000,0.001075,-0.045208,0.593700,0.000000,0.000000,0.000000,0.048513,0.016901,-0.049829,-0.009614,0.601407,0.198945,-0.019291,-0.018681,-0.098639,-0.050490,-0.000007,0.275429,0.016929,0.000396
7.850000,0.001075,-0.045208,0.593700,0.000000,0.000000,0.000000,0.048716,0.016901,-0.047541,-0.009864,0.601202,0.187318,-0.021242,-0.015709,-0.095506,-0.050292,-0.000006,0.260101,0.016714,-0.000333
7.862000,0.001075,-0.045208,0.593700,0.000000,0.000000,0.000000,0.048919,0.016901,-0.045363,-0.010141,0.601065,0.175189,-0.023337,-0.012202,-0.092288,-0.050088,-0.000008,0.273484,0.017578,-0.000887
7.874000,0.001075,-0.045208,0.593700,0.000000,0.000000,0.000000,0.049122,0.016901,-0.043272,-0.010425,0.600915,0.169778,-0.023421,-0.015054,-0.088944,-0.049877,-0.000011,0.277480,0.017461,0.000579
7.886000,0.001075,-0.045208,0.593700,0.000000,0.000000,0.000000,0.049325,0.016901,-0.041257,-0.010669,0.600703,0.166219,-0.021257,-0.015498,-0.085803,-0.049675,-0.000007,0.256492,0.016403,0.000460
7.898000,0.001075,-0.045208,0.593700,0.000000,0.000000,0.000000,0.049527,0.016901,-0.039342,-0.010932,0.600532,0.155840,-0.022308,-0.013141,-0.082819,-0.049480,-0.000005,0.248991,0.016345,-0.000013
7.910000,0.001075,-0.045208,0.593700,0.000000,0.000000,0.000000,0.049730,0.016901,-0.037527,-0.011211,0.600401,0.148657,-0.023405,-0.010933,-0.079844,-0.049285,-0.000006,0.244907,0.016219,-0.000339
7.922000,0.001075,-0.045208,0.593700,0.000000,0.000000,0.000000,0.049933,0.016901,-0.035819,-0.011517,0.600306,0.139322,-0.025361,-0.009450,-0.077011,-0.049097,-0.000008,0.237497,0.016138,-0.000520
7.934000,0.001075,-0.045208,0.593700,0.000000,0.000000,0.000000,0.050136,0.016901,-0.034183,-0.011825,0.600175,0.133743,-0.025084,-0.012787,-0.074074,-0.048902,-0.000009,0.243151,0.016004,0.000828
7.946000,0.001075,-0.045208,0.593700,0.000000,0.000000,0.000000,0.050339,0.016901,-0.032591,-0.012067,0.600016,0.132127,-0.021261,-0.011653,-0.071373,-0.048720,-0.000006,0.219985,0.014331,0.000250
7.956000,0.001075,-0.045208,0.593700,0.000000,0.000000,0.000000,0.050508,0.016901,-0.031328,-0.012287,0.599892,0.125025,-0.022531,-0.011425,-0.069301,-0.048578,-0.000004,0.207019,0.014491,0.000282
7.968000,0.001075,-0.045208,0.593700,0.000000,0.000000,0.000000,0.050710,0.016901,-0.029891,-0.012570,0.599769,0.116259,-0.023756,-0.009449,-0.066806,-0.048404,-0.000004,0.209342,0.014617,-0.000103
7.980000,0.001075,-0.045208,0.593700,0.000000,0.000000,0.000000,0.050913,0.016901,-0.028519,-0.012861,0.599661,0.112146,-0.024249,-0.009453,-0.064267,-0.048229,-0.000005,0.209868,0.014554,0.000260
7.992000,0.001075,-0.045208,0.593700,0.000000,0.000000,0.000000,0.051116,0.016901,-0.027245,-0.013160,0.599562,0.103434,-0.024830,-0.008264,-0.061858,-0.048060,-0.000004,0.203217,0.014217,-0.000011
8.002000,0.001075,-0.045208,0.593700,0.000000,0.000000,0.000000,0.051285,0.016901,-0.026249,-0.013411,0.599483,0.096576,-0.025127,-0.007576,-0.059740,-0.047912,-0.000004,0.214224,0.014955,-0.000059
8.014000,0.001075,-0.045208,0.593700,0.000000,0.000000,0.000000,0.051488,0.016901,-0.025095,-0.013715,0.599421,0.094216,-0.025366,-0.005298,-0.057123,-0.047729,-0.000005,0.217665,0.015296,-0.000412
8.024000,0.001075,-0.045208,0.593700,0.000000,0.000000,0.000000,0.051657,0.016901,-0.024136,-0.013965,0.599359,0.097400,-0.024838,-0.006068,-0.055105,-0.047586,-0.000005,0.196793,0.014010,-0.000075
8.036000,0.001075,-0.045208,0.593700,0.000000,0.000000,0.000000,0.051860,0.016901,-0.023013,-0.014281,0.599284,0.092920,-0.026311,-0.006129,-0.052920,-0.047426,-0.000005,0.179798,0.013495,-0.000004
8.048000,0.001075,-0.045208,0.593700,0.000000,0.000000,0.000000,0.052062,0.016901,-0.021952,-0.014610,0.599223,0.086495,-0.027034,-0.005151,-0.050814,-0.047271,-0.000005,0.175594,0.013082,-0.000214
8.060000,0.001075,-0.045208,0.593700,0.000000,0.000000,0.000000,0.052265,0.016901,-0.020946,-0.014941,0.599158,0.083032,-0.027261,-0.005913,-0.048740,-0.047119,-0.000005,0.170132,0.012736,0.000123
8.072000,0.001075,-0.045208,0.593700,0.000000,0.000000,0.000000,0.052468,0.016901,-0.020001,-0.015279,0.599100,0.077975,-0.027593,-0.004811,-0.046825,-0.046975,-0.000005,0.159167,0.012139,-0.000243
8.084000,0.001075,-0.045208,0.593700,0.000000,0.000000,0.000000,0.052671,0.016901,-0.019110,-0.015611,0.599056,0.070987,-0.027223,-0.005044,-0.044829,-0.046828,-0.000006,0.170846,0.012480,0.000150
8.096000,0.001075,-0.045208,0.593700,0.000000,0.000000,0.000000,0.052874,0.016901,-0.018240,-0.015899,0.598974,0.072413,-0.024162,-0.005411,-0.042835,-0.046681,-0.000004,0.162712,0.011605,0.000128
8.108000,0.001075,-0.045208,0.593700,0.000000,0.000000,0.000000,0.053076,0.016901,-0.017398,-0.016177,0.598922,0.069824,-0.023437,-0.003930,-0.040981,-0.046542,-0.000004,0.152421,0.011305,-0.000138
8.120000,0.001075,-0.045208,0.593700,0.000000,0.000000,0.000000,0.053279,0.016901,-0.016610,-0.016476,0.598864,0.065819,-0.024792,-0.004511,-0.039297,-0.046411,-0.000003,0.137849,0.010982,0.000101
8.132000,0.001075,-0.045208,0.593700,0.000000,0.000000,0.000000,0.053482,0.016901,-0.015876,-0.016781,0.598814,0.060712,-0.025247,-0.004003,-0.037722,-0.046286,-0.000003,0.130699,0.010519,-0.000044
8.144000,0.001075,-0.045208,0.593700,0.000000,0.000000,0.000000,0.053685,0.016901,-0.015184,-0.017089,0.598774,0.056898,-0.025398,-0.003430,-0.036188,-0.046163,-0.000003,0.127666,0.010288,-0.000129
8.156000,0.001075,-0.045208,0.593700,0.000000,0.000000,0.000000,0.053888,0.016901,-0.014524,-0.017399,0.598739,0.053353,-0.025653,-0.003161,-0.034642,-0.046039,-0.000003,0.130597,0.010485,-0.000090
8.168000,0.001075,-0.045208,0.593700,0.000000,0.000000,0.000000,0.054091,0.016901,-0.013878,-0.017714,0.598693,0.052208,-0.026036,-0.003723,-0.033020,-0.045912,-0.000003,0.135610,0.010857,0.000188
8.180000,0.001075,-0.045208,0.593700,0.000000,0.000000,0.000000,0.054293,0.016901,-0.013246,-0.018032,0.598643,0.052176,-0.025987,-0.003364,-0.031415,-0.045786,-0.000002,0.131851,0.010524,0.000175
8.192000,0.001075,-0.045208,0.593700,0.000000,0.000000,0.000000,0.054496,0.016901,-0.012642,-0.018342,0.598608,0.050592,-0.025117,-0.002756,-0.029908,-0.045667,-0.000002,0.122573,0.009678,0.000178
8.204000,0.001075,-0.045208,0.593700,0.000000,0.000000,0.000000,0.054699,0.016901,-0.012077,-0.018619,0.598567,0.046668,-0.023225,-0.002566,-0.028550,-0.045557,-0.000001,0.113295,0.008953,0.000083
8.216000,0.001075,-0.045208,0.593700,0.000000,0.000000,0.000000,0.054902,0.016901,-0.011533,-0.018888,0.598545,0.044051,-0.022505,-0.001546,-0.027164,-0.045445,-0.000001,0.115719,0.009183,-0.000089
8.226000,0.001075,-0.045208,0.593700,0.000000,0.000000,0.000000,0.055071,0.016901,-0.011098,-0.019109,0.598534,0.043948,-0.022240,-0.001265,-0.026048,-0.045354,-0.000001,0.108699,0.008906,-0.000071
8.238000,0.001075,-0.045208,0.593700,0.000000,0.000000,0.000000,0.055274,0.016901,-0.010607,-0.019379,0.598527,0.040299,-0.022479,-0.000818,-0.024792,-0.045248,-0.000002,0.104949,0.008769,-0.000165
8.250000,0.001075,-0.045208,0.593700,0.000000,0.000000,0.000000,0.055476,0.016901,-0.010141,-0.019646,0.598525,0.038358,-0.022291,-0.000629,-0.023552,-0.045144,-0.000002,0.102723,0.008597,-0.000151
8.262000,0.001075,-0.045208,0.593700,0.000000,0.000000,0.000000,0.055679,0.016901,-0.009696,-0.019910,0.598524,0.037285,-0.022135,-0.000665,-0.022362,-0.045042,-0.000003,0.097051,0.008299,-0.000088
8.274000,0.001075,-0.045208,0.593700,0.000000,0.000000,0.000000,0.055882,0.016901,-0.009279,-0.020182,0.598518,0.034550,-0.022565,-0.000856,-0.021272,-0.044946,-0.000003,0.090875,0.008081,-0.000072
8.286000,0.001075,-0.045208,0.593700,0.000000,0.000000,0.000000,0.056085,0.016901,-0.008885,-0.020454,0.598507,0.033066,-0.022669,-0.001189,-0.020224,-0.044852,-0.000003,0.085598,0.007791,0.000020
8.298000,0.001075,-0.045208,0.593700,0.000000,0.000000,0.000000,0.056288,0.016901,-0.008515,-0.020731,0.598495,0.030816,-0.022891,-0.001099,-0.019247,-0.044762,-0.000003,0.081004,0.007527,-0.000041
8.310000,0.001075,-0.045208,0.593700,0.000000,0.000000,0.000000,0.056490,0.016901,-0.008165,-0.021007,0.598486,0.029044,-0.022842,-0.000886,-0.018300,-0.044674,-0.000003,0.078670,0.007355,-0.000082
8.322000,0.001075,-0.045208,0.593700,0.000000,0.000000,0.000000,0.056693,0.016901,-0.007824,-0.021254,0.598479,0.027920,-0.021911,-0.000653,-0.017372,-0.044588,-0.000003,0.077042,0.007400,-0.000041
8.334000,0.001075,-0.045208,0.593700,0.000000,0.000000,0.000000,0.056896,0.016901,-0.007504,-0.021530,0.598466,0.026771,-0.022913,-0.001279,-0.016497,-0.044503,-0.000002,0.071302,0.007224,0.000099
8.346000,0.001075,-0.045208,0.593700,0.000000,0.000000,0.000000,0.057099,0.016901,-0.007197,-0.021817,0.598455,0.024587,-0.023419,-0.000808,-0.015594,-0.044417,-0.000002,0.076469,0.007370,-0.000031
8.358000,0.001075,-0.045208,0.593700,0.000000,0.000000,0.000000,0.057302,0.016901,-0.006895,-0.022100,0.598436,0.024829,-0.023181,-0.001470,-0.014654,-0.044329,-0.000002,0.077662,0.007279,0.000256
8.370000,0.001075,-0.045208,0.593700,0.000000,0.000000,0.000000,0.057504,0.016901,-0.006599,-0.022369,0.598409,0.024839,-0.022267,-0.001626,-0.013745,-0.044244,-0.000001,0.074534,0.006919,0.000328
8.382000,0.001075,-0.045208,0.593700,0.000000,0.000000,0.000000,0.057707,0.016901,-0.006314,-0.022632,0.598387,0.024343,-0.021877,-0.001019,-0.012921,-0.044164,0.000000,0.066458,0.006533,0.000150
8.394000,0.001075,-0.045208,0.593700,0.000000,0.000000,0.000000,0.057910,0.016901,-0.006051,-0.022896,0.598378,0.022245,-0.021835,-0.000377,-0.012186,-0.044089,0.000001,0.060662,0.006212,-0.000001
8.406000,0.001075,-0.045208,0.593700,0.000000,0.000000,0.000000,0.058113,0.016901,-0.005805,-0.023158,0.598377,0.020328,-0.021744,-0.000014,-0.011486,-0.044016,0.000000,0.058677,0.006100,-0.000061
8.418000,0.001075,-0.045208,0.593700,0.000000,0.000000,0.000000,0.058316,0.016901,-0.005567,-0.023418,0.598381,0.019613,-0.021578,0.000224,-0.010776,-0.043943,0.000000,0.058911,0.006094,-0.000071
8.430000,0.001075,-0.045208,0.593700,0.000000,0.000000,0.000000,0.058519,0.016901,-0.005339,-0.023677,0.598384,0.019304,-0.021554,0.000137,-0.010118,-0.043873,-0.000000,0.053716,0.005817,-0.000031
8.442000,0.001075,-0.045208,0.593700,0.000000,0.000000,0.000000,0.058721,0.016901,-0.005125,-0.023938,0.598388,0.017999,-0.021531,0.000188,-0.009507,-0.043806,-0.000000,0.050542,0.005603,-0.000049
8.454000,0.001075,-0.045208,0.593700,0.000000,0.000000,0.000000,0.058924,0.016901,-0.004921,-0.024196,0.598392,0.016869,-0.021444,0.000216,-0.008921,-0.043740,-0.000001,0.048846,0.005497,-0.000053
8.466000,0.001075,-0.045208,0.593700,0.000000,0.000000,0.000000,0.059127,0.016901,-0.004722,-0.024454,0.598398,0.016272,-0.021309,0.000339,-0.008325,-0.043674,-0.000001,0.049628,0.005516,-0.000055
8.476000,0.001075,-0.045208,0.593700,0.000000,0.000000,0.000000,0.059296,0.016901,-0.004560,-0.024666,0.598402,0.016061,-0.021194,0.000357,-0.007835,-0.043619,-0.000001,0.048743,0.005460,-0.000032
8.488000,0.001075,-0.045208,0.593700,0.000000,0.000000,0.000000,0.059499,0.016901,-0.004372,-0.024921,0.598408,0.015512,-0.021063,0.000435,-0.007265,-0.043555,-0.000001,0.047040,0.005339,-0.000035
8.500000,0.001075,-0.045208,0.593700,0.000000,0.000000,0.000000,0.059702,0.016901,-0.004192,-0.025173,0.598414,0.014962,-0.020920,0.000451,-0.006719,-0.043492,-0.000001,0.045105,0.005217,-0.000027
8.512000,0.001075,-0.045208,0.593700,0.000000,0.000000,0.000000,0.059904,0.016901,-0.004029,-0.025427,0.598416,0.014232,-0.021022,0.000135,-0.006251,-0.043434,-0.000001,0.037742,0.004824,0.000023
8.524000,0.001075,-0.045208,0.593700,0.000000,0.000000,0.000000,0.060107,0.016901,-0.003880,-0.025682,0.598418,0.012648,-0.021000,0.000096,-0.005832,-0.043379,-0.000001,0.034739,0.004592,-0.000008
8.536000,0.001075,-0.045208,0.593700,0.000000,0.000000,0.000000,0.060310,0.016901,-0.003737,-0.025936,0.598420,0.011532,-0.020925,0.000179,-0.005402,-0.043324,-0.000001,0.036746,0.004704,-0.000031
8.548000,0.001075,-0.045208,0.593700,0.000000,0.000000,0.000000,0.060513,0.016901,-0.003593,-0.026186,0.598423,0.011728,-0.020686,0.000207,-0.004953,-0.043268,-0.000001,0.037180,0.004691,0.000005
8.560000,0.001075,-0.045208,0.593700,0.000000,0.000000,0.000000,0.060716,0.016901,-0.003453,-0.026435,0.598426,0.011574,-0.020500,0.000326,-0.004516,-0.043213,-0.000001,0.036065,0.004590,-0.000002
8.572000,0.001075,-0.045208,0.593700,0.000000,0.000000,0.000000,0.060918,0.016901,-0.003319,-0.026681,0.598431,0.011107,-0.020255,0.000438,-0.004096,-0.043160,-0.000001,0.034687,0.004461,-0.000012
8.584000,0.001075,-0.045208,0.593700,0.000000,0.000000,0.000000,0.061121,0.016901,-0.003192,-0.026923,0.598437,0.010736,-0.019993,0.000411,-0.003696,-0.043108,-0.000001,0.032577,0.004303,0.000014
8.596000,0.001075,-0.045208,0.593700,0.000000,0.000000,0.000000,0.061324,0.016901,-0.003074,-0.027165,0.598441,0.009940,-0.019861,0.000366,-0.003338,-0.043059,-0.000001,0.029476,0.004104,-0.000002
8.608000,0.001075,-0.045208,0.593700,0.000000,0.000000,0.000000,0.061527,0.016901,-0.002965,-0.027403,0.598446,0.009163,-0.019589,0.000365,-0.003001,-0.043011,-0.000000,0.027965,0.003960,-0.000013
8.620000,0.001075,-0.045208,0.593700,0.000000,0.000000,0.000000,0.061730,0.016901,-0.002862,-0.027637,0.598451,0.008641,-0.019259,0.000366,-0.002676,-0.042965,-0.000000,0.026873,0.003847,-0.000016
8.632000,0.001075,-0.045208,0.593700,0.000000,0.000000,0.000000,0.061932,0.016901,-0.002761,-0.027868,0.598456,0.008180,-0.018995,0.000412,-0.002346,-0.042919,-0.000001,0.027676,0.003879,-0.000017
8.644000,0.001075,-0.045208,0.593700,0.000000,0.000000,0.000000,0.062135,0.016901,-0.002662,-0.028094,0.598462,0.008151,-0.018682,0.000439,-0.002016,-0.042873,-0.000001,0.027322,0.003825,-0.000005
8.656000,0.001075,-0.045208,0.593700,0.000000,0.000000,0.000000,0.062338,0.016901,-0.002567,-0.028318,0.598468,0.007920,-0.018398,0.000490,-0.001697,-0.042828,-0.000000,0.026339,0.003732,-0.000006
8.668000,0.001075,-0.045208,0.593700,0.000000,0.000000,0.000000,0.062541,0.016901,-0.002476,-0.028537,0.598474,0.007556,-0.018114,0.000528,-0.001391,-0.042784,-0.000000,0.025273,0.003632,-0.000009
8.680000,0.001075,-0.045208,0.593700,0.000000,0.000000,0.000000,0.062744,0.016901,-0.002389,-0.028754,0.598481,0.007167,-0.017835,0.000550,-0.001098,-0.042741,-0.000000,0.024264,0.003540,-0.000010
8.692000,0.001075,-0.045208,0.593700,0.000000,0.000000,0.000000,0.062946,0.016901,-0.002307,-0.028966,0.598488,0.006796,-0.017566,0.000560,-0.000816,-0.042700,-0.000000,0.023318,0.003454,-0.000011
8.704000,0.001075,-0.045208,0.593700,0.000000,0.000000,0.000000,0.063149,0.016901,-0.002231,-0.029177,0.598494,0.006608,-0.017372,0.000463,-0.000557,-0.042660,-0.000000,0.020900,0.003299,0.000008
8.716000,0.001075,-0.045208,0.593700,0.000000,0.000000,0.000000,0.063352,0.016901,-0.002160,-0.029385,0.598500,0.005869,-0.017193,0.000434,-0.000322,-0.042622,-0.000000,0.019654,0.003185,-0.000002
8.726000,0.001075,-0.045208,0.593700,0.000000,0.000000,0.000000,0.063521,0.016901,-0.002106,-0.029557,0.598504,0.005452,-0.017023,0.000417,-0.000128,-0.042590,-0.000000,0.019400,0.003150,0.000000
8.738000,0.001075,-0.045208,0.593700,0.000000,0.000000,0.000000,0.063724,0.016901,-0.002042,-0.029759,0.598508,0.005649,-0.016682,0.000290,0.000096,-0.042553,-0.000000,0.017990,0.003008,0.000035
8.750000,0.001075,-0.045208,0.593700,0.000000,0.000000,0.000000,0.063927,0.016901,-0.001977,-0.029956,0.598511,0.005573,-0.016363,0.000309,0.000291,-0.042519,-0.000000,0.016020,0.002867,0.000013
8.762000,0.001075,-0.045208,0.593700,0.000000,0.000000,0.000000,0.064130,0.016901,-0.001914,-0.030152,0.598515,0.005087,-0.016222,0.000360,0.000477,-0.042484,-0.000000,0.015629,0.002858,0.000001
8.774000,0.001075,-0.045208,0.593700,0.000000,0.000000,0.000000,0.064332,0.016901,-0.001854,-0.030345,0.598520,0.004917,-0.016057,0.000408,0.000667,-0.042450,-0.000000,0.015785,0.002851,0.000002
8.786000,0.001075,-0.045208,0.593700,0.000000,0.000000,0.000000,0.064535,0.016901,-0.001796,-0.030537,0.598525,0.004772,-0.015948,0.000421,0.000853,-0.042416,-0.000000,0.015393,0.002824,0.000005
8.798000,0.001075,-0.045208,0.593700,0.000000,0.000000,0.000000,0.064738,0.016901,-0.001740,-0.030728,0.598530,0.004549,-0.015833,0.000447,0.001033,-0.042383,-0.000000,0.014869,0.002777,0.000001
8.810000,0.001075,-0.045208,0.593700,0.000000,0.000000,0.000000,0.064941,0.016901,-0.001688,-0.030918,0.598535,0.004309,-0.015704,0.000465,0.001206,-0.042350,-0.000000,0.014351,0.002729,-0.000002
8.822000,0.001075,-0.045208,0.593700,0.000000,0.000000,0.000000,0.065144,0.016901,-0.001639,-0.031106,0.598541,0.004065,-0.015557,0.000457,0.001374,-0.042318,-0.000000,0.013942,0.002685,0.000002
8.834000,0.001075,-0.045208,0.593700,0.000000,0.000000,0.000000,0.065346,0.016901,-0.001593,-0.031292,0.598546,0.004058,-0.015430,0.000363,0.001534,-0.042286,-0.000000,0.012769,0.002606,0.000031
8.846000,0.001075,-0.045208,0.593700,0.000000,0.000000,0.000000,0.065549,0.016901,-0.001552,-0.031479,0.598548,0.003600,-0.015461,0.000283,0.001664,-0.042256,0.000000,0.010668,0.002486,0.000019
8.858000,0.001075,-0.045208,0.593700,0.000000,0.000000,0.000000,0.065752,0.016901,-0.001515,-0.031665,0.598552,0.003174,-0.015360,0.000284,0.001785,-0.042228,0.000000,0.010078,0.002416,0.000005
8.870000,0.001075,-0.045208,0.593700,0.000000,0.000000,0.000000,0.065955,0.016901,-0.001481,-0.031849,0.598555,0.002772,-0.015197,0.000293,0.001906,-0.042199,0.000000,0.010370,0.002400,0.000000
8.882000,0.001075,-0.045208,0.593700,0.000000,0.000000,0.000000,0.066158,0.016901,-0.001449,-0.032030,0.598558,0.002651,-0.015032,0.000297,0.002035,-0.042170,0.000000,0.010779,0.002414,0.000006
8.894000,0.001075,-0.045208,0.593700,0.000000,0.000000,0.000000,0.066360,0.016901,-0.001417,-0.032209,0.598562,0.002682,-0.014838,0.000310,0.002164,-0.042141,0.000000,0.010747,0.002395,0.000007
8.906000,0.001075,-0.045208,0.593700,0.000000,0.000000,0.000000,0.066563,0.016901,-0.001386,-0.032387,0.598565,0.002698,-0.014669,0.000345,0.002291,-0.042113,0.000000,0.010508,0.002370,0.000004
8.918000,0.001075,-0.045208,0.593700,0.000000,0.000000,0.000000,0.066766,0.016901,-0.001354,-0.032562,0.598569,0.002790,-0.014489,0.000353,0.002411,-0.042085,0.000000,0.009874,0.002311,0.000005
8.930000,0.001075,-0.045208,0.593700,0.000000,0.000000,0.000000,0.066969,0.016901,-0.001322,-0.032735,0.598574,0.002686,-0.014367,0.000382,0.002525,-0.042057,0.000000,0.009472,0.002285,-0.000000
8.942000,0.001075,-0.045208,0.593700,0.000000,0.000000,0.000000,0.067172,0.016901,-0.001289,-0.032907,0.598579,0.002632,-0.014254,0.000424,0.002645,-0.042030,0.000000,0.010086,0.002314,-0.000001
8.954000,0.001075,-0.045208,0.593700,0.000000,0.000000,0.000000,0.067374,0.016901,-0.001256,-0.033078,0.598583,0.002689,-0.014154,0.000419,0.002767,-0.042002,0.000000,0.010110,0.002309,0.000008
8.966000,0.001075,-0.045208,0.593700,0.000000,0.000000,0.000000,0.067577,0.016901,-0.001224,-0.033248,0.598588,0.002644,-0.014049,0.000444,0.002887,-0.041975,0.000000,0.009948,0.002283,0.000004
8.976000,0.001075,-0.045208,0.593700,0.000000,0.000000,0.000000,0.067746,0.016901,-0.001198,-0.033388,0.598593,0.002572,-0.013946,0.000464,0.002985,-0.041952,0.000000,0.009804,0.002258,0.000001
8.988000,0.001075,-0.045208,0.593700,0.000000,0.000000,0.000000,0.067949,0.016901,-0.001168,-0.033556,0.598599,0.002481,-0.013811,0.000480,0.003101,-0.041926,0.000000,0.009651,0.002230,-0.000002
9.000000,0.001075,-0.045208,0.593700,0.000000,0.000000,0.000000,0.068152,0.016901,-0.001139,-0.033721,0.598604,0.002398,-0.013670,0.000488,0.003216,-0.041899,0.000000,0.009513,0.002205,-0.000003
9.012000,0.001075,-0.045208,0.593700,0.000000,0.000000,0.000000,0.068355,0.016901,-0.001111,-0.033884,0.598610,0.002333,-0.013523,0.000490,0.003328,-0.041873,0.000000,0.009364,0.002178,-0.000003
9.024000,0.001075,-0.045208,0.593700,0.000000,0.000000,0.000000,0.068558,0.016901,-0.001084,-0.034046,0.598616,0.002269,-0.013378,0.000489,0.003439,-0.041847,0.000000,0.009194,0.002152,-0.000003
9.036000,0.001075,-0.045208,0.593700,0.000000,0.000000,0.000000,0.068760,0.016901,-0.001058,-0.034206,0.598622,0.002242,-0.013237,0.000458,0.003547,-0.041822,-0.000000,0.008881,0.002118,0.000006
9.048000,0.001075,-0.045208,0.593700,0.000000,0.000000,0.000000,0.068963,0.016901,-0.001033,-0.034365,0.598627,0.002126,-0.013133,0.000439,0.003648,-0.041797,0.000000,0.008341,0.002072,0.000002
9.060000,0.001075,-0.045208,0.593700,0.000000,0.000000,0.000000,0.069166,0.016901,-0.001009,-0.034523,0.598633,0.002011,-0.012989,0.000436,0.003746,-0.041773,0.000000,0.008147,0.002038,-0.000002
9.072000,0.001075,-0.045208,0.593700,0.000000,0.000000,0.000000,0.069369,0.016901,-0.000986,-0.034678,0.598638,0.001957,-0.012832,0.000434,0.003842,-0.041749,0.000000,0.008042,0.002012,-0.000003
9.084000,0.001075,-0.045208,0.593700,0.000000,0.000000,0.000000,0.069572,0.016901,-0.000963,-0.034832,0.598643,0.001929,-0.012672,0.000434,0.003938,-0.041725,-0.000000,0.007946,0.001988,-0.000003
9.096000,0.001075,-0.045208,0.593700,0.000000,0.000000,0.000000,0.069774,0.016901,-0.000940,-0.034983,0.598649,0.001905,-0.012512,0.000433,0.004032,-0.041702,-0.000000,0.007849,0.001965,-0.000003
9.108000,0.001075,-0.045208,0.593700,0.000000,0.000000,0.000000,0.069977,0.016901,-0.000918,-0.035133,0.598654,0.001881,-0.012352,0.000433,0.004126,-0.041678,-0.000000,0.007754,0.001942,-0.000003
9.120000,0.001075,-0.045208,0.593700,0.000000,0.000000,0.000000,0.070180,0.016901,-0.000896,-0.035281,0.598659,0.001856,-0.012193,0.000432,0.004218,-0.041655,-0.000000,0.007666,0.001919,-0.000003
9.132000,0.001075,-0.045208,0.593700,0.000000,0.000000,0.000000,0.070383,0.016901,-0.000874,-0.035426,0.598664,0.001867,-0.012012,0.000327,0.004308,-0.041633,-0.000000,0.007441,0.001879,0.000030
9.144000,0.001075,-0.045208,0.593700,0.000000,0.000000,0.000000,0.070586,0.016901,-0.000852,-0.035570,0.598667,0.001872,-0.011848,0.000365,0.004392,-0.041611,0.000000,0.006889,0.001827,0.000008
9.156000,0.001075,-0.045208,0.593700,0.000000,0.000000,0.000000,0.070788,0.016901,-0.000831,-0.035711,0.598672,0.001780,-0.011717,0.000394,0.004471,-0.041589,0.000000,0.006565,0.001794,0.000001
9.168000,0.001075,-0.045208,0.593700,0.000000,0.000000,0.000000,0.070991,0.016901,-0.000810,-0.035852,0.598676,0.001741,-0.011594,0.000400,0.004548,-0.041568,0.000000,0.006296,0.001762,0.000001
9.180000,0.001075,-0.045208,0.593700,0.000000,0.000000,0.000000,0.071194,0.016901,-0.000790,-0.035990,0.598681,0.001691,-0.011477,0.000403,0.004620,-0.041548,0.000000,0.005956,0.001724,-0.000002
9.192000,0.001075,-0.045208,0.593700,0.000000,0.000000,0.000000,0.071397,0.016901,-0.000771,-0.036128,0.598686,0.001624,-0.011358,0.000398,0.004688,-0.041527,0.000000,0.005621,0.001686,-0.000003
9.204000,0.001075,-0.045208,0.593700,0.000000,0.000000,0.000000,0.071600,0.016901,-0.000753,-0.036264,0.598691,0.001552,-0.011238,0.000388,0.004753,-0.041508,0.000000,0.005312,0.001650,-0.000003
9.216000,0.001075,-0.045208,0.593700,0.000000,0.000000,0.000000,0.071802,0.016901,-0.000735,-0.036398,0.598696,0.001484,-0.011121,0.000374,0.004814,-0.041488,0.000000,0.005027,0.001616,-0.000003
9.228000,0.001075,-0.045208,0.593700,0.000000,0.000000,0.000000,0.072005,0.016901,-0.000718,-0.036531,0.598700,0.001420,-0.011005,0.000360,0.004871,-0.041469,0.000000,0.004763,0.001584,-0.000003
9.240000,0.001075,-0.045208,0.593700,0.000000,0.000000,0.000000,0.072208,0.016901,-0.000702,-0.036663,0.598705,0.001360,-0.010891,0.000345,0.004926,-0.041451,0.000000,0.004517,0.001554,-0.000003
9.252000,0.001075,-0.045208,0.593700,0.000000,0.000000,0.000000,0.072411,0.016901,-0.000686,-0.036794,0.598709,0.001305,-0.010779,0.000331,0.004978,-0.041432,0.000000,0.004285,0.001525,-0.000002
9.264000,0.001075,-0.045208,0.593700,0.000000,0.000000,0.000000,0.072614,0.016901,-0.000672,-0.036923,0.598713,0.001252,-0.010669,0.000318,0.005027,-0.041414,-0.000000,0.004067,0.001497,-0.000002
9.274000,0.001075,-0.045208,0.593700,0.000000,0.000000,0.000000,0.072783,0.016901,-0.000660,-0.037029,0.598716,0.001211,-0.010579,0.000308,0.005066,-0.041400,-0.000000,0.003895,0.001475,-0.000002
9.286000,0.001075,-0.045208,0.593700,0.000000,0.000000,0.000000,0.072985,0.016901,-0.000646,-0.037156,0.598719,0.001164,-0.010472,0.000297,0.005111,-0.041382,-0.000000,0.003699,0.001449,-0.000002
9.298000,0.001075,-0.045208,0.593700,0.000000,0.000000,0.000000,0.073188,0.016901,-0.000633,-0.037281,0.598723,0.001120,-0.010368,0.000286,0.005154,-0.041365,-0.000000,0.003515,0.001424,-0.000001
9.310000,0.001075,-0.045208,0.593700,0.000000,0.000000,0.000000,0.073391,0.016901,-0.000620,-0.037405,0.598726,0.001079,-0.010265,0.000275,0.005194,-0.041348,-0.000000,0.003340,0.001400,-0.000001
9.322000,0.001075,-0.045208,0.593700,0.000000,0.000000,0.000000,0.073594,0.016901,-0.000607,-0.037528,0.598730,0.001040,-0.010164,0.000266,0.005233,-0.041332,-0.000000,0.003175,0.001377,-0.000001
9.334000,0.001075,-0.045208,0.593700,0.000000,0.000000,0.000000,0.073797,0.016901,-0.000596,-0.037650,0.598733,0.001003,-0.010064,0.000257,0.005269,-0.041316,-0.000000,0.003019,0.001355,-0.000001
9.346000,0.001075,-0.045208,0.593700,0.000000,0.000000,0.000000,0.074000,0.016901,-0.000584,-0.037770,0.598736,0.000968,-0.009966,0.000248,0.005304,-0.041300,-0.000000,0.002870,0.001334,-0.000001
9.358000,0.001075,-0.045208,0.593700,0.000000,0.000000,0.000000,0.074202,0.016901,-0.000573,-0.037889,0.598739,0.000935,-0.009869,0.000239,0.005337,-0.041284,-0.000000,0.002730,0.001313,-0.000001
9.370000,0.001075,-0.045208,0.593700,0.000000,0.000000,0.000000,0.074405,0.016901,-0.000562,-0.038007,0.598742,0.000904,-0.009774,0.000231,0.005369,-0.041268,-0.000000,0.002597,0.001293,-0.000001
9.382000,0.001075,-0.045208,0.593700,0.000000,0.000000,0.000000,0.074608,0.016901,-0.000552,-0.038124,0.598745,0.000875,-0.009680,0.000224,0.005399,-0.041253,-0.000000,0.002470,0.001273,-0.000001
9.394000,0.001075,-0.045208,0.593700,0.000000,0.000000,0.000000,0.074811,0.016901,-0.000542,-0.038240,0.598747,0.000847,-0.009587,0.000217,0.005427,-0.041238,-0.000000,0.002350,0.001254,-0.000001
9.406000,0.001075,-0.045208,0.593700,0.000000,0.000000,0.000000,0.075014,0.016901,-0.000532,-0.038355,0.598750,0.000820,-0.009495,0.000210,0.005454,-0.041223,-0.000000,0.002236,0.001235,-0.000001
9.418000,0.001075,-0.045208,0.593700,0.000000,0.000000,0.000000,0.075216,0.016901,-0.000523,-0.038469,0.598752,0.000795,-0.009404,0.000203,0.005480,-0.041209,-0.000000,0.002127,0.001217,-0.000001
9.430000,0.001075,-0.045208,0.593700,0.000000,0.000000,0.000000,0.075419,0.016901,-0.000514,-0.038581,0.598755,0.000771,-0.009315,0.000196,0.005504,-0.041194,-0.000000,0.002023,0.001200,-0.000001
9.442000,0.001075,-0.045208,0.593700,0.000000,0.000000,0.000000,0.075622,0.016901,-0.000505,-0.038693,0.598757,0.000749,-0.009226,0.000190,0.005528,-0.041180,-0.000000,0.001925,0.001183,-0.000001
9.454000,0.001075,-0.045208,0.593700,0.000000,0.000000,0.000000,0.075825,0.016901,-0.000496,-0.038803,0.598759,0.000727,-0.009138,0.000184,0.005550,-0.041166,-0.000000,0.001831,0.001166,-0.000001
9.466000,0.001075,-0.045208,0.593700,0.000000,0.000000,0.000000,0.076028,0.016901,-0.000488,-0.038912,0.598762,0.000706,-0.009052,0.000178,0.005571,-0.041152,-0.000000,0.001742,0.001150,-0.000000
9.478000,0.001075,-0.045208,0.593700,0.000000,0.000000,0.000000,0.076230,0.016901,-0.000480,-0.039021,0.598764,0.000687,-0.008966,0.000173,0.005591,-0.041139,-0.000000,0.001656,0.001134,-0.000000
9.490000,0.001075,-0.045208,0.593700,0.000000,0.000000,0.000000,0.076433,0.016901,-0.000472,-0.039128,0.598766,0.000668,-0.008881,0.000167,0.005610,-0.041125,-0.000000,0.001575,0.001119,-0.000000
9.502000,0.001075,-0.045208,0.593700,0.000000,0.000000,0.000000,0.076636,0.016901,-0.000464,-0.039234,0.598768,0.000651,-0.008797,0.000162,0.005628,-0.041112,-0.000000,0.001497,0.001104,-0.000000
9.514000,0.001075,-0.045208,0.593700,0.000000,0.000000,0.000000,0.076839,0.016901,-0.000456,-0.039340,0.598770,0.000634,-0.008714,0.000157,0.005646,-0.041099,0.000000,0.001423,0.001089,-0.000000
9.524000,0.001075,-0.045208,0.593700,0.000000,0.000000,0.000000,0.077008,0.016901,-0.000450,-0.039427,0.598771,0.000620,-0.008646,0.000153,0.005659,-0.041088,0.000000,0.001364,0.001077,-0.000000
9.536000,0.001075,-0.045208,0.593700,0.000000,0.000000,0.000000,0.077211,0.016901,-0.000443,-0.039530,0.598773,0.000605,-0.008564,0.000148,0.005675,-0.041076,0.000000,0.001296,0.001063,-0.000000
9.548000,0.001075,-0.045208,0.593700,0.000000,0.000000,0.000000,0.077413,0.016901,-0.000436,-0.039633,0.598775,0.000590,-0.008483,0.000144,0.005690,-0.041063,0.000000,0.001231,0.001049,-0.000000
9.560000,0.001075,-0.045208,0.593700,0.000000,0.000000,0.000000,0.077616,0.016901,-0.000429,-0.039734,0.598776,0.000576,-0.008403,0.000139,0.005704,-0.041051,0.000000,0.001169,0.001035,-0.000000
9.572000,0.001075,-0.045208,0.593700,0.000000,0.000000,0.000000,0.077819,0.016901,-0.000423,-0.039835,0.598778,0.000562,-0.008324,0.000135,0.005717,-0.041038,0.000000,0.001110,0.001022,-0.000000
9.584000,0.001075,-0.045208,0.593700,0.000000,0.000000,0.000000,0.078022,0.016901,-0.000416,-0.039934,0.598780,0.000561,-0.008240,0.000122,0.005730,-0.041026,0.000000,0.001010,0.001004,0.000002
9.596000,0.001075,-0.045208,0.593700,0.000000,0.000000,0.000000,0.078225,0.016901,-0.000410,-0.040033,0.598781,0.000548,-0.008163,0.000122,0.005741,-0.041015,0.000000,0.000884,0.000987,0.000000
9.608000,0.001075,-0.045208,0.593700,0.000000,0.000000,0.000000,0.078427,0.016901,-0.000403,-0.040131,0.598783,0.000526,-0.008088,0.000119,0.005750,-0.041003,0.000000,0.000790,0.000971,-0.000000
9.620000,0.001075,-0.045208,0.593700,0.000000,0.000000,0.000000,0.078630,0.016901,-0.000397,-0.040227,0.598784,0.000506,-0.008014,0.000115,0.005759,-0.040991,0.000000,0.000718,0.000957,-0.000000
9.632000,0.001075,-0.045208,0.593700,0.000000,0.000000,0.000000,0.078833,0.016901,-0.000391,-0.040323,0.598785,0.000490,-0.007939,0.000111,0.005767,-0.040980,0.000000,0.000659,0.000944,-0.000000
9.644000,0.001075,-0.045208,0.593700,0.000000,0.000000,0.000000,0.079036,0.016901,-0.000386,-0.040418,0.598787,0.000476,-0.007865,0.000107,0.005775,-0.040969,0.000000,0.000606,0.000932,-0.000000
9.656000,0.001075,-0.045208,0.593700,0.000000,0.000000,0.000000,0.079239,0.016901,-0.000380,-0.040513,0.598788,0.000463,-0.007791,0.000102,0.005781,-0.040958,0.000000,0.000556,0.000920,-0.000000
9.668000,0.001075,-0.045208,0.593700,0.000000,0.000000,0.000000,0.079442,0.016901,-0.000375,-0.040606,0.598789,0.000451,-0.007718,0.000098,0.005788,-0.040947,0.000000,0.000510,0.000908,-0.000000
9.680000,0.001075,-0.045208,0.593700,0.000000,0.000000,0.000000,0.079644,0.016901,-0.000370,-0.040698,0.598790,0.000440,-0.007645,0.000095,0.005793,-0.040936,0.000000,0.000465,0.000897,-0.000000
9.692000,0.001075,-0.045208,0.593700,0.000000,0.000000,0.000000,0.079847,0.016901,-0.000365,-0.040790,0.598791,0.000429,-0.007572,0.000091,0.005799,-0.040926,0.000000,0.000423,0.000885,-0.000000
9.704000,0.001075,-0.045208,0.593700,0.000000,0.000000,0.000000,0.080050,0.016901,-0.000360,-0.040880,0.598792,0.000418,-0.007500,0.000088,0.005803,-0.040915,0.000000,0.000384,0.000874,-0.000000
9.716000,0.001075,-0.045208,0.593700,0.000000,0.000000,0.000000,0.080253,0.016901,-0.000355,-0.040970,0.598794,0.000408,-0.007428,0.000084,0.005807,-0.040905,0.000000,0.000346,0.000863,-0.000000
9.728000,0.001075,-0.045208,0.593700,0.000000,0.000000,0.000000,0.080456,0.016901,-0.000350,-0.041059,0.598795,0.000399,-0.007357,0.000081,0.005811,-0.040895,0.000000,0.000310,0.000852,-0.000000
9.740000,0.001075,-0.045208,0.593700,0.000000,0.000000,0.000000,0.080658,0.016901,-0.000345,-0.041147,0.598795,0.000390,-0.007287,0.000078,0.005815,-0.040885,0.000000,0.000275,0.000842,-0.000000
9.752000,0.001075,-0.045208,0.593700,0.000000,0.000000,0.000000,0.080861,0.016901,-0.000341,-0.041234,0.598796,0.000381,-0.007217,0.000075,0.005818,-0.040875,0.000000,0.000243,0.000831,-0.000000
9.764000,0.001075,-0.045208,0.593700,0.000000,0.000000,0.000000,0.081064,0.016901,-0.000336,-0.041321,0.598797,0.000373,-0.007147,0.000072,0.005820,-0.040865,0.000000,0.000212,0.000821,-0.000000
9.774000,0.001075,-0.045208,0.593700,0.000000,0.000000,0.000000,0.081233,0.016901,-0.000333,-0.041392,0.598798,0.000366,-0.007089,0.000070,0.005822,-0.040857,0.000000,0.000187,0.000812,-0.000000
9.786000,0.001075,-0.045208,0.593700,0.000000,0.000000,0.000000,0.081436,0.016901,-0.000328,-0.041477,0.598799,0.000358,-0.007021,0.000067,0.005824,-0.040847,0.000000,0.000158,0.000802,-0.000000
9.798000,0.001075,-0.045208,0.593700,0.000000,0.000000,0.000000,0.081639,0.016901,-0.000324,-0.041561,0.598800,0.000348,-0.006954,0.000064,0.005826,-0.040838,0.000000,0.000136,0.000794,0.000000
9.810000,0.001075,-0.045208,0.593700,0.000000,0.000000,0.000000,0.081841,0.016901,-0.000320,-0.041644,0.598800,0.000334,-0.006891,0.000061,0.005828,-0.040828,0.000000,0.000159,0.000789,0.000000
9.822000,0.001075,-0.045208,0.593700,0.000000,0.000000,0.000000,0.082044,0.016901,-0.000316,-0.041726,0.598801,0.000334,-0.006823,0.000060,0.005830,-0.040819,0.000000,0.000163,0.000781,-0.000000
9.834000,0.001075,-0.045208,0.593700,0.000000,0.000000,0.000000,0.082247,0.016901,-0.000312,-0.041808,0.598802,0.000334,-0.006756,0.000059,0.005831,-0.040810,0.000000,0.000149,0.000772,-0.000000
9.846000,0.001075,-0.045208,0.593700,0.000000,0.000000,0.000000,0.082450,0.016901,-0.000308,-0.041889,0.598803,0.000332,-0.006690,0.000058,0.005833,-0.040801,0.000000,0.000126,0.000763,-0.000000
9.858000,0.001075,-0.045208,0.593700,0.000000,0.000000,0.000000,0.082653,0.016901,-0.000304,-0.041969,0.598803,0.000329,-0.006625,0.000057,0.005834,-0.040792,0.000000,0.000101,0.000753,-0.000000
9.870000,0.001075,-0.045208,0.593700,0.000000,0.000000,0.000000,0.082855,0.016901,-0.000300,-0.042048,0.598804,0.000324,-0.006560,0.000055,0.005835,-0.040783,0.000000,0.000076,0.000744,-0.000000
9.882000,0.001075,-0.045208,0.593700,0.000000,0.000000,0.000000,0.083058,0.016901,-0.000297,-0.042127,0.598805,0.000319,-0.006496,0.000053,0.005836,-0.040774,0.000000,0.000053,0.000735,-0.000000
9.894000,0.001075,-0.045208,0.593700,0.000000,0.000000,0.000000,0.083261,0.016901,-0.000293,-0.042205,0.598805,0.000313,-0.006433,0.000051,0.005836,-0.040765,0.000000,0.000032,0.000726,-0.000000
9.906000,0.001075,-0.045208,0.593700,0.000000,0.000000,0.000000,0.083464,0.016901,-0.000289,-0.042281,0.598806,0.000308,-0.006370,0.000049,0.005836,-0.040757,0.000000,0.000012,0.000718,-0.000000
9.918000,0.001075,-0.045208,0.593700,0.000000,0.000000,0.000000,0.083667,0.016901,-0.000286,-0.042358,0.598806,0.000303,-0.006308,0.000047,0.005836,-0.040748,0.000000,-0.000007,0.000709,-0.000000
9.930000,0.001075,-0.045208,0.593700,0.000000,0.000000,0.000000,0.083869,0.016901,-0.000282,-0.042433,0.598807,0.000298,-0.006247,0.000045,0.005836,-0.040740,0.000000,-0.000025,0.000701,-0.000000
9.942000,0.001075,-0.045208,0.593700,0.000000,0.000000,0.000000,0.084072,0.016901,-0.000279,-0.042508,0.598807,0.000293,-0.006187,0.000043,0.005836,-0.040731,0.000000,-0.000041,0.000693,-0.000000
9.954000,0.001075,-0.045208,0.593700,0.000000,0.000000,0.000000,0.084275,0.016901,-0.000275,-0.042582,0.598808,0.000289,-0.006127,0.000042,0.005835,-0.040723,0.000000,-0.000057,0.000685,-0.000000
9.966000,0.001075,-0.045208,0.593700,0.000000,0.000000,0.000000,0.084478,0.016901,-0.000272,-0.042655,0.598808,0.000284,-0.006068,0.000040,0.005834,-0.040715,0.000000,-0.000072,0.000677,-0.000000
9.978000,0.001075,-0.045208,0.593700,0.000000,0.000000,0.000000,0.084681,0.016901,-0.000268,-0.042728,0.598809,0.000280,-0.006009,0.000038,0.005833,-0.040707,0.000000,-0.000085,0.000669,-0.000000
9.990000,0.001075,-0.045208,0.593700,0.000000,0.000000,0.000000,0.084884,0.016901,-0.000265,-0.042800,0.598809,0.000276,-0.005952,0.000037,0.005832,-0.040699,0.000000,-0.000099,0.000661,-0.000000
