time,Prx,Pry,Prz,Vrx,Vry,Vrz,Yawr,vYawr,Pbx,Pby,Pbz,Vbx,Vby,Vbz,Pf0rx,Pf1rx,Pf2rx,Pf3rx,Pf0cx,Pf1cx,Pf2cx,Pf3cx,ux,uy
1.000000,0.000000,0.000000,0.593700,0.000000,0.000000,0.000000,0.000128,0.000000,-0.000126,0.000758,0.596303,-0.005093,0.000948,0.013624,0.401545,0.401545,-0.395455,-0.395455,0.407212,0.408531,-0.390934,-0.391208,0.327970,0.155901
1.010000,0.007000,0.000001,0.593700,1.000000,0.000128,0.000000,0.000128,0.000000,-0.000172,0.000767,0.596434,-0.003777,0.000918,0.012438,0.401560,0.401560,-0.395471,-0.395471,0.407227,0.408547,-0.390925,-0.391199,0.327895,0.155860
1.020000,0.017000,0.000002,0.593700,1.000000,0.000128,0.000000,0.000128,0.000000,-0.000174,0.000777,0.596544,0.002016,0.000883,0.009816,0.401624,0.401624,-0.395534,-0.395534,0.407312,0.408635,-0.390850,-0.391124,0.327796,0.155823
1.030000,0.027000,0.000003,0.593700,1.000000,0.000128,0.000000,0.000128,0.000000,-0.000075,0.000785,0.596629,0.013721,0.000851,0.007157,0.401736,0.401736,-0.395647,-0.395647,0.407525,0.408853,-0.390652,-0.390933,0.327614,0.155793
1.040000,0.037000,0.000005,0.593700,1.000000,0.000128,0.000000,0.000128,0.000000,0.000180,0.000794,0.596690,0.031306,0.000823,0.004870,0.401898,0.401898,-0.395809,-0.395809,0.407846,0.409184,-0.390359,-0.390652,0.327363,0.155769
1.050000,0.047000,0.000006,0.593700,1.000000,0.000128,0.000000,0.000128,0.000000,0.000634,0.000802,0.596731,0.053389,0.000798,0.003077,0.402109,0.402109,-0.396020,-0.396020,0.408223,0.409572,-0.390029,-0.390341,0.327091,0.155750
1.060000,0.057000,0.000007,0.593700,1.000000,0.000128,0.000000,0.000128,0.000000,0.001321,0.000810,0.596759,0.078458,0.000769,0.001630,0.402370,0.402370,-0.396281,-0.396281,0.408594,0.409954,-0.389725,-0.390060,0.326845,0.155734
1.070000,0.067000,0.000009,0.593700,1.000000,0.000128,0.000000,0.000128,0.000000,0.002262,0.000817,0.596764,0.105081,0.000705,-0.000639,0.402680,0.402680,-0.396590,-0.396590,0.408953,0.410278,-0.389495,-0.389857,0.326668,0.155727
1.080000,0.077000,0.000010,0.593700,1.000000,0.000128,0.000000,0.000128,0.000000,0.003473,0.000824,0.596727,0.132257,0.000670,-0.003492,0.403039,0.403039,-0.396949,-0.396949,0.409341,0.410564,-0.389329,-0.389734,0.326584,0.155733
1.090000,0.087000,0.000011,0.593700,1.000000,0.000128,0.000000,0.000128,0.000000,0.004967,0.000831,0.596681,0.160458,0.000625,-0.003818,0.403446,0.403446,-0.397357,-0.397357,0.409780,0.410863,-0.389182,-0.389642,0.326534,0.155738
1.100000,0.097000,0.000012,0.593700,1.000000,0.000128,0.000000,0.000128,0.000000,0.006758,0.000837,0.596653,0.190018,0.000587,-0.002849,0.403902,0.403902,-0.397813,-0.397813,0.410280,0.411205,-0.389018,-0.389543,0.326471,0.155736
1.110000,0.107000,0.000014,0.593700,1.000000,0.000128,0.000000,0.000128,0.000000,0.008857,0.000843,0.596607,0.222184,0.000554,-0.004462,0.404406,0.404406,-0.398317,-0.398317,0.410839,0.411597,-0.388978,-0.389481,0.326484,0.155743
1.120000,0.117000,0.000015,0.593700,1.000000,0.000128,0.000000,0.000128,0.000000,0.011273,0.000848,0.596567,0.255083,0.000506,-0.004551,0.404959,0.404959,-0.398869,-0.398869,0.411394,0.412044,-0.389161,-0.389649,0.326686,0.155748
1.130000,0.127000,0.000016,0.593700,1.000000,0.000128,0.000000,0.000128,0.000000,0.014362,0.000855,0.596506,0.313844,0.000793,-0.004878,0.405560,0.405560,-0.399470,-0.399470,0.411666,0.412341,-0.389682,-0.390165,0.327120,0.155753
1.140000,0.137000,0.000018,0.593700,1.000000,0.000128,0.000000,0.000128,0.000000,0.017397,0.000864,0.596467,0.322228,0.000720,-0.004809,0.406209,0.406209,-0.400119,-0.400119,0.411810,0.412423,-0.390493,-0.390976,0.327829,0.155755
1.150000,0.147000,0.000019,0.593700,1.000000,0.000128,0.000000,0.000128,0.000000,0.020680,0.000870,0.596406,0.342130,0.000612,-0.006638,0.406906,0.406906,-0.400817,-0.400817,0.412105,0.412612,-0.391316,-0.391826,0.328593,0.155763
1.162000,0.159000,0.000020,0.593700,1.000000,0.000128,0.000000,0.000128,0.000000,0.025019,0.000877,0.596357,0.376021,0.000631,-0.006200,0.407808,0.407808,-0.401718,-0.401718,0.412632,0.413005,-0.392169,-0.392734,0.329441,0.155767
1.172000,0.169000,0.000022,0.593700,1.000000,0.000128,0.000000,0.000128,0.000000,0.028998,0.000882,0.596191,0.412235,0.000693,-0.013824,0.408613,0.408613,-0.402524,-0.402524,0.412977,0.413344,-0.392936,-0.393487,0.330198,0.155817
1.182000,0.179000,0.000023,0.593700,1.000000,0.000128,0.000000,0.000128,0.000000,0.033321,0.000890,0.596089,0.446722,0.000815,-0.008372,0.409459,0.409459,-0.403370,-0.403370,0.413308,0.413596,-0.393935,-0.394482,0.331089,0.155831
1.192000,0.189000,0.000024,0.593700,1.000000,0.000128,0.000000,0.000128,0.000000,0.037973,0.000898,0.596069,0.478563,0.000789,-0.005557,0.410341,0.410341,-0.404252,-0.404252,0.413695,0.413877,-0.395128,-0.395682,0.332123,0.155818
1.202000,0.199000,0.000025,0.593700,1.000000,0.000128,0.000000,0.000128,0.000000,0.042955,0.000906,0.595932,0.511250,0.000891,-0.013665,0.411268,0.411268,-0.405179,-0.405179,0.413990,0.414171,-0.396333,-0.396917,0.333268,0.155861
1.212000,0.209000,0.000027,0.593700,1.000000,0.000128,0.000000,0.000128,0.000000,0.048260,0.000931,0.595784,0.544590,0.001921,-0.014250,0.412245,0.412245,-0.406156,-0.406156,0.414272,0.414398,-0.397517,-0.398150,0.334359,0.155861
1.222000,0.219000,0.000028,0.593700,1.000000,0.000128,0.000000,0.000128,0.000000,0.053908,0.000944,0.595705,0.579171,0.001316,-0.010773,0.413265,0.413265,-0.407175,-0.407175,0.414614,0.414660,-0.399002,-0.399657,0.335689,0.155869
1.232000,0.229000,0.000029,0.593700,1.000000,0.000128,0.000000,0.000128,0.000000,0.059894,0.000949,0.595517,0.612507,0.000800,-0.015503,0.414327,0.414327,-0.408238,-0.408238,0.414874,0.414890,-0.400653,-0.401332,0.337188,0.155925
1.242000,0.239000,0.000031,0.593700,1.000000,0.000128,0.000000,0.000128,0.000000,0.066211,0.000962,0.595427,0.643988,0.001282,-0.011767,0.415438,0.415438,-0.409349,-0.409349,0.415172,0.415103,-0.402281,-0.402952,0.338653,0.155930
1.252000,0.249000,0.000032,0.593700,1.000000,0.000128,0.000000,0.000128,0.000000,0.072871,0.000968,0.595191,0.680289,0.000794,-0.020648,0.416600,0.416600,-0.410511,-0.410511,0.415454,0.415353,-0.404143,-0.404769,0.340368,0.156004
1.262000,0.259000,0.000033,0.593700,1.000000,0.000128,0.000000,0.000128,0.000000,0.079864,0.000979,0.595088,0.712124,0.001133,-0.010782,0.417812,0.417812,-0.411723,-0.411723,0.415736,0.415585,-0.406127,-0.406747,0.342104,0.156005
1.272000,0.269000,0.000034,0.593700,0.999999,0.000128,0.000000,0.000128,0.000000,0.087187,0.000984,0.594848,0.744997,0.000792,-0.025752,0.419074,0.419074,-0.412985,-0.412985,0.416020,0.415858,-0.408026,-0.408613,0.343849,0.156088
1.282000,0.279000,0.000036,0.593700,0.999999,0.000128,0.000000,0.000128,0.000000,0.094856,0.000996,0.594709,0.780842,0.001328,-0.011444,0.420387,0.420387,-0.414298,-0.414298,0.416312,0.416105,-0.410176,-0.410697,0.345737,0.156092
1.292000,0.289000,0.000037,0.593700,0.999999,0.000128,0.000000,0.000128,0.000000,0.102860,0.001002,0.594472,0.812618,0.000773,-0.023362,0.421746,0.421746,-0.415657,-0.415657,0.416632,0.416428,-0.412336,-0.412844,0.347736,0.156171
1.302000,0.299000,0.000038,0.593700,0.999999,0.000128,0.000000,0.000128,0.000000,0.111197,0.001012,0.594298,0.847328,0.000932,-0.020131,0.423047,0.423047,-0.416957,-0.416957,0.416966,0.416731,-0.414553,-0.414954,0.349474,0.156192
1.312000,0.309000,0.000040,0.593700,0.999999,0.000128,0.000000,0.000128,0.000000,0.119851,0.001019,0.594026,0.877058,0.000782,-0.021955,0.424170,0.424170,-0.418080,-0.418080,0.417198,0.416994,-0.417003,-0.417339,0.349867,0.156276
1.322000,0.319000,0.000041,0.593700,0.999999,0.000129,0.000000,0.000128,0.000000,0.128763,0.001029,0.593853,0.900899,0.000801,-0.026768,0.425097,0.425097,-0.419007,-0.419007,0.417258,0.417087,-0.419354,-0.419617,0.350002,0.156325
1.332000,0.329000,0.000042,0.593700,0.999999,0.000129,0.000000,0.000128,0.000000,0.137895,0.001038,0.593632,0.922488,0.001182,-0.013714,0.425824,0.425824,-0.419735,-0.419735,0.417041,0.416917,-0.421893,-0.422052,0.349986,0.156356
1.342000,0.339000,0.000043,0.593700,0.999999,0.000129,0.000000,0.000128,0.000000,0.147201,0.001041,0.593460,0.936272,0.000571,-0.015560,0.426352,0.426352,-0.420263,-0.420263,0.416567,0.416533,-0.424230,-0.424350,0.349779,0.156417
1.352000,0.349000,0.000045,0.593700,0.999999,0.000129,0.000000,0.000128,0.000000,0.156654,0.001051,0.593307,0.951754,0.000783,-0.012603,0.426680,0.426680,-0.420591,-0.420591,0.415880,0.415906,-0.426504,-0.426610,0.349262,0.156434
1.362000,0.359000,0.000046,0.593700,1.000000,0.000129,0.000000,0.000128,0.000000,0.166235,0.001056,0.593258,0.961125,0.000678,-0.004068,0.426808,0.426808,-0.420719,-0.420719,0.414950,0.415055,-0.428592,-0.428693,0.348513,0.156442
1.372000,0.369000,0.000047,0.593700,1.000000,0.000128,0.000000,0.000128,0.000000,0.175924,0.001056,0.593015,0.973224,0.000260,-0.017153,0.426736,0.426736,-0.420647,-0.420647,0.413748,0.413982,-0.430562,-0.430662,0.347701,0.156527
1.382000,0.379000,0.000049,0.593700,1.000000,0.000128,0.000000,0.000128,0.000000,0.185685,0.001061,0.592974,0.977117,0.000399,-0.005367,0.426464,0.426464,-0.420375,-0.420375,0.412342,0.412644,-0.432281,-0.432384,0.346596,0.156533
1.392000,0.389000,0.000050,0.593700,1.000000,0.000128,0.000000,0.000128,0.000000,0.195503,0.001063,0.592765,0.984084,0.000449,-0.010173,0.426006,0.426006,-0.419917,-0.419917,0.410681,0.411067,-0.433795,-0.433907,0.345381,0.156590
1.402000,0.399000,0.000051,0.593700,1.000000,0.000128,0.000000,0.000128,0.000000,0.205366,0.001067,0.592692,0.986703,0.000388,-0.015156,0.425420,0.425420,-0.419331,-0.419331,0.408936,0.409379,-0.435089,-0.435154,0.343990,0.156629
1.414000,0.411000,0.000053,0.593700,1.000000,0.000128,0.000000,0.000128,0.000000,0.217265,0.001055,0.592622,0.990414,0.000179,0.000908,0.424637,0.424637,-0.418547,-0.418547,0.406646,0.407117,-0.436534,-0.436490,0.342053,0.156655
1.424000,0.421000,0.000054,0.593700,1.000000,0.000128,0.000000,0.000128,0.000000,0.227190,0.001062,0.592502,0.992608,0.000607,-0.011265,0.423968,0.423968,-0.417878,-0.417878,0.404795,0.405306,-0.437477,-0.437398,0.340574,0.156692
1.434000,0.431000,0.000055,0.593700,1.000000,0.000128,0.000000,0.000128,0.000000,0.237134,0.001064,0.592549,0.992463,0.000153,0.001155,0.423307,0.423307,-0.417218,-0.417218,0.402965,0.403473,-0.438277,-0.438160,0.339002,0.156668
1.444000,0.441000,0.000057,0.593700,1.000000,0.000128,0.000000,0.000128,0.000000,0.247092,0.001071,0.592420,0.995453,0.000577,-0.004327,0.422665,0.422665,-0.416576,-0.416576,0.401162,0.401739,-0.439032,-0.438789,0.337560,0.156714
1.454000,0.451000,0.000058,0.593700,1.000000,0.000128,0.000000,0.000128,0.000000,0.257063,0.001077,0.592371,0.996268,0.000477,-0.009092,0.422043,0.422043,-0.415954,-0.415954,0.399465,0.400040,-0.439643,-0.439342,0.336113,0.156717
1.464000,0.461000,0.000059,0.593700,1.000000,0.000128,0.000000,0.000128,0.000000,0.267038,0.001084,0.592416,0.996141,0.000633,0.006357,0.421442,0.421442,-0.415352,-0.415352,0.397791,0.398438,-0.440186,-0.439858,0.334717,0.156702
1.474000,0.471000,0.000060,0.593700,1.000000,0.000128,0.000000,0.000128,0.000000,0.277026,0.001090,0.592309,0.997838,0.000770,-0.004955,0.420859,0.420859,-0.414770,-0.414770,0.396259,0.396906,-0.440674,-0.440331,0.333424,0.156733
1.484000,0.481000,0.000062,0.593700,1.000000,0.000128,0.000000,0.000128,0.000000,0.287013,0.001096,0.592334,0.997695,0.000548,-0.004989,0.420294,0.420294,-0.414205,-0.414205,0.394768,0.395371,-0.441032,-0.440682,0.332166,0.156720
1.494000,0.491000,0.000063,0.593700,1.000000,0.000128,0.000000,0.000128,0.000000,0.297006,0.001104,0.592360,0.997836,0.000662,0.003751,0.419746,0.419746,-0.413657,-0.413657,0.393421,0.393986,-0.441350,-0.440993,0.330952,0.156712
1.504000,0.501000,0.000064,0.593700,1.000000,0.000128,0.000000,0.000128,0.000000,0.307004,0.001109,0.592430,0.998793,0.000632,0.005874,0.419215,0.419215,-0.413125,-0.413125,0.392134,0.392625,-0.441650,-0.441185,0.329820,0.156702
1.514000,0.511000,0.000066,0.593700,1.000000,0.000128,0.000000,0.000128,0.000000,0.317007,0.001113,0.592402,1.000420,0.000517,-0.006091,0.418698,0.418698,-0.412609,-0.412609,0.390888,0.391411,-0.441891,-0.441383,0.328833,0.156718
1.524000,0.521000,0.000067,0.593700,1.000000,0.000128,0.000000,0.000128,0.000000,0.327015,0.001118,0.592397,0.999929,0.000441,-0.004200,0.418197,0.418197,-0.412108,-0.412108,0.389735,0.390253,-0.442147,-0.441624,0.327827,0.156720
1.534000,0.531000,0.000068,0.593700,1.000000,0.000128,0.000000,0.000128,0.000000,0.337025,0.001123,0.592364,1.000536,0.000390,0.004060,0.417711,0.417711,-0.411621,-0.411621,0.388560,0.389108,-0.442451,-0.441922,0.326827,0.156725
1.544000,0.541000,0.000069,0.593700,1.000000,0.000128,0.000000,0.000128,0.000000,0.347028,0.001129,0.592349,0.999822,0.000491,-0.006605,0.417238,0.417238,-0.411149,-0.411149,0.387550,0.388051,-0.442645,-0.442115,0.325960,0.156736
1.554000,0.551000,0.000071,0.593700,1.000000,0.000128,0.000000,0.000128,0.000000,0.357029,0.001134,0.592407,0.998803,0.000615,0.002772,0.416780,0.416780,-0.410690,-0.410690,0.386599,0.386997,-0.442805,-0.442277,0.325038,0.156714
1.564000,0.561000,0.000072,0.593700,1.000000,0.000128,0.000000,0.000128,0.000000,0.367033,0.001137,0.592379,0.999927,0.000345,0.005517,0.416335,0.416335,-0.410245,-0.410245,0.385696,0.386023,-0.442985,-0.442464,0.324238,0.156727
1.574000,0.571000,0.000073,0.593700,1.000000,0.000128,0.000000,0.000128,0.000000,0.377034,0.001141,0.592446,0.999121,0.000290,-0.000252,0.415903,0.415903,-0.409813,-0.409813,0.384895,0.385138,-0.443038,-0.442532,0.323447,0.156719
1.584000,0.581000,0.000075,0.593700,1.000000,0.000128,0.000000,0.000128,0.000000,0.387036,0.001145,0.592481,0.999227,0.000350,0.002448,0.415483,0.415483,-0.409394,-0.409394,0.384084,0.384320,-0.443055,-0.442564,0.322734,0.156710
1.594000,0.591000,0.000076,0.593700,1.000000,0.000128,0.000000,0.000128,0.000000,0.397045,0.001149,0.592486,1.000231,0.000355,0.004479,0.415076,0.415076,-0.408986,-0.408986,0.383325,0.383596,-0.443101,-0.442626,0.322056,0.156719
1.604000,0.601000,0.000077,0.593700,1.000000,0.000128,0.000000,0.000128,0.000000,0.407050,0.001153,0.592552,0.999745,0.000227,-0.000001,0.414681,0.414681,-0.408591,-0.408591,0.382634,0.382891,-0.443030,-0.442571,0.321405,0.156695
1.614000,0.611000,0.000078,0.593700,1.000000,0.000128,0.000000,0.000128,0.000000,0.417059,0.001156,0.592596,1.000331,0.000297,0.002754,0.414297,0.414297,-0.408207,-0.408207,0.381928,0.382237,-0.442923,-0.442487,0.320815,0.156690
1.624000,0.621000,0.000080,0.593700,1.000000,0.000128,0.000000,0.000128,0.000000,0.427075,0.001160,0.592623,1.000810,0.000447,0.005353,0.413924,0.413924,-0.407835,-0.407835,0.381304,0.381626,-0.442843,-0.442443,0.320212,0.156691
1.634000,0.631000,0.000081,0.593700,1.000000,0.000128,0.000000,0.000128,0.000000,0.437090,0.001165,0.592671,1.001005,0.000502,0.003529,0.413562,0.413562,-0.407473,-0.407473,0.380708,0.381024,-0.442741,-0.442294,0.319666,0.156682
1.644000,0.641000,0.000082,0.593700,1.000000,0.000128,0.000000,0.000128,0.000000,0.447104,0.001167,0.592736,1.001082,0.000345,0.005055,0.413211,0.413211,-0.407122,-0.407122,0.380129,0.380413,-0.442575,-0.442116,0.319164,0.156658
1.654000,0.651000,0.000083,0.593700,1.000000,0.000128,0.000000,0.000128,0.000000,0.457123,0.001171,0.592780,1.000987,0.000420,0.004487,0.412871,0.412871,-0.406781,-0.406781,0.379630,0.379835,-0.442398,-0.441972,0.318602,0.156652
1.664000,0.661000,0.000085,0.593700,1.000000,0.000128,0.000000,0.000128,0.000000,0.467145,0.001174,0.592803,1.002017,0.000295,0.005096,0.412540,0.412540,-0.406450,-0.406450,0.379129,0.379239,-0.442200,-0.441818,0.318120,0.156646
1.676000,0.673000,0.000086,0.593700,1.000000,0.000128,0.000000,0.000128,0.000000,0.479172,0.001173,0.592852,1.002422,0.000017,0.002304,0.412155,0.412155,-0.406066,-0.406066,0.378473,0.378620,-0.441949,-0.441618,0.317550,0.156643
1.686000,0.683000,0.000088,0.593700,1.000000,0.000128,0.000000,0.000128,0.000000,0.489190,0.001179,0.592973,1.000830,0.000227,0.007287,0.411845,0.411845,-0.405756,-0.405756,0.377992,0.378159,-0.441724,-0.441415,0.317065,0.156617
1.696000,0.693000,0.000089,0.593700,1.000000,0.000128,0.000000,0.000128,0.000000,0.499226,0.001161,0.593013,1.002147,0.000117,0.009197,0.411544,0.411544,-0.405455,-0.405455,0.377501,0.377673,-0.441567,-0.441199,0.316573,0.156637
1.706000,0.703000,0.000090,0.593700,1.000000,0.000128,0.000000,0.000128,0.000000,0.509257,0.001163,0.593013,1.003271,0.000253,0.002138,0.411252,0.411252,-0.405163,-0.405163,0.377046,0.377188,-0.441394,-0.440971,0.316192,0.156643
1.716000,0.713000,0.000091,0.593700,1.000000,0.000128,0.000000,0.000128,0.000000,0.519282,0.001173,0.593153,1.001130,0.000961,0.004047,0.410969,0.410969,-0.404879,-0.404879,0.376674,0.376743,-0.441163,-0.440735,0.315739,0.156583
1.726000,0.723000,0.000093,0.593700,1.000000,0.000128,0.000000,0.000128,0.000000,0.529307,0.001180,0.593185,1.001727,0.000770,0.010448,0.410693,0.410693,-0.404604,-0.404604,0.376295,0.376278,-0.440918,-0.440534,0.315346,0.156565
1.736000,0.733000,0.000094,0.593700,1.000000,0.000128,0.000000,0.000128,0.000000,0.539335,0.001178,0.593080,1.002957,0.000376,-0.004897,0.410426,0.410426,-0.404336,-0.404336,0.375891,0.375905,-0.440661,-0.440328,0.315153,0.156629
1.746000,0.743000,0.000095,0.593700,1.000000,0.000128,0.000000,0.000128,0.000000,0.549341,0.001202,0.593227,0.999972,0.001235,0.007941,0.410166,0.410166,-0.404077,-0.404077,0.375602,0.375571,-0.440376,-0.440092,0.314793,0.156523
1.756000,0.753000,0.000097,0.593700,1.000000,0.000128,0.000000,0.000128,0.000000,0.559349,0.001213,0.593389,1.000158,0.000744,0.018418,0.409914,0.409914,-0.403825,-0.403825,0.375377,0.375291,-0.440111,-0.439872,0.314441,0.156469
1.766000,0.763000,0.000098,0.593700,1.000000,0.000129,0.000000,0.000128,0.000000,0.569391,0.001195,0.593308,1.003764,-0.000648,-0.006046,0.409670,0.409670,-0.403581,-0.403581,0.375177,0.375040,-0.439917,-0.439620,0.314313,0.156557
1.776000,0.773000,0.000099,0.593700,1.000000,0.000128,0.000000,0.000128,0.000000,0.579413,0.001218,0.593442,1.001232,0.000918,0.005139,0.409433,0.409433,-0.403343,-0.403343,0.374997,0.374768,-0.439636,-0.439337,0.314070,0.156462
1.786000,0.783000,0.000100,0.593700,1.000000,0.000128,0.000000,0.000128,0.000000,0.589441,0.001225,0.593489,1.001901,0.002827,0.011723,0.409202,0.409202,-0.403113,-0.403113,0.374806,0.374614,-0.439346,-0.439078,0.313921,0.156454
1.796000,0.793000,0.000102,0.593700,1.000000,0.000128,0.000000,0.000128,0.000000,0.599471,0.001223,0.593506,1.002853,0.000337,-0.001070,0.408978,0.408978,-0.402889,-0.402889,0.374718,0.374497,-0.439083,-0.438862,0.313798,0.156457
1.806000,0.803000,0.000103,0.593700,1.000000,0.000128,0.000000,0.000128,0.000000,0.609505,0.001225,0.593599,1.003279,-0.000131,0.004956,0.408761,0.408761,-0.402672,-0.402672,0.374620,0.374335,-0.438820,-0.438649,0.313616,0.156416
1.816000,0.813000,0.000104,0.593700,1.000000,0.000128,0.000000,0.000128,0.000000,0.619538,0.001225,0.593684,1.002572,-0.000153,0.010428,0.408550,0.408550,-0.402461,-0.402461,0.374463,0.374242,-0.438578,-0.438438,0.313522,0.156409
1.826000,0.823000,0.000106,0.593700,1.000000,0.000128,0.000000,0.000128,0.000000,0.629577,0.001226,0.593711,1.003157,-0.000036,-0.000075,0.408346,0.408346,-0.402256,-0.402256,0.374376,0.374149,-0.438404,-0.438203,0.313395,0.156409
1.836000,0.833000,0.000107,0.593700,1.000000,0.000128,0.000000,0.000128,0.000000,0.639614,0.001224,0.593718,1.003273,-0.000482,-0.003428,0.408147,0.408147,-0.402058,-0.402058,0.374278,0.374000,-0.438140,-0.437959,0.313248,0.156391
1.846000,0.843000,0.000108,0.593700,1.000000,0.000128,0.000000,0.000128,0.000000,0.649648,0.001226,0.593784,1.002527,0.000025,0.018481,0.407954,0.407954,-0.401865,-0.401865,0.374113,0.373797,-0.437859,-0.437721,0.313094,0.156370
1.856000,0.853000,0.000109,0.593700,1.000000,0.000128,0.000000,0.000128,0.000000,0.659678,0.001225,0.593899,1.002536,-0.000070,0.006953,0.407767,0.407767,-0.401677,-0.401677,0.373941,0.373649,-0.437514,-0.437421,0.312944,0.156356
1.866000,0.863000,0.000111,0.593700,1.000000,0.000128,0.000000,0.000128,0.000000,0.669714,0.001222,0.593885,1.003525,-0.000594,0.000214,0.407585,0.407585,-0.401496,-0.401496,0.373763,0.373482,-0.437213,-0.437168,0.312720,0.156343
1.876000,0.873000,0.000112,0.593700,1.000000,0.000128,0.000000,0.000128,0.000000,0.679742,0.001224,0.593941,1.002243,-0.000070,0.006906,0.407409,0.407409,-0.401319,-0.401319,0.373562,0.373277,-0.436926,-0.436926,0.312601,0.156324
1.886000,0.883000,0.000113,0.593700,1.000000,0.000128,0.000000,0.000128,0.000000,0.689769,0.001222,0.593988,1.002239,-0.000083,0.007546,0.407237,0.407237,-0.401148,-0.401148,0.373358,0.373125,-0.436651,-0.436693,0.312385,0.156328
1.896000,0.893000,0.000114,0.593700,1.000000,0.000128,0.000000,0.000128,0.000000,0.699789,0.001219,0.594098,1.001502,-0.000528,0.004820,0.407071,0.407071,-0.400981,-0.400981,0.373179,0.372969,-0.436363,-0.436359,0.312158,0.156292
1.906000,0.903000,0.000116,0.593700,1.000000,0.000128,0.000000,0.000128,0.000000,0.709809,0.001221,0.594180,1.001201,-0.000083,0.008064,0.406909,0.406909,-0.400820,-0.400820,0.372982,0.372779,-0.436052,-0.436019,0.312075,0.156260
1.916000,0.913000,0.000117,0.593700,1.000000,0.000128,0.000000,0.000128,0.000000,0.719830,0.001220,0.594200,1.001853,-0.000061,0.006409,0.406753,0.406753,-0.400663,-0.400663,0.372778,0.372634,-0.435734,-0.435715,0.311887,0.156270
1.928000,0.925000,0.000119,0.593700,1.000000,0.000128,0.000000,0.000128,0.000000,0.731850,0.001220,0.594252,1.001514,0.000180,0.001295,0.406571,0.406571,-0.400481,-0.400481,0.372571,0.372466,-0.435348,-0.435364,0.311663,0.156244
1.938000,0.935000,0.000120,0.593700,1.000000,0.000128,0.000000,0.000128,0.000000,0.741864,0.001220,0.594291,1.001597,0.000131,0.004382,0.406424,0.406424,-0.400334,-0.400334,0.372412,0.372294,-0.435050,-0.435098,0.311555,0.156221
1.948000,0.945000,0.000121,0.593700,1.000000,0.000128,0.000000,0.000128,0.000000,0.751876,0.001217,0.594334,1.000957,-0.000018,-0.000209,0.406281,0.406281,-0.400192,-0.400192,0.372221,0.372206,-0.434792,-0.434869,0.311471,0.156225
1.958000,0.955000,0.000122,0.593700,1.000000,0.000128,0.000000,0.000128,0.000000,0.761885,0.001218,0.594392,1.000543,0.000196,0.006100,0.406143,0.406143,-0.400053,-0.400053,0.372079,0.372106,-0.434598,-0.434702,0.311258,0.156201
1.968000,0.965000,0.000124,0.593700,1.000000,0.000128,0.000000,0.000128,0.000000,0.771887,0.001218,0.594422,1.000435,0.000217,0.005938,0.406008,0.406008,-0.399919,-0.399919,0.371935,0.371961,-0.434419,-0.434457,0.311186,0.156195
1.978000,0.975000,0.000125,0.593700,1.000000,0.000128,0.000000,0.000128,0.000000,0.781885,0.001216,0.594500,0.999339,0.000013,0.001711,0.405878,0.405878,-0.399789,-0.399789,0.371758,0.371896,-0.434225,-0.434216,0.311119,0.156181
1.988000,0.985000,0.000126,0.593700,1.000000,0.000128,0.000000,0.000128,0.000000,0.791882,0.001217,0.594549,0.999278,0.000256,0.005774,0.405751,0.405751,-0.399662,-0.399662,0.371630,0.371816,-0.434031,-0.434014,0.310932,0.156159
1.998000,0.995000,0.000128,0.593700,1.000000,0.000128,0.000000,0.000128,0.000000,0.801875,0.001218,0.594539,0.999927,0.000204,0.006172,0.405629,0.405629,-0.399539,-0.399539,0.371494,0.371685,-0.433835,-0.433825,0.310871,0.156153
2.008000,1.005000,0.000129,0.593700,1.000000,0.000128,0.000000,0.000128,0.000000,0.811865,0.001216,0.594554,0.999394,0.000043,-0.004657,0.405509,0.405509,-0.399420,-0.399420,0.371326,0.371634,-0.433660,-0.433659,0.310818,0.156168
2.018000,1.015000,0.000130,0.593700,1.000000,0.000128,0.000000,0.000128,0.000000,0.821850,0.001217,0.594687,0.997889,0.000260,0.009650,0.405393,0.405393,-0.399304,-0.399304,0.371216,0.371573,-0.433535,-0.433542,0.310621,0.156120
2.030000,1.027000,0.000132,0.593700,1.000000,0.000128,0.000000,0.000128,0.000000,0.833828,0.001242,0.594701,0.998058,0.003808,0.012884,0.405259,0.405259,-0.399169,-0.399169,0.371076,0.371446,-0.433420,-0.433432,0.310512,0.156058
2.042000,1.039000,0.000133,0.593700,1.000000,0.000128,0.000000,0.000128,0.000000,0.845796,0.001240,0.594735,0.997631,0.003291,0.004075,0.405129,0.405129,-0.399040,-0.399040,0.370898,0.371401,-0.433223,-0.433239,0.310477,0.156074
2.054000,1.051000,0.000135,0.593700,1.000000,0.000128,0.000000,0.000128,0.000000,0.857758,0.001239,0.594741,0.997934,0.000242,-0.004445,0.405004,0.405004,-0.398914,-0.398914,0.370793,0.371349,-0.433028,-0.433042,0.310458,0.156082
2.064000,1.061000,0.000136,0.593700,1.000000,0.000128,0.000000,0.000128,0.000000,0.867730,0.001236,0.594854,0.997216,-0.000544,-0.000036,0.404903,0.404903,-0.398813,-0.398813,0.370697,0.371308,-0.432895,-0.432907,0.310322,0.156068
2.076000,1.073000,0.000138,0.593700,1.000000,0.000128,0.000000,0.000128,0.000000,0.879697,0.001235,0.594955,0.996888,-0.000216,0.017087,0.404785,0.404785,-0.398696,-0.398696,0.370573,0.371261,-0.432810,-0.432817,0.310142,0.156020
2.088000,1.085000,0.000139,0.593700,1.000000,0.000128,0.000000,0.000128,0.000000,0.891670,0.001233,0.594935,0.997864,0.002544,0.013194,0.404672,0.404672,-0.398583,-0.398583,0.370454,0.371159,-0.432800,-0.432680,0.310098,0.156044
2.100000,1.097000,0.000141,0.593700,1.000000,0.000129,0.000000,0.000128,0.000000,0.903621,0.001227,0.594931,0.997268,0.000161,0.003241,0.404563,0.404563,-0.398473,-0.398473,0.370322,0.371032,-0.432698,-0.432520,0.310068,0.156059
2.112000,1.109000,0.000142,0.593700,1.000000,0.000128,0.000000,0.000128,0.000000,0.915578,0.001223,0.595079,0.997412,-0.000238,0.002305,0.404457,0.404457,-0.398368,-0.398368,0.370148,0.370936,-0.432607,-0.432402,0.309813,0.156028
2.124000,1.121000,0.000144,0.593700,1.000000,0.000128,0.000000,0.000128,0.000000,0.927552,0.001202,0.595180,0.998179,-0.000591,-0.002443,0.404355,0.404355,-0.398266,-0.398266,0.369927,0.370767,-0.432584,-0.432330,0.309575,0.156048
2.136000,1.133000,0.000145,0.593700,1.000000,0.000128,0.000000,0.000128,0.000000,0.939514,0.001199,0.595265,0.996561,0.000010,0.011223,0.404257,0.404257,-0.398168,-0.398168,0.369627,0.370519,-0.432592,-0.432235,0.309281,0.156027
2.148000,1.145000,0.000147,0.593700,1.000000,0.000128,0.000000,0.000128,0.000000,0.951467,0.001198,0.595250,0.996034,-0.000167,0.008616,0.404162,0.404162,-0.398073,-0.398073,0.369313,0.370251,-0.432548,-0.432163,0.309009,0.156020
2.160000,1.157000,0.000148,0.593700,1.000000,0.000128,0.000000,0.000128,0.000000,0.963413,0.001202,0.595234,0.996231,0.000218,0.007198,0.404071,0.404071,-0.397981,-0.397981,0.369009,0.369920,-0.432503,-0.432114,0.308764,0.156027
2.172000,1.169000,0.000150,0.593700,1.000000,0.000128,0.000000,0.000128,0.000000,0.975351,0.001204,0.595282,0.995456,0.000232,-0.002232,0.403982,0.403982,-0.397893,-0.397893,0.368659,0.369662,-0.432386,-0.432001,0.308541,0.156028
2.184000,1.181000,0.000151,0.593700,1.000000,0.000128,0.000000,0.000128,0.000000,0.987291,0.001207,0.595318,0.995844,0.000270,-0.004663,0.403897,0.403897,-0.397808,-0.397808,0.368382,0.369394,-0.432263,-0.431893,0.308305,0.156018
2.196000,1.193000,0.000153,0.593700,1.000000,0.000128,0.000000,0.000128,0.000000,0.999231,0.001212,0.595462,0.994808,0.000451,0.006709,0.403815,0.403815,-0.397726,-0.397726,0.368176,0.369127,-0.432170,-0.431815,0.307977,0.155976
2.208000,1.205000,0.000154,0.593700,1.000000,0.000128,0.000000,0.000128,0.000000,1.011171,0.001213,0.595590,0.995023,-0.000148,0.009790,0.403736,0.403736,-0.397646,-0.397646,0.368006,0.368886,-0.432120,-0.431757,0.307786,0.155945
2.220000,1.217000,0.000156,0.593700,1.000000,0.000128,0.000000,0.000128,0.000000,1.023121,0.001219,0.595595,0.995973,0.000377,0.008426,0.403659,0.403659,-0.397570,-0.397570,0.367792,0.368717,-0.432217,-0.431752,0.307624,0.155962
2.232000,1.229000,0.000158,0.593700,1.000000,0.000128,0.000000,0.000128,0.000000,1.035074,0.001221,0.595568,0.996971,0.000270,0.004214,0.403585,0.403585,-0.397496,-0.397496,0.367643,0.368534,-0.432419,-0.431811,0.307493,0.155978
2.244000,1.241000,0.000159,0.593700,1.000000,0.000128,0.000000,0.000128,0.000000,1.047023,0.001226,0.595587,0.996801,0.000320,-0.001235,0.403514,0.403514,-0.397424,-0.397424,0.367488,0.368378,-0.432553,-0.431922,0.307341,0.155982
2.256000,1.253000,0.000161,0.593700,1.000000,0.000128,0.000000,0.000128,0.000000,1.058968,0.001231,0.595660,0.995784,0.000509,-0.003181,0.403445,0.403445,-0.397356,-0.397356,0.367370,0.368241,-0.432693,-0.432000,0.307165,0.155968
2.268000,1.265000,0.000162,0.593700,1.000000,0.000128,0.000000,0.000128,0.000000,1.070914,0.001234,0.595743,0.995062,0.000212,0.004407,0.403379,0.403379,-0.397289,-0.397289,0.367258,0.368048,-0.432812,-0.432061,0.306993,0.155934
2.280000,1.277000,0.000164,0.593700,1.000000,0.000128,0.000000,0.000128,0.000000,1.082864,0.001239,0.595803,0.995216,0.000306,0.012174,0.403314,0.403314,-0.397225,-0.397225,0.367114,0.367927,-0.432895,-0.432162,0.306826,0.155928
2.292000,1.289000,0.000165,0.593700,1.000000,0.000128,0.000000,0.000128,0.000000,1.094819,0.001242,0.595811,0.996624,0.000281,0.005404,0.403253,0.403253,-0.397163,-0.397163,0.367064,0.367815,-0.433011,-0.432187,0.306741,0.155938
2.304000,1.301000,0.000167,0.593700,1.000000,0.000128,0.000000,0.000128,0.000000,1.106780,0.001246,0.595860,0.997429,0.000314,-0.000703,0.403193,0.403193,-0.397103,-0.397103,0.367012,0.367747,-0.433036,-0.432220,0.306642,0.155938
2.316000,1.313000,0.000168,0.593700,1.000000,0.000128,0.000000,0.000128,0.000000,1.118744,0.001251,0.595943,0.997200,0.000484,-0.002187,0.403135,0.403135,-0.397046,-0.397046,0.366982,0.367677,-0.433057,-0.432207,0.306529,0.155919
2.326000,1.323000,0.000170,0.593700,1.000000,0.000128,0.000000,0.000128,0.000000,1.128717,0.001255,0.596041,0.996657,0.000423,0.013582,0.403089,0.403089,-0.396999,-0.396999,0.366964,0.367570,-0.433076,-0.432188,0.306414,0.155881
2.338000,1.335000,0.000171,0.593700,1.000000,0.000128,0.000000,0.000128,0.000000,1.140692,0.001257,0.596047,0.997883,0.000162,0.007779,0.403035,0.403035,-0.396945,-0.396945,0.366899,0.367522,-0.433055,-0.432194,0.306351,0.155895
2.350000,1.347000,0.000173,0.593700,1.000000,0.000128,0.000000,0.000128,0.000000,1.152675,0.001261,0.596056,0.999360,0.000247,0.001737,0.402983,0.402983,-0.396893,-0.396893,0.366905,0.367454,-0.433045,-0.432239,0.306292,0.155891
2.362000,1.359000,0.000174,0.593700,1.000000,0.000128,0.000000,0.000128,0.000000,1.164657,0.001264,0.596125,0.998943,0.000211,-0.003968,0.402932,0.402932,-0.396843,-0.396843,0.366900,0.367354,-0.432966,-0.432220,0.306230,0.155880
2.374000,1.371000,0.000176,0.593700,1.000000,0.000128,0.000000,0.000128,0.000000,1.176644,0.001266,0.596244,0.998362,-0.000013,0.003972,0.402884,0.402884,-0.396795,-0.396795,0.366894,0.367214,-0.432861,-0.432179,0.306048,0.155843
2.386000,1.383000,0.000177,0.593700,1.000000,0.000128,0.000000,0.000128,0.000000,1.188634,0.001270,0.596292,0.998719,0.000348,0.006102,0.402837,0.402837,-0.396748,-0.396748,0.366911,0.367110,-0.432763,-0.432152,0.305987,0.155832
2.398000,1.395000,0.000179,0.593700,1.000000,0.000128,0.000000,0.000128,0.000000,1.200634,0.001271,0.596322,0.999570,0.000124,0.011552,0.402792,0.402792,-0.396703,-0.396703,0.366887,0.366982,-0.432724,-0.432182,0.305892,0.155828
2.410000,1.407000,0.000180,0.593700,1.000000,0.000128,0.000000,0.000128,0.000000,1.212638,0.001253,0.596350,1.000532,-0.000910,0.002467,0.402748,0.402748,-0.396659,-0.396659,0.366822,0.366906,-0.432607,-0.432136,0.305813,0.155876
2.422000,1.419000,0.000182,0.593700,1.000000,0.000128,0.000000,0.000128,0.000000,1.224652,0.001252,0.596388,1.001224,-0.000281,-0.002706,0.402706,0.402706,-0.396617,-0.396617,0.366791,0.366817,-0.432510,-0.432117,0.305703,0.155856
2.434000,1.431000,0.000183,0.593700,1.000000,0.000128,0.000000,0.000128,0.000000,1.236663,0.001258,0.596444,1.000938,0.000261,-0.000001,0.402666,0.402666,-0.396576,-0.396576,0.366759,0.366714,-0.432438,-0.432127,0.305587,0.155836
2.446000,1.443000,0.000185,0.593700,1.000000,0.000128,0.000000,0.000128,0.000000,1.248667,0.001264,0.596571,0.999031,0.000712,0.008184,0.402626,0.402626,-0.396537,-0.396537,0.366690,0.366644,-0.432354,-0.432127,0.305473,0.155787
2.458000,1.455000,0.000187,0.593700,1.000000,0.000128,0.000000,0.000128,0.000000,1.260664,0.001289,0.596474,0.998898,0.003903,0.007021,0.402589,0.402589,-0.396499,-0.396499,0.366688,0.366575,-0.432228,-0.432077,0.305587,0.155785
2.470000,1.467000,0.000188,0.593700,1.000000,0.000128,0.000000,0.000128,0.000000,1.272650,0.001290,0.596588,0.999086,0.000510,0.009889,0.402552,0.402552,-0.396463,-0.396463,0.366810,0.366601,-0.432119,-0.432024,0.305534,0.155749
2.482000,1.479000,0.000190,0.593700,1.000000,0.000129,0.000000,0.000128,0.000000,1.284668,0.001268,0.596574,1.001889,-0.001685,-0.007556,0.402517,0.402517,-0.396428,-0.396428,0.366885,0.366664,-0.432067,-0.431924,0.305592,0.155837
2.494000,1.491000,0.000191,0.593700,1.000000,0.000128,0.000000,0.000128,0.000000,1.296680,0.001292,0.596679,1.000062,0.000760,0.003454,0.402483,0.402483,-0.396394,-0.396394,0.366951,0.366697,-0.431968,-0.431831,0.305575,0.155730
2.506000,1.503000,0.000193,0.593700,1.000000,0.000128,0.000000,0.000128,0.000000,1.308688,0.001299,0.596712,1.000614,0.000476,0.006844,0.402450,0.402450,-0.396361,-0.396361,0.367107,0.366787,-0.431855,-0.431764,0.305693,0.155714
2.518000,1.515000,0.000194,0.593700,1.000000,0.000128,0.000000,0.000128,0.000000,1.320705,0.001298,0.596795,1.000220,0.000131,0.012300,0.402419,0.402419,-0.396329,-0.396329,0.367253,0.366976,-0.431764,-0.431730,0.305802,0.155706
2.530000,1.527000,0.000196,0.593700,1.000000,0.000128,0.000000,0.000128,0.000000,1.332730,0.001298,0.596781,1.001859,0.000001,0.002460,0.402388,0.402388,-0.396299,-0.396299,0.367355,0.367166,-0.431644,-0.431676,0.305943,0.155721
2.542000,1.539000,0.000197,0.593700,1.000000,0.000128,0.000000,0.000128,0.000000,1.344760,0.001298,0.596697,1.002435,-0.000079,-0.007539,0.402358,0.402358,-0.396269,-0.396269,0.367499,0.367315,-0.431548,-0.431646,0.306014,0.155736
2.554000,1.551000,0.000199,0.593700,1.000000,0.000128,0.000000,0.000128,0.000000,1.356781,0.001298,0.596848,1.001230,0.000139,0.001369,0.402330,0.402330,-0.396241,-0.396241,0.367648,0.367415,-0.431402,-0.431560,0.306039,0.155685
2.566000,1.563000,0.000200,0.593700,1.000000,0.000128,0.000000,0.000128,0.000000,1.368802,0.001295,0.596927,1.001078,-0.000470,-0.004103,0.402303,0.402303,-0.396213,-0.396213,0.367750,0.367454,-0.431207,-0.431427,0.306126,0.155653
2.576000,1.573000,0.000202,0.593700,1.000000,0.000128,0.000000,0.000128,0.000000,1.378822,0.001294,0.596892,1.001612,-0.000070,0.008781,0.402280,0.402280,-0.396191,-0.396191,0.367758,0.367528,-0.431090,-0.431360,0.306156,0.155678
2.588000,1.585000,0.000203,0.593700,1.000000,0.000128,0.000000,0.000128,0.000000,1.390840,0.001292,0.596892,1.001556,-0.000108,-0.001622,0.402255,0.402255,-0.396165,-0.396165,0.367864,0.367624,-0.430878,-0.431203,0.306230,0.155675
2.600000,1.597000,0.000205,0.593700,1.000000,0.000128,0.000000,0.000128,0.000000,1.402860,0.001290,0.596908,1.002069,-0.000244,-0.006493,0.402230,0.402230,-0.396141,-0.396141,0.367956,0.367674,-0.430676,-0.431055,0.306284,0.155669
2.612000,1.609000,0.000206,0.593700,1.000000,0.000128,0.000000,0.000128,0.000000,1.414876,0.001286,0.597027,1.000933,-0.000436,-0.000042,0.402206,0.402206,-0.396117,-0.396117,0.368005,0.367680,-0.430519,-0.430880,0.306258,0.155651
2.624000,1.621000,0.000208,0.593700,1.000000,0.000128,0.000000,0.000128,0.000000,1.426886,0.001285,0.597095,0.999969,-0.000469,0.003091,0.402183,0.402183,-0.396093,-0.396093,0.367979,0.367727,-0.430377,-0.430690,0.306281,0.155607
2.636000,1.633000,0.000209,0.593700,1.000000,0.000128,0.000000,0.000128,0.000000,1.438893,0.001284,0.597128,0.999987,-0.000086,0.015642,0.402161,0.402161,-0.396071,-0.396071,0.367882,0.367755,-0.430214,-0.430542,0.306261,0.155605
2.648000,1.645000,0.000211,0.593700,1.000000,0.000128,0.000000,0.000128,0.000000,1.450899,0.001282,0.597073,1.000623,-0.000108,0.005850,0.402139,0.402139,-0.396050,-0.396050,0.367870,0.367761,-0.430088,-0.430447,0.306290,0.155618
2.660000,1.657000,0.000212,0.593700,1.000000,0.000128,0.000000,0.000128,0.000000,1.462898,0.001280,0.597092,1.000094,-0.000088,-0.004345,0.402118,0.402118,-0.396029,-0.396029,0.367863,0.367804,-0.430003,-0.430285,0.306293,0.155636
2.672000,1.669000,0.000214,0.593700,1.000000,0.000128,0.000000,0.000128,0.000000,1.474892,0.001280,0.597116,0.999719,0.000097,-0.008482,0.402098,0.402098,-0.396009,-0.396009,0.367803,0.367854,-0.429882,-0.430132,0.306310,0.155627
2.684000,1.681000,0.000215,0.593700,1.000000,0.000128,0.000000,0.000128,0.000000,1.486881,0.001276,0.597185,0.998763,-0.000576,-0.000682,0.402079,0.402079,-0.395989,-0.395989,0.367729,0.367863,-0.429771,-0.430029,0.306240,0.155581
2.696000,1.693000,0.000217,0.593700,1.000000,0.000128,0.000000,0.000128,0.000000,1.498866,0.001277,0.597234,0.998152,-0.000311,0.012847,0.402060,0.402060,-0.395971,-0.395971,0.367674,0.367817,-0.429704,-0.429965,0.306238,0.155564
2.708000,1.705000,0.000219,0.593700,1.000000,0.000128,0.000000,0.000128,0.000000,1.510846,0.001277,0.597195,0.998374,0.000031,0.008673,0.402042,0.402042,-0.395953,-0.395953,0.367582,0.367830,-0.429715,-0.429861,0.306236,0.155594
2.720000,1.717000,0.000220,0.593700,1.000000,0.000128,0.000000,0.000128,0.000000,1.522819,0.001276,0.597170,0.998399,0.000013,-0.002660,0.402025,0.402025,-0.395935,-0.395935,0.367568,0.367844,-0.429656,-0.429774,0.306264,0.155597
2.732000,1.729000,0.000222,0.593700,1.000000,0.000128,0.000000,0.000128,0.000000,1.534785,0.001270,0.597201,0.997883,-0.003631,-0.004917,0.402008,0.402008,-0.395919,-0.395919,0.367554,0.367864,-0.429593,-0.429708,0.306229,0.155612
2.744000,1.741000,0.000223,0.593700,1.000000,0.000128,0.000000,0.000128,0.000000,1.546752,0.001265,0.597289,0.996944,-0.003664,-0.000271,0.401992,0.401992,-0.395902,-0.395902,0.367530,0.367900,-0.429574,-0.429623,0.306197,0.155578
2.756000,1.753000,0.000225,0.593700,1.000000,0.000128,0.000000,0.000128,0.000000,1.558715,0.001302,0.597326,0.996306,0.003880,0.007683,0.401976,0.401976,-0.395887,-0.395887,0.367533,0.367907,-0.429580,-0.429539,0.306253,0.155501
2.768000,1.765000,0.000226,0.593700,1.000000,0.000128,0.000000,0.000128,0.000000,1.570674,0.001274,0.597313,0.996821,-0.001007,0.010109,0.401961,0.401961,-0.395872,-0.395872,0.367505,0.367983,-0.429561,-0.429491,0.306285,0.155570
2.780000,1.777000,0.000228,0.593700,1.000000,0.000128,0.000000,0.000128,0.000000,1.582635,0.001276,0.597244,0.997906,-0.000751,0.003416,0.401947,0.401947,-0.395857,-0.395857,0.367426,0.368049,-0.429589,-0.429513,0.306322,0.155601
2.792000,1.789000,0.000229,0.593700,1.000000,0.000128,0.000000,0.000128,0.000000,1.594590,0.001273,0.597252,0.997342,-0.000691,-0.005927,0.401932,0.401932,-0.395843,-0.395843,0.367393,0.368077,-0.429665,-0.429473,0.306315,0.155607
2.804000,1.801000,0.000231,0.593700,1.000000,0.000128,0.000000,0.000128,0.000000,1.606535,0.001291,0.597324,0.995817,0.000495,-0.002282,0.401919,0.401919,-0.395830,-0.395830,0.367359,0.368056,-0.429691,-0.429434,0.306274,0.155551
2.816000,1.813000,0.000232,0.593700,1.000000,0.000128,0.000000,0.000128,0.000000,1.618484,0.001288,0.597418,0.995060,0.000988,0.007184,0.401906,0.401906,-0.395816,-0.395816,0.367300,0.368071,-0.429729,-0.429407,0.306221,0.155529
2.826000,1.823000,0.000234,0.593700,1.000000,0.000128,0.000000,0.000128,0.000000,1.628446,0.001268,0.597495,0.996477,-0.000945,0.011972,0.401895,0.401895,-0.395806,-0.395806,0.367290,0.368077,-0.429811,-0.429380,0.306097,0.155535
2.838000,1.835000,0.000235,0.593700,1.000000,0.000128,0.000000,0.000128,0.000000,1.640407,0.001267,0.597440,0.998067,-0.000153,-0.000375,0.401883,0.401883,-0.395794,-0.395794,0.367188,0.367977,-0.429844,-0.429377,0.306050,0.155559
2.850000,1.847000,0.000237,0.593700,1.000000,0.000128,0.000000,0.000128,0.000000,1.652362,0.001266,0.597402,0.997691,0.000021,-0.005615,0.401871,0.401871,-0.395782,-0.395782,0.366987,0.367819,-0.429885,-0.429410,0.305912,0.155582
2.862000,1.859000,0.000238,0.593700,1.000000,0.000128,0.000000,0.000128,0.000000,1.664305,0.001269,0.597467,0.995279,0.000272,-0.007343,0.401860,0.401860,-0.395770,-0.395770,0.366780,0.367633,-0.429888,-0.429420,0.305738,0.155560
2.874000,1.871000,0.000240,0.593700,1.000000,0.000128,0.000000,0.000128,0.000000,1.676243,0.001270,0.597493,0.994625,0.000051,-0.000151,0.401849,0.401849,-0.395759,-0.395759,0.366570,0.367386,-0.429867,-0.429410,0.305539,0.155546
2.886000,1.883000,0.000241,0.593700,1.000000,0.000128,0.000000,0.000128,0.000000,1.688181,0.001273,0.597507,0.994733,0.000315,0.012087,0.401838,0.401838,-0.395749,-0.395749,0.366318,0.367198,-0.429894,-0.429447,0.305322,0.155551
2.898000,1.895000,0.000243,0.593700,1.000000,0.000128,0.000000,0.000128,0.000000,1.700120,0.001274,0.597462,0.995706,0.000217,0.004142,0.401828,0.401828,-0.395738,-0.395738,0.366143,0.367003,-0.429968,-0.429408,0.305200,0.155576
2.910000,1.907000,0.000244,0.593700,1.000000,0.000128,0.000000,0.000128,0.000000,1.712055,0.001277,0.597601,0.995071,0.000166,0.000490,0.401818,0.401818,-0.395729,-0.395729,0.366053,0.366849,-0.429954,-0.429361,0.305055,0.155541
2.922000,1.919000,0.000246,0.593700,1.000000,0.000128,0.000000,0.000128,0.000000,1.724030,0.001284,0.597658,0.999345,0.001111,-0.000359,0.401808,0.401808,-0.395719,-0.395719,0.365981,0.366694,-0.430018,-0.429434,0.304926,0.155514
2.934000,1.931000,0.000248,0.593700,1.000000,0.000128,0.000000,0.000128,0.000000,1.735987,0.001294,0.597596,0.997453,0.000759,0.000951,0.401799,0.401799,-0.395710,-0.395710,0.365914,0.366470,-0.430219,-0.429708,0.304825,0.155539
2.946000,1.943000,0.000249,0.593700,1.000000,0.000128,0.000000,0.000128,0.000000,1.747921,0.001296,0.597619,0.994408,0.000209,0.001409,0.401790,0.401790,-0.395701,-0.395701,0.365862,0.366336,-0.430423,-0.429953,0.304764,0.155543
2.958000,1.955000,0.000251,0.593700,1.000000,0.000128,0.000000,0.000128,0.000000,1.759854,0.001298,0.597628,0.994166,0.000201,0.004508,0.401782,0.401782,-0.395692,-0.395692,0.365805,0.366287,-0.430599,-0.430169,0.304689,0.155556
2.970000,1.967000,0.000252,0.593700,1.000000,0.000128,0.000000,0.000128,0.000000,1.771790,0.001298,0.597621,0.995083,0.000027,-0.000608,0.401773,0.401773,-0.395684,-0.395684,0.365814,0.366260,-0.430801,-0.430291,0.304658,0.155568
2.982000,1.979000,0.000254,0.593700,1.000000,0.000128,0.000000,0.000128,0.000000,1.783732,0.001300,0.597630,0.995863,0.000253,-0.003708,0.401765,0.401765,-0.395676,-0.395676,0.365822,0.366202,-0.430913,-0.430411,0.304616,0.155570
2.994000,1.991000,0.000255,0.593700,1.000000,0.000128,0.000000,0.000128,0.000000,1.795680,0.001300,0.597681,0.995846,-0.000047,-0.000023,0.401758,0.401758,-0.395668,-0.395668,0.365806,0.366099,-0.431033,-0.430492,0.304529,0.155564
3.006000,2.003000,0.000257,0.593700,1.000000,0.000128,0.000000,0.000128,0.000000,1.807628,0.001301,0.597746,0.995322,0.000138,0.004953,0.401750,0.401750,-0.395661,-0.395661,0.365760,0.366073,-0.431134,-0.430558,0.304467,0.155549
3.018000,2.015000,0.000258,0.593700,1.000000,0.000128,0.000000,0.000128,0.000000,1.819586,0.001303,0.597753,0.996390,0.000074,0.005557,0.401743,0.401743,-0.395654,-0.395654,0.365779,0.366040,-0.431199,-0.430654,0.304438,0.155553
3.030000,2.027000,0.000260,0.593700,1.000000,0.000128,0.000000,0.000128,0.000000,1.831553,0.001304,0.597752,0.997509,0.000122,0.002903,0.401736,0.401736,-0.395647,-0.395647,0.365766,0.366031,-0.431310,-0.430809,0.304385,0.155570
3.042000,2.039000,0.000261,0.593700,1.000000,0.000128,0.000000,0.000128,0.000000,1.843518,0.001307,0.597802,0.997318,0.000293,-0.002616,0.401729,0.401729,-0.395640,-0.395640,0.365792,0.366040,-0.431330,-0.430881,0.304344,0.155554
3.054000,2.051000,0.000263,0.593700,1.000000,0.000128,0.000000,0.000128,0.000000,1.855494,0.001306,0.597814,0.998489,-0.000123,-0.001585,0.401723,0.401723,-0.395634,-0.395634,0.365823,0.365995,-0.431358,-0.430957,0.304313,0.155555
3.066000,2.063000,0.000264,0.593700,1.000000,0.000128,0.000000,0.000128,0.000000,1.867470,0.001309,0.597902,0.997287,0.000170,0.006875,0.401717,0.401717,-0.395627,-0.395627,0.365810,0.365893,-0.431376,-0.431028,0.304249,0.155529
3.078000,2.075000,0.000266,0.593700,1.000000,0.000128,0.000000,0.000128,0.000000,1.879450,0.001310,0.597919,0.997837,0.000099,0.008251,0.401711,0.401711,-0.395621,-0.395621,0.365751,0.365858,-0.431342,-0.431053,0.304185,0.155543
3.088000,2.085000,0.000267,0.593700,1.000000,0.000128,0.000000,0.000128,0.000000,1.889441,0.001311,0.597890,0.999210,0.000077,-0.002160,0.401706,0.401706,-0.395617,-0.395617,0.365764,0.365836,-0.431330,-0.431088,0.304161,0.155552
3.100000,2.097000,0.000269,0.593700,1.000000,0.000128,0.000000,0.000128,0.000000,1.901433,0.001311,0.597944,0.999434,-0.000010,-0.000930,0.401700,0.401700,-0.395611,-0.395611,0.365771,0.365777,-0.431322,-0.431050,0.304092,0.155555
3.112000,2.109000,0.000270,0.593700,1.000000,0.000128,0.000000,0.000128,0.000000,1.913439,0.001294,0.598001,0.999534,0.000168,0.002396,0.401695,0.401695,-0.395605,-0.395605,0.365736,0.365741,-0.431300,-0.431039,0.304011,0.155557
3.124000,2.121000,0.000272,0.593700,1.000000,0.000128,0.000000,0.000128,0.000000,1.925442,0.001297,0.598006,0.999796,0.000364,0.002044,0.401690,0.401690,-0.395600,-0.395600,0.365740,0.365676,-0.431251,-0.431056,0.303986,0.155550
3.136000,2.133000,0.000273,0.593700,1.000000,0.000128,0.000000,0.000128,0.000000,1.937446,0.001304,0.598014,1.000267,0.000273,0.007147,0.401685,0.401685,-0.395595,-0.395595,0.365734,0.365590,-0.431238,-0.431112,0.303930,0.155541
3.148000,2.145000,0.000275,0.593700,1.000000,0.000129,0.000000,0.000128,0.000000,1.949450,0.001299,0.598018,1.000536,-0.000363,0.001067,0.401680,0.401680,-0.395590,-0.395590,0.365689,0.365539,-0.431277,-0.431089,0.303867,0.155576
3.160000,2.157000,0.000276,0.593700,1.000000,0.000128,0.000000,0.000128,0.000000,1.961455,0.001312,0.598008,1.000170,0.000962,-0.010917,0.401675,0.401675,-0.395586,-0.395586,0.365669,0.365500,-0.431232,-0.431071,0.303826,0.155554
3.172000,2.169000,0.000278,0.593700,1.000000,0.000128,0.000000,0.000128,0.000000,1.973442,0.001334,0.598019,0.998464,0.001615,0.004456,0.401670,0.401670,-0.395581,-0.395581,0.365698,0.365441,-0.431172,-0.430999,0.303905,0.155519
3.184000,2.181000,0.000280,0.593700,1.000000,0.000128,0.000000,0.000128,0.000000,1.985437,0.001342,0.598187,0.998671,0.002830,0.008083,0.401666,0.401666,-0.395577,-0.395577,0.365814,0.365575,-0.431100,-0.430905,0.303851,0.155454
3.196000,2.193000,0.000281,0.593700,1.000000,0.000128,0.000000,0.000128,0.000000,1.997458,0.001345,0.598081,1.001113,0.002979,0.000152,0.401662,0.401662,-0.395572,-0.395572,0.365946,0.365692,-0.431016,-0.430883,0.304056,0.155495
3.208000,2.205000,0.000283,0.593700,1.000000,0.000128,0.000000,0.000128,0.000000,2.009467,0.001342,0.598066,1.000704,0.000217,-0.002238,0.401658,0.401658,-0.395568,-0.395568,0.366129,0.365802,-0.430964,-0.430897,0.304178,0.155504
3.220000,2.217000,0.000284,0.593700,1.000000,0.000128,0.000000,0.000128,0.000000,2.021483,0.001342,0.598143,1.000996,-0.000115,0.003775,0.401654,0.401654,-0.395564,-0.395564,0.366322,0.365923,-0.430964,-0.430844,0.304246,0.155495
3.232000,2.229000,0.000286,0.593700,1.000000,0.000128,0.000000,0.000128,0.000000,2.033502,0.001346,0.598208,1.001196,0.000376,0.006502,0.401650,0.401650,-0.395560,-0.395560,0.366475,0.366119,-0.430918,-0.430803,0.304364,0.155457
3.244000,2.241000,0.000287,0.593700,1.000000,0.000128,0.000000,0.000128,0.000000,2.045525,0.001345,0.598118,1.001903,0.000016,-0.007330,0.401646,0.401646,-0.395557,-0.395557,0.366692,0.366311,-0.430872,-0.430803,0.304585,0.155487
3.256000,2.253000,0.000289,0.593700,1.000000,0.000128,0.000000,0.000128,0.000000,2.057555,0.001342,0.598118,1.001450,-0.000140,0.008575,0.401643,0.401643,-0.395553,-0.395553,0.366882,0.366455,-0.430878,-0.430858,0.304674,0.155483
3.268000,2.265000,0.000290,0.593700,1.000000,0.000128,0.000000,0.000128,0.000000,2.069567,0.001342,0.598232,1.001044,-0.000077,0.002197,0.401639,0.401639,-0.395550,-0.395550,0.367054,0.366572,-0.430687,-0.430722,0.304827,0.155455
3.280000,2.277000,0.000292,0.593700,1.000000,0.000128,0.000000,0.000128,0.000000,2.081594,0.001341,0.598151,1.002492,0.000053,-0.006295,0.401636,0.401636,-0.395547,-0.395547,0.367149,0.366656,-0.430557,-0.430651,0.304854,0.155490
3.292000,2.289000,0.000293,0.593700,1.000000,0.000128,0.000000,0.000128,0.000000,2.093610,0.001336,0.598262,1.000338,-0.000620,0.001041,0.401633,0.401633,-0.395543,-0.395543,0.367224,0.366765,-0.430424,-0.430510,0.304860,0.155448
3.304000,2.301000,0.000295,0.593700,1.000000,0.000128,0.000000,0.000128,0.000000,2.105625,0.001339,0.598318,1.000116,0.000033,0.008040,0.401630,0.401630,-0.395540,-0.395540,0.367323,0.366844,-0.430257,-0.430306,0.304982,0.155416
3.316000,2.313000,0.000296,0.593700,1.000000,0.000128,0.000000,0.000128,0.000000,2.117641,0.001335,0.598297,1.000966,-0.000133,0.012927,0.401627,0.401627,-0.395537,-0.395537,0.367392,0.366877,-0.430055,-0.430127,0.305056,0.155427
3.328000,2.325000,0.000298,0.593700,1.000000,0.000128,0.000000,0.000128,0.000000,2.129660,0.001333,0.598245,1.001603,-0.000098,0.002690,0.401624,0.401624,-0.395534,-0.395534,0.367410,0.366949,-0.429882,-0.429997,0.305114,0.155455
3.340000,2.337000,0.000300,0.593700,1.000000,0.000128,0.000000,0.000128,0.000000,2.141674,0.001330,0.598210,1.001794,-0.000155,-0.002439,0.401621,0.401621,-0.395532,-0.395532,0.367366,0.367017,-0.429756,-0.429915,0.305149,0.155469
3.350000,2.347000,0.000301,0.593700,1.000000,0.000128,0.000000,0.000128,0.000000,2.151676,0.001327,0.598347,0.999262,-0.000610,-0.000202,0.401619,0.401619,-0.395529,-0.395529,0.367349,0.367046,-0.429609,-0.429805,0.305089,0.155408
3.362000,2.359000,0.000302,0.593700,1.000000,0.000128,0.000000,0.000128,0.000000,2.163675,0.001329,0.598356,0.999260,0.000066,0.006197,0.401616,0.401616,-0.395527,-0.395527,0.367355,0.367053,-0.429447,-0.429684,0.305146,0.155397
3.374000,2.371000,0.000304,0.593700,1.000000,0.000128,0.000000,0.000128,0.000000,2.175672,0.001325,0.598327,0.999407,-0.000086,0.008730,0.401614,0.401614,-0.395524,-0.395524,0.367332,0.367133,-0.429330,-0.429602,0.305191,0.155423
3.386000,2.383000,0.000305,0.593700,1.000000,0.000128,0.000000,0.000128,0.000000,2.187670,0.001324,0.598245,1.000210,-0.000042,0.002297,0.401611,0.401611,-0.395522,-0.395522,0.367256,0.367201,-0.429284,-0.429589,0.305239,0.155451
3.398000,2.395000,0.000307,0.593700,1.000000,0.000128,0.000000,0.000128,0.000000,2.199655,0.001322,0.598257,0.998974,-0.000153,-0.009652,0.401609,0.401609,-0.395520,-0.395520,0.367236,0.367242,-0.429170,-0.429504,0.305266,0.155442
3.410000,2.407000,0.000309,0.593700,1.000000,0.000128,0.000000,0.000128,0.000000,2.211638,0.001320,0.598292,0.998740,-0.000318,-0.004328,0.401607,0.401607,-0.395517,-0.395517,0.367211,0.367233,-0.429071,-0.429428,0.305237,0.155434
3.422000,2.419000,0.000310,0.593700,1.000000,0.000128,0.000000,0.000128,0.000000,2.223614,0.001323,0.598355,0.997475,0.000354,0.005792,0.401605,0.401605,-0.395515,-0.395515,0.367158,0.367270,-0.429029,-0.429365,0.305227,0.155411
3.434000,2.431000,0.000312,0.593700,1.000000,0.000128,0.000000,0.000128,0.000000,2.235587,0.001318,0.598320,0.997569,-0.000431,0.006255,0.401602,0.401602,-0.395513,-0.395513,0.367158,0.367293,-0.429046,-0.429268,0.305293,0.155421
3.446000,2.443000,0.000313,0.593700,1.000000,0.000128,0.000000,0.000128,0.000000,2.247557,0.001319,0.598293,0.997686,0.000080,0.003772,0.401600,0.401600,-0.395511,-0.395511,0.367137,0.367363,-0.429122,-0.429188,0.305318,0.155444
3.458000,2.455000,0.000315,0.593700,1.000000,0.000128,0.000000,0.000128,0.000000,2.259521,0.001323,0.598237,0.998081,-0.000127,-0.004283,0.401599,0.401599,-0.395509,-0.395509,0.367078,0.367445,-0.429125,-0.429144,0.305377,0.155466
3.470000,2.467000,0.000316,0.593700,1.000000,0.000128,0.000000,0.000128,0.000000,2.271480,0.001346,0.598245,0.997224,0.001806,-0.006954,0.401597,0.401597,-0.395507,-0.395507,0.367037,0.367488,-0.429150,-0.429155,0.305344,0.155410
3.482000,2.479000,0.000318,0.593700,1.000000,0.000129,0.000000,0.000128,0.000000,2.283429,0.001343,0.598321,0.995368,0.000321,-0.002648,0.401595,0.401595,-0.395505,-0.395505,0.367005,0.367471,-0.429139,-0.429139,0.305357,0.155380
3.494000,2.491000,0.000319,0.593700,1.000000,0.000128,0.000000,0.000128,0.000000,2.295383,0.001337,0.598327,0.995821,0.000518,0.003062,0.401593,0.401593,-0.395504,-0.395504,0.366930,0.367509,-0.429132,-0.429130,0.305372,0.155397
3.506000,2.503000,0.000321,0.593700,1.000000,0.000128,0.000000,0.000128,0.000000,2.307336,0.001339,0.598302,0.996489,-0.000003,0.006933,0.401591,0.401591,-0.395502,-0.395502,0.366923,0.367537,-0.429172,-0.429168,0.305390,0.155412
3.518000,2.515000,0.000322,0.593700,1.000000,0.000128,0.000000,0.000128,0.000000,2.319293,0.001315,0.598275,0.997147,-0.001050,-0.001162,0.401590,0.401590,-0.395500,-0.395500,0.366901,0.367575,-0.429288,-0.429148,0.305378,0.155485
3.530000,2.527000,0.000324,0.593700,1.000000,0.000128,0.000000,0.000128,0.000000,2.331238,0.001331,0.598359,0.995904,0.000660,0.001197,0.401588,0.401588,-0.395499,-0.395499,0.366916,0.367638,-0.429337,-0.429143,0.305321,0.155408
3.542000,2.539000,0.000325,0.593700,1.000000,0.000128,0.000000,0.000128,0.000000,2.343193,0.001303,0.598414,0.996992,-0.003901,-0.008590,0.401587,0.401587,-0.395497,-0.395497,0.366925,0.367660,-0.429405,-0.429126,0.305282,0.155459
3.554000,2.551000,0.000327,0.593700,1.000000,0.000128,0.000000,0.000128,0.000000,2.355158,0.001304,0.598428,0.996687,-0.000644,-0.001234,0.401585,0.401585,-0.395496,-0.395496,0.366795,0.367509,-0.429482,-0.429120,0.305191,0.155435
3.566000,2.563000,0.000329,0.593700,1.000000,0.000128,0.000000,0.000128,0.000000,2.367108,0.001303,0.598400,0.995818,-0.000139,0.010966,0.401584,0.401584,-0.395494,-0.395494,0.366572,0.367240,-0.429529,-0.429148,0.305001,0.155446
3.578000,2.575000,0.000330,0.593700,1.000000,0.000128,0.000000,0.000128,0.000000,2.379052,0.001305,0.598323,0.995936,0.000073,0.003368,0.401582,0.401582,-0.395493,-0.395493,0.366391,0.367018,-0.429598,-0.429218,0.304856,0.155472
3.590000,2.587000,0.000332,0.593700,1.000000,0.000128,0.000000,0.000128,0.000000,2.390988,0.001306,0.598308,0.995502,0.000131,-0.006017,0.401581,0.401581,-0.395492,-0.395492,0.366197,0.366848,-0.429582,-0.429212,0.304731,0.155493
3.600000,2.597000,0.000333,0.593700,1.000000,0.000128,0.000000,0.000128,0.000000,2.400932,0.001307,0.598357,0.994549,-0.000073,-0.004590,0.401580,0.401580,-0.395491,-0.395491,0.366072,0.366726,-0.429568,-0.429203,0.304572,0.155470
3.612000,2.609000,0.000334,0.593700,1.000000,0.000128,0.000000,0.000128,0.000000,2.412869,0.001310,0.598420,0.994559,0.000044,0.011979,0.401579,0.401579,-0.395489,-0.395489,0.365926,0.366544,-0.429594,-0.429220,0.304422,0.155454
3.624000,2.621000,0.000336,0.593700,1.000000,0.000128,0.000000,0.000128,0.000000,2.424884,0.001309,0.598461,0.999283,-0.000064,-0.005231,0.401578,0.401578,-0.395488,-0.395488,0.365759,0.366398,-0.429719,-0.429225,0.304349,0.155464
3.636000,2.633000,0.000337,0.593700,1.000000,0.000128,0.000000,0.000128,0.000000,2.436823,0.001310,0.598418,0.995857,0.000125,0.001349,0.401576,0.401576,-0.395487,-0.395487,0.365646,0.366255,-0.430001,-0.429466,0.304236,0.155474
3.648000,2.645000,0.000339,0.593700,1.000000,0.000128,0.000000,0.000128,0.000000,2.448746,0.001314,0.598392,0.994244,0.000394,-0.002652,0.401575,0.401575,-0.395486,-0.395486,0.365547,0.366156,-0.430210,-0.429671,0.304146,0.155497
3.660000,2.657000,0.000341,0.593700,1.000000,0.000128,0.000000,0.000128,0.000000,2.460667,0.001316,0.598411,0.993802,0.000132,-0.001964,0.401574,0.401574,-0.395485,-0.395485,0.365474,0.366091,-0.430425,-0.429798,0.304048,0.155493
3.672000,2.669000,0.000342,0.593700,1.000000,0.000128,0.000000,0.000128,0.000000,2.472593,0.001323,0.598417,0.994107,0.000392,0.000179,0.401573,0.401573,-0.395484,-0.395484,0.365443,0.366003,-0.430594,-0.429926,0.304009,0.155484
3.684000,2.681000,0.000344,0.593700,1.000000,0.000128,0.000000,0.000128,0.000000,2.484581,0.001323,0.598489,1.000064,-0.000153,0.013256,0.401572,0.401572,-0.395483,-0.395483,0.365345,0.365962,-0.430729,-0.430084,0.303890,0.155483
3.696000,2.693000,0.000345,0.593700,1.000000,0.000128,0.000000,0.000128,0.000000,2.496590,0.001348,0.598454,1.000640,0.001395,-0.007237,0.401571,0.401571,-0.395482,-0.395482,0.365305,0.365887,-0.430902,-0.430248,0.303861,0.155459
3.708000,2.705000,0.000347,0.593700,1.000000,0.000128,0.000000,0.000128,0.000000,2.508528,0.001357,0.598393,0.996003,0.000578,-0.003027,0.401570,0.401570,-0.395481,-0.395481,0.365228,0.365796,-0.431083,-0.430450,0.303813,0.155495
3.720000,2.717000,0.000348,0.593700,1.000000,0.000128,0.000000,0.000128,0.000000,2.520452,0.001358,0.598456,0.993682,-0.000007,0.001323,0.401569,0.401569,-0.395480,-0.395480,0.365233,0.365714,-0.431228,-0.430532,0.303683,0.155489
3.732000,2.729000,0.000350,0.593700,1.000000,0.000128,0.000000,0.000128,0.000000,2.532379,0.001360,0.598479,0.994122,0.000093,0.000710,0.401569,0.401569,-0.395479,-0.395479,0.365296,0.365686,-0.431294,-0.430579,0.303696,0.155485
3.744000,2.741000,0.000351,0.593700,1.000000,0.000128,0.000000,0.000128,0.000000,2.544320,0.001358,0.598505,0.995023,-0.000188,0.005812,0.401568,0.401568,-0.395478,-0.395478,0.365343,0.365649,-0.431341,-0.430640,0.303690,0.155484
3.756000,2.753000,0.000353,0.593700,1.000000,0.000128,0.000000,0.000128,0.000000,2.556275,0.001359,0.598508,0.996420,0.000069,0.003973,0.401567,0.401567,-0.395478,-0.395478,0.365351,0.365666,-0.431424,-0.430649,0.303673,0.155507
3.768000,2.765000,0.000354,0.593700,1.000000,0.000128,0.000000,0.000128,0.000000,2.568240,0.001360,0.598503,0.997752,0.000037,-0.003184,0.401566,0.401566,-0.395477,-0.395477,0.365404,0.365673,-0.431437,-0.430690,0.303669,0.155504
3.780000,2.777000,0.000356,0.593700,1.000000,0.000128,0.000000,0.000128,0.000000,2.580214,0.001360,0.598529,0.998396,-0.000092,-0.000314,0.401565,0.401565,-0.395476,-0.395476,0.365455,0.365646,-0.431464,-0.430762,0.303619,0.155505
3.792000,2.789000,0.000357,0.593700,1.000000,0.000128,0.000000,0.000128,0.000000,2.592188,0.001363,0.598611,0.997389,0.000209,0.002188,0.401565,0.401565,-0.395475,-0.395475,0.365477,0.365663,-0.431436,-0.430789,0.303601,0.155480
3.804000,2.801000,0.000359,0.593700,1.000000,0.000128,0.000000,0.000128,0.000000,2.604173,0.001363,0.598603,0.998622,0.000082,0.000960,0.401564,0.401564,-0.395475,-0.395475,0.365528,0.365647,-0.431374,-0.430788,0.303630,0.155486
3.816000,2.813000,0.000361,0.593700,1.000000,0.000128,0.000000,0.000128,0.000000,2.616174,0.001368,0.598599,0.999833,0.002539,0.005964,0.401563,0.401563,-0.395474,-0.395474,0.365541,0.365590,-0.431370,-0.430847,0.303590,0.155480
3.828000,2.825000,0.000362,0.593700,1.000000,0.000128,0.000000,0.000128,0.000000,2.628179,0.001338,0.598595,1.000494,-0.000941,0.000260,0.401563,0.401563,-0.395473,-0.395473,0.365525,0.365545,-0.431413,-0.430837,0.303533,0.155554
3.840000,2.837000,0.000364,0.593700,1.000000,0.000128,0.000000,0.000128,0.000000,2.640181,0.001348,0.598626,0.999982,0.000681,-0.004624,0.401562,0.401562,-0.395473,-0.395473,0.365531,0.365504,-0.431369,-0.430841,0.303466,0.155517
3.850000,2.847000,0.000365,0.593700,1.000000,0.000128,0.000000,0.000128,0.000000,2.650183,0.001352,0.598647,0.999927,0.000437,-0.000026,0.401562,0.401562,-0.395472,-0.395472,0.365546,0.365431,-0.431323,-0.430853,0.303436,0.155503
3.862000,2.859000,0.000366,0.593700,1.000000,0.000128,0.000000,0.000128,0.000000,2.662187,0.001353,0.598706,0.999207,0.000361,0.008905,0.401561,0.401561,-0.395472,-0.395472,0.365508,0.365428,-0.431293,-0.430893,0.303384,0.155492
3.874000,2.871000,0.000368,0.593700,1.000000,0.000128,0.000000,0.000128,0.000000,2.674196,0.001355,0.598600,1.000476,0.000206,-0.004722,0.401560,0.401560,-0.395471,-0.395471,0.365436,0.365455,-0.431225,-0.430885,0.303474,0.155531
3.886000,2.883000,0.000370,0.593700,1.000000,0.000128,0.000000,0.000128,0.000000,2.686182,0.001373,0.598641,0.998815,0.000814,0.004827,0.401560,0.401560,-0.395470,-0.395470,0.365491,0.365549,-0.431165,-0.430873,0.303486,0.155479
3.898000,2.895000,0.000371,0.593700,1.000000,0.000128,0.000000,0.000128,0.000000,2.698186,0.001356,0.598700,1.000553,-0.002709,-0.003324,0.401559,0.401559,-0.395470,-0.395470,0.365625,0.365657,-0.431126,-0.430802,0.303523,0.155521
3.910000,2.907000,0.000373,0.593700,1.000000,0.000128,0.000000,0.000128,0.000000,2.710205,0.001385,0.598664,1.000457,0.003982,0.001832,0.401559,0.401559,-0.395469,-0.395469,0.365657,0.365732,-0.431077,-0.430749,0.303665,0.155472
3.922000,2.919000,0.000374,0.593700,1.000000,0.000128,0.000000,0.000128,0.000000,2.722207,0.001386,0.598656,1.000075,0.000619,-0.001163,0.401558,0.401558,-0.395469,-0.395469,0.365867,0.365880,-0.430989,-0.430707,0.303833,0.155477
3.934000,2.931000,0.000376,0.593700,1.000000,0.000128,0.000000,0.000128,0.000000,2.734227,0.001389,0.598671,1.001114,0.000260,0.002118,0.401558,0.401558,-0.395468,-0.395468,0.366100,0.366024,-0.430957,-0.430732,0.303970,0.155472
3.946000,2.943000,0.000377,0.593700,1.000000,0.000128,0.000000,0.000128,0.000000,2.746249,0.001392,0.598717,1.001417,0.000278,-0.002760,0.401557,0.401557,-0.395468,-0.395468,0.366304,0.366161,-0.430861,-0.430699,0.304053,0.155472
3.958000,2.955000,0.000379,0.593700,1.000000,0.000128,0.000000,0.000128,0.000000,2.758279,0.001390,0.598619,1.002591,-0.000163,-0.006458,0.401557,0.401557,-0.395468,-0.395468,0.366447,0.366324,-0.430794,-0.430686,0.304189,0.155497
3.970000,2.967000,0.000380,0.593700,1.000000,0.000128,0.000000,0.000128,0.000000,2.770302,0.001394,0.598739,1.000871,0.000315,0.011492,0.401556,0.401556,-0.395467,-0.395467,0.366527,0.366464,-0.430705,-0.430655,0.304219,0.155439
3.982000,2.979000,0.000382,0.593700,1.000000,0.000128,0.000000,0.000128,0.000000,2.782318,0.001392,0.598789,1.000695,-0.000004,0.000553,0.401556,0.401556,-0.395467,-0.395467,0.366675,0.366581,-0.430556,-0.430566,0.304405,0.155426
3.994000,2.991000,0.000383,0.593700,1.000000,0.000128,0.000000,0.000128,0.000000,2.794343,0.001391,0.598707,1.001469,0.000020,0.002659,0.401556,0.401556,-0.395466,-0.395466,0.366785,0.366722,-0.430451,-0.430521,0.304466,0.155463
4.004000,2.997000,0.000384,0.593700,-1.000000,-0.000128,0.000000,0.000128,0.000000,2.804360,0.001390,0.598684,1.001468,0.000117,-0.005984,0.401558,0.401558,-0.395469,-0.395469,0.366863,0.366855,-0.430307,-0.430426,0.304538,0.155476
4.016000,2.985000,0.000383,0.593700,-1.000000,-0.000128,0.000000,0.000128,0.000000,2.816348,0.001387,0.598788,0.996414,-0.000505,0.001380,0.401604,0.401604,-0.395515,-0.395515,0.366887,0.366920,-0.430201,-0.430315,0.304549,0.155434
4.028000,2.973000,0.000381,0.593700,-1.000000,-0.000128,0.000000,0.000128,0.000000,2.828225,0.001391,0.598853,0.985160,0.000153,0.009651,0.401710,0.401710,-0.395620,-0.395620,0.366788,0.366775,-0.430342,-0.430413,0.304506,0.155397
4.040000,2.961000,0.000380,0.593700,-1.000000,-0.000128,0.000000,0.000128,0.000000,2.839909,0.001388,0.598849,0.967677,0.000007,0.014079,0.401874,0.401874,-0.395785,-0.395785,0.366465,0.366388,-0.430733,-0.430814,0.304271,0.155404
4.052000,2.949000,0.000378,0.593700,-1.000000,-0.000128,0.000000,0.000128,0.000000,2.851322,0.001388,0.598856,0.943421,0.000008,0.002777,0.402094,0.402094,-0.396004,-0.396004,0.365951,0.365911,-0.431273,-0.431376,0.303916,0.155412
4.064000,2.937000,0.000376,0.593700,-1.000000,-0.000128,0.000000,0.000128,0.000000,2.862413,0.001388,0.598991,0.913535,0.000150,-0.002185,0.402369,0.402369,-0.396280,-0.396280,0.365407,0.365416,-0.431924,-0.432008,0.303460,0.155388
4.076000,2.925000,0.000375,0.593700,-1.000000,-0.000128,0.000000,0.000128,0.000000,2.873154,0.001389,0.599158,0.881769,0.000215,0.020755,0.402706,0.402706,-0.396616,-0.396616,0.364897,0.364917,-0.432659,-0.432695,0.302978,0.155312
4.088000,2.913000,0.000373,0.593700,-1.000000,-0.000128,0.000000,0.000128,0.000000,2.883528,0.001388,0.599101,0.851946,0.000083,0.005175,0.403105,0.403105,-0.397015,-0.397015,0.364494,0.364629,-0.433385,-0.433410,0.302764,0.155340
4.100000,2.901000,0.000372,0.593700,-1.000000,-0.000128,0.000000,0.000128,0.000000,2.893515,0.001389,0.599192,0.819313,0.000124,-0.003015,0.403566,0.403566,-0.397476,-0.397476,0.364184,0.364431,-0.434069,-0.434054,0.302606,0.155328
4.110000,2.891000,0.000371,0.593700,-1.000000,-0.000128,0.000000,0.000128,0.000000,2.901539,0.001391,0.599270,0.790264,0.000226,0.013059,0.403995,0.403995,-0.397906,-0.397906,0.363995,0.364235,-0.434668,-0.434592,0.302393,0.155285
4.122000,2.879000,0.000369,0.593700,-1.000000,-0.000128,0.000000,0.000128,0.000000,2.910795,0.001393,0.599294,0.757649,0.000247,-0.002069,0.404566,0.404566,-0.398477,-0.398477,0.364004,0.364330,-0.435275,-0.435165,0.302480,0.155286
4.134000,2.867000,0.000367,0.593700,-1.000000,-0.000128,0.000000,0.000128,0.000000,2.919643,0.001396,0.599454,0.721866,0.000209,0.013042,0.405200,0.405200,-0.399111,-0.399111,0.364197,0.364541,-0.435863,-0.435729,0.302596,0.155234
4.146000,2.855000,0.000366,0.593700,-1.000000,-0.000128,0.000000,0.000128,0.000000,2.928087,0.001401,0.599423,0.689292,0.000387,0.002386,0.405896,0.405896,-0.399807,-0.399807,0.364400,0.364804,-0.436359,-0.436200,0.302882,0.155240
4.158000,2.843000,0.000364,0.593700,-1.000000,-0.000128,0.000000,0.000128,0.000000,2.935800,0.001407,0.599560,0.627269,0.000658,0.008025,0.406655,0.406655,-0.400566,-0.400566,0.364890,0.365434,-0.436782,-0.436647,0.303336,0.155201
4.170000,2.831000,0.000363,0.593700,-1.000000,-0.000128,0.000000,0.000128,0.000000,2.943374,0.001410,0.599526,0.612706,0.000363,0.004549,0.407476,0.407476,-0.401387,-0.401387,0.365785,0.366299,-0.437079,-0.437089,0.304074,0.155204
4.182000,2.819000,0.000361,0.593700,-1.000000,-0.000128,0.000000,0.000128,0.000000,2.950601,0.001415,0.599632,0.587434,0.000475,0.008055,0.408362,0.408362,-0.402272,-0.402272,0.366715,0.367291,-0.437466,-0.437516,0.304926,0.155175
4.194000,2.807000,0.000360,0.593700,-1.000000,-0.000128,0.000000,0.000128,0.000000,2.957433,0.001422,0.599644,0.553745,0.000589,0.005876,0.409310,0.409310,-0.403221,-0.403221,0.367667,0.368150,-0.437940,-0.437963,0.305670,0.155163
4.206000,2.795000,0.000358,0.593700,-1.000000,-0.000128,0.000000,0.000128,0.000000,2.963828,0.001428,0.599701,0.518382,0.000590,0.007232,0.410320,0.410320,-0.404230,-0.404230,0.368643,0.369210,-0.438403,-0.438371,0.306595,0.155149
4.218000,2.783000,0.000357,0.593700,-1.000000,-0.000128,0.000000,0.000128,0.000000,2.969788,0.001436,0.599788,0.480786,0.000702,0.002123,0.411389,0.411389,-0.405300,-0.405300,0.369805,0.370267,-0.438733,-0.438633,0.307509,0.155119
4.230000,2.771000,0.000355,0.593700,-1.000000,-0.000128,0.000000,0.000128,0.000000,2.975312,0.001443,0.599767,0.445751,0.000731,0.001654,0.412525,0.412525,-0.406436,-0.406436,0.371034,0.371695,-0.439175,-0.438996,0.308676,0.155129
4.242000,2.759000,0.000354,0.593700,-1.000000,-0.000128,0.000000,0.000128,0.000000,2.980391,0.001451,0.599860,0.407019,0.000750,0.007071,0.413722,0.413722,-0.407632,-0.407632,0.372410,0.373089,-0.439548,-0.439297,0.309822,0.155094
4.254000,2.747000,0.000352,0.593700,-1.000000,-0.000128,0.000000,0.000128,0.000000,2.985030,0.001460,0.599876,0.371965,0.000777,-0.003139,0.414980,0.414980,-0.408891,-0.408891,0.374121,0.374809,-0.439807,-0.439538,0.311315,0.155089
4.266000,2.735000,0.000351,0.593700,-1.000000,-0.000128,0.000000,0.000128,0.000000,2.989237,0.001470,0.599876,0.336040,0.000796,0.001895,0.416306,0.416306,-0.410216,-0.410216,0.375800,0.376497,-0.440252,-0.439949,0.312756,0.155079
4.278000,2.723000,0.000349,0.593700,-1.000000,-0.000128,0.000000,0.000128,0.000000,2.992988,0.001479,0.599906,0.296192,0.000810,0.000925,0.417692,0.417692,-0.411603,-0.411603,0.377807,0.378407,-0.440686,-0.440327,0.314387,0.155069
4.290000,2.711000,0.000348,0.593700,-1.000000,-0.000128,0.000000,0.000128,0.000000,2.996294,0.001490,0.599936,0.260438,0.000940,0.002175,0.419143,0.419143,-0.413054,-0.413054,0.379786,0.380627,-0.441014,-0.440597,0.316214,0.155058
4.302000,2.699000,0.000346,0.593700,-1.000000,-0.000128,0.000000,0.000128,0.000000,2.999165,0.001501,0.599967,0.224467,0.000938,-0.000505,0.420661,0.420661,-0.414572,-0.414572,0.381852,0.382734,-0.441246,-0.440804,0.318001,0.155040
4.314000,2.687000,0.000344,0.593700,-1.000000,-0.000128,0.000000,0.000128,0.000000,3.001209,0.001511,0.599950,0.154233,0.000795,-0.002763,0.422248,0.422248,-0.416159,-0.416159,0.384309,0.385124,-0.441589,-0.441212,0.320066,0.155042
4.326000,2.675000,0.000343,0.593700,-1.000000,-0.000128,0.000000,0.000128,0.000000,3.003145,0.001523,0.599872,0.142590,0.000887,-0.004639,0.423904,0.423904,-0.417814,-0.417814,0.386993,0.387910,-0.442030,-0.441594,0.322442,0.155053
4.338000,2.663000,0.000341,0.593700,-1.000000,-0.000128,0.000000,0.000128,0.000000,3.004708,0.001533,0.599851,0.114961,0.000871,-0.002029,0.425628,0.425628,-0.419539,-0.419539,0.389559,0.390519,-0.442749,-0.442231,0.324666,0.155046
4.350000,2.651000,0.000340,0.593700,-1.000000,-0.000128,0.000000,0.000128,0.000000,3.005827,0.001544,0.599825,0.076721,0.000848,-0.002317,0.427421,0.427421,-0.421332,-0.421332,0.392270,0.393095,-0.443523,-0.442921,0.326914,0.155048
4.362000,2.639000,0.000338,0.593700,-1.000000,-0.000128,0.000000,0.000128,0.000000,3.006474,0.001554,0.599793,0.037202,0.000906,-0.002873,0.429282,0.429282,-0.423193,-0.423193,0.395177,0.395924,-0.444304,-0.443620,0.329360,0.155052
4.374000,2.627000,0.000337,0.593700,-1.000000,-0.000128,0.000000,0.000128,0.000000,3.006649,0.001564,0.599772,-0.001815,0.000850,-0.002120,0.431211,0.431211,-0.425121,-0.425121,0.398259,0.398965,-0.445106,-0.444338,0.331969,0.155044
4.384000,2.617000,0.000335,0.593700,-1.000000,-0.000128,0.000000,0.000128,0.000000,3.006435,0.001572,0.599758,-0.034198,0.000839,-0.002916,0.432872,0.432872,-0.426783,-0.426783,0.400912,0.401631,-0.445785,-0.444966,0.334232,0.155040
4.396000,2.605000,0.000334,0.593700,-1.000000,-0.000128,0.000000,0.000128,0.000000,3.005747,0.001582,0.599717,-0.073722,0.000825,-0.004581,0.434932,0.434932,-0.428842,-0.428842,0.404109,0.404930,-0.446496,-0.445712,0.337001,0.155042
4.408000,2.593000,0.000332,0.593700,-1.000000,-0.000128,0.000000,0.000128,0.000000,3.004194,0.001592,0.599639,-0.147199,0.000675,-0.008554,0.437064,0.437064,-0.430975,-0.430975,0.407422,0.408350,-0.446991,-0.446301,0.339904,0.155060
4.420000,2.581000,0.000331,0.593700,-1.000000,-0.000128,0.000000,0.000128,0.000000,3.002521,0.001601,0.599502,-0.159983,0.000709,-0.010630,0.439270,0.439270,-0.433181,-0.433181,0.410995,0.412029,-0.447331,-0.446635,0.343022,0.155097
4.432000,2.569000,0.000329,0.593700,-1.000000,-0.000128,0.000000,0.000128,0.000000,3.000463,0.001610,0.599360,-0.187238,0.000762,-0.009393,0.441549,0.441549,-0.435460,-0.435460,0.414462,0.415568,-0.447910,-0.447181,0.346098,0.155127
4.444000,2.557000,0.000328,0.593700,-1.000000,-0.000128,0.000000,0.000128,0.000000,2.997945,0.001619,0.599272,-0.225021,0.000768,-0.006498,0.443900,0.443900,-0.437811,-0.437811,0.417897,0.419010,-0.448695,-0.447925,0.349084,0.155140
4.456000,2.545000,0.000326,0.593700,-1.000000,-0.000128,0.000000,0.000128,0.000000,2.994934,0.001627,0.599228,-0.266700,0.000658,-0.005942,0.446324,0.446324,-0.440235,-0.440235,0.421388,0.422479,-0.449656,-0.448866,0.352100,0.155142
4.468000,2.533000,0.000325,0.593700,-1.000000,-0.000128,0.000000,0.000128,0.000000,2.991418,0.001636,0.599086,-0.310567,0.000673,-0.010688,0.448823,0.448823,-0.442734,-0.442734,0.424982,0.426042,-0.450477,-0.449714,0.355209,0.155176
4.480000,2.521000,0.000323,0.593700,-1.000000,-0.000128,0.000000,0.000128,0.000000,2.987399,0.001644,0.598970,-0.351367,0.000656,-0.008749,0.451398,0.451398,-0.445309,-0.445309,0.428707,0.429732,-0.451350,-0.450585,0.358406,0.155199
4.492000,2.509000,0.000322,0.593700,-1.000000,-0.000128,0.000000,0.000128,0.000000,2.982876,0.001652,0.598934,-0.392673,0.000629,-0.004625,0.454049,0.454049,-0.447960,-0.447960,0.432561,0.433553,-0.452448,-0.451661,0.361716,0.155199
4.504000,2.497000,0.000320,0.593700,-1.000000,-0.000128,0.000000,0.000128,0.000000,2.977843,0.001659,0.598733,-0.437164,0.000571,-0.013339,0.456778,0.456778,-0.450688,-0.450688,0.436531,0.437497,-0.453467,-0.452665,0.365164,0.155251
4.516000,2.485000,0.000319,0.593700,-1.000000,-0.000128,0.000000,0.000128,0.000000,2.972295,0.001666,0.598635,-0.478884,0.000588,-0.008293,0.459585,0.459585,-0.453495,-0.453495,0.440630,0.441592,-0.454619,-0.453794,0.368684,0.155268
4.528000,2.473000,0.000317,0.593700,-1.000000,-0.000128,0.000000,0.000128,0.000000,2.966227,0.001673,0.598442,-0.523809,0.000546,-0.016321,0.462470,0.462470,-0.456381,-0.456381,0.444843,0.445921,-0.455774,-0.455000,0.372419,0.155312
4.540000,2.461000,0.000315,0.593700,-1.000000,-0.000128,0.000000,0.000128,0.000000,2.959636,0.001679,0.598308,-0.566524,0.000554,-0.009131,0.465435,0.465435,-0.459345,-0.459345,0.449282,0.450469,-0.457058,-0.456292,0.376316,0.155335
4.552000,2.449000,0.000314,0.593700,-1.000000,-0.000128,0.000000,0.000128,0.000000,2.952519,0.001685,0.598083,-0.611582,0.000512,-0.018959,0.468479,0.468479,-0.462390,-0.462390,0.453969,0.455185,-0.458369,-0.457671,0.380461,0.155400
4.564000,2.437000,0.000312,0.593700,-1.000000,-0.000128,0.000000,0.000128,0.000000,2.944869,0.001690,0.597995,-0.654662,0.000186,-0.009777,0.471604,0.471604,-0.465514,-0.465514,0.458845,0.460018,-0.459836,-0.459192,0.382727,0.155411
4.576000,2.425000,0.000311,0.593700,-1.000000,-0.000128,0.000000,0.000128,0.000000,2.936689,0.001696,0.597758,-0.699135,0.000418,-0.012750,0.474810,0.474810,-0.468720,-0.468720,0.463804,0.464909,-0.461271,-0.460663,0.384091,0.155478
4.588000,2.413000,0.000309,0.593700,-1.000000,-0.000128,0.000000,0.000128,0.000000,2.927968,0.001701,0.597583,-0.744027,0.000282,-0.019913,0.478097,0.478097,-0.472008,-0.472008,0.468804,0.469742,-0.462793,-0.462252,0.385446,0.155530
4.600000,2.401000,0.000308,0.593700,-1.000000,-0.000128,0.000000,0.000128,0.000000,2.918708,0.001704,0.597460,-0.788863,0.000142,-0.018201,0.481381,0.481381,-0.475292,-0.475292,0.473657,0.474575,-0.464448,-0.463900,0.386762,0.155535
4.612000,2.389000,0.000306,0.593700,-1.000000,-0.000128,0.000000,0.000128,0.000000,2.908688,0.001707,0.597215,-0.850180,0.000289,-0.014585,0.484418,0.484418,-0.478329,-0.478329,0.478642,0.479701,-0.465900,-0.465469,0.388193,0.155607
4.624000,2.377000,0.000305,0.593700,-1.000000,-0.000128,0.000000,0.000128,0.000000,2.898402,0.001705,0.596894,-0.872397,-0.000098,-0.023342,0.487168,0.487168,-0.481078,-0.481078,0.483830,0.485089,-0.467042,-0.466903,0.389508,0.155703
4.634000,2.367000,0.000303,0.593700,-1.000000,-0.000128,0.000000,0.000128,0.000000,2.889576,0.001704,0.596614,-0.894085,-0.000150,-0.035457,0.489239,0.489239,-0.483149,-0.483149,0.488006,0.489338,-0.467941,-0.467897,0.390511,0.155770
4.646000,2.355000,0.000302,0.593700,-1.000000,-0.000128,0.000000,0.000128,0.000000,2.878679,0.001701,0.596326,-0.920146,-0.000254,-0.029783,0.491460,0.491460,-0.485371,-0.485371,0.493059,0.494473,-0.468833,-0.468841,0.391368,0.155840
4.658000,2.343000,0.000300,0.593700,-1.000000,-0.000128,0.000000,0.000128,0.000000,2.867500,0.001698,0.595975,-0.938522,-0.000340,-0.020389,0.493393,0.493393,-0.487304,-0.487304,0.498013,0.499252,-0.469374,-0.469407,0.392118,0.155943
4.670000,2.331000,0.000299,0.593700,-1.000000,-0.000128,0.000000,0.000128,0.000000,2.856081,0.001694,0.595514,-0.958945,-0.000355,-0.028440,0.495039,0.495039,-0.488949,-0.488949,0.502573,0.503850,-0.469532,-0.469572,0.392653,0.156068
4.682000,2.319000,0.000297,0.593700,-1.000000,-0.000128,0.000000,0.000128,0.000000,2.844457,0.001689,0.595138,-0.973206,-0.000419,-0.029333,0.496396,0.496396,-0.490307,-0.490307,0.506983,0.508089,-0.469356,-0.469509,0.392868,0.156188
4.694000,2.307000,0.000296,0.593700,-1.000000,-0.000128,0.000000,0.000128,0.000000,2.832682,0.001684,0.594786,-0.985655,-0.000489,-0.036940,0.497465,0.497465,-0.491376,-0.491376,0.510864,0.511973,-0.468955,-0.469140,0.392846,0.156272
4.706000,2.295000,0.000294,0.593700,-1.000000,-0.000128,0.000000,0.000128,0.000000,2.820796,0.001678,0.594573,-0.990849,-0.000548,-0.018032,0.498247,0.498247,-0.492157,-0.492157,0.514502,0.515451,-0.468359,-0.468555,0.392429,0.156334
4.718000,2.283000,0.000293,0.593700,-1.000000,-0.000128,0.000000,0.000128,0.000000,2.808833,0.001670,0.594262,-0.998093,-0.000933,-0.028250,0.498740,0.498740,-0.492651,-0.492651,0.517641,0.518625,-0.467427,-0.467698,0.391890,0.156414
4.730000,2.271000,0.000291,0.593700,-1.000000,-0.000128,0.000000,0.000128,0.000000,2.796821,0.001666,0.593841,-0.999844,-0.000426,-0.024783,0.498945,0.498945,-0.492856,-0.492856,0.520395,0.521303,-0.466074,-0.466417,0.391262,0.156549
4.742000,2.259000,0.000290,0.593700,-1.000000,-0.000128,0.000000,0.000128,0.000000,2.784785,0.001659,0.593642,-1.001566,-0.000564,-0.016374,0.498863,0.498863,-0.492773,-0.492773,0.522871,0.523648,-0.464828,-0.465191,0.390282,0.156605
4.754000,2.247000,0.000288,0.593700,-1.000000,-0.000128,0.000000,0.000128,0.000000,2.772729,0.001653,0.593418,-1.004308,-0.000594,-0.029416,0.498492,0.498492,-0.492403,-0.492403,0.524804,0.525487,-0.463409,-0.463770,0.389285,0.156665
4.766000,2.235000,0.000287,0.593700,-1.000000,-0.000128,0.000000,0.000128,0.000000,2.760653,0.001647,0.593189,-1.003807,-0.000463,-0.017461,0.497833,0.497833,-0.491744,-0.491744,0.526327,0.526899,-0.461748,-0.462094,0.388064,0.156735
4.778000,2.223000,0.000285,0.593700,-1.000000,-0.000128,0.000000,0.000128,0.000000,2.748575,0.001637,0.592923,-1.004192,-0.000775,-0.010931,0.496887,0.496887,-0.490797,-0.490797,0.527526,0.527928,-0.459854,-0.460172,0.386696,0.156824
4.790000,2.211000,0.000283,0.593700,-1.000000,-0.000128,0.000000,0.000128,0.000000,2.736496,0.001631,0.592665,-1.005165,-0.000654,-0.017959,0.495652,0.495652,-0.489562,-0.489562,0.528302,0.528645,-0.457887,-0.458172,0.385232,0.156898
4.802000,2.199000,0.000282,0.593700,-1.000000,-0.000128,0.000000,0.000128,0.000000,2.724419,0.001624,0.592536,-1.003948,-0.000637,-0.015629,0.494129,0.494129,-0.488040,-0.488040,0.528655,0.528920,-0.455800,-0.456048,0.383554,0.156933
4.814000,2.187000,0.000280,0.593700,-0.999999,-0.000128,0.000000,0.000128,0.000000,2.712361,0.001610,0.592390,-1.003532,-0.001345,-0.016476,0.492319,0.492319,-0.486229,-0.486229,0.528614,0.528726,-0.453555,-0.453766,0.381867,0.156997
4.826000,2.175000,0.000279,0.593700,-0.999999,-0.000128,0.000000,0.000128,0.000000,2.700301,0.001601,0.592261,-1.003788,-0.000874,-0.009209,0.490220,0.490220,-0.484130,-0.484130,0.528224,0.528141,-0.451229,-0.451407,0.380030,0.157058
4.838000,2.163000,0.000277,0.593700,-0.999999,-0.000128,0.000000,0.000128,0.000000,2.688229,0.001597,0.592130,-1.003940,-0.000748,-0.008820,0.487867,0.487867,-0.481778,-0.481778,0.527411,0.527248,-0.448726,-0.448867,0.377983,0.157087
4.850000,2.151000,0.000276,0.593700,-0.999999,-0.000128,0.000000,0.000128,0.000000,2.676153,0.001588,0.592013,-1.004247,-0.001154,0.001396,0.485432,0.485432,-0.479343,-0.479343,0.526325,0.526059,-0.446008,-0.446109,0.375761,0.157128
4.862000,2.139000,0.000274,0.593700,-0.999999,-0.000128,0.000000,0.000128,0.000000,2.664082,0.001583,0.591887,-1.004200,-0.000815,-0.008332,0.483018,0.483018,-0.476929,-0.476929,0.524983,0.524687,-0.443306,-0.443375,0.373528,0.157163
4.874000,2.127000,0.000273,0.593700,-0.999999,-0.000128,0.000000,0.000128,0.000000,2.652022,0.001576,0.591814,-1.003344,-0.000665,-0.007994,0.480647,0.480647,-0.474558,-0.474558,0.523423,0.523101,-0.440595,-0.440635,0.371286,0.157185
4.884000,2.117000,0.000271,0.593700,-0.999999,-0.000128,0.000000,0.000128,0.000000,2.641974,0.001573,0.591685,-1.004601,0.000148,-0.012321,0.478706,0.478706,-0.472616,-0.472616,0.522043,0.521747,-0.438355,-0.438371,0.369485,0.157216
4.896000,2.105000,0.000270,0.593700,-0.999999,-0.000128,0.000000,0.000128,0.000000,2.629921,0.001560,0.591658,-1.003034,-0.000074,-0.009728,0.476417,0.476417,-0.470328,-0.470328,0.520388,0.519999,-0.435747,-0.435733,0.367203,0.157252
4.908000,2.093000,0.000268,0.593700,-0.999999,-0.000128,0.000000,0.000128,0.000000,2.617879,0.001550,0.591602,-1.003066,-0.000122,-0.007341,0.474172,0.474172,-0.468083,-0.468083,0.518656,0.518224,-0.433180,-0.433138,0.365063,0.157260
4.920000,2.081000,0.000267,0.593700,-0.999999,-0.000128,0.000000,0.000128,0.000000,2.605842,0.001537,0.591552,-1.003059,-0.001309,-0.010930,0.471970,0.471970,-0.465881,-0.465881,0.516909,0.516374,-0.430709,-0.430641,0.363011,0.157306
4.932000,2.069000,0.000265,0.593700,-0.999999,-0.000128,0.000000,0.000128,0.000000,2.593810,0.001531,0.591576,-1.001067,-0.000766,0.002045,0.469810,0.469810,-0.463721,-0.463721,0.515113,0.514513,-0.428282,-0.428189,0.360844,0.157303
4.944000,2.057000,0.000264,0.593700,-0.999999,-0.000128,0.000000,0.000128,0.000000,2.581789,0.001529,0.591509,-1.001227,-0.000751,0.002468,0.467692,0.467692,-0.461603,-0.461603,0.513285,0.512675,-0.425862,-0.425741,0.358819,0.157316
4.956000,2.045000,0.000262,0.593700,-1.000000,-0.000128,0.000000,0.000128,0.000000,2.569751,0.001537,0.591483,-1.001898,0.000090,-0.000078,0.465614,0.465614,-0.459525,-0.459525,0.511504,0.510842,-0.423505,-0.423354,0.356791,0.157319
4.968000,2.033000,0.000261,0.593700,-1.000000,-0.000128,0.000000,0.000128,0.000000,2.557735,0.001529,0.591531,-0.999729,-0.000310,0.008795,0.463576,0.463576,-0.457487,-0.457487,0.509743,0.508981,-0.421241,-0.421060,0.354731,0.157314
4.980000,2.021000,0.000259,0.593700,-1.000000,-0.000128,0.000000,0.000128,0.000000,2.545730,0.001524,0.591526,-1.001167,-0.000382,-0.002816,0.461577,0.461577,-0.455488,-0.455488,0.507878,0.507235,-0.419075,-0.418868,0.352910,0.157301
4.992000,2.009000,0.000258,0.593700,-1.000000,-0.000128,0.000000,0.000128,0.000000,2.533721,0.001514,0.591495,-0.999792,-0.000698,0.006692,0.459617,0.459617,-0.453527,-0.453527,0.506243,0.505492,-0.417001,-0.416772,0.351061,0.157329
5.004000,1.997000,0.000256,0.593700,-1.000000,-0.000128,0.000000,0.000128,0.000000,2.521723,0.001507,0.591605,-0.999448,-0.000548,0.004244,0.457694,0.457694,-0.451605,-0.451605,0.504391,0.503709,-0.414948,-0.414700,0.349293,0.157305
5.016000,1.985000,0.000254,0.593700,-1.000000,-0.000128,0.000000,0.000128,0.000000,2.509718,0.001498,0.591581,-1.001224,-0.000572,0.001878,0.455809,0.455809,-0.449719,-0.449719,0.502654,0.502053,-0.412951,-0.412688,0.347584,0.157314
5.028000,1.973000,0.000253,0.593700,-1.000000,-0.000128,0.000000,0.000128,0.000000,2.497709,0.001489,0.591602,-1.000502,-0.000720,0.004959,0.453963,0.453963,-0.447873,-0.447873,0.501026,0.500450,-0.411009,-0.410739,0.345860,0.157313
5.040000,1.961000,0.000251,0.593700,-1.000000,-0.000128,0.000000,0.000128,0.000000,2.485701,0.001481,0.591634,-1.000026,-0.000707,0.006338,0.452160,0.452160,-0.446070,-0.446070,0.499380,0.498880,-0.409075,-0.408801,0.344164,0.157306
5.052000,1.949000,0.000250,0.593700,-1.000000,-0.000128,0.000000,0.000128,0.000000,2.473655,0.001475,0.591689,-1.004053,-0.000695,0.018034,0.450404,0.450404,-0.444315,-0.444315,0.497787,0.497375,-0.407093,-0.406815,0.342391,0.157289
5.064000,1.937000,0.000248,0.593700,-1.000000,-0.000128,0.000000,0.000128,0.000000,2.461648,0.001447,0.591677,-1.001837,-0.001591,-0.001844,0.448699,0.448699,-0.442610,-0.442610,0.496184,0.495845,-0.405034,-0.404903,0.340770,0.157332
5.076000,1.925000,0.000247,0.593700,-1.000000,-0.000128,0.000000,0.000128,0.000000,2.449650,0.001437,0.591756,-0.999443,-0.000777,0.002689,0.447049,0.447049,-0.440960,-0.440960,0.494610,0.494242,-0.403119,-0.403065,0.339038,0.157322
5.088000,1.913000,0.000245,0.593700,-1.000000,-0.000128,0.000000,0.000128,0.000000,2.437655,0.001431,0.591804,-1.000130,-0.000566,0.002749,0.445455,0.445455,-0.439366,-0.439366,0.493017,0.492669,-0.401276,-0.401257,0.337448,0.157299
5.100000,1.901000,0.000244,0.593700,-1.000000,-0.000128,0.000000,0.000128,0.000000,2.425653,0.001428,0.591901,-1.000527,-0.000441,0.000906,0.443918,0.443918,-0.437829,-0.437829,0.491402,0.491076,-0.399588,-0.399589,0.335961,0.157268
5.112000,1.889000,0.000242,0.593700,-1.000000,-0.000128,0.000000,0.000128,0.000000,2.413639,0.001424,0.591933,-1.001691,-0.000403,-0.001071,0.442436,0.442436,-0.436347,-0.436347,0.489822,0.489541,-0.397945,-0.397965,0.334498,0.157253
5.124000,1.877000,0.000241,0.593700,-1.000000,-0.000128,0.000000,0.000128,0.000000,2.401620,0.001421,0.592038,-1.000921,-0.000203,0.009246,0.441006,0.441006,-0.434917,-0.434917,0.488266,0.488014,-0.396279,-0.396315,0.333019,0.157231
5.134000,1.867000,0.000239,0.593700,-1.000000,-0.000128,0.000000,0.000128,0.000000,2.391601,0.001416,0.592054,-1.002110,-0.000249,0.002272,0.439853,0.439853,-0.433764,-0.433764,0.487018,0.486785,-0.394980,-0.395031,0.331894,0.157232
5.146000,1.855000,0.000238,0.593700,-0.999999,-0.000128,0.000000,0.000128,0.000000,2.379556,0.001411,0.592108,-1.003355,-0.000607,0.003286,0.438514,0.438514,-0.432424,-0.432424,0.485587,0.485369,-0.393396,-0.393477,0.330460,0.157213
5.158000,1.843000,0.000236,0.593700,-1.000000,-0.000128,0.000000,0.000128,0.000000,2.367541,0.001406,0.592092,-1.000039,-0.000408,0.009068,0.437222,0.437222,-0.431132,-0.431132,0.484121,0.483949,-0.391773,-0.391907,0.329226,0.157221
5.170000,1.831000,0.000235,0.593700,-0.999999,-0.000128,0.000000,0.000128,0.000000,2.355514,0.001407,0.592160,-1.002364,-0.000267,0.001507,0.435974,0.435974,-0.429885,-0.429885,0.482759,0.482645,-0.390474,-0.390651,0.328030,0.157193
5.182000,1.819000,0.000233,0.593700,-1.000000,-0.000128,0.000000,0.000128,0.000000,2.343453,0.001399,0.592290,-1.005232,-0.000200,0.000720,0.434771,0.434771,-0.428681,-0.428681,0.481413,0.481335,-0.389297,-0.389515,0.326918,0.157150
5.194000,1.807000,0.000232,0.593700,-1.000000,-0.000128,0.000000,0.000128,0.000000,2.331419,0.001375,0.592401,-1.001691,-0.001021,0.010111,0.433609,0.433609,-0.427520,-0.427520,0.480069,0.480019,-0.388077,-0.388332,0.325879,0.157150
5.206000,1.795000,0.000230,0.593700,-1.000000,-0.000128,0.000000,0.000128,0.000000,2.319375,0.001382,0.592402,-1.003980,0.000444,0.000944,0.432488,0.432488,-0.426399,-0.426399,0.478812,0.478793,-0.386893,-0.387187,0.324891,0.157131
5.218000,1.783000,0.000229,0.593700,-0.999999,-0.000128,0.000000,0.000128,0.000000,2.307336,0.001378,0.592502,-1.004037,0.000089,-0.002854,0.431407,0.431407,-0.425317,-0.425317,0.477599,0.477580,-0.385779,-0.386117,0.323920,0.157104
5.230000,1.771000,0.000227,0.593700,-0.999999,-0.000128,0.000000,0.000128,0.000000,2.295306,0.001375,0.592650,-1.002054,-0.000430,0.006133,0.430363,0.430363,-0.424273,-0.424273,0.476397,0.476356,-0.384706,-0.385093,0.322913,0.157066
5.242000,1.759000,0.000226,0.593700,-1.000000,-0.000128,0.000000,0.000128,0.000000,2.283274,0.001375,0.592672,-1.001732,-0.000346,0.010253,0.429355,0.429355,-0.423266,-0.423266,0.475227,0.475204,-0.383603,-0.384042,0.322012,0.157057
5.254000,1.747000,0.000224,0.593700,-0.999999,-0.000128,0.000000,0.000128,0.000000,2.271232,0.001372,0.592691,-1.003073,-0.000450,0.007318,0.428383,0.428383,-0.422294,-0.422294,0.474177,0.474108,-0.382500,-0.382991,0.321124,0.157063
5.266000,1.735000,0.000222,0.593700,-0.999999,-0.000128,0.000000,0.000128,0.000000,2.259196,0.001369,0.592760,-1.003144,-0.000660,0.004444,0.427445,0.427445,-0.421356,-0.421356,0.473157,0.473054,-0.381454,-0.381999,0.320228,0.157045
5.278000,1.723000,0.000221,0.593700,-1.000000,-0.000128,0.000000,0.000128,0.000000,2.247166,0.001367,0.592870,-1.002280,-0.000427,0.004959,0.426540,0.426540,-0.420450,-0.420450,0.472140,0.472038,-0.380453,-0.381053,0.319313,0.157002
5.290000,1.711000,0.000219,0.593700,-1.000000,-0.000128,0.000000,0.000128,0.000000,2.235144,0.001361,0.592932,-1.001338,-0.000038,0.009264,0.425666,0.425666,-0.419577,-0.419577,0.471116,0.471007,-0.379443,-0.380097,0.318506,0.156987
5.302000,1.699000,0.000218,0.593700,-1.000000,-0.000128,0.000000,0.000128,0.000000,2.223111,0.001362,0.592873,-1.003274,0.000502,-0.005402,0.424823,0.424823,-0.418733,-0.418733,0.470149,0.470025,-0.378440,-0.379148,0.317746,0.156994
5.314000,1.687000,0.000216,0.593700,-0.999999,-0.000129,0.000000,0.000128,0.000000,2.211069,0.001354,0.592911,-1.003767,-0.000092,-0.004495,0.424009,0.424009,-0.417920,-0.417920,0.469209,0.469025,-0.377491,-0.378250,0.316903,0.156994
5.326000,1.675000,0.000215,0.593700,-1.000000,-0.000128,0.000000,0.000128,0.000000,2.199036,0.001343,0.593088,-1.001896,-0.000924,0.006960,0.423224,0.423224,-0.417134,-0.417134,0.468232,0.467997,-0.376597,-0.377407,0.316019,0.156962
5.338000,1.663000,0.000213,0.593700,-1.000000,-0.000128,0.000000,0.000128,0.000000,2.187013,0.001345,0.593174,-1.000473,-0.000683,0.012007,0.422466,0.422466,-0.416376,-0.416376,0.467183,0.466963,-0.375693,-0.376547,0.315297,0.156944
5.350000,1.651000,0.000212,0.593700,-1.000000,-0.000128,0.000000,0.000128,0.000000,2.174988,0.001335,0.593213,-1.001347,-0.000904,0.012263,0.421735,0.421735,-0.415645,-0.415645,0.466201,0.465940,-0.374827,-0.375725,0.314597,0.156951
5.362000,1.639000,0.000210,0.593700,-1.000000,-0.000128,0.000000,0.000128,0.000000,2.162968,0.001332,0.593260,-1.002640,0.000085,0.001031,0.421029,0.421029,-0.414939,-0.414939,0.465243,0.464987,-0.374060,-0.374999,0.313953,0.156938
5.374000,1.627000,0.000209,0.593700,-1.000000,-0.000128,0.000000,0.000128,0.000000,2.150955,0.001310,0.593377,-1.001660,-0.000651,0.002173,0.420348,0.420348,-0.414258,-0.414258,0.464304,0.464038,-0.373383,-0.374359,0.313308,0.156927
5.386000,1.615000,0.000207,0.593700,-1.000000,-0.000128,0.000000,0.000128,0.000000,2.138932,0.001306,0.593419,-1.001411,-0.000378,0.005513,0.419690,0.419690,-0.413601,-0.413601,0.463401,0.463117,-0.372666,-0.373672,0.312755,0.156923
5.398000,1.603000,0.000205,0.593700,-1.000000,-0.000128,0.000000,0.000128,0.000000,2.126908,0.001305,0.593445,-1.002053,-0.000301,0.001927,0.419056,0.419056,-0.412967,-0.412967,0.462536,0.462223,-0.371986,-0.372876,0.312208,0.156908
5.408000,1.593000,0.000204,0.593700,-1.000000,-0.000128,0.000000,0.000128,0.000000,2.116888,0.001305,0.593437,-1.003002,0.000058,-0.002010,0.418544,0.418544,-0.412455,-0.412455,0.461879,0.461556,-0.371400,-0.372267,0.311726,0.156925
5.420000,1.581000,0.000203,0.593700,-1.000000,-0.000128,0.000000,0.000128,0.000000,2.104870,0.001301,0.593588,-1.000384,-0.000215,0.014305,0.417950,0.417950,-0.411861,-0.411861,0.461237,0.460765,-0.370717,-0.371578,0.311016,0.156894
5.432000,1.569000,0.000201,0.593700,-1.000000,-0.000128,0.000000,0.000128,0.000000,2.092865,0.001301,0.593630,-0.998934,-0.000187,0.013325,0.417377,0.417377,-0.411287,-0.411287,0.460536,0.460024,-0.370024,-0.370888,0.310457,0.156889
5.444000,1.557000,0.000200,0.593700,-1.000000,-0.000128,0.000000,0.000128,0.000000,2.080861,0.001302,0.593600,-1.000402,-0.000093,0.006565,0.416823,0.416823,-0.410734,-0.410734,0.459933,0.459394,-0.369368,-0.370238,0.309944,0.156901
5.456000,1.545000,0.000198,0.593700,-1.000000,-0.000128,0.000000,0.000128,0.000000,2.068865,0.001302,0.593698,-1.000650,-0.000104,-0.002839,0.416289,0.416289,-0.410200,-0.410200,0.459288,0.458820,-0.368803,-0.369678,0.309447,0.156863
5.468000,1.533000,0.000197,0.593700,-1.000000,-0.000128,0.000000,0.000128,0.000000,2.056875,0.001301,0.593779,-1.000333,-0.000231,-0.004806,0.415774,0.415774,-0.409684,-0.409684,0.458724,0.458178,-0.368320,-0.369103,0.308961,0.156846
5.480000,1.521000,0.000195,0.593700,-1.000000,-0.000128,0.000000,0.000128,0.000000,2.044886,0.001300,0.593863,-0.998636,-0.000264,0.009061,0.415276,0.415276,-0.409187,-0.409187,0.458204,0.457610,-0.367826,-0.368543,0.308458,0.156829
5.492000,1.509000,0.000193,0.593700,-1.000000,-0.000128,0.000000,0.000128,0.000000,2.032901,0.001301,0.593895,-0.998369,0.000080,0.010827,0.414796,0.414796,-0.408707,-0.408707,0.457722,0.457087,-0.367228,-0.367899,0.307986,0.156837
5.504000,1.497000,0.000192,0.593700,-1.000000,-0.000128,0.000000,0.000128,0.000000,2.020923,0.001296,0.593987,-0.997724,-0.000267,0.012963,0.414333,0.414333,-0.408244,-0.408244,0.457340,0.456557,-0.366707,-0.367347,0.307506,0.156835
5.516000,1.485000,0.000190,0.593700,-1.000000,-0.000128,0.000000,0.000128,0.000000,2.008956,0.001295,0.594150,-0.997240,-0.000310,0.010044,0.413886,0.413886,-0.407797,-0.407797,0.456862,0.456060,-0.366310,-0.366921,0.307023,0.156786
5.528000,1.473000,0.000189,0.593700,-1.000000,-0.000128,0.000000,0.000128,0.000000,1.996980,0.001295,0.594126,-1.000481,-0.000250,-0.008172,0.413455,0.413455,-0.407365,-0.407365,0.456369,0.455677,-0.365773,-0.366360,0.306610,0.156790
5.540000,1.461000,0.000187,0.593700,-1.000000,-0.000128,0.000000,0.000128,0.000000,1.985013,0.001293,0.594158,-0.996874,-0.000161,0.005525,0.413038,0.413038,-0.406949,-0.406949,0.455883,0.455232,-0.365144,-0.365709,0.306094,0.156790
5.552000,1.449000,0.000186,0.593700,-1.000000,-0.000128,0.000000,0.000128,0.000000,1.973057,0.001291,0.594333,-0.996713,-0.000275,0.007500,0.412636,0.412636,-0.406547,-0.406547,0.455425,0.454795,-0.364689,-0.365228,0.305564,0.156739
5.564000,1.437000,0.000184,0.593700,-1.000000,-0.000128,0.000000,0.000128,0.000000,1.961095,0.001291,0.594408,-0.997570,0.000025,0.005015,0.412249,0.412249,-0.406159,-0.406159,0.454992,0.454373,-0.364201,-0.364719,0.305094,0.156734
5.576000,1.425000,0.000183,0.593700,-1.000000,-0.000128,0.000000,0.000128,0.000000,1.949132,0.001287,0.594406,-0.998094,-0.000002,0.003828,0.411875,0.411875,-0.405785,-0.405785,0.454643,0.453982,-0.363614,-0.364116,0.304628,0.156755
5.588000,1.413000,0.000181,0.593700,-1.000000,-0.000128,0.000000,0.000128,0.000000,1.937175,0.001282,0.594502,-0.996266,-0.000352,0.009173,0.411513,0.411513,-0.405424,-0.405424,0.454319,0.453629,-0.363047,-0.363521,0.304027,0.156727
5.600000,1.401000,0.000180,0.593700,-1.000000,-0.000128,0.000000,0.000128,0.000000,1.925222,0.001281,0.594549,-0.995729,-0.000267,0.011036,0.411165,0.411165,-0.405076,-0.405076,0.454021,0.453360,-0.362472,-0.362911,0.303477,0.156715
5.612000,1.389000,0.000178,0.593700,-1.000000,-0.000128,0.000000,0.000128,0.000000,1.913280,0.001275,0.594643,-0.995876,-0.000478,0.002914,0.410829,0.410829,-0.404739,-0.404739,0.453654,0.452996,-0.361960,-0.362360,0.303039,0.156691
5.624000,1.377000,0.000177,0.593700,-1.000000,-0.000128,0.000000,0.000128,0.000000,1.901335,0.001258,0.594795,-0.995929,-0.001105,0.006216,0.410504,0.410504,-0.404415,-0.404415,0.453244,0.452583,-0.361545,-0.361901,0.302622,0.156694
5.636000,1.365000,0.000175,0.593700,-1.000000,-0.000128,0.000000,0.000128,0.000000,1.889394,0.001256,0.594855,-0.997013,0.000131,-0.004015,0.410191,0.410191,-0.404102,-0.404102,0.452890,0.452308,-0.361222,-0.361533,0.302278,0.156654
5.648000,1.353000,0.000173,0.593700,-1.000000,-0.000128,0.000000,0.000128,0.000000,1.877416,0.001271,0.594896,-0.996643,0.000248,0.012979,0.409889,0.409889,-0.403799,-0.403799,0.452714,0.452052,-0.360855,-0.361110,0.301845,0.156641
5.658000,1.343000,0.000172,0.593700,-1.000000,-0.000128,0.000000,0.000128,0.000000,1.867459,0.001247,0.594989,-0.996329,-0.000758,0.013278,0.409645,0.409645,-0.403555,-0.403555,0.452461,0.451808,-0.360501,-0.360716,0.301561,0.156652
5.670000,1.331000,0.000171,0.593700,-1.000000,-0.000128,0.000000,0.000128,0.000000,1.855494,0.001264,0.595036,-0.998581,0.000700,0.002791,0.409362,0.409362,-0.403272,-0.403272,0.452267,0.451689,-0.360154,-0.360336,0.301217,0.156603
5.682000,1.319000,0.000169,0.593700,-1.000000,-0.000128,0.000000,0.000128,0.000000,1.843528,0.001263,0.595127,-0.998032,0.000425,0.002840,0.409088,0.409088,-0.402999,-0.402999,0.452154,0.451631,-0.359864,-0.360004,0.300841,0.156568
5.694000,1.307000,0.000168,0.593700,-1.000000,-0.000128,0.000000,0.000128,0.000000,1.831565,0.001249,0.595241,-0.996543,-0.000708,0.006872,0.408825,0.408825,-0.402735,-0.402735,0.452015,0.451510,-0.359586,-0.359679,0.300545,0.156570
5.706000,1.295000,0.000166,0.593700,-1.000000,-0.000128,0.000000,0.000128,0.000000,1.819597,0.001239,0.595286,-0.996941,-0.003679,0.009262,0.408570,0.408570,-0.402481,-0.402481,0.451888,0.451397,-0.359239,-0.359287,0.300216,0.156573
5.718000,1.283000,0.000164,0.593700,-1.000000,-0.000128,0.000000,0.000128,0.000000,1.807628,0.001261,0.595340,-0.997381,0.000024,0.006695,0.408325,0.408325,-0.402235,-0.402235,0.451803,0.451299,-0.358960,-0.358970,0.299916,0.156524
5.730000,1.271000,0.000163,0.593700,-1.000000,-0.000128,0.000000,0.000128,0.000000,1.795657,0.001257,0.595384,-0.998017,-0.000315,0.006470,0.408088,0.408088,-0.401998,-0.401998,0.451733,0.451227,-0.358683,-0.358658,0.299626,0.156513
5.742000,1.259000,0.000161,0.593700,-1.000000,-0.000128,0.000000,0.000128,0.000000,1.783690,0.001253,0.595517,-0.997513,-0.000413,0.002750,0.407859,0.407859,-0.401770,-0.401770,0.451567,0.451093,-0.358451,-0.358396,0.299306,0.156469
5.754000,1.247000,0.000160,0.593700,-1.000000,-0.000128,0.000000,0.000128,0.000000,1.771716,0.001249,0.595593,-0.997861,-0.000366,0.005212,0.407638,0.407638,-0.401549,-0.401549,0.451383,0.450939,-0.358218,-0.358131,0.299032,0.156449
5.766000,1.235000,0.000158,0.593700,-1.000000,-0.000128,0.000000,0.000128,0.000000,1.759740,0.001243,0.595649,-0.998324,-0.000514,0.006943,0.407425,0.407425,-0.401336,-0.401336,0.451207,0.450796,-0.357916,-0.357803,0.298752,0.156432
5.778000,1.223000,0.000157,0.593700,-1.000000,-0.000128,0.000000,0.000128,0.000000,1.747755,0.001239,0.595709,-0.998923,-0.000354,0.005260,0.407220,0.407220,-0.401130,-0.401130,0.451072,0.450685,-0.357674,-0.357544,0.298486,0.156423
5.790000,1.211000,0.000155,0.593700,-1.000000,-0.000128,0.000000,0.000128,0.000000,1.735771,0.001233,0.595840,-0.998107,-0.000483,0.007150,0.407021,0.407021,-0.400932,-0.400932,0.450869,0.450543,-0.357507,-0.357361,0.298229,0.156385
5.802000,1.199000,0.000154,0.593700,-1.000000,-0.000128,0.000000,0.000128,0.000000,1.723733,0.001236,0.595880,-1.002409,0.000237,-0.004803,0.406830,0.406830,-0.400740,-0.400740,0.450681,0.450417,-0.357334,-0.357125,0.298042,0.156372
5.814000,1.187000,0.000152,0.593700,-1.000000,-0.000128,0.000000,0.000128,0.000000,1.711739,0.001236,0.595911,-0.999480,-0.000108,0.004663,0.406645,0.406645,-0.400556,-0.400556,0.450490,0.450330,-0.357112,-0.356828,0.297766,0.156354
5.826000,1.175000,0.000151,0.593700,-1.000000,-0.000128,0.000000,0.000128,0.000000,1.699752,0.001232,0.595957,-0.999473,-0.000417,0.000963,0.406467,0.406467,-0.400377,-0.400377,0.450306,0.450197,-0.356940,-0.356617,0.297566,0.156340
5.838000,1.163000,0.000149,0.593700,-1.000000,-0.000128,0.000000,0.000128,0.000000,1.687761,0.001228,0.596074,-0.998859,-0.000222,0.007253,0.406295,0.406295,-0.400205,-0.400205,0.450077,0.449964,-0.356758,-0.356418,0.297375,0.156311
5.850000,1.151000,0.000148,0.593700,-1.000000,-0.000128,0.000000,0.000128,0.000000,1.675765,0.001223,0.596151,-0.999391,-0.000225,0.003277,0.406129,0.406129,-0.400039,-0.400039,0.449859,0.449720,-0.356636,-0.356294,0.297189,0.156290
5.862000,1.139000,0.000146,0.593700,-1.000000,-0.000128,0.000000,0.000128,0.000000,1.663721,0.001217,0.596223,-1.003717,-0.000888,-0.002378,0.405968,0.405968,-0.399879,-0.399879,0.449605,0.449485,-0.356489,-0.356105,0.297007,0.156264
5.874000,1.127000,0.000145,0.593700,-1.000000,-0.000128,0.000000,0.000128,0.000000,1.651703,0.001207,0.596191,-1.001085,-0.000627,0.007316,0.405814,0.405814,-0.399724,-0.399724,0.449544,0.449337,-0.356282,-0.355825,0.296773,0.156288
5.886000,1.115000,0.000143,0.593700,-1.000000,-0.000128,0.000000,0.000128,0.000000,1.639701,0.001202,0.596248,-0.999990,-0.000356,0.004406,0.405665,0.405665,-0.399575,-0.399575,0.449360,0.449190,-0.355982,-0.355638,0.296558,0.156268
5.898000,1.103000,0.000141,0.593700,-1.000000,-0.000128,0.000000,0.000128,0.000000,1.627697,0.001198,0.596203,-1.000592,-0.000350,-0.005773,0.405521,0.405521,-0.399431,-0.399431,0.449130,0.448948,-0.355711,-0.355413,0.296467,0.156286
5.908000,1.093000,0.000140,0.593700,-1.000000,-0.000128,0.000000,0.000128,0.000000,1.617698,0.001194,0.596336,-0.998072,-0.000418,0.010558,0.405404,0.405404,-0.399315,-0.399315,0.448965,0.448730,-0.355628,-0.355429,0.296299,0.156252
5.920000,1.081000,0.000139,0.593700,-1.000000,-0.000128,0.000000,0.000128,0.000000,1.605691,0.001193,0.596386,-0.998502,-0.000293,0.014953,0.405269,0.405269,-0.399180,-0.399180,0.448779,0.448507,-0.355582,-0.355502,0.296271,0.156242
5.932000,1.069000,0.000137,0.593700,-1.000000,-0.000128,0.000000,0.000128,0.000000,1.593672,0.001190,0.596387,-1.001262,-0.000251,0.005188,0.405139,0.405139,-0.399050,-0.399050,0.448618,0.448341,-0.355599,-0.355605,0.296331,0.156236
5.944000,1.057000,0.000136,0.593700,-1.000000,-0.000128,0.000000,0.000128,0.000000,1.581650,0.001188,0.596456,-1.002490,-0.000240,-0.002545,0.405014,0.405014,-0.398924,-0.398924,0.448402,0.448086,-0.355612,-0.355688,0.296387,0.156214
5.956000,1.045000,0.000134,0.593700,-1.000000,-0.000128,0.000000,0.000128,0.000000,1.569625,0.001185,0.596569,-1.002640,-0.000282,-0.005732,0.404892,0.404892,-0.398803,-0.398803,0.448195,0.447829,-0.355697,-0.355831,0.296380,0.156174
5.968000,1.033000,0.000132,0.593700,-1.000000,-0.000128,0.000000,0.000128,0.000000,1.557595,0.001183,0.596624,-1.002163,-0.000091,0.002091,0.404775,0.404775,-0.398686,-0.398686,0.448005,0.447589,-0.355769,-0.355954,0.296401,0.156156
5.980000,1.021000,0.000131,0.593700,-1.000000,-0.000128,0.000000,0.000128,0.000000,1.545554,0.001184,0.596620,-1.001788,-0.000301,0.008738,0.404662,0.404662,-0.398573,-0.398573,0.447910,0.447430,-0.355780,-0.356013,0.296425,0.156168
5.992000,1.009000,0.000129,0.593700,-1.000000,-0.000129,0.000000,0.000128,0.000000,1.533514,0.001202,0.596504,-1.002180,0.000074,0.004800,0.404553,0.404553,-0.398464,-0.398464,0.447785,0.447330,-0.355669,-0.355954,0.296401,0.156152
6.004000,0.997000,0.000128,0.593700,-1.000000,-0.000129,0.000000,0.000128,0.000000,1.521487,0.001197,0.596557,-1.001880,0.000263,-0.005410,0.404448,0.404448,-0.398359,-0.398359,0.447542,0.447046,-0.355640,-0.355977,0.296381,0.156148
6.016000,0.985000,0.000126,0.593700,-1.000000,-0.000128,0.000000,0.000128,0.000000,1.509469,0.001187,0.596604,-1.002339,-0.000161,-0.008013,0.404347,0.404347,-0.398257,-0.398257,0.447228,0.446696,-0.355617,-0.356007,0.296390,0.156145
6.028000,0.973000,0.000125,0.593700,-1.000000,-0.000128,0.000000,0.000128,0.000000,1.497451,0.001178,0.596654,-1.002059,-0.000838,-0.002519,0.404249,0.404249,-0.398159,-0.398159,0.446926,0.446347,-0.355556,-0.355999,0.296347,0.156153
6.040000,0.961000,0.000123,0.593700,-1.000000,-0.000128,0.000000,0.000128,0.000000,1.485437,0.001172,0.596768,-0.999421,-0.000670,0.015529,0.404154,0.404154,-0.398065,-0.398065,0.446694,0.446020,-0.355500,-0.355995,0.296209,0.156131
6.052000,0.949000,0.000122,0.593700,-1.000000,-0.000128,0.000000,0.000128,0.000000,1.473431,0.001172,0.596758,-0.999484,-0.000450,0.009690,0.404063,0.404063,-0.397974,-0.397974,0.446386,0.445735,-0.355411,-0.355955,0.296209,0.156124
6.064000,0.937000,0.000120,0.593700,-1.000000,-0.000128,0.000000,0.000128,0.000000,1.461431,0.001161,0.596718,-1.000764,-0.000183,-0.001352,0.403975,0.403975,-0.397886,-0.397886,0.446075,0.445420,-0.355310,-0.355901,0.296244,0.156146
6.076000,0.925000,0.000119,0.593700,-1.000000,-0.000128,0.000000,0.000128,0.000000,1.449427,0.001162,0.596729,-1.001769,0.001143,-0.008331,0.403890,0.403890,-0.397801,-0.397801,0.445797,0.445124,-0.355287,-0.355798,0.296211,0.156123
6.088000,0.913000,0.000117,0.593700,-1.000000,-0.000128,0.000000,0.000128,0.000000,1.437425,0.001134,0.596787,-1.001239,-0.001050,-0.008265,0.403808,0.403808,-0.397719,-0.397719,0.445570,0.444864,-0.355271,-0.355758,0.296149,0.156158
6.100000,0.901000,0.000116,0.593700,-1.000000,-0.000128,0.000000,0.000128,0.000000,1.425422,0.001131,0.596829,-1.000355,-0.000241,0.001001,0.403729,0.403729,-0.397640,-0.397640,0.445399,0.444651,-0.355233,-0.355720,0.296073,0.156155
6.112000,0.889000,0.000114,0.593700,-1.000000,-0.000128,0.000000,0.000128,0.000000,1.413423,0.001127,0.596888,-0.997925,-0.000847,0.016387,0.403653,0.403653,-0.397563,-0.397563,0.445214,0.444432,-0.355127,-0.355627,0.295997,0.156154
6.124000,0.877000,0.000112,0.593700,-1.000000,-0.000128,0.000000,0.000128,0.000000,1.401430,0.001128,0.596831,-0.999175,-0.000133,0.002214,0.403579,0.403579,-0.397489,-0.397489,0.445043,0.444273,-0.355062,-0.355579,0.296008,0.156173
6.136000,0.865000,0.000111,0.593700,-1.000000,-0.000128,0.000000,0.000128,0.000000,1.389439,0.001128,0.596792,-1.000465,-0.000078,-0.005301,0.403508,0.403508,-0.397418,-0.397418,0.444902,0.444125,-0.354986,-0.355520,0.296009,0.156187
6.148000,0.853000,0.000109,0.593700,-1.000000,-0.000128,0.000000,0.000128,0.000000,1.377450,0.001128,0.596784,-1.000968,-0.000016,-0.008830,0.403439,0.403439,-0.397350,-0.397350,0.444807,0.444017,-0.354863,-0.355412,0.295953,0.156190
6.158000,0.843000,0.000108,0.593700,-1.000000,-0.000128,0.000000,0.000128,0.000000,1.367465,0.001128,0.596943,-0.997135,0.000062,0.014425,0.403384,0.403384,-0.397294,-0.397294,0.444759,0.443951,-0.354810,-0.355371,0.295755,0.156146
6.170000,0.831000,0.000107,0.593700,-1.000000,-0.000128,0.000000,0.000128,0.000000,1.355494,0.001127,0.596963,-0.996143,-0.000120,0.013847,0.403319,0.403319,-0.397230,-0.397230,0.444685,0.443849,-0.354678,-0.355247,0.295700,0.156154
6.182000,0.819000,0.000105,0.593700,-1.000000,-0.000128,0.000000,0.000128,0.000000,1.343525,0.001129,0.596918,-0.997482,-0.000020,0.004161,0.403257,0.403257,-0.397168,-0.397168,0.444605,0.443786,-0.354536,-0.355110,0.295661,0.156172
6.194000,0.807000,0.000103,0.593700,-1.000000,-0.000128,0.000000,0.000128,0.000000,1.331562,0.001129,0.596934,-0.998339,-0.000045,-0.006807,0.403198,0.403198,-0.397108,-0.397108,0.444547,0.443739,-0.354479,-0.355050,0.295596,0.156170
6.206000,0.795000,0.000102,0.593700,-1.000000,-0.000128,0.000000,0.000128,0.000000,1.319602,0.001129,0.596993,-0.998081,-0.000180,-0.005006,0.403140,0.403140,-0.397050,-0.397050,0.444455,0.443725,-0.354418,-0.354983,0.295542,0.156139
6.218000,0.783000,0.000100,0.593700,-1.000000,-0.000128,0.000000,0.000128,0.000000,1.307644,0.001131,0.597143,-0.994781,0.000180,0.014935,0.403084,0.403084,-0.396995,-0.396995,0.444372,0.443665,-0.354382,-0.354937,0.295388,0.156115
6.230000,0.771000,0.000099,0.593700,-1.000000,-0.000128,0.000000,0.000128,0.000000,1.295693,0.001130,0.597095,-0.995469,0.000207,0.008360,0.403030,0.403030,-0.396941,-0.396941,0.444358,0.443619,-0.354320,-0.354858,0.295390,0.156147
6.242000,0.759000,0.000097,0.593700,-1.000000,-0.000128,0.000000,0.000128,0.000000,1.283737,0.001129,0.597191,-0.996234,-0.000038,0.013051,0.402978,0.402978,-0.396889,-0.396889,0.444378,0.443615,-0.354298,-0.354813,0.295256,0.156117
6.254000,0.747000,0.000096,0.593700,-1.000000,-0.000128,0.000000,0.000128,0.000000,1.271784,0.001128,0.597092,-0.997794,-0.000127,-0.010905,0.402928,0.402928,-0.396839,-0.396839,0.444331,0.443582,-0.354130,-0.354630,0.295250,0.156157
6.266000,0.735000,0.000094,0.593700,-1.000000,-0.000128,0.000000,0.000128,0.000000,1.259840,0.001127,0.597174,-0.996316,-0.000117,-0.000065,0.402880,0.402880,-0.396790,-0.396790,0.444296,0.443557,-0.354095,-0.354567,0.295127,0.156128
6.278000,0.723000,0.000093,0.593700,-1.000000,-0.000128,0.000000,0.000128,0.000000,1.247892,0.001126,0.597221,-0.997973,-0.000298,-0.006619,0.402833,0.402833,-0.396744,-0.396744,0.444296,0.443568,-0.354003,-0.354442,0.295005,0.156115
6.290000,0.711000,0.000091,0.593700,-1.000000,-0.000128,0.000000,0.000128,0.000000,1.235941,0.001125,0.597341,-0.994956,0.000096,0.011269,0.402788,0.402788,-0.396699,-0.396699,0.444334,0.443536,-0.353815,-0.354226,0.294743,0.156104
6.302000,0.699000,0.000090,0.593700,-1.000000,-0.000128,0.000000,0.000128,0.000000,1.223957,0.001123,0.597411,-0.997908,0.000140,0.016209,0.402745,0.402745,-0.396655,-0.396655,0.444338,0.443520,-0.353601,-0.353987,0.294500,0.156076
6.314000,0.687000,0.000088,0.593700,-1.000000,-0.000128,0.000000,0.000128,0.000000,1.212018,0.001131,0.597297,-0.996132,0.000229,0.003121,0.402703,0.402703,-0.396613,-0.396613,0.444372,0.443585,-0.353328,-0.353554,0.294312,0.156110
6.326000,0.675000,0.000087,0.593700,-1.000000,-0.000128,0.000000,0.000128,0.000000,1.200091,0.001131,0.597406,-0.994648,-0.000120,0.004033,0.402662,0.402662,-0.396573,-0.396573,0.444292,0.443620,-0.353107,-0.353255,0.294080,0.156082
6.338000,0.663000,0.000085,0.593700,-1.000000,-0.000128,0.000000,0.000128,0.000000,1.188170,0.001125,0.597412,-0.994920,-0.000546,-0.007468,0.402623,0.402623,-0.396534,-0.396534,0.444299,0.443752,-0.353003,-0.353090,0.293915,0.156075
6.350000,0.651000,0.000083,0.593700,-1.000000,-0.000128,0.000000,0.000128,0.000000,1.176237,0.001125,0.597479,-0.993459,-0.000072,0.010813,0.402585,0.402585,-0.396496,-0.396496,0.444357,0.443800,-0.352902,-0.352937,0.293740,0.156076
6.362000,0.639000,0.000082,0.593700,-1.000000,-0.000128,0.000000,0.000128,0.000000,1.164312,0.001101,0.597591,-0.993409,-0.001466,0.012126,0.402549,0.402549,-0.396460,-0.396460,0.444364,0.443810,-0.352765,-0.352756,0.293627,0.156096
6.374000,0.627000,0.000080,0.593700,-1.000000,-0.000128,0.000000,0.000128,0.000000,1.152382,0.001098,0.597608,-0.994891,-0.000454,0.003942,0.402514,0.402514,-0.396425,-0.396425,0.444407,0.443885,-0.352733,-0.352684,0.293580,0.156082
6.386000,0.615000,0.000079,0.593700,-1.000000,-0.000128,0.000000,0.000128,0.000000,1.140427,0.001114,0.597584,-0.997658,0.000791,-0.000798,0.402480,0.402480,-0.396391,-0.396391,0.444522,0.444061,-0.352669,-0.352576,0.293511,0.156053
6.398000,0.603000,0.000077,0.593700,-1.000000,-0.000128,0.000000,0.000128,0.000000,1.128471,0.001114,0.597639,-0.997209,0.000465,-0.000005,0.402447,0.402447,-0.396358,-0.396358,0.444688,0.444294,-0.352635,-0.352499,0.293358,0.156027
6.410000,0.591000,0.000076,0.593700,-1.000000,-0.000128,0.000000,0.000128,0.000000,1.116515,0.001126,0.597718,-0.995915,0.003054,0.004555,0.402416,0.402416,-0.396326,-0.396326,0.444832,0.444460,-0.352603,-0.352420,0.293273,0.155994
6.422000,0.579000,0.000074,0.593700,-1.000000,-0.000128,0.000000,0.000128,0.000000,1.104512,0.001096,0.597758,-0.999862,-0.003149,0.003842,0.402385,0.402385,-0.396296,-0.396296,0.444981,0.444637,-0.352510,-0.352264,0.293160,0.156032
6.432000,0.569000,0.000073,0.593700,-1.000000,-0.000128,0.000000,0.000128,0.000000,1.094544,0.001129,0.597727,-0.997484,0.000571,0.005665,0.402361,0.402361,-0.396271,-0.396271,0.445170,0.444812,-0.352377,-0.352099,0.293053,0.156006
6.444000,0.557000,0.000071,0.593700,-1.000000,-0.000128,0.000000,0.000128,0.000000,1.082601,0.001128,0.597800,-0.996077,-0.000142,-0.001954,0.402332,0.402332,-0.396243,-0.396243,0.445264,0.444945,-0.352321,-0.351991,0.292917,0.155980
6.456000,0.545000,0.000070,0.593700,-1.000000,-0.000128,0.000000,0.000128,0.000000,1.070655,0.001123,0.597841,-0.996621,-0.000394,-0.003162,0.402305,0.402305,-0.396215,-0.396215,0.445342,0.445054,-0.352302,-0.351941,0.292830,0.155967
6.468000,0.533000,0.000068,0.593700,-1.000000,-0.000128,0.000000,0.000128,0.000000,1.058700,0.001118,0.597961,-0.995008,-0.000346,0.010245,0.402278,0.402278,-0.396189,-0.396189,0.445384,0.445090,-0.352248,-0.351862,0.292706,0.155940
6.480000,0.521000,0.000067,0.593700,-1.000000,-0.000128,0.000000,0.000128,0.000000,1.046740,0.001113,0.597969,-0.996333,-0.000266,0.005173,0.402253,0.402253,-0.396163,-0.396163,0.445437,0.445124,-0.352249,-0.351843,0.292683,0.155943
6.492000,0.509000,0.000065,0.593700,-1.000000,-0.000128,0.000000,0.000128,0.000000,1.034764,0.001107,0.597969,-0.998132,-0.000451,0.004725,0.402228,0.402228,-0.396138,-0.396138,0.445489,0.445176,-0.352227,-0.351809,0.292651,0.155943
6.504000,0.497000,0.000064,0.593700,-1.000000,-0.000128,0.000000,0.000128,0.000000,1.022789,0.001102,0.598038,-0.998701,-0.000413,-0.003377,0.402204,0.402204,-0.396115,-0.396115,0.445461,0.445185,-0.352248,-0.351829,0.292603,0.155918
6.516000,0.485000,0.000062,0.593700,-1.000000,-0.000128,0.000000,0.000128,0.000000,1.010805,0.001097,0.598058,-0.999458,-0.000392,-0.003208,0.402181,0.402181,-0.396091,-0.396091,0.445431,0.445183,-0.352267,-0.351842,0.292579,0.155905
6.528000,0.473000,0.000061,0.593700,-1.000000,-0.000128,0.000000,0.000128,0.000000,0.998812,0.001093,0.598104,-0.999190,-0.000399,0.002664,0.402159,0.402159,-0.396069,-0.396069,0.445414,0.445192,-0.352242,-0.351817,0.292514,0.155889
6.540000,0.461000,0.000059,0.593700,-1.000000,-0.000128,0.000000,0.000128,0.000000,0.986818,0.001089,0.598165,-0.998282,-0.000166,0.010895,0.402137,0.402137,-0.396048,-0.396048,0.445422,0.445142,-0.352134,-0.351711,0.292413,0.155883
6.552000,0.449000,0.000058,0.593700,-1.000000,-0.000128,0.000000,0.000128,0.000000,0.974823,0.001084,0.598174,-0.999001,-0.000401,0.003421,0.402116,0.402116,-0.396027,-0.396027,0.445381,0.445095,-0.352104,-0.351691,0.292368,0.155877
6.564000,0.437000,0.000056,0.593700,-1.000000,-0.000128,0.000000,0.000128,0.000000,0.962820,0.001081,0.598150,-1.000927,-0.000316,-0.001857,0.402096,0.402096,-0.396007,-0.396007,0.445340,0.445083,-0.352063,-0.351661,0.292346,0.155877
6.576000,0.425000,0.000055,0.593700,-1.000000,-0.000128,0.000000,0.000128,0.000000,0.950817,0.001078,0.598238,-1.000070,-0.000260,-0.000363,0.402077,0.402077,-0.395988,-0.395988,0.445231,0.445102,-0.352048,-0.351675,0.292246,0.155832
6.588000,0.413000,0.000053,0.593700,-1.000000,-0.000128,0.000000,0.000128,0.000000,0.938810,0.001075,0.598274,-0.999841,-0.000260,0.002447,0.402059,0.402059,-0.395969,-0.395969,0.445119,0.445050,-0.352046,-0.351696,0.292231,0.155824
6.600000,0.401000,0.000051,0.593700,-1.000000,-0.000128,0.000000,0.000128,0.000000,0.926763,0.001076,0.598412,-1.002395,0.000395,0.015474,0.402041,0.402041,-0.395951,-0.395951,0.445033,0.444926,-0.352011,-0.351669,0.292111,0.155774
6.612000,0.389000,0.000050,0.593700,-1.000000,-0.000128,0.000000,0.000128,0.000000,0.914742,0.001080,0.598118,-1.001940,0.000290,-0.003615,0.402023,0.402023,-0.395934,-0.395934,0.445025,0.444881,-0.351657,-0.351363,0.292135,0.155875
6.624000,0.377000,0.000048,0.593700,-1.000000,-0.000128,0.000000,0.000128,0.000000,0.902746,0.001078,0.598197,-0.998766,-0.000148,-0.001866,0.402007,0.402007,-0.395917,-0.395917,0.444938,0.444892,-0.351669,-0.351405,0.292052,0.155836
6.636000,0.365000,0.000047,0.593700,-1.000000,-0.000128,0.000000,0.000128,0.000000,0.890750,0.001076,0.598251,-0.999602,-0.000246,-0.001806,0.401990,0.401990,-0.395901,-0.395901,0.444846,0.444844,-0.351829,-0.351596,0.292131,0.155815
6.648000,0.353000,0.000045,0.593700,-1.000000,-0.000128,0.000000,0.000128,0.000000,0.878741,0.001073,0.598293,-0.999916,-0.000234,0.006742,0.401975,0.401975,-0.395885,-0.395885,0.444785,0.444805,-0.351994,-0.351802,0.292261,0.155805
6.660000,0.341000,0.000044,0.593700,-1.000000,-0.000128,0.000000,0.000128,0.000000,0.866728,0.001086,0.598363,-1.000595,-0.000095,0.000204,0.401960,0.401960,-0.395870,-0.395870,0.444783,0.444743,-0.352267,-0.352093,0.292446,0.155754
6.672000,0.329000,0.000042,0.593700,-1.000000,-0.000128,0.000000,0.000128,0.000000,0.854709,0.001061,0.598312,-1.001494,-0.001334,-0.000211,0.401945,0.401945,-0.395856,-0.395856,0.444792,0.444645,-0.352371,-0.352386,0.292708,0.155825
6.682000,0.319000,0.000041,0.593700,-1.000000,-0.000128,0.000000,0.000128,0.000000,0.844688,0.001078,0.598306,-1.003013,0.002578,-0.006441,0.401934,0.401934,-0.395844,-0.395844,0.444806,0.444621,-0.352499,-0.352597,0.292826,0.155782
6.694000,0.307000,0.000039,0.593700,-1.000000,-0.000128,0.000000,0.000128,0.000000,0.832659,0.001081,0.598257,-1.003002,0.001613,-0.009173,0.401920,0.401920,-0.395831,-0.395831,0.444762,0.444654,-0.352609,-0.352779,0.292922,0.155752
6.706000,0.295000,0.000038,0.593700,-1.000000,-0.000128,0.000000,0.000128,0.000000,0.820632,0.001048,0.598325,-0.999253,-0.003743,0.011784,0.401907,0.401907,-0.395817,-0.395817,0.444659,0.444504,-0.352648,-0.352877,0.292935,0.155813
6.718000,0.283000,0.000036,0.593700,-1.000000,-0.000128,0.000000,0.000128,0.000000,0.808609,0.001066,0.598308,-1.000479,-0.000457,0.002944,0.401894,0.401894,-0.395805,-0.395805,0.444507,0.444282,-0.352724,-0.353003,0.293040,0.155798
6.730000,0.271000,0.000035,0.593700,-1.000000,-0.000128,0.000000,0.000128,0.000000,0.796589,0.001061,0.598284,-1.001319,-0.000802,0.001586,0.401882,0.401882,-0.395793,-0.395793,0.444338,0.444060,-0.352805,-0.353129,0.293143,0.155808
6.742000,0.259000,0.000033,0.593700,-1.000000,-0.000129,0.000000,0.000128,0.000000,0.784576,0.001063,0.598275,-1.002058,-0.000361,-0.006421,0.401870,0.401870,-0.395781,-0.395781,0.444087,0.443902,-0.352853,-0.353222,0.293248,0.155791
6.754000,0.247000,0.000032,0.593700,-1.000000,-0.000128,0.000000,0.000128,0.000000,0.772573,0.001055,0.598332,-1.001195,0.000169,-0.007855,0.401859,0.401859,-0.395769,-0.395769,0.443821,0.443655,-0.352857,-0.353366,0.293290,0.155793
6.766000,0.235000,0.000030,0.593700,-1.000000,-0.000128,0.000000,0.000128,0.000000,0.760575,0.001027,0.598389,-0.999122,-0.001007,0.005875,0.401848,0.401848,-0.395758,-0.395758,0.443579,0.443409,-0.352897,-0.353513,0.293326,0.155809
6.778000,0.223000,0.000029,0.593700,-1.000000,-0.000128,0.000000,0.000128,0.000000,0.748566,0.001024,0.598330,-0.999596,-0.001002,0.005121,0.401837,0.401837,-0.395748,-0.395748,0.443400,0.443212,-0.352858,-0.353552,0.293402,0.155836
6.790000,0.211000,0.000027,0.593700,-1.000000,-0.000128,0.000000,0.000128,0.000000,0.736557,0.001021,0.598313,-0.999480,-0.000809,0.009631,0.401827,0.401827,-0.395738,-0.395738,0.443330,0.443010,-0.352808,-0.353556,0.293427,0.155859
6.802000,0.199000,0.000026,0.593700,-1.000000,-0.000128,0.000000,0.000128,0.000000,0.724561,0.001017,0.598262,-1.000194,-0.000344,-0.001889,0.401817,0.401817,-0.395728,-0.395728,0.443192,0.442849,-0.352751,-0.353543,0.293475,0.155871
6.814000,0.187000,0.000024,0.593700,-1.000000,-0.000128,0.000000,0.000128,0.000000,0.712568,0.001015,0.598292,-1.000453,-0.000165,-0.009280,0.401808,0.401808,-0.395718,-0.395718,0.443070,0.442704,-0.352771,-0.353594,0.293456,0.155857
6.826000,0.175000,0.000022,0.593700,-1.000000,-0.000128,0.000000,0.000128,0.000000,0.700575,0.001015,0.598280,-1.000341,-0.000054,-0.007463,0.401798,0.401798,-0.395709,-0.395709,0.442984,0.442600,-0.352778,-0.353626,0.293468,0.155854
6.838000,0.163000,0.000021,0.593700,-1.000000,-0.000128,0.000000,0.000128,0.000000,0.688586,0.001017,0.598370,-0.997215,0.000207,0.011703,0.401790,0.401790,-0.395700,-0.395700,0.442898,0.442455,-0.352752,-0.353619,0.293449,0.155841
6.850000,0.151000,0.000019,0.593700,-1.000000,-0.000128,0.000000,0.000128,0.000000,0.676604,0.001016,0.598314,-0.998041,0.000234,0.001633,0.401781,0.401781,-0.395692,-0.395692,0.442854,0.442322,-0.352771,-0.353650,0.293536,0.155872
6.862000,0.139000,0.000018,0.593700,-1.000000,-0.000128,0.000000,0.000128,0.000000,0.664622,0.001014,0.598253,-0.998771,-0.000123,0.000369,0.401773,0.401773,-0.395683,-0.395683,0.442835,0.442246,-0.352787,-0.353673,0.293597,0.155893
6.874000,0.127000,0.000016,0.593700,-1.000000,-0.000128,0.000000,0.000128,0.000000,0.652642,0.001016,0.598202,-0.999576,-0.000020,-0.004317,0.401765,0.401765,-0.395675,-0.395675,0.442855,0.442258,-0.352764,-0.353655,0.293624,0.155907
6.886000,0.115000,0.000015,0.593700,-1.000000,-0.000128,0.000000,0.000128,0.000000,0.640671,0.001016,0.598276,-0.998087,-0.000043,-0.000907,0.401757,0.401757,-0.395668,-0.395668,0.442907,0.442299,-0.352783,-0.353674,0.293535,0.155877
6.898000,0.103000,0.000013,0.593700,-1.000000,-0.000128,0.000000,0.000128,0.000000,0.628709,0.001016,0.598354,-0.996085,-0.000176,0.005612,0.401750,0.401750,-0.395660,-0.395660,0.442912,0.442279,-0.352801,-0.353685,0.293557,0.155859
6.910000,0.091000,0.000012,0.593700,-1.000000,-0.000128,0.000000,0.000128,0.000000,0.616750,0.001018,0.598314,-0.996059,0.000138,0.006272,0.401742,0.401742,-0.395653,-0.395653,0.442937,0.442276,-0.352752,-0.353625,0.293583,0.155885
6.922000,0.079000,0.000010,0.593700,-1.000000,-0.000128,0.000000,0.000128,0.000000,0.604793,0.001014,0.598335,-0.996010,-0.000189,0.005475,0.401736,0.401736,-0.395646,-0.395646,0.443036,0.442248,-0.352798,-0.353652,0.293608,0.155898
6.932000,0.069000,0.000009,0.593700,-1.000000,-0.000128,0.000000,0.000128,0.000000,0.594833,0.001016,0.598306,-0.997535,-0.000109,-0.008652,0.401730,0.401730,-0.395641,-0.395641,0.443047,0.442290,-0.352854,-0.353688,0.293670,0.155900
6.944000,0.057000,0.000007,0.593700,-1.000000,-0.000128,0.000000,0.000128,0.000000,0.582879,0.001015,0.598343,-0.997017,-0.000103,-0.000625,0.401724,0.401724,-0.395634,-0.395634,0.443066,0.442309,-0.352903,-0.353710,0.293660,0.155887
6.956000,0.045000,0.000006,0.593700,-1.000000,-0.000128,0.000000,0.000128,0.000000,0.570924,0.001015,0.598495,-0.995655,0.000022,0.011878,0.401717,0.401717,-0.395628,-0.395628,0.443058,0.442366,-0.352903,-0.353680,0.293507,0.155838
6.968000,0.033000,0.000004,0.593700,-1.000000,-0.000128,0.000000,0.000128,0.000000,0.558977,0.001013,0.598342,-0.995379,0.000137,0.002098,0.401711,0.401711,-0.395622,-0.395622,0.443080,0.442378,-0.352710,-0.353453,0.293545,0.155913
6.980000,0.021000,0.000003,0.593700,-1.000000,-0.000128,0.000000,0.000128,0.000000,0.547036,0.001010,0.598431,-0.994875,-0.000250,0.009938,0.401705,0.401705,-0.395616,-0.395616,0.443117,0.442422,-0.352719,-0.353423,0.293422,0.155890
6.992000,0.009000,0.000001,0.593700,-1.000000,-0.000128,0.000000,0.000128,0.000000,0.535089,0.001010,0.598406,-0.996962,-0.000170,-0.000407,0.401700,0.401700,-0.395610,-0.395610,0.443178,0.442534,-0.352700,-0.353249,0.293337,0.155887
7.004000,0.000000,0.000000,0.593700,0.000000,0.000000,0.000000,0.000128,0.000000,0.523147,0.001009,0.598435,-0.996565,-0.000118,-0.007717,0.401698,0.401698,-0.395608,-0.395608,0.443186,0.442565,-0.352590,-0.353057,0.293222,0.155886
7.016000,0.000000,0.000000,0.593700,0.000000,0.000000,0.000000,0.000128,0.000000,0.511238,0.001007,0.598423,-0.991484,-0.000266,-0.008356,0.401743,0.401743,-0.395654,-0.395654,0.443246,0.442641,-0.352393,-0.352797,0.293054,0.155887
7.028000,0.000000,0.000000,0.593700,0.000000,0.000000,0.000000,0.000128,0.000000,0.499440,0.001006,0.598471,-0.978011,-0.000015,0.005373,0.401848,0.401848,-0.395759,-0.395759,0.443455,0.442791,-0.351955,-0.352298,0.292669,0.155894
7.040000,0.000000,0.000000,0.593700,0.000000,0.000000,0.000000,0.000128,0.000000,0.487844,0.001003,0.598468,-0.959428,-0.000385,0.002629,0.402015,0.402015,-0.395926,-0.395926,0.443753,0.443095,-0.351393,-0.351683,0.292244,0.155897
7.052000,0.000000,0.000000,0.593700,0.000000,0.000000,0.000000,0.000128,0.000000,0.476506,0.001003,0.598262,-0.936811,0.000028,-0.012377,0.402246,0.402246,-0.396157,-0.396157,0.444235,0.443631,-0.350784,-0.351020,0.291813,0.155945
7.064000,0.000000,0.000000,0.593700,0.000000,0.000000,0.000000,0.000128,0.000000,0.465478,0.001011,0.598271,-0.908360,0.003119,-0.008793,0.402539,0.402539,-0.396450,-0.396450,0.444701,0.444095,-0.350160,-0.350334,0.291298,0.155927
7.076000,0.000000,0.000000,0.593700,0.000000,0.000000,0.000000,0.000128,0.000000,0.455081,0.001004,0.598276,-0.853550,0.000809,0.000619,0.402895,0.402895,-0.396805,-0.396805,0.445138,0.444514,-0.349630,-0.349739,0.290868,0.155936
7.088000,0.000000,0.000000,0.593700,0.000000,0.000000,0.000000,0.000128,0.000000,0.444750,0.001015,0.598099,-0.845104,0.000552,-0.007766,0.403313,0.403313,-0.397224,-0.397224,0.445535,0.444952,-0.349393,-0.349337,0.290713,0.155982
7.100000,0.000000,0.000000,0.593700,0.000000,0.000000,0.000000,0.000128,0.000000,0.434729,0.001014,0.597999,-0.820913,-0.000070,-0.013506,0.403793,0.403793,-0.397704,-0.397704,0.446003,0.445521,-0.349225,-0.349037,0.290566,0.155997
7.112000,0.000000,0.000000,0.593700,0.000000,0.000000,0.000000,0.000128,0.000000,0.425437,0.001009,0.597946,-0.778396,-0.000399,-0.009479,0.404336,0.404336,-0.398246,-0.398246,0.446349,0.445856,-0.349319,-0.349027,0.290649,0.156016
7.124000,0.000000,0.000000,0.593700,0.000000,0.000000,0.000000,0.000128,0.000000,0.416136,0.001005,0.597762,-0.759534,-0.000258,-0.011940,0.404940,0.404940,-0.398850,-0.398850,0.446847,0.446378,-0.349449,-0.349186,0.290875,0.156073
7.136000,0.000000,0.000000,0.593700,0.000000,0.000000,0.000000,0.000128,0.000000,0.407224,0.001004,0.597707,-0.726001,0.000038,-0.006656,0.405606,0.405606,-0.399516,-0.399516,0.447320,0.446884,-0.349689,-0.349412,0.291090,0.156076
7.148000,0.000000,0.000000,0.593700,0.000000,0.000000,0.000000,0.000128,0.000000,0.398737,0.001003,0.597548,-0.691665,-0.000000,-0.008683,0.406329,0.406329,-0.400239,-0.400239,0.447828,0.447385,-0.350041,-0.349713,0.291477,0.156116
7.160000,0.000000,0.000000,0.593700,0.000000,0.000000,0.000000,0.000128,0.000000,0.391047,0.001015,0.597461,-0.640493,0.001013,-0.010352,0.407103,0.407103,-0.401013,-0.401013,0.447996,0.447663,-0.350800,-0.350177,0.292080,0.156112
7.172000,0.000000,0.000000,0.593700,0.000000,0.000000,0.000000,0.000128,0.000000,0.383372,0.001020,0.597323,-0.622274,0.000344,-0.010530,0.407937,0.407937,-0.401847,-0.401847,0.448271,0.447997,-0.351675,-0.350833,0.292806,0.156159
7.182000,0.000000,0.000000,0.593700,0.000000,0.000000,0.000000,0.000128,0.000000,0.377273,0.001022,0.597212,-0.596722,0.000177,-0.014757,0.408680,0.408680,-0.402590,-0.402590,0.448494,0.448280,-0.352469,-0.351580,0.293528,0.156193
7.194000,0.000000,0.000000,0.593700,0.000000,0.000000,0.000000,0.000128,0.000000,0.370344,0.001023,0.597049,-0.561672,0.000127,-0.013242,0.409626,0.409626,-0.403537,-0.403537,0.448802,0.448680,-0.353492,-0.352584,0.294464,0.156225
7.206000,0.000000,0.000000,0.593700,0.000000,0.000000,0.000000,0.000128,0.000000,0.363857,0.001024,0.596907,-0.524791,0.000243,-0.014792,0.410620,0.410620,-0.404530,-0.404530,0.449112,0.448941,-0.354680,-0.353819,0.295591,0.156269
7.218000,0.000000,0.000000,0.593700,0.000000,0.000000,0.000000,0.000128,0.000000,0.357807,0.001026,0.596728,-0.488858,0.000188,-0.016486,0.411660,0.411660,-0.405570,-0.405570,0.449321,0.449265,-0.355998,-0.355154,0.296810,0.156300
7.230000,0.000000,0.000000,0.593700,0.000000,0.000000,0.000000,0.000128,0.000000,0.352196,0.001028,0.596522,-0.452061,0.000205,-0.018024,0.412749,0.412749,-0.406660,-0.406660,0.449609,0.449514,-0.357507,-0.356717,0.298229,0.156355
7.242000,0.000000,0.000000,0.593700,0.000000,0.000000,0.000000,0.000128,0.000000,0.347023,0.001031,0.596336,-0.415595,0.000176,-0.017586,0.413890,0.413890,-0.407801,-0.407801,0.449799,0.449671,-0.359148,-0.358379,0.299748,0.156398
7.254000,0.000000,0.000000,0.593700,0.000000,0.000000,0.000000,0.000128,0.000000,0.342282,0.001033,0.596080,-0.380605,0.000199,-0.024034,0.415089,0.415089,-0.409000,-0.409000,0.449935,0.449928,-0.360993,-0.360196,0.301446,0.156456
7.266000,0.000000,0.000000,0.593700,0.000000,0.000000,0.000000,0.000128,0.000000,0.338283,0.001034,0.595842,-0.321648,0.000183,-0.019845,0.416350,0.416350,-0.410261,-0.410261,0.450082,0.450056,-0.363027,-0.362084,0.303226,0.156509
7.278000,0.000000,0.000000,0.593700,0.000000,0.000000,0.000000,0.000128,0.000000,0.334410,0.001035,0.595616,-0.304943,0.000036,-0.023509,0.417674,0.417674,-0.411585,-0.411585,0.450137,0.450029,-0.365305,-0.364178,0.305206,0.156569
7.290000,0.000000,0.000000,0.593700,0.000000,0.000000,0.000000,0.000128,0.000000,0.330903,0.001038,0.595286,-0.276600,0.000238,-0.025190,0.419064,0.419064,-0.412975,-0.412975,0.450253,0.450210,-0.367498,-0.366354,0.307267,0.156646
7.302000,0.000000,0.000000,0.593700,0.000000,0.000000,0.000000,0.000128,0.000000,0.328015,0.001042,0.594959,-0.222479,0.000712,-0.026925,0.420519,0.420519,-0.414429,-0.414429,0.450480,0.450523,-0.369784,-0.368584,0.309490,0.156729
7.314000,0.000000,0.000000,0.593700,0.000000,0.000000,0.000000,0.000128,0.000000,0.325422,0.001045,0.594614,-0.198204,0.000278,-0.032255,0.422035,0.422035,-0.415946,-0.415946,0.450817,0.450714,-0.372302,-0.370977,0.311632,0.156818
7.326000,0.000000,0.000000,0.593700,0.000000,0.000000,0.000000,0.000128,0.000000,0.323219,0.001049,0.594245,-0.167688,0.000301,-0.030844,0.423615,0.423615,-0.417526,-0.417526,0.451267,0.451011,-0.374789,-0.373443,0.313954,0.156903
7.338000,0.000000,0.000000,0.593700,0.000000,0.000000,0.000000,0.000128,0.000000,0.321448,0.001051,0.593854,-0.132670,0.000171,-0.032134,0.425130,0.425130,-0.419041,-0.419041,0.451781,0.451344,-0.377299,-0.375986,0.316329,0.157001
7.350000,0.000000,0.000000,0.593700,0.000000,0.000000,0.000000,0.000128,0.000000,0.320079,0.001052,0.593492,-0.100609,0.000010,-0.032329,0.426393,0.426393,-0.420304,-0.420304,0.452162,0.451535,-0.379939,-0.378688,0.318783,0.157093
7.362000,0.000000,0.000000,0.593700,0.000000,0.000000,0.000000,0.000128,0.000000,0.319040,0.001053,0.593065,-0.076114,-0.000015,-0.033647,0.427406,0.427406,-0.421317,-0.421317,0.452268,0.451452,-0.382620,-0.381462,0.321392,0.157210
7.374000,0.000000,0.000000,0.593700,0.000000,0.000000,0.000000,0.000128,0.000000,0.318255,0.001053,0.592676,-0.057204,-0.000076,-0.030942,0.428148,0.428148,-0.422059,-0.422059,0.452058,0.451143,-0.385350,-0.384262,0.323963,0.157309
7.386000,0.000000,0.000000,0.593700,0.000000,0.000000,0.000000,0.000128,0.000000,0.317659,0.001052,0.592312,-0.043730,-0.000087,-0.028143,0.428602,0.428602,-0.422513,-0.422513,0.451503,0.450598,-0.388017,-0.386997,0.326491,0.157404
7.398000,0.000000,0.000000,0.593700,0.000000,0.000000,0.000000,0.000128,0.000000,0.317210,0.001051,0.591998,-0.032774,-0.000103,-0.025994,0.428769,0.428769,-0.422679,-0.422679,0.450618,0.449835,-0.390521,-0.389557,0.328837,0.157484
7.410000,0.000000,0.000000,0.593700,0.000000,0.000000,0.000000,0.000128,0.000000,0.316883,0.001050,0.591671,-0.024486,-0.000071,-0.025983,0.428647,0.428647,-0.422557,-0.422557,0.449521,0.448876,-0.392844,-0.391937,0.331057,0.157575
7.422000,0.000000,0.000000,0.593700,0.000000,0.000000,0.000000,0.000128,0.000000,0.316650,0.001049,0.591386,-0.017840,-0.000052,-0.021388,0.428238,0.428238,-0.422148,-0.422148,0.448254,0.447731,-0.394858,-0.393999,0.333008,0.157654
7.434000,0.000000,0.000000,0.593700,0.000000,0.000000,0.000000,0.000128,0.000000,0.316492,0.001049,0.591153,-0.012319,-0.000025,-0.018301,0.427575,0.427575,-0.421486,-0.421486,0.446811,0.446406,-0.396570,-0.395754,0.334660,0.157719
7.446000,0.000000,0.000000,0.593700,0.000000,0.000000,0.000000,0.000128,0.000000,0.316391,0.001049,0.590953,-0.008237,-0.000006,-0.015637,0.426766,0.426766,-0.420677,-0.420677,0.445214,0.444960,-0.398018,-0.397243,0.336062,0.157774
7.456000,0.000000,0.000000,0.593700,0.000000,0.000000,0.000000,0.000128,0.000000,0.316337,0.001049,0.590807,-0.005741,-0.000003,-0.014312,0.426051,0.426051,-0.419961,-0.419961,0.443811,0.443684,-0.399054,-0.398306,0.337068,0.157812
7.468000,0.000000,0.000000,0.593700,0.000000,0.000000,0.000000,0.000128,0.000000,0.316299,0.001048,0.590644,-0.003680,-0.000024,-0.012589,0.425193,0.425193,-0.419103,-0.419103,0.442123,0.442052,-0.400112,-0.399387,0.338104,0.157856
7.480000,0.000000,0.000000,0.593700,0.000000,0.000000,0.000000,0.000128,0.000000,0.316282,0.001048,0.590502,-0.002281,-0.000056,-0.011473,0.424358,0.424358,-0.418269,-0.418269,0.440496,0.440345,-0.400998,-0.400292,0.338972,0.157893
7.492000,0.000000,0.000000,0.593700,0.000000,0.000000,0.000000,0.000128,0.000000,0.316280,0.001047,0.590376,-0.001077,-0.000081,-0.009565,0.423555,0.423555,-0.417465,-0.417465,0.438890,0.438693,-0.401743,-0.401050,0.339697,0.157925
7.504000,0.000000,0.000000,0.593700,0.000000,0.000000,0.000000,0.000128,0.000000,0.316291,0.001046,0.590269,-0.000201,-0.000077,-0.008599,0.422782,0.422782,-0.416693,-0.416693,0.437273,0.437115,-0.402366,-0.401684,0.340304,0.157953
7.516000,0.000000,0.000000,0.593700,0.000000,0.000000,0.000000,0.000128,0.000000,0.316308,0.001045,0.590178,0.000251,-0.000071,-0.006788,0.422039,0.422039,-0.415949,-0.415949,0.435728,0.435611,-0.402882,-0.402206,0.340802,0.157980
7.528000,0.000000,0.000000,0.593700,0.000000,0.000000,0.000000,0.000128,0.000000,0.316330,0.001045,0.590110,0.000683,-0.000071,-0.005309,0.421322,0.421322,-0.415233,-0.415233,0.434273,0.434181,-0.403300,-0.402628,0.341206,0.158001
7.540000,0.000000,0.000000,0.593700,0.000000,0.000000,0.000000,0.000128,0.000000,0.316357,0.001044,0.590056,0.001115,-0.000063,-0.004234,0.420631,0.420631,-0.414541,-0.414541,0.432899,0.432823,-0.403631,-0.402963,0.341531,0.158018
7.552000,0.000000,0.000000,0.593700,0.000000,0.000000,0.000000,0.000128,0.000000,0.316386,0.001043,0.590011,0.001344,-0.000064,-0.003435,0.419963,0.419963,-0.413874,-0.413874,0.431597,0.431554,-0.403884,-0.403232,0.341789,0.158032
7.564000,0.000000,0.000000,0.593700,0.000000,0.000000,0.000000,0.000128,0.000000,0.316416,0.001042,0.589980,0.001495,-0.000055,-0.002323,0.419320,0.419320,-0.413230,-0.413230,0.430359,0.430385,-0.404068,-0.403450,0.341988,0.158042
7.576000,0.000000,0.000000,0.593700,0.000000,0.000000,0.000000,0.000128,0.000000,0.316447,0.001042,0.589961,0.001596,-0.000049,-0.001497,0.418698,0.418698,-0.412609,-0.412609,0.429185,0.429309,-0.404190,-0.403620,0.342137,0.158048
7.588000,0.000000,0.000000,0.593700,0.000000,0.000000,0.000000,0.000128,0.000000,0.316478,0.001041,0.589945,0.001715,-0.000048,-0.001021,0.418099,0.418099,-0.412009,-0.412009,0.428087,0.428293,-0.404261,-0.403745,0.342241,0.158054
7.600000,0.000000,0.000000,0.593700,0.000000,0.000000,0.000000,0.000128,0.000000,0.316508,0.001040,0.589939,0.001803,-0.000059,-0.000141,0.417520,0.417520,-0.411431,-0.411431,0.427071,0.427286,-0.404287,-0.403826,0.342300,0.158056
7.612000,0.000000,0.000000,0.593700,0.000000,0.000000,0.000000,0.000128,0.000000,0.316537,0.001040,0.589940,0.001653,-0.000080,0.000264,0.416962,0.416962,-0.410872,-0.410872,0.426134,0.426282,-0.404269,-0.403863,0.342317,0.158056
7.624000,0.000000,0.000000,0.593700,0.000000,0.000000,0.000000,0.000128,0.000000,0.316564,0.001039,0.589949,0.001482,-0.000107,0.001121,0.416423,0.416423,-0.410333,-0.410333,0.425268,0.425334,-0.404211,-0.403857,0.342291,0.158051
7.636000,0.000000,0.000000,0.593700,0.000000,0.000000,0.000000,0.000128,0.000000,0.316591,0.001037,0.589966,0.001530,-0.000126,0.001693,0.415903,0.415903,-0.409813,-0.409813,0.424451,0.424446,-0.404122,-0.403809,0.342229,0.158046
7.648000,0.000000,0.000000,0.593700,0.000000,0.000000,0.000000,0.000128,0.000000,0.316616,0.001036,0.589991,0.001612,-0.000126,0.002358,0.415401,0.415401,-0.409311,-0.409311,0.423641,0.423619,-0.404007,-0.403722,0.342135,0.158041
7.660000,0.000000,0.000000,0.593700,0.000000,0.000000,0.000000,0.000128,0.000000,0.316641,0.001034,0.590022,0.001573,-0.000115,0.002650,0.414916,0.414916,-0.408827,-0.408827,0.422821,0.422850,-0.403869,-0.403597,0.342011,0.158034
7.672000,0.000000,0.000000,0.593700,0.000000,0.000000,0.000000,0.000128,0.000000,0.316665,0.001033,0.590056,0.001407,-0.000094,0.003179,0.414449,0.414449,-0.408359,-0.408359,0.422034,0.422127,-0.403712,-0.403435,0.341858,0.158028
7.684000,0.000000,0.000000,0.593700,0.000000,0.000000,0.000000,0.000128,0.000000,0.316687,0.001032,0.590099,0.001332,-0.000074,0.003791,0.413998,0.413998,-0.407908,-0.407908,0.421293,0.421441,-0.403539,-0.403237,0.341677,0.158018
7.696000,0.000000,0.000000,0.593700,0.000000,0.000000,0.000000,0.000128,0.000000,0.316708,0.001031,0.590147,0.001363,-0.000056,0.004219,0.413562,0.413562,-0.407473,-0.407473,0.420598,0.420787,-0.403353,-0.403016,0.341479,0.158007
7.706000,0.000000,0.000000,0.593700,0.000000,0.000000,0.000000,0.000128,0.000000,0.316725,0.001031,0.590193,0.001361,-0.000047,0.004610,0.413211,0.413211,-0.407122,-0.407122,0.420054,0.420265,-0.403190,-0.402827,0.341306,0.157995
7.718000,0.000000,0.000000,0.593700,0.000000,0.000000,0.000000,0.000128,0.000000,0.316745,0.001030,0.590252,0.001326,-0.000040,0.004991,0.412803,0.412803,-0.406714,-0.406714,0.419441,0.419664,-0.402988,-0.402595,0.341091,0.157980
7.730000,0.000000,0.000000,0.593700,0.000000,0.000000,0.000000,0.000128,0.000000,0.316765,0.001030,0.590315,0.001285,-0.000034,0.005278,0.412410,0.412410,-0.406320,-0.406320,0.418868,0.419091,-0.402779,-0.402360,0.340870,0.157964
7.742000,0.000000,0.000000,0.593700,0.000000,0.000000,0.000000,0.000128,0.000000,0.316783,0.001029,0.590382,0.001241,-0.000029,0.005522,0.412030,0.412030,-0.405941,-0.405941,0.418327,0.418543,-0.402567,-0.402124,0.340646,0.157947
7.754000,0.000000,0.000000,0.593700,0.000000,0.000000,0.000000,0.000128,0.000000,0.316800,0.001029,0.590451,0.001187,-0.000024,0.005751,0.411664,0.411664,-0.405574,-0.405574,0.417814,0.418019,-0.402351,-0.401888,0.340418,0.157930
7.766000,0.000000,0.000000,0.593700,0.000000,0.000000,0.000000,0.000128,0.000000,0.316816,0.001029,0.590521,0.001086,-0.000024,0.005904,0.411310,0.411310,-0.405220,-0.405220,0.417322,0.417524,-0.402133,-0.401652,0.340188,0.157912
7.778000,0.000000,0.000000,0.593700,0.000000,0.000000,0.000000,0.000128,0.000000,0.316830,0.001028,0.590594,0.000995,-0.000020,0.006136,0.410968,0.410968,-0.404879,-0.404879,0.416850,0.417062,-0.401913,-0.401418,0.339956,0.157893
7.790000,0.000000,0.000000,0.593700,0.000000,0.000000,0.000000,0.000128,0.000000,0.316844,0.001028,0.590670,0.000930,-0.000013,0.006359,0.410639,0.410639,-0.404550,-0.404550,0.416397,0.416631,-0.401694,-0.401186,0.339723,0.157874
7.802000,0.000000,0.000000,0.593700,0.000000,0.000000,0.000000,0.000128,0.000000,0.316857,0.001028,0.590748,0.000876,-0.000005,0.006543,0.410321,0.410321,-0.404232,-0.404232,0.415961,0.416230,-0.401475,-0.400958,0.339491,0.157853
7.814000,0.000000,0.000000,0.593700,0.000000,0.000000,0.000000,0.000128,0.000000,0.316868,0.001028,0.590829,0.000824,0.000004,0.006694,0.410014,0.410014,-0.403925,-0.403925,0.415542,0.415855,-0.401258,-0.400733,0.339260,0.157832
7.826000,0.000000,0.000000,0.593700,0.000000,0.000000,0.000000,0.000128,0.000000,0.316879,0.001028,0.590911,0.000772,0.000013,0.006821,0.409718,0.409718,-0.403629,-0.403629,0.415139,0.415504,-0.401043,-0.400512,0.339031,0.157810
7.838000,0.000000,0.000000,0.593700,0.000000,0.000000,0.000000,0.000128,0.000000,0.316890,0.001028,0.590995,0.000720,0.000024,0.006930,0.409433,0.409433,-0.403343,-0.403343,0.414751,0.415175,-0.400832,-0.400295,0.338804,0.157788
7.850000,0.000000,0.000000,0.593700,0.000000,0.000000,0.000000,0.000128,0.000000,0.316899,0.001029,0.591079,0.000654,0.000030,0.006978,0.409157,0.409157,-0.403067,-0.403067,0.414379,0.414866,-0.400623,-0.400083,0.338580,0.157765
7.862000,0.000000,0.000000,0.593700,0.000000,0.000000,0.000000,0.000128,0.000000,0.316908,0.001029,0.591163,0.000599,0.000034,0.007082,0.408891,0.408891,-0.402801,-0.402801,0.414027,0.414576,-0.400419,-0.399876,0.338359,0.157743
7.874000,0.000000,0.000000,0.593700,0.000000,0.000000,0.000000,0.000128,0.000000,0.316916,0.001029,0.591249,0.000548,0.000037,0.007139,0.408634,0.408634,-0.402544,-0.402544,0.413693,0.414303,-0.400218,-0.399673,0.338141,0.157720
7.886000,0.000000,0.000000,0.593700,0.000000,0.000000,0.000000,0.000128,0.000000,0.316923,0.001030,0.591336,0.000499,0.000045,0.007205,0.408386,0.408386,-0.402297,-0.402297,0.413380,0.414044,-0.400019,-0.399475,0.337925,0.157697
7.898000,0.000000,0.000000,0.593700,0.000000,0.000000,0.000000,0.000128,0.000000,0.316930,0.001030,0.591422,0.000492,0.000054,0.007230,0.408147,0.408147,-0.402058,-0.402058,0.413086,0.413797,-0.399824,-0.399281,0.337713,0.157674
7.910000,0.000000,0.000000,0.593700,0.000000,0.000000,0.000000,0.000128,0.000000,0.316937,0.001031,0.591509,0.000499,0.000061,0.007281,0.407916,0.407916,-0.401827,-0.401827,0.412809,0.413549,-0.399631,-0.399091,0.337502,0.157650
7.922000,0.000000,0.000000,0.593700,0.000000,0.000000,0.000000,0.000128,0.000000,0.316943,0.001032,0.591597,0.000477,0.000063,0.007332,0.407693,0.407693,-0.401604,-0.401604,0.412548,0.413292,-0.399440,-0.398904,0.337293,0.157626
7.934000,0.000000,0.000000,0.593700,0.000000,0.000000,0.000000,0.000128,0.000000,0.316948,0.001033,0.591685,0.000436,0.000058,0.007368,0.407478,0.407478,-0.401389,-0.401389,0.412302,0.413024,-0.399250,-0.398719,0.337086,0.157602
7.946000,0.000000,0.000000,0.593700,0.000000,0.000000,0.000000,0.000128,0.000000,0.316953,0.001033,0.591774,0.000396,0.000048,0.007400,0.407271,0.407271,-0.401182,-0.401182,0.412069,0.412744,-0.399061,-0.398535,0.336880,0.157577
7.956000,0.000000,0.000000,0.593700,0.000000,0.000000,0.000000,0.000128,0.000000,0.316957,0.001034,0.591848,0.000365,0.000035,0.007416,0.407104,0.407104,-0.401014,-0.401014,0.411885,0.412500,-0.398905,-0.398382,0.336708,0.157557
7.968000,0.000000,0.000000,0.593700,0.000000,0.000000,0.000000,0.000128,0.000000,0.316961,0.001034,0.591938,0.000331,0.000017,0.007419,0.406909,0.406909,-0.400820,-0.400820,0.411675,0.412196,-0.398718,-0.398200,0.336503,0.157533
7.980000,0.000000,0.000000,0.593700,0.000000,0.000000,0.000000,0.000128,0.000000,0.316965,0.001034,0.592027,0.000299,-0.000006,0.007407,0.406722,0.406722,-0.400632,-0.400632,0.411476,0.411879,-0.398534,-0.398019,0.336299,0.157509
7.992000,0.000000,0.000000,0.593700,0.000000,0.000000,0.000000,0.000128,0.000000,0.316968,0.001034,0.592116,0.000268,-0.000031,0.007385,0.406541,0.406541,-0.400451,-0.400451,0.411288,0.411550,-0.398351,-0.397840,0.336097,0.157485
8.002000,0.000000,0.000000,0.593700,0.000000,0.000000,0.000000,0.000128,0.000000,0.316970,0.001034,0.592190,0.000243,-0.000055,0.007358,0.406395,0.406395,-0.400305,-0.400305,0.411138,0.411266,-0.398201,-0.397693,0.335931,0.157465
8.014000,0.000000,0.000000,0.593700,0.000000,0.000000,0.000000,0.000128,0.000000,0.316972,0.001033,0.592276,0.000119,-0.000077,0.007196,0.406225,0.406225,-0.400136,-0.400136,0.410966,0.410936,-0.398023,-0.397518,0.335733,0.157442
8.024000,0.000000,0.000000,0.593700,0.000000,0.000000,0.000000,0.000128,0.000000,0.316974,0.001032,0.592348,0.000078,-0.000094,0.007241,0.406089,0.406089,-0.399999,-0.399999,0.410830,0.410678,-0.397877,-0.397375,0.335569,0.157423
8.036000,0.000000,0.000000,0.593700,0.000000,0.000000,0.000000,0.000128,0.000000,0.316976,0.001031,0.592435,0.000081,-0.000111,0.007268,0.405930,0.405930,-0.399840,-0.399840,0.410673,0.410391,-0.397703,-0.397205,0.335374,0.157400
8.048000,0.000000,0.000000,0.593700,0.000000,0.000000,0.000000,0.000128,0.000000,0.316978,0.001030,0.592523,0.000107,-0.000123,0.007274,0.405776,0.405776,-0.399687,-0.399687,0.410523,0.410128,-0.397534,-0.397040,0.335183,0.157377
8.060000,0.000000,0.000000,0.593700,0.000000,0.000000,0.000000,0.000128,0.000000,0.316980,0.001028,0.592610,0.000135,-0.000132,0.007261,0.405629,0.405629,-0.399539,-0.399539,0.410379,0.409887,-0.397369,-0.396879,0.334996,0.157354
8.072000,0.000000,0.000000,0.593700,0.000000,0.000000,0.000000,0.000128,0.000000,0.316983,0.001026,0.592698,0.000160,-0.000138,0.007235,0.405486,0.405486,-0.399396,-0.399396,0.410242,0.409665,-0.397208,-0.396723,0.334812,0.157331
8.084000,0.000000,0.000000,0.593700,0.000000,0.000000,0.000000,0.000128,0.000000,0.316985,0.001025,0.592784,0.000179,-0.000141,0.007202,0.405348,0.405348,-0.399259,-0.399259,0.410109,0.409461,-0.397051,-0.396571,0.334632,0.157309
8.096000,0.000000,0.000000,0.593700,0.000000,0.000000,0.000000,0.000128,0.000000,0.316988,0.001023,0.592871,0.000193,-0.000143,0.007163,0.405215,0.405215,-0.399126,-0.399126,0.409982,0.409274,-0.396898,-0.396424,0.334456,0.157287
8.108000,0.000000,0.000000,0.593700,0.000000,0.000000,0.000000,0.000128,0.000000,0.316991,0.001021,0.592957,0.000209,-0.000142,0.007102,0.405087,0.405087,-0.398997,-0.398997,0.409860,0.409101,-0.396749,-0.396280,0.334285,0.157265
8.120000,0.000000,0.000000,0.593700,0.000000,0.000000,0.000000,0.000128,0.000000,0.316994,0.001020,0.593041,0.000238,-0.000141,0.007020,0.404963,0.404963,-0.398874,-0.398874,0.409737,0.408941,-0.396605,-0.396141,0.334117,0.157244
8.132000,0.000000,0.000000,0.593700,0.000000,0.000000,0.000000,0.000128,0.000000,0.316997,0.001018,0.593125,0.000249,-0.000137,0.006984,0.404843,0.404843,-0.398754,-0.398754,0.409609,0.408793,-0.396467,-0.396006,0.333954,0.157222
8.144000,0.000000,0.000000,0.593700,0.000000,0.000000,0.000000,0.000128,0.000000,0.317000,0.001016,0.593208,0.000240,-0.000130,0.006943,0.404728,0.404728,-0.398639,-0.398639,0.409474,0.408656,-0.396335,-0.395875,0.333795,0.157202
8.156000,0.000000,0.000000,0.593700,0.000000,0.000000,0.000000,0.000128,0.000000,0.317002,0.001015,0.593292,0.000221,-0.000121,0.006891,0.404617,0.404617,-0.398527,-0.398527,0.409332,0.408528,-0.396208,-0.395747,0.333640,0.157181
8.168000,0.000000,0.000000,0.593700,0.000000,0.000000,0.000000,0.000128,0.000000,0.317005,0.001013,0.593374,0.000199,-0.000110,0.006829,0.404509,0.404509,-0.398420,-0.398420,0.409183,0.408410,-0.396086,-0.395623,0.333490,0.157160
8.180000,0.000000,0.000000,0.593700,0.000000,0.000000,0.000000,0.000128,0.000000,0.317007,0.001012,0.593455,0.000178,-0.000097,0.006751,0.404406,0.404406,-0.398316,-0.398316,0.409026,0.408299,-0.395969,-0.395502,0.333343,0.157139
8.192000,0.000000,0.000000,0.593700,0.000000,0.000000,0.000000,0.000128,0.000000,0.317008,0.001011,0.593536,0.000163,-0.000082,0.006663,0.404306,0.404306,-0.398216,-0.398216,0.408862,0.408196,-0.395857,-0.395386,0.333201,0.157119
8.204000,0.000000,0.000000,0.593700,0.000000,0.000000,0.000000,0.000128,0.000000,0.317010,0.001010,0.593615,0.000139,-0.000067,0.006598,0.404209,0.404209,-0.398120,-0.398120,0.408690,0.408099,-0.395750,-0.395274,0.333063,0.157098
8.216000,0.000000,0.000000,0.593700,0.000000,0.000000,0.000000,0.000128,0.000000,0.317011,0.001009,0.593694,0.000110,-0.000050,0.006526,0.404116,0.404116,-0.398027,-0.398027,0.408512,0.408009,-0.395648,-0.395167,0.332931,0.157078
8.226000,0.000000,0.000000,0.593700,0.000000,0.000000,0.000000,0.000128,0.000000,0.317011,0.001009,0.593759,0.000086,-0.000035,0.006463,0.404041,0.404041,-0.397952,-0.397952,0.408359,0.407937,-0.395566,-0.395081,0.332824,0.157061
8.238000,0.000000,0.000000,0.593700,0.000000,0.000000,0.000000,0.000128,0.000000,0.317012,0.001009,0.593836,0.000059,-0.000017,0.006383,0.403954,0.403954,-0.397864,-0.397864,0.408168,0.407857,-0.395472,-0.394983,0.332699,0.157041
8.250000,0.000000,0.000000,0.593700,0.000000,0.000000,0.000000,0.000128,0.000000,0.317012,0.001008,0.593913,0.000033,0.000002,0.006302,0.403870,0.403870,-0.397780,-0.397780,0.407971,0.407781,-0.395381,-0.394888,0.332578,0.157020
8.262000,0.000000,0.000000,0.593700,0.000000,0.000000,0.000000,0.000128,0.000000,0.317012,0.001009,0.593988,0.000010,0.000022,0.006215,0.403788,0.403788,-0.397699,-0.397699,0.407768,0.407709,-0.395295,-0.394796,0.332461,0.157000
8.274000,0.000000,0.000000,0.593700,0.000000,0.000000,0.000000,0.000128,0.000000,0.317011,0.001009,0.594062,-0.000021,0.000041,0.006090,0.403710,0.403710,-0.397620,-0.397620,0.407560,0.407641,-0.395212,-0.394709,0.332347,0.156980
8.286000,0.000000,0.000000,0.593700,0.000000,0.000000,0.000000,0.000128,0.000000,0.317010,0.001009,0.594133,-0.000092,0.000061,0.005975,0.403634,0.403634,-0.397545,-0.397545,0.407360,0.407576,-0.395132,-0.394625,0.332237,0.156961
8.298000,0.000000,0.000000,0.593700,0.000000,0.000000,0.000000,0.000128,0.000000,0.317009,0.001010,0.594204,-0.000119,0.000077,0.005949,0.403561,0.403561,-0.397472,-0.397472,0.407175,0.407514,-0.395056,-0.394544,0.332130,0.156942
8.310000,0.000000,0.000000,0.593700,0.000000,0.000000,0.000000,0.000128,0.000000,0.317008,0.001011,0.594275,-0.000118,0.000090,0.005911,0.403491,0.403491,-0.397401,-0.397401,0.407006,0.407455,-0.394983,-0.394468,0.332026,0.156923
8.322000,0.000000,0.000000,0.593700,0.000000,0.000000,0.000000,0.000128,0.000000,0.317007,0.001012,0.594346,-0.000107,0.000100,0.005860,0.403423,0.403423,-0.397333,-0.397333,0.406852,0.407397,-0.394913,-0.394396,0.331926,0.156904
8.334000,0.000000,0.000000,0.593700,0.000000,0.000000,0.000000,0.000128,0.000000,0.317006,0.001013,0.594416,-0.000093,0.000107,0.005799,0.403357,0.403357,-0.397268,-0.397268,0.406711,0.407342,-0.394847,-0.394327,0.331829,0.156884
8.346000,0.000000,0.000000,0.593700,0.000000,0.000000,0.000000,0.000128,0.000000,0.317006,0.001015,0.594485,-0.000081,0.000112,0.005732,0.403294,0.403294,-0.397204,-0.397204,0.406584,0.407287,-0.394784,-0.394262,0.331736,0.156865
8.358000,0.000000,0.000000,0.593700,0.000000,0.000000,0.000000,0.000128,0.000000,0.317005,0.001016,0.594553,-0.000073,0.000116,0.005666,0.403232,0.403232,-0.397143,-0.397143,0.406468,0.407234,-0.394724,-0.394201,0.331645,0.156846
8.370000,0.000000,0.000000,0.593700,0.000000,0.000000,0.000000,0.000128,0.000000,0.317005,0.001017,0.594621,-0.000067,0.000117,0.005600,0.403173,0.403173,-0.397084,-0.397084,0.406362,0.407181,-0.394667,-0.394142,0.331558,0.156827
8.382000,0.000000,0.000000,0.593700,0.000000,0.000000,0.000000,0.000128,0.000000,0.317004,0.001019,0.594688,-0.000063,0.000117,0.005532,0.403117,0.403117,-0.397027,-0.397027,0.406265,0.407129,-0.394612,-0.394087,0.331474,0.156808
8.394000,0.000000,0.000000,0.593700,0.000000,0.000000,0.000000,0.000128,0.000000,0.317003,0.001020,0.594754,-0.000061,0.000116,0.005464,0.403062,0.403062,-0.396972,-0.396972,0.406176,0.407078,-0.394560,-0.394033,0.331392,0.156790
8.406000,0.000000,0.000000,0.593700,0.000000,0.000000,0.000000,0.000128,0.000000,0.317003,0.001022,0.594819,-0.000060,0.000114,0.005395,0.403009,0.403009,-0.396919,-0.396919,0.406094,0.407028,-0.394510,-0.393983,0.331313,0.156772
8.418000,0.000000,0.000000,0.593700,0.000000,0.000000,0.000000,0.000128,0.000000,0.317002,0.001023,0.594883,-0.000059,0.000111,0.005326,0.402957,0.402957,-0.396868,-0.396868,0.406019,0.406980,-0.394462,-0.393935,0.331236,0.156754
8.430000,0.000000,0.000000,0.593700,0.000000,0.000000,0.000000,0.000128,0.000000,0.317002,0.001024,0.594947,-0.000058,0.000108,0.005258,0.402908,0.402908,-0.396819,-0.396819,0.405950,0.406932,-0.394416,-0.393888,0.331161,0.156736
8.442000,0.000000,0.000000,0.593700,0.000000,0.000000,0.000000,0.000128,0.000000,0.317001,0.001026,0.595009,-0.000058,0.000105,0.005189,0.402860,0.402860,-0.396771,-0.396771,0.405886,0.406886,-0.394372,-0.393844,0.331089,0.156718
8.454000,0.000000,0.000000,0.593700,0.000000,0.000000,0.000000,0.000128,0.000000,0.317001,0.001027,0.595071,-0.000057,0.000101,0.005121,0.402814,0.402814,-0.396725,-0.396725,0.405827,0.406840,-0.394330,-0.393802,0.331018,0.156701
8.466000,0.000000,0.000000,0.593700,0.000000,0.000000,0.000000,0.000128,0.000000,0.317000,0.001028,0.595132,-0.000057,0.000097,0.005053,0.402770,0.402770,-0.396681,-0.396681,0.405772,0.406796,-0.394289,-0.393761,0.330950,0.156684
8.476000,0.000000,0.000000,0.593700,0.000000,0.000000,0.000000,0.000128,0.000000,0.316999,0.001029,0.595182,-0.000057,0.000094,0.004996,0.402734,0.402734,-0.396645,-0.396645,0.405729,0.406760,-0.394257,-0.393729,0.330894,0.156670
8.488000,0.000000,0.000000,0.593700,0.000000,0.000000,0.000000,0.000128,0.000000,0.316999,0.001030,0.595242,-0.000057,0.000090,0.004929,0.402693,0.402693,-0.396603,-0.396603,0.405681,0.406718,-0.394219,-0.393691,0.330829,0.156653
8.500000,0.000000,0.000000,0.593700,0.000000,0.000000,0.000000,0.000128,0.000000,0.317000,0.001032,0.595274,0.000047,0.000201,0.001478,0.402652,0.402652,-0.396563,-0.396563,0.405634,0.406675,-0.394185,-0.393657,0.330781,0.156642
8.512000,0.000000,0.000000,0.593700,0.000000,0.000000,0.000000,0.000128,0.000000,0.317000,0.001034,0.595291,-0.000000,0.000624,0.001373,0.402614,0.402614,-0.396524,-0.396524,0.405592,0.406635,-0.394151,-0.393623,0.330743,0.156635
8.524000,0.000000,0.000000,0.593700,0.000000,0.000000,0.000000,0.000128,0.000000,0.317000,0.001034,0.595305,-0.000011,0.000884,0.001937,0.402576,0.402576,-0.396487,-0.396487,0.405553,0.406598,-0.394117,-0.393589,0.330707,0.156632
8.536000,0.000000,0.000000,0.593700,0.000000,0.000000,0.000000,0.000128,0.000000,0.317000,0.001031,0.595338,-0.000085,0.000029,0.003907,0.402540,0.402540,-0.396451,-0.396451,0.405519,0.406565,-0.394082,-0.393555,0.330659,0.156627
8.548000,0.000000,0.000000,0.593700,0.000000,0.000000,0.000000,0.000128,0.000000,0.316999,0.001031,0.595389,-0.000076,0.000035,0.004729,0.402505,0.402505,-0.396416,-0.396416,0.405487,0.406532,-0.394049,-0.393522,0.330602,0.156613
8.560000,0.000000,0.000000,0.593700,0.000000,0.000000,0.000000,0.000128,0.000000,0.316998,0.001032,0.595448,-0.000066,0.000040,0.005051,0.402472,0.402472,-0.396383,-0.396383,0.405456,0.406499,-0.394017,-0.393491,0.330542,0.156597
8.572000,0.000000,0.000000,0.593700,0.000000,0.000000,0.000000,0.000128,0.000000,0.316997,0.001032,0.595510,-0.000063,0.000042,0.005098,0.402439,0.402439,-0.396350,-0.396350,0.405425,0.406465,-0.393988,-0.393462,0.330483,0.156580
8.584000,0.000000,0.000000,0.593700,0.000000,0.000000,0.000000,0.000128,0.000000,0.316996,0.001033,0.595572,-0.000063,0.000044,0.005024,0.402408,0.402408,-0.396319,-0.396319,0.405395,0.406432,-0.393960,-0.393435,0.330425,0.156564
8.596000,0.000000,0.000000,0.593700,0.000000,0.000000,0.000000,0.000128,0.000000,0.316995,0.001033,0.595632,-0.000063,0.000045,0.004913,0.402378,0.402378,-0.396289,-0.396289,0.405366,0.406399,-0.393934,-0.393409,0.330370,0.156547
8.608000,0.000000,0.000000,0.593700,0.000000,0.000000,0.000000,0.000128,0.000000,0.316994,0.001034,0.595690,-0.000062,0.000045,0.004799,0.402349,0.402349,-0.396259,-0.396259,0.405339,0.406367,-0.393908,-0.393384,0.330316,0.156532
8.620000,0.000000,0.000000,0.593700,0.000000,0.000000,0.000000,0.000128,0.000000,0.316994,0.001034,0.595748,-0.000061,0.000045,0.004693,0.402321,0.402321,-0.396231,-0.396231,0.405313,0.406336,-0.393884,-0.393360,0.330264,0.156516
8.632000,0.000000,0.000000,0.593700,0.000000,0.000000,0.000000,0.000128,0.000000,0.316993,0.001035,0.595803,-0.000059,0.000045,0.004596,0.402294,0.402294,-0.396204,-0.396204,0.405288,0.406305,-0.393860,-0.393337,0.330213,0.156501
8.644000,0.000000,0.000000,0.593700,0.000000,0.000000,0.000000,0.000128,0.000000,0.316992,0.001035,0.595858,-0.000058,0.000045,0.004506,0.402267,0.402267,-0.396178,-0.396178,0.405264,0.406276,-0.393837,-0.393314,0.330164,0.156486
8.656000,0.000000,0.000000,0.593700,0.000000,0.000000,0.000000,0.000128,0.000000,0.316992,0.001036,0.595912,-0.000056,0.000044,0.004422,0.402242,0.402242,-0.396153,-0.396153,0.405241,0.406248,-0.393815,-0.393293,0.330116,0.156472
8.668000,0.000000,0.000000,0.593700,0.000000,0.000000,0.000000,0.000128,0.000000,0.316991,0.001037,0.595964,-0.000055,0.000044,0.004341,0.402218,0.402218,-0.396128,-0.396128,0.405220,0.406221,-0.393794,-0.393273,0.330069,0.156457
8.680000,0.000000,0.000000,0.593700,0.000000,0.000000,0.000000,0.000128,0.000000,0.316990,0.001037,0.596016,-0.000053,0.000043,0.004262,0.402194,0.402194,-0.396105,-0.396105,0.405199,0.406194,-0.393774,-0.393253,0.330023,0.156443
8.692000,0.000000,0.000000,0.593700,0.000000,0.000000,0.000000,0.000128,0.000000,0.316990,0.001038,0.596067,-0.000052,0.000042,0.004185,0.402172,0.402172,-0.396082,-0.396082,0.405179,0.406169,-0.393754,-0.393234,0.329979,0.156430
8.704000,0.000000,0.000000,0.593700,0.000000,0.000000,0.000000,0.000128,0.000000,0.316989,0.001038,0.596116,-0.000051,0.000041,0.004110,0.402150,0.402150,-0.396060,-0.396060,0.405161,0.406144,-0.393735,-0.393215,0.329935,0.156416
8.716000,0.000000,0.000000,0.593700,0.000000,0.000000,0.000000,0.000128,0.000000,0.316988,0.001039,0.596165,-0.000049,0.000039,0.004036,0.402129,0.402129,-0.396039,-0.396039,0.405142,0.406120,-0.393717,-0.393197,0.329893,0.156403
8.726000,0.000000,0.000000,0.593700,0.000000,0.000000,0.000000,0.000128,0.000000,0.316988,0.001039,0.596205,-0.000048,0.000038,0.003976,0.402111,0.402111,-0.396022,-0.396022,0.405128,0.406101,-0.393703,-0.393183,0.329858,0.156392
8.738000,0.000000,0.000000,0.593700,0.000000,0.000000,0.000000,0.000128,0.000000,0.316987,0.001039,0.596253,-0.000047,0.000037,0.003906,0.402092,0.402092,-0.396002,-0.396002,0.405111,0.406078,-0.393685,-0.393167,0.329818,0.156379
8.750000,0.000000,0.000000,0.593700,0.000000,0.000000,0.000000,0.000128,0.000000,0.316987,0.001040,0.596299,-0.000046,0.000036,0.003837,0.402073,0.402073,-0.395983,-0.395983,0.405095,0.406057,-0.393669,-0.393151,0.329779,0.156367
8.762000,0.000000,0.000000,0.593700,0.000000,0.000000,0.000000,0.000128,0.000000,0.316986,0.001040,0.596345,-0.000044,0.000035,0.003770,0.402054,0.402054,-0.395965,-0.395965,0.405080,0.406035,-0.393653,-0.393135,0.329740,0.156354
8.774000,0.000000,0.000000,0.593700,0.000000,0.000000,0.000000,0.000128,0.000000,0.316986,0.001041,0.596389,-0.000043,0.000034,0.003704,0.402036,0.402036,-0.395947,-0.395947,0.405065,0.406015,-0.393638,-0.393121,0.329703,0.156342
8.786000,0.000000,0.000000,0.593700,0.000000,0.000000,0.000000,0.000128,0.000000,0.316985,0.001041,0.596433,-0.000042,0.000032,0.003639,0.402019,0.402019,-0.395930,-0.395930,0.405050,0.405995,-0.393623,-0.393106,0.329666,0.156330
8.798000,0.000000,0.000000,0.593700,0.000000,0.000000,0.000000,0.000128,0.000000,0.316985,0.001041,0.596477,-0.000040,0.000031,0.003576,0.402003,0.402003,-0.395913,-0.395913,0.405037,0.405976,-0.393609,-0.393093,0.329630,0.156318
8.810000,0.000000,0.000000,0.593700,0.000000,0.000000,0.000000,0.000128,0.000000,0.316984,0.001042,0.596519,-0.000039,0.000030,0.003514,0.401987,0.401987,-0.395897,-0.395897,0.405023,0.405958,-0.393595,-0.393079,0.329595,0.156307
8.822000,0.000000,0.000000,0.593700,0.000000,0.000000,0.000000,0.000128,0.000000,0.316984,0.001042,0.596561,-0.000038,0.000029,0.003453,0.401971,0.401971,-0.395882,-0.395882,0.405011,0.405940,-0.393582,-0.393067,0.329561,0.156296
8.834000,0.000000,0.000000,0.593700,0.000000,0.000000,0.000000,0.000128,0.000000,0.316983,0.001043,0.596602,-0.000037,0.000028,0.003394,0.401956,0.401956,-0.395867,-0.395867,0.404998,0.405923,-0.393570,-0.393054,0.329528,0.156284
8.846000,0.000000,0.000000,0.593700,0.000000,0.000000,0.000000,0.000128,0.000000,0.316983,0.001043,0.596642,-0.000035,0.000027,0.003336,0.401942,0.401942,-0.395852,-0.395852,0.404987,0.405907,-0.393557,-0.393043,0.329495,0.156274
8.858000,0.000000,0.000000,0.593700,0.000000,0.000000,0.000000,0.000128,0.000000,0.316983,0.001043,0.596682,-0.000034,0.000026,0.003279,0.401928,0.401928,-0.395838,-0.395838,0.404975,0.405891,-0.393546,-0.393031,0.329463,0.156263
8.870000,0.000000,0.000000,0.593700,0.000000,0.000000,0.000000,0.000128,0.000000,0.316982,0.001043,0.596721,-0.000033,0.000025,0.003223,0.401914,0.401914,-0.395825,-0.395825,0.404964,0.405875,-0.393534,-0.393020,0.329432,0.156252
8.882000,0.000000,0.000000,0.593700,0.000000,0.000000,0.000000,0.000128,0.000000,0.316982,0.001044,0.596759,-0.000032,0.000024,0.003168,0.401902,0.401902,-0.395812,-0.395812,0.404954,0.405860,-0.393523,-0.393010,0.329402,0.156242
8.894000,0.000000,0.000000,0.593700,0.000000,0.000000,0.000000,0.000128,0.000000,0.316982,0.001044,0.596797,-0.000030,0.000023,0.003114,0.401889,0.401889,-0.395800,-0.395800,0.404944,0.405845,-0.393513,-0.392999,0.329373,0.156232
8.906000,0.000000,0.000000,0.593700,0.000000,0.000000,0.000000,0.000128,0.000000,0.316981,0.001044,0.596834,-0.000029,0.000022,0.003062,0.401877,0.401877,-0.395788,-0.395788,0.404934,0.405831,-0.393503,-0.392990,0.329344,0.156222
8.918000,0.000000,0.000000,0.593700,0.000000,0.000000,0.000000,0.000128,0.000000,0.316981,0.001045,0.596870,-0.000028,0.000021,0.003010,0.401865,0.401865,-0.395776,-0.395776,0.404924,0.405818,-0.393493,-0.392980,0.329315,0.156212
8.930000,0.000000,0.000000,0.593700,0.000000,0.000000,0.000000,0.000128,0.000000,0.316980,0.001045,0.596906,-0.000027,0.000020,0.002959,0.401854,0.401854,-0.395765,-0.395765,0.404915,0.405805,-0.393483,-0.392971,0.329288,0.156202
8.942000,0.000000,0.000000,0.593700,0.000000,0.000000,0.000000,0.000128,0.000000,0.316980,0.001045,0.596941,-0.000026,0.000019,0.002910,0.401843,0.401843,-0.395754,-0.395754,0.404906,0.405792,-0.393474,-0.392962,0.329261,0.156193
8.954000,0.000000,0.000000,0.593700,0.000000,0.000000,0.000000,0.000128,0.000000,0.316980,0.001045,0.596976,-0.000025,0.000018,0.002861,0.401833,0.401833,-0.395744,-0.395744,0.404898,0.405780,-0.393466,-0.392954,0.329234,0.156184
8.966000,0.000000,0.000000,0.593700,0.000000,0.000000,0.000000,0.000128,0.000000,0.316980,0.001045,0.597010,-0.000024,0.000018,0.002813,0.401823,0.401823,-0.395733,-0.395733,0.404889,0.405768,-0.393457,-0.392946,0.329208,0.156175
8.976000,0.000000,0.000000,0.593700,0.000000,0.000000,0.000000,0.000128,0.000000,0.316979,0.001046,0.597037,-0.000023,0.000017,0.002774,0.401815,0.401815,-0.395725,-0.395725,0.404883,0.405759,-0.393450,-0.392939,0.329187,0.156167
8.988000,0.000000,0.000000,0.593700,0.000000,0.000000,0.000000,0.000128,0.000000,0.316979,0.001046,0.597070,-0.000022,0.000016,0.002728,0.401805,0.401805,-0.395716,-0.395716,0.404875,0.405747,-0.393443,-0.392931,0.329163,0.156158
9.000000,0.000000,0.000000,0.593700,0.000000,0.000000,0.000000,0.000128,0.000000,0.316979,0.001046,0.597103,-0.000021,0.000016,0.002682,0.401796,0.401796,-0.395707,-0.395707,0.404868,0.405737,-0.393435,-0.392924,0.329138,0.156150
9.012000,0.000000,0.000000,0.593700,0.000000,0.000000,0.000000,0.000128,0.000000,0.316979,0.001046,0.597135,-0.000020,0.000015,0.002638,0.401787,0.401787,-0.395698,-0.395698,0.404860,0.405726,-0.393428,-0.392917,0.329115,0.156141
9.024000,0.000000,0.000000,0.593700,0.000000,0.000000,0.000000,0.000128,0.000000,0.316978,0.001046,0.597166,-0.000019,0.000014,0.002594,0.401779,0.401779,-0.395690,-0.395690,0.404853,0.405716,-0.393421,-0.392910,0.329092,0.156133
9.036000,0.000000,0.000000,0.593700,0.000000,0.000000,0.000000,0.000128,0.000000,0.316978,0.001047,0.597197,-0.000018,0.000014,0.002551,0.401771,0.401771,-0.395681,-0.395681,0.404847,0.405707,-0.393414,-0.392904,0.329069,0.156124
9.048000,0.000000,0.000000,0.593700,0.000000,0.000000,0.000000,0.000128,0.000000,0.316978,0.001047,0.597227,-0.000017,0.000013,0.002509,0.401763,0.401763,-0.395673,-0.395673,0.404840,0.405697,-0.393407,-0.392897,0.329047,0.156116
9.060000,0.000000,0.000000,0.593700,0.000000,0.000000,0.000000,0.000128,0.000000,0.316978,0.001047,0.597257,-0.000016,0.000013,0.002468,0.401755,0.401755,-0.395666,-0.395666,0.404834,0.405688,-0.393401,-0.392891,0.329025,0.156108
9.072000,0.000000,0.000000,0.593700,0.000000,0.000000,0.000000,0.000128,0.000000,0.316978,0.001047,0.597286,-0.000016,0.000012,0.002427,0.401748,0.401748,-0.395658,-0.395658,0.404828,0.405679,-0.393395,-0.392885,0.329004,0.156100
9.084000,0.000000,0.000000,0.593700,0.000000,0.000000,0.000000,0.000128,0.000000,0.316977,0.001047,0.597315,-0.000015,0.000012,0.002387,0.401741,0.401741,-0.395651,-0.395651,0.404822,0.405671,-0.393389,-0.392880,0.328983,0.156093
9.096000,0.000000,0.000000,0.593700,0.000000,0.000000,0.000000,0.000128,0.000000,0.316977,0.001047,0.597343,-0.000014,0.000011,0.002348,0.401734,0.401734,-0.395645,-0.395645,0.404816,0.405663,-0.393383,-0.392874,0.328963,0.156085
9.108000,0.000000,0.000000,0.593700,0.000000,0.000000,0.000000,0.000128,0.000000,0.316977,0.001047,0.597371,-0.000013,0.000011,0.002310,0.401727,0.401727,-0.395638,-0.395638,0.404811,0.405655,-0.393378,-0.392869,0.328943,0.156077
9.120000,0.000000,0.000000,0.593700,0.000000,0.000000,0.000000,0.000128,0.000000,0.316977,0.001048,0.597399,-0.000012,0.000010,0.002272,0.401721,0.401721,-0.395632,-0.395632,0.404806,0.405647,-0.393373,-0.392864,0.328923,0.156070
9.132000,0.000000,0.000000,0.593700,0.000000,0.000000,0.000000,0.000128,0.000000,0.316977,0.001048,0.597426,-0.000012,0.000010,0.002234,0.401715,0.401715,-0.395625,-0.395625,0.404800,0.405640,-0.393368,-0.392859,0.328904,0.156063
9.144000,0.000000,0.000000,0.593700,0.000000,0.000000,0.000000,0.000128,0.000000,0.316977,0.001048,0.597452,-0.000011,0.000009,0.002198,0.401709,0.401709,-0.395619,-0.395619,0.404796,0.405633,-0.393363,-0.392854,0.328885,0.156056
9.156000,0.000000,0.000000,0.593700,0.000000,0.000000,0.000000,0.000128,0.000000,0.316977,0.001048,0.597478,-0.000010,0.000009,0.002162,0.401703,0.401703,-0.395614,-0.395614,0.404791,0.405626,-0.393358,-0.392850,0.328867,0.156049
9.168000,0.000000,0.000000,0.593700,0.000000,0.000000,0.000000,0.000128,0.000000,0.316976,0.001048,0.597504,-0.000010,0.000009,0.002127,0.401698,0.401698,-0.395608,-0.395608,0.404786,0.405619,-0.393354,-0.392846,0.328849,0.156042
9.180000,0.000000,0.000000,0.593700,0.000000,0.000000,0.000000,0.000128,0.000000,0.316976,0.001048,0.597529,-0.000009,0.000008,0.002092,0.401692,0.401692,-0.395603,-0.395603,0.404782,0.405613,-0.393349,-0.392841,0.328832,0.156035
9.192000,0.000000,0.000000,0.593700,0.000000,0.000000,0.000000,0.000128,0.000000,0.316976,0.001048,0.597554,-0.000009,0.000008,0.002058,0.401687,0.401687,-0.395598,-0.395598,0.404777,0.405606,-0.393345,-0.392837,0.328814,0.156029
9.204000,0.000000,0.000000,0.593700,0.000000,0.000000,0.000000,0.000128,0.000000,0.316976,0.001048,0.597579,-0.000008,0.000007,0.002025,0.401682,0.401682,-0.395593,-0.395593,0.404773,0.405600,-0.393341,-0.392833,0.328798,0.156022
9.216000,0.000000,0.000000,0.593700,0.000000,0.000000,0.000000,0.000128,0.000000,0.316976,0.001048,0.597603,-0.000007,0.000007,0.001992,0.401677,0.401677,-0.395588,-0.395588,0.404769,0.405595,-0.393337,-0.392830,0.328781,0.156016
9.228000,0.000000,0.000000,0.593700,0.000000,0.000000,0.000000,0.000128,0.000000,0.316976,0.001048,0.597626,-0.000007,0.000007,0.001959,0.401673,0.401673,-0.395583,-0.395583,0.404765,0.405589,-0.393333,-0.392826,0.328765,0.156009
9.240000,0.000000,0.000000,0.593700,0.000000,0.000000,0.000000,0.000128,0.000000,0.316976,0.001049,0.597650,-0.000006,0.000007,0.001928,0.401668,0.401668,-0.395579,-0.395579,0.404762,0.405584,-0.393330,-0.392823,0.328749,0.156003
9.252000,0.000000,0.000000,0.593700,0.000000,0.000000,0.000000,0.000128,0.000000,0.316976,0.001049,0.597673,-0.000006,0.000006,0.001896,0.401664,0.401664,-0.395574,-0.395574,0.404758,0.405578,-0.393326,-0.392819,0.328734,0.155997
9.264000,0.000000,0.000000,0.593700,0.000000,0.000000,0.000000,0.000128,0.000000,0.316976,0.001049,0.597695,-0.000005,0.000006,0.001866,0.401660,0.401660,-0.395570,-0.395570,0.404754,0.405573,-0.393323,-0.392816,0.328718,0.155991
9.274000,0.000000,0.000000,0.593700,0.000000,0.000000,0.000000,0.000128,0.000000,0.316976,0.001049,0.597714,-0.000005,0.000006,0.001840,0.401656,0.401656,-0.395567,-0.395567,0.404752,0.405569,-0.393320,-0.392813,0.328706,0.155986
9.286000,0.000000,0.000000,0.593700,0.000000,0.000000,0.000000,0.000128,0.000000,0.316976,0.001049,0.597735,-0.000005,0.000006,0.001811,0.401652,0.401652,-0.395563,-0.395563,0.404748,0.405564,-0.393317,-0.392810,0.328691,0.155980
9.298000,0.000000,0.000000,0.593700,0.000000,0.000000,0.000000,0.000128,0.000000,0.316976,0.001049,0.597757,-0.000004,0.000005,0.001781,0.401649,0.401649,-0.395559,-0.395559,0.404745,0.405560,-0.393314,-0.392808,0.328677,0.155974
9.310000,0.000000,0.000000,0.593700,0.000000,0.000000,0.000000,0.000128,0.000000,0.316975,0.001049,0.597778,-0.000004,0.000005,0.001753,0.401645,0.401645,-0.395556,-0.395556,0.404742,0.405555,-0.393311,-0.392805,0.328663,0.155969
9.322000,0.000000,0.000000,0.593700,0.000000,0.000000,0.000000,0.000128,0.000000,0.316975,0.001049,0.597799,-0.000003,0.000005,0.001724,0.401642,0.401642,-0.395552,-0.395552,0.404739,0.405551,-0.393309,-0.392802,0.328649,0.155963
9.334000,0.000000,0.000000,0.593700,0.000000,0.000000,0.000000,0.000128,0.000000,0.316975,0.001049,0.597819,-0.000003,0.000005,0.001697,0.401638,0.401638,-0.395549,-0.395549,0.404736,0.405547,-0.393306,-0.392800,0.328636,0.155958
9.346000,0.000000,0.000000,0.593700,0.000000,0.000000,0.000000,0.000128,0.000000,0.316975,0.001049,0.597840,-0.000003,0.000004,0.001669,0.401635,0.401635,-0.395545,-0.395545,0.404733,0.405543,-0.393303,-0.392797,0.328622,0.155952
9.358000,0.000000,0.000000,0.593700,0.000000,0.000000,0.000000,0.000128,0.000000,0.316975,0.001049,0.597859,-0.000002,0.000004,0.001642,0.401632,0.401632,-0.395542,-0.395542,0.404731,0.405539,-0.393301,-0.392795,0.328609,0.155947
9.370000,0.000000,0.000000,0.593700,0.000000,0.000000,0.000000,0.000128,0.000000,0.316975,0.001049,0.597879,-0.000002,0.000004,0.001616,0.401629,0.401629,-0.395539,-0.395539,0.404728,0.405535,-0.393299,-0.392792,0.328597,0.155942
9.382000,0.000000,0.000000,0.593700,0.000000,0.000000,0.000000,0.000128,0.000000,0.316975,0.001049,0.597898,-0.000002,0.000004,0.001590,0.401626,0.401626,-0.395536,-0.395536,0.404725,0.405531,-0.393296,-0.392790,0.328584,0.155937
9.394000,0.000000,0.000000,0.593700,0.000000,0.000000,0.000000,0.000128,0.000000,0.316975,0.001049,0.597917,-0.000001,0.000004,0.001564,0.401623,0.401623,-0.395533,-0.395533,0.404723,0.405528,-0.393294,-0.392788,0.328572,0.155932
9.406000,0.000000,0.000000,0.593700,0.000000,0.000000,0.000000,0.000128,0.000000,0.316975,0.001049,0.597936,-0.000001,0.000004,0.001539,0.401620,0.401620,-0.395531,-0.395531,0.404721,0.405525,-0.393292,-0.392786,0.328560,0.155927
9.418000,0.000000,0.000000,0.593700,0.000000,0.000000,0.000000,0.000128,0.000000,0.316975,0.001049,0.597954,-0.000001,0.000003,0.001514,0.401618,0.401618,-0.395528,-0.395528,0.404718,0.405521,-0.393290,-0.392784,0.328548,0.155922
9.430000,0.000000,0.000000,0.593700,0.000000,0.000000,0.000000,0.000128,0.000000,0.316975,0.001049,0.597972,-0.000000,0.000003,0.001490,0.401615,0.401615,-0.395526,-0.395526,0.404716,0.405518,-0.393288,-0.392782,0.328536,0.155917
9.442000,0.000000,0.000000,0.593700,0.000000,0.000000,0.000000,0.000128,0.000000,0.316975,0.001050,0.597990,-0.000000,0.000003,0.001466,0.401613,0.401613,-0.395523,-0.395523,0.404714,0.405515,-0.393286,-0.392780,0.328525,0.155912
9.454000,0.000000,0.000000,0.593700,0.000000,0.000000,0.000000,0.000128,0.000000,0.316975,0.001050,0.598007,0.000000,0.000003,0.001442,0.401610,0.401610,-0.395521,-0.395521,0.404712,0.405512,-0.393284,-0.392778,0.328514,0.155908
9.466000,0.000000,0.000000,0.593700,0.000000,0.000000,0.000000,0.000128,0.000000,0.316975,0.001050,0.598024,0.000000,0.000003,0.001419,0.401608,0.401608,-0.395518,-0.395518,0.404710,0.405509,-0.393282,-0.392777,0.328503,0.155903
9.478000,0.000000,0.000000,0.593700,0.000000,0.000000,0.000000,0.000128,0.000000,0.316975,0.001050,0.598041,0.000001,0.000003,0.001397,0.401606,0.401606,-0.395516,-0.395516,0.404708,0.405506,-0.393281,-0.392775,0.328492,0.155899
9.490000,0.000000,0.000000,0.593700,0.000000,0.000000,0.000000,0.000128,0.000000,0.316975,0.001050,0.598058,0.000001,0.000003,0.001374,0.401604,0.401604,-0.395514,-0.395514,0.404706,0.405504,-0.393279,-0.392774,0.328482,0.155894
9.502000,0.000000,0.000000,0.593700,0.000000,0.000000,0.000000,0.000128,0.000000,0.316975,0.001050,0.598074,0.000001,0.000003,0.001352,0.401601,0.401601,-0.395512,-0.395512,0.404704,0.405501,-0.393278,-0.392772,0.328472,0.155890
9.514000,0.000000,0.000000,0.593700,0.000000,0.000000,0.000000,0.000128,0.000000,0.316975,0.001050,0.598090,0.000001,0.000003,0.001330,0.401599,0.401599,-0.395510,-0.395510,0.404703,0.405499,-0.393276,-0.392771,0.328462,0.155886
9.524000,0.000000,0.000000,0.593700,0.000000,0.000000,0.000000,0.000128,0.000000,0.316975,0.001050,0.598103,0.000036,0.000029,0.000518,0.401598,0.401598,-0.395508,-0.395508,0.404701,0.405496,-0.393275,-0.392770,0.328453,0.155882
9.536000,0.000000,0.000000,0.593700,0.000000,0.000000,0.000000,0.000128,0.000000,0.316976,0.001050,0.598108,0.000007,0.000082,0.000401,0.401596,0.401596,-0.395507,-0.395507,0.404699,0.405494,-0.393274,-0.392769,0.328450,0.155880
9.548000,0.000000,0.000000,0.593700,0.000000,0.000000,0.000000,0.000128,0.000000,0.316976,0.001051,0.598112,0.000002,0.000262,0.000357,0.401594,0.401594,-0.395505,-0.395505,0.404697,0.405491,-0.393272,-0.392767,0.328446,0.155877
9.560000,0.000000,0.000000,0.593700,0.000000,0.000000,0.000000,0.000128,0.000000,0.316976,0.001054,0.598116,0.000004,0.000844,0.000343,0.401592,0.401592,-0.395503,-0.395503,0.404696,0.405489,-0.393270,-0.392765,0.328442,0.155872
9.572000,0.000000,0.000000,0.593700,0.000000,0.000000,0.000000,0.000128,0.000000,0.316976,0.001051,0.598120,-0.000002,0.000301,0.000658,0.401591,0.401591,-0.395501,-0.395501,0.404695,0.405487,-0.393268,-0.392763,0.328438,0.155877
9.584000,0.000000,0.000000,0.593700,0.000000,0.000000,0.000000,0.000128,0.000000,0.316976,0.001050,0.598130,-0.000014,0.000011,0.001113,0.401589,0.401589,-0.395500,-0.395500,0.404694,0.405486,-0.393265,-0.392760,0.328430,0.155874
9.596000,0.000000,0.000000,0.593700,0.000000,0.000000,0.000000,0.000128,0.000000,0.316976,0.001050,0.598145,-0.000008,0.000014,0.001308,0.401588,0.401588,-0.395498,-0.395498,0.404694,0.405485,-0.393263,-0.392758,0.328421,0.155870
9.608000,0.000000,0.000000,0.593700,0.000000,0.000000,0.000000,0.000128,0.000000,0.316975,0.001051,0.598161,-0.000004,0.000014,0.001374,0.401586,0.401586,-0.395497,-0.395497,0.404693,0.405483,-0.393261,-0.392757,0.328410,0.155866
9.620000,0.000000,0.000000,0.593700,0.000000,0.000000,0.000000,0.000128,0.000000,0.316975,0.001051,0.598178,-0.000001,0.000012,0.001373,0.401585,0.401585,-0.395495,-0.395495,0.404692,0.405481,-0.393260,-0.392756,0.328400,0.155861
9.632000,0.000000,0.000000,0.593700,0.000000,0.000000,0.000000,0.000128,0.000000,0.316975,0.001051,0.598194,-0.000000,0.000010,0.001346,0.401583,0.401583,-0.395494,-0.395494,0.404690,0.405480,-0.393260,-0.392755,0.328390,0.155857
9.644000,0.000000,0.000000,0.593700,0.000000,0.000000,0.000000,0.000128,0.000000,0.316975,0.001051,0.598210,0.000001,0.000009,0.001311,0.401582,0.401582,-0.395493,-0.395493,0.404689,0.405478,-0.393259,-0.392755,0.328381,0.155853
9.656000,0.000000,0.000000,0.593700,0.000000,0.000000,0.000000,0.000128,0.000000,0.316975,0.001051,0.598226,0.000001,0.000007,0.001276,0.401581,0.401581,-0.395491,-0.395491,0.404688,0.405476,-0.393258,-0.392754,0.328372,0.155848
9.668000,0.000000,0.000000,0.593700,0.000000,0.000000,0.000000,0.000128,0.000000,0.316975,0.001051,0.598241,0.000002,0.000006,0.001245,0.401579,0.401579,-0.395490,-0.395490,0.404686,0.405474,-0.393258,-0.392753,0.328363,0.155844
9.680000,0.000000,0.000000,0.593700,0.000000,0.000000,0.000000,0.000128,0.000000,0.316975,0.001051,0.598256,0.000003,0.000005,0.001216,0.401578,0.401578,-0.395489,-0.395489,0.404685,0.405473,-0.393257,-0.392753,0.328355,0.155840
9.692000,0.000000,0.000000,0.593700,0.000000,0.000000,0.000000,0.000128,0.000000,0.316975,0.001051,0.598271,0.000003,0.000004,0.001189,0.401577,0.401577,-0.395488,-0.395488,0.404684,0.405471,-0.393257,-0.392752,0.328346,0.155836
9.704000,0.000000,0.000000,0.593700,0.000000,0.000000,0.000000,0.000128,0.000000,0.316975,0.001051,0.598285,0.000004,0.000003,0.001164,0.401576,0.401576,-0.395486,-0.395486,0.404683,0.405469,-0.393256,-0.392752,0.328338,0.155833
9.716000,0.000000,0.000000,0.593700,0.000000,0.000000,0.000000,0.000128,0.000000,0.316976,0.001051,0.598298,0.000004,0.000003,0.001140,0.401575,0.401575,-0.395485,-0.395485,0.404681,0.405468,-0.393256,-0.392751,0.328330,0.155829
9.728000,0.000000,0.000000,0.593700,0.000000,0.000000,0.000000,0.000128,0.000000,0.316976,0.001051,0.598312,0.000004,0.000002,0.001117,0.401574,0.401574,-0.395484,-0.395484,0.404680,0.405466,-0.393255,-0.392751,0.328322,0.155825
9.740000,0.000000,0.000000,0.593700,0.000000,0.000000,0.000000,0.000128,0.000000,0.316976,0.001051,0.598325,0.000004,0.000002,0.001094,0.401573,0.401573,-0.395483,-0.395483,0.404679,0.405465,-0.393255,-0.392750,0.328314,0.155822
9.752000,0.000000,0.000000,0.593700,0.000000,0.000000,0.000000,0.000128,0.000000,0.316976,0.001051,0.598338,0.000004,0.000001,0.001073,0.401572,0.401572,-0.395482,-0.395482,0.404678,0.405464,-0.393254,-0.392750,0.328307,0.155818
9.764000,0.000000,0.000000,0.593700,0.000000,0.000000,0.000000,0.000128,0.000000,0.316976,0.001051,0.598351,0.000004,0.000001,0.001051,0.401571,0.401571,-0.395481,-0.395481,0.404677,0.405462,-0.393254,-0.392749,0.328299,0.155815
9.774000,0.000000,0.000000,0.593700,0.000000,0.000000,0.000000,0.000128,0.000000,0.316976,0.001051,0.598361,0.000004,0.000000,0.001034,0.401570,0.401570,-0.395481,-0.395481,0.404677,0.405461,-0.393253,-0.392749,0.328293,0.155812
9.786000,0.000000,0.000000,0.593700,0.000000,0.000000,0.000000,0.000128,0.000000,0.316976,0.001051,0.598374,0.000004,0.000000,0.001014,0.401569,0.401569,-0.395480,-0.395480,0.404676,0.405460,-0.393253,-0.392748,0.328286,0.155809
9.798000,0.000000,0.000000,0.593700,0.000000,0.000000,0.000000,0.000128,0.000000,0.316976,0.001051,0.598386,0.000004,-0.000000,0.000994,0.401568,0.401568,-0.395479,-0.395479,0.404675,0.405459,-0.393252,-0.392748,0.328279,0.155806
9.810000,0.000000,0.000000,0.593700,0.000000,0.000000,0.000000,0.000128,0.000000,0.316976,0.001051,0.598398,0.000004,-0.000000,0.000975,0.401567,0.401567,-0.395478,-0.395478,0.404674,0.405458,-0.393252,-0.392747,0.328272,0.155802
9.822000,0.000000,0.000000,0.593700,0.000000,0.000000,0.000000,0.000128,0.000000,0.316976,0.001051,0.598409,0.000004,-0.000000,0.000956,0.401567,0.401567,-0.395477,-0.395477,0.404673,0.405456,-0.393251,-0.392747,0.328266,0.155799
9.834000,0.000000,0.000000,0.593700,0.000000,0.000000,0.000000,0.000128,0.000000,0.316976,0.001051,0.598420,0.000004,-0.000001,0.000938,0.401566,0.401566,-0.395477,-0.395477,0.404672,0.405455,-0.393251,-0.392747,0.328259,0.155796
9.846000,0.000000,0.000000,0.593700,0.000000,0.000000,0.000000,0.000128,0.000000,0.316976,0.001051,0.598432,0.000004,-0.000001,0.000920,0.401565,0.401565,-0.395476,-0.395476,0.404672,0.405454,-0.393250,-0.392746,0.328253,0.155793
9.858000,0.000000,0.000000,0.593700,0.000000,0.000000,0.000000,0.000128,0.000000,0.316976,0.001051,0.598442,0.000004,-0.000001,0.000902,0.401564,0.401564,-0.395475,-0.395475,0.404671,0.405453,-0.393250,-0.392746,0.328246,0.155791
9.870000,0.000000,0.000000,0.593700,0.000000,0.000000,0.000000,0.000128,0.000000,0.316976,0.001051,0.598453,0.000004,-0.000001,0.000886,0.401564,0.401564,-0.395474,-0.395474,0.404670,0.405452,-0.393250,-0.392745,0.328240,0.155788
9.882000,0.000000,0.000000,0.593700,0.000000,0.000000,0.000000,0.000128,0.000000,0.316976,0.001051,0.598464,0.000004,-0.000001,0.000869,0.401563,0.401563,-0.395474,-0.395474,0.404669,0.405451,-0.393249,-0.392745,0.328234,0.155785
9.894000,0.000000,0.000000,0.593700,0.000000,0.000000,0.000000,0.000128,0.000000,0.316976,0.001051,0.598474,0.000004,-0.000001,0.000853,0.401562,0.401562,-0.395473,-0.395473,0.404669,0.405450,-0.393249,-0.392745,0.328228,0.155782
9.906000,0.000000,0.000000,0.593700,0.000000,0.000000,0.000000,0.000128,0.000000,0.316976,0.001051,0.598484,0.000005,-0.000001,0.000837,0.401562,0.401562,-0.395472,-0.395472,0.404668,0.405450,-0.393249,-0.392744,0.328222,0.155779
9.918000,0.000000,0.000000,0.593700,0.000000,0.000000,0.000000,0.000128,0.000000,0.316976,0.001051,0.598494,0.000005,-0.000001,0.000822,0.401561,0.401561,-0.395472,-0.395472,0.404668,0.405449,-0.393248,-0.392744,0.328216,0.155777
9.930000,0.000000,0.000000,0.593700,0.000000,0.000000,0.000000,0.000128,0.000000,0.316976,0.001051,0.598504,0.000005,-0.000001,0.000807,0.401561,0.401561,-0.395471,-0.395471,0.404667,0.405448,-0.393248,-0.392744,0.328211,0.155774
9.942000,0.000000,0.000000,0.593700,0.000000,0.000000,0.000000,0.000128,0.000000,0.316977,0.001051,0.598513,0.000005,-0.000001,0.000792,0.401560,0.401560,-0.395471,-0.395471,0.404666,0.405447,-0.393248,-0.392743,0.328205,0.155772
9.954000,0.000000,0.000000,0.593700,0.000000,0.000000,0.000000,0.000128,0.000000,0.316977,0.001051,0.598523,0.000005,-0.000001,0.000778,0.401560,0.401560,-0.395470,-0.395470,0.404666,0.405446,-0.393247,-0.392743,0.328200,0.155769
9.966000,0.000000,0.000000,0.593700,0.000000,0.000000,0.000000,0.000128,0.000000,0.316977,0.001051,0.598532,0.000004,-0.000001,0.000764,0.401559,0.401559,-0.395470,-0.395470,0.404665,0.405446,-0.393247,-0.392743,0.328194,0.155767
9.978000,0.000000,0.000000,0.593700,0.000000,0.000000,0.000000,0.000128,0.000000,0.316977,0.001051,0.598541,0.000004,-0.000001,0.000750,0.401559,0.401559,-0.395469,-0.395469,0.404665,0.405445,-0.393247,-0.392742,0.328189,0.155764
9.990000,0.000000,0.000000,0.593700,0.000000,0.000000,0.000000,0.000128,0.000000,0.316977,0.001051,0.598550,0.000004,-0.000001,0.000737,0.401558,0.401558,-0.395469,-0.395469,0.404664,0.405444,-0.393246,-0.392742,0.328184,0.155762
