time,bodyPosX_ref,bodyPosX_cur,bodyPosY_ref,bodyPosY_cur,bodyPosZ_ref,bodyPosZ_cur
0.302000,0.000000,-0.002162,-0.000000,0.001226,0.593700,0.580477
0.304000,0.000000,-0.002183,-0.000000,0.001239,0.593700,0.580451
0.306000,0.000000,-0.002202,-0.000000,0.001251,0.593700,0.580410
0.308000,0.000000,-0.002221,-0.000000,0.001264,0.593700,0.580357
0.310000,0.000000,-0.002239,-0.000000,0.001276,0.593700,0.580290
0.312000,0.000000,-0.002256,-0.000000,0.001288,0.593700,0.580211
0.314000,0.000000,-0.002273,-0.000000,0.001299,0.593700,0.580119
0.316000,0.000000,-0.002289,-0.000000,0.001311,0.593700,0.580016
0.318000,0.000000,-0.002304,-0.000000,0.001322,0.593700,0.579901
0.320000,0.000000,-0.002319,-0.000000,0.001334,0.593700,0.579775
0.322000,0.000000,-0.002333,-0.000000,0.001345,0.593700,0.579638
0.324000,0.000000,-0.002346,-0.000000,0.001355,0.593700,0.579491
0.326000,0.000000,-0.002359,-0.000000,0.001366,0.593700,0.579334
0.328000,0.000000,-0.002371,-0.000000,0.001376,0.593700,0.579167
0.330000,0.000000,-0.002383,-0.000000,0.001387,0.593700,0.578992
0.332000,0.000000,-0.002395,-0.000000,0.001397,0.593700,0.578809
0.334000,0.000000,-0.002406,-0.000000,0.001407,0.593700,0.578617
0.336000,0.000000,-0.002416,-0.000000,0.001416,0.593700,0.578419
0.338000,0.000000,-0.002426,-0.000000,0.001426,0.593700,0.578213
0.340000,0.000000,-0.002436,-0.000000,0.001435,0.593700,0.578001
0.342000,0.000000,-0.002446,-0.000000,0.001444,0.593700,0.577782
0.344000,0.000000,-0.002455,-0.000000,0.001453,0.593700,0.577559
0.346000,0.000000,-0.002464,-0.000000,0.001462,0.593700,0.577330
0.348000,0.000000,-0.002473,-0.000000,0.001471,0.593700,0.577098
0.350000,0.000000,-0.002481,-0.000000,0.001479,0.593700,0.576861
0.352000,0.000000,-0.002490,-0.000000,0.001488,0.593700,0.576621
0.354000,0.000000,-0.002498,-0.000000,0.001496,0.593700,0.576378
0.356000,0.000000,-0.002507,-0.000000,0.001504,0.593700,0.576132
0.358000,0.000000,-0.002515,-0.000000,0.001512,0.593700,0.575885
0.360000,0.000000,-0.002523,-0.000000,0.001520,0.593700,0.575637
0.362000,0.000000,-0.002532,-0.000000,0.001527,0.593700,0.575387
0.364000,0.000000,-0.002540,-0.000000,0.001535,0.593700,0.575137
0.366000,0.000000,-0.002549,-0.000000,0.001542,0.593700,0.574887
0.368000,0.000000,-0.002558,-0.000000,0.001549,0.593700,0.574638
0.370000,0.000000,-0.002567,-0.000000,0.001556,0.593700,0.574389
0.372000,0.000000,-0.002576,-0.000000,0.001563,0.593700,0.574143
0.374000,0.000000,-0.002586,-0.000000,0.001570,0.593700,0.573898
0.376000,0.000000,-0.002596,-0.000000,0.001576,0.593700,0.573655
0.378000,0.000000,-0.002606,-0.000000,0.001583,0.593700,0.573415
0.380000,0.000000,-0.002616,-0.000000,0.001589,0.593700,0.573178
0.382000,0.000000,-0.002627,-0.000000,0.001595,0.593700,0.572945
0.384000,0.000000,-0.002639,-0.000000,0.001601,0.593700,0.572715
0.386000,0.000000,-0.002651,-0.000000,0.001607,0.593700,0.572490
0.388000,0.000000,-0.002663,-0.000000,0.001613,0.593700,0.572270
0.390000,0.000000,-0.002677,-0.000000,0.001618,0.593700,0.572054
0.392000,0.000000,-0.002690,-0.000000,0.001624,0.593700,0.571844
0.394000,0.000000,-0.002704,-0.000000,0.001630,0.593700,0.571638
0.396000,0.000000,-0.002719,-0.000000,0.001635,0.593700,0.571439
0.398000,0.000000,-0.002735,-0.000000,0.001640,0.593700,0.571244
0.400000,0.000000,-0.002751,-0.000000,0.001645,0.593700,0.571055
0.402000,0.000000,-0.002768,-0.000000,0.001650,0.593700,0.570872
0.404000,0.000000,-0.002785,-0.000000,0.001655,0.593700,0.570697
0.406000,0.000000,-0.002804,-0.000000,0.001659,0.593700,0.570529
0.408000,0.000000,-0.002823,-0.000000,0.001664,0.593700,0.570368
0.410000,0.000000,-0.002843,-0.000000,0.001669,0.593700,0.570215
0.412000,0.000000,-0.002864,-0.000000,0.001673,0.593700,0.570070
0.414000,0.000000,-0.002885,-0.000000,0.001677,0.593700,0.569932
0.416000,0.000000,-0.002908,-0.000000,0.001681,0.593700,0.569802
0.418000,0.000000,-0.002931,-0.000000,0.001686,0.593700,0.569681
0.420000,0.000000,-0.002955,-0.000000,0.001690,0.593700,0.569567
0.422000,0.000000,-0.002980,-0.000000,0.001693,0.593700,0.569462
0.424000,0.000000,-0.003006,-0.000000,0.001697,0.593700,0.569365
0.426000,0.000000,-0.003033,-0.000000,0.001701,0.593700,0.569277
0.428000,0.000000,-0.003060,-0.000000,0.001704,0.593700,0.569196
0.430000,0.000000,-0.003088,-0.000000,0.001708,0.593700,0.569124
0.432000,0.000000,-0.003117,-0.000000,0.001711,0.593700,0.569060
0.434000,0.000000,-0.003147,-0.000000,0.001714,0.593700,0.569005
0.436000,0.000000,-0.003178,-0.000000,0.001717,0.593700,0.568957
0.438000,0.000000,-0.003209,-0.000000,0.001720,0.593700,0.568918
0.440000,0.000000,-0.003242,-0.000000,0.001723,0.593700,0.568887
0.442000,0.000000,-0.003275,-0.000000,0.001726,0.593700,0.568864
0.444000,0.000000,-0.003308,-0.000000,0.001729,0.593700,0.568848
0.446000,0.000000,-0.003343,-0.000000,0.001731,0.593700,0.568841
0.448000,0.000000,-0.003378,-0.000000,0.001734,0.593700,0.568841
0.450000,0.000000,-0.003414,-0.000000,0.001736,0.593700,0.568849
0.452000,0.000000,-0.003450,-0.000000,0.001738,0.593700,0.568864
0.454000,0.000000,-0.003488,-0.000000,0.001740,0.593700,0.568886
0.456000,0.000000,-0.003525,-0.000000,0.001742,0.593700,0.568915
0.458000,0.000000,-0.003564,-0.000000,0.001744,0.593700,0.568951
0.460000,0.000000,-0.003603,-0.000000,0.001746,0.593700,0.568994
0.462000,0.000000,-0.003643,-0.000000,0.001748,0.593700,0.569043
0.464000,0.000000,-0.003683,-0.000000,0.001749,0.593700,0.569098
0.466000,0.000000,-0.003724,-0.000000,0.001750,0.593700,0.569160
0.468000,0.000000,-0.003765,-0.000000,0.001752,0.593700,0.569227
0.470000,0.000000,-0.003807,-0.000000,0.001753,0.593700,0.569300
0.472000,0.000000,-0.003850,-0.000000,0.001754,0.593700,0.569379
0.474000,0.000000,-0.003893,-0.000000,0.001755,0.593700,0.569462
0.476000,0.000000,-0.003936,-0.000000,0.001755,0.593700,0.569550
0.478000,0.000000,-0.003979,-0.000000,0.001756,0.593700,0.569643
0.480000,0.000000,-0.004023,-0.000000,0.001756,0.593700,0.569741
0.482000,0.000000,-0.004068,-0.000000,0.001757,0.593700,0.569842
0.484000,0.000000,-0.004113,-0.000000,0.001757,0.593700,0.569947
0.486000,0.000000,-0.004158,-0.000000,0.001757,0.593700,0.570056
0.488000,0.000000,-0.004203,-0.000000,0.001757,0.593700,0.570168
0.490000,0.000000,-0.004248,-0.000000,0.001757,0.593700,0.570284
0.492000,0.000000,-0.004294,-0.000000,0.001756,0.593700,0.570402
0.494000,0.000000,-0.004340,-0.000000,0.001756,0.593700,0.570522
0.496000,0.000000,-0.004386,-0.000000,0.001755,0.593700,0.570645
0.498000,0.000000,-0.004432,-0.000000,0.001754,0.593700,0.570770
0.500000,0.000000,-0.004479,-0.000000,0.001753,0.593700,0.570896
0.502000,0.000000,-0.004525,-0.000000,0.001752,0.593700,0.571024
0.504000,0.000000,-0.004572,-0.000000,0.001751,0.593700,0.571153
0.506000,0.000000,-0.004618,-0.000000,0.001749,0.593700,0.571284
0.508000,0.000000,-0.004665,-0.000000,0.001748,0.593700,0.571414
0.510000,0.000000,-0.004711,-0.000000,0.001746,0.593700,0.571546
0.512000,0.000000,-0.004758,-0.000000,0.001744,0.593700,0.571677
0.514000,0.000000,-0.004804,-0.000000,0.001742,0.593700,0.571808
0.516000,0.000000,-0.004850,-0.000000,0.001740,0.593700,0.571939
0.518000,0.000000,-0.004896,-0.000000,0.001738,0.593700,0.572070
0.520000,0.000000,-0.004942,-0.000000,0.001735,0.593700,0.572200
0.522000,0.000000,-0.004988,-0.000000,0.001732,0.593700,0.572328
0.524000,0.000000,-0.005034,-0.000000,0.001730,0.593700,0.572456
0.526000,0.000000,-0.005079,-0.000000,0.001727,0.593700,0.572582
0.528000,0.000000,-0.005124,-0.000000,0.001723,0.593700,0.572706
0.530000,0.000000,-0.005169,-0.000000,0.001720,0.593700,0.572829
0.532000,0.000000,-0.005213,-0.000000,0.001716,0.593700,0.572950
0.534000,0.000000,-0.005258,-0.000000,0.001713,0.593700,0.573068
0.536000,0.000000,-0.005301,-0.000000,0.001709,0.593700,0.573184
0.538000,0.000000,-0.005345,-0.000000,0.001705,0.593700,0.573297
0.540000,0.000000,-0.005388,-0.000000,0.001701,0.593700,0.573408
0.542000,0.000000,-0.005431,-0.000000,0.001696,0.593700,0.573516
0.544000,0.000000,-0.005473,-0.000000,0.001692,0.593700,0.573620
0.546000,0.000000,-0.005515,-0.000000,0.001687,0.593700,0.573722
0.548000,0.000000,-0.005557,-0.000000,0.001682,0.593700,0.573820
0.550000,0.000000,-0.005598,-0.000000,0.001677,0.593700,0.573915
0.552000,0.000000,-0.005638,-0.000000,0.001672,0.593700,0.574006
0.554000,0.000000,-0.005678,-0.000000,0.001667,0.593700,0.574093
0.556000,0.000000,-0.005718,-0.000000,0.001661,0.593700,0.574176
0.558000,0.000000,-0.005757,-0.000000,0.001656,0.593700,0.574256
0.560000,0.000000,-0.005795,-0.000000,0.001650,0.593700,0.574331
0.562000,0.000000,-0.005833,-0.000000,0.001644,0.593700,0.574402
0.564000,0.000000,-0.005870,-0.000000,0.001638,0.593700,0.574470
0.566000,0.000000,-0.005907,-0.000000,0.001631,0.593700,0.574533
0.568000,0.000000,-0.005944,-0.000000,0.001625,0.593700,0.574592
0.570000,0.000000,-0.005979,-0.000000,0.001618,0.593700,0.574647
0.572000,0.000000,-0.006014,-0.000000,0.001612,0.593700,0.574697
0.574000,0.000000,-0.006049,-0.000000,0.001605,0.593700,0.574744
0.576000,0.000000,-0.006083,-0.000000,0.001598,0.593700,0.574786
0.578000,0.000000,-0.006116,-0.000000,0.001590,0.593700,0.574823
0.580000,0.000000,-0.006149,-0.000000,0.001583,0.593700,0.574857
0.582000,0.000000,-0.006181,-0.000000,0.001575,0.593700,0.574886
0.584000,0.000000,-0.006213,-0.000000,0.001568,0.593700,0.574911
0.586000,0.000000,-0.006244,-0.000000,0.001560,0.593700,0.574932
0.588000,0.000000,-0.006274,-0.000000,0.001552,0.593700,0.574948
0.590000,0.000000,-0.006304,-0.000000,0.001544,0.593700,0.574961
0.592000,0.000000,-0.006333,-0.000000,0.001535,0.593700,0.574969
0.594000,0.000000,-0.006362,-0.000000,0.001527,0.593700,0.574974
0.596000,0.000000,-0.006390,-0.000000,0.001518,0.593700,0.574974
0.598000,0.000000,-0.006417,-0.000000,0.001510,0.593700,0.574971
0.600000,0.000000,-0.006444,-0.000000,0.001501,0.593700,0.574963
0.602000,0.000000,-0.006471,-0.000000,0.001492,0.593700,0.574952
0.604000,0.000000,-0.006496,-0.000000,0.001483,0.593700,0.574938
0.606000,0.000000,-0.006521,-0.000000,0.001474,0.593700,0.574919
0.608000,0.000000,-0.006546,-0.000000,0.001464,0.593700,0.574898
0.610000,0.000000,-0.006570,-0.000000,0.001455,0.593700,0.574873
0.612000,0.000000,-0.006594,-0.000000,0.001445,0.593700,0.574844
0.614000,0.000000,-0.006617,-0.000000,0.001436,0.593700,0.574813
0.616000,0.000000,-0.006639,-0.000000,0.001426,0.593700,0.574779
0.618000,0.000000,-0.006661,-0.000000,0.001416,0.593700,0.574741
0.620000,0.000000,-0.006682,-0.000000,0.001406,0.593700,0.574701
0.622000,0.000000,-0.006703,-0.000000,0.001396,0.593700,0.574658
0.624000,0.000000,-0.006724,-0.000000,0.001386,0.593700,0.574613
0.626000,0.000000,-0.006743,-0.000000,0.001376,0.593700,0.574565
0.628000,0.000000,-0.006763,-0.000000,0.001365,0.593700,0.574515
0.630000,0.000000,-0.006782,-0.000000,0.001355,0.593700,0.574463
0.632000,0.000000,-0.006800,-0.000000,0.001344,0.593700,0.574409
0.634000,0.000000,-0.006818,-0.000000,0.001333,0.593700,0.574353
0.636000,0.000000,-0.006836,-0.000000,0.001323,0.593700,0.574295
0.638000,0.000000,-0.006853,-0.000000,0.001312,0.593700,0.574236
0.640000,0.000000,-0.006870,-0.000000,0.001301,0.593700,0.574175
0.642000,0.000000,-0.006886,-0.000000,0.001290,0.593700,0.574113
0.644000,0.000000,-0.006902,-0.000000,0.001279,0.593700,0.574049
0.646000,0.000000,-0.006917,-0.000000,0.001268,0.593700,0.573985
0.648000,0.000000,-0.006932,-0.000000,0.001257,0.593700,0.573920
0.650000,0.000000,-0.006947,-0.000000,0.001246,0.593700,0.573854
0.652000,0.000000,-0.006961,-0.000000,0.001234,0.593700,0.573787
0.654000,0.000000,-0.006975,-0.000000,0.001223,0.593700,0.573720
0.656000,0.000000,-0.006988,-0.000000,0.001212,0.593700,0.573652
0.658000,0.000000,-0.007002,-0.000000,0.001200,0.593700,0.573584
0.660000,0.000000,-0.007014,-0.000000,0.001189,0.593700,0.573516
0.662000,0.000000,-0.007027,-0.000000,0.001177,0.593700,0.573448
0.664000,0.000000,-0.007039,-0.000000,0.001166,0.593700,0.573381
0.666000,0.000000,-0.007039,-0.000000,0.001105,0.593700,0.573314
0.668000,0.000000,-0.007039,-0.000000,0.001114,0.593700,0.573346
0.670000,0.000000,-0.007040,-0.000000,0.001095,0.593700,0.573426
0.672000,0.000000,-0.007042,-0.000000,0.001088,0.593700,0.573523
0.674000,0.000000,-0.007043,-0.000000,0.001078,0.593700,0.573631
0.676000,0.000000,-0.007045,-0.000000,0.001069,0.593700,0.573749
0.678000,0.000000,-0.007046,-0.000000,0.001061,0.593700,0.573878
0.680000,0.000000,-0.007045,-0.000000,0.001053,0.593700,0.574018
0.682000,0.000000,-0.007042,-0.000000,0.001045,0.593700,0.574166
0.684000,0.000000,-0.007038,-0.000000,0.001038,0.593700,0.574324
0.686000,0.000000,-0.007031,-0.000000,0.001032,0.593700,0.574489
0.688000,0.000000,-0.007023,-0.000000,0.001025,0.593700,0.574662
0.690000,0.000000,-0.007013,-0.000000,0.001019,0.593700,0.574842
0.692000,0.000000,-0.007000,-0.000000,0.001014,0.593700,0.575028
0.694000,0.000000,-0.006986,-0.000000,0.001008,0.593700,0.575218
0.696000,0.000000,-0.006970,-0.000000,0.001003,0.593700,0.575413
0.698000,0.000000,-0.006953,-0.000000,0.000998,0.593700,0.575611
0.700000,0.000000,-0.006934,-0.000000,0.000993,0.593700,0.575813
0.702000,0.000000,-0.006913,-0.000000,0.000989,0.593700,0.576016
0.704000,0.000000,-0.006891,-0.000000,0.000984,0.593700,0.576222
0.706000,0.000000,-0.006868,-0.000000,0.000980,0.593700,0.576428
0.708000,0.000000,-0.006844,-0.000000,0.000977,0.593700,0.576635
0.710000,0.000000,-0.006818,-0.000000,0.000973,0.593700,0.576841
0.712000,0.000000,-0.006792,-0.000000,0.000969,0.593700,0.577048
0.714000,0.000000,-0.006765,-0.000000,0.000966,0.593700,0.577254
0.716000,0.000000,-0.006737,-0.000000,0.000962,0.593700,0.577460
0.718000,0.000000,-0.006709,-0.000000,0.000959,0.593700,0.577665
0.720000,0.000000,-0.006680,-0.000000,0.000956,0.593700,0.577869
0.722000,0.000000,-0.006651,-0.000000,0.000953,0.593700,0.578072
0.724000,0.000000,-0.006621,-0.000000,0.000950,0.593700,0.578274
0.726000,0.000000,-0.006592,-0.000000,0.000948,0.593700,0.578474
0.728000,0.000000,-0.006561,-0.000000,0.000945,0.593700,0.578673
0.730000,0.000000,-0.006531,-0.000000,0.000943,0.593700,0.578870
0.732000,0.000000,-0.006500,-0.000000,0.000940,0.593700,0.579066
0.734000,0.000000,-0.006470,-0.000000,0.000938,0.593700,0.579260
0.736000,0.000000,-0.006439,-0.000000,0.000936,0.593700,0.579453
0.738000,0.000000,-0.006408,-0.000000,0.000933,0.593700,0.579643
0.740000,0.000000,-0.006377,-0.000000,0.000931,0.593700,0.579832
0.742000,0.000000,-0.006346,-0.000000,0.000929,0.593700,0.580019
0.744000,0.000000,-0.006315,-0.000000,0.000927,0.593700,0.580204
0.746000,0.000000,-0.006285,-0.000000,0.000925,0.593700,0.580387
0.748000,0.000000,-0.006254,-0.000000,0.000924,0.593700,0.580568
0.750000,0.000000,-0.006223,-0.000000,0.000922,0.593700,0.580748
0.752000,0.000000,-0.006192,-0.000000,0.000920,0.593700,0.580925
0.754000,0.000000,-0.006162,-0.000000,0.000918,0.593700,0.581101
0.756000,0.000000,-0.006131,-0.000000,0.000917,0.593700,0.581275
0.758000,0.000000,-0.006100,-0.000000,0.000915,0.593700,0.581447
0.760000,0.000000,-0.006070,-0.000000,0.000914,0.593700,0.581617
0.762000,0.000000,-0.006040,-0.000000,0.000912,0.593700,0.581785
0.764000,0.000000,-0.006009,-0.000000,0.000911,0.593700,0.581952
0.766000,0.000000,-0.005979,-0.000000,0.000910,0.593700,0.582117
0.768000,0.000000,-0.005949,-0.000000,0.000908,0.593700,0.582280
0.770000,0.000000,-0.005919,-0.000000,0.000907,0.593700,0.582441
0.772000,0.000000,-0.005889,-0.000000,0.000906,0.593700,0.582601
0.774000,0.000000,-0.005859,-0.000000,0.000904,0.593700,0.582758
0.776000,0.000000,-0.005829,-0.000000,0.000903,0.593700,0.582915
0.778000,0.000000,-0.005799,-0.000000,0.000902,0.593700,0.583069
0.780000,0.000000,-0.005769,-0.000000,0.000901,0.593700,0.583222
0.782000,0.000000,-0.005740,-0.000000,0.000900,0.593700,0.583373
0.784000,0.000000,-0.005710,-0.000000,0.000899,0.593700,0.583523
0.786000,0.000000,-0.005681,-0.000000,0.000898,0.593700,0.583671
0.788000,0.000000,-0.005651,-0.000000,0.000897,0.593700,0.583818
0.790000,0.000000,-0.005622,-0.000000,0.000896,0.593700,0.583963
0.792000,0.000000,-0.005593,-0.000000,0.000895,0.593700,0.584107
0.794000,0.000000,-0.005564,-0.000000,0.000894,0.593700,0.584249
0.796000,0.000000,-0.005535,-0.000000,0.000893,0.593700,0.584390
0.798000,0.000000,-0.005506,-0.000000,0.000892,0.593700,0.584529
0.800000,0.000000,-0.005477,-0.000000,0.000891,0.593700,0.584667
0.802000,0.000000,-0.005449,-0.000000,0.000890,0.593700,0.584804
0.804000,0.000000,-0.005420,-0.000000,0.000889,0.593700,0.584939
0.806000,0.000000,-0.005392,-0.000000,0.000888,0.593700,0.585073
0.808000,0.000000,-0.005364,-0.000000,0.000887,0.593700,0.585206
0.810000,0.000000,-0.005336,-0.000000,0.000887,0.593700,0.585337
0.812000,0.000000,-0.005308,-0.000000,0.000886,0.593700,0.585467
0.814000,0.000000,-0.005280,-0.000000,0.000885,0.593700,0.585596
0.816000,0.000000,-0.005252,-0.000000,0.000884,0.593700,0.585723
0.818000,0.000000,-0.005224,-0.000000,0.000883,0.593700,0.585850
0.820000,0.000000,-0.005197,-0.000000,0.000883,0.593700,0.585975
0.822000,0.000000,-0.005170,-0.000000,0.000882,0.593700,0.586099
0.824000,0.000000,-0.005143,-0.000000,0.000881,0.593700,0.586221
0.826000,0.000000,-0.005116,-0.000000,0.000880,0.593700,0.586343
0.828000,0.000000,-0.005089,-0.000000,0.000880,0.593700,0.586463
0.830000,0.000000,-0.005062,-0.000000,0.000879,0.593700,0.586583
0.832000,0.000000,-0.005036,-0.000000,0.000878,0.593700,0.586701
0.834000,0.000000,-0.005009,-0.000000,0.000878,0.593700,0.586818
0.836000,0.000000,-0.004983,-0.000000,0.000877,0.593700,0.586933
0.838000,0.000000,-0.004957,-0.000000,0.000876,0.593700,0.587048
0.840000,0.000000,-0.004931,-0.000000,0.000876,0.593700,0.587162
0.842000,0.000000,-0.004905,-0.000000,0.000875,0.593700,0.587274
0.844000,0.000000,-0.004880,-0.000000,0.000874,0.593700,0.587386
0.846000,0.000000,-0.004855,-0.000000,0.000874,0.593700,0.587496
0.848000,0.000000,-0.004829,-0.000000,0.000873,0.593700,0.587605
0.850000,0.000000,-0.004804,-0.000000,0.000872,0.593700,0.587714
0.852000,0.000000,-0.004779,-0.000000,0.000872,0.593700,0.587821
0.854000,0.000000,-0.004755,-0.000000,0.000871,0.593700,0.587927
0.856000,0.000000,-0.004730,-0.000000,0.000871,0.593700,0.588032
0.858000,0.000000,-0.004706,-0.000000,0.000870,0.593700,0.588137
0.860000,0.000000,-0.004682,-0.000000,0.000869,0.593700,0.588240
0.862000,0.000000,-0.004658,-0.000000,0.000869,0.593700,0.588342
0.864000,0.000000,-0.004634,-0.000000,0.000868,0.593700,0.588443
0.866000,0.000000,-0.004610,-0.000000,0.000868,0.593700,0.588544
0.868000,0.000000,-0.004587,-0.000000,0.000867,0.593700,0.588643
0.870000,0.000000,-0.004563,-0.000000,0.000867,0.593700,0.588741
0.872000,0.000000,-0.004540,-0.000000,0.000866,0.593700,0.588839
0.874000,0.000000,-0.004517,-0.000000,0.000865,0.593700,0.588935
0.876000,0.000000,-0.004494,-0.000000,0.000865,0.593700,0.589031
0.878000,0.000000,-0.004472,-0.000000,0.000864,0.593700,0.589125
0.880000,0.000000,-0.004449,-0.000000,0.000864,0.593700,0.589219
0.882000,0.000000,-0.004427,-0.000000,0.000863,0.593700,0.589312
0.884000,0.000000,-0.004405,-0.000000,0.000863,0.593700,0.589404
0.886000,0.000000,-0.004383,-0.000000,0.000862,0.593700,0.589494
0.888000,0.000000,-0.004361,-0.000000,0.000862,0.593700,0.589585
0.890000,0.000000,-0.004340,-0.000000,0.000861,0.593700,0.589674
0.892000,0.000000,-0.004318,-0.000000,0.000861,0.593700,0.589762
0.894000,0.000000,-0.004297,-0.000000,0.000860,0.593700,0.589850
0.896000,0.000000,-0.004276,-0.000000,0.000860,0.593700,0.589936
0.898000,0.000000,-0.004255,-0.000000,0.000859,0.593700,0.590022
0.900000,0.000000,-0.004234,-0.000000,0.000859,0.593700,0.590107
0.902000,0.000000,-0.004214,-0.000000,0.000858,0.593700,0.590191
0.904000,0.000000,-0.004193,-0.000000,0.000858,0.593700,0.590274
0.906000,0.000000,-0.004173,-0.000000,0.000857,0.593700,0.590357
0.908000,0.000000,-0.004153,-0.000000,0.000857,0.593700,0.590438
0.910000,0.000000,-0.004133,-0.000000,0.000856,0.593700,0.590519
0.912000,0.000000,-0.004113,-0.000000,0.000856,0.593700,0.590599
0.914000,0.000000,-0.004093,-0.000000,0.000855,0.593700,0.590678
0.916000,0.000000,-0.004074,-0.000000,0.000855,0.593700,0.590757
0.918000,0.000000,-0.004055,-0.000000,0.000854,0.593700,0.590835
0.920000,0.000000,-0.004035,-0.000000,0.000854,0.593700,0.590912
0.922000,0.000000,-0.004016,-0.000000,0.000853,0.593700,0.590988
0.924000,0.000000,-0.003998,-0.000000,0.000853,0.593700,0.591063
0.926000,0.000000,-0.003979,-0.000000,0.000852,0.593700,0.591138
0.928000,0.000000,-0.003960,-0.000000,0.000852,0.593700,0.591212
0.930000,0.000000,-0.003942,-0.000000,0.000851,0.593700,0.591285
0.932000,0.000000,-0.003924,-0.000000,0.000851,0.593700,0.591358
0.934000,0.000000,-0.003906,-0.000000,0.000850,0.593700,0.591430
0.936000,0.000000,-0.003888,-0.000000,0.000850,0.593700,0.591501
0.938000,0.000000,-0.003870,-0.000000,0.000849,0.593700,0.591571
0.940000,0.000000,-0.003852,-0.000000,0.000849,0.593700,0.591641
0.942000,0.000000,-0.003835,-0.000000,0.000849,0.593700,0.591710
0.944000,0.000000,-0.003818,-0.000000,0.000848,0.593700,0.591779
0.946000,0.000000,-0.003801,-0.000000,0.000848,0.593700,0.591847
0.948000,0.000000,-0.003784,-0.000000,0.000847,0.593700,0.591914
0.950000,0.000000,-0.003767,-0.000000,0.000847,0.593700,0.591981
0.952000,0.000000,-0.003750,-0.000000,0.000846,0.593700,0.592046
0.954000,0.000000,-0.003733,-0.000000,0.000846,0.593700,0.592112
0.956000,0.000000,-0.003717,-0.000000,0.000845,0.593700,0.592176
0.958000,0.000000,-0.003701,-0.000000,0.000845,0.593700,0.592240
0.960000,0.000000,-0.003684,-0.000000,0.000845,0.593700,0.592304
0.962000,0.000000,-0.003668,-0.000000,0.000844,0.593700,0.592367
0.964000,0.000000,-0.003653,-0.000000,0.000844,0.593700,0.592429
0.966000,0.000000,-0.003637,-0.000000,0.000843,0.593700,0.592491
0.968000,0.000000,-0.003621,-0.000000,0.000843,0.593700,0.592552
0.970000,0.000000,-0.003606,-0.000000,0.000842,0.593700,0.592612
0.972000,0.000000,-0.003590,-0.000000,0.000842,0.593700,0.592672
0.974000,0.000000,-0.003575,-0.000000,0.000842,0.593700,0.592731
0.976000,0.000000,-0.003560,-0.000000,0.000841,0.593700,0.592790
0.978000,0.000000,-0.003545,-0.000000,0.000841,0.593700,0.592849
0.980000,0.000000,-0.003530,-0.000000,0.000840,0.593700,0.592906
0.982000,0.000000,-0.003516,-0.000000,0.000840,0.593700,0.592963
0.984000,0.000000,-0.003501,-0.000000,0.000840,0.593700,0.593020
0.986000,0.000000,-0.003487,-0.000000,0.000839,0.593700,0.593076
0.988000,0.000000,-0.003472,-0.000000,0.000839,0.593700,0.593132
0.990000,0.000000,-0.003458,-0.000000,0.000838,0.593700,0.593187
0.992000,0.000000,-0.003444,-0.000000,0.000838,0.593700,0.593241
0.994000,0.000000,-0.003430,-0.000000,0.000838,0.593700,0.593295
0.996000,0.000000,-0.003416,-0.000000,0.000837,0.593700,0.593349
0.998000,0.000000,-0.003403,-0.000000,0.000837,0.593700,0.593402
1.000000,0.000000,-0.003389,-0.000000,0.000836,0.593700,0.593454
1.002000,0.000000,-0.003376,-0.000000,0.000836,0.593700,0.593506
1.004000,0.000000,-0.003362,-0.000000,0.000836,0.593700,0.593558
1.006000,0.000000,-0.003349,-0.000000,0.000835,0.593700,0.593609
1.008000,0.000000,-0.003336,-0.000000,0.000835,0.593700,0.593659
1.010000,0.000000,-0.003323,-0.000000,0.000834,0.593700,0.593709
1.012000,0.000000,-0.003310,-0.000000,0.000834,0.593700,0.593759
1.014000,0.000000,-0.003297,-0.000000,0.000834,0.593700,0.593808
1.016000,0.000000,-0.003285,-0.000000,0.000833,0.593700,0.593857
1.018000,0.000000,-0.003272,-0.000000,0.000833,0.593700,0.593905
1.020000,0.000000,-0.003260,-0.000000,0.000833,0.593700,0.593953
1.022000,0.000000,-0.003247,-0.000000,0.000832,0.593700,0.594000
1.024000,0.000000,-0.003235,-0.000000,0.000832,0.593700,0.594047
1.026000,0.000000,-0.003223,-0.000000,0.000831,0.593700,0.594094
1.028000,0.000000,-0.003211,-0.000000,0.000831,0.593700,0.594140
1.030000,0.000000,-0.003199,-0.000000,0.000831,0.593700,0.594185
1.032000,0.000000,-0.003187,-0.000000,0.000830,0.593700,0.594230
1.034000,0.000000,-0.003176,-0.000000,0.000830,0.593700,0.594275
1.036000,0.000000,-0.003164,-0.000000,0.000830,0.593700,0.594319
1.038000,0.000000,-0.003153,-0.000000,0.000829,0.593700,0.594363
1.040000,0.000000,-0.003141,-0.000000,0.000829,0.593700,0.594406
1.042000,0.000000,-0.003130,-0.000000,0.000829,0.593700,0.594450
1.044000,0.000000,-0.003119,-0.000000,0.000828,0.593700,0.594492
1.046000,0.000000,-0.003108,-0.000000,0.000828,0.593700,0.594534
1.048000,0.000000,-0.003097,-0.000000,0.000827,0.593700,0.594576
1.050000,0.000000,-0.003086,-0.000000,0.000827,0.593700,0.594618
1.052000,0.000000,-0.003075,-0.000000,0.000827,0.593700,0.594659
1.054000,0.000000,-0.003064,-0.000000,0.000826,0.593700,0.594700
1.056000,0.000000,-0.003054,-0.000000,0.000826,0.593700,0.594741
1.058000,0.000000,-0.003043,-0.000000,0.000826,0.593700,0.594781
1.060000,0.000000,-0.003033,-0.000000,0.000825,0.593700,0.594821
1.062000,0.000000,-0.003022,-0.000000,0.000825,0.593700,0.594860
1.064000,0.000000,-0.003012,-0.000000,0.000825,0.593700,0.594899
1.066000,0.000000,-0.003002,-0.000000,0.000824,0.593700,0.594938
1.068000,0.000000,-0.002992,-0.000000,0.000824,0.593700,0.594977
1.070000,0.000000,-0.002981,-0.000000,0.000823,0.593700,0.595015
1.072000,0.000000,-0.002971,-0.000000,0.000823,0.593700,0.595053
1.074000,0.000000,-0.002962,-0.000000,0.000823,0.593700,0.595091
1.076000,0.000000,-0.002952,-0.000000,0.000822,0.593700,0.595128
1.078000,0.000000,-0.002942,-0.000000,0.000822,0.593700,0.595165
1.080000,0.000000,-0.002932,-0.000000,0.000822,0.593700,0.595202
1.082000,0.000000,-0.002923,-0.000000,0.000821,0.593700,0.595239
1.084000,0.000000,-0.002913,-0.000000,0.000821,0.593700,0.595275
1.086000,0.000000,-0.002904,-0.000000,0.000821,0.593700,0.595311
1.088000,0.000000,-0.002895,-0.000000,0.000820,0.593700,0.595346
1.090000,0.000000,-0.002885,-0.000000,0.000820,0.593700,0.595381
1.092000,0.000000,-0.002876,-0.000000,0.000820,0.593700,0.595416
1.094000,0.000000,-0.002867,-0.000000,0.000819,0.593700,0.595451
1.096000,0.000000,-0.002858,-0.000000,0.000819,0.593700,0.595485
1.098000,0.000000,-0.002849,-0.000000,0.000819,0.593700,0.595519
1.100000,0.000000,-0.002840,-0.000000,0.000818,0.593700,0.595553
1.102000,0.000000,-0.002831,-0.000000,0.000818,0.593700,0.595586
1.104000,0.000000,-0.002822,-0.000000,0.000818,0.593700,0.595619
1.106000,0.000000,-0.002814,-0.000000,0.000817,0.593700,0.595652
1.108000,0.000000,-0.002805,-0.000000,0.000817,0.593700,0.595684
1.110000,0.000000,-0.002797,-0.000000,0.000817,0.593700,0.595716
1.112000,0.000000,-0.002788,-0.000000,0.000816,0.593700,0.595747
1.114000,0.000000,-0.002780,-0.000000,0.000816,0.593700,0.595779
1.116000,0.000000,-0.002771,-0.000000,0.000816,0.593700,0.595810
1.118000,0.000000,-0.002763,-0.000000,0.000815,0.593700,0.595841
1.120000,0.000000,-0.002755,-0.000000,0.000815,0.593700,0.595871
1.122000,0.000000,-0.002747,-0.000000,0.000815,0.593700,0.595901
1.124000,0.000000,-0.002739,-0.000000,0.000814,0.593700,0.595931
1.126000,-0.000008,-0.002731,-0.000000,0.000814,0.593698,0.595961
1.128000,-0.000032,-0.002722,-0.000000,0.000814,0.593691,0.595990
1.130000,-0.000072,-0.002714,-0.000000,0.000813,0.593679,0.596018
1.132000,-0.000128,-0.002708,-0.000000,0.000813,0.593663,0.596045
1.134000,-0.000200,-0.002703,-0.000000,0.000813,0.593642,0.596070
1.136000,-0.000288,-0.002701,-0.000000,0.000812,0.593616,0.596093
1.138000,-0.000392,-0.002701,-0.000000,0.000812,0.593586,0.596113
1.140000,-0.000512,-0.002706,-0.000000,0.000812,0.593551,0.596132
1.142000,-0.000648,-0.002715,-0.000000,0.000811,0.593512,0.596149
1.144000,-0.000800,-0.002728,-0.000000,0.000811,0.593468,0.596164
1.146000,-0.000968,-0.002748,-0.000000,0.000810,0.593419,0.596176
1.148000,-0.001152,-0.002773,-0.000000,0.000810,0.593366,0.596186
1.150000,-0.001352,-0.002805,-0.000000,0.000810,0.593308,0.596194
1.152000,-0.001568,-0.002845,-0.000000,0.000809,0.593245,0.596199
1.154000,-0.001800,-0.002892,-0.000000,0.000809,0.593178,0.596202
1.156000,-0.002048,-0.002948,-0.000000,0.000808,0.593106,0.596202
1.158000,-0.002312,-0.003012,-0.000000,0.000808,0.593029,0.596200
1.160000,-0.002592,-0.003086,-0.000000,0.000807,0.592948,0.596194
1.162000,-0.002888,-0.003170,-0.000000,0.000807,0.592863,0.596184
1.164000,-0.003200,-0.003264,-0.000001,0.000806,0.592773,0.596171
1.166000,-0.003528,-0.003368,-0.000001,0.000806,0.592678,0.596154
1.168000,-0.003872,-0.003483,-0.000001,0.000806,0.592579,0.596135
1.170000,-0.004232,-0.003608,-0.000001,0.000805,0.592475,0.596109
1.172000,-0.004608,-0.003744,-0.000001,0.000805,0.592367,0.596080
1.174000,-0.005000,-0.003891,-0.000001,0.000804,0.592254,0.596048
1.176000,-0.005408,-0.004049,-0.000001,0.000804,0.592137,0.596013
1.178000,-0.005832,-0.004218,-0.000001,0.000804,0.592015,0.595975
1.180000,-0.006272,-0.004399,-0.000001,0.000803,0.591889,0.595934
1.182000,-0.006728,-0.004591,-0.000001,0.000803,0.591759,0.595890
1.184000,-0.007200,-0.004795,-0.000001,0.000803,0.591624,0.595843
1.186000,-0.007688,-0.005010,-0.000001,0.000802,0.591485,0.595793
1.188000,-0.008192,-0.005582,-0.000001,0.000803,0.591341,0.595778
1.190000,-0.008712,-0.005833,-0.000001,0.000803,0.591193,0.595728
1.192000,-0.009248,-0.006093,-0.000001,0.000805,0.591041,0.595652
1.194000,-0.009800,-0.006365,-0.000001,0.000805,0.590884,0.595567
1.196000,-0.010368,-0.006646,-0.000001,0.000805,0.590724,0.595478
1.198000,-0.010952,-0.006935,-0.000001,0.000805,0.590558,0.595388
1.200000,-0.011552,-0.007234,-0.000001,0.000805,0.590389,0.595296
1.202000,-0.012168,-0.007542,-0.000001,0.000805,0.590215,0.595202
1.204000,-0.012800,-0.007859,-0.000001,0.000805,0.590037,0.595106
1.206000,-0.013448,-0.008187,-0.000000,0.000805,0.589855,0.595008
1.208000,-0.014112,-0.008526,-0.000000,0.000805,0.589668,0.594906
1.210000,-0.014792,-0.008877,-0.000000,0.000804,0.589477,0.594803
1.212000,-0.015488,-0.009239,-0.000000,0.000804,0.589282,0.594696
1.214000,-0.016200,-0.009613,-0.000000,0.000804,0.589083,0.594588
1.216000,-0.016928,-0.010000,-0.000000,0.000803,0.588880,0.594478
1.218000,-0.017672,-0.010399,-0.000000,0.000803,0.588672,0.594366
1.220000,-0.018432,-0.010812,-0.000000,0.000803,0.588461,0.594252
1.222000,-0.019208,-0.011238,-0.000000,0.000803,0.588245,0.594137
1.224000,-0.020000,-0.011677,0.000000,0.000803,0.588025,0.594020
1.226000,-0.020808,-0.012130,0.000000,0.000803,0.587802,0.593889
1.228000,-0.021632,-0.012597,0.000000,0.000803,0.587574,0.593755
1.230000,-0.022472,-0.013079,0.000000,0.000802,0.587342,0.593620
1.232000,-0.023328,-0.013575,0.000000,0.000801,0.587106,0.593484
1.234000,-0.024200,-0.014086,0.000000,0.000800,0.586866,0.593345
1.236000,-0.025088,-0.014613,0.000001,0.000799,0.586622,0.593206
1.238000,-0.025992,-0.015154,0.000001,0.000800,0.586374,0.593065
1.240000,-0.026912,-0.015711,0.000001,0.000799,0.586122,0.592924
1.242000,-0.027848,-0.016283,0.000001,0.000799,0.585866,0.592759
1.244000,-0.028800,-0.016870,0.000001,0.000799,0.585607,0.592589
1.246000,-0.029768,-0.017471,0.000001,0.000799,0.585343,0.592415
1.248000,-0.030752,-0.018088,0.000001,0.000799,0.585076,0.592239
1.250000,-0.031752,-0.018719,0.000001,0.000799,0.584804,0.592061
1.252000,-0.032768,-0.019366,0.000001,0.000799,0.584529,0.591880
1.254000,-0.033800,-0.020027,0.000001,0.000799,0.584250,0.591696
1.256000,-0.034848,-0.020703,0.000001,0.000799,0.583968,0.591508
1.258000,-0.035912,-0.021394,0.000002,0.000799,0.583681,0.591317
1.260000,-0.036992,-0.022100,0.000002,0.000799,0.583391,0.591122
1.262000,-0.038088,-0.022821,0.000002,0.000798,0.583097,0.590925
1.264000,-0.039200,-0.023557,0.000002,0.000798,0.582800,0.590726
1.266000,-0.040328,-0.024308,0.000002,0.000798,0.582498,0.590526
1.268000,-0.041472,-0.025075,0.000002,0.000797,0.582193,0.590326
1.270000,-0.042632,-0.025857,0.000002,0.000797,0.581885,0.590126
1.272000,-0.043808,-0.026654,0.000002,0.000798,0.581572,0.589927
1.274000,-0.045000,-0.027466,0.000002,0.000797,0.581256,0.589707
1.276000,-0.046208,-0.028293,0.000003,0.000797,0.580937,0.589487
1.278000,-0.047432,-0.029137,0.000003,0.000795,0.580614,0.589269
1.280000,-0.048672,-0.029996,0.000003,0.000796,0.580287,0.589017
1.282000,-0.049928,-0.030872,0.000003,0.000794,0.579957,0.588761
1.284000,-0.051200,-0.031762,0.000003,0.000793,0.579623,0.588506
1.286000,-0.052488,-0.032669,0.000003,0.000794,0.579286,0.588252
1.288000,-0.053792,-0.033591,0.000003,0.000794,0.578946,0.587999
1.290000,-0.055112,-0.034529,0.000003,0.000794,0.578602,0.587748
1.292000,-0.056448,-0.035483,0.000004,0.000795,0.578254,0.587497
1.294000,-0.057800,-0.036452,0.000004,0.000795,0.577903,0.587245
1.296000,-0.059168,-0.037437,0.000004,0.000795,0.577549,0.586991
1.298000,-0.060552,-0.038438,0.000004,0.000795,0.577191,0.586736
1.300000,-0.061952,-0.039454,0.000004,0.000795,0.576830,0.586480
1.302000,-0.063368,-0.040486,0.000004,0.000795,0.576466,0.586224
1.304000,-0.064800,-0.041535,0.000004,0.000795,0.576099,0.585968
1.306000,-0.066248,-0.042600,0.000005,0.000795,0.575728,0.585714
1.308000,-0.067712,-0.043682,0.000005,0.000796,0.575354,0.585463
1.310000,-0.069192,-0.044778,0.000005,0.000795,0.574976,0.585140
1.312000,-0.070688,-0.045889,0.000005,0.000796,0.574596,0.584814
1.314000,-0.072200,-0.047015,0.000005,0.000793,0.574212,0.584492
1.316000,-0.073728,-0.048157,0.000005,0.000793,0.573825,0.584174
1.318000,-0.075272,-0.049316,0.000006,0.000792,0.573436,0.583863
1.320000,-0.076832,-0.050492,0.000006,0.000793,0.573042,0.583556
1.322000,-0.078408,-0.051683,0.000006,0.000793,0.572646,0.583255
1.324000,-0.080000,-0.052891,0.000006,0.000794,0.572247,0.582958
1.326000,-0.081608,-0.054115,0.000006,0.000794,0.571845,0.582662
1.328000,-0.083232,-0.055356,0.000006,0.000795,0.571440,0.582368
1.330000,-0.084872,-0.056614,0.000007,0.000795,0.571032,0.582074
1.332000,-0.086528,-0.057888,0.000007,0.000795,0.570620,0.581784
1.334000,-0.088200,-0.059180,0.000007,0.000796,0.570206,0.581497
1.336000,-0.089888,-0.060487,0.000007,0.000796,0.569789,0.581150
1.338000,-0.091592,-0.061807,0.000007,0.000796,0.569369,0.580794
1.340000,-0.093312,-0.063141,0.000008,0.000797,0.568947,0.580441
1.342000,-0.095048,-0.064491,0.000008,0.000797,0.568521,0.580064
1.344000,-0.096800,-0.065857,0.000008,0.000797,0.568093,0.579697
1.346000,-0.098568,-0.067240,0.000008,0.000794,0.567661,0.579343
1.348000,-0.100352,-0.068641,0.000009,0.000794,0.567228,0.578995
1.350000,-0.102152,-0.070058,0.000009,0.000793,0.566791,0.578658
1.352000,-0.103968,-0.071493,0.000009,0.000795,0.566352,0.578329
1.354000,-0.105800,-0.072948,0.000009,0.000796,0.565910,0.578006
1.356000,-0.107648,-0.074418,0.000009,0.000796,0.565465,0.577618
1.358000,-0.109512,-0.075901,0.000010,0.000797,0.565018,0.577223
1.360000,-0.111392,-0.077400,0.000010,0.000797,0.564568,0.576833
1.362000,-0.113288,-0.078914,0.000010,0.000798,0.564116,0.576451
1.364000,-0.115200,-0.080446,0.000010,0.000798,0.563661,0.576080
1.366000,-0.117128,-0.081995,0.000011,0.000799,0.563204,0.575719
1.368000,-0.119072,-0.083562,0.000011,0.000800,0.562744,0.575369
1.370000,-0.121032,-0.085147,0.000011,0.000800,0.562282,0.575003
1.372000,-0.123008,-0.086747,0.000011,0.000800,0.561818,0.574647
1.374000,-0.125000,-0.088366,0.000012,0.000799,0.561351,0.574291
1.376000,-0.127008,-0.089999,0.000012,0.000798,0.560882,0.573889
1.378000,-0.129032,-0.091645,0.000012,0.000800,0.560410,0.573473
1.380000,-0.131072,-0.093306,0.000013,0.000800,0.559937,0.573056
1.382000,-0.133128,-0.094983,0.000013,0.000801,0.559461,0.572645
1.384000,-0.135200,-0.096676,0.000013,0.000801,0.558983,0.572245
1.386000,-0.137288,-0.098386,0.000013,0.000802,0.558502,0.571856
1.388000,-0.139392,-0.100116,0.000014,0.000803,0.558020,0.571480
1.390000,-0.141512,-0.101861,0.000014,0.000804,0.557535,0.571035
1.392000,-0.143648,-0.103620,0.000014,0.000805,0.557049,0.570590
1.394000,-0.145800,-0.105394,0.000015,0.000805,0.556560,0.570134
1.396000,-0.147968,-0.107184,0.000015,0.000805,0.556069,0.569695
1.398000,-0.150152,-0.108991,0.000015,0.000804,0.555577,0.569256
1.400000,-0.152352,-0.110814,0.000016,0.000803,0.555082,0.568833
1.402000,-0.154568,-0.112655,0.000016,0.000805,0.554586,0.568427
1.404000,-0.156800,-0.114515,0.000016,0.000806,0.554087,0.568035
1.406000,-0.159048,-0.116394,0.000017,0.000807,0.553587,0.567657
1.408000,-0.161312,-0.118289,0.000017,0.000807,0.553086,0.567229
1.410000,-0.163592,-0.120197,0.000017,0.000808,0.552582,0.566788
1.412000,-0.165888,-0.122119,0.000018,0.000809,0.552077,0.566352
1.414000,-0.168200,-0.124056,0.000018,0.000811,0.551570,0.565929
1.416000,-0.170528,-0.126009,0.000018,0.000811,0.551061,0.565501
1.418000,-0.172872,-0.127979,0.000019,0.000812,0.550551,0.565090
1.420000,-0.175232,-0.129969,0.000019,0.000811,0.550039,0.564675
1.422000,-0.177608,-0.131973,0.000020,0.000810,0.549525,0.564207
1.424000,-0.180000,-0.133991,0.000020,0.000812,0.549011,0.563725
1.426000,-0.182408,-0.136024,0.000020,0.000813,0.548494,0.563248
1.428000,-0.184832,-0.138073,0.000021,0.000814,0.547977,0.562786
1.430000,-0.187272,-0.140139,0.000021,0.000815,0.547457,0.562344
1.432000,-0.189728,-0.142222,0.000021,0.000817,0.546937,0.561924
1.434000,-0.192200,-0.144326,0.000022,0.000819,0.546415,0.561527
1.436000,-0.194688,-0.146445,0.000022,0.000819,0.545892,0.561058
1.438000,-0.197192,-0.148578,0.000023,0.000820,0.545368,0.560575
1.440000,-0.199712,-0.150725,0.000023,0.000819,0.544842,0.560073
1.442000,-0.202248,-0.152888,0.000024,0.000818,0.544316,0.559586
1.444000,-0.204800,-0.155068,0.000024,0.000820,0.543788,0.559123
1.446000,-0.207368,-0.157268,0.000024,0.000821,0.543259,0.558685
1.448000,-0.209952,-0.159486,0.000025,0.000822,0.542730,0.558200
1.450000,-0.212552,-0.161719,0.000025,0.000824,0.542199,0.557709
1.452000,-0.215168,-0.163966,0.000026,0.000826,0.541667,0.557233
1.454000,-0.217800,-0.166230,0.000026,0.000826,0.541135,0.556753
1.456000,-0.220448,-0.168511,0.000027,0.000827,0.540601,0.556297
1.458000,-0.223112,-0.170810,0.000027,0.000827,0.540067,0.555840
1.460000,-0.225792,-0.173128,0.000028,0.000826,0.539532,0.555406
1.462000,-0.228488,-0.175463,0.000028,0.000828,0.538996,0.554918
1.464000,-0.231200,-0.177812,0.000029,0.000829,0.538460,0.554418
1.466000,-0.233928,-0.180175,0.000029,0.000831,0.537923,0.553929
1.468000,-0.236671,-0.182554,0.000030,0.000833,0.537387,0.553464
1.470000,-0.239429,-0.184949,0.000030,0.000835,0.536855,0.553029
1.472000,-0.242200,-0.187364,0.000031,0.000836,0.536328,0.552599
1.474000,-0.244985,-0.189794,0.000031,0.000837,0.535808,0.552118
1.476000,-0.247781,-0.192238,0.000031,0.000836,0.535296,0.551596
1.478000,-0.250591,-0.194697,0.000032,0.000835,0.534792,0.551085
1.480000,-0.253413,-0.197173,0.000032,0.000837,0.534296,0.550604
1.482000,-0.256248,-0.199668,0.000033,0.000839,0.533809,0.550161
1.484000,-0.259095,-0.202182,0.000033,0.000841,0.533329,0.549676
1.486000,-0.261955,-0.204713,0.000034,0.000843,0.532857,0.549198
1.488000,-0.264828,-0.207260,0.000034,0.000844,0.532393,0.548721
1.490000,-0.267713,-0.209824,0.000035,0.000845,0.531937,0.548278
1.492000,-0.270611,-0.212405,0.000036,0.000844,0.531490,0.547835
1.494000,-0.273522,-0.215006,0.000036,0.000843,0.531050,0.547424
1.496000,-0.276446,-0.217625,0.000037,0.000846,0.530618,0.546964
1.498000,-0.279382,-0.220259,0.000037,0.000847,0.530194,0.546507
1.500000,-0.282331,-0.222910,0.000038,0.000849,0.529779,0.546074
1.502000,-0.285293,-0.225577,0.000038,0.000852,0.529371,0.545678
1.504000,-0.288268,-0.228263,0.000039,0.000852,0.528971,0.545306
1.506000,-0.291256,-0.230968,0.000039,0.000856,0.528579,0.544840
1.508000,-0.294256,-0.233688,0.000040,0.000853,0.528195,0.544381
1.510000,-0.297269,-0.236424,0.000040,0.000857,0.527820,0.543953
1.512000,-0.300295,-0.239177,0.000041,0.000858,0.527452,0.543566
1.514000,-0.303334,-0.241945,0.000041,0.000860,0.527092,0.543223
1.516000,-0.306386,-0.244732,0.000042,0.000862,0.526740,0.542926
1.518000,-0.309451,-0.247535,0.000042,0.000864,0.526396,0.542579
1.520000,-0.312528,-0.250353,0.000043,0.000865,0.526061,0.542225
1.522000,-0.315619,-0.253616,0.000043,0.000874,0.525733,0.541856
1.524000,-0.318722,-0.256482,0.000044,0.000871,0.525413,0.541523
1.526000,-0.321839,-0.259362,0.000045,0.000875,0.525101,0.541141
1.528000,-0.324968,-0.262255,0.000045,0.000874,0.524797,0.540775
1.530000,-0.328110,-0.265162,0.000046,0.000874,0.524502,0.540412
1.532000,-0.331266,-0.268080,0.000046,0.000874,0.524214,0.540090
1.534000,-0.334434,-0.271014,0.000047,0.000873,0.523934,0.539749
1.536000,-0.337615,-0.273962,0.000047,0.000871,0.523662,0.539358
1.538000,-0.340810,-0.276921,0.000048,0.000875,0.523398,0.538984
1.540000,-0.344017,-0.279892,0.000049,0.000877,0.523143,0.538648
1.542000,-0.347237,-0.282877,0.000049,0.000884,0.522895,0.538360
1.544000,-0.350471,-0.285879,0.000050,0.000887,0.522655,0.538126
1.546000,-0.353716,-0.288896,0.000050,0.000891,0.522423,0.537846
1.548000,-0.356972,-0.291925,0.000051,0.000894,0.522200,0.537575
1.550000,-0.360237,-0.294970,0.000051,0.000898,0.521984,0.537299
1.552000,-0.363508,-0.298033,0.000052,0.000882,0.521776,0.537070
1.554000,-0.366785,-0.301112,0.000053,0.000887,0.521576,0.536791
1.556000,-0.370067,-0.304203,0.000053,0.000888,0.521384,0.536527
1.558000,-0.373353,-0.307307,0.000054,0.000890,0.521201,0.536275
1.560000,-0.376642,-0.310424,0.000054,0.000889,0.521025,0.536066
1.562000,-0.379934,-0.313558,0.000055,0.000893,0.520857,0.535863
1.564000,-0.383229,-0.316707,0.000056,0.000892,0.520697,0.535603
1.566000,-0.386528,-0.319868,0.000056,0.000895,0.520545,0.535361
1.568000,-0.389829,-0.323040,0.000057,0.000897,0.520402,0.535158
1.570000,-0.393134,-0.326228,0.000057,0.000900,0.520266,0.534982
1.572000,-0.396443,-0.329429,0.000058,0.000902,0.520138,0.534749
1.574000,-0.399754,-0.332640,0.000059,0.000903,0.520018,0.534538
1.576000,-0.403069,-0.335858,0.000059,0.000907,0.519906,0.534321
1.578000,-0.406387,-0.339087,0.000060,0.000907,0.519803,0.534156
1.580000,-0.409708,-0.342329,0.000060,0.000910,0.519707,0.534049
1.582000,-0.413032,-0.345580,0.000061,0.000912,0.519619,0.533871
1.584000,-0.416360,-0.348840,0.000062,0.000914,0.519539,0.533695
1.586000,-0.419691,-0.352108,0.000062,0.000915,0.519467,0.533556
1.588000,-0.423026,-0.355385,0.000063,0.000918,0.519404,0.533415
1.590000,-0.426363,-0.358673,0.000063,0.000917,0.519348,0.533221
1.592000,-0.429704,-0.361966,0.000064,0.000921,0.519300,0.533048
1.594000,-0.433048,-0.365264,0.000065,0.000924,0.519260,0.532917
1.596000,-0.436396,-0.368569,0.000065,0.000926,0.519229,0.532842
1.598000,-0.439747,-0.371885,0.000066,0.000930,0.519205,0.532711
1.600000,-0.443101,-0.375439,0.000066,0.000931,0.519189,0.532610
1.602000,-0.446458,-0.378766,0.000067,0.000931,0.519181,0.532482
1.604000,-0.449819,-0.382094,0.000068,0.000930,0.519181,0.532385
1.606000,-0.453183,-0.385429,0.000068,0.000929,0.519190,0.532344
1.608000,-0.456551,-0.388770,0.000069,0.000931,0.519206,0.532249
1.610000,-0.459921,-0.392114,0.000069,0.000932,0.519230,0.532166
1.612000,-0.463295,-0.395460,0.000070,0.000935,0.519262,0.532126
1.614000,-0.466673,-0.398815,0.000071,0.000934,0.519302,0.532078
1.616000,-0.470053,-0.402171,0.000071,0.000934,0.519351,0.531972
1.618000,-0.473436,-0.405528,0.000072,0.000937,0.519407,0.531883
1.620000,-0.476822,-0.408886,0.000072,0.000940,0.519471,0.531839
1.622000,-0.480209,-0.412251,0.000073,0.000943,0.519543,0.531843
1.624000,-0.483597,-0.415626,0.000074,0.000946,0.519623,0.531739
1.626000,-0.486987,-0.418999,0.000074,0.000949,0.519712,0.531652
1.628000,-0.490378,-0.422373,0.000075,0.000953,0.519808,0.531620
1.630000,-0.493769,-0.425749,0.000075,0.000955,0.519912,0.531650
1.632000,-0.497161,-0.429131,0.000076,0.000958,0.520024,0.531745
1.634000,-0.500553,-0.432518,0.000077,0.000957,0.520144,0.531783
1.636000,-0.503946,-0.435909,0.000077,0.000960,0.520273,0.531761
1.638000,-0.507339,-0.439300,0.000078,0.000957,0.520409,0.531764
1.640000,-0.510732,-0.442693,0.000079,0.000960,0.520553,0.531819
1.642000,-0.514125,-0.446093,0.000079,0.000963,0.520705,0.531939
1.644000,-0.517519,-0.449493,0.000080,0.000966,0.520865,0.531968
1.646000,-0.520913,-0.452895,0.000080,0.000966,0.521030,0.532016
1.648000,-0.524306,-0.456299,0.000081,0.000970,0.521202,0.532041
1.650000,-0.527700,-0.459708,0.000082,0.000967,0.521377,0.532112
1.652000,-0.531094,-0.463118,0.000082,0.000969,0.521556,0.532108
1.654000,-0.534488,-0.466528,0.000083,0.000972,0.521737,0.532160
1.656000,-0.537882,-0.469941,0.000083,0.000972,0.521921,0.532266
1.658000,-0.541276,-0.473355,0.000084,0.000975,0.522105,0.532373
1.660000,-0.544670,-0.476774,0.000085,0.000972,0.522291,0.532527
1.662000,-0.548064,-0.480192,0.000085,0.000975,0.522478,0.532571
1.664000,-0.551458,-0.483610,0.000086,0.000978,0.522665,0.532661
1.666000,-0.554852,-0.487030,0.000086,0.000978,0.522852,0.532796
1.668000,-0.558246,-0.490453,0.000087,0.000982,0.523039,0.532926
1.670000,-0.561640,-0.493881,0.000088,0.000978,0.523226,0.533104
1.672000,-0.565034,-0.497305,0.000088,0.000980,0.523413,0.533179
1.674000,-0.568428,-0.500729,0.000089,0.000984,0.523600,0.533291
1.676000,-0.571822,-0.504155,0.000090,0.000983,0.523786,0.533438
1.678000,-0.575216,-0.507585,0.000090,0.000984,0.523972,0.533583
1.680000,-0.578610,-0.511017,0.000091,0.000987,0.524158,0.533723
1.682000,-0.582004,-0.514444,0.000091,0.000985,0.524343,0.533817
1.684000,-0.585398,-0.517871,0.000092,0.001000,0.524528,0.533955
1.686000,-0.588792,-0.521299,0.000093,0.000997,0.524712,0.534119
1.688000,-0.592186,-0.524733,0.000093,0.001000,0.524896,0.534282
1.690000,-0.595580,-0.528161,0.000094,0.000994,0.525080,0.534344
1.692000,-0.598975,-0.531590,0.000094,0.000995,0.525262,0.534437
1.694000,-0.602369,-0.535018,0.000095,0.000999,0.525445,0.534599
1.696000,-0.605763,-0.538446,0.000096,0.000997,0.525627,0.534791
1.698000,-0.609157,-0.541880,0.000096,0.001000,0.525809,0.534981
1.700000,-0.612551,-0.545307,0.000097,0.000994,0.525990,0.535061
1.702000,-0.615945,-0.548736,0.000098,0.000995,0.526170,0.535157
1.704000,-0.619339,-0.552164,0.000098,0.000997,0.526350,0.535317
1.706000,-0.622733,-0.555599,0.000099,0.000998,0.526530,0.535455
1.708000,-0.626127,-0.559028,0.000099,0.001000,0.526709,0.535494
1.710000,-0.629521,-0.562458,0.000100,0.001002,0.526888,0.535562
1.712000,-0.632915,-0.565886,0.000101,0.001005,0.527066,0.535700
1.714000,-0.636309,-0.569315,0.000101,0.001002,0.527244,0.535872
1.716000,-0.639703,-0.572748,0.000102,0.001005,0.527421,0.536042
1.718000,-0.643097,-0.576176,0.000102,0.000999,0.527598,0.536114
1.720000,-0.646491,-0.579605,0.000103,0.001001,0.527774,0.536211
1.722000,-0.649885,-0.583035,0.000104,0.000998,0.527950,0.536321
1.724000,-0.653280,-0.586468,0.000104,0.000998,0.528126,0.536440
1.726000,-0.656674,-0.589901,0.000105,0.000999,0.528301,0.536549
1.728000,-0.660068,-0.593331,0.000105,0.000997,0.528475,0.536647
1.730000,-0.663462,-0.596760,0.000106,0.001009,0.528649,0.536797
1.732000,-0.666856,-0.600189,0.000107,0.001006,0.528823,0.536961
1.734000,-0.670250,-0.603620,0.000107,0.001008,0.528996,0.537120
1.736000,-0.673644,-0.607047,0.000108,0.001001,0.529168,0.537191
1.738000,-0.677038,-0.610475,0.000109,0.001001,0.529340,0.537295
1.740000,-0.680432,-0.613902,0.000109,0.001003,0.529512,0.537472
1.742000,-0.683826,-0.617328,0.000110,0.001004,0.529683,0.537615
1.744000,-0.687220,-0.620756,0.000110,0.001004,0.529854,0.537787
1.746000,-0.690614,-0.624181,0.000111,0.001007,0.530024,0.537874
1.748000,-0.694008,-0.627609,0.000112,0.001006,0.530194,0.537945
1.750000,-0.697402,-0.631036,0.000112,0.001005,0.530364,0.538070
1.752000,-0.700796,-0.634462,0.000113,0.001000,0.530533,0.538214
1.754000,-0.704191,-0.637890,0.000113,0.000993,0.530701,0.538413
1.756000,-0.707585,-0.641314,0.000114,0.000993,0.530869,0.538547
1.758000,-0.710979,-0.644742,0.000115,0.000993,0.531037,0.538599
1.760000,-0.714373,-0.648169,0.000115,0.000995,0.531204,0.538677
1.762000,-0.717767,-0.651596,0.000116,0.000994,0.531371,0.538822
1.764000,-0.721161,-0.655024,0.000116,0.001003,0.531537,0.538984
1.766000,-0.724555,-0.658450,0.000117,0.000997,0.531703,0.539093
1.768000,-0.727949,-0.661876,0.000118,0.001009,0.531868,0.539177
1.770000,-0.731343,-0.665300,0.000118,0.001001,0.532033,0.539303
1.772000,-0.734737,-0.668725,0.000119,0.001006,0.532198,0.539500
1.774000,-0.738131,-0.672153,0.000120,0.000995,0.532362,0.539654
1.776000,-0.741525,-0.675578,0.000120,0.001001,0.532525,0.539714
1.778000,-0.744919,-0.679002,0.000121,0.000985,0.532688,0.539794
1.780000,-0.748313,-0.682426,0.000121,0.000987,0.532851,0.539939
1.782000,-0.751707,-0.685852,0.000122,0.000988,0.533014,0.540168
1.784000,-0.755102,-0.689276,0.000123,0.000989,0.533175,0.540195
1.786000,-0.758496,-0.692699,0.000123,0.000992,0.533337,0.540230
1.788000,-0.761890,-0.696122,0.000124,0.000995,0.533498,0.540334
1.790000,-0.765284,-0.699546,0.000124,0.000993,0.533658,0.540443
1.792000,-0.768678,-0.702973,0.000125,0.000992,0.533819,0.540623
1.794000,-0.772072,-0.706396,0.000126,0.000986,0.533978,0.540694
1.796000,-0.775466,-0.709820,0.000126,0.000978,0.534138,0.540803
1.798000,-0.778860,-0.713242,0.000127,0.000987,0.534297,0.541014
1.800000,-0.782254,-0.716664,0.000127,0.000989,0.534455,0.541118
1.802000,-0.785648,-0.720088,0.000128,0.000990,0.534613,0.541273
1.804000,-0.789042,-0.723510,0.000129,0.000992,0.534771,0.541368
1.806000,-0.792436,-0.726934,0.000129,0.000994,0.534928,0.541515
1.808000,-0.795830,-0.730355,0.000130,0.000989,0.535085,0.541624
1.810000,-0.799224,-0.733775,0.000131,0.000993,0.535241,0.541745
1.812000,-0.802618,-0.737198,0.000131,0.000984,0.535397,0.541934
1.814000,-0.806012,-0.740619,0.000132,0.000989,0.535553,0.542078
1.816000,-0.809407,-0.744040,0.000132,0.000984,0.535708,0.542145
1.818000,-0.812801,-0.747460,0.000133,0.000989,0.535862,0.542225
1.820000,-0.816195,-0.750880,0.000134,0.000980,0.536017,0.542374
1.822000,-0.819589,-0.754304,0.000134,0.000985,0.536171,0.542612
1.824000,-0.822983,-0.757724,0.000135,0.000980,0.536324,0.542670
1.826000,-0.826377,-0.761144,0.000135,0.000985,0.536477,0.542724
1.828000,-0.829771,-0.764564,0.000136,0.000975,0.536630,0.542840
1.830000,-0.833165,-0.767986,0.000137,0.000976,0.536782,0.543043
1.832000,-0.836559,-0.771409,0.000137,0.000984,0.536934,0.543061
1.834000,-0.839953,-0.774830,0.000138,0.000979,0.537085,0.543103
1.836000,-0.843347,-0.778251,0.000139,0.000991,0.537236,0.543214
1.838000,-0.846741,-0.781672,0.000139,0.000990,0.537387,0.543415
1.840000,-0.850135,-0.785095,0.000140,0.000985,0.537537,0.543546
1.842000,-0.853529,-0.788514,0.000140,0.000989,0.537687,0.543580
1.844000,-0.856923,-0.791933,0.000141,0.000977,0.537836,0.543671
1.846000,-0.860318,-0.795351,0.000142,0.000983,0.537985,0.543846
1.848000,-0.863712,-0.798768,0.000142,0.000977,0.538134,0.543949
1.850000,-0.867106,-0.802187,0.000143,0.000982,0.538282,0.544100
1.852000,-0.870500,-0.805603,0.000143,0.000971,0.538430,0.544186
1.854000,-0.873894,-0.809020,0.000144,0.000977,0.538577,0.544340
1.856000,-0.877288,-0.812435,0.000145,0.000971,0.538725,0.544407
1.858000,-0.880682,-0.815848,0.000145,0.000977,0.538871,0.544525
1.860000,-0.884076,-0.819265,0.000146,0.000966,0.539017,0.544725
1.862000,-0.887470,-0.822681,0.000146,0.000973,0.539163,0.544914
1.864000,-0.890864,-0.826095,0.000147,0.000967,0.539309,0.544986
1.866000,-0.894258,-0.829507,0.000148,0.000973,0.539454,0.545090
1.868000,-0.897652,-0.832924,0.000148,0.000962,0.539599,0.545264
1.870000,-0.901046,-0.836339,0.000149,0.000969,0.539743,0.545375
1.872000,-0.904440,-0.839753,0.000150,0.000963,0.539887,0.545367
1.874000,-0.907834,-0.843164,0.000150,0.000969,0.540030,0.545412
1.876000,-0.911229,-0.846573,0.000151,0.000958,0.540174,0.545543
1.878000,-0.914623,-0.849984,0.000151,0.000964,0.540316,0.545770
1.880000,-0.918017,-0.853395,0.000152,0.000962,0.540459,0.545825
1.882000,-0.921411,-0.856803,0.000153,0.000967,0.540601,0.545908
1.884000,-0.924805,-0.860212,0.000153,0.000963,0.540742,0.546058
1.886000,-0.928199,-0.863622,0.000154,0.000971,0.540884,0.546290
1.888000,-0.931593,-0.867032,0.000154,0.000962,0.541025,0.546426
1.890000,-0.934987,-0.870440,0.000155,0.000970,0.541165,0.546506
1.892000,-0.938381,-0.873846,0.000156,0.000952,0.541305,0.546621
1.894000,-0.941775,-0.877252,0.000156,0.000959,0.541445,0.546801
1.896000,-0.945169,-0.880657,0.000157,0.000951,0.541584,0.546878
1.898000,-0.948563,-0.884065,0.000157,0.000963,0.541723,0.546919
1.900000,-0.951957,-0.887472,0.000158,0.000948,0.541862,0.547008
1.902000,-0.955351,-0.890888,0.000159,0.000974,0.542000,0.547217
1.904000,-0.958745,-0.894290,0.000159,0.000966,0.542138,0.547286
1.906000,-0.962140,-0.897694,0.000160,0.000977,0.542276,0.547402
1.908000,-0.965534,-0.901099,0.000161,0.000965,0.542413,0.547495
1.910000,-0.968928,-0.904502,0.000161,0.000972,0.542550,0.547641
1.912000,-0.972322,-0.907903,0.000162,0.000965,0.542686,0.547679
1.914000,-0.975716,-0.911311,0.000162,0.000980,0.542822,0.547810
1.916000,-0.979110,-0.914712,0.000163,0.000967,0.542958,0.547991
1.918000,-0.982504,-0.918113,0.000164,0.000978,0.543093,0.548146
1.920000,-0.985898,-0.921512,0.000164,0.000972,0.543228,0.548170
1.922000,-0.989292,-0.924910,0.000165,0.000977,0.543363,0.548229
1.924000,-0.992686,-0.928334,0.000165,0.000971,0.543497,0.548404
1.926000,-0.996080,-0.931735,0.000166,0.000982,0.543631,0.548546
1.928000,-0.999474,-0.935135,0.000167,0.000975,0.543765,0.548556
1.930000,-1.002868,-0.938544,0.000167,0.000998,0.543898,0.548642
1.932000,-1.006262,-0.941938,0.000168,0.000984,0.544031,0.548777
1.934000,-1.009656,-0.945335,0.000169,0.000992,0.544163,0.548985
1.936000,-1.013050,-0.948732,0.000169,0.000991,0.544296,0.549170
1.938000,-1.016445,-0.952125,0.000170,0.000992,0.544427,0.549220
1.940000,-1.019839,-0.955515,0.000170,0.000995,0.544559,0.549297
1.942000,-1.023233,-0.958906,0.000171,0.000995,0.544690,0.549450
1.944000,-1.026627,-0.962299,0.000172,0.000990,0.544821,0.549544
1.946000,-1.030021,-0.965692,0.000172,0.000991,0.544951,0.549577
1.948000,-1.033415,-0.969084,0.000173,0.000979,0.545081,0.549658
1.950000,-1.036809,-0.972476,0.000173,0.000983,0.545211,0.549816
1.952000,-1.040203,-0.975892,0.000174,0.000986,0.545340,0.550113
1.954000,-1.043597,-0.979283,0.000175,0.000989,0.545469,0.550246
1.956000,-1.046991,-0.982672,0.000175,0.000991,0.545598,0.550307
1.958000,-1.050385,-0.986070,0.000176,0.000989,0.545726,0.550409
1.960000,-1.053779,-0.989460,0.000176,0.000993,0.545854,0.550579
1.962000,-1.057173,-0.992848,0.000177,0.000982,0.545982,0.550702
1.964000,-1.060567,-0.996239,0.000178,0.000992,0.546109,0.550763
1.966000,-1.063961,-0.999628,0.000178,0.000977,0.546236,0.550846
1.968000,-1.067356,-1.003017,0.000179,0.000989,0.546363,0.551000
1.970000,-1.070750,-1.006405,0.000180,0.000989,0.546489,0.551109
1.972000,-1.074144,-1.009795,0.000180,0.000990,0.546615,0.551254
1.974000,-1.077538,-1.013186,0.000181,0.000995,0.546740,0.551356
1.976000,-1.080932,-1.016579,0.000181,0.000989,0.546866,0.551383
1.978000,-1.084326,-1.019990,0.000182,0.000994,0.546991,0.551499
1.980000,-1.087720,-1.023378,0.000183,0.000984,0.547115,0.551612
1.982000,-1.091114,-1.026770,0.000183,0.000978,0.547240,0.551789
1.984000,-1.094508,-1.030161,0.000184,0.000982,0.547363,0.551943
1.986000,-1.097902,-1.033553,0.000184,0.000983,0.547487,0.552016
1.988000,-1.101296,-1.036943,0.000185,0.000986,0.547610,0.552112
1.990000,-1.104690,-1.040335,0.000186,0.000988,0.547733,0.552273
1.992000,-1.108084,-1.043730,0.000186,0.000992,0.547856,0.552417
1.994000,-1.111478,-1.047122,0.000187,0.000989,0.547978,0.552533
1.996000,-1.114872,-1.050511,0.000187,0.000993,0.548100,0.552625
1.998000,-1.118267,-1.053899,0.000188,0.000985,0.548222,0.552757
2.000000,-1.121661,-1.057290,0.000189,0.000987,0.548343,0.552961
2.002000,-1.125055,-1.060684,0.000189,0.000987,0.548464,0.553017
2.004000,-1.128449,-1.064077,0.000190,0.000990,0.548585,0.553065
2.006000,-1.131843,-1.067469,0.000191,0.000992,0.548705,0.553164
2.008000,-1.135237,-1.070863,0.000191,0.000993,0.548825,0.553343
2.010000,-1.138631,-1.074259,0.000192,0.000995,0.548945,0.553493
2.012000,-1.142025,-1.077654,0.000192,0.000997,0.549064,0.553566
2.014000,-1.145419,-1.081048,0.000193,0.000997,0.549183,0.553653
2.016000,-1.148813,-1.084441,0.000194,0.001001,0.549302,0.553800
2.018000,-1.152207,-1.087837,0.000194,0.000998,0.549421,0.553966
2.020000,-1.155601,-1.091234,0.000195,0.001001,0.549539,0.554027
2.022000,-1.158995,-1.094631,0.000195,0.000994,0.549656,0.554095
2.024000,-1.162389,-1.098026,0.000196,0.000998,0.549774,0.554219
2.026000,-1.165783,-1.101422,0.000197,0.000995,0.549891,0.554362
2.028000,-1.169177,-1.104820,0.000197,0.000999,0.550008,0.554507
2.030000,-1.172572,-1.108218,0.000198,0.000992,0.550125,0.554596
2.032000,-1.175966,-1.111616,0.000198,0.000994,0.550241,0.554708
2.034000,-1.179360,-1.115014,0.000199,0.000996,0.550357,0.554881
2.036000,-1.182754,-1.118413,0.000200,0.000999,0.550472,0.555009
2.038000,-1.186148,-1.121813,0.000200,0.001001,0.550588,0.555063
2.040000,-1.189542,-1.125212,0.000201,0.001006,0.550703,0.555140
2.042000,-1.192936,-1.128613,0.000202,0.001006,0.550817,0.555229
2.044000,-1.196330,-1.132011,0.000202,0.001005,0.550932,0.555381
2.046000,-1.199724,-1.135411,0.000203,0.001001,0.551046,0.555549
2.048000,-1.203118,-1.138810,0.000203,0.000995,0.551160,0.555657
2.050000,-1.206512,-1.142209,0.000204,0.000996,0.551273,0.555789
2.052000,-1.209906,-1.145610,0.000205,0.000998,0.551386,0.555863
2.054000,-1.213300,-1.149009,0.000205,0.001002,0.551499,0.555962
2.056000,-1.216694,-1.152411,0.000206,0.001004,0.551612,0.556125
2.058000,-1.220088,-1.155813,0.000206,0.001009,0.551724,0.556267
2.060000,-1.223483,-1.159214,0.000207,0.001008,0.551836,0.556389
2.062000,-1.226877,-1.162615,0.000208,0.001012,0.551948,0.556482
2.064000,-1.230271,-1.166018,0.000208,0.001006,0.552059,0.556609
2.066000,-1.233665,-1.169422,0.000209,0.001010,0.552170,0.556709
2.068000,-1.237059,-1.172826,0.000210,0.001008,0.552281,0.556795
2.070000,-1.240453,-1.176229,0.000210,0.001012,0.552391,0.556862
2.072000,-1.243847,-1.179632,0.000211,0.001005,0.552502,0.556968
2.074000,-1.247241,-1.183037,0.000211,0.001014,0.552612,0.557101
2.076000,-1.250635,-1.186443,0.000212,0.001009,0.552721,0.557195
2.078000,-1.254029,-1.189848,0.000213,0.001021,0.552830,0.557261
2.080000,-1.257423,-1.193252,0.000213,0.001016,0.552939,0.557358
2.082000,-1.260817,-1.196658,0.000214,0.001020,0.553048,0.557520
2.084000,-1.264211,-1.200066,0.000214,0.001018,0.553157,0.557611
2.086000,-1.267605,-1.203474,0.000215,0.001022,0.553265,0.557662
2.088000,-1.270999,-1.206881,0.000216,0.001017,0.553373,0.557741
2.090000,-1.274394,-1.210286,0.000216,0.001019,0.553480,0.557884
2.092000,-1.277788,-1.213695,0.000217,0.001021,0.553588,0.558104
2.094000,-1.281182,-1.217102,0.000217,0.001023,0.553695,0.558141
2.096000,-1.284576,-1.220509,0.000218,0.001026,0.553801,0.558166
2.098000,-1.287970,-1.223914,0.000219,0.001030,0.553908,0.558243
2.100000,-1.291364,-1.227320,0.000219,0.001029,0.554014,0.558371
2.102000,-1.294758,-1.230731,0.000220,0.001032,0.554120,0.558498
2.104000,-1.298152,-1.234139,0.000221,0.001026,0.554225,0.558546
2.106000,-1.301546,-1.237548,0.000221,0.001029,0.554331,0.558629
2.108000,-1.304940,-1.240956,0.000222,0.001031,0.554436,0.558783
2.110000,-1.308334,-1.244367,0.000222,0.001029,0.554540,0.558992
2.112000,-1.311728,-1.247776,0.000223,0.001033,0.554645,0.559042
2.114000,-1.315122,-1.251184,0.000224,0.001026,0.554749,0.559100
2.116000,-1.318516,-1.254591,0.000224,0.001029,0.554853,0.559215
2.118000,-1.321910,-1.258001,0.000225,0.001030,0.554957,0.559302
2.120000,-1.325305,-1.261414,0.000225,0.001032,0.555060,0.559434
2.122000,-1.328699,-1.264824,0.000226,0.001034,0.555163,0.559487
2.124000,-1.332093,-1.268235,0.000227,0.001037,0.555266,0.559590
2.126000,-1.335487,-1.271646,0.000227,0.001035,0.555368,0.559757
2.128000,-1.338881,-1.275059,0.000228,0.001035,0.555471,0.559895
2.130000,-1.342275,-1.278473,0.000228,0.001036,0.555573,0.560057
2.132000,-1.345669,-1.281883,0.000229,0.001035,0.555674,0.560144
2.134000,-1.349063,-1.285294,0.000230,0.001043,0.555776,0.560260
2.136000,-1.352457,-1.288706,0.000230,0.001044,0.555877,0.560339
2.138000,-1.355851,-1.292121,0.000231,0.001037,0.555978,0.560461
2.140000,-1.359245,-1.295534,0.000232,0.001041,0.556078,0.560513
2.142000,-1.362639,-1.298947,0.000232,0.001036,0.556179,0.560606
2.144000,-1.366033,-1.302361,0.000233,0.001041,0.556279,0.560664
2.146000,-1.369427,-1.305777,0.000233,0.001032,0.556379,0.560770
2.148000,-1.372821,-1.309192,0.000234,0.001035,0.556478,0.560802
2.150000,-1.376215,-1.312605,0.000235,0.001035,0.556578,0.560897
2.152000,-1.379610,-1.316019,0.000235,0.001037,0.556677,0.560948
2.154000,-1.383004,-1.319431,0.000236,0.001039,0.556775,0.561048
2.156000,-1.386398,-1.322847,0.000236,0.001042,0.556874,0.561219
2.158000,-1.389792,-1.326259,0.000237,0.001041,0.556972,0.561308
2.160000,-1.393186,-1.329673,0.000238,0.001040,0.557070,0.561451
2.162000,-1.396580,-1.333084,0.000238,0.001035,0.557168,0.561549
2.164000,-1.399974,-1.336499,0.000239,0.001028,0.557265,0.561681
2.166000,-1.403368,-1.339910,0.000240,0.001029,0.557362,0.561726
2.168000,-1.406762,-1.343326,0.000240,0.001030,0.557459,0.561712
2.170000,-1.410156,-1.346738,0.000241,0.001032,0.557556,0.561748
2.172000,-1.413550,-1.350149,0.000241,0.001033,0.557652,0.561861
2.174000,-1.416944,-1.353564,0.000242,0.001037,0.557749,0.562060
2.176000,-1.420338,-1.356976,0.000243,0.001032,0.557844,0.562176
2.178000,-1.423732,-1.360387,0.000243,0.001038,0.557940,0.562178
2.180000,-1.427126,-1.363798,0.000244,0.001026,0.558036,0.562229
2.182000,-1.430521,-1.367212,0.000244,0.001033,0.558131,0.562366
2.184000,-1.433915,-1.370624,0.000245,0.001027,0.558226,0.562440
2.186000,-1.437309,-1.374037,0.000246,0.001034,0.558320,0.562427
2.188000,-1.440703,-1.377448,0.000246,0.001020,0.558415,0.562481
2.190000,-1.444097,-1.380858,0.000247,0.001032,0.558509,0.562626
2.192000,-1.447491,-1.384265,0.000247,0.001022,0.558603,0.562907
2.194000,-1.450885,-1.387675,0.000248,0.001024,0.558696,0.563069
2.196000,-1.454279,-1.391082,0.000249,0.001025,0.558790,0.563097
2.198000,-1.457673,-1.394487,0.000249,0.001014,0.558883,0.563157
2.200000,-1.461067,-1.397896,0.000250,0.001018,0.558976,0.563297
2.202000,-1.464461,-1.401306,0.000251,0.001019,0.559068,0.563229
2.204000,-1.467855,-1.404714,0.000251,0.001022,0.559161,0.563214
2.206000,-1.471249,-1.408122,0.000252,0.001023,0.559253,0.563288
2.208000,-1.474643,-1.411530,0.000252,0.001029,0.559345,0.563459
2.210000,-1.478037,-1.414932,0.000253,0.001013,0.559436,0.563765
2.212000,-1.481432,-1.418338,0.000254,0.001021,0.559528,0.563773
2.214000,-1.484826,-1.421744,0.000254,0.001004,0.559619,0.563798
2.216000,-1.488220,-1.425150,0.000255,0.001013,0.559710,0.563895
2.218000,-1.491614,-1.428562,0.000255,0.001007,0.559800,0.564082
2.220000,-1.495008,-1.431969,0.000256,0.001014,0.559891,0.564044
2.222000,-1.498402,-1.435376,0.000257,0.001002,0.559981,0.564046
2.224000,-1.501796,-1.438782,0.000257,0.001010,0.560071,0.564131
2.226000,-1.505190,-1.442191,0.000258,0.001000,0.560161,0.564303
2.228000,-1.508584,-1.445599,0.000258,0.001019,0.560250,0.564397
2.230000,-1.511978,-1.449004,0.000259,0.000999,0.560339,0.564408
2.232000,-1.515372,-1.452410,0.000260,0.001024,0.560428,0.564473
2.234000,-1.518766,-1.455810,0.000260,0.001012,0.560517,0.564664
2.236000,-1.522160,-1.459219,0.000261,0.001010,0.560606,0.564905
2.238000,-1.525554,-1.462621,0.000262,0.001011,0.560694,0.564899
2.240000,-1.528948,-1.466021,0.000262,0.001001,0.560782,0.564908
2.242000,-1.532343,-1.469423,0.000263,0.000998,0.560870,0.564978
2.244000,-1.535737,-1.472828,0.000263,0.001004,0.560957,0.565010
2.246000,-1.539131,-1.476235,0.000264,0.000999,0.561045,0.565097
2.248000,-1.542525,-1.479638,0.000265,0.001003,0.561132,0.565133
2.250000,-1.545919,-1.483041,0.000265,0.001019,0.561219,0.565233
2.252000,-1.549313,-1.486444,0.000266,0.001010,0.561305,0.565392
2.254000,-1.552707,-1.489850,0.000266,0.001017,0.561392,0.565483
2.256000,-1.556101,-1.493251,0.000267,0.001003,0.561478,0.565484
2.258000,-1.559495,-1.496653,0.000268,0.001010,0.561564,0.565544
2.260000,-1.562889,-1.500054,0.000268,0.001004,0.561650,0.565657
2.262000,-1.566283,-1.503459,0.000269,0.001010,0.561735,0.565724
2.264000,-1.569677,-1.506859,0.000270,0.000997,0.561820,0.565707
2.266000,-1.573071,-1.510261,0.000270,0.001003,0.561905,0.565764
2.268000,-1.576465,-1.513662,0.000271,0.001006,0.561990,0.565920
2.270000,-1.579859,-1.517062,0.000271,0.001002,0.562075,0.566118
2.272000,-1.583253,-1.520461,0.000272,0.001008,0.562159,0.566260
2.274000,-1.586648,-1.523855,0.000273,0.000998,0.562243,0.566283
2.276000,-1.590042,-1.527252,0.000273,0.000997,0.562327,0.566307
2.278000,-1.593436,-1.530650,0.000274,0.001001,0.562411,0.566313
2.280000,-1.596830,-1.534051,0.000274,0.000988,0.562494,0.566402
2.282000,-1.600224,-1.537453,0.000275,0.001001,0.562578,0.566528
2.284000,-1.603618,-1.540852,0.000276,0.001000,0.562661,0.566637
2.286000,-1.607012,-1.544249,0.000276,0.001010,0.562744,0.566741
2.288000,-1.610406,-1.547644,0.000277,0.001013,0.562826,0.566810
2.290000,-1.613800,-1.551044,0.000277,0.001001,0.562908,0.566947
2.292000,-1.617194,-1.554439,0.000278,0.001008,0.562991,0.567021
2.294000,-1.620588,-1.557834,0.000279,0.001001,0.563073,0.567076
2.296000,-1.623982,-1.561228,0.000279,0.001009,0.563154,0.567105
2.298000,-1.627376,-1.564625,0.000280,0.000997,0.563236,0.567205
2.300000,-1.630770,-1.568020,0.000281,0.001004,0.563317,0.567295
2.302000,-1.634164,-1.571415,0.000281,0.000998,0.563398,0.567367
2.304000,-1.637559,-1.574809,0.000282,0.001005,0.563479,0.567414
2.306000,-1.640953,-1.578206,0.000282,0.000994,0.563559,0.567520
2.308000,-1.644347,-1.581602,0.000283,0.000999,0.563640,0.567549
2.310000,-1.647741,-1.584999,0.000284,0.001004,0.563720,0.567638
2.312000,-1.651135,-1.588392,0.000284,0.001000,0.563800,0.567731
2.314000,-1.654529,-1.591779,0.000285,0.001007,0.563880,0.567806
2.316000,-1.657923,-1.595170,0.000285,0.000996,0.563959,0.567939
2.318000,-1.661317,-1.598558,0.000286,0.001001,0.564039,0.568058
2.320000,-1.664711,-1.601947,0.000287,0.001002,0.564118,0.568079
2.322000,-1.668105,-1.605336,0.000287,0.001005,0.564197,0.568130
2.324000,-1.671499,-1.608729,0.000288,0.001008,0.564275,0.568255
2.326000,-1.674893,-1.612121,0.000288,0.001012,0.564354,0.568358
2.328000,-1.678287,-1.615513,0.000289,0.001008,0.564432,0.568431
2.330000,-1.681681,-1.618902,0.000290,0.001013,0.564510,0.568462
2.332000,-1.685075,-1.622291,0.000290,0.001001,0.564588,0.568548
2.334000,-1.688470,-1.625683,0.000291,0.001013,0.564666,0.568668
2.336000,-1.691864,-1.629073,0.000292,0.001006,0.564743,0.568730
2.338000,-1.695258,-1.632461,0.000292,0.001021,0.564821,0.568746
2.340000,-1.698652,-1.635849,0.000293,0.001010,0.564898,0.568812
2.342000,-1.702046,-1.639240,0.000293,0.001016,0.564974,0.568961
2.344000,-1.705440,-1.642630,0.000294,0.001019,0.565051,0.569096
2.346000,-1.708834,-1.646017,0.000295,0.001015,0.565127,0.569187
2.348000,-1.712228,-1.649401,0.000295,0.001022,0.565204,0.569231
2.350000,-1.715622,-1.652787,0.000296,0.001011,0.565280,0.569320
2.352000,-1.719016,-1.656174,0.000296,0.001016,0.565356,0.569393
2.354000,-1.722410,-1.659561,0.000297,0.001017,0.565431,0.569369
2.356000,-1.725804,-1.662946,0.000298,0.001020,0.565507,0.569380
2.358000,-1.729198,-1.666331,0.000298,0.001023,0.565582,0.569470
2.360000,-1.732592,-1.669717,0.000299,0.001027,0.565657,0.569651
2.362000,-1.735986,-1.673103,0.000299,0.001023,0.565732,0.569738
2.364000,-1.739381,-1.676487,0.000300,0.001028,0.565806,0.569758
2.366000,-1.742775,-1.679872,0.000301,0.001019,0.565881,0.569816
2.368000,-1.746169,-1.683259,0.000301,0.001026,0.565955,0.569951
2.370000,-1.749563,-1.686646,0.000302,0.001023,0.566029,0.570014
2.372000,-1.752957,-1.690033,0.000303,0.001028,0.566103,0.570045
2.374000,-1.756351,-1.693417,0.000303,0.001022,0.566176,0.570114
2.376000,-1.759745,-1.696800,0.000304,0.001028,0.566250,0.570250
2.378000,-1.763139,-1.700184,0.000304,0.001024,0.566323,0.570376
2.380000,-1.766533,-1.703568,0.000305,0.001031,0.566396,0.570388
2.382000,-1.769927,-1.706954,0.000306,0.001021,0.566469,0.570417
2.384000,-1.773321,-1.710339,0.000306,0.001027,0.566541,0.570509
2.386000,-1.776715,-1.713726,0.000307,0.001031,0.566614,0.570683
2.388000,-1.780109,-1.717112,0.000307,0.001031,0.566686,0.570773
2.390000,-1.783503,-1.720496,0.000308,0.001036,0.566758,0.570830
2.392000,-1.786897,-1.723878,0.000309,0.001031,0.566830,0.570915
2.394000,-1.790291,-1.727259,0.000309,0.001035,0.566902,0.571062
2.396000,-1.793686,-1.730643,0.000310,0.001037,0.566973,0.571173
2.398000,-1.797080,-1.734025,0.000311,0.001041,0.567045,0.571214
2.400000,-1.800474,-1.737409,0.000311,0.001044,0.567116,0.571267
2.402000,-1.803868,-1.740792,0.000312,0.001049,0.567187,0.571373
2.404000,-1.807262,-1.744177,0.000312,0.001048,0.567257,0.571482
2.406000,-1.810656,-1.747564,0.000313,0.001052,0.567328,0.571505
2.408000,-1.814050,-1.750949,0.000314,0.001047,0.567398,0.571540
2.410000,-1.817444,-1.754333,0.000314,0.001052,0.567468,0.571628
2.412000,-1.820838,-1.757719,0.000315,0.001048,0.567538,0.571708
2.414000,-1.824232,-1.761108,0.000315,0.001058,0.567608,0.571733
2.416000,-1.827626,-1.764495,0.000316,0.001050,0.567678,0.571767
2.418000,-1.831020,-1.767882,0.000317,0.001063,0.567747,0.571855
2.420000,-1.834414,-1.771270,0.000317,0.001060,0.567816,0.571923
2.422000,-1.837808,-1.774659,0.000318,0.001066,0.567885,0.572021
2.424000,-1.841202,-1.778048,0.000318,0.001060,0.567954,0.572077
2.426000,-1.844597,-1.781437,0.000319,0.001064,0.568023,0.572164
2.428000,-1.847991,-1.784824,0.000320,0.001068,0.568091,0.572309
2.430000,-1.851385,-1.788213,0.000320,0.001067,0.568160,0.572419
2.432000,-1.854779,-1.791603,0.000321,0.001072,0.568228,0.572446
2.434000,-1.858173,-1.794990,0.000322,0.001066,0.568296,0.572493
2.436000,-1.861567,-1.798376,0.000322,0.001072,0.568364,0.572598
2.438000,-1.864961,-1.801763,0.000323,0.001070,0.568431,0.572673
2.440000,-1.868355,-1.805151,0.000323,0.001076,0.568499,0.572782
2.442000,-1.871749,-1.808539,0.000324,0.001070,0.568566,0.572845
2.444000,-1.875143,-1.811927,0.000325,0.001076,0.568633,0.572939
2.446000,-1.878537,-1.815317,0.000325,0.001074,0.568700,0.572981
2.448000,-1.881931,-1.818708,0.000326,0.001080,0.568766,0.573058
2.450000,-1.885325,-1.822101,0.000326,0.001074,0.568833,0.573096
2.452000,-1.888719,-1.825492,0.000327,0.001080,0.568899,0.573174
2.454000,-1.892113,-1.828882,0.000328,0.001084,0.568965,0.573316
2.456000,-1.895508,-1.832272,0.000328,0.001081,0.569031,0.573411
2.458000,-1.898902,-1.835666,0.000329,0.001092,0.569097,0.573431
2.460000,-1.902296,-1.839057,0.000329,0.001083,0.569163,0.573474
2.462000,-1.905690,-1.842448,0.000330,0.001099,0.569228,0.573581
2.464000,-1.909084,-1.845839,0.000331,0.001096,0.569294,0.573654
2.466000,-1.912478,-1.849231,0.000331,0.001103,0.569359,0.573765
2.468000,-1.915872,-1.852624,0.000332,0.001096,0.569424,0.573821
2.470000,-1.919266,-1.856017,0.000333,0.001103,0.569488,0.573913
2.472000,-1.922660,-1.859412,0.000333,0.001100,0.569553,0.573950
2.474000,-1.926054,-1.862806,0.000334,0.001104,0.569617,0.574024
2.476000,-1.929448,-1.866204,0.000334,0.001102,0.569682,0.574054
2.478000,-1.932842,-1.869601,0.000335,0.001104,0.569746,0.574126
2.480000,-1.936236,-1.872998,0.000336,0.001118,0.569810,0.574268
2.482000,-1.939630,-1.876393,0.000336,0.001116,0.569873,0.574368
2.484000,-1.943024,-1.879789,0.000337,0.001122,0.569937,0.574496
2.486000,-1.946419,-1.883185,0.000337,0.001115,0.570000,0.574566
2.488000,-1.949813,-1.886580,0.000338,0.001117,0.570064,0.574668
2.490000,-1.953207,-1.890013,0.000339,0.001124,0.570127,0.574801
2.492000,-1.956601,-1.893415,0.000339,0.001112,0.570189,0.574862
2.494000,-1.959995,-1.896813,0.000340,0.001115,0.570252,0.574867
2.496000,-1.963389,-1.900219,0.000341,0.001104,0.570315,0.574835
2.498000,-1.966783,-1.903620,0.000341,0.001099,0.570377,0.574839
2.500000,-1.970177,-1.907020,0.000342,0.001092,0.570439,0.574906
2.502000,-1.973571,-1.910421,0.000342,0.001083,0.570501,0.575054
2.504000,-1.976965,-1.913822,0.000343,0.001086,0.570563,0.575170
2.506000,-1.980359,-1.917225,0.000344,0.001083,0.570625,0.575201
2.508000,-1.983753,-1.920628,0.000344,0.001087,0.570687,0.575244
2.510000,-1.987147,-1.924033,0.000345,0.001079,0.570748,0.575344
2.512000,-1.990541,-1.927437,0.000345,0.001084,0.570809,0.575417
2.514000,-1.993935,-1.930839,0.000346,0.001088,0.570870,0.575531
2.516000,-1.997329,-1.934240,0.000347,0.001087,0.570931,0.575583
2.518000,-2.000724,-1.937641,0.000347,0.001093,0.570992,0.575658
2.520000,-2.004118,-1.941043,0.000348,0.001087,0.571052,0.575640
2.522000,-2.007512,-1.944444,0.000348,0.001094,0.571113,0.575677
2.524000,-2.010906,-1.947844,0.000349,0.001092,0.571173,0.575685
2.526000,-2.014300,-1.951242,0.000350,0.001099,0.571233,0.575738
2.528000,-2.017694,-1.954643,0.000350,0.001090,0.571293,0.575863
2.530000,-2.021088,-1.958045,0.000351,0.001105,0.571353,0.575924
2.532000,-2.024482,-1.961449,0.000352,0.001098,0.571413,0.575925
2.534000,-2.027876,-1.964852,0.000352,0.001118,0.571472,0.575961
2.536000,-2.031270,-1.968257,0.000353,0.001111,0.571531,0.576068
2.538000,-2.034664,-1.971666,0.000353,0.001110,0.571590,0.576246
2.540000,-2.038058,-1.975071,0.000354,0.001116,0.571649,0.576352
2.542000,-2.041452,-1.978476,0.000355,0.001106,0.571708,0.576382
2.544000,-2.044846,-1.981879,0.000355,0.001115,0.571767,0.576439
2.546000,-2.048240,-1.985288,0.000356,0.001119,0.571825,0.576564
2.548000,-2.051635,-1.988699,0.000356,0.001121,0.571884,0.576517
2.550000,-2.055029,-1.992108,0.000357,0.001122,0.571942,0.576504
2.552000,-2.058423,-1.995517,0.000358,0.001117,0.572000,0.576548
2.554000,-2.061817,-1.998928,0.000358,0.001109,0.572058,0.576680
2.556000,-2.065211,-2.002340,0.000359,0.001124,0.572116,0.576766
2.558000,-2.068605,-2.005751,0.000359,0.001116,0.572173,0.576778
2.560000,-2.071999,-2.009161,0.000360,0.001138,0.572231,0.576806
2.562000,-2.075393,-2.012571,0.000361,0.001126,0.572288,0.576902
2.564000,-2.078787,-2.015987,0.000361,0.001131,0.572345,0.577082
2.566000,-2.082181,-2.019398,0.000362,0.001133,0.572402,0.577180
2.568000,-2.085575,-2.022808,0.000363,0.001136,0.572459,0.577197
2.570000,-2.088969,-2.026217,0.000363,0.001140,0.572515,0.577241
2.572000,-2.092363,-2.029631,0.000364,0.001144,0.572572,0.577357
2.574000,-2.095757,-2.033044,0.000364,0.001144,0.572628,0.577319
2.576000,-2.099151,-2.036457,0.000365,0.001143,0.572685,0.577318
2.578000,-2.102546,-2.039868,0.000366,0.001138,0.572741,0.577351
2.580000,-2.105940,-2.043281,0.000366,0.001128,0.572796,0.577461
2.582000,-2.109334,-2.046694,0.000367,0.001141,0.572852,0.577556
2.584000,-2.112728,-2.050104,0.000367,0.001130,0.572908,0.577552
2.586000,-2.116122,-2.053514,0.000368,0.001152,0.572963,0.577533
2.588000,-2.119516,-2.056925,0.000369,0.001137,0.573019,0.577584
2.590000,-2.122910,-2.060343,0.000369,0.001143,0.573074,0.577732
2.592000,-2.126304,-2.063754,0.000370,0.001144,0.573129,0.577817
2.594000,-2.129698,-2.067164,0.000370,0.001146,0.573184,0.577792
2.596000,-2.133092,-2.070574,0.000371,0.001150,0.573238,0.577811
2.598000,-2.136486,-2.073990,0.000372,0.001151,0.573293,0.577920
2.600000,-2.139880,-2.077401,0.000372,0.001155,0.573347,0.577974
2.602000,-2.143274,-2.080812,0.000373,0.001150,0.573402,0.578003
2.604000,-2.146668,-2.084219,0.000374,0.001156,0.573456,0.578011
2.606000,-2.150062,-2.087627,0.000374,0.001144,0.573510,0.578088
2.608000,-2.153456,-2.091041,0.000375,0.001151,0.573564,0.578260
2.610000,-2.156851,-2.094448,0.000375,0.001145,0.573617,0.578292
2.612000,-2.160245,-2.097856,0.000376,0.001151,0.573671,0.578270
2.614000,-2.163639,-2.101265,0.000377,0.001140,0.573724,0.578304
2.616000,-2.167033,-2.104678,0.000377,0.001148,0.573778,0.578433
2.618000,-2.170427,-2.108086,0.000378,0.001142,0.573831,0.578431
2.620000,-2.173821,-2.111496,0.000378,0.001147,0.573884,0.578383
2.622000,-2.177215,-2.114900,0.000379,0.001141,0.573937,0.578420
2.624000,-2.180609,-2.118312,0.000380,0.001145,0.573990,0.578538
2.626000,-2.184003,-2.121719,0.000380,0.001152,0.574042,0.578605
2.628000,-2.187397,-2.125125,0.000381,0.001148,0.574095,0.578647
2.630000,-2.190791,-2.128528,0.000382,0.001154,0.574147,0.578662
2.632000,-2.194185,-2.131932,0.000382,0.001143,0.574199,0.578739
2.634000,-2.197579,-2.135339,0.000383,0.001149,0.574251,0.578908
2.636000,-2.200973,-2.138738,0.000383,0.001142,0.574303,0.579116
2.638000,-2.204367,-2.142140,0.000384,0.001154,0.574355,0.579107
2.640000,-2.207762,-2.145546,0.000385,0.001158,0.574406,0.579064
2.642000,-2.211156,-2.148956,0.000385,0.001169,0.574458,0.579016
2.644000,-2.214550,-2.152363,0.000386,0.001173,0.574509,0.578976
2.646000,-2.217944,-2.155769,0.000386,0.001179,0.574560,0.578934
2.648000,-2.221338,-2.159173,0.000387,0.001171,0.574611,0.578965
2.650000,-2.224732,-2.162580,0.000388,0.001175,0.574662,0.579089
2.652000,-2.228126,-2.165983,0.000388,0.001176,0.574713,0.579168
2.654000,-2.231520,-2.169384,0.000389,0.001178,0.574764,0.579140
2.656000,-2.234914,-2.172785,0.000389,0.001181,0.574814,0.579149
2.658000,-2.238308,-2.176187,0.000390,0.001176,0.574865,0.579261
2.660000,-2.241702,-2.179591,0.000391,0.001180,0.574915,0.579454
2.662000,-2.245096,-2.182988,0.000391,0.001171,0.574965,0.579507
2.664000,-2.248490,-2.186385,0.000392,0.001175,0.575015,0.579488
2.666000,-2.251884,-2.189783,0.000393,0.001163,0.575065,0.579512
2.668000,-2.255278,-2.193184,0.000393,0.001168,0.575114,0.579624
2.670000,-2.258673,-2.196581,0.000394,0.001162,0.575164,0.579627
2.672000,-2.262067,-2.199979,0.000394,0.001167,0.575213,0.579587
2.674000,-2.265461,-2.203376,0.000395,0.001156,0.575263,0.579603
2.676000,-2.268855,-2.206774,0.000396,0.001159,0.575312,0.579708
2.678000,-2.272249,-2.210173,0.000396,0.001159,0.575361,0.579777
2.680000,-2.275643,-2.213569,0.000397,0.001161,0.575410,0.579739
2.682000,-2.279037,-2.216965,0.000397,0.001161,0.575459,0.579738
2.684000,-2.282431,-2.220362,0.000398,0.001163,0.575507,0.579816
2.686000,-2.285825,-2.223762,0.000399,0.001165,0.575556,0.579986
2.688000,-2.289219,-2.227155,0.000399,0.001160,0.575604,0.580041
2.690000,-2.292613,-2.230547,0.000400,0.001164,0.575653,0.580030
2.692000,-2.296007,-2.233939,0.000400,0.001154,0.575701,0.580062
2.694000,-2.299401,-2.237334,0.000401,0.001159,0.575749,0.580175
2.696000,-2.302795,-2.240726,0.000402,0.001153,0.575797,0.580194
2.698000,-2.306189,-2.244116,0.000402,0.001158,0.575844,0.580163
2.700000,-2.309584,-2.247506,0.000403,0.001148,0.575892,0.580180
2.702000,-2.312978,-2.250896,0.000404,0.001154,0.575940,0.580279
2.704000,-2.316372,-2.254289,0.000404,0.001148,0.575987,0.580425
2.706000,-2.319766,-2.257677,0.000405,0.001154,0.576034,0.580395
2.708000,-2.323160,-2.261067,0.000405,0.001143,0.576081,0.580381
2.710000,-2.326554,-2.264457,0.000406,0.001148,0.576128,0.580434
2.712000,-2.329948,-2.267850,0.000407,0.001150,0.576175,0.580575
2.714000,-2.333342,-2.271239,0.000407,0.001147,0.576222,0.580640
2.716000,-2.336736,-2.274625,0.000408,0.001152,0.576269,0.580628
2.718000,-2.340130,-2.278010,0.000408,0.001142,0.576315,0.580653
2.720000,-2.343524,-2.281397,0.000409,0.001146,0.576361,0.580755
2.722000,-2.346918,-2.284786,0.000410,0.001147,0.576408,0.580706
2.724000,-2.350312,-2.288174,0.000410,0.001149,0.576454,0.580684
2.726000,-2.353706,-2.291561,0.000411,0.001151,0.576500,0.580729
2.728000,-2.357100,-2.294951,0.000412,0.001154,0.576546,0.580856
2.730000,-2.360494,-2.298339,0.000412,0.001149,0.576591,0.580886
2.732000,-2.363889,-2.301727,0.000413,0.001155,0.576637,0.580829
2.734000,-2.367283,-2.305112,0.000413,0.001144,0.576683,0.580828
2.736000,-2.370677,-2.308497,0.000414,0.001150,0.576728,0.580910
2.738000,-2.374071,-2.311882,0.000415,0.001152,0.576773,0.581081
2.740000,-2.377465,-2.315267,0.000415,0.001149,0.576818,0.581225
2.742000,-2.380859,-2.318647,0.000416,0.001155,0.576863,0.581258
2.744000,-2.384253,-2.322027,0.000416,0.001143,0.576908,0.581313
2.746000,-2.387647,-2.325409,0.000417,0.001151,0.576953,0.581434
2.748000,-2.391041,-2.328794,0.000418,0.001146,0.576998,0.581513
2.750000,-2.394435,-2.332175,0.000418,0.001153,0.577042,0.581491
2.752000,-2.397829,-2.335556,0.000419,0.001142,0.577087,0.581497
2.754000,-2.401223,-2.338938,0.000419,0.001151,0.577131,0.581573
2.756000,-2.404617,-2.342323,0.000420,0.001145,0.577175,0.581621
2.758000,-2.408011,-2.345706,0.000421,0.001153,0.577219,0.581575
2.760000,-2.411405,-2.349087,0.000421,0.001142,0.577263,0.581572
2.762000,-2.414800,-2.352468,0.000422,0.001149,0.577307,0.581645
2.764000,-2.418194,-2.355851,0.000423,0.001150,0.577351,0.581805
2.766000,-2.421588,-2.359235,0.000423,0.001154,0.577395,0.581770
2.768000,-2.424982,-2.362616,0.000424,0.001157,0.577438,0.581753
2.770000,-2.428376,-2.365997,0.000424,0.001163,0.577481,0.581797
2.772000,-2.431770,-2.369381,0.000425,0.001161,0.577525,0.581918
2.774000,-2.435164,-2.372767,0.000426,0.001161,0.577568,0.582015
2.776000,-2.438558,-2.376149,0.000426,0.001155,0.577611,0.581994
2.778000,-2.441952,-2.379529,0.000427,0.001148,0.577654,0.582007
2.780000,-2.445346,-2.382910,0.000427,0.001155,0.577697,0.582093
2.782000,-2.448740,-2.386292,0.000428,0.001157,0.577739,0.582259
2.784000,-2.452134,-2.389673,0.000429,0.001161,0.577782,0.582283
2.786000,-2.455528,-2.393051,0.000429,0.001163,0.577824,0.582301
2.788000,-2.458922,-2.396428,0.000430,0.001170,0.577867,0.582362
2.790000,-2.462316,-2.399807,0.000430,0.001166,0.577909,0.582490
2.792000,-2.465711,-2.403189,0.000431,0.001173,0.577951,0.582431
2.794000,-2.469105,-2.406570,0.000432,0.001161,0.577993,0.582389
2.796000,-2.472499,-2.409950,0.000432,0.001169,0.578035,0.582410
2.798000,-2.475893,-2.413333,0.000433,0.001172,0.578077,0.582517
2.800000,-2.479287,-2.416718,0.000434,0.001172,0.578118,0.582603
2.802000,-2.482681,-2.420099,0.000434,0.001177,0.578160,0.582627
2.804000,-2.486075,-2.423477,0.000435,0.001171,0.578201,0.582671
2.806000,-2.489469,-2.426853,0.000435,0.001176,0.578243,0.582771
2.808000,-2.492863,-2.430237,0.000436,0.001178,0.578284,0.582825
2.810000,-2.496257,-2.433619,0.000437,0.001181,0.578325,0.582807
2.812000,-2.499651,-2.437000,0.000437,0.001184,0.578366,0.582815
2.814000,-2.503045,-2.440381,0.000438,0.001188,0.578407,0.582884
2.816000,-2.506439,-2.443764,0.000438,0.001187,0.578448,0.583027
2.818000,-2.509833,-2.447149,0.000439,0.001192,0.578489,0.583022
2.820000,-2.513227,-2.450532,0.000440,0.001185,0.578529,0.583020
2.822000,-2.516622,-2.453913,0.000440,0.001191,0.578570,0.583067
2.824000,-2.520016,-2.457295,0.000441,0.001187,0.578610,0.583181
2.826000,-2.523410,-2.460680,0.000441,0.001198,0.578650,0.583253
2.828000,-2.526804,-2.464065,0.000442,0.001187,0.578690,0.583257
2.830000,-2.530198,-2.467448,0.000443,0.001203,0.578730,0.583282
2.832000,-2.533592,-2.470831,0.000443,0.001204,0.578770,0.583365
2.834000,-2.536986,-2.474216,0.000444,0.001204,0.578810,0.583518
2.836000,-2.540380,-2.477602,0.000445,0.001209,0.578850,0.583527
2.838000,-2.543774,-2.480985,0.000445,0.001202,0.578890,0.583530
2.840000,-2.547168,-2.484367,0.000446,0.001208,0.578929,0.583578
2.842000,-2.550562,-2.487753,0.000446,0.001205,0.578968,0.583688
2.844000,-2.553956,-2.491141,0.000447,0.001211,0.579008,0.583666
2.846000,-2.557350,-2.494527,0.000448,0.001204,0.579047,0.583650
2.848000,-2.560744,-2.497912,0.000448,0.001211,0.579086,0.583688
2.850000,-2.564138,-2.501298,0.000449,0.001206,0.579125,0.583788
2.852000,-2.567532,-2.504689,0.000449,0.001218,0.579164,0.583846
2.854000,-2.570927,-2.508078,0.000450,0.001207,0.579203,0.583846
2.856000,-2.574321,-2.511466,0.000451,0.001224,0.579241,0.583873
2.858000,-2.577715,-2.514853,0.000451,0.001226,0.579280,0.583965
2.860000,-2.581109,-2.518244,0.000452,0.001226,0.579318,0.584110
2.862000,-2.584503,-2.521634,0.000453,0.001231,0.579357,0.584117
2.864000,-2.587897,-2.525022,0.000453,0.001224,0.579395,0.584120
2.866000,-2.591291,-2.528409,0.000454,0.001231,0.579433,0.584173
2.868000,-2.594685,-2.531800,0.000454,0.001227,0.579471,0.584271
2.870000,-2.598079,-2.535193,0.000455,0.001234,0.579509,0.584238
2.872000,-2.601473,-2.538584,0.000456,0.001226,0.579547,0.584219
2.874000,-2.604867,-2.541974,0.000456,0.001233,0.579585,0.584261
2.876000,-2.608261,-2.545364,0.000457,0.001231,0.579622,0.584344
2.878000,-2.611655,-2.548759,0.000457,0.001238,0.579660,0.584422
2.880000,-2.615049,-2.552153,0.000458,0.001230,0.579697,0.584436
2.882000,-2.618443,-2.555546,0.000459,0.001236,0.579735,0.584472
2.884000,-2.621838,-2.558939,0.000459,0.001240,0.579772,0.584570
2.886000,-2.625232,-2.562335,0.000460,0.001240,0.579809,0.584694
2.888000,-2.628626,-2.565730,0.000460,0.001246,0.579846,0.584691
2.890000,-2.632020,-2.569123,0.000461,0.001239,0.579883,0.584687
2.892000,-2.635414,-2.572515,0.000462,0.001246,0.579920,0.584736
2.894000,-2.638808,-2.575911,0.000462,0.001244,0.579957,0.584816
2.896000,-2.642202,-2.579308,0.000463,0.001251,0.579994,0.584788
2.898000,-2.645596,-2.582703,0.000464,0.001245,0.580030,0.584774
2.900000,-2.648990,-2.586098,0.000464,0.001252,0.580067,0.584823
2.902000,-2.652384,-2.589492,0.000465,0.001250,0.580103,0.584900
2.904000,-2.655778,-2.592891,0.000465,0.001256,0.580139,0.584980
2.906000,-2.659172,-2.596288,0.000466,0.001250,0.580175,0.585000
2.908000,-2.662566,-2.599685,0.000467,0.001256,0.580211,0.585040
2.910000,-2.665960,-2.603083,0.000467,0.001260,0.580247,0.585139
2.912000,-2.669354,-2.606482,0.000468,0.001260,0.580283,0.585255
2.914000,-2.672749,-2.609880,0.000468,0.001266,0.580319,0.585254
2.916000,-2.676143,-2.613278,0.000469,0.001259,0.580355,0.585251
2.918000,-2.679537,-2.616675,0.000470,0.001266,0.580390,0.585298
2.920000,-2.682931,-2.620073,0.000470,0.001262,0.580426,0.585372
2.922000,-2.686325,-2.623473,0.000471,0.001272,0.580461,0.585401
2.924000,-2.689719,-2.626872,0.000471,0.001264,0.580497,0.585407
2.926000,-2.693113,-2.630271,0.000472,0.001280,0.580532,0.585450
2.928000,-2.696507,-2.633671,0.000473,0.001276,0.580567,0.585504
2.930000,-2.699901,-2.637074,0.000473,0.001283,0.580602,0.585559
2.932000,-2.703295,-2.640477,0.000474,0.001276,0.580637,0.585560
2.934000,-2.706689,-2.643881,0.000475,0.001280,0.580672,0.585582
2.936000,-2.710083,-2.647283,0.000475,0.001283,0.580707,0.585665
2.938000,-2.713477,-2.650688,0.000476,0.001282,0.580741,0.585766
2.940000,-2.716871,-2.654090,0.000476,0.001287,0.580776,0.585718
2.942000,-2.720265,-2.657492,0.000477,0.001280,0.580810,0.585676
2.944000,-2.723660,-2.660894,0.000478,0.001286,0.580845,0.585701
2.946000,-2.727054,-2.664294,0.000478,0.001283,0.580879,0.585762
2.948000,-2.730448,-2.667698,0.000479,0.001288,0.580913,0.585839
2.950000,-2.733842,-2.671098,0.000479,0.001282,0.580947,0.585825
2.952000,-2.737236,-2.674500,0.000480,0.001287,0.580981,0.585844
2.954000,-2.740630,-2.677903,0.000481,0.001284,0.581015,0.585882
2.956000,-2.744024,-2.681309,0.000481,0.001287,0.581049,0.585936
2.958000,-2.747418,-2.684716,0.000482,0.001287,0.581083,0.585972
2.960000,-2.750812,-2.688122,0.000483,0.001287,0.581116,0.585991
2.962000,-2.754206,-2.691528,0.000483,0.001303,0.581150,0.586066
2.964000,-2.757600,-2.694934,0.000484,0.001301,0.581183,0.586161
2.966000,-2.760994,-2.698341,0.000484,0.001300,0.581217,0.586199
2.968000,-2.764388,-2.701746,0.000485,0.001296,0.581250,0.586191
2.970000,-2.767782,-2.705151,0.000486,0.001289,0.581283,0.586229
2.972000,-2.771176,-2.708557,0.000486,0.001289,0.581317,0.586288
2.974000,-2.774570,-2.711966,0.000487,0.001293,0.581350,0.586361
2.976000,-2.777965,-2.715371,0.000487,0.001287,0.581382,0.586336
2.978000,-2.781359,-2.718779,0.000488,0.001292,0.581415,0.586346
2.980000,-2.784753,-2.722187,0.000489,0.001289,0.581448,0.586373
2.982000,-2.788147,-2.725597,0.000489,0.001292,0.581481,0.586420
2.984000,-2.791541,-2.729008,0.000490,0.001292,0.581513,0.586445
2.986000,-2.794935,-2.732417,0.000490,0.001291,0.581546,0.586464
2.988000,-2.798329,-2.735826,0.000491,0.001307,0.581578,0.586542
2.990000,-2.801723,-2.739235,0.000492,0.001302,0.581611,0.586629
2.992000,-2.805117,-2.742646,0.000492,0.001307,0.581643,0.586725
2.994000,-2.808511,-2.746052,0.000493,0.001299,0.581675,0.586723
2.996000,-2.811905,-2.749460,0.000494,0.001303,0.581707,0.586747
2.998000,-2.815299,-2.752868,0.000494,0.001299,0.581739,0.586747
3.000000,-2.818693,-2.756279,0.000495,0.001304,0.581771,0.586764
3.002000,-2.822087,-2.759688,0.000495,0.001294,0.581803,0.586716
3.004000,-2.825481,-2.763099,0.000496,0.001298,0.581835,0.586718
3.006000,-2.828876,-2.766509,0.000497,0.001298,0.581866,0.586805
3.008000,-2.832270,-2.769921,0.000497,0.001302,0.581898,0.586838
3.010000,-2.835664,-2.773327,0.000498,0.001300,0.581929,0.586791
3.012000,-2.839058,-2.776737,0.000498,0.001304,0.581961,0.586789
3.014000,-2.842452,-2.780146,0.000499,0.001303,0.581992,0.586866
3.016000,-2.845846,-2.783553,0.000500,0.001299,0.582023,0.586913
3.018000,-2.849240,-2.786964,0.000500,0.001304,0.582054,0.586987
3.020000,-2.852634,-2.790371,0.000501,0.001293,0.582085,0.586982
3.022000,-2.856028,-2.793780,0.000501,0.001300,0.582116,0.587023
3.024000,-2.859422,-2.797189,0.000502,0.001294,0.582147,0.587016
3.026000,-2.862816,-2.800601,0.000503,0.001301,0.582178,0.587054
3.028000,-2.866210,-2.804010,0.000503,0.001289,0.582209,0.587034
3.030000,-2.869604,-2.807420,0.000504,0.001295,0.582240,0.587068
3.032000,-2.872998,-2.810830,0.000505,0.001297,0.582270,0.587183
3.034000,-2.876392,-2.814238,0.000505,0.001291,0.582301,0.587238
3.036000,-2.879787,-2.817645,0.000506,0.001303,0.582331,0.587193
3.038000,-2.883181,-2.821052,0.000506,0.001287,0.582361,0.587186
3.040000,-2.886575,-2.824460,0.000507,0.001308,0.582392,0.587259
3.042000,-2.889969,-2.827867,0.000508,0.001300,0.582422,0.587282
3.044000,-2.893363,-2.831275,0.000508,0.001301,0.582452,0.587344
3.046000,-2.896757,-2.834679,0.000509,0.001292,0.582482,0.587340
3.048000,-2.900151,-2.838085,0.000509,0.001288,0.582512,0.587390
3.050000,-2.903545,-2.841489,0.000510,0.001285,0.582542,0.587373
3.052000,-2.906939,-2.844896,0.000511,0.001293,0.582571,0.587413
3.054000,-2.910333,-2.848311,0.000511,0.001275,0.582601,0.587512
3.056000,-2.913727,-2.851720,0.000512,0.001299,0.582631,0.587517
3.058000,-2.917121,-2.855136,0.000513,0.001300,0.582660,0.587536
3.060000,-2.920515,-2.858548,0.000513,0.001322,0.582690,0.587444
3.062000,-2.923909,-2.861953,0.000514,0.001331,0.582719,0.587384
3.064000,-2.927303,-2.865358,0.000514,0.001348,0.582748,0.587401
3.066000,-2.930698,-2.868761,0.000515,0.001350,0.582778,0.587507
3.068000,-2.934092,-2.872161,0.000516,0.001349,0.582807,0.587554
3.070000,-2.937486,-2.875565,0.000516,0.001355,0.582836,0.587643
3.072000,-2.940880,-2.878963,0.000517,0.001343,0.582865,0.587651
3.074000,-2.944274,-2.882364,0.000517,0.001352,0.582894,0.587705
3.076000,-2.947668,-2.885763,0.000518,0.001344,0.582922,0.587686
3.078000,-2.951062,-2.889166,0.000519,0.001351,0.582951,0.587721
3.080000,-2.954456,-2.892565,0.000519,0.001337,0.582980,0.587691
3.082000,-2.957850,-2.895965,0.000520,0.001342,0.583008,0.587717
3.084000,-2.961244,-2.899366,0.000520,0.001342,0.583037,0.587827
3.086000,-2.964638,-2.902763,0.000521,0.001335,0.583065,0.587869
3.088000,-2.968032,-2.906159,0.000522,0.001346,0.583094,0.587808
3.090000,-2.971426,-2.909554,0.000522,0.001330,0.583122,0.587798
3.092000,-2.974820,-2.912951,0.000523,0.001340,0.583150,0.587724
3.094000,-2.978214,-2.916346,0.000524,0.001347,0.583178,0.587768
3.096000,-2.981608,-2.919746,0.000524,0.001329,0.583207,0.587868
3.098000,-2.985003,-2.923142,0.000525,0.001341,0.583235,0.587879
3.100000,-2.988397,-2.926539,0.000525,0.001334,0.583262,0.587939
3.102000,-2.991791,-2.929932,0.000526,0.001331,0.583290,0.587920
3.104000,-2.995185,-2.933329,0.000527,0.001333,0.583318,0.587961
3.106000,-2.998579,-2.936723,0.000527,0.001320,0.583346,0.587934
3.108000,-3.001973,-2.940117,0.000528,0.001324,0.583373,0.587968
3.110000,-3.005367,-2.943511,0.000528,0.001322,0.583401,0.588088
3.112000,-3.008761,-2.946902,0.000529,0.001321,0.583428,0.588133
3.114000,-3.012155,-2.950292,0.000530,0.001329,0.583456,0.588075
3.116000,-3.015549,-2.953683,0.000530,0.001324,0.583483,0.588072
3.118000,-3.018943,-2.957075,0.000531,0.001335,0.583510,0.588008
3.120000,-3.022337,-2.960465,0.000531,0.001324,0.583538,0.588018
3.122000,-3.025731,-2.963859,0.000532,0.001315,0.583565,0.588110
3.124000,-3.029125,-2.967248,0.000533,0.001304,0.583592,0.588122
3.126000,-3.032519,-2.970637,0.000533,0.001310,0.583619,0.588192
3.128000,-3.035914,-2.974024,0.000534,0.001303,0.583646,0.588183
3.130000,-3.039308,-2.977414,0.000535,0.001309,0.583672,0.588231
3.132000,-3.042702,-2.980801,0.000535,0.001295,0.583699,0.588207
3.134000,-3.046096,-2.984189,0.000536,0.001301,0.583726,0.588249
3.136000,-3.049490,-2.987576,0.000536,0.001300,0.583752,0.588377
3.138000,-3.052884,-2.990959,0.000537,0.001303,0.583779,0.588420
3.140000,-3.056278,-2.994345,0.000538,0.001304,0.583805,0.588513
3.142000,-3.059672,-2.997729,0.000538,0.001307,0.583832,0.588566
3.144000,-3.063066,-3.001116,0.000539,0.001302,0.583858,0.588524
3.146000,-3.066460,-3.004515,0.000539,0.001308,0.583884,0.588568
3.148000,-3.069854,-3.007902,0.000540,0.001298,0.583911,0.588480
3.150000,-3.073248,-3.011287,0.000541,0.001294,0.583937,0.588442
3.152000,-3.076642,-3.014671,0.000541,0.001299,0.583963,0.588489
3.154000,-3.080036,-3.018051,0.000542,0.001294,0.583989,0.588490
3.156000,-3.083430,-3.021431,0.000542,0.001300,0.584015,0.588534
3.158000,-3.086825,-3.024813,0.000543,0.001291,0.584040,0.588575
3.160000,-3.090219,-3.028195,0.000544,0.001295,0.584066,0.588655
3.162000,-3.093613,-3.031576,0.000544,0.001304,0.584092,0.588801
3.164000,-3.097007,-3.034958,0.000545,0.001307,0.584118,0.588843
3.166000,-3.100401,-3.038342,0.000546,0.001306,0.584143,0.588813
3.168000,-3.103795,-3.041723,0.000546,0.001308,0.584169,0.588810
3.170000,-3.107189,-3.045104,0.000547,0.001308,0.584194,0.588878
3.172000,-3.110583,-3.048483,0.000547,0.001303,0.584219,0.588924
3.174000,-3.113977,-3.051862,0.000548,0.001307,0.584245,0.588859
3.176000,-3.117371,-3.055240,0.000549,0.001294,0.584270,0.588831
3.178000,-3.120765,-3.058618,0.000549,0.001302,0.584295,0.588882
3.180000,-3.124159,-3.061993,0.000550,0.001295,0.584320,0.588921
3.182000,-3.127553,-3.065372,0.000550,0.001302,0.584345,0.588965
3.184000,-3.130947,-3.068749,0.000551,0.001289,0.584370,0.588957
3.186000,-3.134341,-3.072129,0.000552,0.001296,0.584395,0.588988
3.188000,-3.137735,-3.075508,0.000552,0.001298,0.584420,0.589090
3.190000,-3.141130,-3.078886,0.000553,0.001296,0.584445,0.589177
3.192000,-3.144524,-3.082263,0.000554,0.001302,0.584469,0.589140
3.194000,-3.147918,-3.085639,0.000554,0.001290,0.584494,0.589121
3.196000,-3.151312,-3.089016,0.000555,0.001298,0.584518,0.589171
3.198000,-3.154706,-3.092393,0.000555,0.001293,0.584543,0.589249
3.200000,-3.158100,-3.095770,0.000556,0.001303,0.584567,0.589276
3.202000,-3.161494,-3.099145,0.000557,0.001294,0.584592,0.589279
3.204000,-3.164888,-3.102520,0.000557,0.001307,0.584616,0.589320
3.206000,-3.168282,-3.105897,0.000558,0.001309,0.584640,0.589279
3.208000,-3.171676,-3.109288,0.000558,0.001307,0.584664,0.589304
3.210000,-3.175070,-3.112668,0.000559,0.001310,0.584689,0.589287
3.212000,-3.178464,-3.116049,0.000560,0.001309,0.584713,0.589311
3.214000,-3.181858,-3.119430,0.000560,0.001309,0.584737,0.589351
3.216000,-3.185252,-3.122811,0.000561,0.001309,0.584761,0.589453
3.218000,-3.188646,-3.126191,0.000561,0.001304,0.584784,0.589466
3.220000,-3.192041,-3.129570,0.000562,0.001299,0.584808,0.589489
3.222000,-3.195435,-3.132947,0.000563,0.001301,0.584832,0.589564
3.224000,-3.198829,-3.136322,0.000563,0.001303,0.584856,0.589600
3.226000,-3.202223,-3.139699,0.000564,0.001307,0.584879,0.589662
3.228000,-3.205617,-3.143076,0.000565,0.001311,0.584903,0.589671
3.230000,-3.209011,-3.146457,0.000565,0.001312,0.584926,0.589657
3.232000,-3.212405,-3.149836,0.000566,0.001313,0.584950,0.589688
3.234000,-3.215799,-3.153218,0.000566,0.001309,0.584973,0.589736
3.236000,-3.219193,-3.156599,0.000567,0.001305,0.584996,0.589737
3.238000,-3.222587,-3.159980,0.000568,0.001309,0.585019,0.589768
3.240000,-3.225981,-3.163360,0.000568,0.001308,0.585043,0.589801
3.242000,-3.229375,-3.166741,0.000569,0.001312,0.585066,0.589835
3.244000,-3.232769,-3.170123,0.000569,0.001311,0.585089,0.589863
3.246000,-3.236163,-3.173506,0.000570,0.001314,0.585112,0.589884
3.248000,-3.239557,-3.176887,0.000571,0.001326,0.585135,0.589950
3.250000,-3.242952,-3.180268,0.000571,0.001329,0.585157,0.589974
3.252000,-3.246346,-3.183650,0.000572,0.001333,0.585180,0.590027
3.254000,-3.249740,-3.187033,0.000572,0.001336,0.585203,0.590038
3.256000,-3.253134,-3.190416,0.000573,0.001340,0.585226,0.590080
3.258000,-3.256528,-3.193799,0.000574,0.001339,0.585248,0.590134
3.260000,-3.259922,-3.197182,0.000574,0.001344,0.585271,0.590178
3.262000,-3.263316,-3.200566,0.000575,0.001337,0.585293,0.590165
3.264000,-3.266710,-3.203950,0.000576,0.001342,0.585316,0.590179
3.266000,-3.270104,-3.207335,0.000576,0.001340,0.585338,0.590208
3.268000,-3.273498,-3.210719,0.000577,0.001345,0.585360,0.590236
3.270000,-3.276892,-3.214105,0.000577,0.001339,0.585383,0.590315
3.272000,-3.280286,-3.217492,0.000578,0.001343,0.585405,0.590354
3.274000,-3.283680,-3.220878,0.000579,0.001347,0.585427,0.590416
3.276000,-3.287074,-3.224265,0.000579,0.001346,0.585449,0.590481
3.278000,-3.290468,-3.227652,0.000580,0.001352,0.585471,0.590533
3.280000,-3.293863,-3.231040,0.000580,0.001346,0.585493,0.590529
3.282000,-3.297257,-3.234427,0.000581,0.001352,0.585515,0.590544
3.284000,-3.300651,-3.237814,0.000582,0.001350,0.585537,0.590575
3.286000,-3.304045,-3.241203,0.000582,0.001356,0.585558,0.590602
3.288000,-3.307439,-3.244594,0.000583,0.001350,0.585580,0.590574
3.290000,-3.310833,-3.247984,0.000584,0.001356,0.585602,0.590573
3.292000,-3.314227,-3.251375,0.000584,0.001354,0.585623,0.590596
3.294000,-3.317621,-3.254767,0.000585,0.001359,0.585645,0.590617
3.296000,-3.321015,-3.258160,0.000585,0.001357,0.585666,0.590652
3.298000,-3.324409,-3.261553,0.000586,0.001360,0.585688,0.590672
3.300000,-3.327803,-3.264946,0.000587,0.001373,0.585709,0.590731
3.302000,-3.331197,-3.268337,0.000587,0.001371,0.585731,0.590817
3.304000,-3.334591,-3.271730,0.000588,0.001378,0.585752,0.590880
3.306000,-3.337985,-3.275123,0.000588,0.001371,0.585773,0.590875
3.308000,-3.341379,-3.278516,0.000589,0.001377,0.585794,0.590887
3.310000,-3.344773,-3.281909,0.000590,0.001375,0.585815,0.590930
3.312000,-3.348168,-3.285305,0.000590,0.001381,0.585836,0.590960
3.314000,-3.351562,-3.288702,0.000591,0.001375,0.585857,0.590929
3.316000,-3.354956,-3.292099,0.000591,0.001381,0.585878,0.590928
3.318000,-3.358350,-3.295495,0.000592,0.001378,0.585899,0.590970
3.320000,-3.361744,-3.298891,0.000593,0.001384,0.585920,0.590995
3.322000,-3.365138,-3.302290,0.000593,0.001378,0.585941,0.591065
3.324000,-3.368532,-3.305688,0.000594,0.001383,0.585961,0.591089
3.326000,-3.371926,-3.309087,0.000595,0.001386,0.585982,0.591143
3.328000,-3.375320,-3.312484,0.000595,0.001386,0.586003,0.591240
3.330000,-3.378714,-3.315883,0.000596,0.001392,0.586023,0.591296
3.332000,-3.382108,-3.319283,0.000596,0.001385,0.586044,0.591277
3.334000,-3.385502,-3.322682,0.000597,0.001392,0.586064,0.591280
3.336000,-3.388896,-3.326080,0.000598,0.001389,0.586084,0.591331
3.338000,-3.392290,-3.329479,0.000598,0.001394,0.586105,0.591356
3.340000,-3.395684,-3.332880,0.000599,0.001392,0.586125,0.591416
3.342000,-3.399079,-3.336280,0.000599,0.001396,0.586145,0.591436
3.344000,-3.402473,-3.339679,0.000600,0.001403,0.586165,0.591480
3.346000,-3.405867,-3.343081,0.000601,0.001407,0.586185,0.591471
3.348000,-3.409261,-3.346485,0.000601,0.001401,0.586205,0.591502
3.350000,-3.412655,-3.349890,0.000602,0.001406,0.586225,0.591494
3.352000,-3.416049,-3.353294,0.000602,0.001408,0.586245,0.591520
3.354000,-3.419443,-3.356697,0.000603,0.001407,0.586265,0.591603
3.356000,-3.422837,-3.360102,0.000604,0.001412,0.586285,0.591641
3.358000,-3.426231,-3.363506,0.000604,0.001405,0.586305,0.591566
3.360000,-3.429625,-3.366909,0.000605,0.001411,0.586325,0.591524
3.362000,-3.433019,-3.370311,0.000606,0.001408,0.586344,0.591553
3.364000,-3.436413,-3.373713,0.000606,0.001414,0.586364,0.591559
3.366000,-3.439807,-3.377118,0.000607,0.001406,0.586383,0.591617
3.368000,-3.443201,-3.380520,0.000607,0.001412,0.586403,0.591593
3.370000,-3.446595,-3.383924,0.000608,0.001409,0.586422,0.591618
3.372000,-3.449990,-3.387330,0.000609,0.001415,0.586442,0.591606
3.374000,-3.453384,-3.390738,0.000609,0.001407,0.586461,0.591648
3.376000,-3.456778,-3.394145,0.000610,0.001412,0.586481,0.591602
3.378000,-3.460172,-3.397551,0.000610,0.001415,0.586500,0.591619
3.380000,-3.463566,-3.400957,0.000611,0.001413,0.586519,0.591716
3.382000,-3.466960,-3.404361,0.000612,0.001419,0.586538,0.591778
3.384000,-3.470354,-3.407769,0.000612,0.001411,0.586557,0.591880
3.386000,-3.473748,-3.411173,0.000613,0.001418,0.586576,0.591880
3.388000,-3.477142,-3.414579,0.000613,0.001414,0.586595,0.591922
3.390000,-3.480536,-3.417987,0.000614,0.001420,0.586614,0.591925
3.392000,-3.483930,-3.421397,0.000615,0.001412,0.586633,0.591975
3.394000,-3.487324,-3.424805,0.000615,0.001416,0.586652,0.591936
3.396000,-3.490718,-3.428212,0.000616,0.001417,0.586671,0.591953
3.398000,-3.494112,-3.431622,0.000617,0.001420,0.586690,0.591932
3.400000,-3.497506,-3.435033,0.000617,0.001423,0.586708,0.591967
3.402000,-3.500901,-3.438441,0.000618,0.001427,0.586727,0.591919
3.404000,-3.504295,-3.441849,0.000618,0.001427,0.586746,0.591931
3.406000,-3.507689,-3.445257,0.000619,0.001426,0.586764,0.592027
3.408000,-3.511083,-3.448667,0.000620,0.001418,0.586783,0.592083
3.410000,-3.514477,-3.452077,0.000620,0.001419,0.586801,0.592174
3.412000,-3.517871,-3.455484,0.000621,0.001418,0.586819,0.592164
3.414000,-3.521265,-3.458890,0.000621,0.001428,0.586838,0.592193
3.416000,-3.524659,-3.462298,0.000622,0.001429,0.586856,0.592148
3.418000,-3.528053,-3.465710,0.000623,0.001418,0.586874,0.592167
3.420000,-3.531447,-3.469119,0.000623,0.001424,0.586893,0.592114
3.422000,-3.534841,-3.472529,0.000624,0.001426,0.586911,0.592127
3.424000,-3.538235,-3.475939,0.000625,0.001423,0.586929,0.592221
3.426000,-3.541629,-3.479349,0.000625,0.001429,0.586947,0.592249
3.428000,-3.545023,-3.482756,0.000626,0.001416,0.586965,0.592176
3.430000,-3.548417,-3.486163,0.000626,0.001425,0.586983,0.592166
3.432000,-3.551811,-3.489571,0.000627,0.001418,0.587001,0.592234
3.434000,-3.555206,-3.492977,0.000628,0.001426,0.587019,0.592240
3.436000,-3.558600,-3.496388,0.000628,0.001413,0.587036,0.592310
3.438000,-3.561994,-3.499795,0.000629,0.001420,0.587054,0.592294
3.440000,-3.565388,-3.503204,0.000629,0.001422,0.587072,0.592335
3.442000,-3.568782,-3.506614,0.000630,0.001416,0.587090,0.592444
3.444000,-3.572176,-3.510021,0.000631,0.001429,0.587107,0.592472
3.446000,-3.575570,-3.513424,0.000631,0.001411,0.587125,0.592413
3.448000,-3.578964,-3.516827,0.000632,0.001431,0.587142,0.592409
3.450000,-3.582358,-3.520232,0.000632,0.001426,0.587160,0.592340
3.452000,-3.585752,-3.523641,0.000633,0.001430,0.587177,0.592344
3.454000,-3.589146,-3.527047,0.000634,0.001429,0.587195,0.592275
3.456000,-3.592540,-3.530454,0.000634,0.001434,0.587212,0.592281
3.458000,-3.595934,-3.533847,0.000635,0.001418,0.587229,0.592389
3.460000,-3.599328,-3.537250,0.000636,0.001426,0.587247,0.592404
3.462000,-3.602722,-3.540659,0.000636,0.001406,0.587264,0.592481
3.464000,-3.606117,-3.544062,0.000637,0.001417,0.587281,0.592477
3.466000,-3.609511,-3.547468,0.000637,0.001408,0.587298,0.592482
3.468000,-3.612905,-3.550875,0.000638,0.001415,0.587315,0.592442
3.470000,-3.616299,-3.554274,0.000639,0.001399,0.587332,0.592468
3.472000,-3.619693,-3.557679,0.000639,0.001404,0.587349,0.592451
3.474000,-3.623087,-3.561084,0.000640,0.001416,0.587366,0.592502
3.476000,-3.626481,-3.564486,0.000640,0.001408,0.587383,0.592576
3.478000,-3.629875,-3.567890,0.000641,0.001415,0.587400,0.592614
3.480000,-3.633269,-3.571289,0.000642,0.001400,0.587417,0.592548
3.482000,-3.636663,-3.574691,0.000642,0.001408,0.587434,0.592541
3.484000,-3.640057,-3.578092,0.000643,0.001402,0.587450,0.592564
3.486000,-3.643451,-3.581492,0.000643,0.001409,0.587467,0.592574
3.488000,-3.646845,-3.584898,0.000644,0.001395,0.587484,0.592657
3.490000,-3.650239,-3.588297,0.000645,0.001404,0.587500,0.592666
3.492000,-3.653633,-3.591699,0.000645,0.001396,0.587517,0.592650
3.494000,-3.657028,-3.595096,0.000646,0.001406,0.587533,0.592628
3.496000,-3.660422,-3.598500,0.000647,0.001399,0.587550,0.592607
3.498000,-3.663816,-3.601903,0.000647,0.001400,0.587566,0.592603
3.500000,-3.667210,-3.605303,0.000648,0.001416,0.587582,0.592653
3.502000,-3.670604,-3.608701,0.000648,0.001404,0.587599,0.592708
3.504000,-3.673998,-3.612099,0.000649,0.001411,0.587615,0.592744
3.506000,-3.677392,-3.615493,0.000650,0.001397,0.587631,0.592688
3.508000,-3.680786,-3.618890,0.000650,0.001404,0.587647,0.592686
3.510000,-3.684180,-3.622286,0.000651,0.001398,0.587664,0.592698
3.512000,-3.687574,-3.625680,0.000651,0.001405,0.587680,0.592706
3.514000,-3.690968,-3.629080,0.000652,0.001392,0.587696,0.592785
3.516000,-3.694362,-3.632474,0.000653,0.001399,0.587712,0.592792
3.518000,-3.697756,-3.635870,0.000653,0.001392,0.587728,0.592768
3.520000,-3.701150,-3.639265,0.000654,0.001402,0.587744,0.592752
3.522000,-3.704544,-3.642663,0.000655,0.001395,0.587760,0.592730
3.524000,-3.707939,-3.646059,0.000655,0.001401,0.587775,0.592706
3.526000,-3.711333,-3.649455,0.000656,0.001415,0.587791,0.592754
3.528000,-3.714727,-3.652847,0.000656,0.001408,0.587807,0.592813
3.530000,-3.718121,-3.656239,0.000657,0.001414,0.587823,0.592858
3.532000,-3.721515,-3.659628,0.000658,0.001401,0.587838,0.592812
3.534000,-3.724909,-3.663020,0.000658,0.001407,0.587854,0.592818
3.536000,-3.728303,-3.666410,0.000659,0.001401,0.587870,0.592837
3.538000,-3.731697,-3.669798,0.000659,0.001407,0.587885,0.592852
3.540000,-3.735091,-3.673191,0.000660,0.001395,0.587901,0.592932
3.542000,-3.738485,-3.676579,0.000661,0.001402,0.587916,0.592939
3.544000,-3.741879,-3.679969,0.000661,0.001396,0.587932,0.592917
3.546000,-3.745273,-3.683359,0.000662,0.001402,0.587947,0.592884
3.548000,-3.748667,-3.686753,0.000662,0.001391,0.587962,0.592924
3.550000,-3.752054,-3.690142,0.000663,0.001397,0.587974,0.592915
3.552000,-3.755427,-3.693534,0.000664,0.001399,0.587977,0.592959
3.554000,-3.758785,-3.696921,0.000664,0.001396,0.587972,0.592999
3.556000,-3.762130,-3.700306,0.000665,0.001400,0.587960,0.593021
3.558000,-3.765460,-3.703690,0.000666,0.001393,0.587939,0.593050
3.560000,-3.768775,-3.707070,0.000666,0.001398,0.587910,0.593083
3.562000,-3.772077,-3.710447,0.000667,0.001402,0.587874,0.593086
3.564000,-3.775364,-3.713822,0.000667,0.001407,0.587829,0.593062
3.566000,-3.778637,-3.717192,0.000668,0.001398,0.587776,0.592943
3.568000,-3.781896,-3.720561,0.000669,0.001401,0.587716,0.592863
3.570000,-3.785140,-3.723870,0.000669,0.001409,0.587647,0.592875
3.572000,-3.788370,-3.727219,0.000670,0.001400,0.587570,0.592879
3.574000,-3.791586,-3.730563,0.000671,0.001405,0.587486,0.592865
3.576000,-3.794788,-3.733898,0.000671,0.001403,0.587393,0.592806
3.578000,-3.797976,-3.737228,0.000672,0.001406,0.587292,0.592778
3.580000,-3.801149,-3.740549,0.000672,0.001400,0.587184,0.592728
3.582000,-3.804308,-3.743864,0.000673,0.001404,0.587067,0.592663
3.584000,-3.807453,-3.747172,0.000674,0.001404,0.586942,0.592541
3.586000,-3.810583,-3.750473,0.000674,0.001403,0.586809,0.592445
3.588000,-3.813700,-3.753676,0.000675,0.001412,0.586669,0.592409
3.590000,-3.816802,-3.756900,0.000675,0.001401,0.586520,0.592341
3.592000,-3.819890,-3.760167,0.000676,0.001409,0.586363,0.592166
3.594000,-3.822963,-3.763426,0.000677,0.001406,0.586199,0.592000
3.596000,-3.826022,-3.766674,0.000677,0.001410,0.586026,0.591886
3.598000,-3.829068,-3.769912,0.000678,0.001404,0.585845,0.591745
3.600000,-3.832098,-3.773043,0.000678,0.001413,0.585657,0.591612
3.602000,-3.835115,-3.776065,0.000679,0.001422,0.585460,0.591445
3.604000,-3.838117,-3.779231,0.000680,0.001420,0.585255,0.591291
3.606000,-3.841106,-3.782356,0.000680,0.001421,0.585043,0.591183
3.608000,-3.844080,-3.785536,0.000681,0.001416,0.584822,0.591008
3.610000,-3.847039,-3.788606,0.000682,0.001426,0.584593,0.590780
3.612000,-3.849985,-3.791553,0.000682,0.001435,0.584357,0.590567
3.614000,-3.852916,-3.794672,0.000683,0.001439,0.584112,0.590389
3.616000,-3.855833,-3.797764,0.000683,0.001443,0.583859,0.590291
3.618000,-3.858736,-3.800893,0.000684,0.001439,0.583599,0.590134
3.620000,-3.861624,-3.804020,0.000685,0.001444,0.583330,0.589891
3.622000,-3.864498,-3.807140,0.000685,0.001441,0.583053,0.589637
3.624000,-3.867358,-3.810253,0.000686,0.001448,0.582769,0.589419
3.626000,-3.870204,-3.813359,0.000686,0.001450,0.582476,0.589256
3.628000,-3.873036,-3.816458,0.000687,0.001444,0.582175,0.589030
3.630000,-3.875853,-3.819551,0.000687,0.001448,0.581867,0.588723
3.632000,-3.878656,-3.822635,0.000688,0.001445,0.581550,0.588433
3.634000,-3.881445,-3.825707,0.000689,0.001446,0.581225,0.588194
3.636000,-3.884219,-3.828769,0.000689,0.001448,0.580893,0.588015
3.638000,-3.886980,-3.831819,0.000690,0.001443,0.580552,0.587796
3.640000,-3.889726,-3.834859,0.000690,0.001449,0.580203,0.587490
3.642000,-3.892457,-3.837890,0.000691,0.001446,0.579847,0.587180
3.644000,-3.895175,-3.840908,0.000691,0.001456,0.579482,0.586902
3.646000,-3.897878,-3.843915,0.000692,0.001451,0.579109,0.586577
3.648000,-3.900567,-3.846909,0.000692,0.001454,0.578729,0.586265
3.650000,-3.903242,-3.849890,0.000693,0.001452,0.578340,0.585899
3.652000,-3.905902,-3.852860,0.000693,0.001451,0.577943,0.585556
3.654000,-3.908549,-3.855815,0.000694,0.001451,0.577539,0.585256
3.656000,-3.911180,-3.858650,0.000694,0.001461,0.577126,0.585009
3.658000,-3.913798,-3.861573,0.000695,0.001453,0.576705,0.584689
3.660000,-3.916401,-3.864487,0.000695,0.001462,0.576277,0.584292
3.662000,-3.918991,-3.867389,0.000696,0.001459,0.575840,0.583897
3.664000,-3.921565,-3.870278,0.000696,0.001467,0.575395,0.583537
3.666000,-3.924126,-3.873154,0.000697,0.001467,0.574943,0.583223
3.668000,-3.926672,-3.876016,0.000697,0.001464,0.574482,0.582856
3.670000,-3.929204,-3.878869,0.000698,0.001466,0.574013,0.582478
3.672000,-3.931721,-3.881707,0.000698,0.001464,0.573537,0.582050
3.674000,-3.934225,-3.884532,0.000699,0.001465,0.573052,0.581636
3.676000,-3.936713,-3.887344,0.000699,0.001468,0.572559,0.581257
3.678000,-3.939188,-3.890145,0.000700,0.001464,0.572059,0.580807
3.680000,-3.941648,-3.892934,0.000700,0.001468,0.571550,0.580364
3.682000,-3.944094,-3.895706,0.000701,0.001468,0.571033,0.579890
3.684000,-3.946525,-3.898466,0.000701,0.001469,0.570508,0.579440
3.686000,-3.948943,-3.901211,0.000702,0.001470,0.569976,0.579026
3.688000,-3.951345,-3.903946,0.000702,0.001474,0.569435,0.578632
3.690000,-3.953734,-3.906666,0.000703,0.001469,0.568886,0.578173
3.692000,-3.956108,-3.909371,0.000703,0.001476,0.568330,0.577652
3.694000,-3.958467,-3.912063,0.000704,0.001474,0.567765,0.577141
3.696000,-3.960812,-3.914741,0.000704,0.001476,0.567192,0.576662
3.698000,-3.963143,-3.917405,0.000705,0.001478,0.566612,0.576224
3.700000,-3.965459,-3.920057,0.000705,0.001477,0.566023,0.575719
3.702000,-3.967761,-3.922698,0.000706,0.001477,0.565426,0.575215
3.704000,-3.970048,-3.925322,0.000706,0.001481,0.564822,0.574667
3.706000,-3.972321,-3.927933,0.000707,0.001481,0.564209,0.574134
3.708000,-3.974579,-3.930530,0.000707,0.001481,0.563588,0.573630
3.710000,-3.976823,-3.933115,0.000708,0.001485,0.562960,0.573141
3.712000,-3.979052,-3.935687,0.000708,0.001481,0.562323,0.572588
3.714000,-3.981267,-3.938244,0.000709,0.001489,0.561678,0.571981
3.716000,-3.983467,-3.940786,0.000709,0.001487,0.561026,0.571383
3.718000,-3.985653,-3.943315,0.000710,0.001494,0.560365,0.570819
3.720000,-3.987824,-3.945830,0.000710,0.001493,0.559696,0.570290
3.722000,-3.989980,-3.948331,0.000711,0.001495,0.559020,0.569781
3.724000,-3.992122,-3.950821,0.000711,0.001491,0.558335,0.569202
3.726000,-3.994249,-3.953294,0.000712,0.001494,0.557642,0.568556
3.728000,-3.996362,-3.955754,0.000712,0.001493,0.556942,0.567915
3.730000,-3.998460,-3.958199,0.000713,0.001494,0.556233,0.567301
3.732000,-4.000543,-3.960629,0.000713,0.001495,0.555516,0.566721
3.734000,-4.002611,-3.963049,0.000714,0.001496,0.554792,0.566152
3.736000,-4.004665,-3.965456,0.000714,0.001499,0.554059,0.565611
3.738000,-4.006704,-3.967841,0.000715,0.001495,0.553318,0.564953
3.740000,-4.008728,-3.970216,0.000715,0.001499,0.552570,0.564265
3.742000,-4.010737,-3.972577,0.000715,0.001499,0.551813,0.563584
3.744000,-4.012732,-3.974924,0.000716,0.001500,0.551048,0.562928
3.746000,-4.014711,-3.977258,0.000716,0.001502,0.550276,0.562285
3.748000,-4.016676,-3.979582,0.000717,0.001501,0.549495,0.561597
3.750000,-4.018626,-3.981887,0.000717,0.001501,0.548706,0.560859
3.752000,-4.020561,-3.984179,0.000718,0.001503,0.547910,0.560120
3.754000,-4.022481,-3.986456,0.000718,0.001503,0.547105,0.559402
3.756000,-4.024386,-3.988720,0.000719,0.001504,0.546292,0.558697
3.758000,-4.026276,-3.990970,0.000719,0.001505,0.545472,0.558008
3.760000,-4.028151,-3.993207,0.000720,0.001509,0.544643,0.557345
3.762000,-4.030011,-3.995426,0.000720,0.001506,0.543806,0.556582
3.764000,-4.031856,-3.997632,0.000721,0.001509,0.542962,0.555796
3.766000,-4.033686,-3.999824,0.000721,0.001508,0.542109,0.555022
3.768000,-4.035500,-4.002000,0.000722,0.001509,0.541248,0.554272
3.770000,-4.037300,-4.004164,0.000722,0.001510,0.540380,0.553522
3.772000,-4.039084,-4.006314,0.000722,0.001510,0.539503,0.552795
3.774000,-4.040853,-4.008448,0.000723,0.001514,0.538618,0.552055
3.776000,-4.042607,-4.010567,0.000723,0.001510,0.537726,0.551258
3.778000,-4.044345,-4.012672,0.000724,0.001517,0.536825,0.550433
3.780000,-4.046069,-4.014763,0.000724,0.001516,0.535916,0.549614
3.782000,-4.047777,-4.016840,0.000725,0.001517,0.534999,0.548788
3.784000,-4.049469,-4.018903,0.000725,0.001517,0.534075,0.547982
3.786000,-4.051146,-4.020953,0.000725,0.001517,0.533142,0.547204
3.788000,-4.052808,-4.022984,0.000726,0.001519,0.532201,0.546393
3.790000,-4.054454,-4.025002,0.000726,0.001518,0.531253,0.545549
3.792000,-4.056085,-4.027006,0.000727,0.001516,0.530296,0.544707
3.794000,-4.057700,-4.028996,0.000727,0.001519,0.529331,0.543828
3.796000,-4.059300,-4.030972,0.000728,0.001518,0.528359,0.542941
3.798000,-4.060884,-4.032934,0.000728,0.001521,0.527378,0.542068
3.800000,-4.062452,-4.034878,0.000728,0.001521,0.526389,0.541164
3.802000,-4.064004,-4.036807,0.000729,0.001521,0.525393,0.540275
3.804000,-4.065541,-4.038722,0.000729,0.001523,0.524388,0.539414
3.806000,-4.067062,-4.040622,0.000729,0.001520,0.523375,0.538537
3.808000,-4.068568,-4.042508,0.000730,0.001522,0.522355,0.537609
3.810000,-4.070057,-4.044380,0.000730,0.001522,0.521326,0.536669
3.812000,-4.071531,-4.046237,0.000730,0.001522,0.520289,0.535739
3.814000,-4.072988,-4.048077,0.000731,0.001524,0.519245,0.534801
3.816000,-4.074430,-4.049901,0.000731,0.001523,0.518192,0.533855
3.818000,-4.075856,-4.051710,0.000732,0.001527,0.517131,0.532923
3.820000,-4.077266,-4.053505,0.000732,0.001528,0.516063,0.532008
3.822000,-4.078659,-4.055286,0.000732,0.001526,0.514987,0.531048
3.824000,-4.080037,-4.057052,0.000733,0.001525,0.513903,0.530082
3.826000,-4.081399,-4.058803,0.000733,0.001526,0.512811,0.529092
3.828000,-4.082744,-4.060535,0.000733,0.001526,0.511713,0.528030
3.830000,-4.084074,-4.062253,0.000734,0.001526,0.510607,0.526972
3.832000,-4.085389,-4.063954,0.000734,0.001526,0.509497,0.525932
3.834000,-4.086689,-4.065639,0.000734,0.001526,0.508385,0.524913
3.836000,-4.087976,-4.067306,0.000734,0.001526,0.507273,0.523914
3.838000,-4.089250,-4.068956,0.000735,0.001527,0.506162,0.522931
3.840000,-4.090511,-4.070590,0.000735,0.001526,0.505055,0.521937
3.842000,-4.091760,-4.072208,0.000735,0.001526,0.503953,0.520921
3.844000,-4.092998,-4.073811,0.000736,0.001529,0.502857,0.519873
3.846000,-4.094224,-4.075397,0.000736,0.001527,0.501768,0.518802
3.848000,-4.095439,-4.076966,0.000736,0.001531,0.500687,0.517746
3.850000,-4.096643,-4.078519,0.000737,0.001531,0.499613,0.516713
3.852000,-4.097836,-4.080054,0.000737,0.001531,0.498548,0.515702
3.854000,-4.099018,-4.081573,0.000737,0.001531,0.497491,0.514711
3.856000,-4.100188,-4.083076,0.000737,0.001531,0.496442,0.513740
3.858000,-4.101348,-4.084565,0.000738,0.001531,0.495401,0.512764
3.860000,-4.102496,-4.086035,0.000738,0.001530,0.494367,0.511729
3.862000,-4.103633,-4.087492,0.000738,0.001531,0.493342,0.510679
3.864000,-4.104758,-4.088934,0.000738,0.001531,0.492325,0.509640
3.866000,-4.105872,-4.090358,0.000739,0.001531,0.491316,0.508619
3.868000,-4.106975,-4.091765,0.000739,0.001532,0.490315,0.507618
3.870000,-4.108066,-4.093155,0.000739,0.001532,0.489321,0.506637
3.872000,-4.109146,-4.094529,0.000739,0.001533,0.488336,0.505675
3.874000,-4.110214,-4.095889,0.000740,0.001534,0.487359,0.504731
3.876000,-4.111271,-4.097231,0.000740,0.001534,0.486390,0.503744
3.878000,-4.112316,-4.098559,0.000740,0.001535,0.485428,0.502766
3.880000,-4.113350,-4.099872,0.000740,0.001535,0.484475,0.501790
3.882000,-4.114372,-4.101169,0.000741,0.001535,0.483530,0.500829
3.884000,-4.115382,-4.102450,0.000741,0.001537,0.482593,0.499866
3.886000,-4.116380,-4.103715,0.000741,0.001537,0.481664,0.498915
3.888000,-4.117367,-4.104965,0.000741,0.001539,0.480742,0.497979
3.890000,-4.118341,-4.106201,0.000742,0.001539,0.479829,0.497058
3.892000,-4.119304,-4.107420,0.000742,0.001540,0.478924,0.496099
3.894000,-4.120255,-4.108624,0.000742,0.001541,0.478027,0.495150
3.896000,-4.121194,-4.109814,0.000742,0.001542,0.477138,0.494218
3.898000,-4.122121,-4.110988,0.000742,0.001543,0.476256,0.493303
3.900000,-4.123036,-4.112146,0.000743,0.001544,0.475383,0.492406
3.902000,-4.123938,-4.113288,0.000743,0.001545,0.474518,0.491525
3.904000,-4.124829,-4.114416,0.000743,0.001546,0.473661,0.490653
3.906000,-4.125707,-4.115530,0.000743,0.001547,0.472812,0.489793
3.908000,-4.126573,-4.116629,0.000744,0.001546,0.471970,0.488901
3.910000,-4.127427,-4.117713,0.000744,0.001546,0.471137,0.488004
3.912000,-4.128269,-4.118783,0.000744,0.001547,0.470312,0.487121
3.914000,-4.129098,-4.119838,0.000744,0.001549,0.469495,0.486253
3.916000,-4.129915,-4.120878,0.000744,0.001550,0.468686,0.485401
3.918000,-4.130719,-4.121902,0.000745,0.001551,0.467884,0.484564
3.920000,-4.131511,-4.122911,0.000745,0.001553,0.467091,0.483740
3.922000,-4.132290,-4.123906,0.000745,0.001553,0.466306,0.482930
3.924000,-4.133056,-4.124887,0.000745,0.001556,0.465529,0.482122
3.926000,-4.133810,-4.125851,0.000745,0.001555,0.464759,0.481286
3.928000,-4.134551,-4.126801,0.000746,0.001559,0.463998,0.480464
3.930000,-4.135280,-4.127736,0.000746,0.001560,0.463245,0.479656
3.932000,-4.135996,-4.128655,0.000746,0.001562,0.462500,0.478861
3.934000,-4.136699,-4.129560,0.000746,0.001564,0.461763,0.478080
3.936000,-4.137389,-4.130449,0.000746,0.001565,0.461033,0.477311
3.938000,-4.138066,-4.131324,0.000747,0.001567,0.460312,0.476554
3.940000,-4.138730,-4.132186,0.000747,0.001574,0.459599,0.475808
3.942000,-4.139381,-4.133034,0.000747,0.001576,0.458894,0.475071
3.944000,-4.140019,-4.133866,0.000747,0.001576,0.458197,0.474287
3.946000,-4.140644,-4.134685,0.000747,0.001579,0.457507,0.473517
3.948000,-4.141255,-4.135488,0.000748,0.001580,0.456826,0.472763
3.950000,-4.141854,-4.136277,0.000748,0.001581,0.456153,0.472025
3.952000,-4.142439,-4.137051,0.000748,0.001583,0.455488,0.471300
3.954000,-4.143011,-4.137811,0.000748,0.001584,0.454831,0.470588
3.956000,-4.143569,-4.138556,0.000748,0.001586,0.454181,0.469888
3.958000,-4.144115,-4.139288,0.000748,0.001588,0.453540,0.469197
3.960000,-4.144646,-4.140006,0.000749,0.001588,0.452907,0.468519
3.962000,-4.145164,-4.140711,0.000749,0.001591,0.452282,0.467853
3.964000,-4.145669,-4.141399,0.000749,0.001591,0.451665,0.467157
3.966000,-4.146160,-4.142073,0.000749,0.001594,0.451055,0.466475
3.968000,-4.146638,-4.142733,0.000749,0.001594,0.450454,0.465808
3.970000,-4.147101,-4.143379,0.000749,0.001595,0.449861,0.465153
3.972000,-4.147551,-4.144010,0.000749,0.001595,0.449276,0.464507
3.974000,-4.147988,-4.144628,0.000750,0.001596,0.448699,0.463871
3.976000,-4.148410,-4.145230,0.000750,0.001596,0.448129,0.463242
3.978000,-4.148819,-4.145819,0.000750,0.001597,0.447568,0.462621
3.980000,-4.149213,-4.146394,0.000750,0.001597,0.447015,0.462010
3.982000,-4.149594,-4.146958,0.000750,0.001597,0.446470,0.461409
3.984000,-4.149960,-4.147505,0.000750,0.001598,0.445932,0.460778
3.986000,-4.150313,-4.148039,0.000750,0.001598,0.445403,0.460160
3.988000,-4.150651,-4.148558,0.000750,0.001598,0.444882,0.459560
3.990000,-4.150976,-4.149064,0.000751,0.001599,0.444369,0.458975
3.992000,-4.151286,-4.149555,0.000751,0.001599,0.443864,0.458405
3.994000,-4.151582,-4.150033,0.000751,0.001599,0.443366,0.457843
3.996000,-4.151863,-4.150496,0.000751,0.001599,0.442877,0.457289
3.998000,-4.152130,-4.150946,0.000751,0.001600,0.442396,0.456742
4.000000,-4.152383,-4.151382,0.000751,0.001600,0.441923,0.456203
4.002000,-4.152621,-4.151804,0.000751,0.001600,0.441458,0.455671
4.004000,-4.152845,-4.152213,0.000751,0.001599,0.441000,0.455148
4.006000,-4.153054,-4.152609,0.000751,0.001601,0.440551,0.454634
4.008000,-4.153249,-4.152990,0.000751,0.001599,0.440110,0.454097
4.010000,-4.153430,-4.153356,0.000751,0.001601,0.439677,0.453572
4.012000,-4.153597,-4.153708,0.000751,0.001601,0.439252,0.453058
4.014000,-4.153755,-4.154046,0.000751,0.001600,0.438834,0.452558
4.016000,-4.153903,-4.154370,0.000752,0.001600,0.438425,0.452071
4.018000,-4.154045,-4.154681,0.000752,0.001600,0.438024,0.451598
4.020000,-4.154181,-4.154979,0.000752,0.001600,0.437631,0.451133
4.022000,-4.154312,-4.155265,0.000752,0.001600,0.437246,0.450676
4.024000,-4.154439,-4.155538,0.000752,0.001600,0.436868,0.450226
4.026000,-4.154560,-4.155799,0.000752,0.001600,0.436499,0.449782
4.028000,-4.154677,-4.156050,0.000752,0.001600,0.436138,0.449347
4.030000,-4.154789,-4.156290,0.000752,0.001600,0.435785,0.448921
4.032000,-4.154897,-4.156519,0.000752,0.001599,0.435439,0.448506
4.034000,-4.154999,-4.156740,0.000752,0.001600,0.435102,0.448099
4.036000,-4.155096,-4.156948,0.000752,0.001599,0.434773,0.447674
4.038000,-4.155189,-4.157148,0.000752,0.001600,0.434452,0.447261
4.040000,-4.155276,-4.157338,0.000752,0.001600,0.434139,0.446861
4.042000,-4.155359,-4.157518,0.000752,0.001600,0.433833,0.446475
4.044000,-4.155436,-4.157690,0.000752,0.001599,0.433536,0.446101
4.046000,-4.155508,-4.157854,0.000752,0.001599,0.433247,0.445740
4.048000,-4.155575,-4.158010,0.000752,0.001599,0.432966,0.445387
4.050000,-4.155637,-4.158157,0.000752,0.001599,0.432693,0.445042
4.052000,-4.155693,-4.158297,0.000752,0.001598,0.432427,0.444704
4.054000,-4.155745,-4.158429,0.000752,0.001598,0.432170,0.444374
4.056000,-4.155791,-4.158555,0.000752,0.001598,0.431921,0.444051
4.058000,-4.155831,-4.158674,0.000752,0.001598,0.431680,0.443736
4.060000,-4.155867,-4.158786,0.000752,0.001598,0.431447,0.443430
4.062000,-4.155897,-4.158892,0.000752,0.001597,0.431221,0.443134
4.064000,-4.155921,-4.158992,0.000752,0.001598,0.431004,0.442840
4.066000,-4.155941,-4.159085,0.000752,0.001597,0.430795,0.442557
4.068000,-4.155957,-4.159172,0.000752,0.001598,0.430594,0.442264
4.070000,-4.155969,-4.159252,0.000752,0.001599,0.430401,0.441982
4.072000,-4.155979,-4.159326,0.000752,0.001598,0.430215,0.441711
4.074000,-4.155987,-4.159394,0.000752,0.001598,0.430038,0.441453
4.076000,-4.155993,-4.159457,0.000752,0.001597,0.429869,0.441206
4.078000,-4.155998,-4.159514,0.000752,0.001596,0.429708,0.440970
4.080000,-4.156002,-4.159566,0.000752,0.001596,0.429555,0.440745
4.082000,-4.156005,-4.159614,0.000752,0.001595,0.429409,0.440529
4.084000,-4.156008,-4.159657,0.000752,0.001595,0.429272,0.440320
4.086000,-4.156010,-4.159696,0.000752,0.001595,0.429143,0.440118
4.088000,-4.156011,-4.159731,0.000752,0.001594,0.429022,0.439922
4.090000,-4.156012,-4.159762,0.000752,0.001594,0.428908,0.439733
4.092000,-4.156013,-4.159790,0.000752,0.001594,0.428803,0.439552
4.094000,-4.156014,-4.159815,0.000752,0.001593,0.428706,0.439379
4.096000,-4.156015,-4.159837,0.000752,0.001593,0.428617,0.439214
4.098000,-4.156015,-4.159856,0.000752,0.001593,0.428536,0.439057
4.100000,-4.156016,-4.159873,0.000752,0.001593,0.428462,0.438909
4.102000,-4.156016,-4.159888,0.000752,0.001592,0.428397,0.438770
4.104000,-4.156016,-4.159901,0.000752,0.001592,0.428340,0.438630
4.106000,-4.156016,-4.159911,0.000752,0.001591,0.428291,0.438488
4.108000,-4.156017,-4.159920,0.000752,0.001592,0.428250,0.438354
4.110000,-4.156017,-4.159927,0.000752,0.001592,0.428216,0.438232
4.112000,-4.156017,-4.159933,0.000752,0.001591,0.428191,0.438121
4.114000,-4.156017,-4.159936,0.000752,0.001591,0.428174,0.438019
4.116000,-4.156017,-4.159938,0.000752,0.001591,0.428165,0.437928
4.118000,-4.156017,-4.159939,0.000752,0.001590,0.428164,0.437846
4.120000,-4.156017,-4.159938,0.000752,0.001590,0.428170,0.437773
4.122000,-4.156017,-4.159937,0.000752,0.001590,0.428185,0.437709
4.124000,-4.156017,-4.159934,0.000752,0.001589,0.428208,0.437653
4.126000,-4.156017,-4.159929,0.000752,0.001589,0.428239,0.437606
4.128000,-4.156017,-4.159924,0.000752,0.001589,0.428278,0.437566
4.130000,-4.156017,-4.159918,0.000752,0.001588,0.428324,0.437533
4.132000,-4.156017,-4.159911,0.000752,0.001588,0.428379,0.437507
4.134000,-4.156017,-4.159903,0.000752,0.001588,0.428442,0.437487
4.136000,-4.156017,-4.159895,0.000752,0.001588,0.428513,0.437474
4.138000,-4.156017,-4.159885,0.000752,0.001588,0.428591,0.437467
4.140000,-4.156017,-4.159875,0.000752,0.001588,0.428678,0.437468
4.142000,-4.156017,-4.159865,0.000752,0.001587,0.428773,0.437476
4.144000,-4.156017,-4.159853,0.000752,0.001587,0.428876,0.437491
4.146000,-4.156017,-4.159842,0.000752,0.001587,0.428987,0.437514
4.148000,-4.156017,-4.159830,0.000752,0.001587,0.429105,0.437545
4.150000,-4.156017,-4.159817,0.000752,0.001587,0.429232,0.437584
4.152000,-4.156017,-4.159805,0.000752,0.001586,0.429367,0.437630
4.154000,-4.156017,-4.159792,0.000752,0.001586,0.429510,0.437684
4.156000,-4.156017,-4.159780,0.000752,0.001586,0.429661,0.437746
4.158000,-4.156017,-4.159767,0.000752,0.001585,0.429819,0.437816
4.160000,-4.156017,-4.159755,0.000752,0.001585,0.429986,0.437893
4.162000,-4.156017,-4.159742,0.000752,0.001585,0.430161,0.437979
4.164000,-4.156017,-4.159730,0.000752,0.001585,0.430344,0.438067
4.166000,-4.156017,-4.159718,0.000752,0.001585,0.430535,0.438161
4.168000,-4.156017,-4.159706,0.000752,0.001585,0.430733,0.438260
4.170000,-4.156017,-4.159695,0.000752,0.001585,0.430940,0.438367
4.172000,-4.156017,-4.159683,0.000752,0.001585,0.431155,0.438482
4.174000,-4.156017,-4.159671,0.000752,0.001584,0.431378,0.438607
4.176000,-4.156017,-4.159659,0.000752,0.001584,0.431609,0.438740
4.178000,-4.156017,-4.159647,0.000752,0.001584,0.431847,0.438882
4.180000,-4.156017,-4.159635,0.000752,0.001584,0.432094,0.439032
4.182000,-4.156017,-4.159623,0.000752,0.001583,0.432349,0.439189
4.184000,-4.156017,-4.159611,0.000752,0.001583,0.432612,0.439355
4.186000,-4.156017,-4.159599,0.000752,0.001583,0.432883,0.439528
4.188000,-4.156017,-4.159587,0.000752,0.001583,0.433161,0.439710
4.190000,-4.156017,-4.159574,0.000752,0.001583,0.433448,0.439899
4.192000,-4.156017,-4.159562,0.000752,0.001583,0.433743,0.440097
4.194000,-4.156017,-4.159549,0.000752,0.001583,0.434046,0.440302
4.196000,-4.156017,-4.159536,0.000752,0.001582,0.434356,0.440515
4.198000,-4.156017,-4.159523,0.000752,0.001582,0.434675,0.440735
4.200000,-4.156017,-4.159510,0.000752,0.001582,0.435000,0.440962
4.202000,-4.156017,-4.159496,0.000752,0.001582,0.435330,0.441197
4.204000,-4.156017,-4.159483,0.000752,0.001582,0.435665,0.441439
4.206000,-4.156017,-4.159469,0.000752,0.001582,0.436003,0.441686
4.208000,-4.156017,-4.159456,0.000752,0.001581,0.436343,0.441940
4.210000,-4.156017,-4.159442,0.000752,0.001581,0.436685,0.442199
4.212000,-4.156017,-4.159428,0.000752,0.001581,0.437028,0.442462
4.214000,-4.156017,-4.159414,0.000752,0.001581,0.437372,0.442731
4.216000,-4.156017,-4.159401,0.000752,0.001580,0.437717,0.442998
4.218000,-4.156017,-4.159387,0.000752,0.001580,0.438063,0.443269
4.220000,-4.156017,-4.159373,0.000752,0.001579,0.438409,0.443543
4.222000,-4.156017,-4.159359,0.000752,0.001579,0.438754,0.443821
4.224000,-4.156017,-4.159345,0.000752,0.001578,0.439100,0.444101
4.226000,-4.156017,-4.159331,0.000752,0.001578,0.439446,0.444385
4.228000,-4.156017,-4.159317,0.000752,0.001577,0.439792,0.444671
4.230000,-4.156017,-4.159303,0.000752,0.001577,0.440137,0.444959
4.232000,-4.156017,-4.159289,0.000752,0.001576,0.440482,0.445249
4.234000,-4.156017,-4.159275,0.000752,0.001576,0.440827,0.445541
4.236000,-4.156017,-4.159261,0.000752,0.001575,0.441172,0.445834
4.238000,-4.156017,-4.159247,0.000752,0.001575,0.441516,0.446128
4.240000,-4.156017,-4.159234,0.000752,0.001574,0.441859,0.446423
4.242000,-4.156017,-4.159220,0.000752,0.001574,0.442203,0.446718
4.244000,-4.156017,-4.159206,0.000752,0.001574,0.442546,0.447015
4.246000,-4.156017,-4.159192,0.000752,0.001573,0.442888,0.447313
4.248000,-4.156017,-4.159179,0.000752,0.001573,0.443230,0.447611
4.250000,-4.156017,-4.159165,0.000752,0.001572,0.443572,0.447910
4.252000,-4.156017,-4.159152,0.000752,0.001572,0.443913,0.448210
4.254000,-4.156017,-4.159139,0.000752,0.001572,0.444254,0.448511
4.256000,-4.156017,-4.159125,0.000752,0.001571,0.444594,0.448812
4.258000,-4.156017,-4.159112,0.000752,0.001571,0.444934,0.449114
4.260000,-4.156017,-4.159100,0.000752,0.001570,0.445273,0.449416
4.262000,-4.156017,-4.159087,0.000752,0.001570,0.445612,0.449718
4.264000,-4.156017,-4.159074,0.000752,0.001569,0.445950,0.450019
4.266000,-4.156017,-4.159062,0.000752,0.001569,0.446288,0.450320
4.268000,-4.156017,-4.159050,0.000752,0.001568,0.446626,0.450621
4.270000,-4.156017,-4.159038,0.000752,0.001568,0.446963,0.450922
4.272000,-4.156017,-4.159027,0.000752,0.001567,0.447300,0.451223
4.274000,-4.156017,-4.159015,0.000752,0.001567,0.447636,0.451523
4.276000,-4.156017,-4.159004,0.000752,0.001566,0.447972,0.451825
4.278000,-4.156017,-4.158993,0.000752,0.001565,0.448307,0.452126
4.280000,-4.156017,-4.158982,0.000752,0.001565,0.448642,0.452427
4.282000,-4.156017,-4.158971,0.000752,0.001564,0.448976,0.452727
4.284000,-4.156017,-4.158960,0.000752,0.001563,0.449310,0.453026
4.286000,-4.156017,-4.158949,0.000752,0.001562,0.449643,0.453325
4.288000,-4.156017,-4.158939,0.000752,0.001561,0.449976,0.453623
4.290000,-4.156017,-4.158928,0.000752,0.001561,0.450309,0.453921
4.292000,-4.156017,-4.158918,0.000752,0.001560,0.450641,0.454219
4.294000,-4.156017,-4.158909,0.000752,0.001559,0.450973,0.454517
4.296000,-4.156017,-4.158899,0.000752,0.001558,0.451304,0.454815
4.298000,-4.156017,-4.158889,0.000752,0.001557,0.451635,0.455113
4.300000,-4.156017,-4.158880,0.000752,0.001556,0.451965,0.455411
4.302000,-4.156017,-4.158871,0.000752,0.001555,0.452295,0.455709
4.304000,-4.156017,-4.158862,0.000752,0.001554,0.452625,0.455996
4.306000,-4.156017,-4.158854,0.000752,0.001553,0.452954,0.456284
4.308000,-4.156017,-4.158845,0.000752,0.001552,0.453282,0.456571
4.310000,-4.156017,-4.158837,0.000752,0.001550,0.453610,0.456860
4.312000,-4.156017,-4.158829,0.000752,0.001549,0.453938,0.457148
4.314000,-4.156017,-4.158822,0.000752,0.001548,0.454265,0.457437
4.316000,-4.156017,-4.158814,0.000752,0.001546,0.454592,0.457726
4.318000,-4.156017,-4.158806,0.000752,0.001545,0.454918,0.458016
4.320000,-4.156017,-4.158799,0.000752,0.001543,0.455244,0.458306
4.322000,-4.156017,-4.158791,0.000752,0.001542,0.455570,0.458597
4.324000,-4.156017,-4.158784,0.000752,0.001541,0.455895,0.458888
4.326000,-4.156017,-4.158777,0.000752,0.001540,0.456219,0.459179
4.328000,-4.156017,-4.158769,0.000752,0.001539,0.456543,0.459471
4.330000,-4.156017,-4.158762,0.000752,0.001538,0.456867,0.459764
4.332000,-4.156017,-4.158754,0.000752,0.001537,0.457190,0.460057
4.334000,-4.156017,-4.158746,0.000752,0.001536,0.457513,0.460351
4.336000,-4.156017,-4.158738,0.000752,0.001535,0.457835,0.460645
4.338000,-4.156017,-4.158730,0.000752,0.001534,0.458157,0.460939
4.340000,-4.156017,-4.158722,0.000752,0.001533,0.458479,0.461234
4.342000,-4.156017,-4.158714,0.000752,0.001533,0.458800,0.461530
4.344000,-4.156017,-4.158705,0.000752,0.001532,0.459121,0.461826
4.346000,-4.156017,-4.158697,0.000752,0.001531,0.459441,0.462122
4.348000,-4.156017,-4.158688,0.000752,0.001530,0.459761,0.462419
4.350000,-4.156017,-4.158678,0.000752,0.001529,0.460080,0.462716
4.352000,-4.156017,-4.158669,0.000752,0.001529,0.460399,0.463013
4.354000,-4.156017,-4.158659,0.000752,0.001528,0.460717,0.463310
4.356000,-4.156017,-4.158650,0.000752,0.001527,0.461035,0.463608
4.358000,-4.156017,-4.158640,0.000752,0.001526,0.461353,0.463906
4.360000,-4.156017,-4.158630,0.000752,0.001525,0.461670,0.464203
4.362000,-4.156017,-4.158619,0.000752,0.001525,0.461987,0.464501
4.364000,-4.156017,-4.158609,0.000752,0.001524,0.462303,0.464799
4.366000,-4.156017,-4.158598,0.000752,0.001523,0.462619,0.465097
4.368000,-4.156017,-4.158587,0.000752,0.001522,0.462935,0.465394
4.370000,-4.156017,-4.158576,0.000752,0.001521,0.463250,0.465691
4.372000,-4.156017,-4.158565,0.000752,0.001521,0.463565,0.465987
4.374000,-4.156017,-4.158554,0.000752,0.001520,0.463879,0.466283
4.376000,-4.156017,-4.158542,0.000752,0.001519,0.464193,0.466579
4.378000,-4.156017,-4.158531,0.000752,0.001518,0.464506,0.466873
4.380000,-4.156017,-4.158520,0.000752,0.001517,0.464819,0.467166
4.382000,-4.156017,-4.158509,0.000752,0.001516,0.465131,0.467459
4.384000,-4.156017,-4.158497,0.000752,0.001514,0.465443,0.467752
4.386000,-4.156017,-4.158486,0.000752,0.001513,0.465755,0.468041
4.388000,-4.156017,-4.158475,0.000752,0.001512,0.466066,0.468330
4.390000,-4.156017,-4.158464,0.000752,0.001511,0.466377,0.468619
4.392000,-4.156017,-4.158453,0.000752,0.001510,0.466688,0.468909
4.394000,-4.156017,-4.158443,0.000752,0.001509,0.466998,0.469198
4.396000,-4.156017,-4.158432,0.000752,0.001508,0.467307,0.469488
4.398000,-4.156017,-4.158422,0.000752,0.001507,0.467616,0.469779
4.400000,-4.156017,-4.158412,0.000752,0.001506,0.467925,0.470069
4.402000,-4.156017,-4.158402,0.000752,0.001506,0.468233,0.470360
4.404000,-4.156017,-4.158393,0.000752,0.001505,0.468541,0.470651
4.406000,-4.156017,-4.158384,0.000752,0.001504,0.468849,0.470942
4.408000,-4.156017,-4.158375,0.000752,0.001504,0.469156,0.471233
4.410000,-4.156017,-4.158367,0.000752,0.001503,0.469462,0.471524
4.412000,-4.156017,-4.158359,0.000752,0.001503,0.469769,0.471815
4.414000,-4.156017,-4.158352,0.000752,0.001502,0.470074,0.472106
4.416000,-4.156017,-4.158345,0.000752,0.001502,0.470380,0.472398
4.418000,-4.156017,-4.158338,0.000752,0.001501,0.470685,0.472689
4.420000,-4.156017,-4.158332,0.000752,0.001501,0.470989,0.472980
4.422000,-4.156017,-4.158326,0.000752,0.001501,0.471294,0.473271
4.424000,-4.156017,-4.158320,0.000752,0.001500,0.471597,0.473557
4.426000,-4.156017,-4.158315,0.000752,0.001500,0.471901,0.473843
4.428000,-4.156017,-4.158311,0.000752,0.001499,0.472204,0.474130
4.430000,-4.156017,-4.158307,0.000752,0.001498,0.472506,0.474417
4.432000,-4.156017,-4.158303,0.000752,0.001497,0.472808,0.474704
4.434000,-4.156017,-4.158300,0.000752,0.001497,0.473110,0.474991
4.436000,-4.156017,-4.158297,0.000752,0.001496,0.473411,0.475278
4.438000,-4.156017,-4.158294,0.000752,0.001495,0.473712,0.475565
4.440000,-4.156017,-4.158291,0.000752,0.001494,0.474013,0.475852
4.442000,-4.156017,-4.158289,0.000752,0.001494,0.474313,0.476139
4.444000,-4.156017,-4.158287,0.000752,0.001493,0.474612,0.476425
4.446000,-4.156017,-4.158285,0.000752,0.001492,0.474912,0.476712
4.448000,-4.156017,-4.158284,0.000752,0.001491,0.475211,0.476999
4.450000,-4.156017,-4.158282,0.000752,0.001490,0.475509,0.477285
4.452000,-4.156017,-4.158281,0.000752,0.001489,0.475807,0.477567
4.454000,-4.156017,-4.158280,0.000752,0.001488,0.476105,0.477849
4.456000,-4.156017,-4.158279,0.000752,0.001488,0.476402,0.478130
4.458000,-4.156017,-4.158279,0.000752,0.001487,0.476699,0.478412
4.460000,-4.156017,-4.158278,0.000752,0.001487,0.476995,0.478693
4.462000,-4.156017,-4.158278,0.000752,0.001486,0.477291,0.478974
4.464000,-4.156017,-4.158278,0.000752,0.001485,0.477587,0.479254
4.466000,-4.156017,-4.158277,0.000752,0.001485,0.477882,0.479534
4.468000,-4.156017,-4.158277,0.000752,0.001484,0.478177,0.479814
4.470000,-4.156017,-4.158277,0.000752,0.001483,0.478472,0.480094
4.472000,-4.156017,-4.158277,0.000752,0.001482,0.478766,0.480374
4.474000,-4.156017,-4.158276,0.000752,0.001482,0.479059,0.480653
4.476000,-4.156017,-4.158276,0.000752,0.001481,0.479353,0.480933
4.478000,-4.156017,-4.158275,0.000752,0.001480,0.479645,0.481213
4.480000,-4.156017,-4.158274,0.000752,0.001479,0.479938,0.481492
4.482000,-4.156017,-4.158273,0.000752,0.001479,0.480230,0.481772
4.484000,-4.156017,-4.158272,0.000752,0.001478,0.480522,0.482051
4.486000,-4.156017,-4.158271,0.000752,0.001477,0.480813,0.482330
4.488000,-4.156017,-4.158269,0.000752,0.001476,0.481104,0.482609
4.490000,-4.156017,-4.158267,0.000752,0.001475,0.481394,0.482888
4.492000,-4.156017,-4.158265,0.000752,0.001474,0.481684,0.483166
4.494000,-4.156017,-4.158263,0.000752,0.001473,0.481974,0.483445
4.496000,-4.156017,-4.158260,0.000752,0.001472,0.482264,0.483724
4.498000,-4.156017,-4.158258,0.000752,0.001471,0.482552,0.484002
4.500000,-4.156017,-4.158255,0.000752,0.001470,0.482841,0.484281
4.502000,-4.156017,-4.158252,0.000752,0.001469,0.483129,0.484559
4.504000,-4.156017,-4.158249,0.000752,0.001468,0.483417,0.484838
4.506000,-4.156017,-4.158245,0.000752,0.001467,0.483704,0.485116
4.508000,-4.156017,-4.158241,0.000752,0.001466,0.483991,0.485395
4.510000,-4.156017,-4.158238,0.000752,0.001465,0.484278,0.485673
4.512000,-4.156017,-4.158234,0.000752,0.001464,0.484564,0.485952
4.514000,-4.156017,-4.158229,0.000752,0.001463,0.484850,0.486230
4.516000,-4.156017,-4.158225,0.000752,0.001462,0.485135,0.486508
4.518000,-4.156017,-4.158220,0.000752,0.001461,0.485420,0.486785
4.520000,-4.156017,-4.158215,0.000752,0.001460,0.485705,0.487062
4.522000,-4.156017,-4.158210,0.000752,0.001460,0.485989,0.487338
4.524000,-4.156017,-4.158205,0.000752,0.001459,0.486273,0.487614
4.526000,-4.156017,-4.158200,0.000752,0.001458,0.486557,0.487890
4.528000,-4.156017,-4.158194,0.000752,0.001457,0.486840,0.488166
4.530000,-4.156017,-4.158189,0.000752,0.001456,0.487122,0.488441
4.532000,-4.156017,-4.158183,0.000752,0.001456,0.487405,0.488717
4.534000,-4.156017,-4.158177,0.000752,0.001455,0.487687,0.488987
4.536000,-4.156017,-4.158171,0.000752,0.001455,0.487968,0.489256
4.538000,-4.156017,-4.158165,0.000752,0.001454,0.488249,0.489526
4.540000,-4.156017,-4.158158,0.000752,0.001453,0.488529,0.489796
4.542000,-4.156017,-4.158152,0.000752,0.001452,0.488809,0.490067
4.544000,-4.156017,-4.158146,0.000752,0.001452,0.489089,0.490337
4.546000,-4.156017,-4.158139,0.000752,0.001451,0.489367,0.490607
4.548000,-4.156017,-4.158133,0.000752,0.001450,0.489645,0.490877
4.550000,-4.156017,-4.158127,0.000752,0.001450,0.489923,0.491148
4.552000,-4.156017,-4.158121,0.000752,0.001450,0.490199,0.491418
4.554000,-4.156017,-4.158115,0.000752,0.001449,0.490475,0.491688
4.556000,-4.156017,-4.158110,0.000752,0.001449,0.490751,0.491959
4.558000,-4.156017,-4.158104,0.000752,0.001449,0.491025,0.492229
4.560000,-4.156017,-4.158099,0.000752,0.001449,0.491299,0.492498
4.562000,-4.156017,-4.158094,0.000752,0.001449,0.491572,0.492768
4.564000,-4.156017,-4.158090,0.000752,0.001449,0.491845,0.493037
4.566000,-4.156017,-4.158085,0.000752,0.001448,0.492116,0.493306
4.568000,-4.156017,-4.158082,0.000752,0.001448,0.492387,0.493575
4.570000,-4.156017,-4.158078,0.000752,0.001448,0.492658,0.493843
4.572000,-4.156017,-4.158075,0.000752,0.001448,0.492927,0.494111
4.574000,-4.156017,-4.158072,0.000752,0.001448,0.493196,0.494378
4.576000,-4.156017,-4.158069,0.000752,0.001447,0.493464,0.494645
4.578000,-4.156017,-4.158067,0.000752,0.001447,0.493731,0.494912
4.580000,-4.156017,-4.158065,0.000752,0.001447,0.493998,0.495178
4.582000,-4.156017,-4.158064,0.000752,0.001447,0.494264,0.495443
4.584000,-4.156017,-4.158063,0.000752,0.001446,0.494529,0.495708
4.586000,-4.156017,-4.158062,0.000752,0.001446,0.494794,0.495973
4.588000,-4.156017,-4.158061,0.000752,0.001446,0.495058,0.496236
4.590000,-4.156017,-4.158061,0.000752,0.001445,0.495321,0.496500
4.592000,-4.156017,-4.158061,0.000752,0.001445,0.495583,0.496763
4.594000,-4.156017,-4.158061,0.000752,0.001444,0.495845,0.497025
4.596000,-4.156017,-4.158061,0.000752,0.001444,0.496106,0.497287
4.598000,-4.156017,-4.158061,0.000752,0.001444,0.496366,0.497548
4.600000,-4.156017,-4.158062,0.000752,0.001443,0.496626,0.497808
4.602000,-4.156017,-4.158063,0.000752,0.001443,0.496885,0.498068
4.604000,-4.156017,-4.158064,0.000752,0.001442,0.497143,0.498327
4.606000,-4.156017,-4.158065,0.000752,0.001442,0.497401,0.498586
4.608000,-4.156017,-4.158067,0.000752,0.001441,0.497658,0.498844
4.610000,-4.156017,-4.158068,0.000752,0.001441,0.497914,0.499101
4.612000,-4.156017,-4.158070,0.000752,0.001440,0.498169,0.499352
4.614000,-4.156017,-4.158071,0.000752,0.001440,0.498424,0.499603
4.616000,-4.156017,-4.158073,0.000752,0.001440,0.498678,0.499853
4.618000,-4.156017,-4.158075,0.000752,0.001439,0.498932,0.500103
4.620000,-4.156017,-4.158077,0.000752,0.001439,0.499185,0.500353
4.622000,-4.156017,-4.158080,0.000752,0.001439,0.499437,0.500603
4.624000,-4.156017,-4.158082,0.000752,0.001438,0.499688,0.500852
4.626000,-4.156017,-4.158084,0.000752,0.001438,0.499939,0.501101
4.628000,-4.156017,-4.158086,0.000752,0.001438,0.500189,0.501350
4.630000,-4.156017,-4.158089,0.000752,0.001437,0.500439,0.501599
4.632000,-4.156017,-4.158091,0.000752,0.001437,0.500688,0.501847
4.634000,-4.156017,-4.158093,0.000752,0.001436,0.500936,0.502094
4.636000,-4.156017,-4.158095,0.000752,0.001436,0.501183,0.502342
4.638000,-4.156017,-4.158097,0.000752,0.001435,0.501430,0.502589
4.640000,-4.156017,-4.158099,0.000752,0.001435,0.501676,0.502835
4.642000,-4.156017,-4.158100,0.000752,0.001434,0.501922,0.503081
4.644000,-4.156017,-4.158102,0.000752,0.001434,0.502166,0.503327
4.646000,-4.156017,-4.158103,0.000752,0.001433,0.502411,0.503572
4.648000,-4.156017,-4.158104,0.000752,0.001433,0.502654,0.503817
4.650000,-4.156017,-4.158106,0.000752,0.001432,0.502897,0.504060
4.652000,-4.156017,-4.158106,0.000752,0.001432,0.503139,0.504303
4.654000,-4.156017,-4.158107,0.000752,0.001431,0.503381,0.504545
4.656000,-4.156017,-4.158108,0.000752,0.001431,0.503622,0.504787
4.658000,-4.156017,-4.158109,0.000752,0.001429,0.503862,0.505028
4.660000,-4.156017,-4.158104,0.000752,0.001429,0.504102,0.505283
4.662000,-4.156017,-4.158104,0.000752,0.001429,0.504341,0.505524
4.664000,-4.156017,-4.158104,0.000752,0.001431,0.504579,0.505760
4.666000,-4.156017,-4.158104,0.000752,0.001431,0.504817,0.505995
4.668000,-4.156017,-4.158103,0.000752,0.001430,0.505054,0.506230
4.670000,-4.156017,-4.158103,0.000752,0.001430,0.505290,0.506465
4.672000,-4.156017,-4.158102,0.000752,0.001429,0.505526,0.506701
4.674000,-4.156017,-4.158102,0.000752,0.001429,0.505761,0.506937
4.676000,-4.156017,-4.158101,0.000752,0.001428,0.505996,0.507172
4.678000,-4.156017,-4.158100,0.000752,0.001427,0.506230,0.507407
4.680000,-4.156017,-4.158099,0.000752,0.001426,0.506463,0.507642
4.682000,-4.156017,-4.158098,0.000752,0.001426,0.506696,0.507877
4.684000,-4.156017,-4.158097,0.000752,0.001425,0.506928,0.508111
4.686000,-4.156017,-4.158095,0.000752,0.001424,0.507160,0.508344
4.688000,-4.156017,-4.158094,0.000752,0.001423,0.507390,0.508578
4.690000,-4.156017,-4.158092,0.000752,0.001422,0.507621,0.508811
4.692000,-4.156017,-4.158091,0.000752,0.001422,0.507850,0.509043
4.694000,-4.156017,-4.158089,0.000752,0.001421,0.508079,0.509276
4.696000,-4.156017,-4.158087,0.000752,0.001420,0.508308,0.509507
4.698000,-4.156017,-4.158085,0.000752,0.001419,0.508536,0.509739
4.700000,-4.156017,-4.158083,0.000752,0.001418,0.508763,0.509970
4.702000,-4.156017,-4.158081,0.000752,0.001417,0.508989,0.510200
4.704000,-4.156017,-4.158079,0.000752,0.001417,0.509215,0.510430
4.706000,-4.156017,-4.158077,0.000752,0.001416,0.509441,0.510660
4.708000,-4.156017,-4.158075,0.000752,0.001415,0.509665,0.510889
4.710000,-4.156017,-4.158073,0.000752,0.001414,0.509890,0.511118
4.712000,-4.156017,-4.158070,0.000752,0.001413,0.510113,0.511346
4.714000,-4.156017,-4.158068,0.000752,0.001413,0.510336,0.511574
4.716000,-4.156017,-4.158066,0.000752,0.001412,0.510559,0.511801
4.718000,-4.156017,-4.158063,0.000752,0.001411,0.510780,0.512028
4.720000,-4.156017,-4.158061,0.000752,0.001410,0.511001,0.512254
4.722000,-4.156017,-4.158058,0.000752,0.001410,0.511222,0.512480
4.724000,-4.156017,-4.158055,0.000752,0.001409,0.511442,0.512705
4.726000,-4.156017,-4.158053,0.000752,0.001408,0.511662,0.512930
4.728000,-4.156017,-4.158050,0.000752,0.001408,0.511880,0.513154
4.730000,-4.156017,-4.158047,0.000752,0.001407,0.512099,0.513378
4.732000,-4.156017,-4.158044,0.000752,0.001407,0.512316,0.513601
4.734000,-4.156017,-4.158042,0.000752,0.001406,0.512533,0.513824
4.736000,-4.156017,-4.158039,0.000752,0.001406,0.512750,0.514047
4.738000,-4.156017,-4.158036,0.000752,0.001405,0.512966,0.514268
4.740000,-4.156017,-4.158033,0.000752,0.001405,0.513181,0.514489
4.742000,-4.156017,-4.158030,0.000752,0.001404,0.513396,0.514710
4.744000,-4.156017,-4.158027,0.000752,0.001404,0.513610,0.514930
4.746000,-4.156017,-4.158023,0.000752,0.001404,0.513824,0.515149
4.748000,-4.156017,-4.158020,0.000752,0.001403,0.514037,0.515368
4.750000,-4.156017,-4.158017,0.000752,0.001403,0.514250,0.515586
4.752000,-4.156017,-4.158014,0.000752,0.001403,0.514461,0.515804
4.754000,-4.156017,-4.158011,0.000752,0.001402,0.514673,0.516021
4.756000,-4.156017,-4.158007,0.000752,0.001402,0.514884,0.516238
4.758000,-4.156017,-4.158004,0.000752,0.001402,0.515094,0.516454
4.760000,-4.156017,-4.158000,0.000752,0.001402,0.515304,0.516670
4.762000,-4.156017,-4.157997,0.000752,0.001402,0.515513,0.516886
4.764000,-4.156017,-4.157994,0.000752,0.001402,0.515721,0.517101
4.766000,-4.156017,-4.157990,0.000752,0.001402,0.515929,0.517315
4.768000,-4.156017,-4.157987,0.000752,0.001402,0.516137,0.517529
4.770000,-4.156017,-4.157983,0.000752,0.001402,0.516344,0.517742
4.772000,-4.156017,-4.157979,0.000752,0.001402,0.516550,0.517955
4.774000,-4.156017,-4.157976,0.000752,0.001402,0.516756,0.518168
4.776000,-4.156017,-4.157972,0.000752,0.001402,0.516961,0.518380
4.778000,-4.156017,-4.157969,0.000752,0.001402,0.517166,0.518592
4.780000,-4.156017,-4.157965,0.000752,0.001402,0.517370,0.518802
4.782000,-4.156017,-4.157961,0.000752,0.001402,0.517574,0.519011
4.784000,-4.156017,-4.157958,0.000752,0.001402,0.517777,0.519219
4.786000,-4.156017,-4.157954,0.000752,0.001402,0.517979,0.519427
4.788000,-4.156017,-4.157950,0.000752,0.001402,0.518181,0.519635
4.790000,-4.156017,-4.157946,0.000752,0.001402,0.518383,0.519843
4.792000,-4.156017,-4.157942,0.000752,0.001402,0.518584,0.520050
4.794000,-4.156017,-4.157938,0.000752,0.001402,0.518784,0.520257
4.796000,-4.156017,-4.157935,0.000752,0.001402,0.518984,0.520464
4.798000,-4.156017,-4.157931,0.000752,0.001402,0.519183,0.520670
4.800000,-4.156017,-4.157927,0.000752,0.001402,0.519382,0.520874
4.802000,-4.156017,-4.157923,0.000752,0.001403,0.519580,0.521077
4.804000,-4.156017,-4.157920,0.000752,0.001403,0.519778,0.521279
4.806000,-4.156017,-4.157916,0.000752,0.001403,0.519975,0.521481
4.808000,-4.156017,-4.157913,0.000752,0.001404,0.520172,0.521683
4.810000,-4.156017,-4.157909,0.000752,0.001404,0.520368,0.521885
4.812000,-4.156017,-4.157906,0.000752,0.001405,0.520564,0.522087
4.814000,-4.156017,-4.157903,0.000752,0.001405,0.520759,0.522288
4.816000,-4.156017,-4.157899,0.000752,0.001406,0.520953,0.522489
4.818000,-4.156017,-4.157897,0.000752,0.001406,0.521147,0.522690
4.820000,-4.156017,-4.157894,0.000752,0.001407,0.521341,0.522890
4.822000,-4.156017,-4.157891,0.000752,0.001407,0.521534,0.523090
4.824000,-4.156017,-4.157889,0.000752,0.001408,0.521726,0.523289
4.826000,-4.156017,-4.157887,0.000752,0.001409,0.521918,0.523489
4.828000,-4.156017,-4.157885,0.000752,0.001409,0.522110,0.523685
4.830000,-4.156017,-4.157883,0.000752,0.001410,0.522301,0.523880
4.832000,-4.156017,-4.157881,0.000752,0.001410,0.522491,0.524075
4.834000,-4.156017,-4.157880,0.000752,0.001411,0.522681,0.524269
4.836000,-4.156017,-4.157879,0.000752,0.001411,0.522871,0.524463
4.838000,-4.156017,-4.157878,0.000752,0.001412,0.523060,0.524657
4.840000,-4.156017,-4.157878,0.000752,0.001412,0.523248,0.524851
4.842000,-4.156017,-4.157877,0.000752,0.001413,0.523436,0.525044
4.844000,-4.156017,-4.157877,0.000752,0.001413,0.523623,0.525237
4.846000,-4.156017,-4.157877,0.000752,0.001414,0.523810,0.525429
4.848000,-4.156017,-4.157877,0.000752,0.001414,0.523997,0.525622
4.850000,-4.156017,-4.157877,0.000752,0.001415,0.524183,0.525814
4.852000,-4.156017,-4.157877,0.000752,0.001415,0.524368,0.526005
4.854000,-4.156017,-4.157877,0.000752,0.001416,0.524553,0.526196
4.856000,-4.156017,-4.157877,0.000752,0.001416,0.524738,0.526387
4.858000,-4.156017,-4.157877,0.000752,0.001417,0.524922,0.526578
4.860000,-4.156017,-4.157878,0.000752,0.001417,0.525105,0.526767
4.862000,-4.156017,-4.157878,0.000752,0.001418,0.525288,0.526957
4.864000,-4.156017,-4.157878,0.000752,0.001418,0.525471,0.527146
4.866000,-4.156017,-4.157878,0.000752,0.001419,0.525653,0.527335
4.868000,-4.156017,-4.157878,0.000752,0.001419,0.525834,0.527523
4.870000,-4.156017,-4.157878,0.000752,0.001419,0.526015,0.527711
4.872000,-4.156017,-4.157878,0.000752,0.001420,0.526196,0.527898
4.874000,-4.156017,-4.157878,0.000752,0.001420,0.526376,0.528084
4.876000,-4.156017,-4.157878,0.000752,0.001421,0.526555,0.528271
4.878000,-4.156017,-4.157878,0.000752,0.001421,0.526734,0.528457
4.880000,-4.156017,-4.157878,0.000752,0.001421,0.526913,0.528642
4.882000,-4.156017,-4.157878,0.000752,0.001422,0.527091,0.528827
4.884000,-4.156017,-4.157878,0.000752,0.001422,0.527269,0.529011
4.886000,-4.156017,-4.157878,0.000752,0.001422,0.527446,0.529195
4.888000,-4.156017,-4.157878,0.000752,0.001423,0.527623,0.529378
4.890000,-4.156017,-4.157878,0.000752,0.001423,0.527799,0.529561
4.892000,-4.156017,-4.157878,0.000752,0.001423,0.527975,0.529743
4.894000,-4.156017,-4.157878,0.000752,0.001424,0.528150,0.529925
4.896000,-4.156017,-4.157878,0.000752,0.001424,0.528325,0.530107
4.898000,-4.156017,-4.157878,0.000752,0.001424,0.528500,0.530287
4.900000,-4.156017,-4.157878,0.000752,0.001424,0.528674,0.530468
4.902000,-4.156017,-4.157877,0.000752,0.001424,0.528847,0.530648
4.904000,-4.156017,-4.157877,0.000752,0.001424,0.529020,0.530827
4.906000,-4.156017,-4.157877,0.000752,0.001425,0.529193,0.531006
4.908000,-4.156017,-4.157877,0.000752,0.001425,0.529365,0.531185
4.910000,-4.156017,-4.157877,0.000752,0.001425,0.529536,0.531363
4.912000,-4.156017,-4.157877,0.000752,0.001425,0.529707,0.531540
4.914000,-4.156017,-4.157877,0.000752,0.001425,0.529878,0.531717
4.916000,-4.156017,-4.157877,0.000752,0.001425,0.530048,0.531894
4.918000,-4.156017,-4.157877,0.000752,0.001425,0.530218,0.532070
4.920000,-4.156017,-4.157877,0.000752,0.001425,0.530387,0.532245
4.922000,-4.156017,-4.157877,0.000752,0.001425,0.530556,0.532420
4.924000,-4.156017,-4.157878,0.000752,0.001425,0.530725,0.532595
4.926000,-4.156017,-4.157878,0.000752,0.001424,0.530893,0.532769
4.928000,-4.156017,-4.157878,0.000752,0.001424,0.531060,0.532943
4.930000,-4.156017,-4.157878,0.000752,0.001424,0.531227,0.533116
4.932000,-4.156017,-4.157879,0.000752,0.001424,0.531394,0.533288
4.934000,-4.156017,-4.157879,0.000752,0.001424,0.531560,0.533461
4.936000,-4.156017,-4.157880,0.000752,0.001424,0.531726,0.533632
4.938000,-4.156017,-4.157880,0.000752,0.001424,0.531891,0.533804
4.940000,-4.156017,-4.157881,0.000752,0.001424,0.532056,0.533975
4.942000,-4.156017,-4.157881,0.000752,0.001424,0.532221,0.534145
4.944000,-4.156017,-4.157882,0.000752,0.001424,0.532385,0.534315
4.946000,-4.156017,-4.157883,0.000752,0.001424,0.532548,0.534485
4.948000,-4.156017,-4.157883,0.000752,0.001424,0.532711,0.534654
4.950000,-4.156017,-4.157884,0.000752,0.001424,0.532874,0.534822
4.952000,-4.156017,-4.157885,0.000752,0.001423,0.533036,0.534991
4.954000,-4.156017,-4.157886,0.000752,0.001423,0.533198,0.535159
4.956000,-4.156017,-4.157886,0.000752,0.001423,0.533360,0.535326
4.958000,-4.156017,-4.157887,0.000752,0.001423,0.533521,0.535493
4.960000,-4.156017,-4.157888,0.000752,0.001423,0.533681,0.535660
4.962000,-4.156017,-4.157889,0.000752,0.001422,0.533841,0.535826
4.964000,-4.156017,-4.157890,0.000752,0.001422,0.534001,0.535991
4.966000,-4.156017,-4.157890,0.000752,0.001422,0.534160,0.536157
4.968000,-4.156017,-4.157891,0.000752,0.001422,0.534319,0.536321
4.970000,-4.156017,-4.157892,0.000752,0.001421,0.534477,0.536486
4.972000,-4.156017,-4.157893,0.000752,0.001421,0.534635,0.536650
4.974000,-4.156017,-4.157894,0.000752,0.001421,0.534793,0.536814
4.976000,-4.156017,-4.157895,0.000752,0.001420,0.534950,0.536977
4.978000,-4.156017,-4.157896,0.000752,0.001420,0.535107,0.537139
4.980000,-4.156017,-4.157896,0.000752,0.001420,0.535263,0.537302
4.982000,-4.156017,-4.157897,0.000752,0.001419,0.535419,0.537464
4.984000,-4.156017,-4.157898,0.000752,0.001419,0.535574,0.537625
4.986000,-4.156017,-4.157899,0.000752,0.001419,0.535730,0.537786
4.988000,-4.156017,-4.157900,0.000752,0.001418,0.535884,0.537947
4.990000,-4.156017,-4.157901,0.000752,0.001418,0.536038,0.538108
4.992000,-4.156017,-4.157901,0.000752,0.001417,0.536192,0.538267
4.994000,-4.156017,-4.157902,0.000752,0.001417,0.536346,0.538427
4.996000,-4.156017,-4.157903,0.000752,0.001417,0.536499,0.538586
4.998000,-4.156017,-4.157904,0.000752,0.001416,0.536651,0.538745
5.000000,-4.156017,-4.157905,0.000752,0.001416,0.536803,0.538903
5.002000,-4.156017,-4.157905,0.000752,0.001415,0.536955,0.539061
5.004000,-4.156017,-4.157906,0.000752,0.001415,0.537107,0.539219
5.006000,-4.156017,-4.157907,0.000752,0.001415,0.537258,0.539376
5.008000,-4.156017,-4.157908,0.000752,0.001414,0.537408,0.539533
5.010000,-4.156017,-4.157908,0.000752,0.001414,0.537558,0.539689
5.012000,-4.156017,-4.157909,0.000752,0.001413,0.537708,0.539845
5.014000,-4.156017,-4.157910,0.000752,0.001413,0.537857,0.540001
5.016000,-4.156017,-4.157910,0.000752,0.001413,0.538006,0.540156
5.018000,-4.156017,-4.157911,0.000752,0.001412,0.538155,0.540311
5.020000,-4.156017,-4.157912,0.000752,0.001412,0.538303,0.540465
5.022000,-4.156017,-4.157912,0.000752,0.001411,0.538451,0.540619
5.024000,-4.156017,-4.157913,0.000752,0.001411,0.538598,0.540773
5.026000,-4.156017,-4.157913,0.000752,0.001411,0.538745,0.540926
5.028000,-4.156017,-4.157914,0.000752,0.001410,0.538892,0.541079
5.030000,-4.156017,-4.157915,0.000752,0.001410,0.539038,0.541232
5.032000,-4.156017,-4.157915,0.000752,0.001409,0.539184,0.541384
5.034000,-4.156017,-4.157916,0.000752,0.001409,0.539329,0.541536
5.036000,-4.156017,-4.157916,0.000752,0.001409,0.539474,0.541688
5.038000,-4.156017,-4.157917,0.000752,0.001408,0.539619,0.541839
5.040000,-4.156017,-4.157917,0.000752,0.001408,0.539763,0.541989
5.042000,-4.156017,-4.157918,0.000752,0.001407,0.539907,0.542140
5.044000,-4.156017,-4.157918,0.000752,0.001407,0.540051,0.542290
5.046000,-4.156017,-4.157919,0.000752,0.001407,0.540194,0.542439
5.048000,-4.156017,-4.157919,0.000752,0.001406,0.540337,0.542588
5.050000,-4.156017,-4.157919,0.000752,0.001406,0.540479,0.542737
5.052000,-4.156017,-4.157920,0.000752,0.001405,0.540621,0.542886
5.054000,-4.156017,-4.157920,0.000752,0.001405,0.540762,0.543034
5.056000,-4.156017,-4.157921,0.000752,0.001405,0.540904,0.543182
5.058000,-4.156017,-4.157921,0.000752,0.001404,0.541044,0.543329
5.060000,-4.156017,-4.157922,0.000752,0.001404,0.541185,0.543476
5.062000,-4.156017,-4.157922,0.000752,0.001404,0.541325,0.543623
5.064000,-4.156017,-4.157922,0.000752,0.001403,0.541465,0.543769
5.066000,-4.156017,-4.157923,0.000752,0.001403,0.541604,0.543915
5.068000,-4.156017,-4.157923,0.000752,0.001403,0.541743,0.544060
5.070000,-4.156017,-4.157924,0.000752,0.001402,0.541882,0.544205
5.072000,-4.156017,-4.157924,0.000752,0.001402,0.542020,0.544350
5.074000,-4.156017,-4.157924,0.000752,0.001402,0.542158,0.544495
5.076000,-4.156017,-4.157925,0.000752,0.001401,0.542295,0.544639
5.078000,-4.156017,-4.157925,0.000752,0.001401,0.542432,0.544782
5.080000,-4.156017,-4.157925,0.000752,0.001401,0.542569,0.544926
5.082000,-4.156017,-4.157926,0.000752,0.001400,0.542706,0.545068
5.084000,-4.156017,-4.157926,0.000752,0.001400,0.542842,0.545211
5.086000,-4.156017,-4.157926,0.000752,0.001400,0.542977,0.545353
5.088000,-4.156017,-4.157927,0.000752,0.001399,0.543113,0.545495
5.090000,-4.156017,-4.157927,0.000752,0.001399,0.543248,0.545637
5.092000,-4.156017,-4.157928,0.000752,0.001399,0.543382,0.545778
5.094000,-4.156017,-4.157928,0.000752,0.001398,0.543516,0.545918
5.096000,-4.156017,-4.157928,0.000752,0.001398,0.543650,0.546059
5.098000,-4.156017,-4.157929,0.000752,0.001398,0.543784,0.546199
5.100000,-4.156017,-4.157929,0.000752,0.001397,0.543917,0.546339
5.102000,-4.156017,-4.157929,0.000752,0.001397,0.544050,0.546478
5.104000,-4.156017,-4.157930,0.000752,0.001397,0.544182,0.546617
5.106000,-4.156017,-4.157930,0.000752,0.001396,0.544314,0.546755
5.108000,-4.156017,-4.157930,0.000752,0.001396,0.544446,0.546894
5.110000,-4.156017,-4.157931,0.000752,0.001396,0.544577,0.547031
5.112000,-4.156017,-4.157931,0.000752,0.001396,0.544708,0.547169
5.114000,-4.156017,-4.157931,0.000752,0.001395,0.544839,0.547306
5.116000,-4.156017,-4.157931,0.000752,0.001395,0.544969,0.547443
5.118000,-4.156017,-4.157932,0.000752,0.001395,0.545099,0.547579
5.120000,-4.156017,-4.157932,0.000752,0.001395,0.545229,0.547716
5.122000,-4.156017,-4.157932,0.000752,0.001394,0.545358,0.547851
5.124000,-4.156017,-4.157933,0.000752,0.001394,0.545487,0.547987
5.126000,-4.156017,-4.157933,0.000752,0.001394,0.545616,0.548122
5.128000,-4.156017,-4.157933,0.000752,0.001393,0.545744,0.548256
5.130000,-4.156017,-4.157934,0.000752,0.001393,0.545872,0.548391
5.132000,-4.156017,-4.157934,0.000752,0.001393,0.546000,0.548525
5.134000,-4.156017,-4.157934,0.000752,0.001393,0.546127,0.548658
5.136000,-4.156017,-4.157935,0.000752,0.001392,0.546254,0.548792
5.138000,-4.156017,-4.157935,0.000752,0.001392,0.546380,0.548925
5.140000,-4.156017,-4.157935,0.000752,0.001392,0.546507,0.549057
5.142000,-4.156017,-4.157935,0.000752,0.001392,0.546633,0.549190
5.144000,-4.156017,-4.157936,0.000752,0.001392,0.546758,0.549321
5.146000,-4.156017,-4.157936,0.000752,0.001391,0.546883,0.549453
5.148000,-4.156017,-4.157936,0.000752,0.001391,0.547008,0.549584
5.150000,-4.156017,-4.157936,0.000752,0.001391,0.547133,0.549715
5.152000,-4.156017,-4.157937,0.000752,0.001391,0.547257,0.549846
5.154000,-4.156017,-4.157937,0.000752,0.001390,0.547381,0.549976
5.156000,-4.156009,-4.157937,0.000752,0.001390,0.547504,0.550106
5.158000,-4.155985,-4.157938,0.000752,0.001390,0.547626,0.550236
5.160000,-4.155945,-4.157938,0.000752,0.001390,0.547747,0.550364
5.162000,-4.155889,-4.157936,0.000752,0.001389,0.547868,0.550491
5.164000,-4.155817,-4.157933,0.000752,0.001389,0.547987,0.550617
5.166000,-4.155729,-4.157927,0.000752,0.001389,0.548105,0.550742
5.168000,-4.155625,-4.157917,0.000752,0.001389,0.548222,0.550864
5.170000,-4.155505,-4.157903,0.000753,0.001388,0.548338,0.550986
5.172000,-4.155369,-4.157885,0.000753,0.001388,0.548453,0.551105
5.174000,-4.155217,-4.157861,0.000753,0.001388,0.548567,0.551223
5.176000,-4.155049,-4.157832,0.000753,0.001388,0.548680,0.551339
5.178000,-4.154865,-4.157796,0.000753,0.001388,0.548791,0.551454
5.180000,-4.154665,-4.157753,0.000753,0.001387,0.548902,0.551566
5.182000,-4.154449,-4.157702,0.000753,0.001387,0.549011,0.551677
5.184000,-4.154217,-4.157643,0.000753,0.001387,0.549120,0.551786
5.186000,-4.153969,-4.157575,0.000753,0.001386,0.549227,0.551892
5.188000,-4.153705,-4.157499,0.000753,0.001386,0.549333,0.551996
5.190000,-4.153425,-4.157412,0.000753,0.001386,0.549437,0.552098
5.192000,-4.153129,-4.157315,0.000753,0.001385,0.549541,0.552198
5.194000,-4.152817,-4.157208,0.000753,0.001385,0.549643,0.552296
5.196000,-4.152489,-4.157090,0.000753,0.001385,0.549744,0.552392
5.198000,-4.152145,-4.156960,0.000753,0.001385,0.549844,0.552486
5.200000,-4.151785,-4.156819,0.000753,0.001384,0.549942,0.552579
5.202000,-4.151409,-4.156667,0.000753,0.001384,0.550039,0.552671
5.204000,-4.151017,-4.156502,0.000753,0.001384,0.550135,0.552762
5.206000,-4.150609,-4.156326,0.000753,0.001384,0.550229,0.552851
5.208000,-4.150185,-4.156138,0.000753,0.001384,0.550323,0.552939
5.210000,-4.149745,-4.155937,0.000753,0.001383,0.550414,0.553025
5.212000,-4.149289,-4.155724,0.000753,0.001384,0.550504,0.553109
5.214000,-4.148817,-4.155498,0.000753,0.001384,0.550593,0.553192
5.216000,-4.148329,-4.155260,0.000753,0.001384,0.550681,0.553274
5.218000,-4.147825,-4.155009,0.000753,0.001385,0.550767,0.553356
5.220000,-4.147305,-4.154745,0.000752,0.001385,0.550851,0.553437
5.222000,-4.146769,-4.154469,0.000752,0.001385,0.550934,0.553506
5.224000,-4.146217,-4.154180,0.000752,0.001385,0.551015,0.553574
5.226000,-4.145649,-4.153878,0.000752,0.001385,0.551095,0.553642
5.228000,-4.145065,-4.153562,0.000752,0.001385,0.551173,0.553711
5.230000,-4.144465,-4.153233,0.000752,0.001385,0.551250,0.553781
5.232000,-4.143849,-4.152891,0.000752,0.001386,0.551325,0.553852
5.234000,-4.143217,-4.152535,0.000752,0.001386,0.551398,0.553923
5.236000,-4.142569,-4.152166,0.000752,0.001387,0.551470,0.553994
5.238000,-4.141905,-4.151783,0.000752,0.001387,0.551540,0.554067
5.240000,-4.141225,-4.151387,0.000752,0.001387,0.551609,0.554140
5.242000,-4.140529,-4.150978,0.000751,0.001388,0.551675,0.554215
5.244000,-4.139817,-4.150555,0.000751,0.001388,0.551741,0.554290
5.246000,-4.139089,-4.150118,0.000751,0.001389,0.551804,0.554365
5.248000,-4.138345,-4.149668,0.000751,0.001389,0.551865,0.554442
5.250000,-4.137585,-4.149205,0.000751,0.001390,0.551925,0.554519
5.252000,-4.136809,-4.148728,0.000751,0.001390,0.551983,0.554597
5.254000,-4.136017,-4.148237,0.000750,0.001391,0.552039,0.554676
5.256000,-4.135209,-4.147733,0.000750,0.001392,0.552094,0.554753
5.258000,-4.134385,-4.147215,0.000750,0.001392,0.552147,0.554829
5.260000,-4.133545,-4.146683,0.000750,0.001392,0.552198,0.554903
5.262000,-4.132689,-4.146137,0.000750,0.001394,0.552247,0.554957
5.264000,-4.131817,-4.145577,0.000749,0.001394,0.552294,0.555008
5.266000,-4.130929,-4.145003,0.000749,0.001395,0.552339,0.555057
5.268000,-4.130025,-4.144414,0.000749,0.001395,0.552383,0.555099
5.270000,-4.129105,-4.143811,0.000749,0.001396,0.552425,0.555141
5.272000,-4.128169,-4.143194,0.000749,0.001397,0.552465,0.555183
5.274000,-4.127217,-4.142562,0.000748,0.001398,0.552503,0.555225
5.276000,-4.126249,-4.141917,0.000748,0.001399,0.552539,0.555269
5.278000,-4.125265,-4.141258,0.000748,0.001399,0.552574,0.555299
5.280000,-4.124265,-4.140584,0.000748,0.001401,0.552606,0.555322
5.282000,-4.123249,-4.139897,0.000747,0.001400,0.552637,0.555348
5.284000,-4.122217,-4.139194,0.000747,0.001401,0.552666,0.555377
5.286000,-4.121169,-4.138477,0.000747,0.001402,0.552693,0.555409
5.288000,-4.120105,-4.137746,0.000746,0.001403,0.552718,0.555445
5.290000,-4.119025,-4.137000,0.000746,0.001404,0.552741,0.555484
5.292000,-4.117929,-4.136240,0.000746,0.001405,0.552763,0.555526
5.294000,-4.116817,-4.135465,0.000746,0.001406,0.552782,0.555572
5.296000,-4.115689,-4.134677,0.000745,0.001407,0.552800,0.555620
5.298000,-4.114545,-4.133874,0.000745,0.001408,0.552816,0.555669
5.300000,-4.113385,-4.133057,0.000745,0.001408,0.552830,0.555718
5.302000,-4.112209,-4.132225,0.000744,0.001410,0.552842,0.555748
5.304000,-4.111017,-4.131379,0.000744,0.001412,0.552852,0.555774
5.306000,-4.109809,-4.130519,0.000744,0.001411,0.552861,0.555783
5.308000,-4.108585,-4.129643,0.000743,0.001413,0.552867,0.555790
5.310000,-4.107345,-4.128752,0.000743,0.001413,0.552872,0.555799
5.312000,-4.106089,-4.127847,0.000743,0.001415,0.552875,0.555810
5.314000,-4.104817,-4.126927,0.000742,0.001415,0.552877,0.555825
5.316000,-4.103529,-4.125992,0.000742,0.001417,0.552876,0.555843
5.318000,-4.102225,-4.125044,0.000742,0.001416,0.552874,0.555852
5.320000,-4.100905,-4.124080,0.000741,0.001419,0.552870,0.555851
5.322000,-4.099569,-4.123102,0.000741,0.001418,0.552864,0.555854
5.324000,-4.098217,-4.122107,0.000741,0.001419,0.552857,0.555862
5.326000,-4.096849,-4.121097,0.000740,0.001420,0.552848,0.555877
5.328000,-4.095465,-4.120072,0.000740,0.001421,0.552837,0.555898
5.330000,-4.094065,-4.119032,0.000740,0.001422,0.552824,0.555925
5.332000,-4.092649,-4.117976,0.000739,0.001423,0.552810,0.555944
5.334000,-4.091217,-4.116906,0.000739,0.001425,0.552794,0.555959
5.336000,-4.089769,-4.115820,0.000738,0.001425,0.552776,0.555959
5.338000,-4.088305,-4.114720,0.000738,0.001426,0.552757,0.555953
5.340000,-4.086825,-4.113605,0.000738,0.001427,0.552736,0.555946
5.342000,-4.085329,-4.112474,0.000737,0.001428,0.552713,0.555939
5.344000,-4.083817,-4.111328,0.000737,0.001429,0.552689,0.555934
5.346000,-4.082289,-4.110167,0.000736,0.001430,0.552664,0.555933
5.348000,-4.080745,-4.108991,0.000736,0.001432,0.552637,0.555937
5.350000,-4.079185,-4.107801,0.000735,0.001431,0.552608,0.555931
5.352000,-4.077609,-4.106595,0.000735,0.001432,0.552578,0.555916
5.354000,-4.076017,-4.105373,0.000735,0.001432,0.552547,0.555889
5.356000,-4.074409,-4.104133,0.000734,0.001435,0.552514,0.555864
5.358000,-4.072785,-4.102878,0.000734,0.001435,0.552479,0.555829
5.360000,-4.071145,-4.101178,0.000733,0.001438,0.552443,0.555788
5.362000,-4.069489,-4.099862,0.000733,0.001440,0.552406,0.555751
5.364000,-4.067817,-4.098536,0.000732,0.001441,0.552368,0.555728
5.366000,-4.066129,-4.097195,0.000732,0.001441,0.552328,0.555708
5.368000,-4.064425,-4.095844,0.000731,0.001442,0.552287,0.555691
5.370000,-4.062705,-4.094484,0.000731,0.001443,0.552245,0.555676
5.372000,-4.060969,-4.093114,0.000730,0.001444,0.552201,0.555665
5.374000,-4.059217,-4.091734,0.000730,0.001444,0.552157,0.555659
5.376000,-4.057449,-4.090342,0.000730,0.001446,0.552111,0.555643
5.378000,-4.055665,-4.088939,0.000729,0.001446,0.552065,0.555615
5.380000,-4.053865,-4.087523,0.000729,0.001448,0.552017,0.555554
5.382000,-4.052049,-4.086092,0.000728,0.001446,0.551968,0.555490
5.384000,-4.050217,-4.084646,0.000728,0.001448,0.551918,0.555432
5.386000,-4.048369,-4.083186,0.000727,0.001449,0.551868,0.555384
5.388000,-4.046505,-4.081711,0.000727,0.001449,0.551816,0.555345
5.390000,-4.044625,-4.080222,0.000726,0.001450,0.551764,0.555311
5.392000,-4.042729,-4.078717,0.000725,0.001451,0.551711,0.555284
5.394000,-4.040817,-4.077197,0.000725,0.001451,0.551657,0.555264
5.396000,-4.038889,-4.075662,0.000724,0.001453,0.551602,0.555235
5.398000,-4.036945,-4.074111,0.000724,0.001455,0.551547,0.555210
5.400000,-4.034985,-4.072543,0.000723,0.001455,0.551491,0.555163
5.402000,-4.033009,-4.070962,0.000723,0.001456,0.551434,0.555115
5.404000,-4.031017,-4.069364,0.000722,0.001457,0.551376,0.555037
5.406000,-4.029009,-4.067749,0.000722,0.001458,0.551319,0.554966
5.408000,-4.026985,-4.066117,0.000721,0.001459,0.551260,0.554909
5.410000,-4.024945,-4.064469,0.000721,0.001459,0.551201,0.554868
5.412000,-4.022889,-4.062804,0.000720,0.001460,0.551142,0.554838
5.414000,-4.020817,-4.061122,0.000720,0.001459,0.551082,0.554818
5.416000,-4.018729,-4.059424,0.000719,0.001462,0.551022,0.554798
5.418000,-4.016625,-4.057193,0.000718,0.001464,0.550961,0.554767
5.420000,-4.014505,-4.055436,0.000718,0.001455,0.550900,0.554684
5.422000,-4.012369,-4.053670,0.000717,0.001453,0.550839,0.554620
5.424000,-4.010217,-4.051889,0.000717,0.001446,0.550778,0.554569
5.426000,-4.008049,-4.050095,0.000716,0.001445,0.550716,0.554503
5.428000,-4.005865,-4.048288,0.000716,0.001440,0.550655,0.554454
5.430000,-4.003665,-4.046469,0.000715,0.001437,0.550593,0.554424
5.432000,-4.001449,-4.044636,0.000715,0.001439,0.550531,0.554402
5.434000,-3.999217,-4.042791,0.000714,0.001436,0.550470,0.554342
5.436000,-3.996969,-4.040932,0.000713,0.001436,0.550408,0.554272
5.438000,-3.994705,-4.039060,0.000713,0.001436,0.550347,0.554204
5.440000,-3.992425,-4.037174,0.000712,0.001436,0.550285,0.554146
5.442000,-3.990129,-4.035274,0.000712,0.001437,0.550224,0.554105
5.444000,-3.987817,-4.033359,0.000711,0.001436,0.550164,0.554082
5.446000,-3.985489,-4.031426,0.000711,0.001439,0.550103,0.554030
5.448000,-3.983145,-4.029477,0.000710,0.001441,0.550043,0.553996
5.450000,-3.980785,-4.027512,0.000710,0.001441,0.549984,0.553923
5.452000,-3.978409,-4.025530,0.000709,0.001442,0.549925,0.553844
5.454000,-3.976017,-4.023532,0.000708,0.001443,0.549866,0.553770
5.456000,-3.973609,-4.021518,0.000708,0.001444,0.549808,0.553711
5.458000,-3.971185,-4.019487,0.000707,0.001445,0.549751,0.553672
5.460000,-3.968745,-4.017438,0.000707,0.001445,0.549694,0.553656
5.462000,-3.966289,-4.015373,0.000706,0.001451,0.549638,0.553661
5.464000,-3.963817,-4.013292,0.000706,0.001447,0.549582,0.553619
5.466000,-3.961329,-4.011192,0.000705,0.001452,0.549528,0.553521
5.468000,-3.958825,-4.009076,0.000705,0.001449,0.549474,0.553431
5.470000,-3.956305,-4.006943,0.000704,0.001451,0.549421,0.553360
5.472000,-3.953769,-4.004792,0.000703,0.001453,0.549368,0.553315
5.474000,-3.951217,-4.002623,0.000703,0.001452,0.549317,0.553296
5.476000,-3.948649,-4.000436,0.000702,0.001458,0.549266,0.553302
5.478000,-3.946065,-3.998232,0.000702,0.001457,0.549216,0.553256
5.480000,-3.943465,-3.996013,0.000701,0.001461,0.549167,0.553205
5.482000,-3.940849,-3.993777,0.000701,0.001459,0.549119,0.553166
5.484000,-3.938217,-3.991524,0.000700,0.001463,0.549071,0.553095
5.486000,-3.935569,-3.989252,0.000699,0.001458,0.549024,0.553045
5.488000,-3.932905,-3.986963,0.000699,0.001465,0.548978,0.553022
5.490000,-3.930225,-3.984655,0.000698,0.001464,0.548933,0.552951
5.492000,-3.927529,-3.982331,0.000698,0.001466,0.548889,0.552883
5.494000,-3.924817,-3.979991,0.000697,0.001468,0.548846,0.552835
5.496000,-3.922089,-3.977634,0.000697,0.001470,0.548803,0.552815
5.498000,-3.919345,-3.975259,0.000696,0.001467,0.548762,0.552828
5.500000,-3.916585,-3.972866,0.000695,0.001475,0.548721,0.552837
5.502000,-3.913809,-3.970455,0.000695,0.001471,0.548681,0.552788
5.504000,-3.911017,-3.968030,0.000694,0.001474,0.548643,0.552744
5.506000,-3.908209,-3.965587,0.000694,0.001475,0.548605,0.552692
5.508000,-3.905385,-3.963126,0.000693,0.001477,0.548568,0.552663
5.510000,-3.902545,-3.960649,0.000693,0.001476,0.548532,0.552667
5.512000,-3.899689,-3.958154,0.000692,0.001482,0.548497,0.552658
5.514000,-3.896817,-3.955642,0.000691,0.001481,0.548463,0.552587
5.516000,-3.893929,-3.953111,0.000691,0.001483,0.548430,0.552527
5.518000,-3.891025,-3.950566,0.000690,0.001484,0.548397,0.552495
5.520000,-3.888105,-3.948002,0.000690,0.001485,0.548366,0.552479
5.522000,-3.885169,-3.945420,0.000689,0.001484,0.548336,0.552485
5.524000,-3.882217,-3.942820,0.000688,0.001489,0.548307,0.552520
5.526000,-3.879249,-3.940206,0.000688,0.001487,0.548279,0.552498
5.528000,-3.876265,-3.937576,0.000687,0.001489,0.548252,0.552433
5.530000,-3.873265,-3.934930,0.000686,0.001490,0.548226,0.552382
5.532000,-3.870249,-3.932265,0.000686,0.001489,0.548201,0.552370
5.534000,-3.867217,-3.929581,0.000685,0.001495,0.548177,0.552377
5.536000,-3.864169,-3.926879,0.000684,0.001493,0.548154,0.552319
5.538000,-3.861105,-3.924162,0.000684,0.001494,0.548132,0.552266
5.540000,-3.858025,-3.921429,0.000683,0.001494,0.548111,0.552241
5.542000,-3.854929,-3.918678,0.000683,0.001493,0.548092,0.552210
5.544000,-3.851817,-3.915910,0.000682,0.001500,0.548073,0.552207
5.546000,-3.848689,-3.912593,0.000681,0.001501,0.548056,0.552155
5.548000,-3.845545,-3.909759,0.000681,0.001504,0.548040,0.552100
5.550000,-3.842385,-3.906917,0.000680,0.001503,0.548024,0.552079
5.552000,-3.839209,-3.904058,0.000679,0.001501,0.548010,0.552098
5.554000,-3.836017,-3.901187,0.000679,0.001507,0.547998,0.552144
5.556000,-3.832809,-3.898304,0.000678,0.001504,0.547986,0.552088
5.558000,-3.829585,-3.895410,0.000677,0.001506,0.547975,0.552039
5.560000,-3.826345,-3.892506,0.000677,0.001506,0.547966,0.552024
5.562000,-3.823089,-3.889585,0.000676,0.001503,0.547958,0.552037
5.564000,-3.819817,-3.886649,0.000675,0.001510,0.547951,0.552059
5.566000,-3.816529,-3.883699,0.000675,0.001507,0.547945,0.552032
5.568000,-3.813225,-3.880736,0.000674,0.001508,0.547940,0.552025
5.570000,-3.809905,-3.877759,0.000673,0.001509,0.547937,0.552006
5.572000,-3.806569,-3.874765,0.000672,0.001507,0.547935,0.552031
5.574000,-3.803217,-3.871754,0.000672,0.001510,0.547934,0.552069
5.576000,-3.799849,-3.868027,0.000671,0.001516,0.547935,0.552162
5.578000,-3.796465,-3.864974,0.000670,0.001511,0.547936,0.552151
5.580000,-3.793065,-3.861916,0.000670,0.001512,0.547939,0.552143
5.582000,-3.789649,-3.858833,0.000669,0.001507,0.547944,0.552087
5.584000,-3.786217,-3.855735,0.000668,0.001506,0.547949,0.552015
5.586000,-3.782769,-3.852626,0.000668,0.001505,0.547956,0.551975
5.588000,-3.779305,-3.849503,0.000667,0.001506,0.547964,0.551969
5.590000,-3.775825,-3.846364,0.000666,0.001504,0.547974,0.552008
5.592000,-3.772329,-3.843209,0.000665,0.001511,0.547985,0.552057
5.594000,-3.768817,-3.840043,0.000665,0.001505,0.547997,0.552047
5.596000,-3.765289,-3.836858,0.000664,0.001474,0.548011,0.552025
5.598000,-3.761745,-3.833654,0.000663,0.001482,0.548026,0.552043
5.600000,-3.758185,-3.830434,0.000663,0.001484,0.548042,0.552065
5.602000,-3.754609,-3.827196,0.000662,0.001481,0.548060,0.552035
5.604000,-3.751017,-3.823944,0.000661,0.001489,0.548079,0.552028
5.606000,-3.747409,-3.820679,0.000660,0.001489,0.548100,0.552076
5.608000,-3.743785,-3.817398,0.000660,0.001487,0.548121,0.552136
5.610000,-3.740145,-3.814098,0.000659,0.001493,0.548144,0.552187
5.612000,-3.736489,-3.810784,0.000658,0.001493,0.548167,0.552202
5.614000,-3.732817,-3.807452,0.000657,0.001499,0.548191,0.552214
5.616000,-3.729129,-3.804102,0.000657,0.001496,0.548214,0.552271
5.618000,-3.725425,-3.800734,0.000656,0.001504,0.548238,0.552276
5.620000,-3.721705,-3.797348,0.000655,0.001503,0.548262,0.552247
5.622000,-3.717969,-3.793945,0.000655,0.001509,0.548285,0.552246
5.624000,-3.714217,-3.790524,0.000654,0.001506,0.548308,0.552302
5.626000,-3.710449,-3.787084,0.000653,0.001514,0.548331,0.552342
5.628000,-3.706665,-3.783630,0.000652,0.001512,0.548354,0.552343
5.630000,-3.702865,-3.780157,0.000652,0.001516,0.548376,0.552321
5.632000,-3.699049,-3.776564,0.000651,0.001505,0.548397,0.552353
5.634000,-3.695217,-3.772935,0.000650,0.001518,0.548418,0.552398
5.636000,-3.691369,-3.769406,0.000649,0.001514,0.548439,0.552430
5.638000,-3.687505,-3.765857,0.000649,0.001522,0.548459,0.552478
5.640000,-3.683625,-3.762291,0.000648,0.001521,0.548478,0.552579
5.642000,-3.679729,-3.758710,0.000647,0.001522,0.548497,0.552521
5.644000,-3.675817,-3.755020,0.000646,0.001527,0.548515,0.552476
5.646000,-3.671889,-3.751197,0.000646,0.001532,0.548532,0.552489
5.648000,-3.667945,-3.747139,0.000645,0.001539,0.548549,0.552585
5.650000,-3.663985,-3.743475,0.000644,0.001539,0.548566,0.552587
5.652000,-3.660009,-3.739817,0.000643,0.001547,0.548582,0.552581
5.654000,-3.656017,-3.736026,0.000643,0.001550,0.548597,0.552629
5.656000,-3.652009,-3.732196,0.000642,0.001548,0.548612,0.552738
5.658000,-3.647985,-3.728477,0.000641,0.001550,0.548626,0.552726
5.660000,-3.643945,-3.724750,0.000640,0.001554,0.548639,0.552736
5.662000,-3.639889,-3.721010,0.000640,0.001547,0.548652,0.552746
5.664000,-3.635817,-3.717257,0.000639,0.001546,0.548663,0.552733
5.666000,-3.631729,-3.713496,0.000638,0.001541,0.548674,0.552692
5.668000,-3.627625,-3.709724,0.000637,0.001552,0.548684,0.552705
5.670000,-3.623505,-3.705806,0.000637,0.001538,0.548691,0.552798
5.672000,-3.619369,-3.701886,0.000636,0.001550,0.548696,0.552811
5.674000,-3.615217,-3.698063,0.000635,0.001542,0.548698,0.552778
5.676000,-3.611049,-3.694117,0.000634,0.001549,0.548696,0.552789
5.678000,-3.606866,-3.689923,0.000634,0.001538,0.548688,0.552882
5.680000,-3.602670,-3.686043,0.000633,0.001537,0.548674,0.552891
5.682000,-3.598463,-3.682146,0.000632,0.001528,0.548655,0.552854
5.684000,-3.594247,-3.678153,0.000631,0.001534,0.548630,0.552767
5.686000,-3.590023,-3.673928,0.000630,0.001535,0.548603,0.552736
5.688000,-3.585791,-3.669707,0.000630,0.001529,0.548573,0.552731
5.690000,-3.581554,-3.665378,0.000629,0.001520,0.548543,0.552808
5.692000,-3.577310,-3.661386,0.000628,0.001525,0.548513,0.552774
5.694000,-3.573061,-3.657393,0.000627,0.001513,0.548485,0.552713
5.696000,-3.568806,-3.653263,0.000627,0.001519,0.548459,0.552708
5.698000,-3.564546,-3.648954,0.000626,0.001501,0.548436,0.552796
5.700000,-3.560281,-3.644932,0.000625,0.001500,0.548417,0.552790
5.702000,-3.556010,-3.640905,0.000624,0.001486,0.548401,0.552740
5.704000,-3.551736,-3.636826,0.000623,0.001491,0.548389,0.552625
5.706000,-3.547456,-3.632694,0.000623,0.001497,0.548382,0.552562
5.708000,-3.543172,-3.628652,0.000622,0.001501,0.548379,0.552532
5.710000,-3.538883,-3.624415,0.000621,0.001507,0.548381,0.552611
5.712000,-3.534589,-3.619952,0.000620,0.001485,0.548387,0.552722
5.714000,-3.530291,-3.615871,0.000619,0.001485,0.548398,0.552691
5.716000,-3.525988,-3.611785,0.000619,0.001472,0.548414,0.552674
5.718000,-3.521681,-3.607694,0.000618,0.001475,0.548436,0.552605
5.720000,-3.517370,-3.603566,0.000617,0.001479,0.548462,0.552517
5.722000,-3.513054,-3.599466,0.000616,0.001482,0.548493,0.552462
5.724000,-3.508733,-3.595359,0.000616,0.001491,0.548529,0.552496
5.726000,-3.504408,-3.591244,0.000615,0.001497,0.548570,0.552470
5.728000,-3.500078,-3.587127,0.000614,0.001491,0.548616,0.552491
5.730000,-3.495744,-3.582999,0.000613,0.001504,0.548667,0.552510
5.732000,-3.491406,-3.578627,0.000612,0.001489,0.548724,0.552614
5.734000,-3.487063,-3.574475,0.000612,0.001490,0.548785,0.552602
5.736000,-3.482715,-3.570315,0.000611,0.001484,0.548852,0.552638
5.738000,-3.478363,-3.566139,0.000610,0.001479,0.548923,0.552683
5.740000,-3.474007,-3.561941,0.000609,0.001489,0.548999,0.552634
5.742000,-3.469646,-3.557752,0.000608,0.001479,0.549081,0.552624
5.744000,-3.465280,-3.553550,0.000608,0.001492,0.549167,0.552712
5.746000,-3.460910,-3.549338,0.000607,0.001497,0.549258,0.552738
5.748000,-3.456535,-3.545117,0.000606,0.001492,0.549354,0.552736
5.750000,-3.452157,-3.540674,0.000605,0.001496,0.549454,0.552821
5.752000,-3.447776,-3.535991,0.000604,0.001466,0.549557,0.553016
5.754000,-3.443393,-3.531729,0.000604,0.001476,0.549663,0.553089
5.756000,-3.439007,-3.527463,0.000603,0.001460,0.549772,0.553088
5.758000,-3.434621,-3.523185,0.000602,0.001475,0.549882,0.553151
5.760000,-3.430233,-3.518907,0.000601,0.001469,0.549993,0.553136
5.762000,-3.425844,-3.514625,0.000601,0.001468,0.550105,0.553198
5.764000,-3.421455,-3.510335,0.000600,0.001464,0.550218,0.553382
5.766000,-3.417065,-3.506043,0.000599,0.001470,0.550331,0.553413
5.768000,-3.412674,-3.501751,0.000598,0.001467,0.550445,0.553475
5.770000,-3.408283,-3.497459,0.000597,0.001480,0.550559,0.553625
5.772000,-3.403892,-3.493151,0.000597,0.001470,0.550673,0.553724
5.774000,-3.399500,-3.488836,0.000596,0.001483,0.550787,0.553708
5.776000,-3.395109,-3.484521,0.000595,0.001471,0.550901,0.553755
5.778000,-3.390717,-3.480195,0.000594,0.001485,0.551014,0.553922
5.780000,-3.386325,-3.475866,0.000593,0.001488,0.551128,0.554032
5.782000,-3.381933,-3.471532,0.000593,0.001482,0.551241,0.554065
5.784000,-3.377541,-3.467194,0.000592,0.001494,0.551354,0.554181
5.786000,-3.373149,-3.462845,0.000591,0.001489,0.551467,0.554417
5.788000,-3.368757,-3.458497,0.000590,0.001491,0.551579,0.554569
5.790000,-3.364365,-3.453961,0.000589,0.001466,0.551692,0.554699
5.792000,-3.359973,-3.449597,0.000589,0.001477,0.551804,0.554669
5.794000,-3.355580,-3.445195,0.000588,0.001458,0.551915,0.554741
5.796000,-3.351188,-3.440829,0.000587,0.001477,0.552027,0.554909
5.798000,-3.346796,-3.436386,0.000586,0.001466,0.552138,0.555091
5.800000,-3.342404,-3.432009,0.000585,0.001480,0.552249,0.555173
5.802000,-3.338011,-3.427631,0.000585,0.001467,0.552359,0.555305
5.804000,-3.333619,-3.423251,0.000584,0.001471,0.552469,0.555533
5.806000,-3.329227,-3.418863,0.000583,0.001474,0.552579,0.555560
5.808000,-3.324834,-3.414479,0.000582,0.001467,0.552689,0.555605
5.810000,-3.320442,-3.410093,0.000582,0.001476,0.552798,0.555741
5.812000,-3.316050,-3.405706,0.000581,0.001468,0.552908,0.556002
5.814000,-3.311657,-3.401315,0.000580,0.001473,0.553016,0.556075
5.816000,-3.307265,-3.396925,0.000579,0.001465,0.553125,0.556156
5.818000,-3.302873,-3.392532,0.000578,0.001474,0.553233,0.556320
5.820000,-3.298480,-3.388131,0.000578,0.001466,0.553341,0.556311
5.822000,-3.294088,-3.383600,0.000577,0.001474,0.553449,0.556372
5.824000,-3.289696,-3.379196,0.000576,0.001459,0.553556,0.556500
5.826000,-3.285304,-3.374790,0.000575,0.001468,0.553663,0.556598
5.828000,-3.280911,-3.370383,0.000574,0.001459,0.553770,0.556595
5.830000,-3.276519,-3.365979,0.000574,0.001460,0.553877,0.556665
5.832000,-3.272127,-3.361573,0.000573,0.001453,0.553983,0.556852
5.834000,-3.267734,-3.357167,0.000572,0.001459,0.554089,0.557025
5.836000,-3.263342,-3.352760,0.000571,0.001451,0.554194,0.557078
5.838000,-3.258950,-3.348352,0.000570,0.001457,0.554300,0.557192
5.840000,-3.254557,-3.343940,0.000570,0.001457,0.554405,0.557279
5.842000,-3.250165,-3.339530,0.000569,0.001459,0.554510,0.557458
5.844000,-3.245773,-3.335120,0.000568,0.001463,0.554614,0.557540
5.846000,-3.241380,-3.330710,0.000567,0.001466,0.554719,0.557691
5.848000,-3.236988,-3.326298,0.000566,0.001470,0.554823,0.557818
5.850000,-3.232596,-3.321882,0.000566,0.001463,0.554926,0.557832
5.852000,-3.228203,-3.317467,0.000565,0.001471,0.555030,0.557915
5.854000,-3.223811,-3.313034,0.000564,0.001459,0.555133,0.558122
5.856000,-3.219419,-3.308529,0.000563,0.001465,0.555236,0.558360
5.858000,-3.215026,-3.304110,0.000563,0.001456,0.555338,0.558427
5.860000,-3.210634,-3.299693,0.000562,0.001458,0.555441,0.558539
5.862000,-3.206242,-3.295271,0.000561,0.001461,0.555543,0.558651
5.864000,-3.201849,-3.290854,0.000560,0.001453,0.555645,0.558820
5.866000,-3.197457,-3.286436,0.000559,0.001456,0.555746,0.558896
5.868000,-3.193065,-3.282017,0.000559,0.001455,0.555847,0.558926
5.870000,-3.188672,-3.277601,0.000558,0.001455,0.555948,0.559045
5.872000,-3.184280,-3.273184,0.000557,0.001458,0.556049,0.559069
5.874000,-3.179888,-3.268767,0.000556,0.001460,0.556149,0.559157
5.876000,-3.175496,-3.264350,0.000555,0.001463,0.556250,0.559265
5.878000,-3.171103,-3.259926,0.000555,0.001456,0.556349,0.559239
5.880000,-3.166711,-3.255476,0.000554,0.001456,0.556449,0.559293
5.882000,-3.162319,-3.251053,0.000553,0.001448,0.556548,0.559466
5.884000,-3.157926,-3.246581,0.000552,0.001450,0.556648,0.559712
5.886000,-3.153534,-3.242161,0.000551,0.001441,0.556746,0.559770
5.888000,-3.149142,-3.237743,0.000551,0.001443,0.556845,0.559863
5.890000,-3.144749,-3.233322,0.000550,0.001441,0.556943,0.559984
5.892000,-3.140357,-3.228842,0.000549,0.001442,0.557041,0.560215
5.894000,-3.135965,-3.224425,0.000548,0.001441,0.557139,0.560305
5.896000,-3.131572,-3.220010,0.000547,0.001454,0.557237,0.560352
5.898000,-3.127180,-3.215592,0.000547,0.001446,0.557334,0.560386
5.900000,-3.122788,-3.211175,0.000546,0.001452,0.557431,0.560383
5.902000,-3.118395,-3.206722,0.000545,0.001446,0.557528,0.560474
5.904000,-3.114003,-3.202234,0.000544,0.001450,0.557624,0.560706
5.906000,-3.109611,-3.197816,0.000544,0.001451,0.557720,0.560795
5.908000,-3.105218,-3.193398,0.000543,0.001443,0.557816,0.560853
5.910000,-3.100826,-3.188979,0.000542,0.001450,0.557912,0.560922
5.912000,-3.096434,-3.184509,0.000541,0.001449,0.558008,0.561098
5.914000,-3.092041,-3.180096,0.000540,0.001451,0.558103,0.561144
5.916000,-3.087649,-3.175688,0.000540,0.001456,0.558198,0.561234
5.918000,-3.083257,-3.171282,0.000539,0.001448,0.558293,0.561434
5.920000,-3.078864,-3.166874,0.000538,0.001449,0.558387,0.561521
5.922000,-3.074472,-3.162468,0.000537,0.001440,0.558481,0.561579
5.924000,-3.070080,-3.158065,0.000536,0.001441,0.558575,0.561715
5.926000,-3.065688,-3.153657,0.000536,0.001438,0.558669,0.561727
5.928000,-3.061295,-3.149249,0.000535,0.001438,0.558762,0.561791
5.930000,-3.056903,-3.144804,0.000534,0.001434,0.558855,0.561911
5.932000,-3.052511,-3.140289,0.000533,0.001431,0.558948,0.562151
5.934000,-3.048118,-3.135878,0.000532,0.001432,0.559041,0.562259
5.936000,-3.043726,-3.131473,0.000532,0.001423,0.559134,0.562332
5.938000,-3.039334,-3.127062,0.000531,0.001424,0.559226,0.562352
5.940000,-3.034941,-3.122654,0.000530,0.001421,0.559318,0.562369
5.942000,-3.030549,-3.118246,0.000529,0.001420,0.559409,0.562476
5.944000,-3.026157,-3.113841,0.000528,0.001420,0.559501,0.562644
5.946000,-3.021764,-3.109438,0.000528,0.001421,0.559592,0.562775
5.948000,-3.017372,-3.105037,0.000527,0.001419,0.559683,0.562881
5.950000,-3.012980,-3.100638,0.000526,0.001418,0.559774,0.563051
5.952000,-3.008587,-3.096237,0.000525,0.001419,0.559864,0.563132
5.954000,-3.004195,-3.091837,0.000524,0.001419,0.559955,0.563234
5.956000,-2.999803,-3.087437,0.000524,0.001418,0.560045,0.563357
5.958000,-2.995410,-3.083033,0.000523,0.001416,0.560134,0.563444
5.960000,-2.991018,-3.078630,0.000522,0.001416,0.560224,0.563512
5.962000,-2.986626,-3.074227,0.000521,0.001416,0.560313,0.563648
5.964000,-2.982233,-3.069817,0.000521,0.001420,0.560402,0.563682
5.966000,-2.977841,-3.065409,0.000520,0.001410,0.560491,0.563669
5.968000,-2.973449,-3.061002,0.000519,0.001417,0.560580,0.563737
5.970000,-2.969056,-3.056592,0.000518,0.001406,0.560668,0.563826
5.972000,-2.964664,-3.052184,0.000517,0.001406,0.560756,0.563938
5.974000,-2.960272,-3.047778,0.000517,0.001392,0.560844,0.564062
5.976000,-2.955880,-3.043368,0.000516,0.001395,0.560932,0.564196
5.978000,-2.951487,-3.038960,0.000515,0.001392,0.561019,0.564259
5.980000,-2.947095,-3.034552,0.000514,0.001404,0.561106,0.564379
5.982000,-2.942703,-3.030141,0.000513,0.001402,0.561193,0.564447
5.984000,-2.938310,-3.025728,0.000513,0.001409,0.561280,0.564516
5.986000,-2.933918,-3.021318,0.000512,0.001397,0.561367,0.564595
5.988000,-2.929526,-3.016907,0.000511,0.001395,0.561453,0.564780
5.990000,-2.925133,-3.012496,0.000510,0.001394,0.561539,0.564856
5.992000,-2.920741,-3.008084,0.000509,0.001395,0.561625,0.564966
5.994000,-2.916349,-3.003674,0.000509,0.001397,0.561710,0.565106
5.996000,-2.911956,-2.999259,0.000508,0.001386,0.561796,0.565118
5.998000,-2.907564,-2.994845,0.000507,0.001390,0.561881,0.565170
6.000000,-2.903172,-2.990433,0.000506,0.001384,0.561965,0.565274
6.002000,-2.898779,-2.986016,0.000505,0.001389,0.562050,0.565407
6.004000,-2.894387,-2.981602,0.000505,0.001388,0.562135,0.565464
6.006000,-2.889995,-2.977189,0.000504,0.001403,0.562219,0.565587
6.008000,-2.885602,-2.972775,0.000503,0.001396,0.562303,0.565745
6.010000,-2.881210,-2.968359,0.000502,0.001398,0.562387,0.565911
6.012000,-2.876818,-2.963948,0.000502,0.001390,0.562470,0.566009
6.014000,-2.872425,-2.959528,0.000501,0.001390,0.562553,0.566049
6.016000,-2.868033,-2.955109,0.000500,0.001390,0.562636,0.566112
6.018000,-2.863641,-2.950687,0.000499,0.001378,0.562719,0.566137
6.020000,-2.859248,-2.946267,0.000498,0.001380,0.562802,0.566270
6.022000,-2.854856,-2.941831,0.000498,0.001385,0.562884,0.566413
6.024000,-2.850464,-2.937410,0.000497,0.001383,0.562967,0.566591
6.026000,-2.846072,-2.932994,0.000496,0.001390,0.563049,0.566700
6.028000,-2.841679,-2.928570,0.000495,0.001387,0.563130,0.566765
6.030000,-2.837287,-2.924152,0.000494,0.001388,0.563212,0.566857
6.032000,-2.832895,-2.919732,0.000494,0.001382,0.563293,0.567053
6.034000,-2.828502,-2.915310,0.000493,0.001385,0.563374,0.567079
6.036000,-2.824110,-2.910889,0.000492,0.001386,0.563455,0.567130
6.038000,-2.819718,-2.906468,0.000491,0.001388,0.563536,0.567266
6.040000,-2.815325,-2.902042,0.000490,0.001376,0.563616,0.567238
6.042000,-2.810933,-2.897617,0.000490,0.001380,0.563697,0.567257
6.044000,-2.806541,-2.893198,0.000489,0.001377,0.563777,0.567375
6.046000,-2.802148,-2.888770,0.000488,0.001376,0.563856,0.567488
6.048000,-2.797756,-2.884346,0.000487,0.001377,0.563936,0.567493
6.050000,-2.793364,-2.879924,0.000486,0.001379,0.564016,0.567581
6.052000,-2.788971,-2.875498,0.000486,0.001376,0.564095,0.567641
6.054000,-2.784579,-2.871071,0.000485,0.001374,0.564174,0.567785
6.056000,-2.780187,-2.866647,0.000484,0.001377,0.564252,0.567864
6.058000,-2.775794,-2.862210,0.000483,0.001371,0.564331,0.568040
6.060000,-2.771402,-2.857786,0.000483,0.001373,0.564409,0.568186
6.062000,-2.767010,-2.853367,0.000482,0.001360,0.564487,0.568226
6.064000,-2.762617,-2.848938,0.000481,0.001364,0.564565,0.568195
6.066000,-2.758225,-2.844515,0.000480,0.001361,0.564643,0.568228
6.068000,-2.753833,-2.840089,0.000479,0.001360,0.564721,0.568383
6.070000,-2.749440,-2.835668,0.000479,0.001362,0.564798,0.568486
6.072000,-2.745048,-2.831244,0.000478,0.001364,0.564875,0.568545
6.074000,-2.740656,-2.826825,0.000477,0.001362,0.564952,0.568668
6.076000,-2.736264,-2.822405,0.000476,0.001360,0.565029,0.568905
6.078000,-2.731871,-2.817985,0.000475,0.001362,0.565105,0.568935
6.080000,-2.727479,-2.813565,0.000475,0.001363,0.565181,0.568987
6.082000,-2.723087,-2.809148,0.000474,0.001365,0.565257,0.569136
6.084000,-2.718694,-2.804724,0.000473,0.001353,0.565333,0.569052
6.086000,-2.714302,-2.800301,0.000472,0.001358,0.565409,0.569033
6.088000,-2.709910,-2.795864,0.000471,0.001346,0.565484,0.569145
6.090000,-2.705517,-2.791409,0.000471,0.001331,0.565560,0.569413
6.092000,-2.701125,-2.786991,0.000470,0.001331,0.565635,0.569493
6.094000,-2.696733,-2.782580,0.000469,0.001332,0.565710,0.569601
6.096000,-2.692340,-2.778163,0.000468,0.001330,0.565784,0.569602
6.098000,-2.687948,-2.773744,0.000467,0.001328,0.565859,0.569682
6.100000,-2.683556,-2.769312,0.000467,0.001321,0.565933,0.569710
6.102000,-2.679163,-2.764874,0.000466,0.001324,0.566007,0.569829
6.104000,-2.674771,-2.760454,0.000465,0.001312,0.566081,0.569910
6.106000,-2.670379,-2.756044,0.000464,0.001319,0.566155,0.569913
6.108000,-2.665986,-2.751622,0.000463,0.001313,0.566228,0.569815
6.110000,-2.661594,-2.747187,0.000463,0.001307,0.566301,0.569824
6.112000,-2.657202,-2.742728,0.000462,0.001290,0.566375,0.569989
6.114000,-2.652809,-2.738271,0.000461,0.001273,0.566447,0.570137
6.116000,-2.648417,-2.733857,0.000460,0.001271,0.566520,0.570157
6.118000,-2.644025,-2.729447,0.000460,0.001275,0.566593,0.570254
6.120000,-2.639632,-2.725031,0.000459,0.001256,0.566665,0.570307
6.122000,-2.635240,-2.720621,0.000458,0.001261,0.566737,0.570273
6.124000,-2.630848,-2.716217,0.000457,0.001259,0.566809,0.570327
6.126000,-2.626455,-2.711795,0.000456,0.001252,0.566881,0.570524
6.128000,-2.622063,-2.707391,0.000456,0.001254,0.566952,0.570477
6.130000,-2.617671,-2.702989,0.000455,0.001256,0.567024,0.570505
6.132000,-2.613279,-2.698564,0.000454,0.001250,0.567095,0.570654
6.134000,-2.608886,-2.694111,0.000453,0.001237,0.567166,0.570953
6.136000,-2.604494,-2.689715,0.000452,0.001239,0.567237,0.570999
6.138000,-2.600102,-2.685325,0.000452,0.001242,0.567307,0.571088
6.140000,-2.595709,-2.680927,0.000451,0.001246,0.567378,0.571082
6.142000,-2.591317,-2.676531,0.000450,0.001233,0.567448,0.571006
6.144000,-2.586925,-2.672103,0.000449,0.001237,0.567518,0.571047
6.146000,-2.582532,-2.667648,0.000448,0.001221,0.567588,0.571231
6.148000,-2.578140,-2.663253,0.000448,0.001221,0.567657,0.571360
6.150000,-2.573748,-2.658864,0.000447,0.001222,0.567727,0.571459
6.152000,-2.569355,-2.654454,0.000446,0.001220,0.567796,0.571642
6.154000,-2.564963,-2.650065,0.000445,0.001223,0.567865,0.571717
6.156000,-2.560571,-2.645674,0.000444,0.001216,0.567934,0.571727
6.158000,-2.556178,-2.641260,0.000444,0.001217,0.568003,0.571817
6.160000,-2.551786,-2.636873,0.000443,0.001216,0.568071,0.571825
6.162000,-2.547394,-2.632486,0.000442,0.001218,0.568140,0.571908
6.164000,-2.543001,-2.628102,0.000441,0.001220,0.568208,0.572017
6.166000,-2.538609,-2.623709,0.000441,0.001223,0.568276,0.572065
6.168000,-2.534217,-2.619324,0.000440,0.001238,0.568344,0.572103
6.170000,-2.529824,-2.614940,0.000439,0.001233,0.568411,0.572156
6.172000,-2.525432,-2.610553,0.000438,0.001246,0.568479,0.572120
6.174000,-2.521040,-2.606169,0.000437,0.001248,0.568546,0.572129
6.176000,-2.516647,-2.601788,0.000437,0.001251,0.568613,0.572260
6.178000,-2.512255,-2.597400,0.000436,0.001253,0.568680,0.572244
6.180000,-2.507863,-2.593015,0.000435,0.001256,0.568747,0.572289
6.182000,-2.503471,-2.588626,0.000434,0.001259,0.568813,0.572409
6.184000,-2.499078,-2.584192,0.000433,0.001249,0.568880,0.572572
6.186000,-2.494686,-2.579806,0.000433,0.001251,0.568946,0.572625
6.188000,-2.490294,-2.575428,0.000432,0.001249,0.569012,0.572679
6.190000,-2.485901,-2.571042,0.000431,0.001245,0.569078,0.572646
6.192000,-2.481509,-2.566657,0.000430,0.001255,0.569144,0.572699
6.194000,-2.477117,-2.562270,0.000429,0.001253,0.569209,0.572814
6.196000,-2.472724,-2.557836,0.000429,0.001265,0.569274,0.572976
6.198000,-2.468332,-2.553447,0.000428,0.001256,0.569340,0.572970
6.200000,-2.463940,-2.549063,0.000427,0.001262,0.569405,0.573006
6.202000,-2.459547,-2.544662,0.000426,0.001245,0.569469,0.573166
6.204000,-2.455155,-2.540279,0.000425,0.001244,0.569534,0.573209
6.206000,-2.450763,-2.535897,0.000425,0.001241,0.569599,0.573303
6.208000,-2.446370,-2.531496,0.000424,0.001235,0.569663,0.573442
6.210000,-2.441978,-2.527111,0.000423,0.001243,0.569727,0.573434
6.212000,-2.437586,-2.522728,0.000422,0.001241,0.569791,0.573468
6.214000,-2.433193,-2.518349,0.000422,0.001242,0.569855,0.573559
6.216000,-2.428801,-2.513964,0.000421,0.001242,0.569918,0.573572
6.218000,-2.424409,-2.509580,0.000420,0.001243,0.569982,0.573596
6.220000,-2.420016,-2.505167,0.000419,0.001236,0.570045,0.573661
6.222000,-2.415624,-2.500707,0.000418,0.001245,0.570108,0.573847
6.224000,-2.411232,-2.496324,0.000418,0.001235,0.570171,0.573965
6.226000,-2.406839,-2.491948,0.000417,0.001238,0.570234,0.574082
6.228000,-2.402447,-2.487565,0.000416,0.001227,0.570296,0.574031
6.230000,-2.398055,-2.483183,0.000415,0.001229,0.570359,0.574022
6.232000,-2.393663,-2.478800,0.000414,0.001225,0.570421,0.574081
6.234000,-2.389270,-2.474371,0.000414,0.001225,0.570483,0.574269
6.236000,-2.384878,-2.469988,0.000413,0.001222,0.570545,0.574329
6.238000,-2.380486,-2.465607,0.000412,0.001231,0.570607,0.574369
6.240000,-2.376093,-2.461186,0.000411,0.001228,0.570669,0.574495
6.242000,-2.371701,-2.456806,0.000410,0.001230,0.570730,0.574545
6.244000,-2.367309,-2.452428,0.000410,0.001231,0.570791,0.574633
6.246000,-2.362916,-2.448054,0.000409,0.001229,0.570852,0.574752
6.248000,-2.358524,-2.443678,0.000408,0.001227,0.570913,0.574831
6.250000,-2.354132,-2.439304,0.000407,0.001227,0.570974,0.574888
6.252000,-2.349739,-2.434931,0.000406,0.001228,0.571035,0.575017
6.254000,-2.345347,-2.430555,0.000406,0.001225,0.571095,0.575064
6.256000,-2.340955,-2.426178,0.000405,0.001223,0.571155,0.575139
6.258000,-2.336562,-2.421803,0.000404,0.001220,0.571216,0.575243
6.260000,-2.332170,-2.417421,0.000403,0.001228,0.571276,0.575240
6.262000,-2.327778,-2.413040,0.000403,0.001226,0.571335,0.575263
6.264000,-2.323385,-2.408659,0.000402,0.001224,0.571395,0.575327
6.266000,-2.318993,-2.404275,0.000401,0.001230,0.571455,0.575433
6.268000,-2.314601,-2.399892,0.000400,0.001229,0.571514,0.575496
6.270000,-2.310208,-2.395509,0.000399,0.001232,0.571573,0.575547
6.272000,-2.305816,-2.391123,0.000399,0.001227,0.571632,0.575605
6.274000,-2.301424,-2.386737,0.000398,0.001227,0.571691,0.575613
6.276000,-2.297031,-2.382352,0.000397,0.001212,0.571750,0.575678
6.278000,-2.292639,-2.377965,0.000396,0.001217,0.571808,0.575735
6.280000,-2.288247,-2.373576,0.000395,0.001213,0.571867,0.575801
6.282000,-2.283855,-2.369188,0.000395,0.001221,0.571925,0.575868
6.284000,-2.279462,-2.364801,0.000394,0.001219,0.571983,0.576015
6.286000,-2.275070,-2.360410,0.000393,0.001218,0.572041,0.576087
6.288000,-2.270678,-2.356018,0.000392,0.001225,0.572099,0.576114
6.290000,-2.266285,-2.351629,0.000391,0.001223,0.572156,0.576202
6.292000,-2.261893,-2.347235,0.000391,0.001224,0.572214,0.576219
6.294000,-2.257501,-2.342842,0.000390,0.001223,0.572271,0.576285
6.296000,-2.253108,-2.338448,0.000389,0.001222,0.572328,0.576368
6.298000,-2.248716,-2.334055,0.000388,0.001219,0.572385,0.576542
6.300000,-2.244324,-2.329661,0.000387,0.001215,0.572442,0.576658
6.302000,-2.239931,-2.325270,0.000387,0.001222,0.572499,0.576713
6.304000,-2.235539,-2.320871,0.000386,0.001219,0.572555,0.576687
6.306000,-2.231147,-2.316475,0.000385,0.001221,0.572612,0.576674
6.308000,-2.226754,-2.312076,0.000384,0.001219,0.572668,0.576753
6.310000,-2.222362,-2.307679,0.000383,0.001220,0.572724,0.576823
6.312000,-2.217970,-2.303278,0.000383,0.001217,0.572780,0.576867
6.314000,-2.213577,-2.298882,0.000382,0.001220,0.572836,0.576944
6.316000,-2.209185,-2.294485,0.000381,0.001221,0.572892,0.577121
6.318000,-2.204793,-2.290085,0.000380,0.001219,0.572947,0.577188
6.320000,-2.200400,-2.285689,0.000380,0.001210,0.573002,0.577257
6.322000,-2.196008,-2.281292,0.000379,0.001208,0.573058,0.577401
6.324000,-2.191616,-2.276889,0.000378,0.001207,0.573113,0.577365
6.326000,-2.187223,-2.272486,0.000377,0.001206,0.573168,0.577358
6.328000,-2.182831,-2.268087,0.000376,0.001206,0.573222,0.577433
6.330000,-2.178439,-2.263682,0.000376,0.001215,0.573277,0.577629
6.332000,-2.174047,-2.259279,0.000375,0.001214,0.573332,0.577678
6.334000,-2.169654,-2.254880,0.000374,0.001217,0.573386,0.577741
6.336000,-2.165262,-2.250471,0.000373,0.001212,0.573440,0.577775
6.338000,-2.160870,-2.246066,0.000372,0.001213,0.573494,0.577711
6.340000,-2.156477,-2.241658,0.000372,0.001204,0.573548,0.577727
6.342000,-2.152085,-2.237257,0.000371,0.001205,0.573602,0.577860
6.344000,-2.147693,-2.232848,0.000370,0.001208,0.573655,0.577995
6.346000,-2.143300,-2.228444,0.000369,0.001207,0.573709,0.578028
6.348000,-2.138908,-2.224042,0.000368,0.001199,0.573762,0.578115
6.350000,-2.134516,-2.219630,0.000368,0.001205,0.573815,0.578185
6.352000,-2.130123,-2.215222,0.000367,0.001211,0.573868,0.578157
6.354000,-2.125731,-2.210813,0.000366,0.001219,0.573921,0.578213
6.356000,-2.121339,-2.206403,0.000365,0.001214,0.573974,0.578252
6.358000,-2.116946,-2.201991,0.000364,0.001221,0.574027,0.578378
6.360000,-2.112554,-2.197584,0.000364,0.001203,0.574079,0.578431
6.362000,-2.108162,-2.193175,0.000363,0.001209,0.574132,0.578572
6.364000,-2.103769,-2.188765,0.000362,0.001202,0.574184,0.578689
6.366000,-2.099377,-2.184353,0.000361,0.001233,0.574236,0.578696
6.368000,-2.094985,-2.179947,0.000361,0.001214,0.574288,0.578775
6.370000,-2.090592,-2.175536,0.000360,0.001233,0.574339,0.578840
6.372000,-2.086200,-2.171126,0.000359,0.001213,0.574391,0.578979
6.374000,-2.081808,-2.166720,0.000358,0.001222,0.574443,0.579034
6.376000,-2.077415,-2.162308,0.000357,0.001217,0.574494,0.579042
6.378000,-2.073023,-2.157896,0.000357,0.001217,0.574545,0.579111
6.380000,-2.068631,-2.153483,0.000356,0.001234,0.574596,0.579115
6.382000,-2.064239,-2.149068,0.000355,0.001219,0.574647,0.579075
6.384000,-2.059846,-2.144656,0.000354,0.001230,0.574698,0.579113
6.386000,-2.055454,-2.140245,0.000353,0.001212,0.574749,0.579277
6.388000,-2.051062,-2.135824,0.000353,0.001224,0.574799,0.579192
6.390000,-2.046669,-2.131410,0.000352,0.001205,0.574850,0.579162
6.392000,-2.042277,-2.126979,0.000351,0.001226,0.574900,0.579270
6.394000,-2.037885,-2.122545,0.000350,0.001230,0.574950,0.579363
6.396000,-2.033492,-2.118126,0.000349,0.001238,0.575000,0.579408
6.398000,-2.029100,-2.113715,0.000349,0.001228,0.575050,0.579519
6.400000,-2.024708,-2.109301,0.000348,0.001259,0.575100,0.579555
6.402000,-2.020315,-2.104885,0.000347,0.001245,0.575150,0.579501
6.404000,-2.015923,-2.100454,0.000346,0.001259,0.575199,0.579570
6.406000,-2.011531,-2.096039,0.000345,0.001257,0.575248,0.579752
6.408000,-2.007138,-2.091626,0.000345,0.001239,0.575298,0.579683
6.410000,-2.002746,-2.087212,0.000344,0.001244,0.575347,0.579672
6.412000,-1.998354,-2.082799,0.000343,0.001229,0.575396,0.579789
6.414000,-1.993961,-2.078374,0.000342,0.001257,0.575444,0.580054
6.416000,-1.989569,-2.073963,0.000342,0.001251,0.575493,0.580069
6.418000,-1.985177,-2.069555,0.000341,0.001256,0.575542,0.580115
6.420000,-1.980784,-2.065144,0.000340,0.001258,0.575590,0.580275
6.422000,-1.976392,-2.060735,0.000339,0.001257,0.575638,0.580220
6.424000,-1.972000,-2.056326,0.000338,0.001256,0.575687,0.580209
6.426000,-1.967607,-2.051919,0.000338,0.001251,0.575735,0.580318
6.428000,-1.963215,-2.047508,0.000337,0.001264,0.575783,0.580211
6.430000,-1.958823,-2.043099,0.000336,0.001257,0.575830,0.580173
6.432000,-1.954431,-2.038696,0.000335,0.001259,0.575878,0.580261
6.434000,-1.950038,-2.034285,0.000334,0.001257,0.575926,0.580306
6.436000,-1.945646,-2.029879,0.000334,0.001253,0.575973,0.580269
6.438000,-1.941254,-2.025470,0.000333,0.001249,0.576020,0.580339
6.440000,-1.936861,-2.021049,0.000332,0.001250,0.576068,0.580543
6.442000,-1.932469,-2.016643,0.000331,0.001263,0.576115,0.580501
6.444000,-1.928077,-2.012243,0.000330,0.001257,0.576161,0.580521
6.446000,-1.923684,-2.007803,0.000330,0.001249,0.576208,0.580493
6.448000,-1.919292,-2.003395,0.000329,0.001248,0.576255,0.580546
6.450000,-1.914900,-1.998974,0.000328,0.001250,0.576301,0.580564
6.452000,-1.910507,-1.994550,0.000327,0.001243,0.576348,0.580673
6.454000,-1.906115,-1.990144,0.000326,0.001246,0.576394,0.580700
6.456000,-1.901723,-1.985737,0.000326,0.001246,0.576440,0.580679
6.458000,-1.897330,-1.981325,0.000325,0.001243,0.576486,0.580774
6.460000,-1.892938,-1.976924,0.000324,0.001248,0.576532,0.580748
6.462000,-1.888546,-1.972511,0.000323,0.001251,0.576578,0.580838
6.464000,-1.884153,-1.968084,0.000322,0.001255,0.576624,0.580922
6.466000,-1.879761,-1.963646,0.000322,0.001263,0.576669,0.581135
6.468000,-1.875369,-1.959252,0.000321,0.001259,0.576715,0.581204
6.470000,-1.870976,-1.954865,0.000320,0.001273,0.576760,0.581193
6.472000,-1.866584,-1.950469,0.000319,0.001263,0.576805,0.581100
6.474000,-1.862192,-1.946079,0.000319,0.001266,0.576850,0.581053
6.476000,-1.857799,-1.941628,0.000318,0.001257,0.576895,0.581185
6.478000,-1.853407,-1.937183,0.000317,0.001266,0.576940,0.581328
6.480000,-1.849015,-1.932794,0.000316,0.001243,0.576985,0.581286
6.482000,-1.844623,-1.928409,0.000315,0.001248,0.577029,0.581316
6.484000,-1.840230,-1.924029,0.000315,0.001237,0.577074,0.581406
6.486000,-1.835838,-1.919644,0.000314,0.001233,0.577118,0.581418
6.488000,-1.831446,-1.915262,0.000313,0.001224,0.577162,0.581458
6.490000,-1.827053,-1.910854,0.000312,0.001235,0.577207,0.581529
6.492000,-1.822661,-1.906411,0.000311,0.001233,0.577251,0.581710
6.494000,-1.818269,-1.902032,0.000311,0.001234,0.577294,0.581742
6.496000,-1.813876,-1.897661,0.000310,0.001233,0.577338,0.581811
6.498000,-1.809484,-1.893279,0.000309,0.001230,0.577382,0.581734
6.500000,-1.805092,-1.888874,0.000308,0.001220,0.577425,0.581662
6.502000,-1.800699,-1.884440,0.000307,0.001225,0.577469,0.581703
6.504000,-1.796307,-1.879979,0.000307,0.001228,0.577512,0.581833
6.506000,-1.791915,-1.875600,0.000306,0.001226,0.577555,0.581857
6.508000,-1.787522,-1.871227,0.000305,0.001222,0.577598,0.581879
6.510000,-1.783130,-1.866857,0.000304,0.001228,0.577641,0.581925
6.512000,-1.778738,-1.862483,0.000303,0.001223,0.577684,0.581886
6.514000,-1.774345,-1.858114,0.000303,0.001221,0.577727,0.581862
6.516000,-1.769953,-1.853712,0.000302,0.001221,0.577769,0.581952
6.518000,-1.765561,-1.849259,0.000301,0.001220,0.577812,0.582120
6.520000,-1.761168,-1.844892,0.000300,0.001215,0.577854,0.582191
6.522000,-1.756776,-1.840536,0.000300,0.001213,0.577897,0.582249
6.524000,-1.752384,-1.836169,0.000299,0.001209,0.577939,0.582210
6.526000,-1.747991,-1.831771,0.000298,0.001210,0.577981,0.582184
6.528000,-1.743599,-1.827313,0.000297,0.001199,0.578023,0.582205
6.530000,-1.739207,-1.822817,0.000296,0.001202,0.578065,0.582350
6.532000,-1.734815,-1.818448,0.000296,0.001196,0.578106,0.582351
6.534000,-1.730422,-1.814084,0.000295,0.001193,0.578148,0.582402
6.536000,-1.726030,-1.809709,0.000294,0.001184,0.578189,0.582502
6.538000,-1.721638,-1.805294,0.000293,0.001186,0.578231,0.582643
6.540000,-1.717245,-1.800937,0.000292,0.001180,0.578272,0.582685
6.542000,-1.712853,-1.796590,0.000292,0.001179,0.578313,0.582709
6.544000,-1.708461,-1.792237,0.000291,0.001175,0.578354,0.582655
6.546000,-1.704068,-1.787886,0.000290,0.001170,0.578395,0.582609
6.548000,-1.699676,-1.783534,0.000289,0.001164,0.578436,0.582672
6.550000,-1.695284,-1.779112,0.000288,0.001162,0.578477,0.582826
6.552000,-1.690891,-1.774759,0.000288,0.001159,0.578517,0.582945
6.554000,-1.686499,-1.770410,0.000287,0.001157,0.578558,0.583042
6.556000,-1.682107,-1.766060,0.000286,0.001142,0.578598,0.583123
6.558000,-1.677714,-1.761708,0.000285,0.001146,0.578638,0.583082
6.560000,-1.673322,-1.757358,0.000284,0.001141,0.578679,0.583059
6.562000,-1.668930,-1.753010,0.000284,0.001140,0.578719,0.583072
6.564000,-1.664537,-1.748659,0.000283,0.001140,0.578759,0.583072
6.566000,-1.660145,-1.744308,0.000282,0.001129,0.578799,0.583140
6.568000,-1.655753,-1.739959,0.000281,0.001128,0.578838,0.583254
6.570000,-1.651360,-1.735600,0.000281,0.001111,0.578878,0.583257
6.572000,-1.646968,-1.731242,0.000280,0.001118,0.578917,0.583222
6.574000,-1.642576,-1.726882,0.000279,0.001112,0.578957,0.583256
6.576000,-1.638183,-1.722523,0.000278,0.001113,0.578996,0.583339
6.578000,-1.633791,-1.718162,0.000277,0.001112,0.579035,0.583394
6.580000,-1.629399,-1.713804,0.000277,0.001109,0.579075,0.583447
6.582000,-1.625007,-1.709445,0.000276,0.001106,0.579114,0.583575
6.584000,-1.620614,-1.705083,0.000275,0.001105,0.579153,0.583611
6.586000,-1.616222,-1.700720,0.000274,0.001105,0.579191,0.583669
6.588000,-1.611830,-1.696357,0.000273,0.001105,0.579230,0.583758
6.590000,-1.607437,-1.691986,0.000273,0.001094,0.579269,0.583737
6.592000,-1.603045,-1.687616,0.000272,0.001095,0.579307,0.583740
6.594000,-1.598653,-1.683246,0.000271,0.001088,0.579346,0.583791
6.596000,-1.594260,-1.678871,0.000270,0.001092,0.579384,0.583869
6.598000,-1.589868,-1.674495,0.000269,0.001085,0.579422,0.583903
6.600000,-1.585476,-1.670120,0.000269,0.001104,0.579460,0.583946
6.602000,-1.581083,-1.665745,0.000268,0.001100,0.579498,0.584074
6.604000,-1.576691,-1.661367,0.000267,0.001104,0.579536,0.584097
6.606000,-1.572299,-1.656990,0.000266,0.001102,0.579574,0.584139
6.608000,-1.567906,-1.652613,0.000265,0.001104,0.579611,0.584229
6.610000,-1.563514,-1.648229,0.000265,0.001093,0.579649,0.584201
6.612000,-1.559122,-1.643847,0.000264,0.001093,0.579686,0.584200
6.614000,-1.554729,-1.639467,0.000263,0.001089,0.579724,0.584263
6.616000,-1.550337,-1.635079,0.000262,0.001087,0.579761,0.584308
6.618000,-1.545945,-1.630692,0.000262,0.001086,0.579798,0.584316
6.620000,-1.541552,-1.626305,0.000261,0.001087,0.579835,0.584386
6.622000,-1.537160,-1.621917,0.000260,0.001087,0.579872,0.584542
6.624000,-1.532768,-1.617525,0.000259,0.001077,0.579909,0.584562
6.626000,-1.528375,-1.613135,0.000258,0.001079,0.579946,0.584600
6.628000,-1.523983,-1.608749,0.000258,0.001075,0.579983,0.584705
6.630000,-1.519591,-1.604357,0.000257,0.001075,0.580019,0.584796
6.632000,-1.515199,-1.599964,0.000256,0.001071,0.580056,0.584827
6.634000,-1.510806,-1.595575,0.000255,0.001081,0.580092,0.584898
6.636000,-1.506414,-1.591178,0.000254,0.001078,0.580129,0.584934
6.638000,-1.502022,-1.586781,0.000254,0.001081,0.580165,0.584906
6.640000,-1.497629,-1.582383,0.000253,0.001081,0.580201,0.584938
6.642000,-1.493237,-1.577987,0.000252,0.001082,0.580237,0.585071
6.644000,-1.488845,-1.573587,0.000251,0.001080,0.580273,0.585199
6.646000,-1.484452,-1.569194,0.000250,0.001083,0.580309,0.585213
6.648000,-1.480060,-1.564789,0.000250,0.001087,0.580344,0.585148
6.650000,-1.475668,-1.560385,0.000249,0.001085,0.580380,0.585142
6.652000,-1.471275,-1.555976,0.000248,0.001069,0.580416,0.585136
6.654000,-1.466883,-1.551573,0.000247,0.001081,0.580451,0.585215
6.656000,-1.462491,-1.547163,0.000246,0.001079,0.580486,0.585273
6.658000,-1.458098,-1.542752,0.000246,0.001081,0.580522,0.585210
6.660000,-1.453706,-1.538345,0.000245,0.001090,0.580557,0.585229
6.662000,-1.449314,-1.533938,0.000244,0.001072,0.580592,0.585381
6.664000,-1.444921,-1.529530,0.000243,0.001079,0.580627,0.585523
6.666000,-1.440529,-1.525125,0.000242,0.001058,0.580662,0.585537
6.668000,-1.436137,-1.520714,0.000242,0.001078,0.580696,0.585481
6.670000,-1.431744,-1.516306,0.000241,0.001066,0.580731,0.585497
6.672000,-1.427352,-1.511870,0.000240,0.001091,0.580766,0.585676
6.674000,-1.422960,-1.507459,0.000239,0.001083,0.580800,0.585754
6.676000,-1.418567,-1.503043,0.000239,0.001106,0.580835,0.585765
6.678000,-1.414175,-1.498627,0.000238,0.001086,0.580869,0.585671
6.680000,-1.409783,-1.494196,0.000237,0.001110,0.580903,0.585711
6.682000,-1.405391,-1.489781,0.000236,0.001086,0.580937,0.585859
6.684000,-1.400998,-1.485367,0.000235,0.001099,0.580971,0.585986
6.686000,-1.396606,-1.480956,0.000235,0.001065,0.581005,0.585976
6.688000,-1.392214,-1.476516,0.000234,0.001093,0.581039,0.585950
6.690000,-1.387821,-1.472103,0.000233,0.001081,0.581073,0.585962
6.692000,-1.383429,-1.467687,0.000232,0.001100,0.581107,0.586080
6.694000,-1.379037,-1.463273,0.000231,0.001096,0.581140,0.586132
6.696000,-1.374644,-1.458859,0.000231,0.001115,0.581174,0.586129
6.698000,-1.370252,-1.454445,0.000230,0.001109,0.581207,0.586197
6.700000,-1.365860,-1.450034,0.000229,0.001111,0.581240,0.586197
6.702000,-1.361467,-1.445616,0.000228,0.001114,0.581274,0.586108
6.704000,-1.357075,-1.441202,0.000227,0.001108,0.581307,0.586112
6.706000,-1.352683,-1.436768,0.000227,0.001101,0.581340,0.586268
6.708000,-1.348290,-1.432330,0.000226,0.001083,0.581373,0.586385
6.710000,-1.343898,-1.427916,0.000225,0.001097,0.581406,0.586433
6.712000,-1.339506,-1.423504,0.000224,0.001093,0.581439,0.586542
6.714000,-1.335113,-1.419093,0.000223,0.001090,0.581471,0.586578
6.716000,-1.330721,-1.414678,0.000223,0.001090,0.581504,0.586514
6.718000,-1.326329,-1.410263,0.000222,0.001080,0.581536,0.586518
6.720000,-1.321936,-1.405847,0.000221,0.001062,0.581569,0.586478
6.722000,-1.317544,-1.401429,0.000220,0.001080,0.581601,0.586383
6.724000,-1.313152,-1.397017,0.000220,0.001069,0.581633,0.586376
6.726000,-1.308759,-1.392603,0.000219,0.001092,0.581666,0.586514
6.728000,-1.304367,-1.388178,0.000218,0.001067,0.581698,0.586613
6.730000,-1.299975,-1.383768,0.000217,0.001090,0.581730,0.586602
6.732000,-1.295583,-1.379357,0.000216,0.001066,0.581762,0.586672
6.734000,-1.291190,-1.374947,0.000216,0.001074,0.581794,0.586707
6.736000,-1.286798,-1.370536,0.000215,0.001073,0.581825,0.586659
6.738000,-1.282406,-1.366127,0.000214,0.001075,0.581857,0.586681
6.740000,-1.278013,-1.361719,0.000213,0.001059,0.581889,0.586658
6.742000,-1.273621,-1.357306,0.000212,0.001068,0.581920,0.586565
6.744000,-1.269229,-1.352901,0.000212,0.001062,0.581952,0.586559
6.746000,-1.264836,-1.348459,0.000211,0.001074,0.581983,0.586746
6.748000,-1.260444,-1.344041,0.000210,0.001069,0.582014,0.586867
6.750000,-1.256052,-1.339636,0.000209,0.001078,0.582045,0.586878
6.752000,-1.251659,-1.335235,0.000208,0.001083,0.582076,0.586932
6.754000,-1.247267,-1.330826,0.000208,0.001054,0.582107,0.586913
6.756000,-1.242875,-1.326422,0.000207,0.001066,0.582138,0.586850
6.758000,-1.238482,-1.322020,0.000206,0.001047,0.582169,0.586852
6.760000,-1.234090,-1.317616,0.000205,0.001056,0.582200,0.586998
6.762000,-1.229698,-1.313215,0.000204,0.001055,0.582231,0.586931
6.764000,-1.225305,-1.308815,0.000204,0.001062,0.582261,0.586934
6.766000,-1.220913,-1.304409,0.000203,0.001065,0.582292,0.587023
6.768000,-1.216521,-1.299985,0.000202,0.001046,0.582322,0.587116
6.770000,-1.212128,-1.295588,0.000201,0.001065,0.582352,0.587058
6.772000,-1.207736,-1.291202,0.000201,0.001056,0.582383,0.587075
6.774000,-1.203344,-1.286790,0.000200,0.001067,0.582413,0.587051
6.776000,-1.198951,-1.282395,0.000199,0.001062,0.582443,0.586996
6.778000,-1.194559,-1.277969,0.000198,0.001077,0.582473,0.586982
6.780000,-1.190167,-1.273521,0.000197,0.001053,0.582503,0.587003
6.782000,-1.185775,-1.269111,0.000197,0.001057,0.582533,0.586959
6.784000,-1.181382,-1.264704,0.000196,0.001050,0.582563,0.587046
6.786000,-1.176990,-1.260303,0.000195,0.001050,0.582592,0.587171
6.788000,-1.172598,-1.255891,0.000194,0.001019,0.582622,0.587206
6.790000,-1.168205,-1.251506,0.000193,0.001031,0.582652,0.587213
6.792000,-1.163813,-1.247121,0.000193,0.001004,0.582681,0.587244
6.794000,-1.159421,-1.242696,0.000192,0.001033,0.582710,0.587316
6.796000,-1.155028,-1.238317,0.000191,0.001024,0.582740,0.587281
6.798000,-1.150636,-1.233937,0.000190,0.001052,0.582769,0.587335
6.800000,-1.146244,-1.229544,0.000189,0.001042,0.582798,0.587443
6.802000,-1.141851,-1.225167,0.000189,0.001031,0.582827,0.587375
6.804000,-1.137459,-1.220791,0.000188,0.001035,0.582856,0.587370
6.806000,-1.133067,-1.216397,0.000187,0.001031,0.582885,0.587425
6.808000,-1.128674,-1.211975,0.000186,0.001011,0.582914,0.587524
6.810000,-1.124282,-1.207603,0.000185,0.001013,0.582943,0.587531
6.812000,-1.119890,-1.203234,0.000185,0.001001,0.582972,0.587551
6.814000,-1.115497,-1.198845,0.000184,0.001011,0.583000,0.587590
6.816000,-1.111105,-1.194473,0.000183,0.001002,0.583029,0.587579
6.818000,-1.106713,-1.190102,0.000182,0.001027,0.583057,0.587574
6.820000,-1.102320,-1.185709,0.000182,0.001015,0.583086,0.587672
6.822000,-1.097928,-1.181339,0.000181,0.001020,0.583114,0.587645
6.824000,-1.093536,-1.176971,0.000180,0.001017,0.583142,0.587664
6.826000,-1.089143,-1.172603,0.000179,0.001023,0.583170,0.587729
6.828000,-1.084751,-1.168207,0.000178,0.000998,0.583198,0.587755
6.830000,-1.080359,-1.163839,0.000178,0.001003,0.583226,0.587755
6.832000,-1.075967,-1.159475,0.000177,0.000979,0.583254,0.587772
6.834000,-1.071574,-1.155108,0.000176,0.000987,0.583282,0.587808
6.836000,-1.067182,-1.150742,0.000175,0.000978,0.583310,0.587788
6.838000,-1.062790,-1.146377,0.000174,0.001007,0.583338,0.587769
6.840000,-1.058397,-1.141980,0.000174,0.000985,0.583365,0.587765
6.842000,-1.054005,-1.137581,0.000173,0.001001,0.583393,0.587722
6.844000,-1.049613,-1.133212,0.000172,0.000980,0.583420,0.587756
6.846000,-1.045220,-1.128838,0.000171,0.000990,0.583448,0.587855
6.848000,-1.040828,-1.124469,0.000170,0.000984,0.583475,0.587867
6.850000,-1.036436,-1.120103,0.000170,0.000984,0.583502,0.587886
6.852000,-1.032043,-1.115680,0.000169,0.000991,0.583530,0.587929
6.854000,-1.027651,-1.111208,0.000168,0.000986,0.583557,0.588082
6.856000,-1.023259,-1.106840,0.000167,0.000988,0.583584,0.588097
6.858000,-1.018866,-1.102478,0.000166,0.000990,0.583611,0.588146
6.860000,-1.014474,-1.098115,0.000166,0.000981,0.583638,0.588147
6.862000,-1.010082,-1.093704,0.000165,0.000982,0.583665,0.588164
6.864000,-1.005689,-1.089285,0.000164,0.000962,0.583691,0.588186
6.866000,-1.001297,-1.084853,0.000163,0.000976,0.583718,0.588248
6.868000,-0.996905,-1.080485,0.000162,0.000957,0.583745,0.588228
6.870000,-0.992512,-1.076125,0.000162,0.000962,0.583771,0.588243
6.872000,-0.988120,-1.071770,0.000161,0.000950,0.583798,0.588352
6.874000,-0.983728,-1.067412,0.000160,0.000951,0.583824,0.588379
6.876000,-0.979335,-1.063058,0.000159,0.000940,0.583850,0.588373
6.878000,-0.974943,-1.058704,0.000159,0.000941,0.583877,0.588429
6.880000,-0.970551,-1.054352,0.000158,0.000937,0.583903,0.588527
6.882000,-0.966159,-1.050000,0.000157,0.000936,0.583929,0.588588
6.884000,-0.961766,-1.045652,0.000156,0.000936,0.583955,0.588632
6.886000,-0.957374,-1.041297,0.000155,0.000939,0.583981,0.588597
6.888000,-0.952982,-1.036942,0.000155,0.000939,0.584007,0.588556
6.890000,-0.948589,-1.032588,0.000154,0.000931,0.584033,0.588545
6.892000,-0.944197,-1.028234,0.000153,0.000932,0.584059,0.588637
6.894000,-0.939805,-1.023873,0.000152,0.000931,0.584084,0.588644
6.896000,-0.935412,-1.019515,0.000151,0.000923,0.584110,0.588641
6.898000,-0.931020,-1.015154,0.000151,0.000924,0.584136,0.588710
6.900000,-0.926628,-1.010794,0.000150,0.000922,0.584161,0.588807
6.902000,-0.922235,-1.006432,0.000149,0.000922,0.584187,0.588857
6.904000,-0.917843,-1.002072,0.000148,0.000920,0.584212,0.588907
6.906000,-0.913451,-0.997709,0.000147,0.000930,0.584237,0.588941
6.908000,-0.909058,-0.993342,0.000147,0.000927,0.584263,0.588930
6.910000,-0.904666,-0.988978,0.000146,0.000931,0.584288,0.588935
6.912000,-0.900274,-0.984612,0.000145,0.000931,0.584313,0.589031
6.914000,-0.895881,-0.980240,0.000144,0.000930,0.584338,0.589017
6.916000,-0.891489,-0.975869,0.000143,0.000928,0.584363,0.589029
6.918000,-0.887097,-0.971496,0.000143,0.000929,0.584388,0.589102
6.920000,-0.882704,-0.967116,0.000142,0.000932,0.584413,0.589065
6.922000,-0.878312,-0.962736,0.000141,0.000932,0.584437,0.589046
6.924000,-0.873920,-0.958358,0.000140,0.000924,0.584462,0.589096
6.926000,-0.869527,-0.953980,0.000140,0.000925,0.584487,0.589262
6.928000,-0.865135,-0.949597,0.000139,0.000925,0.584511,0.589298
6.930000,-0.860743,-0.945218,0.000138,0.000917,0.584536,0.589333
6.932000,-0.856351,-0.940839,0.000137,0.000919,0.584560,0.589442
6.934000,-0.851958,-0.936452,0.000136,0.000916,0.584585,0.589407
6.936000,-0.847566,-0.932067,0.000136,0.000917,0.584609,0.589392
6.938000,-0.843174,-0.927681,0.000135,0.000915,0.584633,0.589455
6.940000,-0.838781,-0.923292,0.000134,0.000926,0.584657,0.589515
6.942000,-0.834389,-0.918903,0.000133,0.000924,0.584682,0.589530
6.944000,-0.829997,-0.914520,0.000132,0.000931,0.584706,0.589588
6.946000,-0.825604,-0.910127,0.000132,0.000925,0.584730,0.589621
6.948000,-0.821212,-0.905736,0.000131,0.000928,0.584754,0.589584
6.950000,-0.816820,-0.901345,0.000130,0.000915,0.584777,0.589604
6.952000,-0.812427,-0.896953,0.000129,0.000913,0.584801,0.589727
6.954000,-0.808035,-0.892554,0.000128,0.000932,0.584825,0.589842
6.956000,-0.803643,-0.888162,0.000128,0.000920,0.584849,0.589889
6.958000,-0.799250,-0.883771,0.000127,0.000942,0.584872,0.589969
6.960000,-0.794858,-0.879374,0.000126,0.000930,0.584896,0.590016
6.962000,-0.790466,-0.874979,0.000125,0.000933,0.584919,0.589986
6.964000,-0.786073,-0.870582,0.000124,0.000931,0.584943,0.590002
6.966000,-0.781681,-0.866185,0.000124,0.000929,0.584966,0.590123
6.968000,-0.777289,-0.861780,0.000123,0.000946,0.584989,0.590057
6.970000,-0.772896,-0.857381,0.000122,0.000933,0.585013,0.590015
6.972000,-0.768504,-0.852984,0.000121,0.000944,0.585036,0.590081
6.974000,-0.764112,-0.848580,0.000121,0.000937,0.585059,0.590025
6.976000,-0.759719,-0.844182,0.000120,0.000932,0.585082,0.590011
6.978000,-0.755327,-0.839782,0.000119,0.000947,0.585105,0.590098
6.980000,-0.750935,-0.835376,0.000118,0.000932,0.585128,0.590174
6.982000,-0.746543,-0.830969,0.000117,0.000959,0.585151,0.590113
6.984000,-0.742150,-0.826565,0.000117,0.000932,0.585173,0.590116
6.986000,-0.737758,-0.822161,0.000116,0.000944,0.585196,0.590249
6.988000,-0.733366,-0.817754,0.000115,0.000937,0.585219,0.590194
6.990000,-0.728973,-0.813350,0.000114,0.000938,0.585242,0.590189
6.992000,-0.724581,-0.808951,0.000113,0.000942,0.585264,0.590293
6.994000,-0.720189,-0.804513,0.000113,0.000934,0.585287,0.590431
6.996000,-0.715796,-0.800108,0.000112,0.000935,0.585309,0.590409
6.998000,-0.711404,-0.795701,0.000111,0.000929,0.585331,0.590450
7.000000,-0.707012,-0.791293,0.000110,0.000932,0.585354,0.590612
7.002000,-0.702619,-0.786881,0.000109,0.000950,0.585376,0.590583
7.004000,-0.698227,-0.782477,0.000109,0.000939,0.585398,0.590582
7.006000,-0.693835,-0.778066,0.000108,0.000944,0.585420,0.590556
7.008000,-0.689442,-0.773653,0.000107,0.000935,0.585442,0.590618
7.010000,-0.685050,-0.769243,0.000106,0.000930,0.585464,0.590605
7.012000,-0.680658,-0.764837,0.000105,0.000921,0.585486,0.590672
7.014000,-0.676265,-0.760421,0.000105,0.000928,0.585508,0.590720
7.016000,-0.671873,-0.756011,0.000104,0.000924,0.585530,0.590677
7.018000,-0.667481,-0.751597,0.000103,0.000931,0.585552,0.590705
7.020000,-0.663088,-0.747186,0.000102,0.000929,0.585574,0.590854
7.022000,-0.658696,-0.742771,0.000101,0.000950,0.585595,0.590771
7.024000,-0.654304,-0.738359,0.000101,0.000945,0.585617,0.590742
7.026000,-0.649911,-0.733950,0.000100,0.000953,0.585639,0.590835
7.028000,-0.645519,-0.729534,0.000099,0.000954,0.585660,0.590942
7.030000,-0.641127,-0.725122,0.000098,0.000959,0.585682,0.590940
7.032000,-0.636735,-0.720715,0.000098,0.000947,0.585703,0.590991
7.034000,-0.632342,-0.716298,0.000097,0.000955,0.585724,0.590972
7.036000,-0.627950,-0.711885,0.000096,0.000951,0.585746,0.590877
7.038000,-0.623558,-0.707469,0.000095,0.000953,0.585767,0.590881
7.040000,-0.619165,-0.703055,0.000094,0.000950,0.585788,0.591020
7.042000,-0.614773,-0.698638,0.000094,0.000967,0.585809,0.590933
7.044000,-0.610381,-0.694223,0.000093,0.000961,0.585830,0.590910
7.046000,-0.605988,-0.689814,0.000092,0.000969,0.585851,0.590998
7.048000,-0.601596,-0.685398,0.000091,0.000970,0.585872,0.591041
7.050000,-0.597204,-0.680985,0.000090,0.000973,0.585893,0.591003
7.052000,-0.592811,-0.676574,0.000090,0.000964,0.585914,0.591036
7.054000,-0.588419,-0.672157,0.000089,0.000959,0.585935,0.591052
7.056000,-0.584027,-0.667745,0.000088,0.000959,0.585955,0.590988
7.058000,-0.579634,-0.663328,0.000087,0.000943,0.585976,0.591038
7.060000,-0.575242,-0.658908,0.000086,0.000959,0.585996,0.591145
7.062000,-0.570850,-0.654493,0.000086,0.000973,0.586017,0.591056
7.064000,-0.566457,-0.650079,0.000085,0.000986,0.586038,0.591047
7.066000,-0.562065,-0.645649,0.000084,0.000978,0.586058,0.591165
7.068000,-0.557673,-0.641231,0.000083,0.000964,0.586078,0.591264
7.070000,-0.553280,-0.636822,0.000082,0.000968,0.586099,0.591247
7.072000,-0.548888,-0.632419,0.000082,0.000934,0.586119,0.591252
7.074000,-0.544496,-0.628008,0.000081,0.000943,0.586139,0.591196
7.076000,-0.540103,-0.623593,0.000080,0.000943,0.586159,0.591128
7.078000,-0.535711,-0.619183,0.000079,0.000941,0.586179,0.591175
7.080000,-0.531319,-0.614773,0.000079,0.000955,0.586200,0.591302
7.082000,-0.526927,-0.610366,0.000078,0.000959,0.586220,0.591352
7.084000,-0.522534,-0.605962,0.000077,0.000963,0.586240,0.591359
7.086000,-0.518142,-0.601558,0.000076,0.000946,0.586259,0.591389
7.088000,-0.513750,-0.597153,0.000075,0.000953,0.586279,0.591356
7.090000,-0.509357,-0.592753,0.000075,0.000948,0.586299,0.591310
7.092000,-0.504965,-0.588352,0.000074,0.000954,0.586319,0.591380
7.094000,-0.500573,-0.583941,0.000073,0.000937,0.586338,0.591405
7.096000,-0.496180,-0.579541,0.000072,0.000958,0.586358,0.591333
7.098000,-0.491788,-0.575144,0.000071,0.000930,0.586378,0.591350
7.100000,-0.487396,-0.570735,0.000071,0.000953,0.586397,0.591350
7.102000,-0.483003,-0.566336,0.000070,0.000947,0.586417,0.591352
7.104000,-0.478611,-0.561928,0.000069,0.000965,0.586436,0.591364
7.106000,-0.474219,-0.557512,0.000068,0.000938,0.586456,0.591406
7.108000,-0.469826,-0.553115,0.000067,0.000945,0.586475,0.591381
7.110000,-0.465434,-0.548725,0.000067,0.000936,0.586494,0.591350
7.112000,-0.461042,-0.544298,0.000066,0.000945,0.586513,0.591456
7.114000,-0.456649,-0.539876,0.000065,0.000922,0.586533,0.591503
7.116000,-0.452257,-0.535487,0.000064,0.000947,0.586552,0.591440
7.118000,-0.447865,-0.531082,0.000063,0.000908,0.586571,0.591477
7.120000,-0.443472,-0.526685,0.000063,0.000932,0.586590,0.591475
7.122000,-0.439080,-0.522298,0.000062,0.000920,0.586609,0.591473
7.124000,-0.434688,-0.517900,0.000061,0.000933,0.586628,0.591477
7.126000,-0.430295,-0.513486,0.000060,0.000917,0.586646,0.591601
7.128000,-0.425903,-0.509102,0.000060,0.000918,0.586665,0.591578
7.130000,-0.421511,-0.504720,0.000059,0.000924,0.586684,0.591528
7.132000,-0.417119,-0.500321,0.000058,0.000917,0.586703,0.591585
7.134000,-0.412726,-0.495904,0.000057,0.000899,0.586721,0.591622
7.136000,-0.408334,-0.491505,0.000056,0.000896,0.586740,0.591667
7.138000,-0.403942,-0.487132,0.000056,0.000873,0.586759,0.591731
7.140000,-0.399549,-0.482742,0.000055,0.000870,0.586777,0.591744
7.142000,-0.395157,-0.478365,0.000054,0.000871,0.586796,0.591667
7.144000,-0.390765,-0.473969,0.000053,0.000881,0.586814,0.591655
7.146000,-0.386372,-0.469550,0.000052,0.000877,0.586832,0.591702
7.148000,-0.381980,-0.465118,0.000052,0.000858,0.586851,0.591784
7.150000,-0.377588,-0.460748,0.000051,0.000860,0.586869,0.591794
7.152000,-0.373195,-0.456385,0.000050,0.000839,0.586887,0.591863
7.154000,-0.368803,-0.452016,0.000049,0.000839,0.586905,0.591808
7.156000,-0.364411,-0.447650,0.000048,0.000847,0.586924,0.591732
7.158000,-0.360018,-0.443264,0.000048,0.000847,0.586942,0.591751
7.160000,-0.355626,-0.438861,0.000047,0.000858,0.586960,0.591846
7.162000,-0.351234,-0.434496,0.000046,0.000859,0.586978,0.591856
7.164000,-0.346841,-0.430136,0.000045,0.000864,0.586996,0.591860
7.166000,-0.342449,-0.425778,0.000044,0.000854,0.587013,0.591884
7.168000,-0.338057,-0.421418,0.000044,0.000856,0.587031,0.591832
7.170000,-0.333664,-0.417060,0.000043,0.000853,0.587049,0.591792
7.172000,-0.329272,-0.412704,0.000042,0.000853,0.587067,0.591854
7.174000,-0.324880,-0.408264,0.000041,0.000853,0.587084,0.591990
7.176000,-0.320487,-0.403903,0.000041,0.000843,0.587102,0.591952
7.178000,-0.316095,-0.399537,0.000040,0.000831,0.587120,0.591900
7.180000,-0.311703,-0.395176,0.000039,0.000807,0.587137,0.591931
7.182000,-0.307310,-0.390815,0.000038,0.000802,0.587155,0.591863
7.184000,-0.302918,-0.386460,0.000037,0.000794,0.587172,0.591856
7.186000,-0.298526,-0.382107,0.000037,0.000801,0.587190,0.591968
7.188000,-0.294134,-0.377753,0.000036,0.000800,0.587207,0.592008
7.190000,-0.289741,-0.373401,0.000035,0.000803,0.587224,0.592079
7.192000,-0.285349,-0.369052,0.000034,0.000804,0.587242,0.592181
7.194000,-0.280957,-0.364694,0.000033,0.000792,0.587259,0.592149
7.196000,-0.276564,-0.360338,0.000033,0.000801,0.587276,0.592091
7.198000,-0.272172,-0.355984,0.000032,0.000794,0.587293,0.592105
7.200000,-0.267780,-0.351630,0.000031,0.000804,0.587310,0.592242
7.202000,-0.263387,-0.347277,0.000030,0.000803,0.587327,0.592291
7.204000,-0.259002,-0.342925,0.000029,0.000809,0.587340,0.592359
7.206000,-0.254631,-0.338570,0.000029,0.000804,0.587345,0.592429
7.208000,-0.250274,-0.334210,0.000028,0.000795,0.587342,0.592387
7.210000,-0.245931,-0.329852,0.000027,0.000793,0.587331,0.592332
7.212000,-0.241603,-0.325495,0.000027,0.000788,0.587312,0.592352
7.214000,-0.237288,-0.321135,0.000026,0.000795,0.587285,0.592292
7.216000,-0.232988,-0.316779,0.000025,0.000793,0.587250,0.592252
7.218000,-0.228702,-0.312430,0.000025,0.000806,0.587207,0.592270
7.220000,-0.224430,-0.308081,0.000024,0.000799,0.587157,0.592374
7.222000,-0.220172,-0.303733,0.000023,0.000802,0.587098,0.592363
7.224000,-0.215929,-0.299392,0.000023,0.000799,0.587031,0.592345
7.226000,-0.211699,-0.295063,0.000022,0.000798,0.586956,0.592394
7.228000,-0.207484,-0.290725,0.000022,0.000800,0.586873,0.592303
7.230000,-0.203283,-0.286395,0.000021,0.000801,0.586782,0.592226
7.232000,-0.199096,-0.282072,0.000020,0.000800,0.586683,0.592213
7.234000,-0.194923,-0.277851,0.000020,0.000795,0.586576,0.592301
7.236000,-0.190764,-0.273543,0.000019,0.000793,0.586461,0.592263
7.238000,-0.186620,-0.269241,0.000019,0.000802,0.586338,0.592205
7.240000,-0.182489,-0.265044,0.000018,0.000798,0.586207,0.592207
7.242000,-0.178373,-0.260755,0.000018,0.000797,0.586068,0.592068
7.244000,-0.174271,-0.256476,0.000017,0.000806,0.585921,0.591927
7.246000,-0.170183,-0.252318,0.000017,0.000801,0.585766,0.591855
7.248000,-0.166109,-0.248297,0.000016,0.000802,0.585603,0.591762
7.250000,-0.162050,-0.244349,0.000016,0.000788,0.585432,0.591720
7.252000,-0.158004,-0.240119,0.000015,0.000788,0.585253,0.591649
7.254000,-0.153973,-0.235892,0.000015,0.000785,0.585066,0.591623
7.256000,-0.149956,-0.231669,0.000014,0.000795,0.584871,0.591427
7.258000,-0.145953,-0.227445,0.000014,0.000792,0.584668,0.591232
7.260000,-0.141964,-0.223348,0.000013,0.000790,0.584457,0.591105
7.262000,-0.137989,-0.219393,0.000013,0.000785,0.584238,0.591080
7.264000,-0.134029,-0.215536,0.000012,0.000770,0.584011,0.591022
7.266000,-0.130082,-0.211347,0.000012,0.000782,0.583776,0.590880
7.268000,-0.126150,-0.207161,0.000011,0.000782,0.583533,0.590759
7.270000,-0.122232,-0.203089,0.000011,0.000784,0.583282,0.590599
7.272000,-0.118328,-0.198911,0.000010,0.000784,0.583023,0.590373
7.274000,-0.114438,-0.194740,0.000010,0.000786,0.582756,0.590176
7.276000,-0.110562,-0.190572,0.000010,0.000784,0.582481,0.590069
7.278000,-0.106701,-0.186403,0.000009,0.000784,0.582198,0.589815
7.280000,-0.102853,-0.182241,0.000009,0.000795,0.581907,0.589553
7.282000,-0.099020,-0.178183,0.000008,0.000792,0.581608,0.589359
7.284000,-0.095200,-0.174240,0.000008,0.000788,0.581301,0.589143
7.286000,-0.091395,-0.170115,0.000007,0.000796,0.580986,0.588871
7.288000,-0.087604,-0.165993,0.000007,0.000796,0.580663,0.588632
7.290000,-0.083828,-0.161968,0.000007,0.000792,0.580332,0.588470
7.292000,-0.080065,-0.158043,0.000006,0.000787,0.579993,0.588271
7.294000,-0.076316,-0.153951,0.000006,0.000803,0.579646,0.587990
7.296000,-0.072582,-0.149861,0.000006,0.000800,0.579291,0.587728
7.298000,-0.068862,-0.145848,0.000005,0.000806,0.578928,0.587371
7.300000,-0.065156,-0.141917,0.000005,0.000807,0.578557,0.587074
7.302000,-0.061464,-0.137863,0.000005,0.000797,0.578178,0.586765
7.304000,-0.057786,-0.133820,0.000004,0.000798,0.577791,0.586518
7.306000,-0.054122,-0.129865,0.000004,0.000796,0.577396,0.586358
7.308000,-0.050472,-0.125978,0.000004,0.000782,0.576994,0.586162
7.310000,-0.046837,-0.121968,0.000003,0.000796,0.576583,0.585892
7.312000,-0.043216,-0.117966,0.000003,0.000796,0.576164,0.585634
7.314000,-0.039608,-0.113993,0.000003,0.000799,0.575737,0.585249
7.316000,-0.036015,-0.110007,0.000002,0.000806,0.575302,0.584808
7.318000,-0.032436,-0.106038,0.000002,0.000809,0.574859,0.584413
7.320000,-0.028871,-0.102137,0.000002,0.000805,0.574408,0.584101
7.322000,-0.025321,-0.098314,0.000001,0.000804,0.573949,0.583717
7.324000,-0.021784,-0.094545,0.000001,0.000798,0.573482,0.583386
7.326000,-0.018262,-0.090625,0.000001,0.000788,0.573007,0.583051
7.328000,-0.014754,-0.086716,0.000000,0.000799,0.572524,0.582760
7.330000,-0.011259,-0.082855,-0.000000,0.000781,0.572033,0.582364
7.332000,-0.007779,-0.078972,-0.000001,0.000795,0.571534,0.581926
7.334000,-0.004314,-0.075097,-0.000001,0.000791,0.571027,0.581516
7.336000,-0.000862,-0.071269,-0.000001,0.000792,0.570512,0.581176
7.338000,0.002576,-0.067497,-0.000002,0.000795,0.569989,0.580745
7.340000,0.005999,-0.063745,-0.000002,0.000789,0.569458,0.580356
7.342000,0.009408,-0.059922,-0.000003,0.000790,0.568919,0.579953
7.344000,0.012803,-0.056111,-0.000003,0.000796,0.568372,0.579599
7.346000,0.016184,-0.052335,-0.000003,0.000795,0.567817,0.579148
7.348000,0.019551,-0.048556,-0.000004,0.000806,0.567254,0.578665
7.350000,0.022903,-0.045256,-0.000004,0.000801,0.566683,0.578241
7.352000,0.026242,-0.041531,-0.000005,0.000801,0.566104,0.577833
7.354000,0.029566,-0.037840,-0.000005,0.000796,0.565517,0.577313
7.356000,0.032876,-0.034168,-0.000006,0.000789,0.564922,0.576817
7.358000,0.036171,-0.030457,-0.000006,0.000793,0.564319,0.576292
7.360000,0.039453,-0.026802,-0.000007,0.000791,0.563708,0.575827
7.362000,0.042720,-0.023213,-0.000007,0.000799,0.563089,0.575440
7.364000,0.045973,-0.019576,-0.000008,0.000804,0.562462,0.574914
7.366000,0.049212,-0.015904,-0.000008,0.000821,0.561827,0.574340
7.368000,0.052436,-0.012258,-0.000009,0.000813,0.561184,0.573812
7.370000,0.055646,-0.008665,-0.000009,0.000817,0.560533,0.573244
7.372000,0.058842,-0.005120,-0.000009,0.000815,0.559874,0.572733
7.374000,0.062023,-0.001500,-0.000010,0.000816,0.559207,0.572124
7.376000,0.065190,0.002101,-0.000010,0.000814,0.558532,0.571560
7.378000,0.068343,0.005650,-0.000011,0.000815,0.557849,0.570959
7.380000,0.071481,0.009154,-0.000011,0.000818,0.557158,0.570418
7.382000,0.074605,0.012718,-0.000012,0.000807,0.556459,0.569848
7.384000,0.077715,0.016253,-0.000012,0.000811,0.555752,0.569258
7.386000,0.080810,0.019752,-0.000013,0.000811,0.555037,0.568715
7.388000,0.083891,0.023215,-0.000013,0.000810,0.554314,0.568133
7.390000,0.086957,0.026642,-0.000014,0.000823,0.553583,0.567528
7.392000,0.090009,0.030135,-0.000014,0.000822,0.552844,0.566886
7.394000,0.093046,0.033600,-0.000015,0.000826,0.552097,0.566207
7.396000,0.096069,0.037024,-0.000015,0.000835,0.551343,0.565583
7.398000,0.099077,0.040440,-0.000016,0.000814,0.550580,0.564974
7.400000,0.102071,0.043860,-0.000016,0.000821,0.549809,0.564298
7.402000,0.105050,0.047252,-0.000017,0.000825,0.549030,0.563656
7.404000,0.108015,0.050601,-0.000017,0.000829,0.548243,0.562990
7.406000,0.110965,0.053916,-0.000018,0.000828,0.547448,0.562370
7.408000,0.113901,0.057233,-0.000018,0.000841,0.546645,0.561683
7.410000,0.116822,0.060527,-0.000019,0.000854,0.545834,0.561026
7.412000,0.119728,0.063853,-0.000019,0.000853,0.545015,0.560315
7.414000,0.122619,0.067146,-0.000020,0.000856,0.544188,0.559641
7.416000,0.125496,0.070421,-0.000020,0.000847,0.543353,0.558895
7.418000,0.128358,0.073710,-0.000021,0.000852,0.542510,0.558138
7.420000,0.131206,0.076954,-0.000021,0.000856,0.541659,0.557359
7.422000,0.134038,0.080146,-0.000022,0.000863,0.540800,0.556634
7.424000,0.136856,0.083284,-0.000022,0.000850,0.539933,0.555977
7.426000,0.139659,0.086428,-0.000023,0.000868,0.539058,0.555253
7.428000,0.142447,0.089645,-0.000023,0.000867,0.538175,0.554500
7.430000,0.145220,0.092840,-0.000024,0.000867,0.537284,0.553707
7.432000,0.147979,0.095999,-0.000024,0.000872,0.536385,0.552954
7.434000,0.150722,0.099105,-0.000025,0.000877,0.535478,0.552196
7.436000,0.153451,0.102224,-0.000025,0.000866,0.534563,0.551426
7.438000,0.156164,0.105358,-0.000026,0.000870,0.533640,0.550585
7.440000,0.158863,0.108461,-0.000026,0.000875,0.532709,0.549778
7.442000,0.161546,0.111511,-0.000027,0.000875,0.531770,0.548963
7.444000,0.164215,0.114511,-0.000027,0.000868,0.530823,0.548198
7.446000,0.166868,0.117514,-0.000028,0.000893,0.529868,0.547437
7.448000,0.169506,0.120581,-0.000028,0.000895,0.528905,0.546591
7.450000,0.172129,0.123628,-0.000028,0.000892,0.527934,0.545762
7.452000,0.174737,0.126628,-0.000029,0.000895,0.526955,0.544913
7.454000,0.177329,0.129583,-0.000029,0.000896,0.525968,0.544108
7.456000,0.179906,0.132596,-0.000030,0.000897,0.524973,0.543186
7.458000,0.182468,0.135601,-0.000030,0.000898,0.523970,0.542277
7.460000,0.185015,0.138573,-0.000031,0.000897,0.522959,0.541354
7.462000,0.187546,0.141485,-0.000031,0.000891,0.521940,0.540486
7.464000,0.190062,0.144333,-0.000031,0.000899,0.520913,0.539683
7.466000,0.192562,0.147267,-0.000032,0.000899,0.519878,0.538761
7.468000,0.195047,0.150191,-0.000032,0.000899,0.518835,0.537844
7.470000,0.197516,0.153068,-0.000033,0.000900,0.517784,0.536898
7.472000,0.199970,0.155897,-0.000033,0.000900,0.516725,0.535995
7.474000,0.202408,0.158665,-0.000034,0.000897,0.515658,0.535092
7.476000,0.204830,0.161436,-0.000034,0.000915,0.514583,0.534187
7.478000,0.207237,0.164277,-0.000034,0.000906,0.513500,0.533259
7.480000,0.209628,0.167095,-0.000035,0.000904,0.512409,0.532285
7.482000,0.212003,0.169891,-0.000035,0.000905,0.511310,0.531340
7.484000,0.214362,0.172658,-0.000036,0.000902,0.510204,0.530393
7.486000,0.216706,0.175400,-0.000036,0.000898,0.509089,0.529495
7.488000,0.219033,0.178168,-0.000036,0.000898,0.507966,0.528460
7.490000,0.221345,0.180926,-0.000037,0.000896,0.506835,0.527425
7.492000,0.223640,0.183674,-0.000037,0.000904,0.505696,0.526431
7.494000,0.225920,0.186405,-0.000037,0.000903,0.504549,0.525446
7.496000,0.228184,0.189120,-0.000038,0.000903,0.503394,0.524511
7.498000,0.230431,0.191819,-0.000038,0.000902,0.502233,0.523438
7.500000,0.232663,0.194508,-0.000039,0.000899,0.501063,0.522375
7.502000,0.234878,0.197184,-0.000039,0.000905,0.499887,0.521352
7.504000,0.237078,0.199804,-0.000039,0.000906,0.498703,0.520350
7.506000,0.239261,0.202371,-0.000040,0.000913,0.497512,0.519397
7.508000,0.241429,0.204982,-0.000040,0.000910,0.496315,0.518431
7.510000,0.243580,0.207588,-0.000040,0.000907,0.495110,0.517371
7.512000,0.245716,0.210156,-0.000041,0.000908,0.493899,0.516306
7.514000,0.247836,0.212674,-0.000041,0.000911,0.492682,0.515272
7.516000,0.249939,0.215237,-0.000041,0.000912,0.491459,0.514202
7.518000,0.252027,0.217788,-0.000042,0.000908,0.490229,0.513143
7.520000,0.254098,0.220280,-0.000042,0.000914,0.488994,0.512119
7.522000,0.256154,0.222799,-0.000042,0.000922,0.487752,0.511080
7.524000,0.258193,0.225306,-0.000043,0.000919,0.486505,0.509976
7.526000,0.260217,0.227798,-0.000043,0.000919,0.485253,0.508822
7.528000,0.262225,0.230278,-0.000043,0.000918,0.483995,0.507681
7.530000,0.264216,0.232742,-0.000043,0.000921,0.482732,0.506574
7.532000,0.266192,0.235187,-0.000044,0.000916,0.481464,0.505501
7.534000,0.268151,0.237619,-0.000044,0.000922,0.480190,0.504441
7.536000,0.270095,0.240032,-0.000044,0.000918,0.478913,0.503260
7.538000,0.272022,0.242433,-0.000045,0.000916,0.477630,0.502076
7.540000,0.273934,0.244814,-0.000045,0.000917,0.476343,0.500915
7.542000,0.275829,0.247181,-0.000045,0.000916,0.475052,0.499764
7.544000,0.277709,0.249041,-0.000045,0.000922,0.473757,0.498647
7.546000,0.279573,0.251364,-0.000046,0.000918,0.472457,0.497565
7.548000,0.281420,0.253667,-0.000046,0.000923,0.471154,0.496434
7.550000,0.283252,0.255954,-0.000046,0.000919,0.469847,0.495221
7.552000,0.285067,0.258228,-0.000046,0.000920,0.468537,0.494012
7.554000,0.286867,0.260489,-0.000046,0.000919,0.467223,0.492812
7.556000,0.288650,0.262736,-0.000047,0.000918,0.465906,0.491645
7.558000,0.290418,0.264964,-0.000047,0.000919,0.464586,0.490454
7.560000,0.292169,0.267175,-0.000047,0.000915,0.463264,0.489286
7.562000,0.293905,0.269369,-0.000047,0.000920,0.461938,0.488142
7.564000,0.295625,0.271548,-0.000047,0.000917,0.460611,0.486909
7.566000,0.297328,0.273713,-0.000048,0.000918,0.459280,0.485689
7.568000,0.299016,0.275862,-0.000048,0.000915,0.457948,0.484499
7.570000,0.300687,0.277991,-0.000048,0.000914,0.456614,0.483282
7.572000,0.302343,0.280104,-0.000048,0.000911,0.455277,0.482083
7.574000,0.303982,0.282203,-0.000048,0.000914,0.453939,0.480879
7.576000,0.305606,0.284282,-0.000048,0.000911,0.452600,0.479699
7.578000,0.307214,0.286344,-0.000049,0.000916,0.451259,0.478546
7.580000,0.308805,0.288386,-0.000049,0.000914,0.449917,0.477277
7.582000,0.310381,0.290414,-0.000049,0.000912,0.448574,0.476011
7.584000,0.311940,0.292425,-0.000049,0.000915,0.447230,0.474766
7.586000,0.313484,0.294417,-0.000049,0.000912,0.445885,0.473548
7.588000,0.315011,0.296391,-0.000049,0.000913,0.444540,0.472334
7.590000,0.316523,0.298349,-0.000049,0.000908,0.443194,0.471144
7.592000,0.318018,0.300287,-0.000050,0.000909,0.441848,0.469923
7.594000,0.319498,0.302206,-0.000050,0.000911,0.440502,0.468719
7.596000,0.320962,0.304109,-0.000050,0.000912,0.439157,0.467461
7.598000,0.322409,0.305995,-0.000050,0.000911,0.437811,0.466193
7.600000,0.323841,0.307864,-0.000050,0.000912,0.436466,0.464935
7.602000,0.325258,0.309716,-0.000050,0.000909,0.435124,0.463701
7.604000,0.326660,0.311547,-0.000050,0.000911,0.433786,0.462441
7.606000,0.328048,0.313360,-0.000050,0.000910,0.432454,0.461201
7.608000,0.329422,0.315155,-0.000050,0.000912,0.431128,0.459991
7.610000,0.330783,0.316931,-0.000050,0.000912,0.429810,0.458806
7.612000,0.332131,0.318688,-0.000051,0.000915,0.428500,0.457609
7.614000,0.333466,0.320426,-0.000051,0.000915,0.427199,0.456359
7.616000,0.334787,0.322149,-0.000051,0.000913,0.425905,0.455121
7.618000,0.336095,0.323851,-0.000051,0.000913,0.425000,0.453854
7.620000,0.337390,0.325534,-0.000051,0.000913,0.425000,0.452605
7.622000,0.338671,0.327200,-0.000051,0.000915,0.425000,0.451382
7.624000,0.339939,0.328846,-0.000051,0.000916,0.425000,0.450156
7.626000,0.341193,0.330472,-0.000051,0.000917,0.425000,0.448952
7.628000,0.342433,0.332077,-0.000051,0.000915,0.425000,0.447778
7.630000,0.343659,0.333659,-0.000051,0.000918,0.425000,0.446584
7.632000,0.344872,0.335217,-0.000051,0.000920,0.425000,0.445414
7.634000,0.346071,0.336752,-0.000051,0.000920,0.425000,0.444221
7.636000,0.347256,0.338267,-0.000051,0.000924,0.425000,0.443025
7.638000,0.348427,0.339758,-0.000051,0.000924,0.425000,0.441850
7.640000,0.349585,0.341227,-0.000051,0.000925,0.425000,0.440706
7.642000,0.350728,0.342672,-0.000051,0.000927,0.425000,0.439549
7.644000,0.351856,0.344094,-0.000051,0.000928,0.425000,0.438419
7.646000,0.352971,0.345493,-0.000052,0.000930,0.425000,0.437326
7.648000,0.354072,0.346871,-0.000052,0.000933,0.425000,0.436268
7.650000,0.355158,0.348226,-0.000052,0.000934,0.425000,0.435207
7.652000,0.356229,0.349559,-0.000052,0.000936,0.425000,0.434167
7.654000,0.357287,0.350871,-0.000052,0.000938,0.425000,0.433153
7.656000,0.358329,0.352161,-0.000052,0.000938,0.425000,0.432149
7.658000,0.359358,0.353430,-0.000052,0.000940,0.425000,0.431124
7.660000,0.360371,0.354677,-0.000052,0.000942,0.425000,0.430122
7.662000,0.361370,0.355903,-0.000052,0.000944,0.425000,0.429147
7.664000,0.362354,0.357111,-0.000052,0.000949,0.425000,0.428179
7.666000,0.363323,0.358297,-0.000052,0.000950,0.425000,0.427221
7.668000,0.364277,0.359463,-0.000052,0.000954,0.425000,0.426285
7.670000,0.365217,0.360610,-0.000052,0.000955,0.425000,0.425376
7.672000,0.366141,0.361737,-0.000052,0.000957,0.425000,0.424452
7.674000,0.367050,0.362844,-0.000052,0.000959,0.425000,0.423547
7.676000,0.367944,0.363932,-0.000052,0.000962,0.425000,0.422660
7.678000,0.368823,0.365002,-0.000052,0.000966,0.425000,0.421801
7.680000,0.369687,0.366053,-0.000052,0.000969,0.425000,0.420935
7.682000,0.370535,0.367084,-0.000052,0.000972,0.425000,0.420076
7.684000,0.371367,0.368097,-0.000052,0.000974,0.425000,0.419243
7.686000,0.372184,0.369091,-0.000052,0.000997,0.425000,0.418440
7.688000,0.372986,0.370067,-0.000052,0.001004,0.425000,0.417628
7.690000,0.373772,0.371024,-0.000052,0.001007,0.425000,0.416837
7.692000,0.374542,0.371963,-0.000052,0.001010,0.425000,0.416072
7.694000,0.375296,0.372887,-0.000052,0.001016,0.425000,0.415320
7.696000,0.376035,0.373792,-0.000052,0.001018,0.425000,0.414570
7.698000,0.376757,0.374680,-0.000052,0.001023,0.425000,0.413839
7.700000,0.377463,0.375552,-0.000052,0.001025,0.425000,0.413133
7.702000,0.378154,0.376406,-0.000052,0.001029,0.425000,0.412421
7.704000,0.378828,0.377243,-0.000052,0.001032,0.425000,0.411723
7.706000,0.379487,0.378062,-0.000052,0.001036,0.425000,0.411048
7.708000,0.380129,0.378864,-0.000052,0.001026,0.425000,0.410398
7.710000,0.380756,0.379650,-0.000052,0.001028,0.425000,0.409759
7.712000,0.381366,0.380419,-0.000052,0.001029,0.425000,0.409121
7.714000,0.381961,0.381171,-0.000052,0.001032,0.425000,0.408500
7.716000,0.382539,0.381907,-0.000052,0.001033,0.425000,0.407896
7.718000,0.383102,0.382626,-0.000052,0.001035,0.425000,0.407283
7.720000,0.383648,0.383328,-0.000052,0.001036,0.425000,0.406687
7.722000,0.384179,0.384014,-0.000052,0.001039,0.425000,0.406114
7.724000,0.384693,0.384684,-0.000052,0.001041,0.425000,0.405566
7.726000,0.385192,0.385339,-0.000052,0.001045,0.425000,0.405029
7.728000,0.385674,0.385977,-0.000052,0.001047,0.425000,0.404491
7.730000,0.386141,0.386598,-0.000052,0.001050,0.425000,0.403965
7.732000,0.386591,0.387203,-0.000052,0.001052,0.425000,0.403458
7.734000,0.387026,0.387794,-0.000052,0.001053,0.425000,0.402968
7.736000,0.387444,0.388368,-0.000052,0.001055,0.425000,0.402474
7.738000,0.387847,0.388926,-0.000052,0.001056,0.425000,0.401995
7.740000,0.388233,0.389468,-0.000052,0.001058,0.425000,0.401535
7.742000,0.388604,0.389995,-0.000052,0.001061,0.425000,0.401095
7.744000,0.388958,0.390505,-0.000052,0.001063,0.425000,0.400646
7.746000,0.389296,0.391000,-0.000052,0.001065,0.425000,0.400211
7.748000,0.389619,0.391479,-0.000052,0.001067,0.425000,0.399794
7.750000,0.389925,0.391943,-0.000052,0.001067,0.425000,0.399397
7.752000,0.390216,0.392390,-0.000052,0.001069,0.425000,0.398995
7.754000,0.390490,0.392822,-0.000052,0.001071,0.425000,0.398604
7.756000,0.390749,0.393239,-0.000052,0.001074,0.425000,0.398230
7.758000,0.390992,0.393638,-0.000052,0.001076,0.425000,0.397874
7.760000,0.391220,0.394023,-0.000052,0.001077,0.425000,0.397534
7.762000,0.391437,0.394392,-0.000052,0.001080,0.425000,0.397202
7.764000,0.391645,0.394745,-0.000052,0.001082,0.425000,0.396867
7.766000,0.391844,0.395084,-0.000052,0.001084,0.425000,0.396543
7.768000,0.392035,0.395408,-0.000052,0.001086,0.425000,0.396233
7.770000,0.392219,0.395718,-0.000052,0.001087,0.425000,0.395939
7.772000,0.392396,0.396014,-0.000052,0.001088,0.425000,0.395655
7.774000,0.392564,0.396297,-0.000052,0.001089,0.425000,0.395368
7.776000,0.392725,0.396568,-0.000052,0.001090,0.425000,0.395092
7.778000,0.392877,0.396825,-0.000052,0.001092,0.425000,0.394828
7.780000,0.393022,0.397069,-0.000052,0.001093,0.425000,0.394577
7.782000,0.393159,0.397303,-0.000052,0.001096,0.425000,0.394338
7.784000,0.393288,0.397524,-0.000052,0.001097,0.425000,0.394093
7.786000,0.393408,0.397734,-0.000052,0.001099,0.425000,0.393858
7.788000,0.393521,0.397932,-0.000052,0.001100,0.425000,0.393636
7.790000,0.393625,0.398120,-0.000052,0.001101,0.425000,0.393428
7.792000,0.393721,0.398297,-0.000052,0.001102,0.425000,0.393233
7.794000,0.393809,0.398464,-0.000052,0.001103,0.425000,0.393045
7.796000,0.393889,0.398621,-0.000052,0.001104,0.425000,0.392857
7.798000,0.393960,0.398768,-0.000052,0.001105,0.425000,0.392678
7.800000,0.394022,0.398905,-0.000052,0.001107,0.425000,0.392510
7.802000,0.394076,0.399032,-0.000052,0.001108,0.425000,0.392353
7.804000,0.394122,0.399150,-0.000052,0.001109,0.425000,0.392208
7.806000,0.394159,0.399259,-0.000052,0.001111,0.425000,0.392072
7.808000,0.394189,0.399359,-0.000052,0.001112,0.425000,0.391929
7.810000,0.394213,0.399449,-0.000052,0.001114,0.425000,0.391794
7.812000,0.394232,0.399531,-0.000052,0.001115,0.425000,0.391671
7.814000,0.394247,0.399604,-0.000052,0.001116,0.425000,0.391559
7.816000,0.394259,0.399669,-0.000052,0.001117,0.425000,0.391458
7.818000,0.394269,0.399727,-0.000052,0.001117,0.425000,0.391362
7.820000,0.394276,0.399776,-0.000052,0.001118,0.425000,0.391273
7.822000,0.394282,0.399818,-0.000052,0.001118,0.425000,0.391190
7.824000,0.394287,0.399854,-0.000052,0.001120,0.425000,0.391119
7.826000,0.394291,0.399882,-0.000052,0.001121,0.425000,0.391057
7.828000,0.394294,0.399904,-0.000052,0.001122,0.425000,0.391004
7.830000,0.394296,0.399920,-0.000052,0.001123,0.425000,0.390959
7.832000,0.394298,0.399930,-0.000052,0.001124,0.425000,0.390923
7.834000,0.394300,0.399935,-0.000052,0.001125,0.425000,0.390894
7.836000,0.394301,0.399936,-0.000052,0.001125,0.425000,0.390856
7.838000,0.394302,0.399931,-0.000052,0.001126,0.425000,0.390825
7.840000,0.394302,0.399923,-0.000052,0.001127,0.425000,0.390804
7.842000,0.394303,0.399911,-0.000052,0.001127,0.425000,0.390792
7.844000,0.394304,0.399894,-0.000052,0.001127,0.425000,0.390790
7.846000,0.394304,0.399874,-0.000052,0.001128,0.425000,0.390797
7.848000,0.394304,0.399852,-0.000052,0.001128,0.425000,0.390813
7.850000,0.394304,0.399826,-0.000052,0.001128,0.425000,0.390832
7.852000,0.394305,0.399799,-0.000052,0.001129,0.425000,0.390857
7.854000,0.394305,0.399769,-0.000052,0.001129,0.425000,0.390888
7.856000,0.394305,0.399736,-0.000052,0.001130,0.425000,0.390928
7.858000,0.394305,0.399702,-0.000052,0.001131,0.425000,0.390975
7.860000,0.394305,0.399665,-0.000052,0.001132,0.425000,0.391028
7.862000,0.394305,0.399627,-0.000052,0.001133,0.425000,0.391088
7.864000,0.394305,0.399588,-0.000052,0.001133,0.425000,0.391154
7.866000,0.394305,0.399547,-0.000052,0.001134,0.425000,0.391228
7.868000,0.394305,0.399505,-0.000052,0.001135,0.425000,0.391308
7.870000,0.394305,0.399462,-0.000052,0.001135,0.425000,0.391372
7.872000,0.394305,0.399418,-0.000052,0.001136,0.425000,0.391442
7.874000,0.394305,0.399373,-0.000052,0.001136,0.425000,0.391522
7.876000,0.394305,0.399327,-0.000052,0.001135,0.425000,0.391610
7.878000,0.394305,0.399280,-0.000052,0.001135,0.425000,0.391707
7.880000,0.394305,0.399232,-0.000052,0.001134,0.425000,0.391812
7.882000,0.394305,0.399184,-0.000052,0.001134,0.425000,0.391926
7.884000,0.394305,0.399135,-0.000052,0.001133,0.425000,0.392048
7.886000,0.394305,0.399085,-0.000052,0.001133,0.425000,0.392177
7.888000,0.394305,0.399035,-0.000052,0.001133,0.425000,0.392314
7.890000,0.394305,0.398985,-0.000052,0.001132,0.425000,0.392459
7.892000,0.394305,0.398934,-0.000052,0.001132,0.425000,0.392611
7.894000,0.394305,0.398882,-0.000052,0.001132,0.425000,0.392769
7.896000,0.394305,0.398831,-0.000052,0.001132,0.425000,0.392935
7.898000,0.394305,0.398779,-0.000052,0.001131,0.425000,0.393106
7.900000,0.394305,0.398727,-0.000052,0.001131,0.425000,0.393282
7.902000,0.394305,0.398675,-0.000052,0.001130,0.425000,0.393462
7.904000,0.394305,0.398623,-0.000052,0.001130,0.425000,0.393648
7.906000,0.394305,0.398571,-0.000052,0.001130,0.425000,0.393840
7.908000,0.394305,0.398519,-0.000052,0.001130,0.425000,0.394037
7.910000,0.394305,0.398468,-0.000052,0.001130,0.425000,0.394239
7.912000,0.394305,0.398416,-0.000052,0.001130,0.425000,0.394447
7.914000,0.394305,0.398364,-0.000052,0.001130,0.425000,0.394661
7.916000,0.394305,0.398313,-0.000052,0.001129,0.425000,0.394880
7.918000,0.394305,0.398262,-0.000052,0.001129,0.425000,0.395104
7.920000,0.394305,0.398211,-0.000052,0.001128,0.425000,0.395334
7.922000,0.394305,0.398161,-0.000052,0.001128,0.425000,0.395569
7.924000,0.394305,0.398111,-0.000052,0.001128,0.425000,0.395808
7.926000,0.394305,0.398061,-0.000052,0.001127,0.425000,0.396052
7.928000,0.394305,0.398012,-0.000052,0.001127,0.425000,0.396301
7.930000,0.394305,0.397964,-0.000052,0.001126,0.425000,0.396555
7.932000,0.394305,0.397916,-0.000052,0.001126,0.425000,0.396806
7.934000,0.394305,0.397869,-0.000052,0.001125,0.425000,0.397062
7.936000,0.394305,0.397822,-0.000052,0.001124,0.425000,0.397324
7.938000,0.394305,0.397775,-0.000052,0.001124,0.425000,0.397592
7.940000,0.394305,0.397730,-0.000052,0.001123,0.425002,0.397865
7.942000,0.394305,0.397684,-0.000052,0.001122,0.425012,0.398143
7.944000,0.394305,0.397639,-0.000052,0.001121,0.425030,0.398426
7.946000,0.394305,0.397594,-0.000052,0.001121,0.425056,0.398710
7.948000,0.394305,0.397550,-0.000052,0.001120,0.425090,0.398998
7.950000,0.394305,0.397506,-0.000052,0.001119,0.425132,0.399291
7.952000,0.394305,0.397463,-0.000052,0.001119,0.425182,0.399589
7.954000,0.394305,0.397420,-0.000052,0.001118,0.425240,0.399893
7.956000,0.394305,0.397377,-0.000052,0.001117,0.425306,0.400201
7.958000,0.394305,0.397335,-0.000052,0.001117,0.425380,0.400515
7.960000,0.394305,0.397292,-0.000052,0.001116,0.425462,0.400832
7.962000,0.394305,0.397250,-0.000052,0.001115,0.425552,0.401154
7.964000,0.394305,0.397209,-0.000052,0.001115,0.425650,0.401482
7.966000,0.394305,0.397167,-0.000052,0.001114,0.425756,0.401814
7.968000,0.394305,0.397126,-0.000052,0.001113,0.425870,0.402151
7.970000,0.394305,0.397086,-0.000052,0.001112,0.425992,0.402493
7.972000,0.394305,0.397045,-0.000052,0.001111,0.426122,0.402841
7.974000,0.394305,0.397005,-0.000052,0.001110,0.426260,0.403193
7.976000,0.394305,0.396965,-0.000052,0.001109,0.426406,0.403550
7.978000,0.394305,0.396925,-0.000052,0.001108,0.426560,0.403912
7.980000,0.394305,0.396885,-0.000052,0.001107,0.426722,0.404279
7.982000,0.394305,0.396846,-0.000052,0.001106,0.426892,0.404650
7.984000,0.394305,0.396807,-0.000052,0.001105,0.427070,0.405026
7.986000,0.394305,0.396768,-0.000052,0.001104,0.427256,0.405407
7.988000,0.394305,0.396730,-0.000052,0.001103,0.427450,0.405793
7.990000,0.394305,0.396692,-0.000052,0.001102,0.427652,0.406184
7.992000,0.394305,0.396654,-0.000052,0.001101,0.427862,0.406580
7.994000,0.394305,0.396616,-0.000052,0.001100,0.428080,0.406981
7.996000,0.394305,0.396579,-0.000052,0.001099,0.428306,0.407387
7.998000,0.394305,0.396542,-0.000052,0.001098,0.428541,0.407798
8.000000,0.394305,0.396506,-0.000052,0.001097,0.428783,0.408214
8.002000,0.394305,0.396470,-0.000052,0.001096,0.429033,0.408634
8.004000,0.394305,0.396434,-0.000052,0.001095,0.429291,0.409058
8.006000,0.394305,0.396398,-0.000052,0.001093,0.429557,0.409487
8.008000,0.394305,0.396363,-0.000052,0.001092,0.429831,0.409921
8.010000,0.394305,0.396328,-0.000052,0.001091,0.430113,0.410360
8.012000,0.394305,0.396294,-0.000052,0.001090,0.430403,0.410806
8.014000,0.394305,0.396259,-0.000052,0.001088,0.430701,0.411255
8.016000,0.394305,0.396225,-0.000052,0.001087,0.431007,0.411709
8.018000,0.394305,0.396192,-0.000052,0.001086,0.431321,0.412169
8.020000,0.394305,0.396158,-0.000052,0.001085,0.431642,0.412633
8.022000,0.394305,0.396125,-0.000052,0.001083,0.431971,0.413103
8.024000,0.394305,0.396092,-0.000052,0.001082,0.432305,0.413578
8.026000,0.394305,0.396059,-0.000052,0.001081,0.432643,0.414058
8.028000,0.394305,0.396027,-0.000052,0.001080,0.432985,0.414542
8.030000,0.394305,0.395994,-0.000052,0.001079,0.433329,0.415030
8.032000,0.394305,0.395962,-0.000052,0.001077,0.433674,0.415521
8.034000,0.394305,0.395930,-0.000052,0.001076,0.434022,0.416014
8.036000,0.394305,0.395898,-0.000052,0.001075,0.434370,0.416509
8.038000,0.394305,0.395867,-0.000052,0.001073,0.434719,0.417006
8.040000,0.394305,0.395836,-0.000052,0.001072,0.435068,0.417501
8.042000,0.394305,0.395806,-0.000052,0.001071,0.435418,0.417997
8.044000,0.394305,0.395776,-0.000052,0.001070,0.435768,0.418494
8.046000,0.394305,0.395746,-0.000052,0.001069,0.436118,0.418992
8.048000,0.394305,0.395717,-0.000052,0.001067,0.436467,0.419489
8.050000,0.394305,0.395689,-0.000052,0.001066,0.436817,0.419985
8.052000,0.394305,0.395661,-0.000052,0.001065,0.437167,0.420483
8.054000,0.394305,0.395633,-0.000052,0.001063,0.437516,0.420980
8.056000,0.394305,0.395606,-0.000052,0.001062,0.437864,0.421477
8.058000,0.394305,0.395580,-0.000052,0.001060,0.438213,0.421974
8.060000,0.394305,0.395553,-0.000052,0.001058,0.438561,0.422470
8.062000,0.394305,0.395527,-0.000052,0.001057,0.438909,0.422967
8.064000,0.394305,0.395502,-0.000052,0.001055,0.439256,0.423462
8.066000,0.394305,0.395477,-0.000052,0.001053,0.439603,0.423958
8.068000,0.394305,0.395451,-0.000052,0.001052,0.439949,0.424452
8.070000,0.394305,0.395427,-0.000052,0.001050,0.440295,0.424946
8.072000,0.394305,0.395402,-0.000052,0.001048,0.440641,0.425438
8.074000,0.394305,0.395378,-0.000052,0.001046,0.440986,0.425930
8.076000,0.394305,0.395354,-0.000052,0.001045,0.441331,0.426421
8.078000,0.394305,0.395330,-0.000052,0.001043,0.441675,0.426910
8.080000,0.394305,0.395306,-0.000052,0.001041,0.442019,0.427399
8.082000,0.394305,0.395283,-0.000052,0.001039,0.442362,0.427886
8.084000,0.394305,0.395260,-0.000052,0.001038,0.442705,0.428369
8.086000,0.394305,0.395237,-0.000052,0.001036,0.443047,0.428852
8.088000,0.394305,0.395214,-0.000052,0.001034,0.443389,0.429332
8.090000,0.394305,0.395192,-0.000052,0.001033,0.443731,0.429811
8.092000,0.394305,0.395170,-0.000052,0.001031,0.444072,0.430288
8.094000,0.394305,0.395148,-0.000052,0.001030,0.444412,0.430763
8.096000,0.394305,0.395126,-0.000052,0.001028,0.444752,0.431237
8.098000,0.394305,0.395104,-0.000052,0.001027,0.445092,0.431709
8.100000,0.394305,0.395083,-0.000052,0.001026,0.445431,0.432178
8.102000,0.394305,0.395061,-0.000052,0.001025,0.445770,0.432643
8.104000,0.394305,0.395040,-0.000052,0.001023,0.446108,0.433106
8.106000,0.394305,0.395019,-0.000052,0.001022,0.446446,0.433567
8.108000,0.394305,0.394997,-0.000052,0.001020,0.446783,0.434026
8.110000,0.394305,0.394976,-0.000052,0.001019,0.447120,0.434484
8.112000,0.394305,0.394955,-0.000052,0.001018,0.447456,0.434940
8.114000,0.394305,0.394934,-0.000052,0.001016,0.447792,0.435395
8.116000,0.394305,0.394913,-0.000052,0.001015,0.448128,0.435848
8.118000,0.394305,0.394893,-0.000052,0.001013,0.448463,0.436299
8.120000,0.394305,0.394872,-0.000052,0.001012,0.448798,0.436750
8.122000,0.394305,0.394852,-0.000052,0.001011,0.449132,0.437200
8.124000,0.394305,0.394832,-0.000052,0.001010,0.449466,0.437643
8.126000,0.394305,0.394812,-0.000052,0.001008,0.449799,0.438084
8.128000,0.394305,0.394793,-0.000052,0.001007,0.450132,0.438526
8.130000,0.394305,0.394773,-0.000052,0.001005,0.450464,0.438967
8.132000,0.394305,0.394754,-0.000052,0.001004,0.450796,0.439407
8.134000,0.394305,0.394735,-0.000052,0.001002,0.451127,0.439847
8.136000,0.394305,0.394717,-0.000052,0.001001,0.451458,0.440287
8.138000,0.394305,0.394698,-0.000052,0.000999,0.451789,0.440719
8.140000,0.394305,0.394679,-0.000052,0.000997,0.452119,0.441150
8.142000,0.394305,0.394661,-0.000052,0.000996,0.452449,0.441580
8.144000,0.394305,0.394642,-0.000052,0.000995,0.452778,0.442010
8.146000,0.394305,0.394623,-0.000052,0.000993,0.453107,0.442440
8.148000,0.394305,0.394604,-0.000052,0.000992,0.453435,0.442869
8.150000,0.394305,0.394586,-0.000052,0.000990,0.453763,0.443298
8.152000,0.394305,0.394567,-0.000052,0.000988,0.454091,0.443726
8.154000,0.394305,0.394548,-0.000052,0.000986,0.454418,0.444153
8.156000,0.394305,0.394530,-0.000052,0.000984,0.454744,0.444580
8.158000,0.394305,0.394511,-0.000052,0.000982,0.455070,0.445006
8.160000,0.394305,0.394493,-0.000052,0.000980,0.455396,0.445432
8.162000,0.394305,0.394474,-0.000052,0.000978,0.455721,0.445857
8.164000,0.394305,0.394456,-0.000052,0.000976,0.456046,0.446279
8.166000,0.394305,0.394438,-0.000052,0.000974,0.456370,0.446700
8.168000,0.394305,0.394420,-0.000052,0.000972,0.456694,0.447120
8.170000,0.394305,0.394402,-0.000052,0.000970,0.457018,0.447540
8.172000,0.394305,0.394385,-0.000052,0.000967,0.457341,0.447959
8.174000,0.394305,0.394368,-0.000052,0.000965,0.457664,0.448377
8.176000,0.394305,0.394350,-0.000052,0.000962,0.457986,0.448793
8.178000,0.394305,0.394333,-0.000052,0.000959,0.458307,0.449205
8.180000,0.394305,0.394317,-0.000052,0.000957,0.458629,0.449616
8.182000,0.394305,0.394300,-0.000052,0.000954,0.458950,0.450024
8.184000,0.394305,0.394284,-0.000052,0.000952,0.459270,0.450430
8.186000,0.394305,0.394268,-0.000052,0.000950,0.459590,0.450835
8.188000,0.394305,0.394252,-0.000052,0.000947,0.459910,0.451236
8.190000,0.394305,0.394236,-0.000052,0.000945,0.460229,0.451636
8.192000,0.394305,0.394220,-0.000052,0.000943,0.460548,0.452034
8.194000,0.394305,0.394205,-0.000052,0.000941,0.460866,0.452430
8.196000,0.394305,0.394190,-0.000052,0.000939,0.461184,0.452825
8.198000,0.394305,0.394175,-0.000052,0.000936,0.461501,0.453220
8.200000,0.394305,0.394161,-0.000052,0.000934,0.461818,0.453613
8.202000,0.394305,0.394146,-0.000052,0.000932,0.462135,0.454005
8.204000,0.394305,0.394132,-0.000052,0.000930,0.462451,0.454397
8.206000,0.394305,0.394118,-0.000052,0.000929,0.462767,0.454782
8.208000,0.394305,0.394105,-0.000052,0.000927,0.463082,0.455166
8.210000,0.394305,0.394091,-0.000052,0.000925,0.463397,0.455544
8.212000,0.394305,0.394078,-0.000052,0.000924,0.463711,0.455922
8.214000,0.394305,0.394065,-0.000052,0.000922,0.464025,0.456301
8.216000,0.394305,0.394052,-0.000052,0.000920,0.464339,0.456680
8.218000,0.394305,0.394039,-0.000052,0.000918,0.464652,0.457060
8.220000,0.394305,0.394027,-0.000052,0.000916,0.464965,0.457439
8.222000,0.394305,0.394014,-0.000052,0.000915,0.465277,0.457818
8.224000,0.394305,0.394002,-0.000052,0.000913,0.465589,0.458197
8.226000,0.394305,0.393990,-0.000052,0.000911,0.465900,0.458576
8.228000,0.394305,0.393978,-0.000052,0.000909,0.466211,0.458954
8.230000,0.394305,0.393966,-0.000052,0.000908,0.466522,0.459332
8.232000,0.394305,0.393955,-0.000052,0.000906,0.466832,0.459710
8.234000,0.394305,0.393943,-0.000052,0.000904,0.467142,0.460088
8.236000,0.394305,0.393932,-0.000052,0.000903,0.467451,0.460465
8.238000,0.394305,0.393920,-0.000052,0.000901,0.467760,0.460842
8.240000,0.394305,0.393909,-0.000052,0.000899,0.468069,0.461218
8.242000,0.394305,0.393897,-0.000052,0.000898,0.468377,0.461594
8.244000,0.394305,0.393886,-0.000052,0.000896,0.468685,0.461970
8.246000,0.394305,0.393875,-0.000052,0.000894,0.468992,0.462344
8.248000,0.394305,0.393864,-0.000052,0.000892,0.469299,0.462719
8.250000,0.394305,0.393853,-0.000052,0.000891,0.469605,0.463093
8.252000,0.394305,0.393842,-0.000052,0.000889,0.469911,0.463466
8.254000,0.394305,0.393831,-0.000052,0.000887,0.470217,0.463837
8.256000,0.394305,0.393820,-0.000052,0.000885,0.470522,0.464207
8.258000,0.394305,0.393809,-0.000052,0.000884,0.470827,0.464574
8.260000,0.394305,0.393798,-0.000052,0.000882,0.471131,0.464939
8.262000,0.394305,0.393787,-0.000052,0.000880,0.471435,0.465303
8.264000,0.394305,0.393776,-0.000052,0.000878,0.471739,0.465668
8.266000,0.394305,0.393765,-0.000052,0.000876,0.472042,0.466032
8.268000,0.394305,0.393754,-0.000052,0.000874,0.472345,0.466395
8.270000,0.394305,0.393744,-0.000052,0.000872,0.472647,0.466757
8.272000,0.394305,0.393733,-0.000052,0.000870,0.472949,0.467118
8.274000,0.394305,0.393722,-0.000052,0.000868,0.473251,0.467477
8.276000,0.394305,0.393712,-0.000052,0.000867,0.473552,0.467835
8.278000,0.394305,0.393701,-0.000052,0.000865,0.473852,0.468192
8.280000,0.394305,0.393691,-0.000052,0.000863,0.474153,0.468547
8.282000,0.394305,0.393680,-0.000052,0.000862,0.474453,0.468901
8.284000,0.394305,0.393670,-0.000052,0.000860,0.474752,0.469254
8.286000,0.394305,0.393660,-0.000052,0.000858,0.475051,0.469606
8.288000,0.394305,0.393650,-0.000052,0.000857,0.475350,0.469956
8.290000,0.394305,0.393640,-0.000052,0.000855,0.475648,0.470306
8.292000,0.394305,0.393630,-0.000052,0.000854,0.475946,0.470655
8.294000,0.394305,0.393620,-0.000052,0.000852,0.476244,0.471004
8.296000,0.394305,0.393611,-0.000052,0.000851,0.476541,0.471352
8.298000,0.394305,0.393601,-0.000052,0.000849,0.476837,0.471697
8.300000,0.394305,0.393592,-0.000052,0.000848,0.477134,0.472041
8.302000,0.394305,0.393582,-0.000052,0.000847,0.477429,0.472382
8.304000,0.394305,0.393573,-0.000052,0.000846,0.477725,0.472722
8.306000,0.394305,0.393564,-0.000052,0.000845,0.478020,0.473063
8.308000,0.394305,0.393555,-0.000052,0.000844,0.478315,0.473401
8.310000,0.394305,0.393547,-0.000052,0.000843,0.478609,0.473739
8.312000,0.394305,0.393538,-0.000052,0.000842,0.478903,0.474076
8.314000,0.394305,0.393529,-0.000052,0.000841,0.479196,0.474414
8.316000,0.394305,0.393521,-0.000052,0.000840,0.479489,0.474752
8.318000,0.394305,0.393513,-0.000052,0.000838,0.479782,0.475090
8.320000,0.394305,0.393504,-0.000052,0.000837,0.480074,0.475427
8.322000,0.394305,0.393496,-0.000052,0.000836,0.480366,0.475764
8.324000,0.394305,0.393488,-0.000052,0.000835,0.480658,0.476100
8.326000,0.394305,0.393480,-0.000052,0.000833,0.480949,0.476436
8.328000,0.394305,0.393472,-0.000052,0.000832,0.481239,0.476772
8.330000,0.394305,0.393464,-0.000052,0.000831,0.481530,0.477107
8.332000,0.394305,0.393457,-0.000052,0.000830,0.481820,0.477442
8.334000,0.394305,0.393449,-0.000052,0.000829,0.482109,0.477777
8.336000,0.394305,0.393441,-0.000052,0.000828,0.482398,0.478111
8.338000,0.394305,0.393434,-0.000052,0.000827,0.482687,0.478445
8.340000,0.394305,0.393426,-0.000052,0.000826,0.482975,0.478777
8.342000,0.394305,0.393419,-0.000052,0.000824,0.483263,0.479109
8.344000,0.394305,0.393411,-0.000052,0.000823,0.483551,0.479440
8.346000,0.394305,0.393404,-0.000052,0.000822,0.483838,0.479771
8.348000,0.394305,0.393397,-0.000052,0.000821,0.484125,0.480101
8.350000,0.394305,0.393390,-0.000052,0.000820,0.484411,0.480431
8.352000,0.394305,0.393383,-0.000052,0.000818,0.484697,0.480760
8.354000,0.394305,0.393375,-0.000052,0.000817,0.484983,0.481088
8.356000,0.394305,0.393368,-0.000052,0.000816,0.485268,0.481416
8.358000,0.394305,0.393362,-0.000052,0.000815,0.485553,0.481744
8.360000,0.394305,0.393355,-0.000052,0.000814,0.485838,0.482071
8.362000,0.394305,0.393348,-0.000052,0.000812,0.486122,0.482396
8.364000,0.394305,0.393341,-0.000052,0.000811,0.486405,0.482718
8.366000,0.394305,0.393334,-0.000052,0.000810,0.486689,0.483038
8.368000,0.394305,0.393327,-0.000052,0.000808,0.486972,0.483357
8.370000,0.394305,0.393320,-0.000052,0.000807,0.487254,0.483677
8.372000,0.394305,0.393314,-0.000052,0.000806,0.487536,0.483996
8.374000,0.394305,0.393307,-0.000052,0.000805,0.487818,0.484315
8.376000,0.394305,0.393300,-0.000052,0.000803,0.488099,0.484633
8.378000,0.394305,0.393293,-0.000052,0.000802,0.488380,0.484952
8.380000,0.394305,0.393286,-0.000052,0.000801,0.488660,0.485270
8.382000,0.394305,0.393279,-0.000052,0.000800,0.488940,0.485587
8.384000,0.394305,0.393272,-0.000052,0.000798,0.489219,0.485904
8.386000,0.394305,0.393265,-0.000052,0.000797,0.489497,0.486220
8.388000,0.394305,0.393259,-0.000052,0.000796,0.489775,0.486536
8.390000,0.394305,0.393252,-0.000052,0.000795,0.490052,0.486850
8.392000,0.394305,0.393246,-0.000052,0.000793,0.490328,0.487163
8.394000,0.394305,0.393239,-0.000052,0.000792,0.490604,0.487475
8.396000,0.394305,0.393232,-0.000052,0.000791,0.490879,0.487785
8.398000,0.394305,0.393226,-0.000052,0.000790,0.491153,0.488095
8.400000,0.394305,0.393220,-0.000052,0.000789,0.491427,0.488403
8.402000,0.394305,0.393213,-0.000052,0.000788,0.491699,0.488711
8.404000,0.394305,0.393207,-0.000052,0.000787,0.491971,0.489017
8.406000,0.394305,0.393201,-0.000052,0.000786,0.492243,0.489323
8.408000,0.394305,0.393195,-0.000052,0.000785,0.492513,0.489628
8.410000,0.394305,0.393188,-0.000052,0.000785,0.492783,0.489932
8.412000,0.394305,0.393182,-0.000052,0.000784,0.493053,0.490235
8.414000,0.394305,0.393176,-0.000052,0.000783,0.493321,0.490538
8.416000,0.394305,0.393170,-0.000052,0.000782,0.493589,0.490840
8.418000,0.394305,0.393164,-0.000052,0.000781,0.493856,0.491141
8.420000,0.394305,0.393158,-0.000052,0.000780,0.494122,0.491440
8.422000,0.394305,0.393152,-0.000052,0.000779,0.494388,0.491739
8.424000,0.394305,0.393147,-0.000052,0.000779,0.494653,0.492035
8.426000,0.394305,0.393141,-0.000052,0.000778,0.494917,0.492329
8.428000,0.394305,0.393136,-0.000052,0.000777,0.495181,0.492623
8.430000,0.394305,0.393131,-0.000052,0.000777,0.495443,0.492916
8.432000,0.394305,0.393125,-0.000052,0.000776,0.495705,0.493209
8.434000,0.394305,0.393121,-0.000052,0.000776,0.495967,0.493501
8.436000,0.394305,0.393116,-0.000052,0.000775,0.496228,0.493792
8.438000,0.394305,0.393111,-0.000052,0.000775,0.496488,0.494082
8.440000,0.394305,0.393106,-0.000052,0.000774,0.496747,0.494372
8.442000,0.394305,0.393102,-0.000052,0.000773,0.497006,0.494661
8.444000,0.394305,0.393098,-0.000052,0.000773,0.497264,0.494950
8.446000,0.394305,0.393093,-0.000052,0.000772,0.497521,0.495238
8.448000,0.394305,0.393089,-0.000052,0.000771,0.497777,0.495525
8.450000,0.394305,0.393085,-0.000052,0.000770,0.498033,0.495812
8.452000,0.394305,0.393081,-0.000052,0.000769,0.498288,0.496099
8.454000,0.394305,0.393077,-0.000052,0.000769,0.498543,0.496384
8.456000,0.394305,0.393073,-0.000052,0.000768,0.498797,0.496670
8.458000,0.394305,0.393070,-0.000052,0.000767,0.499050,0.496954
8.460000,0.394305,0.393066,-0.000052,0.000766,0.499302,0.497238
8.462000,0.394305,0.393062,-0.000052,0.000765,0.499554,0.497520
8.464000,0.394305,0.393058,-0.000052,0.000765,0.499805,0.497802
8.466000,0.394305,0.393054,-0.000052,0.000764,0.500056,0.498083
8.468000,0.394305,0.393051,-0.000052,0.000763,0.500306,0.498363
8.470000,0.394305,0.393047,-0.000052,0.000762,0.500555,0.498642
8.472000,0.394305,0.393044,-0.000052,0.000761,0.500803,0.498920
8.474000,0.394305,0.393040,-0.000052,0.000761,0.501051,0.499196
8.476000,0.394305,0.393037,-0.000052,0.000760,0.501298,0.499472
8.478000,0.394305,0.393033,-0.000052,0.000759,0.501545,0.499746
8.480000,0.394305,0.393030,-0.000052,0.000758,0.501791,0.500020
8.482000,0.394305,0.393026,-0.000052,0.000757,0.502036,0.500293
8.484000,0.394305,0.393023,-0.000052,0.000756,0.502280,0.500565
8.486000,0.394305,0.393019,-0.000052,0.000756,0.502524,0.500837
8.488000,0.394305,0.393016,-0.000052,0.000755,0.502767,0.501108
8.490000,0.394305,0.393012,-0.000052,0.000754,0.503010,0.501378
8.492000,0.394305,0.393009,-0.000052,0.000753,0.503252,0.501647
8.494000,0.394305,0.393006,-0.000052,0.000752,0.503493,0.501916
8.496000,0.394305,0.393002,-0.000052,0.000751,0.503734,0.502185
8.498000,0.394305,0.392999,-0.000052,0.000750,0.503974,0.502452
8.500000,0.394305,0.392995,-0.000052,0.000749,0.504213,0.502719
8.502000,0.394305,0.392991,-0.000052,0.000749,0.504452,0.502985
8.504000,0.394305,0.392988,-0.000052,0.000748,0.504690,0.503251
8.506000,0.394305,0.392984,-0.000052,0.000747,0.504927,0.503513
8.508000,0.394305,0.392981,-0.000052,0.000746,0.505164,0.503774
8.510000,0.394305,0.392977,-0.000052,0.000745,0.505400,0.504034
8.512000,0.394305,0.392973,-0.000052,0.000744,0.505636,0.504294
8.514000,0.394305,0.392969,-0.000052,0.000743,0.505871,0.504553
8.516000,0.394305,0.392965,-0.000052,0.000742,0.506105,0.504812
8.518000,0.394305,0.392961,-0.000052,0.000742,0.506339,0.505070
8.520000,0.394305,0.392957,-0.000052,0.000741,0.506572,0.505327
8.522000,0.394305,0.392953,-0.000052,0.000740,0.506804,0.505584
8.524000,0.394305,0.392949,-0.000052,0.000739,0.507036,0.505840
8.526000,0.394305,0.392945,-0.000052,0.000738,0.507267,0.506096
8.528000,0.394305,0.392941,-0.000052,0.000738,0.507498,0.506351
8.530000,0.394305,0.392937,-0.000052,0.000737,0.507728,0.506605
8.532000,0.394305,0.392933,-0.000052,0.000736,0.507957,0.506859
8.534000,0.394305,0.392930,-0.000052,0.000736,0.508186,0.507113
8.536000,0.394305,0.392926,-0.000052,0.000735,0.508414,0.507366
8.538000,0.394305,0.392922,-0.000052,0.000734,0.508642,0.507619
8.540000,0.394305,0.392918,-0.000052,0.000734,0.508868,0.507871
8.542000,0.394305,0.392915,-0.000052,0.000733,0.509095,0.508122
8.544000,0.394305,0.392911,-0.000052,0.000733,0.509320,0.508372
8.546000,0.394305,0.392908,-0.000052,0.000732,0.509546,0.508623
8.548000,0.394305,0.392904,-0.000052,0.000731,0.509770,0.508872
8.550000,0.394305,0.392901,-0.000052,0.000731,0.509994,0.509121
8.552000,0.394305,0.392898,-0.000052,0.000730,0.510217,0.509368
8.554000,0.394305,0.392895,-0.000052,0.000730,0.510440,0.509615
8.556000,0.394305,0.392891,-0.000052,0.000729,0.510662,0.509862
8.558000,0.394305,0.392888,-0.000052,0.000729,0.510884,0.510107
8.560000,0.394305,0.392885,-0.000052,0.000729,0.511104,0.510352
8.562000,0.394305,0.392882,-0.000052,0.000728,0.511325,0.510597
8.564000,0.394305,0.392879,-0.000052,0.000728,0.511545,0.510840
8.566000,0.394305,0.392876,-0.000052,0.000728,0.511764,0.511083
8.568000,0.394305,0.392873,-0.000052,0.000727,0.511982,0.511326
8.570000,0.394305,0.392870,-0.000052,0.000727,0.512200,0.511567
8.572000,0.394305,0.392867,-0.000052,0.000727,0.512418,0.511808
8.574000,0.394305,0.392864,-0.000052,0.000726,0.512635,0.512049
8.576000,0.394305,0.392861,-0.000052,0.000726,0.512851,0.512288
8.578000,0.394305,0.392857,-0.000052,0.000726,0.513066,0.512527
8.580000,0.394305,0.392854,-0.000052,0.000726,0.513282,0.512764
8.582000,0.394305,0.392851,-0.000052,0.000725,0.513496,0.513002
8.584000,0.394305,0.392848,-0.000052,0.000725,0.513710,0.513238
8.586000,0.394305,0.392845,-0.000052,0.000725,0.513923,0.513474
8.588000,0.394305,0.392842,-0.000052,0.000725,0.514136,0.513709
8.590000,0.394305,0.392839,-0.000052,0.000725,0.514348,0.513944
8.592000,0.394305,0.392836,-0.000052,0.000725,0.514560,0.514178
8.594000,0.394305,0.392833,-0.000052,0.000725,0.514771,0.514411
8.596000,0.394305,0.392830,-0.000052,0.000725,0.514982,0.514643
8.598000,0.394305,0.392827,-0.000052,0.000724,0.515192,0.514873
8.600000,0.394305,0.392824,-0.000052,0.000724,0.515401,0.515103
8.602000,0.394305,0.392821,-0.000052,0.000725,0.515610,0.515333
8.604000,0.394305,0.392818,-0.000052,0.000725,0.515818,0.515561
8.606000,0.394305,0.392815,-0.000052,0.000725,0.516026,0.515789
8.608000,0.394305,0.392812,-0.000052,0.000725,0.516233,0.516017
8.610000,0.394305,0.392809,-0.000052,0.000725,0.516440,0.516244
8.612000,0.394305,0.392806,-0.000052,0.000725,0.516646,0.516470
8.614000,0.394305,0.392804,-0.000052,0.000724,0.516852,0.516696
8.616000,0.394305,0.392801,-0.000052,0.000724,0.517057,0.516921
8.618000,0.394305,0.392798,-0.000052,0.000724,0.517261,0.517145
8.620000,0.394305,0.392795,-0.000052,0.000724,0.517465,0.517368
8.622000,0.394305,0.392793,-0.000052,0.000724,0.517668,0.517591
8.624000,0.394305,0.392790,-0.000052,0.000724,0.517871,0.517812
8.626000,0.394305,0.392788,-0.000052,0.000724,0.518074,0.518034
8.628000,0.394305,0.392786,-0.000052,0.000724,0.518275,0.518254
8.630000,0.394305,0.392784,-0.000052,0.000724,0.518476,0.518475
8.632000,0.394305,0.392782,-0.000052,0.000724,0.518677,0.518694
8.634000,0.394305,0.392780,-0.000052,0.000724,0.518877,0.518914
8.636000,0.394305,0.392778,-0.000052,0.000724,0.519077,0.519133
8.638000,0.394305,0.392777,-0.000052,0.000723,0.519276,0.519351
8.640000,0.394305,0.392775,-0.000052,0.000723,0.519474,0.519569
8.642000,0.394305,0.392773,-0.000052,0.000723,0.519672,0.519786
8.644000,0.394305,0.392772,-0.000052,0.000723,0.519870,0.520003
8.646000,0.394305,0.392771,-0.000052,0.000723,0.520067,0.520218
8.648000,0.394305,0.392769,-0.000052,0.000723,0.520263,0.520432
8.650000,0.394305,0.392768,-0.000052,0.000722,0.520459,0.520646
8.652000,0.394305,0.392767,-0.000052,0.000722,0.520655,0.520860
8.654000,0.394305,0.392766,-0.000052,0.000722,0.520849,0.521073
8.656000,0.394305,0.392765,-0.000052,0.000721,0.521044,0.521285
8.658000,0.394305,0.392764,-0.000052,0.000721,0.521238,0.521498
8.660000,0.394305,0.392764,-0.000052,0.000721,0.521431,0.521710
8.662000,0.394305,0.392763,-0.000052,0.000720,0.521624,0.521921
8.664000,0.394305,0.392762,-0.000052,0.000720,0.521816,0.522132
8.666000,0.394305,0.392761,-0.000052,0.000720,0.522008,0.522342
8.668000,0.394305,0.392760,-0.000052,0.000719,0.522199,0.522552
8.670000,0.394305,0.392759,-0.000052,0.000719,0.522390,0.522761
8.672000,0.394305,0.392759,-0.000052,0.000719,0.522580,0.522970
8.674000,0.394305,0.392758,-0.000052,0.000718,0.522770,0.523178
8.676000,0.394305,0.392757,-0.000052,0.000718,0.522959,0.523385
8.678000,0.394305,0.392756,-0.000052,0.000718,0.523148,0.523593
8.680000,0.394305,0.392755,-0.000052,0.000717,0.523336,0.523799
8.682000,0.394305,0.392754,-0.000052,0.000717,0.523524,0.524005
8.684000,0.394305,0.392754,-0.000052,0.000717,0.523711,0.524211
8.686000,0.394305,0.392753,-0.000052,0.000716,0.523897,0.524415
8.688000,0.394305,0.392752,-0.000052,0.000716,0.524084,0.524620
8.690000,0.394305,0.392751,-0.000052,0.000715,0.524269,0.524823
8.692000,0.394305,0.392750,-0.000052,0.000715,0.524455,0.525026
8.694000,0.394305,0.392749,-0.000052,0.000715,0.524639,0.525228
8.696000,0.394305,0.392748,-0.000052,0.000714,0.524824,0.525430
8.698000,0.394305,0.392747,-0.000052,0.000714,0.525007,0.525631
8.700000,0.394305,0.392746,-0.000052,0.000713,0.525190,0.525832
8.702000,0.394305,0.392745,-0.000052,0.000713,0.525373,0.526031
8.704000,0.394305,0.392744,-0.000052,0.000712,0.525556,0.526231
8.706000,0.394305,0.392743,-0.000052,0.000712,0.525737,0.526429
8.708000,0.394305,0.392742,-0.000052,0.000711,0.525919,0.526628
8.710000,0.394305,0.392741,-0.000052,0.000711,0.526099,0.526825
8.712000,0.394305,0.392740,-0.000052,0.000711,0.526280,0.527022
8.714000,0.394305,0.392739,-0.000052,0.000710,0.526460,0.527219
8.716000,0.394305,0.392738,-0.000052,0.000710,0.526639,0.527415
8.718000,0.394305,0.392737,-0.000052,0.000709,0.526818,0.527611
8.720000,0.394305,0.392736,-0.000052,0.000709,0.526996,0.527806
8.722000,0.394305,0.392735,-0.000052,0.000708,0.527174,0.528000
8.724000,0.394305,0.392734,-0.000052,0.000708,0.527352,0.528194
8.726000,0.394305,0.392733,-0.000052,0.000707,0.527529,0.528388
8.728000,0.394305,0.392732,-0.000052,0.000707,0.527705,0.528580
8.730000,0.394305,0.392730,-0.000052,0.000707,0.527881,0.528773
8.732000,0.394305,0.392729,-0.000052,0.000706,0.528057,0.528965
8.734000,0.394305,0.392728,-0.000052,0.000706,0.528232,0.529156
8.736000,0.394305,0.392727,-0.000052,0.000705,0.528407,0.529347
8.738000,0.394305,0.392726,-0.000052,0.000705,0.528581,0.529537
8.740000,0.394305,0.392724,-0.000052,0.000705,0.528754,0.529727
8.742000,0.394305,0.392723,-0.000052,0.000704,0.528928,0.529916
8.744000,0.394305,0.392722,-0.000052,0.000704,0.529101,0.530104
8.746000,0.394305,0.392721,-0.000052,0.000704,0.529273,0.530293
8.748000,0.394305,0.392720,-0.000052,0.000704,0.529445,0.530480
8.750000,0.394305,0.392718,-0.000052,0.000703,0.529616,0.530666
8.752000,0.394305,0.392717,-0.000052,0.000703,0.529787,0.530852
8.754000,0.394305,0.392716,-0.000052,0.000703,0.529958,0.531037
8.756000,0.394305,0.392714,-0.000052,0.000702,0.530128,0.531221
8.758000,0.394305,0.392713,-0.000052,0.000702,0.530297,0.531405
8.760000,0.394305,0.392711,-0.000052,0.000702,0.530466,0.531588
8.762000,0.394305,0.392710,-0.000052,0.000702,0.530635,0.531771
8.764000,0.394305,0.392709,-0.000052,0.000701,0.530803,0.531953
8.766000,0.394305,0.392707,-0.000052,0.000701,0.530971,0.532135
8.768000,0.394305,0.392706,-0.000052,0.000701,0.531138,0.532317
8.770000,0.394305,0.392704,-0.000052,0.000701,0.531305,0.532498
8.772000,0.394305,0.392703,-0.000052,0.000700,0.531472,0.532678
8.774000,0.394305,0.392702,-0.000052,0.000700,0.531638,0.532858
8.776000,0.394305,0.392701,-0.000052,0.000700,0.531803,0.533038
8.778000,0.394305,0.392699,-0.000052,0.000700,0.531968,0.533217
8.780000,0.394305,0.392698,-0.000052,0.000700,0.532133,0.533395
8.782000,0.394305,0.392697,-0.000052,0.000700,0.532297,0.533573
8.784000,0.394305,0.392696,-0.000052,0.000700,0.532461,0.533751
8.786000,0.394305,0.392695,-0.000052,0.000699,0.532624,0.533928
8.788000,0.394305,0.392694,-0.000052,0.000699,0.532787,0.534105
8.790000,0.394305,0.392693,-0.000052,0.000699,0.532950,0.534281
8.792000,0.394305,0.392692,-0.000052,0.000699,0.533112,0.534456
8.794000,0.394305,0.392691,-0.000052,0.000699,0.533274,0.534632
8.796000,0.394305,0.392691,-0.000052,0.000699,0.533435,0.534806
8.798000,0.394305,0.392690,-0.000052,0.000699,0.533596,0.534981
8.800000,0.394305,0.392689,-0.000052,0.000699,0.533756,0.535154
8.802000,0.394305,0.392688,-0.000052,0.000699,0.533916,0.535328
8.804000,0.394305,0.392688,-0.000052,0.000699,0.534075,0.535500
8.806000,0.394305,0.392687,-0.000052,0.000699,0.534234,0.535673
8.808000,0.394305,0.392686,-0.000052,0.000699,0.534393,0.535845
8.810000,0.394305,0.392686,-0.000052,0.000699,0.534551,0.536016
8.812000,0.394305,0.392685,-0.000052,0.000699,0.534709,0.536187
8.814000,0.394305,0.392685,-0.000052,0.000699,0.534866,0.536357
8.816000,0.394305,0.392684,-0.000052,0.000700,0.535023,0.536527
8.818000,0.394305,0.392684,-0.000052,0.000700,0.535180,0.536696
8.820000,0.394305,0.392683,-0.000052,0.000700,0.535336,0.536865
8.822000,0.394305,0.392683,-0.000052,0.000700,0.535492,0.537033
8.824000,0.394305,0.392683,-0.000052,0.000700,0.535647,0.537201
8.826000,0.394305,0.392682,-0.000052,0.000700,0.535802,0.537368
8.828000,0.394305,0.392682,-0.000052,0.000700,0.535956,0.537534
8.830000,0.394305,0.392682,-0.000052,0.000700,0.536110,0.537701
8.832000,0.394305,0.392681,-0.000052,0.000701,0.536264,0.537866
8.834000,0.394305,0.392681,-0.000052,0.000701,0.536417,0.538032
8.836000,0.394305,0.392681,-0.000052,0.000701,0.536570,0.538197
8.838000,0.394305,0.392680,-0.000052,0.000701,0.536722,0.538361
8.840000,0.394305,0.392680,-0.000052,0.000701,0.536874,0.538525
8.842000,0.394305,0.392680,-0.000052,0.000701,0.537026,0.538688
8.844000,0.394305,0.392680,-0.000052,0.000702,0.537177,0.538851
8.846000,0.394305,0.392679,-0.000052,0.000702,0.537328,0.539014
8.848000,0.394305,0.392679,-0.000052,0.000702,0.537478,0.539176
8.850000,0.394305,0.392679,-0.000052,0.000702,0.537628,0.539337
8.852000,0.394305,0.392679,-0.000052,0.000702,0.537778,0.539498
8.854000,0.394305,0.392678,-0.000052,0.000702,0.537927,0.539658
8.856000,0.394305,0.392678,-0.000052,0.000703,0.538076,0.539818
8.858000,0.394305,0.392678,-0.000052,0.000703,0.538224,0.539978
8.860000,0.394305,0.392677,-0.000052,0.000703,0.538372,0.540136
8.862000,0.394305,0.392677,-0.000052,0.000703,0.538520,0.540294
8.864000,0.394305,0.392677,-0.000052,0.000704,0.538667,0.540452
8.866000,0.394305,0.392677,-0.000052,0.000704,0.538814,0.540609
8.868000,0.394305,0.392676,-0.000052,0.000704,0.538960,0.540765
8.870000,0.394305,0.392676,-0.000052,0.000704,0.539106,0.540921
8.872000,0.394305,0.392675,-0.000052,0.000704,0.539252,0.541076
8.874000,0.394305,0.392675,-0.000052,0.000705,0.539397,0.541231
8.876000,0.394305,0.392675,-0.000052,0.000705,0.539542,0.541386
8.878000,0.394305,0.392674,-0.000052,0.000705,0.539686,0.541540
8.880000,0.394305,0.392674,-0.000052,0.000706,0.539830,0.541694
8.882000,0.394305,0.392673,-0.000052,0.000706,0.539974,0.541847
8.884000,0.394305,0.392673,-0.000052,0.000706,0.540117,0.541999
8.886000,0.394305,0.392672,-0.000052,0.000706,0.540260,0.542152
8.888000,0.394305,0.392672,-0.000052,0.000707,0.540403,0.542304
8.890000,0.394305,0.392671,-0.000052,0.000707,0.540545,0.542455
8.892000,0.394305,0.392671,-0.000052,0.000707,0.540687,0.542606
8.894000,0.394305,0.392670,-0.000052,0.000707,0.540828,0.542757
8.896000,0.394305,0.392670,-0.000052,0.000708,0.540969,0.542907
8.898000,0.394305,0.392669,-0.000052,0.000708,0.541110,0.543057
8.900000,0.394305,0.392669,-0.000052,0.000708,0.541250,0.543206
8.902000,0.394305,0.392668,-0.000052,0.000708,0.541390,0.543355
8.904000,0.394305,0.392667,-0.000052,0.000709,0.541530,0.543504
8.906000,0.394305,0.392667,-0.000052,0.000709,0.541669,0.543653
8.908000,0.394305,0.392666,-0.000052,0.000709,0.541808,0.543801
8.910000,0.394305,0.392666,-0.000052,0.000709,0.541946,0.543948
8.912000,0.394305,0.392665,-0.000052,0.000709,0.542084,0.544095
8.914000,0.394305,0.392664,-0.000052,0.000710,0.542222,0.544242
8.916000,0.394305,0.392664,-0.000052,0.000710,0.542359,0.544389
8.918000,0.394305,0.392663,-0.000052,0.000710,0.542496,0.544535
8.920000,0.394305,0.392662,-0.000052,0.000710,0.542633,0.544681
8.922000,0.394305,0.392662,-0.000052,0.000710,0.542769,0.544826
8.924000,0.394305,0.392661,-0.000052,0.000711,0.542905,0.544971
8.926000,0.394305,0.392660,-0.000052,0.000711,0.543040,0.545116
8.928000,0.394305,0.392660,-0.000052,0.000711,0.543176,0.545260
8.930000,0.394305,0.392659,-0.000052,0.000711,0.543310,0.545404
8.932000,0.394305,0.392658,-0.000052,0.000711,0.543445,0.545548
8.934000,0.394305,0.392657,-0.000052,0.000712,0.543579,0.545691
8.936000,0.394305,0.392657,-0.000052,0.000712,0.543713,0.545834
8.938000,0.394305,0.392656,-0.000052,0.000712,0.543846,0.545976
8.940000,0.394305,0.392655,-0.000052,0.000712,0.543979,0.546119
8.942000,0.394305,0.392654,-0.000052,0.000712,0.544111,0.546260
8.944000,0.394305,0.392654,-0.000052,0.000712,0.544244,0.546402
8.946000,0.394305,0.392653,-0.000052,0.000712,0.544376,0.546543
8.948000,0.394305,0.392652,-0.000052,0.000712,0.544507,0.546683
8.950000,0.394305,0.392651,-0.000052,0.000712,0.544639,0.546824
8.952000,0.394305,0.392651,-0.000052,0.000713,0.544769,0.546963
8.954000,0.394305,0.392650,-0.000052,0.000713,0.544900,0.547102
8.956000,0.394305,0.392649,-0.000052,0.000713,0.545030,0.547241
8.958000,0.394305,0.392648,-0.000052,0.000713,0.545160,0.547379
8.960000,0.394305,0.392647,-0.000052,0.000713,0.545289,0.547517
8.962000,0.394305,0.392646,-0.000052,0.000713,0.545419,0.547654
8.964000,0.394305,0.392645,-0.000052,0.000713,0.545547,0.547792
8.966000,0.394305,0.392645,-0.000052,0.000713,0.545676,0.547928
8.968000,0.394305,0.392644,-0.000052,0.000713,0.545804,0.548065
8.970000,0.394305,0.392643,-0.000052,0.000713,0.545932,0.548201
8.972000,0.394305,0.392642,-0.000052,0.000714,0.546059,0.548337
8.974000,0.394305,0.392641,-0.000052,0.000714,0.546186,0.548473
8.976000,0.394305,0.392640,-0.000052,0.000714,0.546313,0.548608
8.978000,0.394305,0.392639,-0.000052,0.000714,0.546439,0.548743
8.980000,0.394305,0.392638,-0.000052,0.000714,0.546565,0.548877
8.982000,0.394305,0.392637,-0.000052,0.000714,0.546691,0.549011
8.984000,0.394305,0.392637,-0.000052,0.000714,0.546817,0.549145
8.986000,0.394305,0.392636,-0.000052,0.000714,0.546942,0.549279
8.988000,0.394305,0.392635,-0.000052,0.000714,0.547066,0.549412
8.990000,0.394305,0.392634,-0.000052,0.000714,0.547191,0.549545
8.992000,0.394305,0.392633,-0.000052,0.000714,0.547315,0.549677
8.994000,0.394305,0.392633,-0.000052,0.000714,0.547439,0.549809
8.996000,0.394305,0.392632,-0.000052,0.000714,0.547562,0.549941
8.998000,0.394305,0.392631,-0.000052,0.000714,0.547685,0.550072
9.000000,0.394305,0.392630,-0.000052,0.000714,0.547808,0.550203
9.002000,0.394305,0.392630,-0.000052,0.000714,0.547930,0.550334
9.004000,0.394305,0.392629,-0.000052,0.000714,0.548052,0.550464
9.006000,0.394305,0.392628,-0.000052,0.000714,0.548174,0.550593
9.008000,0.394305,0.392628,-0.000052,0.000714,0.548296,0.550723
9.010000,0.394305,0.392627,-0.000052,0.000714,0.548417,0.550851
9.012000,0.394305,0.392626,-0.000052,0.000714,0.548537,0.550980
9.014000,0.394305,0.392626,-0.000052,0.000714,0.548658,0.551108
9.016000,0.394305,0.392625,-0.000052,0.000713,0.548778,0.551236
9.018000,0.394305,0.392625,-0.000052,0.000713,0.548898,0.551363
9.020000,0.394305,0.392624,-0.000052,0.000713,0.549017,0.551491
9.022000,0.394305,0.392624,-0.000052,0.000713,0.549137,0.551617
9.024000,0.394305,0.392623,-0.000052,0.000713,0.549256,0.551744
9.026000,0.394305,0.392623,-0.000052,0.000713,0.549374,0.551870
9.028000,0.394305,0.392622,-0.000052,0.000713,0.549492,0.551996
9.030000,0.394305,0.392622,-0.000052,0.000713,0.549610,0.552121
9.032000,0.394305,0.392622,-0.000052,0.000713,0.549728,0.552247
9.034000,0.394305,0.392621,-0.000052,0.000713,0.549845,0.552371
9.036000,0.394305,0.392621,-0.000052,0.000713,0.549962,0.552496
9.038000,0.394305,0.392621,-0.000052,0.000713,0.550079,0.552620
9.040000,0.394305,0.392620,-0.000052,0.000712,0.550195,0.552744
9.042000,0.394305,0.392620,-0.000052,0.000712,0.550311,0.552868
9.044000,0.394305,0.392620,-0.000052,0.000712,0.550427,0.552991
9.046000,0.394305,0.392620,-0.000052,0.000712,0.550542,0.553114
9.048000,0.394305,0.392620,-0.000052,0.000712,0.550658,0.553236
9.050000,0.394305,0.392620,-0.000052,0.000712,0.550772,0.553359
9.052000,0.394305,0.392620,-0.000052,0.000712,0.550887,0.553481
9.054000,0.394305,0.392620,-0.000052,0.000712,0.551001,0.553602
9.056000,0.394305,0.392620,-0.000052,0.000712,0.551115,0.553724
9.058000,0.394297,0.392620,-0.000052,0.000712,0.551228,0.553845
9.060000,0.394273,0.392620,-0.000052,0.000711,0.551340,0.553965
9.062000,0.394233,0.392620,-0.000052,0.000711,0.551450,0.554086
9.064000,0.394177,0.392618,-0.000052,0.000711,0.551559,0.554207
9.066000,0.394105,0.392615,-0.000052,0.000711,0.551667,0.554327
9.068000,0.394017,0.392609,-0.000052,0.000711,0.551774,0.554448
9.070000,0.393913,0.392600,-0.000052,0.000711,0.551878,0.554568
9.072000,0.393793,0.392586,-0.000052,0.000711,0.551982,0.554688
9.074000,0.393657,0.392569,-0.000052,0.000711,0.552084,0.554808
9.076000,0.393505,0.392546,-0.000052,0.000711,0.552185,0.554929
9.078000,0.393337,0.392518,-0.000052,0.000711,0.552284,0.555049
9.080000,0.393153,0.392483,-0.000052,0.000711,0.552382,0.555169
9.082000,0.392953,0.392442,-0.000052,0.000711,0.552479,0.555289
9.084000,0.392737,0.392393,-0.000052,0.000711,0.552574,0.555409
9.086000,0.392505,0.392336,-0.000052,0.000711,0.552668,0.555528
9.088000,0.392257,0.392270,-0.000051,0.000711,0.552760,0.555648
9.090000,0.391993,0.392196,-0.000051,0.000711,0.552851,0.555768
9.092000,0.391713,0.392112,-0.000051,0.000711,0.552940,0.555888
9.094000,0.391417,0.392018,-0.000051,0.000711,0.553028,0.556007
9.096000,0.391105,0.391914,-0.000051,0.000711,0.553115,0.556127
9.098000,0.390777,0.391799,-0.000051,0.000710,0.553200,0.556246
9.100000,0.390433,0.391673,-0.000051,0.000710,0.553283,0.556366
9.102000,0.390073,0.391536,-0.000051,0.000710,0.553366,0.556485
9.104000,0.389697,0.391388,-0.000051,0.000710,0.553447,0.556599
9.106000,0.389305,0.391228,-0.000051,0.000709,0.553526,0.556712
9.108000,0.388897,0.391056,-0.000051,0.000709,0.553604,0.556824
9.110000,0.388473,0.390873,-0.000051,0.000710,0.553681,0.556937
9.112000,0.388033,0.390678,-0.000051,0.000710,0.553756,0.557048
9.114000,0.387577,0.390470,-0.000051,0.000710,0.553830,0.557159
9.116000,0.387105,0.390250,-0.000051,0.000711,0.553902,0.557269
9.118000,0.386617,0.390017,-0.000051,0.000711,0.553974,0.557379
9.120000,0.386113,0.389773,-0.000051,0.000711,0.554043,0.557480
9.122000,0.385593,0.389515,-0.000051,0.000712,0.554112,0.557581
9.124000,0.385057,0.389245,-0.000051,0.000712,0.554179,0.557682
9.126000,0.384505,0.388962,-0.000051,0.000712,0.554244,0.557784
9.128000,0.383937,0.388666,-0.000051,0.000712,0.554309,0.557886
9.130000,0.383353,0.388357,-0.000051,0.000712,0.554372,0.557989
9.132000,0.382753,0.388035,-0.000051,0.000711,0.554433,0.558093
9.134000,0.382137,0.387699,-0.000051,0.000711,0.554494,0.558197
9.136000,0.381505,0.387351,-0.000051,0.000711,0.554553,0.558302
9.138000,0.380857,0.386990,-0.000051,0.000711,0.554610,0.558407
9.140000,0.380193,0.386615,-0.000051,0.000711,0.554667,0.558513
9.142000,0.379513,0.386227,-0.000051,0.000711,0.554722,0.558618
9.144000,0.378817,0.385826,-0.000051,0.000711,0.554775,0.558722
9.146000,0.378105,0.385412,-0.000051,0.000711,0.554827,0.558824
9.148000,0.377377,0.384984,-0.000050,0.000711,0.554878,0.558925
9.150000,0.376633,0.384543,-0.000050,0.000711,0.554928,0.559023
9.152000,0.375873,0.384089,-0.000050,0.000712,0.554976,0.559119
9.154000,0.375097,0.383621,-0.000050,0.000712,0.555023,0.559211
9.156000,0.374305,0.383138,-0.000050,0.000713,0.555069,0.559300
9.158000,0.373497,0.382642,-0.000050,0.000714,0.555113,0.559390
9.160000,0.372673,0.382132,-0.000050,0.000715,0.555156,0.559480
9.162000,0.371833,0.381608,-0.000050,0.000715,0.555198,0.559572
9.164000,0.370977,0.381070,-0.000050,0.000716,0.555238,0.559665
9.166000,0.370105,0.380517,-0.000050,0.000717,0.555277,0.559759
9.168000,0.369217,0.379951,-0.000050,0.000717,0.555314,0.559850
9.170000,0.368313,0.379370,-0.000050,0.000718,0.555351,0.559941
9.172000,0.367393,0.378775,-0.000050,0.000718,0.555386,0.560033
9.174000,0.366457,0.378166,-0.000049,0.000719,0.555419,0.560113
9.176000,0.365505,0.377542,-0.000049,0.000720,0.555451,0.560191
9.178000,0.364537,0.376905,-0.000049,0.000721,0.555482,0.560267
9.180000,0.363553,0.376253,-0.000049,0.000722,0.555512,0.560344
9.182000,0.362553,0.375586,-0.000049,0.000723,0.555540,0.560415
9.184000,0.361537,0.374906,-0.000049,0.000724,0.555567,0.560485
9.186000,0.360505,0.374210,-0.000049,0.000724,0.555593,0.560557
9.188000,0.359457,0.373501,-0.000049,0.000724,0.555618,0.560629
9.190000,0.358393,0.372777,-0.000049,0.000724,0.555641,0.560702
9.192000,0.357313,0.371830,-0.000048,0.000726,0.555662,0.560773
9.194000,0.356217,0.371062,-0.000048,0.000724,0.555683,0.560846
9.196000,0.355105,0.370282,-0.000048,0.000725,0.555702,0.560914
9.198000,0.353977,0.369488,-0.000048,0.000725,0.555719,0.560984
9.200000,0.352833,0.368681,-0.000048,0.000726,0.555736,0.561050
9.202000,0.351673,0.367864,-0.000048,0.000726,0.555751,0.561117
9.204000,0.350497,0.367034,-0.000048,0.000727,0.555764,0.561182
9.206000,0.349305,0.366191,-0.000048,0.000728,0.555777,0.561250
9.208000,0.348097,0.365336,-0.000047,0.000728,0.555788,0.561310
9.210000,0.346873,0.364467,-0.000047,0.000728,0.555797,0.561370
9.212000,0.345633,0.363585,-0.000047,0.000729,0.555805,0.561421
9.214000,0.344377,0.362689,-0.000047,0.000730,0.555812,0.561473
9.216000,0.343105,0.361779,-0.000047,0.000730,0.555818,0.561526
9.218000,0.341817,0.360855,-0.000047,0.000731,0.555822,0.561581
9.220000,0.340513,0.359916,-0.000047,0.000732,0.555825,0.561631
9.222000,0.339193,0.358962,-0.000047,0.000733,0.555826,0.561680
9.224000,0.337857,0.357994,-0.000047,0.000734,0.555827,0.561722
9.226000,0.336505,0.357011,-0.000047,0.000735,0.555825,0.561764
9.228000,0.335137,0.356013,-0.000047,0.000735,0.555823,0.561811
9.230000,0.333753,0.355000,-0.000046,0.000735,0.555819,0.561862
9.232000,0.332353,0.353971,-0.000046,0.000735,0.555814,0.561917
9.234000,0.330937,0.352927,-0.000046,0.000735,0.555807,0.561976
9.236000,0.329505,0.351867,-0.000046,0.000736,0.555799,0.562037
9.238000,0.328057,0.350792,-0.000046,0.000736,0.555790,0.562088
9.240000,0.326593,0.349701,-0.000046,0.000736,0.555779,0.562126
9.242000,0.325113,0.348594,-0.000046,0.000737,0.555767,0.562150
9.244000,0.323617,0.347471,-0.000046,0.000738,0.555754,0.562172
9.246000,0.322105,0.346332,-0.000045,0.000739,0.555739,0.562197
9.248000,0.320577,0.345177,-0.000045,0.000740,0.555723,0.562227
9.250000,0.319033,0.344007,-0.000045,0.000741,0.555706,0.562260
9.252000,0.317473,0.342821,-0.000045,0.000742,0.555687,0.562296
9.254000,0.315897,0.341619,-0.000045,0.000743,0.555667,0.562330
9.256000,0.314305,0.340402,-0.000045,0.000745,0.555645,0.562367
9.258000,0.312697,0.339169,-0.000045,0.000746,0.555622,0.562400
9.260000,0.311073,0.337920,-0.000044,0.000747,0.555598,0.562437
9.262000,0.309433,0.336654,-0.000044,0.000748,0.555572,0.562481
9.264000,0.307777,0.335372,-0.000044,0.000746,0.555545,0.562513
9.266000,0.306105,0.334073,-0.000044,0.000747,0.555517,0.562528
9.268000,0.304417,0.332759,-0.000044,0.000747,0.555487,0.562538
9.270000,0.302713,0.331429,-0.000043,0.000748,0.555456,0.562540
9.272000,0.300993,0.330084,-0.000043,0.000748,0.555424,0.562540
9.274000,0.299257,0.328722,-0.000043,0.000750,0.555390,0.562547
9.276000,0.297505,0.327344,-0.000043,0.000751,0.555355,0.562563
9.278000,0.295737,0.325950,-0.000043,0.000752,0.555318,0.562587
9.280000,0.293953,0.324540,-0.000042,0.000753,0.555280,0.562618
9.282000,0.292153,0.323114,-0.000042,0.000755,0.555241,0.562648
9.284000,0.290337,0.321671,-0.000042,0.000757,0.555200,0.562685
9.286000,0.288505,0.320211,-0.000042,0.000757,0.555158,0.562698
9.288000,0.286657,0.318736,-0.000041,0.000759,0.555115,0.562690
9.290000,0.284793,0.317244,-0.000041,0.000758,0.555070,0.562678
9.292000,0.282913,0.315737,-0.000041,0.000759,0.555024,0.562670
9.294000,0.281017,0.314213,-0.000041,0.000759,0.554976,0.562670
9.296000,0.279105,0.312674,-0.000040,0.000760,0.554928,0.562663
9.298000,0.277177,0.311119,-0.000040,0.000760,0.554877,0.562662
9.300000,0.275233,0.309547,-0.000040,0.000763,0.554826,0.562670
9.302000,0.273273,0.307957,-0.000040,0.000765,0.554773,0.562691
9.304000,0.271297,0.306351,-0.000039,0.000764,0.554718,0.562689
9.306000,0.269305,0.304728,-0.000039,0.000766,0.554663,0.562672
9.308000,0.267297,0.303088,-0.000039,0.000767,0.554606,0.562646
9.310000,0.265273,0.301433,-0.000038,0.000767,0.554547,0.562620
9.312000,0.263233,0.299762,-0.000038,0.000769,0.554487,0.562602
9.314000,0.261177,0.298074,-0.000038,0.000769,0.554426,0.562597
9.316000,0.259105,0.296370,-0.000038,0.000770,0.554364,0.562602
9.318000,0.257017,0.294650,-0.000037,0.000770,0.554300,0.562619
9.320000,0.254913,0.292912,-0.000037,0.000773,0.554235,0.562626
9.322000,0.252793,0.291156,-0.000037,0.000770,0.554168,0.562596
9.324000,0.250657,0.289385,-0.000036,0.000774,0.554100,0.562555
9.326000,0.248505,0.287599,-0.000036,0.000775,0.554031,0.562517
9.328000,0.246337,0.285796,-0.000036,0.000776,0.553961,0.562491
9.330000,0.244153,0.283977,-0.000035,0.000777,0.553889,0.562478
9.332000,0.241953,0.282141,-0.000035,0.000780,0.553816,0.562466
9.334000,0.239737,0.280287,-0.000035,0.000780,0.553741,0.562463
9.336000,0.237505,0.278416,-0.000034,0.000784,0.553665,0.562472
9.338000,0.235257,0.276526,-0.000034,0.000781,0.553588,0.562439
9.340000,0.232993,0.274621,-0.000034,0.000783,0.553509,0.562397
9.342000,0.230713,0.272702,-0.000033,0.000783,0.553430,0.562333
9.344000,0.228417,0.270767,-0.000033,0.000784,0.553348,0.562278
9.346000,0.226105,0.268815,-0.000032,0.000786,0.553266,0.562240
9.348000,0.223777,0.266846,-0.000032,0.000787,0.553182,0.562220
9.350000,0.221433,0.264860,-0.000032,0.000789,0.553097,0.562221
9.352000,0.219073,0.262853,-0.000031,0.000794,0.553011,0.562224
9.354000,0.216697,0.260829,-0.000031,0.000789,0.552923,0.562149
9.356000,0.214305,0.258791,-0.000031,0.000794,0.552834,0.562068
9.358000,0.211897,0.256738,-0.000030,0.000794,0.552744,0.562001
9.360000,0.209473,0.254669,-0.000030,0.000794,0.552653,0.561958
9.362000,0.207033,0.252583,-0.000029,0.000796,0.552560,0.561905
9.364000,0.204577,0.250480,-0.000029,0.000797,0.552466,0.561873
9.366000,0.202105,0.248357,-0.000029,0.000803,0.552371,0.561866
9.368000,0.199617,0.246216,-0.000028,0.000798,0.552274,0.561788
9.370000,0.197113,0.244061,-0.000028,0.000803,0.552176,0.561694
9.372000,0.194593,0.241889,-0.000027,0.000803,0.552078,0.561617
9.374000,0.192057,0.239701,-0.000027,0.000806,0.551977,0.561564
9.376000,0.189505,0.237495,-0.000026,0.000806,0.551876,0.561538
9.378000,0.186937,0.235271,-0.000026,0.000807,0.551774,0.561539
9.380000,0.184353,0.233028,-0.000026,0.000812,0.551670,0.561529
9.382000,0.181753,0.230768,-0.000025,0.000806,0.551565,0.561427
9.384000,0.179137,0.228496,-0.000025,0.000813,0.551459,0.561326
9.386000,0.176505,0.226209,-0.000024,0.000814,0.551352,0.561248
9.388000,0.173857,0.223905,-0.000024,0.000815,0.551243,0.561203
9.390000,0.171193,0.221583,-0.000023,0.000818,0.551134,0.561165
9.392000,0.168513,0.219242,-0.000023,0.000822,0.551023,0.561151
9.394000,0.165817,0.216882,-0.000022,0.000819,0.550911,0.561053
9.396000,0.163105,0.214510,-0.000022,0.000822,0.550799,0.560962
9.398000,0.160377,0.212124,-0.000022,0.000823,0.550685,0.560856
9.400000,0.157633,0.209721,-0.000021,0.000823,0.550569,0.560777
9.402000,0.154873,0.207300,-0.000021,0.000826,0.550453,0.560733
9.404000,0.152097,0.204858,-0.000020,0.000830,0.550336,0.560726
9.406000,0.149305,0.202397,-0.000020,0.000826,0.550218,0.560604
9.408000,0.146497,0.199925,-0.000019,0.000830,0.550099,0.560482
9.410000,0.143673,0.197437,-0.000019,0.000833,0.549978,0.560387
9.412000,0.140833,0.194931,-0.000018,0.000833,0.549857,0.560329
9.414000,0.137977,0.192409,-0.000018,0.000836,0.549735,0.560267
9.416000,0.135105,0.189863,-0.000017,0.000836,0.549611,0.560237
9.418000,0.132217,0.187303,-0.000017,0.000840,0.549487,0.560113
9.420000,0.129313,0.184731,-0.000016,0.000841,0.549362,0.560000
9.422000,0.126393,0.182142,-0.000016,0.000844,0.549235,0.559893
9.424000,0.123457,0.179536,-0.000015,0.000844,0.549108,0.559817
9.426000,0.120505,0.176911,-0.000015,0.000852,0.548980,0.559783
9.428000,0.117537,0.174259,-0.000014,0.000842,0.548851,0.559666
9.430000,0.114553,0.171602,-0.000014,0.000847,0.548722,0.559515
9.432000,0.111553,0.168928,-0.000013,0.000849,0.548591,0.559392
9.434000,0.108537,0.166238,-0.000012,0.000851,0.548459,0.559311
9.436000,0.105505,0.163530,-0.000012,0.000853,0.548327,0.559250
9.438000,0.102457,0.160667,-0.000011,0.000858,0.548194,0.559240
9.440000,0.099393,0.157216,-0.000011,0.000868,0.548060,0.559101
9.442000,0.096313,0.154451,-0.000010,0.000862,0.547925,0.558981
9.444000,0.093218,0.151676,-0.000010,0.000865,0.547790,0.558842
9.446000,0.090107,0.148881,-0.000009,0.000864,0.547656,0.558748
9.448000,0.086982,0.146072,-0.000009,0.000859,0.547526,0.558590
9.450000,0.083843,0.143253,-0.000008,0.000865,0.547401,0.558439
9.452000,0.080691,0.140421,-0.000008,0.000866,0.547282,0.558300
9.454000,0.077526,0.137576,-0.000007,0.000868,0.547171,0.558206
9.456000,0.074349,0.134716,-0.000006,0.000869,0.547068,0.558167
9.458000,0.071159,0.131797,-0.000006,0.000868,0.546973,0.558144
9.460000,0.067957,0.128906,-0.000005,0.000868,0.546886,0.557996
9.462000,0.064742,0.126002,-0.000005,0.000874,0.546807,0.557862
9.464000,0.061515,0.123084,-0.000004,0.000875,0.546736,0.557776
9.466000,0.058276,0.120145,-0.000004,0.000879,0.546672,0.557714
9.468000,0.055027,0.117189,-0.000003,0.000872,0.546617,0.557603
9.470000,0.051771,0.114219,-0.000002,0.000876,0.546570,0.557489
9.472000,0.048508,0.111236,-0.000002,0.000878,0.546531,0.557385
9.474000,0.045240,0.108235,-0.000001,0.000878,0.546500,0.557327
9.476000,0.041969,0.105214,-0.000001,0.000886,0.546476,0.557332
9.478000,0.038694,0.102177,0.000000,0.000879,0.546459,0.557270
9.480000,0.035415,0.099128,0.000001,0.000884,0.546447,0.557165
9.482000,0.032134,0.096064,0.000001,0.000887,0.546442,0.557099
9.484000,0.028848,0.092985,0.000002,0.000889,0.546442,0.557060
9.486000,0.025559,0.089882,0.000002,0.000890,0.546447,0.557077
9.488000,0.022267,0.086271,0.000003,0.000891,0.546458,0.557008
9.490000,0.018970,0.083142,0.000004,0.000898,0.546473,0.556939
9.492000,0.015670,0.080006,0.000004,0.000898,0.546493,0.556890
9.494000,0.012365,0.076852,0.000005,0.000904,0.546517,0.556907
9.496000,0.009057,0.073693,0.000005,0.000903,0.546547,0.556847
9.498000,0.005745,0.070528,0.000006,0.000905,0.546580,0.556783
9.500000,0.002429,0.067351,0.000007,0.000924,0.546619,0.556766
9.502000,-0.000891,0.064163,0.000007,0.000928,0.546661,0.556800
9.504000,-0.004215,0.060968,0.000008,0.000925,0.546708,0.556815
9.506000,-0.007543,0.057767,0.000008,0.000930,0.546759,0.556741
9.508000,-0.010875,0.054558,0.000009,0.000920,0.546815,0.556696
9.510000,-0.014211,0.051342,0.000010,0.000922,0.546875,0.556663
9.512000,-0.017551,0.048112,0.000010,0.000919,0.546939,0.556695
9.514000,-0.020895,0.044880,0.000011,0.000925,0.547008,0.556648
9.516000,-0.024243,0.041638,0.000011,0.000928,0.547081,0.556635
9.518000,-0.027595,0.038390,0.000012,0.000933,0.547158,0.556683
9.520000,-0.030951,0.035132,0.000013,0.000937,0.547239,0.556750
9.522000,-0.034311,0.031867,0.000013,0.000933,0.547325,0.556802
9.524000,-0.037676,0.028596,0.000014,0.000932,0.547415,0.556824
9.526000,-0.041044,0.025317,0.000014,0.000920,0.547509,0.556838
9.528000,-0.044416,0.022033,0.000015,0.000920,0.547606,0.556901
9.530000,-0.047793,0.018738,0.000016,0.000929,0.547708,0.557031
9.532000,-0.051173,0.015436,0.000016,0.000923,0.547814,0.557098
9.534000,-0.054555,0.012129,0.000017,0.000930,0.547922,0.557131
9.536000,-0.057940,0.008814,0.000017,0.000918,0.548033,0.557144
9.538000,-0.061327,0.005491,0.000018,0.000917,0.548146,0.557213
9.540000,-0.064716,0.002158,0.000019,0.000922,0.548261,0.557354
9.542000,-0.068105,-0.001177,0.000019,0.000928,0.548377,0.557424
9.544000,-0.071496,-0.004517,0.000020,0.000930,0.548494,0.557456
9.546000,-0.074887,-0.007863,0.000020,0.000933,0.548611,0.557531
9.548000,-0.078279,-0.011218,0.000021,0.000930,0.548729,0.557615
9.550000,-0.081671,-0.014574,0.000022,0.000927,0.548847,0.557626
9.552000,-0.085064,-0.017935,0.000022,0.000933,0.548965,0.557670
9.554000,-0.088457,-0.021300,0.000023,0.000934,0.549083,0.557715
9.556000,-0.091850,-0.024670,0.000023,0.000940,0.549201,0.557825
9.558000,-0.095243,-0.028045,0.000024,0.000925,0.549319,0.557941
9.560000,-0.098637,-0.031421,0.000025,0.000928,0.549437,0.557977
9.562000,-0.102030,-0.034800,0.000025,0.000913,0.549555,0.558039
9.564000,-0.105424,-0.038181,0.000026,0.000922,0.549672,0.558163
9.566000,-0.108818,-0.041566,0.000027,0.000924,0.549790,0.558292
9.568000,-0.112212,-0.044956,0.000027,0.000924,0.549907,0.558350
9.570000,-0.115606,-0.048346,0.000028,0.000924,0.550023,0.558373
9.572000,-0.119000,-0.051740,0.000028,0.000918,0.550140,0.558438
9.574000,-0.122394,-0.055136,0.000029,0.000924,0.550256,0.558571
9.576000,-0.125788,-0.058537,0.000030,0.000925,0.550372,0.558707
9.578000,-0.129182,-0.061935,0.000030,0.000927,0.550487,0.558763
9.580000,-0.132576,-0.065336,0.000031,0.000925,0.550603,0.558784
9.582000,-0.135970,-0.068738,0.000031,0.000920,0.550717,0.558853
9.584000,-0.139364,-0.072143,0.000032,0.000929,0.550832,0.558995
9.586000,-0.142758,-0.075550,0.000033,0.000925,0.550946,0.559099
9.588000,-0.146152,-0.078956,0.000033,0.000929,0.551060,0.559184
9.590000,-0.149546,-0.082364,0.000034,0.000919,0.551174,0.559247
9.592000,-0.152940,-0.085774,0.000035,0.000912,0.551288,0.559349
9.594000,-0.156334,-0.089187,0.000035,0.000924,0.551401,0.559429
9.596000,-0.159728,-0.092601,0.000036,0.000921,0.551514,0.559426
9.598000,-0.163122,-0.096014,0.000036,0.000934,0.551626,0.559456
9.600000,-0.166516,-0.099426,0.000037,0.000928,0.551738,0.559508
9.602000,-0.169910,-0.102838,0.000038,0.000926,0.551850,0.559623
9.604000,-0.173304,-0.106253,0.000038,0.000927,0.551962,0.559791
9.606000,-0.176698,-0.109666,0.000039,0.000926,0.552073,0.559858
9.608000,-0.180092,-0.113123,0.000039,0.000927,0.552184,0.559992
9.610000,-0.183486,-0.116539,0.000040,0.000928,0.552295,0.560093
9.612000,-0.186880,-0.119957,0.000041,0.000930,0.552406,0.560206
9.614000,-0.190274,-0.123378,0.000041,0.000938,0.552516,0.560205
9.616000,-0.193668,-0.126797,0.000042,0.000934,0.552626,0.560216
9.618000,-0.197063,-0.130215,0.000042,0.000932,0.552735,0.560256
9.620000,-0.200457,-0.133632,0.000043,0.000927,0.552844,0.560358
9.622000,-0.203851,-0.137051,0.000044,0.000932,0.552953,0.560531
9.624000,-0.207245,-0.140470,0.000044,0.000932,0.553062,0.560560
9.626000,-0.210639,-0.143887,0.000045,0.000935,0.553171,0.560592
9.628000,-0.214033,-0.147304,0.000046,0.000930,0.553279,0.560649
9.630000,-0.217427,-0.150722,0.000046,0.000924,0.553386,0.560766
9.632000,-0.220821,-0.154143,0.000047,0.000931,0.553494,0.560868
9.634000,-0.224215,-0.157561,0.000047,0.000929,0.553601,0.560877
9.636000,-0.227609,-0.160977,0.000048,0.000936,0.553708,0.560903
9.638000,-0.231003,-0.164392,0.000049,0.000928,0.553815,0.560987
9.640000,-0.234397,-0.167809,0.000049,0.000935,0.553921,0.561144
9.642000,-0.237791,-0.171228,0.000050,0.000934,0.554027,0.561145
9.644000,-0.241185,-0.174645,0.000050,0.000936,0.554133,0.561161
9.646000,-0.244579,-0.178060,0.000051,0.000931,0.554239,0.561225
9.648000,-0.247974,-0.181475,0.000052,0.000925,0.554344,0.561358
9.650000,-0.251368,-0.184893,0.000052,0.000932,0.554449,0.561567
9.652000,-0.254762,-0.188309,0.000053,0.000930,0.554554,0.561591
9.654000,-0.258156,-0.191725,0.000053,0.000937,0.554658,0.561610
9.656000,-0.261550,-0.195139,0.000054,0.000929,0.554762,0.561679
9.658000,-0.264944,-0.198553,0.000055,0.000937,0.554866,0.561821
9.660000,-0.268338,-0.201970,0.000055,0.000934,0.554970,0.561895
9.662000,-0.271732,-0.205386,0.000056,0.000936,0.555073,0.561914
9.664000,-0.275126,-0.208802,0.000057,0.000931,0.555176,0.561964
9.666000,-0.278520,-0.212216,0.000057,0.000927,0.555279,0.562080
9.668000,-0.281914,-0.215630,0.000058,0.000929,0.555381,0.562111
9.670000,-0.285308,-0.219045,0.000058,0.000928,0.555484,0.562194
9.672000,-0.288702,-0.222462,0.000059,0.000924,0.555586,0.562248
9.674000,-0.292096,-0.225878,0.000060,0.000918,0.555687,0.562348
9.676000,-0.295490,-0.229294,0.000060,0.000927,0.555789,0.562512
9.678000,-0.298885,-0.232706,0.000061,0.000924,0.555890,0.562577
9.680000,-0.302279,-0.236119,0.000061,0.000932,0.555991,0.562673
9.682000,-0.305673,-0.239535,0.000062,0.000923,0.556091,0.562741
9.684000,-0.309067,-0.242950,0.000063,0.000932,0.556192,0.562856
9.686000,-0.312461,-0.246362,0.000063,0.000930,0.556292,0.562874
9.688000,-0.315855,-0.249774,0.000064,0.000938,0.556391,0.562925
9.690000,-0.319249,-0.253187,0.000065,0.000925,0.556491,0.563044
9.692000,-0.322643,-0.256602,0.000065,0.000937,0.556590,0.563155
9.694000,-0.326037,-0.260016,0.000066,0.000929,0.556689,0.563155
9.696000,-0.329431,-0.263426,0.000066,0.000928,0.556788,0.563187
9.698000,-0.332825,-0.266835,0.000067,0.000924,0.556886,0.563281
9.700000,-0.336219,-0.270247,0.000068,0.000917,0.556985,0.563458
9.702000,-0.339613,-0.273660,0.000068,0.000918,0.557083,0.563455
9.704000,-0.343007,-0.277072,0.000069,0.000926,0.557180,0.563465
9.706000,-0.346401,-0.280483,0.000069,0.000919,0.557278,0.563534
9.708000,-0.349796,-0.283897,0.000070,0.000926,0.557375,0.563680
9.710000,-0.353190,-0.287315,0.000071,0.000932,0.557472,0.563818
9.712000,-0.356584,-0.290726,0.000071,0.000931,0.557568,0.563833
9.714000,-0.359978,-0.294134,0.000072,0.000939,0.557665,0.563868
9.716000,-0.363372,-0.297541,0.000072,0.000932,0.557761,0.563971
9.718000,-0.366766,-0.300950,0.000073,0.000938,0.557857,0.564008
9.720000,-0.370160,-0.304359,0.000074,0.000933,0.557952,0.564100
9.722000,-0.373554,-0.307769,0.000074,0.000932,0.558048,0.564165
9.724000,-0.376948,-0.311177,0.000075,0.000918,0.558143,0.564276
9.726000,-0.380342,-0.314587,0.000076,0.000928,0.558238,0.564452
9.728000,-0.383736,-0.317995,0.000076,0.000927,0.558332,0.564574
9.730000,-0.387130,-0.321404,0.000077,0.000935,0.558427,0.564616
9.732000,-0.390524,-0.324812,0.000077,0.000933,0.558521,0.564682
9.734000,-0.393918,-0.328220,0.000078,0.000935,0.558615,0.564652
9.736000,-0.397312,-0.331625,0.000079,0.000936,0.558708,0.564676
9.738000,-0.400706,-0.335033,0.000079,0.000931,0.558802,0.564768
9.740000,-0.404101,-0.338443,0.000080,0.000925,0.558895,0.564844
9.742000,-0.407495,-0.341853,0.000080,0.000935,0.558987,0.564978
9.744000,-0.410889,-0.345260,0.000081,0.000935,0.559080,0.565069
9.746000,-0.414283,-0.348665,0.000082,0.000943,0.559172,0.565177
9.748000,-0.417677,-0.352071,0.000082,0.000940,0.559265,0.565338
9.750000,-0.421071,-0.355483,0.000083,0.000943,0.559356,0.565349
9.752000,-0.424465,-0.358891,0.000083,0.000945,0.559448,0.565371
9.754000,-0.427859,-0.362298,0.000084,0.000942,0.559539,0.565427
9.756000,-0.431253,-0.365704,0.000085,0.000937,0.559631,0.565553
9.758000,-0.434647,-0.369113,0.000085,0.000943,0.559721,0.565761
9.760000,-0.438041,-0.372521,0.000086,0.000942,0.559812,0.565832
9.762000,-0.441435,-0.375928,0.000087,0.000950,0.559902,0.565871
9.764000,-0.444829,-0.379333,0.000087,0.000945,0.559993,0.565945
9.766000,-0.448223,-0.382741,0.000088,0.000954,0.560083,0.566090
9.768000,-0.451617,-0.386150,0.000088,0.000947,0.560172,0.566195
9.770000,-0.455012,-0.389558,0.000089,0.000957,0.560262,0.566218
9.772000,-0.458406,-0.392964,0.000090,0.000945,0.560351,0.566262
9.774000,-0.461800,-0.396374,0.000090,0.000949,0.560440,0.566288
9.776000,-0.465194,-0.399786,0.000091,0.000948,0.560529,0.566374
9.778000,-0.468588,-0.403199,0.000091,0.000946,0.560617,0.566387
9.780000,-0.471982,-0.406611,0.000092,0.000942,0.560705,0.566435
9.782000,-0.475376,-0.410021,0.000093,0.000949,0.560793,0.566555
9.784000,-0.478770,-0.413430,0.000093,0.000951,0.560881,0.566670
9.786000,-0.482164,-0.416841,0.000094,0.000954,0.560969,0.566835
9.788000,-0.485558,-0.420251,0.000094,0.000950,0.561056,0.566901
9.790000,-0.488952,-0.423659,0.000095,0.000948,0.561143,0.566978
9.792000,-0.492346,-0.427068,0.000096,0.000948,0.561230,0.567037
9.794000,-0.495740,-0.430476,0.000096,0.000955,0.561316,0.567094
9.796000,-0.499134,-0.433887,0.000097,0.000951,0.561403,0.567206
9.798000,-0.502528,-0.437297,0.000098,0.000958,0.561489,0.567287
9.800000,-0.505923,-0.440709,0.000098,0.000959,0.561575,0.567338
9.802000,-0.509317,-0.444119,0.000099,0.000963,0.561661,0.567432
9.804000,-0.512711,-0.447529,0.000099,0.000962,0.561746,0.567535
9.806000,-0.516105,-0.450939,0.000100,0.000955,0.561831,0.567644
9.808000,-0.519499,-0.454351,0.000101,0.000958,0.561916,0.567684
9.810000,-0.522893,-0.457761,0.000101,0.000953,0.562001,0.567751
9.812000,-0.526287,-0.461170,0.000102,0.000951,0.562086,0.567825
9.814000,-0.529681,-0.464581,0.000102,0.000947,0.562170,0.567950
9.816000,-0.533075,-0.467992,0.000103,0.000952,0.562254,0.568042
9.818000,-0.536469,-0.471405,0.000104,0.000957,0.562338,0.568052
9.820000,-0.539863,-0.474815,0.000104,0.000963,0.562422,0.568081
9.822000,-0.543257,-0.478224,0.000105,0.000970,0.562505,0.568173
9.824000,-0.546651,-0.481638,0.000106,0.000973,0.562588,0.568286
9.826000,-0.550045,-0.485048,0.000106,0.000975,0.562671,0.568307
9.828000,-0.553439,-0.488461,0.000107,0.000972,0.562754,0.568306
9.830000,-0.556834,-0.491871,0.000107,0.000968,0.562837,0.568359
9.832000,-0.560228,-0.495280,0.000108,0.000974,0.562919,0.568493
9.834000,-0.563622,-0.498689,0.000109,0.000976,0.563001,0.568656
9.836000,-0.567016,-0.502099,0.000109,0.000975,0.563083,0.568744
9.838000,-0.570410,-0.505506,0.000110,0.000977,0.563165,0.568789
9.840000,-0.573804,-0.508917,0.000110,0.000968,0.563246,0.568823
9.842000,-0.577198,-0.512327,0.000111,0.000972,0.563327,0.568917
9.844000,-0.580592,-0.515742,0.000112,0.000970,0.563408,0.569035
9.846000,-0.583986,-0.519152,0.000112,0.000967,0.563489,0.569073
9.848000,-0.587380,-0.522564,0.000113,0.000974,0.563570,0.569150
9.850000,-0.590774,-0.525976,0.000113,0.000973,0.563650,0.569240
9.852000,-0.594168,-0.529387,0.000114,0.000981,0.563730,0.569327
9.854000,-0.597562,-0.532802,0.000115,0.000976,0.563810,0.569467
9.856000,-0.600956,-0.536212,0.000115,0.000983,0.563890,0.569541
9.858000,-0.604350,-0.539625,0.000116,0.000983,0.563970,0.569595
9.860000,-0.607744,-0.543038,0.000117,0.000990,0.564049,0.569636
9.862000,-0.611139,-0.546455,0.000117,0.000985,0.564128,0.569732
9.864000,-0.614533,-0.549868,0.000118,0.000991,0.564207,0.569773
9.866000,-0.617927,-0.553284,0.000118,0.000991,0.564286,0.569811
9.868000,-0.621321,-0.556697,0.000119,0.000993,0.564364,0.569906
9.870000,-0.624715,-0.560109,0.000120,0.000990,0.564442,0.570012
9.872000,-0.628109,-0.563525,0.000120,0.000986,0.564520,0.570169
9.874000,-0.631503,-0.566937,0.000121,0.000985,0.564598,0.570203
9.876000,-0.634897,-0.570352,0.000121,0.000989,0.564676,0.570193
9.878000,-0.638291,-0.573767,0.000122,0.000985,0.564753,0.570226
9.880000,-0.641685,-0.577184,0.000123,0.000994,0.564830,0.570337
9.882000,-0.645079,-0.580602,0.000123,0.000987,0.564907,0.570412
9.884000,-0.648473,-0.584018,0.000124,0.000993,0.564984,0.570476
9.886000,-0.651867,-0.587434,0.000124,0.000978,0.565061,0.570524
9.888000,-0.655261,-0.590849,0.000125,0.000978,0.565137,0.570616
9.890000,-0.658655,-0.594267,0.000126,0.000977,0.565213,0.570734
9.892000,-0.662050,-0.597685,0.000126,0.000983,0.565289,0.570711
9.894000,-0.665444,-0.601104,0.000127,0.000979,0.565365,0.570705
9.896000,-0.668838,-0.604521,0.000128,0.000984,0.565441,0.570765
9.898000,-0.672232,-0.607940,0.000128,0.000991,0.565516,0.570910
9.900000,-0.675626,-0.611357,0.000129,0.000984,0.565591,0.571012
9.902000,-0.679020,-0.614773,0.000129,0.000995,0.565666,0.571036
9.904000,-0.682414,-0.618188,0.000130,0.000980,0.565741,0.571081
9.906000,-0.685808,-0.621603,0.000131,0.000986,0.565816,0.571160
9.908000,-0.689202,-0.625022,0.000131,0.000986,0.565890,0.571308
9.910000,-0.692596,-0.628386,0.000132,0.000981,0.565964,0.571414
9.912000,-0.695990,-0.631802,0.000132,0.000986,0.566038,0.571427
9.914000,-0.699384,-0.635214,0.000133,0.000992,0.566112,0.571476
9.916000,-0.702778,-0.638632,0.000134,0.001003,0.566186,0.571511
9.918000,-0.706172,-0.642053,0.000134,0.001012,0.566259,0.571591
9.920000,-0.709566,-0.645469,0.000135,0.001018,0.566332,0.571604
9.922000,-0.712961,-0.648886,0.000136,0.001025,0.566405,0.571655
9.924000,-0.716355,-0.652302,0.000136,0.001027,0.566478,0.571760
9.926000,-0.719749,-0.655723,0.000137,0.001033,0.566551,0.571838
9.928000,-0.723143,-0.659140,0.000137,0.001030,0.566623,0.571826
9.930000,-0.726537,-0.662557,0.000138,0.001031,0.566695,0.571833
9.932000,-0.729931,-0.665973,0.000139,0.001030,0.566767,0.571911
9.934000,-0.733325,-0.669391,0.000139,0.001025,0.566839,0.571925
9.936000,-0.736719,-0.672814,0.000140,0.001018,0.566911,0.572007
9.938000,-0.740113,-0.676228,0.000140,0.001022,0.566982,0.572075
9.940000,-0.743507,-0.679645,0.000141,0.001018,0.567054,0.572154
9.942000,-0.746901,-0.683061,0.000142,0.001021,0.567125,0.572297
9.944000,-0.750295,-0.686478,0.000142,0.001012,0.567196,0.572368
9.946000,-0.753689,-0.689892,0.000143,0.001004,0.567266,0.572355
9.948000,-0.757083,-0.693305,0.000143,0.001014,0.567337,0.572397
9.950000,-0.760477,-0.696717,0.000144,0.001008,0.567407,0.572512
9.952000,-0.763872,-0.700127,0.000145,0.001019,0.567477,0.572558
9.954000,-0.767266,-0.703541,0.000145,0.001009,0.567547,0.572659
9.956000,-0.770660,-0.706952,0.000146,0.001012,0.567617,0.572684
9.958000,-0.774054,-0.710364,0.000147,0.001009,0.567687,0.572764
9.960000,-0.777448,-0.713775,0.000147,0.001004,0.567756,0.572769
9.962000,-0.780842,-0.717188,0.000148,0.001000,0.567825,0.572834
9.964000,-0.784236,-0.720601,0.000148,0.000999,0.567894,0.572850
9.966000,-0.787630,-0.724013,0.000149,0.000999,0.567963,0.572925
9.968000,-0.791024,-0.727423,0.000150,0.000995,0.568032,0.572916
9.970000,-0.794418,-0.730833,0.000150,0.000987,0.568100,0.572971
9.972000,-0.797812,-0.734247,0.000151,0.000995,0.568168,0.573114
9.974000,-0.801206,-0.737656,0.000151,0.000990,0.568237,0.573190
9.976000,-0.804600,-0.741066,0.000152,0.001000,0.568305,0.573152
9.978000,-0.807994,-0.744460,0.000153,0.000980,0.568372,0.573209
9.980000,-0.811388,-0.747870,0.000153,0.000991,0.568440,0.573329
9.982000,-0.814782,-0.751279,0.000154,0.000984,0.568507,0.573381
9.984000,-0.818177,-0.754688,0.000154,0.000985,0.568574,0.573499
9.986000,-0.821571,-0.758091,0.000155,0.000977,0.568641,0.573525
9.988000,-0.824965,-0.761493,0.000156,0.000972,0.568708,0.573598
9.990000,-0.828359,-0.764901,0.000156,0.000971,0.568775,0.573747
9.992000,-0.831753,-0.768307,0.000157,0.000978,0.568841,0.573674
9.994000,-0.835147,-0.771712,0.000158,0.000968,0.568908,0.573641
9.996000,-0.838541,-0.775118,0.000158,0.000975,0.568974,0.573691
9.998000,-0.841935,-0.778523,0.000159,0.000979,0.569040,0.573838
10.000000,-0.845329,-0.781934,0.000159,0.000976,0.569106,0.574075
10.002000,-0.848723,-0.785336,0.000160,0.000984,0.569171,0.574067
10.004000,-0.852117,-0.788737,0.000161,0.000975,0.569237,0.574073
10.006000,-0.855511,-0.792139,0.000161,0.000978,0.569302,0.574145
10.008000,-0.858905,-0.795547,0.000162,0.000977,0.569367,0.574311
10.010000,-0.862299,-0.798950,0.000162,0.000971,0.569432,0.574263
10.012000,-0.865693,-0.802352,0.000163,0.000963,0.569497,0.574241
10.014000,-0.869088,-0.805754,0.000164,0.000972,0.569561,0.574296
10.016000,-0.872482,-0.809157,0.000164,0.000970,0.569626,0.574442
10.018000,-0.875876,-0.812560,0.000165,0.000970,0.569690,0.574377
10.020000,-0.879270,-0.815961,0.000166,0.000964,0.569754,0.574350
10.022000,-0.882664,-0.819362,0.000166,0.000960,0.569818,0.574406
10.024000,-0.886058,-0.822763,0.000167,0.000960,0.569881,0.574549
10.026000,-0.889452,-0.826167,0.000167,0.000968,0.569945,0.574614
10.028000,-0.892846,-0.829566,0.000168,0.000957,0.570008,0.574587
10.030000,-0.896240,-0.832965,0.000169,0.000967,0.570072,0.574622
10.032000,-0.899634,-0.836365,0.000169,0.000965,0.570135,0.574734
10.034000,-0.903028,-0.839765,0.000170,0.000967,0.570197,0.574937
10.036000,-0.906422,-0.843166,0.000170,0.000961,0.570260,0.575066
10.038000,-0.909816,-0.846561,0.000171,0.000956,0.570323,0.575130
10.040000,-0.913210,-0.849958,0.000172,0.000956,0.570385,0.575210
10.042000,-0.916604,-0.853358,0.000172,0.000966,0.570447,0.575212
10.044000,-0.919999,-0.856759,0.000173,0.000949,0.570509,0.575137
10.046000,-0.923393,-0.860159,0.000173,0.000963,0.570571,0.575113
10.048000,-0.926787,-0.863559,0.000174,0.000948,0.570633,0.575156
10.050000,-0.930181,-0.866957,0.000175,0.000954,0.570694,0.575293
10.052000,-0.933575,-0.870352,0.000175,0.000945,0.570756,0.575366
10.054000,-0.936969,-0.873749,0.000176,0.000945,0.570817,0.575482
10.056000,-0.940363,-0.877144,0.000177,0.000952,0.570878,0.575589
10.058000,-0.943757,-0.880537,0.000177,0.000959,0.570939,0.575710
10.060000,-0.947151,-0.883930,0.000178,0.000970,0.571000,0.575757
10.062000,-0.950545,-0.887325,0.000178,0.000957,0.571060,0.575768
10.064000,-0.953939,-0.890722,0.000179,0.000962,0.571121,0.575765
10.066000,-0.957333,-0.894120,0.000180,0.000957,0.571181,0.575841
10.068000,-0.960727,-0.897513,0.000180,0.000951,0.571241,0.575864
10.070000,-0.964121,-0.900909,0.000181,0.000948,0.571301,0.575950
10.072000,-0.967515,-0.904304,0.000181,0.000957,0.571361,0.576011
10.074000,-0.970909,-0.907697,0.000182,0.000955,0.571420,0.576064
10.076000,-0.974304,-0.911088,0.000183,0.000965,0.571480,0.576057
10.078000,-0.977698,-0.914482,0.000183,0.000955,0.571539,0.576115
10.080000,-0.981092,-0.917877,0.000184,0.000966,0.571598,0.576153
10.082000,-0.984486,-0.921271,0.000184,0.000964,0.571657,0.576184
10.084000,-0.987880,-0.924663,0.000185,0.000966,0.571716,0.576278
10.086000,-0.991274,-0.928050,0.000186,0.000960,0.571774,0.576344
10.088000,-0.994668,-0.931440,0.000186,0.000956,0.571833,0.576467
10.090000,-0.998062,-0.934830,0.000187,0.000959,0.571891,0.576487
10.092000,-1.001456,-0.938221,0.000188,0.000960,0.571949,0.576540
10.094000,-1.004850,-0.941621,0.000188,0.000960,0.572007,0.576591
10.096000,-1.008244,-0.945010,0.000189,0.000956,0.572065,0.576685
10.098000,-1.011638,-0.948400,0.000189,0.000963,0.572123,0.576796
10.100000,-1.015032,-0.951788,0.000190,0.000964,0.572181,0.576846
10.102000,-1.018426,-0.955174,0.000191,0.000965,0.572238,0.576845
10.104000,-1.021820,-0.958560,0.000191,0.000958,0.572295,0.576890
10.106000,-1.025215,-0.961948,0.000192,0.000967,0.572352,0.577019
10.108000,-1.028609,-0.965336,0.000192,0.000965,0.572409,0.577059
10.110000,-1.032003,-0.968723,0.000193,0.000975,0.572466,0.577038
10.112000,-1.035397,-0.972110,0.000194,0.000967,0.572523,0.577061
10.114000,-1.038791,-0.975497,0.000194,0.000976,0.572579,0.577167
10.116000,-1.042185,-0.978885,0.000195,0.000974,0.572636,0.577292
10.118000,-1.045579,-0.982273,0.000195,0.000983,0.572692,0.577297
10.120000,-1.048973,-0.985662,0.000196,0.000977,0.572748,0.577315
10.122000,-1.052367,-0.989064,0.000197,0.000981,0.572804,0.577413
10.124000,-1.055761,-0.992456,0.000197,0.000982,0.572859,0.577524
10.126000,-1.059155,-0.995847,0.000198,0.000981,0.572915,0.577595
10.128000,-1.062549,-0.999234,0.000199,0.000978,0.572970,0.577631
10.130000,-1.065943,-1.002620,0.000199,0.000976,0.573026,0.577697
10.132000,-1.069337,-1.006005,0.000200,0.000976,0.573081,0.577748
10.134000,-1.072731,-1.009393,0.000200,0.000979,0.573136,0.577738
10.136000,-1.076126,-1.012782,0.000201,0.000973,0.573191,0.577726
10.138000,-1.079520,-1.016171,0.000202,0.000972,0.573245,0.577772
10.140000,-1.082914,-1.019559,0.000202,0.000979,0.573300,0.577899
10.142000,-1.086308,-1.022947,0.000203,0.000980,0.573354,0.578055
10.144000,-1.089702,-1.026334,0.000203,0.000988,0.573409,0.578101
10.146000,-1.093096,-1.029721,0.000204,0.000986,0.573463,0.578144
10.148000,-1.096490,-1.033108,0.000205,0.000990,0.573517,0.578175
10.150000,-1.099884,-1.036494,0.000205,0.000992,0.573571,0.578259
10.152000,-1.103278,-1.039882,0.000206,0.000990,0.573624,0.578360
10.154000,-1.106672,-1.043268,0.000207,0.000986,0.573678,0.578417
10.156000,-1.110066,-1.046656,0.000207,0.000993,0.573731,0.578495
10.158000,-1.113460,-1.050043,0.000208,0.000993,0.573785,0.578567
10.160000,-1.116854,-1.053433,0.000208,0.001000,0.573838,0.578632
10.162000,-1.120248,-1.056822,0.000209,0.000997,0.573891,0.578652
10.164000,-1.123642,-1.060211,0.000210,0.001004,0.573944,0.578699
10.166000,-1.127037,-1.063599,0.000210,0.001003,0.573996,0.578751
10.168000,-1.130431,-1.066989,0.000211,0.001010,0.574049,0.578800
10.170000,-1.133825,-1.070381,0.000211,0.001006,0.574101,0.578799
10.172000,-1.137219,-1.073773,0.000212,0.001013,0.574154,0.578832
10.174000,-1.140613,-1.077164,0.000213,0.001014,0.574206,0.578874
10.176000,-1.144007,-1.080553,0.000213,0.001017,0.574258,0.578968
10.178000,-1.147401,-1.083944,0.000214,0.001014,0.574310,0.579081
10.180000,-1.150795,-1.087333,0.000214,0.001012,0.574361,0.579142
10.182000,-1.154189,-1.090725,0.000215,0.001014,0.574413,0.579161
10.184000,-1.157583,-1.094115,0.000216,0.001016,0.574464,0.579211
10.186000,-1.160977,-1.097508,0.000216,0.001014,0.574516,0.579284
10.188000,-1.164371,-1.100901,0.000217,0.001011,0.574567,0.579314
10.190000,-1.167765,-1.104294,0.000218,0.001017,0.574618,0.579379
10.192000,-1.171159,-1.107685,0.000218,0.001018,0.574669,0.579434
10.194000,-1.174553,-1.111074,0.000219,0.001025,0.574719,0.579494
10.196000,-1.177947,-1.114466,0.000219,0.001021,0.574770,0.579602
10.198000,-1.181342,-1.117857,0.000220,0.001029,0.574821,0.579676
10.200000,-1.184736,-1.121249,0.000221,0.001029,0.574871,0.579709
10.202000,-1.188130,-1.124641,0.000221,0.001036,0.574921,0.579734
10.204000,-1.191524,-1.128034,0.000222,0.001032,0.574971,0.579807
10.206000,-1.194918,-1.131429,0.000222,0.001039,0.575021,0.579852
10.208000,-1.198312,-1.134826,0.000223,0.001040,0.575071,0.579859
10.210000,-1.201706,-1.138219,0.000224,0.001043,0.575121,0.579898
10.212000,-1.205100,-1.141612,0.000224,0.001042,0.575170,0.579972
10.214000,-1.208494,-1.145006,0.000225,0.001034,0.575220,0.580088
10.216000,-1.211888,-1.148400,0.000225,0.001043,0.575269,0.580189
10.218000,-1.215282,-1.151792,0.000226,0.001034,0.575318,0.580237
10.220000,-1.218676,-1.155182,0.000227,0.001043,0.575367,0.580282
10.222000,-1.222070,-1.158575,0.000227,0.001038,0.575416,0.580371
10.224000,-1.225464,-1.161970,0.000228,0.001046,0.575465,0.580432
10.226000,-1.228858,-1.165365,0.000229,0.001046,0.575514,0.580441
10.228000,-1.232253,-1.168758,0.000229,0.001053,0.575562,0.580457
10.230000,-1.235647,-1.172151,0.000230,0.001049,0.575611,0.580525
10.232000,-1.239041,-1.175547,0.000230,0.001056,0.575659,0.580667
10.234000,-1.242435,-1.178945,0.000231,0.001056,0.575707,0.580688
10.236000,-1.245829,-1.182342,0.000232,0.001064,0.575755,0.580693
10.238000,-1.249223,-1.185739,0.000232,0.001059,0.575803,0.580735
10.240000,-1.252617,-1.189139,0.000233,0.001066,0.575851,0.580847
10.242000,-1.256011,-1.192542,0.000233,0.001066,0.575898,0.580839
10.244000,-1.259405,-1.195942,0.000234,0.001069,0.575946,0.580837
10.246000,-1.262799,-1.199341,0.000235,0.001067,0.575993,0.580876
10.248000,-1.266193,-1.202741,0.000235,0.001064,0.576040,0.580986
10.250000,-1.269587,-1.206148,0.000236,0.001066,0.576087,0.580953
10.252000,-1.272981,-1.209550,0.000237,0.001067,0.576134,0.580934
10.254000,-1.276375,-1.212951,0.000237,0.001065,0.576181,0.580967
10.256000,-1.279769,-1.216351,0.000238,0.001061,0.576228,0.581074
10.258000,-1.283164,-1.219754,0.000238,0.001067,0.576275,0.581262
10.260000,-1.286558,-1.223156,0.000239,0.001067,0.576321,0.581245
10.262000,-1.289952,-1.226557,0.000240,0.001075,0.576367,0.581228
10.264000,-1.293346,-1.229957,0.000240,0.001071,0.576414,0.581268
10.266000,-1.296740,-1.233359,0.000241,0.001080,0.576460,0.581393
10.268000,-1.300134,-1.236807,0.000241,0.001075,0.576506,0.581573
10.270000,-1.303528,-1.240212,0.000242,0.001071,0.576552,0.581533
10.272000,-1.306922,-1.243612,0.000243,0.001056,0.576597,0.581524
10.274000,-1.310316,-1.247021,0.000243,0.001051,0.576643,0.581517
10.276000,-1.313710,-1.250432,0.000244,0.001046,0.576688,0.581568
10.278000,-1.317104,-1.253838,0.000244,0.001036,0.576734,0.581535
10.280000,-1.320498,-1.257244,0.000245,0.001032,0.576779,0.581557
10.282000,-1.323892,-1.260647,0.000246,0.001026,0.576824,0.581660
10.284000,-1.327286,-1.264054,0.000246,0.001026,0.576869,0.581728
10.286000,-1.330680,-1.267463,0.000247,0.001026,0.576914,0.581846
10.288000,-1.334075,-1.270867,0.000248,0.001023,0.576959,0.581870
10.290000,-1.337469,-1.274272,0.000248,0.001019,0.577004,0.581935
10.292000,-1.340863,-1.277678,0.000249,0.001026,0.577048,0.582074
10.294000,-1.344257,-1.281087,0.000249,0.001025,0.577093,0.582172
10.296000,-1.347651,-1.284493,0.000250,0.001035,0.577137,0.582154
10.298000,-1.351045,-1.287898,0.000251,0.001030,0.577181,0.582170
10.300000,-1.354439,-1.291304,0.000251,0.001039,0.577225,0.582262
10.302000,-1.357833,-1.294713,0.000252,0.001042,0.577269,0.582325
10.304000,-1.361227,-1.298123,0.000252,0.001039,0.577313,0.582433
10.306000,-1.364621,-1.301529,0.000253,0.001041,0.577357,0.582452
10.308000,-1.368015,-1.304934,0.000254,0.001027,0.577400,0.582509
10.310000,-1.371409,-1.308344,0.000254,0.001028,0.577444,0.582520
10.312000,-1.374803,-1.311757,0.000255,0.001042,0.577487,0.582441
10.314000,-1.378197,-1.315167,0.000255,0.001034,0.577530,0.582414
10.316000,-1.381591,-1.318579,0.000256,0.001055,0.577573,0.582471
10.318000,-1.384985,-1.321990,0.000257,0.001057,0.577616,0.582620
10.320000,-1.388380,-1.325404,0.000257,0.001058,0.577659,0.582737
10.322000,-1.391774,-1.328813,0.000258,0.001066,0.577702,0.582715
10.324000,-1.395168,-1.332221,0.000259,0.001062,0.577745,0.582730
10.326000,-1.398562,-1.335635,0.000259,0.001066,0.577787,0.582710
10.328000,-1.401956,-1.339049,0.000260,0.001068,0.577830,0.582748
10.330000,-1.405350,-1.342464,0.000260,0.001058,0.577872,0.582849
10.332000,-1.408744,-1.345875,0.000261,0.001059,0.577914,0.582874
10.334000,-1.412138,-1.349286,0.000262,0.001052,0.577956,0.582949
10.336000,-1.415532,-1.352699,0.000262,0.001056,0.577998,0.582941
10.338000,-1.418926,-1.356112,0.000263,0.001059,0.578040,0.583003
10.340000,-1.422320,-1.359523,0.000263,0.001050,0.578082,0.583135
10.342000,-1.425714,-1.362937,0.000264,0.001063,0.578124,0.583144
10.344000,-1.429108,-1.366351,0.000265,0.001073,0.578165,0.583225
10.346000,-1.432502,-1.369768,0.000265,0.001091,0.578207,0.583137
10.348000,-1.435896,-1.373180,0.000266,0.001104,0.578248,0.583072
10.350000,-1.439291,-1.376592,0.000266,0.001111,0.578289,0.583083
10.352000,-1.442685,-1.380003,0.000267,0.001122,0.578330,0.583190
10.354000,-1.446079,-1.383414,0.000268,0.001125,0.578371,0.583251
10.356000,-1.449473,-1.386828,0.000268,0.001128,0.578412,0.583375
10.358000,-1.452867,-1.390236,0.000269,0.001123,0.578453,0.583379
10.360000,-1.456261,-1.393646,0.000270,0.001120,0.578494,0.583422
10.362000,-1.459655,-1.397055,0.000270,0.001120,0.578534,0.583419
10.364000,-1.463049,-1.400469,0.000271,0.001127,0.578575,0.583451
10.366000,-1.466443,-1.403879,0.000271,0.001118,0.578615,0.583419
10.368000,-1.469837,-1.407292,0.000272,0.001126,0.578655,0.583449
10.370000,-1.473231,-1.410704,0.000273,0.001130,0.578696,0.583571
10.372000,-1.476625,-1.414116,0.000273,0.001127,0.578736,0.583664
10.374000,-1.480019,-1.417522,0.000274,0.001135,0.578775,0.583601
10.376000,-1.483413,-1.420929,0.000274,0.001124,0.578815,0.583586
10.378000,-1.486807,-1.424337,0.000275,0.001128,0.578855,0.583561
10.380000,-1.490202,-1.427745,0.000276,0.001125,0.578895,0.583623
10.382000,-1.493596,-1.431158,0.000276,0.001118,0.578934,0.583719
10.384000,-1.496990,-1.434565,0.000277,0.001111,0.578973,0.583725
10.386000,-1.500384,-1.437973,0.000278,0.001119,0.579013,0.583781
10.388000,-1.503778,-1.441380,0.000278,0.001115,0.579052,0.583817
10.390000,-1.507172,-1.444790,0.000279,0.001121,0.579091,0.583873
10.392000,-1.510566,-1.448195,0.000279,0.001110,0.579130,0.583846
10.394000,-1.513960,-1.451601,0.000280,0.001115,0.579169,0.583870
10.396000,-1.517354,-1.455006,0.000281,0.001112,0.579208,0.583886
10.398000,-1.520748,-1.458412,0.000281,0.001115,0.579246,0.583983
10.400000,-1.524142,-1.461817,0.000282,0.001100,0.579285,0.584025
10.402000,-1.527536,-1.465219,0.000282,0.001097,0.579323,0.584037
10.404000,-1.530930,-1.468623,0.000283,0.001091,0.579362,0.584107
10.406000,-1.534324,-1.472023,0.000284,0.001091,0.579400,0.584176
10.408000,-1.537718,-1.475426,0.000284,0.001099,0.579438,0.584239
10.410000,-1.541113,-1.478824,0.000285,0.001090,0.579476,0.584218
10.412000,-1.544507,-1.482225,0.000285,0.001099,0.579514,0.584244
10.414000,-1.547901,-1.485624,0.000286,0.001095,0.579552,0.584276
10.416000,-1.551295,-1.489026,0.000287,0.001102,0.579590,0.584303
10.418000,-1.554689,-1.492424,0.000287,0.001093,0.579627,0.584253
10.420000,-1.558083,-1.495825,0.000288,0.001101,0.579665,0.584261
10.422000,-1.561477,-1.499224,0.000289,0.001099,0.579702,0.584286
10.424000,-1.564871,-1.502622,0.000289,0.001099,0.579740,0.584385
10.426000,-1.568265,-1.506023,0.000290,0.001093,0.579777,0.584493
10.428000,-1.571659,-1.509417,0.000290,0.001088,0.579814,0.584511
10.430000,-1.575053,-1.512814,0.000291,0.001086,0.579851,0.584487
10.432000,-1.578447,-1.516212,0.000292,0.001093,0.579888,0.584452
10.434000,-1.581841,-1.519614,0.000292,0.001085,0.579925,0.584494
10.436000,-1.585235,-1.523015,0.000293,0.001085,0.579962,0.584515
10.438000,-1.588629,-1.526414,0.000293,0.001091,0.579998,0.584575
10.440000,-1.592023,-1.529808,0.000294,0.001085,0.580035,0.584631
10.442000,-1.595418,-1.533202,0.000295,0.001094,0.580071,0.584672
10.444000,-1.598812,-1.536598,0.000295,0.001077,0.580108,0.584706
10.446000,-1.602206,-1.539991,0.000296,0.001089,0.580144,0.584734
10.448000,-1.605600,-1.543383,0.000296,0.001073,0.580180,0.584756
10.450000,-1.608994,-1.546775,0.000297,0.001084,0.580216,0.584764
10.452000,-1.612388,-1.550170,0.000298,0.001074,0.580252,0.584842
10.454000,-1.615782,-1.553562,0.000298,0.001083,0.580288,0.584867
10.456000,-1.619176,-1.556954,0.000299,0.001082,0.580324,0.584869
10.458000,-1.622570,-1.560346,0.000300,0.001083,0.580359,0.584930
10.460000,-1.625964,-1.563738,0.000300,0.001078,0.580395,0.584994
10.462000,-1.629358,-1.567128,0.000301,0.001073,0.580430,0.585024
10.464000,-1.632752,-1.570518,0.000301,0.001075,0.580466,0.585028
10.466000,-1.636146,-1.573909,0.000302,0.001077,0.580501,0.585086
10.468000,-1.639540,-1.577301,0.000303,0.001072,0.580536,0.585147
10.470000,-1.642934,-1.580691,0.000303,0.001067,0.580571,0.585114
10.472000,-1.646329,-1.584083,0.000304,0.001075,0.580606,0.585125
10.474000,-1.649723,-1.587472,0.000304,0.001073,0.580641,0.585146
10.476000,-1.653117,-1.590858,0.000305,0.001082,0.580676,0.585159
10.478000,-1.656511,-1.594246,0.000306,0.001073,0.580711,0.585237
10.480000,-1.659905,-1.597633,0.000306,0.001082,0.580746,0.585305
10.482000,-1.663299,-1.601019,0.000307,0.001079,0.580780,0.585357
10.484000,-1.666693,-1.604405,0.000308,0.001088,0.580815,0.585369
10.486000,-1.670087,-1.607795,0.000308,0.001079,0.580849,0.585434
10.488000,-1.673481,-1.611184,0.000309,0.001090,0.580883,0.585473
10.490000,-1.676875,-1.614581,0.000309,0.001082,0.580918,0.585515
10.492000,-1.680269,-1.617970,0.000310,0.001086,0.580952,0.585588
10.494000,-1.683663,-1.621359,0.000311,0.001076,0.580986,0.585625
10.496000,-1.687057,-1.624747,0.000311,0.001071,0.581020,0.585619
10.498000,-1.690451,-1.628134,0.000312,0.001078,0.581053,0.585650
10.500000,-1.693845,-1.631518,0.000312,0.001076,0.581087,0.585699
10.502000,-1.697240,-1.634901,0.000313,0.001086,0.581121,0.585713
10.504000,-1.700634,-1.638287,0.000314,0.001073,0.581154,0.585710
10.506000,-1.704028,-1.641672,0.000314,0.001085,0.581188,0.585727
10.508000,-1.707422,-1.645056,0.000315,0.001073,0.581221,0.585769
10.510000,-1.710816,-1.648438,0.000315,0.001083,0.581254,0.585766
10.512000,-1.714210,-1.651823,0.000316,0.001074,0.581288,0.585819
10.514000,-1.717604,-1.655207,0.000317,0.001084,0.581321,0.585847
10.516000,-1.720998,-1.658592,0.000317,0.001083,0.581354,0.585888
10.518000,-1.724392,-1.661975,0.000318,0.001086,0.581387,0.585988
10.520000,-1.727786,-1.665357,0.000319,0.001082,0.581420,0.586027
10.522000,-1.731180,-1.668742,0.000319,0.001077,0.581452,0.586012
10.524000,-1.734574,-1.672125,0.000320,0.001086,0.581485,0.586035
10.526000,-1.737968,-1.675506,0.000320,0.001084,0.581518,0.586108
10.528000,-1.741362,-1.678884,0.000321,0.001094,0.581550,0.586123
10.530000,-1.744756,-1.682265,0.000322,0.001086,0.581582,0.586190
10.532000,-1.748151,-1.685647,0.000322,0.001095,0.581615,0.586224
10.534000,-1.751545,-1.689028,0.000323,0.001094,0.581647,0.586290
10.536000,-1.754939,-1.692409,0.000323,0.001102,0.581679,0.586310
10.538000,-1.758333,-1.695790,0.000324,0.001099,0.581711,0.586368
10.540000,-1.761727,-1.699174,0.000325,0.001102,0.581743,0.586377
10.542000,-1.765121,-1.702556,0.000325,0.001102,0.581775,0.586425
10.544000,-1.768515,-1.705940,0.000326,0.001099,0.581807,0.586382
10.546000,-1.771909,-1.709339,0.000326,0.001087,0.581839,0.586433
10.548000,-1.775303,-1.712725,0.000327,0.001096,0.581870,0.586536
10.550000,-1.778697,-1.716109,0.000328,0.001097,0.581902,0.586600
10.552000,-1.782091,-1.719492,0.000328,0.001099,0.581933,0.586692
10.554000,-1.785485,-1.722873,0.000329,0.001107,0.581965,0.586731
10.556000,-1.788879,-1.726253,0.000330,0.001105,0.581996,0.586800
10.558000,-1.792273,-1.729636,0.000330,0.001108,0.582027,0.586824
10.560000,-1.795667,-1.733018,0.000331,0.001109,0.582058,0.586884
10.562000,-1.799061,-1.736399,0.000331,0.001107,0.582089,0.586889
10.564000,-1.802456,-1.739780,0.000332,0.001105,0.582120,0.586926
10.566000,-1.805850,-1.743165,0.000333,0.001106,0.582151,0.586918
10.568000,-1.809244,-1.746549,0.000333,0.001109,0.582182,0.586949
10.570000,-1.812638,-1.749934,0.000334,0.001107,0.582213,0.586939
10.572000,-1.816032,-1.753316,0.000334,0.001105,0.582243,0.586968
10.574000,-1.819426,-1.756700,0.000335,0.001112,0.582274,0.587062
10.576000,-1.822820,-1.760085,0.000336,0.001112,0.582305,0.587118
10.578000,-1.826214,-1.763472,0.000336,0.001121,0.582335,0.587094
10.580000,-1.829608,-1.766857,0.000337,0.001116,0.582365,0.587098
10.582000,-1.833002,-1.770244,0.000337,0.001126,0.582395,0.587164
10.584000,-1.836396,-1.773633,0.000338,0.001126,0.582426,0.587199
10.586000,-1.839790,-1.777020,0.000339,0.001130,0.582456,0.587278
10.588000,-1.843184,-1.780406,0.000339,0.001128,0.582486,0.587299
10.590000,-1.846578,-1.783790,0.000340,0.001125,0.582516,0.587351
10.592000,-1.849972,-1.787178,0.000341,0.001133,0.582545,0.587465
10.594000,-1.853367,-1.790565,0.000341,0.001133,0.582575,0.587537
10.596000,-1.856761,-1.793953,0.000342,0.001142,0.582605,0.587521
10.598000,-1.860155,-1.797342,0.000342,0.001138,0.582634,0.587521
10.600000,-1.863549,-1.800733,0.000343,0.001146,0.582664,0.587581
10.602000,-1.866943,-1.804123,0.000344,0.001147,0.582693,0.587620
10.604000,-1.870337,-1.807513,0.000344,0.001150,0.582723,0.587701
10.606000,-1.873731,-1.810900,0.000345,0.001148,0.582752,0.587725
10.608000,-1.877125,-1.814287,0.000345,0.001148,0.582781,0.587776
10.610000,-1.880519,-1.817679,0.000346,0.001146,0.582810,0.587778
10.612000,-1.883913,-1.821069,0.000347,0.001151,0.582839,0.587817
10.614000,-1.887307,-1.824460,0.000347,0.001139,0.582868,0.587814
10.616000,-1.890701,-1.827850,0.000348,0.001140,0.582897,0.587844
10.618000,-1.894095,-1.831242,0.000349,0.001146,0.582926,0.587938
10.620000,-1.897489,-1.834634,0.000349,0.001148,0.582955,0.587993
10.622000,-1.900883,-1.838027,0.000350,0.001157,0.582984,0.587972
10.624000,-1.904278,-1.841418,0.000350,0.001153,0.583012,0.587972
10.626000,-1.907672,-1.844811,0.000351,0.001163,0.583041,0.588033
10.628000,-1.911066,-1.848207,0.000352,0.001165,0.583069,0.588061
10.630000,-1.914460,-1.851601,0.000352,0.001169,0.583097,0.588130
10.632000,-1.917854,-1.854994,0.000353,0.001168,0.583126,0.588152
10.634000,-1.921248,-1.858385,0.000353,0.001169,0.583154,0.588201
10.636000,-1.924642,-1.861782,0.000354,0.001167,0.583182,0.588202
10.638000,-1.928036,-1.865177,0.000355,0.001172,0.583210,0.588238
10.640000,-1.931430,-1.868573,0.000355,0.001161,0.583238,0.588234
10.642000,-1.934824,-1.871967,0.000356,0.001161,0.583266,0.588264
10.644000,-1.938218,-1.875363,0.000356,0.001168,0.583294,0.588359
10.646000,-1.941612,-1.878760,0.000357,0.001169,0.583322,0.588405
10.648000,-1.945006,-1.882157,0.000358,0.001179,0.583349,0.588385
10.650000,-1.948400,-1.885552,0.000358,0.001176,0.583377,0.588391
10.652000,-1.951794,-1.888949,0.000359,0.001186,0.583404,0.588461
10.654000,-1.955188,-1.892348,0.000360,0.001186,0.583432,0.588480
10.656000,-1.958583,-1.895748,0.000360,0.001195,0.583459,0.588439
10.658000,-1.961977,-1.899145,0.000361,0.001191,0.583487,0.588436
10.660000,-1.965371,-1.902542,0.000361,0.001202,0.583514,0.588504
10.662000,-1.968765,-1.905943,0.000362,0.001197,0.583541,0.588541
10.664000,-1.972159,-1.909343,0.000363,0.001204,0.583568,0.588597
10.666000,-1.975553,-1.912740,0.000363,0.001190,0.583595,0.588611
10.668000,-1.978947,-1.916136,0.000364,0.001188,0.583622,0.588663
10.670000,-1.982341,-1.919536,0.000364,0.001195,0.583649,0.588783
10.672000,-1.985735,-1.922935,0.000365,0.001196,0.583676,0.588822
10.674000,-1.989129,-1.926333,0.000366,0.001205,0.583703,0.588801
10.676000,-1.992523,-1.929729,0.000366,0.001201,0.583729,0.588807
10.678000,-1.995917,-1.933129,0.000367,0.001210,0.583756,0.588884
10.680000,-1.999311,-1.936528,0.000367,0.001209,0.583782,0.588837
10.682000,-2.002705,-1.939928,0.000368,0.001217,0.583809,0.588755
10.684000,-2.006099,-1.943326,0.000369,0.001212,0.583835,0.588732
10.686000,-2.009494,-1.946723,0.000369,0.001220,0.583862,0.588797
10.688000,-2.012888,-1.950126,0.000370,0.001220,0.583888,0.588910
10.690000,-2.016282,-1.953523,0.000371,0.001223,0.583914,0.588928
10.692000,-2.019676,-1.956922,0.000371,0.001220,0.583940,0.588922
10.694000,-2.023070,-1.960319,0.000372,0.001218,0.583966,0.588966
10.696000,-2.026464,-1.963719,0.000372,0.001219,0.583992,0.589037
10.698000,-2.029858,-1.967125,0.000373,0.001221,0.584018,0.589179
10.700000,-2.033252,-1.970525,0.000374,0.001218,0.584044,0.589166
10.702000,-2.036646,-1.973927,0.000374,0.001215,0.584070,0.589163
10.704000,-2.040040,-1.977329,0.000375,0.001222,0.584095,0.589228
10.706000,-2.043434,-1.980736,0.000375,0.001221,0.584121,0.589327
10.708000,-2.046828,-1.984139,0.000376,0.001229,0.584146,0.589283
10.710000,-2.050222,-1.987543,0.000377,0.001224,0.584172,0.589255
10.712000,-2.053616,-1.990947,0.000377,0.001232,0.584197,0.589298
10.714000,-2.057010,-1.994355,0.000378,0.001232,0.584223,0.589378
10.716000,-2.060405,-1.997759,0.000379,0.001235,0.584248,0.589374
10.718000,-2.063799,-2.001164,0.000379,0.001231,0.584273,0.589353
10.720000,-2.067193,-2.004568,0.000380,0.001227,0.584298,0.589385
10.722000,-2.070587,-2.007972,0.000380,0.001232,0.584323,0.589497
10.724000,-2.073981,-2.011379,0.000381,0.001231,0.584348,0.589638
10.726000,-2.077375,-2.014781,0.000382,0.001238,0.584373,0.589620
10.728000,-2.080769,-2.018184,0.000382,0.001234,0.584398,0.589598
10.730000,-2.084163,-2.021592,0.000383,0.001237,0.584423,0.589587
10.732000,-2.087557,-2.025003,0.000383,0.001237,0.584448,0.589649
10.734000,-2.090951,-2.028411,0.000384,0.001235,0.584472,0.589597
10.736000,-2.094345,-2.031820,0.000385,0.001230,0.584497,0.589570
10.738000,-2.097739,-2.035228,0.000385,0.001236,0.584522,0.589616
10.740000,-2.101133,-2.038640,0.000386,0.001236,0.584546,0.589690
10.742000,-2.104527,-2.042047,0.000386,0.001238,0.584571,0.589684
10.744000,-2.107921,-2.045454,0.000387,0.001233,0.584595,0.589660
10.746000,-2.111316,-2.048861,0.000388,0.001229,0.584619,0.589685
10.748000,-2.114710,-2.052268,0.000388,0.001237,0.584643,0.589789
10.750000,-2.118104,-2.055674,0.000389,0.001227,0.584668,0.589827
10.752000,-2.121498,-2.059078,0.000390,0.001239,0.584692,0.589760
10.754000,-2.124892,-2.062484,0.000390,0.001217,0.584716,0.589730
10.756000,-2.128286,-2.065891,0.000391,0.001230,0.584740,0.589784
10.758000,-2.131680,-2.069301,0.000391,0.001226,0.584764,0.589864
10.760000,-2.135074,-2.072707,0.000392,0.001237,0.584787,0.589793
10.762000,-2.138468,-2.076111,0.000393,0.001223,0.584811,0.589770
10.764000,-2.141862,-2.079519,0.000393,0.001234,0.584835,0.589819
10.766000,-2.145256,-2.082930,0.000394,0.001229,0.584859,0.589875
10.768000,-2.148650,-2.086338,0.000394,0.001231,0.584882,0.589858
10.770000,-2.152044,-2.089744,0.000395,0.001229,0.584906,0.589842
10.772000,-2.155438,-2.093150,0.000396,0.001223,0.584929,0.589877
10.774000,-2.158832,-2.096556,0.000396,0.001234,0.584952,0.589992
10.776000,-2.162226,-2.099963,0.000397,0.001231,0.584976,0.590110
10.778000,-2.165621,-2.103366,0.000397,0.001240,0.584999,0.590066
10.780000,-2.169015,-2.106771,0.000398,0.001231,0.585022,0.590042
10.782000,-2.172409,-2.110177,0.000399,0.001240,0.585045,0.590094
10.784000,-2.175803,-2.113585,0.000399,0.001238,0.585069,0.590154
10.786000,-2.179197,-2.116989,0.000400,0.001240,0.585092,0.590144
10.788000,-2.182591,-2.120394,0.000401,0.001233,0.585115,0.590116
10.790000,-2.185985,-2.123797,0.000401,0.001229,0.585137,0.590151
10.792000,-2.189379,-2.127202,0.000402,0.001232,0.585160,0.590179
10.794000,-2.192773,-2.130608,0.000402,0.001227,0.585183,0.590231
10.796000,-2.196167,-2.134011,0.000403,0.001224,0.585206,0.590213
10.798000,-2.199561,-2.137411,0.000404,0.001212,0.585228,0.590258
10.800000,-2.202955,-2.140815,0.000404,0.001219,0.585251,0.590361
10.802000,-2.206349,-2.144219,0.000405,0.001226,0.585274,0.590343
10.804000,-2.209743,-2.147621,0.000405,0.001231,0.585296,0.590272
10.806000,-2.213137,-2.151023,0.000406,0.001234,0.585318,0.590254
10.808000,-2.216532,-2.154425,0.000407,0.001239,0.585341,0.590320
10.810000,-2.219926,-2.157830,0.000407,0.001238,0.585363,0.590370
10.812000,-2.223320,-2.161230,0.000408,0.001239,0.585385,0.590335
10.814000,-2.226714,-2.164631,0.000409,0.001232,0.585408,0.590314
10.816000,-2.230108,-2.168031,0.000409,0.001229,0.585430,0.590363
10.818000,-2.233502,-2.171433,0.000410,0.001229,0.585452,0.590379
10.820000,-2.236896,-2.174836,0.000410,0.001228,0.585474,0.590416
10.822000,-2.240290,-2.178236,0.000411,0.001223,0.585496,0.590397
10.824000,-2.243684,-2.181637,0.000412,0.001217,0.585518,0.590427
10.826000,-2.247078,-2.185039,0.000412,0.001226,0.585539,0.590535
10.828000,-2.250472,-2.188439,0.000413,0.001218,0.585561,0.590593
10.830000,-2.253866,-2.191837,0.000413,0.001229,0.585583,0.590542
10.832000,-2.257260,-2.195234,0.000414,0.001215,0.585605,0.590525
10.834000,-2.260654,-2.198633,0.000415,0.001226,0.585626,0.590587
10.836000,-2.264048,-2.202033,0.000415,0.001223,0.585648,0.590602
10.838000,-2.267443,-2.205430,0.000416,0.001226,0.585669,0.590536
10.840000,-2.270837,-2.208827,0.000416,0.001219,0.585691,0.590508
10.842000,-2.274231,-2.212222,0.000417,0.001216,0.585712,0.590561
10.844000,-2.277625,-2.215618,0.000418,0.001217,0.585733,0.590555
10.846000,-2.281019,-2.219016,0.000418,0.001217,0.585755,0.590601
10.848000,-2.284413,-2.222411,0.000419,0.001212,0.585776,0.590583
10.850000,-2.287807,-2.225807,0.000420,0.001207,0.585797,0.590614
10.852000,-2.291201,-2.229204,0.000420,0.001217,0.585818,0.590725
10.854000,-2.294595,-2.232600,0.000421,0.001209,0.585839,0.590770
10.856000,-2.297989,-2.235992,0.000421,0.001222,0.585860,0.590717
10.858000,-2.301383,-2.239385,0.000422,0.001208,0.585881,0.590706
10.860000,-2.304777,-2.242778,0.000423,0.001220,0.585902,0.590776
10.862000,-2.308171,-2.246172,0.000423,0.001214,0.585922,0.590791
10.864000,-2.311565,-2.249564,0.000424,0.001226,0.585943,0.590710
10.866000,-2.314959,-2.252955,0.000424,0.001212,0.585964,0.590685
10.868000,-2.318354,-2.256346,0.000425,0.001225,0.585985,0.590746
10.870000,-2.321748,-2.259738,0.000426,0.001220,0.586005,0.590742
10.872000,-2.325142,-2.263130,0.000426,0.001217,0.586026,0.590800
10.874000,-2.328536,-2.266518,0.000427,0.001214,0.586046,0.590784
10.876000,-2.331930,-2.269907,0.000427,0.001195,0.586067,0.590819
10.878000,-2.335324,-2.273296,0.000428,0.001209,0.586087,0.590936
10.880000,-2.338718,-2.276685,0.000429,0.001205,0.586107,0.590983
10.882000,-2.342112,-2.280072,0.000429,0.001216,0.586127,0.590971
10.884000,-2.345506,-2.283459,0.000430,0.001207,0.586148,0.590995
10.886000,-2.348900,-2.286848,0.000431,0.001218,0.586168,0.591088
10.888000,-2.352294,-2.290238,0.000431,0.001214,0.586188,0.591109
10.890000,-2.355688,-2.293625,0.000432,0.001224,0.586208,0.591016
10.892000,-2.359082,-2.297013,0.000432,0.001214,0.586228,0.590965
10.894000,-2.362476,-2.300400,0.000433,0.001225,0.586248,0.590999
10.896000,-2.365870,-2.303789,0.000434,0.001222,0.586268,0.590977
10.898000,-2.369264,-2.307176,0.000434,0.001227,0.586288,0.590928
10.900000,-2.372659,-2.310580,0.000435,0.001215,0.586307,0.590961
10.902000,-2.376053,-2.313964,0.000435,0.001218,0.586327,0.591048
10.904000,-2.379447,-2.317349,0.000436,0.001213,0.586347,0.591046
10.906000,-2.382841,-2.320735,0.000437,0.001221,0.586366,0.591101
10.908000,-2.386235,-2.324122,0.000437,0.001222,0.586386,0.591117
10.910000,-2.389629,-2.327508,0.000438,0.001217,0.586405,0.591167
10.912000,-2.393023,-2.330898,0.000438,0.001223,0.586425,0.591270
10.914000,-2.396417,-2.334287,0.000439,0.001226,0.586444,0.591187
10.916000,-2.399811,-2.337670,0.000440,0.001228,0.586464,0.591131
10.918000,-2.403205,-2.341052,0.000440,0.001231,0.586483,0.591136
10.920000,-2.406599,-2.344432,0.000441,0.001227,0.586502,0.591227
10.922000,-2.409993,-2.347813,0.000442,0.001229,0.586521,0.591243
10.924000,-2.413387,-2.351194,0.000442,0.001232,0.586541,0.591206
10.926000,-2.416781,-2.354573,0.000443,0.001226,0.586560,0.591208
10.928000,-2.420175,-2.357952,0.000443,0.001222,0.586579,0.591277
10.930000,-2.423570,-2.361331,0.000444,0.001233,0.586598,0.591426
10.932000,-2.426964,-2.364708,0.000445,0.001226,0.586617,0.591482
10.934000,-2.430358,-2.368084,0.000445,0.001240,0.586636,0.591466
10.936000,-2.433752,-2.371459,0.000446,0.001219,0.586654,0.591478
10.938000,-2.437146,-2.374835,0.000446,0.001233,0.586673,0.591558
10.940000,-2.440540,-2.378213,0.000447,0.001231,0.586692,0.591573
10.942000,-2.443934,-2.381590,0.000448,0.001236,0.586711,0.591539
10.944000,-2.447328,-2.384967,0.000448,0.001231,0.586729,0.591528
10.946000,-2.450722,-2.388343,0.000449,0.001228,0.586748,0.591585
10.948000,-2.454116,-2.391722,0.000450,0.001233,0.586766,0.591618
10.950000,-2.457510,-2.395102,0.000450,0.001237,0.586785,0.591594
10.952000,-2.460904,-2.398480,0.000451,0.001235,0.586803,0.591591
10.954000,-2.464298,-2.401856,0.000451,0.001235,0.586822,0.591648
10.956000,-2.467692,-2.405231,0.000452,0.001232,0.586840,0.591633
10.958000,-2.471086,-2.408635,0.000453,0.001249,0.586858,0.591692
10.960000,-2.474481,-2.412015,0.000453,0.001237,0.586877,0.591683
10.962000,-2.477875,-2.415395,0.000454,0.001253,0.586895,0.591706
10.964000,-2.481269,-2.418775,0.000454,0.001257,0.586913,0.591794
10.966000,-2.484663,-2.422157,0.000455,0.001261,0.586931,0.591874
10.968000,-2.488057,-2.425538,0.000456,0.001264,0.586949,0.591891
10.970000,-2.491451,-2.428917,0.000456,0.001261,0.586967,0.591902
10.972000,-2.494845,-2.432293,0.000457,0.001259,0.586985,0.591960
10.974000,-2.498239,-2.435669,0.000457,0.001261,0.587003,0.592005
10.976000,-2.501633,-2.439048,0.000458,0.001263,0.587021,0.592021
10.978000,-2.505027,-2.442426,0.000459,0.001260,0.587039,0.592005
10.980000,-2.508421,-2.445804,0.000459,0.001258,0.587057,0.592030
10.982000,-2.511815,-2.449183,0.000460,0.001260,0.587074,0.592054
10.984000,-2.515209,-2.452565,0.000461,0.001263,0.587092,0.592137
10.986000,-2.518603,-2.455947,0.000461,0.001260,0.587110,0.592129
10.988000,-2.521997,-2.459328,0.000462,0.001258,0.587127,0.592134
10.990000,-2.525392,-2.462708,0.000462,0.001265,0.587145,0.592196
10.992000,-2.528786,-2.466090,0.000463,0.001265,0.587162,0.592265
10.994000,-2.532180,-2.469473,0.000464,0.001274,0.587180,0.592226
10.996000,-2.535574,-2.472856,0.000464,0.001269,0.587197,0.592199
10.998000,-2.538968,-2.476237,0.000465,0.001277,0.587214,0.592231
11.000000,-2.542362,-2.479619,0.000465,0.001277,0.587232,0.592286
11.002000,-2.545756,-2.483004,0.000466,0.001285,0.587249,0.592346
11.004000,-2.549150,-2.486389,0.000467,0.001280,0.587266,0.592348
11.006000,-2.552544,-2.489773,0.000467,0.001288,0.587283,0.592370
11.008000,-2.555938,-2.493160,0.000468,0.001289,0.587300,0.592391
11.010000,-2.559332,-2.496549,0.000468,0.001292,0.587317,0.592468
11.012000,-2.562726,-2.499937,0.000469,0.001289,0.587334,0.592455
11.014000,-2.566120,-2.503324,0.000470,0.001285,0.587351,0.592451
11.016000,-2.569514,-2.506711,0.000470,0.001292,0.587368,0.592499
11.018000,-2.572908,-2.510099,0.000471,0.001291,0.587385,0.592564
11.020000,-2.576302,-2.513488,0.000472,0.001299,0.587402,0.592528
11.022000,-2.579697,-2.516876,0.000472,0.001294,0.587419,0.592501
11.024000,-2.583091,-2.520264,0.000473,0.001302,0.587436,0.592530
11.026000,-2.586485,-2.523651,0.000473,0.001303,0.587452,0.592584
11.028000,-2.589879,-2.527041,0.000474,0.001306,0.587469,0.592699
11.030000,-2.593273,-2.530429,0.000475,0.001303,0.587486,0.592718
11.032000,-2.596667,-2.533817,0.000475,0.001301,0.587502,0.592731
11.034000,-2.600061,-2.537208,0.000476,0.001303,0.587519,0.592729
11.036000,-2.603455,-2.540600,0.000476,0.001305,0.587535,0.592782
11.038000,-2.606849,-2.543993,0.000477,0.001302,0.587552,0.592761
11.040000,-2.610243,-2.547385,0.000478,0.001299,0.587568,0.592751
11.042000,-2.613637,-2.550776,0.000478,0.001306,0.587584,0.592797
11.044000,-2.617031,-2.554169,0.000479,0.001306,0.587601,0.592861
11.046000,-2.620425,-2.557563,0.000480,0.001314,0.587617,0.592825
11.048000,-2.623819,-2.560957,0.000480,0.001310,0.587633,0.592797
11.050000,-2.627213,-2.564350,0.000481,0.001318,0.587649,0.592825
11.052000,-2.630608,-2.567743,0.000481,0.001320,0.587666,0.592876
11.054000,-2.634002,-2.571138,0.000482,0.001323,0.587682,0.592989
11.056000,-2.637396,-2.574531,0.000483,0.001320,0.587698,0.593004
11.058000,-2.640790,-2.577925,0.000483,0.001317,0.587714,0.593015
11.060000,-2.644184,-2.581319,0.000484,0.001323,0.587730,0.593069
11.062000,-2.647578,-2.584714,0.000484,0.001323,0.587746,0.593143
11.064000,-2.650972,-2.588110,0.000485,0.001331,0.587762,0.593119
11.066000,-2.654366,-2.591506,0.000486,0.001327,0.587777,0.593096
11.068000,-2.657760,-2.594901,0.000486,0.001334,0.587793,0.593125
11.070000,-2.661154,-2.598297,0.000487,0.001335,0.587809,0.593184
11.072000,-2.664548,-2.601696,0.000487,0.001337,0.587825,0.593191
11.074000,-2.667942,-2.605094,0.000488,0.001335,0.587840,0.593174
11.076000,-2.671336,-2.608492,0.000489,0.001333,0.587856,0.593193
11.078000,-2.674730,-2.611891,0.000489,0.001335,0.587872,0.593231
11.080000,-2.678124,-2.615291,0.000490,0.001337,0.587887,0.593329
11.082000,-2.681519,-2.618691,0.000491,0.001334,0.587903,0.593333
11.084000,-2.684913,-2.622090,0.000491,0.001332,0.587918,0.593333
11.086000,-2.688307,-2.625491,0.000492,0.001334,0.587934,0.593332
11.088000,-2.691701,-2.628893,0.000492,0.001337,0.587949,0.593389
11.090000,-2.695095,-2.632297,0.000493,0.001334,0.587964,0.593361
11.092000,-2.698489,-2.635701,0.000494,0.001332,0.587980,0.593341
11.094000,-2.701883,-2.639103,0.000494,0.001338,0.587995,0.593369
11.096000,-2.705277,-2.642505,0.000495,0.001341,0.588010,0.593429
11.098000,-2.708671,-2.645911,0.000495,0.001342,0.588025,0.593387
11.100000,-2.712065,-2.649315,0.000496,0.001341,0.588040,0.593322
11.102000,-2.715459,-2.652719,0.000497,0.001336,0.588055,0.593305
11.104000,-2.718853,-2.656123,0.000497,0.001341,0.588070,0.593337
11.106000,-2.722247,-2.659528,0.000498,0.001343,0.588086,0.593447
11.108000,-2.725641,-2.662931,0.000498,0.001341,0.588100,0.593420
11.110000,-2.729035,-2.666334,0.000499,0.001341,0.588115,0.593406
11.112000,-2.732429,-2.669737,0.000500,0.001342,0.588130,0.593424
11.114000,-2.735824,-2.673140,0.000500,0.001345,0.588145,0.593514
11.116000,-2.739218,-2.676549,0.000501,0.001343,0.588160,0.593605
11.118000,-2.742612,-2.679953,0.000502,0.001341,0.588175,0.593583
11.120000,-2.746006,-2.683358,0.000502,0.001347,0.588190,0.593583
11.122000,-2.749400,-2.686764,0.000503,0.001348,0.588204,0.593631
11.124000,-2.752794,-2.690175,0.000503,0.001356,0.588219,0.593669
11.126000,-2.756188,-2.693582,0.000504,0.001351,0.588233,0.593616
11.128000,-2.759582,-2.696990,0.000505,0.001358,0.588248,0.593596
11.130000,-2.762976,-2.700398,0.000505,0.001359,0.588263,0.593635
11.132000,-2.766370,-2.703808,0.000506,0.001365,0.588277,0.593759
11.134000,-2.769764,-2.707218,0.000506,0.001354,0.588292,0.593731
11.136000,-2.773158,-2.710626,0.000507,0.001355,0.588306,0.593700
11.138000,-2.776552,-2.714034,0.000508,0.001346,0.588320,0.593722
11.140000,-2.779946,-2.717444,0.000508,0.001349,0.588335,0.593815
11.142000,-2.783340,-2.720855,0.000509,0.001361,0.588349,0.593882
11.144000,-2.786735,-2.724262,0.000509,0.001354,0.588363,0.593840
11.146000,-2.790129,-2.727669,0.000510,0.001370,0.588378,0.593818
11.148000,-2.793523,-2.731077,0.000511,0.001367,0.588392,0.593866
11.150000,-2.796917,-2.734492,0.000511,0.001365,0.588406,0.593900
11.152000,-2.800311,-2.737902,0.000512,0.001360,0.588420,0.593834
11.154000,-2.803705,-2.741312,0.000513,0.001365,0.588434,0.593803
11.156000,-2.807099,-2.744722,0.000513,0.001366,0.588448,0.593841
11.158000,-2.810493,-2.748134,0.000514,0.001371,0.588462,0.593969
11.160000,-2.813887,-2.751545,0.000514,0.001359,0.588476,0.593923
11.162000,-2.817281,-2.754954,0.000515,0.001358,0.588490,0.593878
11.164000,-2.820675,-2.758361,0.000516,0.001348,0.588504,0.593888
11.166000,-2.824069,-2.761775,0.000516,0.001353,0.588518,0.593833
11.168000,-2.827463,-2.765190,0.000517,0.001365,0.588532,0.593846
11.170000,-2.830857,-2.768601,0.000517,0.001356,0.588545,0.593838
11.172000,-2.834251,-2.772009,0.000518,0.001376,0.588559,0.593848
11.174000,-2.837646,-2.775420,0.000519,0.001368,0.588573,0.593921
11.176000,-2.841040,-2.778832,0.000519,0.001365,0.588587,0.593938
11.178000,-2.844434,-2.782240,0.000520,0.001361,0.588600,0.593863
11.180000,-2.847828,-2.785646,0.000521,0.001340,0.588614,0.593835
11.182000,-2.851222,-2.789051,0.000521,0.001354,0.588627,0.593889
11.184000,-2.854616,-2.792459,0.000522,0.001352,0.588641,0.594033
11.186000,-2.858010,-2.795864,0.000522,0.001355,0.588654,0.593950
11.188000,-2.861404,-2.799268,0.000523,0.001351,0.588668,0.593893
11.190000,-2.864798,-2.802673,0.000524,0.001340,0.588681,0.593909
11.192000,-2.868192,-2.806081,0.000524,0.001343,0.588695,0.594018
11.194000,-2.871586,-2.809491,0.000525,0.001345,0.588708,0.594067
11.196000,-2.874980,-2.812896,0.000525,0.001335,0.588721,0.594008
11.198000,-2.878374,-2.816299,0.000526,0.001362,0.588735,0.593996
11.200000,-2.881768,-2.819704,0.000527,0.001353,0.588748,0.594062
11.202000,-2.885162,-2.823113,0.000527,0.001362,0.588761,0.594222
11.204000,-2.888557,-2.826514,0.000528,0.001351,0.588774,0.594157
11.206000,-2.891951,-2.829915,0.000528,0.001345,0.588787,0.594106
11.208000,-2.895345,-2.833316,0.000529,0.001354,0.588801,0.594127
11.210000,-2.898739,-2.836720,0.000530,0.001353,0.588814,0.594239
11.212000,-2.902133,-2.840121,0.000530,0.001355,0.588827,0.594150
11.214000,-2.905527,-2.843520,0.000531,0.001350,0.588840,0.594081
11.216000,-2.908921,-2.846922,0.000532,0.001338,0.588853,0.594082
11.218000,-2.912315,-2.850327,0.000532,0.001347,0.588866,0.594180
11.220000,-2.915709,-2.853730,0.000533,0.001336,0.588878,0.594058
11.222000,-2.919103,-2.857132,0.000533,0.001337,0.588891,0.593979
11.224000,-2.922497,-2.860531,0.000534,0.001343,0.588904,0.593983
11.226000,-2.925891,-2.863931,0.000535,0.001341,0.588917,0.594074
11.228000,-2.929285,-2.867335,0.000535,0.001350,0.588930,0.594102
11.230000,-2.932679,-2.870734,0.000536,0.001338,0.588942,0.594032
11.232000,-2.936073,-2.874135,0.000536,0.001349,0.588955,0.594019
11.234000,-2.939467,-2.877527,0.000537,0.001342,0.588968,0.594133
11.236000,-2.942862,-2.880929,0.000538,0.001342,0.588980,0.594294
11.238000,-2.946256,-2.884324,0.000538,0.001344,0.588993,0.594207
11.240000,-2.949650,-2.887718,0.000539,0.001336,0.589006,0.594146
11.242000,-2.953044,-2.891113,0.000539,0.001339,0.589018,0.594147
11.244000,-2.956438,-2.894509,0.000540,0.001338,0.589031,0.594243
11.246000,-2.959832,-2.897908,0.000541,0.001334,0.589043,0.594290
11.248000,-2.963226,-2.901285,0.000541,0.001322,0.589055,0.594392
11.250000,-2.966620,-2.904681,0.000542,0.001337,0.589068,0.594405
11.252000,-2.970014,-2.908080,0.000543,0.001331,0.589080,0.594415
11.254000,-2.973408,-2.911479,0.000543,0.001345,0.589093,0.594250
11.256000,-2.976802,-2.914875,0.000544,0.001340,0.589105,0.594135
11.258000,-2.980196,-2.918270,0.000544,0.001346,0.589117,0.594113
11.260000,-2.983590,-2.921664,0.000545,0.001351,0.589129,0.594195
11.262000,-2.986984,-2.925061,0.000546,0.001348,0.589141,0.594335
11.264000,-2.990378,-2.928449,0.000546,0.001356,0.589154,0.594246
11.266000,-2.993773,-2.931839,0.000547,0.001345,0.589166,0.594194
11.268000,-2.997167,-2.935230,0.000547,0.001350,0.589178,0.594185
11.270000,-3.000561,-2.938622,0.000548,0.001348,0.589190,0.594268
11.272000,-3.003955,-2.942018,0.000549,0.001342,0.589202,0.594332
11.274000,-3.007349,-2.945408,0.000549,0.001335,0.589214,0.594294
11.276000,-3.010743,-2.948800,0.000550,0.001344,0.589226,0.594307
11.278000,-3.014137,-2.952193,0.000551,0.001343,0.589238,0.594346
11.280000,-3.017531,-2.955589,0.000551,0.001345,0.589250,0.594470
11.282000,-3.020925,-2.958976,0.000552,0.001337,0.589262,0.594415
11.284000,-3.024319,-2.962366,0.000552,0.001331,0.589273,0.594390
11.286000,-3.027713,-2.965754,0.000553,0.001337,0.589285,0.594447
11.288000,-3.031107,-2.969143,0.000554,0.001343,0.589297,0.594438
11.290000,-3.034501,-2.972532,0.000554,0.001341,0.589309,0.594399
11.292000,-3.037895,-2.975919,0.000555,0.001350,0.589321,0.594362
11.294000,-3.041289,-2.979309,0.000555,0.001335,0.589332,0.594339
11.296000,-3.044684,-2.982698,0.000556,0.001340,0.589344,0.594395
11.298000,-3.048078,-2.986089,0.000557,0.001333,0.589355,0.594451
11.300000,-3.051472,-2.989478,0.000557,0.001327,0.589367,0.594471
11.302000,-3.054866,-2.992867,0.000558,0.001337,0.589379,0.594528
11.304000,-3.058260,-2.996256,0.000558,0.001339,0.589390,0.594572
11.306000,-3.061654,-2.999647,0.000559,0.001334,0.589402,0.594592
11.308000,-3.065048,-3.003034,0.000560,0.001332,0.589413,0.594519
11.310000,-3.068442,-3.006421,0.000560,0.001312,0.589425,0.594487
11.312000,-3.071836,-3.009806,0.000561,0.001324,0.589436,0.594541
11.314000,-3.075230,-3.013189,0.000562,0.001321,0.589447,0.594613
11.316000,-3.078624,-3.016572,0.000562,0.001336,0.589459,0.594632
11.318000,-3.082018,-3.019953,0.000563,0.001328,0.589470,0.594638
11.320000,-3.085412,-3.023336,0.000563,0.001340,0.589481,0.594620
11.322000,-3.088806,-3.026730,0.000564,0.001346,0.589493,0.594683
11.324000,-3.092200,-3.030117,0.000565,0.001337,0.589504,0.594686
11.326000,-3.095595,-3.033503,0.000565,0.001338,0.589515,0.594667
11.328000,-3.098989,-3.036889,0.000566,0.001336,0.589526,0.594690
11.330000,-3.102383,-3.040277,0.000566,0.001338,0.589537,0.594703
11.332000,-3.105777,-3.043665,0.000567,0.001339,0.589548,0.594684
11.334000,-3.109171,-3.047051,0.000568,0.001334,0.589559,0.594634
11.336000,-3.112565,-3.050434,0.000568,0.001329,0.589570,0.594634
11.338000,-3.115959,-3.053815,0.000569,0.001338,0.589581,0.594714
11.340000,-3.119353,-3.057196,0.000569,0.001337,0.589592,0.594802
11.342000,-3.122747,-3.060575,0.000570,0.001346,0.589603,0.594765
11.344000,-3.126141,-3.063955,0.000571,0.001338,0.589614,0.594735
11.346000,-3.129535,-3.067336,0.000571,0.001348,0.589625,0.594766
11.348000,-3.132929,-3.070716,0.000572,0.001346,0.589636,0.594806
11.350000,-3.136323,-3.074098,0.000573,0.001354,0.589647,0.594733
11.352000,-3.139717,-3.077480,0.000573,0.001346,0.589658,0.594683
11.354000,-3.143111,-3.080861,0.000574,0.001356,0.589669,0.594705
11.356000,-3.146505,-3.084241,0.000574,0.001355,0.589679,0.594741
11.358000,-3.149900,-3.087622,0.000575,0.001358,0.589690,0.594844
11.360000,-3.153294,-3.091002,0.000576,0.001353,0.589701,0.594841
11.362000,-3.156688,-3.094382,0.000576,0.001348,0.589711,0.594847
11.364000,-3.160082,-3.097763,0.000577,0.001356,0.589722,0.594910
11.366000,-3.163476,-3.101143,0.000577,0.001356,0.589733,0.594992
11.368000,-3.166870,-3.104522,0.000578,0.001363,0.589743,0.594974
11.370000,-3.170264,-3.107901,0.000579,0.001361,0.589754,0.594958
11.372000,-3.173658,-3.111280,0.000579,0.001363,0.589764,0.594917
11.374000,-3.177052,-3.114658,0.000580,0.001364,0.589775,0.594934
11.376000,-3.180446,-3.118039,0.000581,0.001359,0.589785,0.594968
11.378000,-3.183840,-3.121419,0.000581,0.001355,0.589796,0.594965
11.380000,-3.187234,-3.124802,0.000582,0.001362,0.589806,0.594988
11.382000,-3.190628,-3.128184,0.000582,0.001363,0.589817,0.595012
11.384000,-3.194022,-3.131567,0.000583,0.001369,0.589827,0.595049
11.386000,-3.197416,-3.134950,0.000584,0.001366,0.589837,0.595044
11.388000,-3.200811,-3.138332,0.000584,0.001373,0.589848,0.595066
11.390000,-3.204205,-3.141713,0.000585,0.001374,0.589858,0.595075
11.392000,-3.207599,-3.145094,0.000585,0.001377,0.589868,0.595128
11.394000,-3.210993,-3.148476,0.000586,0.001374,0.589878,0.595108
11.396000,-3.214387,-3.151857,0.000587,0.001370,0.589888,0.595107
11.398000,-3.217781,-3.155237,0.000587,0.001377,0.589899,0.595161
11.400000,-3.221175,-3.158614,0.000588,0.001377,0.589909,0.595215
11.402000,-3.224569,-3.161992,0.000588,0.001383,0.589919,0.595277
11.404000,-3.227963,-3.165371,0.000589,0.001380,0.589929,0.595279
11.406000,-3.231357,-3.168750,0.000590,0.001387,0.589939,0.595301
11.408000,-3.234751,-3.172130,0.000590,0.001387,0.589949,0.595302
11.410000,-3.238145,-3.175511,0.000591,0.001393,0.589959,0.595315
11.412000,-3.241539,-3.178893,0.000592,0.001389,0.589969,0.595284
11.414000,-3.244933,-3.182275,0.000592,0.001396,0.589979,0.595287
11.416000,-3.248327,-3.185658,0.000593,0.001397,0.589989,0.595273
11.418000,-3.251722,-3.189040,0.000593,0.001401,0.589999,0.595301
11.420000,-3.255116,-3.192423,0.000594,0.001394,0.590009,0.595357
11.422000,-3.258510,-3.195805,0.000595,0.001395,0.590019,0.595388
11.424000,-3.261904,-3.199190,0.000595,0.001387,0.590028,0.595357
11.426000,-3.265298,-3.202576,0.000596,0.001391,0.590038,0.595348
11.428000,-3.268692,-3.205965,0.000596,0.001391,0.590048,0.595302
11.430000,-3.272086,-3.209352,0.000597,0.001388,0.590058,0.595287
11.432000,-3.275480,-3.212738,0.000598,0.001405,0.590067,0.595337
11.434000,-3.278874,-3.216123,0.000598,0.001403,0.590077,0.595354
11.436000,-3.282268,-3.219509,0.000599,0.001412,0.590087,0.595402
11.438000,-3.285662,-3.222895,0.000599,0.001407,0.590096,0.595400
11.440000,-3.289056,-3.226281,0.000600,0.001416,0.590106,0.595432
11.442000,-3.292450,-3.229668,0.000601,0.001417,0.590116,0.595420
11.444000,-3.295844,-3.233054,0.000601,0.001422,0.590125,0.595448
11.446000,-3.299238,-3.236440,0.000602,0.001415,0.590135,0.595529
11.448000,-3.302633,-3.239826,0.000603,0.001415,0.590144,0.595573
11.450000,-3.306027,-3.243212,0.000603,0.001412,0.590154,0.595649
11.452000,-3.309421,-3.246596,0.000604,0.001414,0.590163,0.595663
11.454000,-3.312815,-3.249982,0.000604,0.001421,0.590173,0.595700
11.456000,-3.316209,-3.253369,0.000605,0.001417,0.590182,0.595692
11.458000,-3.319603,-3.256756,0.000606,0.001426,0.590191,0.595717
11.460000,-3.322997,-3.260145,0.000606,0.001427,0.590201,0.595696
11.462000,-3.326391,-3.263534,0.000607,0.001432,0.590210,0.595715
11.464000,-3.329785,-3.266925,0.000607,0.001430,0.590219,0.595689
11.466000,-3.333179,-3.270315,0.000608,0.001427,0.590229,0.595705
11.468000,-3.336573,-3.273704,0.000609,0.001435,0.590238,0.595787
11.470000,-3.339967,-3.277093,0.000609,0.001436,0.590247,0.595828
11.472000,-3.343361,-3.280482,0.000610,0.001440,0.590256,0.595891
11.474000,-3.346755,-3.283872,0.000610,0.001440,0.590266,0.595899
11.476000,-3.350149,-3.287266,0.000611,0.001434,0.590275,0.595831
11.478000,-3.353543,-3.290658,0.000612,0.001438,0.590284,0.595793
11.480000,-3.356938,-3.294054,0.000612,0.001435,0.590293,0.595821
11.482000,-3.360332,-3.297451,0.000613,0.001434,0.590302,0.595824
11.484000,-3.363726,-3.300847,0.000614,0.001442,0.590311,0.595870
11.486000,-3.367120,-3.304243,0.000614,0.001442,0.590320,0.595860
11.488000,-3.370514,-3.307641,0.000615,0.001451,0.590329,0.595885
11.490000,-3.373908,-3.311040,0.000615,0.001447,0.590338,0.595866
11.492000,-3.377302,-3.314440,0.000616,0.001455,0.590347,0.595887
11.494000,-3.380696,-3.317838,0.000617,0.001460,0.590356,0.595974
11.496000,-3.384090,-3.321235,0.000617,0.001463,0.590365,0.596015
11.498000,-3.387484,-3.324631,0.000618,0.001466,0.590374,0.596077
11.500000,-3.390878,-3.328027,0.000618,0.001465,0.590383,0.596088
11.502000,-3.394272,-3.331428,0.000619,0.001459,0.590392,0.596021
11.504000,-3.397666,-3.334826,0.000620,0.001462,0.590400,0.595985
11.506000,-3.401060,-3.338228,0.000620,0.001459,0.590409,0.596013
11.508000,-3.404454,-3.341631,0.000621,0.001456,0.590418,0.596014
11.510000,-3.407849,-3.345033,0.000622,0.001464,0.590427,0.596057
11.512000,-3.411243,-3.348436,0.000622,0.001465,0.590436,0.596040
11.514000,-3.414637,-3.351839,0.000623,0.001469,0.590444,0.596061
11.516000,-3.418031,-3.355243,0.000623,0.001466,0.590453,0.595989
11.518000,-3.421425,-3.358645,0.000624,0.001463,0.590462,0.595967
11.520000,-3.424819,-3.362047,0.000625,0.001470,0.590470,0.596027
11.522000,-3.428213,-3.365446,0.000625,0.001470,0.590479,0.596060
11.524000,-3.431607,-3.368848,0.000626,0.001478,0.590487,0.596129
11.526000,-3.435001,-3.372247,0.000626,0.001475,0.590496,0.596104
11.528000,-3.438395,-3.375652,0.000627,0.001478,0.590505,0.596024
11.530000,-3.441789,-3.379056,0.000628,0.001480,0.590513,0.595994
11.532000,-3.445183,-3.382462,0.000628,0.001480,0.590522,0.596038
11.534000,-3.448577,-3.385871,0.000629,0.001469,0.590530,0.596156
11.536000,-3.451971,-3.389276,0.000629,0.001481,0.590539,0.596201
11.538000,-3.455365,-3.392683,0.000630,0.001466,0.590547,0.596172
11.540000,-3.458760,-3.396090,0.000631,0.001473,0.590555,0.596183
11.542000,-3.462154,-3.399500,0.000631,0.001475,0.590564,0.596127
11.544000,-3.465548,-3.402908,0.000632,0.001469,0.590572,0.596118
11.546000,-3.468942,-3.406316,0.000633,0.001490,0.590580,0.596190
11.548000,-3.472336,-3.409723,0.000633,0.001484,0.590589,0.596243
11.550000,-3.475730,-3.413133,0.000634,0.001494,0.590597,0.596323
11.552000,-3.479124,-3.416538,0.000634,0.001489,0.590605,0.596289
11.554000,-3.482518,-3.419950,0.000635,0.001492,0.590614,0.596205
11.556000,-3.485912,-3.423360,0.000636,0.001493,0.590622,0.596179
11.558000,-3.489306,-3.426773,0.000636,0.001492,0.590630,0.596216
11.560000,-3.492700,-3.430188,0.000637,0.001480,0.590638,0.596304
11.562000,-3.496094,-3.433599,0.000637,0.001491,0.590646,0.596334
11.564000,-3.499488,-3.437011,0.000638,0.001476,0.590655,0.596315
11.566000,-3.502882,-3.440424,0.000639,0.001482,0.590663,0.596348
11.568000,-3.506276,-3.443838,0.000639,0.001483,0.590671,0.596319
11.570000,-3.509671,-3.447250,0.000640,0.001476,0.590679,0.596299
11.572000,-3.513065,-3.450661,0.000640,0.001497,0.590687,0.596349
11.574000,-3.516459,-3.454073,0.000641,0.001494,0.590695,0.596398
11.576000,-3.519853,-3.457484,0.000642,0.001496,0.590703,0.596408
11.578000,-3.523247,-3.460892,0.000642,0.001495,0.590711,0.596351
11.580000,-3.526641,-3.464303,0.000643,0.001482,0.590719,0.596251
11.582000,-3.530035,-3.467713,0.000644,0.001488,0.590727,0.596229
11.584000,-3.533429,-3.471130,0.000644,0.001480,0.590735,0.596246
11.586000,-3.536823,-3.474541,0.000645,0.001476,0.590743,0.596178
11.588000,-3.540217,-3.477955,0.000645,0.001483,0.590751,0.596178
11.590000,-3.543611,-3.481369,0.000646,0.001489,0.590758,0.596269
11.592000,-3.547005,-3.484779,0.000647,0.001489,0.590766,0.596357
11.594000,-3.550399,-3.488193,0.000647,0.001497,0.590774,0.596439
11.596000,-3.553793,-3.491600,0.000648,0.001487,0.590782,0.596415
11.598000,-3.557187,-3.495010,0.000648,0.001497,0.590790,0.596431
11.600000,-3.560581,-3.498419,0.000649,0.001494,0.590798,0.596445
11.602000,-3.563976,-3.501832,0.000650,0.001502,0.590805,0.596455
11.604000,-3.567370,-3.505239,0.000650,0.001491,0.590813,0.596391
11.606000,-3.570764,-3.508649,0.000651,0.001500,0.590821,0.596377
11.608000,-3.574158,-3.512058,0.000652,0.001498,0.590828,0.596373
11.610000,-3.577552,-3.515470,0.000652,0.001499,0.590836,0.596447
11.612000,-3.580946,-3.518876,0.000653,0.001493,0.590844,0.596380
11.614000,-3.584340,-3.522283,0.000653,0.001487,0.590851,0.596347
11.616000,-3.587734,-3.525690,0.000654,0.001489,0.590859,0.596313
11.618000,-3.591128,-3.529098,0.000655,0.001492,0.590866,0.596361
11.620000,-3.594522,-3.532506,0.000655,0.001479,0.590874,0.596358
11.622000,-3.597916,-3.535911,0.000656,0.001475,0.590882,0.596330
11.624000,-3.601310,-3.539310,0.000656,0.001476,0.590889,0.596383
11.626000,-3.604704,-3.542714,0.000657,0.001476,0.590897,0.596423
11.628000,-3.608098,-3.546120,0.000658,0.001488,0.590904,0.596454
11.630000,-3.611492,-3.549522,0.000658,0.001478,0.590912,0.596403
11.632000,-3.614887,-3.552927,0.000659,0.001488,0.590919,0.596396
11.634000,-3.618281,-3.556332,0.000659,0.001486,0.590926,0.596397
11.636000,-3.621675,-3.559739,0.000660,0.001488,0.590934,0.596474
11.638000,-3.625069,-3.563140,0.000661,0.001482,0.590941,0.596413
11.640000,-3.628463,-3.566542,0.000661,0.001477,0.590949,0.596377
11.642000,-3.631857,-3.569944,0.000662,0.001477,0.590956,0.596343
11.644000,-3.635251,-3.573349,0.000663,0.001487,0.590963,0.596317
11.646000,-3.638645,-3.576749,0.000663,0.001465,0.590970,0.596320
11.648000,-3.642039,-3.580152,0.000664,0.001478,0.590978,0.596309
11.650000,-3.645433,-3.583554,0.000664,0.001464,0.590985,0.596355
11.652000,-3.648827,-3.586954,0.000665,0.001467,0.590992,0.596403
11.654000,-3.652221,-3.590356,0.000666,0.001473,0.590999,0.596440
11.656000,-3.655615,-3.593754,0.000666,0.001465,0.591007,0.596392
11.658000,-3.659009,-3.597154,0.000667,0.001475,0.591014,0.596385
11.660000,-3.662403,-3.600553,0.000667,0.001473,0.591021,0.596385
11.662000,-3.665798,-3.603955,0.000668,0.001475,0.591028,0.596461
11.664000,-3.669192,-3.607350,0.000669,0.001469,0.591035,0.596402
11.666000,-3.672586,-3.610747,0.000669,0.001465,0.591042,0.596367
11.668000,-3.675980,-3.614144,0.000670,0.001465,0.591050,0.596339
11.670000,-3.679374,-3.617540,0.000670,0.001474,0.591057,0.596410
11.672000,-3.682768,-3.620936,0.000671,0.001461,0.591064,0.596404
11.674000,-3.686162,-3.624330,0.000672,0.001464,0.591071,0.596371
11.676000,-3.689556,-3.627725,0.000672,0.001457,0.591078,0.596392
11.678000,-3.692950,-3.631119,0.000673,0.001460,0.591085,0.596427
11.680000,-3.696344,-3.634515,0.000674,0.001467,0.591092,0.596452
11.682000,-3.699738,-3.637907,0.000674,0.001459,0.591099,0.596391
11.684000,-3.703132,-3.641301,0.000675,0.001469,0.591106,0.596372
11.686000,-3.706526,-3.644695,0.000675,0.001465,0.591112,0.596377
11.688000,-3.709920,-3.648091,0.000676,0.001475,0.591119,0.596372
11.690000,-3.713314,-3.651483,0.000677,0.001459,0.591126,0.596322
11.692000,-3.716708,-3.654876,0.000677,0.001470,0.591133,0.596307
11.694000,-3.720103,-3.658269,0.000678,0.001463,0.591140,0.596312
11.696000,-3.723497,-3.661660,0.000678,0.001467,0.591147,0.596393
11.698000,-3.726891,-3.665053,0.000679,0.001460,0.591154,0.596462
11.700000,-3.730285,-3.668442,0.000680,0.001455,0.591160,0.596440
11.702000,-3.733679,-3.671832,0.000680,0.001463,0.591167,0.596447
11.704000,-3.737073,-3.675221,0.000681,0.001460,0.591174,0.596482
11.706000,-3.740467,-3.678612,0.000681,0.001469,0.591181,0.596487
11.708000,-3.743861,-3.682000,0.000682,0.001459,0.591187,0.596420
11.710000,-3.747255,-3.685388,0.000683,0.001468,0.591194,0.596393
11.712000,-3.750649,-3.688776,0.000683,0.001464,0.591201,0.596411
11.714000,-3.754043,-3.692165,0.000684,0.001472,0.591207,0.596398
11.716000,-3.757437,-3.695554,0.000685,0.001462,0.591214,0.596358
11.718000,-3.760831,-3.698943,0.000685,0.001472,0.591221,0.596363
11.720000,-3.764225,-3.702331,0.000686,0.001469,0.591227,0.596410
11.722000,-3.767619,-3.705721,0.000686,0.001471,0.591234,0.596530
11.724000,-3.771014,-3.709108,0.000687,0.001464,0.591241,0.596438
11.726000,-3.774408,-3.712495,0.000688,0.001458,0.591247,0.596364
11.728000,-3.777802,-3.715881,0.000688,0.001467,0.591254,0.596359
11.730000,-3.781196,-3.719265,0.000689,0.001464,0.591260,0.596426
11.732000,-3.784590,-3.722650,0.000689,0.001472,0.591267,0.596445
11.734000,-3.787984,-3.726032,0.000690,0.001462,0.591273,0.596429
11.736000,-3.791378,-3.729415,0.000691,0.001472,0.591280,0.596452
11.738000,-3.794772,-3.732799,0.000691,0.001470,0.591286,0.596527
11.740000,-3.798166,-3.736185,0.000692,0.001473,0.591293,0.596677
11.742000,-3.801560,-3.739569,0.000693,0.001467,0.591299,0.596646
11.744000,-3.804954,-3.742953,0.000693,0.001460,0.591305,0.596597
11.746000,-3.808348,-3.746337,0.000694,0.001469,0.591312,0.596600
11.748000,-3.811742,-3.749721,0.000694,0.001466,0.591318,0.596680
11.750000,-3.815136,-3.753104,0.000695,0.001474,0.591324,0.596605
11.752000,-3.818530,-3.756485,0.000696,0.001464,0.591331,0.596542
11.754000,-3.821925,-3.759865,0.000696,0.001474,0.591337,0.596538
11.756000,-3.825319,-3.763248,0.000697,0.001470,0.591343,0.596612
11.758000,-3.828713,-3.766632,0.000697,0.001479,0.591350,0.596517
11.760000,-3.832107,-3.770014,0.000698,0.001469,0.591356,0.596445
11.762000,-3.835501,-3.773395,0.000699,0.001479,0.591362,0.596438
11.764000,-3.838895,-3.776776,0.000699,0.001477,0.591368,0.596509
11.766000,-3.842282,-3.780159,0.000700,0.001480,0.591371,0.596666
11.768000,-3.845655,-3.783540,0.000701,0.001473,0.591365,0.596632
11.770000,-3.849013,-3.786919,0.000701,0.001467,0.591351,0.596591
11.772000,-3.852358,-3.790297,0.000702,0.001476,0.591329,0.596597
11.774000,-3.855688,-3.793675,0.000703,0.001474,0.591300,0.596674
11.776000,-3.859004,-3.797051,0.000703,0.001483,0.591262,0.596580
11.778000,-3.862306,-3.800421,0.000704,0.001473,0.591216,0.596494
11.780000,-3.865594,-3.803787,0.000705,0.001483,0.591162,0.596464
11.782000,-3.868868,-3.807150,0.000705,0.001483,0.591101,0.596508
11.784000,-3.872128,-3.810513,0.000706,0.001485,0.591031,0.596407
11.786000,-3.875373,-3.813867,0.000707,0.001481,0.590953,0.596310
11.788000,-3.878604,-3.817213,0.000707,0.001479,0.590867,0.596260
11.790000,-3.881821,-3.820554,0.000708,0.001480,0.590773,0.596272
11.792000,-3.885024,-3.823889,0.000709,0.001482,0.590672,0.596353
11.794000,-3.888213,-3.827217,0.000709,0.001478,0.590562,0.596233
11.796000,-3.891388,-3.830536,0.000710,0.001474,0.590444,0.596112
11.798000,-3.894548,-3.833847,0.000711,0.001479,0.590318,0.596038
11.800000,-3.897695,-3.837151,0.000711,0.001476,0.590185,0.596030
11.802000,-3.900827,-3.840448,0.000712,0.001481,0.590043,0.595870
11.804000,-3.903945,-3.843735,0.000713,0.001481,0.589893,0.595712
11.806000,-3.907049,-3.847009,0.000713,0.001485,0.589735,0.595600
11.808000,-3.910139,-3.850274,0.000714,0.001485,0.589569,0.595546
11.810000,-3.913214,-3.853532,0.000715,0.001485,0.589396,0.595559
11.812000,-3.916276,-3.856780,0.000715,0.001488,0.589214,0.595403
11.814000,-3.919323,-3.860018,0.000716,0.001490,0.589024,0.595232
11.816000,-3.922356,-3.863244,0.000716,0.001494,0.588826,0.595090
11.818000,-3.925375,-3.866462,0.000717,0.001494,0.588621,0.594998
11.820000,-3.928380,-3.869673,0.000718,0.001494,0.588407,0.594968
11.822000,-3.931371,-3.872872,0.000718,0.001497,0.588185,0.594785
11.824000,-3.934348,-3.876060,0.000719,0.001499,0.587955,0.594576
11.826000,-3.937310,-3.879237,0.000719,0.001504,0.587718,0.594390
11.828000,-3.940258,-3.882408,0.000720,0.001501,0.587472,0.594243
11.830000,-3.943193,-3.885570,0.000721,0.001505,0.587218,0.593966
11.832000,-3.946113,-3.888719,0.000721,0.001506,0.586956,0.593689
11.834000,-3.949019,-3.891854,0.000722,0.001510,0.586686,0.593451
11.836000,-3.951910,-3.894978,0.000722,0.001510,0.586409,0.593262
11.838000,-3.954788,-3.898094,0.000723,0.001511,0.586123,0.593133
11.840000,-3.957651,-3.901197,0.000724,0.001514,0.585829,0.592859
11.842000,-3.960501,-3.904291,0.000724,0.001516,0.585527,0.592575
11.844000,-3.963336,-3.907372,0.000725,0.001520,0.585218,0.592321
11.846000,-3.966157,-3.910443,0.000725,0.001523,0.584900,0.592109
11.848000,-3.968964,-3.913505,0.000726,0.001521,0.584574,0.591937
11.850000,-3.971756,-3.916553,0.000726,0.001525,0.584240,0.591625
11.852000,-3.974535,-3.919590,0.000727,0.001526,0.583898,0.591301
11.854000,-3.977299,-3.922614,0.000728,0.001531,0.583549,0.591007
11.856000,-3.980049,-3.925628,0.000728,0.001531,0.583191,0.590736
11.858000,-3.982786,-3.928632,0.000729,0.001531,0.582825,0.590512
11.860000,-3.985507,-3.931622,0.000729,0.001534,0.582451,0.590163
11.862000,-3.988215,-3.934601,0.000730,0.001535,0.582070,0.589809
11.864000,-3.990909,-3.937566,0.000731,0.001541,0.581680,0.589486
11.866000,-3.993588,-3.940521,0.000731,0.001539,0.581282,0.589176
11.868000,-3.996253,-3.943467,0.000732,0.001541,0.580876,0.588905
11.870000,-3.998904,-3.946398,0.000732,0.001544,0.580463,0.588517
11.872000,-4.001541,-3.949317,0.000733,0.001546,0.580041,0.588127
11.874000,-4.004163,-3.952224,0.000734,0.001549,0.579611,0.587770
11.876000,-4.006771,-3.955073,0.000734,0.001557,0.579173,0.587457
11.878000,-4.009365,-3.957957,0.000735,0.001552,0.578727,0.587151
11.880000,-4.011945,-3.960827,0.000736,0.001558,0.578274,0.586719
11.882000,-4.014511,-3.963686,0.000736,0.001558,0.577812,0.586280
11.884000,-4.017062,-3.966533,0.000737,0.001561,0.577342,0.585872
11.886000,-4.019599,-3.969367,0.000737,0.001565,0.576864,0.585515
11.888000,-4.022122,-3.972191,0.000738,0.001566,0.576379,0.585160
11.890000,-4.024631,-3.974947,0.000739,0.001560,0.575885,0.584782
11.892000,-4.027125,-3.977746,0.000739,0.001565,0.575383,0.584327
11.894000,-4.029605,-3.980533,0.000740,0.001560,0.574873,0.583872
11.896000,-4.032071,-3.983307,0.000741,0.001565,0.574356,0.583448
11.898000,-4.034523,-3.986070,0.000741,0.001566,0.573830,0.583016
11.900000,-4.036960,-3.988824,0.000742,0.001567,0.573296,0.582605
11.902000,-4.039383,-3.991562,0.000743,0.001572,0.572754,0.582105
11.904000,-4.041791,-3.994290,0.000743,0.001575,0.572204,0.581600
11.906000,-4.044185,-3.997006,0.000744,0.001577,0.571647,0.581112
11.908000,-4.046565,-3.999710,0.000745,0.001580,0.571081,0.580666
11.910000,-4.048930,-4.002403,0.000745,0.001580,0.570507,0.580209
11.912000,-4.051281,-4.005081,0.000746,0.001580,0.569925,0.579708
11.914000,-4.053618,-4.007747,0.000746,0.001583,0.569336,0.579170
11.916000,-4.055940,-4.010401,0.000747,0.001585,0.568738,0.578641
11.918000,-4.058248,-4.013040,0.000748,0.001589,0.568132,0.578142
11.920000,-4.060542,-4.015669,0.000748,0.001589,0.567518,0.577632
11.922000,-4.062820,-4.018287,0.000749,0.001590,0.566896,0.577132
11.924000,-4.065085,-4.020889,0.000750,0.001592,0.566267,0.576556
11.926000,-4.067335,-4.023479,0.000750,0.001594,0.565629,0.575973
11.928000,-4.069570,-4.026057,0.000751,0.001595,0.564983,0.575404
11.930000,-4.071791,-4.028623,0.000751,0.001599,0.564329,0.574857
11.932000,-4.073998,-4.031176,0.000752,0.001598,0.563668,0.574302
11.934000,-4.076190,-4.033714,0.000753,0.001599,0.562998,0.573708
11.936000,-4.078367,-4.036238,0.000753,0.001602,0.562320,0.573082
11.938000,-4.080530,-4.038750,0.000754,0.001603,0.561634,0.572468
11.940000,-4.082678,-4.041247,0.000754,0.001606,0.560941,0.571883
11.942000,-4.084812,-4.043732,0.000755,0.001608,0.560239,0.571321
11.944000,-4.086931,-4.046205,0.000755,0.001608,0.559529,0.570738
11.946000,-4.089035,-4.048662,0.000756,0.001607,0.558811,0.570106
11.948000,-4.091124,-4.051107,0.000757,0.001610,0.558085,0.569437
11.950000,-4.093199,-4.053538,0.000757,0.001612,0.557352,0.568776
11.952000,-4.095260,-4.055956,0.000758,0.001613,0.556610,0.568134
11.954000,-4.097305,-4.058360,0.000758,0.001616,0.555860,0.567509
11.956000,-4.099336,-4.060753,0.000759,0.001615,0.555102,0.566872
11.958000,-4.101352,-4.063129,0.000759,0.001616,0.554337,0.566153
11.960000,-4.103353,-4.065493,0.000760,0.001618,0.553563,0.565400
11.962000,-4.105339,-4.067841,0.000760,0.001619,0.552781,0.564660
11.964000,-4.107311,-4.070174,0.000761,0.001621,0.551991,0.563952
11.966000,-4.109268,-4.072491,0.000761,0.001623,0.551193,0.563283
11.968000,-4.111209,-4.074795,0.000762,0.001624,0.550388,0.562607
11.970000,-4.113136,-4.077086,0.000762,0.001621,0.549574,0.561905
11.972000,-4.115048,-4.079363,0.000763,0.001624,0.548752,0.561171
11.974000,-4.116945,-4.081625,0.000763,0.001619,0.547922,0.560417
11.976000,-4.118827,-4.083873,0.000764,0.001622,0.547085,0.559675
11.978000,-4.120694,-4.086106,0.000764,0.001624,0.546239,0.558957
11.980000,-4.122546,-4.088325,0.000765,0.001627,0.545385,0.558268
11.982000,-4.124383,-4.090533,0.000765,0.001627,0.544523,0.557563
11.984000,-4.126204,-4.092726,0.000765,0.001628,0.543654,0.556768
11.986000,-4.128011,-4.094905,0.000766,0.001630,0.542776,0.555944
11.988000,-4.129802,-4.097071,0.000766,0.001631,0.541890,0.555131
11.990000,-4.131578,-4.099220,0.000767,0.001632,0.540996,0.554344
11.992000,-4.133339,-4.101355,0.000767,0.001634,0.540094,0.553587
11.994000,-4.135085,-4.103478,0.000767,0.001636,0.539185,0.552858
11.996000,-4.136816,-4.105586,0.000768,0.001636,0.538267,0.552016
11.998000,-4.138531,-4.107681,0.000768,0.001637,0.537341,0.551166
12.000000,-4.140230,-4.109760,0.000769,0.001637,0.536407,0.550328
12.002000,-4.141915,-4.111824,0.000769,0.001639,0.535466,0.549490
12.004000,-4.143584,-4.113873,0.000769,0.001639,0.534516,0.548667
12.006000,-4.145237,-4.115909,0.000770,0.001642,0.533558,0.547864
12.008000,-4.146875,-4.117930,0.000770,0.001640,0.532592,0.547060
12.010000,-4.148498,-4.119937,0.000770,0.001642,0.531618,0.546157
12.012000,-4.150104,-4.121930,0.000771,0.001637,0.530637,0.545243
12.014000,-4.151696,-4.123906,0.000771,0.001638,0.529647,0.544339
12.016000,-4.153271,-4.125867,0.000771,0.001640,0.528649,0.543442
12.018000,-4.154831,-4.127812,0.000772,0.001641,0.527643,0.542562
12.020000,-4.156375,-4.129744,0.000772,0.001643,0.526630,0.541704
12.022000,-4.157904,-4.131660,0.000772,0.001644,0.525608,0.540781
12.024000,-4.159416,-4.133562,0.000773,0.001646,0.524578,0.539869
12.026000,-4.160913,-4.135448,0.000773,0.001646,0.523540,0.538915
12.028000,-4.162394,-4.137318,0.000773,0.001647,0.522495,0.537960
12.030000,-4.163859,-4.139172,0.000773,0.001647,0.521441,0.537014
12.032000,-4.165308,-4.141010,0.000774,0.001648,0.520379,0.536077
12.034000,-4.166741,-4.142834,0.000774,0.001649,0.519309,0.535155
12.036000,-4.168158,-4.144641,0.000774,0.001650,0.518232,0.534165
12.038000,-4.169559,-4.146434,0.000775,0.001651,0.517146,0.533184
12.040000,-4.170944,-4.148210,0.000775,0.001653,0.516053,0.532218
12.042000,-4.172314,-4.149971,0.000775,0.001653,0.514953,0.531212
12.044000,-4.173667,-4.151715,0.000775,0.001653,0.513845,0.530204
12.046000,-4.175004,-4.153442,0.000776,0.001653,0.512731,0.529204
12.048000,-4.176326,-4.155155,0.000776,0.001655,0.511611,0.528215
12.050000,-4.177633,-4.156851,0.000776,0.001655,0.510489,0.527159
12.052000,-4.178927,-4.158531,0.000776,0.001656,0.509366,0.526115
12.054000,-4.180207,-4.160194,0.000777,0.001657,0.508244,0.525087
12.056000,-4.181475,-4.161840,0.000777,0.001658,0.507126,0.524076
12.058000,-4.182731,-4.163468,0.000777,0.001659,0.506012,0.523082
12.060000,-4.183975,-4.165081,0.000777,0.001659,0.504905,0.522047
12.062000,-4.185207,-4.166678,0.000778,0.001661,0.503804,0.521013
12.064000,-4.186429,-4.168258,0.000778,0.001657,0.502711,0.519990
12.066000,-4.187639,-4.169820,0.000778,0.001662,0.501626,0.518911
12.068000,-4.188838,-4.171365,0.000778,0.001657,0.500549,0.517840
12.070000,-4.190027,-4.172893,0.000779,0.001659,0.499480,0.516787
12.072000,-4.191204,-4.174404,0.000779,0.001661,0.498419,0.515756
12.074000,-4.192369,-4.175897,0.000779,0.001662,0.497366,0.514746
12.076000,-4.193524,-4.177375,0.000779,0.001664,0.496321,0.513757
12.078000,-4.194667,-4.178837,0.000780,0.001666,0.495284,0.512788
12.080000,-4.195799,-4.180282,0.000780,0.001666,0.494255,0.511703
12.082000,-4.196919,-4.181710,0.000780,0.001667,0.493234,0.510624
12.084000,-4.198029,-4.183122,0.000780,0.001667,0.492221,0.509562
12.086000,-4.199126,-4.184516,0.000780,0.001670,0.491216,0.508521
12.088000,-4.200213,-4.185893,0.000781,0.001671,0.490219,0.507504
12.090000,-4.201287,-4.187253,0.000781,0.001672,0.489230,0.506508
12.092000,-4.202351,-4.188597,0.000781,0.001673,0.488249,0.505534
12.094000,-4.203402,-4.189927,0.000781,0.001675,0.487276,0.504578
12.096000,-4.204442,-4.191238,0.000782,0.001676,0.486311,0.503583
12.098000,-4.205471,-4.192534,0.000782,0.001677,0.485354,0.502604
12.100000,-4.206487,-4.193814,0.000782,0.001679,0.484405,0.501643
12.102000,-4.207492,-4.195077,0.000782,0.001680,0.483464,0.500652
12.104000,-4.208485,-4.196324,0.000783,0.001682,0.482531,0.499679
12.106000,-4.209466,-4.197555,0.000783,0.001683,0.481606,0.498724
12.108000,-4.210436,-4.198770,0.000783,0.001684,0.480688,0.497789
12.110000,-4.211393,-4.199972,0.000783,0.001684,0.479779,0.496872
12.112000,-4.212339,-4.201155,0.000784,0.001687,0.478878,0.495912
12.114000,-4.213273,-4.202323,0.000784,0.001688,0.477985,0.494970
12.116000,-4.214194,-4.203477,0.000784,0.001689,0.477100,0.494045
12.118000,-4.215103,-4.204614,0.000784,0.001691,0.476223,0.493136
12.120000,-4.216001,-4.205735,0.000785,0.001693,0.475354,0.492243
12.122000,-4.216886,-4.206842,0.000785,0.001695,0.474493,0.491366
12.124000,-4.217759,-4.207933,0.000785,0.001696,0.473640,0.490505
12.126000,-4.218620,-4.209010,0.000785,0.001698,0.472795,0.489659
12.128000,-4.219468,-4.210072,0.000786,0.001699,0.471958,0.488793
12.130000,-4.220304,-4.211118,0.000786,0.001700,0.471129,0.487890
12.132000,-4.221128,-4.212149,0.000786,0.001701,0.470308,0.487004
12.134000,-4.221939,-4.213165,0.000786,0.001711,0.469495,0.486136
12.136000,-4.222738,-4.214165,0.000786,0.001713,0.468690,0.485283
12.138000,-4.223524,-4.215151,0.000787,0.001715,0.467893,0.484444
12.140000,-4.224298,-4.216121,0.000787,0.001717,0.467104,0.483620
12.142000,-4.225059,-4.217078,0.000787,0.001719,0.466323,0.482805
12.144000,-4.225807,-4.218021,0.000787,0.001720,0.465550,0.482004
12.146000,-4.226543,-4.218949,0.000788,0.001731,0.464785,0.481162
12.148000,-4.227266,-4.219862,0.000788,0.001733,0.464028,0.480338
12.150000,-4.227976,-4.220761,0.000788,0.001735,0.463279,0.479531
12.152000,-4.228673,-4.221645,0.000788,0.001737,0.462538,0.478740
12.154000,-4.229358,-4.222514,0.000788,0.001739,0.461805,0.477962
12.156000,-4.230029,-4.223368,0.000789,0.001742,0.461080,0.477196
12.158000,-4.230687,-4.224208,0.000789,0.001744,0.460363,0.476442
12.160000,-4.231333,-4.225035,0.000789,0.001746,0.459654,0.475701
12.162000,-4.231965,-4.225847,0.000789,0.001748,0.458953,0.474973
12.164000,-4.232585,-4.226648,0.000789,0.001749,0.458260,0.474257
12.166000,-4.233191,-4.227432,0.000790,0.001751,0.457575,0.473503
12.168000,-4.233784,-4.228202,0.000790,0.001752,0.456898,0.472745
12.170000,-4.234363,-4.228959,0.000790,0.001754,0.456229,0.472001
12.172000,-4.234929,-4.229701,0.000790,0.001754,0.455568,0.471272
12.174000,-4.235482,-4.230430,0.000790,0.001754,0.454915,0.470557
12.176000,-4.236022,-4.231145,0.000791,0.001755,0.454269,0.469857
12.178000,-4.236548,-4.231847,0.000791,0.001755,0.453632,0.469167
12.180000,-4.237060,-4.232535,0.000791,0.001755,0.453003,0.468490
12.182000,-4.237559,-4.233212,0.000791,0.001754,0.452382,0.467823
12.184000,-4.238045,-4.233872,0.000791,0.001754,0.451769,0.467115
12.186000,-4.238517,-4.234519,0.000791,0.001754,0.451164,0.466421
12.188000,-4.238975,-4.235153,0.000792,0.001754,0.450567,0.465748
12.190000,-4.239419,-4.235773,0.000792,0.001754,0.449978,0.465093
12.192000,-4.239849,-4.236381,0.000792,0.001754,0.449397,0.464452
12.194000,-4.240266,-4.236974,0.000792,0.001754,0.448824,0.463820
12.196000,-4.240669,-4.237554,0.000792,0.001754,0.448259,0.463197
12.198000,-4.241057,-4.238120,0.000792,0.001753,0.447702,0.462582
12.200000,-4.241432,-4.238674,0.000792,0.001753,0.447153,0.461975
12.202000,-4.241793,-4.239215,0.000793,0.001752,0.446612,0.461378
12.204000,-4.242140,-4.239743,0.000793,0.001752,0.446079,0.460791
12.206000,-4.242472,-4.240255,0.000793,0.001752,0.445554,0.460176
12.208000,-4.242791,-4.240755,0.000793,0.001751,0.445037,0.459572
12.210000,-4.243095,-4.241242,0.000793,0.001751,0.444528,0.458984
12.212000,-4.243385,-4.241714,0.000793,0.001751,0.444027,0.458414
12.214000,-4.243661,-4.242173,0.000793,0.001751,0.443534,0.457857
12.216000,-4.243922,-4.242619,0.000793,0.001751,0.443049,0.457310
12.218000,-4.244169,-4.243050,0.000793,0.001750,0.442572,0.456770
12.220000,-4.244401,-4.243468,0.000793,0.001750,0.442103,0.456236
12.222000,-4.244619,-4.243873,0.000794,0.001750,0.441642,0.455709
12.224000,-4.244822,-4.244264,0.000794,0.001750,0.441189,0.455189
12.226000,-4.245011,-4.244642,0.000794,0.001750,0.440744,0.454678
12.228000,-4.245186,-4.245006,0.000794,0.001750,0.440307,0.454177
12.230000,-4.245349,-4.245357,0.000794,0.001749,0.439878,0.453670
12.232000,-4.245503,-4.245693,0.000794,0.001749,0.439457,0.453157
12.234000,-4.245649,-4.246017,0.000794,0.001748,0.439044,0.452655
12.236000,-4.245788,-4.246327,0.000794,0.001748,0.438639,0.452168
12.238000,-4.245922,-4.246625,0.000794,0.001748,0.438242,0.451695
12.240000,-4.246052,-4.246910,0.000794,0.001748,0.437853,0.451236
12.242000,-4.246176,-4.247183,0.000794,0.001748,0.437471,0.450788
12.244000,-4.246296,-4.247445,0.000794,0.001748,0.437098,0.450347
12.246000,-4.246411,-4.247696,0.000794,0.001749,0.436733,0.449913
12.248000,-4.246522,-4.247936,0.000794,0.001749,0.436376,0.449485
12.250000,-4.246627,-4.248165,0.000794,0.001749,0.436027,0.449064
12.252000,-4.246728,-4.248385,0.000794,0.001749,0.435686,0.448652
12.254000,-4.246823,-4.248595,0.000794,0.001749,0.435353,0.448249
12.256000,-4.246914,-4.248797,0.000794,0.001749,0.435028,0.447856
12.258000,-4.247000,-4.248989,0.000794,0.001749,0.434711,0.447473
12.260000,-4.247080,-4.249173,0.000794,0.001749,0.434402,0.447073
12.262000,-4.247156,-4.249348,0.000794,0.001749,0.434101,0.446681
12.264000,-4.247226,-4.249516,0.000794,0.001749,0.433808,0.446302
12.266000,-4.247291,-4.249676,0.000794,0.001750,0.433523,0.445936
12.268000,-4.247351,-4.249827,0.000794,0.001750,0.433246,0.445583
12.270000,-4.247406,-4.249972,0.000794,0.001750,0.432977,0.445241
12.272000,-4.247456,-4.250109,0.000794,0.001750,0.432716,0.444910
12.274000,-4.247500,-4.250239,0.000794,0.001750,0.432463,0.444586
12.276000,-4.247539,-4.250362,0.000795,0.001751,0.432218,0.444268
12.278000,-4.247572,-4.250478,0.000795,0.001751,0.431981,0.443957
12.280000,-4.247600,-4.250588,0.000795,0.001751,0.431752,0.443651
12.282000,-4.247623,-4.250691,0.000795,0.001751,0.431531,0.443353
12.284000,-4.247642,-4.250788,0.000795,0.001752,0.431318,0.443064
12.286000,-4.247656,-4.250878,0.000795,0.001752,0.431113,0.442784
12.288000,-4.247668,-4.250962,0.000795,0.001752,0.430916,0.442512
12.290000,-4.247677,-4.251041,0.000795,0.001752,0.430727,0.442250
12.292000,-4.247684,-4.251115,0.000795,0.001753,0.430546,0.441998
12.294000,-4.247690,-4.251182,0.000795,0.001753,0.430373,0.441731
12.296000,-4.247695,-4.251245,0.000795,0.001753,0.430208,0.441473
12.298000,-4.247699,-4.251303,0.000795,0.001753,0.430051,0.441224
12.300000,-4.247701,-4.251356,0.000795,0.001754,0.429902,0.440988
12.302000,-4.247704,-4.251405,0.000795,0.001754,0.429761,0.440762
12.304000,-4.247706,-4.251449,0.000795,0.001754,0.429628,0.440547
12.306000,-4.247707,-4.251489,0.000795,0.001755,0.429503,0.440343
12.308000,-4.247708,-4.251524,0.000795,0.001755,0.429386,0.440148
12.310000,-4.247709,-4.251556,0.000795,0.001756,0.429276,0.439962
12.312000,-4.247710,-4.251585,0.000795,0.001756,0.429175,0.439783
12.314000,-4.247710,-4.251609,0.000795,0.001756,0.429082,0.439611
12.316000,-4.247711,-4.251631,0.000795,0.001757,0.428997,0.439445
12.318000,-4.247711,-4.251650,0.000795,0.001757,0.428920,0.439286
12.320000,-4.247711,-4.251666,0.000795,0.001758,0.428851,0.439134
12.322000,-4.247712,-4.251679,0.000795,0.001758,0.428790,0.438989
12.324000,-4.247712,-4.251689,0.000795,0.001758,0.428737,0.438853
12.326000,-4.247712,-4.251697,0.000795,0.001759,0.428692,0.438726
12.328000,-4.247712,-4.251704,0.000795,0.001759,0.428655,0.438607
12.330000,-4.247712,-4.251708,0.000795,0.001760,0.428626,0.438497
12.332000,-4.247712,-4.251711,0.000795,0.001760,0.428605,0.438395
12.334000,-4.247712,-4.251712,0.000795,0.001761,0.428592,0.438303
12.336000,-4.247712,-4.251712,0.000795,0.001761,0.428587,0.438203
12.338000,-4.247712,-4.251711,0.000795,0.001762,0.428590,0.438110
12.340000,-4.247712,-4.251709,0.000795,0.001762,0.428601,0.438027
12.342000,-4.247712,-4.251706,0.000795,0.001762,0.428620,0.437954
12.344000,-4.247713,-4.251701,0.000795,0.001763,0.428647,0.437890
12.346000,-4.247713,-4.251696,0.000795,0.001764,0.428682,0.437836
12.348000,-4.247713,-4.251690,0.000795,0.001764,0.428725,0.437792
12.350000,-4.247713,-4.251682,0.000795,0.001765,0.428776,0.437756
12.352000,-4.247713,-4.251674,0.000795,0.001765,0.428835,0.437729
12.354000,-4.247713,-4.251665,0.000795,0.001766,0.428902,0.437711
12.356000,-4.247713,-4.251655,0.000795,0.001767,0.428977,0.437701
12.358000,-4.247713,-4.251645,0.000795,0.001767,0.429060,0.437700
12.360000,-4.247713,-4.251634,0.000795,0.001768,0.429151,0.437706
12.362000,-4.247713,-4.251622,0.000795,0.001768,0.429250,0.437721
12.364000,-4.247713,-4.251609,0.000795,0.001769,0.429357,0.437744
12.366000,-4.247713,-4.251596,0.000795,0.001769,0.429472,0.437775
12.368000,-4.247713,-4.251583,0.000795,0.001770,0.429595,0.437811
12.370000,-4.247713,-4.251568,0.000795,0.001770,0.429726,0.437854
12.372000,-4.247713,-4.251554,0.000795,0.001771,0.429865,0.437904
12.374000,-4.247713,-4.251538,0.000795,0.001771,0.430012,0.437961
12.376000,-4.247713,-4.251523,0.000795,0.001771,0.430166,0.438024
12.378000,-4.247713,-4.251507,0.000795,0.001772,0.430329,0.438095
12.380000,-4.247713,-4.251491,0.000795,0.001772,0.430500,0.438173
12.382000,-4.247713,-4.251475,0.000795,0.001772,0.430679,0.438260
12.384000,-4.247713,-4.251458,0.000795,0.001772,0.430866,0.438354
12.386000,-4.247713,-4.251441,0.000795,0.001772,0.431061,0.438456
12.388000,-4.247713,-4.251425,0.000795,0.001773,0.431264,0.438566
12.390000,-4.247713,-4.251408,0.000795,0.001773,0.431475,0.438684
12.392000,-4.247713,-4.251391,0.000795,0.001773,0.431694,0.438810
12.394000,-4.247713,-4.251374,0.000795,0.001773,0.431921,0.438944
12.396000,-4.247713,-4.251357,0.000795,0.001773,0.432156,0.439086
12.398000,-4.247713,-4.251341,0.000795,0.001773,0.432399,0.439236
12.400000,-4.247713,-4.251325,0.000795,0.001772,0.432650,0.439394
12.402000,-4.247713,-4.251309,0.000795,0.001772,0.432909,0.439560
12.404000,-4.247713,-4.251293,0.000795,0.001772,0.433176,0.439734
12.406000,-4.247713,-4.251278,0.000795,0.001772,0.433451,0.439915
12.408000,-4.247713,-4.251263,0.000795,0.001772,0.433734,0.440096
12.410000,-4.247713,-4.251248,0.000795,0.001771,0.434025,0.440285
12.412000,-4.247713,-4.251233,0.000795,0.001771,0.434324,0.440481
12.414000,-4.247713,-4.251219,0.000795,0.001771,0.434631,0.440686
12.416000,-4.247713,-4.251206,0.000795,0.001771,0.434946,0.440900
12.418000,-4.247713,-4.251192,0.000795,0.001771,0.435268,0.441122
12.420000,-4.247713,-4.251179,0.000795,0.001771,0.435596,0.441347
12.422000,-4.247713,-4.251166,0.000795,0.001770,0.435929,0.441581
12.424000,-4.247713,-4.251153,0.000795,0.001770,0.436265,0.441823
12.426000,-4.247713,-4.251141,0.000795,0.001769,0.436603,0.442071
12.428000,-4.247713,-4.251128,0.000795,0.001768,0.436944,0.442327
12.430000,-4.247713,-4.251116,0.000795,0.001768,0.437286,0.442588
12.432000,-4.247713,-4.251104,0.000795,0.001767,0.437630,0.442854
12.434000,-4.247713,-4.251091,0.000795,0.001766,0.437974,0.443126
12.436000,-4.247713,-4.251079,0.000795,0.001765,0.438319,0.443402
12.438000,-4.247713,-4.251066,0.000795,0.001765,0.438664,0.443682
12.440000,-4.247713,-4.251053,0.000795,0.001764,0.439009,0.443966
12.442000,-4.247713,-4.251040,0.000795,0.001763,0.439355,0.444253
12.444000,-4.247713,-4.251027,0.000795,0.001762,0.439700,0.444543
12.446000,-4.247713,-4.251014,0.000795,0.001761,0.440045,0.444836
12.448000,-4.247713,-4.251000,0.000795,0.001760,0.440390,0.445130
12.450000,-4.247713,-4.250986,0.000795,0.001759,0.440735,0.445426
12.452000,-4.247713,-4.250972,0.000795,0.001758,0.441079,0.445722
12.454000,-4.247713,-4.250958,0.000795,0.001758,0.441423,0.446019
12.456000,-4.247713,-4.250944,0.000795,0.001757,0.441767,0.446316
12.458000,-4.247713,-4.250930,0.000795,0.001756,0.442110,0.446614
12.460000,-4.247713,-4.250915,0.000795,0.001756,0.442453,0.446913
12.462000,-4.247713,-4.250901,0.000795,0.001755,0.442796,0.447213
12.464000,-4.247713,-4.250887,0.000795,0.001755,0.443138,0.447513
12.466000,-4.247713,-4.250873,0.000795,0.001754,0.443480,0.447812
12.468000,-4.247713,-4.250859,0.000795,0.001754,0.443821,0.448111
12.470000,-4.247713,-4.250846,0.000795,0.001753,0.444162,0.448411
12.472000,-4.247713,-4.250832,0.000795,0.001752,0.444502,0.448712
12.474000,-4.247713,-4.250819,0.000795,0.001751,0.444842,0.449013
12.476000,-4.247713,-4.250806,0.000795,0.001750,0.445182,0.449315
12.478000,-4.247713,-4.250794,0.000795,0.001750,0.445521,0.449617
12.480000,-4.247713,-4.250781,0.000795,0.001749,0.445859,0.449920
12.482000,-4.247713,-4.250769,0.000795,0.001748,0.446197,0.450223
12.484000,-4.247713,-4.250757,0.000795,0.001747,0.446535,0.450527
12.486000,-4.247713,-4.250745,0.000795,0.001746,0.446872,0.450831
12.488000,-4.247713,-4.250733,0.000795,0.001744,0.447209,0.451136
12.490000,-4.247713,-4.250722,0.000795,0.001743,0.447545,0.451440
12.492000,-4.247713,-4.250710,0.000795,0.001742,0.447881,0.451746
12.494000,-4.247713,-4.250699,0.000795,0.001741,0.448216,0.452051
12.496000,-4.247713,-4.250688,0.000795,0.001740,0.448551,0.452356
12.498000,-4.247713,-4.250677,0.000795,0.001738,0.448886,0.452662
12.500000,-4.247713,-4.250666,0.000795,0.001737,0.449220,0.452967
12.502000,-4.247713,-4.250655,0.000795,0.001736,0.449554,0.453266
12.504000,-4.247713,-4.250645,0.000795,0.001734,0.449887,0.453563
12.506000,-4.247713,-4.250634,0.000795,0.001733,0.450219,0.453861
12.508000,-4.247713,-4.250623,0.000795,0.001732,0.450552,0.454159
12.510000,-4.247713,-4.250613,0.000795,0.001731,0.450883,0.454457
12.512000,-4.247713,-4.250603,0.000795,0.001729,0.451215,0.454756
12.514000,-4.247713,-4.250592,0.000795,0.001728,0.451546,0.455055
12.516000,-4.247713,-4.250582,0.000795,0.001727,0.451876,0.455354
12.518000,-4.247713,-4.250572,0.000795,0.001725,0.452206,0.455654
12.520000,-4.247713,-4.250561,0.000795,0.001724,0.452536,0.455953
12.522000,-4.247713,-4.250551,0.000795,0.001722,0.452865,0.456253
12.524000,-4.247713,-4.250540,0.000795,0.001721,0.453194,0.456554
12.526000,-4.247713,-4.250530,0.000795,0.001719,0.453522,0.456854
12.528000,-4.247713,-4.250519,0.000795,0.001717,0.453850,0.457154
12.530000,-4.247713,-4.250508,0.000795,0.001716,0.454177,0.457455
12.532000,-4.247713,-4.250498,0.000795,0.001714,0.454504,0.457756
12.534000,-4.247713,-4.250487,0.000795,0.001713,0.454830,0.458057
12.536000,-4.247713,-4.250475,0.000795,0.001711,0.455156,0.458357
12.538000,-4.247713,-4.250464,0.000795,0.001710,0.455482,0.458657
12.540000,-4.247713,-4.250453,0.000795,0.001708,0.455807,0.458956
12.542000,-4.247713,-4.250442,0.000795,0.001707,0.456132,0.459252
12.544000,-4.247713,-4.250430,0.000795,0.001706,0.456456,0.459547
12.546000,-4.247713,-4.250419,0.000795,0.001705,0.456780,0.459843
12.548000,-4.247713,-4.250407,0.000795,0.001704,0.457103,0.460139
12.550000,-4.247713,-4.250396,0.000795,0.001704,0.457426,0.460436
12.552000,-4.247713,-4.250384,0.000795,0.001703,0.457749,0.460732
12.554000,-4.247713,-4.250373,0.000795,0.001702,0.458071,0.461024
12.556000,-4.247713,-4.250361,0.000795,0.001702,0.458392,0.461316
12.558000,-4.247713,-4.250351,0.000795,0.001701,0.458713,0.461609
12.560000,-4.247713,-4.250340,0.000795,0.001700,0.459034,0.461899
12.562000,-4.247713,-4.250329,0.000795,0.001699,0.459355,0.462189
12.564000,-4.247713,-4.250319,0.000795,0.001697,0.459674,0.462480
12.566000,-4.247713,-4.250309,0.000795,0.001696,0.459994,0.462773
12.568000,-4.247713,-4.250299,0.000795,0.001695,0.460313,0.463065
12.570000,-4.247713,-4.250289,0.000795,0.001694,0.460632,0.463358
12.572000,-4.247713,-4.250279,0.000795,0.001692,0.460950,0.463652
12.574000,-4.247713,-4.250270,0.000795,0.001691,0.461268,0.463946
12.576000,-4.247713,-4.250261,0.000795,0.001690,0.461585,0.464241
12.578000,-4.247713,-4.250252,0.000795,0.001688,0.461902,0.464536
12.580000,-4.247713,-4.250243,0.000795,0.001687,0.462218,0.464831
12.582000,-4.247713,-4.250235,0.000795,0.001686,0.462534,0.465126
12.584000,-4.247713,-4.250227,0.000795,0.001684,0.462850,0.465421
12.586000,-4.247713,-4.250219,0.000795,0.001683,0.463165,0.465717
12.588000,-4.247713,-4.250211,0.000795,0.001681,0.463480,0.466013
12.590000,-4.247713,-4.250204,0.000795,0.001680,0.463794,0.466308
12.592000,-4.247713,-4.250197,0.000795,0.001678,0.464108,0.466604
12.594000,-4.247713,-4.250190,0.000795,0.001677,0.464421,0.466896
12.596000,-4.247713,-4.250183,0.000795,0.001675,0.464734,0.467188
12.598000,-4.247713,-4.250177,0.000795,0.001674,0.465047,0.467479
12.600000,-4.247713,-4.250171,0.000795,0.001672,0.465359,0.467771
12.602000,-4.247713,-4.250165,0.000795,0.001671,0.465671,0.468061
12.604000,-4.247713,-4.250159,0.000795,0.001670,0.465982,0.468352
12.606000,-4.247713,-4.250154,0.000795,0.001668,0.466293,0.468642
12.608000,-4.247713,-4.250149,0.000795,0.001667,0.466604,0.468932
12.610000,-4.247713,-4.250143,0.000795,0.001665,0.466914,0.469223
12.612000,-4.247713,-4.250139,0.000795,0.001663,0.467224,0.469513
12.614000,-4.247713,-4.250134,0.000795,0.001662,0.467533,0.469802
12.616000,-4.247713,-4.250129,0.000795,0.001660,0.467842,0.470092
12.618000,-4.247713,-4.250125,0.000795,0.001658,0.468150,0.470380
12.620000,-4.247713,-4.250120,0.000795,0.001657,0.468458,0.470669
12.622000,-4.247713,-4.250116,0.000795,0.001655,0.468766,0.470957
12.624000,-4.247713,-4.250111,0.000795,0.001654,0.469073,0.471244
12.626000,-4.247713,-4.250107,0.000795,0.001652,0.469380,0.471532
12.628000,-4.247713,-4.250103,0.000795,0.001651,0.469686,0.471819
12.630000,-4.247713,-4.250099,0.000795,0.001649,0.469992,0.472106
12.632000,-4.247713,-4.250095,0.000795,0.001648,0.470298,0.472394
12.634000,-4.247713,-4.250091,0.000795,0.001646,0.470603,0.472681
12.636000,-4.247713,-4.250088,0.000795,0.001645,0.470907,0.472969
12.638000,-4.247713,-4.250084,0.000795,0.001643,0.471212,0.473256
12.640000,-4.247713,-4.250080,0.000795,0.001642,0.471516,0.473544
12.642000,-4.247713,-4.250076,0.000795,0.001641,0.471819,0.473831
12.644000,-4.247713,-4.250073,0.000795,0.001639,0.472122,0.474119
12.646000,-4.247713,-4.250069,0.000795,0.001638,0.472425,0.474406
12.648000,-4.247713,-4.250066,0.000795,0.001637,0.472727,0.474694
12.650000,-4.247713,-4.250062,0.000795,0.001636,0.473029,0.474982
12.652000,-4.247713,-4.250059,0.000795,0.001635,0.473330,0.475270
12.654000,-4.247713,-4.250055,0.000795,0.001634,0.473631,0.475558
12.656000,-4.247713,-4.250052,0.000795,0.001633,0.473932,0.475846
12.658000,-4.247713,-4.250048,0.000795,0.001632,0.474232,0.476134
12.660000,-4.247713,-4.250045,0.000795,0.001631,0.474532,0.476422
12.662000,-4.247713,-4.250042,0.000795,0.001630,0.474831,0.476710
12.664000,-4.247713,-4.250038,0.000795,0.001629,0.475130,0.476999
12.666000,-4.247713,-4.250035,0.000795,0.001629,0.475429,0.477279
12.668000,-4.247713,-4.250031,0.000795,0.001628,0.475727,0.477560
12.670000,-4.247713,-4.250028,0.000795,0.001627,0.476025,0.477841
12.672000,-4.247713,-4.250025,0.000795,0.001626,0.476322,0.478123
12.674000,-4.247713,-4.250021,0.000795,0.001625,0.476619,0.478405
12.676000,-4.247713,-4.250018,0.000795,0.001624,0.476915,0.478688
12.678000,-4.247713,-4.250015,0.000795,0.001623,0.477212,0.478971
12.680000,-4.247713,-4.250011,0.000795,0.001622,0.477507,0.479254
12.682000,-4.247713,-4.250007,0.000795,0.001621,0.477803,0.479537
12.684000,-4.247713,-4.250003,0.000795,0.001620,0.478098,0.479821
12.686000,-4.247713,-4.249999,0.000795,0.001619,0.478392,0.480105
12.688000,-4.247713,-4.249995,0.000795,0.001618,0.478686,0.480388
12.690000,-4.247713,-4.249990,0.000795,0.001617,0.478980,0.480672
12.692000,-4.247713,-4.249985,0.000795,0.001616,0.479274,0.480956
12.694000,-4.247713,-4.249980,0.000795,0.001615,0.479567,0.481240
12.696000,-4.247713,-4.249975,0.000795,0.001615,0.479859,0.481518
12.698000,-4.247713,-4.249969,0.000795,0.001614,0.480151,0.481795
12.700000,-4.247713,-4.249963,0.000795,0.001613,0.480443,0.482073
12.702000,-4.247713,-4.249957,0.000795,0.001612,0.480734,0.482352
12.704000,-4.247713,-4.249951,0.000795,0.001612,0.481025,0.482630
12.706000,-4.247705,-4.249944,0.000795,0.001611,0.481316,0.482909
12.708000,-4.247681,-4.249937,0.000795,0.001610,0.481606,0.483188
12.710000,-4.247641,-4.249930,0.000795,0.001610,0.481896,0.483467
12.712000,-4.247585,-4.249920,0.000795,0.001609,0.482186,0.483745
12.714000,-4.247513,-4.249908,0.000795,0.001608,0.482475,0.484022
12.716000,-4.247425,-4.249893,0.000795,0.001607,0.482763,0.484298
12.718000,-4.247321,-4.249873,0.000795,0.001606,0.483051,0.484573
12.720000,-4.247201,-4.249850,0.000795,0.001605,0.483339,0.484848
12.722000,-4.247065,-4.249821,0.000795,0.001604,0.483627,0.485121
12.724000,-4.246913,-4.249787,0.000795,0.001603,0.483914,0.485393
12.726000,-4.246745,-4.249746,0.000795,0.001602,0.484201,0.485663
12.728000,-4.246561,-4.249698,0.000795,0.001600,0.484487,0.485933
12.730000,-4.246361,-4.249643,0.000795,0.001599,0.484773,0.486202
12.732000,-4.246145,-4.249580,0.000795,0.001598,0.485058,0.486470
12.734000,-4.245913,-4.249509,0.000795,0.001597,0.485344,0.486737
12.736000,-4.245665,-4.249428,0.000795,0.001595,0.485628,0.487003
12.738000,-4.245401,-4.249338,0.000795,0.001594,0.485913,0.487268
12.740000,-4.245121,-4.249238,0.000795,0.001593,0.486197,0.487533
12.742000,-4.244825,-4.249128,0.000795,0.001591,0.486480,0.487797
12.744000,-4.244513,-4.249007,0.000795,0.001590,0.486763,0.488060
12.746000,-4.244185,-4.248875,0.000795,0.001588,0.487046,0.488323
12.748000,-4.243841,-4.248732,0.000795,0.001587,0.487329,0.488584
12.750000,-4.243481,-4.248577,0.000795,0.001585,0.487611,0.488843
12.752000,-4.243105,-4.248410,0.000795,0.001583,0.487892,0.489101
12.754000,-4.242713,-4.248231,0.000795,0.001582,0.488173,0.489357
12.756000,-4.242305,-4.248040,0.000795,0.001581,0.488454,0.489611
12.758000,-4.241881,-4.247835,0.000795,0.001580,0.488734,0.489864
12.760000,-4.241441,-4.247618,0.000795,0.001579,0.489013,0.490116
12.762000,-4.240985,-4.247388,0.000795,0.001577,0.489292,0.490367
12.764000,-4.240513,-4.247145,0.000795,0.001576,0.489570,0.490618
12.766000,-4.240025,-4.246889,0.000795,0.001575,0.489848,0.490869
12.768000,-4.239521,-4.246620,0.000795,0.001574,0.490125,0.491121
12.770000,-4.239001,-4.246338,0.000795,0.001573,0.490401,0.491373
12.772000,-4.238465,-4.246042,0.000795,0.001571,0.490677,0.491627
12.774000,-4.237913,-4.245733,0.000795,0.001570,0.490951,0.491882
12.776000,-4.237345,-4.245410,0.000795,0.001569,0.491225,0.492124
12.778000,-4.236761,-4.245076,0.000795,0.001569,0.491499,0.492367
12.780000,-4.236161,-4.244727,0.000795,0.001568,0.491771,0.492605
12.782000,-4.235545,-4.244365,0.000795,0.001569,0.492043,0.492844
12.784000,-4.234913,-4.243691,0.000795,0.001567,0.492314,0.493084
12.786000,-4.234265,-4.243289,0.000795,0.001566,0.492585,0.493327
12.788000,-4.233601,-4.242878,0.000795,0.001565,0.492855,0.493577
12.790000,-4.232921,-4.242453,0.000795,0.001564,0.493124,0.493827
12.792000,-4.232225,-4.242017,0.000795,0.001564,0.493392,0.494078
12.794000,-4.231513,-4.241570,0.000795,0.001563,0.493659,0.494328
12.796000,-4.230785,-4.241113,0.000795,0.001563,0.493926,0.494578
12.798000,-4.230041,-4.240644,0.000795,0.001562,0.494192,0.494827
12.800000,-4.229281,-4.240163,0.000795,0.001561,0.494458,0.495075
12.802000,-4.228505,-4.239671,0.000794,0.001560,0.494723,0.495323
12.804000,-4.227713,-4.239167,0.000794,0.001560,0.494987,0.495570
12.806000,-4.226905,-4.238650,0.000794,0.001559,0.495250,0.495817
12.808000,-4.226081,-4.238120,0.000794,0.001559,0.495513,0.496063
12.810000,-4.225241,-4.237577,0.000794,0.001558,0.495775,0.496310
12.812000,-4.224385,-4.237020,0.000794,0.001557,0.496036,0.496559
12.814000,-4.223513,-4.236450,0.000794,0.001557,0.496296,0.496810
12.816000,-4.222625,-4.235867,0.000793,0.001555,0.496556,0.497064
12.818000,-4.221721,-4.235269,0.000793,0.001555,0.496815,0.497308
12.820000,-4.220801,-4.234658,0.000793,0.001555,0.497074,0.497554
12.822000,-4.219865,-4.234033,0.000793,0.001555,0.497331,0.497791
12.824000,-4.218913,-4.233392,0.000792,0.001555,0.497589,0.498031
12.826000,-4.217945,-4.232736,0.000792,0.001555,0.497845,0.498267
12.828000,-4.216961,-4.231650,0.000792,0.001557,0.498101,0.498506
12.830000,-4.215961,-4.230066,0.000792,0.001560,0.498356,0.498794
12.832000,-4.214945,-4.229323,0.000791,0.001565,0.498610,0.499046
12.834000,-4.213913,-4.228581,0.000791,0.001567,0.498864,0.499303
12.836000,-4.212865,-4.227829,0.000791,0.001570,0.499117,0.499543
12.838000,-4.211801,-4.227076,0.000791,0.001572,0.499369,0.499777
12.840000,-4.210721,-4.226321,0.000790,0.001573,0.499621,0.500009
12.842000,-4.209625,-4.225562,0.000790,0.001574,0.499871,0.500242
12.844000,-4.208513,-4.224504,0.000790,0.001573,0.500122,0.500476
12.846000,-4.207385,-4.223715,0.000790,0.001573,0.500371,0.500711
12.848000,-4.206241,-4.222922,0.000789,0.001573,0.500620,0.500954
12.850000,-4.205081,-4.222119,0.000789,0.001573,0.500868,0.501185
12.852000,-4.203905,-4.221309,0.000789,0.001574,0.501116,0.501416
12.854000,-4.202713,-4.220490,0.000788,0.001574,0.501362,0.501638
12.856000,-4.201505,-4.219662,0.000788,0.001574,0.501608,0.501863
12.858000,-4.200281,-4.218823,0.000788,0.001574,0.501854,0.502093
12.860000,-4.199041,-4.217971,0.000787,0.001572,0.502098,0.502329
12.862000,-4.197785,-4.217107,0.000787,0.001571,0.502342,0.502570
12.864000,-4.196513,-4.216229,0.000787,0.001570,0.502586,0.502814
12.866000,-4.195225,-4.215337,0.000786,0.001569,0.502828,0.503059
12.868000,-4.193921,-4.214431,0.000786,0.001567,0.503070,0.503305
12.870000,-4.192601,-4.213509,0.000786,0.001567,0.503311,0.503540
12.872000,-4.191265,-4.212572,0.000785,0.001566,0.503552,0.503776
12.874000,-4.189913,-4.211618,0.000785,0.001566,0.503792,0.504014
12.876000,-4.188545,-4.210648,0.000785,0.001566,0.504031,0.504257
12.878000,-4.187161,-4.209662,0.000784,0.001565,0.504269,0.504505
12.880000,-4.185761,-4.208660,0.000784,0.001567,0.504507,0.504743
12.882000,-4.184345,-4.207641,0.000783,0.001565,0.504744,0.504952
12.884000,-4.182913,-4.206604,0.000783,0.001566,0.504980,0.505164
12.886000,-4.181465,-4.205550,0.000783,0.001566,0.505215,0.505383
12.888000,-4.180001,-4.204478,0.000782,0.001565,0.505450,0.505609
12.890000,-4.178521,-4.203389,0.000782,0.001565,0.505684,0.505838
12.892000,-4.177025,-4.202284,0.000781,0.001565,0.505918,0.506072
12.894000,-4.175513,-4.201161,0.000781,0.001564,0.506151,0.506309
12.896000,-4.173985,-4.200022,0.000781,0.001564,0.506382,0.506550
12.898000,-4.172441,-4.198866,0.000780,0.001564,0.506614,0.506797
12.900000,-4.170881,-4.197693,0.000780,0.001562,0.506844,0.507050
12.902000,-4.169305,-4.196505,0.000779,0.001565,0.507074,0.507299
12.904000,-4.167713,-4.195298,0.000779,0.001562,0.507303,0.507528
12.906000,-4.166105,-4.194076,0.000778,0.001565,0.507532,0.507737
12.908000,-4.164481,-4.192836,0.000778,0.001564,0.507759,0.507947
12.910000,-4.162841,-4.191578,0.000778,0.001564,0.507986,0.508161
12.912000,-4.161185,-4.190303,0.000777,0.001565,0.508212,0.508380
12.914000,-4.159513,-4.189012,0.000777,0.001563,0.508438,0.508594
12.916000,-4.157825,-4.187704,0.000776,0.001564,0.508663,0.508814
12.918000,-4.156121,-4.186380,0.000776,0.001563,0.508887,0.509039
12.920000,-4.154401,-4.185039,0.000775,0.001563,0.509110,0.509273
12.922000,-4.152665,-4.183682,0.000775,0.001562,0.509333,0.509514
12.924000,-4.150913,-4.182309,0.000774,0.001565,0.509555,0.509758
12.926000,-4.149145,-4.180919,0.000774,0.001563,0.509776,0.509977
12.928000,-4.147361,-4.179513,0.000773,0.001565,0.509996,0.510203
12.930000,-4.145561,-4.178089,0.000773,0.001563,0.510216,0.510436
12.932000,-4.143745,-4.176649,0.000772,0.001564,0.510435,0.510633
12.934000,-4.141913,-4.175191,0.000772,0.001564,0.510654,0.510831
12.936000,-4.140065,-4.173717,0.000772,0.001564,0.510871,0.511037
12.938000,-4.138201,-4.172226,0.000771,0.001565,0.511088,0.511252
12.940000,-4.136321,-4.170718,0.000771,0.001564,0.511305,0.511473
12.942000,-4.134425,-4.169195,0.000770,0.001564,0.511521,0.511705
12.944000,-4.132513,-4.167654,0.000770,0.001563,0.511736,0.511901
12.946000,-4.130585,-4.166098,0.000769,0.001563,0.511950,0.512109
12.948000,-4.128641,-4.164524,0.000769,0.001563,0.512164,0.512329
12.950000,-4.126681,-4.162934,0.000768,0.001563,0.512377,0.512558
12.952000,-4.124705,-4.161327,0.000768,0.001563,0.512590,0.512797
12.954000,-4.122713,-4.159702,0.000767,0.001561,0.512802,0.513047
12.956000,-4.120705,-4.158062,0.000767,0.001563,0.513013,0.513246
12.958000,-4.118681,-4.156405,0.000766,0.001564,0.513223,0.513445
12.960000,-4.116641,-4.154733,0.000766,0.001564,0.513433,0.513656
12.962000,-4.114585,-4.153045,0.000765,0.001566,0.513642,0.513877
12.964000,-4.112513,-4.151339,0.000765,0.001564,0.513851,0.514060
12.966000,-4.110425,-4.149618,0.000764,0.001567,0.514059,0.514249
12.968000,-4.108321,-4.147880,0.000764,0.001566,0.514266,0.514450
12.970000,-4.106201,-4.146125,0.000763,0.001566,0.514473,0.514665
12.972000,-4.104065,-4.144354,0.000763,0.001566,0.514679,0.514896
12.974000,-4.101913,-4.142564,0.000762,0.001564,0.514884,0.515142
12.976000,-4.099745,-4.140759,0.000762,0.001566,0.515088,0.515336
12.978000,-4.097561,-4.138939,0.000761,0.001566,0.515292,0.515537
12.980000,-4.095361,-4.137100,0.000761,0.001567,0.515496,0.515696
12.982000,-4.093145,-4.135246,0.000760,0.001565,0.515698,0.515867
12.984000,-4.090913,-4.133376,0.000760,0.001565,0.515900,0.516055
12.986000,-4.088665,-4.131490,0.000759,0.001565,0.516102,0.516261
12.988000,-4.086401,-4.129586,0.000759,0.001565,0.516302,0.516483
12.990000,-4.084121,-4.127666,0.000758,0.001565,0.516502,0.516722
12.992000,-4.081825,-4.125729,0.000758,0.001564,0.516702,0.516978
12.994000,-4.079513,-4.123777,0.000757,0.001564,0.516900,0.517201
12.996000,-4.077185,-4.121809,0.000757,0.001568,0.517099,0.517426
12.998000,-4.074841,-4.119825,0.000756,0.001565,0.517296,0.517596
13.000000,-4.072481,-4.117322,0.000755,0.001573,0.517493,0.517769
13.002000,-4.070105,-4.115294,0.000755,0.001569,0.517689,0.517951
13.004000,-4.067713,-4.113255,0.000754,0.001569,0.517884,0.518162
13.006000,-4.065305,-4.111199,0.000754,0.001569,0.518079,0.518392
13.008000,-4.062881,-4.109126,0.000753,0.001566,0.518273,0.518642
13.010000,-4.060441,-4.107042,0.000753,0.001568,0.518466,0.518851
13.012000,-4.057985,-4.104942,0.000752,0.001568,0.518659,0.518995
13.014000,-4.055513,-4.102830,0.000752,0.001567,0.518851,0.519141
13.016000,-4.053025,-4.100704,0.000751,0.001567,0.519043,0.519302
13.018000,-4.050521,-4.098564,0.000751,0.001567,0.519234,0.519483
13.020000,-4.048001,-4.096410,0.000750,0.001566,0.519424,0.519686
13.022000,-4.045465,-4.094240,0.000750,0.001567,0.519613,0.519912
13.024000,-4.042913,-4.092055,0.000749,0.001563,0.519802,0.520162
13.026000,-4.040345,-4.089856,0.000749,0.001569,0.519991,0.520371
13.028000,-4.037761,-4.087640,0.000748,0.001568,0.520178,0.520509
13.030000,-4.035161,-4.085409,0.000748,0.001571,0.520365,0.520648
13.032000,-4.032545,-4.083163,0.000747,0.001570,0.520552,0.520804
13.034000,-4.029913,-4.080901,0.000747,0.001570,0.520737,0.520987
13.036000,-4.027265,-4.078622,0.000746,0.001569,0.520922,0.521198
13.038000,-4.024601,-4.076326,0.000746,0.001567,0.521107,0.521438
13.040000,-4.021921,-4.074015,0.000745,0.001569,0.521290,0.521642
13.042000,-4.019225,-4.071687,0.000744,0.001568,0.521474,0.521771
13.044000,-4.016513,-4.069342,0.000744,0.001570,0.521656,0.521912
13.046000,-4.013785,-4.066982,0.000743,0.001568,0.521838,0.522070
13.048000,-4.011041,-4.064605,0.000743,0.001568,0.522019,0.522255
13.050000,-4.008281,-4.062212,0.000742,0.001568,0.522200,0.522470
13.052000,-4.005505,-4.059803,0.000742,0.001566,0.522380,0.522716
13.054000,-4.002713,-4.057376,0.000741,0.001570,0.522559,0.522976
13.056000,-3.999905,-4.054933,0.000741,0.001568,0.522737,0.523123
13.058000,-3.997081,-4.052473,0.000740,0.001576,0.522915,0.523267
13.060000,-3.994241,-4.049997,0.000740,0.001573,0.523093,0.523415
13.062000,-3.991385,-4.047504,0.000739,0.001573,0.523270,0.523589
13.064000,-3.988513,-4.044995,0.000738,0.001572,0.523446,0.523797
13.066000,-3.985625,-4.042472,0.000738,0.001569,0.523621,0.524044
13.068000,-3.982721,-4.039928,0.000737,0.001571,0.523796,0.524165
13.070000,-3.979801,-4.037368,0.000737,0.001572,0.523970,0.524297
13.072000,-3.976865,-4.034793,0.000736,0.001570,0.524144,0.524436
13.074000,-3.973913,-4.032202,0.000736,0.001570,0.524317,0.524605
13.076000,-3.970945,-4.029595,0.000735,0.001570,0.524489,0.524811
13.078000,-3.967961,-4.026973,0.000734,0.001567,0.524660,0.525055
13.080000,-3.964961,-4.024334,0.000734,0.001571,0.524831,0.525297
13.082000,-3.961945,-4.021680,0.000733,0.001570,0.525002,0.525450
13.084000,-3.958913,-4.019009,0.000733,0.001579,0.525171,0.525607
13.086000,-3.955865,-4.016323,0.000732,0.001576,0.525340,0.525758
13.088000,-3.952801,-4.013621,0.000731,0.001575,0.525509,0.525935
13.090000,-3.949721,-4.010902,0.000731,0.001575,0.525676,0.526153
13.092000,-3.946625,-4.008169,0.000730,0.001571,0.525844,0.526414
13.094000,-3.943513,-4.005419,0.000730,0.001573,0.526010,0.526558
13.096000,-3.940385,-4.002654,0.000729,0.001575,0.526176,0.526700
13.098000,-3.937241,-3.999874,0.000728,0.001573,0.526341,0.526834
13.100000,-3.934081,-3.997076,0.000728,0.001573,0.526505,0.526997
13.102000,-3.930905,-3.994263,0.000727,0.001569,0.526669,0.527204
13.104000,-3.927713,-3.991433,0.000727,0.001573,0.526832,0.527413
13.106000,-3.924505,-3.988586,0.000726,0.001574,0.526995,0.527558
13.108000,-3.921281,-3.985723,0.000725,0.001578,0.527157,0.527671
13.110000,-3.918041,-3.982845,0.000725,0.001578,0.527318,0.527805
13.112000,-3.914785,-3.979949,0.000724,0.001577,0.527479,0.527984
13.114000,-3.911513,-3.977039,0.000724,0.001576,0.527639,0.528217
13.116000,-3.908225,-3.974110,0.000723,0.001573,0.527798,0.528446
13.118000,-3.904921,-3.971167,0.000722,0.001577,0.527957,0.528656
13.120000,-3.901601,-3.968211,0.000722,0.001573,0.528115,0.528827
13.122000,-3.898265,-3.965238,0.000721,0.001572,0.528272,0.528992
13.124000,-3.894913,-3.962248,0.000720,0.001575,0.528429,0.529154
13.126000,-3.891545,-3.959239,0.000720,0.001571,0.528585,0.529321
13.128000,-3.888161,-3.956216,0.000719,0.001577,0.528740,0.529479
13.130000,-3.884761,-3.953175,0.000718,0.001580,0.528895,0.529655
13.132000,-3.881345,-3.950118,0.000718,0.001577,0.529049,0.529807
13.134000,-3.877913,-3.947047,0.000717,0.001576,0.529202,0.529979
13.136000,-3.874465,-3.943957,0.000716,0.001572,0.529355,0.530133
13.138000,-3.871001,-3.940853,0.000716,0.001573,0.529507,0.530272
13.140000,-3.867521,-3.937733,0.000715,0.001574,0.529658,0.530438
13.142000,-3.864025,-3.934595,0.000714,0.001573,0.529809,0.530583
13.144000,-3.860513,-3.931444,0.000714,0.001572,0.529959,0.530749
13.146000,-3.856985,-3.928272,0.000713,0.001569,0.530109,0.530896
13.148000,-3.853441,-3.925086,0.000712,0.001571,0.530257,0.531027
13.150000,-3.849881,-3.921884,0.000712,0.001573,0.530406,0.531191
13.152000,-3.846305,-3.918667,0.000711,0.001570,0.530553,0.531355
13.154000,-3.842713,-3.915434,0.000710,0.001569,0.530700,0.531531
13.156000,-3.839105,-3.912183,0.000710,0.001569,0.530846,0.531713
13.158000,-3.835481,-3.908916,0.000709,0.001573,0.530991,0.531852
13.160000,-3.831841,-3.905634,0.000708,0.001574,0.531136,0.531961
13.162000,-3.828185,-3.902337,0.000708,0.001575,0.531280,0.532088
13.164000,-3.824513,-3.899022,0.000707,0.001574,0.531424,0.532254
13.166000,-3.820825,-3.895691,0.000706,0.001570,0.531567,0.532477
13.168000,-3.817121,-3.892343,0.000705,0.001571,0.531709,0.532645
13.170000,-3.813401,-3.888373,0.000705,0.001570,0.531850,0.532913
13.172000,-3.809665,-3.884969,0.000704,0.001576,0.531991,0.533025
13.174000,-3.805913,-3.881554,0.000703,0.001582,0.532131,0.533147
13.176000,-3.802145,-3.878117,0.000703,0.001587,0.532271,0.533288
13.178000,-3.798361,-3.874669,0.000702,0.001597,0.532410,0.533432
13.180000,-3.794561,-3.871213,0.000701,0.001596,0.532548,0.533556
13.182000,-3.790745,-3.867747,0.000700,0.001597,0.532686,0.533697
13.184000,-3.786913,-3.864272,0.000700,0.001592,0.532822,0.533883
13.186000,-3.783065,-3.860782,0.000699,0.001600,0.532959,0.534039
13.188000,-3.779201,-3.857281,0.000698,0.001595,0.533094,0.534134
13.190000,-3.775321,-3.853770,0.000698,0.001599,0.533229,0.534242
13.192000,-3.771425,-3.850243,0.000697,0.001596,0.533363,0.534393
13.194000,-3.767513,-3.846704,0.000696,0.001597,0.533496,0.534566
13.196000,-3.763585,-3.843145,0.000695,0.001599,0.533628,0.534714
13.198000,-3.759641,-3.839573,0.000695,0.001595,0.533760,0.534822
13.200000,-3.755681,-3.835987,0.000694,0.001594,0.533890,0.534956
13.202000,-3.751705,-3.832383,0.000693,0.001590,0.534020,0.535142
13.204000,-3.747713,-3.828765,0.000692,0.001595,0.534149,0.535358
13.206000,-3.743705,-3.825128,0.000692,0.001591,0.534276,0.535464
13.208000,-3.739681,-3.821477,0.000691,0.001590,0.534403,0.535570
13.210000,-3.735641,-3.817809,0.000690,0.001586,0.534529,0.535719
13.212000,-3.731585,-3.814123,0.000689,0.001591,0.534654,0.535909
13.214000,-3.727513,-3.810420,0.000689,0.001587,0.534777,0.536065
13.216000,-3.723425,-3.806701,0.000688,0.001587,0.534900,0.536173
13.218000,-3.719321,-3.802966,0.000687,0.001584,0.535021,0.536307
13.220000,-3.715201,-3.799212,0.000686,0.001586,0.535141,0.536471
13.222000,-3.711065,-3.795297,0.000686,0.001595,0.535260,0.536703
13.224000,-3.706913,-3.791501,0.000685,0.001592,0.535378,0.536821
13.226000,-3.702745,-3.787675,0.000684,0.001592,0.535495,0.536943
13.228000,-3.698561,-3.783813,0.000683,0.001589,0.535610,0.537110
13.230000,-3.694361,-3.779966,0.000682,0.001587,0.535724,0.537234
13.232000,-3.690145,-3.776097,0.000682,0.001588,0.535837,0.537307
13.234000,-3.685913,-3.772216,0.000681,0.001589,0.535948,0.537396
13.236000,-3.681665,-3.768320,0.000680,0.001594,0.536058,0.537552
13.238000,-3.677401,-3.764218,0.000679,0.001604,0.536165,0.537799
13.240000,-3.673124,-3.760285,0.000679,0.001600,0.536270,0.538009
13.242000,-3.668835,-3.756325,0.000678,0.001594,0.536373,0.538141
13.244000,-3.664536,-3.752360,0.000677,0.001602,0.536474,0.538277
13.246000,-3.660228,-3.748371,0.000676,0.001595,0.536574,0.538326
13.248000,-3.655914,-3.744362,0.000675,0.001594,0.536673,0.538420
13.250000,-3.651594,-3.740140,0.000675,0.001595,0.536772,0.538510
13.252000,-3.647268,-3.735721,0.000674,0.001616,0.536871,0.538661
13.254000,-3.642938,-3.731659,0.000673,0.001610,0.536971,0.538778
13.256000,-3.638603,-3.727583,0.000672,0.001610,0.537072,0.538935
13.258000,-3.634264,-3.723491,0.000671,0.001618,0.537175,0.539054
13.260000,-3.629921,-3.719389,0.000671,0.001612,0.537280,0.539049
13.262000,-3.625573,-3.715276,0.000670,0.001612,0.537388,0.539095
13.264000,-3.621222,-3.710895,0.000669,0.001613,0.537499,0.539250
13.266000,-3.616866,-3.706238,0.000668,0.001653,0.537612,0.539418
13.268000,-3.612507,-3.702075,0.000668,0.001643,0.537729,0.539457
13.270000,-3.608143,-3.697903,0.000667,0.001649,0.537848,0.539560
13.272000,-3.603776,-3.693712,0.000666,0.001608,0.537971,0.539752
13.274000,-3.599405,-3.689332,0.000665,0.001641,0.538097,0.539964
13.276000,-3.595030,-3.685128,0.000664,0.001618,0.538227,0.540021
13.278000,-3.590652,-3.680921,0.000664,0.001636,0.538359,0.540118
13.280000,-3.586271,-3.676706,0.000663,0.001638,0.538494,0.540299
13.282000,-3.581887,-3.672487,0.000662,0.001628,0.538631,0.540417
13.284000,-3.577502,-3.668262,0.000661,0.001635,0.538770,0.540497
13.286000,-3.573115,-3.664032,0.000660,0.001622,0.538910,0.540629
13.288000,-3.568727,-3.659589,0.000660,0.001636,0.539052,0.540868
13.290000,-3.564339,-3.655334,0.000659,0.001628,0.539194,0.540886
13.292000,-3.559949,-3.651078,0.000658,0.001638,0.539336,0.540944
13.294000,-3.555559,-3.646813,0.000657,0.001631,0.539479,0.541091
13.296000,-3.551168,-3.642360,0.000656,0.001649,0.539622,0.541376
13.298000,-3.546778,-3.638078,0.000656,0.001635,0.539765,0.541548
13.300000,-3.542386,-3.633788,0.000655,0.001643,0.539907,0.541665
13.302000,-3.537995,-3.629493,0.000654,0.001645,0.540050,0.541820
13.304000,-3.533603,-3.625193,0.000653,0.001631,0.540193,0.541885
13.306000,-3.529211,-3.620883,0.000653,0.001645,0.540335,0.541919
13.308000,-3.524820,-3.616421,0.000652,0.001634,0.540477,0.542058
13.310000,-3.520428,-3.612097,0.000651,0.001651,0.540619,0.542267
13.312000,-3.516036,-3.607772,0.000650,0.001637,0.540760,0.542385
13.314000,-3.511643,-3.603434,0.000649,0.001649,0.540901,0.542451
13.316000,-3.507251,-3.599093,0.000649,0.001635,0.541042,0.542582
13.318000,-3.502859,-3.594745,0.000648,0.001642,0.541182,0.542807
13.320000,-3.498467,-3.590394,0.000647,0.001629,0.541322,0.542956
13.322000,-3.494075,-3.586041,0.000646,0.001632,0.541462,0.543180
13.324000,-3.489682,-3.581681,0.000645,0.001636,0.541601,0.543318
13.326000,-3.485290,-3.577318,0.000645,0.001622,0.541740,0.543341
13.328000,-3.480898,-3.572846,0.000644,0.001636,0.541879,0.543482
13.330000,-3.476506,-3.568470,0.000643,0.001628,0.542017,0.543618
13.332000,-3.472113,-3.564092,0.000642,0.001636,0.542155,0.543810
13.334000,-3.467721,-3.559711,0.000641,0.001631,0.542292,0.543916
13.336000,-3.463329,-3.555329,0.000641,0.001634,0.542429,0.544103
13.338000,-3.458936,-3.550943,0.000640,0.001636,0.542566,0.544194
13.340000,-3.454544,-3.546541,0.000639,0.001631,0.542703,0.544366
13.342000,-3.450152,-3.542147,0.000638,0.001634,0.542839,0.544477
13.344000,-3.445759,-3.537750,0.000637,0.001629,0.542974,0.544680
13.346000,-3.441367,-3.533346,0.000637,0.001634,0.543110,0.544796
13.348000,-3.436975,-3.528941,0.000636,0.001619,0.543245,0.544827
13.350000,-3.432583,-3.524533,0.000635,0.001626,0.543379,0.544951
13.352000,-3.428190,-3.520111,0.000634,0.001615,0.543513,0.545215
13.354000,-3.423798,-3.515698,0.000633,0.001620,0.543647,0.545378
13.356000,-3.419406,-3.511287,0.000633,0.001609,0.543781,0.545445
13.358000,-3.415013,-3.506872,0.000632,0.001607,0.543914,0.545601
13.360000,-3.410621,-3.502457,0.000631,0.001618,0.544047,0.545706
13.362000,-3.406229,-3.498016,0.000630,0.001606,0.544179,0.545873
13.364000,-3.401836,-3.493597,0.000630,0.001623,0.544311,0.545987
13.366000,-3.397444,-3.489176,0.000629,0.001616,0.544443,0.546200
13.368000,-3.393052,-3.484750,0.000628,0.001621,0.544574,0.546289
13.370000,-3.388659,-3.480325,0.000627,0.001605,0.544705,0.546317
13.372000,-3.384267,-3.475902,0.000626,0.001608,0.544836,0.546449
13.374000,-3.379875,-3.471473,0.000626,0.001603,0.544967,0.546594
13.376000,-3.375482,-3.467042,0.000625,0.001605,0.545097,0.546719
13.378000,-3.371090,-3.462574,0.000624,0.001597,0.545226,0.546825
13.380000,-3.366698,-3.458148,0.000623,0.001604,0.545355,0.547030
13.382000,-3.362305,-3.453715,0.000622,0.001587,0.545484,0.547167
13.384000,-3.357913,-3.449283,0.000622,0.001592,0.545613,0.547316
13.386000,-3.353521,-3.444851,0.000621,0.001577,0.545741,0.547445
13.388000,-3.349128,-3.440402,0.000620,0.001584,0.545869,0.547686
13.390000,-3.344736,-3.435968,0.000619,0.001586,0.545997,0.547777
13.392000,-3.340344,-3.431538,0.000618,0.001575,0.546124,0.547817
13.394000,-3.335951,-3.427110,0.000618,0.001574,0.546251,0.547959
13.396000,-3.331559,-3.422620,0.000617,0.001582,0.546378,0.548182
13.398000,-3.327167,-3.418187,0.000616,0.001581,0.546504,0.548319
13.400000,-3.322775,-3.413757,0.000615,0.001587,0.546630,0.548412
13.402000,-3.318382,-3.409329,0.000614,0.001587,0.546755,0.548599
13.404000,-3.313990,-3.404899,0.000614,0.001586,0.546881,0.548653
13.406000,-3.309598,-3.400469,0.000613,0.001583,0.547005,0.548766
13.408000,-3.305205,-3.396045,0.000612,0.001582,0.547130,0.548904
13.410000,-3.300813,-3.391613,0.000611,0.001580,0.547254,0.548982
13.412000,-3.296421,-3.387182,0.000611,0.001582,0.547378,0.549051
13.414000,-3.292028,-3.382724,0.000610,0.001570,0.547502,0.549147
13.416000,-3.287636,-3.378246,0.000609,0.001586,0.547625,0.549374
13.418000,-3.283244,-3.373815,0.000608,0.001571,0.547748,0.549535
13.420000,-3.278851,-3.369387,0.000607,0.001579,0.547870,0.549674
13.422000,-3.274459,-3.364965,0.000607,0.001564,0.547993,0.549812
13.424000,-3.270067,-3.360539,0.000606,0.001568,0.548115,0.549877
13.426000,-3.265674,-3.356021,0.000605,0.001554,0.548236,0.550035
13.428000,-3.261282,-3.351586,0.000604,0.001556,0.548358,0.550222
13.430000,-3.256890,-3.347150,0.000603,0.001559,0.548478,0.550418
13.432000,-3.252497,-3.342720,0.000603,0.001570,0.548599,0.550494
13.434000,-3.248105,-3.338295,0.000602,0.001573,0.548719,0.550545
13.436000,-3.243713,-3.333874,0.000601,0.001572,0.548839,0.550679
13.438000,-3.239320,-3.329454,0.000600,0.001572,0.548959,0.550854
13.440000,-3.234928,-3.325035,0.000599,0.001569,0.549078,0.550969
13.442000,-3.230536,-3.320619,0.000599,0.001565,0.549197,0.551078
13.444000,-3.226143,-3.316204,0.000598,0.001575,0.549316,0.551186
13.446000,-3.221751,-3.311787,0.000597,0.001560,0.549435,0.551306
13.448000,-3.217359,-3.307342,0.000596,0.001569,0.549553,0.551457
13.450000,-3.212967,-3.302874,0.000595,0.001546,0.549670,0.551641
13.452000,-3.208574,-3.298454,0.000595,0.001544,0.549788,0.551721
13.454000,-3.204182,-3.294035,0.000594,0.001539,0.549905,0.551794
13.456000,-3.199790,-3.289618,0.000593,0.001523,0.550022,0.551892
13.458000,-3.195397,-3.285179,0.000592,0.001538,0.550138,0.552012
13.460000,-3.191005,-3.280763,0.000592,0.001521,0.550255,0.552134
13.462000,-3.186613,-3.276319,0.000591,0.001533,0.550370,0.552291
13.464000,-3.182220,-3.271854,0.000590,0.001511,0.550486,0.552483
13.466000,-3.177828,-3.267439,0.000589,0.001509,0.550601,0.552571
13.468000,-3.173436,-3.263027,0.000588,0.001501,0.550716,0.552649
13.470000,-3.169043,-3.258615,0.000588,0.001493,0.550831,0.552814
13.472000,-3.164651,-3.254181,0.000587,0.001505,0.550945,0.552967
13.474000,-3.160259,-3.249772,0.000586,0.001498,0.551059,0.553091
13.476000,-3.155866,-3.245362,0.000585,0.001513,0.551173,0.553221
13.478000,-3.151474,-3.240931,0.000584,0.001496,0.551287,0.553388
13.480000,-3.147082,-3.236523,0.000584,0.001494,0.551400,0.553470
13.482000,-3.142689,-3.232117,0.000583,0.001489,0.551513,0.553538
13.484000,-3.138297,-3.227711,0.000582,0.001481,0.551625,0.553693
13.486000,-3.133905,-3.223307,0.000581,0.001488,0.551737,0.553851
13.488000,-3.129512,-3.218903,0.000580,0.001480,0.551849,0.553983
13.490000,-3.125120,-3.214498,0.000580,0.001493,0.551961,0.554107
13.492000,-3.120728,-3.210095,0.000579,0.001481,0.552072,0.554269
13.494000,-3.116335,-3.205693,0.000578,0.001482,0.552183,0.554364
13.496000,-3.111943,-3.201291,0.000577,0.001466,0.552294,0.554518
13.498000,-3.107551,-3.196886,0.000576,0.001472,0.552405,0.554657
13.500000,-3.103159,-3.192480,0.000576,0.001457,0.552515,0.554744
13.502000,-3.098766,-3.188073,0.000575,0.001462,0.552625,0.554876
13.504000,-3.094374,-3.183665,0.000574,0.001462,0.552734,0.555020
13.506000,-3.089982,-3.179255,0.000573,0.001452,0.552843,0.555078
13.508000,-3.085589,-3.174845,0.000572,0.001449,0.552952,0.555172
13.510000,-3.081197,-3.170435,0.000572,0.001442,0.553061,0.555269
13.512000,-3.076805,-3.166023,0.000571,0.001445,0.553170,0.555420
13.514000,-3.072412,-3.161613,0.000570,0.001440,0.553278,0.555545
13.516000,-3.068020,-3.157202,0.000569,0.001447,0.553385,0.555725
13.518000,-3.063628,-3.152791,0.000569,0.001448,0.553493,0.555890
13.520000,-3.059235,-3.148379,0.000568,0.001438,0.553600,0.555973
13.522000,-3.054843,-3.143967,0.000567,0.001436,0.553707,0.556086
13.524000,-3.050451,-3.139553,0.000566,0.001436,0.553814,0.556180
13.526000,-3.046058,-3.135137,0.000565,0.001424,0.553920,0.556210
13.528000,-3.041666,-3.130723,0.000565,0.001426,0.554026,0.556297
13.530000,-3.037274,-3.126309,0.000564,0.001410,0.554132,0.556490
13.532000,-3.032881,-3.121893,0.000563,0.001419,0.554238,0.556667
13.534000,-3.028489,-3.117478,0.000562,0.001404,0.554343,0.556779
13.536000,-3.024097,-3.113062,0.000561,0.001414,0.554448,0.556933
13.538000,-3.019704,-3.108646,0.000561,0.001410,0.554553,0.557055
13.540000,-3.015312,-3.104226,0.000560,0.001409,0.554657,0.557117
13.542000,-3.010920,-3.099811,0.000559,0.001408,0.554761,0.557222
13.544000,-3.006527,-3.095394,0.000558,0.001403,0.554865,0.557429
13.546000,-3.002135,-3.090974,0.000557,0.001412,0.554969,0.557618
13.548000,-2.997743,-3.086558,0.000557,0.001398,0.555072,0.557743
13.550000,-2.993351,-3.082142,0.000556,0.001411,0.555175,0.557906
13.552000,-2.988958,-3.077715,0.000555,0.001404,0.555278,0.557900
13.554000,-2.984566,-3.073294,0.000554,0.001398,0.555380,0.557909
13.556000,-2.980174,-3.068878,0.000553,0.001387,0.555483,0.558013
13.558000,-2.975781,-3.064457,0.000553,0.001379,0.555585,0.558245
13.560000,-2.971389,-3.060034,0.000552,0.001385,0.555686,0.558476
13.562000,-2.966997,-3.055616,0.000551,0.001381,0.555788,0.558635
13.564000,-2.962604,-3.051198,0.000550,0.001396,0.555889,0.558826
13.566000,-2.958212,-3.046770,0.000550,0.001389,0.555990,0.558836
13.568000,-2.953820,-3.042349,0.000549,0.001385,0.556090,0.558849
13.570000,-2.949427,-3.037931,0.000548,0.001375,0.556191,0.558952
13.572000,-2.945035,-3.033510,0.000547,0.001370,0.556291,0.559186
13.574000,-2.940643,-3.029086,0.000546,0.001368,0.556391,0.559286
13.576000,-2.936250,-3.024665,0.000546,0.001368,0.556490,0.559400
13.578000,-2.931858,-3.020244,0.000545,0.001370,0.556589,0.559597
13.580000,-2.927466,-3.015814,0.000544,0.001372,0.556688,0.559637
13.582000,-2.923073,-3.011391,0.000543,0.001364,0.556787,0.559691
13.584000,-2.918681,-3.006967,0.000542,0.001361,0.556886,0.559835
13.586000,-2.914289,-3.002539,0.000542,0.001370,0.556984,0.559923
13.588000,-2.909896,-2.998112,0.000541,0.001367,0.557082,0.559970
13.590000,-2.905504,-2.993692,0.000540,0.001377,0.557179,0.560083
13.592000,-2.901112,-2.989269,0.000539,0.001387,0.557277,0.560310
13.594000,-2.896719,-2.984842,0.000538,0.001385,0.557374,0.560399
13.596000,-2.892327,-2.980419,0.000538,0.001385,0.557471,0.560507
13.598000,-2.887935,-2.975995,0.000537,0.001382,0.557567,0.560702
13.600000,-2.883543,-2.971564,0.000536,0.001386,0.557664,0.560671
13.602000,-2.879150,-2.967101,0.000535,0.001374,0.557760,0.560724
13.604000,-2.874758,-2.962678,0.000534,0.001379,0.557856,0.560862
13.606000,-2.870366,-2.958243,0.000534,0.001375,0.557951,0.560991
13.608000,-2.865973,-2.953810,0.000533,0.001378,0.558047,0.561010
13.610000,-2.861581,-2.949384,0.000532,0.001361,0.558142,0.561110
13.612000,-2.857189,-2.944956,0.000531,0.001377,0.558237,0.561338
13.614000,-2.852796,-2.940523,0.000531,0.001358,0.558331,0.561562
13.616000,-2.848404,-2.936094,0.000530,0.001376,0.558426,0.561665
13.618000,-2.844012,-2.931667,0.000529,0.001356,0.558520,0.561819
13.620000,-2.839619,-2.927231,0.000528,0.001376,0.558614,0.561769
13.622000,-2.835227,-2.922780,0.000527,0.001360,0.558707,0.561812
13.624000,-2.830835,-2.918353,0.000527,0.001362,0.558801,0.561945
13.626000,-2.826442,-2.913922,0.000526,0.001365,0.558894,0.562205
13.628000,-2.822050,-2.909490,0.000525,0.001367,0.558987,0.562261
13.630000,-2.817658,-2.905064,0.000524,0.001365,0.559079,0.562351
13.632000,-2.813265,-2.900619,0.000523,0.001367,0.559172,0.562582
13.634000,-2.808873,-2.896188,0.000523,0.001353,0.559264,0.562783
13.636000,-2.804481,-2.891762,0.000522,0.001354,0.559356,0.562847
13.638000,-2.800088,-2.887336,0.000521,0.001346,0.559447,0.562941
13.640000,-2.795696,-2.882903,0.000520,0.001348,0.559539,0.563032
13.642000,-2.791304,-2.878469,0.000519,0.001362,0.559630,0.563037
13.644000,-2.786911,-2.874041,0.000519,0.001350,0.559721,0.563110
13.646000,-2.782519,-2.869606,0.000518,0.001360,0.559811,0.563169
13.648000,-2.778127,-2.865170,0.000517,0.001344,0.559902,0.563328
13.650000,-2.773735,-2.860735,0.000516,0.001353,0.559992,0.563436
13.652000,-2.769342,-2.856305,0.000515,0.001334,0.560082,0.563604
13.654000,-2.764950,-2.851867,0.000515,0.001352,0.560171,0.563543
13.656000,-2.760558,-2.847434,0.000514,0.001345,0.560261,0.563558
13.658000,-2.756165,-2.843005,0.000513,0.001358,0.560350,0.563654
13.660000,-2.751773,-2.838546,0.000512,0.001343,0.560439,0.563813
13.662000,-2.747381,-2.834112,0.000512,0.001364,0.560528,0.563865
13.664000,-2.742988,-2.829682,0.000511,0.001338,0.560616,0.563968
13.666000,-2.738596,-2.825254,0.000510,0.001367,0.560704,0.564145
13.668000,-2.734204,-2.820803,0.000509,0.001333,0.560792,0.564332
13.670000,-2.729811,-2.816374,0.000508,0.001365,0.560880,0.564441
13.672000,-2.725419,-2.811940,0.000508,0.001326,0.560968,0.564454
13.674000,-2.721027,-2.807504,0.000507,0.001346,0.561055,0.564515
13.676000,-2.716634,-2.803069,0.000506,0.001340,0.561142,0.564587
13.678000,-2.712242,-2.798637,0.000505,0.001339,0.561229,0.564720
13.680000,-2.707850,-2.794202,0.000504,0.001372,0.561316,0.564919
13.682000,-2.703457,-2.789776,0.000504,0.001368,0.561402,0.564966
13.684000,-2.699065,-2.785353,0.000503,0.001383,0.561488,0.565092
13.686000,-2.694673,-2.780928,0.000502,0.001386,0.561574,0.565089
13.688000,-2.690280,-2.776480,0.000501,0.001384,0.561660,0.565184
13.690000,-2.685888,-2.772056,0.000500,0.001371,0.561745,0.565204
13.692000,-2.681496,-2.767616,0.000500,0.001378,0.561831,0.565278
13.694000,-2.677103,-2.763189,0.000499,0.001358,0.561916,0.565354
13.696000,-2.672711,-2.758758,0.000498,0.001383,0.562000,0.565435
13.698000,-2.668319,-2.754330,0.000497,0.001357,0.562085,0.565549
13.700000,-2.663927,-2.749909,0.000496,0.001368,0.562169,0.565588
13.702000,-2.659534,-2.745489,0.000496,0.001347,0.562253,0.565720
13.704000,-2.655142,-2.741052,0.000495,0.001357,0.562337,0.565910
13.706000,-2.650750,-2.736630,0.000494,0.001353,0.562421,0.566017
13.708000,-2.646357,-2.732211,0.000493,0.001356,0.562504,0.566102
13.710000,-2.641965,-2.727794,0.000492,0.001368,0.562588,0.566189
13.712000,-2.637573,-2.723374,0.000492,0.001354,0.562671,0.566116
13.714000,-2.633180,-2.718940,0.000491,0.001362,0.562753,0.566135
13.716000,-2.628788,-2.714480,0.000490,0.001347,0.562836,0.566316
13.718000,-2.624396,-2.710016,0.000489,0.001352,0.562918,0.566576
13.720000,-2.620003,-2.705600,0.000489,0.001333,0.563000,0.566625
13.722000,-2.615611,-2.701187,0.000488,0.001347,0.563082,0.566618
13.724000,-2.611219,-2.696769,0.000487,0.001337,0.563164,0.566712
13.726000,-2.606826,-2.692337,0.000486,0.001348,0.563245,0.566807
13.728000,-2.602434,-2.687930,0.000485,0.001343,0.563327,0.566885
13.730000,-2.598042,-2.683528,0.000485,0.001357,0.563408,0.566955
13.732000,-2.593649,-2.679122,0.000484,0.001341,0.563488,0.566883
13.734000,-2.589257,-2.674721,0.000483,0.001350,0.563569,0.566883
13.736000,-2.584865,-2.670273,0.000482,0.001328,0.563649,0.567059
13.738000,-2.580472,-2.665821,0.000481,0.001339,0.563730,0.567293
13.740000,-2.576080,-2.661420,0.000481,0.001319,0.563810,0.567341
13.742000,-2.571688,-2.657024,0.000480,0.001320,0.563889,0.567427
13.744000,-2.567295,-2.652625,0.000479,0.001331,0.563969,0.567457
13.746000,-2.562903,-2.648212,0.000478,0.001310,0.564048,0.567404
13.748000,-2.558511,-2.643784,0.000477,0.001319,0.564127,0.567447
13.750000,-2.554119,-2.639330,0.000477,0.001298,0.564206,0.567569
13.752000,-2.549726,-2.634896,0.000476,0.001315,0.564285,0.567725
13.754000,-2.545334,-2.630506,0.000475,0.001307,0.564363,0.567797
13.756000,-2.540942,-2.626100,0.000474,0.001320,0.564442,0.567957
13.758000,-2.536549,-2.621697,0.000473,0.001312,0.564520,0.568168
13.760000,-2.532157,-2.617312,0.000473,0.001298,0.564597,0.568236
13.762000,-2.527765,-2.612929,0.000472,0.001293,0.564675,0.568324
13.764000,-2.523372,-2.608531,0.000471,0.001289,0.564752,0.568452
13.766000,-2.518980,-2.604147,0.000470,0.001278,0.564830,0.568443
13.768000,-2.514588,-2.599767,0.000470,0.001276,0.564907,0.568467
13.770000,-2.510195,-2.595385,0.000469,0.001271,0.564984,0.568548
13.772000,-2.505803,-2.590982,0.000468,0.001275,0.565060,0.568592
13.774000,-2.501411,-2.586603,0.000467,0.001272,0.565137,0.568617
13.776000,-2.497018,-2.582228,0.000466,0.001272,0.565213,0.568734
13.778000,-2.492626,-2.577850,0.000466,0.001280,0.565289,0.568825
13.780000,-2.488234,-2.573473,0.000465,0.001266,0.565365,0.568847
13.782000,-2.483841,-2.569065,0.000464,0.001276,0.565440,0.568930
13.784000,-2.479449,-2.564627,0.000463,0.001264,0.565515,0.569083
13.786000,-2.475057,-2.560246,0.000462,0.001255,0.565591,0.569086
13.788000,-2.470664,-2.555868,0.000462,0.001250,0.565666,0.569124
13.790000,-2.466272,-2.551490,0.000461,0.001246,0.565740,0.569222
13.792000,-2.461880,-2.547095,0.000460,0.001247,0.565815,0.569250
13.794000,-2.457487,-2.542721,0.000459,0.001244,0.565889,0.569273
13.796000,-2.453095,-2.538350,0.000458,0.001243,0.565964,0.569390
13.798000,-2.448703,-2.533976,0.000458,0.001253,0.566038,0.569477
13.800000,-2.444311,-2.529562,0.000457,0.001232,0.566111,0.569517
13.802000,-2.439918,-2.525106,0.000456,0.001238,0.566185,0.569628
13.804000,-2.435526,-2.520632,0.000455,0.001219,0.566258,0.569823
13.806000,-2.431134,-2.516252,0.000454,0.001208,0.566332,0.569835
13.808000,-2.426741,-2.511879,0.000454,0.001205,0.566405,0.569876
13.810000,-2.422349,-2.507506,0.000453,0.001189,0.566477,0.570017
13.812000,-2.417957,-2.503129,0.000452,0.001202,0.566550,0.570137
13.814000,-2.413564,-2.498761,0.000451,0.001185,0.566622,0.570186
13.816000,-2.409172,-2.494396,0.000451,0.001196,0.566695,0.570292
13.818000,-2.404780,-2.490031,0.000450,0.001199,0.566767,0.570384
13.820000,-2.400387,-2.485667,0.000449,0.001189,0.566839,0.570415
13.822000,-2.395995,-2.481308,0.000448,0.001197,0.566910,0.570499
13.824000,-2.391603,-2.476945,0.000447,0.001195,0.566982,0.570531
13.826000,-2.387210,-2.472582,0.000447,0.001195,0.567053,0.570632
13.828000,-2.382818,-2.468221,0.000446,0.001194,0.567124,0.570719
13.830000,-2.378426,-2.463859,0.000445,0.001191,0.567195,0.570878
13.832000,-2.374033,-2.459497,0.000444,0.001199,0.567266,0.571005
13.834000,-2.369641,-2.455135,0.000443,0.001185,0.567336,0.571065
13.836000,-2.365249,-2.450776,0.000443,0.001195,0.567406,0.571165
13.838000,-2.360856,-2.446413,0.000442,0.001196,0.567477,0.571220
13.840000,-2.356464,-2.442047,0.000441,0.001187,0.567547,0.571217
13.842000,-2.352072,-2.437683,0.000440,0.001187,0.567616,0.571276
13.844000,-2.347679,-2.433314,0.000439,0.001182,0.567686,0.571324
13.846000,-2.343287,-2.428944,0.000439,0.001181,0.567755,0.571439
13.848000,-2.338895,-2.424571,0.000438,0.001176,0.567825,0.571525
13.850000,-2.334503,-2.420201,0.000437,0.001184,0.567894,0.571675
13.852000,-2.330110,-2.415828,0.000436,0.001181,0.567962,0.571791
13.854000,-2.325718,-2.411454,0.000435,0.001182,0.568031,0.571837
13.856000,-2.321326,-2.407083,0.000435,0.001184,0.568100,0.571933
13.858000,-2.316933,-2.402704,0.000434,0.001178,0.568168,0.572000
13.860000,-2.312541,-2.398322,0.000433,0.001171,0.568236,0.571991
13.862000,-2.308149,-2.393940,0.000432,0.001156,0.568304,0.572046
13.864000,-2.303756,-2.389557,0.000432,0.001161,0.568372,0.572086
13.866000,-2.299364,-2.385172,0.000431,0.001155,0.568439,0.572201
13.868000,-2.294972,-2.380787,0.000430,0.001167,0.568507,0.572285
13.870000,-2.290579,-2.376403,0.000429,0.001166,0.568574,0.572447
13.872000,-2.286187,-2.372017,0.000428,0.001171,0.568641,0.572576
13.874000,-2.281795,-2.367630,0.000428,0.001157,0.568708,0.572618
13.876000,-2.277402,-2.363233,0.000427,0.001163,0.568774,0.572582
13.878000,-2.273010,-2.358843,0.000426,0.001164,0.568841,0.572605
13.880000,-2.268618,-2.354449,0.000425,0.001171,0.568907,0.572742
13.882000,-2.264225,-2.350057,0.000424,0.001185,0.568973,0.572874
13.884000,-2.259833,-2.345662,0.000424,0.001178,0.569039,0.573085
13.886000,-2.255441,-2.341268,0.000423,0.001185,0.569105,0.573248
13.888000,-2.251048,-2.336874,0.000422,0.001159,0.569171,0.573326
13.890000,-2.246656,-2.332471,0.000421,0.001164,0.569236,0.573313
13.892000,-2.242264,-2.328072,0.000420,0.001167,0.569301,0.573343
13.894000,-2.237871,-2.323668,0.000420,0.001164,0.569366,0.573345
13.896000,-2.233479,-2.319269,0.000419,0.001180,0.569431,0.573438
13.898000,-2.229087,-2.314867,0.000418,0.001170,0.569496,0.573518
13.900000,-2.224695,-2.310465,0.000417,0.001175,0.569561,0.573672
13.902000,-2.220302,-2.306061,0.000416,0.001155,0.569625,0.573792
13.904000,-2.215910,-2.301656,0.000416,0.001172,0.569689,0.573836
13.906000,-2.211518,-2.297250,0.000415,0.001165,0.569753,0.573922
13.908000,-2.207125,-2.292844,0.000414,0.001176,0.569817,0.573972
13.910000,-2.202733,-2.288433,0.000413,0.001181,0.569881,0.573962
13.912000,-2.198341,-2.284024,0.000412,0.001188,0.569944,0.574007
13.914000,-2.193948,-2.279609,0.000412,0.001179,0.570008,0.573982
13.916000,-2.189556,-2.275201,0.000411,0.001191,0.570071,0.574066
13.918000,-2.185164,-2.270789,0.000410,0.001173,0.570134,0.574141
13.920000,-2.180771,-2.266378,0.000409,0.001175,0.570197,0.574297
13.922000,-2.176379,-2.261967,0.000409,0.001158,0.570260,0.574428
13.924000,-2.171987,-2.257552,0.000408,0.001165,0.570322,0.574504
13.926000,-2.167594,-2.253138,0.000407,0.001166,0.570384,0.574614
13.928000,-2.163202,-2.248723,0.000406,0.001160,0.570447,0.574620
13.930000,-2.158810,-2.244303,0.000405,0.001174,0.570509,0.574589
13.932000,-2.154417,-2.239889,0.000405,0.001171,0.570571,0.574628
13.934000,-2.150025,-2.235468,0.000404,0.001177,0.570632,0.574799
13.936000,-2.145633,-2.231054,0.000403,0.001180,0.570694,0.574920
13.938000,-2.141240,-2.226635,0.000402,0.001177,0.570755,0.574990
13.940000,-2.136848,-2.222217,0.000401,0.001181,0.570816,0.575112
13.942000,-2.132456,-2.217799,0.000401,0.001161,0.570877,0.575160
13.944000,-2.128063,-2.213378,0.000400,0.001174,0.570938,0.575183
13.946000,-2.123671,-2.208961,0.000399,0.001165,0.570999,0.575251
13.948000,-2.119279,-2.204527,0.000398,0.001185,0.571060,0.575471
13.950000,-2.114887,-2.200103,0.000397,0.001186,0.571120,0.575492
13.952000,-2.110494,-2.195680,0.000397,0.001192,0.571180,0.575531
13.954000,-2.106102,-2.191256,0.000396,0.001202,0.571240,0.575637
13.956000,-2.101710,-2.186833,0.000395,0.001183,0.571300,0.575718
13.958000,-2.097317,-2.182409,0.000394,0.001195,0.571360,0.575781
13.960000,-2.092925,-2.177987,0.000393,0.001193,0.571420,0.575860
13.962000,-2.088533,-2.173568,0.000393,0.001190,0.571479,0.575890
13.964000,-2.084140,-2.169143,0.000392,0.001193,0.571538,0.575871
13.966000,-2.079748,-2.164723,0.000391,0.001191,0.571597,0.575880
13.968000,-2.075356,-2.160302,0.000390,0.001186,0.571656,0.576012
13.970000,-2.070963,-2.155873,0.000390,0.001192,0.571715,0.576016
13.972000,-2.066571,-2.151447,0.000389,0.001189,0.571774,0.576037
13.974000,-2.062179,-2.147017,0.000388,0.001199,0.571832,0.576115
13.976000,-2.057786,-2.142582,0.000387,0.001167,0.571891,0.576204
13.978000,-2.053394,-2.138156,0.000386,0.001186,0.571949,0.576312
13.980000,-2.049002,-2.133734,0.000386,0.001181,0.572007,0.576391
13.982000,-2.044609,-2.129319,0.000385,0.001181,0.572065,0.576434
13.984000,-2.040217,-2.124899,0.000384,0.001189,0.572122,0.576375
13.986000,-2.035825,-2.120478,0.000383,0.001173,0.572180,0.576418
13.988000,-2.031432,-2.116050,0.000382,0.001182,0.572237,0.576529
13.990000,-2.027040,-2.111617,0.000382,0.001161,0.572295,0.576655
13.992000,-2.022648,-2.107189,0.000381,0.001202,0.572352,0.576710
13.994000,-2.018255,-2.102765,0.000380,0.001178,0.572409,0.576779
13.996000,-2.013863,-2.098349,0.000379,0.001212,0.572466,0.576736
13.998000,-2.009471,-2.093923,0.000378,0.001194,0.572522,0.576708
14.000000,-2.005079,-2.089494,0.000378,0.001207,0.572579,0.576713
14.002000,-2.000686,-2.085066,0.000377,0.001167,0.572635,0.576758
14.004000,-1.996294,-2.080652,0.000376,0.001188,0.572691,0.576822
14.006000,-1.991902,-2.076215,0.000375,0.001154,0.572747,0.576982
14.008000,-1.987509,-2.071793,0.000374,0.001172,0.572803,0.577128
14.010000,-1.983117,-2.067373,0.000374,0.001135,0.572859,0.577258
14.012000,-1.978725,-2.062960,0.000373,0.001154,0.572914,0.577200
14.014000,-1.974332,-2.058543,0.000372,0.001133,0.572970,0.577214
14.016000,-1.969940,-2.054129,0.000371,0.001146,0.573025,0.577177
14.018000,-1.965548,-2.049716,0.000371,0.001161,0.573080,0.577246
14.020000,-1.961155,-2.045275,0.000370,0.001145,0.573135,0.577393
14.022000,-1.956763,-2.040850,0.000369,0.001154,0.573190,0.577529
14.024000,-1.952371,-2.036442,0.000368,0.001137,0.573245,0.577569
14.026000,-1.947978,-2.032035,0.000367,0.001151,0.573300,0.577520
14.028000,-1.943586,-2.027626,0.000367,0.001143,0.573354,0.577467
14.030000,-1.939194,-2.023196,0.000366,0.001145,0.573408,0.577568
14.032000,-1.934801,-2.018793,0.000365,0.001127,0.573462,0.577616
14.034000,-1.930409,-2.014393,0.000364,0.001135,0.573516,0.577650
14.036000,-1.926017,-2.009996,0.000363,0.001115,0.573570,0.577694
14.038000,-1.921624,-2.005594,0.000363,0.001138,0.573624,0.577776
14.040000,-1.917232,-2.001198,0.000362,0.001115,0.573677,0.577879
14.042000,-1.912840,-1.996785,0.000361,0.001139,0.573731,0.578009
14.044000,-1.908447,-1.992393,0.000360,0.001129,0.573784,0.578042
14.046000,-1.904055,-1.987998,0.000359,0.001134,0.573837,0.578058
14.048000,-1.899663,-1.983603,0.000359,0.001148,0.573890,0.578087
14.050000,-1.895271,-1.979200,0.000358,0.001130,0.573943,0.578145
14.052000,-1.890878,-1.974805,0.000357,0.001132,0.573996,0.578147
14.054000,-1.886486,-1.970414,0.000356,0.001128,0.574048,0.578143
14.056000,-1.882094,-1.966021,0.000355,0.001120,0.574101,0.578080
14.058000,-1.877701,-1.961631,0.000355,0.001133,0.574153,0.578125
14.060000,-1.873309,-1.957221,0.000354,0.001121,0.574205,0.578233
14.062000,-1.868917,-1.952773,0.000353,0.001135,0.574257,0.578393
14.064000,-1.864524,-1.948381,0.000352,0.001117,0.574309,0.578351
14.066000,-1.860132,-1.943990,0.000351,0.001121,0.574361,0.578359
14.068000,-1.855740,-1.939588,0.000351,0.001123,0.574412,0.578405
14.070000,-1.851347,-1.935167,0.000350,0.001113,0.574464,0.578497
14.072000,-1.846955,-1.930777,0.000349,0.001114,0.574515,0.578516
14.074000,-1.842563,-1.926391,0.000348,0.001109,0.574566,0.578535
14.076000,-1.838170,-1.921984,0.000348,0.001117,0.574617,0.578592
14.078000,-1.833778,-1.917566,0.000347,0.001134,0.574668,0.578696
14.080000,-1.829386,-1.913167,0.000346,0.001142,0.574719,0.578797
14.082000,-1.824993,-1.908764,0.000345,0.001148,0.574770,0.578917
14.084000,-1.820601,-1.904381,0.000344,0.001131,0.574820,0.578904
14.086000,-1.816209,-1.899998,0.000344,0.001136,0.574871,0.578854
14.088000,-1.811816,-1.895603,0.000343,0.001127,0.574921,0.578890
14.090000,-1.807424,-1.891177,0.000342,0.001125,0.574971,0.579015
14.092000,-1.803032,-1.886797,0.000341,0.001122,0.575021,0.579061
14.094000,-1.798639,-1.882422,0.000340,0.001117,0.575071,0.579093
14.096000,-1.794247,-1.878021,0.000340,0.001112,0.575120,0.579110
14.098000,-1.789855,-1.873596,0.000339,0.001127,0.575170,0.579222
14.100000,-1.785463,-1.869206,0.000338,0.001120,0.575219,0.579330
14.102000,-1.781070,-1.864812,0.000337,0.001125,0.575269,0.579436
14.104000,-1.776678,-1.860438,0.000336,0.001116,0.575318,0.579514
14.106000,-1.772286,-1.856064,0.000336,0.001116,0.575367,0.579465
14.108000,-1.767893,-1.851682,0.000335,0.001122,0.575416,0.579455
14.110000,-1.763501,-1.847297,0.000334,0.001114,0.575465,0.579524
14.112000,-1.759109,-1.842928,0.000333,0.001111,0.575513,0.579542
14.114000,-1.754716,-1.838562,0.000332,0.001104,0.575562,0.579535
14.116000,-1.750324,-1.834196,0.000332,0.001097,0.575610,0.579553
14.118000,-1.745932,-1.829822,0.000331,0.001099,0.575658,0.579684
14.120000,-1.741539,-1.825457,0.000330,0.001095,0.575706,0.579795
14.122000,-1.737147,-1.821092,0.000329,0.001097,0.575754,0.579873
14.124000,-1.732755,-1.816732,0.000329,0.001092,0.575802,0.579967
14.126000,-1.728362,-1.812370,0.000328,0.001083,0.575850,0.580003
14.128000,-1.723970,-1.807998,0.000327,0.001094,0.575898,0.580002
14.130000,-1.719578,-1.803625,0.000326,0.001076,0.575945,0.580058
14.132000,-1.715185,-1.799259,0.000325,0.001075,0.575993,0.580053
14.134000,-1.710793,-1.794894,0.000325,0.001063,0.576040,0.580018
14.136000,-1.706401,-1.790528,0.000324,0.001062,0.576087,0.580055
14.138000,-1.702008,-1.786107,0.000323,0.001069,0.576134,0.580216
14.140000,-1.697616,-1.781740,0.000322,0.001074,0.576181,0.580373
14.142000,-1.693224,-1.777378,0.000321,0.001084,0.576227,0.580466
14.144000,-1.688831,-1.773010,0.000321,0.001072,0.576274,0.580455
14.146000,-1.684439,-1.768644,0.000320,0.001071,0.576321,0.580480
14.148000,-1.680047,-1.764276,0.000319,0.001065,0.576367,0.580474
14.150000,-1.675655,-1.759911,0.000318,0.001060,0.576413,0.580533
14.152000,-1.671262,-1.755543,0.000317,0.001054,0.576459,0.580578
14.154000,-1.666870,-1.751173,0.000317,0.001059,0.576505,0.580567
14.156000,-1.662478,-1.746809,0.000316,0.001053,0.576551,0.580626
14.158000,-1.658085,-1.742442,0.000315,0.001048,0.576597,0.580680
14.160000,-1.653693,-1.738074,0.000314,0.001049,0.576643,0.580784
14.162000,-1.649301,-1.733706,0.000313,0.001041,0.576688,0.580843
14.164000,-1.644908,-1.729338,0.000313,0.001044,0.576733,0.580969
14.166000,-1.640516,-1.724968,0.000312,0.001037,0.576779,0.581063
14.168000,-1.636124,-1.720599,0.000311,0.001041,0.576824,0.581081
14.170000,-1.631731,-1.716229,0.000310,0.001044,0.576869,0.581146
14.172000,-1.627339,-1.711859,0.000310,0.001040,0.576914,0.581179
14.174000,-1.622947,-1.707486,0.000309,0.001049,0.576958,0.581283
14.176000,-1.618554,-1.703115,0.000308,0.001047,0.577003,0.581362
14.178000,-1.614162,-1.698740,0.000307,0.001036,0.577048,0.581366
14.180000,-1.609770,-1.694364,0.000306,0.001033,0.577092,0.581423
14.182000,-1.605377,-1.689988,0.000306,0.001028,0.577136,0.581455
14.184000,-1.600985,-1.685613,0.000305,0.001023,0.577181,0.581551
14.186000,-1.596593,-1.681237,0.000304,0.001018,0.577225,0.581618
14.188000,-1.592200,-1.676860,0.000303,0.001022,0.577269,0.581622
14.190000,-1.587808,-1.672483,0.000302,0.001025,0.577312,0.581679
14.192000,-1.583416,-1.668105,0.000302,0.001021,0.577356,0.581703
14.194000,-1.579023,-1.663724,0.000301,0.001031,0.577400,0.581801
14.196000,-1.574631,-1.659345,0.000300,0.001031,0.577443,0.581873
14.198000,-1.570239,-1.654960,0.000299,0.001020,0.577487,0.581870
14.200000,-1.565847,-1.650576,0.000298,0.001018,0.577530,0.581924
14.202000,-1.561454,-1.646190,0.000298,0.001014,0.577573,0.581957
14.204000,-1.557062,-1.641807,0.000297,0.001011,0.577616,0.582055
14.206000,-1.552670,-1.637421,0.000296,0.001006,0.577659,0.582116
14.208000,-1.548277,-1.633035,0.000295,0.001011,0.577702,0.582117
14.210000,-1.543885,-1.628649,0.000294,0.001014,0.577744,0.582172
14.212000,-1.539493,-1.624261,0.000294,0.001012,0.577787,0.582196
14.214000,-1.535100,-1.619872,0.000293,0.001022,0.577829,0.582299
14.216000,-1.530708,-1.615481,0.000292,0.001025,0.577872,0.582378
14.218000,-1.526316,-1.611012,0.000291,0.001005,0.577914,0.582606
14.220000,-1.521923,-1.606615,0.000291,0.001016,0.577956,0.582605
14.222000,-1.517531,-1.602223,0.000290,0.001007,0.577998,0.582591
14.224000,-1.513139,-1.597827,0.000289,0.001009,0.578040,0.582515
14.226000,-1.508746,-1.593434,0.000288,0.001021,0.578082,0.582513
14.228000,-1.504354,-1.589040,0.000287,0.001006,0.578123,0.582639
14.230000,-1.499962,-1.584646,0.000287,0.001018,0.578165,0.582755
14.232000,-1.495569,-1.580244,0.000286,0.000995,0.578206,0.582788
14.234000,-1.491177,-1.575843,0.000285,0.001021,0.578248,0.582698
14.236000,-1.486785,-1.571444,0.000284,0.001012,0.578289,0.582695
14.238000,-1.482392,-1.567051,0.000283,0.001028,0.578330,0.582804
14.240000,-1.478000,-1.562622,0.000283,0.001017,0.578371,0.582955
14.242000,-1.473608,-1.558230,0.000282,0.001014,0.578412,0.583163
14.244000,-1.469215,-1.553839,0.000281,0.001016,0.578453,0.583320
14.246000,-1.464823,-1.549441,0.000280,0.000995,0.578493,0.583380
14.248000,-1.460431,-1.545043,0.000279,0.001015,0.578534,0.583301
14.250000,-1.456039,-1.540644,0.000279,0.001017,0.578574,0.583275
14.252000,-1.451646,-1.536244,0.000278,0.001020,0.578615,0.583233
14.254000,-1.447254,-1.531843,0.000277,0.001031,0.578655,0.583290
14.256000,-1.442862,-1.527442,0.000276,0.001029,0.578695,0.583315
14.258000,-1.438469,-1.523042,0.000275,0.001022,0.578735,0.583393
14.260000,-1.434077,-1.518647,0.000275,0.001025,0.578775,0.583479
14.262000,-1.429685,-1.514218,0.000274,0.001014,0.578815,0.583645
14.264000,-1.425292,-1.509803,0.000273,0.001024,0.578855,0.583625
14.266000,-1.420900,-1.505398,0.000272,0.001012,0.578894,0.583585
14.268000,-1.416508,-1.500989,0.000271,0.001024,0.578934,0.583656
14.270000,-1.412115,-1.496576,0.000271,0.001015,0.578973,0.583747
14.272000,-1.407723,-1.492170,0.000270,0.001010,0.579012,0.583844
14.274000,-1.403331,-1.487766,0.000269,0.001005,0.579052,0.583940
14.276000,-1.398938,-1.483362,0.000268,0.001021,0.579091,0.583939
14.278000,-1.394546,-1.478953,0.000268,0.001015,0.579130,0.583922
14.280000,-1.390154,-1.474547,0.000267,0.001030,0.579169,0.583922
14.282000,-1.385761,-1.470138,0.000266,0.001026,0.579207,0.584042
14.284000,-1.381369,-1.465728,0.000265,0.001037,0.579246,0.584122
14.286000,-1.376977,-1.461318,0.000264,0.001017,0.579284,0.584120
14.288000,-1.372584,-1.456910,0.000264,0.001029,0.579323,0.584188
14.290000,-1.368192,-1.452498,0.000263,0.001038,0.579361,0.584190
14.292000,-1.363800,-1.448085,0.000262,0.001019,0.579400,0.584097
14.294000,-1.359407,-1.443670,0.000261,0.001037,0.579438,0.584107
14.296000,-1.355015,-1.439240,0.000260,0.001023,0.579476,0.584175
14.298000,-1.350623,-1.434808,0.000260,0.001038,0.579514,0.584322
14.300000,-1.346231,-1.430399,0.000259,0.001033,0.579552,0.584401
14.302000,-1.341838,-1.425991,0.000258,0.001044,0.579589,0.584541
14.304000,-1.337446,-1.421582,0.000257,0.001053,0.579627,0.584595
14.306000,-1.333054,-1.417172,0.000256,0.001034,0.579664,0.584541
14.308000,-1.328661,-1.412761,0.000256,0.001045,0.579702,0.584561
14.310000,-1.324269,-1.408348,0.000255,0.001052,0.579739,0.584540
14.312000,-1.319877,-1.403933,0.000254,0.001032,0.579776,0.584444
14.314000,-1.315484,-1.399504,0.000253,0.001056,0.579814,0.584469
14.316000,-1.311092,-1.395062,0.000252,0.001030,0.579851,0.584666
14.318000,-1.306700,-1.390649,0.000252,0.001046,0.579888,0.584799
14.320000,-1.302307,-1.386238,0.000251,0.001019,0.579924,0.584808
14.322000,-1.297915,-1.381831,0.000250,0.001045,0.579961,0.584791
14.324000,-1.293523,-1.377420,0.000249,0.001044,0.579998,0.584800
14.326000,-1.289130,-1.373012,0.000249,0.001044,0.580034,0.584753
14.328000,-1.284738,-1.368590,0.000248,0.001049,0.580071,0.584825
14.330000,-1.280346,-1.364174,0.000247,0.001040,0.580107,0.584928
14.332000,-1.275953,-1.359762,0.000246,0.001033,0.580143,0.584963
14.334000,-1.271561,-1.355360,0.000245,0.001031,0.580180,0.584984
14.336000,-1.267169,-1.350954,0.000245,0.001034,0.580216,0.585021
14.338000,-1.262776,-1.346526,0.000244,0.001041,0.580252,0.585107
14.340000,-1.258384,-1.342101,0.000243,0.001023,0.580288,0.585106
14.342000,-1.253992,-1.337681,0.000242,0.001039,0.580323,0.585094
14.344000,-1.249599,-1.333261,0.000241,0.001028,0.580359,0.585116
14.346000,-1.245207,-1.328857,0.000241,0.001025,0.580395,0.585068
14.348000,-1.240815,-1.324445,0.000240,0.001029,0.580430,0.585111
14.350000,-1.236423,-1.320027,0.000239,0.001009,0.580466,0.585204
14.352000,-1.232030,-1.315622,0.000238,0.001017,0.580501,0.585322
14.354000,-1.227638,-1.311230,0.000237,0.001005,0.580536,0.585356
14.356000,-1.223246,-1.306815,0.000237,0.001025,0.580571,0.585384
14.358000,-1.218853,-1.302405,0.000236,0.001011,0.580606,0.585327
14.360000,-1.214461,-1.297964,0.000235,0.001010,0.580641,0.585300
14.362000,-1.210069,-1.293535,0.000234,0.000995,0.580676,0.585379
14.364000,-1.205676,-1.289112,0.000233,0.000982,0.580711,0.585520
14.366000,-1.201284,-1.284718,0.000233,0.000964,0.580745,0.585476
14.368000,-1.196892,-1.280329,0.000232,0.000958,0.580780,0.585477
14.370000,-1.192499,-1.275922,0.000231,0.000961,0.580814,0.585461
14.372000,-1.188107,-1.271527,0.000230,0.000965,0.580849,0.585532
14.374000,-1.183715,-1.267141,0.000230,0.000976,0.580883,0.585543
14.376000,-1.179322,-1.262756,0.000229,0.000985,0.580917,0.585642
14.378000,-1.174930,-1.258373,0.000228,0.000992,0.580951,0.585692
14.380000,-1.170538,-1.253992,0.000227,0.000972,0.580985,0.585651
14.382000,-1.166145,-1.249612,0.000226,0.000983,0.581019,0.585684
14.384000,-1.161753,-1.245232,0.000226,0.000988,0.581053,0.585674
14.386000,-1.157361,-1.240852,0.000225,0.000969,0.581087,0.585584
14.388000,-1.152968,-1.236474,0.000224,0.000988,0.581120,0.585587
14.390000,-1.148576,-1.232095,0.000223,0.000961,0.581154,0.585734
14.392000,-1.144184,-1.227664,0.000222,0.000988,0.581187,0.585881
14.394000,-1.139791,-1.223289,0.000222,0.000957,0.581221,0.585886
14.396000,-1.135399,-1.218908,0.000221,0.000989,0.581254,0.585842
14.398000,-1.131007,-1.214507,0.000220,0.000979,0.581287,0.585846
14.400000,-1.126614,-1.210080,0.000219,0.000969,0.581320,0.585805
14.402000,-1.122222,-1.205643,0.000218,0.000959,0.581353,0.585868
14.404000,-1.117830,-1.201264,0.000218,0.000958,0.581386,0.585886
14.406000,-1.113438,-1.196884,0.000217,0.000945,0.581419,0.585950
14.408000,-1.109045,-1.192485,0.000216,0.000949,0.581452,0.586039
14.410000,-1.104653,-1.188052,0.000215,0.000941,0.581485,0.586186
14.412000,-1.100261,-1.183666,0.000214,0.000941,0.581517,0.586182
14.414000,-1.095868,-1.179295,0.000214,0.000935,0.581550,0.586163
14.416000,-1.091476,-1.174928,0.000213,0.000934,0.581582,0.586231
14.418000,-1.087084,-1.170563,0.000212,0.000938,0.581614,0.586268
14.420000,-1.082691,-1.166198,0.000211,0.000917,0.581647,0.586242
14.422000,-1.078299,-1.161837,0.000210,0.000933,0.581679,0.586261
14.424000,-1.073907,-1.157474,0.000210,0.000927,0.581711,0.586247
14.426000,-1.069514,-1.153108,0.000209,0.000934,0.581743,0.586205
14.428000,-1.065122,-1.148750,0.000208,0.000942,0.581775,0.586221
14.430000,-1.060730,-1.144395,0.000207,0.000942,0.581807,0.586354
14.432000,-1.056337,-1.140039,0.000207,0.000939,0.581838,0.586420
14.434000,-1.051945,-1.135683,0.000206,0.000921,0.581870,0.586432
14.436000,-1.047553,-1.131322,0.000205,0.000924,0.581902,0.586497
14.438000,-1.043160,-1.126958,0.000204,0.000927,0.581933,0.586513
14.440000,-1.038768,-1.122600,0.000203,0.000920,0.581964,0.586469
14.442000,-1.034376,-1.118244,0.000203,0.000929,0.581996,0.586498
14.444000,-1.029983,-1.113880,0.000202,0.000930,0.582027,0.586468
14.446000,-1.025591,-1.109512,0.000201,0.000924,0.582058,0.586401
14.448000,-1.021199,-1.105153,0.000200,0.000936,0.582089,0.586411
14.450000,-1.016806,-1.100737,0.000199,0.000928,0.582120,0.586563
14.452000,-1.012414,-1.096378,0.000199,0.000926,0.582151,0.586645
14.454000,-1.008022,-1.092019,0.000198,0.000905,0.582182,0.586667
14.456000,-1.003630,-1.087660,0.000197,0.000909,0.582213,0.586751
14.458000,-0.999237,-1.083300,0.000196,0.000907,0.582243,0.586821
14.460000,-0.994845,-1.078940,0.000195,0.000902,0.582274,0.586813
14.462000,-0.990453,-1.074584,0.000195,0.000912,0.582304,0.586862
14.464000,-0.986060,-1.070225,0.000194,0.000901,0.582335,0.586888
14.466000,-0.981668,-1.065869,0.000193,0.000906,0.582365,0.586978
14.468000,-0.977276,-1.061511,0.000192,0.000892,0.582395,0.587029
14.470000,-0.972883,-1.057151,0.000191,0.000919,0.582425,0.587016
14.472000,-0.968491,-1.052791,0.000191,0.000909,0.582455,0.587052
14.474000,-0.964099,-1.048429,0.000190,0.000921,0.582485,0.587055
14.476000,-0.959706,-1.044067,0.000189,0.000913,0.582515,0.587134
14.478000,-0.955314,-1.039706,0.000188,0.000920,0.582545,0.587188
14.480000,-0.950922,-1.035340,0.000188,0.000901,0.582575,0.587167
14.482000,-0.946529,-1.030976,0.000187,0.000908,0.582605,0.587206
14.484000,-0.942137,-1.026614,0.000186,0.000906,0.582634,0.587224
14.486000,-0.937745,-1.022248,0.000185,0.000899,0.582664,0.587309
14.488000,-0.933352,-1.017884,0.000184,0.000904,0.582693,0.587362
14.490000,-0.928960,-1.013513,0.000184,0.000904,0.582723,0.587354
14.492000,-0.924568,-1.009143,0.000183,0.000908,0.582752,0.587400
14.494000,-0.920175,-1.004770,0.000182,0.000901,0.582781,0.587405
14.496000,-0.915783,-1.000397,0.000181,0.000908,0.582810,0.587487
14.498000,-0.911391,-0.996025,0.000180,0.000912,0.582839,0.587543
14.500000,-0.906998,-0.991649,0.000180,0.000896,0.582868,0.587523
14.502000,-0.902606,-0.987275,0.000179,0.000902,0.582897,0.587565
14.504000,-0.898214,-0.982901,0.000178,0.000901,0.582926,0.587585
14.506000,-0.893822,-0.978524,0.000177,0.000895,0.582955,0.587673
14.508000,-0.889429,-0.974148,0.000176,0.000900,0.582983,0.587723
14.510000,-0.885037,-0.969765,0.000176,0.000901,0.583012,0.587710
14.512000,-0.880645,-0.965385,0.000175,0.000904,0.583040,0.587753
14.514000,-0.876252,-0.961000,0.000174,0.000899,0.583069,0.587759
14.516000,-0.871860,-0.956616,0.000173,0.000905,0.583097,0.587846
14.518000,-0.867468,-0.952235,0.000172,0.000905,0.583125,0.587908
14.520000,-0.863075,-0.947850,0.000172,0.000899,0.583154,0.588035
14.522000,-0.858683,-0.943465,0.000171,0.000900,0.583182,0.588127
14.524000,-0.854291,-0.939076,0.000170,0.000913,0.583210,0.588135
14.526000,-0.849898,-0.934683,0.000169,0.000903,0.583238,0.588056
14.528000,-0.845506,-0.930292,0.000169,0.000916,0.583266,0.588036
14.530000,-0.841114,-0.925904,0.000168,0.000909,0.583294,0.588138
14.532000,-0.836721,-0.921516,0.000167,0.000907,0.583321,0.588231
14.534000,-0.832329,-0.917127,0.000166,0.000898,0.583349,0.588396
14.536000,-0.827937,-0.912728,0.000165,0.000896,0.583377,0.588397
14.538000,-0.823544,-0.908327,0.000165,0.000907,0.583404,0.588391
14.540000,-0.819152,-0.903922,0.000164,0.000908,0.583432,0.588344
14.542000,-0.814760,-0.899524,0.000163,0.000915,0.583459,0.588371
14.544000,-0.810367,-0.895125,0.000162,0.000920,0.583486,0.588385
14.546000,-0.805975,-0.890726,0.000161,0.000917,0.583514,0.588455
14.548000,-0.801583,-0.886325,0.000161,0.000915,0.583541,0.588500
14.550000,-0.797190,-0.881923,0.000160,0.000909,0.583568,0.588626
14.552000,-0.792798,-0.877522,0.000159,0.000913,0.583595,0.588717
14.554000,-0.788406,-0.873119,0.000158,0.000891,0.583622,0.588716
14.556000,-0.784014,-0.868709,0.000157,0.000906,0.583649,0.588648
14.558000,-0.779621,-0.864305,0.000157,0.000903,0.583676,0.588616
14.560000,-0.775229,-0.859897,0.000156,0.000911,0.583702,0.588671
14.562000,-0.770837,-0.855490,0.000155,0.000922,0.583729,0.588696
14.564000,-0.766444,-0.851061,0.000154,0.000914,0.583756,0.588838
14.566000,-0.762052,-0.846656,0.000153,0.000916,0.583782,0.588964
14.568000,-0.757660,-0.842251,0.000153,0.000892,0.583809,0.589016
14.570000,-0.753267,-0.837843,0.000152,0.000908,0.583835,0.589017
14.572000,-0.748875,-0.833430,0.000151,0.000905,0.583861,0.588973
14.574000,-0.744483,-0.829016,0.000150,0.000902,0.583888,0.588866
14.576000,-0.740090,-0.824604,0.000150,0.000900,0.583914,0.588879
14.578000,-0.735698,-0.820175,0.000149,0.000908,0.583940,0.588921
14.580000,-0.731306,-0.815742,0.000148,0.000903,0.583966,0.589075
14.582000,-0.726913,-0.811333,0.000147,0.000915,0.583992,0.589140
14.584000,-0.722521,-0.806922,0.000146,0.000929,0.584018,0.589185
14.586000,-0.718129,-0.802508,0.000146,0.000927,0.584044,0.589172
14.588000,-0.713736,-0.798095,0.000145,0.000922,0.584069,0.589118
14.590000,-0.709344,-0.793681,0.000144,0.000920,0.584095,0.589178
14.592000,-0.704952,-0.789260,0.000143,0.000927,0.584121,0.589246
14.594000,-0.700559,-0.784845,0.000142,0.000917,0.584146,0.589327
14.596000,-0.696167,-0.780435,0.000142,0.000931,0.584172,0.589379
14.598000,-0.691775,-0.776014,0.000141,0.000929,0.584197,0.589465
14.600000,-0.687382,-0.771598,0.000140,0.000929,0.584222,0.589475
14.602000,-0.682990,-0.767185,0.000139,0.000916,0.584248,0.589453
14.604000,-0.678598,-0.762767,0.000138,0.000923,0.584273,0.589457
14.606000,-0.674206,-0.758350,0.000138,0.000926,0.584298,0.589483
14.608000,-0.669813,-0.753933,0.000137,0.000919,0.584323,0.589451
14.610000,-0.665421,-0.749519,0.000136,0.000928,0.584348,0.589506
14.612000,-0.661029,-0.745098,0.000135,0.000937,0.584373,0.589532
14.614000,-0.656636,-0.740682,0.000134,0.000928,0.584398,0.589551
14.616000,-0.652244,-0.736271,0.000134,0.000946,0.584423,0.589567
14.618000,-0.647852,-0.731845,0.000133,0.000940,0.584448,0.589646
14.620000,-0.643459,-0.727427,0.000132,0.000939,0.584472,0.589656
14.622000,-0.639067,-0.723013,0.000131,0.000924,0.584497,0.589644
14.624000,-0.634675,-0.718594,0.000130,0.000933,0.584521,0.589634
14.626000,-0.630282,-0.714178,0.000130,0.000935,0.584546,0.589652
14.628000,-0.625890,-0.709761,0.000129,0.000932,0.584570,0.589601
14.630000,-0.621498,-0.705344,0.000128,0.000937,0.584595,0.589647
14.632000,-0.617105,-0.700922,0.000127,0.000943,0.584619,0.589671
14.634000,-0.612713,-0.696507,0.000127,0.000934,0.584643,0.589694
14.636000,-0.608321,-0.692086,0.000126,0.000942,0.584667,0.589740
14.638000,-0.603928,-0.687671,0.000125,0.000945,0.584691,0.589791
14.640000,-0.599536,-0.683259,0.000124,0.000947,0.584715,0.589856
14.642000,-0.595144,-0.678844,0.000123,0.000938,0.584739,0.589848
14.644000,-0.590751,-0.674430,0.000123,0.000942,0.584763,0.589920
14.646000,-0.586359,-0.670022,0.000122,0.000941,0.584787,0.589948
14.648000,-0.581967,-0.665612,0.000121,0.000932,0.584811,0.589981
14.650000,-0.577574,-0.661207,0.000120,0.000940,0.584835,0.590027
14.652000,-0.573182,-0.656796,0.000119,0.000948,0.584858,0.590093
14.654000,-0.568790,-0.652386,0.000119,0.000932,0.584882,0.589996
14.656000,-0.564398,-0.647974,0.000118,0.000924,0.584905,0.589955
14.658000,-0.560005,-0.643551,0.000117,0.000928,0.584929,0.589899
14.660000,-0.555613,-0.639141,0.000116,0.000926,0.584952,0.589943
14.662000,-0.551221,-0.634735,0.000115,0.000941,0.584976,0.589937
14.664000,-0.546828,-0.630310,0.000115,0.000938,0.584999,0.590049
14.666000,-0.542436,-0.625902,0.000114,0.000933,0.585022,0.589992
14.668000,-0.538044,-0.621491,0.000113,0.000923,0.585045,0.590002
14.670000,-0.533651,-0.617079,0.000112,0.000925,0.585068,0.590056
14.672000,-0.529259,-0.612664,0.000111,0.000942,0.585091,0.590155
14.674000,-0.524867,-0.608258,0.000111,0.000936,0.585114,0.590144
14.676000,-0.520474,-0.603855,0.000110,0.000936,0.585137,0.590137
14.678000,-0.516082,-0.599443,0.000109,0.000942,0.585160,0.590162
14.680000,-0.511690,-0.595027,0.000108,0.000956,0.585183,0.590213
14.682000,-0.507297,-0.590627,0.000108,0.000951,0.585206,0.590183
14.684000,-0.502905,-0.586226,0.000107,0.000958,0.585228,0.590231
14.686000,-0.498513,-0.581831,0.000106,0.000958,0.585251,0.590231
14.688000,-0.494120,-0.577436,0.000105,0.000948,0.585273,0.590220
14.690000,-0.489728,-0.573046,0.000104,0.000956,0.585296,0.590233
14.692000,-0.485336,-0.568653,0.000104,0.000958,0.585318,0.590297
14.694000,-0.480943,-0.564259,0.000103,0.000951,0.585341,0.590260
14.696000,-0.476551,-0.559870,0.000102,0.000943,0.585363,0.590233
14.698000,-0.472159,-0.555476,0.000101,0.000944,0.585385,0.590259
14.700000,-0.467766,-0.551067,0.000100,0.000949,0.585407,0.590300
14.702000,-0.463374,-0.546676,0.000100,0.000941,0.585429,0.590269
14.704000,-0.458982,-0.542281,0.000099,0.000947,0.585452,0.590319
14.706000,-0.454590,-0.537893,0.000098,0.000945,0.585474,0.590319
14.708000,-0.450197,-0.533505,0.000097,0.000935,0.585495,0.590291
14.710000,-0.445805,-0.529091,0.000096,0.000936,0.585517,0.590331
14.712000,-0.441413,-0.524703,0.000096,0.000938,0.585539,0.590436
14.714000,-0.437020,-0.520314,0.000095,0.000926,0.585561,0.590381
14.716000,-0.432628,-0.515930,0.000094,0.000918,0.585583,0.590343
14.718000,-0.428236,-0.511542,0.000093,0.000920,0.585604,0.590387
14.720000,-0.423843,-0.507154,0.000092,0.000919,0.585626,0.590427
14.722000,-0.419451,-0.502771,0.000092,0.000911,0.585647,0.590392
14.724000,-0.415059,-0.498378,0.000091,0.000922,0.585669,0.590443
14.726000,-0.410666,-0.493996,0.000090,0.000915,0.585690,0.590482
14.728000,-0.406274,-0.489614,0.000089,0.000906,0.585712,0.590463
14.730000,-0.401882,-0.485237,0.000089,0.000911,0.585733,0.590500
14.732000,-0.397489,-0.480856,0.000088,0.000912,0.585754,0.590633
14.734000,-0.393097,-0.476473,0.000087,0.000902,0.585776,0.590602
14.736000,-0.388705,-0.472091,0.000086,0.000899,0.585797,0.590592
14.738000,-0.384312,-0.467702,0.000085,0.000894,0.585818,0.590557
14.740000,-0.379920,-0.463286,0.000085,0.000902,0.585839,0.590606
14.742000,-0.375528,-0.458908,0.000084,0.000888,0.585860,0.590582
14.744000,-0.371135,-0.454530,0.000083,0.000904,0.585881,0.590631
14.746000,-0.366743,-0.450150,0.000082,0.000900,0.585901,0.590664
14.748000,-0.362351,-0.445772,0.000081,0.000896,0.585922,0.590611
14.750000,-0.357958,-0.441398,0.000081,0.000901,0.585943,0.590629
14.752000,-0.353566,-0.437023,0.000080,0.000893,0.585964,0.590762
14.754000,-0.349174,-0.432643,0.000079,0.000881,0.585984,0.590711
14.756000,-0.344782,-0.428266,0.000078,0.000879,0.586005,0.590698
14.758000,-0.340389,-0.423843,0.000077,0.000868,0.586025,0.590799
14.760000,-0.335997,-0.419374,0.000077,0.000888,0.586046,0.590903
14.762000,-0.331605,-0.415002,0.000076,0.000858,0.586066,0.590874
14.764000,-0.327212,-0.410630,0.000075,0.000881,0.586087,0.590901
14.766000,-0.322820,-0.406258,0.000074,0.000870,0.586107,0.590916
14.768000,-0.318428,-0.401882,0.000073,0.000876,0.586127,0.590833
14.770000,-0.314035,-0.397511,0.000073,0.000883,0.586148,0.590824
14.772000,-0.309643,-0.393140,0.000072,0.000868,0.586168,0.590946
14.774000,-0.305251,-0.388718,0.000071,0.000884,0.586188,0.591077
14.776000,-0.300858,-0.384355,0.000070,0.000855,0.586208,0.591087
14.778000,-0.296466,-0.379993,0.000070,0.000876,0.586228,0.591146
14.780000,-0.292074,-0.375623,0.000069,0.000861,0.586248,0.591056
14.782000,-0.287681,-0.371260,0.000068,0.000856,0.586268,0.590991
14.784000,-0.283289,-0.366896,0.000067,0.000853,0.586287,0.591021
14.786000,-0.278897,-0.362530,0.000066,0.000850,0.586307,0.591050
14.788000,-0.274504,-0.358164,0.000066,0.000851,0.586327,0.591025
14.790000,-0.270112,-0.353805,0.000065,0.000854,0.586347,0.591058
14.792000,-0.265720,-0.349444,0.000064,0.000856,0.586366,0.591194
14.794000,-0.261327,-0.345078,0.000063,0.000849,0.586386,0.591167
14.796000,-0.256935,-0.340718,0.000062,0.000841,0.586405,0.591157
14.798000,-0.252543,-0.336356,0.000062,0.000841,0.586425,0.591229
14.800000,-0.248150,-0.331991,0.000061,0.000836,0.586444,0.591290
14.802000,-0.243758,-0.327627,0.000060,0.000837,0.586463,0.591292
14.804000,-0.239366,-0.323268,0.000059,0.000840,0.586483,0.591343
14.806000,-0.234974,-0.318905,0.000058,0.000843,0.586502,0.591491
14.808000,-0.230581,-0.314539,0.000058,0.000835,0.586521,0.591494
14.810000,-0.226189,-0.310177,0.000057,0.000828,0.586540,0.591501
14.812000,-0.221797,-0.305813,0.000056,0.000829,0.586560,0.591583
14.814000,-0.217404,-0.301439,0.000055,0.000820,0.586579,0.591520
14.816000,-0.213012,-0.297072,0.000054,0.000813,0.586598,0.591473
14.818000,-0.208620,-0.292702,0.000054,0.000812,0.586616,0.591511
14.820000,-0.204227,-0.288330,0.000053,0.000808,0.586635,0.591553
14.822000,-0.199835,-0.283957,0.000052,0.000809,0.586654,0.591543
14.824000,-0.195443,-0.279586,0.000051,0.000814,0.586673,0.591585
14.826000,-0.191050,-0.275189,0.000050,0.000819,0.586692,0.591659
14.828000,-0.186658,-0.270814,0.000050,0.000804,0.586710,0.591625
14.830000,-0.182266,-0.266443,0.000049,0.000805,0.586729,0.591616
14.832000,-0.177873,-0.262072,0.000048,0.000794,0.586748,0.591701
14.834000,-0.173481,-0.257693,0.000047,0.000796,0.586766,0.591650
14.836000,-0.169089,-0.253315,0.000047,0.000798,0.586785,0.591633
14.838000,-0.164703,-0.248938,0.000046,0.000790,0.586799,0.591704
14.840000,-0.160332,-0.244555,0.000045,0.000807,0.586806,0.591753
14.842000,-0.155975,-0.240175,0.000044,0.000786,0.586804,0.591740
14.844000,-0.151633,-0.235802,0.000044,0.000800,0.586795,0.591779
14.846000,-0.147304,-0.231429,0.000043,0.000787,0.586777,0.591905
14.848000,-0.142989,-0.227053,0.000042,0.000784,0.586752,0.591889
14.850000,-0.138689,-0.222684,0.000041,0.000776,0.586718,0.591871
14.852000,-0.134403,-0.218315,0.000041,0.000778,0.586677,0.591912
14.854000,-0.130130,-0.213994,0.000040,0.000778,0.586627,0.591944
14.856000,-0.125872,-0.209631,0.000039,0.000781,0.586569,0.591943
14.858000,-0.121628,-0.205290,0.000039,0.000782,0.586504,0.591971
14.860000,-0.117399,-0.200931,0.000038,0.000800,0.586430,0.591946
14.862000,-0.113183,-0.196578,0.000037,0.000786,0.586349,0.591848
14.864000,-0.108981,-0.192236,0.000037,0.000793,0.586259,0.591802
14.866000,-0.104794,-0.187897,0.000036,0.000784,0.586162,0.591827
14.868000,-0.100621,-0.183659,0.000035,0.000796,0.586056,0.591849
14.870000,-0.096462,-0.179337,0.000035,0.000782,0.585943,0.591805
14.872000,-0.092317,-0.175054,0.000034,0.000783,0.585821,0.591796
14.874000,-0.088186,-0.170827,0.000034,0.000787,0.585692,0.591738
14.876000,-0.084069,-0.166522,0.000033,0.000787,0.585554,0.591655
14.878000,-0.079966,-0.162268,0.000032,0.000785,0.585409,0.591576
14.880000,-0.075877,-0.158059,0.000032,0.000792,0.585255,0.591529
14.882000,-0.071803,-0.153941,0.000031,0.000808,0.585094,0.591440
14.884000,-0.067743,-0.149710,0.000031,0.000791,0.584924,0.591274
14.886000,-0.063696,-0.145535,0.000030,0.000794,0.584747,0.591163
14.888000,-0.059664,-0.141275,0.000029,0.000794,0.584561,0.591042
14.890000,-0.055646,-0.137019,0.000029,0.000792,0.584367,0.590921
14.892000,-0.051642,-0.132830,0.000028,0.000792,0.584166,0.590821
14.894000,-0.047652,-0.128703,0.000028,0.000784,0.583956,0.590799
14.896000,-0.043676,-0.124538,0.000027,0.000798,0.583739,0.590699
14.898000,-0.039715,-0.120313,0.000027,0.000786,0.583513,0.590485
14.900000,-0.035767,-0.116134,0.000026,0.000795,0.583280,0.590314
14.902000,-0.031833,-0.111985,0.000025,0.000784,0.583038,0.590192
14.904000,-0.027914,-0.107911,0.000025,0.000801,0.582789,0.590065
14.906000,-0.024009,-0.103765,0.000024,0.000784,0.582531,0.589864
14.908000,-0.020117,-0.099663,0.000024,0.000784,0.582266,0.589710
14.910000,-0.016240,-0.095544,0.000023,0.000789,0.581992,0.589512
14.912000,-0.012377,-0.091376,0.000023,0.000791,0.581711,0.589315
14.914000,-0.008528,-0.087262,0.000022,0.000791,0.581421,0.589096
14.916000,-0.004693,-0.083249,0.000021,0.000790,0.581124,0.588950
14.918000,-0.000872,-0.079209,0.000021,0.000803,0.580818,0.588760
14.920000,0.002935,-0.075080,0.000020,0.000791,0.580505,0.588477
14.922000,0.006728,-0.070991,0.000020,0.000797,0.580183,0.588240
14.924000,0.010506,-0.066925,0.000019,0.000787,0.579854,0.588047
14.926000,0.014271,-0.062918,0.000019,0.000804,0.579516,0.587843
14.928000,0.018021,-0.058857,0.000018,0.000788,0.579170,0.587557
14.930000,0.021758,-0.054829,0.000018,0.000789,0.578817,0.587313
14.932000,0.025480,-0.050792,0.000017,0.000791,0.578455,0.587028
14.934000,0.029189,-0.046802,0.000016,0.000801,0.578086,0.586794
14.936000,0.032883,-0.042782,0.000016,0.000799,0.577708,0.586503
14.938000,0.036563,-0.038797,0.000015,0.000795,0.577323,0.586257
14.940000,0.040229,-0.034798,0.000015,0.000803,0.576929,0.585951
14.942000,0.043881,-0.030783,0.000014,0.000799,0.576528,0.585629
14.944000,0.047519,-0.026833,0.000014,0.000799,0.576118,0.585284
14.946000,0.051143,-0.022954,0.000013,0.000797,0.575701,0.584998
14.948000,0.054753,-0.019056,0.000013,0.000806,0.575275,0.584675
14.950000,0.058348,-0.015192,0.000012,0.000802,0.574842,0.584317
14.952000,0.061930,-0.011372,0.000011,0.000815,0.574400,0.584011
14.954000,0.065497,-0.007482,0.000011,0.000806,0.573951,0.583682
14.956000,0.069051,-0.003545,0.000010,0.000813,0.573493,0.583352
14.958000,0.072590,0.000366,0.000010,0.000811,0.573028,0.582924
14.960000,0.076116,0.004218,0.000009,0.000811,0.572554,0.582541
14.962000,0.079627,0.008068,0.000009,0.000805,0.572072,0.582180
14.964000,0.083124,0.011850,0.000008,0.000814,0.571583,0.581807
14.966000,0.086607,0.015571,0.000008,0.000800,0.571085,0.581397
14.968000,0.090076,0.019252,0.000007,0.000810,0.570580,0.581035
14.970000,0.093530,0.023010,0.000007,0.000800,0.570066,0.580639
14.972000,0.096971,0.026741,0.000006,0.000792,0.569545,0.580290
14.974000,0.100397,0.030566,0.000005,0.000793,0.569015,0.579827
14.976000,0.103810,0.034369,0.000005,0.000790,0.568478,0.579395
14.978000,0.107208,0.038133,0.000004,0.000794,0.567932,0.578895
14.980000,0.110592,0.041837,0.000004,0.000792,0.567379,0.578449
14.982000,0.113962,0.045462,0.000003,0.000796,0.566817,0.577992
14.984000,0.117318,0.049145,0.000003,0.000788,0.566248,0.577548
14.986000,0.120659,0.052783,0.000002,0.000780,0.565670,0.577095
14.988000,0.123987,0.056377,0.000002,0.000768,0.565085,0.576699
14.990000,0.127300,0.060062,0.000001,0.000779,0.564491,0.576229
14.992000,0.130599,0.063791,0.000000,0.000774,0.563890,0.575746
14.994000,0.133884,0.067476,-0.000000,0.000764,0.563280,0.575257
14.996000,0.137154,0.071157,-0.000001,0.000767,0.562663,0.574760
14.998000,0.140411,0.074814,-0.000001,0.000775,0.562037,0.574225
15.000000,0.143653,0.078479,-0.000002,0.000769,0.561403,0.573696
15.002000,0.146881,0.082099,-0.000003,0.000762,0.560762,0.573174
15.004000,0.150094,0.085740,-0.000003,0.000766,0.560112,0.572648
15.006000,0.153294,0.089348,-0.000004,0.000773,0.559455,0.572072
15.008000,0.156479,0.092953,-0.000004,0.000763,0.558789,0.571501
15.010000,0.159650,0.096520,-0.000005,0.000761,0.558116,0.570945
15.012000,0.162806,0.100051,-0.000006,0.000740,0.557434,0.570345
15.014000,0.165948,0.103621,-0.000006,0.000752,0.556745,0.569731
15.016000,0.169076,0.107156,-0.000007,0.000746,0.556047,0.569165
15.018000,0.172190,0.110675,-0.000008,0.000727,0.555342,0.568643
15.020000,0.175289,0.114213,-0.000008,0.000734,0.554628,0.568065
15.022000,0.178374,0.117725,-0.000009,0.000724,0.553907,0.567397
15.024000,0.181444,0.121203,-0.000009,0.000727,0.553177,0.566761
15.026000,0.184500,0.124651,-0.000010,0.000716,0.552440,0.566149
15.028000,0.187541,0.128066,-0.000011,0.000706,0.551694,0.565594
15.030000,0.190569,0.131451,-0.000011,0.000692,0.550941,0.564966
15.032000,0.193581,0.134889,-0.000012,0.000702,0.550179,0.564315
15.034000,0.196579,0.138317,-0.000012,0.000688,0.549409,0.563692
15.036000,0.199563,0.141709,-0.000013,0.000681,0.548632,0.563112
15.038000,0.202532,0.145110,-0.000014,0.000686,0.547846,0.562494
15.040000,0.205487,0.148481,-0.000014,0.000687,0.547053,0.561779
15.042000,0.208427,0.151818,-0.000015,0.000687,0.546251,0.561088
15.044000,0.211353,0.155125,-0.000015,0.000678,0.545442,0.560431
15.046000,0.214264,0.158400,-0.000016,0.000669,0.544624,0.559831
15.048000,0.217160,0.161647,-0.000017,0.000657,0.543799,0.559154
15.050000,0.220042,0.164952,-0.000017,0.000664,0.542965,0.558431
15.052000,0.222909,0.168241,-0.000018,0.000659,0.542124,0.557730
15.054000,0.225761,0.171494,-0.000018,0.000649,0.541274,0.557086
15.056000,0.228599,0.174759,-0.000019,0.000655,0.540417,0.556256
15.058000,0.231422,0.178011,-0.000020,0.000662,0.539551,0.555443
15.060000,0.234230,0.181217,-0.000020,0.000655,0.538678,0.554683
15.062000,0.237023,0.184374,-0.000021,0.000654,0.537796,0.553980
15.064000,0.239802,0.187482,-0.000021,0.000630,0.536907,0.553193
15.066000,0.242566,0.190669,-0.000022,0.000645,0.536009,0.552351
15.068000,0.245314,0.193825,-0.000022,0.000633,0.535103,0.551548
15.070000,0.248048,0.196926,-0.000023,0.000634,0.534190,0.550800
15.072000,0.250767,0.199985,-0.000024,0.000622,0.533268,0.550110
15.074000,0.253471,0.203007,-0.000024,0.000610,0.532339,0.549328
15.076000,0.256161,0.206007,-0.000025,0.000597,0.531401,0.548575
15.078000,0.258835,0.209090,-0.000025,0.000600,0.530456,0.547770
15.080000,0.261494,0.212161,-0.000026,0.000606,0.529502,0.546998
15.082000,0.264137,0.215198,-0.000026,0.000601,0.528541,0.546187
15.084000,0.266766,0.218196,-0.000027,0.000593,0.527571,0.545406
15.086000,0.269380,0.221224,-0.000027,0.000599,0.526594,0.544559
15.088000,0.271978,0.224239,-0.000028,0.000607,0.525608,0.543736
15.090000,0.274562,0.227218,-0.000028,0.000604,0.524615,0.542849
15.092000,0.277129,0.230154,-0.000029,0.000606,0.523613,0.541985
15.094000,0.279682,0.233039,-0.000029,0.000591,0.522604,0.541164
15.096000,0.282219,0.235996,-0.000030,0.000602,0.521586,0.540278
15.098000,0.284741,0.238939,-0.000030,0.000600,0.520561,0.539319
15.100000,0.287248,0.241840,-0.000031,0.000609,0.519527,0.538382
15.102000,0.289739,0.244689,-0.000031,0.000597,0.518486,0.537492
15.104000,0.292215,0.247473,-0.000032,0.000590,0.517436,0.536653
15.106000,0.294675,0.250351,-0.000032,0.000600,0.516378,0.535745
15.108000,0.297119,0.253201,-0.000033,0.000601,0.515313,0.534764
15.110000,0.299548,0.256013,-0.000033,0.000604,0.514239,0.533802
15.112000,0.301961,0.258777,-0.000034,0.000589,0.513158,0.532874
15.114000,0.304359,0.261486,-0.000034,0.000579,0.512068,0.531991
15.116000,0.306741,0.264147,-0.000034,0.000564,0.510971,0.531145
15.118000,0.309107,0.266925,-0.000035,0.000572,0.509865,0.530136
15.120000,0.311457,0.269696,-0.000035,0.000577,0.508752,0.529121
15.122000,0.313791,0.272411,-0.000036,0.000583,0.507630,0.528132
15.124000,0.316110,0.275076,-0.000036,0.000576,0.506501,0.527177
15.126000,0.318412,0.277684,-0.000037,0.000579,0.505363,0.526268
15.128000,0.320699,0.280241,-0.000037,0.000570,0.504218,0.525331
15.130000,0.322969,0.282931,-0.000037,0.000580,0.503064,0.524284
15.132000,0.325224,0.285613,-0.000038,0.000580,0.501903,0.523223
15.134000,0.327462,0.288278,-0.000038,0.000590,0.500735,0.522188
15.136000,0.329685,0.290934,-0.000038,0.000584,0.499559,0.521119
15.138000,0.331892,0.293574,-0.000039,0.000585,0.498375,0.520081
15.140000,0.334082,0.296199,-0.000039,0.000587,0.497185,0.518986
15.142000,0.336257,0.298807,-0.000039,0.000593,0.495987,0.517912
15.144000,0.338415,0.301400,-0.000040,0.000603,0.494783,0.516879
15.146000,0.340558,0.303976,-0.000040,0.000604,0.493572,0.515794
15.148000,0.342684,0.306539,-0.000040,0.000611,0.492354,0.514731
15.150000,0.344795,0.309048,-0.000041,0.000604,0.491130,0.513710
15.152000,0.346889,0.311576,-0.000041,0.000611,0.489900,0.512612
15.154000,0.348968,0.314091,-0.000041,0.000615,0.488664,0.511520
15.156000,0.351030,0.316584,-0.000041,0.000625,0.487422,0.510461
15.158000,0.353077,0.319043,-0.000042,0.000636,0.486174,0.509385
15.160000,0.355107,0.321481,-0.000042,0.000634,0.484920,0.508301
15.162000,0.357122,0.323873,-0.000042,0.000633,0.483660,0.507208
15.164000,0.359120,0.326312,-0.000042,0.000634,0.482396,0.506133
15.166000,0.361103,0.328733,-0.000043,0.000641,0.481126,0.504955
15.168000,0.363069,0.331142,-0.000043,0.000647,0.479851,0.503785
15.170000,0.365020,0.333534,-0.000043,0.000650,0.478571,0.502656
15.172000,0.366954,0.335910,-0.000043,0.000646,0.477287,0.501534
15.174000,0.368873,0.338268,-0.000043,0.000649,0.475998,0.500422
15.176000,0.370775,0.340614,-0.000044,0.000650,0.474704,0.499324
15.178000,0.372662,0.342942,-0.000044,0.000656,0.473407,0.498150
15.180000,0.374533,0.345257,-0.000044,0.000662,0.472105,0.496977
15.182000,0.376387,0.347557,-0.000044,0.000663,0.470799,0.495828
15.184000,0.378226,0.349839,-0.000044,0.000670,0.469489,0.494679
15.186000,0.380048,0.352107,-0.000044,0.000672,0.468176,0.493523
15.188000,0.381855,0.354357,-0.000045,0.000674,0.466859,0.492346
15.190000,0.383645,0.356592,-0.000045,0.000677,0.465539,0.491179
15.192000,0.385420,0.358812,-0.000045,0.000677,0.464216,0.489999
15.194000,0.387178,0.361015,-0.000045,0.000682,0.462890,0.488803
15.196000,0.388921,0.363205,-0.000045,0.000687,0.461561,0.487614
15.198000,0.390647,0.365376,-0.000045,0.000691,0.460229,0.486413
15.200000,0.392358,0.367531,-0.000045,0.000695,0.458895,0.485195
15.202000,0.394052,0.369671,-0.000046,0.000696,0.457559,0.483995
15.204000,0.395731,0.371794,-0.000046,0.000694,0.456220,0.482823
15.206000,0.397393,0.373898,-0.000046,0.000699,0.454880,0.481610
15.208000,0.399040,0.375990,-0.000046,0.000703,0.453538,0.480396
15.210000,0.400670,0.378064,-0.000046,0.000706,0.452193,0.479153
15.212000,0.402285,0.380121,-0.000046,0.000713,0.450848,0.477927
15.214000,0.403883,0.382162,-0.000046,0.000713,0.449501,0.476706
15.216000,0.405466,0.384183,-0.000046,0.000717,0.448153,0.475475
15.218000,0.407033,0.386189,-0.000046,0.000718,0.446804,0.474251
15.220000,0.408583,0.388178,-0.000047,0.000723,0.445454,0.473048
15.222000,0.410118,0.390148,-0.000047,0.000725,0.444103,0.471814
15.224000,0.411636,0.392102,-0.000047,0.000730,0.442752,0.470575
15.226000,0.413139,0.394041,-0.000047,0.000731,0.441401,0.469351
15.228000,0.414625,0.395961,-0.000047,0.000734,0.440049,0.468108
15.230000,0.416096,0.397864,-0.000047,0.000738,0.438698,0.466882
15.232000,0.417550,0.399750,-0.000047,0.000741,0.437346,0.465654
15.234000,0.418989,0.401618,-0.000047,0.000743,0.435996,0.464398
15.236000,0.420413,0.403470,-0.000047,0.000747,0.434649,0.463153
15.238000,0.421822,0.405306,-0.000047,0.000747,0.433305,0.461930
15.240000,0.423218,0.407122,-0.000047,0.000751,0.431968,0.460666
15.242000,0.424599,0.408921,-0.000047,0.000753,0.430636,0.459409
15.244000,0.425968,0.410704,-0.000047,0.000758,0.429313,0.458171
15.246000,0.427323,0.412468,-0.000047,0.000761,0.427998,0.456923
15.248000,0.428665,0.414213,-0.000047,0.000765,0.426690,0.455689
15.250000,0.429993,0.415941,-0.000047,0.000766,0.425391,0.454458
15.252000,0.431309,0.417649,-0.000048,0.000768,0.425000,0.453201
15.254000,0.432611,0.419340,-0.000048,0.000771,0.425000,0.451956
15.256000,0.433899,0.421013,-0.000048,0.000774,0.425000,0.450739
15.258000,0.435174,0.422665,-0.000048,0.000776,0.425000,0.449508
15.260000,0.436435,0.424297,-0.000048,0.000780,0.425000,0.448278
15.262000,0.437683,0.425910,-0.000048,0.000780,0.425000,0.447072
15.264000,0.438917,0.427500,-0.000048,0.000784,0.425000,0.445861
15.266000,0.440137,0.429067,-0.000048,0.000787,0.425000,0.444668
15.268000,0.441343,0.430612,-0.000048,0.000792,0.425000,0.443507
15.270000,0.442536,0.432136,-0.000048,0.000796,0.425000,0.442362
15.272000,0.443714,0.433637,-0.000048,0.000799,0.425000,0.441202
15.274000,0.444878,0.435117,-0.000048,0.000802,0.425000,0.440059
15.276000,0.446029,0.436575,-0.000048,0.000802,0.425000,0.438937
15.278000,0.447165,0.438010,-0.000048,0.000806,0.425000,0.437798
15.280000,0.448287,0.439424,-0.000048,0.000808,0.425000,0.436680
15.282000,0.449395,0.440817,-0.000048,0.000813,0.425000,0.435594
15.284000,0.450488,0.442189,-0.000049,0.000814,0.425000,0.434523
15.286000,0.451567,0.443540,-0.000049,0.000818,0.425000,0.433463
15.288000,0.452632,0.444869,-0.000049,0.000820,0.425000,0.432430
15.290000,0.453682,0.446180,-0.000049,0.000821,0.425000,0.431423
15.292000,0.454717,0.447468,-0.000049,0.000825,0.425000,0.430391
15.294000,0.455738,0.448736,-0.000049,0.000827,0.425000,0.429376
15.296000,0.456744,0.449983,-0.000049,0.000830,0.425000,0.428389
15.298000,0.457735,0.451213,-0.000049,0.000834,0.425000,0.427435
15.300000,0.458711,0.452422,-0.000049,0.000837,0.425000,0.426479
15.302000,0.459673,0.453612,-0.000049,0.000841,0.425000,0.425542
15.304000,0.460619,0.454782,-0.000049,0.000842,0.425000,0.424620
15.306000,0.461551,0.455933,-0.000049,0.000845,0.425000,0.423689
15.308000,0.462467,0.457064,-0.000049,0.000848,0.425000,0.422775
15.310000,0.463368,0.458176,-0.000049,0.000850,0.425000,0.421891
15.312000,0.464254,0.459271,-0.000049,0.000854,0.425000,0.421037
15.314000,0.465125,0.460346,-0.000049,0.000856,0.425000,0.420182
15.316000,0.465980,0.461403,-0.000049,0.000859,0.425000,0.419348
15.318000,0.466819,0.462442,-0.000049,0.000862,0.425000,0.418539
15.320000,0.467643,0.463461,-0.000049,0.000872,0.425000,0.417751
15.322000,0.468452,0.464462,-0.000049,0.000876,0.425000,0.416939
15.324000,0.469245,0.465443,-0.000049,0.000878,0.425000,0.416143
15.326000,0.470022,0.466407,-0.000049,0.000882,0.425000,0.415373
15.328000,0.470783,0.467354,-0.000049,0.000884,0.425000,0.414628
15.330000,0.471528,0.468283,-0.000049,0.000886,0.425000,0.413885
15.332000,0.472258,0.469194,-0.000049,0.000888,0.425000,0.413161
15.334000,0.472971,0.470090,-0.000049,0.000888,0.425000,0.412460
15.336000,0.473668,0.470966,-0.000049,0.000892,0.425000,0.411717
15.338000,0.474350,0.471825,-0.000049,0.000894,0.425000,0.410999
15.340000,0.475015,0.472666,-0.000049,0.000898,0.425000,0.410311
15.342000,0.475665,0.473490,-0.000049,0.000905,0.425000,0.409648
15.344000,0.476298,0.474294,-0.000049,0.000903,0.425000,0.409004
15.346000,0.476915,0.475080,-0.000049,0.000906,0.425000,0.408377
15.348000,0.477517,0.475848,-0.000050,0.000908,0.425000,0.407770
15.350000,0.478102,0.476598,-0.000050,0.000910,0.425000,0.407184
15.352000,0.478671,0.477332,-0.000050,0.000910,0.425000,0.406618
15.354000,0.479225,0.478049,-0.000050,0.000912,0.425000,0.406037
15.356000,0.479762,0.478749,-0.000050,0.000914,0.425000,0.405474
15.358000,0.480284,0.479432,-0.000050,0.000917,0.425000,0.404937
15.360000,0.480789,0.480100,-0.000050,0.000920,0.425000,0.404425
15.362000,0.481278,0.480751,-0.000050,0.000921,0.425000,0.403935
15.364000,0.481752,0.481386,-0.000050,0.000923,0.425000,0.403434
15.366000,0.482209,0.482005,-0.000050,0.000924,0.425000,0.402944
15.368000,0.482650,0.482608,-0.000050,0.000926,0.425000,0.402470
15.370000,0.483076,0.482596,-0.000050,0.000934,0.425000,0.401965
15.372000,0.483485,0.483157,-0.000050,0.000937,0.425000,0.401461
15.374000,0.483878,0.483714,-0.000050,0.000943,0.425000,0.400965
15.376000,0.484256,0.484255,-0.000050,0.000946,0.425000,0.400489
15.378000,0.484617,0.484781,-0.000050,0.000950,0.425000,0.400034
15.380000,0.484963,0.485295,-0.000050,0.000952,0.425000,0.399600
15.382000,0.485292,0.485796,-0.000050,0.000954,0.425000,0.399185
15.384000,0.485605,0.486283,-0.000050,0.000955,0.425000,0.398782
15.386000,0.485903,0.486756,-0.000050,0.000957,0.425000,0.398397
15.388000,0.486184,0.487217,-0.000050,0.000956,0.425000,0.398032
15.390000,0.486449,0.487663,-0.000050,0.000958,0.425000,0.397632
15.392000,0.486699,0.488095,-0.000050,0.000959,0.425000,0.397253
15.394000,0.486933,0.488513,-0.000050,0.000961,0.425000,0.396893
15.396000,0.487156,0.488916,-0.000050,0.000965,0.425000,0.396550
15.398000,0.487368,0.489303,-0.000050,0.000967,0.425000,0.396220
15.400000,0.487571,0.489675,-0.000050,0.000970,0.425000,0.395905
15.402000,0.487767,0.490031,-0.000050,0.000971,0.425000,0.395606
15.404000,0.487956,0.490371,-0.000050,0.000973,0.425000,0.395320
15.406000,0.488136,0.490698,-0.000050,0.000974,0.425000,0.395050
15.408000,0.488309,0.491011,-0.000050,0.000973,0.425000,0.394792
15.410000,0.488474,0.491310,-0.000050,0.000975,0.425000,0.394504
15.412000,0.488631,0.491594,-0.000050,0.000976,0.425000,0.394230
15.414000,0.488780,0.491865,-0.000050,0.000978,0.425000,0.393971
15.416000,0.488921,0.492123,-0.000050,0.000981,0.425000,0.393726
15.418000,0.489054,0.492367,-0.000050,0.000983,0.425000,0.393491
15.420000,0.489179,0.492599,-0.000050,0.000986,0.425000,0.393268
15.422000,0.489295,0.492817,-0.000050,0.000987,0.425000,0.393057
15.424000,0.489404,0.493023,-0.000050,0.000988,0.425000,0.392858
15.426000,0.489504,0.493218,-0.000050,0.000990,0.425000,0.392672
15.428000,0.489596,0.493400,-0.000050,0.000991,0.425000,0.392499
15.430000,0.489679,0.493572,-0.000050,0.000991,0.425000,0.392338
15.432000,0.489754,0.493733,-0.000050,0.000992,0.425000,0.392151
15.434000,0.489821,0.493883,-0.000050,0.000993,0.425000,0.391975
15.436000,0.489879,0.494023,-0.000050,0.000995,0.425000,0.391813
15.438000,0.489928,0.494153,-0.000050,0.000998,0.425000,0.391665
15.440000,0.489969,0.494273,-0.000050,0.000999,0.425000,0.391524
15.442000,0.490002,0.494383,-0.000050,0.001001,0.425000,0.391393
15.444000,0.490028,0.494482,-0.000050,0.001002,0.425000,0.391272
15.446000,0.490049,0.494572,-0.000050,0.001004,0.425000,0.391162
15.448000,0.490066,0.494652,-0.000050,0.001005,0.425000,0.391062
15.450000,0.490079,0.494723,-0.000050,0.001006,0.425000,0.390973
15.452000,0.490090,0.494786,-0.000050,0.001008,0.425000,0.390893
15.454000,0.490098,0.494842,-0.000050,0.001008,0.425000,0.390823
15.456000,0.490105,0.494889,-0.000050,0.001009,0.425000,0.390734
15.458000,0.490110,0.494930,-0.000050,0.001010,0.425000,0.390656
15.460000,0.490114,0.494964,-0.000050,0.001012,0.425000,0.390591
15.462000,0.490117,0.494991,-0.000050,0.001013,0.425000,0.390539
15.464000,0.490120,0.495013,-0.000050,0.001015,0.425000,0.390499
15.466000,0.490122,0.494873,-0.000050,0.001021,0.425000,0.390471
15.468000,0.490124,0.494878,-0.000050,0.001021,0.425000,0.390439
15.470000,0.490125,0.494882,-0.000050,0.001023,0.425000,0.390412
15.472000,0.490126,0.494882,-0.000050,0.001024,0.425000,0.390392
15.474000,0.490127,0.494879,-0.000050,0.001024,0.425000,0.390382
15.476000,0.490127,0.494874,-0.000050,0.001025,0.425000,0.390381
15.478000,0.490128,0.494867,-0.000050,0.001026,0.425000,0.390389
15.480000,0.490128,0.494857,-0.000050,0.001027,0.425000,0.390404
15.482000,0.490129,0.494845,-0.000050,0.001027,0.425000,0.390428
15.484000,0.490129,0.494831,-0.000050,0.001028,0.425000,0.390459
15.486000,0.490129,0.494816,-0.000050,0.001028,0.425000,0.390497
15.488000,0.490129,0.494798,-0.000050,0.001028,0.425000,0.390526
15.490000,0.490129,0.494779,-0.000050,0.001028,0.425000,0.390563
15.492000,0.490129,0.494758,-0.000050,0.001029,0.425000,0.390610
15.494000,0.490130,0.494735,-0.000050,0.001030,0.425000,0.390667
15.496000,0.490130,0.494711,-0.000050,0.001031,0.425000,0.390734
15.498000,0.490130,0.494685,-0.000050,0.001031,0.425000,0.390810
15.500000,0.490130,0.494659,-0.000050,0.001032,0.425000,0.390893
15.502000,0.490130,0.494630,-0.000050,0.001033,0.425000,0.390970
15.504000,0.490130,0.494600,-0.000050,0.001033,0.425000,0.391054
15.506000,0.490130,0.494569,-0.000050,0.001033,0.425000,0.391144
15.508000,0.490130,0.494537,-0.000050,0.001033,0.425000,0.391242
15.510000,0.490130,0.494504,-0.000050,0.001033,0.425000,0.391347
15.512000,0.490130,0.494469,-0.000050,0.001033,0.425000,0.391460
15.514000,0.490130,0.494433,-0.000050,0.001033,0.425000,0.391580
15.516000,0.490130,0.494397,-0.000050,0.001034,0.425000,0.391707
15.518000,0.490130,0.494360,-0.000050,0.001034,0.425000,0.391840
15.520000,0.490130,0.494321,-0.000050,0.001034,0.425000,0.391978
15.522000,0.490130,0.494282,-0.000050,0.001034,0.425000,0.392122
15.524000,0.490130,0.494243,-0.000050,0.001035,0.425000,0.392271
15.526000,0.490130,0.494203,-0.000050,0.001034,0.425000,0.392427
15.528000,0.490130,0.494162,-0.000050,0.001034,0.425000,0.392579
15.530000,0.490130,0.494121,-0.000050,0.001034,0.425000,0.392736
15.532000,0.490130,0.494080,-0.000050,0.001035,0.425000,0.392901
15.534000,0.490130,0.494039,-0.000050,0.001035,0.425000,0.393073
15.536000,0.490130,0.493997,-0.000050,0.001035,0.425000,0.393252
15.538000,0.490130,0.493955,-0.000050,0.001035,0.425000,0.393437
15.540000,0.490130,0.493913,-0.000050,0.001036,0.425000,0.393627
15.542000,0.490130,0.493870,-0.000050,0.001036,0.425000,0.393824
15.544000,0.490130,0.493828,-0.000050,0.001036,0.425000,0.394026
15.546000,0.490130,0.493786,-0.000050,0.001036,0.425000,0.394233
15.548000,0.490130,0.493743,-0.000050,0.001036,0.425000,0.394439
15.550000,0.490130,0.493701,-0.000050,0.001035,0.425000,0.394650
15.552000,0.490130,0.493659,-0.000050,0.001035,0.425000,0.394867
15.554000,0.490130,0.493617,-0.000050,0.001034,0.425000,0.395090
15.556000,0.490130,0.493575,-0.000050,0.001033,0.425000,0.395318
15.558000,0.490130,0.493533,-0.000050,0.001033,0.425000,0.395552
15.560000,0.490130,0.493491,-0.000050,0.001032,0.425000,0.395790
15.562000,0.490130,0.493449,-0.000050,0.001031,0.425000,0.396034
15.564000,0.490130,0.493407,-0.000050,0.001031,0.425000,0.396281
15.566000,0.490130,0.493366,-0.000050,0.001030,0.425000,0.396532
15.568000,0.490130,0.493324,-0.000050,0.001030,0.425000,0.396787
15.570000,0.490130,0.493282,-0.000050,0.001029,0.425000,0.397048
15.572000,0.490130,0.493241,-0.000050,0.001029,0.425000,0.397313
15.574000,0.490130,0.493200,-0.000050,0.001028,0.425000,0.397583
15.576000,0.490130,0.493159,-0.000050,0.001028,0.425005,0.397858
15.578000,0.490130,0.493118,-0.000050,0.001028,0.425017,0.398138
15.580000,0.490130,0.493077,-0.000050,0.001027,0.425038,0.398422
15.582000,0.490130,0.493037,-0.000050,0.001027,0.425066,0.398710
15.584000,0.490130,0.492996,-0.000050,0.001026,0.425103,0.399003
15.586000,0.490130,0.492956,-0.000050,0.001026,0.425147,0.399301
15.588000,0.490130,0.492916,-0.000050,0.001026,0.425200,0.399603
15.590000,0.490130,0.492877,-0.000050,0.001025,0.425260,0.399909
15.592000,0.490130,0.492837,-0.000050,0.001025,0.425329,0.400220
15.594000,0.490130,0.492798,-0.000050,0.001024,0.425406,0.400536
15.596000,0.490130,0.492759,-0.000050,0.001024,0.425490,0.400855
15.598000,0.490130,0.492720,-0.000050,0.001024,0.425583,0.401179
15.600000,0.490130,0.492681,-0.000050,0.001023,0.425683,0.401507
15.602000,0.490130,0.492643,-0.000050,0.001022,0.425792,0.401840
15.604000,0.490130,0.492605,-0.000050,0.001022,0.425908,0.402176
15.606000,0.490130,0.492567,-0.000050,0.001021,0.426033,0.402517
15.608000,0.490130,0.492529,-0.000050,0.001021,0.426166,0.402863
15.610000,0.490130,0.492491,-0.000050,0.001020,0.426306,0.403213
15.612000,0.490130,0.492454,-0.000050,0.001019,0.426455,0.403567
15.614000,0.490130,0.492416,-0.000050,0.001018,0.426611,0.403926
15.616000,0.490130,0.492379,-0.000050,0.001018,0.426776,0.404289
15.618000,0.490130,0.492342,-0.000050,0.001017,0.426948,0.404656
15.620000,0.490130,0.492306,-0.000050,0.001016,0.427129,0.405028
15.622000,0.490130,0.492269,-0.000050,0.001015,0.427317,0.405405
15.624000,0.490130,0.492233,-0.000050,0.001014,0.427514,0.405787
15.626000,0.490130,0.492197,-0.000050,0.001013,0.427719,0.406173
15.628000,0.490130,0.492161,-0.000050,0.001012,0.427931,0.406564
15.630000,0.490130,0.492126,-0.000050,0.001011,0.428152,0.406960
15.632000,0.490130,0.492091,-0.000050,0.001010,0.428380,0.407361
15.634000,0.490130,0.492056,-0.000050,0.001009,0.428617,0.407768
15.636000,0.490130,0.492021,-0.000050,0.001008,0.428861,0.408180
15.638000,0.490130,0.491986,-0.000050,0.001007,0.429114,0.408597
15.640000,0.490130,0.491952,-0.000050,0.001005,0.429374,0.409019
15.642000,0.490130,0.491918,-0.000050,0.001004,0.429643,0.409446
15.644000,0.490130,0.491884,-0.000050,0.001003,0.429920,0.409879
15.646000,0.490130,0.491850,-0.000050,0.001002,0.430204,0.410318
15.648000,0.490130,0.491817,-0.000050,0.001001,0.430497,0.410763
15.650000,0.490130,0.491784,-0.000050,0.001000,0.430797,0.411213
15.652000,0.490130,0.491750,-0.000050,0.000999,0.431106,0.411668
15.654000,0.490130,0.491717,-0.000050,0.000999,0.431422,0.412128
15.656000,0.490130,0.491685,-0.000050,0.000998,0.431746,0.412592
15.658000,0.490130,0.491652,-0.000050,0.000997,0.432077,0.413062
15.660000,0.490130,0.491620,-0.000050,0.000996,0.432412,0.413536
15.662000,0.490130,0.491588,-0.000050,0.000995,0.432752,0.414016
15.664000,0.490130,0.491556,-0.000050,0.000994,0.433094,0.414500
15.666000,0.490130,0.491525,-0.000050,0.000992,0.433438,0.414988
15.668000,0.490130,0.491494,-0.000050,0.000992,0.433785,0.415471
15.670000,0.490130,0.491463,-0.000050,0.000991,0.434132,0.415957
15.672000,0.490130,0.491433,-0.000050,0.000990,0.434481,0.416447
15.674000,0.490130,0.491403,-0.000050,0.000989,0.434830,0.416940
15.676000,0.490130,0.491374,-0.000050,0.000989,0.435179,0.417435
15.678000,0.490130,0.491345,-0.000050,0.000988,0.435529,0.417933
15.680000,0.490130,0.491317,-0.000050,0.000987,0.435879,0.418432
15.682000,0.490130,0.491289,-0.000050,0.000986,0.436229,0.418932
15.684000,0.490130,0.491261,-0.000050,0.000985,0.436579,0.419434
15.686000,0.490130,0.491233,-0.000050,0.000984,0.436928,0.419935
15.688000,0.490130,0.491206,-0.000050,0.000983,0.437278,0.420437
15.690000,0.490130,0.491180,-0.000050,0.000981,0.437627,0.420939
15.692000,0.490130,0.491153,-0.000050,0.000980,0.437975,0.421440
15.694000,0.490130,0.491127,-0.000050,0.000979,0.438324,0.421942
15.696000,0.490130,0.491102,-0.000050,0.000978,0.438672,0.422442
15.698000,0.490130,0.491077,-0.000050,0.000977,0.439019,0.422941
15.700000,0.490130,0.491052,-0.000050,0.000975,0.439366,0.423438
15.702000,0.490130,0.491028,-0.000050,0.000974,0.439713,0.423933
15.704000,0.490130,0.491003,-0.000050,0.000972,0.440059,0.424428
15.706000,0.490130,0.490980,-0.000050,0.000970,0.440405,0.424918
15.708000,0.490130,0.490957,-0.000050,0.000968,0.440751,0.425408
15.710000,0.490130,0.490934,-0.000050,0.000966,0.441096,0.425896
15.712000,0.490130,0.490911,-0.000050,0.000964,0.441440,0.426384
15.714000,0.490130,0.490889,-0.000050,0.000962,0.441784,0.426871
15.716000,0.490130,0.490867,-0.000050,0.000960,0.442128,0.427355
15.718000,0.490130,0.490846,-0.000050,0.000958,0.442471,0.427839
15.720000,0.490130,0.490824,-0.000050,0.000956,0.442814,0.428320
15.722000,0.490130,0.490803,-0.000050,0.000954,0.443156,0.428800
15.724000,0.490130,0.490781,-0.000050,0.000952,0.443498,0.429277
15.726000,0.490130,0.490760,-0.000050,0.000950,0.443839,0.429753
15.728000,0.490130,0.490739,-0.000050,0.000949,0.444180,0.430227
15.730000,0.490130,0.490718,-0.000050,0.000947,0.444520,0.430699
15.732000,0.490130,0.490697,-0.000050,0.000945,0.444860,0.431171
15.734000,0.490130,0.490677,-0.000050,0.000944,0.445200,0.431640
15.736000,0.490130,0.490656,-0.000050,0.000942,0.445539,0.432109
15.738000,0.490130,0.490636,-0.000050,0.000941,0.445877,0.432577
15.740000,0.490130,0.490615,-0.000050,0.000939,0.446216,0.433043
15.742000,0.490130,0.490595,-0.000050,0.000938,0.446553,0.433502
15.744000,0.490130,0.490574,-0.000050,0.000937,0.446890,0.433960
15.746000,0.490130,0.490554,-0.000050,0.000936,0.447227,0.434417
15.748000,0.490130,0.490534,-0.000050,0.000936,0.447563,0.434873
15.750000,0.490130,0.490514,-0.000050,0.000935,0.447899,0.435329
15.752000,0.490130,0.490494,-0.000050,0.000934,0.448235,0.435775
15.754000,0.490130,0.490474,-0.000050,0.000934,0.448570,0.436219
15.756000,0.490130,0.490455,-0.000050,0.000932,0.448904,0.436664
15.758000,0.490130,0.490435,-0.000050,0.000931,0.449238,0.437108
15.760000,0.490130,0.490416,-0.000050,0.000930,0.449572,0.437552
15.762000,0.490130,0.490396,-0.000050,0.000928,0.449905,0.437995
15.764000,0.490130,0.490377,-0.000050,0.000927,0.450237,0.438438
15.766000,0.490130,0.490358,-0.000050,0.000926,0.450570,0.438881
15.768000,0.490130,0.490340,-0.000050,0.000924,0.450901,0.439323
15.770000,0.490130,0.490321,-0.000050,0.000923,0.451233,0.439764
15.772000,0.490130,0.490303,-0.000050,0.000921,0.451564,0.440205
15.774000,0.490130,0.490286,-0.000050,0.000920,0.451894,0.440643
15.776000,0.490130,0.490268,-0.000050,0.000918,0.452224,0.441080
15.778000,0.490130,0.490251,-0.000050,0.000916,0.452554,0.441516
15.780000,0.490130,0.490234,-0.000050,0.000914,0.452883,0.441947
15.782000,0.490130,0.490218,-0.000050,0.000912,0.453211,0.442378
15.784000,0.490130,0.490202,-0.000050,0.000910,0.453540,0.442806
15.786000,0.490130,0.490187,-0.000050,0.000909,0.453867,0.443234
15.788000,0.490130,0.490171,-0.000050,0.000907,0.454195,0.443660
15.790000,0.490130,0.490156,-0.000050,0.000906,0.454521,0.444086
15.792000,0.490130,0.490142,-0.000050,0.000904,0.454848,0.444510
15.794000,0.490130,0.490127,-0.000050,0.000903,0.455174,0.444933
15.796000,0.490130,0.490113,-0.000050,0.000901,0.455499,0.445354
15.798000,0.490130,0.490099,-0.000050,0.000899,0.455825,0.445775
15.800000,0.490130,0.490085,-0.000050,0.000898,0.456149,0.446195
15.802000,0.490130,0.490071,-0.000050,0.000896,0.456473,0.446613
15.804000,0.490130,0.490057,-0.000050,0.000894,0.456797,0.447030
15.806000,0.490130,0.490044,-0.000050,0.000892,0.457121,0.447446
15.808000,0.490130,0.490031,-0.000050,0.000891,0.457444,0.447861
15.810000,0.490130,0.490018,-0.000050,0.000889,0.457766,0.448275
15.812000,0.490130,0.490005,-0.000050,0.000887,0.458088,0.448687
15.814000,0.490130,0.489993,-0.000050,0.000886,0.458410,0.449097
15.816000,0.490130,0.489980,-0.000050,0.000884,0.458731,0.449506
15.818000,0.490130,0.489968,-0.000050,0.000883,0.459052,0.449914
15.820000,0.490130,0.489956,-0.000050,0.000881,0.459372,0.450318
15.822000,0.490130,0.489944,-0.000050,0.000880,0.459692,0.450720
15.824000,0.490130,0.489933,-0.000050,0.000879,0.460011,0.451122
15.826000,0.490130,0.489921,-0.000050,0.000878,0.460330,0.451523
15.828000,0.490130,0.489910,-0.000050,0.000878,0.460649,0.451925
15.830000,0.490130,0.489898,-0.000050,0.000877,0.460967,0.452326
15.832000,0.490130,0.489887,-0.000050,0.000876,0.461285,0.452726
15.834000,0.490130,0.489876,-0.000050,0.000876,0.461602,0.453125
15.836000,0.490130,0.489865,-0.000050,0.000875,0.461919,0.453523
15.838000,0.490130,0.489853,-0.000050,0.000875,0.462235,0.453921
15.840000,0.490130,0.489842,-0.000050,0.000874,0.462551,0.454317
15.842000,0.490130,0.489831,-0.000050,0.000873,0.462867,0.454707
15.844000,0.490130,0.489819,-0.000050,0.000873,0.463182,0.455095
15.846000,0.490130,0.489807,-0.000050,0.000871,0.463497,0.455483
15.848000,0.490130,0.489795,-0.000050,0.000870,0.463811,0.455871
15.850000,0.490130,0.489784,-0.000050,0.000869,0.464125,0.456259
15.852000,0.490130,0.489772,-0.000050,0.000868,0.464438,0.456646
15.854000,0.490130,0.489760,-0.000050,0.000866,0.464751,0.457034
15.856000,0.490130,0.489748,-0.000050,0.000865,0.465064,0.457418
15.858000,0.490130,0.489736,-0.000050,0.000863,0.465376,0.457801
15.860000,0.490130,0.489724,-0.000050,0.000862,0.465688,0.458183
15.862000,0.490130,0.489712,-0.000050,0.000860,0.465999,0.458566
15.864000,0.490130,0.489701,-0.000050,0.000858,0.466310,0.458949
15.866000,0.490130,0.489689,-0.000050,0.000856,0.466621,0.459330
15.868000,0.490130,0.489678,-0.000050,0.000854,0.466931,0.459706
15.870000,0.490130,0.489667,-0.000050,0.000853,0.467240,0.460081
15.872000,0.490130,0.489656,-0.000050,0.000851,0.467550,0.460457
15.874000,0.490130,0.489645,-0.000050,0.000850,0.467859,0.460832
15.876000,0.490130,0.489634,-0.000050,0.000849,0.468167,0.461208
15.878000,0.490130,0.489624,-0.000050,0.000847,0.468475,0.461582
15.880000,0.490130,0.489613,-0.000050,0.000846,0.468782,0.461956
15.882000,0.490130,0.489602,-0.000050,0.000845,0.469090,0.462328
15.884000,0.490130,0.489592,-0.000050,0.000843,0.469396,0.462700
15.886000,0.490130,0.489582,-0.000050,0.000842,0.469703,0.463071
15.888000,0.490130,0.489572,-0.000050,0.000840,0.470009,0.463442
15.890000,0.490130,0.489562,-0.000050,0.000839,0.470314,0.463811
15.892000,0.490130,0.489552,-0.000050,0.000837,0.470619,0.464179
15.894000,0.490130,0.489543,-0.000050,0.000836,0.470924,0.464547
15.896000,0.490130,0.489533,-0.000050,0.000835,0.471228,0.464914
15.898000,0.490130,0.489524,-0.000050,0.000833,0.471532,0.465280
15.900000,0.490130,0.489515,-0.000050,0.000832,0.471835,0.465645
15.902000,0.490130,0.489506,-0.000050,0.000830,0.472138,0.466009
15.904000,0.490130,0.489498,-0.000050,0.000829,0.472441,0.466372
15.906000,0.490130,0.489490,-0.000050,0.000828,0.472743,0.466734
15.908000,0.490130,0.489482,-0.000050,0.000826,0.473045,0.467094
15.910000,0.490130,0.489474,-0.000050,0.000825,0.473346,0.467454
15.912000,0.490130,0.489466,-0.000050,0.000824,0.473647,0.467811
15.914000,0.490130,0.489459,-0.000050,0.000823,0.473948,0.468168
15.916000,0.490130,0.489452,-0.000050,0.000822,0.474248,0.468523
15.918000,0.490130,0.489445,-0.000050,0.000822,0.474548,0.468878
15.920000,0.490130,0.489438,-0.000050,0.000821,0.474847,0.469233
15.922000,0.490130,0.489431,-0.000050,0.000821,0.475146,0.469587
15.924000,0.490130,0.489425,-0.000050,0.000820,0.475445,0.469940
15.926000,0.490130,0.489418,-0.000050,0.000820,0.475743,0.470292
15.928000,0.490130,0.489412,-0.000050,0.000820,0.476041,0.470643
15.930000,0.490130,0.489405,-0.000050,0.000819,0.476338,0.470994
15.932000,0.490130,0.489399,-0.000050,0.000819,0.476635,0.471344
15.934000,0.490130,0.489392,-0.000050,0.000819,0.476932,0.471693
15.936000,0.490130,0.489386,-0.000050,0.000818,0.477228,0.472040
15.938000,0.490130,0.489379,-0.000050,0.000818,0.477523,0.472386
15.940000,0.490130,0.489372,-0.000050,0.000817,0.477819,0.472731
15.942000,0.490130,0.489365,-0.000050,0.000817,0.478114,0.473076
15.944000,0.490130,0.489358,-0.000050,0.000816,0.478408,0.473420
15.946000,0.490130,0.489351,-0.000050,0.000815,0.478702,0.473764
15.948000,0.490130,0.489343,-0.000050,0.000814,0.478996,0.474108
15.950000,0.490130,0.489336,-0.000050,0.000813,0.479289,0.474451
15.952000,0.490130,0.489329,-0.000050,0.000813,0.479582,0.474794
15.954000,0.490130,0.489321,-0.000050,0.000812,0.479875,0.475132
15.956000,0.490130,0.489313,-0.000050,0.000811,0.480167,0.475468
15.958000,0.490130,0.489306,-0.000050,0.000809,0.480459,0.475805
15.960000,0.490130,0.489298,-0.000050,0.000808,0.480750,0.476142
15.962000,0.490130,0.489291,-0.000050,0.000807,0.481041,0.476479
15.964000,0.490130,0.489283,-0.000050,0.000805,0.481332,0.476816
15.966000,0.490130,0.489276,-0.000050,0.000804,0.481622,0.477153
15.968000,0.490130,0.489268,-0.000050,0.000803,0.481912,0.477480
15.970000,0.490130,0.489260,-0.000050,0.000801,0.482201,0.477806
15.972000,0.490130,0.489253,-0.000050,0.000800,0.482490,0.478133
15.974000,0.490130,0.489245,-0.000050,0.000800,0.482779,0.478461
15.976000,0.490130,0.489237,-0.000050,0.000799,0.483067,0.478789
15.978000,0.490130,0.489229,-0.000050,0.000798,0.483355,0.479117
15.980000,0.490130,0.489221,-0.000050,0.000797,0.483642,0.479446
15.982000,0.490130,0.489213,-0.000050,0.000796,0.483929,0.479775
15.984000,0.490130,0.489205,-0.000050,0.000795,0.484216,0.480104
15.986000,0.490130,0.489197,-0.000050,0.000794,0.484502,0.480432
15.988000,0.490130,0.489189,-0.000050,0.000793,0.484788,0.480761
15.990000,0.490130,0.489181,-0.000050,0.000792,0.485074,0.481090
15.992000,0.490130,0.489173,-0.000050,0.000791,0.485359,0.481418
15.994000,0.490130,0.489166,-0.000050,0.000790,0.485644,0.481745
15.996000,0.490130,0.489158,-0.000050,0.000788,0.485928,0.482072
15.998000,0.490130,0.489151,-0.000050,0.000787,0.486212,0.482399
16.000000,0.490130,0.489144,-0.000050,0.000786,0.486496,0.482725
16.002000,0.490130,0.489138,-0.000050,0.000785,0.486779,0.483051
16.004000,0.490130,0.489131,-0.000050,0.000784,0.487062,0.483376
16.006000,0.490130,0.489125,-0.000050,0.000782,0.487344,0.483699
16.008000,0.490130,0.489119,-0.000050,0.000781,0.487626,0.484022
16.010000,0.490130,0.489113,-0.000050,0.000780,0.487907,0.484344
16.012000,0.490130,0.489108,-0.000050,0.000779,0.488189,0.484666
16.014000,0.490130,0.489102,-0.000050,0.000778,0.488469,0.484987
16.016000,0.490130,0.489098,-0.000050,0.000777,0.488749,0.485307
16.018000,0.490130,0.489093,-0.000050,0.000775,0.489029,0.485625
16.020000,0.490130,0.489088,-0.000050,0.000774,0.489307,0.485942
16.022000,0.490130,0.489084,-0.000050,0.000773,0.489586,0.486258
16.024000,0.490130,0.489080,-0.000050,0.000773,0.489863,0.486573
16.026000,0.490130,0.489076,-0.000050,0.000772,0.490140,0.486887
16.028000,0.490130,0.489072,-0.000050,0.000771,0.490416,0.487200
16.030000,0.490130,0.489068,-0.000050,0.000771,0.490691,0.487512
16.032000,0.490130,0.489064,-0.000050,0.000770,0.490966,0.487824
16.034000,0.490130,0.489061,-0.000050,0.000770,0.491240,0.488134
16.036000,0.490130,0.489057,-0.000050,0.000770,0.491513,0.488444
16.038000,0.490130,0.489053,-0.000050,0.000769,0.491786,0.488752
16.040000,0.490130,0.489050,-0.000050,0.000769,0.492058,0.489061
16.042000,0.490130,0.489046,-0.000050,0.000769,0.492329,0.489368
16.044000,0.490130,0.489042,-0.000050,0.000768,0.492599,0.489675
16.046000,0.490130,0.489038,-0.000050,0.000768,0.492869,0.489981
16.048000,0.490130,0.489034,-0.000050,0.000768,0.493138,0.490286
16.050000,0.490130,0.489029,-0.000050,0.000768,0.493406,0.490591
16.052000,0.490130,0.489025,-0.000050,0.000768,0.493674,0.490894
16.054000,0.490130,0.489020,-0.000050,0.000767,0.493941,0.491195
16.056000,0.490130,0.489015,-0.000050,0.000767,0.494207,0.491494
16.058000,0.490130,0.489010,-0.000050,0.000767,0.494472,0.491793
16.060000,0.490130,0.489005,-0.000050,0.000766,0.494737,0.492091
16.062000,0.490130,0.488999,-0.000050,0.000765,0.495001,0.492388
16.064000,0.490130,0.488994,-0.000050,0.000764,0.495264,0.492685
16.066000,0.490130,0.488988,-0.000050,0.000764,0.495527,0.492981
16.068000,0.490130,0.488982,-0.000050,0.000763,0.495789,0.493276
16.070000,0.490130,0.488976,-0.000050,0.000762,0.496050,0.493571
16.072000,0.490130,0.488970,-0.000050,0.000761,0.496310,0.493864
16.074000,0.490130,0.488964,-0.000050,0.000761,0.496570,0.494158
16.076000,0.490130,0.488958,-0.000050,0.000760,0.496829,0.494450
16.078000,0.490130,0.488953,-0.000050,0.000759,0.497088,0.494742
16.080000,0.490130,0.488947,-0.000050,0.000758,0.497345,0.495034
16.082000,0.490130,0.488941,-0.000050,0.000757,0.497602,0.495322
16.084000,0.490130,0.488935,-0.000050,0.000756,0.497859,0.495610
16.086000,0.490130,0.488930,-0.000050,0.000755,0.498114,0.495896
16.088000,0.490130,0.488924,-0.000050,0.000754,0.498369,0.496183
16.090000,0.490130,0.488919,-0.000050,0.000752,0.498624,0.496469
16.092000,0.490130,0.488914,-0.000050,0.000751,0.498877,0.496755
16.094000,0.490130,0.488908,-0.000050,0.000750,0.499130,0.497040
16.096000,0.490130,0.488903,-0.000050,0.000749,0.499383,0.497320
16.098000,0.490130,0.488899,-0.000050,0.000747,0.499634,0.497600
16.100000,0.490130,0.488894,-0.000050,0.000746,0.499885,0.497879
16.102000,0.490130,0.488889,-0.000050,0.000745,0.500135,0.498157
16.104000,0.490130,0.488884,-0.000050,0.000744,0.500385,0.498436
16.106000,0.490130,0.488879,-0.000050,0.000744,0.500634,0.498714
16.108000,0.490130,0.488875,-0.000050,0.000743,0.500882,0.498991
16.110000,0.490130,0.488870,-0.000050,0.000742,0.501130,0.499269
16.112000,0.490130,0.488866,-0.000050,0.000741,0.501377,0.499545
16.114000,0.490130,0.488861,-0.000050,0.000740,0.501623,0.499821
16.116000,0.490130,0.488857,-0.000050,0.000739,0.501869,0.500097
16.118000,0.490130,0.488853,-0.000050,0.000737,0.502114,0.500372
16.120000,0.490130,0.488849,-0.000050,0.000736,0.502358,0.500646
16.122000,0.490130,0.488845,-0.000050,0.000735,0.502602,0.500919
16.124000,0.490130,0.488842,-0.000050,0.000734,0.502845,0.501192
16.126000,0.490130,0.488839,-0.000050,0.000733,0.503087,0.501463
16.128000,0.490130,0.488835,-0.000050,0.000732,0.503329,0.501733
16.130000,0.490130,0.488832,-0.000050,0.000731,0.503570,0.502003
16.132000,0.490130,0.488829,-0.000050,0.000730,0.503810,0.502272
16.134000,0.490130,0.488826,-0.000050,0.000729,0.504050,0.502541
16.136000,0.490130,0.488824,-0.000050,0.000728,0.504289,0.502808
16.138000,0.490130,0.488821,-0.000050,0.000726,0.504528,0.503075
16.140000,0.490130,0.488818,-0.000050,0.000725,0.504766,0.503341
16.142000,0.490130,0.488816,-0.000050,0.000724,0.505003,0.503606
16.144000,0.490130,0.488813,-0.000050,0.000723,0.505239,0.503871
16.146000,0.490130,0.488811,-0.000050,0.000722,0.505475,0.504135
16.148000,0.490130,0.488809,-0.000050,0.000720,0.505711,0.504398
16.150000,0.490130,0.488806,-0.000050,0.000719,0.505945,0.504660
16.152000,0.490130,0.488804,-0.000050,0.000718,0.506180,0.504922
16.154000,0.490130,0.488802,-0.000050,0.000717,0.506413,0.505182
16.156000,0.490130,0.488800,-0.000050,0.000716,0.506646,0.505442
16.158000,0.490130,0.488798,-0.000050,0.000715,0.506878,0.505700
16.160000,0.490130,0.488795,-0.000050,0.000714,0.507110,0.505958
16.162000,0.490130,0.488793,-0.000050,0.000713,0.507341,0.506215
16.164000,0.490130,0.488791,-0.000050,0.000712,0.507571,0.506471
16.166000,0.490130,0.488789,-0.000050,0.000711,0.507801,0.506726
16.168000,0.490130,0.488788,-0.000050,0.000710,0.508030,0.506981
16.170000,0.490130,0.488786,-0.000050,0.000709,0.508259,0.507235
16.172000,0.490130,0.488784,-0.000050,0.000709,0.508486,0.507489
16.174000,0.490130,0.488782,-0.000050,0.000708,0.508714,0.507741
16.176000,0.490130,0.488780,-0.000050,0.000707,0.508941,0.507993
16.178000,0.490130,0.488779,-0.000050,0.000707,0.509167,0.508244
16.180000,0.490130,0.488777,-0.000050,0.000706,0.509392,0.508494
16.182000,0.490130,0.488775,-0.000050,0.000705,0.509617,0.508744
16.184000,0.490130,0.488774,-0.000050,0.000705,0.509841,0.508993
16.186000,0.490130,0.488772,-0.000050,0.000705,0.510065,0.509241
16.188000,0.490130,0.488770,-0.000050,0.000704,0.510288,0.509489
16.190000,0.490130,0.488769,-0.000050,0.000704,0.510511,0.509735
16.192000,0.490130,0.488767,-0.000050,0.000704,0.510733,0.509979
16.194000,0.490130,0.488766,-0.000050,0.000704,0.510954,0.510223
16.196000,0.490130,0.488764,-0.000050,0.000704,0.511175,0.510467
16.198000,0.490130,0.488763,-0.000050,0.000704,0.511395,0.510711
16.200000,0.490130,0.488761,-0.000050,0.000704,0.511614,0.510953
16.202000,0.490130,0.488760,-0.000050,0.000704,0.511833,0.511196
16.204000,0.490130,0.488758,-0.000050,0.000704,0.512052,0.511438
16.206000,0.490130,0.488756,-0.000050,0.000704,0.512269,0.511679
16.208000,0.490130,0.488755,-0.000050,0.000704,0.512487,0.511920
16.210000,0.490130,0.488753,-0.000050,0.000704,0.512703,0.512160
16.212000,0.490130,0.488751,-0.000050,0.000704,0.512919,0.512400
16.214000,0.490130,0.488749,-0.000050,0.000705,0.513135,0.512639
16.216000,0.490130,0.488747,-0.000050,0.000705,0.513350,0.512877
16.218000,0.490130,0.488745,-0.000050,0.000705,0.513564,0.513116
16.220000,0.490130,0.488743,-0.000050,0.000705,0.513778,0.513353
16.222000,0.490130,0.488741,-0.000050,0.000706,0.513991,0.513590
16.224000,0.490130,0.488738,-0.000050,0.000706,0.514204,0.513822
16.226000,0.490130,0.488735,-0.000050,0.000706,0.514416,0.514052
16.228000,0.490130,0.488732,-0.000050,0.000706,0.514627,0.514283
16.230000,0.490130,0.488729,-0.000050,0.000706,0.514838,0.514513
16.232000,0.490130,0.488726,-0.000050,0.000706,0.515049,0.514742
16.234000,0.490130,0.488722,-0.000050,0.000706,0.515258,0.514972
16.236000,0.490130,0.488719,-0.000050,0.000706,0.515468,0.515201
16.238000,0.490130,0.488715,-0.000050,0.000706,0.515676,0.515429
16.240000,0.490130,0.488711,-0.000050,0.000706,0.515885,0.515657
16.242000,0.490130,0.488708,-0.000050,0.000706,0.516092,0.515885
16.244000,0.490130,0.488704,-0.000050,0.000707,0.516299,0.516113
16.246000,0.490130,0.488700,-0.000050,0.000707,0.516506,0.516340
16.248000,0.490130,0.488696,-0.000050,0.000707,0.516712,0.516566
16.250000,0.490130,0.488693,-0.000050,0.000707,0.516917,0.516792
16.252000,0.490130,0.488689,-0.000050,0.000707,0.517122,0.517017
16.254000,0.490130,0.488686,-0.000050,0.000707,0.517326,0.517242
16.256000,0.490130,0.488683,-0.000050,0.000706,0.517530,0.517466
16.258000,0.490130,0.488679,-0.000050,0.000706,0.517733,0.517690
16.260000,0.490130,0.488676,-0.000050,0.000706,0.517936,0.517913
16.262000,0.490130,0.488673,-0.000050,0.000706,0.518138,0.518135
16.264000,0.490130,0.488671,-0.000050,0.000706,0.518339,0.518357
16.266000,0.490130,0.488668,-0.000050,0.000706,0.518540,0.518578
16.268000,0.490130,0.488666,-0.000050,0.000706,0.518741,0.518799
16.270000,0.490130,0.488663,-0.000050,0.000705,0.518941,0.519018
16.272000,0.490130,0.488661,-0.000050,0.000705,0.519140,0.519238
16.274000,0.490130,0.488659,-0.000050,0.000705,0.519339,0.519456
16.276000,0.490130,0.488657,-0.000050,0.000705,0.519538,0.519674
16.278000,0.490130,0.488656,-0.000050,0.000704,0.519735,0.519892
16.280000,0.490130,0.488654,-0.000050,0.000704,0.519933,0.520109
16.282000,0.490130,0.488653,-0.000050,0.000704,0.520129,0.520325
16.284000,0.490130,0.488652,-0.000050,0.000703,0.520326,0.520541
16.286000,0.490130,0.488650,-0.000050,0.000703,0.520521,0.520756
16.288000,0.490130,0.488649,-0.000050,0.000702,0.520717,0.520970
16.290000,0.490130,0.488648,-0.000050,0.000702,0.520911,0.521184
16.292000,0.490130,0.488648,-0.000050,0.000701,0.521106,0.521397
16.294000,0.490130,0.488647,-0.000050,0.000701,0.521299,0.521609
16.296000,0.490130,0.488646,-0.000050,0.000700,0.521492,0.521821
16.298000,0.490130,0.488645,-0.000050,0.000699,0.521685,0.522032
16.300000,0.490130,0.488645,-0.000050,0.000699,0.521877,0.522243
16.302000,0.490130,0.488644,-0.000050,0.000698,0.522069,0.522453
16.304000,0.490130,0.488644,-0.000050,0.000698,0.522260,0.522662
16.306000,0.490130,0.488643,-0.000050,0.000697,0.522450,0.522871
16.308000,0.490130,0.488643,-0.000050,0.000697,0.522640,0.523079
16.310000,0.490130,0.488642,-0.000050,0.000696,0.522830,0.523287
16.312000,0.490130,0.488642,-0.000050,0.000696,0.523019,0.523493
16.314000,0.490130,0.488642,-0.000050,0.000695,0.523208,0.523699
16.316000,0.490130,0.488641,-0.000050,0.000694,0.523396,0.523904
16.318000,0.490130,0.488641,-0.000050,0.000694,0.523583,0.524109
16.320000,0.490130,0.488641,-0.000050,0.000693,0.523770,0.524313
16.322000,0.490130,0.488641,-0.000050,0.000692,0.523957,0.524517
16.324000,0.490130,0.488640,-0.000050,0.000692,0.524143,0.524720
16.326000,0.490130,0.488640,-0.000050,0.000691,0.524328,0.524922
16.328000,0.490130,0.488640,-0.000050,0.000690,0.524513,0.525124
16.330000,0.490130,0.488640,-0.000050,0.000690,0.524698,0.525325
16.332000,0.490130,0.488640,-0.000050,0.000689,0.524882,0.525526
16.334000,0.490130,0.488639,-0.000050,0.000688,0.525066,0.525726
16.336000,0.490130,0.488639,-0.000050,0.000688,0.525249,0.525926
16.338000,0.490130,0.488639,-0.000050,0.000687,0.525431,0.526125
16.340000,0.490130,0.488639,-0.000050,0.000686,0.525613,0.526324
16.342000,0.490130,0.488639,-0.000050,0.000685,0.525795,0.526522
16.344000,0.490130,0.488639,-0.000050,0.000685,0.525976,0.526719
16.346000,0.490130,0.488639,-0.000050,0.000684,0.526157,0.526916
16.348000,0.490130,0.488638,-0.000050,0.000683,0.526337,0.527112
16.350000,0.490130,0.488638,-0.000050,0.000682,0.526517,0.527308
16.352000,0.490130,0.488638,-0.000050,0.000682,0.526696,0.527502
16.354000,0.490130,0.488638,-0.000050,0.000681,0.526875,0.527697
16.356000,0.490130,0.488638,-0.000050,0.000680,0.527053,0.527890
16.358000,0.490130,0.488638,-0.000050,0.000679,0.527231,0.528083
16.360000,0.490130,0.488638,-0.000050,0.000679,0.527408,0.528276
16.362000,0.490130,0.488638,-0.000050,0.000678,0.527585,0.528468
16.364000,0.490130,0.488638,-0.000050,0.000677,0.527761,0.528659
16.366000,0.490130,0.488637,-0.000050,0.000677,0.527937,0.528849
16.368000,0.490130,0.488637,-0.000050,0.000676,0.528113,0.529039
16.370000,0.490130,0.488637,-0.000050,0.000675,0.528288,0.529228
16.372000,0.490130,0.488637,-0.000050,0.000675,0.528462,0.529416
16.374000,0.490130,0.488637,-0.000050,0.000674,0.528636,0.529604
16.376000,0.490130,0.488636,-0.000050,0.000673,0.528810,0.529792
16.378000,0.490130,0.488636,-0.000050,0.000673,0.528983,0.529979
16.380000,0.490130,0.488636,-0.000050,0.000672,0.529155,0.530165
16.382000,0.490130,0.488636,-0.000050,0.000671,0.529328,0.530351
16.384000,0.490130,0.488635,-0.000050,0.000671,0.529499,0.530536
16.386000,0.490130,0.488635,-0.000050,0.000670,0.529671,0.530721
16.388000,0.490130,0.488635,-0.000050,0.000669,0.529841,0.530905
16.390000,0.490130,0.488634,-0.000050,0.000669,0.530012,0.531089
16.392000,0.490130,0.488634,-0.000050,0.000668,0.530182,0.531273
16.394000,0.490130,0.488634,-0.000050,0.000667,0.530351,0.531456
16.396000,0.490130,0.488633,-0.000050,0.000667,0.530520,0.531638
16.398000,0.490130,0.488633,-0.000050,0.000666,0.530689,0.531820
16.400000,0.490130,0.488632,-0.000050,0.000666,0.530857,0.532002
16.402000,0.490130,0.488632,-0.000050,0.000665,0.531024,0.532183
16.404000,0.490130,0.488631,-0.000050,0.000665,0.531192,0.532363
16.406000,0.490130,0.488631,-0.000050,0.000664,0.531358,0.532543
16.408000,0.490130,0.488630,-0.000050,0.000664,0.531525,0.532723
16.410000,0.490130,0.488630,-0.000050,0.000663,0.531690,0.532902
16.412000,0.490130,0.488629,-0.000050,0.000663,0.531856,0.533080
16.414000,0.490130,0.488629,-0.000050,0.000662,0.532021,0.533259
16.416000,0.490130,0.488628,-0.000050,0.000662,0.532185,0.533436
16.418000,0.490130,0.488628,-0.000050,0.000661,0.532349,0.533614
16.420000,0.490130,0.488627,-0.000050,0.000661,0.532513,0.533791
16.422000,0.490130,0.488627,-0.000050,0.000660,0.532676,0.533967
16.424000,0.490130,0.488626,-0.000050,0.000660,0.532839,0.534143
16.426000,0.490130,0.488625,-0.000050,0.000660,0.533001,0.534318
16.428000,0.490130,0.488625,-0.000050,0.000659,0.533163,0.534493
16.430000,0.490130,0.488624,-0.000050,0.000659,0.533325,0.534668
16.432000,0.490130,0.488624,-0.000050,0.000659,0.533486,0.534842
16.434000,0.490130,0.488623,-0.000050,0.000658,0.533647,0.535016
16.436000,0.490130,0.488623,-0.000050,0.000658,0.533807,0.535189
16.438000,0.490130,0.488622,-0.000050,0.000658,0.533967,0.535361
16.440000,0.490130,0.488621,-0.000050,0.000658,0.534126,0.535533
16.442000,0.490130,0.488621,-0.000050,0.000657,0.534285,0.535704
16.444000,0.490130,0.488620,-0.000050,0.000657,0.534443,0.535875
16.446000,0.490130,0.488620,-0.000050,0.000657,0.534601,0.536046
16.448000,0.490130,0.488619,-0.000050,0.000657,0.534759,0.536216
16.450000,0.490130,0.488619,-0.000050,0.000657,0.534916,0.536385
16.452000,0.490130,0.488618,-0.000050,0.000657,0.535073,0.536554
16.454000,0.490130,0.488617,-0.000050,0.000657,0.535229,0.536723
16.456000,0.490130,0.488617,-0.000050,0.000657,0.535385,0.536891
16.458000,0.490130,0.488616,-0.000050,0.000657,0.535541,0.537059
16.460000,0.490130,0.488616,-0.000050,0.000657,0.535696,0.537226
16.462000,0.490130,0.488615,-0.000050,0.000657,0.535851,0.537393
16.464000,0.490130,0.488615,-0.000050,0.000657,0.536005,0.537560
16.466000,0.490130,0.488614,-0.000050,0.000657,0.536159,0.537726
16.468000,0.490130,0.488614,-0.000050,0.000657,0.536313,0.537892
16.470000,0.490130,0.488613,-0.000050,0.000658,0.536466,0.538057
16.472000,0.490130,0.488612,-0.000050,0.000658,0.536618,0.538222
16.474000,0.490130,0.488612,-0.000050,0.000658,0.536771,0.538386
16.476000,0.490130,0.488611,-0.000050,0.000658,0.536923,0.538550
16.478000,0.490130,0.488611,-0.000050,0.000659,0.537074,0.538714
16.480000,0.490130,0.488611,-0.000050,0.000659,0.537225,0.538877
16.482000,0.490130,0.488610,-0.000050,0.000659,0.537376,0.539039
16.484000,0.490130,0.488610,-0.000050,0.000659,0.537526,0.539202
16.486000,0.490130,0.488609,-0.000050,0.000660,0.537676,0.539363
16.488000,0.490130,0.488609,-0.000050,0.000660,0.537825,0.539524
16.490000,0.490130,0.488608,-0.000050,0.000661,0.537974,0.539685
16.492000,0.490130,0.488608,-0.000050,0.000661,0.538123,0.539845
16.494000,0.490130,0.488608,-0.000050,0.000662,0.538271,0.540005
16.496000,0.490130,0.488608,-0.000050,0.000662,0.538419,0.540164
16.498000,0.490130,0.488607,-0.000050,0.000663,0.538567,0.540323
16.500000,0.490130,0.488607,-0.000050,0.000663,0.538714,0.540481
16.502000,0.490130,0.488607,-0.000050,0.000664,0.538860,0.540639
16.504000,0.490130,0.488606,-0.000050,0.000665,0.539007,0.540797
16.506000,0.490130,0.488606,-0.000050,0.000665,0.539152,0.540954
16.508000,0.490130,0.488606,-0.000050,0.000666,0.539298,0.541110
16.510000,0.490130,0.488606,-0.000050,0.000667,0.539443,0.541266
16.512000,0.490130,0.488606,-0.000050,0.000668,0.539588,0.541422
16.514000,0.490130,0.488606,-0.000050,0.000668,0.539732,0.541577
16.516000,0.490130,0.488605,-0.000050,0.000669,0.539876,0.541732
16.518000,0.490130,0.488605,-0.000050,0.000670,0.540020,0.541886
16.520000,0.490130,0.488605,-0.000050,0.000671,0.540163,0.542040
16.522000,0.490130,0.488605,-0.000050,0.000672,0.540306,0.542193
16.524000,0.490130,0.488605,-0.000050,0.000673,0.540448,0.542346
16.526000,0.490130,0.488605,-0.000050,0.000674,0.540590,0.542498
16.528000,0.490130,0.488605,-0.000050,0.000675,0.540732,0.542650
16.530000,0.490130,0.488605,-0.000050,0.000676,0.540873,0.542802
16.532000,0.490130,0.488605,-0.000050,0.000677,0.541014,0.542953
16.534000,0.490130,0.488605,-0.000050,0.000678,0.541155,0.543103
16.536000,0.490130,0.488605,-0.000050,0.000679,0.541295,0.543254
16.538000,0.490130,0.488605,-0.000050,0.000680,0.541435,0.543404
16.540000,0.490130,0.488605,-0.000050,0.000681,0.541574,0.543553
16.542000,0.490130,0.488605,-0.000050,0.000683,0.541713,0.543702
16.544000,0.490130,0.488605,-0.000050,0.000684,0.541852,0.543851
16.546000,0.490130,0.488604,-0.000050,0.000685,0.541990,0.543999
16.548000,0.490130,0.488604,-0.000050,0.000686,0.542128,0.544146
16.550000,0.490130,0.488604,-0.000050,0.000687,0.542266,0.544294
16.552000,0.490130,0.488604,-0.000050,0.000689,0.542403,0.544441
16.554000,0.490130,0.488603,-0.000050,0.000690,0.542540,0.544587
16.556000,0.490130,0.488603,-0.000050,0.000691,0.542676,0.544733
16.558000,0.490130,0.488603,-0.000050,0.000692,0.542812,0.544879
16.560000,0.490130,0.488602,-0.000050,0.000693,0.542948,0.545024
16.562000,0.490130,0.488601,-0.000050,0.000694,0.543083,0.545169
16.564000,0.490130,0.488601,-0.000050,0.000695,0.543218,0.545313
16.566000,0.490130,0.488600,-0.000050,0.000697,0.543353,0.545458
16.568000,0.490130,0.488599,-0.000050,0.000698,0.543487,0.545601
16.570000,0.490130,0.488599,-0.000050,0.000699,0.543621,0.545745
16.572000,0.490130,0.488598,-0.000050,0.000700,0.543755,0.545888
16.574000,0.490130,0.488597,-0.000050,0.000701,0.543888,0.546030
16.576000,0.490130,0.488596,-0.000050,0.000702,0.544021,0.546173
16.578000,0.490130,0.488595,-0.000050,0.000704,0.544154,0.546314
16.580000,0.490130,0.488594,-0.000050,0.000705,0.544286,0.546456
16.582000,0.490130,0.488593,-0.000050,0.000706,0.544418,0.546597
16.584000,0.490130,0.488592,-0.000050,0.000707,0.544549,0.546738
16.586000,0.490130,0.488591,-0.000050,0.000708,0.544680,0.546878
16.588000,0.490130,0.488590,-0.000050,0.000709,0.544811,0.547018
16.590000,0.490130,0.488589,-0.000050,0.000710,0.544941,0.547158
16.592000,0.490130,0.488588,-0.000050,0.000712,0.545071,0.547297
16.594000,0.490130,0.488587,-0.000050,0.000713,0.545201,0.547436
16.596000,0.490130,0.488586,-0.000050,0.000714,0.545331,0.547574
16.598000,0.490130,0.488584,-0.000050,0.000715,0.545460,0.547712
16.600000,0.490130,0.488583,-0.000050,0.000716,0.545588,0.547850
16.602000,0.490130,0.488582,-0.000050,0.000717,0.545717,0.547987
16.604000,0.490130,0.488581,-0.000050,0.000718,0.545845,0.548124
16.606000,0.490130,0.488580,-0.000050,0.000719,0.545972,0.548261
16.608000,0.490130,0.488578,-0.000050,0.000721,0.546100,0.548397
16.610000,0.490130,0.488577,-0.000050,0.000722,0.546227,0.548533
16.612000,0.490130,0.488576,-0.000050,0.000723,0.546353,0.548669
16.614000,0.490130,0.488574,-0.000050,0.000724,0.546480,0.548804
16.616000,0.490130,0.488573,-0.000050,0.000725,0.546605,0.548939
16.618000,0.490130,0.488572,-0.000050,0.000726,0.546731,0.549073
16.620000,0.490130,0.488571,-0.000050,0.000727,0.546856,0.549207
16.622000,0.490130,0.488569,-0.000050,0.000728,0.546981,0.549341
16.624000,0.490130,0.488568,-0.000050,0.000729,0.547106,0.549474
16.626000,0.490130,0.488567,-0.000050,0.000730,0.547230,0.549608
16.628000,0.490130,0.488565,-0.000050,0.000731,0.547354,0.549740
16.630000,0.490130,0.488564,-0.000050,0.000732,0.547478,0.549872
16.632000,0.490130,0.488563,-0.000050,0.000733,0.547601,0.550004
16.634000,0.490130,0.488561,-0.000050,0.000734,0.547724,0.550136
16.636000,0.490130,0.488560,-0.000050,0.000735,0.547847,0.550267
16.638000,0.490130,0.488559,-0.000050,0.000736,0.547969,0.550398
16.640000,0.490130,0.488557,-0.000050,0.000737,0.548091,0.550529
16.642000,0.490130,0.488556,-0.000050,0.000737,0.548213,0.550659
16.644000,0.490130,0.488555,-0.000050,0.000738,0.548334,0.550789
16.646000,0.490130,0.488553,-0.000050,0.000739,0.548455,0.550918
16.648000,0.490130,0.488552,-0.000050,0.000740,0.548576,0.551048
16.650000,0.490130,0.488551,-0.000050,0.000741,0.548696,0.551177
16.652000,0.490130,0.488549,-0.000050,0.000742,0.548816,0.551305
16.654000,0.490130,0.488548,-0.000050,0.000742,0.548936,0.551433
16.656000,0.490130,0.488547,-0.000050,0.000743,0.549055,0.551561
16.658000,0.490130,0.488546,-0.000050,0.000744,0.549175,0.551689
16.660000,0.490130,0.488544,-0.000050,0.000745,0.549293,0.551816
16.662000,0.490130,0.488543,-0.000050,0.000745,0.549412,0.551943
16.664000,0.490130,0.488542,-0.000050,0.000746,0.549530,0.552069
16.666000,0.490130,0.488541,-0.000050,0.000747,0.549648,0.552196
16.668000,0.490130,0.488539,-0.000050,0.000747,0.549765,0.552322
16.670000,0.490130,0.488538,-0.000050,0.000748,0.549882,0.552447
16.672000,0.490130,0.488537,-0.000050,0.000748,0.549999,0.552572
16.674000,0.490130,0.488536,-0.000050,0.000749,0.550116,0.552697
16.676000,0.490130,0.488535,-0.000050,0.000750,0.550232,0.552822
16.678000,0.490130,0.488534,-0.000050,0.000750,0.550348,0.552946
16.680000,0.490130,0.488532,-0.000050,0.000751,0.550464,0.553070
16.682000,0.490130,0.488531,-0.000050,0.000751,0.550579,0.553194
16.684000,0.490130,0.488530,-0.000050,0.000752,0.550694,0.553317
16.686000,0.490130,0.488529,-0.000050,0.000752,0.550809,0.553440
16.688000,0.490130,0.488528,-0.000050,0.000752,0.550923,0.553563
16.690000,0.490130,0.488527,-0.000050,0.000753,0.551037,0.553685
16.692000,0.490130,0.488526,-0.000050,0.000753,0.551151,0.553807
16.694000,0.490130,0.488525,-0.000050,0.000754,0.551265,0.553929
16.696000,0.490130,0.488524,-0.000050,0.000754,0.551378,0.554050
16.698000,0.490130,0.488523,-0.000050,0.000754,0.551491,0.554171
16.700000,0.490130,0.488522,-0.000050,0.000755,0.551603,0.554292
16.702000,0.490130,0.488521,-0.000050,0.000755,0.551716,0.554412
16.704000,0.490130,0.488520,-0.000050,0.000755,0.551828,0.554532
16.706000,0.490130,0.488520,-0.000050,0.000755,0.551939,0.554651
16.708000,0.490130,0.488519,-0.000050,0.000756,0.552051,0.554771
16.710000,0.490130,0.488518,-0.000050,0.000756,0.552162,0.554889
16.712000,0.490130,0.488517,-0.000050,0.000756,0.552273,0.555008
16.714000,0.490130,0.488516,-0.000050,0.000756,0.552383,0.555126
16.716000,0.490130,0.488515,-0.000050,0.000756,0.552493,0.555244
16.718000,0.490130,0.488514,-0.000050,0.000756,0.552603,0.555361
16.720000,0.490130,0.488513,-0.000050,0.000756,0.552713,0.555478
16.722000,0.490130,0.488513,-0.000050,0.000756,0.552822,0.555595
16.724000,0.490130,0.488512,-0.000050,0.000756,0.552931,0.555711
16.726000,0.490130,0.488511,-0.000050,0.000756,0.553040,0.555828
16.728000,0.490130,0.488510,-0.000050,0.000756,0.553149,0.555943
16.730000,0.490130,0.488509,-0.000050,0.000756,0.553257,0.556059
16.732000,0.490130,0.488508,-0.000050,0.000756,0.553365,0.556174
16.734000,0.490130,0.488507,-0.000050,0.000756,0.553472,0.556289
16.736000,0.490130,0.488507,-0.000050,0.000756,0.553580,0.556404
16.738000,0.490130,0.488506,-0.000050,0.000756,0.553687,0.556518
16.740000,0.490130,0.488505,-0.000050,0.000756,0.553793,0.556632
16.742000,0.490130,0.488504,-0.000050,0.000756,0.553900,0.556745
16.744000,0.490130,0.488503,-0.000050,0.000756,0.554006,0.556859
16.746000,0.490130,0.488503,-0.000050,0.000755,0.554112,0.556972
16.748000,0.490130,0.488502,-0.000050,0.000755,0.554217,0.557084
16.750000,0.490130,0.488501,-0.000050,0.000755,0.554323,0.557196
16.752000,0.490130,0.488500,-0.000050,0.000755,0.554428,0.557307
16.754000,0.490130,0.488499,-0.000050,0.000755,0.554533,0.557418
16.756000,0.490130,0.488498,-0.000050,0.000754,0.554637,0.557529
16.758000,0.490130,0.488498,-0.000050,0.000754,0.554741,0.557639
16.760000,0.490130,0.488497,-0.000050,0.000754,0.554845,0.557749
16.762000,0.490130,0.488496,-0.000050,0.000754,0.554949,0.557859
16.764000,0.490130,0.488495,-0.000050,0.000754,0.555052,0.557969
16.766000,0.490130,0.488494,-0.000050,0.000753,0.555155,0.558079
16.768000,0.490130,0.488493,-0.000050,0.000753,0.555258,0.558188
16.770000,0.490130,0.488493,-0.000050,0.000753,0.555361,0.558297
16.772000,0.490130,0.488492,-0.000050,0.000753,0.555463,0.558406
16.774000,0.490130,0.488491,-0.000050,0.000752,0.555565,0.558514
16.776000,0.490130,0.488490,-0.000050,0.000752,0.555667,0.558623
16.778000,0.490130,0.488490,-0.000050,0.000752,0.555768,0.558731
16.780000,0.490130,0.488489,-0.000050,0.000751,0.555869,0.558839
16.782000,0.490130,0.488488,-0.000050,0.000751,0.555970,0.558946
16.784000,0.490130,0.488488,-0.000050,0.000751,0.556071,0.559054
16.786000,0.490130,0.488487,-0.000050,0.000750,0.556171,0.559161
16.788000,0.490130,0.488487,-0.000050,0.000750,0.556271,0.559267
16.790000,0.490130,0.488486,-0.000050,0.000749,0.556371,0.559374
16.792000,0.490130,0.488486,-0.000050,0.000749,0.556471,0.559480
16.794000,0.490130,0.488486,-0.000050,0.000748,0.556570,0.559587
16.796000,0.490130,0.488485,-0.000050,0.000748,0.556669,0.559692
16.798000,0.490130,0.488485,-0.000050,0.000748,0.556768,0.559798
16.800000,0.490130,0.488485,-0.000050,0.000747,0.556867,0.559903
16.802000,0.490130,0.488484,-0.000050,0.000747,0.556965,0.560009
16.804000,0.490130,0.488484,-0.000050,0.000746,0.557063,0.560113
16.806000,0.490130,0.488484,-0.000050,0.000746,0.557161,0.560218
16.808000,0.490130,0.488484,-0.000050,0.000745,0.557258,0.560322
16.810000,0.490130,0.488484,-0.000050,0.000745,0.557355,0.560427
16.812000,0.490130,0.488484,-0.000050,0.000744,0.557452,0.560530
16.814000,0.490130,0.488484,-0.000050,0.000743,0.557549,0.560634
16.816000,0.490130,0.488484,-0.000050,0.000743,0.557645,0.560737
16.818000,0.490130,0.488484,-0.000050,0.000742,0.557741,0.560841
16.820000,0.490130,0.488484,-0.000050,0.000742,0.557837,0.560943
16.822000,0.490130,0.488484,-0.000050,0.000741,0.557933,0.561046
16.824000,0.490130,0.488484,-0.000050,0.000741,0.558028,0.561148
16.826000,0.490130,0.488485,-0.000050,0.000740,0.558124,0.561250
16.828000,0.490130,0.488485,-0.000050,0.000739,0.558219,0.561352
16.830000,0.490130,0.488485,-0.000050,0.000739,0.558313,0.561453
16.832000,0.490130,0.488486,-0.000050,0.000738,0.558408,0.561554
16.834000,0.490130,0.488486,-0.000050,0.000738,0.558502,0.561655
16.836000,0.490130,0.488486,-0.000050,0.000737,0.558596,0.561756
16.838000,0.490130,0.488487,-0.000050,0.000736,0.558689,0.561856
16.840000,0.490130,0.488487,-0.000050,0.000736,0.558783,0.561956
16.842000,0.490130,0.488487,-0.000050,0.000735,0.558876,0.562056
16.844000,0.490130,0.488488,-0.000050,0.000734,0.558969,0.562156
16.846000,0.490130,0.488488,-0.000050,0.000734,0.559061,0.562255
16.848000,0.490130,0.488489,-0.000050,0.000733,0.559154,0.562354
16.850000,0.490130,0.488489,-0.000050,0.000733,0.559246,0.562453
16.852000,0.490130,0.488490,-0.000050,0.000732,0.559338,0.562551
16.854000,0.490130,0.488490,-0.000050,0.000731,0.559429,0.562650
16.856000,0.490130,0.488491,-0.000050,0.000730,0.559521,0.562748
16.858000,0.490130,0.488492,-0.000050,0.000730,0.559612,0.562845
16.860000,0.490130,0.488492,-0.000050,0.000729,0.559703,0.562943
16.862000,0.490130,0.488493,-0.000050,0.000728,0.559794,0.563040
16.864000,0.490130,0.488493,-0.000050,0.000728,0.559884,0.563137
16.866000,0.490130,0.488494,-0.000050,0.000727,0.559974,0.563234
16.868000,0.490130,0.488495,-0.000050,0.000726,0.560064,0.563330
16.870000,0.490130,0.488495,-0.000050,0.000726,0.560154,0.563426
16.872000,0.490130,0.488496,-0.000050,0.000725,0.560244,0.563522
16.874000,0.490130,0.488496,-0.000050,0.000724,0.560333,0.563618
16.876000,0.490130,0.488497,-0.000050,0.000723,0.560422,0.563713
16.878000,0.490130,0.488498,-0.000050,0.000723,0.560511,0.563808
16.880000,0.490130,0.488498,-0.000050,0.000722,0.560599,0.563903
16.882000,0.490130,0.488499,-0.000050,0.000721,0.560687,0.563997
16.884000,0.490130,0.488500,-0.000050,0.000721,0.560775,0.564092
16.886000,0.490130,0.488500,-0.000050,0.000720,0.560863,0.564186
16.888000,0.490130,0.488501,-0.000050,0.000719,0.560951,0.564280
16.890000,0.490130,0.488502,-0.000050,0.000718,0.561038,0.564373
16.892000,0.490130,0.488502,-0.000050,0.000718,0.561125,0.564466
16.894000,0.490130,0.488503,-0.000050,0.000717,0.561212,0.564559
16.896000,0.490130,0.488504,-0.000050,0.000716,0.561299,0.564652
16.898000,0.490130,0.488504,-0.000050,0.000716,0.561385,0.564745
16.900000,0.490130,0.488505,-0.000050,0.000715,0.561472,0.564837
16.902000,0.490130,0.488505,-0.000050,0.000714,0.561558,0.564929
16.904000,0.490130,0.488506,-0.000050,0.000714,0.561643,0.565020
16.906000,0.490130,0.488507,-0.000050,0.000713,0.561729,0.565112
16.908000,0.490130,0.488507,-0.000050,0.000712,0.561814,0.565203
16.910000,0.490130,0.488508,-0.000050,0.000712,0.561899,0.565294
16.912000,0.490130,0.488509,-0.000050,0.000711,0.561984,0.565385
16.914000,0.490130,0.488509,-0.000050,0.000710,0.562069,0.565475
16.916000,0.490130,0.488510,-0.000050,0.000710,0.562153,0.565565
16.918000,0.490130,0.488510,-0.000050,0.000709,0.562237,0.565655
16.920000,0.490130,0.488511,-0.000050,0.000708,0.562321,0.565745
16.922000,0.490130,0.488512,-0.000050,0.000708,0.562405,0.565834
16.924000,0.490130,0.488512,-0.000050,0.000707,0.562488,0.565924
16.926000,0.490130,0.488513,-0.000050,0.000706,0.562572,0.566012
16.928000,0.490130,0.488514,-0.000050,0.000706,0.562655,0.566101
16.930000,0.490130,0.488514,-0.000050,0.000705,0.562737,0.566190
16.932000,0.490130,0.488515,-0.000050,0.000704,0.562820,0.566278
16.934000,0.490130,0.488515,-0.000050,0.000704,0.562902,0.566366
16.936000,0.490130,0.488516,-0.000050,0.000703,0.562985,0.566453
16.938000,0.490130,0.488517,-0.000050,0.000702,0.563066,0.566540
16.940000,0.490130,0.488517,-0.000050,0.000702,0.563148,0.566628
16.942000,0.490130,0.488518,-0.000050,0.000701,0.563230,0.566714
16.944000,0.490130,0.488518,-0.000050,0.000701,0.563311,0.566801
16.946000,0.490130,0.488519,-0.000050,0.000700,0.563392,0.566887
16.948000,0.490130,0.488519,-0.000050,0.000699,0.563473,0.566973
16.950000,0.490130,0.488520,-0.000050,0.000699,0.563554,0.567059
16.952000,0.490130,0.488521,-0.000050,0.000698,0.563634,0.567145
16.954000,0.490130,0.488521,-0.000050,0.000698,0.563714,0.567230
16.956000,0.490130,0.488522,-0.000050,0.000697,0.563794,0.567315
16.958000,0.490130,0.488522,-0.000050,0.000696,0.563874,0.567400
16.960000,0.490130,0.488523,-0.000050,0.000696,0.563953,0.567484
16.962000,0.490130,0.488524,-0.000050,0.000695,0.564033,0.567568
16.964000,0.490130,0.488524,-0.000050,0.000695,0.564112,0.567652
16.966000,0.490130,0.488525,-0.000050,0.000694,0.564191,0.567736
16.968000,0.490130,0.488525,-0.000050,0.000693,0.564270,0.567819
16.970000,0.490130,0.488526,-0.000050,0.000693,0.564348,0.567902
16.972000,0.490130,0.488526,-0.000050,0.000692,0.564426,0.567985
16.974000,0.490130,0.488527,-0.000050,0.000692,0.564505,0.568068
16.976000,0.490130,0.488528,-0.000050,0.000691,0.564582,0.568150
16.978000,0.490130,0.488528,-0.000050,0.000691,0.564660,0.568232
16.980000,0.490130,0.488529,-0.000050,0.000690,0.564738,0.568314
16.982000,0.490130,0.488529,-0.000050,0.000690,0.564815,0.568395
16.984000,0.490130,0.488530,-0.000050,0.000689,0.564892,0.568477
16.986000,0.490130,0.488530,-0.000050,0.000689,0.564969,0.568558
16.988000,0.490130,0.488531,-0.000050,0.000688,0.565045,0.568639
16.990000,0.490130,0.488531,-0.000050,0.000688,0.565122,0.568719
16.992000,0.490130,0.488532,-0.000050,0.000687,0.565198,0.568800
16.994000,0.490130,0.488533,-0.000050,0.000687,0.565274,0.568880
16.996000,0.490130,0.488533,-0.000050,0.000686,0.565350,0.568960
16.998000,0.490130,0.488534,-0.000050,0.000686,0.565426,0.569040
17.000000,0.490130,0.488534,-0.000050,0.000685,0.565501,0.569119
17.002000,0.490130,0.488535,-0.000050,0.000685,0.565576,0.569199
17.004000,0.490130,0.488535,-0.000050,0.000684,0.565651,0.569278
17.006000,0.490130,0.488536,-0.000050,0.000684,0.565726,0.569357
17.008000,0.490130,0.488536,-0.000050,0.000683,0.565801,0.569436
17.010000,0.490130,0.488537,-0.000050,0.000683,0.565875,0.569514
17.012000,0.490130,0.488537,-0.000050,0.000682,0.565949,0.569593
17.014000,0.490130,0.488538,-0.000050,0.000682,0.566023,0.569671
17.016000,0.490130,0.488538,-0.000050,0.000681,0.566097,0.569749
17.018000,0.490130,0.488539,-0.000050,0.000681,0.566171,0.569827
17.020000,0.490130,0.488539,-0.000050,0.000680,0.566244,0.569905
17.022000,0.490130,0.488540,-0.000050,0.000680,0.566317,0.569982
17.024000,0.490130,0.488540,-0.000050,0.000679,0.566391,0.570060
17.026000,0.490130,0.488541,-0.000050,0.000679,0.566463,0.570137
17.028000,0.490130,0.488542,-0.000050,0.000678,0.566536,0.570214
17.030000,0.490130,0.488542,-0.000050,0.000678,0.566608,0.570290
17.032000,0.490130,0.488543,-0.000050,0.000678,0.566681,0.570367
17.034000,0.490130,0.488543,-0.000050,0.000677,0.566753,0.570443
17.036000,0.490130,0.488544,-0.000050,0.000677,0.566825,0.570520
17.038000,0.490130,0.488544,-0.000050,0.000676,0.566896,0.570596
17.040000,0.490130,0.488545,-0.000050,0.000676,0.566968,0.570672
17.042000,0.490130,0.488545,-0.000050,0.000675,0.567039,0.570747
17.044000,0.490130,0.488546,-0.000050,0.000675,0.567110,0.570823
17.046000,0.490130,0.488546,-0.000050,0.000674,0.567181,0.570898
17.048000,0.490130,0.488547,-0.000050,0.000674,0.567252,0.570973
17.050000,0.490130,0.488547,-0.000050,0.000674,0.567323,0.571048
17.052000,0.490130,0.488548,-0.000050,0.000673,0.567393,0.571123
17.054000,0.490130,0.488548,-0.000050,0.000673,0.567463,0.571197
17.056000,0.490130,0.488549,-0.000050,0.000672,0.567533,0.571272
17.058000,0.490130,0.488549,-0.000050,0.000672,0.567603,0.571346
17.060000,0.490130,0.488550,-0.000050,0.000671,0.567673,0.571420
17.062000,0.490130,0.488550,-0.000050,0.000671,0.567742,0.571494
17.064000,0.490130,0.488551,-0.000050,0.000671,0.567811,0.571567
17.066000,0.490130,0.488551,-0.000050,0.000670,0.567880,0.571641
17.068000,0.490130,0.488552,-0.000050,0.000670,0.567949,0.571714
17.070000,0.490130,0.488552,-0.000050,0.000669,0.568018,0.571787
17.072000,0.490130,0.488553,-0.000050,0.000669,0.568086,0.571860
17.074000,0.490130,0.488553,-0.000050,0.000669,0.568155,0.571932
17.076000,0.490130,0.488554,-0.000050,0.000668,0.568223,0.572005
17.078000,0.490130,0.488554,-0.000050,0.000668,0.568291,0.572077
17.080000,0.490130,0.488555,-0.000050,0.000667,0.568359,0.572149
17.082000,0.490130,0.488555,-0.000050,0.000667,0.568426,0.572221
17.084000,0.490130,0.488556,-0.000050,0.000667,0.568494,0.572292
17.086000,0.490130,0.488556,-0.000050,0.000666,0.568561,0.572364
17.088000,0.490130,0.488557,-0.000050,0.000666,0.568628,0.572435
17.090000,0.490130,0.488557,-0.000050,0.000666,0.568695,0.572506
17.092000,0.490130,0.488558,-0.000050,0.000665,0.568761,0.572577
17.094000,0.490130,0.488558,-0.000050,0.000665,0.568828,0.572648
17.096000,0.490130,0.488559,-0.000050,0.000664,0.568894,0.572718
17.098000,0.490130,0.488559,-0.000050,0.000664,0.568961,0.572788
17.100000,0.490130,0.488560,-0.000050,0.000664,0.569027,0.572858
17.102000,0.490130,0.488561,-0.000050,0.000663,0.569092,0.572928
17.104000,0.490130,0.488561,-0.000050,0.000663,0.569158,0.572998
17.106000,0.490130,0.488562,-0.000050,0.000663,0.569223,0.573067
17.108000,0.490130,0.488562,-0.000050,0.000662,0.569289,0.573136
17.110000,0.490130,0.488563,-0.000050,0.000662,0.569354,0.573205
17.112000,0.490130,0.488563,-0.000050,0.000662,0.569419,0.573274
17.114000,0.490130,0.488563,-0.000050,0.000661,0.569484,0.573343
17.116000,0.490130,0.488564,-0.000050,0.000661,0.569548,0.573411
17.118000,0.490130,0.488564,-0.000050,0.000661,0.569613,0.573479
17.120000,0.490130,0.488565,-0.000050,0.000660,0.569677,0.573547
17.122000,0.490130,0.488565,-0.000050,0.000660,0.569741,0.573615
17.124000,0.490130,0.488566,-0.000050,0.000660,0.569805,0.573683
17.126000,0.490130,0.488566,-0.000050,0.000659,0.569869,0.573750
17.128000,0.490130,0.488567,-0.000050,0.000659,0.569932,0.573818
17.130000,0.490130,0.488567,-0.000050,0.000659,0.569996,0.573885
17.132000,0.490130,0.488568,-0.000050,0.000658,0.570059,0.573952
17.134000,0.490130,0.488568,-0.000050,0.000658,0.570122,0.574018
17.136000,0.490130,0.488569,-0.000050,0.000658,0.570185,0.574085
17.138000,0.490130,0.488569,-0.000050,0.000658,0.570248,0.574151
17.140000,0.490130,0.488570,-0.000050,0.000657,0.570310,0.574218
17.142000,0.490130,0.488570,-0.000050,0.000657,0.570372,0.574284
17.144000,0.490130,0.488571,-0.000050,0.000657,0.570435,0.574350
17.146000,0.490130,0.488571,-0.000050,0.000656,0.570497,0.574415
17.148000,0.490130,0.488571,-0.000050,0.000656,0.570559,0.574481
17.150000,0.490130,0.488572,-0.000050,0.000656,0.570620,0.574546
17.152000,0.490130,0.488572,-0.000050,0.000655,0.570682,0.574611
17.154000,0.490130,0.488573,-0.000050,0.000655,0.570743,0.574676
17.156000,0.490130,0.488573,-0.000050,0.000655,0.570805,0.574741
17.158000,0.490130,0.488574,-0.000050,0.000655,0.570866,0.574806
17.160000,0.490130,0.488574,-0.000050,0.000654,0.570927,0.574871
17.162000,0.490130,0.488574,-0.000050,0.000654,0.570987,0.574935
17.164000,0.490130,0.488575,-0.000050,0.000654,0.571048,0.574999
17.166000,0.490130,0.488575,-0.000050,0.000653,0.571108,0.575063
17.168000,0.490130,0.488576,-0.000050,0.000653,0.571169,0.575127
17.170000,0.490130,0.488576,-0.000050,0.000653,0.571229,0.575191
17.172000,0.490130,0.488577,-0.000050,0.000653,0.571289,0.575255
17.174000,0.490130,0.488577,-0.000050,0.000652,0.571348,0.575318
17.176000,0.490130,0.488578,-0.000050,0.000652,0.571408,0.575381
17.178000,0.490130,0.488578,-0.000050,0.000652,0.571468,0.575445
17.180000,0.490130,0.488578,-0.000050,0.000652,0.571527,0.575507
17.182000,0.490130,0.488579,-0.000050,0.000651,0.571586,0.575570
17.184000,0.490130,0.488579,-0.000050,0.000651,0.571645,0.575633
17.186000,0.490130,0.488580,-0.000050,0.000651,0.571704,0.575695
17.188000,0.490130,0.488580,-0.000050,0.000651,0.571763,0.575758
17.190000,0.490130,0.488581,-0.000050,0.000650,0.571821,0.575820
17.192000,0.490130,0.488581,-0.000050,0.000650,0.571879,0.575882
17.194000,0.490130,0.488581,-0.000050,0.000650,0.571938,0.575944
17.196000,0.490130,0.488582,-0.000050,0.000649,0.571996,0.576006
17.198000,0.490130,0.488582,-0.000050,0.000649,0.572054,0.576067
17.200000,0.490130,0.488583,-0.000050,0.000649,0.572111,0.576129
17.202000,0.490130,0.488583,-0.000050,0.000649,0.572169,0.576190
17.204000,0.490130,0.488584,-0.000050,0.000648,0.572226,0.576251
17.206000,0.490130,0.488584,-0.000050,0.000648,0.572284,0.576312
17.208000,0.490130,0.488584,-0.000050,0.000648,0.572341,0.576373
17.210000,0.490130,0.488585,-0.000050,0.000648,0.572398,0.576433
17.212000,0.490130,0.488585,-0.000050,0.000647,0.572455,0.576494
17.214000,0.490130,0.488586,-0.000050,0.000647,0.572511,0.576554
17.216000,0.490130,0.488586,-0.000050,0.000647,0.572568,0.576614
17.218000,0.490130,0.488587,-0.000050,0.000647,0.572624,0.576674
17.220000,0.490130,0.488587,-0.000050,0.000646,0.572680,0.576734
17.222000,0.490130,0.488587,-0.000050,0.000646,0.572736,0.576794
17.224000,0.490130,0.488588,-0.000050,0.000646,0.572792,0.576854
17.226000,0.490130,0.488588,-0.000050,0.000646,0.572848,0.576913
17.228000,0.490130,0.488589,-0.000050,0.000646,0.572904,0.576973
17.230000,0.490130,0.488589,-0.000050,0.000645,0.572959,0.577032
17.232000,0.490130,0.488590,-0.000050,0.000645,0.573015,0.577091
17.234000,0.490130,0.488590,-0.000050,0.000645,0.573070,0.577150
17.236000,0.490130,0.488590,-0.000050,0.000645,0.573125,0.577209
17.238000,0.490130,0.488591,-0.000050,0.000644,0.573180,0.577267
17.240000,0.490130,0.488591,-0.000050,0.000644,0.573234,0.577326
17.242000,0.490130,0.488592,-0.000050,0.000644,0.573289,0.577384
17.244000,0.490130,0.488592,-0.000050,0.000644,0.573343,0.577442
17.246000,0.490130,0.488592,-0.000050,0.000643,0.573398,0.577500
17.248000,0.490130,0.488593,-0.000050,0.000643,0.573452,0.577558
17.250000,0.490130,0.488593,-0.000050,0.000643,0.573506,0.577616
17.252000,0.490130,0.488594,-0.000050,0.000643,0.573560,0.577674
17.254000,0.490130,0.488594,-0.000050,0.000643,0.573614,0.577732
17.256000,0.490130,0.488595,-0.000050,0.000642,0.573667,0.577789
17.258000,0.490130,0.488595,-0.000050,0.000642,0.573721,0.577846
17.260000,0.490130,0.488595,-0.000050,0.000642,0.573774,0.577904
17.262000,0.490130,0.488596,-0.000050,0.000642,0.573827,0.577961
17.264000,0.490130,0.488596,-0.000050,0.000641,0.573880,0.578018
17.266000,0.490130,0.488597,-0.000050,0.000641,0.573933,0.578075
17.268000,0.490130,0.488597,-0.000050,0.000641,0.573986,0.578132
17.270000,0.490130,0.488597,-0.000050,0.000641,0.574038,0.578188
17.272000,0.490130,0.488598,-0.000050,0.000641,0.574091,0.578245
17.274000,0.490130,0.488598,-0.000050,0.000640,0.574143,0.578302
17.276000,0.490130,0.488599,-0.000050,0.000640,0.574195,0.578358
17.278000,0.490130,0.488599,-0.000050,0.000640,0.574247,0.578414
17.280000,0.490130,0.488600,-0.000050,0.000640,0.574299,0.578470
17.282000,0.490130,0.488600,-0.000050,0.000639,0.574351,0.578526
17.284000,0.490130,0.488600,-0.000050,0.000639,0.574402,0.578582
17.286000,0.490130,0.488601,-0.000050,0.000639,0.574454,0.578638
17.288000,0.490130,0.488601,-0.000050,0.000639,0.574505,0.578694
17.290000,0.490130,0.488602,-0.000050,0.000639,0.574556,0.578749
17.292000,0.490130,0.488602,-0.000050,0.000638,0.574608,0.578805
17.294000,0.490130,0.488602,-0.000050,0.000638,0.574658,0.578860
17.296000,0.490130,0.488603,-0.000050,0.000638,0.574709,0.578915
17.298000,0.490130,0.488603,-0.000050,0.000638,0.574760,0.578970
17.300000,0.490130,0.488604,-0.000050,0.000638,0.574810,0.579024
17.302000,0.490130,0.488604,-0.000050,0.000637,0.574861,0.579079
17.304000,0.490130,0.488604,-0.000050,0.000637,0.574911,0.579133
17.306000,0.490130,0.488605,-0.000050,0.000637,0.574961,0.579188
17.308000,0.490130,0.488605,-0.000050,0.000637,0.575011,0.579242
17.310000,0.490130,0.488606,-0.000050,0.000637,0.575061,0.579296
17.312000,0.490130,0.488606,-0.000050,0.000636,0.575111,0.579349
17.314000,0.490130,0.488606,-0.000050,0.000636,0.575160,0.579403
17.316000,0.490130,0.488607,-0.000050,0.000636,0.575210,0.579457
17.318000,0.490130,0.488607,-0.000050,0.000636,0.575259,0.579510
17.320000,0.490130,0.488608,-0.000050,0.000636,0.575308,0.579563
17.322000,0.490130,0.488608,-0.000050,0.000635,0.575357,0.579616
17.324000,0.490130,0.488608,-0.000050,0.000635,0.575406,0.579669
17.326000,0.490130,0.488609,-0.000050,0.000635,0.575455,0.579721
17.328000,0.490130,0.488609,-0.000050,0.000635,0.575504,0.579774
17.330000,0.490130,0.488610,-0.000050,0.000635,0.575552,0.579826
17.332000,0.490130,0.488610,-0.000050,0.000635,0.575601,0.579878
17.334000,0.490130,0.488610,-0.000050,0.000634,0.575649,0.579931
17.336000,0.490130,0.488611,-0.000050,0.000634,0.575697,0.579982
17.338000,0.490130,0.488611,-0.000050,0.000634,0.575745,0.580034
17.340000,0.490130,0.488612,-0.000050,0.000634,0.575793,0.580086
17.342000,0.490130,0.488612,-0.000050,0.000634,0.575841,0.580137
17.344000,0.490130,0.488612,-0.000050,0.000634,0.575888,0.580188
17.346000,0.490130,0.488613,-0.000050,0.000633,0.575936,0.580239
17.348000,0.490130,0.488613,-0.000050,0.000633,0.575983,0.580290
17.350000,0.490130,0.488614,-0.000050,0.000633,0.576031,0.580341
17.352000,0.490130,0.488614,-0.000050,0.000633,0.576078,0.580392
17.354000,0.490130,0.488614,-0.000050,0.000633,0.576125,0.580442
17.356000,0.490130,0.488615,-0.000050,0.000633,0.576172,0.580493
17.358000,0.490130,0.488615,-0.000050,0.000632,0.576218,0.580543
17.360000,0.490130,0.488615,-0.000050,0.000632,0.576265,0.580593
17.362000,0.490130,0.488616,-0.000050,0.000632,0.576312,0.580643
17.364000,0.490130,0.488616,-0.000050,0.000632,0.576358,0.580693
17.366000,0.490130,0.488617,-0.000050,0.000632,0.576404,0.580743
17.368000,0.490130,0.488617,-0.000050,0.000632,0.576450,0.580792
17.370000,0.490130,0.488617,-0.000050,0.000632,0.576496,0.580842
17.372000,0.490130,0.488618,-0.000050,0.000632,0.576542,0.580891
17.374000,0.490130,0.488618,-0.000050,0.000631,0.576588,0.580940
17.376000,0.490130,0.488618,-0.000050,0.000631,0.576634,0.580989
17.378000,0.490130,0.488619,-0.000050,0.000631,0.576679,0.581038
17.380000,0.490130,0.488619,-0.000050,0.000631,0.576725,0.581087
17.382000,0.490130,0.488619,-0.000050,0.000631,0.576770,0.581136
17.384000,0.490130,0.488620,-0.000050,0.000631,0.576815,0.581184
17.386000,0.490130,0.488620,-0.000050,0.000631,0.576860,0.581233
17.388000,0.490130,0.488621,-0.000050,0.000630,0.576905,0.581281
17.390000,0.490130,0.488621,-0.000050,0.000630,0.576950,0.581329
17.392000,0.490130,0.488621,-0.000050,0.000630,0.576995,0.581377
17.394000,0.490130,0.488622,-0.000050,0.000630,0.577039,0.581425
17.396000,0.490130,0.488622,-0.000050,0.000630,0.577084,0.581473
17.398000,0.490130,0.488622,-0.000050,0.000630,0.577128,0.581521
17.400000,0.490130,0.488623,-0.000050,0.000630,0.577172,0.581568
17.402000,0.490130,0.488623,-0.000050,0.000630,0.577216,0.581616
17.404000,0.490130,0.488623,-0.000050,0.000629,0.577260,0.581663
17.406000,0.490130,0.488624,-0.000050,0.000629,0.577304,0.581711
17.408000,0.490130,0.488624,-0.000050,0.000629,0.577348,0.581758
17.410000,0.490130,0.488625,-0.000050,0.000629,0.577391,0.581805
17.412000,0.490130,0.488625,-0.000050,0.000629,0.577435,0.581852
17.414000,0.490130,0.488625,-0.000050,0.000629,0.577478,0.581899
17.416000,0.490130,0.488626,-0.000050,0.000629,0.577522,0.581946
17.418000,0.490130,0.488626,-0.000050,0.000629,0.577565,0.581992
17.420000,0.490130,0.488626,-0.000050,0.000629,0.577608,0.582039
17.422000,0.490130,0.488627,-0.000050,0.000628,0.577651,0.582085
17.424000,0.490130,0.488627,-0.000050,0.000628,0.577693,0.582132
17.426000,0.490130,0.488627,-0.000050,0.000628,0.577736,0.582178
17.428000,0.490130,0.488628,-0.000050,0.000628,0.577779,0.582224
17.430000,0.490130,0.488628,-0.000050,0.000628,0.577821,0.582270
17.432000,0.490130,0.488628,-0.000050,0.000628,0.577864,0.582316
17.434000,0.490130,0.488629,-0.000050,0.000628,0.577906,0.582362
17.436000,0.490130,0.488629,-0.000050,0.000628,0.577948,0.582407
17.438000,0.490130,0.488629,-0.000050,0.000628,0.577990,0.582453
17.440000,0.490130,0.488630,-0.000050,0.000627,0.578032,0.582498
17.442000,0.490130,0.488630,-0.000050,0.000627,0.578074,0.582543
17.444000,0.490130,0.488631,-0.000050,0.000627,0.578115,0.582588
17.446000,0.490130,0.488631,-0.000050,0.000627,0.578157,0.582633
17.448000,0.490130,0.488631,-0.000050,0.000627,0.578198,0.582678
17.450000,0.490130,0.488632,-0.000050,0.000627,0.578240,0.582722
17.452000,0.490130,0.488632,-0.000050,0.000627,0.578281,0.582767
17.454000,0.490130,0.488632,-0.000050,0.000627,0.578322,0.582811
17.456000,0.490130,0.488633,-0.000050,0.000627,0.578363,0.582856
17.458000,0.490130,0.488633,-0.000050,0.000627,0.578404,0.582900
17.460000,0.490130,0.488633,-0.000050,0.000627,0.578445,0.582944
17.462000,0.490130,0.488634,-0.000050,0.000626,0.578486,0.582988
17.464000,0.490130,0.488634,-0.000050,0.000626,0.578526,0.583031
17.466000,0.490130,0.488634,-0.000050,0.000626,0.578567,0.583075
17.468000,0.490130,0.488635,-0.000050,0.000626,0.578607,0.583119
17.470000,0.490130,0.488635,-0.000050,0.000626,0.578647,0.583162
17.472000,0.490130,0.488635,-0.000050,0.000626,0.578687,0.583205
17.474000,0.490130,0.488636,-0.000050,0.000626,0.578727,0.583248
17.476000,0.490130,0.488636,-0.000050,0.000626,0.578767,0.583291
17.478000,0.490130,0.488636,-0.000050,0.000626,0.578807,0.583334
17.480000,0.490130,0.488637,-0.000050,0.000626,0.578847,0.583377
17.482000,0.490130,0.488637,-0.000050,0.000626,0.578887,0.583419
17.484000,0.490130,0.488637,-0.000050,0.000626,0.578926,0.583462
17.486000,0.490130,0.488638,-0.000050,0.000626,0.578966,0.583504
17.488000,0.490122,0.488638,-0.000050,0.000625,0.579003,0.583546
17.490000,0.490098,0.488639,-0.000050,0.000625,0.579036,0.583588
17.492000,0.490058,0.488639,-0.000050,0.000625,0.579065,0.583630
17.494000,0.490002,0.488638,-0.000050,0.000625,0.579090,0.583670
17.496000,0.489930,0.488635,-0.000050,0.000625,0.579111,0.583709
17.498000,0.489842,0.488630,-0.000050,0.000625,0.579128,0.583747
17.500000,0.489738,0.488621,-0.000050,0.000625,0.579141,0.583784
17.502000,0.489618,0.488609,-0.000050,0.000625,0.579149,0.583819
17.504000,0.489482,0.488592,-0.000050,0.000625,0.579154,0.583852
17.506000,0.489330,0.488571,-0.000050,0.000625,0.579154,0.583883
17.508000,0.489162,0.488543,-0.000050,0.000625,0.579150,0.583912
17.510000,0.488978,0.488510,-0.000050,0.000625,0.579142,0.583939
17.512000,0.488778,0.488470,-0.000050,0.000625,0.579131,0.583965
17.514000,0.488562,0.488423,-0.000050,0.000625,0.579115,0.583988
17.516000,0.488330,0.488368,-0.000050,0.000624,0.579094,0.584009
17.518000,0.488082,0.488304,-0.000050,0.000624,0.579070,0.584028
17.520000,0.487818,0.488232,-0.000050,0.000625,0.579042,0.584045
17.522000,0.487538,0.488150,-0.000051,0.000625,0.579010,0.584060
17.524000,0.487242,0.488058,-0.000051,0.000625,0.578974,0.584073
17.526000,0.486930,0.487957,-0.000051,0.000624,0.578933,0.584083
17.528000,0.486602,0.487845,-0.000051,0.000624,0.578889,0.584092
17.530000,0.486258,0.487723,-0.000051,0.000624,0.578841,0.584098
17.532000,0.485898,0.487590,-0.000051,0.000624,0.578788,0.584101
17.534000,0.485522,0.487447,-0.000051,0.000623,0.578732,0.584101
17.536000,0.485130,0.487293,-0.000051,0.000623,0.578672,0.584098
17.538000,0.484722,0.487127,-0.000051,0.000623,0.578607,0.584092
17.540000,0.484298,0.486951,-0.000051,0.000622,0.578539,0.584075
17.542000,0.483858,0.486763,-0.000051,0.000622,0.578467,0.584056
17.544000,0.483402,0.486564,-0.000051,0.000621,0.578391,0.584035
17.546000,0.482930,0.486353,-0.000051,0.000620,0.578312,0.584011
17.548000,0.482442,0.486129,-0.000051,0.000619,0.578228,0.583986
17.550000,0.481938,0.485894,-0.000051,0.000618,0.578140,0.583958
17.552000,0.481418,0.485647,-0.000051,0.000617,0.578049,0.583927
17.554000,0.480882,0.485387,-0.000051,0.000616,0.577954,0.583891
17.556000,0.480330,0.485116,-0.000051,0.000615,0.577855,0.583852
17.558000,0.479762,0.484832,-0.000051,0.000615,0.577752,0.583807
17.560000,0.479178,0.484535,-0.000051,0.000614,0.577646,0.583760
17.562000,0.478578,0.484225,-0.000051,0.000614,0.577536,0.583707
17.564000,0.477962,0.483903,-0.000051,0.000614,0.577422,0.583652
17.566000,0.477330,0.483568,-0.000051,0.000614,0.577304,0.583594
17.568000,0.476682,0.483220,-0.000051,0.000615,0.577183,0.583534
17.570000,0.476018,0.482859,-0.000051,0.000615,0.577058,0.583472
17.572000,0.475338,0.482486,-0.000051,0.000615,0.576929,0.583408
17.574000,0.474642,0.482099,-0.000051,0.000615,0.576797,0.583342
17.576000,0.473930,0.481699,-0.000051,0.000615,0.576661,0.583275
17.578000,0.473202,0.481285,-0.000051,0.000615,0.576521,0.583206
17.580000,0.472458,0.480859,-0.000051,0.000615,0.576378,0.583135
17.582000,0.471698,0.480419,-0.000051,0.000615,0.576231,0.583062
17.584000,0.470922,0.479966,-0.000051,0.000615,0.576081,0.582987
17.586000,0.470130,0.479500,-0.000051,0.000616,0.575928,0.582901
17.588000,0.469322,0.479020,-0.000051,0.000616,0.575770,0.582809
17.590000,0.468498,0.478527,-0.000051,0.000616,0.575610,0.582716
17.592000,0.467658,0.478021,-0.000051,0.000617,0.575445,0.582621
17.594000,0.466802,0.477501,-0.000051,0.000617,0.575278,0.582526
17.596000,0.465930,0.476968,-0.000051,0.000617,0.575107,0.582429
17.598000,0.465042,0.476420,-0.000051,0.000618,0.574932,0.582331
17.600000,0.464138,0.475859,-0.000051,0.000618,0.574754,0.582229
17.602000,0.463218,0.475285,-0.000050,0.000619,0.574573,0.582124
17.604000,0.462282,0.474696,-0.000050,0.000619,0.574388,0.582016
17.606000,0.461330,0.474094,-0.000050,0.000620,0.574200,0.581905
17.608000,0.460362,0.473477,-0.000050,0.000620,0.574009,0.581792
17.610000,0.459378,0.472847,-0.000050,0.000620,0.573814,0.581676
17.612000,0.458378,0.472202,-0.000050,0.000621,0.573616,0.581559
17.614000,0.457362,0.471544,-0.000050,0.000620,0.573415,0.581431
17.616000,0.456330,0.470871,-0.000050,0.000621,0.573210,0.581299
17.618000,0.455282,0.470183,-0.000050,0.000621,0.573003,0.581166
17.620000,0.454218,0.469481,-0.000050,0.000622,0.572792,0.581028
17.622000,0.453138,0.468764,-0.000050,0.000622,0.572578,0.580889
17.624000,0.452042,0.468033,-0.000050,0.000622,0.572360,0.580750
17.626000,0.450930,0.467286,-0.000050,0.000622,0.572140,0.580611
17.628000,0.449802,0.466525,-0.000050,0.000621,0.571916,0.580472
17.630000,0.448658,0.465749,-0.000050,0.000622,0.571689,0.580316
17.632000,0.447498,0.464958,-0.000049,0.000622,0.571459,0.580156
17.634000,0.446322,0.464152,-0.000049,0.000624,0.571226,0.579995
17.636000,0.445130,0.463331,-0.000049,0.000625,0.570990,0.579836
17.638000,0.443922,0.462494,-0.000049,0.000626,0.570750,0.579676
17.640000,0.442698,0.461643,-0.000049,0.000626,0.570508,0.579515
17.642000,0.441458,0.460776,-0.000049,0.000627,0.570263,0.579352
17.644000,0.440202,0.459894,-0.000049,0.000628,0.570015,0.579189
17.646000,0.438930,0.458997,-0.000049,0.000629,0.569763,0.579027
17.648000,0.437642,0.458084,-0.000049,0.000630,0.569509,0.578864
17.650000,0.436338,0.457156,-0.000049,0.000630,0.569252,0.578685
17.652000,0.435018,0.456212,-0.000049,0.000630,0.568992,0.578502
17.654000,0.433682,0.455254,-0.000048,0.000631,0.568728,0.578317
17.656000,0.432330,0.454279,-0.000048,0.000631,0.568462,0.578122
17.658000,0.430962,0.453290,-0.000048,0.000631,0.568194,0.577925
17.660000,0.429578,0.452284,-0.000048,0.000629,0.567922,0.577729
17.662000,0.428178,0.451263,-0.000048,0.000629,0.567647,0.577522
17.664000,0.426762,0.450226,-0.000048,0.000629,0.567370,0.577301
17.666000,0.425330,0.449173,-0.000048,0.000628,0.567090,0.577078
17.668000,0.423882,0.448105,-0.000047,0.000630,0.566807,0.576858
17.670000,0.422418,0.447021,-0.000047,0.000630,0.566521,0.576638
17.672000,0.420938,0.445921,-0.000047,0.000631,0.566233,0.576420
17.674000,0.419442,0.444805,-0.000047,0.000632,0.565941,0.576205
17.676000,0.417930,0.443673,-0.000047,0.000632,0.565648,0.575993
17.678000,0.416402,0.442525,-0.000047,0.000632,0.565351,0.575766
17.680000,0.414858,0.441362,-0.000047,0.000632,0.565052,0.575532
17.682000,0.413298,0.440182,-0.000046,0.000633,0.564750,0.575298
17.684000,0.411722,0.438987,-0.000046,0.000633,0.564446,0.575065
17.686000,0.410130,0.437775,-0.000046,0.000633,0.564139,0.574835
17.688000,0.408522,0.436549,-0.000046,0.000634,0.563829,0.574588
17.690000,0.406898,0.435306,-0.000046,0.000635,0.563517,0.574337
17.692000,0.405258,0.434047,-0.000045,0.000634,0.563202,0.574089
17.694000,0.403602,0.432773,-0.000045,0.000634,0.562885,0.573845
17.696000,0.401930,0.431482,-0.000045,0.000634,0.562565,0.573594
17.698000,0.400242,0.430176,-0.000045,0.000635,0.562243,0.573347
17.700000,0.398538,0.428852,-0.000045,0.000636,0.561919,0.573083
17.702000,0.396818,0.427512,-0.000044,0.000636,0.561592,0.572815
17.704000,0.395082,0.425727,-0.000044,0.000640,0.561262,0.572540
17.706000,0.393330,0.424333,-0.000044,0.000641,0.560930,0.572278
17.708000,0.391562,0.422925,-0.000044,0.000642,0.560596,0.571998
17.710000,0.389778,0.421502,-0.000043,0.000643,0.560260,0.571722
17.712000,0.387978,0.419755,-0.000043,0.000645,0.559921,0.571454
17.714000,0.386162,0.418277,-0.000043,0.000645,0.559580,0.571195
17.716000,0.384330,0.416790,-0.000043,0.000647,0.559237,0.570930
17.718000,0.382482,0.415293,-0.000043,0.000648,0.558891,0.570672
17.720000,0.380618,0.413787,-0.000042,0.000646,0.558543,0.570386
17.722000,0.378738,0.412273,-0.000042,0.000646,0.558193,0.570078
17.724000,0.376842,0.410751,-0.000042,0.000645,0.557841,0.569769
17.726000,0.374930,0.409217,-0.000041,0.000645,0.557487,0.569466
17.728000,0.373002,0.407673,-0.000041,0.000647,0.557131,0.569166
17.730000,0.371058,0.406118,-0.000041,0.000647,0.556772,0.568872
17.732000,0.369098,0.404549,-0.000041,0.000648,0.556412,0.568585
17.734000,0.367122,0.402966,-0.000040,0.000649,0.556049,0.568306
17.736000,0.365130,0.400934,-0.000040,0.000652,0.555685,0.568023
17.738000,0.363122,0.399287,-0.000040,0.000648,0.555318,0.567705
17.740000,0.361098,0.397632,-0.000039,0.000650,0.554950,0.567375
17.742000,0.359058,0.395964,-0.000039,0.000650,0.554579,0.567053
17.744000,0.357002,0.394286,-0.000039,0.000649,0.554207,0.566741
17.746000,0.354930,0.392597,-0.000038,0.000650,0.553833,0.566436
17.748000,0.352842,0.390898,-0.000038,0.000649,0.553457,0.566118
17.750000,0.350738,0.389186,-0.000038,0.000649,0.553080,0.565808
17.752000,0.348618,0.387461,-0.000037,0.000650,0.552700,0.565510
17.754000,0.346482,0.385720,-0.000037,0.000652,0.552319,0.565225
17.756000,0.344330,0.383964,-0.000037,0.000651,0.551936,0.564896
17.758000,0.342162,0.382196,-0.000037,0.000651,0.551552,0.564562
17.760000,0.339978,0.380413,-0.000036,0.000650,0.551166,0.564219
17.762000,0.337778,0.378615,-0.000036,0.000652,0.550778,0.563883
17.764000,0.335562,0.376803,-0.000036,0.000654,0.550389,0.563560
17.766000,0.333330,0.374975,-0.000035,0.000655,0.549998,0.563249
17.768000,0.331082,0.373129,-0.000035,0.000657,0.549606,0.562955
17.770000,0.328818,0.371266,-0.000035,0.000658,0.549212,0.562676
17.772000,0.326538,0.369386,-0.000034,0.000656,0.548817,0.562323
17.774000,0.324242,0.367493,-0.000034,0.000657,0.548420,0.561961
17.776000,0.321930,0.365586,-0.000033,0.000657,0.548023,0.561606
17.778000,0.319602,0.363663,-0.000033,0.000660,0.547623,0.561264
17.780000,0.317258,0.361722,-0.000033,0.000662,0.547223,0.560942
17.782000,0.314898,0.359764,-0.000032,0.000664,0.546821,0.560624
17.784000,0.312522,0.357787,-0.000032,0.000667,0.546418,0.560323
17.786000,0.310130,0.355793,-0.000032,0.000668,0.546014,0.559971
17.788000,0.307722,0.353785,-0.000031,0.000669,0.545609,0.559616
17.790000,0.305298,0.351761,-0.000031,0.000668,0.545202,0.559270
17.792000,0.302858,0.349722,-0.000030,0.000671,0.544795,0.558907
17.794000,0.300402,0.347667,-0.000030,0.000672,0.544386,0.558561
17.796000,0.297930,0.345595,-0.000030,0.000676,0.543976,0.558239
17.798000,0.295442,0.343503,-0.000029,0.000680,0.543566,0.557941
17.800000,0.292938,0.341392,-0.000029,0.000680,0.543154,0.557593
17.802000,0.290418,0.339267,-0.000028,0.000681,0.542742,0.557223
17.804000,0.287882,0.337127,-0.000028,0.000680,0.542328,0.556860
17.806000,0.285330,0.334972,-0.000028,0.000685,0.541914,0.556514
17.808000,0.282762,0.332800,-0.000027,0.000687,0.541499,0.556189
17.810000,0.280178,0.330610,-0.000027,0.000690,0.541084,0.555888
17.812000,0.277578,0.328402,-0.000026,0.000693,0.540667,0.555576
17.814000,0.274962,0.326177,-0.000026,0.000692,0.540250,0.555206
17.816000,0.272330,0.323938,-0.000025,0.000693,0.539832,0.554830
17.818000,0.269682,0.321684,-0.000025,0.000697,0.539414,0.554466
17.820000,0.267018,0.319414,-0.000024,0.000699,0.538994,0.554102
17.822000,0.264338,0.317127,-0.000024,0.000701,0.538575,0.553762
17.824000,0.261642,0.314821,-0.000023,0.000707,0.538155,0.553451
17.826000,0.258930,0.312497,-0.000023,0.000707,0.537734,0.553088
17.828000,0.256202,0.310159,-0.000023,0.000708,0.537313,0.552724
17.830000,0.253458,0.307806,-0.000022,0.000707,0.536891,0.552337
17.832000,0.250698,0.305437,-0.000022,0.000710,0.536469,0.551964
17.834000,0.247922,0.303051,-0.000021,0.000714,0.536047,0.551618
17.836000,0.245130,0.300645,-0.000021,0.000719,0.535625,0.551306
17.838000,0.242322,0.298221,-0.000020,0.000719,0.535202,0.550923
17.840000,0.239498,0.295782,-0.000020,0.000719,0.534780,0.550536
17.842000,0.236660,0.293329,-0.000019,0.000723,0.534360,0.550154
17.844000,0.233807,0.290859,-0.000019,0.000725,0.533946,0.549799
17.846000,0.230941,0.288372,-0.000018,0.000727,0.533538,0.549440
17.848000,0.228063,0.285294,-0.000018,0.000738,0.533137,0.549109
17.850000,0.225172,0.281839,-0.000017,0.000744,0.532745,0.548736
17.852000,0.222268,0.279237,-0.000017,0.000736,0.532361,0.548344
17.854000,0.219351,0.276633,-0.000016,0.000746,0.531985,0.547947
17.856000,0.216422,0.274018,-0.000015,0.000748,0.531617,0.547588
17.858000,0.213479,0.271394,-0.000015,0.000753,0.531256,0.547264
17.860000,0.210524,0.268767,-0.000014,0.000752,0.530904,0.546845
17.862000,0.207556,0.266133,-0.000014,0.000747,0.530560,0.546439
17.864000,0.204576,0.263491,-0.000013,0.000754,0.530224,0.546043
17.866000,0.201582,0.260840,-0.000013,0.000755,0.529896,0.545686
17.868000,0.198576,0.258174,-0.000012,0.000761,0.529575,0.545353
17.870000,0.195557,0.255496,-0.000012,0.000758,0.529263,0.544974
17.872000,0.192525,0.252805,-0.000011,0.000760,0.528959,0.544630
17.874000,0.189480,0.250096,-0.000011,0.000757,0.528663,0.544322
17.876000,0.186422,0.247375,-0.000010,0.000765,0.528374,0.543985
17.878000,0.183351,0.244637,-0.000010,0.000765,0.528094,0.543685
17.880000,0.180267,0.241877,-0.000009,0.000772,0.527822,0.543426
17.882000,0.177171,0.239100,-0.000009,0.000767,0.527558,0.543114
17.884000,0.174061,0.236308,-0.000008,0.000772,0.527302,0.542766
17.886000,0.170938,0.233498,-0.000007,0.000776,0.527053,0.542456
17.888000,0.167803,0.230669,-0.000007,0.000781,0.526813,0.542182
17.890000,0.164654,0.227825,-0.000006,0.000782,0.526581,0.541860
17.892000,0.161493,0.224876,-0.000006,0.000778,0.526357,0.541590
17.894000,0.158318,0.221989,-0.000005,0.000777,0.526141,0.541368
17.896000,0.155130,0.219089,-0.000005,0.000784,0.525932,0.541127
17.898000,0.151930,0.216167,-0.000004,0.000791,0.525732,0.540903
17.900000,0.148716,0.213231,-0.000004,0.000787,0.525540,0.540641
17.902000,0.145489,0.210166,-0.000003,0.000789,0.525356,0.540411
17.904000,0.142250,0.207193,-0.000002,0.000798,0.525179,0.540140
17.906000,0.138999,0.204204,-0.000002,0.000797,0.525011,0.539902
17.908000,0.135739,0.201195,-0.000001,0.000806,0.524851,0.539725
17.910000,0.132472,0.198173,-0.000001,0.000804,0.524699,0.539516
17.912000,0.129199,0.195132,-0.000000,0.000804,0.524555,0.539328
17.914000,0.125920,0.192077,0.000001,0.000810,0.524418,0.539121
17.916000,0.122638,0.189006,0.000001,0.000815,0.524290,0.538930
17.918000,0.119353,0.185921,0.000002,0.000815,0.524170,0.538692
17.920000,0.116064,0.182819,0.000002,0.000811,0.524058,0.538501
17.922000,0.112772,0.179580,0.000003,0.000822,0.523954,0.538310
17.924000,0.109477,0.176444,0.000003,0.000825,0.523857,0.538153
17.926000,0.106178,0.173295,0.000004,0.000831,0.523769,0.538033
17.928000,0.102877,0.170135,0.000005,0.000829,0.523689,0.537894
17.930000,0.099572,0.166961,0.000005,0.000827,0.523617,0.537770
17.932000,0.096264,0.163773,0.000006,0.000875,0.523552,0.537595
17.934000,0.092953,0.160248,0.000006,0.000859,0.523496,0.537458
17.936000,0.089639,0.157024,0.000007,0.000852,0.523448,0.537285
17.938000,0.086321,0.153793,0.000008,0.000857,0.523408,0.537147
17.940000,0.083000,0.150558,0.000008,0.000861,0.523376,0.537003
17.942000,0.079676,0.147319,0.000009,0.000859,0.523351,0.536883
17.944000,0.076349,0.144073,0.000009,0.000871,0.523335,0.536796
17.946000,0.073018,0.140825,0.000010,0.000870,0.523327,0.536694
17.948000,0.069685,0.137569,0.000011,0.000874,0.523327,0.536630
17.950000,0.066348,0.134310,0.000011,0.000874,0.523335,0.536537
17.952000,0.063007,0.131042,0.000012,0.000875,0.523350,0.536468
17.954000,0.059664,0.127771,0.000012,0.000876,0.523374,0.536392
17.956000,0.056317,0.124490,0.000013,0.000878,0.523406,0.536306
17.958000,0.052967,0.121207,0.000014,0.000879,0.523446,0.536199
17.960000,0.049614,0.117917,0.000014,0.000878,0.523493,0.536133
17.962000,0.046257,0.114619,0.000015,0.000886,0.523549,0.536123
17.964000,0.042898,0.111316,0.000015,0.000884,0.523613,0.536107
17.966000,0.039535,0.108006,0.000016,0.000893,0.523685,0.536051
17.968000,0.036169,0.104689,0.000017,0.000888,0.523765,0.535979
17.970000,0.032799,0.101366,0.000017,0.000897,0.523852,0.535952
17.972000,0.029427,0.098039,0.000018,0.000897,0.523948,0.535931
17.974000,0.026051,0.094704,0.000018,0.000897,0.524052,0.535954
17.976000,0.022672,0.091366,0.000019,0.000897,0.524164,0.535956
17.978000,0.019290,0.088019,0.000020,0.000893,0.524283,0.535966
17.980000,0.015905,0.084668,0.000020,0.000894,0.524411,0.535941
17.982000,0.012519,0.081312,0.000021,0.000893,0.524547,0.535963
17.984000,0.009131,0.077950,0.000022,0.000884,0.524691,0.536049
17.986000,0.005741,0.074587,0.000022,0.000885,0.524841,0.536120
17.988000,0.002351,0.071216,0.000023,0.000884,0.524998,0.536220
17.990000,-0.001040,0.067841,0.000023,0.000883,0.525160,0.536269
17.992000,-0.004431,0.064460,0.000024,0.000886,0.525326,0.536329
17.994000,-0.007824,0.061077,0.000025,0.000880,0.525495,0.536356
17.996000,-0.011216,0.057692,0.000025,0.000878,0.525667,0.536418
17.998000,-0.014609,0.054302,0.000026,0.000885,0.525840,0.536537
18.000000,-0.018002,0.050910,0.000026,0.000884,0.526015,0.536679
18.002000,-0.021395,0.047512,0.000027,0.000893,0.526190,0.536706
18.004000,-0.024789,0.044113,0.000028,0.000890,0.526367,0.536745
18.006000,-0.028183,0.040711,0.000028,0.000898,0.526544,0.536832
18.008000,-0.031576,0.037309,0.000029,0.000898,0.526721,0.536949
18.010000,-0.034970,0.033902,0.000029,0.000900,0.526897,0.537125
18.012000,-0.038364,0.030493,0.000030,0.000896,0.527074,0.537190
18.014000,-0.041758,0.027083,0.000031,0.000893,0.527251,0.537252
18.016000,-0.045152,0.023670,0.000031,0.000894,0.527428,0.537354
18.018000,-0.048546,0.020257,0.000032,0.000894,0.527604,0.537491
18.020000,-0.051940,0.016841,0.000033,0.000895,0.527780,0.537689
18.022000,-0.055334,0.013421,0.000033,0.000893,0.527955,0.537704
18.024000,-0.058728,0.009999,0.000034,0.000892,0.528130,0.537738
18.026000,-0.062122,0.006577,0.000034,0.000892,0.528305,0.537812
18.028000,-0.065516,0.003152,0.000035,0.000893,0.528479,0.537958
18.030000,-0.068910,-0.000273,0.000036,0.000892,0.528653,0.538063
18.032000,-0.072304,-0.003698,0.000036,0.000891,0.528827,0.538212
18.034000,-0.075698,-0.007123,0.000037,0.000893,0.529000,0.538298
18.036000,-0.079092,-0.010548,0.000037,0.000896,0.529172,0.538412
18.038000,-0.082486,-0.013976,0.000038,0.000887,0.529344,0.538592
18.040000,-0.085880,-0.017403,0.000039,0.000888,0.529516,0.538714
18.042000,-0.089274,-0.020831,0.000039,0.000887,0.529687,0.538877
18.044000,-0.092668,-0.024259,0.000040,0.000888,0.529858,0.538944
18.046000,-0.096062,-0.027689,0.000041,0.000889,0.530028,0.539060
18.048000,-0.099456,-0.031119,0.000041,0.000888,0.530198,0.539120
18.050000,-0.102850,-0.034549,0.000042,0.000885,0.530367,0.539237
18.052000,-0.106244,-0.037981,0.000042,0.000894,0.530536,0.539427
18.054000,-0.109638,-0.041411,0.000043,0.000893,0.530705,0.539533
18.056000,-0.113032,-0.044843,0.000044,0.000895,0.530873,0.539686
18.058000,-0.116426,-0.048275,0.000044,0.000893,0.531041,0.539763
18.060000,-0.119820,-0.051706,0.000045,0.000889,0.531208,0.539895
18.062000,-0.123215,-0.055142,0.000045,0.000899,0.531374,0.539945
18.064000,-0.126609,-0.058575,0.000046,0.000894,0.531541,0.540053
18.066000,-0.130003,-0.062013,0.000047,0.000897,0.531707,0.540236
18.068000,-0.133397,-0.065447,0.000047,0.000892,0.531872,0.540354
18.070000,-0.136791,-0.068881,0.000048,0.000888,0.532037,0.540522
18.072000,-0.140185,-0.072316,0.000048,0.000894,0.532201,0.540593
18.074000,-0.143579,-0.075750,0.000049,0.000895,0.532365,0.540716
18.076000,-0.146973,-0.079188,0.000050,0.000896,0.532529,0.540913
18.078000,-0.150367,-0.082626,0.000050,0.000899,0.532692,0.541094
18.080000,-0.153761,-0.086063,0.000051,0.000892,0.532855,0.541307
18.082000,-0.157155,-0.089499,0.000052,0.000892,0.533017,0.541403
18.084000,-0.160549,-0.092934,0.000052,0.000889,0.533179,0.541391
18.086000,-0.163943,-0.096369,0.000053,0.000885,0.533341,0.541430
18.088000,-0.167337,-0.099802,0.000053,0.000890,0.533502,0.541551
18.090000,-0.170731,-0.103235,0.000054,0.000895,0.533662,0.541603
18.092000,-0.174126,-0.106666,0.000055,0.000896,0.533822,0.541703
18.094000,-0.177520,-0.110101,0.000055,0.000897,0.533982,0.541879
18.096000,-0.180914,-0.113534,0.000056,0.000897,0.534141,0.542046
18.098000,-0.184308,-0.116970,0.000056,0.000896,0.534300,0.542103
18.100000,-0.187702,-0.120403,0.000057,0.000897,0.534459,0.542191
18.102000,-0.191096,-0.123838,0.000058,0.000897,0.534617,0.542344
18.104000,-0.194490,-0.127276,0.000058,0.000896,0.534774,0.542476
18.106000,-0.197884,-0.130711,0.000059,0.000893,0.534932,0.542657
18.108000,-0.201278,-0.134144,0.000059,0.000897,0.535088,0.542723
18.110000,-0.204672,-0.137573,0.000060,0.000897,0.535245,0.542816
18.112000,-0.208066,-0.141004,0.000061,0.000897,0.535401,0.542977
18.114000,-0.211460,-0.144440,0.000061,0.000894,0.535556,0.542972
18.116000,-0.214854,-0.147897,0.000062,0.000899,0.535711,0.543043
18.118000,-0.218248,-0.151330,0.000063,0.000903,0.535866,0.543144
18.120000,-0.221642,-0.154761,0.000063,0.000902,0.536020,0.543308
18.122000,-0.225037,-0.158193,0.000064,0.000905,0.536174,0.543545
18.124000,-0.228431,-0.161623,0.000064,0.000899,0.536327,0.543583
18.126000,-0.231825,-0.165049,0.000065,0.000896,0.536481,0.543630
18.128000,-0.235219,-0.168476,0.000066,0.000898,0.536633,0.543734
18.130000,-0.238613,-0.171905,0.000066,0.000897,0.536785,0.543907
18.132000,-0.242007,-0.175335,0.000067,0.000903,0.536937,0.543909
18.134000,-0.245401,-0.178761,0.000067,0.000900,0.537089,0.543941
18.136000,-0.248795,-0.182187,0.000068,0.000904,0.537240,0.544045
18.138000,-0.252189,-0.185610,0.000069,0.000904,0.537390,0.544228
18.140000,-0.255583,-0.189033,0.000069,0.000905,0.537541,0.544312
18.142000,-0.258977,-0.192454,0.000070,0.000897,0.537690,0.544449
18.144000,-0.262371,-0.195876,0.000070,0.000896,0.537840,0.544573
18.146000,-0.265765,-0.199297,0.000071,0.000889,0.537989,0.544744
18.148000,-0.269159,-0.202719,0.000072,0.000900,0.538137,0.544957
18.150000,-0.272553,-0.206140,0.000072,0.000895,0.538286,0.545053
18.152000,-0.275947,-0.209560,0.000073,0.000915,0.538433,0.545102
18.154000,-0.279342,-0.212981,0.000074,0.000913,0.538581,0.545202
18.156000,-0.282736,-0.216403,0.000074,0.000906,0.538728,0.545261
18.158000,-0.286130,-0.219820,0.000075,0.000910,0.538875,0.545318
18.160000,-0.289524,-0.223235,0.000075,0.000895,0.539021,0.545442
18.162000,-0.292918,-0.226652,0.000076,0.000888,0.539167,0.545653
18.164000,-0.296312,-0.230069,0.000077,0.000892,0.539312,0.545828
18.166000,-0.299706,-0.233482,0.000077,0.000885,0.539457,0.545902
18.168000,-0.303100,-0.236897,0.000078,0.000902,0.539602,0.546005
18.170000,-0.306494,-0.240314,0.000078,0.000898,0.539746,0.546151
18.172000,-0.309888,-0.243734,0.000079,0.000906,0.539890,0.546135
18.174000,-0.313282,-0.247153,0.000080,0.000903,0.540034,0.546155
18.176000,-0.316676,-0.250580,0.000080,0.000902,0.540177,0.546274
18.178000,-0.320070,-0.253997,0.000081,0.000899,0.540320,0.546442
18.180000,-0.323464,-0.257416,0.000082,0.000903,0.540462,0.546614
18.182000,-0.326858,-0.260835,0.000082,0.000892,0.540604,0.546684
18.184000,-0.330253,-0.264247,0.000083,0.000903,0.540746,0.546774
18.186000,-0.333647,-0.267662,0.000083,0.000902,0.540887,0.546932
18.188000,-0.337041,-0.271076,0.000084,0.000901,0.541028,0.547134
18.190000,-0.340435,-0.274487,0.000085,0.000900,0.541168,0.547227
18.192000,-0.343829,-0.277897,0.000085,0.000898,0.541308,0.547286
18.194000,-0.347223,-0.281306,0.000086,0.000894,0.541448,0.547400
18.196000,-0.350617,-0.284719,0.000086,0.000897,0.541588,0.547435
18.198000,-0.354011,-0.288144,0.000087,0.000904,0.541727,0.547512
18.200000,-0.357405,-0.291571,0.000088,0.000897,0.541865,0.547666
18.202000,-0.360799,-0.294984,0.000088,0.000900,0.542004,0.547826
18.204000,-0.364193,-0.298395,0.000089,0.000893,0.542141,0.548038
18.206000,-0.367587,-0.301804,0.000089,0.000898,0.542279,0.548140
18.208000,-0.370981,-0.305211,0.000090,0.000897,0.542416,0.548223
18.210000,-0.374375,-0.308621,0.000091,0.000898,0.542553,0.548359
18.212000,-0.377769,-0.312030,0.000091,0.000897,0.542689,0.548529
18.214000,-0.381164,-0.315436,0.000092,0.000895,0.542826,0.548602
18.216000,-0.384558,-0.318844,0.000093,0.000899,0.542961,0.548701
18.218000,-0.387952,-0.322252,0.000093,0.000899,0.543097,0.548829
18.220000,-0.391346,-0.325662,0.000094,0.000900,0.543232,0.549025
18.222000,-0.394740,-0.329070,0.000094,0.000899,0.543366,0.549125
18.224000,-0.398134,-0.332478,0.000095,0.000897,0.543500,0.549222
18.226000,-0.401528,-0.335885,0.000096,0.000896,0.543634,0.549325
18.228000,-0.404922,-0.339297,0.000096,0.000895,0.543768,0.549326
18.230000,-0.408316,-0.342719,0.000097,0.000900,0.543901,0.549351
18.232000,-0.411710,-0.346130,0.000097,0.000897,0.544034,0.549432
18.234000,-0.415104,-0.349540,0.000098,0.000906,0.544166,0.549594
18.236000,-0.418498,-0.352950,0.000099,0.000906,0.544299,0.549792
18.238000,-0.421892,-0.356358,0.000099,0.000907,0.544430,0.549932
18.240000,-0.425286,-0.359765,0.000100,0.000906,0.544562,0.550036
18.242000,-0.428680,-0.363171,0.000100,0.000902,0.544693,0.550171
18.244000,-0.432075,-0.366578,0.000101,0.000911,0.544824,0.550310
18.246000,-0.435469,-0.369984,0.000102,0.000910,0.544954,0.550395
18.248000,-0.438863,-0.373390,0.000102,0.000920,0.545084,0.550503
18.250000,-0.442257,-0.376796,0.000103,0.000921,0.545214,0.550624
18.252000,-0.445651,-0.380204,0.000104,0.000914,0.545343,0.550750
18.254000,-0.449045,-0.383611,0.000104,0.000920,0.545472,0.550865
18.256000,-0.452439,-0.387017,0.000105,0.000911,0.545601,0.550972
18.258000,-0.455833,-0.390423,0.000105,0.000911,0.545729,0.551122
18.260000,-0.459227,-0.393833,0.000106,0.000913,0.545857,0.551231
18.262000,-0.462621,-0.397242,0.000107,0.000910,0.545985,0.551309
18.264000,-0.466015,-0.400651,0.000107,0.000919,0.546112,0.551379
18.266000,-0.469409,-0.404060,0.000108,0.000918,0.546239,0.551502
18.268000,-0.472803,-0.407469,0.000108,0.000918,0.546365,0.551657
18.270000,-0.476197,-0.410876,0.000109,0.000915,0.546492,0.551754
18.272000,-0.479591,-0.414282,0.000110,0.000920,0.546618,0.551868
18.274000,-0.482985,-0.417689,0.000110,0.000920,0.546743,0.551984
18.276000,-0.486380,-0.421096,0.000111,0.000921,0.546869,0.552154
18.278000,-0.489774,-0.424503,0.000112,0.000920,0.546993,0.552237
18.280000,-0.493168,-0.427909,0.000112,0.000917,0.547118,0.552325
18.282000,-0.496562,-0.431316,0.000113,0.000921,0.547242,0.552463
18.284000,-0.499956,-0.434726,0.000113,0.000925,0.547366,0.552555
18.286000,-0.503350,-0.438137,0.000114,0.000924,0.547490,0.552633
18.288000,-0.506744,-0.441548,0.000115,0.000932,0.547613,0.552713
18.290000,-0.510138,-0.444960,0.000115,0.000930,0.547736,0.552842
18.292000,-0.513532,-0.448372,0.000116,0.000930,0.547859,0.552989
18.294000,-0.516926,-0.451785,0.000116,0.000929,0.547981,0.553073
18.296000,-0.520320,-0.455196,0.000117,0.000928,0.548103,0.553147
18.298000,-0.523714,-0.458607,0.000118,0.000925,0.548225,0.553266
18.300000,-0.527108,-0.462018,0.000118,0.000930,0.548346,0.553456
18.302000,-0.530502,-0.465430,0.000119,0.000929,0.548467,0.553535
18.304000,-0.533896,-0.468843,0.000119,0.000930,0.548588,0.553619
18.306000,-0.537291,-0.472254,0.000120,0.000929,0.548708,0.553722
18.308000,-0.540685,-0.475665,0.000121,0.000926,0.548828,0.553886
18.310000,-0.544079,-0.479080,0.000121,0.000932,0.548948,0.554009
18.312000,-0.547473,-0.482492,0.000122,0.000930,0.549067,0.554059
18.314000,-0.550867,-0.485906,0.000123,0.000931,0.549186,0.554140
18.316000,-0.554261,-0.489318,0.000123,0.000926,0.549305,0.554264
18.318000,-0.557655,-0.492732,0.000124,0.000926,0.549423,0.554366
18.320000,-0.561049,-0.496146,0.000124,0.000932,0.549541,0.554496
18.322000,-0.564443,-0.499557,0.000125,0.000940,0.549659,0.554578
18.324000,-0.567837,-0.502969,0.000126,0.000941,0.549777,0.554708
18.326000,-0.571231,-0.506383,0.000126,0.000941,0.549894,0.554779
18.328000,-0.574625,-0.509796,0.000127,0.000937,0.550011,0.554891
18.330000,-0.578019,-0.513212,0.000127,0.000946,0.550127,0.555073
18.332000,-0.581413,-0.516625,0.000128,0.000942,0.550243,0.555207
18.334000,-0.584807,-0.520042,0.000129,0.000948,0.550359,0.555275
18.336000,-0.588202,-0.523457,0.000129,0.000943,0.550475,0.555359
18.338000,-0.591596,-0.526874,0.000130,0.000950,0.550590,0.555506
18.340000,-0.594990,-0.530289,0.000130,0.000951,0.550705,0.555614
18.342000,-0.598384,-0.533707,0.000131,0.000948,0.550820,0.555773
18.344000,-0.601778,-0.537121,0.000132,0.000947,0.550934,0.555873
18.346000,-0.605172,-0.540535,0.000132,0.000934,0.551048,0.556003
18.348000,-0.608566,-0.543951,0.000133,0.000941,0.551162,0.556196
18.350000,-0.611960,-0.547368,0.000134,0.000943,0.551276,0.556218
18.352000,-0.615354,-0.550785,0.000134,0.000943,0.551389,0.556248
18.354000,-0.618748,-0.554200,0.000135,0.000950,0.551502,0.556333
18.356000,-0.622142,-0.557619,0.000135,0.000947,0.551614,0.556503
18.358000,-0.625536,-0.561036,0.000136,0.000948,0.551727,0.556628
18.360000,-0.628930,-0.564453,0.000137,0.000948,0.551839,0.556687
18.362000,-0.632324,-0.567867,0.000137,0.000946,0.551950,0.556769
18.364000,-0.635718,-0.571280,0.000138,0.000939,0.552062,0.556916
18.366000,-0.639112,-0.574701,0.000138,0.000953,0.552173,0.557029
18.368000,-0.642507,-0.578117,0.000139,0.000949,0.552283,0.557040
18.370000,-0.645901,-0.581531,0.000140,0.000961,0.552394,0.557096
18.372000,-0.649295,-0.584952,0.000140,0.000949,0.552504,0.557313
18.374000,-0.652689,-0.588370,0.000141,0.000955,0.552614,0.557557
18.376000,-0.656083,-0.591788,0.000141,0.000947,0.552724,0.557580
18.378000,-0.659477,-0.595177,0.000142,0.000959,0.552833,0.557733
18.380000,-0.662871,-0.598589,0.000143,0.000953,0.552942,0.557858
18.382000,-0.666265,-0.602006,0.000143,0.000957,0.553051,0.557893
18.384000,-0.669659,-0.605424,0.000144,0.000962,0.553159,0.557965
18.386000,-0.673053,-0.608840,0.000145,0.000958,0.553267,0.557974
18.388000,-0.676447,-0.612255,0.000145,0.000965,0.553375,0.558035
18.390000,-0.679841,-0.615670,0.000146,0.000957,0.553483,0.558180
18.392000,-0.683235,-0.619087,0.000146,0.000964,0.553590,0.558284
18.394000,-0.686629,-0.622501,0.000147,0.000960,0.553697,0.558293
18.396000,-0.690023,-0.625915,0.000148,0.000962,0.553804,0.558355
18.398000,-0.693418,-0.629329,0.000148,0.000950,0.553910,0.558497
18.400000,-0.696812,-0.632744,0.000149,0.000949,0.554016,0.558590
18.402000,-0.700206,-0.636160,0.000149,0.000946,0.554122,0.558728
18.404000,-0.703600,-0.639573,0.000150,0.000946,0.554228,0.558781
18.406000,-0.706994,-0.642987,0.000151,0.000945,0.554333,0.558895
18.408000,-0.710388,-0.646401,0.000151,0.000946,0.554438,0.558962
18.410000,-0.713782,-0.649814,0.000152,0.000940,0.554543,0.559075
18.412000,-0.717176,-0.653228,0.000153,0.000959,0.554647,0.559259
18.414000,-0.720570,-0.656638,0.000153,0.000958,0.554751,0.559367
18.416000,-0.723964,-0.660051,0.000154,0.000956,0.554855,0.559525
18.418000,-0.727358,-0.663461,0.000154,0.000953,0.554959,0.559620
18.420000,-0.730752,-0.666872,0.000155,0.000941,0.555062,0.559745
18.422000,-0.734146,-0.670282,0.000156,0.000939,0.555165,0.559795
18.424000,-0.737540,-0.673695,0.000156,0.000945,0.555268,0.559757
18.426000,-0.740934,-0.677106,0.000157,0.000939,0.555371,0.559765
18.428000,-0.744329,-0.680517,0.000157,0.000947,0.555473,0.559861
18.430000,-0.747723,-0.683931,0.000158,0.000953,0.555575,0.560056
18.432000,-0.751117,-0.687341,0.000159,0.000951,0.555677,0.560200
18.434000,-0.754511,-0.690752,0.000159,0.000952,0.555778,0.560229
18.436000,-0.757905,-0.694161,0.000160,0.000949,0.555879,0.560298
18.438000,-0.761299,-0.697574,0.000160,0.000946,0.555980,0.560450
18.440000,-0.764693,-0.700984,0.000161,0.000945,0.556081,0.560559
18.442000,-0.768087,-0.704395,0.000162,0.000946,0.556181,0.560555
18.444000,-0.771481,-0.707804,0.000162,0.000941,0.556281,0.560596
18.446000,-0.774875,-0.711212,0.000163,0.000939,0.556381,0.560729
18.448000,-0.778269,-0.714623,0.000164,0.000946,0.556481,0.560956
18.450000,-0.781663,-0.718030,0.000164,0.000948,0.556580,0.560956
18.452000,-0.785057,-0.721439,0.000165,0.000950,0.556679,0.560998
18.454000,-0.788451,-0.724846,0.000165,0.000942,0.556778,0.561138
18.456000,-0.791845,-0.728256,0.000166,0.000935,0.556876,0.561340
18.458000,-0.795240,-0.731663,0.000167,0.000942,0.556974,0.561345
18.460000,-0.798634,-0.735070,0.000167,0.000940,0.557072,0.561365
18.462000,-0.802028,-0.738475,0.000168,0.000943,0.557170,0.561460
18.464000,-0.805422,-0.741880,0.000168,0.000938,0.557267,0.561625
18.466000,-0.808816,-0.745289,0.000169,0.000937,0.557365,0.561829
18.468000,-0.812210,-0.748691,0.000170,0.000937,0.557462,0.561860
18.470000,-0.815604,-0.752097,0.000170,0.000928,0.557558,0.561937
18.472000,-0.818998,-0.755500,0.000171,0.000923,0.557655,0.562041
18.474000,-0.822392,-0.758905,0.000171,0.000927,0.557751,0.562118
18.476000,-0.825786,-0.762313,0.000172,0.000933,0.557847,0.562209
18.478000,-0.829180,-0.765718,0.000173,0.000945,0.557942,0.562276
18.480000,-0.832574,-0.769123,0.000173,0.000943,0.558038,0.562380
18.482000,-0.835968,-0.772528,0.000174,0.000936,0.558133,0.562545
18.484000,-0.839362,-0.775932,0.000175,0.000941,0.558228,0.562611
18.486000,-0.842756,-0.779332,0.000175,0.000938,0.558322,0.562642
18.488000,-0.846150,-0.782737,0.000176,0.000938,0.558417,0.562738
18.490000,-0.849545,-0.786139,0.000176,0.000934,0.558511,0.562862
18.492000,-0.852939,-0.789543,0.000177,0.000930,0.558605,0.562896
18.494000,-0.856333,-0.792944,0.000178,0.000931,0.558698,0.562904
18.496000,-0.859727,-0.796348,0.000178,0.000930,0.558792,0.562987
18.498000,-0.863121,-0.799751,0.000179,0.000925,0.558885,0.563102
18.500000,-0.866515,-0.803153,0.000179,0.000927,0.558978,0.563208
18.502000,-0.869909,-0.806554,0.000180,0.000932,0.559070,0.563302
18.504000,-0.873303,-0.809953,0.000181,0.000944,0.559163,0.563375
18.506000,-0.876697,-0.813354,0.000181,0.000942,0.559255,0.563517
18.508000,-0.880091,-0.816754,0.000182,0.000939,0.559347,0.563516
18.510000,-0.883485,-0.820155,0.000183,0.000933,0.559438,0.563558
18.512000,-0.886879,-0.823562,0.000183,0.000936,0.559530,0.563707
18.514000,-0.890273,-0.826965,0.000184,0.000933,0.559621,0.563862
18.516000,-0.893667,-0.830366,0.000184,0.000938,0.559712,0.564007
18.518000,-0.897061,-0.833763,0.000185,0.000930,0.559803,0.564045
18.520000,-0.900456,-0.837161,0.000186,0.000938,0.559893,0.564116
18.522000,-0.903850,-0.840558,0.000186,0.000935,0.559983,0.564222
18.524000,-0.907244,-0.843958,0.000187,0.000941,0.560073,0.564330
18.526000,-0.910638,-0.847356,0.000187,0.000937,0.560163,0.564374
18.528000,-0.914032,-0.850756,0.000188,0.000947,0.560252,0.564458
18.530000,-0.917426,-0.854156,0.000189,0.000943,0.560341,0.564542
18.532000,-0.920820,-0.857557,0.000189,0.000942,0.560430,0.564693
18.534000,-0.924214,-0.860954,0.000190,0.000937,0.560519,0.564691
18.536000,-0.927608,-0.864351,0.000190,0.000930,0.560608,0.564714
18.538000,-0.931002,-0.867750,0.000191,0.000936,0.560696,0.564819
18.540000,-0.934396,-0.871145,0.000192,0.000937,0.560784,0.564978
18.542000,-0.937790,-0.874541,0.000192,0.000938,0.560872,0.565046
18.544000,-0.941184,-0.877935,0.000193,0.000938,0.560959,0.565105
18.546000,-0.944578,-0.881333,0.000194,0.000937,0.561047,0.565216
18.548000,-0.947972,-0.884730,0.000194,0.000935,0.561134,0.565355
18.550000,-0.951367,-0.888127,0.000195,0.000942,0.561221,0.565478
18.552000,-0.954761,-0.891523,0.000195,0.000937,0.561307,0.565517
18.554000,-0.958155,-0.894920,0.000196,0.000945,0.561394,0.565579
18.556000,-0.961549,-0.898317,0.000197,0.000945,0.561480,0.565666
18.558000,-0.964943,-0.901715,0.000197,0.000940,0.561566,0.565746
18.560000,-0.968337,-0.905109,0.000198,0.000941,0.561652,0.565762
18.562000,-0.971731,-0.908503,0.000198,0.000926,0.561737,0.565814
18.564000,-0.975125,-0.911896,0.000199,0.000931,0.561822,0.565940
18.566000,-0.978519,-0.915289,0.000200,0.000937,0.561907,0.566037
18.568000,-0.981913,-0.918682,0.000200,0.000937,0.561992,0.566094
18.570000,-0.985307,-0.922076,0.000201,0.000947,0.562077,0.566143
18.572000,-0.988701,-0.925471,0.000201,0.000942,0.562161,0.566243
18.574000,-0.992095,-0.928865,0.000202,0.000943,0.562245,0.566375
18.576000,-0.995489,-0.932258,0.000203,0.000943,0.562329,0.566412
18.578000,-0.998883,-0.935649,0.000203,0.000942,0.562413,0.566436
18.580000,-1.002278,-0.939040,0.000204,0.000940,0.562496,0.566513
18.582000,-1.005672,-0.942431,0.000205,0.000945,0.562580,0.566668
18.584000,-1.009066,-0.945820,0.000205,0.000946,0.562663,0.566708
18.586000,-1.012460,-0.949209,0.000206,0.000948,0.562745,0.566777
18.588000,-1.015854,-0.952599,0.000206,0.000947,0.562828,0.566857
18.590000,-1.019248,-0.955991,0.000207,0.000943,0.562910,0.566988
18.592000,-1.022642,-0.959381,0.000208,0.000950,0.562992,0.567098
18.594000,-1.026036,-0.962770,0.000208,0.000948,0.563074,0.567157
18.596000,-1.029430,-0.966159,0.000209,0.000959,0.563156,0.567201
18.598000,-1.032824,-0.969548,0.000209,0.000956,0.563238,0.567294
18.600000,-1.036218,-0.972940,0.000210,0.000958,0.563319,0.567473
18.602000,-1.039612,-0.976325,0.000211,0.000959,0.563400,0.567534
18.604000,-1.043006,-0.979710,0.000211,0.000958,0.563481,0.567616
18.606000,-1.046400,-0.983095,0.000212,0.000956,0.563561,0.567692
18.608000,-1.049794,-0.986483,0.000213,0.000960,0.563642,0.567783
18.610000,-1.053188,-0.989869,0.000213,0.000958,0.563722,0.567805
18.612000,-1.056583,-0.993256,0.000214,0.000970,0.563802,0.567869
18.614000,-1.059977,-0.996646,0.000214,0.000968,0.563882,0.567930
18.616000,-1.063371,-1.000037,0.000215,0.000963,0.563961,0.568055
18.618000,-1.066765,-1.003425,0.000216,0.000969,0.564041,0.568131
18.620000,-1.070159,-1.006809,0.000216,0.000966,0.564120,0.568219
18.622000,-1.073553,-1.010195,0.000217,0.000969,0.564199,0.568359
18.624000,-1.076947,-1.013580,0.000217,0.000968,0.564277,0.568484
18.626000,-1.080341,-1.016966,0.000218,0.000968,0.564356,0.568491
18.628000,-1.083735,-1.020351,0.000219,0.000970,0.564434,0.568514
18.630000,-1.087129,-1.023738,0.000219,0.000971,0.564512,0.568604
18.632000,-1.090523,-1.027126,0.000220,0.000970,0.564590,0.568689
18.634000,-1.093917,-1.030514,0.000220,0.000973,0.564668,0.568820
18.636000,-1.097311,-1.033899,0.000221,0.000977,0.564745,0.568911
18.638000,-1.100705,-1.037283,0.000222,0.000988,0.564822,0.569022
18.640000,-1.104099,-1.040667,0.000222,0.000990,0.564899,0.569187
18.642000,-1.107494,-1.044055,0.000223,0.000990,0.564976,0.569211
18.644000,-1.110888,-1.047442,0.000224,0.000989,0.565053,0.569233
18.646000,-1.114282,-1.050827,0.000224,0.000991,0.565129,0.569297
18.648000,-1.117676,-1.054214,0.000225,0.000993,0.565205,0.569433
18.650000,-1.121070,-1.057602,0.000225,0.000993,0.565281,0.569557
18.652000,-1.124464,-1.060988,0.000226,0.000991,0.565357,0.569605
18.654000,-1.127858,-1.064373,0.000227,0.000998,0.565433,0.569668
18.656000,-1.131252,-1.067758,0.000227,0.000996,0.565508,0.569781
18.658000,-1.134646,-1.071148,0.000228,0.001009,0.565583,0.569859
18.660000,-1.138040,-1.074538,0.000228,0.001003,0.565658,0.569870
18.662000,-1.141434,-1.077926,0.000229,0.001021,0.565733,0.569909
18.664000,-1.144828,-1.081313,0.000230,0.001020,0.565808,0.570007
18.666000,-1.148222,-1.084701,0.000230,0.001023,0.565882,0.570182
18.668000,-1.151616,-1.088093,0.000231,0.001022,0.565956,0.570210
18.670000,-1.155010,-1.091481,0.000231,0.001018,0.566030,0.570242
18.672000,-1.158405,-1.094870,0.000232,0.001025,0.566104,0.570323
18.674000,-1.161799,-1.098258,0.000233,0.001024,0.566178,0.570473
18.676000,-1.165193,-1.101650,0.000233,0.001031,0.566251,0.570701
18.678000,-1.168587,-1.105040,0.000234,0.001027,0.566325,0.570775
18.680000,-1.171981,-1.108429,0.000235,0.001033,0.566398,0.570826
18.682000,-1.175375,-1.111819,0.000235,0.001036,0.566470,0.570907
18.684000,-1.178769,-1.115214,0.000236,0.001032,0.566543,0.570949
18.686000,-1.182163,-1.118608,0.000236,0.001033,0.566616,0.570943
18.688000,-1.185557,-1.122001,0.000237,0.001023,0.566688,0.570972
18.690000,-1.188951,-1.125392,0.000238,0.001026,0.566760,0.571063
18.692000,-1.192345,-1.128784,0.000238,0.001027,0.566832,0.571235
18.694000,-1.195739,-1.132180,0.000239,0.001026,0.566903,0.571255
18.696000,-1.199133,-1.135572,0.000239,0.001025,0.566975,0.571282
18.698000,-1.202527,-1.138964,0.000240,0.001032,0.567046,0.571358
18.700000,-1.205921,-1.142356,0.000241,0.001034,0.567117,0.571504
18.702000,-1.209316,-1.145753,0.000241,0.001037,0.567188,0.571603
18.704000,-1.212710,-1.149148,0.000242,0.001036,0.567259,0.571638
18.706000,-1.216104,-1.152544,0.000242,0.001036,0.567329,0.571697
18.708000,-1.219498,-1.155938,0.000243,0.001037,0.567400,0.571812
18.710000,-1.222892,-1.159335,0.000244,0.001044,0.567470,0.571999
18.712000,-1.226286,-1.162733,0.000244,0.001041,0.567540,0.572038
18.714000,-1.229680,-1.166128,0.000245,0.001050,0.567610,0.572075
18.716000,-1.233074,-1.169524,0.000246,0.001056,0.567679,0.572158
18.718000,-1.236468,-1.172919,0.000246,0.001058,0.567749,0.572311
18.720000,-1.239862,-1.176318,0.000247,0.001060,0.567818,0.572423
18.722000,-1.243256,-1.179715,0.000247,0.001058,0.567887,0.572460
18.724000,-1.246650,-1.183112,0.000248,0.001058,0.567956,0.572515
18.726000,-1.250044,-1.186509,0.000249,0.001059,0.568024,0.572624
18.728000,-1.253438,-1.189910,0.000249,0.001060,0.568093,0.572694
18.730000,-1.256832,-1.193311,0.000250,0.001059,0.568161,0.572708
18.732000,-1.260226,-1.196711,0.000250,0.001057,0.568229,0.572753
18.734000,-1.263621,-1.200111,0.000251,0.001064,0.568297,0.572864
18.736000,-1.267015,-1.203516,0.000252,0.001062,0.568365,0.572925
18.738000,-1.270409,-1.206922,0.000252,0.001072,0.568433,0.572925
18.740000,-1.273803,-1.210327,0.000253,0.001067,0.568500,0.572963
18.742000,-1.277197,-1.213733,0.000254,0.001074,0.568567,0.573071
18.744000,-1.280591,-1.217137,0.000254,0.001078,0.568634,0.573229
18.746000,-1.283985,-1.220543,0.000255,0.001076,0.568701,0.573342
18.748000,-1.287379,-1.223946,0.000255,0.001083,0.568768,0.573340
18.750000,-1.290773,-1.227349,0.000256,0.001076,0.568834,0.573375
18.752000,-1.294167,-1.230754,0.000257,0.001086,0.568901,0.573492
18.754000,-1.297561,-1.234158,0.000257,0.001085,0.568967,0.573558
18.756000,-1.300955,-1.237564,0.000258,0.001086,0.569033,0.573662
18.758000,-1.304349,-1.240968,0.000258,0.001083,0.569099,0.573708
18.760000,-1.307743,-1.244375,0.000259,0.001081,0.569164,0.573811
18.762000,-1.311137,-1.247783,0.000260,0.001082,0.569230,0.573839
18.764000,-1.314532,-1.251192,0.000260,0.001083,0.569295,0.573905
18.766000,-1.317926,-1.254600,0.000261,0.001080,0.569360,0.573923
18.768000,-1.321320,-1.258008,0.000261,0.001075,0.569425,0.574011
18.770000,-1.324714,-1.261423,0.000262,0.001085,0.569490,0.574067
18.772000,-1.328108,-1.264833,0.000263,0.001084,0.569554,0.574123
18.774000,-1.331502,-1.268248,0.000263,0.001087,0.569619,0.574243
18.776000,-1.334896,-1.271660,0.000264,0.001081,0.569683,0.574337
18.778000,-1.338290,-1.275076,0.000265,0.001084,0.569747,0.574449
18.780000,-1.341684,-1.278489,0.000265,0.001083,0.569811,0.574485
18.782000,-1.345078,-1.281904,0.000266,0.001095,0.569875,0.574559
18.784000,-1.348472,-1.285317,0.000266,0.001091,0.569938,0.574612
18.786000,-1.351866,-1.288731,0.000267,0.001087,0.570002,0.574733
18.788000,-1.355260,-1.292147,0.000268,0.001096,0.570065,0.574819
18.790000,-1.358654,-1.295560,0.000268,0.001091,0.570128,0.574875
18.792000,-1.362048,-1.298973,0.000269,0.001102,0.570191,0.574891
18.794000,-1.365443,-1.302387,0.000269,0.001093,0.570254,0.574973
18.796000,-1.368837,-1.305803,0.000270,0.001103,0.570316,0.575030
18.798000,-1.372231,-1.309216,0.000271,0.001101,0.570379,0.575065
18.800000,-1.375625,-1.312632,0.000271,0.001101,0.570441,0.575151
18.802000,-1.379019,-1.316044,0.000272,0.001097,0.570503,0.575230
18.804000,-1.382413,-1.319462,0.000272,0.001093,0.570565,0.575258
18.806000,-1.385807,-1.322876,0.000273,0.001094,0.570626,0.575257
18.808000,-1.389201,-1.326293,0.000274,0.001094,0.570688,0.575313
18.810000,-1.392595,-1.329707,0.000274,0.001089,0.570749,0.575376
18.812000,-1.395989,-1.333122,0.000275,0.001088,0.570811,0.575457
18.814000,-1.399383,-1.336538,0.000276,0.001095,0.570872,0.575541
18.816000,-1.402777,-1.339951,0.000276,0.001101,0.570932,0.575604
18.818000,-1.406171,-1.343364,0.000277,0.001109,0.570993,0.575639
18.820000,-1.409565,-1.346777,0.000277,0.001102,0.571054,0.575739
18.822000,-1.412959,-1.350190,0.000278,0.001110,0.571114,0.575807
18.824000,-1.416353,-1.353600,0.000279,0.001107,0.571174,0.575841
18.826000,-1.419748,-1.357012,0.000279,0.001107,0.571235,0.575918
18.828000,-1.423142,-1.360421,0.000280,0.001102,0.571294,0.575991
18.830000,-1.426536,-1.363834,0.000280,0.001097,0.571354,0.575985
18.832000,-1.429930,-1.367244,0.000281,0.001098,0.571414,0.575954
18.834000,-1.433324,-1.370658,0.000282,0.001097,0.571473,0.575992
18.836000,-1.436718,-1.374070,0.000282,0.001091,0.571533,0.576052
18.838000,-1.440112,-1.377482,0.000283,0.001091,0.571592,0.576121
18.840000,-1.443506,-1.380894,0.000284,0.001096,0.571651,0.576187
18.842000,-1.446900,-1.384303,0.000284,0.001107,0.571710,0.576240
18.844000,-1.450294,-1.387717,0.000285,0.001106,0.571768,0.576356
18.846000,-1.453688,-1.391118,0.000285,0.001096,0.571827,0.576498
18.848000,-1.457082,-1.394527,0.000286,0.001092,0.571885,0.576529
18.850000,-1.460476,-1.397934,0.000287,0.001089,0.571943,0.576524
18.852000,-1.463870,-1.401344,0.000287,0.001090,0.572001,0.576579
18.854000,-1.467264,-1.404752,0.000288,0.001086,0.572059,0.576660
18.856000,-1.470659,-1.408161,0.000288,0.001083,0.572117,0.576668
18.858000,-1.474053,-1.411567,0.000289,0.001084,0.572174,0.576653
18.860000,-1.477447,-1.414977,0.000290,0.001084,0.572232,0.576707
18.862000,-1.480841,-1.418385,0.000290,0.001079,0.572289,0.576787
18.864000,-1.484235,-1.421792,0.000291,0.001080,0.572346,0.576864
18.866000,-1.487629,-1.425199,0.000291,0.001085,0.572403,0.576932
18.868000,-1.491023,-1.428603,0.000292,0.001097,0.572460,0.576978
18.870000,-1.494417,-1.432010,0.000293,0.001098,0.572517,0.577085
18.872000,-1.497811,-1.435416,0.000293,0.001088,0.572573,0.577141
18.874000,-1.501205,-1.438823,0.000294,0.001086,0.572630,0.577167
18.876000,-1.504599,-1.442225,0.000295,0.001079,0.572686,0.577189
18.878000,-1.507993,-1.445633,0.000295,0.001081,0.572742,0.577265
18.880000,-1.511387,-1.449036,0.000296,0.001080,0.572798,0.577364
18.882000,-1.514781,-1.452439,0.000296,0.001076,0.572854,0.577383
18.884000,-1.518175,-1.455842,0.000297,0.001085,0.572909,0.577444
18.886000,-1.521570,-1.459245,0.000298,0.001081,0.572965,0.577496
18.888000,-1.524964,-1.462648,0.000298,0.001090,0.573020,0.577554
18.890000,-1.528358,-1.466051,0.000299,0.001082,0.573075,0.577537
18.892000,-1.531752,-1.469454,0.000299,0.001091,0.573130,0.577571
18.894000,-1.535146,-1.472856,0.000300,0.001089,0.573185,0.577604
18.896000,-1.538540,-1.476260,0.000301,0.001087,0.573240,0.577701
18.898000,-1.541934,-1.479661,0.000301,0.001090,0.573294,0.577731
18.900000,-1.545328,-1.483063,0.000302,0.001082,0.573349,0.577763
18.902000,-1.548722,-1.486463,0.000302,0.001096,0.573403,0.577769
18.904000,-1.552116,-1.489866,0.000303,0.001092,0.573457,0.577837
18.906000,-1.555510,-1.493266,0.000304,0.001089,0.573511,0.577949
18.908000,-1.558904,-1.496663,0.000304,0.001082,0.573565,0.577985
18.910000,-1.562298,-1.500061,0.000305,0.001090,0.573619,0.578064
18.912000,-1.565692,-1.503457,0.000306,0.001088,0.573672,0.578108
18.914000,-1.569086,-1.506855,0.000306,0.001089,0.573726,0.578207
18.916000,-1.572481,-1.510252,0.000307,0.001084,0.573779,0.578211
18.918000,-1.575875,-1.513649,0.000307,0.001081,0.573832,0.578257
18.920000,-1.579269,-1.517046,0.000308,0.001081,0.573885,0.578266
18.922000,-1.582663,-1.520444,0.000309,0.001081,0.573938,0.578337
18.924000,-1.586057,-1.523841,0.000309,0.001078,0.573991,0.578318
18.926000,-1.589451,-1.527236,0.000310,0.001073,0.574043,0.578352
18.928000,-1.592845,-1.530635,0.000310,0.001081,0.574096,0.578468
18.930000,-1.596239,-1.534031,0.000311,0.001075,0.574148,0.578541
18.932000,-1.599633,-1.537427,0.000312,0.001091,0.574200,0.578512
18.934000,-1.603027,-1.540818,0.000312,0.001070,0.574252,0.578555
18.936000,-1.606421,-1.544213,0.000313,0.001095,0.574304,0.578655
18.938000,-1.609815,-1.547605,0.000313,0.001084,0.574356,0.578709
18.940000,-1.613209,-1.550999,0.000314,0.001086,0.574407,0.578813
18.942000,-1.616603,-1.554389,0.000315,0.001080,0.574459,0.578824
18.944000,-1.619997,-1.557780,0.000315,0.001076,0.574510,0.578882
18.946000,-1.623391,-1.561172,0.000316,0.001078,0.574561,0.578927
18.948000,-1.626786,-1.564564,0.000317,0.001078,0.574612,0.579030
18.950000,-1.630180,-1.567954,0.000317,0.001077,0.574663,0.579042
18.952000,-1.633574,-1.571344,0.000318,0.001076,0.574714,0.579094
18.954000,-1.636968,-1.574736,0.000318,0.001074,0.574765,0.579067
18.956000,-1.640362,-1.578130,0.000319,0.001071,0.574815,0.579103
18.958000,-1.643756,-1.581520,0.000320,0.001073,0.574866,0.579070
18.960000,-1.647150,-1.584909,0.000320,0.001063,0.574916,0.579095
18.962000,-1.650544,-1.588298,0.000321,0.001085,0.574966,0.579207
18.964000,-1.653938,-1.591686,0.000321,0.001083,0.575016,0.579312
18.966000,-1.657332,-1.595077,0.000322,0.001079,0.575066,0.579467
18.968000,-1.660726,-1.598462,0.000323,0.001084,0.575116,0.579519
18.970000,-1.664120,-1.601849,0.000323,0.001068,0.575165,0.579602
18.972000,-1.667514,-1.605239,0.000324,0.001077,0.575215,0.579643
18.974000,-1.670908,-1.608628,0.000325,0.001075,0.575264,0.579727
18.976000,-1.674302,-1.612014,0.000325,0.001074,0.575313,0.579721
18.978000,-1.677697,-1.615400,0.000326,0.001072,0.575362,0.579757
18.980000,-1.681091,-1.618790,0.000326,0.001072,0.575411,0.579767
18.982000,-1.684485,-1.622179,0.000327,0.001071,0.575460,0.579834
18.984000,-1.687879,-1.625565,0.000328,0.001075,0.575508,0.579818
18.986000,-1.691273,-1.628949,0.000328,0.001069,0.575557,0.579848
18.988000,-1.694667,-1.632335,0.000329,0.001089,0.575605,0.579956
18.990000,-1.698061,-1.635720,0.000329,0.001086,0.575654,0.580043
18.992000,-1.701455,-1.639109,0.000330,0.001091,0.575702,0.579993
18.994000,-1.704849,-1.642506,0.000331,0.001078,0.575750,0.580024
18.996000,-1.708243,-1.645896,0.000331,0.001080,0.575798,0.580107
18.998000,-1.711637,-1.649285,0.000332,0.001074,0.575845,0.580169
19.000000,-1.715031,-1.652672,0.000332,0.001079,0.575893,0.580276
19.002000,-1.718425,-1.656055,0.000333,0.001077,0.575941,0.580278
19.004000,-1.721819,-1.659437,0.000334,0.001077,0.575988,0.580321
19.006000,-1.725213,-1.662823,0.000334,0.001077,0.576035,0.580336
19.008000,-1.728608,-1.666208,0.000335,0.001076,0.576082,0.580409
19.010000,-1.732002,-1.669589,0.000336,0.001081,0.576129,0.580395
19.012000,-1.735396,-1.672969,0.000336,0.001074,0.576176,0.580427
19.014000,-1.738790,-1.676350,0.000337,0.001096,0.576223,0.580537
19.016000,-1.742184,-1.679732,0.000337,0.001091,0.576270,0.580623
19.018000,-1.745578,-1.683115,0.000338,0.001097,0.576316,0.580592
19.020000,-1.748972,-1.686512,0.000339,0.001086,0.576362,0.580641
19.022000,-1.752366,-1.689896,0.000339,0.001087,0.576409,0.580736
19.024000,-1.755760,-1.693282,0.000340,0.001084,0.576455,0.580799
19.026000,-1.759154,-1.696667,0.000340,0.001086,0.576501,0.580912
19.028000,-1.762548,-1.700048,0.000341,0.001083,0.576547,0.580958
19.030000,-1.765942,-1.703426,0.000342,0.001081,0.576592,0.581031
19.032000,-1.769336,-1.706805,0.000342,0.001086,0.576638,0.581162
19.034000,-1.772730,-1.710187,0.000343,0.001096,0.576684,0.581111
19.036000,-1.776124,-1.713594,0.000343,0.001088,0.576729,0.581107
19.038000,-1.779519,-1.716975,0.000344,0.001102,0.576774,0.581134
19.040000,-1.782913,-1.720358,0.000345,0.001093,0.576819,0.581232
19.042000,-1.786307,-1.723743,0.000345,0.001095,0.576864,0.581314
19.044000,-1.789701,-1.727126,0.000346,0.001100,0.576909,0.581341
19.046000,-1.793095,-1.730507,0.000347,0.001096,0.576954,0.581378
19.048000,-1.796489,-1.733886,0.000347,0.001104,0.576999,0.581469
19.050000,-1.799883,-1.737266,0.000348,0.001110,0.577043,0.581634
19.052000,-1.803277,-1.740649,0.000348,0.001111,0.577088,0.581644
19.054000,-1.806671,-1.744029,0.000349,0.001120,0.577132,0.581634
19.056000,-1.810065,-1.747411,0.000350,0.001116,0.577176,0.581664
19.058000,-1.813459,-1.750796,0.000350,0.001124,0.577220,0.581769
19.060000,-1.816853,-1.754178,0.000351,0.001124,0.577264,0.581882
19.062000,-1.820247,-1.757559,0.000351,0.001126,0.577308,0.581917
19.064000,-1.823641,-1.760937,0.000352,0.001125,0.577352,0.581941
19.066000,-1.827035,-1.764317,0.000353,0.001123,0.577396,0.582013
19.068000,-1.830429,-1.767699,0.000353,0.001125,0.577439,0.582083
19.070000,-1.833824,-1.771082,0.000354,0.001127,0.577482,0.582087
19.072000,-1.837218,-1.774462,0.000355,0.001126,0.577526,0.582084
19.074000,-1.840612,-1.777843,0.000355,0.001124,0.577569,0.582134
19.076000,-1.844006,-1.781226,0.000356,0.001131,0.577612,0.582264
19.078000,-1.847400,-1.784610,0.000356,0.001137,0.577655,0.582323
19.080000,-1.850794,-1.787993,0.000357,0.001139,0.577698,0.582360
19.082000,-1.854188,-1.791377,0.000358,0.001148,0.577740,0.582386
19.084000,-1.857582,-1.794764,0.000358,0.001145,0.577783,0.582462
19.086000,-1.860976,-1.798149,0.000359,0.001148,0.577825,0.582552
19.088000,-1.864370,-1.801535,0.000359,0.001149,0.577868,0.582581
19.090000,-1.867764,-1.804918,0.000360,0.001149,0.577910,0.582584
19.092000,-1.871158,-1.808304,0.000361,0.001148,0.577952,0.582629
19.094000,-1.874552,-1.811690,0.000361,0.001150,0.577994,0.582685
19.096000,-1.877946,-1.815078,0.000362,0.001152,0.578036,0.582692
19.098000,-1.881340,-1.818465,0.000362,0.001152,0.578078,0.582680
19.100000,-1.884735,-1.821852,0.000363,0.001149,0.578119,0.582714
19.102000,-1.888129,-1.825240,0.000364,0.001156,0.578161,0.582823
19.104000,-1.891523,-1.828628,0.000364,0.001162,0.578202,0.582897
19.106000,-1.894917,-1.832017,0.000365,0.001164,0.578244,0.582947
19.108000,-1.898311,-1.835405,0.000366,0.001173,0.578285,0.582977
19.110000,-1.901705,-1.838795,0.000366,0.001172,0.578326,0.583048
19.112000,-1.905099,-1.842185,0.000367,0.001175,0.578367,0.583136
19.114000,-1.908493,-1.845576,0.000367,0.001176,0.578408,0.583168
19.116000,-1.911887,-1.848966,0.000368,0.001175,0.578449,0.583169
19.118000,-1.915281,-1.852356,0.000369,0.001173,0.578490,0.583207
19.120000,-1.918675,-1.855747,0.000369,0.001180,0.578530,0.583316
19.122000,-1.922069,-1.859141,0.000370,0.001180,0.578571,0.583349
19.124000,-1.925463,-1.862535,0.000370,0.001188,0.578611,0.583330
19.126000,-1.928857,-1.865930,0.000371,0.001185,0.578651,0.583344
19.128000,-1.932251,-1.869326,0.000372,0.001190,0.578691,0.583430
19.130000,-1.935646,-1.872721,0.000372,0.001196,0.578731,0.583499
19.132000,-1.939040,-1.876116,0.000373,0.001196,0.578771,0.583547
19.134000,-1.942434,-1.879511,0.000373,0.001204,0.578811,0.583570
19.136000,-1.945828,-1.882908,0.000374,0.001202,0.578851,0.583632
19.138000,-1.949222,-1.886304,0.000375,0.001204,0.578890,0.583715
19.140000,-1.952616,-1.889700,0.000375,0.001204,0.578930,0.583752
19.142000,-1.956010,-1.893096,0.000376,0.001202,0.578969,0.583755
19.144000,-1.959404,-1.896491,0.000377,0.001200,0.579009,0.583795
19.146000,-1.962798,-1.899887,0.000377,0.001206,0.579048,0.583905
19.148000,-1.966192,-1.903283,0.000378,0.001207,0.579087,0.583942
19.150000,-1.969586,-1.906680,0.000378,0.001210,0.579126,0.583985
19.152000,-1.972980,-1.910078,0.000379,0.001208,0.579165,0.584021
19.154000,-1.976374,-1.913477,0.000380,0.001207,0.579204,0.584104
19.156000,-1.979768,-1.916879,0.000380,0.001207,0.579242,0.584100
19.158000,-1.983162,-1.920280,0.000381,0.001209,0.579281,0.584108
19.160000,-1.986557,-1.923681,0.000381,0.001207,0.579319,0.584122
19.162000,-1.989951,-1.927083,0.000382,0.001206,0.579358,0.584190
19.164000,-1.993345,-1.930485,0.000383,0.001210,0.579396,0.584208
19.166000,-1.996739,-1.933887,0.000383,0.001209,0.579434,0.584211
19.168000,-2.000133,-1.937288,0.000384,0.001215,0.579472,0.584186
19.170000,-2.003527,-1.940689,0.000384,0.001210,0.579510,0.584216
19.172000,-2.006921,-1.944089,0.000385,0.001220,0.579548,0.584327
19.174000,-2.010315,-1.947487,0.000386,0.001220,0.579586,0.584346
19.176000,-2.013709,-1.950886,0.000386,0.001223,0.579623,0.584387
19.178000,-2.017103,-1.954284,0.000387,0.001220,0.579661,0.584410
19.180000,-2.020497,-1.957683,0.000388,0.001216,0.579698,0.584494
19.182000,-2.023891,-1.961086,0.000388,0.001226,0.579736,0.584549
19.184000,-2.027285,-1.964485,0.000389,0.001226,0.579773,0.584582
19.186000,-2.030679,-1.967889,0.000389,0.001229,0.579810,0.584664
19.188000,-2.034073,-1.971290,0.000390,0.001225,0.579847,0.584730
19.190000,-2.037467,-1.974693,0.000391,0.001223,0.579884,0.584850
19.192000,-2.040862,-1.978094,0.000391,0.001225,0.579921,0.584879
19.194000,-2.044256,-1.981496,0.000392,0.001227,0.579958,0.584926
19.196000,-2.047650,-1.984897,0.000392,0.001225,0.579994,0.584946
19.198000,-2.051044,-1.988299,0.000393,0.001224,0.580031,0.585017
19.200000,-2.054438,-1.991701,0.000394,0.001225,0.580067,0.585013
19.202000,-2.057832,-1.995105,0.000394,0.001227,0.580104,0.585041
19.204000,-2.061226,-1.998507,0.000395,0.001225,0.580140,0.585035
19.206000,-2.064620,-2.001909,0.000396,0.001221,0.580176,0.585085
19.208000,-2.068014,-2.005315,0.000396,0.001230,0.580212,0.585106
19.210000,-2.071408,-2.008719,0.000397,0.001230,0.580248,0.585136
19.212000,-2.074802,-2.012126,0.000397,0.001233,0.580284,0.585225
19.214000,-2.078196,-2.015530,0.000398,0.001228,0.580320,0.585278
19.216000,-2.081590,-2.018936,0.000399,0.001231,0.580356,0.585354
19.218000,-2.084984,-2.022342,0.000399,0.001231,0.580391,0.585375
19.220000,-2.088378,-2.025748,0.000400,0.001242,0.580427,0.585432
19.222000,-2.091773,-2.029153,0.000400,0.001238,0.580462,0.585439
19.224000,-2.095167,-2.032559,0.000401,0.001237,0.580497,0.585490
19.226000,-2.098561,-2.035965,0.000402,0.001238,0.580533,0.585489
19.228000,-2.101955,-2.039371,0.000402,0.001239,0.580568,0.585528
19.230000,-2.105349,-2.042776,0.000403,0.001236,0.580603,0.585511
19.232000,-2.108743,-2.046180,0.000403,0.001231,0.580638,0.585544
19.234000,-2.112137,-2.049588,0.000404,0.001239,0.580673,0.585541
19.236000,-2.115531,-2.052996,0.000405,0.001236,0.580707,0.585573
19.238000,-2.118925,-2.056404,0.000405,0.001246,0.580742,0.585537
19.240000,-2.122319,-2.059811,0.000406,0.001235,0.580777,0.585561
19.242000,-2.125713,-2.063219,0.000407,0.001252,0.580811,0.585657
19.244000,-2.129107,-2.066625,0.000407,0.001245,0.580845,0.585677
19.246000,-2.132501,-2.070034,0.000408,0.001260,0.580880,0.585747
19.248000,-2.135895,-2.073441,0.000408,0.001250,0.580914,0.585740
19.250000,-2.139289,-2.076848,0.000409,0.001248,0.580948,0.585792
19.252000,-2.142684,-2.080256,0.000410,0.001248,0.580982,0.585771
19.254000,-2.146078,-2.083665,0.000410,0.001247,0.581016,0.585814
19.256000,-2.149472,-2.087072,0.000411,0.001243,0.581050,0.585796
19.258000,-2.152866,-2.090480,0.000411,0.001237,0.581084,0.585845
19.260000,-2.156260,-2.093888,0.000412,0.001246,0.581117,0.585981
19.262000,-2.159654,-2.097293,0.000413,0.001244,0.581151,0.586027
19.264000,-2.163048,-2.100700,0.000413,0.001245,0.581184,0.586122
19.266000,-2.166442,-2.104103,0.000414,0.001237,0.581218,0.586136
19.268000,-2.169836,-2.107510,0.000414,0.001239,0.581251,0.586196
19.270000,-2.173230,-2.110916,0.000415,0.001236,0.581284,0.586181
19.272000,-2.176624,-2.114324,0.000416,0.001249,0.581317,0.586224
19.274000,-2.180018,-2.117731,0.000416,0.001243,0.581350,0.586211
19.276000,-2.183412,-2.121137,0.000417,0.001237,0.581383,0.586259
19.278000,-2.186806,-2.124544,0.000418,0.001240,0.581416,0.586220
19.280000,-2.190200,-2.127951,0.000418,0.001236,0.581449,0.586249
19.282000,-2.193595,-2.131356,0.000419,0.001234,0.581482,0.586223
19.284000,-2.196989,-2.134762,0.000419,0.001225,0.581514,0.586261
19.286000,-2.200383,-2.138170,0.000420,0.001241,0.581547,0.586381
19.288000,-2.203777,-2.141576,0.000421,0.001232,0.581579,0.586421
19.290000,-2.207171,-2.144981,0.000421,0.001257,0.581611,0.586356
19.292000,-2.210565,-2.148387,0.000422,0.001242,0.581644,0.586353
19.294000,-2.213959,-2.151793,0.000422,0.001253,0.581676,0.586439
19.296000,-2.217353,-2.155196,0.000423,0.001248,0.581708,0.586456
19.298000,-2.220747,-2.158600,0.000424,0.001248,0.581740,0.586526
19.300000,-2.224141,-2.162002,0.000424,0.001243,0.581772,0.586517
19.302000,-2.227535,-2.165406,0.000425,0.001238,0.581804,0.586570
19.304000,-2.230929,-2.168808,0.000426,0.001239,0.581835,0.586545
19.306000,-2.234323,-2.172212,0.000426,0.001238,0.581867,0.586582
19.308000,-2.237717,-2.175615,0.000427,0.001234,0.581899,0.586548
19.310000,-2.241111,-2.179017,0.000427,0.001225,0.581930,0.586584
19.312000,-2.244505,-2.182422,0.000428,0.001241,0.581961,0.586703
19.314000,-2.247900,-2.185821,0.000429,0.001234,0.581993,0.586744
19.316000,-2.251294,-2.189225,0.000429,0.001250,0.582024,0.586832
19.318000,-2.254688,-2.192624,0.000430,0.001242,0.582055,0.586843
19.320000,-2.258082,-2.196026,0.000430,0.001231,0.582086,0.586760
19.322000,-2.261476,-2.199420,0.000431,0.001244,0.582117,0.586766
19.324000,-2.264870,-2.202823,0.000432,0.001228,0.582148,0.586830
19.326000,-2.268264,-2.206222,0.000432,0.001233,0.582179,0.586832
19.328000,-2.271658,-2.209622,0.000433,0.001227,0.582210,0.586890
19.330000,-2.275052,-2.213020,0.000433,0.001230,0.582240,0.586853
19.332000,-2.278446,-2.216418,0.000434,0.001231,0.582271,0.586879
19.334000,-2.281840,-2.219816,0.000435,0.001227,0.582301,0.586850
19.336000,-2.285234,-2.223213,0.000435,0.001220,0.582332,0.586892
19.338000,-2.288628,-2.226613,0.000436,0.001236,0.582362,0.587009
19.340000,-2.292022,-2.230006,0.000437,0.001230,0.582392,0.587037
19.342000,-2.295416,-2.233403,0.000437,0.001247,0.582422,0.587113
19.344000,-2.298811,-2.236797,0.000438,0.001240,0.582453,0.587123
19.346000,-2.302205,-2.240194,0.000438,0.001231,0.582483,0.587061
19.348000,-2.305599,-2.243589,0.000439,0.001235,0.582512,0.587026
19.350000,-2.308993,-2.246986,0.000440,0.001222,0.582542,0.587075
19.352000,-2.312387,-2.250380,0.000440,0.001220,0.582572,0.587085
19.354000,-2.315781,-2.253776,0.000441,0.001222,0.582602,0.587137
19.356000,-2.319175,-2.257168,0.000441,0.001221,0.582631,0.587097
19.358000,-2.322569,-2.260562,0.000442,0.001237,0.582661,0.587124
19.360000,-2.325963,-2.263955,0.000443,0.001227,0.582690,0.587119
19.362000,-2.329357,-2.267346,0.000443,0.001224,0.582720,0.587193
19.364000,-2.332751,-2.270738,0.000444,0.001231,0.582749,0.587177
19.366000,-2.336145,-2.274131,0.000444,0.001238,0.582778,0.587233
19.368000,-2.339539,-2.277524,0.000445,0.001239,0.582807,0.587342
19.370000,-2.342933,-2.280915,0.000446,0.001240,0.582836,0.587442
19.372000,-2.346327,-2.284308,0.000446,0.001238,0.582865,0.587593
19.374000,-2.349722,-2.287695,0.000447,0.001235,0.582894,0.587582
19.376000,-2.353116,-2.291082,0.000448,0.001243,0.582923,0.587482
19.378000,-2.356510,-2.294471,0.000448,0.001232,0.582952,0.587451
19.380000,-2.359904,-2.297860,0.000449,0.001242,0.582981,0.587524
19.382000,-2.363298,-2.301244,0.000449,0.001240,0.583009,0.587496
19.384000,-2.366692,-2.304627,0.000450,0.001244,0.583038,0.587512
19.386000,-2.370086,-2.308015,0.000451,0.001235,0.583066,0.587608
19.388000,-2.373480,-2.311401,0.000451,0.001237,0.583094,0.587728
19.390000,-2.376874,-2.314786,0.000452,0.001227,0.583123,0.587692
19.392000,-2.380268,-2.318174,0.000452,0.001230,0.583151,0.587676
19.394000,-2.383662,-2.321563,0.000453,0.001225,0.583179,0.587669
19.396000,-2.387056,-2.324951,0.000454,0.001219,0.583207,0.587730
19.398000,-2.390450,-2.328339,0.000454,0.001232,0.583235,0.587801
19.400000,-2.393844,-2.331724,0.000455,0.001227,0.583263,0.587797
19.402000,-2.397238,-2.335110,0.000456,0.001249,0.583291,0.587773
19.404000,-2.400632,-2.338497,0.000456,0.001240,0.583319,0.587804
19.406000,-2.404027,-2.341883,0.000457,0.001248,0.583346,0.587917
19.408000,-2.407421,-2.345265,0.000457,0.001246,0.583374,0.587902
19.410000,-2.410815,-2.348648,0.000458,0.001247,0.583402,0.587909
19.412000,-2.414209,-2.352032,0.000459,0.001244,0.583429,0.587926
19.414000,-2.417603,-2.355416,0.000459,0.001239,0.583456,0.588008
19.416000,-2.420997,-2.358800,0.000460,0.001246,0.583484,0.588042
19.418000,-2.424391,-2.362181,0.000460,0.001242,0.583511,0.588039
19.420000,-2.427785,-2.365563,0.000461,0.001253,0.583538,0.588029
19.422000,-2.431179,-2.368945,0.000462,0.001248,0.583565,0.588079
19.424000,-2.434573,-2.372328,0.000462,0.001249,0.583592,0.588139
19.426000,-2.437967,-2.375707,0.000463,0.001251,0.583619,0.588135
19.428000,-2.441361,-2.379089,0.000463,0.001238,0.583646,0.588164
19.430000,-2.444755,-2.382486,0.000464,0.001245,0.583673,0.588232
19.432000,-2.448149,-2.385868,0.000465,0.001241,0.583700,0.588344
19.434000,-2.451543,-2.389248,0.000465,0.001247,0.583726,0.588317
19.436000,-2.454938,-2.392629,0.000466,0.001248,0.583753,0.588304
19.438000,-2.458332,-2.396011,0.000467,0.001246,0.583780,0.588307
19.440000,-2.461726,-2.399393,0.000467,0.001242,0.583806,0.588380
19.442000,-2.465120,-2.402775,0.000468,0.001253,0.583832,0.588480
19.444000,-2.468514,-2.406152,0.000468,0.001252,0.583859,0.588527
19.446000,-2.471908,-2.409531,0.000469,0.001264,0.583885,0.588587
19.448000,-2.475302,-2.412909,0.000470,0.001261,0.583911,0.588647
19.450000,-2.478696,-2.416289,0.000470,0.001261,0.583937,0.588608
19.452000,-2.482090,-2.419670,0.000471,0.001262,0.583963,0.588551
19.454000,-2.485484,-2.423054,0.000471,0.001263,0.583989,0.588550
19.456000,-2.488878,-2.426438,0.000472,0.001261,0.584015,0.588585
19.458000,-2.492272,-2.429822,0.000473,0.001260,0.584041,0.588689
19.460000,-2.495666,-2.433204,0.000473,0.001261,0.584067,0.588708
19.462000,-2.499060,-2.436586,0.000474,0.001262,0.584093,0.588735
19.464000,-2.502454,-2.439968,0.000474,0.001261,0.584118,0.588767
19.466000,-2.505849,-2.443348,0.000475,0.001259,0.584144,0.588852
19.468000,-2.509243,-2.446729,0.000476,0.001265,0.584169,0.588896
19.470000,-2.512637,-2.450108,0.000476,0.001267,0.584195,0.588906
19.472000,-2.516031,-2.453490,0.000477,0.001270,0.584220,0.588948
19.474000,-2.519425,-2.456870,0.000478,0.001269,0.584245,0.589005
19.476000,-2.522819,-2.460254,0.000478,0.001267,0.584271,0.589016
19.478000,-2.526213,-2.463638,0.000479,0.001270,0.584296,0.588997
19.480000,-2.529607,-2.467023,0.000479,0.001271,0.584321,0.589017
19.482000,-2.533001,-2.470408,0.000480,0.001270,0.584346,0.589064
19.484000,-2.536395,-2.473793,0.000481,0.001272,0.584371,0.589112
19.486000,-2.539789,-2.477178,0.000481,0.001277,0.584396,0.589159
19.488000,-2.543183,-2.480563,0.000482,0.001288,0.584420,0.589192
19.490000,-2.546577,-2.483950,0.000482,0.001294,0.584445,0.589214
19.492000,-2.549971,-2.487337,0.000483,0.001293,0.584470,0.589286
19.494000,-2.553365,-2.490725,0.000484,0.001298,0.584494,0.589323
19.496000,-2.556760,-2.494111,0.000484,0.001299,0.584519,0.589330
19.498000,-2.560154,-2.497498,0.000485,0.001300,0.584544,0.589365
19.500000,-2.563548,-2.500885,0.000485,0.001300,0.584568,0.589425
19.502000,-2.566942,-2.504276,0.000486,0.001297,0.584592,0.589438
19.504000,-2.570336,-2.507666,0.000487,0.001299,0.584617,0.589418
19.506000,-2.573730,-2.511056,0.000487,0.001299,0.584641,0.589430
19.508000,-2.577124,-2.514446,0.000488,0.001297,0.584665,0.589479
19.510000,-2.580518,-2.517838,0.000489,0.001300,0.584689,0.589512
19.512000,-2.583912,-2.521232,0.000489,0.001300,0.584713,0.589486
19.514000,-2.587306,-2.524624,0.000490,0.001310,0.584737,0.589488
19.516000,-2.590700,-2.528016,0.000490,0.001307,0.584761,0.589530
19.518000,-2.594094,-2.531407,0.000491,0.001306,0.584785,0.589641
19.520000,-2.597488,-2.534798,0.000492,0.001312,0.584809,0.589715
19.522000,-2.600882,-2.538189,0.000492,0.001313,0.584832,0.589729
19.524000,-2.604276,-2.541581,0.000493,0.001315,0.584856,0.589763
19.526000,-2.607670,-2.544972,0.000493,0.001312,0.584880,0.589837
19.528000,-2.611065,-2.548366,0.000494,0.001315,0.584903,0.589881
19.530000,-2.614459,-2.551761,0.000495,0.001314,0.584927,0.589858
19.532000,-2.617853,-2.555155,0.000495,0.001325,0.584950,0.589863
19.534000,-2.621247,-2.558549,0.000496,0.001322,0.584973,0.589918
19.536000,-2.624641,-2.561942,0.000497,0.001320,0.584997,0.590047
19.538000,-2.628035,-2.565335,0.000497,0.001327,0.585020,0.590138
19.540000,-2.631429,-2.568728,0.000498,0.001327,0.585043,0.590155
19.542000,-2.634823,-2.572122,0.000498,0.001330,0.585066,0.590183
19.544000,-2.638217,-2.575515,0.000499,0.001328,0.585089,0.590258
19.546000,-2.641611,-2.578913,0.000500,0.001326,0.585112,0.590291
19.548000,-2.645005,-2.582310,0.000500,0.001328,0.585135,0.590261
19.550000,-2.648399,-2.585708,0.000501,0.001329,0.585158,0.590255
19.552000,-2.651793,-2.589105,0.000501,0.001326,0.585181,0.590307
19.554000,-2.655187,-2.592506,0.000502,0.001329,0.585203,0.590329
19.556000,-2.658581,-2.595907,0.000503,0.001328,0.585226,0.590287
19.558000,-2.661976,-2.599307,0.000503,0.001340,0.585249,0.590279
19.560000,-2.665370,-2.602706,0.000504,0.001336,0.585271,0.590331
19.562000,-2.668764,-2.606105,0.000504,0.001334,0.585294,0.590459
19.564000,-2.672158,-2.609504,0.000505,0.001341,0.585316,0.590549
19.566000,-2.675552,-2.612901,0.000506,0.001342,0.585338,0.590559
19.568000,-2.678946,-2.616300,0.000506,0.001346,0.585361,0.590580
19.570000,-2.682340,-2.619700,0.000507,0.001342,0.585383,0.590647
19.572000,-2.685734,-2.623102,0.000508,0.001342,0.585405,0.590677
19.574000,-2.689128,-2.626504,0.000508,0.001342,0.585427,0.590638
19.576000,-2.692522,-2.629906,0.000509,0.001344,0.585449,0.590623
19.578000,-2.695916,-2.633307,0.000509,0.001340,0.585471,0.590669
19.580000,-2.699310,-2.636712,0.000510,0.001344,0.585493,0.590685
19.582000,-2.702704,-2.640115,0.000511,0.001341,0.585515,0.590588
19.584000,-2.706098,-2.643519,0.000511,0.001353,0.585537,0.590537
19.586000,-2.709492,-2.646921,0.000512,0.001346,0.585559,0.590562
19.588000,-2.712887,-2.650322,0.000512,0.001343,0.585581,0.590679
19.590000,-2.716281,-2.653724,0.000513,0.001353,0.585602,0.590762
19.592000,-2.719675,-2.657122,0.000514,0.001352,0.585624,0.590725
19.594000,-2.723069,-2.660522,0.000514,0.001356,0.585645,0.590727
19.596000,-2.726463,-2.663921,0.000515,0.001351,0.585667,0.590801
19.598000,-2.729857,-2.667323,0.000515,0.001348,0.585688,0.590851
19.600000,-2.733251,-2.670727,0.000516,0.001360,0.585710,0.590944
19.602000,-2.736645,-2.674128,0.000517,0.001359,0.585731,0.590936
19.604000,-2.740039,-2.677531,0.000517,0.001361,0.585752,0.590971
19.606000,-2.743433,-2.680937,0.000518,0.001361,0.585773,0.590968
19.608000,-2.746827,-2.684344,0.000519,0.001357,0.585795,0.591012
19.610000,-2.750221,-2.687748,0.000519,0.001370,0.585816,0.590982
19.612000,-2.753615,-2.691154,0.000520,0.001371,0.585837,0.591003
19.614000,-2.757009,-2.694559,0.000520,0.001365,0.585858,0.591095
19.616000,-2.760403,-2.697967,0.000521,0.001365,0.585879,0.591157
19.618000,-2.763798,-2.701372,0.000522,0.001357,0.585899,0.591107
19.620000,-2.767192,-2.704778,0.000522,0.001361,0.585920,0.591096
19.622000,-2.770586,-2.708183,0.000523,0.001356,0.585941,0.591155
19.624000,-2.773980,-2.711590,0.000523,0.001352,0.585962,0.591190
19.626000,-2.777374,-2.714998,0.000524,0.001364,0.585982,0.591270
19.628000,-2.780768,-2.718401,0.000525,0.001363,0.586003,0.591262
19.630000,-2.784162,-2.721808,0.000525,0.001366,0.586024,0.591298
19.632000,-2.787556,-2.725216,0.000526,0.001366,0.586044,0.591292
19.634000,-2.790950,-2.728625,0.000527,0.001362,0.586064,0.591328
19.636000,-2.794344,-2.732032,0.000527,0.001373,0.586085,0.591292
19.638000,-2.797738,-2.735438,0.000528,0.001380,0.586105,0.591294
19.640000,-2.801132,-2.738844,0.000528,0.001371,0.586125,0.591376
19.642000,-2.804526,-2.742228,0.000529,0.001391,0.586146,0.591443
19.644000,-2.807920,-2.745630,0.000530,0.001381,0.586166,0.591394
19.646000,-2.811314,-2.749042,0.000530,0.001392,0.586186,0.591409
19.648000,-2.814708,-2.752447,0.000531,0.001371,0.586206,0.591446
19.650000,-2.818103,-2.755856,0.000531,0.001368,0.586226,0.591456
19.652000,-2.821497,-2.759261,0.000532,0.001354,0.586246,0.591378
19.654000,-2.824891,-2.762667,0.000533,0.001358,0.586266,0.591356
19.656000,-2.828285,-2.766074,0.000533,0.001342,0.586286,0.591423
19.658000,-2.831679,-2.769481,0.000534,0.001343,0.586305,0.591389
19.660000,-2.835073,-2.772890,0.000534,0.001339,0.586325,0.591409
19.662000,-2.838467,-2.776297,0.000535,0.001340,0.586345,0.591380
19.664000,-2.841861,-2.779704,0.000536,0.001350,0.586364,0.591382
19.666000,-2.845255,-2.783111,0.000536,0.001339,0.586384,0.591472
19.668000,-2.848649,-2.786517,0.000537,0.001359,0.586403,0.591535
19.670000,-2.852043,-2.789916,0.000538,0.001352,0.586423,0.591500
19.672000,-2.855437,-2.793318,0.000538,0.001370,0.586442,0.591519
19.674000,-2.858831,-2.796717,0.000539,0.001359,0.586462,0.591572
19.676000,-2.862225,-2.800119,0.000539,0.001355,0.586481,0.591542
19.678000,-2.865619,-2.803522,0.000540,0.001364,0.586500,0.591578
19.680000,-2.869014,-2.806923,0.000541,0.001363,0.586519,0.591595
19.682000,-2.872408,-2.810329,0.000541,0.001365,0.586539,0.591681
19.684000,-2.875802,-2.813731,0.000542,0.001359,0.586558,0.591787
19.686000,-2.879196,-2.817133,0.000542,0.001354,0.586577,0.591791
19.688000,-2.882590,-2.820531,0.000543,0.001356,0.586596,0.591755
19.690000,-2.885984,-2.823934,0.000544,0.001356,0.586615,0.591781
19.692000,-2.889378,-2.827334,0.000544,0.001352,0.586634,0.591838
19.694000,-2.892772,-2.830735,0.000545,0.001349,0.586652,0.591806
19.696000,-2.896166,-2.834134,0.000545,0.001350,0.586671,0.591747
19.698000,-2.899560,-2.837537,0.000546,0.001355,0.586690,0.591778
19.700000,-2.902954,-2.840938,0.000547,0.001348,0.586709,0.591823
19.702000,-2.906348,-2.844339,0.000547,0.001356,0.586727,0.591854
19.704000,-2.909742,-2.847736,0.000548,0.001353,0.586746,0.591794
19.706000,-2.913136,-2.851135,0.000549,0.001368,0.586764,0.591784
19.708000,-2.916530,-2.854535,0.000549,0.001360,0.586783,0.591790
19.710000,-2.919925,-2.857934,0.000550,0.001355,0.586801,0.591879
19.712000,-2.923319,-2.861332,0.000550,0.001362,0.586820,0.591901
19.714000,-2.926713,-2.864726,0.000551,0.001360,0.586838,0.591884
19.716000,-2.930107,-2.868126,0.000552,0.001362,0.586856,0.591925
19.718000,-2.933501,-2.871523,0.000552,0.001356,0.586875,0.591980
19.720000,-2.936895,-2.874922,0.000553,0.001352,0.586893,0.591957
19.722000,-2.940289,-2.878318,0.000553,0.001354,0.586911,0.591903
19.724000,-2.943683,-2.881719,0.000554,0.001354,0.586929,0.591915
19.726000,-2.947077,-2.885118,0.000555,0.001347,0.586947,0.591947
19.728000,-2.950471,-2.888516,0.000555,0.001348,0.586965,0.591980
19.730000,-2.953865,-2.891914,0.000556,0.001353,0.586983,0.592004
19.732000,-2.957259,-2.895311,0.000556,0.001363,0.587001,0.592013
19.734000,-2.960653,-2.898708,0.000557,0.001368,0.587019,0.592008
19.736000,-2.964047,-2.902107,0.000558,0.001360,0.587037,0.592077
19.738000,-2.967441,-2.905502,0.000558,0.001368,0.587055,0.592081
19.740000,-2.970836,-2.908895,0.000559,0.001364,0.587072,0.592058
19.742000,-2.974230,-2.912292,0.000560,0.001365,0.587090,0.592092
19.744000,-2.977624,-2.915687,0.000560,0.001359,0.587108,0.592135
19.746000,-2.981018,-2.919082,0.000561,0.001354,0.587125,0.592105
19.748000,-2.984412,-2.922476,0.000561,0.001355,0.587143,0.592052
19.750000,-2.987806,-2.925873,0.000562,0.001354,0.587160,0.592065
19.752000,-2.991200,-2.929268,0.000563,0.001348,0.587178,0.592093
19.754000,-2.994594,-2.932663,0.000563,0.001348,0.587195,0.592125
19.756000,-2.997988,-2.936057,0.000564,0.001353,0.587213,0.592143
19.758000,-3.001382,-2.939448,0.000564,0.001365,0.587230,0.592150
19.760000,-3.004776,-2.942843,0.000565,0.001363,0.587247,0.592218
19.762000,-3.008170,-2.946236,0.000566,0.001359,0.587264,0.592292
19.764000,-3.011564,-2.949628,0.000566,0.001353,0.587281,0.592285
19.766000,-3.014958,-2.953018,0.000567,0.001354,0.587299,0.592248
19.768000,-3.018352,-2.956412,0.000568,0.001354,0.587316,0.592270
19.770000,-3.021746,-2.959803,0.000568,0.001350,0.587333,0.592305
19.772000,-3.025141,-2.963194,0.000569,0.001346,0.587350,0.592270
19.774000,-3.028535,-2.966583,0.000569,0.001348,0.587367,0.592216
19.776000,-3.031929,-2.969976,0.000570,0.001348,0.587384,0.592230
19.778000,-3.035323,-2.973366,0.000571,0.001345,0.587400,0.592257
19.780000,-3.038717,-2.976756,0.000571,0.001340,0.587417,0.592208
19.782000,-3.042111,-2.980146,0.000572,0.001348,0.587434,0.592211
19.784000,-3.045505,-2.983536,0.000572,0.001349,0.587451,0.592254
19.786000,-3.048899,-2.986929,0.000573,0.001352,0.587467,0.592366
19.788000,-3.052293,-2.990320,0.000574,0.001353,0.587484,0.592494
19.790000,-3.055687,-2.993707,0.000574,0.001345,0.587501,0.592460
19.792000,-3.059081,-2.997096,0.000575,0.001347,0.587517,0.592435
19.794000,-3.062475,-3.000486,0.000575,0.001341,0.587534,0.592389
19.796000,-3.065869,-3.003875,0.000576,0.001337,0.587550,0.592410
19.798000,-3.069263,-3.007261,0.000577,0.001344,0.587566,0.592370
19.800000,-3.072657,-3.010646,0.000577,0.001346,0.587583,0.592353
19.802000,-3.076052,-3.014032,0.000578,0.001348,0.587599,0.592406
19.804000,-3.079446,-3.017418,0.000579,0.001346,0.587615,0.592475
19.806000,-3.082840,-3.020804,0.000579,0.001352,0.587632,0.592562
19.808000,-3.086234,-3.024187,0.000580,0.001350,0.587648,0.592567
19.810000,-3.089628,-3.027572,0.000580,0.001364,0.587664,0.592602
19.812000,-3.093022,-3.030958,0.000581,0.001359,0.587680,0.592618
19.814000,-3.096416,-3.034343,0.000582,0.001357,0.587696,0.592682
19.816000,-3.099810,-3.037726,0.000582,0.001361,0.587712,0.592670
19.818000,-3.103204,-3.041107,0.000583,0.001361,0.587728,0.592675
19.820000,-3.106598,-3.044491,0.000583,0.001364,0.587744,0.592742
19.822000,-3.109992,-3.047874,0.000584,0.001362,0.587760,0.592802
19.824000,-3.113386,-3.051258,0.000585,0.001358,0.587776,0.592757
19.826000,-3.116780,-3.054642,0.000585,0.001359,0.587792,0.592728
19.828000,-3.120174,-3.058030,0.000586,0.001364,0.587807,0.592678
19.830000,-3.123568,-3.061416,0.000586,0.001359,0.587823,0.592683
19.832000,-3.126963,-3.064801,0.000587,0.001372,0.587839,0.592749
19.834000,-3.130357,-3.068181,0.000588,0.001367,0.587854,0.592743
19.836000,-3.133751,-3.071560,0.000588,0.001383,0.587870,0.592779
19.838000,-3.137145,-3.074943,0.000589,0.001376,0.587885,0.592784
19.840000,-3.140539,-3.078323,0.000590,0.001374,0.587901,0.592840
19.842000,-3.143933,-3.081702,0.000590,0.001379,0.587916,0.592811
19.844000,-3.147327,-3.085079,0.000591,0.001379,0.587932,0.592819
19.846000,-3.150721,-3.088458,0.000591,0.001381,0.587947,0.592898
19.848000,-3.154115,-3.091838,0.000592,0.001379,0.587963,0.592954
19.850000,-3.157509,-3.095217,0.000593,0.001376,0.587978,0.592900
19.852000,-3.160903,-3.098595,0.000593,0.001377,0.587993,0.592879
19.854000,-3.164297,-3.101975,0.000594,0.001377,0.588008,0.592930
19.856000,-3.167691,-3.105356,0.000594,0.001375,0.588024,0.592966
19.858000,-3.171085,-3.108737,0.000595,0.001378,0.588039,0.593044
19.860000,-3.174479,-3.112114,0.000596,0.001377,0.588054,0.593063
19.862000,-3.177873,-3.115490,0.000596,0.001389,0.588069,0.593109
19.864000,-3.181268,-3.118868,0.000597,0.001388,0.588084,0.593111
19.866000,-3.184662,-3.122248,0.000598,0.001379,0.588099,0.593003
19.868000,-3.188056,-3.125654,0.000598,0.001398,0.588114,0.592983
19.870000,-3.191450,-3.129031,0.000599,0.001382,0.588129,0.593006
19.872000,-3.194844,-3.132410,0.000599,0.001395,0.588144,0.593104
19.874000,-3.198238,-3.135791,0.000600,0.001391,0.588158,0.593169
19.876000,-3.201632,-3.139207,0.000601,0.001394,0.588173,0.593257
19.878000,-3.205026,-3.142586,0.000601,0.001386,0.588188,0.593239
19.880000,-3.208420,-3.145962,0.000602,0.001378,0.588203,0.593275
19.882000,-3.211814,-3.149341,0.000602,0.001373,0.588217,0.593289
19.884000,-3.215208,-3.152721,0.000603,0.001363,0.588232,0.593255
19.886000,-3.218602,-3.156099,0.000604,0.001376,0.588247,0.593248
19.888000,-3.221996,-3.159475,0.000604,0.001373,0.588261,0.593297
19.890000,-3.225390,-3.162854,0.000605,0.001376,0.588276,0.593420
19.892000,-3.228784,-3.166235,0.000605,0.001372,0.588290,0.593393
19.894000,-3.232179,-3.169614,0.000606,0.001369,0.588305,0.593364
19.896000,-3.235573,-3.172992,0.000607,0.001371,0.588319,0.593377
19.898000,-3.238967,-3.176371,0.000607,0.001372,0.588333,0.593460
19.900000,-3.242361,-3.179750,0.000608,0.001372,0.588348,0.593526
19.902000,-3.245755,-3.183129,0.000609,0.001371,0.588362,0.593501
19.904000,-3.249149,-3.186505,0.000609,0.001373,0.588376,0.593494
19.906000,-3.252543,-3.189882,0.000610,0.001376,0.588390,0.593545
19.908000,-3.255937,-3.193261,0.000610,0.001375,0.588404,0.593573
19.910000,-3.259331,-3.196640,0.000611,0.001378,0.588419,0.593643
19.912000,-3.262725,-3.200017,0.000612,0.001383,0.588433,0.593658
19.914000,-3.266119,-3.203392,0.000612,0.001396,0.588447,0.593694
19.916000,-3.269513,-3.206771,0.000613,0.001399,0.588461,0.593787
19.918000,-3.272907,-3.210155,0.000613,0.001399,0.588475,0.593734
19.920000,-3.276301,-3.213538,0.000614,0.001397,0.588489,0.593682
19.922000,-3.279695,-3.216920,0.000615,0.001401,0.588503,0.593677
19.924000,-3.283090,-3.220305,0.000615,0.001403,0.588516,0.593747
19.926000,-3.286484,-3.223690,0.000616,0.001403,0.588530,0.593803
19.928000,-3.289878,-3.227076,0.000616,0.001402,0.588544,0.593774
19.930000,-3.293272,-3.230460,0.000617,0.001405,0.588558,0.593762
19.932000,-3.296666,-3.233845,0.000618,0.001408,0.588572,0.593810
19.934000,-3.300060,-3.237232,0.000618,0.001407,0.588585,0.593835
19.936000,-3.303454,-3.240618,0.000619,0.001410,0.588599,0.593898
19.938000,-3.306848,-3.244003,0.000620,0.001415,0.588612,0.593910
19.940000,-3.310242,-3.247387,0.000620,0.001428,0.588626,0.593941
19.942000,-3.313636,-3.250775,0.000621,0.001431,0.588640,0.594030
19.944000,-3.317030,-3.254163,0.000621,0.001431,0.588653,0.594094
19.946000,-3.320424,-3.257552,0.000622,0.001429,0.588667,0.594078
19.948000,-3.323818,-3.260939,0.000623,0.001431,0.588680,0.594064
19.950000,-3.327212,-3.264329,0.000623,0.001434,0.588693,0.594104
19.952000,-3.330606,-3.267720,0.000624,0.001433,0.588707,0.594133
19.954000,-3.334001,-3.271114,0.000624,0.001432,0.588720,0.594094
19.956000,-3.337395,-3.274506,0.000625,0.001435,0.588733,0.594066
19.958000,-3.340789,-3.277900,0.000626,0.001437,0.588747,0.594098
19.960000,-3.344183,-3.281296,0.000626,0.001435,0.588760,0.594122
19.962000,-3.347577,-3.284691,0.000627,0.001438,0.588773,0.594174
19.964000,-3.350971,-3.288087,0.000628,0.001443,0.588786,0.594191
19.966000,-3.354365,-3.291481,0.000628,0.001457,0.588799,0.594214
19.968000,-3.357759,-3.294879,0.000629,0.001459,0.588812,0.594291
19.970000,-3.361153,-3.298277,0.000629,0.001459,0.588825,0.594358
19.972000,-3.364547,-3.301677,0.000630,0.001456,0.588838,0.594354
19.974000,-3.367941,-3.305075,0.000631,0.001457,0.588851,0.594336
19.976000,-3.371335,-3.308474,0.000631,0.001459,0.588864,0.594367
19.978000,-3.374729,-3.311874,0.000632,0.001458,0.588877,0.594404
19.980000,-3.378123,-3.315277,0.000632,0.001456,0.588890,0.594382
19.982000,-3.381517,-3.318677,0.000633,0.001458,0.588903,0.594349
19.984000,-3.384911,-3.322080,0.000634,0.001461,0.588916,0.594369
19.986000,-3.388306,-3.325483,0.000634,0.001458,0.588928,0.594402
19.988000,-3.391700,-3.328886,0.000635,0.001460,0.588941,0.594447
19.990000,-3.395094,-3.332288,0.000635,0.001465,0.588954,0.594476
19.992000,-3.398488,-3.335689,0.000636,0.001478,0.588966,0.594494
19.994000,-3.401882,-3.339093,0.000637,0.001481,0.588979,0.594557
19.996000,-3.405276,-3.342497,0.000637,0.001479,0.588992,0.594624
19.998000,-3.408670,-3.345903,0.000638,0.001477,0.589004,0.594627
20.000000,-3.412064,-3.349305,0.000639,0.001476,0.589017,0.594581
20.002000,-3.415458,-3.352710,0.000639,0.001477,0.589029,0.594579
20.004000,-3.418852,-3.356113,0.000640,0.001473,0.589042,0.594579
20.006000,-3.422246,-3.359518,0.000640,0.001468,0.589054,0.594535
20.008000,-3.425640,-3.362923,0.000641,0.001477,0.589067,0.594534
20.010000,-3.429034,-3.366325,0.000642,0.001478,0.589079,0.594538
20.012000,-3.432428,-3.369731,0.000642,0.001480,0.589091,0.594609
20.014000,-3.435822,-3.373135,0.000643,0.001481,0.589104,0.594635
20.016000,-3.439217,-3.376541,0.000643,0.001478,0.589116,0.594645
20.018000,-3.442611,-3.379945,0.000644,0.001490,0.589128,0.594626
20.020000,-3.446005,-3.383352,0.000645,0.001491,0.589140,0.594663
20.022000,-3.449399,-3.386757,0.000645,0.001489,0.589152,0.594709
20.024000,-3.452793,-3.390162,0.000646,0.001484,0.589164,0.594712
20.026000,-3.456187,-3.393568,0.000646,0.001493,0.589177,0.594746
20.028000,-3.459581,-3.396973,0.000647,0.001491,0.589189,0.594772
20.030000,-3.462975,-3.400379,0.000648,0.001501,0.589201,0.594781
20.032000,-3.466369,-3.403787,0.000648,0.001493,0.589213,0.594748
20.034000,-3.469763,-3.407195,0.000649,0.001503,0.589225,0.594756
20.036000,-3.473157,-3.410602,0.000650,0.001501,0.589237,0.594766
20.038000,-3.476551,-3.414012,0.000650,0.001501,0.589249,0.594836
20.040000,-3.479945,-3.417420,0.000651,0.001501,0.589260,0.594852
20.042000,-3.483339,-3.420830,0.000651,0.001495,0.589272,0.594856
20.044000,-3.486733,-3.424237,0.000652,0.001507,0.589284,0.594836
20.046000,-3.490128,-3.427647,0.000653,0.001506,0.589296,0.594870
20.048000,-3.493522,-3.431055,0.000653,0.001504,0.589308,0.594913
20.050000,-3.496916,-3.434464,0.000654,0.001500,0.589319,0.594914
20.052000,-3.500310,-3.437870,0.000654,0.001501,0.589331,0.594871
20.054000,-3.503704,-3.441278,0.000655,0.001504,0.589343,0.594878
20.056000,-3.507098,-3.444687,0.000656,0.001493,0.589354,0.594967
20.058000,-3.510492,-3.448095,0.000656,0.001491,0.589366,0.594965
20.060000,-3.513886,-3.451505,0.000657,0.001487,0.589377,0.594977
20.062000,-3.517280,-3.454914,0.000657,0.001488,0.589389,0.594965
20.064000,-3.520674,-3.458323,0.000658,0.001496,0.589400,0.594949
20.066000,-3.524068,-3.461736,0.000659,0.001489,0.589412,0.594891
20.068000,-3.527462,-3.465148,0.000659,0.001499,0.589423,0.594881
20.070000,-3.530856,-3.468557,0.000660,0.001498,0.589435,0.594869
20.072000,-3.534250,-3.471968,0.000661,0.001500,0.589446,0.594922
20.074000,-3.537644,-3.475376,0.000661,0.001495,0.589457,0.594986
20.076000,-3.541039,-3.478785,0.000662,0.001493,0.589469,0.594961
20.078000,-3.544433,-3.482192,0.000662,0.001495,0.589480,0.594894
20.080000,-3.547827,-3.485601,0.000663,0.001498,0.589491,0.594891
20.082000,-3.551221,-3.489011,0.000664,0.001485,0.589503,0.594977
20.084000,-3.554615,-3.492418,0.000664,0.001490,0.589514,0.595009
20.086000,-3.558009,-3.495827,0.000665,0.001482,0.589525,0.595028
20.088000,-3.561403,-3.499234,0.000665,0.001496,0.589536,0.595014
20.090000,-3.564797,-3.502643,0.000666,0.001502,0.589547,0.595008
20.092000,-3.568191,-3.506044,0.000667,0.001489,0.589558,0.595098
20.094000,-3.571585,-3.509449,0.000667,0.001500,0.589569,0.595103
20.096000,-3.574979,-3.512852,0.000668,0.001493,0.589580,0.595052
20.098000,-3.578373,-3.516259,0.000669,0.001497,0.589591,0.595053
20.100000,-3.581767,-3.519664,0.000669,0.001491,0.589602,0.595088
20.102000,-3.585161,-3.523071,0.000670,0.001488,0.589613,0.595064
20.104000,-3.588555,-3.526475,0.000670,0.001490,0.589624,0.594991
20.106000,-3.591949,-3.529882,0.000671,0.001493,0.589635,0.594979
20.108000,-3.595344,-3.533289,0.000672,0.001480,0.589646,0.595051
20.110000,-3.598738,-3.536695,0.000672,0.001485,0.589657,0.595062
20.112000,-3.602132,-3.540102,0.000673,0.001478,0.589667,0.595092
20.114000,-3.605526,-3.543508,0.000673,0.001493,0.589678,0.595072
20.116000,-3.608920,-3.546910,0.000674,0.001491,0.589689,0.595109
20.118000,-3.612314,-3.550315,0.000675,0.001481,0.589700,0.595176
20.120000,-3.615708,-3.553720,0.000675,0.001489,0.589710,0.595188
20.122000,-3.619102,-3.557122,0.000676,0.001473,0.589721,0.595127
20.124000,-3.622496,-3.560526,0.000676,0.001483,0.589732,0.595118
20.126000,-3.625890,-3.563929,0.000677,0.001475,0.589742,0.595165
20.128000,-3.629284,-3.567333,0.000678,0.001477,0.589753,0.595148
20.130000,-3.632678,-3.570734,0.000678,0.001478,0.589763,0.595058
20.132000,-3.636072,-3.574138,0.000679,0.001479,0.589774,0.595027
20.134000,-3.639466,-3.577540,0.000680,0.001473,0.589784,0.595067
20.136000,-3.642860,-3.580942,0.000680,0.001474,0.589795,0.595055
20.138000,-3.646255,-3.584344,0.000681,0.001481,0.589805,0.595097
20.140000,-3.649649,-3.587742,0.000681,0.001493,0.589815,0.595070
20.142000,-3.653043,-3.591143,0.000682,0.001493,0.589826,0.595097
20.144000,-3.656437,-3.594544,0.000683,0.001483,0.589836,0.595185
20.146000,-3.659831,-3.597945,0.000683,0.001482,0.589846,0.595202
20.148000,-3.663225,-3.601343,0.000684,0.001469,0.589857,0.595133
20.150000,-3.666619,-3.604743,0.000684,0.001478,0.589867,0.595117
20.152000,-3.670013,-3.608141,0.000685,0.001470,0.589877,0.595177
20.154000,-3.673407,-3.611540,0.000686,0.001473,0.589887,0.595165
20.156000,-3.676801,-3.614935,0.000686,0.001474,0.589898,0.595066
20.158000,-3.680195,-3.618333,0.000687,0.001475,0.589908,0.595030
20.160000,-3.683589,-3.621729,0.000687,0.001468,0.589918,0.595078
20.162000,-3.686983,-3.625125,0.000688,0.001470,0.589928,0.595064
20.164000,-3.690377,-3.628521,0.000689,0.001476,0.589938,0.595113
20.166000,-3.693771,-3.631913,0.000689,0.001489,0.589948,0.595086
20.168000,-3.697166,-3.635308,0.000690,0.001487,0.589958,0.595116
20.170000,-3.700560,-3.638702,0.000691,0.001482,0.589968,0.595224
20.172000,-3.703954,-3.642096,0.000691,0.001478,0.589978,0.595244
20.174000,-3.707348,-3.645486,0.000692,0.001479,0.589988,0.595167
20.176000,-3.710742,-3.648878,0.000692,0.001481,0.589998,0.595145
20.178000,-3.714136,-3.652270,0.000693,0.001475,0.590008,0.595206
20.180000,-3.717530,-3.655661,0.000694,0.001470,0.590018,0.595202
20.182000,-3.720924,-3.659053,0.000694,0.001478,0.590027,0.595260
20.184000,-3.724318,-3.662493,0.000695,0.001484,0.590037,0.595386
20.186000,-3.727712,-3.665887,0.000695,0.001467,0.590047,0.595392
20.188000,-3.731106,-3.669286,0.000696,0.001461,0.590057,0.595234
20.190000,-3.734500,-3.672681,0.000697,0.001434,0.590066,0.595105
20.192000,-3.737894,-3.676075,0.000697,0.001425,0.590076,0.595052
20.194000,-3.741288,-3.679465,0.000698,0.001415,0.590086,0.595089
20.196000,-3.744682,-3.682854,0.000699,0.001405,0.590095,0.595220
20.198000,-3.748077,-3.686239,0.000699,0.001411,0.590105,0.595262
20.200000,-3.751471,-3.689621,0.000700,0.001409,0.590115,0.595249
20.202000,-3.754865,-3.693005,0.000700,0.001410,0.590124,0.595275
20.204000,-3.758259,-3.696389,0.000701,0.001406,0.590134,0.595364
20.206000,-3.761653,-3.699773,0.000702,0.001406,0.590143,0.595375
20.208000,-3.765047,-3.703156,0.000702,0.001406,0.590153,0.595276
20.210000,-3.768441,-3.706541,0.000703,0.001406,0.590162,0.595226
20.212000,-3.771835,-3.709926,0.000703,0.001399,0.590172,0.595256
20.214000,-3.775229,-3.713309,0.000704,0.001401,0.590181,0.595223
20.216000,-3.778623,-3.716692,0.000705,0.001408,0.590190,0.595254
20.218000,-3.782017,-3.720072,0.000705,0.001424,0.590200,0.595271
20.220000,-3.785411,-3.723454,0.000706,0.001426,0.590209,0.595340
20.222000,-3.788805,-3.726837,0.000706,0.001422,0.590218,0.595464
20.224000,-3.792199,-3.730219,0.000707,0.001425,0.590228,0.595499
20.226000,-3.795593,-3.733601,0.000708,0.001414,0.590237,0.595468
20.228000,-3.798987,-3.736986,0.000708,0.001421,0.590246,0.595466
20.230000,-3.802382,-3.740372,0.000709,0.001421,0.590255,0.595524
20.232000,-3.805776,-3.743757,0.000710,0.001418,0.590265,0.595494
20.234000,-3.809170,-3.747140,0.000710,0.001427,0.590274,0.595426
20.236000,-3.812564,-3.750523,0.000711,0.001426,0.590283,0.595405
20.238000,-3.815958,-3.753906,0.000711,0.001425,0.590292,0.595452
20.240000,-3.819352,-3.757288,0.000712,0.001431,0.590301,0.595429
20.242000,-3.822746,-3.760671,0.000713,0.001430,0.590310,0.595355
20.244000,-3.826140,-3.764053,0.000713,0.001449,0.590319,0.595331
20.246000,-3.829534,-3.767435,0.000714,0.001442,0.590328,0.595369
20.248000,-3.832928,-3.770816,0.000714,0.001441,0.590337,0.595488
20.250000,-3.836322,-3.774194,0.000715,0.001448,0.590346,0.595512
20.252000,-3.839716,-3.777571,0.000716,0.001450,0.590355,0.595487
20.254000,-3.843110,-3.780951,0.000716,0.001455,0.590364,0.595501
20.256000,-3.846504,-3.784331,0.000717,0.001452,0.590373,0.595568
20.258000,-3.849898,-3.787740,0.000717,0.001457,0.590382,0.595658
20.260000,-3.853293,-3.791118,0.000718,0.001452,0.590391,0.595609
20.262000,-3.856687,-3.794496,0.000719,0.001460,0.590400,0.595578
20.264000,-3.860081,-3.797874,0.000719,0.001451,0.590408,0.595591
20.266000,-3.863475,-3.801254,0.000720,0.001452,0.590417,0.595534
20.268000,-3.866869,-3.804634,0.000721,0.001452,0.590426,0.595452
20.270000,-3.870263,-3.808015,0.000721,0.001456,0.590435,0.595433
20.272000,-3.873657,-3.811396,0.000722,0.001455,0.590443,0.595465
20.274000,-3.877051,-3.814776,0.000722,0.001453,0.590452,0.595577
20.276000,-3.880445,-3.818153,0.000723,0.001462,0.590461,0.595640
20.278000,-3.883839,-3.821528,0.000724,0.001464,0.590469,0.595655
20.280000,-3.887233,-3.824904,0.000724,0.001469,0.590478,0.595699
20.282000,-3.890627,-3.828279,0.000725,0.001468,0.590487,0.595762
20.284000,-3.894021,-3.831655,0.000725,0.001468,0.590495,0.595722
20.286000,-3.897415,-3.835031,0.000726,0.001471,0.590504,0.595651
20.288000,-3.900809,-3.838411,0.000727,0.001475,0.590512,0.595639
20.290000,-3.904204,-3.841790,0.000727,0.001473,0.590521,0.595668
20.292000,-3.907598,-3.845170,0.000728,0.001475,0.590529,0.595711
20.294000,-3.910992,-3.848548,0.000728,0.001483,0.590538,0.595763
20.296000,-3.914386,-3.851925,0.000729,0.001495,0.590546,0.595801
20.298000,-3.917780,-3.855303,0.000730,0.001500,0.590554,0.595877
20.300000,-3.921174,-3.858683,0.000730,0.001496,0.590563,0.595915
20.302000,-3.924568,-3.862061,0.000731,0.001498,0.590571,0.595917
20.304000,-3.927962,-3.865440,0.000732,0.001490,0.590580,0.595894
20.306000,-3.931356,-3.868821,0.000732,0.001493,0.590588,0.595914
20.308000,-3.934750,-3.872203,0.000733,0.001496,0.590596,0.595902
20.310000,-3.938144,-3.875585,0.000733,0.001495,0.590604,0.595876
20.312000,-3.941538,-3.878967,0.000734,0.001508,0.590613,0.595843
20.314000,-3.944932,-3.882351,0.000735,0.001510,0.590621,0.595864
20.316000,-3.948326,-3.885733,0.000735,0.001512,0.590629,0.595911
20.318000,-3.951720,-3.889116,0.000736,0.001510,0.590637,0.595900
20.320000,-3.955115,-3.892499,0.000736,0.001519,0.590646,0.595917
20.322000,-3.958509,-3.895881,0.000737,0.001522,0.590654,0.595940
20.324000,-3.961903,-3.899265,0.000738,0.001527,0.590662,0.596014
20.326000,-3.965297,-3.902648,0.000738,0.001527,0.590670,0.596105
20.328000,-3.968691,-3.906030,0.000739,0.001527,0.590678,0.596130
20.330000,-3.972085,-3.909412,0.000740,0.001530,0.590686,0.596114
20.332000,-3.975479,-3.912796,0.000740,0.001533,0.590694,0.596127
20.334000,-3.978873,-3.916179,0.000741,0.001533,0.590702,0.596158
20.336000,-3.982267,-3.919565,0.000741,0.001533,0.590710,0.596141
20.338000,-3.985661,-3.922949,0.000742,0.001537,0.590718,0.596099
20.340000,-3.989055,-3.926335,0.000743,0.001540,0.590726,0.596099
20.342000,-3.992449,-3.929721,0.000743,0.001540,0.590734,0.596122
20.344000,-3.995843,-3.933109,0.000744,0.001539,0.590742,0.596099
20.346000,-3.999237,-3.936497,0.000744,0.001548,0.590750,0.596107
20.348000,-4.002631,-3.939885,0.000745,0.001551,0.590758,0.596124
20.350000,-4.006025,-3.943274,0.000746,0.001556,0.590766,0.596193
20.352000,-4.009420,-3.946663,0.000746,0.001555,0.590773,0.596276
20.354000,-4.012814,-3.950051,0.000747,0.001555,0.590781,0.596293
20.356000,-4.016208,-3.953439,0.000747,0.001559,0.590789,0.596274
20.358000,-4.019602,-3.956828,0.000748,0.001562,0.590797,0.596287
20.360000,-4.022996,-3.960217,0.000749,0.001563,0.590804,0.596318
20.362000,-4.026390,-3.963609,0.000749,0.001563,0.590812,0.596299
20.364000,-4.029784,-3.966999,0.000750,0.001566,0.590820,0.596257
20.366000,-4.033178,-3.970391,0.000751,0.001569,0.590828,0.596260
20.368000,-4.036572,-3.973783,0.000751,0.001568,0.590835,0.596281
20.370000,-4.039966,-3.977175,0.000752,0.001571,0.590843,0.596313
20.372000,-4.043360,-3.980566,0.000752,0.001577,0.590850,0.596338
20.374000,-4.046754,-3.983957,0.000753,0.001589,0.590858,0.596354
20.376000,-4.050148,-3.987349,0.000754,0.001593,0.590866,0.596412
20.378000,-4.053542,-3.990740,0.000754,0.001593,0.590873,0.596476
20.380000,-4.056936,-3.994133,0.000755,0.001592,0.590881,0.596476
20.382000,-4.060331,-3.997525,0.000755,0.001594,0.590888,0.596450
20.384000,-4.063725,-4.000918,0.000756,0.001597,0.590896,0.596461
20.386000,-4.067119,-4.004312,0.000757,0.001596,0.590903,0.596483
20.388000,-4.070513,-4.007708,0.000757,0.001596,0.590911,0.596457
20.390000,-4.073907,-4.011103,0.000758,0.001598,0.590918,0.596421
20.392000,-4.077301,-4.014497,0.000758,0.001602,0.590926,0.596432
20.394000,-4.080695,-4.017892,0.000759,0.001595,0.590933,0.596515
20.396000,-4.084089,-4.021287,0.000760,0.001599,0.590940,0.596573
20.398000,-4.087483,-4.024682,0.000760,0.001595,0.590948,0.596588
20.400000,-4.090877,-4.028078,0.000761,0.001607,0.590955,0.596586
20.402000,-4.094271,-4.031476,0.000762,0.001612,0.590962,0.596563
20.404000,-4.097665,-4.034873,0.000762,0.001611,0.590970,0.596584
20.406000,-4.101059,-4.038270,0.000763,0.001619,0.590977,0.596568
20.408000,-4.104453,-4.041665,0.000763,0.001619,0.590984,0.596556
20.410000,-4.107847,-4.045060,0.000764,0.001623,0.590991,0.596593
20.412000,-4.111242,-4.048456,0.000765,0.001621,0.590999,0.596615
20.414000,-4.114636,-4.051855,0.000765,0.001621,0.591006,0.596581
20.416000,-4.118030,-4.055251,0.000766,0.001622,0.591013,0.596542
20.418000,-4.121424,-4.058648,0.000766,0.001626,0.591020,0.596559
20.420000,-4.124818,-4.062045,0.000767,0.001615,0.591027,0.596652
20.422000,-4.128212,-4.065440,0.000768,0.001616,0.591035,0.596695
20.424000,-4.131606,-4.068835,0.000768,0.001610,0.591042,0.596671
20.426000,-4.135000,-4.072230,0.000769,0.001621,0.591049,0.596666
20.428000,-4.138394,-4.075626,0.000770,0.001618,0.591056,0.596704
20.430000,-4.141788,-4.079024,0.000770,0.001634,0.591063,0.596686
20.432000,-4.145182,-4.082424,0.000771,0.001627,0.591070,0.596632
20.434000,-4.148576,-4.085822,0.000771,0.001642,0.591077,0.596604
20.436000,-4.151970,-4.089221,0.000772,0.001643,0.591084,0.596643
20.438000,-4.155364,-4.092622,0.000773,0.001635,0.591091,0.596766
20.440000,-4.158758,-4.096022,0.000773,0.001634,0.591098,0.596714
20.442000,-4.162152,-4.099424,0.000774,0.001630,0.591105,0.596671
20.444000,-4.165547,-4.102824,0.000774,0.001636,0.591112,0.596676
20.446000,-4.168941,-4.106229,0.000775,0.001638,0.591119,0.596762
20.448000,-4.172335,-4.109632,0.000776,0.001635,0.591126,0.596797
20.450000,-4.175729,-4.113035,0.000776,0.001633,0.591132,0.596770
20.452000,-4.179123,-4.116436,0.000777,0.001637,0.591139,0.596764
20.454000,-4.182517,-4.119840,0.000777,0.001639,0.591146,0.596822
20.456000,-4.185911,-4.123243,0.000778,0.001636,0.591153,0.596812
20.458000,-4.189305,-4.126647,0.000779,0.001632,0.591160,0.596757
20.460000,-4.192699,-4.130051,0.000779,0.001643,0.591166,0.596738
20.462000,-4.196093,-4.133456,0.000780,0.001643,0.591173,0.596783
20.464000,-4.199487,-4.136865,0.000781,0.001647,0.591180,0.596912
20.466000,-4.202881,-4.140273,0.000781,0.001642,0.591187,0.596850
20.468000,-4.206275,-4.143681,0.000782,0.001639,0.591193,0.596798
20.470000,-4.209669,-4.147089,0.000782,0.001643,0.591200,0.596803
20.472000,-4.213063,-4.150500,0.000783,0.001643,0.591207,0.596893
20.474000,-4.216458,-4.153910,0.000784,0.001645,0.591213,0.596918
20.476000,-4.219852,-4.157319,0.000784,0.001640,0.591220,0.596882
20.478000,-4.223246,-4.160726,0.000785,0.001654,0.591227,0.596871
20.480000,-4.226640,-4.164137,0.000785,0.001653,0.591233,0.596929
20.482000,-4.230034,-4.167546,0.000786,0.001651,0.591240,0.596916
20.484000,-4.233428,-4.170955,0.000787,0.001645,0.591246,0.596852
20.486000,-4.236822,-4.174363,0.000787,0.001655,0.591253,0.596824
20.488000,-4.240216,-4.177772,0.000788,0.001654,0.591259,0.596862
20.490000,-4.243610,-4.181183,0.000788,0.001657,0.591266,0.596984
20.492000,-4.247004,-4.184593,0.000789,0.001651,0.591272,0.596877
20.494000,-4.250398,-4.188004,0.000790,0.001647,0.591279,0.596792
20.496000,-4.253792,-4.191415,0.000790,0.001650,0.591285,0.596779
20.498000,-4.257186,-4.194831,0.000791,0.001651,0.591292,0.596863
20.500000,-4.260580,-4.198243,0.000792,0.001647,0.591298,0.596892
20.502000,-4.263974,-4.201654,0.000792,0.001643,0.591305,0.596815
20.504000,-4.267369,-4.205061,0.000793,0.001646,0.591311,0.596785
20.506000,-4.270763,-4.208473,0.000793,0.001647,0.591317,0.596840
20.508000,-4.274157,-4.211883,0.000794,0.001644,0.591324,0.596845
20.510000,-4.277551,-4.215292,0.000795,0.001639,0.591330,0.596748
20.512000,-4.280945,-4.218700,0.000795,0.001648,0.591336,0.596711
20.514000,-4.284339,-4.222110,0.000796,0.001647,0.591343,0.596757
20.516000,-4.287733,-4.225525,0.000796,0.001650,0.591349,0.596898
20.518000,-4.291127,-4.228936,0.000797,0.001647,0.591355,0.596970
20.520000,-4.294521,-4.232342,0.000798,0.001637,0.591362,0.596912
20.522000,-4.297915,-4.235747,0.000798,0.001645,0.591368,0.596893
20.524000,-4.301309,-4.239155,0.000799,0.001632,0.591374,0.596958
20.526000,-4.304703,-4.242561,0.000800,0.001634,0.591380,0.596982
20.528000,-4.308097,-4.245966,0.000800,0.001630,0.591386,0.596899
20.530000,-4.311491,-4.249370,0.000801,0.001634,0.591393,0.596854
20.532000,-4.314885,-4.252778,0.000801,0.001636,0.591399,0.596895
20.534000,-4.318280,-4.256184,0.000802,0.001633,0.591405,0.596894
20.536000,-4.321674,-4.259590,0.000803,0.001629,0.591411,0.596799
20.538000,-4.325068,-4.262996,0.000803,0.001639,0.591417,0.596762
20.540000,-4.328462,-4.266405,0.000804,0.001636,0.591423,0.596799
20.542000,-4.331856,-4.269814,0.000804,0.001646,0.591429,0.596782
20.544000,-4.335250,-4.273225,0.000805,0.001643,0.591435,0.596826
20.546000,-4.338644,-4.276629,0.000806,0.001645,0.591441,0.596780
20.548000,-4.342038,-4.280032,0.000806,0.001658,0.591447,0.596784
20.550000,-4.345432,-4.283438,0.000807,0.001641,0.591453,0.596872
20.552000,-4.348826,-4.286841,0.000807,0.001642,0.591459,0.596912
20.554000,-4.352220,-4.290243,0.000808,0.001635,0.591465,0.596853
20.556000,-4.355614,-4.293643,0.000809,0.001639,0.591471,0.596808
20.558000,-4.359008,-4.297048,0.000809,0.001640,0.591477,0.596845
20.560000,-4.362402,-4.300450,0.000810,0.001635,0.591483,0.596850
20.562000,-4.365796,-4.303851,0.000811,0.001629,0.591489,0.596766
20.564000,-4.369190,-4.307253,0.000811,0.001639,0.591495,0.596742
20.566000,-4.372585,-4.310655,0.000812,0.001639,0.591501,0.596766
20.568000,-4.375979,-4.314062,0.000812,0.001641,0.591507,0.596877
20.570000,-4.379373,-4.317465,0.000813,0.001635,0.591513,0.596962
20.572000,-4.382767,-4.320864,0.000814,0.001631,0.591518,0.596928
20.574000,-4.386161,-4.324262,0.000814,0.001631,0.591524,0.596880
20.576000,-4.389555,-4.327660,0.000815,0.001638,0.591530,0.596803
20.578000,-4.392949,-4.331061,0.000815,0.001635,0.591536,0.596758
20.580000,-4.396343,-4.334460,0.000816,0.001642,0.591542,0.596705
20.582000,-4.399737,-4.337856,0.000817,0.001653,0.591547,0.596665
20.584000,-4.403131,-4.341256,0.000817,0.001650,0.591553,0.596705
20.586000,-4.406525,-4.344653,0.000818,0.001644,0.591559,0.596736
20.588000,-4.409919,-4.348049,0.000818,0.001638,0.591565,0.596674
20.590000,-4.413313,-4.351443,0.000819,0.001640,0.591570,0.596602
20.592000,-4.416707,-4.354840,0.000820,0.001643,0.591576,0.596609
20.594000,-4.420101,-4.358239,0.000820,0.001632,0.591582,0.596714
20.596000,-4.423496,-4.361632,0.000821,0.001624,0.591587,0.596734
20.598000,-4.426890,-4.365026,0.000822,0.001623,0.591593,0.596728
20.600000,-4.430284,-4.368419,0.000822,0.001611,0.591599,0.596705
20.602000,-4.433678,-4.371819,0.000823,0.001621,0.591604,0.596776
20.604000,-4.437072,-4.375212,0.000823,0.001620,0.591610,0.596774
20.606000,-4.440466,-4.378604,0.000824,0.001620,0.591615,0.596734
20.608000,-4.443860,-4.381994,0.000825,0.001637,0.591621,0.596680
20.610000,-4.447254,-4.385393,0.000825,0.001629,0.591626,0.596722
20.612000,-4.450648,-4.388784,0.000826,0.001625,0.591632,0.596770
20.614000,-4.454042,-4.392166,0.000826,0.001625,0.591637,0.596836
20.616000,-4.457436,-4.395553,0.000827,0.001625,0.591643,0.596842
20.618000,-4.460830,-4.398939,0.000828,0.001635,0.591648,0.596847
20.620000,-4.464224,-4.402330,0.000828,0.001626,0.591654,0.596861
20.622000,-4.467618,-4.405722,0.000829,0.001626,0.591659,0.596809
20.624000,-4.471012,-4.409114,0.000829,0.001606,0.591665,0.596722
20.626000,-4.474407,-4.412508,0.000830,0.001609,0.591670,0.596694
20.628000,-4.477801,-4.415900,0.000831,0.001601,0.591676,0.596675
20.630000,-4.481195,-4.419290,0.000831,0.001596,0.591681,0.596732
20.632000,-4.484589,-4.422675,0.000832,0.001604,0.591686,0.596715
20.634000,-4.487983,-4.426058,0.000833,0.001606,0.591692,0.596694
20.636000,-4.491377,-4.429443,0.000833,0.001610,0.591697,0.596734
20.638000,-4.494771,-4.432827,0.000834,0.001609,0.591703,0.596807
20.640000,-4.498165,-4.436211,0.000834,0.001609,0.591708,0.596796
20.642000,-4.501559,-4.439594,0.000835,0.001611,0.591713,0.596762
20.644000,-4.504953,-4.442981,0.000836,0.001613,0.591718,0.596779
20.646000,-4.508347,-4.446367,0.000836,0.001611,0.591724,0.596819
20.648000,-4.511741,-4.449754,0.000837,0.001609,0.591729,0.596922
20.650000,-4.515135,-4.453135,0.000837,0.001611,0.591734,0.596887
20.652000,-4.518529,-4.456517,0.000838,0.001613,0.591740,0.596858
20.654000,-4.521923,-4.459900,0.000839,0.001611,0.591745,0.596843
20.656000,-4.525318,-4.463283,0.000839,0.001609,0.591750,0.596898
20.658000,-4.528712,-4.466663,0.000840,0.001616,0.591755,0.596892
20.660000,-4.532106,-4.470042,0.000841,0.001618,0.591760,0.596864
20.662000,-4.535500,-4.473425,0.000841,0.001621,0.591766,0.596884
20.664000,-4.538894,-4.476807,0.000842,0.001617,0.591771,0.596929
20.666000,-4.542288,-4.480203,0.000842,0.001625,0.591776,0.596973
20.668000,-4.545682,-4.483585,0.000843,0.001619,0.591781,0.596917
20.670000,-4.549076,-4.486968,0.000844,0.001629,0.591786,0.596893
20.672000,-4.552470,-4.490351,0.000844,0.001618,0.591791,0.596900
20.674000,-4.555864,-4.493736,0.000845,0.001619,0.591796,0.596841
20.676000,-4.559258,-4.497125,0.000845,0.001611,0.591801,0.596793
20.678000,-4.562652,-4.500509,0.000846,0.001615,0.591806,0.596785
20.680000,-4.566046,-4.503893,0.000847,0.001609,0.591811,0.596802
20.682000,-4.569440,-4.507275,0.000847,0.001606,0.591817,0.596882
20.684000,-4.572834,-4.510654,0.000848,0.001613,0.591822,0.596890
20.686000,-4.576228,-4.514033,0.000848,0.001614,0.591827,0.596871
20.688000,-4.579623,-4.517413,0.000849,0.001618,0.591832,0.596896
20.690000,-4.583017,-4.520793,0.000850,0.001617,0.591837,0.596950
20.692000,-4.586411,-4.524173,0.000850,0.001616,0.591842,0.596960
20.694000,-4.589805,-4.527553,0.000851,0.001619,0.591846,0.596938
20.696000,-4.593199,-4.530934,0.000852,0.001621,0.591851,0.596950
20.698000,-4.596593,-4.534314,0.000852,0.001618,0.591856,0.596992
20.700000,-4.599987,-4.537693,0.000853,0.001622,0.591861,0.596993
20.702000,-4.603381,-4.541071,0.000853,0.001627,0.591866,0.597000
20.704000,-4.606775,-4.544450,0.000854,0.001642,0.591871,0.596992
20.706000,-4.610169,-4.547831,0.000855,0.001642,0.591876,0.597029
20.708000,-4.613563,-4.551211,0.000855,0.001642,0.591881,0.597106
20.710000,-4.616957,-4.554592,0.000856,0.001640,0.591886,0.597144
20.712000,-4.620351,-4.557972,0.000856,0.001642,0.591891,0.597135
20.714000,-4.623745,-4.561353,0.000857,0.001645,0.591895,0.597151
20.716000,-4.627139,-4.564733,0.000858,0.001644,0.591900,0.597205
20.718000,-4.630534,-4.568115,0.000858,0.001643,0.591905,0.597213
20.720000,-4.633928,-4.571497,0.000859,0.001645,0.591910,0.597163
20.722000,-4.637322,-4.574880,0.000859,0.001648,0.591915,0.597141
20.724000,-4.640716,-4.578262,0.000860,0.001647,0.591919,0.597167
20.726000,-4.644110,-4.581646,0.000861,0.001645,0.591924,0.597162
20.728000,-4.647504,-4.585029,0.000861,0.001653,0.591929,0.597196
20.730000,-4.650898,-4.588413,0.000862,0.001655,0.591933,0.597196
20.732000,-4.654292,-4.591798,0.000863,0.001660,0.591938,0.597232
20.734000,-4.657686,-4.595182,0.000863,0.001658,0.591943,0.597317
20.736000,-4.661080,-4.598567,0.000864,0.001659,0.591948,0.597357
20.738000,-4.664474,-4.601952,0.000864,0.001662,0.591952,0.597326
20.740000,-4.667868,-4.605337,0.000865,0.001665,0.591957,0.597314
20.742000,-4.671262,-4.608722,0.000866,0.001664,0.591962,0.597353
20.744000,-4.674656,-4.612109,0.000866,0.001665,0.591966,0.597362
20.746000,-4.678050,-4.615498,0.000867,0.001668,0.591971,0.597302
20.748000,-4.681445,-4.618885,0.000867,0.001672,0.591975,0.597271
20.750000,-4.684839,-4.622273,0.000868,0.001667,0.591980,0.597305
20.752000,-4.688233,-4.625663,0.000869,0.001667,0.591985,0.597303
20.754000,-4.691627,-4.629053,0.000869,0.001667,0.591989,0.597341
20.756000,-4.695021,-4.632445,0.000870,0.001670,0.591994,0.597333
20.758000,-4.698415,-4.635835,0.000871,0.001679,0.591998,0.597356
20.760000,-4.701809,-4.639225,0.000871,0.001677,0.592003,0.597438
20.762000,-4.705203,-4.642615,0.000872,0.001688,0.592007,0.597477
20.764000,-4.708597,-4.646004,0.000872,0.001689,0.592012,0.597440
20.766000,-4.711991,-4.649394,0.000873,0.001694,0.592016,0.597424
20.768000,-4.715385,-4.652782,0.000874,0.001693,0.592021,0.597463
20.770000,-4.718779,-4.656174,0.000874,0.001693,0.592025,0.597469
20.772000,-4.722173,-4.659567,0.000875,0.001696,0.592030,0.597407
20.774000,-4.725567,-4.662959,0.000875,0.001701,0.592034,0.597378
20.776000,-4.728961,-4.666351,0.000876,0.001694,0.592039,0.597416
20.778000,-4.732356,-4.669744,0.000877,0.001699,0.592043,0.597417
20.780000,-4.735750,-4.673139,0.000877,0.001696,0.592048,0.597460
20.782000,-4.739144,-4.676532,0.000878,0.001711,0.592052,0.597454
20.784000,-4.742538,-4.679926,0.000878,0.001714,0.592056,0.597481
20.786000,-4.745932,-4.683320,0.000879,0.001711,0.592061,0.597562
20.788000,-4.749326,-4.686715,0.000880,0.001713,0.592065,0.597598
20.790000,-4.752720,-4.690110,0.000880,0.001706,0.592070,0.597560
20.792000,-4.756114,-4.693506,0.000881,0.001711,0.592074,0.597547
20.794000,-4.759508,-4.696900,0.000882,0.001708,0.592078,0.597592
20.796000,-4.762902,-4.700297,0.000882,0.001714,0.592083,0.597597
20.798000,-4.766296,-4.703694,0.000883,0.001714,0.592087,0.597533
20.800000,-4.769690,-4.707088,0.000883,0.001731,0.592091,0.597502
20.802000,-4.773084,-4.710483,0.000884,0.001724,0.592095,0.597540
20.804000,-4.776478,-4.713877,0.000885,0.001724,0.592100,0.597653
20.806000,-4.779872,-4.717273,0.000885,0.001723,0.592104,0.597728
20.808000,-4.783266,-4.720669,0.000886,0.001718,0.592108,0.597714
20.810000,-4.786661,-4.724065,0.000886,0.001724,0.592112,0.597715
20.812000,-4.790055,-4.727461,0.000887,0.001721,0.592117,0.597768
20.814000,-4.793449,-4.730858,0.000888,0.001723,0.592121,0.597788
20.816000,-4.796843,-4.734256,0.000888,0.001726,0.592125,0.597735
20.818000,-4.800237,-4.737654,0.000889,0.001730,0.592129,0.597712
20.820000,-4.803631,-4.741050,0.000889,0.001730,0.592134,0.597749
20.822000,-4.807025,-4.744448,0.000890,0.001729,0.592138,0.597749
20.824000,-4.810419,-4.747847,0.000891,0.001739,0.592142,0.597790
20.826000,-4.813813,-4.751246,0.000891,0.001742,0.592146,0.597783
20.828000,-4.817207,-4.754647,0.000892,0.001745,0.592150,0.597795
20.830000,-4.820601,-4.758051,0.000893,0.001749,0.592154,0.597754
20.832000,-4.823995,-4.761456,0.000893,0.001745,0.592158,0.597752
20.834000,-4.827389,-4.764857,0.000894,0.001757,0.592163,0.597681
20.836000,-4.830783,-4.768259,0.000894,0.001757,0.592167,0.597659
20.838000,-4.834177,-4.771659,0.000895,0.001755,0.592171,0.597705
20.840000,-4.837572,-4.775060,0.000896,0.001753,0.592175,0.597710
20.842000,-4.840966,-4.778458,0.000896,0.001756,0.592179,0.597627
20.844000,-4.844360,-4.781856,0.000897,0.001761,0.592183,0.597599
20.846000,-4.847754,-4.785255,0.000897,0.001752,0.592187,0.597655
20.848000,-4.851148,-4.788654,0.000898,0.001754,0.592191,0.597660
20.850000,-4.854542,-4.792056,0.000899,0.001752,0.592195,0.597709
20.852000,-4.857936,-4.795454,0.000899,0.001757,0.592199,0.597676
20.854000,-4.861330,-4.798856,0.000900,0.001761,0.592203,0.597703
20.856000,-4.864724,-4.802256,0.000900,0.001758,0.592207,0.597788
20.858000,-4.868118,-4.805656,0.000901,0.001754,0.592211,0.597828
20.860000,-4.871512,-4.809057,0.000902,0.001767,0.592215,0.597903
20.862000,-4.874906,-4.812456,0.000902,0.001766,0.592219,0.597911
20.864000,-4.878300,-4.815855,0.000903,0.001779,0.592223,0.597926
20.866000,-4.881694,-4.819257,0.000904,0.001772,0.592227,0.597899
20.868000,-4.885088,-4.822657,0.000904,0.001778,0.592231,0.597803
20.870000,-4.888483,-4.826057,0.000905,0.001781,0.592235,0.597768
20.872000,-4.891877,-4.829460,0.000905,0.001770,0.592239,0.597828
20.874000,-4.895271,-4.832862,0.000906,0.001770,0.592243,0.597805
20.876000,-4.898665,-4.836266,0.000907,0.001766,0.592246,0.597820
20.878000,-4.902059,-4.839668,0.000907,0.001772,0.592250,0.597791
20.880000,-4.905453,-4.843073,0.000908,0.001775,0.592254,0.597831
20.882000,-4.908847,-4.846477,0.000908,0.001771,0.592258,0.597897
20.884000,-4.912241,-4.849881,0.000909,0.001770,0.592262,0.597914
20.886000,-4.915635,-4.853280,0.000910,0.001773,0.592266,0.597861
20.888000,-4.919029,-4.856683,0.000910,0.001776,0.592270,0.597860
20.890000,-4.922423,-4.860085,0.000911,0.001773,0.592273,0.597876
20.892000,-4.925817,-4.863488,0.000912,0.001768,0.592277,0.597862
20.894000,-4.929211,-4.866891,0.000912,0.001780,0.592281,0.597888
20.896000,-4.932605,-4.870292,0.000913,0.001780,0.592285,0.597888
20.898000,-4.935999,-4.873697,0.000913,0.001784,0.592289,0.597950
20.900000,-4.939394,-4.877102,0.000914,0.001779,0.592292,0.597902
20.902000,-4.942788,-4.880508,0.000915,0.001777,0.592296,0.597878
20.904000,-4.946182,-4.883913,0.000915,0.001780,0.592300,0.597843
20.906000,-4.949576,-4.887321,0.000916,0.001782,0.592304,0.597874
20.908000,-4.952970,-4.890726,0.000916,0.001778,0.592307,0.597923
20.910000,-4.956364,-4.894131,0.000917,0.001776,0.592311,0.597883
20.912000,-4.959758,-4.897533,0.000918,0.001779,0.592315,0.597802
20.914000,-4.963152,-4.900940,0.000918,0.001781,0.592318,0.597788
20.916000,-4.966546,-4.904344,0.000919,0.001777,0.592322,0.597795
20.918000,-4.969940,-4.907749,0.000919,0.001772,0.592326,0.597739
20.920000,-4.973334,-4.911155,0.000920,0.001782,0.592329,0.597740
20.922000,-4.976728,-4.914560,0.000921,0.001782,0.592333,0.597749
20.924000,-4.980122,-4.917968,0.000921,0.001785,0.592337,0.597828
20.926000,-4.983516,-4.921373,0.000922,0.001780,0.592340,0.597917
20.928000,-4.986910,-4.924777,0.000923,0.001777,0.592344,0.597908
20.930000,-4.990304,-4.928178,0.000923,0.001780,0.592348,0.597858
20.932000,-4.993699,-4.931584,0.000924,0.001781,0.592351,0.597865
20.934000,-4.997093,-4.934987,0.000924,0.001777,0.592355,0.597890
20.936000,-5.000487,-4.938391,0.000925,0.001774,0.592358,0.597844
20.938000,-5.003881,-4.941793,0.000926,0.001777,0.592362,0.597773
20.940000,-5.007275,-4.945198,0.000926,0.001778,0.592366,0.597770
20.942000,-5.010669,-4.948600,0.000927,0.001774,0.592369,0.597788
20.944000,-5.014063,-4.952003,0.000927,0.001770,0.592373,0.597732
20.946000,-5.017457,-4.955408,0.000928,0.001779,0.592376,0.597730
20.948000,-5.020851,-4.958810,0.000929,0.001779,0.592380,0.597740
20.950000,-5.024245,-4.962217,0.000929,0.001782,0.592383,0.597819
20.952000,-5.027639,-4.965621,0.000930,0.001779,0.592387,0.597906
20.954000,-5.031033,-4.969021,0.000930,0.001770,0.592390,0.597829
20.956000,-5.034427,-4.972422,0.000931,0.001775,0.592394,0.597773
20.958000,-5.037821,-4.975825,0.000932,0.001764,0.592397,0.597795
20.960000,-5.041215,-4.979225,0.000932,0.001764,0.592401,0.597841
20.962000,-5.044610,-4.982625,0.000933,0.001760,0.592404,0.597808
20.964000,-5.048004,-4.986022,0.000934,0.001764,0.592408,0.597743
20.966000,-5.051398,-4.989424,0.000934,0.001766,0.592411,0.597743
20.968000,-5.054792,-4.992823,0.000935,0.001762,0.592415,0.597763
20.970000,-5.058186,-4.996223,0.000935,0.001758,0.592418,0.597708
20.972000,-5.061580,-4.999624,0.000936,0.001768,0.592421,0.597704
20.974000,-5.064974,-5.003023,0.000937,0.001768,0.592425,0.597712
20.976000,-5.068368,-5.006426,0.000937,0.001772,0.592428,0.597791
20.978000,-5.071762,-5.009825,0.000938,0.001767,0.592432,0.597871
20.980000,-5.075156,-5.013223,0.000938,0.001764,0.592435,0.597854
20.982000,-5.078550,-5.016618,0.000939,0.001767,0.592438,0.597811
20.984000,-5.081944,-5.020017,0.000940,0.001768,0.592442,0.597827
20.986000,-5.085338,-5.023414,0.000940,0.001765,0.592445,0.597851
20.988000,-5.088732,-5.026810,0.000941,0.001762,0.592448,0.597795
20.990000,-5.092126,-5.030205,0.000942,0.001764,0.592452,0.597729
20.992000,-5.095521,-5.033603,0.000942,0.001766,0.592455,0.597730
20.994000,-5.098915,-5.036998,0.000943,0.001762,0.592458,0.597732
20.996000,-5.102309,-5.040394,0.000943,0.001758,0.592462,0.597662
20.998000,-5.105703,-5.043790,0.000944,0.001767,0.592465,0.597644
21.000000,-5.109097,-5.047185,0.000945,0.001766,0.592468,0.597659
21.002000,-5.112491,-5.050584,0.000945,0.001769,0.592472,0.597750
21.004000,-5.115885,-5.053978,0.000946,0.001765,0.592475,0.597821
21.006000,-5.119279,-5.057371,0.000946,0.001762,0.592478,0.597789
21.008000,-5.122673,-5.060762,0.000947,0.001765,0.592481,0.597754
21.010000,-5.126067,-5.064157,0.000948,0.001766,0.592485,0.597785
21.012000,-5.129461,-5.067549,0.000948,0.001763,0.592488,0.597799
21.014000,-5.132855,-5.070941,0.000949,0.001760,0.592491,0.597733
21.016000,-5.136249,-5.074331,0.000949,0.001763,0.592494,0.597683
21.018000,-5.139643,-5.077725,0.000950,0.001764,0.592498,0.597708
21.020000,-5.143037,-5.081116,0.000951,0.001761,0.592501,0.597703
21.022000,-5.146431,-5.084507,0.000951,0.001756,0.592504,0.597620
21.024000,-5.149826,-5.087898,0.000952,0.001766,0.592507,0.597591
21.026000,-5.153220,-5.091288,0.000953,0.001765,0.592510,0.597623
21.028000,-5.156614,-5.094682,0.000953,0.001768,0.592514,0.597739
21.030000,-5.160008,-5.098072,0.000954,0.001764,0.592517,0.597806
21.032000,-5.163402,-5.101460,0.000954,0.001761,0.592520,0.597763
21.034000,-5.166796,-5.104846,0.000955,0.001765,0.592523,0.597746
21.036000,-5.170190,-5.108235,0.000956,0.001767,0.592526,0.597801
21.038000,-5.173584,-5.111623,0.000956,0.001766,0.592529,0.597850
21.040000,-5.176978,-5.115011,0.000957,0.001765,0.592532,0.597803
21.042000,-5.180372,-5.118397,0.000957,0.001766,0.592535,0.597780
21.044000,-5.183766,-5.121786,0.000958,0.001767,0.592539,0.597824
21.046000,-5.187160,-5.125174,0.000959,0.001763,0.592542,0.597804
21.048000,-5.190554,-5.128561,0.000959,0.001757,0.592545,0.597685
21.050000,-5.193948,-5.131947,0.000960,0.001766,0.592548,0.597622
21.052000,-5.197342,-5.135334,0.000960,0.001767,0.592551,0.597642
21.054000,-5.200737,-5.138723,0.000961,0.001772,0.592554,0.597754
21.056000,-5.204131,-5.142111,0.000962,0.001771,0.592557,0.597859
21.058000,-5.207525,-5.145494,0.000962,0.001767,0.592560,0.597837
21.060000,-5.210919,-5.148877,0.000963,0.001769,0.592563,0.597838
21.062000,-5.214313,-5.152265,0.000964,0.001766,0.592566,0.597800
21.064000,-5.217707,-5.155650,0.000964,0.001764,0.592569,0.597814
21.066000,-5.221101,-5.159033,0.000965,0.001770,0.592572,0.597745
21.068000,-5.224495,-5.162414,0.000965,0.001771,0.592575,0.597724
21.070000,-5.227889,-5.165798,0.000966,0.001774,0.592578,0.597781
21.072000,-5.231283,-5.169182,0.000967,0.001773,0.592581,0.597815
21.074000,-5.234677,-5.172567,0.000967,0.001769,0.592584,0.597734
21.076000,-5.238071,-5.175961,0.000968,0.001780,0.592587,0.597736
21.078000,-5.241465,-5.179345,0.000968,0.001779,0.592590,0.597781
21.080000,-5.244859,-5.182730,0.000969,0.001783,0.592593,0.597788
21.082000,-5.248253,-5.186113,0.000970,0.001780,0.592596,0.597840
21.084000,-5.251648,-5.189492,0.000970,0.001784,0.592599,0.597792
21.086000,-5.255042,-5.192868,0.000971,0.001786,0.592602,0.597785
21.088000,-5.258436,-5.196247,0.000971,0.001780,0.592605,0.597855
21.090000,-5.261830,-5.199626,0.000972,0.001780,0.592608,0.597903
21.092000,-5.265224,-5.203004,0.000973,0.001777,0.592611,0.597832
21.094000,-5.268618,-5.206380,0.000973,0.001780,0.592614,0.597794
21.096000,-5.272012,-5.209759,0.000974,0.001783,0.592617,0.597830
21.098000,-5.275406,-5.213141,0.000975,0.001782,0.592619,0.597848
21.100000,-5.278800,-5.216522,0.000975,0.001781,0.592622,0.597916
21.102000,-5.282194,-5.219897,0.000976,0.001784,0.592625,0.597880
21.104000,-5.285588,-5.223272,0.000976,0.001787,0.592628,0.597883
21.106000,-5.288982,-5.226651,0.000977,0.001786,0.592631,0.597854
21.108000,-5.292376,-5.230029,0.000978,0.001784,0.592634,0.597883
21.110000,-5.295770,-5.233406,0.000978,0.001792,0.592637,0.597873
21.112000,-5.299164,-5.236780,0.000979,0.001793,0.592639,0.597894
21.114000,-5.302559,-5.240156,0.000979,0.001795,0.592642,0.597974
21.116000,-5.305953,-5.243534,0.000980,0.001799,0.592645,0.598011
21.118000,-5.309347,-5.246912,0.000981,0.001794,0.592648,0.597936
21.120000,-5.312741,-5.250289,0.000981,0.001814,0.592651,0.597883
21.122000,-5.316135,-5.253671,0.000982,0.001806,0.592653,0.597904
21.124000,-5.319529,-5.257053,0.000983,0.001809,0.592656,0.597904
21.126000,-5.322923,-5.260436,0.000983,0.001801,0.592659,0.597855
21.128000,-5.326317,-5.263815,0.000984,0.001805,0.592662,0.597839
21.130000,-5.329711,-5.267193,0.000984,0.001808,0.592665,0.597887
21.132000,-5.333105,-5.270574,0.000985,0.001802,0.592667,0.598011
21.134000,-5.336499,-5.273953,0.000986,0.001802,0.592670,0.598108
21.136000,-5.339893,-5.277330,0.000986,0.001800,0.592673,0.598109
21.138000,-5.343287,-5.280705,0.000987,0.001804,0.592676,0.598102
21.140000,-5.346681,-5.284082,0.000987,0.001807,0.592678,0.598142
21.142000,-5.350075,-5.287467,0.000988,0.001806,0.592681,0.598049
21.144000,-5.353469,-5.290849,0.000989,0.001806,0.592684,0.597973
21.146000,-5.356864,-5.294231,0.000989,0.001809,0.592687,0.597944
21.148000,-5.360258,-5.297614,0.000990,0.001812,0.592689,0.597994
21.150000,-5.363652,-5.300999,0.000990,0.001812,0.592692,0.598035
21.152000,-5.367046,-5.304383,0.000991,0.001810,0.592695,0.597997
21.154000,-5.370440,-5.307766,0.000992,0.001819,0.592697,0.597992
21.156000,-5.373834,-5.311148,0.000992,0.001822,0.592700,0.598028
21.158000,-5.377228,-5.314533,0.000993,0.001827,0.592703,0.598133
21.160000,-5.380622,-5.317918,0.000994,0.001826,0.592705,0.598223
21.162000,-5.384016,-5.321302,0.000994,0.001825,0.592708,0.598226
21.164000,-5.387410,-5.324683,0.000995,0.001828,0.592711,0.598214
21.166000,-5.390804,-5.328067,0.000995,0.001831,0.592713,0.598247
21.168000,-5.394198,-5.331452,0.000996,0.001830,0.592716,0.598274
21.170000,-5.397592,-5.334838,0.000997,0.001830,0.592718,0.598237
21.172000,-5.400986,-5.338223,0.000997,0.001833,0.592721,0.598193
21.174000,-5.404380,-5.341609,0.000998,0.001836,0.592724,0.598203
21.176000,-5.407775,-5.344997,0.000998,0.001835,0.592726,0.598219
21.178000,-5.411169,-5.348386,0.000999,0.001833,0.592729,0.598178
21.180000,-5.414563,-5.351775,0.001000,0.001842,0.592732,0.598174
21.182000,-5.417957,-5.355164,0.001000,0.001844,0.592734,0.598195
21.184000,-5.421351,-5.358556,0.001001,0.001849,0.592737,0.598277
21.186000,-5.424745,-5.361948,0.001001,0.001848,0.592739,0.598358
21.188000,-5.428139,-5.365340,0.001002,0.001846,0.592742,0.598363
21.190000,-5.431533,-5.368729,0.001003,0.001849,0.592744,0.598340
21.192000,-5.434927,-5.372120,0.001003,0.001851,0.592747,0.598356
21.194000,-5.438321,-5.375512,0.001004,0.001851,0.592749,0.598385
21.196000,-5.441715,-5.378905,0.001005,0.001850,0.592752,0.598358
21.198000,-5.445109,-5.382297,0.001005,0.001853,0.592755,0.598312
21.200000,-5.448503,-5.385691,0.001006,0.001856,0.592757,0.598314
21.202000,-5.451897,-5.389085,0.001006,0.001855,0.592760,0.598332
21.204000,-5.455291,-5.392481,0.001007,0.001853,0.592762,0.598298
21.206000,-5.458686,-5.395876,0.001008,0.001861,0.592765,0.598301
21.208000,-5.462080,-5.399271,0.001008,0.001863,0.592767,0.598321
21.210000,-5.465474,-5.402668,0.001009,0.001868,0.592770,0.598394
21.212000,-5.468868,-5.406064,0.001009,0.001867,0.592772,0.598476
21.214000,-5.472262,-5.409462,0.001010,0.001865,0.592774,0.598482
21.216000,-5.475656,-5.412856,0.001011,0.001868,0.592777,0.598456
21.218000,-5.479050,-5.416253,0.001011,0.001870,0.592779,0.598466
21.220000,-5.482444,-5.419648,0.001012,0.001869,0.592782,0.598493
21.222000,-5.485838,-5.423046,0.001013,0.001868,0.592784,0.598470
21.224000,-5.489232,-5.426443,0.001013,0.001871,0.592787,0.598429
21.226000,-5.492626,-5.429841,0.001014,0.001873,0.592789,0.598432
21.228000,-5.496020,-5.433240,0.001014,0.001872,0.592792,0.598454
21.230000,-5.499414,-5.436638,0.001015,0.001870,0.592794,0.598537
21.232000,-5.502808,-5.440034,0.001016,0.001878,0.592796,0.598581
21.234000,-5.506202,-5.443427,0.001016,0.001880,0.592799,0.598591
21.236000,-5.509597,-5.446823,0.001017,0.001884,0.592801,0.598627
21.238000,-5.512991,-5.450221,0.001017,0.001883,0.592804,0.598670
21.240000,-5.516385,-5.453620,0.001018,0.001881,0.592806,0.598661
21.242000,-5.519779,-5.457018,0.001019,0.001884,0.592808,0.598620
21.244000,-5.523173,-5.460417,0.001019,0.001885,0.592811,0.598614
21.246000,-5.526567,-5.463817,0.001020,0.001884,0.592813,0.598626
21.248000,-5.529961,-5.467219,0.001020,0.001883,0.592816,0.598598
21.250000,-5.533355,-5.470620,0.001021,0.001884,0.592818,0.598523
21.252000,-5.536749,-5.474023,0.001022,0.001886,0.592820,0.598494
21.254000,-5.540143,-5.477425,0.001022,0.001882,0.592823,0.598470
21.256000,-5.543537,-5.480830,0.001023,0.001878,0.592825,0.598409
21.258000,-5.546931,-5.484234,0.001024,0.001888,0.592827,0.598397
21.260000,-5.550325,-5.487635,0.001024,0.001888,0.592830,0.598385
21.262000,-5.553719,-5.491038,0.001025,0.001895,0.592832,0.598437
21.264000,-5.557113,-5.494441,0.001025,0.001885,0.592834,0.598571
21.266000,-5.560507,-5.497842,0.001026,0.001886,0.592837,0.598599
21.268000,-5.563902,-5.501245,0.001027,0.001883,0.592839,0.598632
21.270000,-5.567296,-5.504648,0.001027,0.001886,0.592841,0.598637
21.272000,-5.570690,-5.508051,0.001028,0.001895,0.592843,0.598629
21.274000,-5.574084,-5.511457,0.001028,0.001889,0.592846,0.598579
21.276000,-5.577478,-5.514863,0.001029,0.001900,0.592848,0.598574
21.278000,-5.580872,-5.518267,0.001030,0.001900,0.592850,0.598567
21.280000,-5.584266,-5.521673,0.001030,0.001904,0.592853,0.598619
21.282000,-5.587660,-5.525078,0.001031,0.001900,0.592855,0.598685
21.284000,-5.591054,-5.528483,0.001031,0.001898,0.592857,0.598707
21.286000,-5.594448,-5.531886,0.001032,0.001902,0.592859,0.598672
21.288000,-5.597842,-5.535290,0.001033,0.001905,0.592862,0.598673
21.290000,-5.601236,-5.538697,0.001033,0.001896,0.592864,0.598747
21.292000,-5.604630,-5.542103,0.001034,0.001897,0.592866,0.598747
21.294000,-5.608024,-5.545509,0.001035,0.001887,0.592868,0.598675
21.296000,-5.611418,-5.548918,0.001035,0.001893,0.592871,0.598641
21.298000,-5.614813,-5.552326,0.001036,0.001888,0.592873,0.598641
21.300000,-5.618207,-5.555736,0.001036,0.001886,0.592875,0.598617
21.302000,-5.621601,-5.559146,0.001037,0.001896,0.592877,0.598637
21.304000,-5.624995,-5.562554,0.001038,0.001896,0.592879,0.598615
21.306000,-5.628389,-5.565964,0.001038,0.001900,0.592882,0.598642
21.308000,-5.631783,-5.569376,0.001039,0.001897,0.592884,0.598600
21.310000,-5.635177,-5.572789,0.001039,0.001895,0.592886,0.598597
21.312000,-5.638571,-5.576201,0.001040,0.001898,0.592888,0.598554
21.314000,-5.641965,-5.579614,0.001041,0.001900,0.592890,0.598562
21.316000,-5.645359,-5.583024,0.001041,0.001897,0.592892,0.598618
21.318000,-5.648753,-5.586436,0.001042,0.001895,0.592895,0.598636
21.320000,-5.652147,-5.589845,0.001043,0.001898,0.592897,0.598572
21.322000,-5.655541,-5.593254,0.001043,0.001901,0.592899,0.598548
21.324000,-5.658935,-5.596663,0.001044,0.001891,0.592901,0.598596
21.326000,-5.662329,-5.600073,0.001044,0.001892,0.592903,0.598558
21.328000,-5.665724,-5.603485,0.001045,0.001889,0.592905,0.598574
21.330000,-5.669118,-5.606894,0.001046,0.001893,0.592907,0.598530
21.332000,-5.672512,-5.610306,0.001046,0.001895,0.592909,0.598541
21.334000,-5.675906,-5.613716,0.001047,0.001891,0.592912,0.598619
21.336000,-5.679300,-5.617127,0.001047,0.001889,0.592914,0.598627
21.338000,-5.682694,-5.620533,0.001048,0.001892,0.592916,0.598556
21.340000,-5.686088,-5.623942,0.001049,0.001894,0.592918,0.598535
21.342000,-5.689482,-5.627348,0.001049,0.001891,0.592920,0.598588
21.344000,-5.692876,-5.630757,0.001050,0.001889,0.592922,0.598568
21.346000,-5.696270,-5.634163,0.001050,0.001892,0.592924,0.598465
21.348000,-5.699664,-5.637570,0.001051,0.001895,0.592926,0.598425
21.350000,-5.703058,-5.640978,0.001052,0.001884,0.592928,0.598472
21.352000,-5.706452,-5.644385,0.001052,0.001884,0.592930,0.598604
21.354000,-5.709846,-5.647791,0.001053,0.001880,0.592932,0.598656
21.356000,-5.713240,-5.651192,0.001054,0.001885,0.592934,0.598603
21.358000,-5.716635,-5.654596,0.001054,0.001887,0.592936,0.598594
21.360000,-5.720029,-5.657999,0.001055,0.001883,0.592938,0.598662
21.362000,-5.723423,-5.661404,0.001055,0.001882,0.592940,0.598663
21.364000,-5.726817,-5.664805,0.001056,0.001885,0.592943,0.598573
21.366000,-5.730211,-5.668208,0.001057,0.001886,0.592945,0.598534
21.368000,-5.733605,-5.671610,0.001057,0.001883,0.592947,0.598577
21.370000,-5.736999,-5.675015,0.001058,0.001881,0.592949,0.598557
21.372000,-5.740393,-5.678416,0.001058,0.001884,0.592951,0.598447
21.374000,-5.743787,-5.681820,0.001059,0.001885,0.592953,0.598399
21.376000,-5.747181,-5.685223,0.001060,0.001880,0.592955,0.598435
21.378000,-5.750575,-5.688626,0.001060,0.001875,0.592957,0.598565
21.380000,-5.753969,-5.692027,0.001061,0.001886,0.592959,0.598618
21.382000,-5.757363,-5.695422,0.001061,0.001885,0.592961,0.598559
21.384000,-5.760757,-5.698821,0.001062,0.001888,0.592962,0.598541
21.386000,-5.764151,-5.702220,0.001063,0.001883,0.592964,0.598602
21.388000,-5.767545,-5.705621,0.001063,0.001880,0.592966,0.598602
21.390000,-5.770940,-5.709017,0.001064,0.001883,0.592968,0.598504
21.392000,-5.774334,-5.712416,0.001065,0.001883,0.592970,0.598456
21.394000,-5.777728,-5.715814,0.001065,0.001879,0.592972,0.598491
21.396000,-5.781122,-5.719215,0.001066,0.001876,0.592974,0.598467
21.398000,-5.784516,-5.722611,0.001066,0.001878,0.592976,0.598355
21.400000,-5.787910,-5.726009,0.001067,0.001881,0.592978,0.598306
21.402000,-5.791304,-5.729408,0.001068,0.001868,0.592980,0.598347
21.404000,-5.794698,-5.732806,0.001068,0.001874,0.592982,0.598318
21.406000,-5.798092,-5.736207,0.001069,0.001866,0.592984,0.598355
21.408000,-5.801486,-5.739604,0.001069,0.001884,0.592986,0.598317
21.410000,-5.804880,-5.743000,0.001070,0.001877,0.592988,0.598372
21.412000,-5.808274,-5.746396,0.001071,0.001871,0.592990,0.598475
21.414000,-5.811668,-5.749790,0.001071,0.001877,0.592991,0.598486
21.416000,-5.815062,-5.753180,0.001072,0.001874,0.592993,0.598400
21.418000,-5.818456,-5.756573,0.001072,0.001877,0.592995,0.598365
21.420000,-5.821851,-5.759965,0.001073,0.001871,0.592997,0.598409
21.422000,-5.825245,-5.763359,0.001074,0.001868,0.592999,0.598383
21.424000,-5.828639,-5.766749,0.001074,0.001870,0.593001,0.598273
21.426000,-5.832033,-5.770141,0.001075,0.001873,0.593003,0.598231
21.428000,-5.835427,-5.773535,0.001076,0.001861,0.593005,0.598279
21.430000,-5.838821,-5.776928,0.001076,0.001861,0.593006,0.598412
21.432000,-5.842215,-5.780320,0.001077,0.001856,0.593008,0.598467
21.434000,-5.845609,-5.783706,0.001077,0.001861,0.593010,0.598408
21.436000,-5.849003,-5.787095,0.001078,0.001863,0.593012,0.598398
21.438000,-5.852397,-5.790485,0.001079,0.001859,0.593014,0.598311
21.440000,-5.855791,-5.793878,0.001079,0.001858,0.593016,0.598296
21.442000,-5.859185,-5.797268,0.001080,0.001861,0.593017,0.598231
21.444000,-5.862579,-5.800661,0.001080,0.001863,0.593019,0.598238
21.446000,-5.865973,-5.804051,0.001081,0.001859,0.593021,0.598317
21.448000,-5.869367,-5.807439,0.001082,0.001855,0.593023,0.598301
21.450000,-5.872762,-5.810828,0.001082,0.001866,0.593025,0.598350
21.452000,-5.876156,-5.814215,0.001083,0.001867,0.593027,0.598387
21.454000,-5.879550,-5.817604,0.001084,0.001873,0.593028,0.598473
21.456000,-5.882944,-5.820997,0.001084,0.001872,0.593030,0.598602
21.458000,-5.886338,-5.824382,0.001085,0.001864,0.593032,0.598499
21.460000,-5.889732,-5.827767,0.001085,0.001866,0.593034,0.598412
21.462000,-5.893126,-5.831153,0.001086,0.001860,0.593035,0.598367
21.464000,-5.896520,-5.834538,0.001087,0.001855,0.593037,0.598419
21.466000,-5.899914,-5.837921,0.001087,0.001865,0.593039,0.598403
21.468000,-5.903308,-5.841301,0.001088,0.001866,0.593041,0.598364
21.470000,-5.906702,-5.844684,0.001088,0.001870,0.593043,0.598385
21.472000,-5.910096,-5.848067,0.001089,0.001869,0.593044,0.598455
21.474000,-5.913490,-5.851451,0.001090,0.001869,0.593046,0.598437
21.476000,-5.916884,-5.854834,0.001090,0.001872,0.593048,0.598386
21.478000,-5.920278,-5.858220,0.001091,0.001874,0.593050,0.598387
21.480000,-5.923672,-5.861607,0.001091,0.001871,0.593051,0.598422
21.482000,-5.927067,-5.864995,0.001092,0.001869,0.593053,0.598530
21.484000,-5.930461,-5.868376,0.001093,0.001871,0.593055,0.598479
21.486000,-5.933855,-5.871756,0.001093,0.001874,0.593056,0.598439
21.488000,-5.937249,-5.875140,0.001094,0.001868,0.593058,0.598468
21.490000,-5.940643,-5.878522,0.001095,0.001867,0.593060,0.598541
21.492000,-5.944037,-5.881904,0.001095,0.001863,0.593062,0.598526
21.494000,-5.947431,-5.885286,0.001096,0.001866,0.593063,0.598477
21.496000,-5.950825,-5.888670,0.001096,0.001873,0.593065,0.598428
21.498000,-5.954219,-5.892055,0.001097,0.001870,0.593067,0.598442
21.500000,-5.957613,-5.895440,0.001098,0.001878,0.593068,0.598387
21.502000,-5.961007,-5.898821,0.001098,0.001880,0.593070,0.598333
21.504000,-5.964401,-5.902205,0.001099,0.001882,0.593072,0.598339
21.506000,-5.967795,-5.905589,0.001099,0.001882,0.593073,0.598375
21.508000,-5.971189,-5.908974,0.001100,0.001879,0.593075,0.598474
21.510000,-5.974583,-5.912353,0.001101,0.001882,0.593077,0.598431
21.512000,-5.977978,-5.915731,0.001101,0.001886,0.593078,0.598399
21.514000,-5.981372,-5.919112,0.001102,0.001880,0.593080,0.598432
21.516000,-5.984766,-5.922492,0.001102,0.001879,0.593082,0.598501
21.518000,-5.988160,-5.925870,0.001103,0.001877,0.593083,0.598486
21.520000,-5.991554,-5.929249,0.001104,0.001881,0.593085,0.598447
21.522000,-5.994948,-5.932630,0.001104,0.001884,0.593087,0.598455
21.524000,-5.998342,-5.936011,0.001105,0.001883,0.593088,0.598494
21.526000,-6.001736,-5.939393,0.001106,0.001883,0.593090,0.598485
21.528000,-6.005130,-5.942774,0.001106,0.001886,0.593092,0.598455
21.530000,-6.008524,-5.946156,0.001107,0.001889,0.593093,0.598466
21.532000,-6.011918,-5.949536,0.001107,0.001889,0.593095,0.598498
21.534000,-6.015312,-5.952917,0.001108,0.001886,0.593096,0.598429
21.536000,-6.018706,-5.956309,0.001109,0.001900,0.593098,0.598424
21.538000,-6.022100,-5.959691,0.001109,0.001901,0.593100,0.598431
21.540000,-6.025494,-5.963075,0.001110,0.001909,0.593101,0.598487
21.542000,-6.028889,-5.966458,0.001110,0.001908,0.593103,0.598561
21.544000,-6.032283,-5.969840,0.001111,0.001906,0.593104,0.598579
21.546000,-6.035677,-5.973220,0.001112,0.001908,0.593106,0.598572
21.548000,-6.039071,-5.976600,0.001112,0.001911,0.593108,0.598600
21.550000,-6.042465,-5.979980,0.001113,0.001910,0.593109,0.598645
21.552000,-6.045859,-5.983360,0.001114,0.001910,0.593111,0.598631
21.554000,-6.049253,-5.986739,0.001114,0.001913,0.593112,0.598587
21.556000,-6.052647,-5.990119,0.001115,0.001917,0.593114,0.598585
21.558000,-6.056041,-5.993499,0.001115,0.001912,0.593115,0.598654
21.560000,-6.059435,-5.996879,0.001116,0.001912,0.593117,0.598640
21.562000,-6.062829,-6.000260,0.001117,0.001910,0.593119,0.598636
21.564000,-6.066223,-6.003643,0.001117,0.001914,0.593120,0.598631
21.566000,-6.069617,-6.007026,0.001118,0.001918,0.593122,0.598677
21.568000,-6.073011,-6.010409,0.001118,0.001918,0.593123,0.598744
21.570000,-6.076405,-6.013791,0.001119,0.001919,0.593125,0.598748
21.572000,-6.079800,-6.017172,0.001120,0.001922,0.593126,0.598720
21.574000,-6.083194,-6.020554,0.001120,0.001925,0.593128,0.598725
21.576000,-6.086588,-6.023936,0.001121,0.001926,0.593129,0.598746
21.578000,-6.089982,-6.027320,0.001121,0.001926,0.593131,0.598720
21.580000,-6.093376,-6.030703,0.001122,0.001930,0.593132,0.598674
21.582000,-6.096770,-6.034088,0.001123,0.001933,0.593134,0.598671
21.584000,-6.100164,-6.037473,0.001123,0.001933,0.593135,0.598679
21.586000,-6.103558,-6.040860,0.001124,0.001931,0.593137,0.598637
21.588000,-6.106952,-6.044247,0.001125,0.001939,0.593138,0.598626
21.590000,-6.110346,-6.047632,0.001125,0.001942,0.593140,0.598638
21.592000,-6.113740,-6.051019,0.001126,0.001947,0.593141,0.598707
21.594000,-6.117134,-6.054406,0.001126,0.001947,0.593143,0.598776
21.596000,-6.120528,-6.057793,0.001127,0.001946,0.593144,0.598776
21.598000,-6.123922,-6.061178,0.001128,0.001949,0.593146,0.598758
21.600000,-6.127316,-6.064565,0.001128,0.001952,0.593147,0.598778
21.602000,-6.130710,-6.067951,0.001129,0.001952,0.593149,0.598796
21.604000,-6.134105,-6.071340,0.001129,0.001951,0.593150,0.598758
21.606000,-6.137499,-6.074726,0.001130,0.001955,0.593152,0.598721
21.608000,-6.140893,-6.078113,0.001131,0.001959,0.593153,0.598734
21.610000,-6.144287,-6.081500,0.001131,0.001954,0.593155,0.598819
21.612000,-6.147681,-6.084886,0.001132,0.001956,0.593156,0.598902
21.614000,-6.151075,-6.088272,0.001132,0.001954,0.593158,0.598910
21.616000,-6.154469,-6.091657,0.001133,0.001958,0.593159,0.598902
21.618000,-6.157863,-6.095043,0.001134,0.001961,0.593160,0.598933
21.620000,-6.161257,-6.098430,0.001134,0.001962,0.593162,0.598953
21.622000,-6.164651,-6.101820,0.001135,0.001962,0.593163,0.598913
21.624000,-6.168045,-6.105207,0.001136,0.001965,0.593165,0.598877
21.626000,-6.171439,-6.108595,0.001136,0.001968,0.593166,0.598894
21.628000,-6.174833,-6.111986,0.001137,0.001969,0.593168,0.598897
21.630000,-6.178227,-6.115380,0.001137,0.001969,0.593169,0.598837
21.632000,-6.181621,-6.118771,0.001138,0.001973,0.593170,0.598795
21.634000,-6.185016,-6.122162,0.001139,0.001977,0.593172,0.598810
21.636000,-6.188410,-6.125554,0.001139,0.001972,0.593173,0.598901
21.638000,-6.191804,-6.128946,0.001140,0.001974,0.593175,0.598974
21.640000,-6.195198,-6.132338,0.001140,0.001972,0.593176,0.598966
21.642000,-6.198592,-6.135731,0.001141,0.001977,0.593177,0.598956
21.644000,-6.201986,-6.139123,0.001142,0.001980,0.593179,0.598996
21.646000,-6.205380,-6.142518,0.001142,0.001980,0.593180,0.599015
21.648000,-6.208774,-6.145913,0.001143,0.001980,0.593182,0.598967
21.650000,-6.212168,-6.149306,0.001143,0.001984,0.593183,0.598934
21.652000,-6.215562,-6.152701,0.001144,0.001987,0.593184,0.598959
21.654000,-6.218956,-6.156098,0.001145,0.001987,0.593186,0.598964
21.656000,-6.222350,-6.159498,0.001145,0.001987,0.593187,0.598900
21.658000,-6.225744,-6.162894,0.001146,0.001991,0.593189,0.598861
21.660000,-6.229138,-6.166291,0.001147,0.001996,0.593190,0.598884
21.662000,-6.232532,-6.169690,0.001147,0.001990,0.593191,0.598985
21.664000,-6.235927,-6.173088,0.001148,0.001991,0.593193,0.599057
21.666000,-6.239321,-6.176487,0.001148,0.001989,0.593194,0.599042
21.668000,-6.242715,-6.179886,0.001149,0.001992,0.593195,0.599026
21.670000,-6.246109,-6.183287,0.001150,0.001995,0.593197,0.599061
21.672000,-6.249503,-6.186686,0.001150,0.001993,0.593198,0.599036
21.674000,-6.252897,-6.190086,0.001151,0.001989,0.593199,0.598944
21.676000,-6.256291,-6.193486,0.001151,0.002000,0.593201,0.598889
21.678000,-6.259685,-6.196885,0.001152,0.002001,0.593202,0.598905
21.680000,-6.263079,-6.200287,0.001153,0.002007,0.593203,0.599010
21.682000,-6.266473,-6.203690,0.001153,0.002004,0.593205,0.598942
21.684000,-6.269867,-6.207093,0.001154,0.002003,0.593206,0.598887
21.686000,-6.273261,-6.210496,0.001155,0.002007,0.593207,0.598889
21.688000,-6.276655,-6.213902,0.001155,0.002010,0.593209,0.598976
21.690000,-6.280049,-6.217306,0.001156,0.002008,0.593210,0.599003
21.692000,-6.283443,-6.220711,0.001156,0.002006,0.593211,0.598960
21.694000,-6.286838,-6.224113,0.001157,0.002011,0.593213,0.598944
21.696000,-6.290232,-6.227517,0.001158,0.002013,0.593214,0.598995
21.698000,-6.293626,-6.230921,0.001158,0.002011,0.593215,0.598982
21.700000,-6.297020,-6.234327,0.001159,0.002007,0.593216,0.598919
21.702000,-6.300414,-6.237732,0.001159,0.002019,0.593218,0.598897
21.704000,-6.303808,-6.241138,0.001160,0.002019,0.593219,0.598941
21.706000,-6.307202,-6.244547,0.001161,0.002023,0.593220,0.599069
21.708000,-6.310596,-6.247958,0.001161,0.002020,0.593222,0.599001
21.710000,-6.313990,-6.251366,0.001162,0.002012,0.593223,0.598941
21.712000,-6.317384,-6.254774,0.001162,0.002020,0.593224,0.598944
21.714000,-6.320778,-6.258186,0.001163,0.002008,0.593225,0.599034
21.716000,-6.324172,-6.261594,0.001164,0.002011,0.593227,0.599063
21.718000,-6.327566,-6.265004,0.001164,0.002007,0.593228,0.599024
21.720000,-6.330960,-6.268410,0.001165,0.002013,0.593229,0.599008
21.722000,-6.334354,-6.271819,0.001166,0.002015,0.593230,0.599060
21.724000,-6.337748,-6.275228,0.001166,0.002012,0.593232,0.599043
21.726000,-6.341143,-6.278638,0.001167,0.002008,0.593233,0.598978
21.728000,-6.344537,-6.282047,0.001167,0.002020,0.593234,0.598955
21.730000,-6.347931,-6.285457,0.001168,0.002020,0.593235,0.598994
21.732000,-6.351325,-6.288870,0.001169,0.002024,0.593237,0.599116
21.734000,-6.354719,-6.292283,0.001169,0.002018,0.593238,0.599043
21.736000,-6.358113,-6.295695,0.001170,0.002016,0.593239,0.598983
21.738000,-6.361507,-6.299107,0.001170,0.002020,0.593240,0.598975
21.740000,-6.364901,-6.302522,0.001171,0.002021,0.593242,0.599051
21.742000,-6.368295,-6.305934,0.001172,0.002019,0.593243,0.599077
21.744000,-6.371689,-6.309346,0.001172,0.002015,0.593244,0.598991
21.746000,-6.375083,-6.312755,0.001173,0.002019,0.593245,0.598933
21.748000,-6.378477,-6.316168,0.001173,0.002020,0.593246,0.598958
21.750000,-6.381871,-6.319580,0.001174,0.002017,0.593248,0.598943
21.752000,-6.385265,-6.322993,0.001175,0.002014,0.593249,0.598842
21.754000,-6.388659,-6.326403,0.001175,0.002018,0.593250,0.598782
21.756000,-6.392054,-6.329815,0.001176,0.002021,0.593251,0.598810
21.758000,-6.395448,-6.333231,0.001177,0.002010,0.593252,0.598936
21.760000,-6.398842,-6.336642,0.001177,0.002010,0.593254,0.599025
21.762000,-6.402236,-6.340052,0.001178,0.002005,0.593255,0.598988
21.764000,-6.405630,-6.343458,0.001178,0.002011,0.593256,0.598950
21.766000,-6.409024,-6.346871,0.001179,0.002013,0.593257,0.598989
21.768000,-6.412418,-6.350281,0.001180,0.002009,0.593258,0.599009
21.770000,-6.415812,-6.353690,0.001180,0.002006,0.593260,0.598935
21.772000,-6.419206,-6.357097,0.001181,0.002009,0.593261,0.598866
21.774000,-6.422600,-6.360509,0.001181,0.002011,0.593262,0.598880
21.776000,-6.425994,-6.363918,0.001182,0.002008,0.593263,0.598891
21.778000,-6.429388,-6.367328,0.001183,0.002005,0.593264,0.598808
21.780000,-6.432782,-6.370734,0.001183,0.002009,0.593265,0.598731
21.782000,-6.436176,-6.374144,0.001184,0.002013,0.593267,0.598739
21.784000,-6.439570,-6.377556,0.001185,0.002002,0.593268,0.598845
21.786000,-6.442965,-6.380964,0.001185,0.002001,0.593269,0.598950
21.788000,-6.446359,-6.384370,0.001186,0.001997,0.593270,0.598941
21.790000,-6.449753,-6.387774,0.001186,0.002000,0.593271,0.598897
21.792000,-6.453147,-6.391181,0.001187,0.002009,0.593272,0.598832
21.794000,-6.456541,-6.394588,0.001188,0.002001,0.593273,0.598850
21.796000,-6.459935,-6.397993,0.001188,0.002012,0.593275,0.598806
21.798000,-6.463329,-6.401394,0.001189,0.002010,0.593276,0.598751
21.800000,-6.466723,-6.404799,0.001189,0.002012,0.593277,0.598765
21.802000,-6.470117,-6.408202,0.001190,0.002008,0.593278,0.598785
21.804000,-6.473511,-6.411606,0.001191,0.002004,0.593279,0.598724
21.806000,-6.476905,-6.415007,0.001191,0.002007,0.593280,0.598647
21.808000,-6.480299,-6.418411,0.001192,0.002010,0.593281,0.598644
21.810000,-6.483693,-6.421817,0.001192,0.001998,0.593282,0.598736
21.812000,-6.487087,-6.425219,0.001193,0.001997,0.593284,0.598837
21.814000,-6.490481,-6.428618,0.001194,0.001992,0.593285,0.598838
21.816000,-6.493876,-6.432015,0.001194,0.001996,0.593286,0.598794
21.818000,-6.497270,-6.435416,0.001195,0.001998,0.593287,0.598807
21.820000,-6.500664,-6.438815,0.001196,0.001994,0.593288,0.598839
21.822000,-6.504058,-6.442214,0.001196,0.001992,0.593289,0.598792
21.824000,-6.507452,-6.445609,0.001197,0.001994,0.593290,0.598714
21.826000,-6.510846,-6.449009,0.001197,0.001996,0.593291,0.598702
21.828000,-6.514240,-6.452407,0.001198,0.001993,0.593292,0.598711
21.830000,-6.517634,-6.455805,0.001199,0.001990,0.593293,0.598649
21.832000,-6.521028,-6.459201,0.001199,0.001993,0.593295,0.598566
21.834000,-6.524422,-6.462599,0.001200,0.001997,0.593296,0.598554
21.836000,-6.527816,-6.465998,0.001200,0.001986,0.593297,0.598637
21.838000,-6.531210,-6.469394,0.001201,0.001986,0.593298,0.598739
21.840000,-6.534604,-6.472787,0.001202,0.001982,0.593299,0.598741
21.842000,-6.537998,-6.476178,0.001202,0.001986,0.593300,0.598692
21.844000,-6.541392,-6.479573,0.001203,0.001989,0.593301,0.598699
21.846000,-6.544786,-6.482966,0.001203,0.001986,0.593302,0.598728
21.848000,-6.548181,-6.486359,0.001204,0.001984,0.593303,0.598688
21.850000,-6.551575,-6.489750,0.001205,0.001987,0.593304,0.598615
21.852000,-6.554969,-6.493144,0.001205,0.001989,0.593305,0.598605
21.854000,-6.558363,-6.496536,0.001206,0.001986,0.593306,0.598619
21.856000,-6.561757,-6.499927,0.001207,0.001982,0.593307,0.598567
21.858000,-6.565151,-6.503319,0.001207,0.001991,0.593308,0.598564
21.860000,-6.568545,-6.506709,0.001208,0.001992,0.593309,0.598568
21.862000,-6.571939,-6.510103,0.001208,0.001993,0.593310,0.598638
21.864000,-6.575333,-6.513493,0.001209,0.001995,0.593312,0.598643
21.866000,-6.578727,-6.516884,0.001210,0.001988,0.593313,0.598621
21.868000,-6.582121,-6.520274,0.001210,0.002007,0.593314,0.598605
21.870000,-6.585515,-6.523671,0.001211,0.001999,0.593315,0.598668
21.872000,-6.588909,-6.527062,0.001211,0.002002,0.593316,0.598753
21.874000,-6.592303,-6.530449,0.001212,0.001990,0.593317,0.598663
21.876000,-6.595697,-6.533839,0.001213,0.001991,0.593318,0.598582
21.878000,-6.599092,-6.537228,0.001213,0.001985,0.593319,0.598507
21.880000,-6.602486,-6.540617,0.001214,0.001980,0.593320,0.598516
21.882000,-6.605880,-6.544003,0.001215,0.001987,0.593321,0.598474
21.884000,-6.609274,-6.547388,0.001215,0.001992,0.593322,0.598488
21.886000,-6.612668,-6.550773,0.001216,0.001995,0.593323,0.598524
21.888000,-6.616062,-6.554159,0.001216,0.002000,0.593324,0.598617
21.890000,-6.619456,-6.557595,0.001217,0.001991,0.593325,0.598773
21.892000,-6.622850,-6.560981,0.001218,0.001999,0.593326,0.598696
21.894000,-6.626244,-6.564371,0.001218,0.001998,0.593327,0.598604
21.896000,-6.629638,-6.567759,0.001219,0.002010,0.593328,0.598568
21.898000,-6.633032,-6.571145,0.001219,0.002015,0.593329,0.598621
21.900000,-6.636426,-6.574529,0.001220,0.002018,0.593330,0.598558
21.902000,-6.639820,-6.577910,0.001221,0.002022,0.593331,0.598511
21.904000,-6.643214,-6.581292,0.001221,0.002015,0.593332,0.598525
21.906000,-6.646608,-6.584672,0.001222,0.002015,0.593333,0.598588
21.908000,-6.650003,-6.588053,0.001222,0.002012,0.593334,0.598582
21.910000,-6.653397,-6.591433,0.001223,0.002015,0.593335,0.598535
21.912000,-6.656791,-6.594815,0.001224,0.002016,0.593336,0.598525
21.914000,-6.660185,-6.598197,0.001224,0.002014,0.593337,0.598560
21.916000,-6.663579,-6.601578,0.001225,0.002013,0.593338,0.598665
21.918000,-6.666973,-6.604957,0.001226,0.002015,0.593339,0.598615
21.920000,-6.670367,-6.608334,0.001226,0.002018,0.593340,0.598571
21.922000,-6.673761,-6.611712,0.001227,0.002012,0.593340,0.598583
21.924000,-6.677155,-6.615089,0.001227,0.002013,0.593341,0.598659
21.926000,-6.680549,-6.618466,0.001228,0.002011,0.593342,0.598667
21.928000,-6.683943,-6.621843,0.001229,0.002014,0.593343,0.598623
21.930000,-6.687337,-6.625222,0.001229,0.002016,0.593344,0.598612
21.932000,-6.690731,-6.628600,0.001230,0.002015,0.593345,0.598656
21.934000,-6.694125,-6.631979,0.001230,0.002015,0.593346,0.598630
21.936000,-6.697519,-6.635360,0.001231,0.002017,0.593347,0.598565
21.938000,-6.700914,-6.638741,0.001232,0.002020,0.593348,0.598542
21.940000,-6.704308,-6.642121,0.001232,0.002019,0.593349,0.598581
21.942000,-6.707702,-6.645502,0.001233,0.002018,0.593350,0.598699
21.944000,-6.711096,-6.648883,0.001233,0.002021,0.593351,0.598677
21.946000,-6.714490,-6.652260,0.001234,0.002025,0.593352,0.598653
21.948000,-6.717884,-6.655636,0.001235,0.002019,0.593353,0.598674
21.950000,-6.721278,-6.659015,0.001235,0.002019,0.593354,0.598608
21.952000,-6.724672,-6.662397,0.001236,0.002021,0.593355,0.598602
21.954000,-6.728066,-6.665779,0.001237,0.002023,0.593356,0.598565
21.956000,-6.731460,-6.669162,0.001237,0.002030,0.593356,0.598577
21.958000,-6.734854,-6.672544,0.001238,0.002029,0.593357,0.598654
21.960000,-6.738248,-6.675928,0.001238,0.002026,0.593358,0.598802
21.962000,-6.741642,-6.679308,0.001239,0.002031,0.593359,0.598805
21.964000,-6.745036,-6.682686,0.001240,0.002025,0.593360,0.598800
21.966000,-6.748430,-6.686065,0.001240,0.002021,0.593361,0.598833
21.968000,-6.751824,-6.689444,0.001241,0.002025,0.593362,0.598824
21.970000,-6.755219,-6.692824,0.001241,0.002023,0.593363,0.598849
21.972000,-6.758613,-6.696204,0.001242,0.002038,0.593364,0.598823
21.974000,-6.762007,-6.699585,0.001243,0.002041,0.593365,0.598832
21.976000,-6.765401,-6.702966,0.001243,0.002039,0.593366,0.598899
21.978000,-6.768795,-6.706347,0.001244,0.002041,0.593366,0.598930
21.980000,-6.772189,-6.709730,0.001244,0.002035,0.593367,0.598889
21.982000,-6.775583,-6.713113,0.001245,0.002040,0.593368,0.598868
21.984000,-6.778977,-6.716495,0.001246,0.002039,0.593369,0.598904
21.986000,-6.782371,-6.719879,0.001246,0.002040,0.593370,0.598906
21.988000,-6.785765,-6.723264,0.001247,0.002044,0.593371,0.598841
21.990000,-6.789159,-6.726648,0.001248,0.002049,0.593372,0.598805
21.992000,-6.792553,-6.730032,0.001248,0.002044,0.593373,0.598834
21.994000,-6.795947,-6.733418,0.001249,0.002047,0.593373,0.598828
21.996000,-6.799341,-6.736806,0.001249,0.002046,0.593374,0.598866
21.998000,-6.802735,-6.740193,0.001250,0.002050,0.593375,0.598854
22.000000,-6.806130,-6.743582,0.001251,0.002056,0.593376,0.598872
22.002000,-6.809524,-6.746971,0.001251,0.002055,0.593377,0.598941
22.004000,-6.812918,-6.750362,0.001252,0.002056,0.593378,0.598963
22.006000,-6.816312,-6.753750,0.001252,0.002060,0.593379,0.598920
22.008000,-6.819706,-6.757137,0.001253,0.002063,0.593380,0.598899
22.010000,-6.823100,-6.760523,0.001254,0.002063,0.593380,0.598936
22.012000,-6.826494,-6.763912,0.001254,0.002064,0.593381,0.598936
22.014000,-6.829888,-6.767302,0.001255,0.002068,0.593382,0.598871
22.016000,-6.833282,-6.770691,0.001256,0.002073,0.593383,0.598837
22.018000,-6.836676,-6.774080,0.001256,0.002066,0.593384,0.598869
22.020000,-6.840070,-6.777470,0.001257,0.002072,0.593385,0.598863
22.022000,-6.843464,-6.780862,0.001257,0.002068,0.593385,0.598900
22.024000,-6.846858,-6.784252,0.001258,0.002083,0.593386,0.598894
22.026000,-6.850252,-6.787643,0.001259,0.002086,0.593387,0.598919
22.028000,-6.853646,-6.791036,0.001259,0.002087,0.593388,0.598993
22.030000,-6.857041,-6.794430,0.001260,0.002086,0.593389,0.599012
22.032000,-6.860435,-6.797821,0.001260,0.002089,0.593390,0.598969
22.034000,-6.863829,-6.801212,0.001261,0.002092,0.593390,0.598951
22.036000,-6.867223,-6.804602,0.001262,0.002091,0.593391,0.598988
22.038000,-6.870617,-6.807995,0.001262,0.002091,0.593392,0.598983
22.040000,-6.874011,-6.811389,0.001263,0.002094,0.593393,0.598920
22.042000,-6.877405,-6.814781,0.001263,0.002098,0.593394,0.598897
22.044000,-6.880799,-6.818174,0.001264,0.002092,0.593395,0.598942
22.046000,-6.884193,-6.821566,0.001265,0.002093,0.593395,0.599055
22.048000,-6.887587,-6.824960,0.001265,0.002091,0.593396,0.599112
22.050000,-6.890981,-6.828351,0.001266,0.002096,0.593397,0.599092
22.052000,-6.894375,-6.831742,0.001267,0.002099,0.593398,0.599090
22.054000,-6.897769,-6.835134,0.001267,0.002099,0.593399,0.599130
22.056000,-6.901163,-6.838528,0.001268,0.002100,0.593399,0.599129
22.058000,-6.904557,-6.841922,0.001268,0.002103,0.593400,0.599073
22.060000,-6.907951,-6.845316,0.001269,0.002106,0.593401,0.599052
22.062000,-6.911346,-6.848709,0.001270,0.002106,0.593402,0.599077
22.064000,-6.914740,-6.852106,0.001270,0.002105,0.593403,0.599058
22.066000,-6.918134,-6.855502,0.001271,0.002109,0.593403,0.598996
22.068000,-6.921528,-6.858897,0.001271,0.002114,0.593404,0.598979
22.070000,-6.924922,-6.862293,0.001272,0.002108,0.593405,0.599038
22.072000,-6.928316,-6.865689,0.001273,0.002109,0.593406,0.599146
22.074000,-6.931710,-6.869084,0.001273,0.002107,0.593407,0.599188
22.076000,-6.935104,-6.872478,0.001274,0.002112,0.593407,0.599163
22.078000,-6.938498,-6.875873,0.001274,0.002115,0.593408,0.599162
22.080000,-6.941892,-6.879268,0.001275,0.002115,0.593409,0.599189
22.082000,-6.945286,-6.882666,0.001276,0.002116,0.593410,0.599168
22.084000,-6.948680,-6.886061,0.001276,0.002118,0.593410,0.599081
22.086000,-6.952074,-6.889459,0.001277,0.002120,0.593411,0.599042
22.088000,-6.955468,-6.892855,0.001278,0.002117,0.593412,0.599024
22.090000,-6.958862,-6.896254,0.001278,0.002113,0.593413,0.598968
22.092000,-6.962257,-6.899653,0.001279,0.002125,0.593414,0.598962
22.094000,-6.965651,-6.903049,0.001279,0.002127,0.593414,0.598946
22.096000,-6.969045,-6.906448,0.001280,0.002132,0.593415,0.598995
22.098000,-6.972439,-6.909846,0.001281,0.002129,0.593416,0.599059
22.100000,-6.975833,-6.913245,0.001281,0.002129,0.593417,0.599074
22.102000,-6.979227,-6.916641,0.001282,0.002133,0.593417,0.599034
22.104000,-6.982621,-6.920039,0.001282,0.002139,0.593418,0.599040
22.106000,-6.986015,-6.923439,0.001283,0.002129,0.593419,0.599130
22.108000,-6.989409,-6.926838,0.001284,0.002129,0.593420,0.599122
22.110000,-6.992803,-6.930240,0.001284,0.002126,0.593420,0.599128
22.112000,-6.996197,-6.933640,0.001285,0.002132,0.593421,0.599112
22.114000,-6.999591,-6.937043,0.001286,0.002136,0.593422,0.599157
22.116000,-7.002985,-6.940448,0.001286,0.002134,0.593423,0.599107
22.118000,-7.006379,-6.943854,0.001287,0.002133,0.593423,0.599082
22.120000,-7.009773,-6.947258,0.001287,0.002137,0.593424,0.599050
22.122000,-7.013168,-6.950665,0.001288,0.002140,0.593425,0.599083
22.124000,-7.016562,-6.954070,0.001289,0.002138,0.593426,0.599131
22.126000,-7.019956,-6.957475,0.001289,0.002137,0.593426,0.599130
22.128000,-7.023350,-6.960877,0.001290,0.002140,0.593427,0.599085
22.130000,-7.026744,-6.964282,0.001290,0.002143,0.593428,0.599086
22.132000,-7.030138,-6.967685,0.001291,0.002141,0.593428,0.599095
22.134000,-7.033532,-6.971090,0.001292,0.002137,0.593429,0.599068
22.136000,-7.036926,-6.974496,0.001292,0.002148,0.593430,0.599079
22.138000,-7.040320,-6.977899,0.001293,0.002148,0.593431,0.599082
22.140000,-7.043714,-6.981306,0.001293,0.002152,0.593431,0.599142
22.142000,-7.047108,-6.984713,0.001294,0.002148,0.593432,0.599095
22.144000,-7.050502,-6.988122,0.001295,0.002145,0.593433,0.599069
22.146000,-7.053896,-6.991529,0.001295,0.002149,0.593433,0.599041
22.148000,-7.057290,-6.994938,0.001296,0.002151,0.593434,0.599076
22.150000,-7.060684,-6.998345,0.001297,0.002148,0.593435,0.599121
22.152000,-7.064079,-7.001753,0.001297,0.002145,0.593436,0.599114
22.154000,-7.067473,-7.005157,0.001298,0.002148,0.593436,0.599067
22.156000,-7.070867,-7.008563,0.001298,0.002150,0.593437,0.599065
22.158000,-7.074261,-7.011968,0.001299,0.002147,0.593438,0.599067
22.160000,-7.077655,-7.015375,0.001300,0.002144,0.593438,0.598995
22.162000,-7.081049,-7.018780,0.001300,0.002147,0.593439,0.598901
22.164000,-7.084443,-7.022187,0.001301,0.002151,0.593440,0.598877
22.166000,-7.087837,-7.025597,0.001301,0.002140,0.593440,0.598949
22.168000,-7.091231,-7.029002,0.001302,0.002140,0.593441,0.599033
22.170000,-7.094625,-7.032408,0.001303,0.002136,0.593442,0.599031
22.172000,-7.098019,-7.035811,0.001303,0.002140,0.593443,0.598994
22.174000,-7.101413,-7.039218,0.001304,0.002143,0.593443,0.599014
22.176000,-7.104807,-7.042623,0.001304,0.002140,0.593444,0.599046
22.178000,-7.108201,-7.046029,0.001305,0.002138,0.593445,0.598999
22.180000,-7.111595,-7.049433,0.001306,0.002141,0.593445,0.598931
22.182000,-7.114989,-7.052840,0.001306,0.002143,0.593446,0.598931
22.184000,-7.118384,-7.056245,0.001307,0.002139,0.593447,0.598936
22.186000,-7.121778,-7.059651,0.001308,0.002133,0.593447,0.598868
22.188000,-7.125172,-7.063049,0.001308,0.002150,0.593448,0.598881
22.190000,-7.128566,-7.066451,0.001309,0.002143,0.593449,0.598919
22.192000,-7.131960,-7.069858,0.001309,0.002152,0.593449,0.599009
22.194000,-7.135354,-7.073262,0.001310,0.002145,0.593450,0.599078
22.196000,-7.138748,-7.076663,0.001311,0.002138,0.593451,0.599004
22.198000,-7.142142,-7.080064,0.001311,0.002143,0.593451,0.598955
22.200000,-7.145536,-7.083467,0.001312,0.002133,0.593452,0.598982
22.202000,-7.148930,-7.086868,0.001312,0.002134,0.593453,0.599007
22.204000,-7.152324,-7.090270,0.001313,0.002130,0.593453,0.598953
22.206000,-7.155718,-7.093671,0.001314,0.002134,0.593454,0.598900
22.208000,-7.159112,-7.097075,0.001314,0.002136,0.593455,0.598919
22.210000,-7.162506,-7.100476,0.001315,0.002132,0.593455,0.598917
22.212000,-7.165900,-7.103879,0.001315,0.002128,0.593456,0.598832
22.214000,-7.169295,-7.107282,0.001316,0.002137,0.593457,0.598802
22.216000,-7.172689,-7.110685,0.001317,0.002137,0.593457,0.598824
22.218000,-7.176083,-7.114090,0.001317,0.002141,0.593458,0.598926
22.220000,-7.179477,-7.117493,0.001318,0.002138,0.593459,0.598992
22.222000,-7.182871,-7.120892,0.001319,0.002130,0.593459,0.598927
22.224000,-7.186265,-7.124291,0.001319,0.002137,0.593460,0.598897
22.226000,-7.189659,-7.127691,0.001320,0.002125,0.593460,0.598946
22.228000,-7.193053,-7.131089,0.001320,0.002127,0.593461,0.598959
22.230000,-7.196447,-7.134488,0.001321,0.002122,0.593462,0.598878
22.232000,-7.199841,-7.137884,0.001322,0.002127,0.593462,0.598828
22.234000,-7.203235,-7.141284,0.001322,0.002129,0.593463,0.598859
22.236000,-7.206629,-7.144683,0.001323,0.002123,0.593464,0.598849
22.238000,-7.210023,-7.148083,0.001323,0.002127,0.593464,0.598893
22.240000,-7.213417,-7.151478,0.001324,0.002129,0.593465,0.598869
22.242000,-7.216811,-7.154873,0.001325,0.002146,0.593466,0.598878
22.244000,-7.220206,-7.158272,0.001325,0.002142,0.593466,0.598961
22.246000,-7.223600,-7.161668,0.001326,0.002134,0.593467,0.598851
22.248000,-7.226994,-7.165065,0.001327,0.002132,0.593467,0.598765
22.250000,-7.230388,-7.168462,0.001327,0.002122,0.593468,0.598746
22.252000,-7.233782,-7.171861,0.001328,0.002129,0.593469,0.598818
22.254000,-7.237176,-7.175257,0.001328,0.002124,0.593469,0.598839
22.256000,-7.240570,-7.178653,0.001329,0.002122,0.593470,0.598747
22.258000,-7.243964,-7.182046,0.001330,0.002126,0.593470,0.598703
22.260000,-7.247358,-7.185442,0.001330,0.002127,0.593471,0.598744
22.262000,-7.250752,-7.188837,0.001331,0.002122,0.593472,0.598732
22.264000,-7.254146,-7.192232,0.001331,0.002125,0.593472,0.598783
22.266000,-7.257540,-7.195623,0.001332,0.002128,0.593473,0.598758
22.268000,-7.260934,-7.199013,0.001333,0.002144,0.593474,0.598776
22.270000,-7.264328,-7.202407,0.001333,0.002140,0.593474,0.598872
22.272000,-7.267722,-7.205798,0.001334,0.002132,0.593475,0.598754
22.274000,-7.271117,-7.209189,0.001334,0.002130,0.593475,0.598669
22.276000,-7.274511,-7.212580,0.001335,0.002120,0.593476,0.598658
22.278000,-7.277905,-7.215974,0.001336,0.002126,0.593477,0.598740
22.280000,-7.281299,-7.219364,0.001336,0.002122,0.593477,0.598765
22.282000,-7.284693,-7.222753,0.001337,0.002120,0.593478,0.598676
22.284000,-7.288087,-7.226140,0.001338,0.002126,0.593478,0.598641
22.286000,-7.291481,-7.229530,0.001338,0.002129,0.593479,0.598691
22.288000,-7.294875,-7.232922,0.001339,0.002121,0.593479,0.598833
22.290000,-7.298269,-7.236313,0.001339,0.002130,0.593480,0.598951
22.292000,-7.301663,-7.239698,0.001340,0.002117,0.593481,0.598935
22.294000,-7.305057,-7.243088,0.001341,0.002138,0.593481,0.598931
22.296000,-7.308451,-7.246476,0.001341,0.002122,0.593482,0.598852
22.298000,-7.311845,-7.249863,0.001342,0.002123,0.593482,0.598832
22.300000,-7.315239,-7.253248,0.001342,0.002126,0.593483,0.598741
22.302000,-7.318633,-7.256629,0.001343,0.002129,0.593484,0.598702
22.304000,-7.322027,-7.260015,0.001344,0.002133,0.593484,0.598750
22.306000,-7.325422,-7.263400,0.001344,0.002132,0.593485,0.598793
22.308000,-7.328816,-7.266785,0.001345,0.002132,0.593485,0.598739
22.310000,-7.332210,-7.270169,0.001345,0.002134,0.593486,0.598717
22.312000,-7.335604,-7.273556,0.001346,0.002137,0.593486,0.598765
22.314000,-7.338998,-7.276943,0.001347,0.002137,0.593487,0.598786
22.316000,-7.342392,-7.280330,0.001347,0.002128,0.593488,0.598696
22.318000,-7.345786,-7.283714,0.001348,0.002134,0.593488,0.598642
22.320000,-7.349180,-7.287099,0.001349,0.002121,0.593489,0.598663
22.322000,-7.352574,-7.290485,0.001349,0.002123,0.593489,0.598670
22.324000,-7.355968,-7.293871,0.001350,0.002127,0.593490,0.598722
22.326000,-7.359362,-7.297252,0.001350,0.002128,0.593490,0.598669
22.328000,-7.362756,-7.300634,0.001351,0.002143,0.593491,0.598666
22.330000,-7.366150,-7.304017,0.001352,0.002133,0.593492,0.598738
22.332000,-7.369544,-7.307399,0.001352,0.002131,0.593492,0.598792
22.334000,-7.372938,-7.310779,0.001353,0.002127,0.593493,0.598720
22.336000,-7.376333,-7.314160,0.001353,0.002131,0.593493,0.598674
22.338000,-7.379727,-7.317544,0.001354,0.002134,0.593494,0.598700
22.340000,-7.383121,-7.320928,0.001355,0.002134,0.593494,0.598724
22.342000,-7.386515,-7.324310,0.001355,0.002134,0.593495,0.598801
22.344000,-7.389909,-7.327687,0.001356,0.002137,0.593495,0.598755
22.346000,-7.393303,-7.331063,0.001357,0.002140,0.593496,0.598745
22.348000,-7.396697,-7.334443,0.001357,0.002139,0.593496,0.598718
22.350000,-7.400091,-7.337821,0.001358,0.002138,0.593497,0.598751
22.352000,-7.403485,-7.341198,0.001358,0.002145,0.593498,0.598702
22.354000,-7.406879,-7.344574,0.001359,0.002147,0.593498,0.598684
22.356000,-7.410273,-7.347953,0.001360,0.002152,0.593499,0.598738
22.358000,-7.413667,-7.351334,0.001360,0.002151,0.593499,0.598784
22.360000,-7.417061,-7.354714,0.001361,0.002149,0.593500,0.598759
22.362000,-7.420455,-7.358092,0.001361,0.002152,0.593500,0.598740
22.364000,-7.423849,-7.361472,0.001362,0.002154,0.593501,0.598775
22.366000,-7.427244,-7.364851,0.001363,0.002154,0.593501,0.598804
22.368000,-7.430638,-7.368231,0.001363,0.002153,0.593502,0.598711
22.370000,-7.434032,-7.371611,0.001364,0.002156,0.593502,0.598634
22.372000,-7.437426,-7.374991,0.001364,0.002161,0.593503,0.598633
22.374000,-7.440820,-7.378374,0.001365,0.002154,0.593503,0.598723
22.376000,-7.444214,-7.381756,0.001366,0.002155,0.593504,0.598825
22.378000,-7.447608,-7.385136,0.001366,0.002152,0.593504,0.598852
22.380000,-7.451002,-7.388515,0.001367,0.002156,0.593505,0.598854
22.382000,-7.454396,-7.391897,0.001368,0.002161,0.593506,0.598897
22.384000,-7.457790,-7.395277,0.001368,0.002160,0.593506,0.598949
22.386000,-7.461184,-7.398658,0.001369,0.002161,0.593507,0.598927
22.388000,-7.464578,-7.402036,0.001369,0.002164,0.593507,0.598882
22.390000,-7.467972,-7.405417,0.001370,0.002167,0.593508,0.598884
22.392000,-7.471366,-7.408798,0.001371,0.002167,0.593508,0.598900
22.394000,-7.474760,-7.412182,0.001371,0.002167,0.593509,0.598862
22.396000,-7.478155,-7.415564,0.001372,0.002171,0.593509,0.598810
22.398000,-7.481549,-7.418946,0.001372,0.002176,0.593510,0.598808
22.400000,-7.484943,-7.422330,0.001373,0.002170,0.593510,0.598883
22.402000,-7.488337,-7.425712,0.001374,0.002171,0.593511,0.598983
22.404000,-7.491731,-7.429094,0.001374,0.002170,0.593511,0.599012
22.406000,-7.495125,-7.432474,0.001375,0.002175,0.593512,0.598997
22.408000,-7.498519,-7.435857,0.001375,0.002179,0.593512,0.599009
22.410000,-7.501913,-7.439241,0.001376,0.002179,0.593513,0.599039
22.412000,-7.505307,-7.442626,0.001377,0.002180,0.593513,0.599019
22.414000,-7.508701,-7.446011,0.001377,0.002183,0.593514,0.598973
22.416000,-7.512095,-7.449397,0.001378,0.002187,0.593514,0.598967
22.418000,-7.515489,-7.452783,0.001379,0.002187,0.593515,0.598981
22.420000,-7.518883,-7.456172,0.001379,0.002187,0.593515,0.598947
22.422000,-7.522277,-7.459561,0.001380,0.002191,0.593516,0.598892
22.424000,-7.525671,-7.462950,0.001380,0.002196,0.593516,0.598883
22.426000,-7.529065,-7.466339,0.001381,0.002191,0.593517,0.598949
22.428000,-7.532460,-7.469726,0.001382,0.002192,0.593517,0.599044
22.430000,-7.535854,-7.473114,0.001382,0.002191,0.593518,0.599074
22.432000,-7.539248,-7.476501,0.001383,0.002195,0.593518,0.599058
22.434000,-7.542642,-7.479889,0.001383,0.002199,0.593519,0.599069
22.436000,-7.546036,-7.483278,0.001384,0.002199,0.593519,0.599097
22.438000,-7.549430,-7.486669,0.001385,0.002200,0.593520,0.599075
22.440000,-7.552824,-7.490059,0.001385,0.002203,0.593520,0.599028
22.442000,-7.556218,-7.493450,0.001386,0.002207,0.593520,0.599023
22.444000,-7.559612,-7.496842,0.001386,0.002205,0.593521,0.599042
22.446000,-7.563006,-7.500234,0.001387,0.002208,0.593521,0.599066
22.448000,-7.566400,-7.503625,0.001388,0.002215,0.593522,0.599087
22.450000,-7.569794,-7.507015,0.001388,0.002228,0.593522,0.599095
22.452000,-7.573188,-7.510407,0.001389,0.002233,0.593523,0.599140
22.454000,-7.576582,-7.513802,0.001390,0.002229,0.593523,0.599147
22.456000,-7.579976,-7.517198,0.001390,0.002229,0.593524,0.599128
22.458000,-7.583371,-7.520593,0.001391,0.002222,0.593524,0.599100
22.460000,-7.586765,-7.523988,0.001391,0.002226,0.593525,0.599117
22.462000,-7.590159,-7.527383,0.001392,0.002223,0.593525,0.599157
22.464000,-7.593553,-7.530781,0.001393,0.002226,0.593526,0.599192
22.466000,-7.596947,-7.534175,0.001393,0.002228,0.593526,0.599167
22.468000,-7.600341,-7.537569,0.001394,0.002240,0.593527,0.599158
22.470000,-7.603735,-7.540964,0.001394,0.002240,0.593527,0.599160
22.472000,-7.607129,-7.544359,0.001395,0.002236,0.593528,0.599177
22.474000,-7.610523,-7.547755,0.001396,0.002244,0.593528,0.599191
22.476000,-7.613917,-7.551149,0.001396,0.002237,0.593528,0.599191
22.478000,-7.617311,-7.554547,0.001397,0.002241,0.593529,0.599222
22.480000,-7.620705,-7.557944,0.001398,0.002239,0.593529,0.599269
22.482000,-7.624099,-7.561344,0.001398,0.002237,0.593530,0.599269
22.484000,-7.627493,-7.564741,0.001399,0.002240,0.593530,0.599238
22.486000,-7.630887,-7.568139,0.001399,0.002241,0.593531,0.599238
22.488000,-7.634282,-7.571537,0.001400,0.002241,0.593531,0.599263
22.490000,-7.637676,-7.574938,0.001401,0.002240,0.593532,0.599243
22.492000,-7.641070,-7.578339,0.001401,0.002243,0.593532,0.599191
22.494000,-7.644464,-7.581741,0.001402,0.002245,0.593533,0.599173
22.496000,-7.647858,-7.585143,0.001402,0.002244,0.593533,0.599185
22.498000,-7.651252,-7.588546,0.001403,0.002244,0.593533,0.599262
22.500000,-7.654646,-7.591947,0.001404,0.002245,0.593534,0.599206
22.502000,-7.658040,-7.595348,0.001404,0.002250,0.593534,0.599157
22.504000,-7.661434,-7.598749,0.001405,0.002240,0.593535,0.599161
22.506000,-7.664828,-7.602149,0.001405,0.002240,0.593535,0.599201
22.508000,-7.668222,-7.605550,0.001406,0.002235,0.593536,0.599214
22.510000,-7.671616,-7.608952,0.001407,0.002247,0.593536,0.599260
22.512000,-7.675010,-7.612351,0.001407,0.002248,0.593537,0.599252
22.514000,-7.678404,-7.615754,0.001408,0.002254,0.593537,0.599286
22.516000,-7.681798,-7.619159,0.001409,0.002251,0.593537,0.599264
22.518000,-7.685192,-7.622566,0.001409,0.002251,0.593538,0.599278
22.520000,-7.688587,-7.625971,0.001410,0.002255,0.593538,0.599241
22.522000,-7.691981,-7.629378,0.001410,0.002258,0.593539,0.599247
22.524000,-7.695375,-7.632785,0.001411,0.002255,0.593539,0.599309
22.526000,-7.698769,-7.636193,0.001412,0.002254,0.593540,0.599341
22.528000,-7.702163,-7.639598,0.001412,0.002258,0.593540,0.599287
22.530000,-7.705557,-7.643004,0.001413,0.002260,0.593540,0.599263
22.532000,-7.708951,-7.646410,0.001413,0.002258,0.593541,0.599296
22.534000,-7.712345,-7.649819,0.001414,0.002257,0.593541,0.599308
22.536000,-7.715739,-7.653226,0.001415,0.002260,0.593542,0.599223
22.538000,-7.719133,-7.656633,0.001415,0.002265,0.593542,0.599181
22.540000,-7.722527,-7.660042,0.001416,0.002255,0.593543,0.599215
22.542000,-7.725921,-7.663452,0.001416,0.002256,0.593543,0.599219
22.544000,-7.729315,-7.666865,0.001417,0.002253,0.593543,0.599267
22.546000,-7.732709,-7.670274,0.001418,0.002258,0.593544,0.599231
22.548000,-7.736103,-7.673685,0.001418,0.002261,0.593544,0.599240
22.550000,-7.739498,-7.677095,0.001419,0.002258,0.593545,0.599319
22.552000,-7.742892,-7.680507,0.001420,0.002257,0.593545,0.599366
22.554000,-7.746286,-7.683915,0.001420,0.002260,0.593545,0.599301
22.556000,-7.749680,-7.687323,0.001421,0.002263,0.593546,0.599268
22.558000,-7.753074,-7.690731,0.001421,0.002260,0.593546,0.599304
22.560000,-7.756468,-7.694142,0.001422,0.002259,0.593547,0.599319
22.562000,-7.759862,-7.697550,0.001423,0.002262,0.593547,0.599227
22.564000,-7.763256,-7.700957,0.001423,0.002266,0.593547,0.599181
22.566000,-7.766650,-7.704366,0.001424,0.002256,0.593548,0.599213
22.568000,-7.770044,-7.707776,0.001424,0.002257,0.593548,0.599215
22.570000,-7.773438,-7.711188,0.001425,0.002253,0.593549,0.599264
22.572000,-7.776832,-7.714596,0.001426,0.002258,0.593549,0.599220
22.574000,-7.780226,-7.718006,0.001426,0.002261,0.593550,0.599221
22.576000,-7.783620,-7.721415,0.001427,0.002257,0.593550,0.599297
22.578000,-7.787014,-7.724826,0.001428,0.002256,0.593550,0.599300
22.580000,-7.790409,-7.728231,0.001428,0.002259,0.593551,0.599201
22.582000,-7.793803,-7.731640,0.001429,0.002262,0.593551,0.599151
22.584000,-7.797197,-7.735047,0.001429,0.002258,0.593552,0.599184
22.586000,-7.800591,-7.738457,0.001430,0.002256,0.593552,0.599163
22.588000,-7.803985,-7.741863,0.001431,0.002259,0.593552,0.599058
22.590000,-7.807379,-7.745271,0.001431,0.002261,0.593553,0.599016
22.592000,-7.810773,-7.748678,0.001432,0.002257,0.593553,0.599059
22.594000,-7.814167,-7.752086,0.001432,0.002252,0.593553,0.599197
22.596000,-7.817561,-7.755492,0.001433,0.002264,0.593554,0.599253
22.598000,-7.820955,-7.758892,0.001434,0.002262,0.593554,0.599192
22.600000,-7.824349,-7.762296,0.001434,0.002266,0.593555,0.599172
22.602000,-7.827743,-7.765699,0.001435,0.002260,0.593555,0.599230
22.604000,-7.831137,-7.769105,0.001435,0.002257,0.593555,0.599229
22.606000,-7.834531,-7.772506,0.001436,0.002260,0.593556,0.599139
22.608000,-7.837925,-7.775910,0.001437,0.002261,0.593556,0.599101
22.610000,-7.841320,-7.779313,0.001437,0.002257,0.593557,0.599146
22.612000,-7.844714,-7.782719,0.001438,0.002254,0.593557,0.599124
22.614000,-7.848108,-7.786120,0.001439,0.002257,0.593557,0.599020
22.616000,-7.851502,-7.789523,0.001439,0.002261,0.593558,0.598978
22.618000,-7.854896,-7.792928,0.001440,0.002249,0.593558,0.599025
22.620000,-7.858290,-7.796332,0.001440,0.002249,0.593558,0.599160
22.622000,-7.861684,-7.799736,0.001441,0.002245,0.593559,0.599216
22.624000,-7.865078,-7.803135,0.001442,0.002247,0.593559,0.599158
22.626000,-7.868472,-7.806534,0.001442,0.002255,0.593560,0.599133
22.628000,-7.871866,-7.809935,0.001443,0.002246,0.593560,0.599189
22.630000,-7.875260,-7.813335,0.001443,0.002258,0.593560,0.599182
22.632000,-7.878654,-7.816731,0.001444,0.002255,0.593561,0.599093
22.634000,-7.882048,-7.820129,0.001445,0.002258,0.593561,0.599054
22.636000,-7.885442,-7.823528,0.001445,0.002253,0.593561,0.599090
22.638000,-7.888836,-7.826929,0.001446,0.002250,0.593562,0.599061
22.640000,-7.892230,-7.830325,0.001446,0.002252,0.593562,0.598954
22.642000,-7.895625,-7.833723,0.001447,0.002255,0.593563,0.598911
22.644000,-7.899019,-7.837124,0.001448,0.002243,0.593563,0.598960
22.646000,-7.902413,-7.840524,0.001448,0.002242,0.593563,0.599086
22.648000,-7.905807,-7.843923,0.001449,0.002237,0.593564,0.599127
22.650000,-7.909201,-7.847317,0.001450,0.002239,0.593564,0.599072
22.652000,-7.912595,-7.850711,0.001450,0.002248,0.593564,0.599038
22.654000,-7.915989,-7.854108,0.001451,0.002239,0.593565,0.599089
22.656000,-7.919383,-7.857503,0.001451,0.002251,0.593565,0.599075
22.658000,-7.922777,-7.860894,0.001452,0.002248,0.593565,0.598991
22.660000,-7.926171,-7.864288,0.001453,0.002251,0.593566,0.598965
22.662000,-7.929565,-7.867682,0.001453,0.002245,0.593566,0.598992
22.664000,-7.932959,-7.871078,0.001454,0.002242,0.593567,0.598952
22.666000,-7.936353,-7.874469,0.001454,0.002245,0.593567,0.598858
22.668000,-7.939747,-7.877863,0.001455,0.002248,0.593567,0.598835
22.670000,-7.943141,-7.881260,0.001456,0.002236,0.593568,0.598910
22.672000,-7.946536,-7.884655,0.001456,0.002235,0.593568,0.599031
22.674000,-7.949930,-7.888048,0.001457,0.002230,0.593568,0.599051
22.676000,-7.953324,-7.891435,0.001458,0.002235,0.593569,0.598999
22.678000,-7.956718,-7.894828,0.001458,0.002237,0.593569,0.599002
22.680000,-7.960112,-7.898220,0.001459,0.002234,0.593569,0.599042
22.682000,-7.963506,-7.901611,0.001459,0.002231,0.593570,0.599010
22.684000,-7.966900,-7.904999,0.001460,0.002235,0.593570,0.598932
22.686000,-7.970294,-7.908391,0.001461,0.002237,0.593570,0.598919
22.688000,-7.973688,-7.911782,0.001461,0.002233,0.593571,0.598939
22.690000,-7.977082,-7.915172,0.001462,0.002231,0.593571,0.598888
22.692000,-7.980476,-7.918560,0.001462,0.002234,0.593571,0.598806
22.694000,-7.983870,-7.921950,0.001463,0.002239,0.593572,0.598797
22.696000,-7.987264,-7.925342,0.001464,0.002228,0.593572,0.598885
22.698000,-7.990658,-7.928730,0.001464,0.002228,0.593572,0.598833
22.700000,-7.994052,-7.932121,0.001465,0.002223,0.593573,0.598822
22.702000,-7.997447,-7.935519,0.001465,0.002236,0.593573,0.598855
22.704000,-8.000841,-7.938911,0.001466,0.002237,0.593573,0.598939
22.706000,-8.004235,-7.942302,0.001467,0.002244,0.593574,0.599045
22.708000,-8.007629,-7.945689,0.001467,0.002236,0.593574,0.598960
22.710000,-8.011023,-7.949075,0.001468,0.002242,0.593575,0.598890
22.712000,-8.014417,-7.952464,0.001469,0.002229,0.593575,0.598897
22.714000,-8.017811,-7.955850,0.001469,0.002229,0.593575,0.598928
22.716000,-8.021205,-7.959234,0.001470,0.002223,0.593576,0.598874
22.718000,-8.024599,-7.962620,0.001470,0.002233,0.593576,0.598869
22.720000,-8.027993,-7.966005,0.001471,0.002235,0.593576,0.598897
22.722000,-8.031387,-7.969391,0.001472,0.002245,0.593576,0.598948
22.724000,-8.034781,-7.972780,0.001472,0.002244,0.593577,0.599054
22.726000,-8.038175,-7.976162,0.001473,0.002248,0.593577,0.599021
22.728000,-8.041569,-7.979543,0.001473,0.002250,0.593577,0.598992
22.730000,-8.044963,-7.982928,0.001474,0.002244,0.593578,0.599026
22.732000,-8.048358,-7.986311,0.001475,0.002244,0.593578,0.599093
22.734000,-8.051752,-7.989694,0.001475,0.002235,0.593578,0.599020
22.736000,-8.055146,-7.993078,0.001476,0.002239,0.593579,0.598955
22.738000,-8.058540,-7.996463,0.001476,0.002235,0.593579,0.598911
22.740000,-8.061934,-7.999847,0.001477,0.002234,0.593579,0.598940
22.742000,-8.065328,-8.003230,0.001478,0.002241,0.593580,0.598904
22.744000,-8.068722,-8.006612,0.001478,0.002242,0.593580,0.598862
22.746000,-8.072116,-8.009996,0.001479,0.002246,0.593580,0.598875
22.748000,-8.075510,-8.013380,0.001480,0.002245,0.593581,0.598911
22.750000,-8.078904,-8.016764,0.001480,0.002244,0.593581,0.599008
22.752000,-8.082298,-8.020144,0.001481,0.002246,0.593581,0.598968
22.754000,-8.085692,-8.023524,0.001481,0.002248,0.593582,0.598938
22.756000,-8.089086,-8.026906,0.001482,0.002247,0.593582,0.598919
22.758000,-8.092480,-8.030287,0.001483,0.002245,0.593582,0.598967
22.760000,-8.095874,-8.033666,0.001483,0.002252,0.593583,0.598948
22.762000,-8.099268,-8.037044,0.001484,0.002254,0.593583,0.598920
22.764000,-8.102663,-8.040425,0.001484,0.002258,0.593583,0.598944
22.766000,-8.106057,-8.043805,0.001485,0.002257,0.593584,0.598987
22.768000,-8.109451,-8.047187,0.001486,0.002254,0.593584,0.598938
22.770000,-8.112845,-8.050579,0.001486,0.002262,0.593584,0.598908
22.772000,-8.116239,-8.053962,0.001487,0.002263,0.593584,0.598920
22.774000,-8.119633,-8.057344,0.001487,0.002266,0.593585,0.598945
22.776000,-8.123027,-8.060727,0.001488,0.002264,0.593585,0.599028
22.778000,-8.126421,-8.064106,0.001489,0.002267,0.593585,0.599023
22.780000,-8.129815,-8.067483,0.001489,0.002270,0.593586,0.599026
22.782000,-8.133209,-8.070861,0.001490,0.002265,0.593586,0.599077
22.784000,-8.136603,-8.074237,0.001491,0.002265,0.593586,0.599140
22.786000,-8.139997,-8.077614,0.001491,0.002264,0.593587,0.599106
22.788000,-8.143391,-8.080990,0.001492,0.002267,0.593587,0.599051
22.790000,-8.146785,-8.084370,0.001492,0.002270,0.593587,0.599047
22.792000,-8.150179,-8.087750,0.001493,0.002269,0.593588,0.599060
22.794000,-8.153574,-8.091132,0.001494,0.002269,0.593588,0.599037
22.796000,-8.156968,-8.094512,0.001494,0.002272,0.593588,0.599011
22.798000,-8.160362,-8.097893,0.001495,0.002275,0.593588,0.599033
22.800000,-8.163756,-8.101274,0.001495,0.002275,0.593589,0.599057
22.802000,-8.167150,-8.104657,0.001496,0.002274,0.593589,0.599017
22.804000,-8.170544,-8.108038,0.001497,0.002281,0.593589,0.599003
22.806000,-8.173938,-8.111418,0.001497,0.002284,0.593590,0.599019
22.808000,-8.177332,-8.114800,0.001498,0.002289,0.593590,0.599094
22.810000,-8.180726,-8.118182,0.001499,0.002288,0.593590,0.599158
22.812000,-8.184120,-8.121563,0.001499,0.002287,0.593590,0.599151
22.814000,-8.187514,-8.124942,0.001500,0.002290,0.593591,0.599136
22.816000,-8.190908,-8.128321,0.001500,0.002292,0.593591,0.599163
22.818000,-8.194302,-8.131702,0.001501,0.002293,0.593591,0.599179
22.820000,-8.197696,-8.135084,0.001502,0.002292,0.593592,0.599135
22.822000,-8.201090,-8.138464,0.001502,0.002296,0.593592,0.599100
22.824000,-8.204485,-8.141844,0.001503,0.002300,0.593592,0.599118
22.826000,-8.207879,-8.145224,0.001503,0.002294,0.593593,0.599209
22.828000,-8.211273,-8.148605,0.001504,0.002299,0.593593,0.599275
22.830000,-8.214667,-8.151986,0.001505,0.002295,0.593593,0.599273
22.832000,-8.218061,-8.155365,0.001505,0.002309,0.593593,0.599267
22.834000,-8.221455,-8.158747,0.001506,0.002311,0.593594,0.599307
22.836000,-8.224849,-8.162130,0.001506,0.002312,0.593594,0.599326
22.838000,-8.228243,-8.165514,0.001507,0.002311,0.593594,0.599278
22.840000,-8.231637,-8.168895,0.001508,0.002313,0.593595,0.599238
22.842000,-8.235031,-8.172278,0.001508,0.002317,0.593595,0.599253
22.844000,-8.238425,-8.175663,0.001509,0.002316,0.593595,0.599251
22.846000,-8.241819,-8.179051,0.001510,0.002316,0.593595,0.599188
22.848000,-8.245213,-8.182435,0.001510,0.002319,0.593596,0.599147
22.850000,-8.248607,-8.185821,0.001511,0.002322,0.593596,0.599165
22.852000,-8.252001,-8.189210,0.001511,0.002322,0.593596,0.599154
22.854000,-8.255396,-8.192598,0.001512,0.002320,0.593596,0.599193
22.856000,-8.258790,-8.195984,0.001513,0.002328,0.593597,0.599186
22.858000,-8.262184,-8.199368,0.001513,0.002330,0.593597,0.599202
22.860000,-8.265578,-8.202754,0.001514,0.002336,0.593597,0.599273
22.862000,-8.268972,-8.206142,0.001514,0.002334,0.593598,0.599306
22.864000,-8.272366,-8.209531,0.001515,0.002333,0.593598,0.599268
22.866000,-8.275760,-8.212918,0.001516,0.002337,0.593598,0.599244
22.868000,-8.279154,-8.216306,0.001516,0.002339,0.593598,0.599277
22.870000,-8.282548,-8.219697,0.001517,0.002339,0.593599,0.599277
22.872000,-8.285942,-8.223091,0.001517,0.002338,0.593599,0.599216
22.874000,-8.289336,-8.226481,0.001518,0.002342,0.593599,0.599185
22.876000,-8.292730,-8.229872,0.001519,0.002346,0.593599,0.599216
22.878000,-8.296124,-8.233264,0.001519,0.002341,0.593600,0.599326
22.880000,-8.299518,-8.236656,0.001520,0.002342,0.593600,0.599403
22.882000,-8.302912,-8.240049,0.001521,0.002339,0.593600,0.599389
22.884000,-8.306306,-8.243438,0.001521,0.002344,0.593601,0.599379
22.886000,-8.309701,-8.246830,0.001522,0.002347,0.593601,0.599422
22.888000,-8.313095,-8.250224,0.001522,0.002347,0.593601,0.599439
22.890000,-8.316489,-8.253620,0.001523,0.002347,0.593601,0.599385
22.892000,-8.319883,-8.257013,0.001524,0.002351,0.593602,0.599355
22.894000,-8.323277,-8.260408,0.001524,0.002354,0.593602,0.599385
22.896000,-8.326671,-8.263805,0.001525,0.002354,0.593602,0.599388
22.898000,-8.330065,-8.267205,0.001525,0.002353,0.593602,0.599324
22.900000,-8.333459,-8.270601,0.001526,0.002357,0.593603,0.599290
22.902000,-8.336853,-8.273997,0.001527,0.002362,0.593603,0.599320
22.904000,-8.340247,-8.277396,0.001527,0.002357,0.593603,0.599429
22.906000,-8.343641,-8.280794,0.001528,0.002358,0.593603,0.599509
22.908000,-8.347035,-8.284192,0.001529,0.002356,0.593604,0.599495
22.910000,-8.350429,-8.287587,0.001529,0.002360,0.593604,0.599485
22.912000,-8.353823,-8.290985,0.001530,0.002364,0.593604,0.599527
22.914000,-8.357217,-8.294385,0.001530,0.002364,0.593604,0.599540
22.916000,-8.360612,-8.297787,0.001531,0.002364,0.593605,0.599483
22.918000,-8.364006,-8.301186,0.001532,0.002366,0.593605,0.599443
22.920000,-8.367400,-8.304586,0.001532,0.002369,0.593605,0.599464
22.922000,-8.370794,-8.307988,0.001533,0.002366,0.593605,0.599418
22.924000,-8.374188,-8.311391,0.001533,0.002362,0.593606,0.599312
22.926000,-8.377582,-8.314794,0.001534,0.002373,0.593606,0.599256
22.928000,-8.380976,-8.318195,0.001535,0.002375,0.593606,0.599270
22.930000,-8.384370,-8.321600,0.001535,0.002380,0.593606,0.599371
22.932000,-8.387764,-8.325002,0.001536,0.002377,0.593607,0.599410
22.934000,-8.391158,-8.328406,0.001536,0.002376,0.593607,0.599383
22.936000,-8.394552,-8.331807,0.001537,0.002381,0.593607,0.599377
22.938000,-8.397946,-8.335209,0.001538,0.002386,0.593607,0.599435
22.940000,-8.401340,-8.338615,0.001538,0.002376,0.593608,0.599578
22.942000,-8.404734,-8.342019,0.001539,0.002376,0.593608,0.599533
22.944000,-8.408128,-8.345424,0.001540,0.002372,0.593608,0.599492
22.946000,-8.411523,-8.348830,0.001540,0.002379,0.593608,0.599492
22.948000,-8.414917,-8.352240,0.001541,0.002384,0.593609,0.599576
22.950000,-8.418311,-8.355651,0.001541,0.002380,0.593609,0.599517
22.952000,-8.421705,-8.359059,0.001542,0.002374,0.593609,0.599440
22.954000,-8.425099,-8.362467,0.001543,0.002372,0.593609,0.599423
22.956000,-8.428493,-8.365877,0.001543,0.002361,0.593610,0.599494
22.958000,-8.431887,-8.369286,0.001544,0.002368,0.593610,0.599507
22.960000,-8.435281,-8.372697,0.001544,0.002364,0.593610,0.599470
22.962000,-8.438675,-8.376105,0.001545,0.002382,0.593610,0.599437
22.964000,-8.442069,-8.379517,0.001546,0.002384,0.593611,0.599474
22.966000,-8.445463,-8.382927,0.001546,0.002383,0.593611,0.599480
22.968000,-8.448857,-8.386340,0.001547,0.002379,0.593611,0.599433
22.970000,-8.452251,-8.389752,0.001547,0.002391,0.593611,0.599432
22.972000,-8.455645,-8.393163,0.001548,0.002392,0.593612,0.599454
22.974000,-8.459039,-8.396578,0.001549,0.002399,0.593612,0.599549
22.976000,-8.462434,-8.399993,0.001549,0.002391,0.593612,0.599532
22.978000,-8.465828,-8.403405,0.001550,0.002384,0.593612,0.599454
22.980000,-8.469222,-8.406816,0.001551,0.002381,0.593612,0.599423
22.982000,-8.472616,-8.410230,0.001551,0.002371,0.593613,0.599477
22.984000,-8.476010,-8.413641,0.001552,0.002373,0.593613,0.599526
22.986000,-8.479404,-8.417053,0.001552,0.002370,0.593613,0.599515
22.988000,-8.482798,-8.420461,0.001553,0.002377,0.593613,0.599465
22.990000,-8.486192,-8.423872,0.001554,0.002380,0.593614,0.599471
22.992000,-8.489586,-8.427282,0.001554,0.002378,0.593614,0.599473
22.994000,-8.492980,-8.430692,0.001555,0.002374,0.593614,0.599393
22.996000,-8.496374,-8.434105,0.001555,0.002387,0.593614,0.599369
22.998000,-8.499768,-8.437517,0.001556,0.002387,0.593615,0.599359
23.000000,-8.503162,-8.440933,0.001557,0.002392,0.593615,0.599425
23.002000,-8.506556,-8.444346,0.001557,0.002390,0.593615,0.599492
23.004000,-8.509950,-8.447756,0.001558,0.002380,0.593615,0.599402
23.006000,-8.513344,-8.451165,0.001558,0.002388,0.593615,0.599340
23.008000,-8.516739,-8.454578,0.001559,0.002377,0.593616,0.599361
23.010000,-8.520133,-8.457986,0.001560,0.002378,0.593616,0.599407
23.012000,-8.523527,-8.461396,0.001560,0.002375,0.593616,0.599368
23.014000,-8.526921,-8.464802,0.001561,0.002380,0.593616,0.599297
23.016000,-8.530315,-8.468213,0.001562,0.002382,0.593617,0.599294
23.018000,-8.533709,-8.471622,0.001562,0.002379,0.593617,0.599308
23.020000,-8.537103,-8.475033,0.001563,0.002377,0.593617,0.599245
23.022000,-8.540497,-8.478421,0.001563,0.002381,0.593617,0.599205
23.024000,-8.543891,-8.481829,0.001564,0.002386,0.593617,0.599214
23.026000,-8.547285,-8.485238,0.001565,0.002376,0.593618,0.599303
23.028000,-8.550679,-8.488643,0.001565,0.002376,0.593618,0.599402
23.030000,-8.554073,-8.492048,0.001566,0.002373,0.593618,0.599400
23.032000,-8.557467,-8.495449,0.001566,0.002377,0.593618,0.599354
23.034000,-8.560861,-8.498856,0.001567,0.002380,0.593619,0.599364
23.036000,-8.564255,-8.502260,0.001568,0.002377,0.593619,0.599397
23.038000,-8.567650,-8.505666,0.001568,0.002375,0.593619,0.599352
23.040000,-8.571044,-8.509069,0.001569,0.002378,0.593619,0.599279
23.042000,-8.574438,-8.512476,0.001570,0.002380,0.593619,0.599270
23.044000,-8.577832,-8.515880,0.001570,0.002377,0.593620,0.599282
23.046000,-8.581226,-8.519286,0.001571,0.002375,0.593620,0.599214
23.048000,-8.584620,-8.522681,0.001571,0.002373,0.593620,0.599149
23.050000,-8.588014,-8.526087,0.001572,0.002376,0.593620,0.599143
23.052000,-8.591408,-8.529491,0.001573,0.002369,0.593621,0.599151
23.054000,-8.594802,-8.532894,0.001573,0.002365,0.593621,0.599236
23.056000,-8.598196,-8.536294,0.001574,0.002375,0.593621,0.599247
23.058000,-8.601590,-8.539690,0.001574,0.002375,0.593621,0.599218
23.060000,-8.604984,-8.543092,0.001575,0.002378,0.593621,0.599243
23.062000,-8.608378,-8.546491,0.001576,0.002374,0.593622,0.599278
23.064000,-8.611772,-8.549891,0.001576,0.002370,0.593622,0.599237
23.066000,-8.615166,-8.553289,0.001577,0.002374,0.593622,0.599168
23.068000,-8.618561,-8.556690,0.001577,0.002374,0.593622,0.599161
23.070000,-8.621955,-8.560089,0.001578,0.002371,0.593622,0.599175
23.072000,-8.625349,-8.563489,0.001579,0.002368,0.593623,0.599114
23.074000,-8.628743,-8.566887,0.001579,0.002371,0.593623,0.599031
23.076000,-8.632137,-8.570286,0.001580,0.002375,0.593623,0.599017
23.078000,-8.635531,-8.573687,0.001581,0.002365,0.593623,0.599092
23.080000,-8.638925,-8.577084,0.001581,0.002364,0.593623,0.599192
23.082000,-8.642319,-8.580480,0.001582,0.002360,0.593624,0.599200
23.084000,-8.645713,-8.583872,0.001582,0.002364,0.593624,0.599157
23.086000,-8.649107,-8.587269,0.001583,0.002366,0.593624,0.599164
23.088000,-8.652501,-8.590663,0.001584,0.002363,0.593624,0.599199
23.090000,-8.655895,-8.594058,0.001584,0.002361,0.593624,0.599159
23.092000,-8.659289,-8.597450,0.001585,0.002364,0.593625,0.599080
23.094000,-8.662683,-8.600845,0.001585,0.002366,0.593625,0.599058
23.096000,-8.666077,-8.604238,0.001586,0.002362,0.593625,0.599074
23.098000,-8.669471,-8.607633,0.001587,0.002361,0.593625,0.599024
23.100000,-8.672866,-8.611025,0.001587,0.002365,0.593625,0.598937
23.102000,-8.676260,-8.614426,0.001588,0.002362,0.593626,0.598943
23.104000,-8.679654,-8.617821,0.001588,0.002354,0.593626,0.599011
23.106000,-8.683048,-8.621211,0.001589,0.002350,0.593626,0.599115
23.108000,-8.686442,-8.624601,0.001590,0.002347,0.593626,0.599139
23.110000,-8.689836,-8.627987,0.001590,0.002351,0.593626,0.599088
23.112000,-8.693230,-8.631376,0.001591,0.002354,0.593627,0.599080
23.114000,-8.696624,-8.634765,0.001592,0.002351,0.593627,0.599122
23.116000,-8.700018,-8.638153,0.001592,0.002350,0.593627,0.599103
23.118000,-8.703412,-8.641540,0.001593,0.002355,0.593627,0.599049
23.120000,-8.706806,-8.644928,0.001593,0.002357,0.593627,0.599042
23.122000,-8.710200,-8.648316,0.001594,0.002357,0.593628,0.599091
23.124000,-8.713594,-8.651705,0.001595,0.002357,0.593628,0.599073
23.126000,-8.716988,-8.655093,0.001595,0.002359,0.593628,0.598972
23.128000,-8.720382,-8.658483,0.001596,0.002360,0.593628,0.598917
23.130000,-8.723777,-8.661872,0.001596,0.002356,0.593628,0.598925
23.132000,-8.727171,-8.665260,0.001597,0.002351,0.593629,0.599021
23.134000,-8.730565,-8.668645,0.001598,0.002360,0.593629,0.599045
23.136000,-8.733959,-8.672027,0.001598,0.002362,0.593629,0.599028
23.138000,-8.737353,-8.675410,0.001599,0.002366,0.593629,0.599048
23.140000,-8.740747,-8.678795,0.001600,0.002367,0.593629,0.599126
23.142000,-8.744141,-8.682182,0.001600,0.002361,0.593630,0.599028
23.144000,-8.747535,-8.685567,0.001601,0.002366,0.593630,0.598946
23.146000,-8.750929,-8.688953,0.001601,0.002358,0.593630,0.598928
23.148000,-8.754323,-8.692337,0.001602,0.002358,0.593630,0.598989
23.150000,-8.757717,-8.695724,0.001603,0.002355,0.593630,0.598977
23.152000,-8.761111,-8.699109,0.001603,0.002358,0.593630,0.598919
23.154000,-8.764505,-8.702495,0.001604,0.002360,0.593631,0.598901
23.156000,-8.767899,-8.705880,0.001604,0.002359,0.593631,0.598947
23.158000,-8.771293,-8.709266,0.001605,0.002358,0.593631,0.599071
23.160000,-8.774688,-8.712650,0.001606,0.002360,0.593631,0.598998
23.162000,-8.778082,-8.716031,0.001606,0.002363,0.593631,0.598939
23.164000,-8.781476,-8.719412,0.001607,0.002361,0.593632,0.598937
23.166000,-8.784870,-8.722793,0.001607,0.002359,0.593632,0.599017
23.168000,-8.788264,-8.726174,0.001608,0.002367,0.593632,0.599023
23.170000,-8.791658,-8.729553,0.001609,0.002368,0.593632,0.598977
23.172000,-8.795052,-8.732934,0.001609,0.002372,0.593632,0.598966
23.174000,-8.798446,-8.736315,0.001610,0.002370,0.593632,0.599018
23.176000,-8.801840,-8.739698,0.001611,0.002369,0.593633,0.599150
23.178000,-8.805234,-8.743078,0.001611,0.002372,0.593633,0.599090
23.180000,-8.808628,-8.746456,0.001612,0.002374,0.593633,0.599032
23.182000,-8.812022,-8.749834,0.001612,0.002373,0.593633,0.599027
23.184000,-8.815416,-8.753215,0.001613,0.002371,0.593633,0.599106
23.186000,-8.818810,-8.756596,0.001614,0.002374,0.593634,0.599015
23.188000,-8.822204,-8.759975,0.001614,0.002378,0.593634,0.598942
23.190000,-8.825599,-8.763355,0.001615,0.002372,0.593634,0.598934
23.192000,-8.828993,-8.766735,0.001615,0.002372,0.593634,0.599008
23.194000,-8.832387,-8.770118,0.001616,0.002370,0.593634,0.599056
23.196000,-8.835781,-8.773498,0.001617,0.002374,0.593634,0.599033
23.198000,-8.839175,-8.776880,0.001617,0.002377,0.593635,0.599029
23.200000,-8.842569,-8.780259,0.001618,0.002377,0.593635,0.599079
23.202000,-8.845963,-8.783642,0.001618,0.002377,0.593635,0.599042
23.204000,-8.849357,-8.787025,0.001619,0.002381,0.593635,0.598950
23.206000,-8.852751,-8.790409,0.001620,0.002384,0.593635,0.598904
23.208000,-8.856145,-8.793792,0.001620,0.002383,0.593635,0.598930
23.210000,-8.859539,-8.797176,0.001621,0.002381,0.593636,0.599041
23.212000,-8.862933,-8.800558,0.001622,0.002390,0.593636,0.599120
23.214000,-8.866327,-8.803938,0.001622,0.002392,0.593636,0.599127
23.216000,-8.869721,-8.807318,0.001623,0.002398,0.593636,0.599145
23.218000,-8.873115,-8.810700,0.001623,0.002397,0.593636,0.599206
23.220000,-8.876509,-8.814085,0.001624,0.002396,0.593636,0.599220
23.222000,-8.879904,-8.817466,0.001625,0.002400,0.593637,0.599165
23.224000,-8.883298,-8.820848,0.001625,0.002402,0.593637,0.599132
23.226000,-8.886692,-8.824229,0.001626,0.002402,0.593637,0.599157
23.228000,-8.890086,-8.827614,0.001626,0.002401,0.593637,0.599149
23.230000,-8.893480,-8.830998,0.001627,0.002405,0.593637,0.599083
23.232000,-8.896874,-8.834381,0.001628,0.002409,0.593638,0.599051
23.234000,-8.900268,-8.837765,0.001628,0.002404,0.593638,0.599086
23.236000,-8.903662,-8.841151,0.001629,0.002406,0.593638,0.599072
23.238000,-8.907056,-8.844538,0.001630,0.002404,0.593638,0.599102
23.240000,-8.910450,-8.847925,0.001630,0.002409,0.593638,0.599096
23.242000,-8.913844,-8.851314,0.001631,0.002416,0.593638,0.599100
23.244000,-8.917238,-8.854702,0.001631,0.002414,0.593638,0.599165
23.246000,-8.920632,-8.858091,0.001632,0.002423,0.593639,0.599184
23.248000,-8.924026,-8.861475,0.001633,0.002425,0.593639,0.599148
23.250000,-8.927420,-8.864860,0.001633,0.002429,0.593639,0.599139
23.252000,-8.930815,-8.868243,0.001634,0.002428,0.593639,0.599175
23.254000,-8.934209,-8.871631,0.001634,0.002427,0.593639,0.599163
23.256000,-8.937603,-8.875017,0.001635,0.002431,0.593639,0.599104
23.258000,-8.940997,-8.878402,0.001636,0.002436,0.593640,0.599085
23.260000,-8.944391,-8.881789,0.001636,0.002430,0.593640,0.599137
23.262000,-8.947785,-8.885175,0.001637,0.002431,0.593640,0.599245
23.264000,-8.951179,-8.888562,0.001637,0.002429,0.593640,0.599295
23.266000,-8.954573,-8.891945,0.001638,0.002434,0.593640,0.599278
23.268000,-8.957967,-8.895331,0.001639,0.002438,0.593640,0.599281
23.270000,-8.961361,-8.898718,0.001639,0.002438,0.593641,0.599312
23.272000,-8.964755,-8.902108,0.001640,0.002438,0.593641,0.599294
23.274000,-8.968149,-8.905495,0.001641,0.002442,0.593641,0.599238
23.276000,-8.971543,-8.908882,0.001641,0.002445,0.593641,0.599223
23.278000,-8.974937,-8.912270,0.001642,0.002445,0.593641,0.599242
23.280000,-8.978331,-8.915661,0.001642,0.002445,0.593641,0.599210
23.282000,-8.981726,-8.919051,0.001643,0.002449,0.593642,0.599149
23.284000,-8.985120,-8.922440,0.001644,0.002455,0.593642,0.599133
23.286000,-8.988514,-8.925831,0.001644,0.002449,0.593642,0.599193
23.288000,-8.991908,-8.929221,0.001645,0.002450,0.593642,0.599290
23.290000,-8.995302,-8.932611,0.001645,0.002448,0.593642,0.599322
23.292000,-8.998696,-8.936000,0.001646,0.002453,0.593642,0.599303
23.294000,-9.002090,-8.939391,0.001647,0.002458,0.593642,0.599311
23.296000,-9.005484,-8.942783,0.001647,0.002458,0.593643,0.599338
23.298000,-9.008878,-8.946176,0.001648,0.002459,0.593643,0.599311
23.300000,-9.012272,-8.949567,0.001648,0.002462,0.593643,0.599258
23.302000,-9.015666,-8.952960,0.001649,0.002466,0.593643,0.599247
23.304000,-9.019060,-8.956353,0.001650,0.002464,0.593643,0.599263
23.306000,-9.022454,-8.959748,0.001650,0.002469,0.593643,0.599283
23.308000,-9.025848,-8.963142,0.001651,0.002470,0.593644,0.599247
23.310000,-9.029242,-8.966534,0.001652,0.002485,0.593644,0.599236
23.312000,-9.032637,-8.969928,0.001652,0.002480,0.593644,0.599287
23.314000,-9.036031,-8.973323,0.001653,0.002478,0.593644,0.599314
23.316000,-9.039425,-8.976718,0.001653,0.002476,0.593644,0.599316
23.318000,-9.042819,-8.980114,0.001654,0.002471,0.593644,0.599298
23.320000,-9.046213,-8.983510,0.001655,0.002476,0.593644,0.599320
23.322000,-9.049607,-8.986908,0.001655,0.002475,0.593645,0.599363
23.324000,-9.053001,-8.990307,0.001656,0.002475,0.593645,0.599344
23.326000,-9.056395,-8.993704,0.001656,0.002479,0.593645,0.599299
23.328000,-9.059789,-8.997103,0.001657,0.002481,0.593645,0.599294
23.330000,-9.063183,-9.000501,0.001658,0.002480,0.593645,0.599309
23.332000,-9.066577,-9.003902,0.001658,0.002485,0.593645,0.599329
23.334000,-9.069971,-9.007299,0.001659,0.002485,0.593645,0.599271
23.336000,-9.073365,-9.010697,0.001659,0.002500,0.593646,0.599240
23.338000,-9.076759,-9.014095,0.001660,0.002490,0.593646,0.599279
23.340000,-9.080153,-9.017493,0.001661,0.002488,0.593646,0.599273
23.342000,-9.083547,-9.020893,0.001661,0.002486,0.593646,0.599249
23.344000,-9.086942,-9.024291,0.001662,0.002481,0.593646,0.599200
23.346000,-9.090336,-9.027691,0.001663,0.002487,0.593646,0.599212
23.348000,-9.093730,-9.031090,0.001663,0.002484,0.593646,0.599240
23.350000,-9.097124,-9.034490,0.001664,0.002483,0.593647,0.599227
23.352000,-9.100518,-9.037891,0.001664,0.002494,0.593647,0.599251
23.354000,-9.103912,-9.041290,0.001665,0.002496,0.593647,0.599267
23.356000,-9.107306,-9.044693,0.001666,0.002502,0.593647,0.599340
23.358000,-9.110700,-9.048093,0.001666,0.002499,0.593647,0.599410
23.360000,-9.114094,-9.051495,0.001667,0.002497,0.593647,0.599427
23.362000,-9.117488,-9.054894,0.001667,0.002502,0.593647,0.599400
23.364000,-9.120882,-9.058296,0.001668,0.002505,0.593648,0.599412
23.366000,-9.124276,-9.061697,0.001669,0.002504,0.593648,0.599428
23.368000,-9.127670,-9.065100,0.001669,0.002502,0.593648,0.599408
23.370000,-9.131064,-9.068502,0.001670,0.002506,0.593648,0.599355
23.372000,-9.134458,-9.071904,0.001671,0.002511,0.593648,0.599351
23.374000,-9.137853,-9.075310,0.001671,0.002502,0.593648,0.599430
23.376000,-9.141247,-9.078714,0.001672,0.002502,0.593648,0.599408
23.378000,-9.144641,-9.082120,0.001672,0.002499,0.593649,0.599397
23.380000,-9.148035,-9.085527,0.001673,0.002501,0.593649,0.599379
23.382000,-9.151429,-9.088934,0.001674,0.002512,0.593649,0.599345
23.384000,-9.154823,-9.092345,0.001674,0.002505,0.593649,0.599313
23.386000,-9.158217,-9.095753,0.001675,0.002512,0.593649,0.599244
23.388000,-9.161611,-9.099159,0.001675,0.002505,0.593649,0.599223
23.390000,-9.165005,-9.102566,0.001676,0.002496,0.593649,0.599278
23.392000,-9.168399,-9.105972,0.001677,0.002500,0.593650,0.599284
23.394000,-9.171793,-9.109380,0.001677,0.002495,0.593650,0.599266
23.396000,-9.175187,-9.112786,0.001678,0.002510,0.593650,0.599237
23.398000,-9.178581,-9.116192,0.001678,0.002513,0.593650,0.599267
23.400000,-9.181975,-9.119600,0.001679,0.002505,0.593650,0.599376
23.402000,-9.185369,-9.123006,0.001680,0.002505,0.593650,0.599353
23.404000,-9.188764,-9.126413,0.001680,0.002502,0.593650,0.599334
23.406000,-9.192158,-9.129820,0.001681,0.002504,0.593650,0.599327
23.408000,-9.195552,-9.133229,0.001682,0.002513,0.593651,0.599290
23.410000,-9.198946,-9.136637,0.001682,0.002509,0.593651,0.599315
23.412000,-9.202340,-9.140042,0.001683,0.002513,0.593651,0.599240
23.414000,-9.205734,-9.143446,0.001683,0.002516,0.593651,0.599206
23.416000,-9.209128,-9.146851,0.001684,0.002507,0.593651,0.599250
23.418000,-9.212522,-9.150254,0.001685,0.002507,0.593651,0.599259
23.420000,-9.215916,-9.153660,0.001685,0.002503,0.593651,0.599192
23.422000,-9.219310,-9.157064,0.001686,0.002508,0.593652,0.599149
23.424000,-9.222704,-9.160470,0.001686,0.002509,0.593652,0.599183
23.426000,-9.226098,-9.163877,0.001687,0.002507,0.593652,0.599178
23.428000,-9.229492,-9.167283,0.001688,0.002503,0.593652,0.599242
23.430000,-9.232886,-9.170687,0.001688,0.002512,0.593652,0.599228
23.432000,-9.236280,-9.174088,0.001689,0.002512,0.593652,0.599240
23.434000,-9.239675,-9.177495,0.001689,0.002515,0.593652,0.599323
23.436000,-9.243069,-9.180899,0.001690,0.002513,0.593652,0.599345
23.438000,-9.246463,-9.184303,0.001691,0.002504,0.593653,0.599268
23.440000,-9.249857,-9.187705,0.001691,0.002511,0.593653,0.599231
23.442000,-9.253251,-9.191110,0.001692,0.002499,0.593653,0.599273
23.444000,-9.256645,-9.194513,0.001693,0.002501,0.593653,0.599271
23.446000,-9.260039,-9.197918,0.001693,0.002497,0.593653,0.599179
23.448000,-9.263433,-9.201321,0.001694,0.002502,0.593653,0.599130
23.450000,-9.266827,-9.204727,0.001694,0.002504,0.593653,0.599165
23.452000,-9.270221,-9.208133,0.001695,0.002500,0.593653,0.599148
23.454000,-9.273615,-9.211540,0.001696,0.002499,0.593654,0.599202
23.456000,-9.277009,-9.214942,0.001696,0.002502,0.593654,0.599170
23.458000,-9.280403,-9.218343,0.001697,0.002507,0.593654,0.599183
23.460000,-9.283797,-9.221746,0.001697,0.002495,0.593654,0.599277
23.462000,-9.287191,-9.225150,0.001698,0.002496,0.593654,0.599152
23.464000,-9.290585,-9.228554,0.001699,0.002487,0.593654,0.599061
23.466000,-9.293980,-9.231958,0.001699,0.002504,0.593654,0.599084
23.468000,-9.297374,-9.235366,0.001700,0.002500,0.593654,0.599168
23.470000,-9.300768,-9.238769,0.001701,0.002503,0.593655,0.599186
23.472000,-9.304162,-9.242172,0.001701,0.002499,0.593655,0.599090
23.474000,-9.307556,-9.245573,0.001702,0.002503,0.593655,0.599040
23.476000,-9.310950,-9.248977,0.001702,0.002505,0.593655,0.599077
23.478000,-9.314344,-9.252381,0.001703,0.002502,0.593655,0.599058
23.480000,-9.317738,-9.255784,0.001704,0.002499,0.593655,0.599107
23.482000,-9.321132,-9.259182,0.001704,0.002503,0.593655,0.599068
23.484000,-9.324526,-9.262578,0.001705,0.002507,0.593655,0.599077
23.486000,-9.327920,-9.265978,0.001705,0.002497,0.593655,0.599167
23.488000,-9.331314,-9.269376,0.001706,0.002493,0.593656,0.599083
23.490000,-9.334708,-9.272774,0.001707,0.002491,0.593656,0.598999
23.492000,-9.338102,-9.276172,0.001707,0.002486,0.593656,0.598976
23.494000,-9.341496,-9.279574,0.001708,0.002492,0.593656,0.599041
23.496000,-9.344891,-9.282972,0.001708,0.002487,0.593656,0.599051
23.498000,-9.348285,-9.286370,0.001709,0.002486,0.593656,0.598953
23.500000,-9.351679,-9.289766,0.001710,0.002490,0.593656,0.598907
23.502000,-9.355073,-9.293165,0.001710,0.002492,0.593656,0.598949
23.504000,-9.358467,-9.296562,0.001711,0.002487,0.593657,0.598934
23.506000,-9.361861,-9.299961,0.001712,0.002491,0.593657,0.598984
23.508000,-9.365255,-9.303354,0.001712,0.002493,0.593657,0.598948
23.510000,-9.368649,-9.306747,0.001713,0.002511,0.593657,0.598956
23.512000,-9.372043,-9.310144,0.001713,0.002504,0.593657,0.599043
23.514000,-9.375437,-9.313537,0.001714,0.002502,0.593657,0.599064
23.516000,-9.378831,-9.316930,0.001715,0.002496,0.593657,0.598989
23.518000,-9.382225,-9.320320,0.001715,0.002500,0.593657,0.598952
23.520000,-9.385619,-9.323715,0.001716,0.002501,0.593657,0.598996
23.522000,-9.389013,-9.327107,0.001716,0.002497,0.593658,0.598986
23.524000,-9.392407,-9.330499,0.001717,0.002493,0.593658,0.598887
23.526000,-9.395802,-9.333888,0.001718,0.002496,0.593658,0.598834
23.528000,-9.399196,-9.337281,0.001718,0.002498,0.593658,0.598866
23.530000,-9.402590,-9.340671,0.001719,0.002494,0.593658,0.598847
23.532000,-9.405984,-9.344062,0.001719,0.002490,0.593658,0.598736
23.534000,-9.409378,-9.347452,0.001720,0.002496,0.593658,0.598696
23.536000,-9.412772,-9.350842,0.001721,0.002499,0.593658,0.598733
23.538000,-9.416166,-9.354237,0.001721,0.002499,0.593658,0.598860
23.540000,-9.419560,-9.357629,0.001722,0.002499,0.593659,0.598966
23.542000,-9.422954,-9.361016,0.001723,0.002491,0.593659,0.598926
23.544000,-9.426348,-9.364403,0.001723,0.002494,0.593659,0.598912
23.546000,-9.429742,-9.367792,0.001724,0.002487,0.593659,0.598826
23.548000,-9.433136,-9.371180,0.001724,0.002483,0.593659,0.598816
23.550000,-9.436530,-9.374565,0.001725,0.002492,0.593659,0.598732
23.552000,-9.439924,-9.377948,0.001726,0.002493,0.593659,0.598700
23.554000,-9.443318,-9.381333,0.001726,0.002499,0.593659,0.598752
23.556000,-9.446713,-9.384722,0.001727,0.002492,0.593659,0.598897
23.558000,-9.450107,-9.388108,0.001727,0.002494,0.593660,0.599037
23.560000,-9.453501,-9.391489,0.001728,0.002487,0.593660,0.599019
23.562000,-9.456895,-9.394871,0.001729,0.002491,0.593660,0.599007
23.564000,-9.460289,-9.398256,0.001729,0.002487,0.593660,0.598975
23.566000,-9.463683,-9.401641,0.001730,0.002486,0.593660,0.599003
23.568000,-9.467077,-9.405023,0.001730,0.002488,0.593660,0.598920
23.570000,-9.470471,-9.408403,0.001731,0.002493,0.593660,0.598874
23.572000,-9.473865,-9.411786,0.001732,0.002486,0.593660,0.598910
23.574000,-9.477259,-9.415168,0.001732,0.002486,0.593660,0.598962
23.576000,-9.480653,-9.418550,0.001733,0.002483,0.593661,0.598910
23.578000,-9.484047,-9.421933,0.001734,0.002487,0.593661,0.598850
23.580000,-9.487441,-9.425319,0.001734,0.002490,0.593661,0.598853
23.582000,-9.490835,-9.428705,0.001735,0.002489,0.593661,0.598877
23.584000,-9.494229,-9.432090,0.001735,0.002488,0.593661,0.598964
23.586000,-9.497623,-9.435471,0.001736,0.002492,0.593661,0.598909
23.588000,-9.501018,-9.438850,0.001737,0.002494,0.593661,0.598872
23.590000,-9.504412,-9.442232,0.001737,0.002494,0.593661,0.598847
23.592000,-9.507806,-9.445614,0.001738,0.002494,0.593661,0.598893
23.594000,-9.511200,-9.448993,0.001738,0.002496,0.593661,0.598816
23.596000,-9.514594,-9.452372,0.001739,0.002501,0.593662,0.598767
23.598000,-9.517988,-9.455753,0.001740,0.002495,0.593662,0.598792
23.600000,-9.521382,-9.459133,0.001740,0.002495,0.593662,0.598848
23.602000,-9.524776,-9.462513,0.001741,0.002492,0.593662,0.598814
23.604000,-9.528170,-9.465894,0.001742,0.002497,0.593662,0.598763
23.606000,-9.531564,-9.469277,0.001742,0.002500,0.593662,0.598768
23.608000,-9.534958,-9.472661,0.001743,0.002500,0.593662,0.598802
23.610000,-9.538352,-9.476045,0.001743,0.002500,0.593662,0.598900
23.612000,-9.541746,-9.479424,0.001744,0.002503,0.593662,0.598901
23.614000,-9.545140,-9.482802,0.001745,0.002506,0.593662,0.598903
23.616000,-9.548534,-9.486180,0.001745,0.002506,0.593663,0.598900
23.618000,-9.551929,-9.489560,0.001746,0.002504,0.593663,0.598802
23.620000,-9.555323,-9.492942,0.001746,0.002513,0.593663,0.598753
23.622000,-9.558717,-9.496324,0.001747,0.002515,0.593663,0.598737
23.624000,-9.562111,-9.499708,0.001748,0.002520,0.593663,0.598789
23.626000,-9.565505,-9.503092,0.001748,0.002519,0.593663,0.598859
23.628000,-9.568899,-9.506478,0.001749,0.002517,0.593663,0.598984
23.630000,-9.572293,-9.509856,0.001749,0.002520,0.593663,0.599014
23.632000,-9.575687,-9.513233,0.001750,0.002523,0.593663,0.599033
23.634000,-9.579081,-9.516611,0.001751,0.002523,0.593663,0.599043
23.636000,-9.582475,-9.519991,0.001751,0.002522,0.593664,0.598998
23.638000,-9.585869,-9.523372,0.001752,0.002525,0.593664,0.598928
23.640000,-9.589263,-9.526752,0.001753,0.002530,0.593664,0.598906
23.642000,-9.592657,-9.530133,0.001753,0.002524,0.593664,0.598960
23.644000,-9.596051,-9.533516,0.001754,0.002525,0.593664,0.598938
23.646000,-9.599445,-9.536900,0.001754,0.002523,0.593664,0.598931
23.648000,-9.602840,-9.540284,0.001755,0.002527,0.593664,0.598925
23.650000,-9.606234,-9.543670,0.001756,0.002531,0.593664,0.598968
23.652000,-9.609628,-9.547054,0.001756,0.002531,0.593664,0.599033
23.654000,-9.613022,-9.550439,0.001757,0.002532,0.593664,0.599033
23.656000,-9.616416,-9.553822,0.001757,0.002535,0.593665,0.599001
23.658000,-9.619810,-9.557206,0.001758,0.002539,0.593665,0.599002
23.660000,-9.623204,-9.560591,0.001759,0.002539,0.593665,0.599026
23.662000,-9.626598,-9.563977,0.001759,0.002540,0.593665,0.598999
23.664000,-9.629992,-9.567363,0.001760,0.002543,0.593665,0.598952
23.666000,-9.633386,-9.570749,0.001760,0.002548,0.593665,0.598947
23.668000,-9.636780,-9.574136,0.001761,0.002543,0.593665,0.599014
23.670000,-9.640174,-9.577520,0.001762,0.002544,0.593665,0.599109
23.672000,-9.643568,-9.580905,0.001762,0.002542,0.593665,0.599141
23.674000,-9.646962,-9.584290,0.001763,0.002547,0.593665,0.599127
23.676000,-9.650356,-9.587676,0.001764,0.002550,0.593665,0.599136
23.678000,-9.653750,-9.591061,0.001764,0.002551,0.593666,0.599167
23.680000,-9.657145,-9.594450,0.001765,0.002552,0.593666,0.599151
23.682000,-9.660539,-9.597837,0.001765,0.002555,0.593666,0.599107
23.684000,-9.663933,-9.601226,0.001766,0.002559,0.593666,0.599098
23.686000,-9.667327,-9.604615,0.001767,0.002561,0.593666,0.599116
23.688000,-9.670721,-9.608006,0.001767,0.002557,0.593666,0.599154
23.690000,-9.674115,-9.611397,0.001768,0.002563,0.593666,0.599124
23.692000,-9.677509,-9.614786,0.001768,0.002558,0.593666,0.599109
23.694000,-9.680903,-9.618176,0.001769,0.002554,0.593666,0.599144
23.696000,-9.684297,-9.621568,0.001770,0.002558,0.593666,0.599151
23.698000,-9.687691,-9.624962,0.001770,0.002556,0.593666,0.599156
23.700000,-9.691085,-9.628355,0.001771,0.002570,0.593667,0.599137
23.702000,-9.694479,-9.631749,0.001772,0.002572,0.593667,0.599154
23.704000,-9.697873,-9.635142,0.001772,0.002574,0.593667,0.599204
23.706000,-9.701267,-9.638538,0.001773,0.002574,0.593667,0.599206
23.708000,-9.704661,-9.641934,0.001773,0.002578,0.593667,0.599168
23.710000,-9.708056,-9.645331,0.001774,0.002581,0.593667,0.599160
23.712000,-9.711450,-9.648727,0.001775,0.002581,0.593667,0.599189
23.714000,-9.714844,-9.652123,0.001775,0.002582,0.593667,0.599286
23.716000,-9.718238,-9.655520,0.001776,0.002585,0.593667,0.599260
23.718000,-9.721632,-9.658914,0.001776,0.002589,0.593667,0.599232
23.720000,-9.725026,-9.662309,0.001777,0.002585,0.593667,0.599246
23.722000,-9.728420,-9.665704,0.001778,0.002586,0.593668,0.599311
23.724000,-9.731814,-9.669102,0.001778,0.002585,0.593668,0.599346
23.726000,-9.735208,-9.672499,0.001779,0.002588,0.593668,0.599319
23.728000,-9.738602,-9.675897,0.001779,0.002592,0.593668,0.599311
23.730000,-9.741996,-9.679294,0.001780,0.002591,0.593668,0.599347
23.732000,-9.745390,-9.682696,0.001781,0.002591,0.593668,0.599348
23.734000,-9.748784,-9.686098,0.001781,0.002595,0.593668,0.599297
23.736000,-9.752178,-9.689499,0.001782,0.002598,0.593668,0.599274
23.738000,-9.755572,-9.692900,0.001783,0.002597,0.593668,0.599304
23.740000,-9.758967,-9.696301,0.001783,0.002597,0.593668,0.599409
23.742000,-9.762361,-9.699705,0.001784,0.002600,0.593668,0.599370
23.744000,-9.765755,-9.703105,0.001784,0.002605,0.593668,0.599325
23.746000,-9.769149,-9.706505,0.001785,0.002599,0.593669,0.599325
23.748000,-9.772543,-9.709905,0.001786,0.002600,0.593669,0.599390
23.750000,-9.775937,-9.713308,0.001786,0.002599,0.593669,0.599426
23.752000,-9.779331,-9.716709,0.001787,0.002601,0.593669,0.599342
23.754000,-9.782725,-9.720112,0.001787,0.002604,0.593669,0.599289
23.756000,-9.786119,-9.723513,0.001788,0.002600,0.593669,0.599302
23.758000,-9.789513,-9.726918,0.001789,0.002597,0.593669,0.599291
23.760000,-9.792907,-9.730323,0.001789,0.002609,0.593669,0.599334
23.762000,-9.796301,-9.733725,0.001790,0.002610,0.593669,0.599302
23.764000,-9.799695,-9.737128,0.001790,0.002616,0.593669,0.599312
23.766000,-9.803089,-9.740532,0.001791,0.002613,0.593669,0.599394
23.768000,-9.806483,-9.743938,0.001792,0.002613,0.593669,0.599443
23.770000,-9.809878,-9.747339,0.001792,0.002617,0.593670,0.599383
23.772000,-9.813272,-9.750743,0.001793,0.002620,0.593670,0.599351
23.774000,-9.816666,-9.754145,0.001794,0.002618,0.593670,0.599389
23.776000,-9.820060,-9.757552,0.001794,0.002616,0.593670,0.599403
23.778000,-9.823454,-9.760956,0.001795,0.002621,0.593670,0.599316
23.780000,-9.826848,-9.764359,0.001795,0.002626,0.593670,0.599274
23.782000,-9.830242,-9.767765,0.001796,0.002616,0.593670,0.599310
23.784000,-9.833636,-9.771173,0.001797,0.002618,0.593670,0.599316
23.786000,-9.837030,-9.774584,0.001797,0.002615,0.593670,0.599374
23.788000,-9.840424,-9.777990,0.001798,0.002621,0.593670,0.599339
23.790000,-9.843818,-9.781398,0.001798,0.002624,0.593670,0.599345
23.792000,-9.847212,-9.784806,0.001799,0.002621,0.593670,0.599425
23.794000,-9.850606,-9.788217,0.001800,0.002620,0.593670,0.599471
23.796000,-9.854000,-9.791622,0.001800,0.002624,0.593671,0.599410
23.798000,-9.857394,-9.795028,0.001801,0.002627,0.593671,0.599379
23.800000,-9.860788,-9.798434,0.001802,0.002625,0.593671,0.599418
23.802000,-9.864183,-9.801843,0.001802,0.002624,0.593671,0.599430
23.804000,-9.867577,-9.805249,0.001803,0.002627,0.593671,0.599339
23.806000,-9.870971,-9.808654,0.001803,0.002632,0.593671,0.599290
23.808000,-9.874365,-9.812061,0.001804,0.002622,0.593671,0.599320
23.810000,-9.877759,-9.815471,0.001805,0.002623,0.593671,0.599320
23.812000,-9.881153,-9.818883,0.001805,0.002620,0.593671,0.599373
23.814000,-9.884547,-9.822291,0.001806,0.002623,0.593671,0.599339
23.816000,-9.887941,-9.825698,0.001806,0.002632,0.593671,0.599339
23.818000,-9.891335,-9.829106,0.001807,0.002624,0.593671,0.599416
23.820000,-9.894729,-9.832515,0.001808,0.002637,0.593672,0.599455
23.822000,-9.898123,-9.835918,0.001808,0.002635,0.593672,0.599392
23.824000,-9.901517,-9.839322,0.001809,0.002639,0.593672,0.599357
23.826000,-9.904911,-9.842726,0.001809,0.002634,0.593672,0.599386
23.828000,-9.908305,-9.846134,0.001810,0.002632,0.593672,0.599350
23.830000,-9.911699,-9.849538,0.001811,0.002635,0.593672,0.599230
23.832000,-9.915094,-9.852944,0.001811,0.002638,0.593672,0.599168
23.834000,-9.918488,-9.856352,0.001812,0.002629,0.593672,0.599197
23.836000,-9.921882,-9.859762,0.001813,0.002624,0.593672,0.599300
23.838000,-9.925276,-9.863166,0.001813,0.002619,0.593672,0.599203
23.840000,-9.928670,-9.866572,0.001814,0.002609,0.593672,0.599139
23.842000,-9.932064,-9.869977,0.001814,0.002614,0.593672,0.599140
23.844000,-9.935458,-9.873383,0.001815,0.002609,0.593672,0.599235
23.846000,-9.938852,-9.876788,0.001816,0.002622,0.593672,0.599258
23.848000,-9.942246,-9.880188,0.001816,0.002622,0.593673,0.599184
23.850000,-9.945640,-9.883591,0.001817,0.002626,0.593673,0.599167
23.852000,-9.949034,-9.886994,0.001817,0.002621,0.593673,0.599212
23.854000,-9.952428,-9.890400,0.001818,0.002619,0.593673,0.599185
23.856000,-9.955822,-9.893801,0.001819,0.002623,0.593673,0.599097
23.858000,-9.959216,-9.897203,0.001819,0.002627,0.593673,0.599079
23.860000,-9.962610,-9.900609,0.001820,0.002616,0.593673,0.599157
23.862000,-9.966005,-9.904015,0.001820,0.002619,0.593673,0.599293
23.864000,-9.969399,-9.907414,0.001821,0.002607,0.593673,0.599202
23.866000,-9.972793,-9.910813,0.001822,0.002615,0.593673,0.599146
23.868000,-9.976187,-9.914213,0.001822,0.002609,0.593673,0.599133
23.870000,-9.979581,-9.917614,0.001823,0.002606,0.593673,0.599214
23.872000,-9.982975,-9.921014,0.001824,0.002618,0.593673,0.599223
23.874000,-9.986369,-9.924409,0.001824,0.002618,0.593673,0.599167
23.876000,-9.989763,-9.927809,0.001825,0.002622,0.593674,0.599174
23.878000,-9.993157,-9.931208,0.001825,0.002616,0.593674,0.599211
23.880000,-9.996551,-9.934609,0.001826,0.002613,0.593674,0.599165
23.882000,-9.999945,-9.938006,0.001827,0.002617,0.593674,0.599084
23.884000,-10.003339,-9.941405,0.001827,0.002622,0.593674,0.599077
23.886000,-10.006733,-9.944809,0.001828,0.002610,0.593674,0.599167
23.888000,-10.010127,-9.948208,0.001828,0.002610,0.593674,0.599286
23.890000,-10.013521,-9.951606,0.001829,0.002606,0.593674,0.599298
23.892000,-10.016916,-9.955001,0.001830,0.002608,0.593674,0.599254
23.894000,-10.020310,-9.958398,0.001830,0.002618,0.593674,0.599199
23.896000,-10.023704,-9.961796,0.001831,0.002610,0.593674,0.599225
23.898000,-10.027098,-9.965193,0.001831,0.002621,0.593674,0.599189
23.900000,-10.030492,-9.968586,0.001832,0.002619,0.593674,0.599132
23.902000,-10.033886,-9.971984,0.001833,0.002622,0.593674,0.599137
23.904000,-10.037280,-9.975379,0.001833,0.002617,0.593675,0.599156
23.906000,-10.040674,-9.978775,0.001834,0.002614,0.593675,0.599096
23.908000,-10.044068,-9.982170,0.001835,0.002617,0.593675,0.599018
23.910000,-10.047462,-9.985566,0.001835,0.002620,0.593675,0.599009
23.912000,-10.050856,-9.988966,0.001836,0.002609,0.593675,0.599093
23.914000,-10.054250,-9.992362,0.001836,0.002610,0.593675,0.599193
23.916000,-10.057644,-9.995753,0.001837,0.002598,0.593675,0.599119
23.918000,-10.061038,-9.999145,0.001838,0.002607,0.593675,0.599066
23.920000,-10.064432,-10.002540,0.001838,0.002595,0.593675,0.599092
23.922000,-10.067826,-10.005932,0.001839,0.002596,0.593675,0.599146
23.924000,-10.071221,-10.009325,0.001839,0.002593,0.593675,0.599116
23.926000,-10.074615,-10.012714,0.001840,0.002598,0.593675,0.599047
23.928000,-10.078009,-10.016108,0.001841,0.002601,0.593675,0.599042
23.930000,-10.081403,-10.019500,0.001841,0.002598,0.593675,0.599060
23.932000,-10.084797,-10.022893,0.001842,0.002597,0.593675,0.599004
23.934000,-10.088191,-10.026284,0.001843,0.002600,0.593676,0.598927
23.936000,-10.091585,-10.029677,0.001843,0.002606,0.593676,0.598922
23.938000,-10.094979,-10.033072,0.001844,0.002596,0.593676,0.599009
23.940000,-10.098373,-10.036463,0.001844,0.002596,0.593676,0.599114
23.942000,-10.101767,-10.039852,0.001845,0.002592,0.593676,0.599122
23.944000,-10.105161,-10.043238,0.001846,0.002597,0.593676,0.599084
23.946000,-10.108555,-10.046628,0.001846,0.002601,0.593676,0.599101
23.948000,-10.111949,-10.050017,0.001847,0.002599,0.593676,0.599139
23.950000,-10.115343,-10.053405,0.001847,0.002597,0.593676,0.599095
23.952000,-10.118737,-10.056792,0.001848,0.002601,0.593676,0.599044
23.954000,-10.122132,-10.060182,0.001849,0.002605,0.593676,0.599052
23.956000,-10.125526,-10.063570,0.001849,0.002604,0.593676,0.599097
23.958000,-10.128920,-10.066960,0.001850,0.002605,0.593676,0.599061
23.960000,-10.132314,-10.070348,0.001850,0.002606,0.593676,0.598992
23.962000,-10.135708,-10.073739,0.001851,0.002608,0.593676,0.598978
23.964000,-10.139102,-10.077129,0.001852,0.002604,0.593676,0.598969
23.966000,-10.142496,-10.080519,0.001852,0.002600,0.593677,0.599032
23.968000,-10.145890,-10.083904,0.001853,0.002604,0.593677,0.598979
23.970000,-10.149284,-10.087287,0.001854,0.002608,0.593677,0.598952
23.972000,-10.152678,-10.090673,0.001854,0.002605,0.593677,0.598998
23.974000,-10.156072,-10.094057,0.001855,0.002605,0.593677,0.599080
23.976000,-10.159466,-10.097441,0.001855,0.002603,0.593677,0.599079
23.978000,-10.162860,-10.100861,0.001856,0.002613,0.593677,0.599093
23.980000,-10.166254,-10.104249,0.001857,0.002601,0.593677,0.599064
23.982000,-10.169648,-10.107641,0.001857,0.002599,0.593677,0.599045
23.984000,-10.173043,-10.111032,0.001858,0.002575,0.593677,0.598942
23.986000,-10.176437,-10.114420,0.001858,0.002571,0.593677,0.598880
23.988000,-10.179831,-10.117807,0.001859,0.002563,0.593677,0.598895
23.990000,-10.183225,-10.121192,0.001860,0.002562,0.593677,0.598942
23.992000,-10.186619,-10.124575,0.001860,0.002559,0.593677,0.599043
23.994000,-10.190013,-10.127956,0.001861,0.002562,0.593677,0.599010
23.996000,-10.193407,-10.131337,0.001861,0.002566,0.593677,0.598992
23.998000,-10.196801,-10.134718,0.001862,0.002566,0.593678,0.598975
24.000000,-10.200195,-10.138098,0.001863,0.002565,0.593678,0.599013
24.002000,-10.203589,-10.141476,0.001863,0.002573,0.593678,0.598979
24.004000,-10.206983,-10.144853,0.001864,0.002575,0.593678,0.598957
24.006000,-10.210377,-10.148232,0.001865,0.002580,0.593678,0.598996
24.008000,-10.213771,-10.151612,0.001865,0.002580,0.593678,0.599038
24.010000,-10.217165,-10.154991,0.001866,0.002581,0.593678,0.599126
24.012000,-10.220559,-10.158365,0.001866,0.002584,0.593678,0.599101
24.014000,-10.223954,-10.161740,0.001867,0.002587,0.593678,0.599095
24.016000,-10.227348,-10.165118,0.001868,0.002588,0.593678,0.599075
24.018000,-10.230742,-10.168494,0.001868,0.002587,0.593678,0.599105
24.020000,-10.234136,-10.171870,0.001869,0.002594,0.593678,0.599068
24.022000,-10.237530,-10.175244,0.001869,0.002596,0.593678,0.599052
24.024000,-10.240924,-10.178622,0.001870,0.002602,0.593678,0.599102
24.026000,-10.244318,-10.182000,0.001871,0.002601,0.593678,0.599143
24.028000,-10.247712,-10.185379,0.001871,0.002600,0.593678,0.599120
24.030000,-10.251106,-10.188755,0.001872,0.002604,0.593678,0.599107
24.032000,-10.254500,-10.192134,0.001873,0.002606,0.593679,0.599144
24.034000,-10.257894,-10.195512,0.001873,0.002607,0.593679,0.599166
24.036000,-10.261288,-10.198892,0.001874,0.002607,0.593679,0.599073
24.038000,-10.264682,-10.202269,0.001874,0.002610,0.593679,0.599007
24.040000,-10.268076,-10.205649,0.001875,0.002614,0.593679,0.599011
24.042000,-10.271470,-10.209033,0.001876,0.002614,0.593679,0.599006
24.044000,-10.274864,-10.212414,0.001876,0.002613,0.593679,0.599056
24.046000,-10.278259,-10.215793,0.001877,0.002621,0.593679,0.599063
24.048000,-10.281653,-10.219169,0.001877,0.002623,0.593679,0.599095
24.050000,-10.285047,-10.222547,0.001878,0.002629,0.593679,0.599184
24.052000,-10.288441,-10.225926,0.001879,0.002628,0.593679,0.599242
24.054000,-10.291835,-10.229305,0.001879,0.002628,0.593679,0.599215
24.056000,-10.295229,-10.232680,0.001880,0.002631,0.593679,0.599193
24.058000,-10.298623,-10.236058,0.001880,0.002634,0.593679,0.599223
24.060000,-10.302017,-10.239438,0.001881,0.002634,0.593679,0.599227
24.062000,-10.305411,-10.242820,0.001882,0.002634,0.593679,0.599167
24.064000,-10.308805,-10.246199,0.001882,0.002638,0.593679,0.599129
24.066000,-10.312199,-10.249578,0.001883,0.002641,0.593679,0.599151
24.068000,-10.315593,-10.252961,0.001884,0.002641,0.593680,0.599148
24.070000,-10.318987,-10.256345,0.001884,0.002640,0.593680,0.599078
24.072000,-10.322381,-10.259728,0.001885,0.002649,0.593680,0.599044
24.074000,-10.325775,-10.263109,0.001885,0.002651,0.593680,0.599072
24.076000,-10.329170,-10.266494,0.001886,0.002657,0.593680,0.599175
24.078000,-10.332564,-10.269877,0.001887,0.002656,0.593680,0.599247
24.080000,-10.335958,-10.273261,0.001887,0.002655,0.593680,0.599230
24.082000,-10.339352,-10.276641,0.001888,0.002659,0.593680,0.599224
24.084000,-10.342746,-10.280024,0.001888,0.002662,0.593680,0.599272
24.086000,-10.346140,-10.283408,0.001889,0.002662,0.593680,0.599287
24.088000,-10.349534,-10.286794,0.001890,0.002661,0.593680,0.599227
24.090000,-10.352928,-10.290176,0.001890,0.002665,0.593680,0.599193
24.092000,-10.356322,-10.293560,0.001891,0.002668,0.593680,0.599223
24.094000,-10.359716,-10.296947,0.001891,0.002668,0.593680,0.599224
24.096000,-10.363110,-10.300332,0.001892,0.002667,0.593680,0.599275
24.098000,-10.366504,-10.303716,0.001893,0.002676,0.593680,0.599272
24.100000,-10.369898,-10.307098,0.001893,0.002678,0.593680,0.599294
24.102000,-10.373292,-10.310482,0.001894,0.002683,0.593680,0.599374
24.104000,-10.376686,-10.313867,0.001895,0.002682,0.593680,0.599411
24.106000,-10.380081,-10.317254,0.001895,0.002681,0.593681,0.599373
24.108000,-10.383475,-10.320639,0.001896,0.002685,0.593681,0.599350
24.110000,-10.386869,-10.324026,0.001896,0.002688,0.593681,0.599385
24.112000,-10.390263,-10.327414,0.001897,0.002688,0.593681,0.599391
24.114000,-10.393657,-10.330807,0.001898,0.002687,0.593681,0.599327
24.116000,-10.397051,-10.334195,0.001898,0.002691,0.593681,0.599292
24.118000,-10.400445,-10.337584,0.001899,0.002695,0.593681,0.599322
24.120000,-10.403839,-10.340976,0.001899,0.002690,0.593681,0.599431
24.122000,-10.407233,-10.344366,0.001900,0.002691,0.593681,0.599511
24.124000,-10.410627,-10.347757,0.001901,0.002689,0.593681,0.599497
24.126000,-10.414021,-10.351145,0.001901,0.002693,0.593681,0.599489
24.128000,-10.417415,-10.354536,0.001902,0.002697,0.593681,0.599534
24.130000,-10.420809,-10.357929,0.001902,0.002697,0.593681,0.599557
24.132000,-10.424203,-10.361324,0.001903,0.002697,0.593681,0.599499
24.134000,-10.427597,-10.364716,0.001904,0.002701,0.593681,0.599459
24.136000,-10.430991,-10.368110,0.001904,0.002705,0.593681,0.599481
24.138000,-10.434386,-10.371507,0.001905,0.002705,0.593681,0.599485
24.140000,-10.437780,-10.374904,0.001906,0.002705,0.593681,0.599541
24.142000,-10.441174,-10.378298,0.001906,0.002709,0.593681,0.599532
24.144000,-10.444568,-10.381691,0.001907,0.002712,0.593682,0.599546
24.146000,-10.447962,-10.385088,0.001907,0.002714,0.593682,0.599516
24.148000,-10.451356,-10.388487,0.001908,0.002708,0.593682,0.599439
24.150000,-10.454750,-10.391886,0.001909,0.002719,0.593682,0.599396
24.152000,-10.458144,-10.395284,0.001909,0.002711,0.593682,0.599406
24.154000,-10.461538,-10.398684,0.001910,0.002719,0.593682,0.599489
24.156000,-10.464932,-10.402085,0.001910,0.002716,0.593682,0.599551
24.158000,-10.468326,-10.405488,0.001911,0.002716,0.593682,0.599527
24.160000,-10.471720,-10.408889,0.001912,0.002721,0.593682,0.599503
24.162000,-10.475114,-10.412291,0.001912,0.002723,0.593682,0.599531
24.164000,-10.478508,-10.415695,0.001913,0.002721,0.593682,0.599544
24.166000,-10.481902,-10.419101,0.001914,0.002726,0.593682,0.599583
24.168000,-10.485297,-10.422503,0.001914,0.002726,0.593682,0.599548
24.170000,-10.488691,-10.425904,0.001915,0.002743,0.593682,0.599543
24.172000,-10.492085,-10.429308,0.001915,0.002729,0.593682,0.599606
24.174000,-10.495479,-10.432709,0.001916,0.002731,0.593682,0.599639
24.176000,-10.498873,-10.436113,0.001917,0.002726,0.593682,0.599608
24.178000,-10.502267,-10.439514,0.001917,0.002732,0.593682,0.599553
24.180000,-10.505661,-10.442918,0.001918,0.002736,0.593682,0.599562
24.182000,-10.509055,-10.446321,0.001918,0.002733,0.593682,0.599567
24.184000,-10.512449,-10.449727,0.001919,0.002730,0.593682,0.599531
24.186000,-10.515843,-10.453134,0.001920,0.002742,0.593683,0.599542
24.188000,-10.519237,-10.456538,0.001920,0.002744,0.593683,0.599559
24.190000,-10.522631,-10.459948,0.001921,0.002750,0.593683,0.599640
24.192000,-10.526025,-10.463357,0.001921,0.002744,0.593683,0.599639
24.194000,-10.529419,-10.466765,0.001922,0.002737,0.593683,0.599563
24.196000,-10.532813,-10.470173,0.001923,0.002734,0.593683,0.599527
24.198000,-10.536208,-10.473582,0.001923,0.002725,0.593683,0.599572
24.200000,-10.539602,-10.476989,0.001924,0.002727,0.593683,0.599627
24.202000,-10.542996,-10.480398,0.001925,0.002725,0.593683,0.599632
24.204000,-10.546390,-10.483803,0.001925,0.002732,0.593683,0.599590
24.206000,-10.549784,-10.487212,0.001926,0.002736,0.593683,0.599600
24.208000,-10.553178,-10.490620,0.001926,0.002734,0.593683,0.599609
24.210000,-10.556572,-10.494030,0.001927,0.002731,0.593683,0.599582
24.212000,-10.559966,-10.497440,0.001928,0.002743,0.593683,0.599597
24.214000,-10.563360,-10.500848,0.001928,0.002745,0.593683,0.599608
24.216000,-10.566754,-10.504260,0.001929,0.002750,0.593683,0.599678
24.218000,-10.570148,-10.507671,0.001929,0.002749,0.593683,0.599745
24.220000,-10.573542,-10.511079,0.001930,0.002740,0.593683,0.599689
24.222000,-10.576936,-10.514487,0.001931,0.002749,0.593683,0.599641
24.224000,-10.580330,-10.517896,0.001931,0.002738,0.593683,0.599658
24.226000,-10.583724,-10.521304,0.001932,0.002739,0.593683,0.599686
24.228000,-10.587119,-10.524698,0.001932,0.002740,0.593683,0.599744
24.230000,-10.590513,-10.528104,0.001933,0.002737,0.593684,0.599695
24.232000,-10.593907,-10.531518,0.001934,0.002738,0.593684,0.599641
24.234000,-10.597301,-10.534930,0.001934,0.002724,0.593684,0.599572
24.236000,-10.600695,-10.538345,0.001935,0.002716,0.593684,0.599520
24.238000,-10.604089,-10.541756,0.001936,0.002710,0.593684,0.599455
24.240000,-10.607483,-10.545167,0.001936,0.002715,0.593684,0.599454
24.242000,-10.610877,-10.548580,0.001937,0.002702,0.593684,0.599538
24.244000,-10.614271,-10.551989,0.001937,0.002709,0.593684,0.599556
24.246000,-10.617665,-10.555400,0.001938,0.002703,0.593684,0.599539
24.248000,-10.621059,-10.558808,0.001939,0.002723,0.593684,0.599493
24.250000,-10.624453,-10.562220,0.001939,0.002722,0.593684,0.599509
24.252000,-10.627847,-10.565630,0.001940,0.002721,0.593684,0.599543
24.254000,-10.631241,-10.569040,0.001940,0.002718,0.593684,0.599501
24.256000,-10.634635,-10.572447,0.001941,0.002722,0.593684,0.599438
24.258000,-10.638029,-10.575858,0.001942,0.002727,0.593684,0.599438
24.260000,-10.641424,-10.579262,0.001942,0.002718,0.593684,0.599481
24.262000,-10.644818,-10.582671,0.001943,0.002718,0.593684,0.599587
24.264000,-10.648212,-10.586073,0.001944,0.002717,0.593684,0.599532
24.266000,-10.651606,-10.589475,0.001944,0.002722,0.593684,0.599492
24.268000,-10.655000,-10.592881,0.001945,0.002712,0.593684,0.599524
24.270000,-10.658394,-10.596284,0.001945,0.002713,0.593684,0.599578
24.272000,-10.661788,-10.599689,0.001946,0.002709,0.593684,0.599564
24.274000,-10.665182,-10.603091,0.001947,0.002715,0.593684,0.599507
24.276000,-10.668576,-10.606497,0.001947,0.002718,0.593685,0.599505
24.278000,-10.671970,-10.609902,0.001948,0.002716,0.593685,0.599529
24.280000,-10.675364,-10.613308,0.001948,0.002715,0.593685,0.599483
24.282000,-10.678758,-10.616712,0.001949,0.002719,0.593685,0.599407
24.284000,-10.682152,-10.620119,0.001950,0.002722,0.593685,0.599390
24.286000,-10.685546,-10.623525,0.001950,0.002720,0.593685,0.599403
24.288000,-10.688940,-10.626933,0.001951,0.002718,0.593685,0.599496
24.290000,-10.692335,-10.630334,0.001951,0.002721,0.593685,0.599437
24.292000,-10.695729,-10.633735,0.001952,0.002726,0.593685,0.599393
24.294000,-10.699123,-10.637138,0.001953,0.002717,0.593685,0.599418
24.296000,-10.702517,-10.640540,0.001953,0.002717,0.593685,0.599480
24.298000,-10.705911,-10.643943,0.001954,0.002713,0.593685,0.599478
24.300000,-10.709305,-10.647342,0.001955,0.002718,0.593685,0.599417
24.302000,-10.712699,-10.650745,0.001955,0.002720,0.593685,0.599400
24.304000,-10.716093,-10.654147,0.001956,0.002718,0.593685,0.599425
24.306000,-10.719487,-10.657551,0.001956,0.002717,0.593685,0.599390
24.308000,-10.722881,-10.660951,0.001957,0.002720,0.593685,0.599306
24.310000,-10.726275,-10.664354,0.001958,0.002722,0.593685,0.599269
24.312000,-10.729669,-10.667755,0.001958,0.002720,0.593685,0.599281
24.314000,-10.733063,-10.671158,0.001959,0.002718,0.593685,0.599232
24.316000,-10.736457,-10.674558,0.001959,0.002721,0.593685,0.599138
24.318000,-10.739851,-10.677961,0.001960,0.002724,0.593685,0.599100
24.320000,-10.743246,-10.681358,0.001961,0.002713,0.593685,0.599157
24.322000,-10.746640,-10.684758,0.001961,0.002713,0.593685,0.599271
24.324000,-10.750034,-10.688154,0.001962,0.002711,0.593685,0.599178
24.326000,-10.753428,-10.691548,0.001962,0.002717,0.593686,0.599108
24.328000,-10.756822,-10.694944,0.001963,0.002706,0.593686,0.599108
24.330000,-10.760216,-10.698338,0.001964,0.002707,0.593686,0.599180
24.332000,-10.763610,-10.701735,0.001964,0.002704,0.593686,0.599193
24.334000,-10.767004,-10.705127,0.001965,0.002710,0.593686,0.599117
24.336000,-10.770398,-10.708523,0.001966,0.002712,0.593686,0.599092
24.338000,-10.773792,-10.711918,0.001966,0.002709,0.593686,0.599137
24.340000,-10.777186,-10.715314,0.001967,0.002707,0.593686,0.599272
24.342000,-10.780580,-10.718704,0.001967,0.002711,0.593686,0.599188
24.344000,-10.783974,-10.722092,0.001968,0.002716,0.593686,0.599125
24.346000,-10.787368,-10.725482,0.001969,0.002706,0.593686,0.599134
24.348000,-10.790762,-10.728876,0.001969,0.002708,0.593686,0.599085
24.350000,-10.794157,-10.732273,0.001970,0.002701,0.593686,0.599149
24.352000,-10.797544,-10.735664,0.001970,0.002706,0.593682,0.599108
24.354000,-10.800916,-10.739057,0.001971,0.002709,0.593670,0.599107
24.356000,-10.804275,-10.742448,0.001972,0.002705,0.593650,0.599174
24.358000,-10.807620,-10.745839,0.001972,0.002704,0.593622,0.599164
24.360000,-10.810951,-10.749223,0.001973,0.002708,0.593586,0.599066
24.362000,-10.814268,-10.752607,0.001974,0.002711,0.593542,0.599014
24.364000,-10.817570,-10.755988,0.001974,0.002708,0.593490,0.599036
24.366000,-10.820859,-10.759366,0.001975,0.002706,0.593430,0.599144
24.368000,-10.824133,-10.762735,0.001975,0.002711,0.593362,0.599061
24.370000,-10.827393,-10.766096,0.001976,0.002715,0.593286,0.598981
24.372000,-10.830640,-10.769455,0.001977,0.002710,0.593202,0.598954
24.374000,-10.833872,-10.772809,0.001977,0.002713,0.593110,0.599000
24.376000,-10.837090,-10.776156,0.001978,0.002704,0.593010,0.598807
24.378000,-10.840294,-10.779498,0.001978,0.002710,0.592902,0.598636
24.380000,-10.843484,-10.782831,0.001979,0.002702,0.592787,0.598529
24.382000,-10.846659,-10.786155,0.001980,0.002699,0.592663,0.598504
24.384000,-10.849821,-10.789473,0.001980,0.002711,0.592531,0.598404
24.386000,-10.852969,-10.792630,0.001981,0.002705,0.592391,0.598273
24.388000,-10.856102,-10.795630,0.001982,0.002699,0.592243,0.598191
24.390000,-10.859222,-10.798906,0.001982,0.002699,0.592087,0.598149
24.392000,-10.862327,-10.802213,0.001983,0.002688,0.591923,0.598187
24.394000,-10.865419,-10.805482,0.001983,0.002692,0.591751,0.597984
24.396000,-10.868496,-10.808744,0.001984,0.002692,0.591571,0.597785
24.398000,-10.871559,-10.811869,0.001984,0.002686,0.591383,0.597636
24.400000,-10.874608,-10.814832,0.001985,0.002674,0.591187,0.597564
24.402000,-10.877643,-10.818066,0.001986,0.002681,0.590983,0.597545
24.404000,-10.880664,-10.821291,0.001986,0.002683,0.590771,0.597325
24.406000,-10.883671,-10.824507,0.001987,0.002687,0.590551,0.597100
24.408000,-10.886663,-10.827719,0.001987,0.002686,0.590323,0.596906
24.410000,-10.889642,-10.830757,0.001988,0.002681,0.590087,0.596782
24.412000,-10.892607,-10.833613,0.001988,0.002673,0.589843,0.596648
24.414000,-10.895557,-10.836793,0.001989,0.002675,0.589591,0.596373
24.416000,-10.898493,-10.839964,0.001990,0.002670,0.589331,0.596117
24.418000,-10.901416,-10.843127,0.001990,0.002672,0.589063,0.595908
24.420000,-10.904324,-10.846285,0.001991,0.002671,0.588787,0.595763
24.422000,-10.907218,-10.849438,0.001991,0.002674,0.588503,0.595590
24.424000,-10.910098,-10.852580,0.001992,0.002679,0.588211,0.595299
24.426000,-10.912964,-10.855714,0.001993,0.002679,0.587911,0.595013
24.428000,-10.915816,-10.858840,0.001993,0.002680,0.587603,0.594775
24.430000,-10.918653,-10.861959,0.001994,0.002688,0.587287,0.594595
24.432000,-10.921477,-10.865066,0.001994,0.002692,0.586963,0.594248
24.434000,-10.924287,-10.868163,0.001995,0.002698,0.586632,0.593911
24.436000,-10.927082,-10.871250,0.001995,0.002695,0.586292,0.593619
24.438000,-10.929863,-10.874185,0.001996,0.002691,0.585944,0.593374
24.440000,-10.932630,-10.876971,0.001997,0.002683,0.585588,0.593186
24.442000,-10.935383,-10.880019,0.001997,0.002684,0.585224,0.592964
24.444000,-10.938122,-10.883053,0.001998,0.002691,0.584852,0.592613
24.446000,-10.940847,-10.886077,0.001998,0.002693,0.584472,0.592242
24.448000,-10.943558,-10.889092,0.001999,0.002694,0.584084,0.591909
24.450000,-10.946254,-10.892097,0.001999,0.002701,0.583688,0.591639
24.452000,-10.948937,-10.895089,0.002000,0.002704,0.583284,0.591252
24.454000,-10.951605,-10.898072,0.002001,0.002709,0.582872,0.590863
24.456000,-10.954259,-10.901044,0.002001,0.002710,0.582452,0.590475
24.458000,-10.956899,-10.904005,0.002002,0.002710,0.582024,0.590129
24.460000,-10.959525,-10.906956,0.002002,0.002718,0.581588,0.589835
24.462000,-10.962137,-10.909800,0.002003,0.002714,0.581144,0.589541
24.464000,-10.964735,-10.912720,0.002004,0.002722,0.580692,0.589125
24.466000,-10.967318,-10.915631,0.002004,0.002718,0.580232,0.588699
24.468000,-10.969887,-10.918528,0.002005,0.002721,0.579764,0.588289
24.470000,-10.972442,-10.921415,0.002006,0.002720,0.579288,0.587927
24.472000,-10.974983,-10.924287,0.002006,0.002725,0.578804,0.587564
24.474000,-10.977510,-10.927145,0.002007,0.002730,0.578312,0.587128
24.476000,-10.980022,-10.929991,0.002007,0.002730,0.577812,0.586688
24.478000,-10.982521,-10.932823,0.002008,0.002734,0.577304,0.586241
24.480000,-10.985005,-10.935645,0.002009,0.002737,0.576788,0.585825
24.482000,-10.987475,-10.938450,0.002009,0.002740,0.576264,0.585410
24.484000,-10.989930,-10.941242,0.002010,0.002745,0.575732,0.584918
24.486000,-10.992372,-10.944022,0.002011,0.002744,0.575193,0.584425
24.488000,-10.994799,-10.946787,0.002011,0.002749,0.574645,0.583930
24.490000,-10.997212,-10.949538,0.002012,0.002749,0.574089,0.583462
24.492000,-10.999611,-10.952279,0.002013,0.002758,0.573525,0.583034
24.494000,-11.001995,-10.954526,0.002013,0.002759,0.572953,0.582622
24.496000,-11.004365,-10.957222,0.002014,0.002765,0.572373,0.582120
24.498000,-11.006721,-10.959914,0.002015,0.002762,0.571785,0.581596
24.500000,-11.009062,-10.962591,0.002015,0.002766,0.571189,0.581052
24.502000,-11.011390,-10.965258,0.002016,0.002767,0.570585,0.580535
24.504000,-11.013703,-10.967911,0.002017,0.002770,0.569973,0.580028
24.506000,-11.016001,-10.970555,0.002017,0.002773,0.569353,0.579466
24.508000,-11.018285,-10.973189,0.002018,0.002772,0.568725,0.578898
24.510000,-11.020555,-10.975810,0.002018,0.002775,0.568089,0.578321
24.512000,-11.022810,-10.978420,0.002019,0.002776,0.567445,0.577766
24.514000,-11.025051,-10.981018,0.002020,0.002784,0.566793,0.577244
24.516000,-11.027278,-10.983602,0.002020,0.002786,0.566133,0.576729
24.518000,-11.029490,-10.986174,0.002021,0.002792,0.565465,0.576140
24.520000,-11.031687,-10.988736,0.002021,0.002790,0.564789,0.575532
24.522000,-11.033870,-10.991281,0.002022,0.002793,0.564105,0.574910
24.524000,-11.036039,-10.993815,0.002023,0.002794,0.563413,0.574310
24.526000,-11.038193,-10.995876,0.002023,0.002797,0.562713,0.573750
24.528000,-11.040332,-10.998359,0.002024,0.002803,0.562005,0.573180
24.530000,-11.042457,-11.000836,0.002024,0.002806,0.561289,0.572546
24.532000,-11.044567,-11.003300,0.002025,0.002811,0.560565,0.571867
24.534000,-11.046663,-11.005753,0.002026,0.002815,0.559833,0.571195
24.536000,-11.048744,-11.008197,0.002026,0.002822,0.559093,0.570551
24.538000,-11.050810,-11.010629,0.002027,0.002824,0.558345,0.569914
24.540000,-11.052862,-11.013051,0.002027,0.002829,0.557590,0.569296
24.542000,-11.054899,-11.015463,0.002028,0.002828,0.556826,0.568622
24.544000,-11.056921,-11.017862,0.002029,0.002832,0.556054,0.567914
24.546000,-11.058929,-11.020248,0.002029,0.002832,0.555274,0.567208
24.548000,-11.060921,-11.022622,0.002030,0.002839,0.554486,0.566526
24.550000,-11.062899,-11.024980,0.002030,0.002841,0.553690,0.565847
24.552000,-11.064862,-11.027325,0.002031,0.002845,0.552886,0.565193
24.554000,-11.066810,-11.029658,0.002031,0.002844,0.552074,0.564554
24.556000,-11.068744,-11.031975,0.002032,0.002844,0.551254,0.563819
24.558000,-11.070662,-11.034279,0.002033,0.002845,0.550426,0.563057
24.560000,-11.072566,-11.036569,0.002033,0.002851,0.549590,0.562305
24.562000,-11.074454,-11.038842,0.002034,0.002851,0.548746,0.561553
24.564000,-11.076328,-11.041101,0.002034,0.002855,0.547894,0.560819
24.566000,-11.078186,-11.043346,0.002035,0.002854,0.547034,0.560110
24.568000,-11.080030,-11.045576,0.002035,0.002856,0.546166,0.559312
24.570000,-11.081858,-11.047791,0.002036,0.002857,0.545290,0.558498
24.572000,-11.083671,-11.049993,0.002036,0.002861,0.544406,0.557698
24.574000,-11.085470,-11.052177,0.002037,0.002862,0.543514,0.556899
24.576000,-11.087253,-11.054346,0.002037,0.002865,0.542614,0.556113
24.578000,-11.089021,-11.056501,0.002038,0.002864,0.541706,0.555347
24.580000,-11.090773,-11.058641,0.002038,0.002865,0.540790,0.554595
24.582000,-11.092511,-11.060765,0.002039,0.002864,0.539866,0.553791
24.584000,-11.094233,-11.062874,0.002039,0.002865,0.538934,0.552949
24.586000,-11.095940,-11.064969,0.002040,0.002868,0.537994,0.552103
24.588000,-11.097632,-11.067048,0.002040,0.002870,0.537046,0.551242
24.590000,-11.099308,-11.069112,0.002041,0.002873,0.536090,0.550391
24.592000,-11.100969,-11.071161,0.002041,0.002873,0.535126,0.549562
24.594000,-11.102615,-11.073195,0.002042,0.002875,0.534155,0.548714
24.596000,-11.104245,-11.075213,0.002042,0.002876,0.533175,0.547881
24.598000,-11.105859,-11.077216,0.002042,0.002879,0.532187,0.546996
24.600000,-11.107458,-11.079204,0.002043,0.002879,0.531191,0.546083
24.602000,-11.109042,-11.081177,0.002043,0.002882,0.530187,0.545156
24.604000,-11.110610,-11.083135,0.002044,0.002881,0.529175,0.544242
24.606000,-11.112162,-11.085077,0.002044,0.002882,0.528155,0.543348
24.608000,-11.113699,-11.087002,0.002044,0.002883,0.527127,0.542434
24.610000,-11.115220,-11.088912,0.002045,0.002884,0.526091,0.541532
24.612000,-11.116725,-11.090808,0.002045,0.002887,0.525047,0.540587
24.614000,-11.118215,-11.092688,0.002046,0.002887,0.523995,0.539626
24.616000,-11.119688,-11.094553,0.002046,0.002890,0.522935,0.538652
24.618000,-11.121146,-11.096401,0.002046,0.002889,0.521867,0.537687
24.620000,-11.122588,-11.098234,0.002047,0.002889,0.520791,0.536735
24.622000,-11.124014,-11.100050,0.002047,0.002891,0.519707,0.535762
24.624000,-11.125424,-11.101850,0.002047,0.002891,0.518615,0.534799
24.626000,-11.126818,-11.103634,0.002048,0.002894,0.517515,0.533851
24.628000,-11.128196,-11.105404,0.002048,0.002895,0.516407,0.532837
24.630000,-11.129558,-11.107158,0.002048,0.002896,0.515292,0.531807
24.632000,-11.130905,-11.108896,0.002049,0.002896,0.514170,0.530782
24.634000,-11.132236,-11.110618,0.002049,0.002896,0.513042,0.529769
24.636000,-11.133553,-11.112322,0.002049,0.002898,0.511913,0.528727
24.638000,-11.134856,-11.114010,0.002050,0.002899,0.510783,0.527694
24.640000,-11.136147,-11.115681,0.002050,0.002902,0.509656,0.526680
24.642000,-11.137425,-11.117336,0.002050,0.002901,0.508531,0.525681
24.644000,-11.138691,-11.118975,0.002051,0.002904,0.507412,0.524671
24.646000,-11.139946,-11.120598,0.002051,0.002900,0.506299,0.523612
24.648000,-11.141189,-11.122205,0.002051,0.002898,0.505193,0.522553
24.650000,-11.142422,-11.123793,0.002052,0.002900,0.504094,0.521437
24.652000,-11.143643,-11.125363,0.002052,0.002899,0.503004,0.520339
24.654000,-11.144853,-11.126916,0.002052,0.002903,0.501921,0.519266
24.656000,-11.146053,-11.128452,0.002053,0.002907,0.500847,0.518216
24.658000,-11.147241,-11.129971,0.002053,0.002910,0.499781,0.517186
24.660000,-11.148418,-11.131472,0.002053,0.002912,0.498722,0.516174
24.662000,-11.149584,-11.132957,0.002053,0.002915,0.497672,0.515179
24.664000,-11.150739,-11.134426,0.002054,0.002914,0.496629,0.514156
24.666000,-11.151882,-11.135878,0.002054,0.002913,0.495595,0.513140
24.668000,-11.153015,-11.137313,0.002054,0.002914,0.494568,0.512080
24.670000,-11.154136,-11.138732,0.002055,0.002914,0.493550,0.511035
24.672000,-11.155245,-11.140135,0.002055,0.002918,0.492539,0.510009
24.674000,-11.156344,-11.141521,0.002055,0.002922,0.491537,0.509001
24.676000,-11.157431,-11.142890,0.002055,0.002923,0.490542,0.508011
24.678000,-11.158506,-11.144243,0.002056,0.002926,0.489556,0.507040
24.680000,-11.159570,-11.145581,0.002056,0.002925,0.488577,0.506087
24.682000,-11.160622,-11.146904,0.002056,0.002925,0.487607,0.505150
24.684000,-11.161663,-11.148210,0.002056,0.002927,0.486645,0.504169
24.686000,-11.162693,-11.149501,0.002057,0.002926,0.485690,0.503166
24.688000,-11.163710,-11.150777,0.002057,0.002930,0.484744,0.502173
24.690000,-11.164716,-11.152038,0.002057,0.002934,0.483805,0.501197
24.692000,-11.165710,-11.153283,0.002058,0.002935,0.482875,0.500236
24.694000,-11.166693,-11.154512,0.002058,0.002938,0.481952,0.499294
24.696000,-11.167663,-11.155726,0.002058,0.002937,0.481038,0.498369
24.698000,-11.168622,-11.156926,0.002058,0.002937,0.480131,0.497459
24.700000,-11.169569,-11.158109,0.002059,0.002939,0.479233,0.496509
24.702000,-11.170504,-11.159278,0.002059,0.002939,0.478342,0.495573
24.704000,-11.171427,-11.160432,0.002059,0.002942,0.477460,0.494652
24.706000,-11.172337,-11.161571,0.002059,0.002946,0.476585,0.493749
24.708000,-11.173236,-11.162694,0.002060,0.002947,0.475719,0.492861
24.710000,-11.174123,-11.163803,0.002060,0.002950,0.474861,0.491990
24.712000,-11.174997,-11.164898,0.002060,0.002950,0.474010,0.491108
24.714000,-11.175859,-11.165980,0.002060,0.002949,0.473168,0.490238
24.716000,-11.176709,-11.167046,0.002060,0.002938,0.472333,0.489329
24.718000,-11.177547,-11.168099,0.002061,0.002936,0.471507,0.488438
24.720000,-11.178372,-11.169118,0.002061,0.002940,0.470688,0.487566
24.722000,-11.179185,-11.170140,0.002061,0.002944,0.469878,0.486709
24.724000,-11.179985,-11.171147,0.002061,0.002944,0.469075,0.485865
24.726000,-11.180773,-11.172138,0.002062,0.002947,0.468281,0.485033
24.728000,-11.181548,-11.173114,0.002062,0.002946,0.467494,0.484215
24.730000,-11.182311,-11.174076,0.002062,0.002946,0.466716,0.483410
24.732000,-11.183061,-11.175025,0.002062,0.002955,0.465945,0.482618
24.734000,-11.183799,-11.175959,0.002062,0.002957,0.465183,0.481789
24.736000,-11.184523,-11.176879,0.002063,0.002958,0.464429,0.480971
24.738000,-11.185235,-11.177785,0.002063,0.002962,0.463682,0.480167
24.740000,-11.185934,-11.178676,0.002063,0.002966,0.462944,0.479379
24.742000,-11.186620,-11.179553,0.002063,0.002968,0.462213,0.478600
24.744000,-11.187294,-11.180416,0.002063,0.002972,0.461491,0.477835
24.746000,-11.187954,-11.181264,0.002064,0.002972,0.460776,0.477065
24.748000,-11.188601,-11.182099,0.002064,0.002973,0.460070,0.476305
24.750000,-11.189235,-11.182921,0.002064,0.002973,0.459371,0.475560
24.752000,-11.189856,-11.183727,0.002064,0.002975,0.458681,0.474788
24.754000,-11.190464,-11.184520,0.002064,0.002975,0.457998,0.474030
24.756000,-11.191059,-11.185299,0.002064,0.002978,0.457324,0.473288
24.758000,-11.191640,-11.186064,0.002065,0.002981,0.456658,0.472563
24.760000,-11.192208,-11.186815,0.002065,0.002982,0.455999,0.471841
24.762000,-11.192763,-11.187552,0.002065,0.002985,0.455349,0.471133
24.764000,-11.193304,-11.188275,0.002065,0.002984,0.454706,0.470440
24.766000,-11.193832,-11.188984,0.002065,0.002985,0.454072,0.469759
24.768000,-11.194346,-11.189680,0.002065,0.002984,0.453445,0.469091
24.770000,-11.194847,-11.190360,0.002065,0.002986,0.452827,0.468398
24.772000,-11.195334,-11.191027,0.002066,0.002987,0.452216,0.467718
24.774000,-11.195808,-11.191680,0.002066,0.002989,0.451614,0.467050
24.776000,-11.196268,-11.192320,0.002066,0.002991,0.451019,0.466396
24.778000,-11.196714,-11.192946,0.002066,0.002993,0.450433,0.465754
24.780000,-11.197146,-11.193558,0.002066,0.002993,0.449854,0.465106
24.782000,-11.197564,-11.194156,0.002066,0.002994,0.449284,0.464467
24.784000,-11.197969,-11.194740,0.002066,0.002993,0.448722,0.463841
24.786000,-11.198360,-11.195311,0.002066,0.002993,0.448167,0.463229
24.788000,-11.198736,-11.195869,0.002067,0.002993,0.447621,0.462627
24.790000,-11.199099,-11.196414,0.002067,0.002992,0.447082,0.462034
24.792000,-11.199447,-11.196945,0.002067,0.002993,0.446552,0.461428
24.794000,-11.199782,-11.197463,0.002067,0.002993,0.446029,0.460829
24.796000,-11.200102,-11.197967,0.002067,0.002994,0.445515,0.460244
24.798000,-11.200408,-11.198458,0.002067,0.002995,0.445008,0.459673
24.800000,-11.200700,-11.198936,0.002067,0.002996,0.444510,0.459113
24.802000,-11.200977,-11.199401,0.002067,0.002998,0.444019,0.458564
24.804000,-11.201240,-11.199851,0.002067,0.002997,0.443537,0.458003
24.806000,-11.201489,-11.200288,0.002067,0.002998,0.443062,0.457450
24.808000,-11.201723,-11.200712,0.002067,0.002997,0.442596,0.456904
24.810000,-11.201943,-11.201122,0.002068,0.002996,0.442138,0.456371
24.812000,-11.202148,-11.201519,0.002068,0.002996,0.441687,0.455851
24.814000,-11.202339,-11.201903,0.002068,0.002995,0.441245,0.455340
24.816000,-11.202516,-11.202273,0.002068,0.002996,0.440810,0.454821
24.818000,-11.202681,-11.202629,0.002068,0.002995,0.440384,0.454309
24.820000,-11.202835,-11.202971,0.002068,0.002996,0.439965,0.453809
24.822000,-11.202982,-11.203301,0.002068,0.002996,0.439555,0.453321
24.824000,-11.203123,-11.203617,0.002068,0.002997,0.439152,0.452846
24.826000,-11.203258,-11.203920,0.002068,0.002998,0.438758,0.452382
24.828000,-11.203388,-11.204211,0.002068,0.002997,0.438371,0.451912
24.830000,-11.203513,-11.204490,0.002068,0.002997,0.437993,0.451450
24.832000,-11.203634,-11.204757,0.002068,0.002996,0.437622,0.451000
24.834000,-11.203750,-11.205013,0.002068,0.002995,0.437260,0.450560
24.836000,-11.203861,-11.205257,0.002068,0.002995,0.436906,0.450132
24.838000,-11.203967,-11.205492,0.002068,0.002994,0.436559,0.449715
24.840000,-11.204068,-11.205716,0.002068,0.002994,0.436221,0.449309
24.842000,-11.204164,-11.205930,0.002068,0.002994,0.435890,0.448903
24.844000,-11.204256,-11.206134,0.002068,0.002994,0.435568,0.448500
24.846000,-11.204342,-11.206330,0.002068,0.002994,0.435253,0.448105
24.848000,-11.204423,-11.206517,0.002068,0.002995,0.434947,0.447720
24.850000,-11.204500,-11.206695,0.002068,0.002995,0.434648,0.447346
24.852000,-11.204571,-11.206865,0.002068,0.002995,0.434358,0.446984
24.854000,-11.204637,-11.207027,0.002068,0.002995,0.434075,0.446632
24.856000,-11.204698,-11.207181,0.002068,0.002995,0.433801,0.446289
24.858000,-11.204753,-11.207328,0.002068,0.002996,0.433535,0.445955
24.860000,-11.204803,-11.207467,0.002068,0.002995,0.433276,0.445615
24.862000,-11.204848,-11.207599,0.002068,0.002996,0.433026,0.445281
24.864000,-11.204888,-11.207724,0.002068,0.002995,0.432783,0.444957
24.866000,-11.204922,-11.207842,0.002068,0.002994,0.432549,0.444644
24.868000,-11.204951,-11.207954,0.002068,0.002993,0.432322,0.444341
24.870000,-11.204975,-11.208059,0.002068,0.002992,0.432104,0.444049
24.872000,-11.204994,-11.208158,0.002068,0.002992,0.431893,0.443766
24.874000,-11.205009,-11.208251,0.002068,0.002991,0.431691,0.443491
24.876000,-11.205021,-11.208337,0.002068,0.002991,0.431496,0.443212
24.878000,-11.205031,-11.208417,0.002068,0.002990,0.431310,0.442942
24.880000,-11.205038,-11.208492,0.002068,0.002990,0.431131,0.442679
24.882000,-11.205044,-11.208560,0.002069,0.002990,0.430961,0.442426
24.884000,-11.205049,-11.208624,0.002069,0.002990,0.430799,0.442183
24.886000,-11.205053,-11.208682,0.002069,0.002990,0.430644,0.441949
24.888000,-11.205056,-11.208736,0.002069,0.002990,0.430498,0.441726
24.890000,-11.205058,-11.208784,0.002069,0.002990,0.430359,0.441512
24.892000,-11.205060,-11.208829,0.002069,0.002990,0.430229,0.441306
24.894000,-11.205062,-11.208869,0.002069,0.002989,0.430106,0.441096
24.896000,-11.205063,-11.208905,0.002069,0.002989,0.429992,0.440894
24.898000,-11.205064,-11.208937,0.002069,0.002988,0.429885,0.440700
24.900000,-11.205064,-11.208966,0.002069,0.002987,0.429787,0.440517
24.902000,-11.205065,-11.208992,0.002069,0.002987,0.429696,0.440342
24.904000,-11.205066,-11.209014,0.002069,0.002986,0.429614,0.440177
24.906000,-11.205066,-11.209034,0.002069,0.002985,0.429539,0.440022
24.908000,-11.205066,-11.209051,0.002069,0.002985,0.429473,0.439875
24.910000,-11.205066,-11.209065,0.002069,0.002984,0.429415,0.439738
24.912000,-11.205067,-11.209077,0.002069,0.002984,0.429364,0.439609
24.914000,-11.205067,-11.209087,0.002069,0.002983,0.429322,0.439489
24.916000,-11.205067,-11.209095,0.002069,0.002983,0.429287,0.439373
24.918000,-11.205067,-11.209101,0.002069,0.002983,0.429261,0.439264
24.920000,-11.205067,-11.209105,0.002069,0.002983,0.429242,0.439162
24.922000,-11.205067,-11.209107,0.002069,0.002983,0.429232,0.439067
24.924000,-11.205067,-11.209108,0.002069,0.002983,0.429229,0.438980
24.926000,-11.205067,-11.209108,0.002069,0.002983,0.429235,0.438900
24.928000,-11.205067,-11.209106,0.002069,0.002983,0.429248,0.438829
24.930000,-11.205067,-11.209102,0.002069,0.002983,0.429270,0.438766
24.932000,-11.205067,-11.209098,0.002069,0.002983,0.429299,0.438711
24.934000,-11.205067,-11.209092,0.002069,0.002982,0.429337,0.438664
24.936000,-11.205067,-11.209086,0.002069,0.002982,0.429383,0.438626
24.938000,-11.205067,-11.209078,0.002069,0.002982,0.429436,0.438596
24.940000,-11.205067,-11.209071,0.002069,0.002982,0.429498,0.438575
24.942000,-11.205067,-11.209062,0.002069,0.002981,0.429567,0.438548
24.944000,-11.205067,-11.209052,0.002069,0.002981,0.429645,0.438529
24.946000,-11.205067,-11.209042,0.002069,0.002980,0.429730,0.438520
24.948000,-11.205067,-11.209032,0.002069,0.002979,0.429824,0.438519
24.950000,-11.205067,-11.209021,0.002069,0.002979,0.429925,0.438527
24.952000,-11.205067,-11.209009,0.002069,0.002978,0.430035,0.438545
24.954000,-11.205067,-11.208997,0.002069,0.002977,0.430152,0.438571
24.956000,-11.205067,-11.208984,0.002069,0.002977,0.430278,0.438606
24.958000,-11.205067,-11.208971,0.002069,0.002976,0.430412,0.438649
24.960000,-11.205067,-11.208958,0.002069,0.002976,0.430553,0.438700
24.962000,-11.205067,-11.208943,0.002069,0.002976,0.430703,0.438760
24.964000,-11.205067,-11.208929,0.002069,0.002975,0.430860,0.438828
24.966000,-11.205067,-11.208914,0.002069,0.002975,0.431026,0.438904
24.968000,-11.205067,-11.208899,0.002069,0.002975,0.431199,0.438988
24.970000,-11.205067,-11.208883,0.002069,0.002974,0.431381,0.439080
24.972000,-11.205067,-11.208867,0.002069,0.002974,0.431570,0.439180
24.974000,-11.205067,-11.208851,0.002069,0.002974,0.431768,0.439288
24.976000,-11.205067,-11.208834,0.002069,0.002974,0.431973,0.439403
24.978000,-11.205067,-11.208817,0.002069,0.002973,0.432187,0.439526
24.980000,-11.205067,-11.208801,0.002069,0.002973,0.432408,0.439656
24.982000,-11.205067,-11.208783,0.002069,0.002973,0.432638,0.439793
24.984000,-11.205067,-11.208766,0.002069,0.002973,0.432876,0.439937
24.986000,-11.205067,-11.208749,0.002069,0.002972,0.433121,0.440088
24.988000,-11.205067,-11.208731,0.002069,0.002972,0.433375,0.440246
24.990000,-11.205067,-11.208713,0.002069,0.002972,0.433636,0.440413
24.992000,-11.205067,-11.208695,0.002069,0.002973,0.433906,0.440586
24.994000,-11.205067,-11.208677,0.002069,0.002973,0.434183,0.440767
24.996000,-11.205067,-11.208658,0.002069,0.002973,0.434469,0.440954
24.998000,-11.205067,-11.208640,0.002069,0.002972,0.434762,0.441149
25.000000,-11.205067,-11.208621,0.002069,0.002972,0.435064,0.441351
25.002000,-11.205067,-11.208603,0.002069,0.002972,0.435373,0.441562
25.004000,-11.205067,-11.208584,0.002069,0.002972,0.435691,0.441779
25.006000,-11.205067,-11.208565,0.002069,0.002972,0.436014,0.442005
25.008000,-11.205067,-11.208546,0.002069,0.002971,0.436344,0.442239
25.010000,-11.205067,-11.208528,0.002069,0.002971,0.436677,0.442479
25.012000,-11.205067,-11.208509,0.002069,0.002971,0.437013,0.442727
25.014000,-11.205067,-11.208491,0.002069,0.002970,0.437352,0.442980
25.016000,-11.205067,-11.208472,0.002069,0.002970,0.437692,0.443239
25.018000,-11.205067,-11.208454,0.002069,0.002970,0.438034,0.443502
25.020000,-11.205067,-11.208435,0.002069,0.002969,0.438377,0.443768
25.022000,-11.205067,-11.208417,0.002069,0.002968,0.438721,0.444039
25.024000,-11.205067,-11.208399,0.002069,0.002968,0.439065,0.444312
25.026000,-11.205067,-11.208381,0.002069,0.002967,0.439410,0.444589
25.028000,-11.205067,-11.208363,0.002069,0.002967,0.439754,0.444868
25.030000,-11.205067,-11.208346,0.002069,0.002966,0.440099,0.445150
25.032000,-11.205067,-11.208328,0.002069,0.002965,0.440443,0.445435
25.034000,-11.205067,-11.208311,0.002069,0.002964,0.440787,0.445723
25.036000,-11.205067,-11.208294,0.002069,0.002963,0.441131,0.446012
25.038000,-11.205067,-11.208277,0.002069,0.002962,0.441475,0.446298
25.040000,-11.205067,-11.208261,0.002069,0.002961,0.441819,0.446586
25.042000,-11.205067,-11.208245,0.002069,0.002961,0.442162,0.446875
25.044000,-11.205067,-11.208229,0.002069,0.002960,0.442505,0.447167
25.046000,-11.205067,-11.208213,0.002069,0.002959,0.442847,0.447460
25.048000,-11.205067,-11.208198,0.002069,0.002958,0.443189,0.447756
25.050000,-11.205067,-11.208182,0.002069,0.002957,0.443531,0.448052
25.052000,-11.205067,-11.208167,0.002069,0.002957,0.443872,0.448350
25.054000,-11.205067,-11.208152,0.002069,0.002956,0.444212,0.448648
25.056000,-11.205067,-11.208137,0.002069,0.002955,0.444553,0.448947
25.058000,-11.205067,-11.208122,0.002069,0.002954,0.444892,0.449246
25.060000,-11.205067,-11.208107,0.002069,0.002953,0.445232,0.449545
25.062000,-11.205067,-11.208093,0.002069,0.002952,0.445571,0.449843
25.064000,-11.205067,-11.208079,0.002069,0.002951,0.445909,0.450141
25.066000,-11.205067,-11.208065,0.002069,0.002950,0.446247,0.450440
25.068000,-11.205067,-11.208051,0.002069,0.002949,0.446585,0.450740
25.070000,-11.205067,-11.208037,0.002069,0.002947,0.446922,0.451040
25.072000,-11.205067,-11.208024,0.002069,0.002946,0.447259,0.451341
25.074000,-11.205067,-11.208011,0.002069,0.002945,0.447595,0.451642
25.076000,-11.205067,-11.207998,0.002069,0.002944,0.447931,0.451944
25.078000,-11.205067,-11.207985,0.002069,0.002942,0.448266,0.452245
25.080000,-11.205067,-11.207973,0.002069,0.002941,0.448601,0.452547
25.082000,-11.205067,-11.207961,0.002069,0.002940,0.448935,0.452849
25.084000,-11.205067,-11.207949,0.002069,0.002938,0.449269,0.453150
25.086000,-11.205067,-11.207937,0.002069,0.002937,0.449603,0.453451
25.088000,-11.205067,-11.207926,0.002069,0.002935,0.449936,0.453751
25.090000,-11.205067,-11.207915,0.002069,0.002934,0.450269,0.454051
25.092000,-11.205067,-11.207904,0.002069,0.002932,0.450601,0.454350
25.094000,-11.205067,-11.207893,0.002069,0.002931,0.450933,0.454649
25.096000,-11.205067,-11.207883,0.002069,0.002930,0.451264,0.454947
25.098000,-11.205067,-11.207873,0.002069,0.002928,0.451595,0.455246
25.100000,-11.205067,-11.207863,0.002069,0.002927,0.451925,0.455544
25.102000,-11.205067,-11.207853,0.002069,0.002926,0.452255,0.455841
25.104000,-11.205067,-11.207843,0.002069,0.002924,0.452585,0.456138
25.106000,-11.205067,-11.207833,0.002069,0.002923,0.452914,0.456434
25.108000,-11.205067,-11.207824,0.002069,0.002922,0.453242,0.456730
25.110000,-11.205067,-11.207814,0.002069,0.002920,0.453570,0.457026
25.112000,-11.205067,-11.207805,0.002069,0.002919,0.453898,0.457322
25.114000,-11.205067,-11.207796,0.002069,0.002918,0.454225,0.457618
25.116000,-11.205067,-11.207787,0.002069,0.002917,0.454552,0.457911
25.118000,-11.205067,-11.207778,0.002069,0.002915,0.454879,0.458204
25.120000,-11.205067,-11.207770,0.002069,0.002914,0.455205,0.458497
25.122000,-11.205067,-11.207761,0.002069,0.002912,0.455530,0.458791
25.124000,-11.205067,-11.207753,0.002069,0.002911,0.455855,0.459085
25.126000,-11.205067,-11.207745,0.002069,0.002909,0.456180,0.459376
25.128000,-11.205067,-11.207738,0.002069,0.002908,0.456504,0.459667
25.130000,-11.205067,-11.207730,0.002069,0.002907,0.456828,0.459959
25.132000,-11.205067,-11.207723,0.002069,0.002906,0.457151,0.460251
25.134000,-11.205067,-11.207716,0.002069,0.002904,0.457474,0.460544
25.136000,-11.205067,-11.207709,0.002069,0.002903,0.457796,0.460837
25.138000,-11.205067,-11.207701,0.002069,0.002902,0.458118,0.461131
25.140000,-11.205067,-11.207694,0.002069,0.002901,0.458440,0.461424
25.142000,-11.205067,-11.207688,0.002069,0.002900,0.458761,0.461717
25.144000,-11.205067,-11.207681,0.002069,0.002899,0.459082,0.462011
25.146000,-11.205067,-11.207674,0.002069,0.002897,0.459402,0.462304
25.148000,-11.205067,-11.207667,0.002069,0.002896,0.459722,0.462598
25.150000,-11.205067,-11.207660,0.002069,0.002895,0.460041,0.462892
25.152000,-11.205067,-11.207653,0.002069,0.002894,0.460360,0.463186
25.154000,-11.205067,-11.207646,0.002069,0.002893,0.460679,0.463480
25.156000,-11.205067,-11.207640,0.002069,0.002892,0.460997,0.463774
25.158000,-11.205067,-11.207633,0.002069,0.002891,0.461315,0.464069
25.160000,-11.205067,-11.207626,0.002069,0.002890,0.461632,0.464360
25.162000,-11.205067,-11.207620,0.002069,0.002889,0.461949,0.464651
25.164000,-11.205067,-11.207613,0.002069,0.002888,0.462265,0.464942
25.166000,-11.205067,-11.207606,0.002069,0.002887,0.462581,0.465232
25.168000,-11.205067,-11.207600,0.002069,0.002887,0.462897,0.465523
25.170000,-11.205067,-11.207593,0.002069,0.002886,0.463212,0.465813
25.172000,-11.205067,-11.207587,0.002069,0.002885,0.463526,0.466103
25.174000,-11.205067,-11.207580,0.002069,0.002884,0.463841,0.466393
25.176000,-11.205067,-11.207574,0.002069,0.002883,0.464154,0.466683
25.178000,-11.205067,-11.207568,0.002069,0.002882,0.464468,0.466974
25.180000,-11.205067,-11.207561,0.002069,0.002881,0.464781,0.467263
25.182000,-11.205067,-11.207555,0.002069,0.002879,0.465093,0.467553
25.184000,-11.205067,-11.207550,0.002069,0.002878,0.465406,0.467842
25.186000,-11.205067,-11.207544,0.002069,0.002877,0.465717,0.468132
25.188000,-11.205067,-11.207538,0.002069,0.002876,0.466029,0.468422
25.190000,-11.205067,-11.207532,0.002069,0.002875,0.466339,0.468711
25.192000,-11.205067,-11.207527,0.002069,0.002874,0.466650,0.469000
25.194000,-11.205067,-11.207521,0.002069,0.002873,0.466960,0.469289
25.196000,-11.205067,-11.207516,0.002069,0.002872,0.467270,0.469578
25.198000,-11.205067,-11.207510,0.002069,0.002871,0.467579,0.469867
25.200000,-11.205067,-11.207505,0.002069,0.002870,0.467887,0.470155
25.202000,-11.205067,-11.207499,0.002069,0.002869,0.468196,0.470443
25.204000,-11.205067,-11.207494,0.002069,0.002867,0.468504,0.470731
25.206000,-11.205067,-11.207488,0.002069,0.002866,0.468811,0.471018
25.208000,-11.205067,-11.207483,0.002069,0.002865,0.469118,0.471306
25.210000,-11.205067,-11.207478,0.002069,0.002864,0.469425,0.471594
25.212000,-11.205067,-11.207473,0.002069,0.002863,0.469731,0.471881
25.214000,-11.205067,-11.207468,0.002069,0.002862,0.470037,0.472169
25.216000,-11.205067,-11.207463,0.002069,0.002861,0.470343,0.472453
25.218000,-11.205067,-11.207458,0.002069,0.002859,0.470648,0.472736
25.220000,-11.205067,-11.207453,0.002069,0.002858,0.470952,0.473020
25.222000,-11.205067,-11.207449,0.002069,0.002857,0.471257,0.473304
25.224000,-11.205067,-11.207445,0.002069,0.002855,0.471560,0.473589
25.226000,-11.205067,-11.207441,0.002069,0.002854,0.471864,0.473873
25.228000,-11.205067,-11.207437,0.002069,0.002853,0.472167,0.474157
25.230000,-11.205067,-11.207433,0.002069,0.002851,0.472469,0.474442
25.232000,-11.205067,-11.207430,0.002069,0.002850,0.472772,0.474726
25.234000,-11.205067,-11.207427,0.002069,0.002849,0.473073,0.475010
25.236000,-11.205067,-11.207424,0.002069,0.002848,0.473375,0.475293
25.238000,-11.205067,-11.207421,0.002069,0.002847,0.473676,0.475575
25.240000,-11.205067,-11.207418,0.002069,0.002846,0.473976,0.475857
25.242000,-11.205067,-11.207415,0.002069,0.002845,0.474276,0.476139
25.244000,-11.205067,-11.207412,0.002069,0.002844,0.474576,0.476421
25.246000,-11.205067,-11.207409,0.002069,0.002842,0.474875,0.476702
25.248000,-11.205067,-11.207406,0.002069,0.002841,0.475174,0.476983
25.250000,-11.205067,-11.207403,0.002069,0.002840,0.475473,0.477265
25.252000,-11.205067,-11.207400,0.002069,0.002839,0.475771,0.477546
25.254000,-11.205067,-11.207397,0.002069,0.002837,0.476069,0.477827
25.256000,-11.205067,-11.207394,0.002069,0.002836,0.476366,0.478108
25.258000,-11.205067,-11.207391,0.002069,0.002835,0.476663,0.478390
25.260000,-11.205067,-11.207388,0.002069,0.002834,0.476959,0.478671
25.262000,-11.205067,-11.207384,0.002069,0.002833,0.477255,0.478953
25.264000,-11.205067,-11.207381,0.002069,0.002832,0.477551,0.479235
25.266000,-11.205067,-11.207377,0.002069,0.002831,0.477846,0.479516
25.268000,-11.205067,-11.207374,0.002069,0.002830,0.478141,0.479798
25.270000,-11.205067,-11.207370,0.002069,0.002829,0.478436,0.480080
25.272000,-11.205067,-11.207367,0.002069,0.002828,0.478730,0.480362
25.274000,-11.205067,-11.207363,0.002069,0.002827,0.479024,0.480644
25.276000,-11.205067,-11.207359,0.002069,0.002826,0.479317,0.480926
25.278000,-11.205067,-11.207355,0.002069,0.002825,0.479610,0.481208
25.280000,-11.205067,-11.207351,0.002069,0.002824,0.479902,0.481490
25.282000,-11.205067,-11.207347,0.002069,0.002823,0.480195,0.481772
25.284000,-11.205067,-11.207343,0.002069,0.002822,0.480486,0.482053
25.286000,-11.205067,-11.207339,0.002069,0.002821,0.480778,0.482334
25.288000,-11.205067,-11.207335,0.002069,0.002820,0.481069,0.482615
25.290000,-11.205067,-11.207330,0.002069,0.002819,0.481359,0.482895
25.292000,-11.205067,-11.207326,0.002069,0.002818,0.481649,0.483176
25.294000,-11.205067,-11.207322,0.002069,0.002817,0.481939,0.483457
25.296000,-11.205067,-11.207317,0.002069,0.002816,0.482228,0.483737
25.298000,-11.205067,-11.207313,0.002069,0.002815,0.482517,0.484017
25.300000,-11.205067,-11.207308,0.002069,0.002814,0.482806,0.484296
25.302000,-11.205067,-11.207303,0.002069,0.002813,0.483094,0.484576
25.304000,-11.205067,-11.207299,0.002069,0.002812,0.483382,0.484856
25.306000,-11.205067,-11.207294,0.002069,0.002811,0.483669,0.485135
25.308000,-11.205067,-11.207289,0.002069,0.002810,0.483956,0.485415
25.310000,-11.205067,-11.207284,0.002069,0.002809,0.484243,0.485694
25.312000,-11.205067,-11.207279,0.002069,0.002808,0.484529,0.485973
25.314000,-11.205067,-11.207274,0.002069,0.002807,0.484815,0.486246
25.316000,-11.205067,-11.207269,0.002069,0.002807,0.485101,0.486519
25.318000,-11.205067,-11.207264,0.002069,0.002806,0.485386,0.486792
25.320000,-11.205067,-11.207259,0.002069,0.002806,0.485670,0.487065
25.322000,-11.205067,-11.207254,0.002069,0.002805,0.485955,0.487339
25.324000,-11.205067,-11.207249,0.002069,0.002805,0.486239,0.487612
25.326000,-11.205067,-11.207244,0.002069,0.002805,0.486522,0.487885
25.328000,-11.205067,-11.207247,0.002069,0.002804,0.486805,0.488162
25.330000,-11.205067,-11.207242,0.002069,0.002803,0.487088,0.488435
25.332000,-11.205067,-11.207238,0.002069,0.002802,0.487370,0.488706
25.334000,-11.205067,-11.207233,0.002069,0.002801,0.487652,0.488978
25.336000,-11.205067,-11.207228,0.002069,0.002800,0.487934,0.489249
25.338000,-11.205067,-11.207224,0.002069,0.002800,0.488215,0.489520
25.340000,-11.205067,-11.207220,0.002069,0.002799,0.488495,0.489792
25.342000,-11.205067,-11.207216,0.002069,0.002798,0.488775,0.490064
25.344000,-11.205067,-11.207212,0.002069,0.002798,0.489055,0.490336
25.346000,-11.205067,-11.207209,0.002069,0.002797,0.489334,0.490607
25.348000,-11.205067,-11.207206,0.002069,0.002796,0.489612,0.490879
25.350000,-11.205067,-11.207203,0.002069,0.002796,0.489889,0.491151
25.352000,-11.205067,-11.207200,0.002069,0.002795,0.490166,0.491422
25.354000,-11.205067,-11.207197,0.002069,0.002795,0.490442,0.491693
25.356000,-11.205067,-11.207195,0.002069,0.002794,0.490717,0.491964
25.358000,-11.205067,-11.207193,0.002069,0.002794,0.490992,0.492235
25.360000,-11.205067,-11.207191,0.002069,0.002793,0.491266,0.492502
25.362000,-11.205067,-11.207190,0.002069,0.002792,0.491539,0.492769
25.364000,-11.205067,-11.207189,0.002069,0.002792,0.491812,0.493036
25.366000,-11.205067,-11.207187,0.002069,0.002791,0.492083,0.493302
25.368000,-11.205067,-11.207186,0.002069,0.002790,0.492354,0.493569
25.370000,-11.205067,-11.207186,0.002069,0.002789,0.492625,0.493835
25.372000,-11.205067,-11.207185,0.002069,0.002789,0.492894,0.494101
25.374000,-11.205067,-11.207185,0.002069,0.002788,0.493163,0.494367
25.376000,-11.205067,-11.207184,0.002069,0.002787,0.493432,0.494633
25.378000,-11.205067,-11.207184,0.002069,0.002787,0.493699,0.494897
25.380000,-11.205067,-11.207183,0.002069,0.002786,0.493966,0.495160
25.382000,-11.205067,-11.207183,0.002069,0.002786,0.494232,0.495424
25.384000,-11.205067,-11.207183,0.002069,0.002785,0.494497,0.495687
25.386000,-11.205067,-11.207183,0.002069,0.002785,0.494762,0.495949
25.388000,-11.205067,-11.207182,0.002069,0.002784,0.495026,0.496211
25.390000,-11.205067,-11.207182,0.002069,0.002783,0.495289,0.496473
25.392000,-11.205067,-11.207182,0.002069,0.002783,0.495551,0.496734
25.394000,-11.205067,-11.207182,0.002069,0.002782,0.495813,0.496995
25.396000,-11.205067,-11.207181,0.002069,0.002782,0.496074,0.497255
25.398000,-11.205067,-11.207181,0.002069,0.002781,0.496335,0.497515
25.400000,-11.205067,-11.207180,0.002069,0.002781,0.496595,0.497774
25.402000,-11.205067,-11.207180,0.002069,0.002780,0.496854,0.498033
25.404000,-11.205067,-11.207179,0.002069,0.002780,0.497112,0.498291
25.406000,-11.205067,-11.207178,0.002069,0.002779,0.497370,0.498549
25.408000,-11.205067,-11.207177,0.002069,0.002779,0.497627,0.498806
25.410000,-11.205067,-11.207177,0.002069,0.002778,0.497883,0.499062
25.412000,-11.205067,-11.207176,0.002069,0.002777,0.498138,0.499318
25.414000,-11.205067,-11.207175,0.002069,0.002777,0.498393,0.499572
25.416000,-11.205067,-11.207174,0.002069,0.002776,0.498648,0.499826
25.418000,-11.205067,-11.207172,0.002069,0.002776,0.498901,0.500080
25.420000,-11.205067,-11.207171,0.002069,0.002775,0.499154,0.500332
25.422000,-11.205067,-11.207170,0.002069,0.002775,0.499406,0.500585
25.424000,-11.205067,-11.207168,0.002069,0.002774,0.499658,0.500836
25.426000,-11.205067,-11.207167,0.002069,0.002773,0.499909,0.501085
25.428000,-11.205067,-11.207165,0.002069,0.002773,0.500159,0.501332
25.430000,-11.205067,-11.207163,0.002069,0.002772,0.500408,0.501580
25.432000,-11.205067,-11.207162,0.002069,0.002771,0.500657,0.501827
25.434000,-11.205067,-11.207160,0.002069,0.002771,0.500906,0.502074
25.436000,-11.205067,-11.207158,0.002069,0.002770,0.501153,0.502321
25.438000,-11.205067,-11.207156,0.002069,0.002769,0.501400,0.502568
25.440000,-11.205067,-11.207153,0.002069,0.002768,0.501646,0.502814
25.442000,-11.205067,-11.207151,0.002069,0.002767,0.501892,0.503060
25.444000,-11.205067,-11.207149,0.002069,0.002767,0.502137,0.503305
25.446000,-11.205067,-11.207147,0.002069,0.002766,0.502381,0.503550
25.448000,-11.205067,-11.207145,0.002069,0.002765,0.502624,0.503795
25.450000,-11.205067,-11.207143,0.002069,0.002764,0.502867,0.504039
25.452000,-11.205067,-11.207141,0.002069,0.002764,0.503110,0.504283
25.454000,-11.205067,-11.207139,0.002069,0.002763,0.503351,0.504527
25.456000,-11.205067,-11.207137,0.002069,0.002762,0.503592,0.504770
25.458000,-11.205067,-11.207135,0.002069,0.002761,0.503833,0.505012
25.460000,-11.205067,-11.207134,0.002069,0.002761,0.504073,0.505255
25.462000,-11.205067,-11.207132,0.002069,0.002760,0.504312,0.505496
25.464000,-11.205067,-11.207130,0.002069,0.002759,0.504550,0.505737
25.466000,-11.205067,-11.207128,0.002069,0.002759,0.504788,0.505977
25.468000,-11.205067,-11.207127,0.002069,0.002758,0.505025,0.506217
25.470000,-11.205067,-11.207125,0.002069,0.002757,0.505262,0.506456
25.472000,-11.205067,-11.207124,0.002069,0.002756,0.505498,0.506695
25.474000,-11.205067,-11.207122,0.002069,0.002756,0.505733,0.506934
25.476000,-11.205067,-11.207120,0.002069,0.002755,0.505968,0.507172
25.478000,-11.205067,-11.207119,0.002069,0.002754,0.506202,0.507409
25.480000,-11.205067,-11.207117,0.002069,0.002753,0.506435,0.507646
25.482000,-11.205067,-11.207116,0.002069,0.002753,0.506668,0.507882
25.484000,-11.205067,-11.207114,0.002069,0.002752,0.506900,0.508118
25.486000,-11.205067,-11.207113,0.002069,0.002751,0.507131,0.508353
25.488000,-11.205067,-11.207112,0.002069,0.002750,0.507362,0.508588
25.490000,-11.205067,-11.207110,0.002069,0.002750,0.507593,0.508822
25.492000,-11.205067,-11.207109,0.002069,0.002749,0.507822,0.509055
25.494000,-11.205067,-11.207107,0.002069,0.002748,0.508052,0.509288
25.496000,-11.205067,-11.207106,0.002069,0.002748,0.508280,0.509520
25.498000,-11.205067,-11.207104,0.002069,0.002747,0.508508,0.509752
25.500000,-11.205067,-11.207103,0.002069,0.002746,0.508735,0.509983
25.502000,-11.205067,-11.207102,0.002069,0.002746,0.508962,0.510214
25.504000,-11.205067,-11.207100,0.002069,0.002745,0.509188,0.510444
25.506000,-11.205067,-11.207099,0.002069,0.002745,0.509413,0.510673
25.508000,-11.205067,-11.207097,0.002069,0.002744,0.509638,0.510902
25.510000,-11.205067,-11.207096,0.002069,0.002743,0.509862,0.511130
25.512000,-11.205067,-11.207095,0.002069,0.002743,0.510086,0.511358
25.514000,-11.205067,-11.207093,0.002069,0.002742,0.510309,0.511585
25.516000,-11.205067,-11.207092,0.002069,0.002742,0.510532,0.511812
25.518000,-11.205067,-11.207090,0.002069,0.002741,0.510753,0.512038
25.520000,-11.205067,-11.207089,0.002069,0.002741,0.510975,0.512264
25.522000,-11.205067,-11.207087,0.002069,0.002741,0.511195,0.512489
25.524000,-11.205067,-11.207086,0.002069,0.002740,0.511415,0.512714
25.526000,-11.205067,-11.207084,0.002069,0.002740,0.511635,0.512938
25.528000,-11.205067,-11.207083,0.002069,0.002739,0.511854,0.513162
25.530000,-11.205067,-11.207082,0.002069,0.002739,0.512072,0.513385
25.532000,-11.205067,-11.207080,0.002069,0.002738,0.512290,0.513607
25.534000,-11.205067,-11.207079,0.002069,0.002738,0.512507,0.513829
25.536000,-11.205067,-11.207077,0.002069,0.002738,0.512724,0.514051
25.538000,-11.205067,-11.207076,0.002069,0.002737,0.512940,0.514272
25.540000,-11.205067,-11.207074,0.002069,0.002737,0.513155,0.514492
25.542000,-11.205067,-11.207073,0.002069,0.002737,0.513370,0.514712
25.544000,-11.205067,-11.207072,0.002069,0.002737,0.513584,0.514931
25.546000,-11.205067,-11.207070,0.002069,0.002737,0.513798,0.515150
25.548000,-11.205067,-11.207069,0.002069,0.002736,0.514011,0.515368
25.550000,-11.205067,-11.207067,0.002069,0.002736,0.514224,0.515585
25.552000,-11.205067,-11.207066,0.002069,0.002736,0.514436,0.515802
25.554000,-11.205067,-11.207065,0.002069,0.002736,0.514647,0.516019
25.556000,-11.205067,-11.207063,0.002069,0.002736,0.514858,0.516235
25.558000,-11.205067,-11.207062,0.002069,0.002736,0.515068,0.516451
25.560000,-11.205067,-11.207061,0.002069,0.002736,0.515278,0.516666
25.562000,-11.205067,-11.207059,0.002069,0.002736,0.515487,0.516880
25.564000,-11.205067,-11.207058,0.002069,0.002736,0.515696,0.517094
25.566000,-11.205067,-11.207057,0.002069,0.002736,0.515904,0.517308
25.568000,-11.205067,-11.207056,0.002069,0.002736,0.516112,0.517520
25.570000,-11.205067,-11.207055,0.002069,0.002736,0.516319,0.517732
25.572000,-11.205067,-11.207054,0.002069,0.002736,0.516525,0.517944
25.574000,-11.205067,-11.207053,0.002069,0.002736,0.516731,0.518154
25.576000,-11.205067,-11.207052,0.002069,0.002736,0.516936,0.518364
25.578000,-11.205067,-11.207051,0.002069,0.002736,0.517141,0.518574
25.580000,-11.205067,-11.207050,0.002069,0.002736,0.517345,0.518782
25.582000,-11.205067,-11.207049,0.002069,0.002736,0.517549,0.518991
25.584000,-11.205067,-11.207048,0.002069,0.002737,0.517752,0.519198
25.586000,-11.205067,-11.207048,0.002069,0.002737,0.517955,0.519405
25.588000,-11.205067,-11.207047,0.002069,0.002737,0.518157,0.519612
25.590000,-11.205067,-11.207046,0.002069,0.002737,0.518358,0.519818
25.592000,-11.205067,-11.207046,0.002069,0.002737,0.518559,0.520023
25.594000,-11.205067,-11.207045,0.002069,0.002737,0.518760,0.520227
25.596000,-11.205067,-11.207045,0.002069,0.002738,0.518960,0.520431
25.598000,-11.205067,-11.207045,0.002069,0.002738,0.519159,0.520635
25.600000,-11.205067,-11.207044,0.002069,0.002738,0.519358,0.520838
25.602000,-11.205067,-11.207044,0.002069,0.002738,0.519556,0.521040
25.604000,-11.205067,-11.207044,0.002069,0.002738,0.519754,0.521242
25.606000,-11.205067,-11.207044,0.002069,0.002738,0.519951,0.521443
25.608000,-11.205067,-11.207044,0.002069,0.002738,0.520148,0.521644
25.610000,-11.205067,-11.207044,0.002069,0.002738,0.520344,0.521845
25.612000,-11.205067,-11.207044,0.002069,0.002738,0.520540,0.522045
25.614000,-11.205067,-11.207045,0.002069,0.002738,0.520735,0.522245
25.616000,-11.205067,-11.207045,0.002069,0.002738,0.520930,0.522444
25.618000,-11.205067,-11.207045,0.002069,0.002738,0.521124,0.522643
25.620000,-11.205067,-11.207045,0.002069,0.002738,0.521317,0.522842
25.622000,-11.205067,-11.207046,0.002069,0.002738,0.521510,0.523040
25.624000,-11.205067,-11.207046,0.002069,0.002738,0.521703,0.523238
25.626000,-11.205067,-11.207046,0.002069,0.002738,0.521895,0.523435
25.628000,-11.205067,-11.207047,0.002069,0.002738,0.522087,0.523632
25.630000,-11.205067,-11.207047,0.002069,0.002738,0.522278,0.523828
25.632000,-11.205067,-11.207047,0.002069,0.002738,0.522468,0.524024
25.634000,-11.205067,-11.207048,0.002069,0.002738,0.522658,0.524219
25.636000,-11.205067,-11.207048,0.002069,0.002738,0.522848,0.524415
25.638000,-11.205067,-11.207048,0.002069,0.002738,0.523037,0.524609
25.640000,-11.205067,-11.207049,0.002069,0.002738,0.523225,0.524801
25.642000,-11.205067,-11.207049,0.002069,0.002738,0.523413,0.524992
25.644000,-11.205067,-11.207049,0.002069,0.002738,0.523601,0.525183
25.646000,-11.205067,-11.207049,0.002069,0.002738,0.523788,0.525374
25.648000,-11.205067,-11.207050,0.002069,0.002738,0.523974,0.525564
25.650000,-11.205067,-11.207050,0.002069,0.002739,0.524160,0.525754
25.652000,-11.205067,-11.207050,0.002069,0.002739,0.524346,0.525944
25.654000,-11.205067,-11.207051,0.002069,0.002739,0.524531,0.526133
25.656000,-11.205067,-11.207051,0.002069,0.002739,0.524715,0.526323
25.658000,-11.205067,-11.207051,0.002069,0.002739,0.524899,0.526512
25.660000,-11.205067,-11.207051,0.002069,0.002739,0.525083,0.526700
25.662000,-11.205067,-11.207051,0.002069,0.002739,0.525266,0.526888
25.664000,-11.205067,-11.207051,0.002069,0.002739,0.525448,0.527076
25.666000,-11.205067,-11.207051,0.002069,0.002739,0.525630,0.527264
25.668000,-11.205067,-11.207050,0.002069,0.002739,0.525812,0.527451
25.670000,-11.205067,-11.207050,0.002069,0.002739,0.525993,0.527638
25.672000,-11.205067,-11.207050,0.002069,0.002739,0.526174,0.527824
25.674000,-11.205067,-11.207049,0.002069,0.002739,0.526354,0.528010
25.676000,-11.205067,-11.207049,0.002069,0.002739,0.526534,0.528195
25.678000,-11.205067,-11.207048,0.002069,0.002739,0.526713,0.528381
25.680000,-11.205067,-11.207048,0.002069,0.002739,0.526891,0.528565
25.682000,-11.205067,-11.207047,0.002069,0.002738,0.527070,0.528749
25.684000,-11.205067,-11.207046,0.002069,0.002738,0.527247,0.528933
25.686000,-11.205067,-11.207045,0.002069,0.002738,0.527425,0.529117
25.688000,-11.205067,-11.207045,0.002069,0.002738,0.527601,0.529299
25.690000,-11.205067,-11.207044,0.002069,0.002738,0.527778,0.529482
25.692000,-11.205067,-11.207043,0.002069,0.002738,0.527954,0.529664
25.694000,-11.205067,-11.207042,0.002069,0.002738,0.528129,0.529846
25.696000,-11.205067,-11.207041,0.002069,0.002738,0.528304,0.530027
25.698000,-11.205067,-11.207040,0.002069,0.002737,0.528478,0.530208
25.700000,-11.205067,-11.207039,0.002069,0.002737,0.528652,0.530388
25.702000,-11.205067,-11.207038,0.002069,0.002737,0.528826,0.530568
25.704000,-11.205067,-11.207037,0.002069,0.002737,0.528999,0.530747
25.706000,-11.205067,-11.207036,0.002069,0.002737,0.529172,0.530926
25.708000,-11.205067,-11.207035,0.002069,0.002737,0.529344,0.531105
25.710000,-11.205067,-11.207034,0.002069,0.002736,0.529515,0.531283
25.712000,-11.205067,-11.207032,0.002069,0.002736,0.529687,0.531461
25.714000,-11.205067,-11.207031,0.002069,0.002736,0.529857,0.531638
25.716000,-11.205067,-11.207030,0.002069,0.002736,0.530028,0.531815
25.718000,-11.205067,-11.207029,0.002069,0.002736,0.530198,0.531992
25.720000,-11.205067,-11.207028,0.002069,0.002735,0.530367,0.532168
25.722000,-11.205067,-11.207026,0.002069,0.002735,0.530536,0.532343
25.724000,-11.205067,-11.207025,0.002069,0.002735,0.530704,0.532518
25.726000,-11.205067,-11.207024,0.002069,0.002735,0.530872,0.532693
25.728000,-11.205067,-11.207023,0.002069,0.002735,0.531040,0.532868
25.730000,-11.205067,-11.207021,0.002069,0.002734,0.531207,0.533042
25.732000,-11.205067,-11.207020,0.002069,0.002734,0.531374,0.533215
25.734000,-11.205067,-11.207019,0.002069,0.002734,0.531540,0.533388
25.736000,-11.205067,-11.207017,0.002069,0.002734,0.531706,0.533561
25.738000,-11.205067,-11.207016,0.002069,0.002733,0.531871,0.533734
25.740000,-11.205067,-11.207014,0.002069,0.002733,0.532036,0.533905
25.742000,-11.205067,-11.207013,0.002069,0.002733,0.532201,0.534077
25.744000,-11.205067,-11.207012,0.002069,0.002733,0.532365,0.534248
25.746000,-11.205067,-11.207010,0.002069,0.002732,0.532528,0.534419
25.748000,-11.205067,-11.207009,0.002069,0.002732,0.532692,0.534589
25.750000,-11.205067,-11.207007,0.002069,0.002732,0.532854,0.534759
25.752000,-11.205067,-11.207006,0.002069,0.002731,0.533017,0.534929
25.754000,-11.205067,-11.207004,0.002069,0.002731,0.533179,0.535098
25.756000,-11.205067,-11.207003,0.002069,0.002731,0.533340,0.535266
25.758000,-11.205067,-11.207001,0.002069,0.002730,0.533501,0.535435
25.760000,-11.205067,-11.206999,0.002069,0.002730,0.533662,0.535603
25.762000,-11.205067,-11.206998,0.002069,0.002730,0.533822,0.535770
25.764000,-11.205067,-11.206996,0.002069,0.002729,0.533982,0.535937
25.766000,-11.205067,-11.206994,0.002069,0.002729,0.534141,0.536104
25.768000,-11.205067,-11.206993,0.002069,0.002729,0.534300,0.536270
25.770000,-11.205067,-11.206991,0.002069,0.002728,0.534458,0.536436
25.772000,-11.205067,-11.206989,0.002069,0.002728,0.534616,0.536601
25.774000,-11.205067,-11.206988,0.002069,0.002728,0.534774,0.536766
25.776000,-11.205067,-11.206986,0.002069,0.002727,0.534931,0.536931
25.778000,-11.205067,-11.206984,0.002069,0.002727,0.535088,0.537095
25.780000,-11.205067,-11.206982,0.002069,0.002726,0.535244,0.537259
25.782000,-11.205067,-11.206980,0.002069,0.002726,0.535400,0.537422
25.784000,-11.205067,-11.206979,0.002069,0.002726,0.535556,0.537585
25.786000,-11.205067,-11.206977,0.002069,0.002725,0.535711,0.537747
25.788000,-11.205067,-11.206975,0.002069,0.002725,0.535865,0.537908
25.790000,-11.205067,-11.206973,0.002069,0.002724,0.536020,0.538068
25.792000,-11.205067,-11.206971,0.002069,0.002723,0.536174,0.538229
25.794000,-11.205067,-11.206969,0.002069,0.002723,0.536327,0.538389
25.796000,-11.205067,-11.206967,0.002069,0.002722,0.536480,0.538548
25.798000,-11.205067,-11.206965,0.002069,0.002721,0.536633,0.538708
25.800000,-11.205067,-11.206963,0.002069,0.002721,0.536785,0.538867
25.802000,-11.205067,-11.206961,0.002069,0.002720,0.536937,0.539026
25.804000,-11.205067,-11.206960,0.002069,0.002719,0.537088,0.539184
25.806000,-11.205067,-11.206958,0.002069,0.002719,0.537239,0.539343
25.808000,-11.205067,-11.206956,0.002069,0.002718,0.537390,0.539500
25.810000,-11.205067,-11.206954,0.002069,0.002717,0.537540,0.539658
25.812000,-11.205067,-11.206953,0.002069,0.002717,0.537690,0.539815
25.814000,-11.205067,-11.206951,0.002069,0.002716,0.537839,0.539972
25.816000,-11.205067,-11.206950,0.002069,0.002715,0.537988,0.540128
25.818000,-11.205067,-11.206948,0.002069,0.002714,0.538137,0.540284
25.820000,-11.205067,-11.206947,0.002069,0.002714,0.538285,0.540440
25.822000,-11.205067,-11.206946,0.002069,0.002713,0.538433,0.540595
25.824000,-11.205067,-11.206944,0.002069,0.002712,0.538580,0.540749
25.826000,-11.205067,-11.206943,0.002069,0.002712,0.538727,0.540904
25.828000,-11.205067,-11.206942,0.002069,0.002711,0.538874,0.541057
25.830000,-11.205067,-11.206941,0.002069,0.002710,0.539020,0.541211
25.832000,-11.205067,-11.206940,0.002069,0.002710,0.539166,0.541364
25.834000,-11.205067,-11.206939,0.002069,0.002709,0.539312,0.541516
25.836000,-11.205067,-11.206938,0.002069,0.002709,0.539457,0.541668
25.838000,-11.205067,-11.206937,0.002069,0.002708,0.539601,0.541820
25.840000,-11.205067,-11.206937,0.002069,0.002707,0.539746,0.541972
25.842000,-11.205067,-11.206936,0.002069,0.002707,0.539890,0.542122
25.844000,-11.205067,-11.206935,0.002069,0.002706,0.540033,0.542273
25.846000,-11.205067,-11.206934,0.002069,0.002705,0.540176,0.542423
25.848000,-11.205067,-11.206934,0.002069,0.002705,0.540319,0.542573
25.850000,-11.205067,-11.206933,0.002069,0.002704,0.540462,0.542722
25.852000,-11.205067,-11.206932,0.002069,0.002704,0.540604,0.542871
25.854000,-11.205067,-11.206931,0.002069,0.002703,0.540745,0.543020
25.856000,-11.205067,-11.206931,0.002069,0.002703,0.540887,0.543168
25.858000,-11.205067,-11.206930,0.002069,0.002702,0.541027,0.543316
25.860000,-11.205067,-11.206929,0.002069,0.002701,0.541168,0.543464
25.862000,-11.205067,-11.206928,0.002069,0.002701,0.541308,0.543611
25.864000,-11.205067,-11.206927,0.002069,0.002700,0.541448,0.543757
25.866000,-11.205067,-11.206927,0.002069,0.002700,0.541587,0.543904
25.868000,-11.205067,-11.206926,0.002069,0.002699,0.541726,0.544050
25.870000,-11.205067,-11.206925,0.002069,0.002699,0.541865,0.544195
25.872000,-11.205067,-11.206924,0.002069,0.002698,0.542003,0.544340
25.874000,-11.205067,-11.206923,0.002069,0.002698,0.542141,0.544485
25.876000,-11.205067,-11.206922,0.002069,0.002697,0.542279,0.544630
25.878000,-11.205067,-11.206921,0.002069,0.002697,0.542416,0.544774
25.880000,-11.205067,-11.206920,0.002069,0.002696,0.542553,0.544918
25.882000,-11.205067,-11.206919,0.002069,0.002696,0.542689,0.545061
25.884000,-11.205067,-11.206918,0.002069,0.002695,0.542825,0.545204
25.886000,-11.205067,-11.206917,0.002069,0.002695,0.542961,0.545347
25.888000,-11.205067,-11.206916,0.002069,0.002694,0.543096,0.545489
25.890000,-11.205067,-11.206915,0.002069,0.002694,0.543231,0.545631
25.892000,-11.205067,-11.206914,0.002069,0.002693,0.543366,0.545772
25.894000,-11.205067,-11.206913,0.002069,0.002693,0.543500,0.545914
25.896000,-11.205067,-11.206912,0.002069,0.002693,0.543634,0.546054
25.898000,-11.205067,-11.206911,0.002069,0.002692,0.543768,0.546195
25.900000,-11.205067,-11.206909,0.002069,0.002692,0.543901,0.546335
25.902000,-11.205067,-11.206908,0.002069,0.002691,0.544034,0.546475
25.904000,-11.205067,-11.206907,0.002069,0.002691,0.544166,0.546614
25.906000,-11.205067,-11.206906,0.002069,0.002690,0.544298,0.546753
25.908000,-11.205067,-11.206905,0.002069,0.002690,0.544430,0.546892
25.910000,-11.205067,-11.206904,0.002069,0.002690,0.544561,0.547030
25.912000,-11.205067,-11.206902,0.002069,0.002689,0.544692,0.547168
25.914000,-11.205067,-11.206901,0.002069,0.002689,0.544823,0.547306
25.916000,-11.205067,-11.206900,0.002069,0.002689,0.544954,0.547443
25.918000,-11.205067,-11.206899,0.002069,0.002688,0.545084,0.547580
25.920000,-11.205067,-11.206898,0.002069,0.002688,0.545213,0.547717
25.922000,-11.205067,-11.206896,0.002069,0.002688,0.545343,0.547853
25.924000,-11.205067,-11.206895,0.002069,0.002687,0.545472,0.547989
25.926000,-11.205067,-11.206894,0.002069,0.002687,0.545600,0.548125
25.928000,-11.205067,-11.206893,0.002069,0.002687,0.545729,0.548260
25.930000,-11.205067,-11.206891,0.002069,0.002686,0.545857,0.548395
25.932000,-11.205067,-11.206890,0.002069,0.002686,0.545984,0.548529
25.934000,-11.205067,-11.206889,0.002069,0.002686,0.546112,0.548663
25.936000,-11.205067,-11.206888,0.002069,0.002685,0.546238,0.548797
25.938000,-11.205067,-11.206886,0.002069,0.002685,0.546365,0.548931
25.940000,-11.205067,-11.206885,0.002069,0.002685,0.546491,0.549064
25.942000,-11.205067,-11.206884,0.002069,0.002685,0.546617,0.549197
25.944000,-11.205067,-11.206883,0.002069,0.002684,0.546743,0.549329
25.946000,-11.205067,-11.206881,0.002069,0.002684,0.546868,0.549462
25.948000,-11.205067,-11.206880,0.002069,0.002684,0.546993,0.549593
25.950000,-11.205067,-11.206879,0.002069,0.002684,0.547118,0.549725
25.952000,-11.205067,-11.206878,0.002069,0.002683,0.547242,0.549856
25.954000,-11.205067,-11.206876,0.002069,0.002683,0.547366,0.549987
25.956000,-11.205067,-11.206875,0.002069,0.002683,0.547489,0.550117
25.958000,-11.205067,-11.206874,0.002069,0.002683,0.547613,0.550248
25.960000,-11.205067,-11.206873,0.002069,0.002683,0.547736,0.550377
25.962000,-11.205067,-11.206871,0.002069,0.002682,0.547858,0.550507
25.964000,-11.205067,-11.206870,0.002069,0.002682,0.547981,0.550636
25.966000,-11.205067,-11.206869,0.002069,0.002682,0.548103,0.550765
25.968000,-11.205067,-11.206868,0.002069,0.002682,0.548224,0.550894
25.970000,-11.205067,-11.206867,0.002069,0.002682,0.548346,0.551022
25.972000,-11.205067,-11.206865,0.002069,0.002682,0.548467,0.551150
25.974000,-11.205067,-11.206864,0.002069,0.002682,0.548587,0.551278
25.976000,-11.205067,-11.206863,0.002069,0.002681,0.548708,0.551405
25.978000,-11.205067,-11.206862,0.002069,0.002681,0.548828,0.551532
25.980000,-11.205067,-11.206861,0.002069,0.002681,0.548947,0.551658
25.982000,-11.205067,-11.206859,0.002069,0.002681,0.549067,0.551785
25.984000,-11.205067,-11.206858,0.002069,0.002681,0.549186,0.551911
25.986000,-11.205067,-11.206857,0.002069,0.002681,0.549304,0.552036
25.988000,-11.205067,-11.206856,0.002069,0.002681,0.549423,0.552162
25.990000,-11.205067,-11.206855,0.002069,0.002681,0.549541,0.552287
25.992000,-11.205067,-11.206854,0.002069,0.002681,0.549659,0.552412
25.994000,-11.205067,-11.206853,0.002069,0.002681,0.549776,0.552536
25.996000,-11.205067,-11.206851,0.002069,0.002681,0.549893,0.552660
25.998000,-11.205067,-11.206850,0.002069,0.002681,0.550010,0.552784
26.000000,-11.205067,-11.206849,0.002069,0.002681,0.550127,0.552907
26.002000,-11.205067,-11.206848,0.002069,0.002681,0.550243,0.553030
26.004000,-11.205067,-11.206847,0.002069,0.002681,0.550359,0.553153
26.006000,-11.205067,-11.206846,0.002069,0.002681,0.550475,0.553276
26.008000,-11.205067,-11.206845,0.002069,0.002681,0.550590,0.553398
26.010000,-11.205067,-11.206844,0.002069,0.002681,0.550705,0.553519
26.012000,-11.205067,-11.206842,0.002069,0.002681,0.550820,0.553641
26.014000,-11.205067,-11.206841,0.002069,0.002681,0.550934,0.553762
26.016000,-11.205067,-11.206840,0.002069,0.002681,0.551048,0.553883
26.018000,-11.205067,-11.206839,0.002069,0.002681,0.551162,0.554004
26.020000,-11.205067,-11.206838,0.002069,0.002681,0.551275,0.554124
26.022000,-11.205067,-11.206837,0.002069,0.002681,0.551389,0.554244
26.024000,-11.205067,-11.206836,0.002069,0.002681,0.551501,0.554363
26.026000,-11.205067,-11.206834,0.002069,0.002681,0.551614,0.554483
26.028000,-11.205067,-11.206833,0.002069,0.002681,0.551726,0.554602
26.030000,-11.205067,-11.206832,0.002069,0.002681,0.551838,0.554720
26.032000,-11.205067,-11.206831,0.002069,0.002681,0.551950,0.554839
26.034000,-11.205067,-11.206830,0.002069,0.002681,0.552061,0.554957
26.036000,-11.205067,-11.206828,0.002069,0.002681,0.552172,0.555074
26.038000,-11.205067,-11.206827,0.002069,0.002681,0.552283,0.555192
26.040000,-11.205067,-11.206826,0.002069,0.002681,0.552394,0.555309
26.042000,-11.205067,-11.206825,0.002069,0.002682,0.552504,0.555426
26.044000,-11.205067,-11.206823,0.002069,0.002682,0.552614,0.555542
26.046000,-11.205067,-11.206822,0.002069,0.002682,0.552723,0.555659
26.048000,-11.205067,-11.206821,0.002069,0.002682,0.552833,0.555774
26.050000,-11.205067,-11.206820,0.002069,0.002682,0.552942,0.555890
26.052000,-11.205067,-11.206818,0.002069,0.002682,0.553050,0.556005
26.054000,-11.205067,-11.206817,0.002069,0.002682,0.553159,0.556120
26.056000,-11.205067,-11.206816,0.002069,0.002683,0.553267,0.556235
26.058000,-11.205067,-11.206814,0.002069,0.002683,0.553375,0.556349
26.060000,-11.205067,-11.206813,0.002069,0.002683,0.553482,0.556464
26.062000,-11.205067,-11.206812,0.002069,0.002683,0.553590,0.556577
26.064000,-11.205067,-11.206810,0.002069,0.002683,0.553697,0.556691
26.066000,-11.205067,-11.206809,0.002069,0.002684,0.553803,0.556804
26.068000,-11.205067,-11.206807,0.002069,0.002684,0.553910,0.556917
26.070000,-11.205067,-11.206806,0.002069,0.002684,0.554016,0.557030
26.072000,-11.205067,-11.206805,0.002069,0.002684,0.554122,0.557142
26.074000,-11.205067,-11.206803,0.002069,0.002685,0.554227,0.557254
26.076000,-11.205067,-11.206802,0.002069,0.002685,0.554333,0.557366
26.078000,-11.205067,-11.206800,0.002069,0.002685,0.554438,0.557478
26.080000,-11.205067,-11.206799,0.002069,0.002685,0.554542,0.557589
26.082000,-11.205067,-11.206797,0.002069,0.002686,0.554647,0.557700
26.084000,-11.205067,-11.206796,0.002069,0.002686,0.554751,0.557810
26.086000,-11.205067,-11.206794,0.002069,0.002686,0.554855,0.557921
26.088000,-11.205067,-11.206793,0.002069,0.002686,0.554959,0.558031
26.090000,-11.205067,-11.206791,0.002069,0.002687,0.555062,0.558141
26.092000,-11.205067,-11.206790,0.002069,0.002687,0.555165,0.558250
26.094000,-11.205067,-11.206788,0.002069,0.002687,0.555268,0.558359
26.096000,-11.205067,-11.206787,0.002069,0.002688,0.555370,0.558468
26.098000,-11.205067,-11.206785,0.002069,0.002688,0.555473,0.558577
26.100000,-11.205067,-11.206783,0.002069,0.002688,0.555575,0.558686
26.102000,-11.205067,-11.206782,0.002069,0.002689,0.555676,0.558794
26.104000,-11.205067,-11.206780,0.002069,0.002689,0.555778,0.558902
26.106000,-11.205067,-11.206779,0.002069,0.002689,0.555879,0.559009
26.108000,-11.205067,-11.206777,0.002069,0.002690,0.555980,0.559117
26.110000,-11.205067,-11.206776,0.002069,0.002690,0.556080,0.559224
26.112000,-11.205067,-11.206774,0.002069,0.002691,0.556181,0.559330
26.114000,-11.205067,-11.206772,0.002069,0.002691,0.556281,0.559437
26.116000,-11.205067,-11.206771,0.002069,0.002691,0.556381,0.559543
26.118000,-11.205067,-11.206769,0.002069,0.002692,0.556480,0.559649
26.120000,-11.205067,-11.206767,0.002069,0.002692,0.556579,0.559755
26.122000,-11.205067,-11.206766,0.002069,0.002693,0.556679,0.559860
26.124000,-11.205067,-11.206764,0.002069,0.002693,0.556777,0.559965
26.126000,-11.205067,-11.206763,0.002069,0.002694,0.556876,0.560070
26.128000,-11.205067,-11.206761,0.002069,0.002694,0.556974,0.560174
26.130000,-11.205067,-11.206760,0.002069,0.002695,0.557072,0.560279
26.132000,-11.205067,-11.206758,0.002069,0.002695,0.557170,0.560383
26.134000,-11.205067,-11.206756,0.002069,0.002696,0.557267,0.560486
26.136000,-11.205067,-11.206755,0.002069,0.002696,0.557364,0.560590
26.138000,-11.205067,-11.206753,0.002069,0.002697,0.557461,0.560693
26.140000,-11.205067,-11.206752,0.002069,0.002697,0.557558,0.560796
26.142000,-11.205067,-11.206750,0.002069,0.002698,0.557654,0.560899
26.144000,-11.205067,-11.206749,0.002069,0.002698,0.557750,0.561001
26.146000,-11.205067,-11.206747,0.002069,0.002699,0.557846,0.561103
26.148000,-11.205067,-11.206746,0.002069,0.002699,0.557942,0.561205
26.150000,-11.205067,-11.206744,0.002069,0.002700,0.558037,0.561306
26.152000,-11.205067,-11.206742,0.002069,0.002700,0.558133,0.561408
26.154000,-11.205067,-11.206741,0.002069,0.002701,0.558227,0.561509
26.156000,-11.205067,-11.206739,0.002069,0.002701,0.558322,0.561609
26.158000,-11.205067,-11.206738,0.002069,0.002702,0.558416,0.561710
26.160000,-11.205067,-11.206736,0.002069,0.002703,0.558511,0.561810
26.162000,-11.205067,-11.206734,0.002069,0.002703,0.558604,0.561910
26.164000,-11.205067,-11.206733,0.002069,0.002704,0.558698,0.562010
26.166000,-11.205067,-11.206731,0.002069,0.002705,0.558791,0.562109
26.168000,-11.205067,-11.206729,0.002069,0.002705,0.558885,0.562208
26.170000,-11.205067,-11.206728,0.002069,0.002706,0.558977,0.562307
26.172000,-11.205067,-11.206726,0.002069,0.002707,0.559070,0.562405
26.174000,-11.205067,-11.206724,0.002069,0.002707,0.559162,0.562504
26.176000,-11.205067,-11.206722,0.002069,0.002708,0.559255,0.562602
26.178000,-11.205067,-11.206721,0.002069,0.002709,0.559346,0.562700
26.180000,-11.205067,-11.206719,0.002069,0.002710,0.559438,0.562797
26.182000,-11.205067,-11.206717,0.002069,0.002710,0.559529,0.562894
26.184000,-11.205067,-11.206715,0.002069,0.002711,0.559621,0.562991
26.186000,-11.205067,-11.206713,0.002069,0.002712,0.559712,0.563088
26.188000,-11.205067,-11.206712,0.002069,0.002713,0.559802,0.563185
26.190000,-11.205067,-11.206710,0.002069,0.002713,0.559893,0.563281
26.192000,-11.205067,-11.206708,0.002069,0.002714,0.559983,0.563377
26.194000,-11.205067,-11.206706,0.002069,0.002715,0.560073,0.563473
26.196000,-11.205067,-11.206705,0.002069,0.002716,0.560162,0.563568
26.198000,-11.205067,-11.206703,0.002069,0.002716,0.560252,0.563663
26.200000,-11.205067,-11.206701,0.002069,0.002717,0.560341,0.563758
26.202000,-11.205067,-11.206699,0.002069,0.002718,0.560430,0.563853
26.204000,-11.205067,-11.206698,0.002069,0.002719,0.560519,0.563947
26.206000,-11.205067,-11.206696,0.002069,0.002719,0.560607,0.564041
26.208000,-11.205067,-11.206694,0.002069,0.002720,0.560696,0.564135
26.210000,-11.205067,-11.206693,0.002069,0.002721,0.560784,0.564229
26.212000,-11.205067,-11.206691,0.002069,0.002721,0.560872,0.564322
26.214000,-11.205067,-11.206689,0.002069,0.002722,0.560959,0.564415
26.216000,-11.205067,-11.206688,0.002069,0.002723,0.561046,0.564508
26.218000,-11.205067,-11.206686,0.002069,0.002724,0.561134,0.564601
26.220000,-11.205067,-11.206685,0.002069,0.002724,0.561220,0.564693
26.222000,-11.205067,-11.206683,0.002069,0.002725,0.561307,0.564785
26.224000,-11.205067,-11.206682,0.002069,0.002726,0.561394,0.564877
26.226000,-11.205067,-11.206680,0.002069,0.002726,0.561480,0.564969
26.228000,-11.205067,-11.206679,0.002069,0.002727,0.561566,0.565060
26.230000,-11.205067,-11.206677,0.002069,0.002728,0.561651,0.565151
26.232000,-11.205067,-11.206676,0.002069,0.002729,0.561737,0.565242
26.234000,-11.205067,-11.206674,0.002069,0.002729,0.561822,0.565333
26.236000,-11.205067,-11.206673,0.002069,0.002730,0.561907,0.565423
26.238000,-11.205067,-11.206671,0.002069,0.002731,0.561992,0.565513
26.240000,-11.205067,-11.206670,0.002069,0.002731,0.562077,0.565603
26.242000,-11.205067,-11.206668,0.002069,0.002732,0.562161,0.565693
26.244000,-11.205067,-11.206667,0.002069,0.002733,0.562245,0.565782
26.246000,-11.205067,-11.206666,0.002069,0.002733,0.562329,0.565871
26.248000,-11.205067,-11.206664,0.002069,0.002734,0.562413,0.565960
26.250000,-11.205067,-11.206663,0.002069,0.002735,0.562496,0.566048
26.252000,-11.205067,-11.206662,0.002069,0.002735,0.562579,0.566137
26.254000,-11.205067,-11.206660,0.002069,0.002736,0.562662,0.566225
26.256000,-11.205067,-11.206659,0.002069,0.002737,0.562745,0.566313
26.258000,-11.205067,-11.206658,0.002069,0.002737,0.562828,0.566400
26.260000,-11.205067,-11.206657,0.002069,0.002738,0.562910,0.566487
26.262000,-11.205067,-11.206655,0.002069,0.002738,0.562992,0.566574
26.264000,-11.205067,-11.206654,0.002069,0.002739,0.563074,0.566661
26.266000,-11.205067,-11.206653,0.002069,0.002740,0.563156,0.566748
26.268000,-11.205067,-11.206652,0.002069,0.002740,0.563237,0.566834
26.270000,-11.205067,-11.206651,0.002069,0.002741,0.563319,0.566920
26.272000,-11.205067,-11.206650,0.002069,0.002742,0.563400,0.567006
26.274000,-11.205067,-11.206648,0.002069,0.002742,0.563480,0.567091
26.276000,-11.205067,-11.206647,0.002069,0.002743,0.563561,0.567177
26.278000,-11.205067,-11.206646,0.002069,0.002743,0.563641,0.567262
26.280000,-11.205067,-11.206645,0.002069,0.002744,0.563722,0.567347
26.282000,-11.205067,-11.206644,0.002069,0.002745,0.563802,0.567431
26.284000,-11.205067,-11.206643,0.002069,0.002745,0.563881,0.567515
26.286000,-11.205067,-11.206642,0.002069,0.002746,0.563961,0.567600
26.288000,-11.205067,-11.206641,0.002069,0.002746,0.564040,0.567683
26.290000,-11.205067,-11.206640,0.002069,0.002747,0.564119,0.567767
26.292000,-11.205067,-11.206639,0.002069,0.002747,0.564198,0.567850
26.294000,-11.205067,-11.206638,0.002069,0.002748,0.564277,0.567934
26.296000,-11.205067,-11.206637,0.002069,0.002749,0.564355,0.568017
26.298000,-11.205067,-11.206636,0.002069,0.002749,0.564434,0.568099
26.300000,-11.205067,-11.206635,0.002069,0.002750,0.564512,0.568182
26.302000,-11.205067,-11.206635,0.002069,0.002750,0.564590,0.568264
26.304000,-11.205067,-11.206634,0.002069,0.002751,0.564667,0.568346
26.306000,-11.205067,-11.206633,0.002069,0.002751,0.564745,0.568428
26.308000,-11.205067,-11.206632,0.002069,0.002752,0.564822,0.568510
26.310000,-11.205067,-11.206631,0.002069,0.002752,0.564899,0.568591
26.312000,-11.205067,-11.206630,0.002069,0.002753,0.564976,0.568673
26.314000,-11.205067,-11.206630,0.002069,0.002754,0.565053,0.568754
26.316000,-11.205067,-11.206629,0.002069,0.002754,0.565129,0.568835
26.318000,-11.205067,-11.206628,0.002069,0.002755,0.565205,0.568915
26.320000,-11.205067,-11.206627,0.002069,0.002755,0.565281,0.568996
26.322000,-11.205067,-11.206627,0.002069,0.002756,0.565357,0.569076
26.324000,-11.205067,-11.206626,0.002069,0.002756,0.565433,0.569156
26.326000,-11.205067,-11.206625,0.002069,0.002757,0.565508,0.569236
26.328000,-11.205067,-11.206625,0.002069,0.002757,0.565583,0.569315
26.330000,-11.205067,-11.206624,0.002069,0.002758,0.565658,0.569395
26.332000,-11.205067,-11.206623,0.002069,0.002758,0.565733,0.569474
26.334000,-11.205067,-11.206623,0.002069,0.002759,0.565808,0.569553
26.336000,-11.205067,-11.206622,0.002069,0.002759,0.565882,0.569632
26.338000,-11.205067,-11.206622,0.002069,0.002760,0.565956,0.569710
26.340000,-11.205067,-11.206621,0.002069,0.002761,0.566030,0.569789
26.342000,-11.205067,-11.206620,0.002069,0.002761,0.566104,0.569867
26.344000,-11.205067,-11.206620,0.002069,0.002762,0.566178,0.569945
26.346000,-11.205067,-11.206619,0.002069,0.002762,0.566251,0.570023
26.348000,-11.205067,-11.206619,0.002069,0.002763,0.566324,0.570100
26.350000,-11.205067,-11.206618,0.002069,0.002763,0.566397,0.570178
26.352000,-11.205067,-11.206618,0.002069,0.002764,0.566470,0.570255
26.354000,-11.205067,-11.206617,0.002069,0.002764,0.566543,0.570332
26.356000,-11.205067,-11.206617,0.002069,0.002765,0.566615,0.570409
26.358000,-11.205067,-11.206616,0.002069,0.002765,0.566688,0.570485
26.360000,-11.205067,-11.206616,0.002069,0.002766,0.566760,0.570561
26.362000,-11.205067,-11.206615,0.002069,0.002766,0.566831,0.570638
26.364000,-11.205067,-11.206615,0.002069,0.002767,0.566903,0.570714
26.366000,-11.205067,-11.206614,0.002069,0.002768,0.566975,0.570789
26.368000,-11.205067,-11.206614,0.002069,0.002768,0.567046,0.570865
26.370000,-11.205067,-11.206613,0.002069,0.002769,0.567117,0.570940
26.372000,-11.205067,-11.206613,0.002069,0.002769,0.567188,0.571015
26.374000,-11.205067,-11.206613,0.002069,0.002770,0.567259,0.571090
26.376000,-11.205067,-11.206612,0.002069,0.002770,0.567329,0.571165
26.378000,-11.205067,-11.206612,0.002069,0.002771,0.567400,0.571239
26.380000,-11.205067,-11.206611,0.002069,0.002771,0.567470,0.571314
26.382000,-11.205067,-11.206611,0.002069,0.002772,0.567540,0.571388
26.384000,-11.205067,-11.206611,0.002069,0.002772,0.567609,0.571462
26.386000,-11.205067,-11.206610,0.002069,0.002773,0.567679,0.571536
26.388000,-11.205067,-11.206610,0.002069,0.002773,0.567748,0.571609
26.390000,-11.205067,-11.206609,0.002069,0.002774,0.567818,0.571682
26.392000,-11.205067,-11.206609,0.002069,0.002774,0.567887,0.571755
26.394000,-11.205067,-11.206609,0.002069,0.002775,0.567956,0.571828
26.396000,-11.205067,-11.206608,0.002069,0.002776,0.568024,0.571901
26.398000,-11.205067,-11.206608,0.002069,0.002776,0.568093,0.571974
26.400000,-11.205067,-11.206608,0.002069,0.002777,0.568161,0.572046
26.402000,-11.205067,-11.206607,0.002069,0.002777,0.568229,0.572118
26.404000,-11.205067,-11.206607,0.002069,0.002778,0.568297,0.572190
26.406000,-11.205067,-11.206607,0.002069,0.002778,0.568365,0.572262
26.408000,-11.205067,-11.206606,0.002069,0.002779,0.568432,0.572333
26.410000,-11.205067,-11.206606,0.002069,0.002779,0.568500,0.572404
26.412000,-11.205067,-11.206606,0.002069,0.002780,0.568567,0.572476
26.414000,-11.205067,-11.206606,0.002069,0.002780,0.568634,0.572546
26.416000,-11.205067,-11.206605,0.002069,0.002781,0.568701,0.572617
26.418000,-11.205067,-11.206605,0.002069,0.002782,0.568768,0.572688
26.420000,-11.205067,-11.206605,0.002069,0.002782,0.568834,0.572758
26.422000,-11.205067,-11.206605,0.002069,0.002783,0.568901,0.572828
26.424000,-11.205067,-11.206604,0.002069,0.002783,0.568967,0.572898
26.426000,-11.205067,-11.206604,0.002069,0.002784,0.569033,0.572968
26.428000,-11.205067,-11.206604,0.002069,0.002784,0.569099,0.573037
26.430000,-11.205067,-11.206604,0.002069,0.002785,0.569164,0.573107
26.432000,-11.205067,-11.206604,0.002069,0.002785,0.569230,0.573176
26.434000,-11.205067,-11.206603,0.002069,0.002786,0.569295,0.573245
26.436000,-11.205067,-11.206603,0.002069,0.002787,0.569360,0.573314
26.438000,-11.205067,-11.206603,0.002069,0.002787,0.569425,0.573382
26.440000,-11.205067,-11.206603,0.002069,0.002788,0.569490,0.573451
26.442000,-11.205067,-11.206603,0.002069,0.002788,0.569554,0.573519
26.444000,-11.205067,-11.206603,0.002069,0.002789,0.569619,0.573587
26.446000,-11.205067,-11.206603,0.002069,0.002789,0.569683,0.573655
26.448000,-11.205067,-11.206603,0.002069,0.002790,0.569747,0.573723
26.450000,-11.205067,-11.206602,0.002069,0.002791,0.569811,0.573790
26.452000,-11.205067,-11.206602,0.002069,0.002791,0.569875,0.573858
26.454000,-11.205067,-11.206602,0.002069,0.002792,0.569938,0.573925
26.456000,-11.205067,-11.206602,0.002069,0.002792,0.570002,0.573992
26.458000,-11.205067,-11.206602,0.002069,0.002793,0.570065,0.574059
26.460000,-11.205067,-11.206602,0.002069,0.002793,0.570128,0.574125
26.462000,-11.205067,-11.206602,0.002069,0.002794,0.570191,0.574192
26.464000,-11.205067,-11.206602,0.002069,0.002795,0.570253,0.574258
26.466000,-11.205067,-11.206602,0.002069,0.002795,0.570316,0.574324
26.468000,-11.205067,-11.206602,0.002069,0.002796,0.570378,0.574390
26.470000,-11.205067,-11.206602,0.002069,0.002796,0.570441,0.574456
26.472000,-11.205067,-11.206602,0.002069,0.002797,0.570503,0.574522
26.474000,-11.205067,-11.206602,0.002069,0.002798,0.570564,0.574587
26.476000,-11.205067,-11.206602,0.002069,0.002798,0.570626,0.574652
26.478000,-11.205067,-11.206601,0.002069,0.002799,0.570688,0.574718
26.480000,-11.205067,-11.206601,0.002069,0.002799,0.570749,0.574783
26.482000,-11.205067,-11.206601,0.002069,0.002800,0.570810,0.574847
26.484000,-11.205067,-11.206601,0.002069,0.002801,0.570871,0.574912
26.486000,-11.205067,-11.206601,0.002069,0.002801,0.570932,0.574976
26.488000,-11.205067,-11.206601,0.002069,0.002802,0.570993,0.575041
26.490000,-11.205067,-11.206601,0.002069,0.002802,0.571054,0.575105
26.492000,-11.205067,-11.206601,0.002069,0.002803,0.571114,0.575169
26.494000,-11.205067,-11.206601,0.002069,0.002804,0.571174,0.575232
26.496000,-11.205067,-11.206601,0.002069,0.002804,0.571234,0.575296
26.498000,-11.205067,-11.206601,0.002069,0.002805,0.571294,0.575359
26.500000,-11.205067,-11.206601,0.002069,0.002806,0.571354,0.575423
26.502000,-11.205067,-11.206601,0.002069,0.002806,0.571414,0.575486
26.504000,-11.205067,-11.206601,0.002069,0.002807,0.571473,0.575549
26.506000,-11.205067,-11.206601,0.002069,0.002807,0.571532,0.575611
26.508000,-11.205067,-11.206601,0.002069,0.002808,0.571592,0.575674
26.510000,-11.205067,-11.206601,0.002069,0.002809,0.571651,0.575736
26.512000,-11.205067,-11.206601,0.002069,0.002809,0.571709,0.575799
26.514000,-11.205067,-11.206601,0.002069,0.002810,0.571768,0.575861
26.516000,-11.205067,-11.206601,0.002069,0.002811,0.571827,0.575923
26.518000,-11.205067,-11.206601,0.002069,0.002811,0.571885,0.575984
26.520000,-11.205067,-11.206601,0.002069,0.002812,0.571943,0.576046
26.522000,-11.205067,-11.206601,0.002069,0.002813,0.572001,0.576108
26.524000,-11.205067,-11.206601,0.002069,0.002813,0.572059,0.576169
26.526000,-11.205067,-11.206601,0.002069,0.002814,0.572117,0.576230
26.528000,-11.205067,-11.206601,0.002069,0.002815,0.572174,0.576291
26.530000,-11.205067,-11.206601,0.002069,0.002815,0.572232,0.576352
26.532000,-11.205067,-11.206601,0.002069,0.002816,0.572289,0.576412
26.534000,-11.205067,-11.206601,0.002069,0.002817,0.572346,0.576473
26.536000,-11.205067,-11.206601,0.002069,0.002817,0.572403,0.576533
26.538000,-11.205067,-11.206601,0.002069,0.002818,0.572460,0.576593
26.540000,-11.205067,-11.206601,0.002069,0.002819,0.572517,0.576654
26.542000,-11.205067,-11.206601,0.002069,0.002819,0.572573,0.576713
26.544000,-11.205067,-11.206601,0.002069,0.002820,0.572629,0.576773
26.546000,-11.205067,-11.206601,0.002069,0.002821,0.572686,0.576833
26.548000,-11.205067,-11.206601,0.002069,0.002821,0.572742,0.576892
26.550000,-11.205067,-11.206601,0.002069,0.002822,0.572798,0.576952
26.552000,-11.205067,-11.206600,0.002069,0.002823,0.572853,0.577011
26.554000,-11.205067,-11.206600,0.002069,0.002823,0.572909,0.577070
26.556000,-11.205067,-11.206600,0.002069,0.002824,0.572964,0.577129
26.558000,-11.205067,-11.206600,0.002069,0.002825,0.573020,0.577187
26.560000,-11.205067,-11.206600,0.002069,0.002826,0.573075,0.577246
26.562000,-11.205067,-11.206600,0.002069,0.002826,0.573130,0.577304
26.564000,-11.205067,-11.206600,0.002069,0.002827,0.573185,0.577363
26.566000,-11.205067,-11.206600,0.002069,0.002828,0.573240,0.577421
26.568000,-11.205067,-11.206600,0.002069,0.002828,0.573294,0.577479
26.570000,-11.205067,-11.206600,0.002069,0.002829,0.573349,0.577537
26.572000,-11.205067,-11.206600,0.002069,0.002830,0.573403,0.577595
26.574000,-11.205067,-11.206600,0.002069,0.002830,0.573457,0.577652
26.576000,-11.205067,-11.206600,0.002069,0.002831,0.573511,0.577710
26.578000,-11.205067,-11.206600,0.002069,0.002832,0.573565,0.577767
26.580000,-11.205067,-11.206600,0.002069,0.002833,0.573619,0.577824
26.582000,-11.205067,-11.206600,0.002069,0.002833,0.573672,0.577881
26.584000,-11.205067,-11.206599,0.002069,0.002834,0.573726,0.577938
26.586000,-11.205067,-11.206599,0.002069,0.002835,0.573779,0.577995
26.588000,-11.205067,-11.206599,0.002069,0.002836,0.573832,0.578052
26.590000,-11.205067,-11.206599,0.002069,0.002836,0.573885,0.578108
26.592000,-11.205067,-11.206599,0.002069,0.002837,0.573938,0.578165
26.594000,-11.205067,-11.206599,0.002069,0.002838,0.573991,0.578221
26.596000,-11.205067,-11.206599,0.002069,0.002839,0.574043,0.578277
26.598000,-11.205067,-11.206599,0.002069,0.002839,0.574096,0.578333
26.600000,-11.205067,-11.206599,0.002069,0.002840,0.574148,0.578388
26.602000,-11.205067,-11.206599,0.002069,0.002841,0.574200,0.578444
26.604000,-11.205067,-11.206599,0.002069,0.002842,0.574252,0.578499
26.606000,-11.205067,-11.206598,0.002069,0.002842,0.574304,0.578555
26.608000,-11.205067,-11.206598,0.002069,0.002843,0.574356,0.578610
26.610000,-11.205067,-11.206598,0.002069,0.002844,0.574407,0.578665
26.612000,-11.205067,-11.206598,0.002069,0.002845,0.574459,0.578719
26.614000,-11.205067,-11.206598,0.002069,0.002845,0.574510,0.578774
26.616000,-11.205067,-11.206598,0.002069,0.002846,0.574561,0.578828
26.618000,-11.205067,-11.206598,0.002069,0.002847,0.574612,0.578883
26.620000,-11.205067,-11.206598,0.002069,0.002848,0.574663,0.578937
26.622000,-11.205067,-11.206598,0.002069,0.002849,0.574714,0.578991
26.624000,-11.205067,-11.206598,0.002069,0.002849,0.574765,0.579045
26.626000,-11.205067,-11.206598,0.002069,0.002850,0.574815,0.579099
26.628000,-11.205067,-11.206598,0.002069,0.002851,0.574866,0.579152
26.630000,-11.205067,-11.206598,0.002069,0.002852,0.574916,0.579205
26.632000,-11.205067,-11.206598,0.002069,0.002853,0.574966,0.579259
26.634000,-11.205067,-11.206598,0.002069,0.002853,0.575016,0.579312
26.636000,-11.205067,-11.206598,0.002069,0.002854,0.575066,0.579365
26.638000,-11.205067,-11.206598,0.002069,0.002855,0.575115,0.579418
26.640000,-11.205067,-11.206598,0.002069,0.002856,0.575165,0.579470
26.642000,-11.205067,-11.206598,0.002069,0.002857,0.575214,0.579523
26.644000,-11.205067,-11.206598,0.002069,0.002857,0.575264,0.579575
26.646000,-11.205067,-11.206598,0.002069,0.002858,0.575313,0.579627
26.648000,-11.205067,-11.206598,0.002069,0.002859,0.575362,0.579679
26.650000,-11.205067,-11.206598,0.002069,0.002860,0.575411,0.579731
26.652000,-11.205067,-11.206598,0.002069,0.002861,0.575460,0.579783
26.654000,-11.205067,-11.206598,0.002069,0.002861,0.575508,0.579835
26.656000,-11.205067,-11.206598,0.002069,0.002862,0.575557,0.579886
26.658000,-11.205067,-11.206598,0.002069,0.002863,0.575605,0.579937
26.660000,-11.205067,-11.206598,0.002069,0.002864,0.575654,0.579989
26.662000,-11.205067,-11.206598,0.002069,0.002865,0.575702,0.580040
26.664000,-11.205067,-11.206598,0.002069,0.002866,0.575750,0.580090
26.666000,-11.205067,-11.206598,0.002069,0.002866,0.575798,0.580141
26.668000,-11.205067,-11.206599,0.002069,0.002867,0.575845,0.580192
26.670000,-11.205067,-11.206599,0.002069,0.002868,0.575893,0.580242
26.672000,-11.205067,-11.206599,0.002069,0.002869,0.575940,0.580293
26.674000,-11.205067,-11.206599,0.002069,0.002870,0.575988,0.580343
26.676000,-11.205067,-11.206599,0.002069,0.002871,0.576035,0.580393
26.678000,-11.205067,-11.206599,0.002069,0.002871,0.576082,0.580443
26.680000,-11.205067,-11.206599,0.002069,0.002872,0.576129,0.580493
26.682000,-11.205067,-11.206599,0.002069,0.002873,0.576176,0.580543
26.684000,-11.205067,-11.206599,0.002069,0.002874,0.576223,0.580592
26.686000,-11.205067,-11.206599,0.002069,0.002875,0.576269,0.580642
26.688000,-11.205067,-11.206599,0.002069,0.002876,0.576316,0.580691
26.690000,-11.205067,-11.206600,0.002069,0.002877,0.576362,0.580740
26.692000,-11.205067,-11.206600,0.002069,0.002877,0.576409,0.580789
26.694000,-11.205067,-11.206600,0.002069,0.002878,0.576455,0.580838
26.696000,-11.205067,-11.206600,0.002069,0.002879,0.576501,0.580887
26.698000,-11.205067,-11.206600,0.002069,0.002880,0.576547,0.580936
26.700000,-11.205067,-11.206600,0.002069,0.002881,0.576592,0.580984
26.702000,-11.205067,-11.206600,0.002069,0.002882,0.576638,0.581033
26.704000,-11.205067,-11.206600,0.002069,0.002883,0.576684,0.581081
26.706000,-11.205067,-11.206600,0.002069,0.002884,0.576729,0.581129
26.708000,-11.205067,-11.206601,0.002069,0.002885,0.576774,0.581177
26.710000,-11.205067,-11.206601,0.002069,0.002885,0.576819,0.581225
26.712000,-11.205067,-11.206601,0.002069,0.002886,0.576864,0.581273
26.714000,-11.205067,-11.206601,0.002069,0.002887,0.576909,0.581321
26.716000,-11.205067,-11.206601,0.002069,0.002888,0.576954,0.581368
26.718000,-11.205067,-11.206601,0.002069,0.002889,0.576999,0.581416
26.720000,-11.205067,-11.206601,0.002069,0.002890,0.577043,0.581463
26.722000,-11.205067,-11.206601,0.002069,0.002891,0.577088,0.581510
26.724000,-11.205067,-11.206601,0.002069,0.002892,0.577132,0.581557
26.726000,-11.205067,-11.206601,0.002069,0.002893,0.577176,0.581604
26.728000,-11.205067,-11.206602,0.002069,0.002894,0.577220,0.581651
26.730000,-11.205067,-11.206602,0.002069,0.002894,0.577264,0.581698
26.732000,-11.205067,-11.206602,0.002069,0.002895,0.577308,0.581744
26.734000,-11.205067,-11.206602,0.002069,0.002896,0.577352,0.581791
26.736000,-11.205067,-11.206602,0.002069,0.002897,0.577395,0.581837
26.738000,-11.205067,-11.206602,0.002069,0.002898,0.577439,0.581883
26.740000,-11.205067,-11.206602,0.002069,0.002899,0.577482,0.581929
26.742000,-11.205067,-11.206602,0.002069,0.002900,0.577526,0.581975
26.744000,-11.205067,-11.206602,0.002069,0.002901,0.577569,0.582021
26.746000,-11.205067,-11.206602,0.002069,0.002902,0.577612,0.582067
26.748000,-11.205067,-11.206602,0.002069,0.002903,0.577655,0.582112
26.750000,-11.205067,-11.206602,0.002069,0.002904,0.577697,0.582158
26.752000,-11.205067,-11.206602,0.002069,0.002905,0.577740,0.582203
26.754000,-11.205067,-11.206602,0.002069,0.002906,0.577783,0.582248
26.756000,-11.205067,-11.206602,0.002069,0.002907,0.577825,0.582293
26.758000,-11.205067,-11.206602,0.002069,0.002908,0.577868,0.582338
26.760000,-11.205067,-11.206602,0.002069,0.002909,0.577910,0.582383
26.762000,-11.205067,-11.206602,0.002069,0.002910,0.577952,0.582427
26.764000,-11.205067,-11.206602,0.002069,0.002911,0.577994,0.582472
26.766000,-11.205067,-11.206602,0.002069,0.002911,0.578036,0.582516
26.768000,-11.205067,-11.206602,0.002069,0.002912,0.578078,0.582561
26.770000,-11.205067,-11.206602,0.002069,0.002913,0.578119,0.582605
26.772000,-11.205067,-11.206602,0.002069,0.002914,0.578161,0.582649
26.774000,-11.205067,-11.206603,0.002069,0.002915,0.578202,0.582693
26.776000,-11.205067,-11.206603,0.002069,0.002916,0.578244,0.582736
26.778000,-11.205067,-11.206603,0.002069,0.002917,0.578285,0.582780
26.780000,-11.205067,-11.206603,0.002069,0.002918,0.578326,0.582824
26.782000,-11.205067,-11.206603,0.002069,0.002919,0.578367,0.582867
26.784000,-11.205067,-11.206603,0.002069,0.002920,0.578408,0.582910
26.786000,-11.205067,-11.206603,0.002069,0.002921,0.578449,0.582953
26.788000,-11.205067,-11.206603,0.002069,0.002922,0.578489,0.582996
26.790000,-11.205067,-11.206604,0.002069,0.002923,0.578530,0.583039
26.792000,-11.205067,-11.206604,0.002069,0.002924,0.578570,0.583082
26.794000,-11.205067,-11.206604,0.002069,0.002925,0.578611,0.583125
26.796000,-11.205067,-11.206604,0.002069,0.002926,0.578651,0.583167
26.798000,-11.205067,-11.206604,0.002069,0.002927,0.578691,0.583210
26.800000,-11.205067,-11.206604,0.002069,0.002928,0.578731,0.583252
26.802000,-11.205067,-11.206605,0.002069,0.002929,0.578771,0.583294
26.804000,-11.205067,-11.206605,0.002069,0.002930,0.578811,0.583336
26.806000,-11.205067,-11.206605,0.002069,0.002931,0.578851,0.583378
26.808000,-11.205067,-11.206605,0.002069,0.002932,0.578890,0.583420
26.810000,-11.205067,-11.206605,0.002069,0.002933,0.578930,0.583462
26.812000,-11.205067,-11.206606,0.002069,0.002934,0.578969,0.583503
26.814000,-11.205067,-11.206606,0.002069,0.002935,0.579009,0.583545
26.816000,-11.205067,-11.206606,0.002069,0.002936,0.579048,0.583586
26.818000,-11.205067,-11.206606,0.002069,0.002937,0.579087,0.583627
26.820000,-11.205067,-11.206607,0.002069,0.002938,0.579126,0.583668
26.822000,-11.205067,-11.206607,0.002069,0.002939,0.579165,0.583709
26.824000,-11.205067,-11.206607,0.002069,0.002940,0.579203,0.583750
26.826000,-11.205067,-11.206607,0.002069,0.002941,0.579242,0.583791
26.828000,-11.205067,-11.206608,0.002069,0.002943,0.579281,0.583832
26.830000,-11.205067,-11.206608,0.002069,0.002944,0.579319,0.583872
26.832000,-11.205067,-11.206608,0.002069,0.002945,0.579357,0.583912
26.834000,-11.205067,-11.206608,0.002069,0.002946,0.579396,0.583953
26.836000,-11.205067,-11.206609,0.002069,0.002947,0.579434,0.583993
26.838000,-11.205067,-11.206609,0.002069,0.002948,0.579472,0.584033
26.840000,-11.205067,-11.206609,0.002069,0.002949,0.579510,0.584073
26.842000,-11.205067,-11.206610,0.002069,0.002950,0.579548,0.584113
26.844000,-11.205067,-11.206610,0.002069,0.002951,0.579586,0.584152
26.846000,-11.205067,-11.206610,0.002069,0.002952,0.579623,0.584192
26.848000,-11.205067,-11.206611,0.002069,0.002953,0.579661,0.584231
26.850000,-11.205067,-11.206611,0.002069,0.002954,0.579698,0.584271
26.852000,-11.205067,-11.206611,0.002069,0.002955,0.579736,0.584310
26.854000,-11.205067,-11.206612,0.002069,0.002956,0.579773,0.584349
26.856000,-11.205067,-11.206612,0.002069,0.002957,0.579810,0.584388
26.858000,-11.205067,-11.206613,0.002069,0.002958,0.579847,0.584427
26.860000,-11.205067,-11.206613,0.002069,0.002959,0.579884,0.584466
26.862000,-11.205067,-11.206614,0.002069,0.002961,0.579921,0.584504
26.864000,-11.205067,-11.206614,0.002069,0.002962,0.579958,0.584543
26.866000,-11.205067,-11.206614,0.002069,0.002963,0.579994,0.584581
26.868000,-11.205067,-11.206615,0.002069,0.002964,0.580031,0.584620
26.870000,-11.205067,-11.206615,0.002069,0.002965,0.580067,0.584658
26.872000,-11.205067,-11.206616,0.002069,0.002966,0.580104,0.584696
26.874000,-11.205067,-11.206616,0.002069,0.002967,0.580140,0.584734
26.876000,-11.205067,-11.206617,0.002069,0.002968,0.580176,0.584772
26.878000,-11.205067,-11.206617,0.002069,0.002969,0.580212,0.584809
26.880000,-11.205067,-11.206618,0.002069,0.002970,0.580248,0.584847
26.882000,-11.205067,-11.206618,0.002069,0.002971,0.580284,0.584884
26.884000,-11.205067,-11.206619,0.002069,0.002972,0.580320,0.584922
26.886000,-11.205067,-11.206620,0.002069,0.002974,0.580355,0.584959
26.888000,-11.205067,-11.206620,0.002069,0.002975,0.580391,0.584996
26.890000,-11.205067,-11.206621,0.002069,0.002976,0.580427,0.585033
26.892000,-11.205067,-11.206621,0.002069,0.002977,0.580462,0.585070
26.894000,-11.205067,-11.206622,0.002069,0.002978,0.580497,0.585107
26.896000,-11.205067,-11.206622,0.002069,0.002979,0.580533,0.585144
26.898000,-11.205067,-11.206623,0.002069,0.002980,0.580568,0.585180
26.900000,-11.205067,-11.206623,0.002069,0.002981,0.580603,0.585217
26.902000,-11.205067,-11.206624,0.002069,0.002983,0.580638,0.585253
26.904000,-11.205067,-11.206624,0.002069,0.002984,0.580672,0.585290
26.906000,-11.205067,-11.206625,0.002069,0.002985,0.580707,0.585326
26.908000,-11.205067,-11.206626,0.002069,0.002986,0.580742,0.585362
26.910000,-11.205067,-11.206626,0.002069,0.002987,0.580776,0.585397
26.912000,-11.205067,-11.206627,0.002069,0.002988,0.580811,0.585433
26.914000,-11.205067,-11.206627,0.002069,0.002989,0.580845,0.585468
26.916000,-11.205067,-11.206628,0.002069,0.002990,0.580880,0.585504
26.918000,-11.205067,-11.206628,0.002069,0.002991,0.580914,0.585539
26.920000,-11.205067,-11.206629,0.002069,0.002992,0.580948,0.585575
26.922000,-11.205067,-11.206630,0.002069,0.002993,0.580982,0.585610
26.924000,-11.205067,-11.206630,0.002069,0.002995,0.581016,0.585645
26.926000,-11.205067,-11.206631,0.002069,0.002996,0.581050,0.585680
26.928000,-11.205067,-11.206631,0.002069,0.002997,0.581083,0.585715
26.930000,-11.205067,-11.206632,0.002069,0.002998,0.581117,0.585750
26.932000,-11.205067,-11.206632,0.002069,0.002999,0.581151,0.585785
26.934000,-11.205067,-11.206633,0.002069,0.003000,0.581184,0.585820
26.936000,-11.205067,-11.206633,0.002069,0.003001,0.581218,0.585855
26.938000,-11.205067,-11.206634,0.002069,0.003002,0.581251,0.585890
26.940000,-11.205067,-11.206634,0.002069,0.003003,0.581284,0.585925
26.942000,-11.205067,-11.206634,0.002069,0.003004,0.581317,0.585959
26.944000,-11.205067,-11.206635,0.002069,0.003005,0.581350,0.585994
26.946000,-11.205067,-11.206635,0.002069,0.003007,0.581383,0.586028
26.948000,-11.205067,-11.206635,0.002069,0.003008,0.581416,0.586063
26.950000,-11.205067,-11.206636,0.002069,0.003009,0.581449,0.586097
26.952000,-11.205067,-11.206636,0.002069,0.003010,0.581481,0.586131
26.954000,-11.205067,-11.206636,0.002069,0.003011,0.581514,0.586165
26.956000,-11.205067,-11.206637,0.002069,0.003012,0.581547,0.586200
26.958000,-11.205067,-11.206637,0.002069,0.003013,0.581579,0.586234
26.960000,-11.205067,-11.206637,0.002069,0.003014,0.581611,0.586267
26.962000,-11.205067,-11.206637,0.002069,0.003015,0.581644,0.586301
26.964000,-11.205067,-11.206638,0.002069,0.003016,0.581676,0.586335
26.966000,-11.205067,-11.206638,0.002069,0.003017,0.581708,0.586369
26.968000,-11.205067,-11.206638,0.002069,0.003018,0.581740,0.586402
26.970000,-11.205067,-11.206638,0.002069,0.003019,0.581772,0.586436
26.972000,-11.205067,-11.206638,0.002069,0.003021,0.581804,0.586469
26.974000,-11.205067,-11.206639,0.002069,0.003022,0.581835,0.586503
26.976000,-11.205067,-11.206639,0.002069,0.003023,0.581867,0.586536
26.978000,-11.205067,-11.206639,0.002069,0.003024,0.581898,0.586569
26.980000,-11.205067,-11.206639,0.002069,0.003025,0.581930,0.586602
26.982000,-11.205067,-11.206639,0.002069,0.003026,0.581961,0.586635
26.984000,-11.205067,-11.206639,0.002069,0.003027,0.581993,0.586668
26.986000,-11.205067,-11.206639,0.002069,0.003028,0.582024,0.586701
26.988000,-11.205067,-11.206639,0.002069,0.003029,0.582055,0.586734
26.990000,-11.205067,-11.206639,0.002069,0.003030,0.582086,0.586766
26.992000,-11.205067,-11.206640,0.002069,0.003031,0.582117,0.586799
26.994000,-11.205067,-11.206640,0.002069,0.003032,0.582148,0.586831
26.996000,-11.205067,-11.206640,0.002069,0.003033,0.582179,0.586864
26.998000,-11.205067,-11.206640,0.002069,0.003034,0.582210,0.586896
27.000000,-11.205067,-11.206640,0.002069,0.003035,0.582240,0.586928
27.002000,-11.205067,-11.206640,0.002069,0.003036,0.582271,0.586960
27.004000,-11.205067,-11.206640,0.002069,0.003037,0.582301,0.586993
27.006000,-11.205067,-11.206640,0.002069,0.003038,0.582332,0.587024
27.008000,-11.205067,-11.206640,0.002069,0.003039,0.582362,0.587056
27.010000,-11.205067,-11.206640,0.002069,0.003040,0.582392,0.587088
27.012000,-11.205067,-11.206640,0.002069,0.003041,0.582422,0.587120
27.014000,-11.205067,-11.206640,0.002069,0.003042,0.582452,0.587151
27.016000,-11.205067,-11.206640,0.002069,0.003043,0.582482,0.587183
27.018000,-11.205067,-11.206640,0.002069,0.003044,0.582512,0.587214
27.020000,-11.205067,-11.206640,0.002069,0.003045,0.582542,0.587246
27.022000,-11.205067,-11.206640,0.002069,0.003046,0.582572,0.587277
27.024000,-11.205067,-11.206640,0.002069,0.003047,0.582602,0.587308
27.026000,-11.205067,-11.206640,0.002069,0.003048,0.582631,0.587339
27.028000,-11.205067,-11.206640,0.002069,0.003049,0.582661,0.587370
27.030000,-11.205067,-11.206640,0.002069,0.003050,0.582690,0.587401
27.032000,-11.205067,-11.206640,0.002069,0.003051,0.582720,0.587432
27.034000,-11.205067,-11.206640,0.002069,0.003052,0.582749,0.587463
27.036000,-11.205067,-11.206640,0.002069,0.003053,0.582778,0.587494
27.038000,-11.205067,-11.206640,0.002069,0.003053,0.582807,0.587524
27.040000,-11.205067,-11.206640,0.002069,0.003054,0.582836,0.587555
27.042000,-11.205067,-11.206640,0.002069,0.003055,0.582865,0.587585
27.044000,-11.205067,-11.206640,0.002069,0.003056,0.582894,0.587616
27.046000,-11.205067,-11.206640,0.002069,0.003057,0.582923,0.587646
27.048000,-11.205067,-11.206640,0.002069,0.003058,0.582952,0.587676
27.050000,-11.205067,-11.206640,0.002069,0.003059,0.582980,0.587706
27.052000,-11.205067,-11.206640,0.002069,0.003060,0.583009,0.587737
27.054000,-11.205067,-11.206640,0.002069,0.003061,0.583038,0.587767
27.056000,-11.205067,-11.206640,0.002069,0.003062,0.583066,0.587796
27.058000,-11.205067,-11.206640,0.002069,0.003062,0.583094,0.587826
27.060000,-11.205067,-11.206640,0.002069,0.003063,0.583123,0.587856
27.062000,-11.205067,-11.206640,0.002069,0.003064,0.583151,0.587886
27.064000,-11.205067,-11.206640,0.002069,0.003065,0.583179,0.587915
27.066000,-11.205067,-11.206639,0.002069,0.003066,0.583207,0.587945
27.068000,-11.205067,-11.206639,0.002069,0.003067,0.583235,0.587974
27.070000,-11.205067,-11.206639,0.002069,0.003068,0.583263,0.588004
