time,Prx,Pry,Prz,Vrx,Vry,Vrz,Yawr,vYawr,Pcx,Pcy,Pcz,Vcx,Vcy,Vcz,Pbx,Pby,Pbz,Vbx,Vby,Vbz,Rollt,Pitcht,Yawt,Rollc,Pitchc,Yawc,ux,uy,Forcex,Forcey,Forcez
1.000000,0.000000,0.000000,0.593700,0.000000,0.000000,0.000000,-0.000315,0.000000,0.000000,0.000000,0.593700,-0.000000,-0.000000,-0.000000,-0.003574,0.005135,0.594162,0.016615,-0.005393,0.022047,0.000000,0.000000,-0.000315,-0.000393,-0.000178,-0.000375,0.434723,0.169493,0.000000,0.000000,0.000000
1.010000,0.000000,0.000000,0.593700,0.000000,0.000000,0.000000,-0.000315,0.000000,0.000000,0.000000,0.593700,0.000000,-0.000000,-0.000000,-0.003397,0.005088,0.594441,0.015773,-0.004821,0.037232,0.000000,0.000000,-0.000315,-0.000460,0.000003,-0.000457,0.442846,0.171823,0.000000,0.000000,0.000000
1.020000,0.000000,0.000000,0.593700,0.000000,0.000000,0.000000,-0.000315,0.000000,0.000000,0.000000,0.593700,-0.000000,0.000000,-0.000000,-0.003226,0.005045,0.594877,0.015262,-0.003940,0.049028,0.000000,0.000000,-0.000315,-0.000577,0.000245,-0.000539,0.448929,0.173417,0.000000,0.000000,0.000000
1.030000,0.000000,0.000000,0.593700,0.000000,0.000000,0.000000,-0.000315,0.000000,0.000000,0.000000,0.593700,-0.000000,0.000000,-0.000000,-0.003061,0.005009,0.595427,0.014935,-0.002873,0.056471,0.000000,0.000000,-0.000315,-0.000723,0.000531,-0.000620,0.452032,0.174061,0.000000,0.000000,0.000000
1.040000,0.000000,0.000000,0.593700,0.000000,0.000000,0.000000,-0.000315,0.000000,0.000000,0.000000,0.593700,-0.000000,-0.000000,-0.000000,-0.002902,0.004980,0.596043,0.014495,-0.001739,0.059005,0.000000,0.000000,-0.000315,-0.000875,0.000836,-0.000702,0.451669,0.173681,0.000000,0.000000,0.000000
1.050000,0.000000,0.000000,0.593700,0.000000,0.000000,0.000000,-0.000315,0.000000,0.000000,0.000000,0.593700,-0.000000,-0.000000,-0.000000,-0.002755,0.004961,0.596666,0.013645,-0.000630,0.056575,0.000000,0.000000,-0.000315,-0.001004,0.001129,-0.000782,0.447888,0.172347,0.000000,0.000000,0.000000
1.060000,0.000000,0.000000,0.593700,0.000000,0.000000,0.000000,-0.000315,0.000000,0.000000,0.000000,0.593700,-0.000000,-0.000000,-0.000000,-0.002621,0.004950,0.597251,0.012575,0.000290,0.050003,0.000000,0.000000,-0.000315,-0.001088,0.001373,-0.000859,0.441266,0.170257,0.000000,0.000000,0.000000
1.070000,0.000000,0.000000,0.593700,0.000000,0.000000,0.000000,-0.000315,0.000000,0.000000,0.000000,0.593700,-0.000000,-0.000000,-0.000000,-0.002504,0.004947,0.597753,0.011222,0.000964,0.039778,0.000000,0.000000,-0.000315,-0.001108,0.001547,-0.000930,0.432793,0.167690,0.000000,0.000000,0.000000
1.080000,0.000000,0.000000,0.593700,0.000000,0.000000,0.000000,-0.000315,0.000000,0.000000,0.000000,0.593700,-0.000000,-0.000000,-0.000000,-0.002408,0.004951,0.598133,0.009397,0.001395,0.026749,0.000000,0.000000,-0.000315,-0.001060,0.001647,-0.000992,0.423614,0.164386,0.000000,0.000000,0.000000
1.090000,0.000000,0.000000,0.593700,0.000000,0.000000,0.000000,-0.000315,0.000000,0.000000,0.000000,0.593700,0.000000,0.000000,-0.000000,-0.002336,0.004960,0.598365,0.007248,0.001491,0.011929,0.000000,0.000000,-0.000315,-0.000950,0.001664,-0.001046,0.414810,0.161250,0.000000,0.000000,0.000000
1.100000,0.000000,0.000000,0.593700,0.000000,0.000000,0.000000,-0.000315,0.000000,0.000000,0.000000,0.593700,0.000000,0.000000,-0.000000,-0.002291,0.004972,0.598432,0.005169,0.001206,-0.003631,0.000000,0.000000,-0.000315,-0.000791,0.001591,-0.001087,0.407207,0.158556,0.000000,0.000000,0.000000
1.110000,0.000000,0.000000,0.593700,0.000000,0.000000,0.000000,-0.000315,0.000000,0.000000,0.000000,0.593700,-0.000000,-0.000000,-0.000000,-0.002268,0.004981,0.598327,0.003398,0.000489,-0.018979,0.000000,0.000000,-0.000315,-0.000599,0.001424,-0.001116,0.401247,0.156470,0.000000,0.000000,0.000000
1.120000,0.000000,0.000000,0.593700,0.000000,0.000000,0.000000,-0.000315,0.000000,0.000000,0.000000,0.593700,-0.000000,-0.000000,-0.000000,-0.002263,0.005009,0.598040,0.003004,0.002366,-0.025840,0.000000,0.000000,-0.000315,-0.000434,0.001137,-0.001172,0.396995,0.155083,0.000000,0.000000,0.000000
1.130000,0.000000,0.000000,0.593700,0.000000,0.000000,0.000000,-0.000315,0.000000,0.000000,0.000000,0.593700,-0.000000,-0.000000,-0.000000,-0.002210,0.005002,0.597826,0.007689,-0.001439,-0.000897,0.000000,0.000000,-0.000315,-0.000406,0.000775,-0.001202,0.396736,0.155297,0.000000,0.000000,0.000000
1.140000,0.000000,0.000000,0.593700,0.000000,0.000000,0.000000,-0.000315,0.000000,0.000000,0.000000,0.593700,-0.000000,-0.000000,-0.000000,-0.002108,0.004988,0.597795,0.010794,-0.002449,0.005465,0.000000,0.000000,-0.000315,-0.000336,0.000593,-0.001236,0.396296,0.155283,0.000000,0.000000,0.000000
1.150000,0.000000,0.000000,0.593700,0.000000,0.000000,0.000000,-0.000315,0.000000,0.000000,0.000000,0.593700,-0.000000,-0.000000,-0.000000,-0.001998,0.004990,0.597840,0.010092,-0.002220,0.013710,0.000000,0.000000,-0.000315,-0.000369,0.000522,-0.001226,0.395994,0.155294,0.000000,0.000000,0.000000
1.162000,0.000000,0.000000,0.593700,0.000000,0.000000,0.000000,-0.000315,0.000000,0.000000,0.000000,0.593700,-0.000000,0.000000,-0.000000,-0.001893,0.004957,0.598012,0.007234,-0.003832,0.021157,0.000000,0.000000,-0.000315,-0.000372,0.000502,-0.001157,0.395660,0.155195,0.000000,0.000000,0.000000
1.172000,0.000000,0.000000,0.593700,0.000000,0.000000,0.000000,-0.000315,0.000000,0.000000,0.000000,0.593700,-0.000000,-0.000000,-0.000000,-0.001832,0.004915,0.598231,0.004618,-0.005078,0.021531,0.000000,0.000000,-0.000315,-0.000375,0.000492,-0.001092,0.395429,0.155100,0.000000,0.000000,0.000000
1.182000,0.000000,0.000000,0.593700,0.000000,0.000000,0.000000,-0.000315,0.000000,0.000000,0.000000,0.593700,-0.000000,-0.000000,-0.000000,-0.001790,0.004862,0.598466,0.002513,-0.006138,0.021040,0.000000,0.000000,-0.000315,-0.000371,0.000488,-0.001031,0.395219,0.154999,0.000000,0.000000,0.000000
1.192000,0.000000,0.000000,0.593700,0.000000,0.000000,0.000000,-0.000315,0.000000,0.000000,0.000000,0.593700,-0.000000,-0.000000,-0.000000,-0.001737,0.004803,0.598711,0.002838,-0.006861,0.022632,0.000000,0.000000,-0.000315,-0.000358,0.000491,-0.000976,0.395003,0.154893,0.000000,0.000000,0.000000
1.202000,0.000000,0.000000,0.593700,0.000000,0.000000,0.000000,-0.000315,0.000000,0.000000,0.000000,0.593700,-0.000000,-0.000000,-0.000000,-0.001689,0.004738,0.598969,0.003680,-0.007360,0.024707,0.000000,0.000000,-0.000315,-0.000344,0.000498,-0.000927,0.394760,0.154783,0.000000,0.000000,0.000000
1.212000,0.000000,0.000000,0.593700,0.000000,0.000000,0.000000,-0.000315,0.000000,0.000000,0.000000,0.593700,0.000000,-0.000000,-0.000000,-0.001671,0.004662,0.599236,0.003912,-0.007536,0.011523,0.000000,0.000000,-0.000315,-0.000290,0.000469,-0.000886,0.394543,0.154684,0.000000,0.000000,0.000000
1.222000,0.000000,0.000000,0.593700,0.000000,0.000000,0.000000,-0.000315,0.000000,0.000000,0.000000,0.593700,-0.000000,-0.000000,-0.000000,-0.001656,0.004593,0.599259,0.003721,-0.007126,-0.010120,0.000000,0.000000,-0.000315,-0.000256,0.000401,-0.000847,0.394535,0.154678,0.000000,0.000000,0.000000
1.232000,0.000000,0.000000,0.593700,0.000000,0.000000,0.000000,-0.000315,0.000000,0.000000,0.000000,0.593700,-0.000000,0.000000,-0.000000,-0.001643,0.004528,0.599052,0.003621,-0.006364,-0.029229,0.000000,0.000000,-0.000315,-0.000244,0.000283,-0.000781,0.395017,0.154904,0.000000,0.000000,0.000000
1.242000,0.000000,0.000000,0.593700,0.000000,0.000000,0.000000,-0.000315,0.000000,0.000000,0.000000,0.593700,-0.000000,-0.000000,-0.000000,-0.001629,0.004470,0.598657,0.003523,-0.005163,-0.042522,0.000000,0.000000,-0.000315,-0.000259,0.000113,-0.000694,0.396376,0.155520,0.000000,0.000000,0.000000
1.252000,0.000000,0.000000,0.593700,0.000000,0.000000,0.000000,-0.000315,0.000000,0.000000,0.000000,0.593700,-0.000000,-0.000000,-0.000000,-0.001610,0.004425,0.598155,0.003306,-0.003641,-0.047645,0.000000,0.000000,-0.000315,-0.000302,-0.000090,-0.000599,0.398994,0.156634,0.000000,0.000000,0.000000
1.262000,0.000000,0.000000,0.593700,0.000000,0.000000,0.000000,-0.000315,0.000000,0.000000,0.000000,0.593700,-0.000000,-0.000000,-0.000000,-0.001588,0.004394,0.597630,0.002748,-0.002056,-0.044767,0.000000,0.000000,-0.000315,-0.000369,-0.000292,-0.000504,0.403228,0.158306,0.000000,0.000000,0.000000
1.272000,0.000000,0.000000,0.593700,0.000000,0.000000,0.000000,-0.000315,0.000000,0.000000,0.000000,0.593700,0.000000,-0.000000,-0.000000,-0.001566,0.004376,0.597166,0.001694,-0.000683,-0.034974,0.000000,0.000000,-0.000315,-0.000451,-0.000452,-0.000412,0.409277,0.160521,0.000000,0.000000,0.000000
1.282000,0.000000,0.000000,0.593700,0.000000,0.000000,0.000000,-0.000315,0.000000,0.000000,0.000000,0.593700,0.000000,-0.000000,-0.000000,-0.001549,0.004369,0.596831,0.000232,0.000276,-0.020265,0.000000,0.000000,-0.000315,-0.000529,-0.000542,-0.000322,0.417011,0.163159,0.000000,0.000000,0.000000
1.292000,0.000000,0.000000,0.593700,0.000000,0.000000,0.000000,-0.000315,0.000000,0.000000,0.000000,0.593700,0.000000,0.000000,-0.000000,-0.001542,0.004368,0.596669,-0.001307,0.000754,-0.003084,0.000000,0.000000,-0.000315,-0.000581,-0.000547,-0.000234,0.425856,0.165983,0.000000,0.000000,0.000000
1.302000,0.000000,0.000000,0.593700,0.000000,0.000000,0.000000,-0.000315,0.000000,0.000000,0.000000,0.593700,-0.000000,0.000000,-0.000000,-0.001545,0.004370,0.596698,-0.002542,0.000790,0.014134,0.000000,0.000000,-0.000315,-0.000591,-0.000470,-0.000146,0.434829,0.168669,0.000000,0.000000,0.000000
1.312000,0.000000,0.000000,0.593700,0.000000,0.000000,0.000000,-0.000315,0.000000,0.000000,0.000000,0.593700,-0.000000,-0.000000,-0.000000,-0.001555,0.004371,0.596910,-0.003267,0.000467,0.029285,0.000000,0.000000,-0.000315,-0.000550,-0.000316,-0.000061,0.442715,0.170869,0.000000,0.000000,0.000000
1.322000,0.000000,0.000000,0.593700,0.000000,0.000000,0.000000,-0.000315,0.000000,0.000000,0.000000,0.593700,-0.000000,0.000000,-0.000000,-0.001570,0.004371,0.597274,-0.003579,-0.000120,0.040691,0.000000,0.000000,-0.000315,-0.000463,-0.000098,0.000023,0.448336,0.172284,0.000000,0.000000,0.000000
1.332000,0.000000,0.000000,0.593700,0.000000,0.000000,0.000000,-0.000315,0.000000,0.000000,0.000000,0.593700,-0.000000,0.000000,-0.000000,-0.001588,0.004366,0.597746,-0.003773,-0.000895,0.047598,0.000000,0.000000,-0.000315,-0.000342,0.000169,0.000103,0.450820,0.172719,0.000000,0.000000,0.000000
1.342000,0.000000,0.000000,0.593700,0.000000,0.000000,0.000000,-0.000315,0.000000,0.000000,0.000000,0.593700,0.000000,-0.000000,-0.000000,-0.001613,0.004355,0.598277,-0.004091,-0.001738,0.049682,0.000000,0.000000,-0.000315,-0.000207,0.000461,0.000180,0.449793,0.172127,0.000000,0.000000,0.000000
1.352000,0.000000,0.000000,0.593700,0.000000,0.000000,0.000000,-0.000315,0.000000,0.000000,0.000000,0.593700,0.000000,-0.000000,-0.000000,-0.001648,0.004340,0.598814,-0.004813,-0.002531,0.047017,0.000000,0.000000,-0.000315,-0.000086,0.000748,0.000251,0.445441,0.170605,0.000000,0.000000,0.000000
1.362000,0.000000,0.000000,0.593700,0.000000,0.000000,0.000000,-0.000315,0.000000,0.000000,0.000000,0.593700,0.000000,-0.000000,-0.000000,-0.001699,0.004318,0.599306,-0.006089,-0.003191,0.040022,0.000000,0.000000,-0.000315,0.000002,0.001001,0.000315,0.438447,0.168373,0.000000,0.000000,0.000000
1.372000,0.000000,0.000000,0.593700,0.000000,0.000000,0.000000,-0.000315,0.000000,0.000000,0.000000,0.593700,-0.000000,-0.000000,-0.000000,-0.001772,0.004291,0.599709,-0.007869,-0.003580,0.029432,0.000000,0.000000,-0.000315,0.000039,0.001190,0.000371,0.429832,0.165730,0.000000,0.000000,0.000000
1.382000,0.000000,0.000000,0.593700,0.000000,0.000000,0.000000,-0.000315,0.000000,0.000000,0.000000,0.593700,0.000000,-0.000000,-0.000000,-0.001870,0.004261,0.599985,-0.009928,-0.003639,0.016113,0.000000,0.000000,-0.000315,0.000017,0.001291,0.000416,0.420746,0.162992,0.000000,0.000000,0.000000
1.392000,0.000000,0.000000,0.593700,0.000000,0.000000,0.000000,-0.000315,0.000000,0.000000,0.000000,0.593700,-0.000000,-0.000000,-0.000000,-0.001995,0.004231,0.600110,-0.012046,-0.003292,0.001307,0.000000,0.000000,-0.000315,-0.000064,0.001297,0.000450,0.412238,0.160446,0.000000,0.000000,0.000000
1.402000,0.000000,0.000000,0.593700,0.000000,0.000000,0.000000,-0.000315,0.000000,0.000000,0.000000,0.593700,-0.000000,-0.000000,-0.000000,-0.002143,0.004203,0.600070,-0.013934,-0.002586,-0.014032,0.000000,0.000000,-0.000315,-0.000193,0.001204,0.000474,0.405058,0.158296,0.000000,0.000000,0.000000
1.414000,0.000000,0.000000,0.593700,0.000000,0.000000,0.000000,-0.000315,0.000000,0.000000,0.000000,0.593700,-0.000000,0.000000,-0.000000,-0.002346,0.004177,0.599808,-0.015496,-0.001211,-0.031291,0.000000,0.000000,-0.000315,-0.000391,0.000977,0.000490,0.398672,0.156381,0.000000,0.000000,0.000000
1.424000,0.000000,0.000000,0.593700,0.000000,0.000000,0.000000,-0.000315,0.000000,0.000000,0.000000,0.593700,-0.000000,-0.000000,-0.000000,-0.002528,0.004183,0.599423,-0.013972,0.000982,-0.018690,-0.001470,-0.000646,-0.000316,-0.000646,0.000648,0.000537,0.396245,0.155887,0.000000,0.000000,0.000000
1.434000,0.000000,0.000000,0.593700,0.000000,0.000000,0.000000,-0.000315,0.000000,0.000000,0.000000,0.593700,-0.000000,0.000000,-0.000000,-0.002653,0.004197,0.599241,-0.010180,0.003715,-0.003431,-0.000932,-0.000369,-0.000315,-0.000927,0.000284,0.000557,0.395687,0.155866,0.000000,0.000000,0.000000
1.444000,0.000000,0.000000,0.593700,0.000000,0.000000,0.000000,-0.000315,0.000000,0.000000,0.000000,0.593700,-0.000000,-0.000000,-0.000000,-0.002743,0.004163,0.599197,-0.008225,0.001212,0.002232,0.000000,0.000000,-0.000315,-0.000938,0.000075,0.000573,0.395155,0.155804,0.000000,0.000000,0.000000
1.454000,0.000000,0.000000,0.593700,0.000000,0.000000,0.000000,-0.000315,0.000000,0.000000,0.000000,0.593700,-0.000000,-0.000000,-0.000000,-0.002800,0.004166,0.599224,-0.005988,0.000545,0.011566,0.000000,0.000000,-0.000315,-0.000815,0.000103,0.000541,0.394762,0.155783,0.000000,0.000000,0.000000
1.464000,0.000000,0.000000,0.593700,0.000000,0.000000,0.000000,-0.000315,0.000000,0.000000,0.000000,0.593700,-0.000000,-0.000000,-0.000000,-0.002854,0.004170,0.599346,-0.004863,-0.000456,0.015380,0.000000,0.000000,-0.000315,-0.000734,0.000195,0.000488,0.394356,0.155738,0.000000,0.000000,0.000000
1.474000,0.000000,0.000000,0.593700,0.000000,0.000000,0.000000,-0.000315,0.000000,0.000000,0.000000,0.593700,-0.000000,-0.000000,-0.000000,-0.002904,0.004164,0.599503,-0.004848,-0.001580,0.014723,0.000000,0.000000,-0.000315,-0.000675,0.000260,0.000423,0.394025,0.155688,0.000000,0.000000,0.000000
1.484000,0.000000,0.000000,0.593700,0.000000,0.000000,0.000000,-0.000315,0.000000,0.000000,0.000000,0.593700,-0.000000,-0.000000,-0.000000,-0.002938,0.004148,0.599672,-0.004720,-0.002563,0.014968,0.000000,0.000000,-0.000315,-0.000633,0.000302,0.000356,0.393747,0.155636,0.000000,0.000000,0.000000
1.494000,0.000000,0.000000,0.593700,0.000000,0.000000,0.000000,-0.000315,0.000000,0.000000,0.000000,0.593700,-0.000000,-0.000000,-0.000000,-0.002912,0.004126,0.599865,-0.001747,-0.003364,0.017835,0.000000,0.000000,-0.000315,-0.000604,0.000328,0.000290,0.393487,0.155576,0.000000,0.000000,0.000000
1.504000,0.000000,0.000000,0.593700,0.000000,0.000000,0.000000,-0.000315,0.000000,0.000000,0.000000,0.593700,-0.000000,-0.000000,-0.000000,-0.002851,0.004097,0.600093,0.002058,-0.003691,0.017279,0.000000,0.000000,-0.000315,-0.000569,0.000346,0.000226,0.393205,0.155503,0.000000,0.000000,0.000000
1.514000,0.000000,0.000000,0.593700,0.000000,0.000000,0.000000,-0.000315,0.000000,0.000000,0.000000,0.593700,-0.000000,-0.000000,-0.000000,-0.002789,0.004059,0.600226,0.005357,-0.003878,0.000232,0.000000,0.000000,-0.000315,-0.000534,0.000351,0.000162,0.393072,0.155494,0.000000,0.000000,0.000000
1.524000,0.000000,0.000000,0.593700,0.000000,0.000000,0.000000,-0.000315,0.000000,0.000000,0.000000,0.593700,-0.000000,0.000000,-0.000000,-0.002726,0.004022,0.600095,0.008425,-0.003855,-0.020349,0.000000,0.000000,-0.000315,-0.000500,0.000322,0.000089,0.393102,0.155556,0.000000,0.000000,0.000000
1.534000,0.000000,0.000000,0.593700,0.000000,0.000000,0.000000,-0.000315,0.000000,0.000000,0.000000,0.593700,0.000000,0.000000,-0.000000,-0.002656,0.003981,0.599751,0.011233,-0.004149,-0.038358,0.000000,0.000000,-0.000315,-0.000450,0.000239,-0.000002,0.393710,0.155845,0.000000,0.000000,0.000000
1.544000,0.000000,0.000000,0.593700,0.000000,0.000000,0.000000,-0.000315,0.000000,0.000000,0.000000,0.593700,-0.000000,0.000000,-0.000000,-0.002569,0.003937,0.599257,0.013176,-0.004595,-0.048937,0.000000,0.000000,-0.000315,-0.000379,0.000107,-0.000101,0.395336,0.156511,0.000000,0.000000,0.000000
1.554000,0.000000,0.000000,0.593700,0.000000,0.000000,0.000000,-0.000315,0.000000,0.000000,0.000000,0.593700,-0.000000,0.000000,-0.000000,-0.002468,0.003889,0.598684,0.013583,-0.005120,-0.051742,0.000000,0.000000,-0.000315,-0.000286,-0.000044,-0.000199,0.398363,0.157666,0.000000,0.000000,0.000000
1.564000,0.000000,0.000000,0.593700,0.000000,0.000000,0.000000,-0.000315,0.000000,0.000000,0.000000,0.593700,-0.000000,0.000000,-0.000000,-0.002361,0.003837,0.598114,0.012596,-0.005585,-0.046826,0.000000,0.000000,-0.000315,-0.000181,-0.000176,-0.000291,0.403109,0.159378,0.000000,0.000000,0.000000
1.574000,0.000000,0.000000,0.593700,0.000000,0.000000,0.000000,-0.000315,0.000000,0.000000,0.000000,0.593700,-0.000000,-0.000000,-0.000000,-0.002255,0.003782,0.597627,0.010719,-0.005868,-0.035457,0.000000,0.000000,-0.000315,-0.000080,-0.000263,-0.000376,0.409689,0.161648,0.000000,0.000000,0.000000
1.584000,0.000000,0.000000,0.593700,0.000000,0.000000,0.000000,-0.000315,0.000000,0.000000,0.000000,0.593700,-0.000000,-0.000000,-0.000000,-0.002157,0.003728,0.597285,0.008731,-0.005913,-0.019726,0.000000,0.000000,-0.000315,-0.000002,-0.000295,-0.000457,0.417862,0.164369,0.000000,0.000000,0.000000
1.594000,0.000000,0.000000,0.593700,0.000000,0.000000,0.000000,-0.000315,0.000000,0.000000,0.000000,0.593700,-0.000000,0.000000,-0.000000,-0.002065,0.003674,0.597125,0.007392,-0.005718,-0.002080,0.000000,0.000000,-0.000315,0.000031,-0.000275,-0.000534,0.426948,0.167303,0.000000,0.000000,0.000000
1.604000,0.000000,0.000000,0.593700,0.000000,0.000000,0.000000,-0.000315,0.000000,0.000000,0.000000,0.593700,-0.000000,-0.000000,-0.000000,-0.001973,0.003624,0.597160,0.007090,-0.005281,0.015106,0.000000,0.000000,-0.000315,0.000008,-0.000203,-0.000610,0.435889,0.170106,0.000000,0.000000,0.000000
1.614000,0.000000,0.000000,0.593700,0.000000,0.000000,0.000000,-0.000315,0.000000,0.000000,0.000000,0.593700,-0.000000,0.000000,-0.000000,-0.001872,0.003578,0.597376,0.007705,-0.004589,0.029845,0.000000,0.000000,-0.000315,-0.000073,-0.000071,-0.000683,0.443451,0.172165,0.000000,0.000000,0.000000
1.624000,0.000000,0.000000,0.593700,0.000000,0.000000,0.000000,-0.000315,0.000000,0.000000,0.000000,0.593700,0.000000,0.000000,-0.000000,-0.001760,0.003538,0.597741,0.008746,-0.003646,0.040698,0.000000,0.000000,-0.000315,-0.000206,0.000127,-0.000754,0.448507,0.173258,0.000000,0.000000,0.000000
1.634000,0.000000,0.000000,0.593700,0.000000,0.000000,0.000000,-0.000315,0.000000,0.000000,0.000000,0.593700,0.000000,-0.000000,-0.000000,-0.001639,0.003506,0.598206,0.009629,-0.002510,0.046781,0.000000,0.000000,-0.000315,-0.000377,0.000390,-0.000822,0.450294,0.173354,0.000000,0.000000,0.000000
1.644000,0.000000,0.000000,0.593700,0.000000,0.000000,0.000000,-0.000315,0.000000,0.000000,0.000000,0.593700,-0.000000,-0.000000,-0.000000,-0.001516,0.003482,0.598720,0.009943,-0.001283,0.047902,0.000000,0.000000,-0.000315,-0.000563,0.000697,-0.000886,0.448572,0.172440,0.000000,0.000000,0.000000
1.654000,0.000000,0.000000,0.593700,0.000000,0.000000,0.000000,-0.000315,0.000000,0.000000,0.000000,0.593700,0.000000,0.000000,-0.000000,-0.001401,0.003468,0.599230,0.009552,-0.000106,0.044420,0.000000,0.000000,-0.000315,-0.000737,0.001017,-0.000946,0.443657,0.170645,0.000000,0.000000,0.000000
1.664000,0.000000,0.000000,0.593700,0.000000,0.000000,0.000000,-0.000315,0.000000,0.000000,0.000000,0.593700,-0.000000,0.000000,-0.000000,-0.001303,0.003463,0.599687,0.008356,0.000923,0.036862,0.000000,0.000000,-0.000315,-0.000875,0.001319,-0.000998,0.436330,0.168212,0.000000,0.000000,0.000000
1.676000,0.000000,0.000000,0.593700,0.000000,0.000000,0.000000,-0.000315,0.000000,0.000000,0.000000,0.593700,-0.000000,-0.000000,-0.000000,-0.001220,0.003468,0.600110,0.005794,0.001858,0.023397,0.000000,0.000000,-0.000315,-0.000966,0.001618,-0.001049,0.425844,0.164888,0.000000,0.000000,0.000000
1.686000,0.000000,0.000000,0.593700,0.000000,0.000000,0.000000,-0.000315,0.000000,0.000000,0.000000,0.593700,0.000000,0.000000,-0.000000,-0.001189,0.003480,0.600317,0.003002,0.002273,0.009606,0.000000,0.000000,-0.000315,-0.000969,0.001783,-0.001080,0.416977,0.162152,0.000000,0.000000,0.000000
1.696000,0.000000,0.000000,0.593700,0.000000,0.000000,0.000000,-0.000315,0.000000,0.000000,0.000000,0.593700,-0.000000,-0.000000,-0.000000,-0.001196,0.003496,0.600369,0.000095,0.002282,-0.005364,0.000000,0.000000,-0.000315,-0.000907,0.001848,-0.001100,0.408971,0.159726,0.000000,0.000000,0.000000
1.706000,0.000000,0.000000,0.593700,0.000000,0.000000,0.000000,-0.000315,0.000000,0.000000,0.000000,0.593700,-0.000000,-0.000000,-0.000000,-0.001237,0.003513,0.600259,-0.002457,0.001850,-0.020384,0.000000,0.000000,-0.000315,-0.000788,0.001801,-0.001109,0.402403,0.157778,0.000000,0.000000,0.000000
1.716000,0.000000,0.000000,0.593700,0.000000,0.000000,0.000000,-0.000315,0.000000,0.000000,0.000000,0.593700,0.000000,-0.000000,-0.000000,-0.001305,0.003527,0.599988,-0.004293,0.000991,-0.034445,0.000000,0.000000,-0.000315,-0.000626,0.001646,-0.001108,0.397471,0.156162,0.000000,0.000000,0.000000
1.726000,0.000000,0.000000,0.593700,0.000000,0.000000,0.000000,-0.000315,0.000000,0.000000,0.000000,0.593700,0.000000,0.000000,-0.000000,-0.001368,0.003554,0.599609,-0.001903,0.000310,-0.014218,0.000000,0.000000,-0.000315,-0.000605,0.001370,-0.001161,0.395802,0.155922,0.000000,0.000000,0.000000
1.736000,0.000000,0.000000,0.593700,0.000000,0.000000,0.000000,-0.000315,0.000000,0.000000,0.000000,0.593700,-0.000000,0.000000,-0.000000,-0.001380,0.003577,0.599455,0.000928,0.000320,-0.003768,0.000000,0.000000,-0.000315,-0.000636,0.001167,-0.001190,0.395127,0.155973,0.000000,0.000000,0.000000
1.746000,0.000000,0.000000,0.593700,0.000000,0.000000,0.000000,-0.000315,0.000000,0.000000,0.000000,0.593700,-0.000000,-0.000000,-0.000000,-0.001380,0.003581,0.599409,0.002309,-0.000063,0.003578,0.000000,0.000000,-0.000315,-0.000573,0.000957,-0.001200,0.394348,0.155979,0.000000,0.000000,0.000000
1.756000,0.000000,0.000000,0.593700,0.000000,0.000000,0.000000,-0.000315,0.000000,0.000000,0.000000,0.593700,-0.000000,-0.000000,-0.000000,-0.001353,0.003576,0.599442,0.002035,-0.001183,0.012423,0.000000,0.000000,-0.000315,-0.000537,0.000829,-0.001163,0.393846,0.155950,0.000000,0.000000,0.000000
1.766000,0.000000,0.000000,0.593700,0.000000,0.000000,0.000000,-0.000315,0.000000,0.000000,0.000000,0.593700,-0.000000,0.000000,-0.000000,-0.001337,0.003562,0.599574,0.000559,-0.002124,0.015569,0.000000,0.000000,-0.000315,-0.000504,0.000747,-0.001111,0.393450,0.155894,0.000000,0.000000,0.000000
1.776000,0.000000,0.000000,0.593700,0.000000,0.000000,0.000000,-0.000315,0.000000,0.000000,0.000000,0.593700,-0.000000,-0.000000,-0.000000,-0.001335,0.003539,0.599735,-0.001279,-0.002959,0.014684,0.000000,0.000000,-0.000315,-0.000471,0.000686,-0.001057,0.393128,0.155831,0.000000,0.000000,0.000000
1.786000,0.000000,0.000000,0.593700,0.000000,0.000000,0.000000,-0.000315,0.000000,0.000000,0.000000,0.593700,-0.000000,-0.000000,-0.000000,-0.001320,0.003510,0.599908,-0.001008,-0.003575,0.015184,0.000000,0.000000,-0.000315,-0.000435,0.000646,-0.001004,0.392845,0.155765,0.000000,0.000000,0.000000
1.796000,0.000000,0.000000,0.593700,0.000000,0.000000,0.000000,-0.000315,0.000000,0.000000,0.000000,0.593700,0.000000,0.000000,-0.000000,-0.001278,0.003478,0.600102,0.001383,-0.003922,0.017849,0.000000,0.000000,-0.000315,-0.000400,0.000621,-0.000952,0.392557,0.155696,0.000000,0.000000,0.000000
1.806000,0.000000,0.000000,0.593700,0.000000,0.000000,0.000000,-0.000315,0.000000,0.000000,0.000000,0.593700,-0.000000,-0.000000,-0.000000,-0.001261,0.003440,0.600337,0.002699,-0.004133,0.014237,0.000000,0.000000,-0.000315,-0.000363,0.000581,-0.000903,0.392233,0.155620,0.000000,0.000000,0.000000
1.816000,0.000000,0.000000,0.593700,0.000000,0.000000,0.000000,-0.000315,0.000000,0.000000,0.000000,0.593700,-0.000000,0.000000,-0.000000,-0.001256,0.003401,0.600434,0.003068,-0.003996,-0.003770,0.000000,0.000000,-0.000315,-0.000322,0.000489,-0.000864,0.392048,0.155599,0.000000,0.000000,0.000000
1.826000,0.000000,0.000000,0.593700,0.000000,0.000000,0.000000,-0.000315,0.000000,0.000000,0.000000,0.593700,-0.000000,-0.000000,-0.000000,-0.001250,0.003367,0.600294,0.003151,-0.003441,-0.024103,0.000000,0.000000,-0.000315,-0.000295,0.000367,-0.000808,0.392163,0.155688,0.000000,0.000000,0.000000
1.836000,0.000000,0.000000,0.593700,0.000000,0.000000,0.000000,-0.000315,0.000000,0.000000,0.000000,0.593700,-0.000000,-0.000000,-0.000000,-0.001241,0.003338,0.599948,0.003227,-0.002585,-0.040675,0.000000,0.000000,-0.000315,-0.000293,0.000205,-0.000728,0.392956,0.156070,0.000000,0.000000,0.000000
1.846000,0.000000,0.000000,0.593700,0.000000,0.000000,0.000000,-0.000315,0.000000,0.000000,0.000000,0.593700,-0.000000,-0.000000,-0.000000,-0.001228,0.003318,0.599451,0.003332,-0.001384,-0.050315,0.000000,0.000000,-0.000315,-0.000322,0.000007,-0.000632,0.394819,0.156882,0.000000,0.000000,0.000000
1.856000,0.000000,0.000000,0.593700,0.000000,0.000000,0.000000,-0.000315,0.000000,0.000000,0.000000,0.593700,-0.000000,-0.000000,-0.000000,-0.001209,0.003310,0.598879,0.003043,-0.000024,-0.052131,0.000000,0.000000,-0.000315,-0.000381,-0.000204,-0.000536,0.398136,0.158211,0.000000,0.000000,0.000000
1.866000,0.000000,0.000000,0.593700,0.000000,0.000000,0.000000,-0.000315,0.000000,0.000000,0.000000,0.593700,-0.000000,0.000000,-0.000000,-0.001187,0.003313,0.598322,0.002249,0.001272,-0.045966,0.000000,0.000000,-0.000315,-0.000464,-0.000394,-0.000444,0.403219,0.160088,0.000000,0.000000,0.000000
1.876000,0.000000,0.000000,0.593700,0.000000,0.000000,0.000000,-0.000315,0.000000,0.000000,0.000000,0.593700,-0.000000,-0.000000,-0.000000,-0.001168,0.003327,0.597858,0.000989,0.002293,-0.033585,0.000000,0.000000,-0.000315,-0.000556,-0.000529,-0.000355,0.410152,0.162458,0.000000,0.000000,0.000000
1.886000,0.000000,0.000000,0.593700,0.000000,0.000000,0.000000,-0.000315,0.000000,0.000000,0.000000,0.593700,-0.000000,0.000000,-0.000000,-0.001156,0.003347,0.597549,-0.000565,0.002907,-0.017260,0.000000,0.000000,-0.000315,-0.000635,-0.000587,-0.000269,0.418621,0.165155,0.000000,0.000000,0.000000
1.896000,0.000000,0.000000,0.593700,0.000000,0.000000,0.000000,-0.000315,0.000000,0.000000,0.000000,0.593700,-0.000000,0.000000,-0.000000,-0.001155,0.003371,0.597426,-0.002099,0.003100,0.000484,0.000000,0.000000,-0.000315,-0.000678,-0.000559,-0.000184,0.427854,0.167902,0.000000,0.000000,0.000000
1.906000,0.000000,0.000000,0.593700,0.000000,0.000000,0.000000,-0.000315,0.000000,0.000000,0.000000,0.593700,-0.000000,-0.000000,-0.000000,-0.001165,0.003395,0.597495,-0.003341,0.002939,0.017219,0.000000,0.000000,-0.000315,-0.000670,-0.000448,-0.000100,0.436724,0.170361,0.000000,0.000000,0.000000
1.916000,0.000000,0.000000,0.593700,0.000000,0.000000,0.000000,-0.000315,0.000000,0.000000,0.000000,0.593700,-0.000000,-0.000000,-0.000000,-0.001183,0.003418,0.597739,-0.004100,0.002503,0.031195,0.000000,0.000000,-0.000315,-0.000606,-0.000264,-0.000016,0.443981,0.172195,0.000000,0.000000,0.000000
1.928000,0.000000,0.000000,0.593700,0.000000,0.000000,0.000000,-0.000315,0.000000,0.000000,0.000000,0.593700,-0.000000,-0.000000,-0.000000,-0.001212,0.003441,0.598211,-0.004482,0.001743,0.042549,0.000000,0.000000,-0.000315,-0.000467,0.000031,0.000082,0.449069,0.173211,0.000000,0.000000,0.000000
1.938000,0.000000,0.000000,0.593700,0.000000,0.000000,0.000000,-0.000315,0.000000,0.000000,0.000000,0.593700,-0.000000,0.000000,-0.000000,-0.001242,0.003456,0.598698,-0.004803,0.000989,0.046776,0.000000,0.000000,-0.000315,-0.000319,0.000323,0.000161,0.449563,0.172932,0.000000,0.000000,0.000000
1.948000,0.000000,0.000000,0.593700,0.000000,0.000000,0.000000,-0.000315,0.000000,0.000000,0.000000,0.593700,-0.000000,0.000000,-0.000000,-0.001281,0.003466,0.599214,-0.005519,0.000232,0.046099,0.000000,0.000000,-0.000315,-0.000168,0.000630,0.000236,0.446591,0.171666,0.000000,0.000000,0.000000
1.958000,0.000000,0.000000,0.593700,0.000000,0.000000,0.000000,-0.000315,0.000000,0.000000,0.000000,0.593700,-0.000000,0.000000,-0.000000,-0.001336,0.003471,0.599706,-0.006745,-0.000393,0.040829,0.000000,0.000000,-0.000315,-0.000037,0.000918,0.000305,0.440660,0.169595,0.000000,0.000000,0.000000
1.968000,0.000000,0.000000,0.593700,0.000000,0.000000,0.000000,-0.000315,0.000000,0.000000,0.000000,0.593700,-0.000000,-0.000000,-0.000000,-0.001413,0.003472,0.600125,-0.008439,-0.000765,0.031629,0.000000,0.000000,-0.000315,0.000051,0.001152,0.000368,0.432685,0.166995,0.000000,0.000000,0.000000
1.978000,0.000000,0.000000,0.593700,0.000000,0.000000,0.000000,-0.000315,0.000000,0.000000,0.000000,0.593700,-0.000000,-0.000000,-0.000000,-0.001514,0.003471,0.600433,-0.010488,-0.000803,0.019390,0.000000,0.000000,-0.000315,0.000082,0.001305,0.000423,0.423790,0.164185,0.000000,0.000000,0.000000
1.988000,0.000000,0.000000,0.593700,0.000000,0.000000,0.000000,-0.000315,0.000000,0.000000,0.000000,0.593700,-0.000000,-0.000000,-0.000000,-0.001642,0.003471,0.600597,-0.012673,-0.000436,0.005048,0.000000,0.000000,-0.000315,0.000050,0.001361,0.000468,0.415081,0.161474,0.000000,0.000000,0.000000
1.998000,0.000000,0.000000,0.593700,0.000000,0.000000,0.000000,-0.000315,0.000000,0.000000,0.000000,0.593700,0.000000,0.000000,-0.000000,-0.001795,0.003473,0.600601,-0.014730,0.000345,-0.010183,0.000000,0.000000,-0.000315,-0.000042,0.001316,0.000502,0.407437,0.159106,0.000000,0.000000,0.000000
2.008000,0.000000,0.000000,0.593700,0.000000,0.000000,0.000000,-0.000315,0.000000,0.000000,0.000000,0.593700,0.000000,-0.000000,-0.000000,-0.001973,0.003599,0.600441,-0.016920,0.029898,-0.024772,0.000000,0.000000,-0.000315,-0.000369,0.001172,0.000541,0.401364,0.157268,0.000000,250.000000,0.000000
2.018000,0.000000,0.000000,0.593700,0.000000,0.000000,0.000000,-0.000315,0.000000,0.000000,0.000000,0.593655,0.000000,0.000000,-0.013248,-0.002187,0.003883,0.600125,-0.019601,0.043271,-0.036011,0.000000,0.000000,-0.000315,-0.001711,0.000855,0.000631,0.396996,0.155788,0.000000,250.000000,0.000000
2.030000,0.000000,0.000000,0.593700,0.000000,0.000000,0.000000,-0.000315,0.000000,0.000000,0.000000,0.593352,-0.000000,-0.000000,-0.037248,-0.002574,0.004789,0.599790,-0.030964,0.071787,-0.005109,-0.002145,-0.000518,-0.000317,-0.004994,0.000183,0.000747,0.395902,0.155127,0.000000,250.000000,0.000000
2.042000,0.000000,0.000000,0.593700,0.000000,0.000000,0.000000,-0.000315,0.000000,0.000000,0.000000,0.592761,-0.000000,-0.000000,-0.061248,-0.003041,0.005662,0.599698,-0.044635,0.068987,-0.000538,-0.001473,-0.000432,-0.000318,-0.008237,-0.000523,0.001011,0.395020,0.154892,0.000000,250.000000,0.000000
2.054000,0.000000,0.000000,0.593700,0.000000,0.000000,0.000000,-0.000315,0.000000,0.000000,0.000000,0.591882,0.000000,-0.000000,-0.085248,-0.003500,0.007142,0.599695,-0.040026,0.126649,0.006928,0.000000,0.000000,-0.000315,-0.007052,-0.000531,0.001213,0.394569,0.153733,0.000000,250.000000,0.000000
2.064000,0.000000,0.000000,0.593700,0.000000,0.000000,0.000000,-0.000315,0.000000,0.000000,0.000000,0.590930,0.000000,0.000000,-0.105248,-0.003887,0.008488,0.599746,-0.036515,0.143057,0.005758,-0.001408,-0.000280,-0.000316,-0.006558,-0.000197,0.001325,0.393857,0.152629,0.000000,250.000000,0.000000
2.076000,0.000000,0.000000,0.593700,0.000000,0.000000,0.000000,-0.000315,0.000000,0.000000,0.000000,0.589654,-0.000000,0.000000,-0.101043,-0.004306,0.010259,0.599794,-0.031504,0.156322,0.000313,-0.001696,-0.000370,-0.000317,-0.006357,-0.000044,0.001478,0.393054,0.151276,0.000000,250.000000,0.000000
2.088000,0.000000,0.000000,0.593700,0.000000,0.000000,0.000000,-0.000315,0.000000,0.000000,0.000000,0.588580,0.000000,-0.000000,-0.077558,-0.004584,0.012139,0.599812,-0.021782,0.166096,-0.002307,-0.001801,-0.000471,-0.000317,-0.006388,-0.000156,0.001614,0.392382,0.149873,0.000000,250.000000,0.000000
2.100000,0.000000,0.000000,0.593700,0.000000,0.000000,0.000000,-0.000315,0.000000,0.000000,0.000000,0.587794,-0.000000,-0.000000,-0.053558,-0.004645,0.014083,0.599810,-0.006076,0.173610,-0.001761,-0.001773,-0.000530,-0.000317,-0.006453,-0.000452,0.001696,0.391856,0.148425,0.000000,250.000000,0.000000
2.112000,0.000000,0.000000,0.593700,0.000000,0.000000,0.000000,-0.000315,0.000000,0.000000,0.000000,0.587266,-0.000000,0.000000,-0.040855,-0.004279,0.016389,0.599767,0.028049,0.199040,-0.020893,-0.001536,-0.000486,-0.000318,-0.007696,-0.000061,0.001711,0.391916,0.146698,0.000000,250.000000,0.000000
2.124000,0.000000,0.000000,0.593700,0.000000,0.000000,0.000000,-0.000315,0.000000,0.000000,0.000000,0.586646,-0.000000,0.000000,-0.063506,-0.003652,0.018761,0.599348,0.057439,0.218155,-0.050162,-0.001258,-0.000324,-0.000319,-0.008652,0.000714,0.001735,0.392299,0.145304,0.000000,250.000000,0.000000
2.136000,0.000000,0.000000,0.593700,0.000000,0.000000,0.000000,-0.000315,0.000000,0.000000,0.000000,0.585740,-0.000000,0.000000,-0.087506,-0.002739,0.021424,0.598535,0.088218,0.241679,-0.074770,-0.001256,-0.000323,-0.000320,-0.009532,0.001526,0.001745,0.393739,0.144424,0.000000,250.000000,0.000000
2.148000,0.000000,0.000000,0.593700,0.000000,0.000000,0.000000,-0.000315,0.000000,0.000000,0.000000,0.584546,-0.000000,-0.000000,-0.111506,-0.001509,0.024394,0.597482,0.116211,0.266965,-0.088613,-0.001295,-0.000346,-0.000322,-0.010603,0.002365,0.001752,0.396861,0.144289,0.000000,250.000000,0.000000
2.160000,0.000000,0.000000,0.593700,0.000000,0.000000,0.000000,-0.000315,0.000000,0.000000,0.000000,0.583064,-0.000000,-0.000000,-0.135506,0.000033,0.027668,0.596312,0.140860,0.292205,-0.091844,-0.001348,-0.000377,-0.000324,-0.012006,0.003301,0.001778,0.402223,0.145188,0.000000,250.000000,0.000000
2.172000,0.000000,0.000000,0.593700,0.000000,0.000000,0.000000,-0.000315,0.000000,0.000000,0.000000,0.581294,-0.000000,-0.000000,-0.159506,0.001869,0.031228,0.595155,0.163437,0.316430,-0.085698,-0.001402,-0.000408,-0.000327,-0.013717,0.004393,0.001834,0.410303,0.147403,0.000000,250.000000,0.000000
2.184000,0.000000,0.000000,0.593700,0.000000,0.000000,0.000000,-0.000315,0.000000,0.000000,0.000000,0.579236,-0.000000,0.000000,-0.183506,0.003977,0.035051,0.594129,0.184602,0.339360,-0.073310,-0.001434,-0.000427,-0.000329,-0.015552,0.005641,0.001895,0.421225,0.151035,0.000000,250.000000,0.000000
2.196000,0.000000,0.000000,0.593700,0.000000,0.000000,0.000000,-0.000315,0.000000,0.000000,0.000000,0.576890,-0.000000,-0.000000,-0.207506,0.006340,0.039124,0.593232,0.205409,0.361928,-0.061220,-0.001266,-0.000331,-0.000329,-0.017239,0.007023,0.001985,0.434600,0.155829,0.000000,250.000000,0.000000
2.208000,0.000000,0.000000,0.593700,0.000000,0.000000,0.000000,-0.000315,0.000000,0.000000,0.000000,0.574256,-0.000000,-0.000000,-0.231506,0.008921,0.043463,0.592546,0.222335,0.385512,-0.048111,-0.001062,-0.000213,-0.000328,-0.018528,0.008502,0.002114,0.448454,0.161170,0.000000,250.000000,0.000000
2.220000,0.000000,0.000000,0.593700,0.000000,0.000000,0.000000,-0.000315,0.000000,0.000000,0.000000,0.571334,0.000000,0.000000,-0.255506,0.011697,0.048065,0.592012,0.238932,0.407867,-0.041247,0.000000,0.000000,-0.000315,-0.019261,0.009858,0.002302,0.452801,0.166340,0.000000,250.000000,0.000000
2.232000,0.000000,0.000000,0.593700,0.000000,0.000000,0.000000,-0.000315,0.000000,0.000000,0.000000,0.568124,0.000000,0.000000,-0.279506,0.014679,0.052999,0.591559,0.256467,0.435784,-0.040715,0.000000,0.000000,-0.000315,-0.019324,0.010981,0.002554,0.453191,0.170577,0.000000,250.000000,0.000000
2.244000,0.000000,0.000000,0.593700,0.000000,0.000000,0.000000,-0.000315,0.000000,0.000000,0.000000,0.564626,0.000000,0.000000,-0.303506,0.017866,0.058284,0.591098,0.272775,0.465159,-0.048371,-0.001054,-0.000210,-0.000331,-0.019095,0.011885,0.002862,0.449941,0.171076,0.000000,250.000000,0.000000
2.256000,0.000000,0.000000,0.593700,0.000000,0.000000,0.000000,-0.000315,0.000000,0.000000,0.000000,0.560839,-0.000000,-0.000000,-0.327506,0.021233,0.063906,0.590517,0.287839,0.494193,-0.064593,-0.001126,-0.000252,-0.000334,-0.018702,0.012527,0.003193,0.444295,0.163706,0.000000,250.000000,0.000000
2.268000,0.000000,0.000000,0.593700,0.000000,0.000000,0.000000,-0.000315,0.000000,0.000000,0.000000,0.556765,-0.000000,-0.000000,-0.351506,0.024802,0.069950,0.589684,0.305059,0.529005,-0.089943,-0.001196,-0.000292,-0.000336,-0.018248,0.012929,0.003561,0.437537,0.155607,0.000000,250.000000,0.000000
2.280000,0.000000,0.000000,0.593700,0.000000,0.000000,0.000000,-0.000315,0.000000,0.000000,0.000000,0.552403,-0.000000,-0.000000,-0.375506,0.028609,0.076426,0.588481,0.325262,0.567081,-0.122479,-0.001288,-0.000345,-0.000338,-0.017954,0.013277,0.003973,0.430763,0.147771,0.000000,250.000000,0.000000
2.292000,0.000000,0.000000,0.593700,0.000000,0.000000,0.000000,-0.000315,0.000000,0.000000,0.000000,0.547753,-0.000000,-0.000000,-0.399506,0.032675,0.083397,0.586840,0.348286,0.610037,-0.159390,-0.001390,-0.000402,-0.000341,-0.018071,0.013750,0.004447,0.414328,0.141241,0.000000,250.000000,0.000000
2.304000,0.000000,0.000000,0.593700,0.000000,0.000000,0.000000,-0.000315,0.000000,0.000000,0.000000,0.542815,0.000000,-0.000000,-0.423506,0.037035,0.090912,0.584719,0.374519,0.657481,-0.198172,-0.001466,-0.000444,-0.000344,-0.018803,0.014464,0.005008,0.392427,0.136732,0.000000,250.000000,0.000000
2.316000,0.000000,0.000000,0.593700,0.000000,0.000000,0.000000,-0.000315,0.000000,0.000000,0.000000,0.537589,0.000000,0.000000,-0.447506,0.041724,0.099718,0.582011,0.403287,0.789935,-0.236960,-0.003217,-0.000117,-0.000366,-0.021439,0.015208,0.005020,0.376571,0.135589,0.000000,250.000000,0.000000
2.326000,0.000000,0.000000,0.593700,0.000000,0.000000,0.000000,-0.000315,0.000000,0.000000,0.000000,0.533014,0.000000,0.000000,-0.467506,0.046037,0.107488,0.579746,0.438019,0.782507,-0.204090,-0.006210,-0.000300,-0.000423,-0.030881,0.016123,0.004610,0.378496,0.141965,0.000000,250.000000,0.000000
2.338000,0.000000,0.000000,0.593700,0.000000,0.000000,0.000000,-0.000315,0.000000,0.000000,0.000000,0.527285,-0.000000,0.000000,-0.486438,0.051598,0.116685,0.577304,0.471512,0.794622,-0.202907,-0.006254,0.000037,-0.000424,-0.040934,0.017571,0.003624,0.382075,0.149203,0.000000,250.000000,0.000000
2.350000,0.000000,0.000000,0.593700,0.000000,0.000000,0.000000,-0.000315,0.000000,0.000000,0.000000,0.521332,-0.000000,0.000000,-0.500000,0.057232,0.124785,0.575149,0.469639,0.727599,-0.157439,-0.001786,-0.000542,-0.000367,-0.038826,0.017702,0.002421,0.386267,0.152413,0.000000,250.000000,0.000000
2.362000,0.000000,0.000000,0.593700,0.000000,0.000000,0.000000,-0.000315,0.000000,0.000000,0.000000,0.515417,0.000000,-0.000000,-0.490439,0.062379,0.133638,0.573470,0.426258,0.698176,-0.093391,-0.003784,-0.000633,-0.000393,-0.036395,0.014868,0.000441,0.393407,0.146510,0.000000,250.000000,0.000000
2.374000,0.000000,0.000000,0.593700,0.000000,0.000000,0.000000,-0.000315,0.000000,0.000000,0.000000,0.509441,-0.000000,-0.000000,-0.500000,0.066962,0.142044,0.572616,0.371558,0.671555,-0.041535,-0.005043,-0.000462,-0.000386,-0.036840,0.010998,-0.001363,0.400710,0.141177,0.000000,250.000000,0.000000
2.386000,0.000000,0.000000,0.593700,0.000000,0.000000,0.000000,-0.000315,0.000000,0.000000,0.000000,0.503441,0.000000,0.000000,-0.500000,0.070845,0.150297,0.572042,0.320977,0.669503,-0.038954,-0.005350,-0.000367,-0.000369,-0.038509,0.007701,-0.002132,0.408002,0.136100,0.000000,250.000000,0.000000
2.398000,0.000000,0.000000,0.593700,0.000000,0.000000,0.000000,-0.000315,0.000000,0.000000,0.000000,0.497459,0.000000,0.000000,-0.494845,0.073974,0.158564,0.571429,0.269964,0.673981,-0.049718,-0.005640,-0.000363,-0.000358,-0.040595,0.005141,-0.001898,0.415288,0.131034,0.000000,250.000000,0.000000
2.410000,0.000000,0.000000,0.593700,0.000000,0.000000,0.000000,-0.000315,0.000000,0.000000,0.000000,0.491560,0.000000,0.000000,-0.489634,0.075612,0.167004,0.570692,0.177455,0.677026,-0.084639,-0.006012,-0.000254,-0.000344,-0.044633,0.003003,-0.001104,0.416382,0.125643,0.000000,250.000000,0.000000
2.422000,0.000000,0.000000,0.593700,0.000000,0.000000,0.000000,-0.000315,0.000000,0.000000,0.000000,0.485718,-0.000000,-0.000000,-0.482519,0.077431,0.174960,0.569365,0.133560,0.658909,-0.141419,-0.005461,-0.000511,-0.000337,-0.047567,-0.000148,0.000488,0.417179,0.120484,0.000000,250.000000,0.000000
2.434000,0.000000,0.000000,0.593700,0.000000,0.000000,0.000000,-0.000315,0.000000,0.000000,0.000000,0.480024,0.000000,-0.000000,-0.466896,0.078789,0.182754,0.567417,0.092103,0.645372,-0.187289,-0.005431,-0.000523,-0.000319,-0.049484,-0.003754,0.002687,0.419592,0.117112,0.000000,250.000000,0.000000
2.446000,0.000000,0.000000,0.593700,0.000000,0.000000,0.000000,-0.000315,0.000000,0.000000,0.000000,0.474485,0.000000,-0.000000,-0.456897,0.079643,0.190437,0.564935,0.049463,0.634371,-0.222499,-0.004122,-0.000961,-0.000332,-0.051154,-0.007202,0.004793,0.424016,0.115926,0.000000,250.000000,0.000000
2.458000,0.000000,0.000000,0.593700,0.000000,0.000000,0.000000,-0.000315,0.000000,0.000000,0.000000,0.469047,0.000000,0.000000,-0.450054,0.079983,0.198018,0.562075,0.005969,0.625048,-0.245621,-0.003940,-0.000973,-0.000324,-0.053175,-0.010382,0.006613,0.430535,0.117129,0.000000,250.000000,0.000000
2.470000,0.000000,0.000000,0.593700,0.000000,0.000000,0.000000,-0.000315,0.000000,0.000000,0.000000,0.463665,0.000000,-0.000000,-0.447550,0.079774,0.205439,0.558996,-0.041918,0.615261,-0.257243,-0.003764,-0.000974,-0.000318,-0.055523,-0.013189,0.008136,0.439352,0.121354,0.000000,250.000000,0.000000
2.482000,0.000000,0.000000,0.593700,0.000000,0.000000,0.000000,-0.000315,0.000000,0.000000,0.000000,0.458303,-0.000000,-0.000000,-0.445511,0.078973,0.212699,0.555808,-0.092862,0.608038,-0.262649,-0.003479,-0.001021,-0.000318,-0.057744,-0.015702,0.009418,0.450572,0.129163,0.000000,250.000000,0.000000
2.494000,0.000000,0.000000,0.593700,0.000000,0.000000,0.000000,-0.000315,0.000000,0.000000,0.000000,0.453015,-0.000000,-0.000000,-0.433242,0.077599,0.219853,0.552634,-0.138487,0.606979,-0.259399,-0.003062,-0.001123,-0.000324,-0.059295,-0.018091,0.010462,0.463800,0.140631,0.000000,250.000000,0.000000
2.506000,0.000000,0.000000,0.593700,0.000000,0.000000,0.000000,-0.000315,0.000000,0.000000,0.000000,0.450000,-0.000000,-0.000000,-0.409893,0.074969,0.226880,0.549546,-0.229646,0.584758,-0.253391,-0.002497,-0.001300,-0.000340,-0.059538,-0.020273,0.011197,0.477966,0.155310,0.000000,0.000000,0.000000
2.518000,0.000000,0.000000,0.593700,0.000000,0.000000,0.000000,-0.000315,0.000000,0.000000,0.000000,0.450000,-0.000000,-0.000000,-0.385893,0.071931,0.233572,0.546537,-0.262256,0.560510,-0.250911,-0.001681,-0.001601,-0.000367,-0.056819,-0.022255,0.011586,0.489334,0.171861,0.000000,0.000000,0.000000
2.530000,0.000000,0.000000,0.593700,0.000000,0.000000,0.000000,-0.000315,0.000000,0.000000,0.000000,0.450000,-0.000000,-0.000000,-0.361893,0.069588,0.240222,0.543628,-0.226486,0.552986,-0.240714,-0.001709,-0.001545,-0.000355,-0.052698,-0.023715,0.011581,0.491032,0.187288,0.000000,0.000000,0.000000
2.542000,0.000000,0.000000,0.593700,0.000000,0.000000,0.000000,-0.000315,0.000000,0.000000,0.000000,0.450000,-0.000000,-0.000000,-0.337893,0.067279,0.245651,0.540804,-0.234631,0.437286,-0.228102,0.072472,0.029373,0.000450,-0.045087,-0.022765,0.011523,0.490455,0.178058,0.000000,0.000000,0.000000
2.554000,0.000000,0.000000,0.593700,0.000000,0.000000,0.000000,-0.000315,0.000000,0.000000,0.000000,0.450000,0.000000,0.000000,-0.342344,0.064796,0.252166,0.538332,-0.255185,0.546743,-0.212940,0.068765,0.029871,0.000326,-0.025564,-0.017036,0.011215,0.488393,0.166090,0.000000,0.000000,0.000000
2.566000,0.000000,0.000000,0.593700,0.000000,0.000000,0.000000,-0.000315,0.000000,0.000000,0.000000,0.450000,0.000000,-0.000000,-0.359501,0.061424,0.258196,0.535675,-0.305080,0.486434,-0.233073,0.068315,0.030341,0.000430,-0.012164,-0.009961,0.010666,0.482507,0.153730,0.000000,0.000000,0.000000
2.576000,0.000000,0.000000,0.593700,0.000000,0.000000,0.000000,-0.000315,0.000000,0.000000,0.000000,0.450000,-0.000000,0.000000,-0.369678,0.057720,0.263342,0.533435,-0.365981,0.504855,-0.236930,0.068114,0.030617,0.000429,0.000955,-0.004203,0.009232,0.476170,0.145268,0.000000,0.000000,0.000000
2.588000,0.000000,0.000000,0.593700,0.000000,0.000000,0.000000,-0.000319,0.000000,0.000000,0.000000,0.450000,0.000000,-0.000000,-0.361765,0.052565,0.269353,0.530465,-0.427277,0.486315,-0.265680,0.067924,0.030944,0.000463,0.012971,0.001782,0.006469,0.455989,0.138975,0.000000,0.000000,0.000000
2.600000,0.000000,0.000000,0.593700,0.000000,0.000000,0.000000,-0.000366,0.000000,0.000000,0.000000,0.450000,-0.000000,-0.000000,-0.360789,0.047728,0.275824,0.527109,-0.417633,0.517866,-0.289557,0.067233,0.031743,0.000402,0.021869,0.005796,0.002774,0.435242,0.137297,0.000000,0.000000,0.000000
2.612000,0.000000,0.000000,0.593700,0.000000,0.000000,0.000000,-0.000493,0.000000,0.000000,0.000000,0.450000,-0.000000,-0.000000,-0.336789,0.042529,0.282382,0.523596,-0.447837,0.547073,-0.289234,0.071166,0.052340,0.000517,0.027723,0.008419,-0.000687,0.424301,0.140866,0.000000,0.000000,0.000000
2.624000,0.000000,0.000000,0.593700,0.000000,0.000000,0.000000,-0.000679,0.000000,0.000000,0.000000,0.450000,-0.000000,0.000000,-0.318278,0.036154,0.289634,0.520096,-0.523804,0.604276,-0.271974,-0.002189,-0.000094,-0.000699,0.028788,0.010466,-0.003818,0.426471,0.149002,0.000000,0.000000,0.000000
2.636000,0.000000,0.000000,0.593700,0.000000,0.000000,0.000000,-0.000933,0.000000,0.000000,0.000000,0.450000,-0.000000,-0.000000,-0.321375,0.029270,0.296869,0.517113,-0.573247,0.559048,-0.235328,-0.004746,-0.001827,-0.000935,0.019544,0.008756,-0.008176,0.431269,0.156581,0.000000,0.000000,0.000000
2.648000,0.000000,0.000000,0.593700,0.000000,0.000000,0.000000,-0.001284,0.000000,0.000384,0.004725,0.450000,-0.000000,0.000000,-0.345375,0.022622,0.303900,0.514284,-0.571037,0.532381,-0.195807,-0.006096,-0.001969,-0.001280,0.009696,0.003394,-0.011639,0.433317,0.163790,0.000000,0.000000,0.000000
2.660000,0.000000,0.000000,0.593700,0.000000,0.000000,0.000000,-0.001668,0.000000,0.000725,0.010254,0.450000,-0.000000,0.000000,-0.369375,0.016351,0.309847,0.512185,-0.531660,0.430248,-0.138327,-0.006164,-0.001040,-0.001686,-0.001903,0.002957,-0.013112,0.436248,0.169652,0.000000,0.000000,0.000000
2.672000,0.000000,0.000000,0.593700,0.000000,0.000000,0.000000,-0.002053,0.000000,0.000907,0.014681,0.450000,-0.000000,0.000000,-0.393375,0.010856,0.314516,0.510838,-0.467729,0.330646,-0.084740,-0.005725,-0.000502,-0.002085,-0.011089,0.004792,-0.013499,0.440693,0.174589,0.000000,0.000000,0.000000
2.684000,0.000000,0.000000,0.593700,0.000000,0.000000,0.000000,-0.002438,0.000000,0.000993,0.018357,0.450000,-0.000000,-0.000000,-0.417375,0.005761,0.318319,0.509911,-0.425778,0.261804,-0.071227,-0.005420,-0.000246,-0.002482,-0.018454,0.007477,-0.013233,0.436840,0.178940,0.000000,0.000000,0.000000
2.696000,0.000000,0.000000,0.593700,0.000000,0.000000,0.000000,-0.002823,0.000000,0.001016,0.021529,0.450000,-0.000000,-0.000000,-0.441375,0.001386,0.321528,0.509104,-0.374636,0.206666,-0.070024,-0.005212,-0.000260,-0.002877,-0.024093,0.009378,-0.012821,0.432804,0.182731,0.000000,0.000000,0.000000
2.708000,0.000000,0.000000,0.593700,0.000000,0.000000,0.000000,-0.003207,0.000000,0.001001,0.024002,0.450000,-0.000000,-0.000000,-0.465375,-0.002380,0.323983,0.508505,-0.308892,0.152376,-0.072892,-0.004456,-0.000302,-0.003261,-0.028079,0.010268,-0.012363,0.429258,0.185769,0.000000,0.000000,0.000000
2.720000,0.000000,0.000000,0.593700,0.000000,0.000000,0.000000,-0.003592,0.000000,0.000970,0.025835,0.450000,-0.000000,-0.000000,-0.489375,-0.005530,0.325764,0.507656,-0.245526,0.098295,-0.101479,-0.003959,-0.000133,-0.003640,-0.030562,0.011029,-0.011734,0.427707,0.188235,0.000000,0.000000,0.000000
2.732000,0.000000,0.000000,0.593700,0.000000,0.000000,0.000000,-0.003977,0.000000,0.000940,0.026953,0.450000,-0.000000,-0.000000,-0.500000,-0.008053,0.326819,0.506376,-0.184626,0.036165,-0.132796,-0.003685,0.000036,-0.004020,-0.032082,0.012046,-0.011264,0.428191,0.190199,0.000000,0.000000,0.000000
2.744000,0.000000,0.000000,0.593700,0.000000,0.000000,0.000000,-0.004361,0.000000,0.000929,0.027283,0.450000,-0.000000,-0.000000,-0.500000,-0.009900,0.327085,0.504717,-0.119761,-0.030047,-0.158997,-0.003573,0.000114,-0.004405,-0.032793,0.013151,-0.011175,0.431287,0.191809,0.000000,0.000000,0.000000
2.756000,0.000000,0.000000,0.593700,0.000000,0.000000,0.000000,-0.004746,0.000000,0.000929,0.027283,0.450000,-0.000000,-0.000000,-0.500000,-0.011021,0.326540,0.502780,-0.056391,-0.096968,-0.173572,-0.003430,0.000187,-0.004788,-0.032614,0.013962,-0.011270,0.437601,0.193100,0.000000,0.000000,0.000000
2.768000,0.000000,0.000000,0.593700,0.000000,0.000000,0.000000,-0.005131,0.000000,0.000929,0.027283,0.450000,-0.000000,-0.000000,-0.500000,-0.011431,0.325210,0.500677,0.001633,-0.159579,-0.179304,-0.003305,0.000236,-0.005171,-0.031514,0.014346,-0.011459,0.447322,0.194212,0.000000,0.000000,0.000000
2.780000,0.000000,0.000000,0.593700,0.000000,0.000000,0.000000,-0.005516,0.000000,0.000929,0.027283,0.450000,0.000000,0.000000,-0.500000,-0.011201,0.323174,0.498555,0.050443,-0.214598,-0.172646,-0.003263,0.000229,-0.005556,-0.029668,0.014270,-0.011808,0.459914,0.195318,0.000000,0.000000,0.000000
2.792000,0.000000,0.000000,0.593700,0.000000,0.000000,0.000000,-0.005888,0.000000,0.000929,0.027283,0.450000,0.000000,0.000000,-0.500000,-0.010434,0.320539,0.496604,0.086624,-0.259160,-0.154752,-0.003140,0.000255,-0.005926,-0.027493,0.013951,-0.012168,0.474159,0.196500,0.000000,0.000000,0.000000
2.804000,0.000000,0.000000,0.593700,0.000000,0.000000,0.000000,-0.006200,0.000000,0.000929,0.027283,0.450000,-0.000000,0.000000,-0.500000,-0.009269,0.317434,0.494925,0.112942,-0.292425,-0.131146,-0.003010,0.000282,-0.006234,-0.025544,0.013597,-0.012507,0.488274,0.197713,0.000000,0.000000,0.000000
2.816000,0.000000,0.000000,0.593700,0.000000,0.000000,0.000000,-0.006435,0.000000,0.000929,0.027283,0.450000,-0.000000,-0.000000,-0.500000,-0.007806,0.313960,0.493536,0.133674,-0.317562,-0.108453,-0.002889,0.000315,-0.006467,-0.024239,0.013362,-0.012899,0.500308,0.198571,0.000000,0.000000,0.000000
2.826000,0.000000,0.000000,0.593700,0.000000,0.000000,0.000000,-0.006592,0.000000,0.000929,0.027283,0.450000,0.000000,0.000000,-0.500000,-0.006429,0.310837,0.492577,0.144370,-0.334208,-0.093851,-0.002829,0.000334,-0.006622,-0.023715,0.013342,-0.013232,0.507379,0.198621,0.000000,0.000000,0.000000
2.838000,0.000000,0.000000,0.593700,0.000000,0.000000,0.000000,-0.006704,0.000000,0.000929,0.027283,0.450000,-0.000000,-0.000000,-0.500000,-0.004518,0.306400,0.491542,0.161322,-0.387533,-0.086844,-0.002653,0.000450,-0.006730,-0.023207,0.013361,-0.013598,0.511387,0.197144,0.000000,0.000000,0.000000
2.850000,0.000000,0.000000,0.593700,0.000000,0.000000,0.000000,-0.006727,0.000000,0.000929,0.027283,0.450000,0.000000,0.000000,-0.490696,-0.002718,0.302109,0.490710,0.156206,-0.373915,-0.074207,-0.002886,0.000324,-0.006759,-0.022943,0.013295,-0.013998,0.510344,0.195496,0.000000,0.000000,0.000000
2.862000,0.000000,0.000000,0.593700,0.000000,0.000000,0.000000,-0.006727,0.000000,0.000929,0.027283,0.450000,0.000000,0.000000,-0.496835,-0.000863,0.297616,0.489854,0.161015,-0.395755,-0.080008,-0.003030,0.000305,-0.006760,-0.024105,0.013288,-0.014350,0.504815,0.191965,0.000000,0.000000,0.000000
2.874000,0.000000,0.000000,0.593700,0.000000,0.000000,0.000000,-0.006727,0.000000,0.000929,0.027283,0.450000,0.000000,-0.000000,-0.500000,0.001031,0.292826,0.488955,0.162646,-0.417524,-0.086177,-0.003026,0.000374,-0.006758,-0.024386,0.012940,-0.014635,0.496674,0.186896,0.000000,0.000000,0.000000
2.886000,0.000000,0.000000,0.593700,0.000000,0.000000,0.000000,-0.006727,0.000000,0.000929,0.027283,0.450000,-0.000000,0.000000,-0.500000,0.002926,0.287734,0.487953,0.157622,-0.442570,-0.095647,-0.002956,0.000487,-0.006752,-0.023868,0.012222,-0.014820,0.487660,0.181208,0.000000,0.000000,0.000000
2.898000,0.000000,0.000000,0.593700,0.000000,0.000000,0.000000,-0.006727,0.000000,0.000929,0.027283,0.450000,-0.000000,-0.000000,-0.500000,0.004726,0.282337,0.486798,0.145356,-0.470355,-0.108804,-0.002909,0.000590,-0.006747,-0.022678,0.011178,-0.014862,0.479109,0.175731,0.000000,0.000000,0.000000
2.910000,0.000000,0.000000,0.593700,0.000000,0.000000,0.000000,-0.006727,0.000000,0.000929,0.027283,0.450000,-0.000000,-0.000000,-0.500000,0.006357,0.276599,0.485454,0.126340,-0.502203,-0.121858,-0.002971,0.000635,-0.006744,-0.020978,0.009867,-0.014716,0.472113,0.170910,0.000000,0.000000,0.000000
2.922000,0.000000,0.000000,0.593700,0.000000,0.000000,0.000000,-0.006727,0.000000,0.000929,0.027283,0.450000,-0.000000,0.000000,-0.500000,0.007719,0.270118,0.483894,0.101714,-0.547807,-0.106176,0.003110,-0.000567,-0.006712,-0.017108,0.008410,-0.014206,0.470742,0.166062,0.000000,0.000000,0.000000
2.934000,0.000000,0.000000,0.593700,0.000000,0.000000,0.000000,-0.006727,0.000000,0.000929,0.027283,0.450000,-0.000000,-0.000000,-0.492971,0.008731,0.263667,0.482749,0.072489,-0.547890,-0.082075,0.003659,-0.000542,-0.006711,-0.011829,0.006375,-0.013722,0.472578,0.160738,0.000000,0.000000,0.000000
2.946000,0.000000,0.000000,0.593700,0.000000,0.000000,0.000000,-0.006727,0.000000,0.000929,0.027283,0.450000,0.000000,-0.000000,-0.490741,0.009499,0.257395,0.481944,0.040885,-0.547308,-0.065858,0.002367,-0.000220,-0.006719,-0.009412,0.004590,-0.013482,0.475708,0.155658,0.000000,0.000000,0.000000
2.958000,0.000000,0.000000,0.593700,0.000000,0.000000,0.000000,-0.006727,0.000000,0.000929,0.027283,0.450000,-0.000000,-0.000000,-0.500000,0.009931,0.250787,0.480987,0.019761,-0.555666,-0.077563,0.001919,0.000029,-0.006719,-0.009304,0.004065,-0.013156,0.477939,0.149886,0.000000,0.000000,0.000000
2.970000,0.000000,0.000000,0.593700,0.000000,0.000000,0.000000,-0.006727,0.000000,0.000929,0.027283,0.450000,-0.000000,-0.000000,-0.480000,0.010094,0.244102,0.479998,0.004816,-0.557496,-0.083227,0.002261,0.000038,-0.006718,-0.008812,0.003662,-0.012715,0.479148,0.144184,0.000000,0.000000,0.000000
2.982000,0.000000,0.000000,0.593700,0.000000,0.000000,0.000000,-0.006727,0.000000,0.000929,0.027283,0.450000,-0.000000,-0.000000,-0.456000,0.010105,0.237446,0.478893,-0.003190,-0.554095,-0.088120,0.002829,0.000043,-0.006718,-0.007882,0.003106,-0.012223,0.480187,0.138529,0.000000,0.000000,0.000000
2.994000,0.000000,0.000000,0.593700,0.000000,0.000000,0.000000,-0.006727,0.000000,0.000929,0.027283,0.450000,0.000000,-0.000000,-0.432000,0.009899,0.230891,0.477681,-0.010866,-0.546397,-0.085544,0.003506,0.000157,-0.006717,-0.006638,0.002462,-0.011723,0.481311,0.132867,0.000000,0.000000,0.000000
3.006000,0.000000,0.000000,0.593700,0.000000,0.000000,0.000000,-0.006727,0.000000,0.000929,0.027283,0.450000,-0.000000,-0.000000,-0.410657,0.009467,0.224178,0.476533,-0.017733,-0.537020,-0.082630,0.004378,0.000126,-0.006718,-0.003877,0.001871,-0.011194,0.480863,0.126846,0.000000,0.000000,0.000000
3.018000,0.000000,0.000000,0.593700,0.000000,0.000000,0.000000,-0.006727,0.000000,0.000929,0.027283,0.450000,-0.000000,-0.000000,-0.432074,0.009136,0.218096,0.475275,-0.021022,-0.493512,-0.097524,0.003530,0.000204,-0.006721,-0.001195,0.001576,-0.010861,0.481634,0.121865,0.000000,0.000000,0.000000
3.030000,0.000000,0.000000,0.593700,0.000000,0.000000,0.000000,-0.006727,0.000000,0.000929,0.027283,0.450000,-0.000000,-0.000000,-0.456074,0.008783,0.212429,0.473812,-0.027984,-0.453254,-0.115443,0.002841,0.000294,-0.006723,-0.000370,0.001249,-0.010752,0.486003,0.119133,0.000000,0.000000,0.000000
3.042000,0.000000,0.000000,0.593700,0.000000,0.000000,0.000000,-0.006727,0.000000,0.000929,0.027283,0.450000,0.000000,-0.000000,-0.480074,0.008347,0.207134,0.472185,-0.037687,-0.415374,-0.126543,0.002465,0.000255,-0.006725,-0.000315,0.000634,-0.010822,0.488856,0.118971,0.000000,0.000000,0.000000
3.054000,0.000000,0.000000,0.593700,0.000000,0.000000,0.000000,-0.006727,0.000000,0.000929,0.027283,0.450000,-0.000000,-0.000000,-0.500000,0.007814,0.202250,0.470500,-0.047694,-0.378361,-0.125841,0.002096,0.000204,-0.006727,-0.000228,-0.000131,-0.011017,0.492980,0.121744,0.000000,0.000000,0.000000
3.066000,0.000000,0.000000,0.593700,0.000000,0.000000,0.000000,-0.006727,0.000000,0.000929,0.027283,0.450000,-0.000000,0.000000,-0.500000,0.007196,0.197794,0.468900,-0.055880,-0.344269,-0.114597,0.001699,0.000158,-0.006728,0.000229,-0.000846,-0.011246,0.498663,0.127858,0.000000,0.000000,0.000000
3.078000,0.000000,0.000000,0.593700,0.000000,0.000000,0.000000,-0.006727,0.000000,0.000929,0.027283,0.450000,0.000000,0.000000,-0.500000,0.006515,0.193741,0.467505,-0.061886,-0.316044,-0.095376,0.001207,0.000156,-0.006729,0.001006,-0.001346,-0.011447,0.506094,0.137446,0.000000,0.000000,0.000000
3.088000,0.000000,0.000000,0.593700,0.000000,0.000000,0.000000,-0.006727,0.000000,0.000929,0.027283,0.450000,0.000000,-0.000000,-0.500000,0.005919,0.190631,0.466557,-0.064833,-0.298258,-0.076177,0.000000,0.000000,-0.006727,0.001654,-0.001540,-0.011563,0.513559,0.147826,0.000000,0.000000,0.000000
3.100000,0.000000,0.000000,0.593700,0.000000,0.000000,0.000000,-0.006727,0.000000,0.000929,0.027283,0.450000,-0.000000,-0.000000,-0.495495,0.005191,0.187097,0.465705,-0.065758,-0.287232,-0.053072,0.000000,0.000000,-0.006727,0.002248,-0.001546,-0.011603,0.523664,0.162241,0.000000,0.000000,0.000000
3.112000,0.000000,0.000000,0.593700,0.000000,0.000000,0.000000,-0.006727,0.000000,0.000929,0.027283,0.450000,-0.000000,-0.000000,-0.471495,0.004473,0.183694,0.465148,-0.063718,-0.284087,-0.032151,0.000000,0.000000,-0.006727,0.002488,-0.001396,-0.011499,0.534299,0.177594,0.000000,0.000000,0.000000
3.124000,0.000000,0.000000,0.593700,0.000000,0.000000,0.000000,-0.006727,0.000000,0.000929,0.027283,0.450000,-0.000000,-0.000000,-0.447495,0.003779,0.180326,0.464853,-0.060400,-0.287173,-0.014052,0.000000,0.000000,-0.006727,0.002070,-0.001225,-0.011198,0.544390,0.192447,0.000000,0.000000,0.000000
3.136000,0.000000,0.000000,0.593700,0.000000,0.000000,0.000000,-0.006727,0.000000,0.000929,0.027283,0.450000,0.000000,-0.000000,-0.423495,0.003115,0.176947,0.464772,-0.057013,-0.291890,0.000037,-0.001140,0.000543,-0.006726,0.000642,-0.001128,-0.010664,0.552664,0.205594,0.000000,0.000000,0.000000
3.148000,0.000000,0.000000,0.593700,0.000000,0.000000,0.000000,-0.006727,0.000000,0.000929,0.027283,0.450000,-0.000000,-0.000000,-0.438139,0.002244,0.175032,0.464995,-0.066030,-0.272022,0.017264,-0.090442,-0.032699,-0.005580,-0.017386,-0.003021,-0.010238,0.554736,0.219245,0.000000,0.000000,0.000000
3.160000,0.000000,0.000000,0.593700,0.000000,0.000000,0.000000,-0.006727,0.000000,0.000929,0.027283,0.450000,-0.000000,0.000000,-0.459475,0.001462,0.171147,0.465070,-0.045046,-0.296152,0.002351,-0.088609,-0.034132,-0.005530,-0.031296,-0.008854,-0.009344,0.551807,0.211350,0.000000,0.000000,0.000000
3.172000,0.000000,0.000000,0.593700,0.000000,0.000000,0.000000,-0.006727,0.000000,0.000929,0.027283,0.450000,-0.000000,-0.000000,-0.435475,0.000991,0.167651,0.465131,-0.042699,-0.304038,-0.001465,-0.088453,-0.034105,-0.005506,-0.046686,-0.015069,-0.008375,0.545317,0.192756,0.000000,0.000000,0.000000
3.184000,0.000000,0.000000,0.593700,0.000000,0.000000,0.000000,-0.006727,0.000000,0.000929,0.027283,0.450000,-0.000000,-0.000000,-0.411475,0.000406,0.163824,0.465096,-0.066126,-0.318622,-0.011284,-0.088262,-0.034013,-0.005534,-0.060320,-0.020038,-0.007417,0.535771,0.177681,0.000000,0.000000,0.000000
3.196000,0.000000,0.000000,0.593700,0.000000,0.000000,0.000000,-0.006727,0.000000,0.000929,0.027283,0.450000,-0.000000,0.000000,-0.387475,-0.000567,0.159748,0.464886,-0.092347,-0.336265,-0.028643,-0.087726,-0.034213,-0.005588,-0.071609,-0.024043,-0.006532,0.523456,0.167054,0.000000,0.000000,0.000000
3.208000,0.000000,0.000000,0.593700,0.000000,0.000000,0.000000,-0.006727,0.000000,0.000929,0.027283,0.450000,-0.000000,-0.000000,-0.363475,-0.001737,0.155468,0.464453,-0.098714,-0.350836,-0.047921,-0.087009,-0.034592,-0.005594,-0.080143,-0.027785,-0.005651,0.511462,0.160949,0.000000,0.000000,0.000000
3.220000,0.000000,0.000000,0.593700,0.000000,0.000000,0.000000,-0.006727,0.000000,0.000929,0.027283,0.450000,-0.000000,-0.000000,-0.339475,-0.002917,0.150569,0.463744,-0.084985,-0.396294,-0.055528,-0.085690,-0.058628,-0.006420,-0.083293,-0.031306,-0.004619,0.505794,0.162857,0.000000,0.000000,0.000000
3.232000,0.000000,0.000000,0.593700,0.000000,0.000000,0.000000,-0.006727,0.000000,0.000929,0.027283,0.450000,-0.000000,0.000000,-0.323475,-0.003599,0.144827,0.463013,-0.054646,-0.451034,-0.030002,0.002861,-0.002007,-0.006990,-0.078717,-0.035358,-0.004468,0.504051,0.170101,0.000000,0.000000,0.000000
3.244000,0.000000,0.000000,0.593700,0.000000,0.000000,0.000000,-0.006727,0.000000,0.000929,0.027283,0.450000,-0.000000,-0.000000,-0.347475,-0.003399,0.139827,0.462956,0.001701,-0.395542,0.005911,0.004249,0.000515,-0.006836,-0.064115,-0.033646,-0.005289,0.506828,0.175338,0.000000,0.000000,0.000000
3.256000,0.000000,0.000000,0.593700,0.000000,0.000000,0.000000,-0.006727,0.000000,0.000929,0.027283,0.450000,-0.000000,-0.000000,-0.371475,-0.003112,0.135343,0.462942,0.011780,-0.357299,-0.001079,0.003634,0.001550,-0.006744,-0.051205,-0.027213,-0.006455,0.509063,0.179585,0.000000,0.000000,0.000000
3.268000,0.000000,0.000000,0.593700,0.000000,0.000000,0.000000,-0.006727,0.000000,0.000929,0.027283,0.450000,-0.000000,-0.000000,-0.395475,-0.003042,0.131238,0.462888,0.000905,-0.327346,-0.009187,0.002695,0.001416,-0.006723,-0.040913,-0.020796,-0.007154,0.509648,0.183380,0.000000,0.000000,0.000000
3.280000,0.000000,0.000000,0.593700,0.000000,0.000000,0.000000,-0.006727,0.000000,0.000929,0.027283,0.450000,-0.000000,-0.000000,-0.413378,-0.003220,0.127454,0.462743,-0.018308,-0.303740,-0.017454,0.001932,0.001042,-0.006722,-0.032586,-0.015399,-0.007420,0.509382,0.186881,0.000000,0.000000,0.000000
3.292000,0.000000,0.000000,0.593700,0.000000,0.000000,0.000000,-0.006727,0.000000,0.000929,0.027283,0.450000,0.000000,-0.000000,-0.403751,-0.003434,0.123929,0.462512,-0.026893,-0.284567,-0.019594,0.001387,0.000595,-0.006727,-0.025939,-0.011071,-0.007410,0.508549,0.190149,0.000000,0.000000,0.000000
3.304000,0.000000,0.000000,0.593700,0.000000,0.000000,0.000000,-0.006727,0.000000,0.000929,0.027283,0.450000,-0.000000,-0.000000,-0.379751,-0.003480,0.120564,0.462337,-0.018291,-0.268793,-0.020029,0.001028,0.000190,-0.006731,-0.020507,-0.007813,-0.007262,0.507059,0.193244,0.000000,0.000000,0.000000
3.316000,0.000000,0.000000,0.593700,0.000000,0.000000,0.000000,-0.006727,0.000000,0.000929,0.027283,0.450000,-0.000000,0.000000,-0.356620,-0.003551,0.117456,0.462104,-0.007478,-0.246888,-0.035780,0.000000,0.000000,-0.006727,-0.016122,-0.005616,-0.007053,0.506066,0.195029,0.000000,0.000000,0.000000
3.328000,0.000000,0.000000,0.593700,0.000000,0.000000,0.000000,-0.006727,0.000000,0.000929,0.027283,0.450000,0.000000,0.000000,-0.348742,-0.003631,0.114598,0.461585,0.000533,-0.223672,-0.056578,0.000000,0.000000,-0.006727,-0.012872,-0.004002,-0.006898,0.506346,0.193233,0.000000,0.000000,0.000000
3.340000,0.000000,0.000000,0.593700,0.000000,0.000000,0.000000,-0.006727,0.000000,0.000929,0.027283,0.450000,-0.000000,0.000000,-0.354630,-0.003672,0.111986,0.460796,0.006736,-0.201457,-0.073579,0.000000,0.000000,-0.006727,-0.010400,-0.002763,-0.006795,0.508955,0.193138,0.000000,0.000000,0.000000
3.350000,0.000000,0.000000,0.593700,0.000000,0.000000,0.000000,-0.006727,0.000000,0.000929,0.027283,0.450000,-0.000000,0.000000,-0.363524,-0.003657,0.110003,0.460015,0.011196,-0.183896,-0.078658,0.000000,0.000000,-0.006727,-0.008695,-0.001993,-0.006761,0.513823,0.194625,0.000000,0.000000,0.000000
3.362000,0.000000,0.000000,0.593700,0.000000,0.000000,0.000000,-0.006727,0.000000,0.000929,0.027283,0.450000,0.000000,-0.000000,-0.368889,-0.003564,0.107849,0.459054,0.016772,-0.165011,-0.074308,0.000000,0.000000,-0.006727,-0.006917,-0.001338,-0.006774,0.523743,0.198480,0.000000,0.000000,0.000000
3.374000,0.000000,0.000000,0.593700,0.000000,0.000000,0.000000,-0.006727,0.000000,0.000929,0.027283,0.450000,0.000000,0.000000,-0.356679,-0.003388,0.105936,0.458196,0.022262,-0.148092,-0.060515,-0.000986,-0.000589,-0.006729,-0.005490,-0.000911,-0.006820,0.538250,0.204598,0.000000,0.000000,0.000000
3.386000,0.000000,0.000000,0.593700,0.000000,0.000000,0.000000,-0.006727,0.000000,0.000929,0.027283,0.450000,-0.000000,-0.000000,-0.332679,-0.003127,0.104203,0.457552,0.027414,-0.135936,-0.040248,-0.001114,-0.000612,-0.006729,-0.004448,-0.000641,-0.006860,0.555941,0.211274,0.000000,0.000000,0.000000
3.398000,0.000000,0.000000,0.593700,0.000000,0.000000,0.000000,-0.006727,0.000000,0.000929,0.027283,0.450000,-0.000000,-0.000000,-0.308679,-0.002785,0.102620,0.457183,0.032295,-0.126532,-0.017885,-0.001190,-0.000611,-0.006729,-0.003761,-0.000337,-0.006869,0.573936,0.213014,0.000000,0.000000,0.000000
3.410000,0.000000,0.000000,0.593700,0.000000,0.000000,0.000000,-0.006727,0.000000,0.000929,0.027283,0.450000,-0.000000,-0.000000,-0.284679,-0.002371,0.101152,0.457095,0.036642,-0.118884,0.002494,-0.001230,-0.000601,-0.006729,-0.003517,0.000130,-0.006840,0.588707,0.213435,0.000000,0.000000,0.000000
3.422000,0.000000,0.000000,0.593700,0.000000,0.000000,0.000000,-0.006727,0.000000,0.000929,0.027283,0.450000,-0.000000,-0.000000,-0.260679,-0.001883,0.099780,0.457241,0.042051,-0.111648,0.017902,-0.001301,-0.000623,-0.006730,-0.003805,0.000801,-0.006770,0.597378,0.212060,0.000000,0.000000,0.000000
3.434000,0.000000,0.000000,0.593700,0.000000,0.000000,0.000000,-0.006727,0.000000,0.000929,0.027283,0.450000,-0.000000,-0.000000,-0.236679,-0.001300,0.098489,0.457565,0.049879,-0.104388,0.027471,-0.001371,-0.000660,-0.006732,-0.004639,0.001652,-0.006681,0.598602,0.208736,0.000000,0.000000,0.000000
3.446000,0.000000,0.000000,0.593700,0.000000,0.000000,0.000000,-0.006727,0.000000,0.000929,0.027283,0.450000,-0.000000,-0.000000,-0.212679,-0.000611,0.097266,0.457987,0.058831,-0.097416,0.030104,-0.001401,-0.000693,-0.006734,-0.005893,0.002626,-0.006619,0.592743,0.203723,0.000000,0.000000,0.000000
3.458000,0.000000,0.000000,0.593700,0.000000,0.000000,0.000000,-0.006727,0.000000,0.000929,0.027283,0.450000,-0.000000,-0.000000,-0.188679,0.000175,0.096101,0.458408,0.067075,-0.091230,0.025339,-0.001380,-0.000716,-0.006737,-0.007321,0.003610,-0.006609,0.581437,0.197619,0.000000,0.000000,0.000000
3.470000,0.000000,0.000000,0.593700,0.000000,0.000000,0.000000,-0.006727,0.000000,0.000929,0.027283,0.450000,-0.000000,-0.000000,-0.164679,0.001034,0.094983,0.458732,0.073190,-0.086301,0.014723,-0.001273,-0.000706,-0.006738,-0.008658,0.004467,-0.006642,0.567061,0.191229,0.000000,0.000000,0.000000
3.482000,0.000000,0.000000,0.593700,0.000000,0.000000,0.000000,-0.006727,0.000000,0.000929,0.027283,0.450000,-0.000000,0.000000,-0.140679,0.001930,0.093903,0.458897,0.076427,-0.082714,-0.000487,-0.001132,-0.000687,-0.006739,-0.009683,0.005085,-0.006693,0.552090,0.185388,0.000000,0.000000,0.000000
3.494000,0.000000,0.000000,0.593700,0.000000,0.000000,0.000000,-0.006727,0.000000,0.000929,0.027283,0.450000,-0.000000,-0.000000,-0.116679,0.002821,0.092860,0.458834,0.076347,-0.079740,-0.017538,-0.001095,-0.000727,-0.006740,-0.010295,0.005456,-0.006723,0.538549,0.180756,0.000000,0.000000,0.000000
3.506000,0.000000,0.000000,0.593700,0.000000,0.000000,0.000000,-0.006727,0.000000,0.000929,0.027283,0.450000,0.000000,-0.000000,-0.092679,0.003650,0.091855,0.458559,0.070929,-0.076983,-0.034119,-0.001082,-0.000776,-0.006741,-0.010500,0.005611,-0.006737,0.527411,0.177744,0.000000,0.000000,0.000000
3.518000,0.000000,0.000000,0.593700,0.000000,0.000000,0.000000,-0.006727,0.000000,0.000929,0.027283,0.450000,0.000000,-0.000000,-0.068679,0.004377,0.090859,0.458056,0.057258,-0.074998,-0.056698,-0.001101,-0.000835,-0.006741,-0.010262,0.005376,-0.006717,0.518887,0.176466,0.000000,0.000000,0.000000
3.530000,0.000000,0.000000,0.593700,0.000000,0.000000,0.000000,-0.006727,0.000000,0.000929,0.027283,0.450000,-0.000000,0.000000,-0.044679,0.005083,0.090110,0.457482,0.066146,-0.063838,-0.022813,-0.001204,-0.000834,-0.006742,-0.010997,0.004929,-0.006617,0.516968,0.177513,0.000000,0.000000,0.000000
3.542000,0.000000,0.000000,0.593700,0.000000,0.000000,0.000000,-0.006727,0.000000,0.000929,0.027283,0.450000,-0.000000,-0.000000,-0.020679,0.005879,0.089283,0.457240,0.071222,-0.065093,-0.010227,-0.001478,-0.000484,-0.006739,-0.011660,0.004673,-0.006459,0.515692,0.178764,0.000000,0.000000,0.000000
3.554000,0.000000,0.000000,0.593700,0.000000,0.000000,0.000000,-0.006727,0.000000,0.000929,0.027283,0.450003,0.000000,0.000000,0.003321,0.006611,0.088479,0.457160,0.057913,-0.068946,0.005296,-0.001205,-0.000609,-0.006737,-0.010067,0.003853,-0.006266,0.514465,0.179652,0.000000,0.000000,0.000000
3.566000,0.000000,0.000000,0.593700,0.000000,0.000000,0.000000,-0.006727,0.000000,0.000929,0.027283,0.450186,-0.000000,0.000000,0.027321,0.007176,0.087623,0.457268,0.038152,-0.080316,0.013312,-0.001631,-0.000443,-0.006735,-0.008926,0.002664,-0.006178,0.514189,0.180329,0.000000,0.000000,0.000000
3.578000,0.000000,0.000000,0.593700,0.000000,0.000000,0.000000,-0.006727,0.000000,0.000929,0.027283,0.450658,-0.000000,0.000000,0.051321,0.007510,0.086641,0.457446,0.017980,-0.091168,0.013409,-0.001743,-0.000299,-0.006733,-0.008143,0.001886,-0.006198,0.514304,0.181170,0.000000,0.000000,0.000000
3.590000,0.000000,0.000000,0.593700,0.000000,0.000000,0.000000,-0.006727,0.000000,0.000929,0.027283,0.451418,0.000000,0.000000,0.075321,0.007601,0.085581,0.457676,0.003097,-0.097950,0.016820,-0.001703,-0.000218,-0.006731,-0.007544,0.001485,-0.006264,0.514351,0.182135,0.000000,0.000000,0.000000
3.600000,0.000000,0.000000,0.593700,0.000000,0.000000,0.000000,-0.006727,0.000000,0.000929,0.027283,0.452271,-0.000000,0.000000,0.095321,0.007494,0.084657,0.457906,-0.008448,-0.101163,0.020937,-0.001606,-0.000210,-0.006730,-0.007102,0.001321,-0.006326,0.514190,0.183016,0.000000,0.000000,0.000000
3.612000,0.000000,0.000000,0.593700,0.000000,0.000000,0.000000,-0.006727,0.000000,0.000929,0.027283,0.453559,-0.000000,0.000000,0.119321,0.007198,0.083428,0.458233,-0.020946,-0.100725,0.010412,-0.001062,-0.000292,-0.006730,-0.006006,0.000982,-0.006382,0.513780,0.184274,0.000000,0.000000,0.000000
3.624000,0.000000,0.000000,0.593700,0.000000,0.000000,0.000000,-0.006727,0.000000,0.000929,0.027283,0.455135,-0.000000,-0.000000,0.143321,0.006856,0.082283,0.458208,-0.031090,-0.096792,-0.012834,-0.001031,-0.000309,-0.006729,-0.005173,0.000588,-0.006453,0.513839,0.185312,0.000000,0.000000,0.000000
3.636000,0.000000,0.000000,0.593700,0.000000,0.000000,0.000000,-0.006727,0.000000,0.000929,0.027283,0.456953,0.000000,-0.000000,0.156627,0.006442,0.081162,0.457950,-0.038879,-0.093163,-0.027303,-0.001038,-0.000304,-0.006728,-0.004674,0.000137,-0.006450,0.515076,0.186593,0.000000,0.000000,0.000000
3.648000,0.000000,0.000000,0.593700,0.000000,0.000000,0.000000,-0.006727,0.000000,0.000929,0.027283,0.458852,-0.000000,0.000000,0.159099,0.005961,0.080075,0.457552,-0.043554,-0.088868,-0.031380,-0.001030,-0.000306,-0.006728,-0.004455,-0.000406,-0.006376,0.518612,0.188603,0.000000,0.000000,0.000000
3.660000,0.000000,0.000000,0.593700,0.000000,0.000000,0.000000,-0.006727,0.000000,0.000929,0.027283,0.460761,0.000000,-0.000000,0.158773,0.005437,0.079034,0.457151,-0.045848,-0.083784,-0.023815,-0.001029,-0.000304,-0.006727,-0.004459,-0.001019,-0.006263,0.525418,0.191576,0.000000,0.000000,0.000000
3.672000,0.000000,0.000000,0.593700,0.000000,0.000000,0.000000,-0.006727,0.000000,0.000929,0.027283,0.462660,-0.000000,-0.000000,0.157736,0.004888,0.078048,0.456899,-0.047417,-0.078444,-0.005826,-0.001056,-0.000284,-0.006726,-0.004627,-0.001609,-0.006138,0.535996,0.195531,0.000000,0.000000,0.000000
3.684000,0.000000,0.000000,0.593700,0.000000,0.000000,0.000000,-0.006727,0.000000,0.000929,0.027283,0.464546,-0.000000,-0.000000,0.156525,0.004319,0.077118,0.456914,-0.049384,-0.073545,0.018736,-0.001109,-0.000249,-0.006726,-0.004889,-0.002065,-0.006016,0.549877,0.200255,0.000000,0.000000,0.000000
3.696000,0.000000,0.000000,0.593700,0.000000,0.000000,0.000000,-0.006727,0.000000,0.000929,0.027283,0.466417,-0.000000,-0.000000,0.155276,0.003730,0.076236,0.457260,-0.051562,-0.069586,0.045518,-0.001168,-0.000209,-0.006725,-0.005151,-0.002306,-0.005906,0.565369,0.205280,0.000000,0.000000,0.000000
3.708000,0.000000,0.000000,0.593700,0.000000,0.000000,0.000000,-0.006727,0.000000,0.000929,0.027283,0.468273,-0.000000,-0.000000,0.154025,0.003125,0.075392,0.457947,-0.052816,-0.066757,0.070593,-0.001221,-0.000175,-0.006725,-0.005314,-0.002306,-0.005816,0.579818,0.209935,0.000000,0.000000,0.000000
3.720000,0.000000,0.000000,0.593700,0.000000,0.000000,0.000000,-0.006727,0.000000,0.000929,0.027283,0.470113,-0.000000,0.000000,0.152781,0.002521,0.074575,0.458937,-0.052233,-0.065095,0.091027,-0.001261,-0.000148,-0.006725,-0.005306,-0.002074,-0.005748,0.590325,0.213491,0.000000,0.000000,0.000000
3.732000,0.000000,0.000000,0.593700,0.000000,0.000000,0.000000,-0.006727,0.000000,0.000929,0.027283,0.471939,-0.000000,-0.000000,0.151546,0.001938,0.073776,0.460161,-0.049963,-0.064561,0.105304,-0.001300,-0.000124,-0.006725,-0.005104,-0.001638,-0.005699,0.594631,0.215360,0.000000,0.000000,0.000000
3.744000,0.000000,0.000000,0.593700,0.000000,0.000000,0.000000,-0.006727,0.000000,0.000929,0.027283,0.473751,0.000000,-0.000000,0.150321,0.001385,0.072986,0.461534,-0.047038,-0.064987,0.112740,-0.001333,-0.000106,-0.006726,-0.004744,-0.001047,-0.005659,0.591763,0.215248,0.000000,0.000000,0.000000
3.756000,0.000000,0.000000,0.593700,0.000000,0.000000,0.000000,-0.006727,0.000000,0.000929,0.027283,0.475547,0.000000,-0.000000,0.149106,0.000858,0.072197,0.462966,-0.044547,-0.065955,0.113291,-0.001351,-0.000097,-0.006727,-0.004305,-0.000393,-0.005618,0.582249,0.213222,0.000000,0.000000,0.000000
3.768000,0.000000,0.000000,0.593700,0.000000,0.000000,0.000000,-0.006727,0.000000,0.000929,0.027283,0.477329,0.000000,0.000000,0.147901,0.000340,0.071406,0.464370,-0.043338,-0.066875,0.107570,-0.001347,-0.000103,-0.006728,-0.003892,0.000206,-0.005573,0.567886,0.209686,0.000000,0.000000,0.000000
3.780000,0.000000,0.000000,0.593700,0.000000,0.000000,0.000000,-0.006727,0.000000,0.000929,0.027283,0.479097,0.000000,-0.000000,0.146705,-0.000189,0.070614,0.465667,-0.043897,-0.067201,0.096789,-0.001317,-0.000125,-0.006728,-0.003604,0.000633,-0.005527,0.551197,0.205294,0.000000,0.000000,0.000000
3.792000,0.000000,0.000000,0.593700,0.000000,0.000000,0.000000,-0.006727,0.000000,0.000929,0.027283,0.480850,-0.000000,-0.000000,0.145519,-0.000751,0.069823,0.466801,-0.046161,-0.066559,0.082607,-0.001263,-0.000162,-0.006729,-0.003498,0.000809,-0.005488,0.534734,0.200796,0.000000,0.000000,0.000000
3.804000,0.000000,0.000000,0.593700,0.000000,0.000000,0.000000,-0.006727,0.000000,0.000929,0.027283,0.482589,-0.000000,-0.000000,0.144343,-0.001360,0.069042,0.467737,-0.049477,-0.064772,0.067206,-0.001187,-0.000212,-0.006729,-0.003578,0.000704,-0.005459,0.520447,0.196855,0.000000,0.000000,0.000000
3.816000,0.000000,0.000000,0.593700,0.000000,0.000000,0.000000,-0.006727,0.000000,0.000929,0.027283,0.484314,-0.000000,-0.000000,0.143176,-0.002016,0.068280,0.468468,-0.052866,-0.061808,0.052575,-0.001109,-0.000262,-0.006728,-0.003799,0.000338,-0.005442,0.509315,0.193909,0.000000,0.000000,0.000000
3.828000,0.000000,0.000000,0.593700,0.000000,0.000000,0.000000,-0.006727,0.000000,0.000929,0.027283,0.486025,-0.000000,-0.000000,0.142018,-0.002710,0.067535,0.469062,-0.053594,-0.058029,0.071274,-0.001512,-0.000601,-0.006729,-0.003880,-0.000084,-0.005397,0.504105,0.193465,0.000000,0.000000,0.000000
3.840000,0.000000,0.000000,0.593700,0.000000,0.000000,0.000000,-0.006727,0.000000,0.000929,0.027283,0.487722,-0.000000,0.000000,0.140798,-0.003323,0.066847,0.469944,-0.046504,-0.053972,0.084465,-0.001089,-0.000351,-0.006728,-0.004214,-0.000597,-0.005391,0.501292,0.193785,0.000000,0.000000,0.000000
3.850000,0.000000,0.000000,0.593700,0.000000,0.000000,0.000000,-0.006727,0.000000,0.000929,0.027283,0.489124,-0.000000,0.000000,0.139462,-0.003759,0.066240,0.470806,-0.041399,-0.056966,0.098637,0.000000,0.000000,-0.006727,-0.004099,-0.000749,-0.005402,0.499436,0.194113,0.000000,0.000000,0.000000
3.862000,0.000000,0.000000,0.593700,0.000000,0.000000,0.000000,-0.006727,0.000000,0.000929,0.027283,0.490786,0.000000,0.000000,0.137417,-0.004172,0.065530,0.472031,-0.030302,-0.062850,0.112156,-0.001344,-0.000222,-0.006727,-0.003725,-0.000341,-0.005472,0.497173,0.194171,0.000000,0.000000,0.000000
3.874000,0.000000,0.000000,0.593700,0.000000,0.000000,0.000000,-0.006727,0.000000,0.000929,0.027283,0.492422,-0.000000,-0.000000,0.135261,-0.004493,0.064758,0.473404,-0.022919,-0.068564,0.116646,-0.001469,-0.000265,-0.006728,-0.003635,0.000013,-0.005570,0.494785,0.194297,0.000000,0.000000,0.000000
3.886000,0.000000,0.000000,0.593700,0.000000,0.000000,0.000000,-0.006727,0.000000,0.000929,0.027283,0.494032,0.000000,-0.000000,0.133115,-0.004692,0.063939,0.474838,-0.017142,-0.072411,0.120040,-0.001488,-0.000299,-0.006728,-0.003591,0.000226,-0.005680,0.492424,0.194478,0.000000,0.000000,0.000000
3.898000,0.000000,0.000000,0.593700,0.000000,0.000000,0.000000,-0.006727,0.000000,0.000929,0.027283,0.495617,0.000000,-0.000000,0.130999,-0.004668,0.063091,0.476321,-0.005886,-0.074557,0.124952,-0.001462,-0.000314,-0.006728,-0.003541,0.000347,-0.005793,0.490071,0.194700,0.000000,0.000000,0.000000
3.910000,0.000000,0.000000,0.593700,0.000000,0.000000,0.000000,-0.006727,0.000000,0.000929,0.027283,0.497176,-0.000000,-0.000000,0.128917,-0.004561,0.062171,0.477845,0.003919,-0.074298,0.111775,-0.001263,-0.000318,-0.006728,-0.003083,0.000413,-0.005888,0.487860,0.195043,0.000000,0.000000,0.000000
3.922000,0.000000,0.000000,0.593700,0.000000,0.000000,0.000000,-0.006727,0.000000,0.000929,0.027283,0.498711,-0.000000,0.000000,0.126867,-0.004462,0.061317,0.479000,0.010722,-0.071599,0.085107,-0.001258,-0.000311,-0.006728,-0.002790,0.000388,-0.005999,0.486389,0.195089,0.000000,0.000000,0.000000
3.934000,0.000000,0.000000,0.593700,0.000000,0.000000,0.000000,-0.006727,0.000000,0.000929,0.027283,0.500221,-0.000000,-0.000000,0.124850,-0.004345,0.060468,0.479838,0.015583,-0.070264,0.066316,-0.001222,-0.000284,-0.006728,-0.002599,0.000276,-0.006139,0.486536,0.194788,0.000000,0.000000,0.000000
3.946000,0.000000,0.000000,0.593700,0.000000,0.000000,0.000000,-0.006727,0.000000,0.000929,0.027283,0.501707,-0.000000,-0.000000,0.122865,-0.004198,0.059622,0.480485,0.018135,-0.069648,0.056636,-0.001219,-0.000276,-0.006728,-0.002385,0.000077,-0.006294,0.489188,0.195479,0.000000,0.000000,0.000000
3.958000,0.000000,0.000000,0.593700,0.000000,0.000000,0.000000,-0.006727,0.000000,0.000929,0.027283,0.503170,0.000000,0.000000,0.120911,-0.004027,0.058783,0.481080,0.018847,-0.069131,0.059321,-0.001241,-0.000280,-0.006727,-0.002102,-0.000167,-0.006439,0.495037,0.197326,0.000000,0.000000,0.000000
3.970000,0.000000,0.000000,0.593700,0.000000,0.000000,0.000000,-0.006727,0.000000,0.000929,0.027283,0.504609,-0.000000,0.000000,0.118989,-0.003848,0.057956,0.481768,0.017113,-0.068388,0.071572,-0.001244,-0.000271,-0.006727,-0.001766,-0.000384,-0.006576,0.504336,0.200362,0.000000,0.000000,0.000000
3.982000,0.000000,0.000000,0.593700,0.000000,0.000000,0.000000,-0.006727,0.000000,0.000929,0.027283,0.506026,-0.000000,-0.000000,0.117097,-0.003674,0.057146,0.482655,0.014517,-0.067309,0.090037,-0.001249,-0.000264,-0.006727,-0.001456,-0.000527,-0.006700,0.516521,0.204400,0.000000,0.000000,0.000000
3.994000,0.000000,0.000000,0.593700,0.000000,0.000000,0.000000,-0.006727,0.000000,0.000929,0.027283,0.507420,-0.000000,-0.000000,0.115235,-0.003505,0.056356,0.483801,0.012951,-0.065939,0.110805,-0.001266,-0.000265,-0.006726,-0.001271,-0.000577,-0.006809,0.530028,0.208948,0.000000,0.000000,0.000000
4.004000,0.000000,0.000000,0.593700,0.000000,0.000000,0.000000,-0.006727,0.000000,0.000929,0.027283,0.508564,-0.000000,-0.000000,0.113706,-0.003356,0.055713,0.484964,0.013273,-0.072052,0.127210,-0.001280,-0.000266,-0.006727,-0.001270,-0.000534,-0.006891,0.540621,0.211071,0.000000,-250.000000,0.000000
4.016000,0.000000,0.000000,0.593700,0.000000,0.000000,0.000000,-0.006727,0.000000,0.000929,0.027283,0.509918,0.000000,0.000000,0.111899,-0.003190,0.054599,0.486587,0.011057,-0.109417,0.144011,-0.001086,-0.000147,-0.006727,-0.000537,-0.000474,-0.007032,0.550159,0.212721,0.000000,-250.000000,0.000000
4.028000,0.000000,0.000000,0.593700,0.000000,0.000000,0.000000,-0.006727,0.000000,0.000929,0.027283,0.511141,-0.000000,-0.000000,0.090117,-0.003085,0.053287,0.488415,0.004951,-0.129017,0.156847,-0.001074,-0.000137,-0.006726,0.000488,-0.000527,-0.007211,0.554310,0.211964,0.000000,-250.000000,0.000000
4.040000,0.000000,0.000000,0.593700,0.000000,0.000000,0.000000,-0.006727,0.000000,0.000929,0.027283,0.512081,0.000000,-0.000000,0.066372,-0.003079,0.051754,0.490370,-0.005413,-0.148082,0.161650,-0.001072,-0.000137,-0.006726,0.001067,-0.000469,-0.007416,0.551917,0.208556,0.000000,-250.000000,0.000000
4.052000,0.000000,0.000000,0.593700,0.000000,0.000000,0.000000,-0.006727,0.000000,0.000929,0.027283,0.512733,-0.000000,-0.000000,0.042372,-0.003210,0.049981,0.492346,-0.016271,-0.168434,0.157692,-0.001125,-0.000172,-0.006726,0.001192,-0.000383,-0.007643,0.543510,0.202856,0.000000,-250.000000,0.000000
4.064000,0.000000,0.000000,0.593700,0.000000,0.000000,0.000000,-0.006727,0.000000,0.000929,0.027283,0.513098,-0.000000,-0.000000,0.018372,-0.003548,0.047934,0.494238,-0.031300,-0.191606,0.146343,-0.001178,-0.000210,-0.006726,0.001052,-0.000412,-0.007894,0.531009,0.195649,0.000000,-250.000000,0.000000
4.076000,0.000000,0.000000,0.593700,0.000000,0.000000,0.000000,-0.006727,0.000000,0.000929,0.027283,0.513174,-0.000000,-0.000000,-0.005628,-0.003971,0.045577,0.495956,-0.041521,-0.218093,0.128490,-0.001219,-0.000243,-0.006726,0.000905,-0.000582,-0.008165,0.517071,0.187906,0.000000,-250.000000,0.000000
4.088000,0.000000,0.000000,0.593700,0.000000,0.000000,0.000000,-0.006727,0.000000,0.000929,0.027283,0.512963,0.000000,-0.000000,-0.029628,-0.004515,0.042884,0.497425,-0.052615,-0.247336,0.107372,-0.001197,-0.000240,-0.006726,0.000904,-0.000960,-0.008442,0.503813,0.180532,0.000000,-250.000000,0.000000
4.100000,0.000000,0.000000,0.593700,0.000000,0.000000,0.000000,-0.006727,0.000000,0.000929,0.027283,0.512463,-0.000000,-0.000000,-0.053628,-0.005269,0.039831,0.498611,-0.071932,-0.278610,0.083882,-0.001140,-0.000215,-0.006725,0.001173,-0.001407,-0.008715,0.492551,0.174308,0.000000,-250.000000,0.000000
4.110000,0.000000,0.000000,0.593700,0.000000,0.000000,0.000000,-0.006727,0.000000,0.000929,0.027283,0.511827,-0.000000,-0.000000,-0.073628,-0.006117,0.036991,0.499367,-0.091015,-0.307104,0.063469,-0.001139,-0.000222,-0.006724,0.001629,-0.001957,-0.008910,0.484916,0.170371,0.000000,-250.000000,0.000000
4.122000,0.000000,0.000000,0.593700,0.000000,0.000000,0.000000,-0.006727,0.000000,0.000929,0.027283,0.510799,-0.000000,-0.000000,-0.097628,-0.007529,0.033237,0.499998,-0.123893,-0.347802,0.041483,0.000543,-0.001174,-0.006726,0.002332,-0.002744,-0.009058,0.477971,0.167228,0.000000,-250.000000,0.000000
4.134000,0.000000,0.000000,0.593700,0.000000,0.000000,0.000000,-0.006727,0.000000,0.000929,0.027283,0.509484,-0.000000,-0.000000,-0.121628,-0.009284,0.028790,0.500491,-0.149956,-0.363485,0.059753,0.000000,0.000000,-0.006727,0.006587,-0.003996,-0.009242,0.476423,0.169839,0.000000,-250.000000,0.000000
4.146000,0.000000,0.000000,0.593700,0.000000,0.000000,0.000000,-0.006727,0.000000,0.000929,0.027283,0.507888,-0.000000,-0.000000,-0.144033,-0.011535,0.024347,0.501191,-0.191060,-0.398089,0.063413,-0.000902,-0.000456,-0.006718,0.008304,-0.005216,-0.009480,0.475227,0.170657,0.000000,-250.000000,0.000000
4.158000,0.000000,0.000000,0.593700,0.000000,0.000000,0.000000,-0.006727,0.000000,0.000929,0.027283,0.506044,-0.000000,-0.000000,-0.153157,-0.013366,0.019744,0.501962,-0.157835,-0.382808,0.081991,0.000000,0.000000,-0.006727,0.006782,-0.003939,-0.009963,0.474138,0.174519,0.000000,-250.000000,0.000000
4.170000,0.000000,0.000000,0.593700,0.000000,0.000000,0.000000,-0.006727,0.000000,0.000929,0.027283,0.504350,-0.000000,-0.000000,-0.129157,-0.014931,0.015143,0.502942,-0.120671,-0.374335,0.079920,0.000000,0.000000,-0.006727,0.007084,-0.001926,-0.009736,0.471317,0.178587,0.000000,-250.000000,0.000000
4.182000,0.000000,0.000000,0.593700,0.000000,0.000000,0.000000,-0.006727,0.000000,0.000929,0.027283,0.502945,-0.000000,-0.000000,-0.105157,-0.016038,0.010661,0.503878,-0.084745,-0.367034,0.069661,0.000000,0.000000,-0.006727,0.007788,-0.000657,-0.008957,0.468215,0.182433,0.000000,-250.000000,0.000000
4.194000,0.000000,0.000000,0.593700,0.000000,0.000000,0.000000,-0.006727,0.000000,0.000929,0.027283,0.501827,0.000000,0.000000,-0.081157,-0.016420,0.006262,0.504732,-0.041633,-0.359988,0.062253,0.000000,0.000000,-0.006727,0.008448,-0.000061,-0.008104,0.465379,0.178831,0.000000,-250.000000,0.000000
4.206000,0.000000,0.000000,0.593700,0.000000,0.000000,0.000000,-0.006727,0.000000,0.000929,0.027283,0.500997,0.000000,-0.000000,-0.057157,-0.014961,0.001730,0.505569,0.056406,-0.364561,0.049834,0.000000,0.000000,-0.006727,0.009979,0.000414,-0.007441,0.463220,0.174558,0.000000,-250.000000,0.000000
4.218000,0.000000,0.000000,0.593700,0.000000,0.000000,0.000000,-0.006727,0.000000,0.000929,0.027283,0.500455,-0.000000,-0.000000,-0.033157,-0.014187,-0.002573,0.505989,0.098429,-0.360985,0.010787,0.000000,0.000000,-0.006727,0.011913,0.001657,-0.006888,0.462555,0.170875,0.000000,-250.000000,0.000000
4.230000,0.000000,0.000000,0.593700,0.000000,0.000000,0.000000,-0.006727,0.000000,0.000929,0.027283,0.500197,0.000000,0.000000,-0.010591,-0.012930,-0.006835,0.505973,0.129362,-0.357496,-0.022695,0.000000,0.000000,-0.006727,0.012958,0.003104,-0.006416,0.463491,0.168312,0.000000,-250.000000,0.000000
4.242000,0.000000,0.000000,0.593700,0.000000,0.000000,0.000000,-0.006727,0.000000,0.000929,0.027283,0.500187,-0.000000,0.000000,0.009255,-0.011192,-0.011122,0.505573,0.166588,-0.358996,-0.045761,0.000000,0.000000,-0.006727,0.013709,0.004447,-0.006059,0.466656,0.167320,0.000000,-250.000000,0.000000
4.254000,0.000000,0.000000,0.593700,0.000000,0.000000,0.000000,-0.006727,0.000000,0.000929,0.027283,0.500440,-0.000000,-0.000000,0.033142,-0.009026,-0.015455,0.504962,0.203224,-0.364192,-0.050491,0.000000,0.000000,-0.006727,0.014635,0.005697,-0.005791,0.472460,0.168059,0.000000,-250.000000,0.000000
4.266000,0.000000,0.000000,0.593700,0.000000,0.000000,0.000000,-0.006727,0.000000,0.000929,0.027283,0.500982,-0.000000,-0.000000,0.057142,-0.006486,-0.019851,0.504361,0.230056,-0.372082,-0.042855,0.000000,0.000000,-0.006727,0.015911,0.007022,-0.005690,0.481006,0.170785,0.000000,-250.000000,0.000000
4.278000,0.000000,0.000000,0.593700,0.000000,0.000000,0.000000,-0.006727,0.000000,0.000929,0.027283,0.501812,-0.000000,-0.000000,0.081142,-0.003652,-0.024326,0.503902,0.250306,-0.382170,-0.026235,0.000000,0.000000,-0.006727,0.017469,0.008502,-0.005706,0.492067,0.175689,0.000000,-250.000000,0.000000
4.290000,0.000000,0.000000,0.593700,0.000000,0.000000,0.000000,-0.006727,0.000000,0.000929,0.027283,0.502929,-0.000000,-0.000000,0.104637,-0.000577,-0.028905,0.503678,0.267566,-0.395055,-0.004539,0.000000,0.000000,-0.006727,0.019077,0.010071,-0.005807,0.505127,0.182578,0.000000,-250.000000,0.000000
4.302000,0.000000,0.000000,0.593700,0.000000,0.000000,0.000000,-0.006727,0.000000,0.000929,0.027283,0.504246,-0.000000,-0.000000,0.110785,0.002730,-0.033628,0.503664,0.287798,-0.411103,0.014235,0.000000,0.000000,-0.006727,0.020459,0.011595,-0.005921,0.519444,0.190809,0.000000,-250.000000,0.000000
4.314000,0.000000,0.000000,0.593700,0.000000,0.000000,0.000000,-0.006727,0.000000,0.000929,0.027283,0.505492,-0.000000,-0.000000,0.093672,0.006262,-0.038542,0.503975,0.304684,-0.430732,0.038364,-0.000992,0.000230,-0.006745,0.021354,0.013111,-0.006092,0.533673,0.199365,0.000000,-250.000000,0.000000
4.326000,0.000000,0.000000,0.593700,0.000000,0.000000,0.000000,-0.006727,0.000000,0.000929,0.027283,0.506472,-0.000000,-0.000000,0.069672,0.009959,-0.043677,0.504596,0.318297,-0.452875,0.056932,-0.001175,0.000316,-0.006751,0.021420,0.014541,-0.006375,0.537203,0.202211,0.000000,-250.000000,0.000000
4.338000,0.000000,0.000000,0.593700,0.000000,0.000000,0.000000,-0.006727,0.000000,0.000929,0.027283,0.507164,0.000000,0.000000,0.045672,0.013795,-0.049111,0.505411,0.330722,-0.477107,0.065087,-0.001242,0.000349,-0.006754,0.020945,0.015722,-0.006782,0.532594,0.194622,0.000000,-250.000000,0.000000
4.350000,0.000000,0.000000,0.593700,0.000000,0.000000,0.000000,-0.006727,0.000000,0.000929,0.027283,0.507568,-0.000000,-0.000000,0.021672,0.017750,-0.054866,0.506273,0.339806,-0.504375,0.063892,-0.001105,0.000282,-0.006751,0.019997,0.016592,-0.007309,0.524451,0.184977,0.000000,-250.000000,0.000000
4.362000,0.000000,0.000000,0.593700,0.000000,0.000000,0.000000,-0.006727,0.000000,0.000929,0.027283,0.507684,-0.000000,-0.000000,-0.002328,0.021801,-0.061000,0.507080,0.347986,-0.536047,0.053000,0.000000,0.000000,-0.006727,0.018934,0.017059,-0.007932,0.514717,0.174109,0.000000,-250.000000,0.000000
4.374000,0.000000,0.000000,0.593700,0.000000,0.000000,0.000000,-0.006727,0.000000,0.000929,0.027283,0.507512,-0.000000,-0.000000,-0.026328,0.025983,-0.067512,0.507732,0.360030,-0.569088,0.035602,0.000000,0.000000,-0.006727,0.017996,0.017071,-0.008602,0.504842,0.162920,0.000000,-250.000000,0.000000
4.384000,0.000000,0.000000,0.593700,0.000000,0.000000,0.000000,-0.006727,0.000000,0.000929,0.027283,0.507149,-0.000000,-0.000000,-0.046328,0.029631,-0.073287,0.508054,0.375554,-0.601487,0.013585,0.000000,0.000000,-0.006727,0.017382,0.016878,-0.009189,0.493602,0.154326,0.000000,-250.000000,0.000000
4.396000,0.000000,0.000000,0.593700,0.000000,0.000000,0.000000,-0.006727,0.000000,0.000929,0.027283,0.506449,-0.000000,-0.000000,-0.070328,0.034279,-0.080673,0.508071,0.398900,-0.645372,-0.016279,0.000000,0.000000,-0.006727,0.017136,0.016889,-0.009989,0.461329,0.145980,0.000000,-250.000000,0.000000
4.408000,0.000000,0.000000,0.593700,0.000000,0.000000,0.000000,-0.006727,0.000000,0.000929,0.027283,0.505461,0.000000,-0.000000,-0.094328,0.039171,-0.088629,0.507757,0.418594,-0.695397,-0.045448,0.000000,0.000000,-0.006727,0.017744,0.017494,-0.010860,0.431613,0.140579,0.000000,-250.000000,0.000000
4.420000,0.000000,0.000000,0.593700,0.000000,0.000000,0.000000,-0.006727,0.000000,0.000929,0.027283,0.504185,0.000000,-0.000000,-0.118328,0.044347,-0.097673,0.506997,0.441958,-0.803516,-0.076454,-0.002854,-0.001142,-0.006755,0.020250,0.018331,-0.010990,0.409098,0.139134,0.000000,-250.000000,0.000000
4.432000,0.000000,0.000000,0.593700,0.000000,0.000000,0.000000,-0.006727,0.000000,0.000929,0.027283,0.502621,-0.000000,-0.000000,-0.142328,0.050002,-0.106670,0.506303,0.478995,-0.784627,-0.052119,0.001159,0.000084,-0.006706,0.026280,0.019929,-0.010949,0.411905,0.144922,0.000000,-250.000000,0.000000
4.444000,0.000000,0.000000,0.593700,0.000000,0.000000,0.000000,-0.006727,0.000000,0.000929,0.027283,0.500818,-0.000000,-0.000000,-0.159420,0.055912,-0.115892,0.505708,0.517043,-0.781160,-0.031145,-0.000972,-0.000312,-0.006738,0.030899,0.021395,-0.010734,0.416208,0.151970,0.000000,-250.000000,0.000000
4.456000,0.000000,0.000000,0.593700,0.000000,0.000000,0.000000,-0.006727,0.000000,0.000929,0.027283,0.498872,-0.000000,-0.000000,-0.154278,0.061648,-0.125106,0.505699,0.472596,-0.731663,0.047531,-0.000292,-0.001106,-0.006701,0.028755,0.019510,-0.010065,0.422856,0.160581,0.000000,-250.000000,0.000000
4.468000,0.000000,0.000000,0.593700,0.000000,0.000000,0.000000,-0.006727,0.000000,0.000929,0.027283,0.496877,-0.000000,-0.000000,-0.178278,0.066940,-0.133698,0.506559,0.426008,-0.669321,0.118764,0.000965,-0.001394,-0.006673,0.028672,0.015154,-0.008453,0.430414,0.168667,0.000000,-250.000000,0.000000
4.480000,0.000000,0.000000,0.593700,0.000000,0.000000,0.000000,-0.006727,0.000000,0.000929,0.027283,0.494593,0.000000,0.000000,-0.202278,0.071755,-0.141763,0.508180,0.389403,-0.634671,0.163673,0.002340,-0.001196,-0.006669,0.029872,0.010266,-0.007266,0.438101,0.174405,0.000000,-250.000000,0.000000
4.492000,0.000000,0.000000,0.593700,0.000000,0.000000,0.000000,-0.006727,0.000000,0.000929,0.027283,0.492022,-0.000000,0.000000,-0.226278,0.075822,-0.149557,0.510124,0.348738,-0.622174,0.178079,0.003043,-0.001051,-0.006675,0.031997,0.006691,-0.007453,0.445392,0.168221,0.000000,-250.000000,0.000000
4.504000,0.000000,0.000000,0.593700,0.000000,0.000000,0.000000,-0.006727,0.000000,0.000929,0.027283,0.489174,-0.000000,-0.000000,-0.247953,0.078954,-0.157391,0.512225,0.285454,-0.609065,0.160470,0.004052,-0.000779,-0.006685,0.035000,0.004170,-0.008438,0.452426,0.161925,0.000000,0.000000,0.000000
4.516000,0.000000,0.000000,0.593700,0.000000,0.000000,0.000000,-0.006727,0.000000,0.000929,0.027283,0.486055,-0.000000,0.000000,-0.271953,0.081425,-0.164323,0.513874,0.217790,-0.544610,0.105526,0.002681,-0.001231,-0.006680,0.037690,0.000904,-0.009725,0.454595,0.156725,0.000000,0.000000,0.000000
4.528000,0.000000,0.000000,0.593700,0.000000,0.000000,0.000000,-0.006727,0.000000,0.000929,0.027283,0.482647,0.000000,-0.000000,-0.295953,0.083442,-0.170703,0.514933,0.165270,-0.496199,0.056368,0.002143,-0.001491,-0.006677,0.038774,-0.002758,-0.011200,0.453550,0.153462,0.000000,0.000000,0.000000
4.540000,0.000000,0.000000,0.593700,0.000000,0.000000,0.000000,-0.006727,0.000000,0.000929,0.027283,0.478952,-0.000000,-0.000000,-0.319953,0.083779,-0.176552,0.515420,0.046158,-0.450801,0.014252,0.001720,-0.001637,-0.006675,0.039333,-0.006163,-0.012642,0.454750,0.152032,0.000000,0.000000,0.000000
4.552000,0.000000,0.000000,0.593700,0.000000,0.000000,0.000000,-0.006727,0.000000,0.000929,0.027283,0.474968,-0.000000,-0.000000,-0.343953,0.084612,-0.181924,0.515346,0.018988,-0.409777,-0.023274,0.001673,-0.001619,-0.006679,0.039997,-0.009263,-0.013994,0.459451,0.152435,0.000000,0.000000,0.000000
4.564000,0.000000,0.000000,0.593700,0.000000,0.000000,0.000000,-0.006727,0.000000,0.000929,0.027283,0.470697,0.000000,-0.000000,-0.367953,0.084993,-0.186763,0.514895,-0.008204,-0.367817,-0.044630,0.001617,-0.001590,-0.006683,0.040880,-0.011916,-0.015106,0.466847,0.155220,0.000000,0.000000,0.000000
4.576000,0.000000,0.000000,0.593700,0.000000,0.000000,0.000000,-0.006727,0.000000,0.000929,0.027283,0.466138,0.000000,-0.000000,-0.391953,0.084865,-0.191049,0.514242,-0.045705,-0.326527,-0.056712,0.001493,-0.001585,-0.006683,0.041659,-0.013981,-0.015988,0.476898,0.160778,0.000000,0.000000,0.000000
4.588000,0.000000,0.000000,0.593700,0.000000,0.000000,0.000000,-0.006727,0.000000,0.000929,0.027283,0.461290,-0.000000,-0.000000,-0.415953,0.084219,-0.194824,0.513496,-0.085614,-0.290029,-0.063486,0.001186,-0.001658,-0.006677,0.041922,-0.015625,-0.016713,0.489136,0.169132,0.000000,0.000000,0.000000
4.600000,0.000000,0.000000,0.593700,0.000000,0.000000,0.000000,-0.006727,0.000000,0.000929,0.027283,0.456155,0.000000,0.000000,-0.439953,0.083145,-0.198197,0.512671,-0.116667,-0.262231,-0.069467,0.000926,-0.001714,-0.006672,0.041468,-0.017034,-0.017287,0.502197,0.179665,0.000000,0.000000,0.000000
4.612000,0.000000,0.000000,0.593700,0.000000,0.000000,0.000000,-0.006727,0.000000,0.000929,0.027283,0.450735,-0.000000,0.000000,-0.461296,0.081807,-0.201253,0.511828,-0.135132,-0.240433,-0.075476,0.000708,-0.001759,-0.006670,0.040251,-0.018148,-0.017631,0.513807,0.191294,0.000000,0.000000,0.000000
4.624000,0.000000,0.000000,0.593700,0.000000,0.000000,0.000000,-0.006727,0.000000,0.000929,0.027283,0.450000,0.000000,-0.000000,-0.459262,0.079274,-0.204021,0.510906,-0.194393,-0.217855,-0.084851,0.000678,-0.001740,-0.006674,0.038139,-0.018801,-0.017828,0.522774,0.200044,0.000000,0.000000,0.000000
4.634000,0.000000,0.000000,0.593700,0.000000,0.000000,0.000000,-0.006727,0.000000,0.000929,0.027283,0.450000,-0.000000,-0.000000,-0.448793,0.077810,-0.206184,0.510076,-0.172179,-0.205705,-0.088074,0.000588,-0.001767,-0.006675,0.035889,-0.019354,-0.017879,0.525669,0.194320,0.000000,0.000000,0.000000
4.646000,0.000000,0.000000,0.593700,0.000000,0.000000,0.000000,-0.006727,0.000000,0.000929,0.027283,0.450000,0.000000,0.000000,-0.435132,0.076080,-0.208584,0.509057,-0.177709,-0.184602,-0.089724,0.001236,-0.001481,-0.006702,0.032823,-0.018725,-0.017820,0.522495,0.186399,0.000000,0.000000,0.000000
4.658000,0.000000,0.000000,0.593700,0.000000,0.000000,0.000000,-0.006727,0.000000,0.000929,0.027283,0.450000,-0.000000,-0.000000,-0.443086,0.073972,-0.210685,0.507957,-0.207888,-0.158792,-0.096923,0.001436,-0.001409,-0.006712,0.028738,-0.016827,-0.017424,0.514438,0.177976,0.000000,0.000000,0.000000
4.670000,0.000000,0.000000,0.593700,0.000000,0.000000,0.000000,-0.006727,0.000000,0.000929,0.027283,0.450000,-0.000000,-0.000000,-0.466694,0.071400,-0.212569,0.506831,-0.236059,-0.140403,-0.101869,0.001341,-0.001483,-0.006713,0.023653,-0.014689,-0.016573,0.502358,0.170505,0.000000,0.000000,0.000000
4.682000,0.000000,0.000000,0.593700,0.000000,0.000000,0.000000,-0.006727,0.000000,0.000929,0.027283,0.450000,-0.000000,-0.000000,-0.490694,0.068427,-0.214416,0.505565,-0.266004,-0.128803,-0.120381,0.001331,-0.001492,-0.006715,0.019798,-0.012686,-0.015221,0.487354,0.165345,0.000000,0.000000,0.000000
4.694000,0.000000,0.000000,0.593700,0.000000,0.000000,0.000000,-0.006727,0.000000,0.000929,0.027283,0.450000,-0.000000,0.000000,-0.500000,0.065013,-0.215974,0.504021,-0.301988,-0.108781,-0.142874,0.001221,-0.001577,-0.006715,0.016960,-0.011036,-0.013312,0.472238,0.162574,0.000000,0.000000,0.000000
4.706000,0.000000,0.000000,0.593700,0.000000,0.000000,0.000000,-0.006727,0.000000,0.000929,0.027283,0.450000,-0.000000,0.000000,-0.500000,0.061093,-0.217436,0.502228,-0.343620,-0.097068,-0.162776,0.002500,-0.001187,-0.006735,0.015390,-0.009887,-0.011038,0.459640,0.162928,0.000000,0.000000,0.000000
4.718000,0.000000,0.000000,0.593700,0.000000,0.000000,0.000000,-0.006727,0.000000,0.000929,0.027283,0.450000,0.000000,0.000000,-0.500000,0.056479,-0.218397,0.500150,-0.396713,-0.056226,-0.166840,0.002058,-0.002251,-0.006717,0.014690,-0.010169,-0.008949,0.454626,0.164878,0.000000,0.000000,0.000000
4.730000,0.000000,0.000000,0.593700,0.000000,0.000000,0.000000,-0.006727,0.000000,0.000929,0.027283,0.450000,0.000000,-0.000000,-0.500000,0.051524,-0.219113,0.498229,-0.420406,-0.032267,-0.139018,0.000000,0.000000,-0.006727,0.012233,-0.011025,-0.007282,0.454161,0.167993,0.000000,0.000000,0.000000
4.742000,0.000000,0.000000,0.593700,0.000000,0.000000,0.000000,-0.006727,0.000000,0.000929,0.027283,0.450000,0.000000,-0.000000,-0.500000,0.046413,-0.220109,0.496572,-0.441517,-0.071708,-0.129214,0.000000,0.000000,-0.006727,0.009547,-0.010917,-0.005627,0.453873,0.170200,0.000000,0.000000,0.000000
4.754000,0.000000,0.000000,0.593700,0.000000,0.000000,0.000000,-0.006727,0.000000,0.000929,0.027283,0.450000,-0.000000,-0.000000,-0.500000,0.041268,-0.220412,0.495127,-0.441441,0.008934,-0.089620,0.000835,0.000667,-0.006742,0.011708,-0.008316,-0.004636,0.454724,0.170967,0.000000,0.000000,0.000000
4.766000,0.000000,0.000000,0.593700,0.000000,0.000000,0.000000,-0.006727,0.000000,0.000929,0.027283,0.450000,-0.000000,-0.000000,-0.500000,0.036452,-0.220062,0.494129,-0.402334,0.070488,-0.077014,0.001101,0.000571,-0.006739,0.013978,-0.004279,-0.003865,0.458775,0.171042,0.000000,0.000000,0.000000
4.778000,0.000000,0.000000,0.593700,0.000000,0.000000,0.000000,-0.006727,0.000000,0.000929,0.027283,0.450000,-0.000000,-0.000000,-0.500000,0.031792,-0.219065,0.493210,-0.376441,0.122746,-0.081713,0.001118,0.000339,-0.006734,0.015727,-0.001377,-0.003096,0.464715,0.170550,0.000000,0.000000,0.000000
4.790000,0.000000,0.000000,0.593700,0.000000,0.000000,0.000000,-0.006727,0.000000,0.000929,0.027283,0.450000,-0.000000,-0.000000,-0.500000,0.027600,-0.217592,0.492240,-0.352572,0.169589,-0.085255,0.001036,0.000118,-0.006729,0.016745,0.000261,-0.002331,0.460172,0.169538,0.000000,0.000000,0.000000
4.802000,0.000000,0.000000,0.593700,0.000000,0.000000,0.000000,-0.006727,0.000000,0.000929,0.027283,0.450000,-0.000000,-0.000000,-0.500000,0.024290,-0.215715,0.491282,-0.299703,0.210244,-0.086794,0.001052,-0.000087,-0.006724,0.017397,0.001130,-0.001698,0.454993,0.168042,0.000000,0.000000,0.000000
4.814000,0.000000,0.000000,0.593700,0.000000,0.000000,0.000000,-0.006727,0.000000,0.000929,0.027283,0.450000,-0.000000,-0.000000,-0.500000,0.021627,-0.213080,0.490342,-0.230993,0.246425,-0.103428,0.000000,0.000000,-0.006727,0.016185,0.001876,-0.001539,0.450557,0.165799,0.000000,0.000000,0.000000
4.826000,0.000000,0.000000,0.593700,0.000000,0.000000,0.000000,-0.006727,0.000000,0.000929,0.027283,0.450000,-0.000000,-0.000000,-0.500000,0.019495,-0.210221,0.489073,-0.166880,0.271872,-0.134297,0.000000,0.000000,-0.006727,0.014894,0.002443,-0.001661,0.448364,0.163942,0.000000,0.000000,0.000000
4.838000,0.000000,0.000000,0.593700,0.000000,0.000000,0.000000,-0.006727,0.000000,0.000929,0.027283,0.450000,0.000000,-0.000000,-0.500000,0.017935,-0.206967,0.487256,-0.099044,0.302382,-0.169689,0.000000,0.000000,-0.006727,0.013736,0.003057,-0.001651,0.449900,0.163060,0.000000,0.000000,0.000000
4.850000,0.000000,0.000000,0.593700,0.000000,0.000000,0.000000,-0.006727,0.000000,0.000929,0.027283,0.450000,0.000000,-0.000000,-0.500000,0.016867,-0.203338,0.485181,-0.052961,0.328159,-0.176624,0.000000,0.000000,-0.006727,0.012357,0.003573,-0.001666,0.455898,0.163502,0.000000,0.000000,0.000000
4.862000,0.000000,0.000000,0.593700,0.000000,0.000000,0.000000,-0.006727,0.000000,0.000929,0.027283,0.450000,0.000000,0.000000,-0.500000,0.016113,-0.199394,0.483092,-0.032726,0.349827,-0.168982,0.000000,0.000000,-0.006727,0.010677,0.003856,-0.001829,0.466400,0.165648,0.000000,0.000000,0.000000
4.874000,0.000000,0.000000,0.593700,0.000000,0.000000,0.000000,-0.006727,0.000000,0.000929,0.027283,0.450000,-0.000000,-0.000000,-0.500000,0.015492,-0.195200,0.481122,-0.031148,0.368569,-0.151304,0.000000,0.000000,-0.006727,0.008774,0.003937,-0.002118,0.480587,0.169887,0.000000,0.000000,0.000000
4.884000,0.000000,0.000000,0.593700,0.000000,0.000000,0.000000,-0.006727,0.000000,0.000929,0.027283,0.450000,-0.000000,-0.000000,-0.500000,0.014981,-0.191546,0.479648,-0.035281,0.382715,-0.131077,0.000000,0.000000,-0.006727,0.007203,0.003884,-0.002365,0.494071,0.175059,0.000000,0.000000,0.000000
4.896000,0.000000,0.000000,0.593700,0.000000,0.000000,0.000000,-0.006727,0.000000,0.000929,0.027283,0.450000,-0.000000,0.000000,-0.500000,0.014330,-0.186993,0.478227,-0.044977,0.397978,-0.100863,0.000000,0.000000,-0.006727,0.005646,0.003756,-0.002704,0.510253,0.182787,0.000000,0.000000,0.000000
4.908000,0.000000,0.000000,0.593700,0.000000,0.000000,0.000000,-0.006727,0.000000,0.000929,0.027283,0.450000,-0.000000,-0.000000,-0.500000,0.013641,-0.182272,0.477193,-0.050654,0.411408,-0.072930,0.000000,0.000000,-0.006727,0.004789,0.003600,-0.003065,0.524250,0.191332,0.000000,0.000000,0.000000
4.920000,0.000000,0.000000,0.593700,0.000000,0.000000,0.000000,-0.006727,0.000000,0.000929,0.027283,0.450000,-0.000000,-0.000000,-0.500000,0.012974,-0.177395,0.476489,-0.051046,0.422856,-0.050763,0.000000,0.000000,-0.006727,0.004845,0.003582,-0.003434,0.534386,0.199465,0.000000,0.000000,0.000000
4.932000,0.000000,0.000000,0.593700,0.000000,0.000000,0.000000,-0.006727,0.000000,0.000929,0.027283,0.450000,0.000000,0.000000,-0.489229,0.012370,-0.172371,0.476036,-0.048089,0.432616,-0.036194,0.000000,0.000000,-0.006727,0.005837,0.003858,-0.003770,0.539641,0.206004,0.000000,0.000000,0.000000
4.944000,0.000000,0.000000,0.593700,0.000000,0.000000,0.000000,-0.006727,0.000000,0.000929,0.027283,0.450000,-0.000000,-0.000000,-0.465461,0.011842,-0.167196,0.475729,-0.042839,0.442852,-0.030341,0.000000,0.000000,-0.006727,0.007536,0.004409,-0.004003,0.539964,0.210083,0.000000,0.000000,0.000000
4.956000,0.000000,0.000000,0.593700,0.000000,0.000000,0.000000,-0.006727,0.000000,0.000929,0.027283,0.450000,-0.000000,-0.000000,-0.441461,0.011378,-0.161851,0.475450,-0.038194,0.455726,-0.032582,0.000000,0.000000,-0.006727,0.009502,0.005070,-0.004098,0.536175,0.211355,0.000000,0.000000,0.000000
4.968000,0.000000,0.000000,0.593700,0.000000,0.000000,0.000000,-0.006727,0.000000,0.000929,0.027283,0.450000,-0.000000,-0.000000,-0.417461,0.010914,-0.156302,0.475112,-0.039356,0.472613,-0.040052,0.000000,0.000000,-0.006727,0.011248,0.005658,-0.004051,0.529567,0.210060,0.000000,0.000000,0.000000
4.980000,0.000000,0.000000,0.593700,0.000000,0.000000,0.000000,-0.006727,0.000000,0.000929,0.027283,0.450000,-0.000000,-0.000000,-0.393461,0.010343,-0.150516,0.474643,-0.049265,0.494002,-0.052432,0.000000,0.000000,-0.006727,0.012420,0.005970,-0.003916,0.521322,0.206896,0.000000,0.000000,0.000000
4.992000,0.000000,0.000000,0.593700,0.000000,0.000000,0.000000,-0.006727,0.000000,0.000929,0.027283,0.450000,-0.000000,-0.000000,-0.378005,0.009567,-0.144445,0.473980,-0.066689,0.520860,-0.068226,0.000000,0.000000,-0.006727,0.012800,0.005797,-0.003761,0.512606,0.200370,0.000000,0.000000,0.000000
5.004000,0.000000,0.000000,0.593700,0.000000,0.000000,0.000000,-0.006727,0.000000,0.000929,0.027283,0.450000,-0.000000,-0.000000,-0.392674,0.008478,-0.138038,0.473119,-0.092714,0.552850,-0.083833,0.000000,0.000000,-0.006727,0.012280,0.005135,-0.003603,0.504524,0.195719,0.000000,0.000000,0.000000
5.016000,0.000000,0.000000,0.593700,0.000000,0.000000,0.000000,-0.006727,0.000000,0.000929,0.027283,0.450000,-0.000000,0.000000,-0.416674,0.007004,-0.131178,0.472037,-0.130177,0.603178,-0.103537,0.000000,0.000000,-0.006727,0.010807,0.004131,-0.003601,0.497414,0.193042,0.000000,0.000000,0.000000
5.028000,0.000000,0.000000,0.593700,0.000000,0.000000,0.000000,-0.006727,0.000000,0.000929,0.027283,0.450000,-0.000000,-0.000000,-0.428775,0.005020,-0.123640,0.470831,-0.164901,0.616270,-0.073853,-0.006044,-0.001090,-0.006733,0.005063,0.002402,-0.003851,0.496040,0.186805,0.000000,0.000000,0.000000
5.040000,0.000000,0.000000,0.593700,0.000000,0.000000,0.000000,-0.006727,0.000000,0.000929,0.027283,0.450000,-0.000000,-0.000000,-0.404775,0.002729,-0.116251,0.469984,-0.192514,0.625155,-0.061639,-0.006491,-0.001246,-0.006723,0.000096,-0.000041,-0.004128,0.495626,0.180923,0.000000,0.000000,0.000000
5.052000,0.000000,0.000000,0.593700,0.000000,0.000000,0.000000,-0.006727,0.000000,0.000929,0.027283,0.450000,0.000000,0.000000,-0.385818,0.000383,-0.109212,0.469399,-0.199031,0.592115,-0.038544,-0.004833,-0.000679,-0.006719,-0.000021,-0.001340,-0.004330,0.496092,0.175660,0.000000,0.000000,0.000000
5.064000,0.000000,0.000000,0.593700,0.000000,0.000000,0.000000,-0.006727,0.000000,0.000929,0.027283,0.450000,0.000000,0.000000,-0.384441,-0.001605,-0.102217,0.468849,-0.164534,0.547563,-0.033768,-0.005554,-0.000648,-0.006725,-0.000192,-0.000099,-0.004487,0.495032,0.169581,0.000000,0.000000,0.000000
5.076000,0.000000,0.000000,0.593700,0.000000,0.000000,0.000000,-0.006727,0.000000,0.000929,0.027283,0.450000,-0.000000,-0.000000,-0.408441,-0.003175,-0.095754,0.468398,-0.120842,0.507624,-0.039557,-0.005896,-0.000673,-0.006733,-0.001350,0.001100,-0.004972,0.493587,0.164257,0.000000,0.000000,0.000000
5.088000,0.000000,0.000000,0.593700,0.000000,0.000000,0.000000,-0.006727,0.000000,0.000929,0.027283,0.450000,-0.000000,-0.000000,-0.432441,-0.004135,-0.089697,0.467791,-0.075200,0.472323,-0.047817,-0.006298,-0.000643,-0.006737,-0.002623,0.001636,-0.005512,0.492622,0.159305,0.000000,0.000000,0.000000
5.100000,0.000000,0.000000,0.593700,0.000000,0.000000,0.000000,-0.006727,0.000000,0.000929,0.027283,0.450000,-0.000000,-0.000000,-0.456441,-0.004532,-0.083980,0.467090,-0.033696,0.440993,-0.046526,-0.006841,-0.000479,-0.006738,-0.003834,0.001612,-0.005905,0.492114,0.154587,0.000000,0.000000,0.000000
5.112000,0.000000,0.000000,0.593700,0.000000,0.000000,0.000000,-0.006727,0.000000,0.000929,0.027283,0.450000,-0.000000,0.000000,-0.480441,-0.004560,-0.078472,0.466402,0.001313,0.409059,-0.052783,-0.006764,-0.000416,-0.006740,-0.006685,0.001623,-0.006262,0.492407,0.149851,0.000000,0.000000,0.000000
5.124000,0.000000,0.000000,0.593700,0.000000,0.000000,0.000000,-0.006727,0.000000,0.000929,0.027283,0.450000,0.000000,0.000000,-0.500000,-0.004373,-0.073837,0.465509,0.023410,0.360002,-0.070909,-0.005801,-0.000089,-0.006738,-0.007714,0.001817,-0.006539,0.493273,0.146802,0.000000,0.000000,0.000000
5.134000,0.000000,0.000000,0.593700,0.000000,0.000000,0.000000,-0.006727,0.000000,0.000929,0.027283,0.450000,-0.000000,-0.000000,-0.500000,-0.004127,-0.070313,0.464636,0.032974,0.325330,-0.082429,-0.005356,0.000017,-0.006737,-0.007633,0.001779,-0.006709,0.494769,0.145919,0.000000,0.000000,0.000000
5.146000,0.000000,0.000000,0.593700,0.000000,0.000000,0.000000,-0.006727,0.000000,0.000929,0.027283,0.450000,0.000000,-0.000000,-0.500000,-0.003769,-0.066495,0.463478,0.035929,0.286227,-0.088812,-0.005033,0.000038,-0.006734,-0.007222,0.001449,-0.006788,0.498188,0.147053,0.000000,0.000000,0.000000
5.158000,0.000000,0.000000,0.593700,0.000000,0.000000,0.000000,-0.006727,0.000000,0.000929,0.027283,0.450000,-0.000000,-0.000000,-0.500000,-0.003402,-0.063125,0.462299,0.032841,0.249758,-0.085444,-0.004759,0.000024,-0.006732,-0.006990,0.000952,-0.006740,0.503750,0.150881,0.000000,0.000000,0.000000
5.170000,0.000000,0.000000,0.593700,0.000000,0.000000,0.000000,-0.006727,0.000000,0.000929,0.027283,0.450000,-0.000000,-0.000000,-0.500000,-0.003068,-0.060186,0.461217,0.027012,0.217587,-0.073047,-0.004438,0.000023,-0.006729,-0.007114,0.000461,-0.006609,0.511592,0.157636,0.000000,0.000000,0.000000
5.182000,0.000000,0.000000,0.593700,0.000000,0.000000,0.000000,-0.006727,0.000000,0.000929,0.027283,0.450000,-0.000000,-0.000000,-0.500000,-0.002786,-0.057629,0.460337,0.020796,0.191901,-0.054529,-0.004043,0.000056,-0.006727,-0.007503,0.000107,-0.006446,0.521575,0.167203,0.000000,0.000000,0.000000
5.194000,0.000000,0.000000,0.593700,0.000000,0.000000,0.000000,-0.006727,0.000000,0.000929,0.027283,0.450000,0.000000,-0.000000,-0.500000,-0.002557,-0.055372,0.459722,0.015520,0.174148,-0.033732,-0.003603,0.000120,-0.006726,-0.007948,-0.000048,-0.006297,0.533180,0.178982,0.000000,0.000000,0.000000
5.206000,0.000000,0.000000,0.593700,0.000000,0.000000,0.000000,-0.006727,0.000000,0.000929,0.027283,0.450000,0.000000,-0.000000,-0.486294,-0.002375,-0.053321,0.459382,0.011602,0.164286,-0.014026,-0.003176,0.000200,-0.006726,-0.008222,-0.000016,-0.006203,0.545420,0.191968,0.000000,0.000000,0.000000
5.218000,0.000000,0.000000,0.593700,0.000000,0.000000,0.000000,-0.006727,0.000000,0.000929,0.027283,0.450000,0.000000,0.000000,-0.462294,-0.002234,-0.051385,0.459291,0.008786,0.160794,0.002573,-0.002816,0.000278,-0.006726,-0.008098,0.000120,-0.006206,0.556909,0.204977,0.000000,0.000000,0.000000
5.230000,0.000000,0.000000,0.593700,0.000000,0.000000,0.000000,-0.006727,0.000000,0.000929,0.027283,0.450000,-0.000000,-0.000000,-0.438294,-0.002131,-0.049493,0.459399,0.006324,0.161394,0.015195,-0.002550,0.000350,-0.006726,-0.007362,0.000240,-0.006338,0.566091,0.216887,0.000000,0.000000,0.000000
5.242000,0.000000,0.000000,0.593700,0.000000,0.000000,0.000000,-0.006727,0.000000,0.000929,0.027283,0.450000,0.000000,-0.000000,-0.414294,-0.002065,-0.047593,0.459651,0.003027,0.164182,0.023227,-0.002379,0.000414,-0.006726,-0.005880,0.000265,-0.006597,0.571554,0.226822,0.000000,0.000000,0.000000
5.254000,0.000000,0.000000,0.593700,0.000000,0.000000,0.000000,-0.006727,0.000000,0.000929,0.027283,0.450000,0.000000,-0.000000,-0.390294,-0.002052,-0.045644,0.459979,-0.002422,0.168311,0.025203,-0.002312,0.000465,-0.006726,-0.003709,0.000203,-0.006933,0.572267,0.213126,0.000000,0.000000,0.000000
5.266000,0.000000,0.000000,0.593700,0.000000,0.000000,0.000000,-0.006727,0.000000,0.000929,0.027283,0.450000,-0.000000,-0.000000,-0.366294,-0.002121,-0.043615,0.460298,-0.010593,0.173664,0.020055,-0.002377,0.000482,-0.006727,-0.001115,0.000102,-0.007270,0.567779,0.199177,0.000000,0.000000,0.000000
5.278000,0.000000,0.000000,0.593700,0.000000,0.000000,0.000000,-0.006727,0.000000,0.000929,0.027283,0.450000,-0.000000,-0.000000,-0.342294,-0.002302,-0.041486,0.460519,-0.020443,0.179890,0.008377,-0.002607,0.000445,-0.006728,0.001537,-0.000036,-0.007563,0.558568,0.186612,0.000000,0.000000,0.000000
5.290000,0.000000,0.000000,0.593700,0.000000,0.000000,0.000000,-0.006727,0.000000,0.000929,0.027283,0.450000,-0.000000,-0.000000,-0.318294,-0.002605,-0.039258,0.460566,-0.029878,0.186023,-0.007882,-0.002985,0.000353,-0.006728,0.003930,-0.000260,-0.007802,0.546392,0.176501,0.000000,0.000000,0.000000
5.302000,0.000000,0.000000,0.593700,0.000000,0.000000,0.000000,-0.006727,0.000000,0.000929,0.027283,0.450000,0.000000,0.000000,-0.294294,-0.003009,-0.036942,0.460391,-0.037272,0.190930,-0.026354,-0.003447,0.000228,-0.006727,0.005843,-0.000596,-0.007998,0.533961,0.169454,0.000000,0.000000,0.000000
5.314000,0.000000,0.000000,0.593700,0.000000,0.000000,0.000000,-0.006727,0.000000,0.000929,0.027283,0.450000,-0.000000,-0.000000,-0.270294,-0.003482,-0.034562,0.459975,-0.041939,0.193700,-0.044651,-0.003919,0.000091,-0.006724,0.007115,-0.001005,-0.008157,0.523750,0.165658,0.000000,0.000000,0.000000
5.326000,0.000000,0.000000,0.593700,0.000000,0.000000,0.000000,-0.006727,0.000000,0.000929,0.027283,0.450000,-0.000000,-0.000000,-0.246294,-0.004031,-0.032131,0.459373,-0.042046,0.187057,-0.027855,-0.000245,-0.001112,-0.006719,0.007207,-0.001397,-0.008365,0.520358,0.166796,0.000000,0.000000,0.000000
5.338000,0.000000,0.000000,0.593700,0.000000,0.000000,0.000000,-0.006727,0.000000,0.000929,0.027283,0.450000,-0.000000,-0.000000,-0.222371,-0.004440,-0.029971,0.459032,-0.032217,0.172044,-0.017275,0.000000,0.000000,-0.006727,0.008137,-0.001582,-0.008430,0.520404,0.169043,0.000000,0.000000,0.000000
5.350000,0.000000,0.000000,0.593700,0.000000,0.000000,0.000000,-0.006727,0.000000,0.000929,0.027283,0.450000,-0.000000,-0.000000,-0.198528,-0.004753,-0.027658,0.458838,-0.024218,0.173317,-0.009134,-0.001764,-0.000424,-0.006721,0.007449,-0.001398,-0.008455,0.520734,0.171818,0.000000,0.000000,0.000000
5.362000,0.000000,0.000000,0.593700,0.000000,0.000000,0.000000,-0.006727,0.000000,0.000929,0.027283,0.450000,-0.000000,-0.000000,-0.181365,-0.004982,-0.025637,0.458729,-0.014957,0.159003,-0.002618,-0.001634,-0.000430,-0.006723,0.005959,-0.000953,-0.008354,0.520354,0.173829,0.000000,0.000000,0.000000
5.374000,0.000000,0.000000,0.593700,0.000000,0.000000,0.000000,-0.006727,0.000000,0.000929,0.027283,0.450000,-0.000000,-0.000000,-0.157365,-0.005127,-0.023764,0.458705,-0.008386,0.148685,-0.001877,-0.001451,-0.000456,-0.006724,0.004792,-0.000570,-0.008250,0.519654,0.175689,0.000000,0.000000,0.000000
5.386000,0.000000,0.000000,0.593700,0.000000,0.000000,0.000000,-0.006727,0.000000,0.000929,0.027283,0.450000,0.000000,-0.000000,-0.133365,-0.005216,-0.021981,0.458712,-0.006010,0.141236,-0.000484,-0.001282,-0.000457,-0.006725,0.003889,-0.000251,-0.008165,0.518866,0.177455,0.000000,0.000000,0.000000
5.398000,0.000000,0.000000,0.593700,0.000000,0.000000,0.000000,-0.006727,0.000000,0.000929,0.027283,0.450000,-0.000000,0.000000,-0.109365,-0.005211,-0.020255,0.458768,-0.002608,0.135551,0.003728,-0.001152,-0.000452,-0.006725,0.003182,0.000018,-0.008092,0.517968,0.179132,0.000000,0.000000,0.000000
5.408000,0.000000,0.000000,0.593700,0.000000,0.000000,0.000000,-0.006727,0.000000,0.000929,0.027283,0.450000,-0.000000,-0.000000,-0.089365,-0.005164,-0.018798,0.458896,0.000649,0.132049,-0.000253,-0.001201,-0.000446,-0.006726,0.002218,0.000169,-0.008054,0.517138,0.180578,0.000000,0.000000,0.000000
5.420000,0.000000,0.000000,0.593700,0.000000,0.000000,0.000000,-0.006727,0.000000,0.000929,0.027283,0.450000,-0.000000,0.000000,-0.065365,-0.005116,-0.017256,0.458808,0.004592,0.121771,-0.022960,-0.001049,-0.000535,-0.006726,0.001296,0.000179,-0.007994,0.516536,0.182025,0.000000,0.000000,0.000000
5.432000,0.000000,0.000000,0.593700,0.000000,0.000000,0.000000,-0.006727,0.000000,0.000929,0.027283,0.450000,-0.000000,-0.000000,-0.041365,-0.005043,-0.015822,0.458418,0.008598,0.114030,-0.044605,-0.000901,-0.000619,-0.006726,0.000815,0.000078,-0.007846,0.516996,0.183408,0.000000,0.000000,0.000000
5.444000,0.000000,0.000000,0.593700,0.000000,0.000000,0.000000,-0.006727,0.000000,0.000929,0.027283,0.450000,-0.000000,-0.000000,-0.017365,-0.004934,-0.014462,0.457764,0.012582,0.108162,-0.060057,-0.000798,-0.000673,-0.006726,0.000556,-0.000123,-0.007661,0.519613,0.185332,0.000000,0.000000,0.000000
5.456000,0.000000,0.000000,0.593700,0.000000,0.000000,0.000000,-0.006727,0.000000,0.000929,0.027283,0.450011,-0.000000,0.000000,0.006635,-0.004776,-0.013165,0.456963,0.017462,0.103059,-0.062471,-0.000831,-0.000647,-0.006726,0.000357,-0.000384,-0.007507,0.525483,0.188110,0.000000,0.000000,0.000000
5.468000,0.000000,0.000000,0.593700,0.000000,0.000000,0.000000,-0.006727,0.000000,0.000929,0.027283,0.450234,-0.000000,0.000000,0.030635,-0.004574,-0.011935,0.456200,0.019341,0.097994,-0.053006,-0.000886,-0.000604,-0.006726,0.000155,-0.000609,-0.007352,0.535092,0.191767,0.000000,0.000000,0.000000
5.480000,0.000000,0.000000,0.593700,0.000000,0.000000,0.000000,-0.006727,0.000000,0.000929,0.027283,0.450746,0.000000,-0.000000,0.054635,-0.004348,-0.010774,0.455607,0.019635,0.092821,-0.034886,-0.000944,-0.000559,-0.006726,-0.000021,-0.000727,-0.007200,0.548119,0.196068,0.000000,0.000000,0.000000
5.492000,0.000000,0.000000,0.593700,0.000000,0.000000,0.000000,-0.006727,0.000000,0.000929,0.027283,0.451545,-0.000000,-0.000000,0.078635,-0.004104,-0.009683,0.455277,0.020058,0.087425,-0.012068,-0.001001,-0.000515,-0.006726,-0.000094,-0.000691,-0.007059,0.563206,0.200509,0.000000,0.000000,0.000000
5.504000,0.000000,0.000000,0.593700,0.000000,0.000000,0.000000,-0.006727,0.000000,0.000929,0.027283,0.452633,-0.000000,-0.000000,0.102635,-0.003837,-0.008664,0.455242,0.021269,0.081695,0.010774,-0.001038,-0.000484,-0.006726,0.000013,-0.000474,-0.006928,0.577997,0.204417,0.000000,0.000000,0.000000
5.516000,0.000000,0.000000,0.593700,0.000000,0.000000,0.000000,-0.006727,0.000000,0.000929,0.027283,0.454009,-0.000000,-0.000000,0.126635,-0.003536,-0.007715,0.455495,0.024248,0.075535,0.031511,-0.001038,-0.000478,-0.006727,0.000352,-0.000081,-0.006815,0.589723,0.207120,0.000000,0.000000,0.000000
5.528000,0.000000,0.000000,0.593700,0.000000,0.000000,0.000000,-0.006727,0.000000,0.000929,0.027283,0.455671,-0.000000,-0.000000,0.149573,-0.003180,-0.006836,0.456005,0.029145,0.069176,0.048197,-0.001046,-0.000472,-0.006727,0.000904,0.000460,-0.006713,0.596108,0.208165,0.000000,0.000000,0.000000
5.540000,0.000000,0.000000,0.593700,0.000000,0.000000,0.000000,-0.006727,0.000000,0.000929,0.027283,0.457528,-0.000000,-0.000000,0.157959,-0.002761,-0.006023,0.456709,0.034438,0.062784,0.059667,-0.001083,-0.000454,-0.006727,0.001578,0.001120,-0.006612,0.596014,0.207435,0.000000,0.000000,0.000000
5.552000,0.000000,0.000000,0.593700,0.000000,0.000000,0.000000,-0.006727,0.000000,0.000929,0.027283,0.459434,-0.000000,-0.000000,0.159147,-0.002293,-0.005272,0.457517,0.038741,0.056652,0.064229,-0.001124,-0.000438,-0.006728,0.002240,0.001842,-0.006520,0.589663,0.205161,0.000000,0.000000,0.000000
5.564000,0.000000,0.000000,0.593700,0.000000,0.000000,0.000000,-0.006727,0.000000,0.000929,0.027283,0.461341,-0.000000,0.000000,0.158494,-0.001808,-0.004584,0.458356,0.039731,0.050841,0.063986,-0.001146,-0.000436,-0.006729,0.002779,0.002569,-0.006435,0.578384,0.201847,0.000000,0.000000,0.000000
5.576000,0.000000,0.000000,0.593700,0.000000,0.000000,0.000000,-0.006727,0.000000,0.000929,0.027283,0.463236,0.000000,0.000000,0.157376,-0.001360,-0.003958,0.459160,0.036994,0.045777,0.058492,-0.001139,-0.000454,-0.006729,0.003107,0.003181,-0.006365,0.563346,0.198123,0.000000,0.000000,0.000000
5.588000,0.000000,0.000000,0.593700,0.000000,0.000000,0.000000,-0.006727,0.000000,0.000929,0.027283,0.465118,-0.000000,-0.000000,0.156146,-0.000978,-0.003385,0.459865,0.032579,0.041957,0.048838,-0.001088,-0.000498,-0.006729,0.003182,0.003524,-0.006328,0.546972,0.194576,0.000000,0.000000,0.000000
5.600000,0.000000,0.000000,0.593700,0.000000,0.000000,0.000000,-0.006727,0.000000,0.000929,0.027283,0.466984,0.000000,0.000000,0.154894,-0.000666,-0.002856,0.460426,0.027607,0.039492,0.036965,-0.001017,-0.000553,-0.006729,0.002999,0.003527,-0.006331,0.533385,0.191652,0.000000,0.000000,0.000000
5.612000,0.000000,0.000000,0.593700,0.000000,0.000000,0.000000,-0.006727,0.000000,0.000929,0.027283,0.468835,-0.000000,0.000000,0.153645,-0.000420,-0.002360,0.460819,0.022725,0.038152,0.024754,-0.000935,-0.000613,-0.006728,0.002606,0.003214,-0.006372,0.523611,0.189582,0.000000,0.000000,0.000000
5.624000,0.000000,0.000000,0.593700,0.000000,0.000000,0.000000,-0.006727,0.000000,0.000929,0.027283,0.470671,-0.000000,-0.000000,0.152404,-0.000224,-0.002056,0.461030,0.019558,0.024740,0.033725,0.000000,0.000000,-0.006727,0.002942,0.002762,-0.006361,0.517408,0.188378,0.000000,0.000000,0.000000
5.636000,0.000000,0.000000,0.593700,0.000000,0.000000,0.000000,-0.006727,0.000000,0.000929,0.027283,0.472493,-0.000000,-0.000000,0.151172,0.000045,-0.001581,0.461516,0.025210,0.031779,0.054098,0.000000,0.000000,-0.006727,0.003089,0.002498,-0.006388,0.514995,0.188967,0.000000,0.000000,0.000000
5.648000,0.000000,0.000000,0.593700,0.000000,0.000000,0.000000,-0.006727,0.000000,0.000929,0.027283,0.474299,-0.000000,-0.000000,0.149950,0.000371,-0.001195,0.462202,0.029451,0.032301,0.069391,-0.000938,-0.000675,-0.006727,0.003134,0.002198,-0.006360,0.512835,0.189141,0.000000,0.000000,0.000000
5.658000,0.000000,0.000000,0.593700,0.000000,0.000000,0.000000,-0.006727,0.000000,0.000929,0.027283,0.475794,-0.000000,-0.000000,0.148939,0.000617,-0.000870,0.462933,0.023026,0.035488,0.086008,-0.000799,-0.000656,-0.006726,0.002631,0.001768,-0.006405,0.511238,0.189091,0.000000,0.000000,0.000000
5.670000,0.000000,0.000000,0.593700,0.000000,0.000000,0.000000,-0.006727,0.000000,0.000929,0.027283,0.477574,-0.000000,-0.000000,0.147735,0.000846,-0.000439,0.464013,0.013825,0.040500,0.095909,0.000000,0.000000,-0.006727,0.002380,0.001345,-0.006457,0.509686,0.189001,0.000000,0.000000,0.000000
5.682000,0.000000,0.000000,0.593700,0.000000,0.000000,0.000000,-0.006727,0.000000,0.000929,0.027283,0.479340,-0.000000,-0.000000,0.146541,0.000968,0.000053,0.465201,0.005012,0.044852,0.100306,0.000000,0.000000,-0.006727,0.002218,0.001145,-0.006502,0.508208,0.188990,0.000000,0.000000,0.000000
5.694000,0.000000,0.000000,0.593700,0.000000,0.000000,0.000000,-0.006727,0.000000,0.000929,0.027283,0.481091,-0.000000,-0.000000,0.145356,0.001034,0.000598,0.466463,0.000681,0.048489,0.105992,-0.000895,-0.000574,-0.006727,0.002044,0.001051,-0.006546,0.506618,0.189048,0.000000,0.000000,0.000000
5.706000,0.000000,0.000000,0.593700,0.000000,0.000000,0.000000,-0.006727,0.000000,0.000929,0.027283,0.482828,-0.000000,0.000000,0.144181,0.001025,0.001182,0.467754,-0.001805,0.049826,0.099493,-0.001101,-0.000616,-0.006727,0.001574,0.000868,-0.006599,0.504855,0.189147,0.000000,0.000000,0.000000
5.718000,0.000000,0.000000,0.593700,0.000000,0.000000,0.000000,-0.006727,0.000000,0.000929,0.027283,0.484551,-0.000000,-0.000000,0.143016,0.000959,0.001749,0.468841,-0.002998,0.048501,0.077887,-0.001234,-0.000561,-0.006727,0.001052,0.000606,-0.006642,0.503541,0.189307,0.000000,0.000000,0.000000
5.730000,0.000000,0.000000,0.593700,0.000000,0.000000,0.000000,-0.006727,0.000000,0.000929,0.027283,0.486261,-0.000000,-0.000000,0.141856,0.000855,0.002309,0.469623,-0.005631,0.047323,0.058043,-0.001234,-0.000560,-0.006727,0.000718,0.000289,-0.006723,0.503211,0.189682,0.000000,0.000000,0.000000
5.742000,0.000000,0.000000,0.593700,0.000000,0.000000,0.000000,-0.006727,0.000000,0.000929,0.027283,0.487956,-0.000000,-0.000000,0.140613,0.000723,0.002860,0.470187,-0.008648,0.045576,0.046315,-0.001241,-0.000562,-0.006726,0.000558,-0.000103,-0.006848,0.504865,0.190724,0.000000,0.000000,0.000000
5.754000,0.000000,0.000000,0.593700,0.000000,0.000000,0.000000,-0.006727,0.000000,0.000929,0.027283,0.489633,0.000000,-0.000000,0.138870,0.000569,0.003392,0.470654,-0.011454,0.043172,0.045560,-0.001247,-0.000563,-0.006726,0.000542,-0.000541,-0.006990,0.509352,0.192687,0.000000,0.000000,0.000000
5.766000,0.000000,0.000000,0.593700,0.000000,0.000000,0.000000,-0.006727,0.000000,0.000929,0.027283,0.491287,-0.000000,-0.000000,0.136762,0.000399,0.003899,0.471169,-0.013974,0.040478,0.055338,-0.001240,-0.000555,-0.006725,0.000633,-0.000960,-0.007131,0.517239,0.195650,0.000000,0.000000,0.000000
5.778000,0.000000,0.000000,0.593700,0.000000,0.000000,0.000000,-0.006727,0.000000,0.000929,0.027283,0.492915,-0.000000,-0.000000,0.134604,0.000215,0.004380,0.471856,-0.016168,0.038022,0.072874,-0.001217,-0.000538,-0.006725,0.000774,-0.001286,-0.007264,0.528444,0.199498,0.000000,0.000000,0.000000
5.790000,0.000000,0.000000,0.593700,0.000000,0.000000,0.000000,-0.006727,0.000000,0.000929,0.027283,0.494518,-0.000000,-0.000000,0.132467,0.000024,0.004840,0.472794,-0.017609,0.036235,0.094227,-0.001193,-0.000520,-0.006725,0.000898,-0.001468,-0.007385,0.541879,0.203860,0.000000,0.000000,0.000000
5.802000,0.000000,0.000000,0.593700,0.000000,0.000000,0.000000,-0.006727,0.000000,0.000929,0.027283,0.496094,-0.000000,0.000000,0.130361,-0.000164,0.005285,0.474017,-0.017638,0.035330,0.115657,-0.001176,-0.000506,-0.006725,0.000932,-0.001480,-0.007493,0.555435,0.208123,0.000000,0.000000,0.000000
5.814000,0.000000,0.000000,0.593700,0.000000,0.000000,0.000000,-0.006727,0.000000,0.000929,0.027283,0.497646,0.000000,0.000000,0.128289,-0.000334,0.005723,0.475509,-0.015902,0.035327,0.133971,-0.001161,-0.000495,-0.006725,0.000826,-0.001317,-0.007584,0.566451,0.211547,0.000000,0.000000,0.000000
5.826000,0.000000,0.000000,0.593700,0.000000,0.000000,0.000000,-0.006727,0.000000,0.000929,0.027283,0.499174,-0.000000,0.000000,0.126249,-0.000469,0.006162,0.477217,-0.012774,0.036164,0.146969,-0.001139,-0.000480,-0.006725,0.000571,-0.000987,-0.007662,0.572495,0.213471,0.000000,0.000000,0.000000
5.838000,0.000000,0.000000,0.593700,0.000000,0.000000,0.000000,-0.006727,0.000000,0.000929,0.027283,0.500676,-0.000000,-0.000000,0.124242,-0.000564,0.006608,0.479063,-0.009274,0.037697,0.153496,-0.001102,-0.000459,-0.006726,0.000201,-0.000514,-0.007732,0.572088,0.213491,0.000000,0.000000,0.000000
5.850000,0.000000,0.000000,0.593700,0.000000,0.000000,0.000000,-0.006727,0.000000,0.000929,0.027283,0.502155,0.000000,-0.000000,0.122266,-0.000628,0.007067,0.480963,-0.006399,0.039662,0.153517,-0.001061,-0.000436,-0.006727,-0.000213,0.000043,-0.007799,0.565117,0.211560,0.000000,0.000000,0.000000
5.862000,0.000000,0.000000,0.593700,0.000000,0.000000,0.000000,-0.006727,0.000000,0.000929,0.027283,0.503611,-0.000000,-0.000000,0.120322,-0.000679,0.007542,0.482834,-0.005061,0.041692,0.147337,-0.001031,-0.000421,-0.006728,-0.000585,0.000598,-0.007864,0.552794,0.207996,0.000000,0.000000,0.000000
5.874000,0.000000,0.000000,0.593700,0.000000,0.000000,0.000000,-0.006727,0.000000,0.000929,0.027283,0.505043,0.000000,-0.000000,0.118409,-0.000742,0.008035,0.484597,-0.005751,0.043412,0.135824,-0.001022,-0.000420,-0.006728,-0.000839,0.001058,-0.007921,0.537237,0.203388,0.000000,0.000000,0.000000
5.886000,0.000000,0.000000,0.593700,0.000000,0.000000,0.000000,-0.006727,0.000000,0.000929,0.027283,0.506453,-0.000000,-0.000000,0.116527,-0.000843,0.008544,0.486190,-0.008288,0.044488,0.120363,-0.001042,-0.000435,-0.006729,-0.000930,0.001339,-0.007965,0.520872,0.198457,0.000000,0.000000,0.000000
5.898000,0.000000,0.000000,0.593700,0.000000,0.000000,0.000000,-0.006727,0.000000,0.000929,0.027283,0.507840,0.000000,-0.000000,0.114674,-0.000996,0.009065,0.487568,-0.011935,0.044705,0.102760,-0.001088,-0.000466,-0.006729,-0.000853,0.001389,-0.007989,0.505828,0.193882,0.000000,0.000000,0.000000
5.908000,0.000000,0.000000,0.593700,0.000000,0.000000,0.000000,-0.006727,0.000000,0.000929,0.027283,0.508979,-0.000000,-0.000000,0.113152,-0.001167,0.009504,0.488540,-0.015110,0.044178,0.087913,-0.001140,-0.000499,-0.006729,-0.000683,0.001248,-0.007992,0.495318,0.190710,0.000000,0.000000,0.000000
5.920000,0.000000,0.000000,0.593700,0.000000,0.000000,0.000000,-0.006727,0.000000,0.000929,0.027283,0.510326,-0.000000,-0.000000,0.111353,-0.001420,0.010019,0.489497,-0.025120,0.042759,0.066130,-0.001206,-0.000541,-0.006728,-0.000383,0.000868,-0.008010,0.485569,0.187894,0.000000,0.000000,0.000000
5.932000,0.000000,0.000000,0.593700,0.000000,0.000000,0.000000,-0.006727,0.000000,0.000929,0.027283,0.511652,-0.000000,-0.000000,0.109583,-0.001664,0.010580,0.490377,-0.015640,0.042473,0.094948,-0.001818,-0.000281,-0.006728,-0.000521,0.000546,-0.008024,0.482832,0.187974,0.000000,0.000000,0.000000
5.944000,0.000000,0.000000,0.593700,0.000000,0.000000,0.000000,-0.006727,0.000000,0.000929,0.027283,0.512956,-0.000000,-0.000000,0.107841,-0.001831,0.011106,0.491508,-0.011047,0.042783,0.104966,-0.000916,-0.000806,-0.006727,-0.000498,0.000302,-0.008012,0.480248,0.187832,0.000000,0.000000,0.000000
5.956000,0.000000,0.000000,0.593700,0.000000,0.000000,0.000000,-0.006727,0.000000,0.000929,0.027283,0.514240,0.000000,-0.000000,0.106126,-0.001939,0.011602,0.492819,-0.007840,0.041322,0.123385,-0.000902,-0.000683,-0.006727,-0.000471,0.000199,-0.007944,0.478256,0.187737,0.000000,0.000000,0.000000
5.968000,0.000000,0.000000,0.593700,0.000000,0.000000,0.000000,-0.006727,0.000000,0.000929,0.027283,0.515503,-0.000000,-0.000000,0.104439,-0.002025,0.012098,0.494330,-0.006639,0.040657,0.130083,-0.000926,-0.000624,-0.006727,-0.000457,0.000176,-0.007856,0.476225,0.187593,0.000000,0.000000,0.000000
5.980000,0.000000,0.000000,0.593700,0.000000,0.000000,0.000000,-0.006727,0.000000,0.000929,0.027283,0.516747,0.000000,-0.000000,0.102778,-0.002102,0.012583,0.495915,-0.007055,0.039923,0.130781,-0.000920,-0.000606,-0.006727,-0.000444,0.000173,-0.007763,0.474242,0.187431,0.000000,0.000000,0.000000
5.992000,0.000000,0.000000,0.593700,0.000000,0.000000,0.000000,-0.006727,0.000000,0.000929,0.027283,0.517970,-0.000000,0.000000,0.101144,-0.002113,0.013059,0.497537,-0.004506,0.039193,0.132535,-0.000921,-0.000588,-0.006727,-0.000429,0.000188,-0.007672,0.472295,0.187268,0.000000,0.000000,0.000000
6.004000,0.000000,0.000000,0.593700,0.000000,0.000000,0.000000,-0.006727,0.000000,0.000929,0.027283,0.519174,-0.000000,-0.000000,0.099536,-0.002063,0.013569,0.499172,-0.000271,0.040574,0.128457,-0.001001,-0.000566,-0.006727,-0.000486,0.000202,-0.007589,0.470353,0.187088,0.000000,0.000000,0.000000
6.016000,0.000000,0.000000,0.593700,0.000000,0.000000,0.000000,-0.006727,0.000000,0.000929,0.027283,0.520359,-0.000000,-0.000000,0.097953,-0.002048,0.014012,0.500656,0.001754,0.037290,0.102480,-0.000922,-0.000535,-0.006727,-0.000660,0.000113,-0.007525,0.468710,0.186235,0.000000,0.000000,0.000000
6.028000,0.000000,0.000000,0.593700,0.000000,0.000000,0.000000,-0.006727,0.000000,0.000929,0.027283,0.521525,0.000000,-0.000000,0.096396,-0.002050,0.014454,0.501727,0.003197,0.036362,0.077768,-0.000858,-0.000571,-0.006727,-0.000733,-0.000061,-0.007437,0.468033,0.185824,0.000000,0.000000,0.000000
6.040000,0.000000,0.000000,0.593700,0.000000,0.000000,0.000000,-0.006727,0.000000,0.000929,0.027283,0.522673,-0.000000,-0.000000,0.094863,-0.002052,0.014895,0.502519,0.003319,0.036506,0.061569,-0.000808,-0.000597,-0.006727,-0.000801,-0.000316,-0.007308,0.469094,0.186155,0.000000,0.000000,0.000000
6.052000,0.000000,0.000000,0.593700,0.000000,0.000000,0.000000,-0.006727,0.000000,0.000929,0.027283,0.523802,-0.000000,-0.000000,0.093355,-0.002043,0.015331,0.503161,0.003073,0.037139,0.056723,0.000000,0.000000,-0.006727,-0.000837,-0.000591,-0.007155,0.472696,0.187448,0.000000,0.000000,0.000000
6.064000,0.000000,0.000000,0.593700,0.000000,0.000000,0.000000,-0.006727,0.000000,0.000929,0.027283,0.524913,-0.000000,-0.000000,0.091871,-0.002034,0.015785,0.503797,0.001937,0.038163,0.062176,0.000000,0.000000,-0.006727,-0.000926,-0.000797,-0.006998,0.479398,0.189768,0.000000,0.000000,0.000000
6.076000,0.000000,0.000000,0.593700,0.000000,0.000000,0.000000,-0.006727,0.000000,0.000929,0.027283,0.526007,-0.000000,-0.000000,0.090410,-0.002035,0.016253,0.504551,-0.000137,0.039275,0.075753,-0.000844,-0.000559,-0.006727,-0.001114,-0.000944,-0.006848,0.489191,0.193056,0.000000,0.000000,0.000000
6.088000,0.000000,0.000000,0.593700,0.000000,0.000000,0.000000,-0.006727,0.000000,0.000929,0.027283,0.527083,0.000000,0.000000,0.088973,-0.002049,0.016710,0.505512,-0.002124,0.038777,0.094095,-0.000837,-0.000556,-0.006727,-0.001349,-0.001069,-0.006706,0.501184,0.197050,0.000000,0.000000,0.000000
6.100000,0.000000,0.000000,0.593700,0.000000,0.000000,0.000000,-0.006727,0.000000,0.000929,0.027283,0.528143,0.000000,-0.000000,0.087558,-0.002062,0.017163,0.506724,-0.002666,0.038398,0.113381,-0.000847,-0.000544,-0.006727,-0.001471,-0.001088,-0.006577,0.513567,0.201062,0.000000,0.000000,0.000000
6.112000,0.000000,0.000000,0.593700,0.000000,0.000000,0.000000,-0.006727,0.000000,0.000929,0.027283,0.529185,0.000000,-0.000000,0.086166,-0.002068,0.017606,0.508182,-0.002330,0.037404,0.130099,-0.000862,-0.000530,-0.006727,-0.001439,-0.000953,-0.006459,0.523954,0.203020,0.000000,0.000000,0.000000
6.124000,0.000000,0.000000,0.593700,0.000000,0.000000,0.000000,-0.006727,0.000000,0.000929,0.027283,0.530211,-0.000000,-0.000000,0.084796,-0.002063,0.018037,0.509837,-0.001404,0.035944,0.141728,-0.000876,-0.000520,-0.006727,-0.001230,-0.000659,-0.006350,0.530105,0.203511,0.000000,0.000000,0.000000
6.136000,0.000000,0.000000,0.593700,0.000000,0.000000,0.000000,-0.006727,0.000000,0.000929,0.027283,0.531220,0.000000,-0.000000,0.083448,-0.002046,0.018456,0.511614,-0.000172,0.034272,0.147065,-0.000880,-0.000517,-0.006727,-0.000874,-0.000242,-0.006246,0.530633,0.202299,0.000000,0.000000,0.000000
6.148000,0.000000,0.000000,0.593700,0.000000,0.000000,0.000000,-0.006727,0.000000,0.000929,0.027283,0.532213,-0.000000,-0.000000,0.082121,-0.001934,0.018843,0.513444,0.006833,0.030252,0.147324,-0.000879,-0.000521,-0.006727,-0.000443,0.000236,-0.006140,0.525469,0.199468,0.000000,0.000000,0.000000
6.158000,0.000000,0.000000,0.593700,0.000000,0.000000,0.000000,-0.006727,0.000000,0.000929,0.027283,0.533029,0.000000,-0.000000,0.081031,-0.001905,0.019194,0.514916,0.004332,0.032859,0.140181,-0.000928,-0.000496,-0.006727,-0.000061,0.000625,-0.006057,0.517307,0.196237,0.000000,0.000000,0.000000
6.170000,0.000000,0.000000,0.593700,0.000000,0.000000,0.000000,-0.006727,0.000000,0.000929,0.027283,0.533994,0.000000,-0.000000,0.079743,-0.001915,0.019579,0.516596,-0.001128,0.030173,0.128551,-0.000891,-0.000523,-0.006728,0.000204,0.001063,-0.005954,0.504619,0.191667,0.000000,0.000000,0.000000
6.182000,0.000000,0.000000,0.593700,0.000000,0.000000,0.000000,-0.006727,0.000000,0.000929,0.027283,0.534943,0.000000,-0.000000,0.078475,-0.001978,0.019967,0.518105,-0.004588,0.031101,0.112524,-0.000827,-0.000567,-0.006728,0.000399,0.001281,-0.005867,0.490650,0.187023,0.000000,0.000000,0.000000
6.194000,0.000000,0.000000,0.593700,0.000000,0.000000,0.000000,-0.006727,0.000000,0.000929,0.027283,0.535877,0.000000,0.000000,0.077228,-0.002074,0.020350,0.519391,-0.007901,0.032568,0.094238,0.000000,0.000000,-0.006727,0.000525,0.001324,-0.005797,0.477574,0.182825,0.000000,0.000000,0.000000
6.206000,0.000000,0.000000,0.593700,0.000000,0.000000,0.000000,-0.006727,0.000000,0.000929,0.027283,0.536797,0.000000,0.000000,0.076000,-0.002232,0.020765,0.520432,-0.013091,0.034784,0.075231,0.000000,0.000000,-0.006727,0.000410,0.001250,-0.005749,0.466625,0.179500,0.000000,0.000000,0.000000
6.218000,0.000000,0.000000,0.593700,0.000000,0.000000,0.000000,-0.006727,0.000000,0.000929,0.027283,0.537701,0.000000,-0.000000,0.074791,-0.002458,0.021204,0.521232,-0.017740,0.038368,0.057649,0.000000,0.000000,-0.006727,0.000184,0.000976,-0.005724,0.458292,0.177149,0.000000,0.000000,0.000000
6.230000,0.000000,0.000000,0.593700,0.000000,0.000000,0.000000,-0.006727,0.000000,0.000929,0.027283,0.538592,0.000000,-0.000000,0.073602,-0.002747,0.021697,0.521891,-0.019136,0.040918,0.077820,-0.001937,-0.001370,-0.006727,-0.000350,0.000396,-0.005692,0.454982,0.176922,0.000000,0.000000,0.000000
6.242000,0.000000,0.000000,0.593700,0.000000,0.000000,0.000000,-0.006727,0.000000,0.000929,0.027283,0.539468,0.000000,-0.000000,0.072432,-0.002949,0.022171,0.522814,-0.014997,0.042366,0.086136,-0.000905,-0.000788,-0.006727,-0.000669,-0.000184,-0.005673,0.453171,0.176716,0.000000,0.000000,0.000000
6.254000,0.000000,0.000000,0.593700,0.000000,0.000000,0.000000,-0.006727,0.000000,0.000929,0.027283,0.540330,0.000000,-0.000000,0.071280,-0.003086,0.022638,0.523882,-0.011569,0.038078,0.102086,-0.000917,-0.000643,-0.006727,-0.000668,-0.000243,-0.005708,0.451657,0.176720,0.000000,0.000000,0.000000
6.266000,0.000000,0.000000,0.593700,0.000000,0.000000,0.000000,-0.006727,0.000000,0.000929,0.027283,0.541179,-0.000000,0.000000,0.070147,-0.003206,0.023078,0.525121,-0.008753,0.033133,0.107788,-0.001096,-0.000670,-0.006727,-0.000741,-0.000092,-0.005795,0.449900,0.176678,0.000000,0.000000,0.000000
6.278000,0.000000,0.000000,0.593700,0.000000,0.000000,0.000000,-0.006727,0.000000,0.000929,0.027283,0.542014,-0.000000,-0.000000,0.069032,-0.003301,0.023462,0.526418,-0.007291,0.028611,0.107323,-0.001162,-0.000673,-0.006727,-0.000869,-0.000029,-0.005898,0.448145,0.176585,0.000000,0.000000,0.000000
6.290000,0.000000,0.000000,0.593700,0.000000,0.000000,0.000000,-0.006727,0.000000,0.000929,0.027283,0.542836,-0.000000,-0.000000,0.067934,-0.003309,0.023804,0.527730,-0.002923,0.025070,0.108388,-0.001133,-0.000644,-0.006727,-0.001004,-0.000027,-0.005998,0.446514,0.176448,0.000000,0.000000,0.000000
6.302000,0.000000,0.000000,0.593700,0.000000,0.000000,0.000000,-0.006727,0.000000,0.000929,0.027283,0.543644,-0.000000,-0.000000,0.066854,-0.003226,0.024110,0.529048,0.003872,0.022289,0.110019,-0.001078,-0.000600,-0.006727,-0.001105,-0.000053,-0.006087,0.444988,0.176271,0.000000,0.000000,0.000000
6.314000,0.000000,0.000000,0.593700,0.000000,0.000000,0.000000,-0.006727,0.000000,0.000929,0.027283,0.544440,-0.000000,-0.000000,0.065791,-0.003131,0.024389,0.530308,0.009768,0.020189,0.086830,-0.000937,-0.000560,-0.006727,-0.001238,-0.000068,-0.006169,0.443770,0.176134,0.000000,0.000000,0.000000
6.326000,0.000000,0.000000,0.593700,0.000000,0.000000,0.000000,-0.006727,0.000000,0.000929,0.027283,0.545223,0.000000,0.000000,0.064745,-0.003028,0.024623,0.531164,0.012510,0.017814,0.059786,-0.000859,-0.000516,-0.006727,-0.001241,-0.000126,-0.006262,0.443316,0.176142,0.000000,0.000000,0.000000
6.338000,0.000000,0.000000,0.593700,0.000000,0.000000,0.000000,-0.006727,0.000000,0.000929,0.027283,0.545994,-0.000000,-0.000000,0.063716,-0.002902,0.024809,0.531708,0.013826,0.014332,0.041090,0.000000,0.000000,-0.006727,-0.001024,-0.000218,-0.006382,0.444300,0.176568,0.000000,0.000000,0.000000
6.350000,0.000000,0.000000,0.593700,0.000000,0.000000,0.000000,-0.006727,0.000000,0.000929,0.027283,0.546753,-0.000000,-0.000000,0.062703,-0.002770,0.024977,0.532047,0.014036,0.011622,0.032026,0.000000,0.000000,-0.006727,-0.000756,-0.000341,-0.006514,0.447365,0.177737,0.000000,0.000000,0.000000
6.362000,0.000000,0.000000,0.593700,0.000000,0.000000,0.000000,-0.006727,0.000000,0.000929,0.027283,0.547499,-0.000000,-0.000000,0.061706,-0.002638,0.025113,0.532349,0.012617,0.008919,0.035374,0.000000,0.000000,-0.006727,-0.000489,-0.000474,-0.006642,0.453061,0.179692,0.000000,0.000000,0.000000
6.374000,0.000000,0.000000,0.593700,0.000000,0.000000,0.000000,-0.006727,0.000000,0.000929,0.027283,0.548234,-0.000000,-0.000000,0.060725,-0.002515,0.025219,0.532752,0.010026,0.006678,0.047834,0.000000,0.000000,-0.006727,-0.000256,-0.000559,-0.006761,0.461557,0.182435,0.000000,0.000000,0.000000
6.386000,0.000000,0.000000,0.593700,0.000000,0.000000,0.000000,-0.006727,0.000000,0.000929,0.027283,0.548956,-0.000000,-0.000000,0.059759,-0.002406,0.025303,0.533354,0.007655,0.005146,0.065751,0.000000,0.000000,-0.006727,-0.000092,-0.000568,-0.006873,0.472325,0.185731,0.000000,0.000000,0.000000
6.398000,0.000000,0.000000,0.593700,0.000000,0.000000,0.000000,-0.006727,0.000000,0.000929,0.027283,0.549668,-0.000000,-0.000000,0.058809,-0.002304,0.025371,0.534207,0.006664,0.004408,0.085122,0.000000,0.000000,-0.006727,-0.000025,-0.000496,-0.006979,0.483975,0.189095,0.000000,0.000000,0.000000
6.410000,0.000000,0.000000,0.593700,0.000000,0.000000,0.000000,-0.006727,0.000000,0.000929,0.027283,0.550368,-0.000000,-0.000000,0.057874,-0.002193,0.025433,0.535309,0.007354,0.004456,0.102426,0.000000,0.000000,-0.006727,-0.000065,-0.000336,-0.007080,0.494452,0.191874,0.000000,0.000000,0.000000
6.422000,0.000000,0.000000,0.593700,0.000000,0.000000,0.000000,-0.006727,0.000000,0.000929,0.027283,0.551057,0.000000,-0.000000,0.056954,-0.002060,0.025495,0.536621,0.009141,0.005223,0.115148,0.000000,0.000000,-0.006727,-0.000199,-0.000079,-0.007178,0.501581,0.193432,0.000000,0.000000,0.000000
6.432000,0.000000,0.000000,0.593700,0.000000,0.000000,0.000000,-0.006727,0.000000,0.000929,0.027283,0.551623,0.000000,0.000000,0.056198,-0.001931,0.025552,0.537825,0.010735,0.006283,0.121128,0.000000,0.000000,-0.006727,-0.000358,0.000206,-0.007258,0.503775,0.193482,0.000000,0.000000,0.000000
6.444000,0.000000,0.000000,0.593700,0.000000,0.000000,0.000000,-0.006727,0.000000,0.000929,0.027283,0.552292,0.000000,-0.000000,0.055305,-0.001765,0.025631,0.539333,0.011920,0.007871,0.122274,0.000000,0.000000,-0.006727,-0.000563,0.000611,-0.007352,0.501338,0.191942,0.000000,0.000000,0.000000
6.456000,0.000000,0.000000,0.593700,0.000000,0.000000,0.000000,-0.006727,0.000000,0.000929,0.027283,0.552950,-0.000000,-0.000000,0.054425,-0.001603,0.025724,0.540827,0.011702,0.009538,0.117004,0.000000,0.000000,-0.006727,-0.000730,0.001035,-0.007441,0.493819,0.188858,0.000000,0.000000,0.000000
6.468000,0.000000,0.000000,0.593700,0.000000,0.000000,0.000000,-0.006727,0.000000,0.000929,0.027283,0.553598,0.000000,-0.000000,0.053560,-0.001468,0.025834,0.542227,0.009818,0.011003,0.106045,0.000000,0.000000,-0.006727,-0.000811,0.001412,-0.007520,0.482641,0.184713,0.000000,0.000000,0.000000
6.480000,0.000000,0.000000,0.593700,0.000000,0.000000,0.000000,-0.006727,0.000000,0.000929,0.027283,0.554236,-0.000000,-0.000000,0.052709,-0.001380,0.025959,0.543463,0.006496,0.012000,0.090655,0.000000,0.000000,-0.006727,-0.000778,0.001677,-0.007584,0.469785,0.180143,0.000000,0.000000,0.000000
6.492000,0.000000,0.000000,0.593700,0.000000,0.000000,0.000000,-0.006727,0.000000,0.000929,0.027283,0.554863,-0.000000,-0.000000,0.051870,-0.001350,0.026096,0.544485,0.002379,0.012312,0.072493,0.000000,0.000000,-0.006727,-0.000625,0.001784,-0.007631,0.457243,0.175782,0.000000,0.000000,0.000000
6.504000,0.000000,0.000000,0.593700,0.000000,0.000000,0.000000,-0.006727,0.000000,0.000929,0.027283,0.555480,-0.000000,-0.000000,0.051046,-0.001380,0.026237,0.545266,-0.001723,0.011811,0.053454,0.000000,0.000000,-0.006727,-0.000373,0.001710,-0.007657,0.446524,0.172130,0.000000,0.000000,0.000000
6.516000,0.000000,0.000000,0.593700,0.000000,0.000000,0.000000,-0.006727,0.000000,0.000929,0.027283,0.556088,-0.000000,-0.000000,0.050234,-0.001469,0.026400,0.545802,-0.005209,0.011494,0.035218,-0.000985,-0.000601,-0.006728,-0.000266,0.001405,-0.007669,0.438326,0.169500,0.000000,0.000000,0.000000
6.528000,0.000000,0.000000,0.593700,0.000000,0.000000,0.000000,-0.006727,0.000000,0.000929,0.027283,0.556686,-0.000000,0.000000,0.049435,-0.001593,0.026522,0.546145,-0.005524,0.008496,0.050026,-0.000000,-0.001318,-0.006727,-0.000125,0.000829,-0.007716,0.434671,0.168721,0.000000,0.000000,0.000000
6.540000,0.000000,0.000000,0.593700,0.000000,0.000000,0.000000,-0.006727,0.000000,0.000929,0.027283,0.557275,-0.000000,-0.000000,0.048649,-0.001629,0.026640,0.546739,-0.000661,0.006342,0.059786,-0.000712,-0.000866,-0.006727,-0.000091,0.000313,-0.007735,0.433297,0.168691,0.000000,0.000000,0.000000
6.552000,0.000000,0.000000,0.593700,0.000000,0.000000,0.000000,-0.006727,0.000000,0.000929,0.027283,0.557854,0.000000,-0.000000,0.047876,-0.001618,0.026763,0.547477,0.000719,0.006763,0.074880,-0.000849,-0.000719,-0.006727,-0.000283,0.000077,-0.007711,0.432085,0.168593,0.000000,0.000000,0.000000
6.564000,0.000000,0.000000,0.593700,0.000000,0.000000,0.000000,-0.006727,0.000000,0.000929,0.027283,0.558424,0.000000,0.000000,0.047115,-0.001605,0.026838,0.548400,0.000285,0.005366,0.082804,-0.000852,-0.000649,-0.006727,-0.000425,0.000019,-0.007637,0.430960,0.168332,0.000000,0.000000,0.000000
6.576000,0.000000,0.000000,0.593700,0.000000,0.000000,0.000000,-0.006727,0.000000,0.000929,0.027283,0.558985,-0.000000,-0.000000,0.046366,-0.001604,0.026898,0.549406,-0.000827,0.004337,0.082765,-0.000851,-0.000627,-0.006727,-0.000526,-0.000006,-0.007553,0.429966,0.168062,0.000000,0.000000,0.000000
6.588000,0.000000,0.000000,0.593700,0.000000,0.000000,0.000000,-0.006727,0.000000,0.000929,0.027283,0.559537,-0.000000,-0.000000,0.045629,-0.001583,0.026948,0.550437,-0.000358,0.003621,0.083158,-0.000861,-0.000614,-0.006727,-0.000590,-0.000015,-0.007475,0.429049,0.167791,0.000000,0.000000,0.000000
6.600000,0.000000,0.000000,0.593700,0.000000,0.000000,0.000000,-0.006727,0.000000,0.000929,0.027283,0.560080,0.000000,0.000000,0.044903,-0.001527,0.026994,0.551485,0.001695,0.003210,0.084786,-0.000895,-0.000595,-0.006727,-0.000638,-0.000018,-0.007405,0.428153,0.167524,0.000000,0.000000,0.000000
6.612000,0.000000,0.000000,0.593700,0.000000,0.000000,0.000000,-0.006727,0.000000,0.000929,0.027283,0.560614,0.000000,0.000000,0.044189,-0.001489,0.027025,0.552462,0.003556,0.002999,0.064316,0.000000,0.000000,-0.006727,-0.000639,-0.000056,-0.007334,0.427362,0.167290,0.000000,0.000000,0.000000
6.624000,0.000000,0.000000,0.593700,0.000000,0.000000,0.000000,-0.006727,0.000000,0.000929,0.027283,0.561140,-0.000000,0.000000,0.043487,-0.001463,0.027060,0.553077,0.004711,0.003422,0.038268,0.000000,0.000000,-0.006727,-0.000547,-0.000076,-0.007248,0.426995,0.167213,0.000000,0.000000,0.000000
6.636000,0.000000,0.000000,0.593700,0.000000,0.000000,0.000000,-0.006727,0.000000,0.000929,0.027283,0.561658,-0.000000,-0.000000,0.042795,-0.001442,0.027108,0.553382,0.004620,0.004481,0.018305,0.000000,0.000000,-0.006727,-0.000480,-0.000155,-0.007128,0.427665,0.167592,0.000000,0.000000,0.000000
6.648000,0.000000,0.000000,0.593700,0.000000,0.000000,0.000000,-0.006727,0.000000,0.000929,0.027283,0.562167,0.000000,0.000000,0.042115,-0.001418,0.027172,0.553484,0.004101,0.006158,0.008436,0.000000,0.000000,-0.006727,-0.000456,-0.000302,-0.006993,0.430094,0.168682,0.000000,0.000000,0.000000
6.660000,0.000000,0.000000,0.593700,0.000000,0.000000,0.000000,-0.006727,0.000000,0.000929,0.027283,0.562669,-0.000000,0.000000,0.041445,-0.001392,0.027255,0.553517,0.003236,0.008074,0.009703,0.000000,0.000000,-0.006727,-0.000487,-0.000477,-0.006860,0.434939,0.170620,0.000000,0.000000,0.000000
6.672000,0.000000,0.000000,0.593700,0.000000,0.000000,0.000000,-0.006727,0.000000,0.000929,0.027283,0.563162,-0.000000,0.000000,0.040786,-0.001367,0.027358,0.553619,0.001887,0.009717,0.020679,0.000000,0.000000,-0.006727,-0.000558,-0.000619,-0.006736,0.442563,0.173377,0.000000,0.000000,0.000000
6.682000,0.000000,0.000000,0.593700,0.000000,0.000000,0.000000,-0.006727,0.000000,0.000929,0.027283,0.563567,-0.000000,-0.000000,0.040245,-0.001352,0.027454,0.553839,0.000502,0.010602,0.034898,0.000000,0.000000,-0.006727,-0.000623,-0.000675,-0.006637,0.450835,0.176127,0.000000,0.000000,0.000000
6.694000,0.000000,0.000000,0.593700,0.000000,0.000000,0.000000,-0.006727,0.000000,0.000929,0.027283,0.564046,-0.000000,-0.000000,0.039605,-0.001342,0.027576,0.554326,-0.001011,0.010973,0.054548,0.000000,0.000000,-0.006727,-0.000665,-0.000645,-0.006524,0.462062,0.179570,0.000000,0.000000,0.000000
6.706000,0.000000,0.000000,0.593700,0.000000,0.000000,0.000000,-0.006727,0.000000,0.000929,0.027283,0.564518,-0.000000,-0.000000,0.038975,-0.001340,0.027698,0.555071,-0.001828,0.010669,0.073353,0.000000,0.000000,-0.006727,-0.000630,-0.000501,-0.006417,0.472895,0.182600,0.000000,0.000000,0.000000
6.718000,0.000000,0.000000,0.593700,0.000000,0.000000,0.000000,-0.006727,0.000000,0.000929,0.027283,0.564982,0.000000,0.000000,0.038356,-0.001342,0.027831,0.556049,-0.001896,0.010718,0.088089,-0.000874,-0.000517,-0.006727,-0.000568,-0.000263,-0.006318,0.481113,0.184658,0.000000,0.000000,0.000000
6.730000,0.000000,0.000000,0.593700,0.000000,0.000000,0.000000,-0.006727,0.000000,0.000929,0.027283,0.565438,-0.000000,-0.000000,0.037746,-0.001343,0.027936,0.557193,-0.001424,0.008503,0.096969,-0.000852,-0.000530,-0.006727,-0.000500,-0.000017,-0.006222,0.484910,0.185249,0.000000,0.000000,0.000000
6.742000,0.000000,0.000000,0.593700,0.000000,0.000000,0.000000,-0.006727,0.000000,0.000929,0.027283,0.565888,-0.000000,0.000000,0.037146,-0.001335,0.028042,0.558421,-0.000902,0.007615,0.099142,-0.000857,-0.000527,-0.006727,-0.000383,0.000276,-0.006130,0.483418,0.184321,0.000000,0.000000,0.000000
6.754000,0.000000,0.000000,0.593700,0.000000,0.000000,0.000000,-0.006727,0.000000,0.000929,0.027283,0.566330,0.000000,0.000000,0.036555,-0.001334,0.028133,0.559646,-0.001453,0.006348,0.094779,-0.000859,-0.000527,-0.006727,-0.000277,0.000584,-0.006043,0.476902,0.182004,0.000000,0.000000,0.000000
6.766000,0.000000,0.000000,0.593700,0.000000,0.000000,0.000000,-0.006727,0.000000,0.000929,0.027283,0.566765,0.000000,0.000000,0.035974,-0.001355,0.028214,0.560791,-0.002912,0.005452,0.084828,0.000000,0.000000,-0.006727,-0.000219,0.000839,-0.005966,0.466675,0.178718,0.000000,0.000000,0.000000
6.778000,0.000000,0.000000,0.593700,0.000000,0.000000,0.000000,-0.006727,0.000000,0.000929,0.027283,0.567193,0.000000,0.000000,0.035402,-0.001400,0.028279,0.561789,-0.005022,0.005757,0.070535,0.000000,0.000000,-0.006727,-0.000079,0.001067,-0.005901,0.454738,0.175005,0.000000,0.000000,0.000000
6.790000,0.000000,0.000000,0.593700,0.000000,0.000000,0.000000,-0.006727,0.000000,0.000929,0.027283,0.567615,0.000000,0.000000,0.034839,-0.001501,0.028344,0.562578,-0.008787,0.005092,0.052660,0.000000,0.000000,-0.006727,-0.000100,0.001207,-0.005852,0.442974,0.171418,0.000000,0.000000,0.000000
6.802000,0.000000,0.000000,0.593700,0.000000,0.000000,0.000000,-0.006727,0.000000,0.000929,0.027283,0.568030,-0.000000,-0.000000,0.034285,-0.001657,0.028416,0.563123,-0.012480,0.006273,0.033376,0.000000,0.000000,-0.006727,-0.000187,0.001182,-0.005824,0.432890,0.168380,0.000000,0.000000,0.000000
6.814000,0.000000,0.000000,0.593700,0.000000,0.000000,0.000000,-0.006727,0.000000,0.000929,0.027283,0.568438,0.000000,-0.000000,0.033740,-0.001855,0.028499,0.563426,-0.014901,0.008099,0.015491,0.000000,0.000000,-0.006727,-0.000353,0.000967,-0.005813,0.425252,0.166111,0.000000,0.000000,0.000000
6.826000,0.000000,0.000000,0.593700,0.000000,0.000000,0.000000,-0.006727,0.000000,0.000929,0.027283,0.568839,-0.000000,0.000000,0.033204,-0.002031,0.028678,0.563518,-0.011257,0.021914,0.028004,0.000000,0.000000,-0.006727,-0.000305,0.000779,-0.005780,0.422128,0.165309,0.000000,0.000000,0.000000
6.838000,0.000000,0.000000,0.593700,0.000000,0.000000,0.000000,-0.006727,0.000000,0.000929,0.027283,0.569235,-0.000000,-0.000000,0.032676,-0.002173,0.028736,0.563861,-0.008994,0.015990,0.040892,0.000000,0.000000,-0.006727,-0.000548,0.000476,-0.005764,0.420717,0.165298,0.000000,0.000000,0.000000
6.850000,0.000000,0.000000,0.593700,0.000000,0.000000,0.000000,-0.006727,0.000000,0.000929,0.027283,0.569624,-0.000000,-0.000000,0.032156,-0.002263,0.028771,0.564346,-0.006822,0.009252,0.050213,0.000000,0.000000,-0.006727,-0.000504,0.000267,-0.005772,0.419699,0.165135,0.000000,0.000000,0.000000
6.862000,0.000000,0.000000,0.593700,0.000000,0.000000,0.000000,-0.006727,0.000000,0.000929,0.027283,0.570006,0.000000,0.000000,0.031645,-0.002333,0.028888,0.564958,-0.005249,0.008300,0.058818,-0.000857,-0.000665,-0.006727,-0.000483,0.000346,-0.005843,0.418707,0.165052,0.000000,0.000000,0.000000
6.874000,0.000000,0.000000,0.593700,0.000000,0.000000,0.000000,-0.006727,0.000000,0.000929,0.027283,0.570383,0.000000,0.000000,0.031142,-0.002403,0.028974,0.565669,-0.005037,0.005961,0.059728,-0.000984,-0.000712,-0.006727,-0.000625,0.000294,-0.005936,0.417671,0.164909,0.000000,0.000000,0.000000
6.886000,0.000000,0.000000,0.593700,0.000000,0.000000,0.000000,-0.006727,0.000000,0.000929,0.027283,0.570754,-0.000000,0.000000,0.030647,-0.002437,0.029042,0.566416,-0.003887,0.004216,0.060697,-0.001048,-0.000718,-0.006727,-0.000777,0.000195,-0.006031,0.416700,0.164752,0.000000,0.000000,0.000000
6.898000,0.000000,0.000000,0.593700,0.000000,0.000000,0.000000,-0.006727,0.000000,0.000929,0.027283,0.571119,0.000000,0.000000,0.030159,-0.002378,0.029093,0.567171,0.001044,0.002787,0.062581,-0.001060,-0.000705,-0.006727,-0.000912,0.000101,-0.006120,0.415756,0.164578,0.000000,0.000000,0.000000
6.910000,0.000000,0.000000,0.593700,0.000000,0.000000,0.000000,-0.006727,0.000000,0.000929,0.027283,0.571478,-0.000000,-0.000000,0.029680,-0.002304,0.029126,0.567938,0.006676,0.002191,0.050694,-0.000984,-0.000604,-0.006727,-0.000995,0.000019,-0.006200,0.414956,0.164416,0.000000,0.000000,0.000000
6.922000,0.000000,0.000000,0.593700,0.000000,0.000000,0.000000,-0.006727,0.000000,0.000929,0.027283,0.571831,-0.000000,0.000000,0.029208,-0.002230,0.029149,0.568350,0.010023,0.001557,0.023735,-0.000924,-0.000569,-0.006727,-0.001043,-0.000069,-0.006280,0.414612,0.164366,0.000000,0.000000,0.000000
6.932000,0.000000,0.000000,0.593700,0.000000,0.000000,0.000000,-0.006727,0.000000,0.000929,0.027283,0.572121,-0.000000,-0.000000,0.028821,-0.002159,0.029161,0.568457,0.011293,0.000868,0.005551,-0.000887,-0.000547,-0.006727,-0.001045,-0.000180,-0.006371,0.415021,0.164561,0.000000,0.000000,0.000000
6.944000,0.000000,0.000000,0.593700,0.000000,0.000000,0.000000,-0.006727,0.000000,0.000929,0.027283,0.572464,0.000000,-0.000000,0.028362,-0.002059,0.029165,0.568368,0.011745,-0.000357,-0.008201,-0.000853,-0.000527,-0.006727,-0.000999,-0.000365,-0.006501,0.416945,0.165319,0.000000,0.000000,0.000000
6.956000,0.000000,0.000000,0.593700,0.000000,0.000000,0.000000,-0.006727,0.000000,0.000929,0.027283,0.572802,0.000000,-0.000000,0.027911,-0.001940,0.029134,0.568152,0.011976,-0.002710,-0.011041,0.000000,0.000000,-0.006727,-0.000758,-0.000515,-0.006622,0.421080,0.166788,0.000000,0.000000,0.000000
6.968000,0.000000,0.000000,0.593700,0.000000,0.000000,0.000000,-0.006727,0.000000,0.000929,0.027283,0.573134,-0.000000,0.000000,0.027468,-0.001824,0.029106,0.567968,0.010148,-0.003353,-0.002806,0.000000,0.000000,-0.006727,-0.000498,-0.000579,-0.006737,0.427851,0.169101,0.000000,0.000000,0.000000
6.980000,0.000000,0.000000,0.593700,0.000000,0.000000,0.000000,-0.006727,0.000000,0.000929,0.027283,0.573461,0.000000,0.000000,0.027031,-0.001724,0.029072,0.567940,0.007264,-0.003709,0.013196,0.000000,0.000000,-0.006727,-0.000275,-0.000573,-0.006847,0.437201,0.172166,0.000000,0.000000,0.000000
6.992000,0.000000,0.000000,0.593700,0.000000,0.000000,0.000000,-0.006727,0.000000,0.000929,0.027283,0.573783,-0.000000,-0.000000,0.026601,-0.001638,0.029036,0.568144,0.005365,-0.003704,0.032778,0.000000,0.000000,-0.006727,-0.000133,-0.000509,-0.006955,0.448256,0.175657,0.000000,0.000000,0.000000
7.004000,0.000000,0.000000,0.593700,0.000000,0.000000,0.000000,-0.006727,0.000000,0.000929,0.027283,0.574100,-0.000000,-0.000000,0.026178,-0.001550,0.029001,0.568611,0.005374,-0.003316,0.052376,0.000000,0.000000,-0.006727,-0.000094,-0.000382,-0.007059,0.459318,0.179005,0.000000,0.000000,0.000000
7.016000,0.000000,0.000000,0.593700,0.000000,0.000000,0.000000,-0.006727,0.000000,0.000929,0.027283,0.574411,-0.000000,-0.000000,0.025762,-0.001447,0.028971,0.569328,0.006509,-0.002453,0.068750,0.000000,0.000000,-0.006727,-0.000160,-0.000165,-0.007160,0.468232,0.181549,0.000000,0.000000,0.000000
7.028000,0.000000,0.000000,0.593700,0.000000,0.000000,0.000000,-0.006727,0.000000,0.000929,0.027283,0.574718,-0.000000,-0.000000,0.025352,-0.001326,0.028950,0.570236,0.007870,-0.001191,0.079345,0.000000,0.000000,-0.006727,-0.000315,0.000146,-0.007258,0.473062,0.182473,0.000000,0.000000,0.000000
7.040000,0.000000,0.000000,0.593700,0.000000,0.000000,0.000000,-0.006727,0.000000,0.000929,0.027283,0.575020,0.000000,-0.000000,0.024949,-0.001193,0.028941,0.571255,0.009020,0.000266,0.083283,0.000000,0.000000,-0.006727,-0.000520,0.000518,-0.007352,0.472729,0.181813,0.000000,0.000000,0.000000
7.052000,0.000000,0.000000,0.593700,0.000000,0.000000,0.000000,-0.006727,0.000000,0.000929,0.027283,0.575317,-0.000000,-0.000000,0.024553,-0.001057,0.028944,0.572296,0.009505,0.001722,0.080517,0.000000,0.000000,-0.006727,-0.000721,0.000903,-0.007439,0.467340,0.179754,0.000000,0.000000,0.000000
7.064000,0.000000,0.000000,0.593700,0.000000,0.000000,0.000000,-0.006727,0.000000,0.000929,0.027283,0.575609,0.000000,-0.000000,0.024162,-0.000932,0.028961,0.573274,0.008740,0.003041,0.071642,0.000000,0.000000,-0.006727,-0.000869,0.001255,-0.007517,0.458065,0.176673,0.000000,0.000000,0.000000
7.076000,0.000000,0.000000,0.593700,0.000000,0.000000,0.000000,-0.006727,0.000000,0.000929,0.027283,0.575897,0.000000,0.000000,0.023778,-0.000836,0.028991,0.574113,0.006646,0.004028,0.057851,0.000000,0.000000,-0.006727,-0.000931,0.001524,-0.007579,0.446738,0.173070,0.000000,0.000000,0.000000
7.088000,0.000000,0.000000,0.593700,0.000000,0.000000,0.000000,-0.006727,0.000000,0.000929,0.027283,0.576180,-0.000000,-0.000000,0.023400,-0.000782,0.029032,0.574745,0.004028,0.004491,0.040020,0.000000,0.000000,-0.006727,-0.000889,0.001666,-0.007623,0.435345,0.169150,0.000000,0.000000,0.000000
7.100000,0.000000,0.000000,0.593700,0.000000,0.000000,0.000000,-0.006727,0.000000,0.000929,0.027283,0.576458,-0.000000,-0.000000,0.023028,-0.000774,0.029079,0.575143,0.000588,0.004502,0.021684,0.000000,0.000000,-0.006727,-0.000750,0.001704,-0.007646,0.425459,0.165736,0.000000,0.000000,0.000000
7.112000,0.000000,0.000000,0.593700,0.000000,0.000000,0.000000,-0.006727,0.000000,0.000929,0.027283,0.576732,-0.000000,-0.000000,0.022662,-0.000831,0.029146,0.575305,-0.003450,0.005203,0.003596,-0.000930,-0.000575,-0.006729,-0.000624,0.001607,-0.007653,0.417805,0.163184,0.000000,0.000000,0.000000
7.124000,0.000000,0.000000,0.593700,0.000000,0.000000,0.000000,-0.006727,0.000000,0.000929,0.027283,0.577002,-0.000000,-0.000000,0.022302,-0.000920,0.029271,0.575239,-0.003069,0.009844,0.010898,-0.001161,-0.000624,-0.006729,-0.000867,0.001282,-0.007693,0.413888,0.162241,0.000000,0.000000,0.000000
7.136000,0.000000,0.000000,0.593700,0.000000,0.000000,0.000000,-0.006727,0.000000,0.000929,0.027283,0.577268,-0.000000,-0.000000,0.021947,-0.000944,0.029288,0.575381,-0.000489,0.003858,0.025469,-0.001409,-0.000388,-0.006729,-0.001024,0.001078,-0.007684,0.412823,0.162098,0.000000,0.000000,0.000000
7.148000,0.000000,0.000000,0.593700,0.000000,0.000000,0.000000,-0.006727,0.000000,0.000929,0.027283,0.577529,-0.000000,-0.000000,0.021598,-0.000960,0.029329,0.575676,0.000886,0.002895,0.035088,-0.000809,-0.000759,-0.006728,-0.001028,0.000751,-0.007683,0.411586,0.161964,0.000000,0.000000,0.000000
7.160000,0.000000,0.000000,0.593700,0.000000,0.000000,0.000000,-0.006727,0.000000,0.000929,0.027283,0.577786,0.000000,-0.000000,0.021255,-0.000949,0.029359,0.576116,0.000616,0.001712,0.045363,-0.000774,-0.000720,-0.006728,-0.001042,0.000520,-0.007614,0.410744,0.161825,0.000000,0.000000,0.000000
7.172000,0.000000,0.000000,0.593700,0.000000,0.000000,0.000000,-0.006727,0.000000,0.000929,0.027283,0.578039,-0.000000,0.000000,0.020917,-0.000944,0.029376,0.576673,-0.000321,0.000655,0.046638,-0.000769,-0.000698,-0.006728,-0.001041,0.000353,-0.007528,0.410088,0.161668,0.000000,0.000000,0.000000
7.182000,0.000000,0.000000,0.593700,0.000000,0.000000,0.000000,-0.006727,0.000000,0.000929,0.027283,0.578247,-0.000000,-0.000000,0.020639,-0.000937,0.029382,0.577159,-0.000416,-0.000045,0.046292,-0.000769,-0.000688,-0.006728,-0.001030,0.000252,-0.007456,0.409618,0.161535,0.000000,0.000000,0.000000
7.194000,0.000000,0.000000,0.593700,0.000000,0.000000,0.000000,-0.006727,0.000000,0.000929,0.027283,0.578493,-0.000000,-0.000000,0.020311,-0.000904,0.029384,0.577769,0.000928,-0.000569,0.048450,-0.000780,-0.000678,-0.006728,-0.001010,0.000166,-0.007376,0.409081,0.161376,0.000000,0.000000,0.000000
7.206000,0.000000,0.000000,0.593700,0.000000,0.000000,0.000000,-0.006727,0.000000,0.000929,0.027283,0.578734,-0.000000,-0.000000,0.019988,-0.000882,0.029383,0.578426,0.001395,-0.000583,0.044210,-0.000844,-0.000675,-0.006728,-0.000999,0.000082,-0.007302,0.408512,0.161219,0.000000,0.000000,0.000000
7.218000,0.000000,0.000000,0.593700,0.000000,0.000000,0.000000,-0.006727,0.000000,0.000929,0.027283,0.578972,-0.000000,-0.000000,0.019670,-0.000868,0.029381,0.578846,0.001294,-0.000159,0.019451,-0.000895,-0.000671,-0.006727,-0.001010,-0.000074,-0.007232,0.408147,0.161163,0.000000,0.000000,0.000000
7.230000,0.000000,0.000000,0.593700,0.000000,0.000000,0.000000,-0.006727,0.000000,0.000929,0.027283,0.579206,-0.000000,-0.000000,0.019358,-0.000858,0.029385,0.578917,0.001791,0.000662,-0.004816,-0.000918,-0.000658,-0.006727,-0.001040,-0.000280,-0.007135,0.408360,0.161343,0.000000,0.000000,0.000000
7.242000,0.000000,0.000000,0.593700,0.000000,0.000000,0.000000,-0.006727,0.000000,0.000929,0.027283,0.579437,0.000000,0.000000,0.019050,-0.000847,0.029400,0.578708,0.003158,0.001952,-0.020682,-0.000880,-0.000679,-0.006727,-0.001100,-0.000543,-0.007017,0.409864,0.162061,0.000000,0.000000,0.000000
7.254000,0.000000,0.000000,0.593700,0.000000,0.000000,0.000000,-0.006727,0.000000,0.000929,0.027283,0.579664,-0.000000,-0.000000,0.018747,-0.000827,0.029431,0.578363,0.003496,0.003551,-0.024937,-0.000874,-0.000682,-0.006727,-0.001193,-0.000828,-0.006896,0.413363,0.163514,0.000000,0.000000,0.000000
7.266000,0.000000,0.000000,0.593700,0.000000,0.000000,0.000000,-0.006727,0.000000,0.000929,0.027283,0.579887,-0.000000,-0.000000,0.018449,-0.000803,0.029479,0.578022,0.002459,0.005110,-0.018284,-0.000894,-0.000669,-0.006727,-0.001317,-0.001072,-0.006782,0.419428,0.165775,0.000000,0.000000,0.000000
7.278000,0.000000,0.000000,0.593700,0.000000,0.000000,0.000000,-0.006727,0.000000,0.000929,0.027283,0.580106,-0.000000,0.000000,0.018155,-0.000786,0.029542,0.577815,0.000439,0.006267,-0.003159,-0.000928,-0.000648,-0.006727,-0.001451,-0.001221,-0.006676,0.428176,0.168741,0.000000,0.000000,0.000000
7.290000,0.000000,0.000000,0.593700,0.000000,0.000000,0.000000,-0.006727,0.000000,0.000929,0.027283,0.580323,-0.000000,0.000000,0.017867,-0.000783,0.029613,0.577834,-0.001691,0.006835,0.016605,-0.000959,-0.000629,-0.006727,-0.001555,-0.001254,-0.006575,0.438913,0.172078,0.000000,0.000000,0.000000
7.302000,0.000000,0.000000,0.593700,0.000000,0.000000,0.000000,-0.006727,0.000000,0.000929,0.027283,0.580535,-0.000000,0.000000,0.017583,-0.000793,0.029687,0.578122,-0.003079,0.006815,0.036890,-0.000979,-0.000616,-0.006727,-0.001590,-0.001172,-0.006478,0.450060,0.175251,0.000000,0.000000,0.000000
7.314000,0.000000,0.000000,0.593700,0.000000,0.000000,0.000000,-0.006727,0.000000,0.000929,0.027283,0.580745,-0.000000,-0.000000,0.017303,-0.000808,0.029759,0.578665,-0.003461,0.006300,0.054175,-0.000990,-0.000609,-0.006727,-0.001538,-0.000982,-0.006385,0.459505,0.177663,0.000000,0.000000,0.000000
7.326000,0.000000,0.000000,0.593700,0.000000,0.000000,0.000000,-0.006727,0.000000,0.000929,0.027283,0.580951,-0.000000,-0.000000,0.017028,-0.000821,0.029826,0.579411,-0.003263,0.005400,0.066012,-0.000998,-0.000604,-0.006727,-0.001403,-0.000693,-0.006296,0.465248,0.178821,0.000000,0.000000,0.000000
7.338000,0.000000,0.000000,0.593700,0.000000,0.000000,0.000000,-0.006727,0.000000,0.000929,0.027283,0.581153,-0.000000,-0.000000,0.016757,-0.000836,0.029885,0.580282,-0.003210,0.004283,0.071125,-0.001000,-0.000603,-0.006727,-0.001214,-0.000328,-0.006212,0.466039,0.178481,0.000000,0.000000,0.000000
7.350000,0.000000,0.000000,0.593700,0.000000,0.000000,0.000000,-0.006727,0.000000,0.000929,0.027283,0.581353,-0.000000,-0.000000,0.016491,-0.000862,0.029936,0.581183,-0.003961,0.003171,0.069080,-0.001000,-0.000604,-0.006727,-0.001017,0.000067,-0.006130,0.461729,0.176703,0.000000,0.000000,0.000000
7.362000,0.000000,0.000000,0.593700,0.000000,0.000000,0.000000,-0.006727,0.000000,0.000929,0.027283,0.581549,-0.000000,-0.000000,0.016229,-0.000912,0.029977,0.582030,-0.005437,0.002323,0.061062,-0.000981,-0.000616,-0.006728,-0.000857,0.000417,-0.006056,0.453277,0.173820,0.000000,0.000000,0.000000
7.374000,0.000000,0.000000,0.593700,0.000000,0.000000,0.000000,-0.006727,0.000000,0.000929,0.027283,0.581742,-0.000000,-0.000000,0.015971,-0.000994,0.030012,0.582752,-0.007671,0.001912,0.048088,-0.000941,-0.000641,-0.006728,-0.000772,0.000672,-0.005992,0.442444,0.170346,0.000000,0.000000,0.000000
7.386000,0.000000,0.000000,0.593700,0.000000,0.000000,0.000000,-0.006727,0.000000,0.000929,0.027283,0.581932,-0.000000,-0.000000,0.015717,-0.001120,0.030044,0.583286,-0.010763,0.002019,0.031480,-0.000891,-0.000672,-0.006728,-0.000778,0.000806,-0.005940,0.431205,0.166839,0.000000,0.000000,0.000000
7.398000,0.000000,0.000000,0.593700,0.000000,0.000000,0.000000,-0.006727,0.000000,0.000929,0.027283,0.582119,-0.000000,-0.000000,0.015467,-0.001297,0.030077,0.583589,-0.014408,0.002770,0.012757,-0.000832,-0.000708,-0.006728,-0.000869,0.000797,-0.005904,0.421206,0.163765,0.000000,0.000000,0.000000
7.410000,0.000000,0.000000,0.593700,0.000000,0.000000,0.000000,-0.006727,0.000000,0.000929,0.027283,0.582304,-0.000000,-0.000000,0.015221,-0.001524,0.030120,0.583649,-0.017449,0.004350,-0.005481,-0.000768,-0.000746,-0.006728,-0.001029,0.000609,-0.005883,0.413377,0.161408,0.000000,0.000000,0.000000
7.422000,0.000000,0.000000,0.593700,0.000000,0.000000,0.000000,-0.006727,0.000000,0.000929,0.027283,0.582485,-0.000000,-0.000000,0.014979,-0.001781,0.030189,0.583457,-0.018035,0.007355,-0.005491,-0.001462,-0.001247,-0.006728,-0.001238,0.000226,-0.005833,0.408638,0.160151,0.000000,0.000000,0.000000
7.434000,0.000000,0.000000,0.593700,0.000000,0.000000,0.000000,-0.006727,0.000000,0.000929,0.027283,0.582663,-0.000000,-0.000000,0.014741,-0.001968,0.030233,0.583446,-0.012930,0.006430,0.014752,-0.000756,-0.000879,-0.006728,-0.001351,-0.000187,-0.005806,0.407776,0.160091,0.000000,0.000000,0.000000
7.446000,0.000000,0.000000,0.593700,0.000000,0.000000,0.000000,-0.006727,0.000000,0.000929,0.027283,0.582839,-0.000000,-0.000000,0.014506,-0.002105,0.030303,0.583622,-0.010390,0.007006,0.023478,0.000000,0.000000,-0.006727,-0.001284,-0.000338,-0.005787,0.406857,0.160029,0.000000,0.000000,0.000000
7.456000,0.000000,0.000000,0.593700,0.000000,0.000000,0.000000,-0.006727,0.000000,0.000929,0.027283,0.582983,-0.000000,-0.000000,0.014314,-0.002186,0.030381,0.583852,-0.007846,0.006509,0.031952,0.000000,0.000000,-0.006727,-0.001104,-0.000189,-0.005828,0.406251,0.160021,0.000000,0.000000,0.000000
7.468000,0.000000,0.000000,0.593700,0.000000,0.000000,0.000000,-0.006727,0.000000,0.000929,0.027283,0.583153,-0.000000,-0.000000,0.014086,-0.002282,0.030466,0.584239,-0.006516,0.004950,0.034404,-0.000922,-0.000714,-0.006727,-0.001113,-0.000081,-0.005908,0.405487,0.159994,0.000000,0.000000,0.000000
7.480000,0.000000,0.000000,0.593700,0.000000,0.000000,0.000000,-0.006727,0.000000,0.000929,0.027283,0.583321,-0.000000,-0.000000,0.013862,-0.002358,0.030520,0.584664,-0.006045,0.002922,0.034057,-0.000994,-0.000722,-0.006727,-0.001169,-0.000094,-0.005995,0.404818,0.159869,0.000000,0.000000,0.000000
7.492000,0.000000,0.000000,0.593700,0.000000,0.000000,0.000000,-0.006727,0.000000,0.000929,0.027283,0.583486,0.000000,-0.000000,0.013642,-0.002360,0.030556,0.585118,-0.002655,0.001337,0.036687,-0.001017,-0.000719,-0.006727,-0.001236,-0.000128,-0.006081,0.404197,0.159719,0.000000,0.000000,0.000000
7.504000,0.000000,0.000000,0.593700,0.000000,0.000000,0.000000,-0.006727,0.000000,0.000929,0.027283,0.583648,0.000000,0.000000,0.013425,-0.002293,0.030574,0.585610,0.002392,0.000273,0.035743,-0.001008,-0.000700,-0.006727,-0.001280,-0.000166,-0.006163,0.403561,0.159582,0.000000,0.000000,0.000000
7.516000,0.000000,0.000000,0.593700,0.000000,0.000000,0.000000,-0.006727,0.000000,0.000929,0.027283,0.583808,-0.000000,0.000000,0.013212,-0.002213,0.030576,0.585952,0.006561,-0.000374,0.013327,-0.000983,-0.000659,-0.006727,-0.001294,-0.000218,-0.006240,0.403166,0.159548,0.000000,0.000000,0.000000
7.528000,0.000000,0.000000,0.593700,0.000000,0.000000,0.000000,-0.006727,0.000000,0.000929,0.027283,0.583965,0.000000,-0.000000,0.013002,-0.002127,0.030570,0.585907,0.010560,-0.001004,-0.011259,-0.000960,-0.000645,-0.006727,-0.001280,-0.000313,-0.006331,0.403293,0.159685,0.000000,0.000000,0.000000
7.540000,0.000000,0.000000,0.593700,0.000000,0.000000,0.000000,-0.006727,0.000000,0.000929,0.027283,0.584120,0.000000,-0.000000,0.012795,-0.002023,0.030555,0.585603,0.013171,-0.001853,-0.027877,-0.000968,-0.000650,-0.006727,-0.001236,-0.000474,-0.006445,0.404644,0.160297,0.000000,0.000000,0.000000
7.552000,0.000000,0.000000,0.593700,0.000000,0.000000,0.000000,-0.006727,0.000000,0.000929,0.027283,0.584272,0.000000,0.000000,0.012591,-0.001898,0.030528,0.585144,0.013833,-0.002918,-0.033967,-0.000970,-0.000651,-0.006727,-0.001159,-0.000675,-0.006563,0.407894,0.161555,0.000000,0.000000,0.000000
7.564000,0.000000,0.000000,0.593700,0.000000,0.000000,0.000000,-0.006727,0.000000,0.000929,0.027283,0.584422,0.000000,-0.000000,0.012391,-0.001762,0.030490,0.584669,0.012809,-0.003931,-0.028951,-0.000960,-0.000645,-0.006727,-0.001060,-0.000857,-0.006673,0.413613,0.163552,0.000000,0.000000,0.000000
7.576000,0.000000,0.000000,0.593700,0.000000,0.000000,0.000000,-0.006727,0.000000,0.000929,0.027283,0.584570,0.000000,-0.000000,0.012194,-0.001628,0.030443,0.584311,0.010783,-0.004598,-0.014838,-0.000943,-0.000635,-0.006726,-0.000962,-0.000970,-0.006774,0.422003,0.166334,0.000000,0.000000,0.000000
7.588000,0.000000,0.000000,0.593700,0.000000,0.000000,0.000000,-0.006727,0.000000,0.000929,0.027283,0.584715,-0.000000,-0.000000,0.012000,-0.001504,0.030392,0.584173,0.008847,-0.004772,0.004702,-0.000927,-0.000624,-0.006726,-0.000900,-0.000993,-0.006868,0.432523,0.169677,0.000000,0.000000,0.000000
7.600000,0.000000,0.000000,0.593700,0.000000,0.000000,0.000000,-0.006727,0.000000,0.000929,0.027283,0.584858,0.000000,0.000000,0.011810,-0.001383,0.030343,0.584304,0.007962,-0.004456,0.025490,-0.000910,-0.000615,-0.006726,-0.000905,-0.000923,-0.006958,0.443738,0.173093,0.000000,0.000000,0.000000
7.612000,0.000000,0.000000,0.593700,0.000000,0.000000,0.000000,-0.006727,0.000000,0.000929,0.027283,0.584998,0.000000,0.000000,0.011622,-0.001257,0.030298,0.584701,0.008344,-0.003691,0.043802,-0.000886,-0.000601,-0.006727,-0.000990,-0.000757,-0.007046,0.453598,0.175700,0.000000,0.000000,0.000000
7.624000,0.000000,0.000000,0.593700,0.000000,0.000000,0.000000,-0.006727,0.000000,0.000929,0.027283,0.585137,0.000000,-0.000000,0.011437,-0.001117,0.030261,0.585318,0.009402,-0.002528,0.056904,-0.000851,-0.000580,-0.006727,-0.001146,-0.000489,-0.007131,0.460044,0.177147,0.000000,0.000000,0.000000
7.636000,0.000000,0.000000,0.593700,0.000000,0.000000,0.000000,-0.006727,0.000000,0.000929,0.027283,0.585273,-0.000000,-0.000000,0.011255,-0.000965,0.030216,0.586074,0.010392,-0.003053,0.063245,0.000000,0.000000,-0.006727,-0.001304,-0.000126,-0.007213,0.461679,0.177172,0.000000,0.000000,0.000000
7.648000,0.000000,0.000000,0.593700,0.000000,0.000000,0.000000,-0.006727,0.000000,0.000929,0.027283,0.585407,0.000000,0.000000,0.011076,-0.000809,0.030206,0.586882,0.010409,0.000167,0.062870,0.000000,0.000000,-0.006727,-0.001327,0.000372,-0.007290,0.458204,0.175693,0.000000,0.000000,0.000000
7.660000,0.000000,0.000000,0.593700,0.000000,0.000000,0.000000,-0.006727,0.000000,0.000929,0.027283,0.585539,-0.000000,-0.000000,0.010900,-0.000680,0.030204,0.587655,0.009000,0.001231,0.055823,0.000000,0.000000,-0.006727,-0.001387,0.000874,-0.007359,0.450363,0.173075,0.000000,0.000000,0.000000
7.672000,0.000000,0.000000,0.593700,0.000000,0.000000,0.000000,-0.006727,0.000000,0.000929,0.027283,0.585668,0.000000,-0.000000,0.010727,-0.000585,0.030222,0.588315,0.007002,0.002532,0.043687,0.000000,0.000000,-0.006727,-0.001383,0.001259,-0.007417,0.439849,0.169776,0.000000,0.000000,0.000000
7.684000,0.000000,0.000000,0.593700,0.000000,0.000000,0.000000,-0.006727,0.000000,0.000929,0.027283,0.585796,-0.000000,-0.000000,0.010556,-0.000530,0.030250,0.588799,0.004083,0.003212,0.027739,0.000000,0.000000,-0.006727,-0.001292,0.001517,-0.007460,0.428650,0.166229,0.000000,0.000000,0.000000
7.696000,0.000000,0.000000,0.593700,0.000000,0.000000,0.000000,-0.006727,0.000000,0.000929,0.027283,0.585922,0.000000,0.000000,0.010388,-0.000526,0.030286,0.589064,0.000565,0.003302,0.009680,0.000000,0.000000,-0.006727,-0.001124,0.001626,-0.007487,0.418474,0.162764,0.000000,0.000000,0.000000
7.706000,0.000000,0.000000,0.593700,0.000000,0.000000,0.000000,-0.006727,0.000000,0.000929,0.027283,0.586025,-0.000000,-0.000000,0.010251,-0.000561,0.030329,0.589100,-0.002086,0.004057,-0.005688,0.000000,0.000000,-0.006727,-0.000945,0.001585,-0.007498,0.411586,0.160440,0.000000,0.000000,0.000000
7.718000,0.000000,0.000000,0.593700,0.000000,0.000000,0.000000,-0.006727,0.000000,0.000929,0.027283,0.586147,-0.000000,-0.000000,0.010088,-0.000644,0.030382,0.588931,-0.005278,0.005292,-0.026275,-0.000862,-0.000592,-0.006728,-0.000711,0.001365,-0.007518,0.405543,0.158469,0.000000,0.000000,0.000000
7.730000,0.000000,0.000000,0.593700,0.000000,0.000000,0.000000,-0.006727,0.000000,0.000929,0.027283,0.586267,-0.000000,-0.000000,0.009927,-0.000697,0.030436,0.588704,-0.000815,0.002845,0.005155,-0.000637,-0.000836,-0.006728,-0.000838,0.000958,-0.007553,0.404494,0.158477,0.000000,0.000000,0.000000
7.742000,0.000000,0.000000,0.593700,0.000000,0.000000,0.000000,-0.006727,0.000000,0.000929,0.027283,0.586385,-0.000000,-0.000000,0.009769,-0.000696,0.030468,0.588747,0.002047,0.001718,0.011388,-0.000690,-0.000752,-0.006728,-0.000839,0.000619,-0.007596,0.403576,0.158386,0.000000,0.000000,0.000000
7.754000,0.000000,0.000000,0.593700,0.000000,0.000000,0.000000,-0.006727,0.000000,0.000929,0.027283,0.586502,-0.000000,-0.000000,0.009614,-0.000658,0.030492,0.588894,0.003060,0.000739,0.022970,0.000000,0.000000,-0.006727,-0.000840,0.000374,-0.007565,0.402850,0.158344,0.000000,0.000000,0.000000
7.766000,0.000000,0.000000,0.593700,0.000000,0.000000,0.000000,-0.006727,0.000000,0.000929,0.027283,0.586616,0.000000,0.000000,0.009461,-0.000617,0.030494,0.589182,0.002198,-0.000506,0.028791,0.000000,0.000000,-0.006727,-0.000738,0.000373,-0.007490,0.402287,0.158254,0.000000,0.000000,0.000000
7.778000,0.000000,0.000000,0.593700,0.000000,0.000000,0.000000,-0.006727,0.000000,0.000929,0.027283,0.586729,-0.000000,0.000000,0.009311,-0.000598,0.030486,0.589541,0.000342,-0.001491,0.028656,0.000000,0.000000,-0.006727,-0.000653,0.000403,-0.007410,0.401773,0.158151,0.000000,0.000000,0.000000
7.790000,0.000000,0.000000,0.593700,0.000000,0.000000,0.000000,-0.006727,0.000000,0.000929,0.027283,0.586840,-0.000000,0.000000,0.009163,-0.000572,0.030470,0.589930,0.000095,-0.002201,0.030355,0.000000,0.000000,-0.006727,-0.000575,0.000437,-0.007336,0.401285,0.158042,0.000000,0.000000,0.000000
7.802000,0.000000,0.000000,0.593700,0.000000,0.000000,0.000000,-0.006727,0.000000,0.000929,0.027283,0.586949,-0.000000,-0.000000,0.009017,-0.000539,0.030450,0.590339,0.000831,-0.002463,0.029664,0.000000,0.000000,-0.006727,-0.000510,0.000464,-0.007270,0.400777,0.157930,0.000000,0.000000,0.000000
7.814000,0.000000,0.000000,0.593700,0.000000,0.000000,0.000000,-0.006727,0.000000,0.000929,0.027283,0.587056,-0.000000,-0.000000,0.008874,-0.000540,0.030446,0.590716,0.000800,-0.001506,0.012898,-0.000806,-0.000613,-0.006727,-0.000540,0.000374,-0.007219,0.400330,0.157894,0.000000,0.000000,0.000000
7.826000,0.000000,0.000000,0.593700,0.000000,0.000000,0.000000,-0.006727,0.000000,0.000929,0.027283,0.587162,-0.000000,-0.000000,0.008733,-0.000541,0.030413,0.590688,0.001921,-0.001674,-0.012574,0.000000,0.000000,-0.006727,-0.000583,0.000159,-0.007158,0.400309,0.157975,0.000000,0.000000,0.000000
7.838000,0.000000,0.000000,0.593700,0.000000,0.000000,0.000000,-0.006727,0.000000,0.000929,0.027283,0.587266,-0.000000,-0.000000,0.008594,-0.000539,0.030392,0.590385,0.003259,-0.000790,-0.031207,0.000000,0.000000,-0.006727,-0.000572,-0.000038,-0.007061,0.401325,0.158486,0.000000,0.000000,0.000000
7.850000,0.000000,0.000000,0.593700,0.000000,0.000000,0.000000,-0.006727,0.000000,0.000929,0.027283,0.587368,-0.000000,-0.000000,0.008457,-0.000531,0.030388,0.589893,0.003427,0.000544,-0.039676,0.000000,0.000000,-0.006727,-0.000593,-0.000256,-0.006945,0.404057,0.159647,0.000000,0.000000,0.000000
7.862000,0.000000,0.000000,0.593700,0.000000,0.000000,0.000000,-0.006727,0.000000,0.000929,0.027283,0.587469,-0.000000,-0.000000,0.008323,-0.000518,0.030401,0.589353,0.002385,0.002048,-0.036718,0.000000,0.000000,-0.006727,-0.000641,-0.000457,-0.006826,0.409134,0.161583,0.000000,0.000000,0.000000
7.874000,0.000000,0.000000,0.593700,0.000000,0.000000,0.000000,-0.006727,0.000000,0.000929,0.027283,0.587568,0.000000,-0.000000,0.008190,-0.000509,0.030429,0.588904,0.000386,0.003325,-0.024077,0.000000,0.000000,-0.006727,-0.000705,-0.000588,-0.006711,0.416874,0.164276,0.000000,0.000000,0.000000
7.886000,0.000000,0.000000,0.593700,0.000000,0.000000,0.000000,-0.006727,0.000000,0.000929,0.027283,0.587665,0.000000,-0.000000,0.008060,-0.000515,0.030484,0.588658,-0.001882,0.005709,-0.005289,-0.000807,-0.000607,-0.006727,-0.000791,-0.000630,-0.006600,0.426903,0.167518,0.000000,0.000000,0.000000
7.898000,0.000000,0.000000,0.593700,0.000000,0.000000,0.000000,-0.006727,0.000000,0.000929,0.027283,0.587761,-0.000000,-0.000000,0.007932,-0.000538,0.030526,0.588671,-0.003668,0.004630,0.015393,-0.000804,-0.000607,-0.006727,-0.000931,-0.000670,-0.006491,0.437931,0.170789,0.000000,0.000000,0.000000
7.910000,0.000000,0.000000,0.593700,0.000000,0.000000,0.000000,-0.006727,0.000000,0.000929,0.027283,0.587855,-0.000000,-0.000000,0.007806,-0.000556,0.030573,0.588955,-0.003635,0.004492,0.034499,-0.000819,-0.000598,-0.006727,-0.000986,-0.000641,-0.006386,0.448050,0.173553,0.000000,0.000000,0.000000
7.922000,0.000000,0.000000,0.593700,0.000000,0.000000,0.000000,-0.006727,0.000000,0.000929,0.027283,0.587948,-0.000000,-0.000000,0.007682,-0.000564,0.030617,0.589468,-0.003172,0.003715,0.048779,-0.000844,-0.000583,-0.006727,-0.000975,-0.000494,-0.006284,0.455167,0.175254,0.000000,0.000000,0.000000
7.934000,0.000000,0.000000,0.593700,0.000000,0.000000,0.000000,-0.006727,0.000000,0.000929,0.027283,0.588040,-0.000000,0.000000,0.007560,-0.000571,0.030653,0.590139,-0.003068,0.002622,0.056591,-0.000867,-0.000569,-0.006727,-0.000900,-0.000233,-0.006189,0.457730,0.175535,0.000000,0.000000,0.000000
7.946000,0.000000,0.000000,0.593700,0.000000,0.000000,0.000000,-0.006727,0.000000,0.000929,0.027283,0.588130,-0.000000,-0.000000,0.007439,-0.000589,0.030679,0.590880,-0.003683,0.001452,0.057400,-0.000875,-0.000566,-0.006727,-0.000789,0.000095,-0.006101,0.455214,0.174339,0.000000,0.000000,0.000000
7.956000,0.000000,0.000000,0.593700,0.000000,0.000000,0.000000,-0.006727,0.000000,0.000929,0.027283,0.588204,-0.000000,-0.000000,0.007341,-0.000621,0.030694,0.591484,-0.004854,0.000518,0.052916,-0.000863,-0.000574,-0.006728,-0.000697,0.000373,-0.006037,0.449650,0.172380,0.000000,0.000000,0.000000
7.968000,0.000000,0.000000,0.593700,0.000000,0.000000,0.000000,-0.006727,0.000000,0.000929,0.027283,0.588291,-0.000000,-0.000000,0.007224,-0.000689,0.030704,0.592123,-0.007028,-0.000188,0.042334,-0.000829,-0.000595,-0.006728,-0.000624,0.000654,-0.005973,0.440072,0.169264,0.000000,0.000000,0.000000
7.980000,0.000000,0.000000,0.593700,0.000000,0.000000,0.000000,-0.006727,0.000000,0.000929,0.027283,0.588377,0.000000,-0.000000,0.007109,-0.000799,0.030709,0.592602,-0.009905,-0.000415,0.027404,0.000000,0.000000,-0.006727,-0.000616,0.000832,-0.005924,0.429134,0.165832,0.000000,0.000000,0.000000
7.992000,0.000000,0.000000,0.593700,0.000000,0.000000,0.000000,-0.006727,0.000000,0.000929,0.027283,0.588462,0.000000,-0.000000,0.006996,-0.000943,0.030710,0.592874,-0.012719,0.001071,0.010010,0.000000,0.000000,-0.006727,-0.000543,0.000963,-0.005892,0.418741,0.162607,0.000000,0.000000,0.000000
8.002000,0.000000,0.000000,0.593700,0.000000,0.000000,0.000000,-0.006727,0.000000,0.000929,0.027283,0.588531,0.000000,0.000000,0.006903,-0.001108,0.030702,0.592920,-0.015715,-0.000179,-0.005598,0.000000,0.000000,-0.006727,-0.000583,0.000996,-0.005877,0.411406,0.160339,0.000000,0.000000,0.000000
8.014000,0.000000,0.000000,0.593700,0.000000,0.000000,0.000000,-0.006727,0.000000,0.000929,0.027283,0.588613,-0.000000,-0.000000,0.006794,-0.001347,0.030717,0.592755,-0.018183,0.001398,-0.023180,0.000000,0.000000,-0.006727,-0.000665,0.000884,-0.005874,0.404745,0.158320,0.000000,0.000000,0.000000
8.024000,0.000000,0.000000,0.593700,0.000000,0.000000,0.000000,-0.006727,0.000000,0.000929,0.027283,0.588681,-0.000000,-0.000000,0.006703,-0.001568,0.030781,0.592450,-0.017365,0.006030,-0.010870,-0.001308,-0.001159,-0.006728,-0.000875,0.000609,-0.005833,0.402143,0.157822,0.000000,0.000000,0.000000
8.036000,0.000000,0.000000,0.593700,0.000000,0.000000,0.000000,-0.006727,0.000000,0.000929,0.027283,0.588761,-0.000000,-0.000000,0.006597,-0.001766,0.030812,0.592346,-0.013481,0.005591,0.005455,-0.000883,-0.000951,-0.006728,-0.001097,0.000146,-0.005801,0.401279,0.157764,0.000000,0.000000,0.000000
8.048000,0.000000,0.000000,0.593700,0.000000,0.000000,0.000000,-0.006727,0.000000,0.000929,0.027283,0.588839,-0.000000,-0.000000,0.006492,-0.001911,0.030857,0.592410,-0.010600,0.005249,0.014411,0.000000,0.000000,-0.006727,-0.001159,-0.000165,-0.005793,0.400508,0.157726,0.000000,0.000000,0.000000
8.060000,0.000000,0.000000,0.593700,0.000000,0.000000,0.000000,-0.006727,0.000000,0.000929,0.027283,0.588917,-0.000000,-0.000000,0.006389,-0.002000,0.030902,0.592601,-0.007415,0.003519,0.022925,0.000000,0.000000,-0.006727,-0.000964,-0.000055,-0.005843,0.399943,0.157650,0.000000,0.000000,0.000000
8.072000,0.000000,0.000000,0.593700,0.000000,0.000000,0.000000,-0.006727,0.000000,0.000929,0.027283,0.588993,-0.000000,-0.000000,0.006287,-0.002081,0.030939,0.592878,-0.006124,0.001889,0.022827,0.000000,0.000000,-0.006727,-0.000845,0.000094,-0.005917,0.399449,0.157594,0.000000,0.000000,0.000000
8.084000,0.000000,0.000000,0.593700,0.000000,0.000000,0.000000,-0.006727,0.000000,0.000929,0.027283,0.589067,-0.000000,-0.000000,0.006187,-0.002139,0.030961,0.593171,-0.005497,0.000406,0.022722,0.000000,0.000000,-0.006727,-0.000766,0.000190,-0.006000,0.399051,0.157537,0.000000,0.000000,0.000000
8.096000,0.000000,0.000000,0.593700,0.000000,0.000000,0.000000,-0.006727,0.000000,0.000929,0.027283,0.589141,-0.000000,-0.000000,0.006089,-0.002116,0.030968,0.593482,-0.001414,-0.000789,0.025497,0.000000,0.000000,-0.006727,-0.000710,0.000252,-0.006081,0.398685,0.157470,0.000000,0.000000,0.000000
8.108000,0.000000,0.000000,0.593700,0.000000,0.000000,0.000000,-0.006727,0.000000,0.000929,0.027283,0.589214,0.000000,-0.000000,0.005992,-0.002061,0.030962,0.593838,0.003399,-0.001506,0.021287,0.000000,0.000000,-0.006727,-0.000655,0.000293,-0.006161,0.398311,0.157391,0.000000,0.000000,0.000000
8.120000,0.000000,0.000000,0.593700,0.000000,0.000000,0.000000,-0.006727,0.000000,0.000929,0.027283,0.589285,-0.000000,-0.000000,0.005897,-0.002005,0.030946,0.593976,0.006974,-0.001811,-0.003174,0.000000,0.000000,-0.006727,-0.000599,0.000303,-0.006250,0.398185,0.157400,0.000000,0.000000,0.000000
8.132000,0.000000,0.000000,0.593700,0.000000,0.000000,0.000000,-0.006727,0.000000,0.000929,0.027283,0.589355,-0.000000,0.000000,0.005803,-0.001936,0.030922,0.593771,0.009488,-0.002358,-0.026600,0.000000,0.000000,-0.006727,-0.000526,0.000242,-0.006371,0.398654,0.157638,0.000000,0.000000,0.000000
8.144000,0.000000,0.000000,0.593700,0.000000,0.000000,0.000000,-0.006727,0.000000,0.000929,0.027283,0.589424,0.000000,0.000000,0.005711,-0.001846,0.030890,0.593296,0.012002,-0.003177,-0.041307,0.000000,0.000000,-0.006727,-0.000427,0.000104,-0.006503,0.400493,0.158388,0.000000,0.000000,0.000000
8.156000,0.000000,0.000000,0.593700,0.000000,0.000000,0.000000,-0.006727,0.000000,0.000929,0.027283,0.589492,-0.000000,-0.000000,0.005620,-0.001736,0.030849,0.592700,0.012489,-0.004045,-0.044282,0.000000,0.000000,-0.006727,-0.000304,-0.000060,-0.006630,0.404385,0.159839,0.000000,0.000000,0.000000
8.168000,0.000000,0.000000,0.593700,0.000000,0.000000,0.000000,-0.006727,0.000000,0.000929,0.027283,0.589559,-0.000000,-0.000000,0.005531,-0.001619,0.030800,0.592121,0.010972,-0.004737,-0.036447,0.000000,0.000000,-0.006727,-0.000174,-0.000186,-0.006744,0.410814,0.162094,0.000000,0.000000,0.000000
8.180000,0.000000,0.000000,0.593700,0.000000,0.000000,0.000000,-0.006727,0.000000,0.000929,0.027283,0.589625,0.000000,0.000000,0.005443,-0.001509,0.030746,0.591691,0.008493,-0.005099,-0.020330,0.000000,0.000000,-0.006727,-0.000065,-0.000239,-0.006847,0.419777,0.165095,0.000000,0.000000,0.000000
8.192000,0.000000,0.000000,0.593700,0.000000,0.000000,0.000000,-0.006727,0.000000,0.000929,0.027283,0.589690,0.000000,-0.000000,0.005356,-0.001411,0.030690,0.591499,0.006574,-0.005108,0.000067,0.000000,0.000000,-0.006727,-0.000009,-0.000221,-0.006945,0.430465,0.168539,0.000000,0.000000,0.000000
8.204000,0.000000,0.000000,0.593700,0.000000,0.000000,0.000000,-0.006727,0.000000,0.000929,0.027283,0.589753,0.000000,-0.000000,0.005271,-0.001312,0.030637,0.591583,0.006205,-0.004769,0.020673,0.000000,0.000000,-0.006727,-0.000029,-0.000138,-0.007040,0.441235,0.171880,0.000000,0.000000,0.000000
8.216000,0.000000,0.000000,0.593700,0.000000,0.000000,0.000000,-0.006727,0.000000,0.000929,0.027283,0.589816,-0.000000,-0.000000,0.005187,-0.001199,0.030587,0.591928,0.007286,-0.004050,0.037978,0.000000,0.000000,-0.006727,-0.000128,0.000018,-0.007131,0.450002,0.174203,0.000000,0.000000,0.000000
8.226000,0.000000,0.000000,0.593700,0.000000,0.000000,0.000000,-0.006727,0.000000,0.000929,0.027283,0.589868,-0.000000,-0.000000,0.005118,-0.001087,0.030552,0.592374,0.008671,-0.003159,0.048103,0.000000,0.000000,-0.006727,-0.000263,0.000214,-0.007205,0.454404,0.175115,0.000000,0.000000,0.000000
8.238000,0.000000,0.000000,0.593700,0.000000,0.000000,0.000000,-0.006727,0.000000,0.000929,0.027283,0.589929,-0.000000,-0.000000,0.005037,-0.000938,0.030519,0.593031,0.010038,-0.001827,0.053989,0.000000,0.000000,-0.006727,-0.000465,0.000525,-0.007290,0.455215,0.174862,0.000000,0.000000,0.000000
8.250000,0.000000,0.000000,0.593700,0.000000,0.000000,0.000000,-0.006727,0.000000,0.000929,0.027283,0.589989,-0.000000,-0.000000,0.004957,-0.000787,0.030498,0.593732,0.010353,-0.000379,0.052755,0.000000,0.000000,-0.006727,-0.000672,0.000891,-0.007370,0.451074,0.173204,0.000000,0.000000,0.000000
8.262000,0.000000,0.000000,0.593700,0.000000,0.000000,0.000000,-0.006727,0.000000,0.000929,0.027283,0.590048,-0.000000,-0.000000,0.004878,-0.000651,0.030492,0.594386,0.009342,0.000965,0.045136,0.000000,0.000000,-0.006727,-0.000841,0.001255,-0.007441,0.442933,0.170466,0.000000,0.000000,0.000000
8.274000,0.000000,0.000000,0.593700,0.000000,0.000000,0.000000,-0.006727,0.000000,0.000929,0.027283,0.590106,-0.000000,-0.000000,0.004801,-0.000550,0.030498,0.594917,0.007108,0.002009,0.032406,0.000000,0.000000,-0.006727,-0.000937,0.001561,-0.007500,0.432492,0.167151,0.000000,0.000000,0.000000
8.286000,0.000000,0.000000,0.593700,0.000000,0.000000,0.000000,-0.006727,0.000000,0.000929,0.027283,0.590163,-0.000000,-0.000000,0.004724,-0.000495,0.030515,0.595264,0.003934,0.002624,0.016088,0.000000,0.000000,-0.006727,-0.000939,0.001763,-0.007543,0.421671,0.163809,0.000000,0.000000,0.000000
8.298000,0.000000,0.000000,0.593700,0.000000,0.000000,0.000000,-0.006727,0.000000,0.000929,0.027283,0.590219,-0.000000,-0.000000,0.004649,-0.000494,0.030540,0.595389,0.000479,0.002681,-0.001991,0.000000,0.000000,-0.006727,-0.000849,0.001825,-0.007570,0.412080,0.160680,0.000000,0.000000,0.000000
8.310000,0.000000,0.000000,0.593700,0.000000,0.000000,0.000000,-0.006727,0.000000,0.000929,0.027283,0.590274,-0.000000,-0.000000,0.004575,-0.000541,0.030566,0.595276,-0.002462,0.002109,-0.019950,0.000000,0.000000,-0.006727,-0.000683,0.001731,-0.007579,0.404664,0.158171,0.000000,0.000000,0.000000
8.322000,0.000000,0.000000,0.593700,0.000000,0.000000,0.000000,-0.006727,0.000000,0.000929,0.027283,0.590329,-0.000000,0.000000,0.004502,-0.000623,0.030605,0.594906,-0.002910,0.002594,-0.019777,0.000000,0.000000,-0.006727,-0.000543,0.001458,-0.007616,0.400220,0.156879,0.000000,0.000000,0.000000
8.334000,0.000000,0.000000,0.593700,0.000000,0.000000,0.000000,-0.006727,0.000000,0.000929,0.027283,0.590383,-0.000000,0.000000,0.004431,-0.000653,0.030643,0.594715,0.000596,0.002162,0.000834,0.000000,0.000000,-0.006727,-0.000580,0.001073,-0.007611,0.399363,0.157045,0.000000,0.000000,0.000000
8.346000,0.000000,0.000000,0.593700,0.000000,0.000000,0.000000,-0.006727,0.000000,0.000929,0.027283,0.590435,-0.000000,-0.000000,0.004360,-0.000632,0.030657,0.594714,0.003410,0.000794,0.006950,0.000000,0.000000,-0.006727,-0.000560,0.000849,-0.007601,0.398428,0.157049,0.000000,0.000000,0.000000
8.358000,0.000000,0.000000,0.593700,0.000000,0.000000,0.000000,-0.006727,0.000000,0.000929,0.027283,0.590487,-0.000000,-0.000000,0.004291,-0.000586,0.030662,0.594817,0.002981,-0.000372,0.018008,0.000000,0.000000,-0.006727,-0.000521,0.000729,-0.007538,0.397711,0.156996,0.000000,0.000000,0.000000
8.370000,0.000000,0.000000,0.593700,0.000000,0.000000,0.000000,-0.006727,0.000000,0.000929,0.027283,0.590538,0.000000,-0.000000,0.004223,-0.000559,0.030654,0.595049,0.000782,-0.001431,0.021031,0.000000,0.000000,-0.006727,-0.000484,0.000669,-0.007458,0.397032,0.156908,0.000000,0.000000,0.000000
8.382000,0.000000,0.000000,0.593700,0.000000,0.000000,0.000000,-0.006727,0.000000,0.000929,0.027283,0.590589,0.000000,-0.000000,0.004156,-0.000547,0.030635,0.595312,-0.001007,-0.002327,0.020540,0.000000,0.000000,-0.006727,-0.000448,0.000633,-0.007381,0.396450,0.156827,0.000000,0.000000,0.000000
8.394000,0.000000,0.000000,0.593700,0.000000,0.000000,0.000000,-0.006727,0.000000,0.000929,0.027283,0.590638,0.000000,0.000000,0.004090,-0.000494,0.030609,0.595607,0.001241,-0.002903,0.023506,0.000000,0.000000,-0.006727,-0.000409,0.000618,-0.007310,0.395942,0.156740,0.000000,0.000000,0.000000
8.406000,0.000000,0.000000,0.593700,0.000000,0.000000,0.000000,-0.006727,0.000000,0.000929,0.027283,0.590687,0.000000,-0.000000,0.004025,-0.000454,0.030577,0.595965,0.003205,-0.003129,0.021565,0.000000,0.000000,-0.006727,-0.000375,0.000586,-0.007246,0.395444,0.156646,0.000000,0.000000,0.000000
8.418000,0.000000,0.000000,0.593700,0.000000,0.000000,0.000000,-0.006727,0.000000,0.000929,0.027283,0.590735,-0.000000,0.000000,0.003961,-0.000487,0.030547,0.596098,0.002364,-0.002655,-0.003787,0.000000,0.000000,-0.006727,-0.000350,0.000471,-0.007200,0.395226,0.156649,0.000000,0.000000,0.000000
8.430000,0.000000,0.000000,0.593700,0.000000,0.000000,0.000000,-0.006727,0.000000,0.000929,0.027283,0.590782,-0.000000,-0.000000,0.003898,-0.000475,0.030521,0.595889,0.003625,-0.001968,-0.026250,0.000000,0.000000,-0.006727,-0.000343,0.000300,-0.007135,0.395584,0.156856,0.000000,0.000000,0.000000
8.442000,0.000000,0.000000,0.593700,0.000000,0.000000,0.000000,-0.006727,0.000000,0.000929,0.027283,0.590828,-0.000000,-0.000000,0.003836,-0.000464,0.030504,0.595430,0.003766,-0.000804,-0.041726,0.000000,0.000000,-0.006727,-0.000365,0.000073,-0.007037,0.397190,0.157562,0.000000,0.000000,0.000000
8.454000,0.000000,0.000000,0.593700,0.000000,0.000000,0.000000,-0.006727,0.000000,0.000929,0.027283,0.590874,0.000000,-0.000000,0.003775,-0.000450,0.030502,0.594823,0.002918,0.000744,-0.046587,0.000000,0.000000,-0.006727,-0.000423,-0.000179,-0.006929,0.400695,0.158973,0.000000,0.000000,0.000000
8.466000,0.000000,0.000000,0.593700,0.000000,0.000000,0.000000,-0.006727,0.000000,0.000929,0.027283,0.590919,-0.000000,-0.000000,0.003715,-0.000439,0.030517,0.594215,0.001251,0.002316,-0.040147,0.000000,0.000000,-0.006727,-0.000513,-0.000400,-0.006822,0.406657,0.161176,0.000000,0.000000,0.000000
8.476000,0.000000,0.000000,0.593700,0.000000,0.000000,0.000000,-0.006727,0.000000,0.000929,0.027283,0.590956,0.000000,-0.000000,0.003665,-0.000436,0.030541,0.593805,-0.000575,0.003374,-0.027898,0.000000,0.000000,-0.006727,-0.000596,-0.000526,-0.006736,0.413642,0.163563,0.000000,0.000000,0.000000
8.488000,0.000000,0.000000,0.593700,0.000000,0.000000,0.000000,-0.006727,0.000000,0.000929,0.027283,0.590999,0.000000,-0.000000,0.003607,-0.000446,0.030579,0.593518,-0.002788,0.004155,-0.008247,0.000000,0.000000,-0.006727,-0.000678,-0.000582,-0.006635,0.423961,0.166834,0.000000,0.000000,0.000000
8.500000,0.000000,0.000000,0.593700,0.000000,0.000000,0.000000,-0.006727,0.000000,0.000929,0.027283,0.591042,-0.000000,-0.000000,0.003550,-0.000469,0.030623,0.593501,-0.004334,0.004384,0.012764,0.000000,0.000000,-0.006727,-0.000706,-0.000535,-0.006535,0.435037,0.170075,0.000000,0.000000,0.000000
8.512000,0.000000,0.000000,0.593700,0.000000,0.000000,0.000000,-0.006727,0.000000,0.000929,0.027283,0.591084,-0.000000,0.000000,0.003493,-0.000498,0.030668,0.593752,-0.004870,0.004142,0.031246,0.000000,0.000000,-0.006727,-0.000661,-0.000389,-0.006435,0.444840,0.172691,0.000000,0.000000,0.000000
8.524000,0.000000,0.000000,0.593700,0.000000,0.000000,0.000000,-0.006727,0.000000,0.000929,0.027283,0.591126,-0.000000,-0.000000,0.003438,-0.000524,0.030710,0.594224,-0.004594,0.003538,0.044582,0.000000,0.000000,-0.006727,-0.000544,-0.000156,-0.006338,0.451318,0.174158,0.000000,0.000000,0.000000
8.536000,0.000000,0.000000,0.593700,0.000000,0.000000,0.000000,-0.006727,0.000000,0.000929,0.027283,0.591167,-0.000000,-0.000000,0.003383,-0.000545,0.030748,0.594841,-0.004073,0.002698,0.051337,0.000000,0.000000,-0.006727,-0.000377,0.000148,-0.006245,0.453089,0.174176,0.000000,0.000000,0.000000
8.548000,0.000000,0.000000,0.593700,0.000000,0.000000,0.000000,-0.006727,0.000000,0.000929,0.027283,0.591207,-0.000000,-0.000000,0.003329,-0.000569,0.030778,0.595514,-0.004133,0.001780,0.051019,0.000000,0.000000,-0.006727,-0.000197,0.000496,-0.006155,0.449845,0.172745,0.000000,0.000000,0.000000
8.560000,0.000000,0.000000,0.593700,0.000000,0.000000,0.000000,-0.006727,0.000000,0.000929,0.027283,0.591247,-0.000000,-0.000000,0.003276,-0.000609,0.030802,0.596151,-0.005240,0.000972,0.044225,0.000000,0.000000,-0.006727,-0.000043,0.000839,-0.006073,0.442390,0.170151,0.000000,0.000000,0.000000
8.572000,0.000000,0.000000,0.593700,0.000000,0.000000,0.000000,-0.006727,0.000000,0.000929,0.027283,0.591286,-0.000000,-0.000000,0.003224,-0.000681,0.030819,0.596674,-0.007459,0.000487,0.032116,0.000000,0.000000,-0.006727,0.000050,0.001125,-0.006001,0.432341,0.166881,0.000000,0.000000,0.000000
8.584000,0.000000,0.000000,0.593700,0.000000,0.000000,0.000000,-0.006727,0.000000,0.000929,0.027283,0.591324,-0.000000,-0.000000,0.003173,-0.000798,0.030833,0.597020,-0.010534,0.000483,0.016145,0.000000,0.000000,-0.006727,0.000059,0.001305,-0.005944,0.421625,0.163490,0.000000,0.000000,0.000000
8.596000,0.000000,0.000000,0.593700,0.000000,0.000000,0.000000,-0.006727,0.000000,0.000929,0.027283,0.591362,-0.000000,-0.000000,0.003123,-0.000966,0.030847,0.597144,-0.013905,0.001100,-0.001920,0.000000,0.000000,-0.006727,-0.000019,0.001346,-0.005902,0.411936,0.160466,0.000000,0.000000,0.000000
8.608000,0.000000,0.000000,0.593700,0.000000,0.000000,0.000000,-0.006727,0.000000,0.000929,0.027283,0.591399,-0.000000,-0.000000,0.003073,-0.001181,0.030869,0.597033,-0.016840,0.002403,-0.019910,0.000000,0.000000,-0.006727,-0.000173,0.001231,-0.005877,0.404331,0.158121,0.000000,0.000000,0.000000
8.620000,0.000000,0.000000,0.593700,0.000000,0.000000,0.000000,-0.006727,0.000000,0.000929,0.027283,0.591436,-0.000000,-0.000000,0.003024,-0.001432,0.030896,0.596671,-0.018136,0.002991,-0.029753,-0.001196,-0.001068,-0.006728,-0.000360,0.000957,-0.005831,0.399093,0.156543,0.000000,0.000000,0.000000
8.632000,0.000000,0.000000,0.593700,0.000000,0.000000,0.000000,-0.006727,0.000000,0.000929,0.027283,0.591472,0.000000,0.000000,0.002976,-0.001654,0.030959,0.596390,-0.015251,0.004722,-0.003267,-0.000780,-0.000871,-0.006728,-0.000691,0.000525,-0.005811,0.398541,0.156781,0.000000,0.000000,0.000000
8.644000,0.000000,0.000000,0.593700,0.000000,0.000000,0.000000,-0.006727,0.000000,0.000929,0.027283,0.591507,0.000000,-0.000000,0.002929,-0.001828,0.031005,0.596347,-0.012857,0.005066,0.004483,0.000000,0.000000,-0.006727,-0.000865,0.000136,-0.005801,0.397760,0.156782,0.000000,0.000000,0.000000
8.656000,0.000000,0.000000,0.593700,0.000000,0.000000,0.000000,-0.006727,0.000000,0.000929,0.027283,0.591542,-0.000000,0.000000,0.002882,-0.001934,0.031060,0.596421,-0.008745,0.004248,0.015380,0.000000,0.000000,-0.006727,-0.000728,0.000144,-0.005850,0.397243,0.156772,0.000000,0.000000,0.000000
8.668000,0.000000,0.000000,0.593700,0.000000,0.000000,0.000000,-0.006727,0.000000,0.000929,0.027283,0.591576,0.000000,0.000000,0.002836,-0.002027,0.031105,0.596614,-0.006603,0.002501,0.017832,0.000000,0.000000,-0.006727,-0.000653,0.000255,-0.005923,0.396712,0.156714,0.000000,0.000000,0.000000
8.680000,0.000000,0.000000,0.593700,0.000000,0.000000,0.000000,-0.006727,0.000000,0.000929,0.027283,0.591610,-0.000000,-0.000000,0.002791,-0.002096,0.031131,0.596841,-0.005215,0.000797,0.017049,0.000000,0.000000,-0.006727,-0.000612,0.000322,-0.006001,0.396246,0.156624,0.000000,0.000000,0.000000
8.692000,0.000000,0.000000,0.593700,0.000000,0.000000,0.000000,-0.006727,0.000000,0.000929,0.027283,0.591643,-0.000000,-0.000000,0.002747,-0.002104,0.031142,0.597096,-0.002158,-0.000560,0.019622,0.000000,0.000000,-0.006727,-0.000589,0.000359,-0.006076,0.395805,0.156552,0.000000,0.000000,0.000000
8.704000,0.000000,0.000000,0.593700,0.000000,0.000000,0.000000,-0.006727,0.000000,0.000929,0.027283,0.591676,-0.000000,0.000000,0.002703,-0.002064,0.031137,0.597393,0.001686,-0.001547,0.019025,0.000000,0.000000,-0.006727,-0.000559,0.000376,-0.006149,0.395340,0.156490,0.000000,0.000000,0.000000
8.716000,0.000000,0.000000,0.593700,0.000000,0.000000,0.000000,-0.006727,0.000000,0.000929,0.027283,0.591708,-0.000000,-0.000000,0.002660,-0.002011,0.031120,0.597578,0.004698,-0.002052,-0.000798,0.000000,0.000000,-0.006727,-0.000515,0.000349,-0.006216,0.395064,0.156508,0.000000,0.000000,0.000000
8.726000,0.000000,0.000000,0.593700,0.000000,0.000000,0.000000,-0.006727,0.000000,0.000929,0.027283,0.591735,-0.000000,-0.000000,0.002625,-0.001954,0.031098,0.597457,0.006936,-0.002689,-0.021168,0.000000,0.000000,-0.006727,-0.000469,0.000286,-0.006287,0.395165,0.156631,0.000000,0.000000,0.000000
8.738000,0.000000,0.000000,0.593700,0.000000,0.000000,0.000000,-0.006727,0.000000,0.000929,0.027283,0.591766,-0.000000,-0.000000,0.002583,-0.001870,0.031062,0.597025,0.010400,-0.003598,-0.041493,0.000000,0.000000,-0.006727,-0.000392,0.000143,-0.006395,0.396273,0.157099,0.000000,0.000000,0.000000
8.750000,0.000000,0.000000,0.593700,0.000000,0.000000,0.000000,-0.006727,0.000000,0.000929,0.027283,0.591797,-0.000000,-0.000000,0.002542,-0.001760,0.031015,0.596401,0.013138,-0.004509,-0.049670,0.000000,0.000000,-0.006727,-0.000290,-0.000045,-0.006506,0.399155,0.158178,0.000000,0.000000,0.000000
8.762000,0.000000,0.000000,0.593700,0.000000,0.000000,0.000000,-0.006727,0.000000,0.000929,0.027283,0.591827,-0.000000,-0.000000,0.002502,-0.001630,0.030960,0.595735,0.013095,-0.005201,-0.046441,0.000000,0.000000,-0.006727,-0.000174,-0.000211,-0.006611,0.404411,0.160022,0.000000,0.000000,0.000000
8.774000,0.000000,0.000000,0.593700,0.000000,0.000000,0.000000,-0.006727,0.000000,0.000929,0.027283,0.591857,-0.000000,0.000000,0.002462,-0.001499,0.030899,0.595164,0.011088,-0.005558,-0.033522,0.000000,0.000000,-0.006727,-0.000069,-0.000303,-0.006709,0.412318,0.162670,0.000000,0.000000,0.000000
8.786000,0.000000,0.000000,0.593700,0.000000,0.000000,0.000000,-0.006727,0.000000,0.000929,0.027283,0.591886,-0.000000,-0.000000,0.002423,-0.001378,0.030838,0.594798,0.008765,-0.005562,-0.014367,0.000000,0.000000,-0.006727,-0.000004,-0.000314,-0.006802,0.422489,0.165948,0.000000,0.000000,0.000000
8.798000,0.000000,0.000000,0.593700,0.000000,0.000000,0.000000,-0.006727,0.000000,0.000929,0.027283,0.591915,-0.000000,-0.000000,0.002384,-0.001266,0.030778,0.594701,0.007539,-0.005239,0.006861,0.000000,0.000000,-0.006727,-0.000005,-0.000252,-0.006892,0.433659,0.169418,0.000000,0.000000,0.000000
8.810000,0.000000,0.000000,0.593700,0.000000,0.000000,0.000000,-0.006727,0.000000,0.000929,0.027283,0.591943,0.000000,-0.000000,0.002346,-0.001148,0.030723,0.594878,0.007781,-0.004561,0.026172,0.000000,0.000000,-0.006727,-0.000083,-0.000112,-0.006985,0.443874,0.172185,0.000000,0.000000,0.000000
8.822000,0.000000,0.000000,0.593700,0.000000,0.000000,0.000000,-0.006727,0.000000,0.000929,0.027283,0.591971,-0.000000,-0.000000,0.002309,-0.001015,0.030676,0.595288,0.008905,-0.003494,0.040772,0.000000,0.000000,-0.006727,-0.000230,0.000123,-0.007079,0.451054,0.173870,0.000000,0.000000,0.000000
8.834000,0.000000,0.000000,0.593700,0.000000,0.000000,0.000000,-0.006727,0.000000,0.000929,0.027283,0.591999,-0.000000,-0.000000,0.002272,-0.000872,0.030640,0.595863,0.009504,-0.002092,0.048860,0.000000,0.000000,-0.006727,-0.000427,0.000459,-0.007175,0.453661,0.174154,0.000000,0.000000,0.000000
8.846000,0.000000,0.000000,0.593700,0.000000,0.000000,0.000000,-0.006727,0.000000,0.000929,0.027283,0.592026,0.000000,0.000000,0.002236,-0.000734,0.030617,0.596512,0.009394,-0.000628,0.049970,0.000000,0.000000,-0.006727,-0.000639,0.000835,-0.007268,0.451160,0.172982,0.000000,0.000000,0.000000
8.858000,0.000000,0.000000,0.593700,0.000000,0.000000,0.000000,-0.006727,0.000000,0.000929,0.027283,0.592052,0.000000,-0.000000,0.002201,-0.000605,0.030607,0.597142,0.009106,0.000593,0.044057,0.000000,0.000000,-0.006727,-0.000816,0.001178,-0.007353,0.444216,0.170598,0.000000,0.000000,0.000000
8.870000,0.000000,0.000000,0.593700,0.000000,0.000000,0.000000,-0.006727,0.000000,0.000929,0.027283,0.592079,-0.000000,-0.000000,0.002166,-0.000492,0.030609,0.597669,0.007805,0.001702,0.032961,0.000000,0.000000,-0.006727,-0.000920,0.001485,-0.007428,0.434409,0.167454,0.000000,0.000000,0.000000
8.882000,0.000000,0.000000,0.593700,0.000000,0.000000,0.000000,-0.006727,0.000000,0.000929,0.027283,0.592104,-0.000000,-0.000000,0.002131,-0.000424,0.030625,0.598032,0.004577,0.002600,0.017712,0.000000,0.000000,-0.006727,-0.000943,0.001743,-0.007489,0.423225,0.164099,0.000000,0.000000,0.000000
8.894000,0.000000,0.000000,0.593700,0.000000,0.000000,0.000000,-0.006727,0.000000,0.000929,0.027283,0.592130,-0.000000,-0.000000,0.002097,-0.000416,0.030650,0.598184,0.000835,0.002883,0.000085,0.000000,0.000000,-0.006727,-0.000880,0.001874,-0.007533,0.413085,0.160800,0.000000,0.000000,0.000000
8.906000,0.000000,0.000000,0.593700,0.000000,0.000000,0.000000,-0.006727,0.000000,0.000929,0.027283,0.592155,-0.000000,-0.000000,0.002064,-0.000461,0.030678,0.598103,-0.002447,0.002518,-0.018012,0.000000,0.000000,-0.006727,-0.000737,0.001850,-0.007558,0.405379,0.158052,0.000000,0.000000,0.000000
8.918000,0.000000,0.000000,0.593700,0.000000,0.000000,0.000000,-0.006727,0.000000,0.000929,0.027283,0.592179,-0.000000,0.000000,0.002031,-0.000553,0.030698,0.597791,-0.004998,0.001591,-0.037954,0.000000,0.000000,-0.006727,-0.000527,0.001666,-0.007588,0.399538,0.156151,0.000000,0.000000,0.000000
8.930000,0.000000,0.000000,0.593700,0.000000,0.000000,0.000000,-0.006727,0.000000,0.000929,0.027283,0.592203,-0.000000,0.000000,0.001999,-0.000613,0.030744,0.597430,-0.001213,0.000713,-0.006190,0.000000,0.000000,-0.006727,-0.000562,0.001352,-0.007627,0.398272,0.156212,0.000000,0.000000,0.000000
8.942000,0.000000,0.000000,0.593700,0.000000,0.000000,0.000000,-0.006727,0.000000,0.000929,0.027283,0.592227,0.000000,0.000000,0.001967,-0.000622,0.030759,0.597340,0.001579,-0.000232,0.000549,0.000000,0.000000,-0.006727,-0.000548,0.001152,-0.007649,0.397271,0.156243,0.000000,0.000000,0.000000
8.954000,0.000000,0.000000,0.593700,0.000000,0.000000,0.000000,-0.006727,0.000000,0.000929,0.027283,0.592251,0.000000,0.000000,0.001936,-0.000601,0.030780,0.597364,0.002135,-0.000141,0.011856,0.000000,0.000000,-0.006727,-0.000527,0.000939,-0.007621,0.396448,0.156260,0.000000,0.000000,0.000000
8.966000,0.000000,0.000000,0.593700,0.000000,0.000000,0.000000,-0.006727,0.000000,0.000929,0.027283,0.592274,-0.000000,0.000000,0.001905,-0.000580,0.030774,0.597522,0.000396,-0.001386,0.017270,0.000000,0.000000,-0.006727,-0.000493,0.000823,-0.007550,0.395802,0.156191,0.000000,0.000000,0.000000
8.976000,0.000000,0.000000,0.593700,0.000000,0.000000,0.000000,-0.006727,0.000000,0.000929,0.027283,0.592293,-0.000000,0.000000,0.001880,-0.000580,0.030759,0.597705,-0.001538,-0.002275,0.017169,0.000000,0.000000,-0.006727,-0.000465,0.000754,-0.007483,0.395339,0.156126,0.000000,0.000000,0.000000
8.988000,0.000000,0.000000,0.593700,0.000000,0.000000,0.000000,-0.006727,0.000000,0.000929,0.027283,0.592315,-0.000000,-0.000000,0.001850,-0.000553,0.030731,0.597949,-0.000785,-0.003032,0.018410,0.000000,0.000000,-0.006727,-0.000425,0.000698,-0.007403,0.394833,0.156043,0.000000,0.000000,0.000000
9.000000,0.000000,0.000000,0.593700,0.000000,0.000000,0.000000,-0.006727,0.000000,0.000929,0.027283,0.592337,-0.000000,-0.000000,0.001820,-0.000484,0.030699,0.598230,0.002604,-0.003435,0.021776,0.000000,0.000000,-0.006727,-0.000389,0.000665,-0.007329,0.394320,0.155956,0.000000,0.000000,0.000000
9.012000,0.000000,0.000000,0.593700,0.000000,0.000000,0.000000,-0.006727,0.000000,0.000929,0.027283,0.592359,-0.000000,-0.000000,0.001792,-0.000490,0.030666,0.598506,0.003951,-0.003004,0.006635,0.000000,0.000000,-0.006727,-0.000366,0.000570,-0.007265,0.393878,0.155919,0.000000,0.000000,0.000000
9.024000,0.000000,0.000000,0.593700,0.000000,0.000000,0.000000,-0.006727,0.000000,0.000929,0.027283,0.592380,-0.000000,-0.000000,0.001763,-0.000482,0.030635,0.598438,0.005260,-0.002484,-0.017388,0.000000,0.000000,-0.006727,-0.000368,0.000403,-0.007208,0.393859,0.156020,0.000000,0.000000,0.000000
9.036000,0.000000,0.000000,0.593700,0.000000,0.000000,0.000000,-0.006727,0.000000,0.000929,0.027283,0.592401,-0.000000,-0.000000,0.001735,-0.000476,0.030610,0.598088,0.004747,-0.001555,-0.037172,0.000000,0.000000,-0.006727,-0.000387,0.000196,-0.007116,0.394756,0.156456,0.000000,0.000000,0.000000
9.048000,0.000000,0.000000,0.593700,0.000000,0.000000,0.000000,-0.006727,0.000000,0.000929,0.027283,0.592422,-0.000000,-0.000000,0.001707,-0.000470,0.030599,0.597525,0.003341,-0.000156,-0.048017,0.000000,0.000000,-0.006727,-0.000433,-0.000032,-0.007001,0.397196,0.157491,0.000000,0.000000,0.000000
9.060000,0.000000,0.000000,0.593700,0.000000,0.000000,0.000000,-0.006727,0.000000,0.000929,0.027283,0.592442,-0.000000,-0.000000,0.001680,-0.000470,0.030603,0.596864,0.000671,0.001436,-0.048436,0.000000,0.000000,-0.006727,-0.000506,-0.000240,-0.006889,0.401795,0.159279,0.000000,0.000000,0.000000
9.072000,0.000000,0.000000,0.593700,0.000000,0.000000,0.000000,-0.006727,0.000000,0.000929,0.027283,0.592462,-0.000000,-0.000000,0.001654,-0.000484,0.030625,0.596264,-0.002140,0.002943,-0.037409,0.000000,0.000000,-0.006727,-0.000595,-0.000406,-0.006788,0.408950,0.161835,0.000000,0.000000,0.000000
9.084000,0.000000,0.000000,0.593700,0.000000,0.000000,0.000000,-0.006727,0.000000,0.000929,0.027283,0.592482,-0.000000,-0.000000,0.001627,-0.000509,0.030661,0.595851,-0.003912,0.004095,-0.019147,0.000000,0.000000,-0.006727,-0.000678,-0.000508,-0.006690,0.418516,0.164973,0.000000,0.000000,0.000000
9.096000,0.000000,0.000000,0.593700,0.000000,0.000000,0.000000,-0.006727,0.000000,0.000929,0.027283,0.592501,-0.000000,-0.000000,0.001601,-0.000539,0.030706,0.595698,-0.004922,0.004650,0.001998,0.000000,0.000000,-0.006727,-0.000724,-0.000512,-0.006595,0.429423,0.168272,0.000000,0.000000,0.000000
9.108000,0.000000,0.000000,0.593700,0.000000,0.000000,0.000000,-0.006727,0.000000,0.000929,0.027283,0.592520,-0.000000,-0.000000,0.001576,-0.000572,0.030754,0.595821,-0.005381,0.004600,0.021874,0.000000,0.000000,-0.006727,-0.000706,-0.000402,-0.006500,0.439783,0.171156,0.000000,0.000000,0.000000
9.120000,0.000000,0.000000,0.593700,0.000000,0.000000,0.000000,-0.006727,0.000000,0.000929,0.027283,0.592539,-0.000000,-0.000000,0.001551,-0.000606,0.030802,0.596183,-0.005490,0.004154,0.037079,0.000000,0.000000,-0.006727,-0.000616,-0.000191,-0.006401,0.447455,0.173060,0.000000,0.000000,0.000000
9.132000,0.000000,0.000000,0.593700,0.000000,0.000000,0.000000,-0.006727,0.000000,0.000929,0.027283,0.592557,-0.000000,-0.000000,0.001526,-0.000638,0.030846,0.596717,-0.004973,0.003485,0.046213,0.000000,0.000000,-0.006727,-0.000466,0.000079,-0.006302,0.450784,0.173587,0.000000,0.000000,0.000000
9.144000,0.000000,0.000000,0.593700,0.000000,0.000000,0.000000,-0.006727,0.000000,0.000929,0.027283,0.592575,-0.000000,-0.000000,0.001502,-0.000663,0.030886,0.597340,-0.004303,0.002731,0.048459,0.000000,0.000000,-0.006727,-0.000294,0.000380,-0.006205,0.449121,0.172634,0.000000,0.000000,0.000000
9.156000,0.000000,0.000000,0.593700,0.000000,0.000000,0.000000,-0.006727,0.000000,0.000929,0.027283,0.592593,0.000000,0.000000,0.001478,-0.000691,0.030919,0.597961,-0.004520,0.001951,0.044026,0.000000,0.000000,-0.006727,-0.000136,0.000698,-0.006112,0.442937,0.170396,0.000000,0.000000,0.000000
9.168000,0.000000,0.000000,0.593700,0.000000,0.000000,0.000000,-0.006727,0.000000,0.000929,0.027283,0.592611,-0.000000,-0.000000,0.001455,-0.000742,0.030947,0.598497,-0.006109,0.001347,0.033768,0.000000,0.000000,-0.006727,-0.000025,0.000996,-0.006027,0.433618,0.167307,0.000000,0.000000,0.000000
9.180000,0.000000,0.000000,0.593700,0.000000,0.000000,0.000000,-0.006727,0.000000,0.000929,0.027283,0.592628,-0.000000,-0.000000,0.001431,-0.000834,0.030969,0.598878,-0.008908,0.001129,0.019081,0.000000,0.000000,-0.006727,0.000014,0.001226,-0.005954,0.423026,0.163916,0.000000,0.000000,0.000000
9.192000,0.000000,0.000000,0.593700,0.000000,0.000000,0.000000,-0.006727,0.000000,0.000929,0.027283,0.592645,-0.000000,0.000000,0.001409,-0.000979,0.030991,0.599053,-0.012371,0.001450,0.001721,0.000000,0.000000,-0.006727,-0.000029,0.001344,-0.005896,0.412957,0.160749,0.000000,0.000000,0.000000
9.204000,0.000000,0.000000,0.593700,0.000000,0.000000,0.000000,-0.006727,0.000000,0.000929,0.027283,0.592662,-0.000000,-0.000000,0.001386,-0.001179,0.031017,0.598996,-0.015782,0.002406,-0.016436,0.000000,0.000000,-0.006727,-0.000150,0.001325,-0.005853,0.404676,0.158184,0.000000,0.000000,0.000000
9.216000,0.000000,0.000000,0.593700,0.000000,0.000000,0.000000,-0.006727,0.000000,0.000929,0.027283,0.592679,-0.000000,-0.000000,0.001364,-0.001425,0.031054,0.598705,-0.018454,0.004036,-0.033538,0.000000,0.000000,-0.006727,-0.000331,0.001160,-0.005826,0.398684,0.156389,0.000000,0.000000,0.000000
9.228000,0.000000,0.000000,0.593700,0.000000,0.000000,0.000000,-0.006727,0.000000,0.000929,0.027283,0.592695,-0.000000,-0.000000,0.001343,-0.001673,0.031112,0.598290,-0.016711,0.005024,-0.011062,-0.001083,-0.000643,-0.006728,-0.000632,0.000832,-0.005766,0.396893,0.156185,0.000000,0.000000,0.000000
9.240000,0.000000,0.000000,0.593700,0.000000,0.000000,0.000000,-0.006727,0.000000,0.000929,0.027283,0.592711,-0.000000,-0.000000,0.001321,-0.001883,0.031176,0.598155,-0.014950,0.005834,-0.000414,-0.000857,-0.000551,-0.006728,-0.000948,0.000472,-0.005743,0.395982,0.156261,0.000000,0.000000,0.000000
9.252000,0.000000,0.000000,0.593700,0.000000,0.000000,0.000000,-0.006727,0.000000,0.000929,0.027283,0.592727,-0.000000,-0.000000,0.001300,-0.002030,0.031220,0.598151,-0.011487,0.005065,0.009768,0.000000,0.000000,-0.006727,-0.000832,0.000305,-0.005761,0.395314,0.156245,0.000000,0.000000,0.000000
9.264000,0.000000,0.000000,0.593700,0.000000,0.000000,0.000000,-0.006727,0.000000,0.000929,0.027283,0.592742,-0.000000,-0.000000,0.001280,-0.002147,0.031276,0.598277,-0.009059,0.003452,0.015078,0.000000,0.000000,-0.006727,-0.000731,0.000378,-0.005824,0.394710,0.156232,0.000000,0.000000,0.000000
9.274000,0.000000,0.000000,0.593700,0.000000,0.000000,0.000000,-0.006727,0.000000,0.000929,0.027283,0.592755,-0.000000,-0.000000,0.001263,-0.002229,0.031308,0.598435,-0.007587,0.001925,0.014787,0.000000,0.000000,-0.006727,-0.000682,0.000418,-0.005886,0.394265,0.156209,0.000000,0.000000,0.000000
9.286000,0.000000,0.000000,0.593700,0.000000,0.000000,0.000000,-0.006727,0.000000,0.000929,0.027283,0.592770,0.000000,-0.000000,0.001242,-0.002273,0.031329,0.598641,-0.004363,0.000312,0.015539,0.000000,0.000000,-0.006727,-0.000651,0.000436,-0.005964,0.393788,0.156134,0.000000,0.000000,0.000000
9.298000,0.000000,0.000000,0.593700,0.000000,0.000000,0.000000,-0.006727,0.000000,0.000929,0.027283,0.592785,-0.000000,-0.000000,0.001223,-0.002230,0.031335,0.598869,0.001096,-0.000985,0.019100,0.000000,0.000000,-0.006727,-0.000626,0.000437,-0.006039,0.393332,0.156078,0.000000,0.000000,0.000000
9.310000,0.000000,0.000000,0.593700,0.000000,0.000000,0.000000,-0.006727,0.000000,0.000929,0.027283,0.592799,0.000000,0.000000,0.001203,-0.002067,0.031317,0.599204,0.008994,-0.001992,0.011666,0.000000,0.000000,-0.006727,-0.000578,0.000408,-0.006108,0.392903,0.156051,0.000000,0.000000,0.000000
9.322000,0.000000,0.000000,0.593700,0.000000,0.000000,0.000000,-0.006727,0.000000,0.000929,0.027283,0.592813,0.000000,-0.000000,0.001184,-0.002016,0.031297,0.599095,0.009096,-0.002356,-0.015736,0.000000,0.000000,-0.006727,-0.000510,0.000311,-0.006165,0.392861,0.156107,0.000000,0.000000,0.000000
9.334000,0.000000,0.000000,0.593700,0.000000,0.000000,0.000000,-0.006727,0.000000,0.000929,0.027283,0.592827,-0.000000,-0.000000,0.001165,-0.001938,0.031267,0.598743,0.009588,-0.003233,-0.035913,0.000000,0.000000,-0.006727,-0.000425,0.000169,-0.006256,0.393609,0.156413,0.000000,0.000000,0.000000
9.346000,0.000000,0.000000,0.593700,0.000000,0.000000,0.000000,-0.006727,0.000000,0.000929,0.027283,0.592841,0.000000,0.000000,0.001147,-0.001840,0.031224,0.598156,0.010959,-0.004399,-0.048937,0.000000,0.000000,-0.006727,-0.000320,-0.000026,-0.006368,0.395851,0.157262,0.000000,0.000000,0.000000
9.358000,0.000000,0.000000,0.593700,0.000000,0.000000,0.000000,-0.006727,0.000000,0.000929,0.027283,0.592855,-0.000000,-0.000000,0.001129,-0.001721,0.031168,0.597468,0.011773,-0.005455,-0.050055,0.000000,0.000000,-0.006727,-0.000200,-0.000229,-0.006479,0.400287,0.158833,0.000000,0.000000,0.000000
9.370000,0.000000,0.000000,0.593700,0.000000,0.000000,0.000000,-0.006727,0.000000,0.000929,0.027283,0.592868,-0.000000,-0.000000,0.001111,-0.001591,0.031103,0.596819,0.011379,-0.006147,-0.040553,0.000000,0.000000,-0.006727,-0.000084,-0.000374,-0.006578,0.407365,0.161214,0.000000,0.000000,0.000000
9.382000,0.000000,0.000000,0.593700,0.000000,0.000000,0.000000,-0.006727,0.000000,0.000929,0.027283,0.592882,0.000000,0.000000,0.001093,-0.001464,0.031034,0.596345,0.009446,-0.006305,-0.023064,0.000000,0.000000,-0.006727,-0.000001,-0.000414,-0.006672,0.416952,0.164312,0.000000,0.000000,0.000000
9.394000,0.000000,0.000000,0.593700,0.000000,0.000000,0.000000,-0.006727,0.000000,0.000929,0.027283,0.592895,-0.000000,-0.000000,0.001076,-0.001349,0.030966,0.596124,0.007640,-0.006070,-0.002120,0.000000,0.000000,-0.006727,0.000018,-0.000360,-0.006767,0.428049,0.167782,0.000000,0.000000,0.000000
9.406000,0.000000,0.000000,0.593700,0.000000,0.000000,0.000000,-0.006727,0.000000,0.000929,0.027283,0.592907,-0.000000,-0.000000,0.001058,-0.001236,0.030901,0.596178,0.007402,-0.005542,0.018164,0.000000,0.000000,-0.006727,-0.000038,-0.000230,-0.006862,0.438898,0.170935,0.000000,0.000000,0.000000
9.418000,0.000000,0.000000,0.593700,0.000000,0.000000,0.000000,-0.006727,0.000000,0.000929,0.027283,0.592920,-0.000000,-0.000000,0.001042,-0.001115,0.030842,0.596489,0.008057,-0.004590,0.034854,0.000000,0.000000,-0.006727,-0.000169,-0.000001,-0.006959,0.447405,0.173029,0.000000,0.000000,0.000000
9.430000,0.000000,0.000000,0.593700,0.000000,0.000000,0.000000,-0.006727,0.000000,0.000929,0.027283,0.592932,0.000000,-0.000000,0.001025,-0.000987,0.030794,0.596996,0.008493,-0.003271,0.045629,0.000000,0.000000,-0.006727,-0.000358,0.000334,-0.007058,0.451758,0.173807,0.000000,0.000000,0.000000
9.442000,0.000000,0.000000,0.593700,0.000000,0.000000,0.000000,-0.006727,0.000000,0.000929,0.027283,0.592945,0.000000,0.000000,0.001009,-0.000864,0.030758,0.597616,0.008279,-0.001826,0.049380,0.000000,0.000000,-0.006727,-0.000573,0.000730,-0.007157,0.451038,0.173111,0.000000,0.000000,0.000000
9.454000,0.000000,0.000000,0.593700,0.000000,0.000000,0.000000,-0.006727,0.000000,0.000929,0.027283,0.592957,-0.000000,-0.000000,0.000993,-0.000757,0.030735,0.598255,0.007483,-0.000536,0.046103,0.000000,0.000000,-0.006727,-0.000769,0.001116,-0.007254,0.445490,0.171088,0.000000,0.000000,0.000000
9.466000,0.000000,0.000000,0.593700,0.000000,0.000000,0.000000,-0.006727,0.000000,0.000929,0.027283,0.592969,-0.000000,0.000000,0.000977,-0.000670,0.030723,0.598820,0.006284,0.000441,0.036460,0.000000,0.000000,-0.006727,-0.000901,0.001427,-0.007343,0.436391,0.168134,0.000000,0.000000,0.000000
9.478000,0.000000,0.000000,0.593700,0.000000,0.000000,0.000000,-0.006727,0.000000,0.000929,0.027283,0.592980,-0.000000,0.000000,0.000961,-0.000607,0.030721,0.599225,0.004689,0.001051,0.021403,0.000000,0.000000,-0.006727,-0.000943,0.001642,-0.007420,0.425628,0.164784,0.000000,0.000000,0.000000
9.490000,0.000000,0.000000,0.593700,0.000000,0.000000,0.000000,-0.006727,0.000000,0.000929,0.027283,0.592992,-0.000000,-0.000000,0.000946,-0.000581,0.030728,0.599421,0.001815,0.001418,0.004151,0.000000,0.000000,-0.006727,-0.000893,0.001784,-0.007482,0.415136,0.161489,0.000000,0.000000,0.000000
9.502000,0.000000,0.000000,0.593700,0.000000,0.000000,0.000000,-0.006727,0.000000,0.000929,0.027283,0.593003,-0.000000,-0.000000,0.000931,-0.000615,0.030740,0.599387,-0.001938,0.001263,-0.014170,0.000000,0.000000,-0.006727,-0.000771,0.001811,-0.007527,0.406239,0.158491,0.000000,0.000000,0.000000
9.514000,0.000000,0.000000,0.593700,0.000000,0.000000,0.000000,-0.006727,0.000000,0.000929,0.027283,0.593014,0.000000,-0.000000,0.000916,-0.000697,0.030748,0.599121,-0.004392,0.000241,-0.031413,0.000000,0.000000,-0.006727,-0.000588,0.001654,-0.007553,0.399616,0.156314,0.000000,0.000000,0.000000
9.524000,0.000000,0.000000,0.593700,0.000000,0.000000,0.000000,-0.006727,0.000000,0.000929,0.027283,0.593023,-0.000000,-0.000000,0.000904,-0.000767,0.030793,0.598735,-0.002681,0.002821,-0.018722,0.000000,0.000000,-0.006727,-0.000561,0.001394,-0.007606,0.397067,0.155787,0.000000,0.000000,0.000000
9.536000,0.000000,0.000000,0.593700,0.000000,0.000000,0.000000,-0.006727,0.000000,0.000929,0.027283,0.593034,0.000000,-0.000000,0.000890,-0.000794,0.030781,0.598528,0.000041,0.000458,-0.002262,0.000000,0.000000,-0.006727,-0.000501,0.001145,-0.007612,0.396218,0.155872,0.000000,0.000000,0.000000
9.548000,0.000000,0.000000,0.593700,0.000000,0.000000,0.000000,-0.006727,0.000000,0.000929,0.027283,0.593044,-0.000000,-0.000000,0.000876,-0.000790,0.030770,0.598497,0.001860,-0.001168,0.006845,0.000000,0.000000,-0.006727,-0.000461,0.000920,-0.007596,0.395352,0.155882,0.000000,0.000000,0.000000
9.560000,0.000000,0.000000,0.593700,0.000000,0.000000,0.000000,-0.006727,0.000000,0.000929,0.027283,0.593055,0.000000,-0.000000,0.000862,-0.000766,0.030752,0.598588,0.001122,-0.002176,0.015218,0.000000,0.000000,-0.006727,-0.000441,0.000807,-0.007529,0.394692,0.155815,0.000000,0.000000,0.000000
9.572000,0.000000,0.000000,0.593700,0.000000,0.000000,0.000000,-0.006727,0.000000,0.000929,0.027283,0.593065,-0.000000,0.000000,0.000848,-0.000758,0.030723,0.598780,-0.000640,-0.003063,0.015924,0.000000,0.000000,-0.006727,-0.000417,0.000733,-0.007450,0.394129,0.155732,0.000000,0.000000,0.000000
9.584000,0.000000,0.000000,0.593700,0.000000,0.000000,0.000000,-0.006727,0.000000,0.000929,0.027283,0.593075,-0.000000,0.000000,0.000835,-0.000747,0.030685,0.598996,-0.000930,-0.003731,0.015973,0.000000,0.000000,-0.006727,-0.000386,0.000683,-0.007369,0.393623,0.155647,0.000000,0.000000,0.000000
9.596000,0.000000,0.000000,0.593700,0.000000,0.000000,0.000000,-0.006727,0.000000,0.000929,0.027283,0.593085,-0.000000,0.000000,0.000821,-0.000688,0.030642,0.599251,0.001848,-0.004074,0.019295,0.000000,0.000000,-0.006727,-0.000353,0.000653,-0.007292,0.393126,0.155559,0.000000,0.000000,0.000000
9.608000,0.000000,0.000000,0.593700,0.000000,0.000000,0.000000,-0.006727,0.000000,0.000929,0.027283,0.593095,0.000000,-0.000000,0.000808,-0.000648,0.030597,0.599530,0.003648,-0.004034,0.013830,0.000000,0.000000,-0.006727,-0.000324,0.000606,-0.007223,0.392610,0.155476,0.000000,0.000000,0.000000
9.620000,0.000000,0.000000,0.593700,0.000000,0.000000,0.000000,-0.006727,0.000000,0.000929,0.027283,0.593105,-0.000000,-0.000000,0.000795,-0.000635,0.030556,0.599591,0.004693,-0.003334,-0.009580,0.000000,0.000000,-0.006727,-0.000315,0.000462,-0.007175,0.392438,0.155526,0.000000,0.000000,0.000000
9.632000,0.000000,0.000000,0.593700,0.000000,0.000000,0.000000,-0.006727,0.000000,0.000929,0.027283,0.593114,0.000000,0.000000,0.000783,-0.000622,0.030521,0.599320,0.004555,-0.002392,-0.032356,0.000000,0.000000,-0.006727,-0.000325,0.000268,-0.007102,0.392994,0.155813,0.000000,0.000000,0.000000
9.644000,0.000000,0.000000,0.593700,0.000000,0.000000,0.000000,-0.006727,0.000000,0.000929,0.027283,0.593123,0.000000,-0.000000,0.000770,-0.000606,0.030500,0.598797,0.003861,-0.001011,-0.046979,0.000000,0.000000,-0.006727,-0.000361,0.000033,-0.007001,0.394895,0.156627,0.000000,0.000000,0.000000
9.656000,0.000000,0.000000,0.593700,0.000000,0.000000,0.000000,-0.006727,0.000000,0.000929,0.027283,0.593132,0.000000,-0.000000,0.000758,-0.000590,0.030495,0.598137,0.002697,0.000637,-0.050703,0.000000,0.000000,-0.006727,-0.000427,-0.000210,-0.006891,0.398778,0.158155,0.000000,0.000000,0.000000
9.668000,0.000000,0.000000,0.593700,0.000000,0.000000,0.000000,-0.006727,0.000000,0.000929,0.027283,0.593141,-0.000000,-0.000000,0.000746,-0.000576,0.030508,0.597485,0.000895,0.002202,-0.043213,0.000000,0.000000,-0.006727,-0.000516,-0.000412,-0.006786,0.405166,0.160466,0.000000,0.000000,0.000000
9.680000,0.000000,0.000000,0.593700,0.000000,0.000000,0.000000,-0.006727,0.000000,0.000929,0.027283,0.593150,-0.000000,-0.000000,0.000734,-0.000573,0.030535,0.596981,-0.001159,0.003379,-0.027115,0.000000,0.000000,-0.006727,-0.000605,-0.000533,-0.006685,0.414113,0.163449,0.000000,0.000000,0.000000
9.692000,0.000000,0.000000,0.593700,0.000000,0.000000,0.000000,-0.006727,0.000000,0.000929,0.027283,0.593159,-0.000000,-0.000000,0.000722,-0.000583,0.030573,0.596713,-0.003045,0.004013,-0.006770,0.000000,0.000000,-0.006727,-0.000664,-0.000552,-0.006584,0.424838,0.166760,0.000000,0.000000,0.000000
9.704000,0.000000,0.000000,0.593700,0.000000,0.000000,0.000000,-0.006727,0.000000,0.000929,0.027283,0.593168,-0.000000,-0.000000,0.000711,-0.000603,0.030614,0.596719,-0.004208,0.004126,0.013821,0.000000,0.000000,-0.006727,-0.000665,-0.000469,-0.006483,0.435683,0.169863,0.000000,0.000000,0.000000
9.716000,0.000000,0.000000,0.593700,0.000000,0.000000,0.000000,-0.006727,0.000000,0.000929,0.027283,0.593176,0.000000,-0.000000,0.000700,-0.000626,0.030657,0.596985,-0.004333,0.003823,0.031193,0.000000,0.000000,-0.006727,-0.000596,-0.000295,-0.006382,0.444545,0.172169,0.000000,0.000000,0.000000
9.728000,0.000000,0.000000,0.593700,0.000000,0.000000,0.000000,-0.006727,0.000000,0.000929,0.027283,0.593184,0.000000,-0.000000,0.000689,-0.000643,0.030696,0.597456,-0.003844,0.003188,0.042883,0.000000,0.000000,-0.006727,-0.000467,-0.000039,-0.006283,0.449548,0.173214,0.000000,0.000000,0.000000
9.740000,0.000000,0.000000,0.593700,0.000000,0.000000,0.000000,-0.006727,0.000000,0.000929,0.027283,0.593193,0.000000,-0.000000,0.000678,-0.000658,0.030731,0.598050,-0.003541,0.002338,0.047626,0.000000,0.000000,-0.006727,-0.000303,0.000284,-0.006186,0.449633,0.172789,0.000000,0.000000,0.000000
9.752000,0.000000,0.000000,0.593700,0.000000,0.000000,0.000000,-0.006727,0.000000,0.000929,0.027283,0.593201,0.000000,-0.000000,0.000667,-0.000681,0.030758,0.598672,-0.004041,0.001469,0.045319,0.000000,0.000000,-0.006727,-0.000139,0.000635,-0.006095,0.444866,0.170987,0.000000,0.000000,0.000000
9.764000,0.000000,0.000000,0.593700,0.000000,0.000000,0.000000,-0.006727,0.000000,0.000929,0.027283,0.593209,-0.000000,-0.000000,0.000656,-0.000727,0.030779,0.599234,-0.005527,0.000797,0.036792,0.000000,0.000000,-0.006727,-0.000014,0.000960,-0.006011,0.436367,0.168167,0.000000,0.000000,0.000000
9.774000,0.000000,0.000000,0.593700,0.000000,0.000000,0.000000,-0.006727,0.000000,0.000929,0.027283,0.593215,0.000000,-0.000000,0.000647,-0.000792,0.030793,0.599602,-0.007518,0.000509,0.025860,0.000000,0.000000,-0.006727,0.000038,0.001175,-0.005951,0.427719,0.165414,0.000000,0.000000,0.000000
9.786000,0.000000,0.000000,0.593700,0.000000,0.000000,0.000000,-0.006727,0.000000,0.000929,0.027283,0.593223,-0.000000,-0.000000,0.000637,-0.000912,0.030807,0.599872,-0.010597,0.000607,0.009541,0.000000,0.000000,-0.006727,0.000025,0.001331,-0.005892,0.417133,0.162105,0.000000,0.000000,0.000000
9.798000,0.000000,0.000000,0.593700,0.000000,0.000000,0.000000,-0.006727,0.000000,0.000929,0.027283,0.593231,-0.000000,0.000000,0.000627,-0.001082,0.030822,0.599919,-0.013881,0.001307,-0.008561,0.000000,0.000000,-0.006727,-0.000069,0.001350,-0.005850,0.407824,0.159223,0.000000,0.000000,0.000000
9.810000,0.000000,0.000000,0.593700,0.000000,0.000000,0.000000,-0.006727,0.000000,0.000929,0.027283,0.593238,-0.000000,-0.000000,0.000617,-0.001297,0.030846,0.599727,-0.016674,0.002671,-0.026470,0.000000,0.000000,-0.006727,-0.000232,0.001218,-0.005825,0.400712,0.157046,0.000000,0.000000,0.000000
9.822000,0.000000,0.000000,0.593700,0.000000,0.000000,0.000000,-0.006727,0.000000,0.000929,0.027283,0.593245,-0.000000,-0.000000,0.000607,-0.001545,0.030909,0.599288,-0.016984,0.006767,-0.025638,-0.001377,-0.000857,-0.006728,-0.000483,0.000915,-0.005774,0.396576,0.155951,0.000000,0.000000,0.000000
9.834000,0.000000,0.000000,0.593700,0.000000,0.000000,0.000000,-0.006727,0.000000,0.000929,0.027283,0.593253,0.000000,-0.000000,0.000598,-0.001751,0.030971,0.599022,-0.014347,0.007522,-0.004661,-0.001087,-0.000722,-0.006728,-0.000885,0.000477,-0.005751,0.396033,0.156106,0.000000,0.000000,0.000000
9.846000,0.000000,0.000000,0.593700,0.000000,0.000000,0.000000,-0.006727,0.000000,0.000929,0.027283,0.593260,0.000000,-0.000000,0.000588,-0.001912,0.030997,0.598958,-0.012226,0.005565,0.001585,0.000000,0.000000,-0.006727,-0.001019,0.000142,-0.005729,0.395391,0.156075,0.000000,0.000000,0.000000
9.858000,0.000000,0.000000,0.593700,0.000000,0.000000,0.000000,-0.006727,0.000000,0.000929,0.027283,0.593267,-0.000000,-0.000000,0.000579,-0.002018,0.031054,0.598991,-0.008700,0.004533,0.011425,0.000000,0.000000,-0.006727,-0.000858,0.000165,-0.005770,0.394943,0.156090,0.000000,0.000000,0.000000
9.870000,0.000000,0.000000,0.593700,0.000000,0.000000,0.000000,-0.006727,0.000000,0.000929,0.027283,0.593274,-0.000000,-0.000000,0.000570,-0.002111,0.031103,0.599138,-0.006867,0.002805,0.013698,0.000000,0.000000,-0.006727,-0.000766,0.000269,-0.005841,0.394455,0.156007,0.000000,0.000000,0.000000
9.882000,0.000000,0.000000,0.593700,0.000000,0.000000,0.000000,-0.006727,0.000000,0.000929,0.027283,0.593280,-0.000000,-0.000000,0.000561,-0.002177,0.031134,0.599321,-0.005216,0.001184,0.013704,0.000000,0.000000,-0.006727,-0.000711,0.000331,-0.005918,0.394013,0.155927,0.000000,0.000000,0.000000
9.894000,0.000000,0.000000,0.593700,0.000000,0.000000,0.000000,-0.006727,0.000000,0.000929,0.027283,0.593287,-0.000000,-0.000000,0.000552,-0.002169,0.031150,0.599535,-0.001137,-0.000099,0.017015,0.000000,0.000000,-0.006727,-0.000675,0.000366,-0.005992,0.393588,0.155864,0.000000,0.000000,0.000000
9.906000,0.000000,0.000000,0.593700,0.000000,0.000000,0.000000,-0.006727,0.000000,0.000929,0.027283,0.593294,-0.000000,-0.000000,0.000543,-0.002124,0.031147,0.599760,0.003037,-0.001202,0.014633,0.000000,0.000000,-0.006727,-0.000632,0.000384,-0.006060,0.393148,0.155814,0.000000,0.000000,0.000000
9.918000,0.000000,0.000000,0.593700,0.000000,0.000000,0.000000,-0.006727,0.000000,0.000929,0.027283,0.593300,-0.000000,-0.000000,0.000534,-0.002083,0.031134,0.599857,0.005814,-0.001892,-0.006193,0.000000,0.000000,-0.006727,-0.000558,0.000347,-0.006101,0.392957,0.155886,0.000000,0.000000,0.000000
9.930000,0.000000,0.000000,0.593700,0.000000,0.000000,0.000000,-0.006727,0.000000,0.000929,0.027283,0.593306,-0.000000,-0.000000,0.000526,-0.002028,0.031110,0.599604,0.007791,-0.002742,-0.029839,0.000000,0.000000,-0.006727,-0.000468,0.000247,-0.006162,0.393386,0.156152,0.000000,0.000000,0.000000
9.942000,0.000000,0.000000,0.593700,0.000000,0.000000,0.000000,-0.006727,0.000000,0.000929,0.027283,0.593313,0.000000,0.000000,0.000517,-0.001954,0.031074,0.599076,0.008953,-0.003804,-0.046706,0.000000,0.000000,-0.006727,-0.000361,0.000083,-0.006259,0.395087,0.156804,0.000000,0.000000,0.000000
9.954000,0.000000,0.000000,0.593700,0.000000,0.000000,0.000000,-0.006727,0.000000,0.000929,0.027283,0.593319,0.000000,0.000000,0.000509,-0.001859,0.031025,0.598385,0.009506,-0.004983,-0.052236,0.000000,0.000000,-0.006727,-0.000240,-0.000122,-0.006369,0.398679,0.158125,0.000000,0.000000,0.000000
9.966000,0.000000,0.000000,0.593700,0.000000,0.000000,0.000000,-0.006727,0.000000,0.000929,0.027283,0.593325,-0.000000,-0.000000,0.000501,-0.001744,0.030963,0.597692,0.010036,-0.006019,-0.045914,0.000000,0.000000,-0.006727,-0.000115,-0.000321,-0.006480,0.404747,0.160234,0.000000,0.000000,0.000000
9.978000,0.000000,0.000000,0.593700,0.000000,0.000000,0.000000,-0.006727,0.000000,0.000929,0.027283,0.593331,-0.000000,-0.000000,0.000493,-0.001614,0.030893,0.597135,0.010210,-0.006552,-0.030567,0.000000,0.000000,-0.006727,-0.000011,-0.000443,-0.006589,0.413490,0.163107,0.000000,0.000000,0.000000
9.990000,0.000000,0.000000,0.593700,0.000000,0.000000,0.000000,-0.006727,0.000000,0.000929,0.027283,0.593337,0.000000,0.000000,0.000485,-0.001481,0.030822,0.596810,0.009650,-0.006392,-0.010222,0.000000,0.000000,-0.006727,0.000040,-0.000433,-0.006698,0.424272,0.166491,0.000000,0.000000,0.000000
