time,Prx,Pry,Prz,Vrx,Vry,Vrz,Yawr,vYawr,Pcx,Pcy,Pcz,Vcx,Vcy,Vcz,Pbx,Pby,Pbz,Vbx,Vby,Vbz,Rollt,Pitcht,Yawt,Rollc,Pitchc,Yawc,ux,uy,Forcex,Forcey,Forcez
1.000000,0.000000,0.000000,0.593700,0.000000,0.000000,0.000000,-0.000315,0.000000,0.000000,0.000000,0.593700,-0.000000,-0.000000,-0.000000,-0.003574,0.005135,0.594162,0.016615,-0.005393,0.022047,0.000000,0.000000,-0.000315,-0.000393,-0.000178,-0.000375,0.434723,0.169493,0.000000,0.000000,0.000000
1.010000,0.000000,0.000000,0.593700,0.000000,0.000000,0.000000,-0.000315,0.000000,0.000000,0.000000,0.593700,0.000000,-0.000000,-0.000000,-0.003397,0.005088,0.594441,0.015773,-0.004821,0.037232,0.000000,0.000000,-0.000315,-0.000460,0.000003,-0.000457,0.442846,0.171823,0.000000,0.000000,0.000000
1.020000,0.000000,0.000000,0.593700,0.000000,0.000000,0.000000,-0.000315,0.000000,0.000000,0.000000,0.593700,-0.000000,0.000000,-0.000000,-0.003226,0.005045,0.594877,0.015262,-0.003940,0.049028,0.000000,0.000000,-0.000315,-0.000577,0.000245,-0.000539,0.448929,0.173417,0.000000,0.000000,0.000000
1.030000,0.000000,0.000000,0.593700,0.000000,0.000000,0.000000,-0.000315,0.000000,0.000000,0.000000,0.593700,-0.000000,0.000000,-0.000000,-0.003061,0.005009,0.595427,0.014935,-0.002873,0.056471,0.000000,0.000000,-0.000315,-0.000723,0.000531,-0.000620,0.452032,0.174061,0.000000,0.000000,0.000000
1.040000,0.000000,0.000000,0.593700,0.000000,0.000000,0.000000,-0.000315,0.000000,0.000000,0.000000,0.593700,-0.000000,-0.000000,-0.000000,-0.002902,0.004980,0.596043,0.014495,-0.001739,0.059005,0.000000,0.000000,-0.000315,-0.000875,0.000836,-0.000702,0.451669,0.173681,0.000000,0.000000,0.000000
1.050000,0.000000,0.000000,0.593700,0.000000,0.000000,0.000000,-0.000315,0.000000,0.000000,0.000000,0.593700,-0.000000,-0.000000,-0.000000,-0.002755,0.004961,0.596666,0.013645,-0.000630,0.056575,0.000000,0.000000,-0.000315,-0.001004,0.001129,-0.000782,0.447888,0.172347,0.000000,0.000000,0.000000
1.060000,0.000000,0.000000,0.593700,0.000000,0.000000,0.000000,-0.000315,0.000000,0.000000,0.000000,0.593700,-0.000000,-0.000000,-0.000000,-0.002621,0.004950,0.597251,0.012575,0.000290,0.050003,0.000000,0.000000,-0.000315,-0.001088,0.001373,-0.000859,0.441266,0.170257,0.000000,0.000000,0.000000
1.070000,0.000000,0.000000,0.593700,0.000000,0.000000,0.000000,-0.000315,0.000000,0.000000,0.000000,0.593700,-0.000000,-0.000000,-0.000000,-0.002504,0.004947,0.597753,0.011222,0.000964,0.039778,0.000000,0.000000,-0.000315,-0.001108,0.001547,-0.000930,0.432793,0.167690,0.000000,0.000000,0.000000
1.080000,0.000000,0.000000,0.593700,0.000000,0.000000,0.000000,-0.000315,0.000000,0.000000,0.000000,0.593700,-0.000000,-0.000000,-0.000000,-0.002408,0.004951,0.598133,0.009397,0.001395,0.026749,0.000000,0.000000,-0.000315,-0.001060,0.001647,-0.000992,0.423614,0.164386,0.000000,0.000000,0.000000
1.090000,0.000000,0.000000,0.593700,0.000000,0.000000,0.000000,-0.000315,0.000000,0.000000,0.000000,0.593700,0.000000,0.000000,-0.000000,-0.002336,0.004960,0.598365,0.007248,0.001491,0.011929,0.000000,0.000000,-0.000315,-0.000950,0.001664,-0.001046,0.414810,0.161250,0.000000,0.000000,0.000000
1.100000,0.000000,0.000000,0.593700,0.000000,0.000000,0.000000,-0.000315,0.000000,0.000000,0.000000,0.593700,0.000000,0.000000,-0.000000,-0.002291,0.004972,0.598432,0.005169,0.001206,-0.003631,0.000000,0.000000,-0.000315,-0.000791,0.001591,-0.001087,0.407207,0.158556,0.000000,0.000000,0.000000
1.110000,0.000000,0.000000,0.593700,0.000000,0.000000,0.000000,-0.000315,0.000000,0.000000,0.000000,0.593700,-0.000000,-0.000000,-0.000000,-0.002268,0.004981,0.598327,0.003398,0.000489,-0.018979,0.000000,0.000000,-0.000315,-0.000599,0.001424,-0.001116,0.401247,0.156470,0.000000,0.000000,0.000000
1.120000,0.000000,0.000000,0.593700,0.000000,0.000000,0.000000,-0.000315,0.000000,0.000000,0.000000,0.593700,-0.000000,-0.000000,-0.000000,-0.002263,0.005009,0.598040,0.003004,0.002366,-0.025840,0.000000,0.000000,-0.000315,-0.000434,0.001137,-0.001172,0.396995,0.155083,0.000000,0.000000,0.000000
1.130000,0.000000,0.000000,0.593700,0.000000,0.000000,0.000000,-0.000315,0.000000,0.000000,0.000000,0.593700,-0.000000,-0.000000,-0.000000,-0.002210,0.005002,0.597826,0.007689,-0.001439,-0.000897,0.000000,0.000000,-0.000315,-0.000406,0.000775,-0.001202,0.396736,0.155297,0.000000,0.000000,0.000000
1.140000,0.000000,0.000000,0.593700,0.000000,0.000000,0.000000,-0.000315,0.000000,0.000000,0.000000,0.593700,-0.000000,-0.000000,-0.000000,-0.002108,0.004988,0.597795,0.010794,-0.002449,0.005465,0.000000,0.000000,-0.000315,-0.000336,0.000593,-0.001236,0.396296,0.155283,0.000000,0.000000,0.000000
1.150000,0.000000,0.000000,0.593700,0.000000,0.000000,0.000000,-0.000315,0.000000,0.000000,0.000000,0.593700,-0.000000,-0.000000,-0.000000,-0.001998,0.004990,0.597840,0.010092,-0.002220,0.013710,0.000000,0.000000,-0.000315,-0.000369,0.000522,-0.001226,0.395994,0.155294,0.000000,0.000000,0.000000
1.162000,0.000000,0.000000,0.593700,0.000000,0.000000,0.000000,-0.000315,0.000000,0.000000,0.000000,0.593700,-0.000000,0.000000,-0.000000,-0.001893,0.004957,0.598012,0.007234,-0.003832,0.021157,0.000000,0.000000,-0.000315,-0.000372,0.000502,-0.001157,0.395660,0.155195,0.000000,0.000000,0.000000
1.172000,0.000000,0.000000,0.593700,0.000000,0.000000,0.000000,-0.000315,0.000000,0.000000,0.000000,0.593700,-0.000000,-0.000000,-0.000000,-0.001832,0.004915,0.598231,0.004618,-0.005078,0.021531,0.000000,0.000000,-0.000315,-0.000375,0.000492,-0.001092,0.395429,0.155100,0.000000,0.000000,0.000000
1.182000,0.000000,0.000000,0.593700,0.000000,0.000000,0.000000,-0.000315,0.000000,0.000000,0.000000,0.593700,-0.000000,-0.000000,-0.000000,-0.001790,0.004862,0.598466,0.002513,-0.006138,0.021040,0.000000,0.000000,-0.000315,-0.000371,0.000488,-0.001031,0.395219,0.154999,0.000000,0.000000,0.000000
1.192000,0.000000,0.000000,0.593700,0.000000,0.000000,0.000000,-0.000315,0.000000,0.000000,0.000000,0.593700,-0.000000,-0.000000,-0.000000,-0.001737,0.004803,0.598711,0.002838,-0.006861,0.022632,0.000000,0.000000,-0.000315,-0.000358,0.000491,-0.000976,0.395003,0.154893,0.000000,0.000000,0.000000
1.202000,0.000000,0.000000,0.593700,0.000000,0.000000,0.000000,-0.000315,0.000000,0.000000,0.000000,0.593700,-0.000000,-0.000000,-0.000000,-0.001689,0.004738,0.598969,0.003680,-0.007360,0.024707,0.000000,0.000000,-0.000315,-0.000344,0.000498,-0.000927,0.394760,0.154783,0.000000,0.000000,0.000000
1.212000,0.000000,0.000000,0.593700,0.000000,0.000000,0.000000,-0.000315,0.000000,0.000000,0.000000,0.593700,0.000000,-0.000000,-0.000000,-0.001671,0.004662,0.599236,0.003912,-0.007536,0.011523,0.000000,0.000000,-0.000315,-0.000290,0.000469,-0.000886,0.394543,0.154684,0.000000,0.000000,0.000000
1.222000,0.000000,0.000000,0.593700,0.000000,0.000000,0.000000,-0.000315,0.000000,0.000000,0.000000,0.593700,-0.000000,-0.000000,-0.000000,-0.001656,0.004593,0.599259,0.003721,-0.007126,-0.010120,0.000000,0.000000,-0.000315,-0.000256,0.000401,-0.000847,0.394535,0.154678,0.000000,0.000000,0.000000
1.232000,0.000000,0.000000,0.593700,0.000000,0.000000,0.000000,-0.000315,0.000000,0.000000,0.000000,0.593700,-0.000000,0.000000,-0.000000,-0.001643,0.004528,0.599052,0.003621,-0.006364,-0.029229,0.000000,0.000000,-0.000315,-0.000244,0.000283,-0.000781,0.395017,0.154904,0.000000,0.000000,0.000000
1.242000,0.000000,0.000000,0.593700,0.000000,0.000000,0.000000,-0.000315,0.000000,0.000000,0.000000,0.593700,-0.000000,-0.000000,-0.000000,-0.001629,0.004470,0.598657,0.003523,-0.005163,-0.042522,0.000000,0.000000,-0.000315,-0.000259,0.000113,-0.000694,0.396376,0.155520,0.000000,0.000000,0.000000
1.252000,0.000000,0.000000,0.593700,0.000000,0.000000,0.000000,-0.000315,0.000000,0.000000,0.000000,0.593700,-0.000000,-0.000000,-0.000000,-0.001610,0.004425,0.598155,0.003306,-0.003641,-0.047645,0.000000,0.000000,-0.000315,-0.000302,-0.000090,-0.000599,0.398994,0.156634,0.000000,0.000000,0.000000
1.262000,0.000000,0.000000,0.593700,0.000000,0.000000,0.000000,-0.000315,0.000000,0.000000,0.000000,0.593700,-0.000000,-0.000000,-0.000000,-0.001588,0.004394,0.597630,0.002748,-0.002056,-0.044767,0.000000,0.000000,-0.000315,-0.000369,-0.000292,-0.000504,0.403228,0.158306,0.000000,0.000000,0.000000
1.272000,0.000000,0.000000,0.593700,0.000000,0.000000,0.000000,-0.000315,0.000000,0.000000,0.000000,0.593700,0.000000,-0.000000,-0.000000,-0.001566,0.004376,0.597166,0.001694,-0.000683,-0.034974,0.000000,0.000000,-0.000315,-0.000451,-0.000452,-0.000412,0.409277,0.160521,0.000000,0.000000,0.000000
1.282000,0.000000,0.000000,0.593700,0.000000,0.000000,0.000000,-0.000315,0.000000,0.000000,0.000000,0.593700,0.000000,-0.000000,-0.000000,-0.001549,0.004369,0.596831,0.000232,0.000276,-0.020265,0.000000,0.000000,-0.000315,-0.000529,-0.000542,-0.000322,0.417011,0.163159,0.000000,0.000000,0.000000
1.292000,0.000000,0.000000,0.593700,0.000000,0.000000,0.000000,-0.000315,0.000000,0.000000,0.000000,0.593700,0.000000,0.000000,-0.000000,-0.001542,0.004368,0.596669,-0.001307,0.000754,-0.003084,0.000000,0.000000,-0.000315,-0.000581,-0.000547,-0.000234,0.425856,0.165983,0.000000,0.000000,0.000000
1.302000,0.000000,0.000000,0.593700,0.000000,0.000000,0.000000,-0.000315,0.000000,0.000000,0.000000,0.593700,-0.000000,0.000000,-0.000000,-0.001545,0.004370,0.596698,-0.002542,0.000790,0.014134,0.000000,0.000000,-0.000315,-0.000591,-0.000470,-0.000146,0.434829,0.168669,0.000000,0.000000,0.000000
1.312000,0.000000,0.000000,0.593700,0.000000,0.000000,0.000000,-0.000315,0.000000,0.000000,0.000000,0.593700,-0.000000,-0.000000,-0.000000,-0.001555,0.004371,0.596910,-0.003267,0.000467,0.029285,0.000000,0.000000,-0.000315,-0.000550,-0.000316,-0.000061,0.442715,0.170869,0.000000,0.000000,0.000000
1.322000,0.000000,0.000000,0.593700,0.000000,0.000000,0.000000,-0.000315,0.000000,0.000000,0.000000,0.593700,-0.000000,0.000000,-0.000000,-0.001570,0.004371,0.597274,-0.003579,-0.000120,0.040691,0.000000,0.000000,-0.000315,-0.000463,-0.000098,0.000023,0.448336,0.172284,0.000000,0.000000,0.000000
1.332000,0.000000,0.000000,0.593700,0.000000,0.000000,0.000000,-0.000315,0.000000,0.000000,0.000000,0.593700,-0.000000,0.000000,-0.000000,-0.001588,0.004366,0.597746,-0.003773,-0.000895,0.047598,0.000000,0.000000,-0.000315,-0.000342,0.000169,0.000103,0.450820,0.172719,0.000000,0.000000,0.000000
1.342000,0.000000,0.000000,0.593700,0.000000,0.000000,0.000000,-0.000315,0.000000,0.000000,0.000000,0.593700,0.000000,-0.000000,-0.000000,-0.001613,0.004355,0.598277,-0.004091,-0.001738,0.049682,0.000000,0.000000,-0.000315,-0.000207,0.000461,0.000180,0.449793,0.172127,0.000000,0.000000,0.000000
1.352000,0.000000,0.000000,0.593700,0.000000,0.000000,0.000000,-0.000315,0.000000,0.000000,0.000000,0.593700,0.000000,-0.000000,-0.000000,-0.001648,0.004340,0.598814,-0.004813,-0.002531,0.047017,0.000000,0.000000,-0.000315,-0.000086,0.000748,0.000251,0.445441,0.170605,0.000000,0.000000,0.000000
1.362000,0.000000,0.000000,0.593700,0.000000,0.000000,0.000000,-0.000315,0.000000,0.000000,0.000000,0.593700,0.000000,-0.000000,-0.000000,-0.001699,0.004318,0.599306,-0.006089,-0.003191,0.040022,0.000000,0.000000,-0.000315,0.000002,0.001001,0.000315,0.438447,0.168373,0.000000,0.000000,0.000000
1.372000,0.000000,0.000000,0.593700,0.000000,0.000000,0.000000,-0.000315,0.000000,0.000000,0.000000,0.593700,-0.000000,-0.000000,-0.000000,-0.001772,0.004291,0.599709,-0.007869,-0.003580,0.029432,0.000000,0.000000,-0.000315,0.000039,0.001190,0.000371,0.429832,0.165730,0.000000,0.000000,0.000000
1.382000,0.000000,0.000000,0.593700,0.000000,0.000000,0.000000,-0.000315,0.000000,0.000000,0.000000,0.593700,0.000000,-0.000000,-0.000000,-0.001870,0.004261,0.599985,-0.009928,-0.003639,0.016113,0.000000,0.000000,-0.000315,0.000017,0.001291,0.000416,0.420746,0.162992,0.000000,0.000000,0.000000
1.392000,0.000000,0.000000,0.593700,0.000000,0.000000,0.000000,-0.000315,0.000000,0.000000,0.000000,0.593700,-0.000000,-0.000000,-0.000000,-0.001995,0.004231,0.600110,-0.012046,-0.003292,0.001307,0.000000,0.000000,-0.000315,-0.000064,0.001297,0.000450,0.412238,0.160446,0.000000,0.000000,0.000000
1.402000,0.000000,0.000000,0.593700,0.000000,0.000000,0.000000,-0.000315,0.000000,0.000000,0.000000,0.593700,-0.000000,-0.000000,-0.000000,-0.002143,0.004203,0.600070,-0.013934,-0.002586,-0.014032,0.000000,0.000000,-0.000315,-0.000193,0.001204,0.000474,0.405058,0.158296,0.000000,0.000000,0.000000
1.414000,0.000000,0.000000,0.593700,0.000000,0.000000,0.000000,-0.000315,0.000000,0.000000,0.000000,0.593700,-0.000000,0.000000,-0.000000,-0.002346,0.004177,0.599808,-0.015496,-0.001211,-0.031291,0.000000,0.000000,-0.000315,-0.000391,0.000977,0.000490,0.398672,0.156381,0.000000,0.000000,0.000000
1.424000,0.000000,0.000000,0.593700,0.000000,0.000000,0.000000,-0.000315,0.000000,0.000000,0.000000,0.593700,-0.000000,-0.000000,-0.000000,-0.002528,0.004183,0.599423,-0.013972,0.000982,-0.018690,-0.001470,-0.000646,-0.000316,-0.000646,0.000648,0.000537,0.396245,0.155887,0.000000,0.000000,0.000000
1.434000,0.000000,0.000000,0.593700,0.000000,0.000000,0.000000,-0.000315,0.000000,0.000000,0.000000,0.593700,-0.000000,0.000000,-0.000000,-0.002653,0.004197,0.599241,-0.010180,0.003715,-0.003431,-0.000932,-0.000369,-0.000315,-0.000927,0.000284,0.000557,0.395687,0.155866,0.000000,0.000000,0.000000
1.444000,0.000000,0.000000,0.593700,0.000000,0.000000,0.000000,-0.000315,0.000000,0.000000,0.000000,0.593700,-0.000000,-0.000000,-0.000000,-0.002743,0.004163,0.599197,-0.008225,0.001212,0.002232,0.000000,0.000000,-0.000315,-0.000938,0.000075,0.000573,0.395155,0.155804,0.000000,0.000000,0.000000
1.454000,0.000000,0.000000,0.593700,0.000000,0.000000,0.000000,-0.000315,0.000000,0.000000,0.000000,0.593700,-0.000000,-0.000000,-0.000000,-0.002800,0.004166,0.599224,-0.005988,0.000545,0.011566,0.000000,0.000000,-0.000315,-0.000815,0.000103,0.000541,0.394762,0.155783,0.000000,0.000000,0.000000
1.464000,0.000000,0.000000,0.593700,0.000000,0.000000,0.000000,-0.000315,0.000000,0.000000,0.000000,0.593700,-0.000000,-0.000000,-0.000000,-0.002854,0.004170,0.599346,-0.004863,-0.000456,0.015380,0.000000,0.000000,-0.000315,-0.000734,0.000195,0.000488,0.394356,0.155738,0.000000,0.000000,0.000000
1.474000,0.000000,0.000000,0.593700,0.000000,0.000000,0.000000,-0.000315,0.000000,0.000000,0.000000,0.593700,-0.000000,-0.000000,-0.000000,-0.002904,0.004164,0.599503,-0.004848,-0.001580,0.014723,0.000000,0.000000,-0.000315,-0.000675,0.000260,0.000423,0.394025,0.155688,0.000000,0.000000,0.000000
1.484000,0.000000,0.000000,0.593700,0.000000,0.000000,0.000000,-0.000315,0.000000,0.000000,0.000000,0.593700,-0.000000,-0.000000,-0.000000,-0.002938,0.004148,0.599672,-0.004720,-0.002563,0.014968,0.000000,0.000000,-0.000315,-0.000633,0.000302,0.000356,0.393747,0.155636,0.000000,0.000000,0.000000
1.494000,0.000000,0.000000,0.593700,0.000000,0.000000,0.000000,-0.000315,0.000000,0.000000,0.000000,0.593700,-0.000000,-0.000000,-0.000000,-0.002912,0.004126,0.599865,-0.001747,-0.003364,0.017835,0.000000,0.000000,-0.000315,-0.000604,0.000328,0.000290,0.393487,0.155576,0.000000,0.000000,0.000000
1.504000,0.000000,0.000000,0.593700,0.000000,0.000000,0.000000,-0.000315,0.000000,0.000000,0.000000,0.593700,-0.000000,-0.000000,-0.000000,-0.002851,0.004097,0.600093,0.002058,-0.003691,0.017279,0.000000,0.000000,-0.000315,-0.000569,0.000346,0.000226,0.393205,0.155503,0.000000,0.000000,0.000000
1.514000,0.000000,0.000000,0.593700,0.000000,0.000000,0.000000,-0.000315,0.000000,0.000000,0.000000,0.593700,-0.000000,-0.000000,-0.000000,-0.002789,0.004059,0.600226,0.005357,-0.003878,0.000232,0.000000,0.000000,-0.000315,-0.000534,0.000351,0.000162,0.393072,0.155494,0.000000,0.000000,0.000000
1.524000,0.000000,0.000000,0.593700,0.000000,0.000000,0.000000,-0.000315,0.000000,0.000000,0.000000,0.593700,-0.000000,0.000000,-0.000000,-0.002726,0.004022,0.600095,0.008425,-0.003855,-0.020349,0.000000,0.000000,-0.000315,-0.000500,0.000322,0.000089,0.393102,0.155556,0.000000,0.000000,0.000000
1.534000,0.000000,0.000000,0.593700,0.000000,0.000000,0.000000,-0.000315,0.000000,0.000000,0.000000,0.593700,0.000000,0.000000,-0.000000,-0.002656,0.003981,0.599751,0.011233,-0.004149,-0.038358,0.000000,0.000000,-0.000315,-0.000450,0.000239,-0.000002,0.393710,0.155845,0.000000,0.000000,0.000000
1.544000,0.000000,0.000000,0.593700,0.000000,0.000000,0.000000,-0.000315,0.000000,0.000000,0.000000,0.593700,-0.000000,0.000000,-0.000000,-0.002569,0.003937,0.599257,0.013176,-0.004595,-0.048937,0.000000,0.000000,-0.000315,-0.000379,0.000107,-0.000101,0.395336,0.156511,0.000000,0.000000,0.000000
1.554000,0.000000,0.000000,0.593700,0.000000,0.000000,0.000000,-0.000315,0.000000,0.000000,0.000000,0.593700,-0.000000,0.000000,-0.000000,-0.002468,0.003889,0.598684,0.013583,-0.005120,-0.051742,0.000000,0.000000,-0.000315,-0.000286,-0.000044,-0.000199,0.398363,0.157666,0.000000,0.000000,0.000000
1.564000,0.000000,0.000000,0.593700,0.000000,0.000000,0.000000,-0.000315,0.000000,0.000000,0.000000,0.593700,-0.000000,0.000000,-0.000000,-0.002361,0.003837,0.598114,0.012596,-0.005585,-0.046826,0.000000,0.000000,-0.000315,-0.000181,-0.000176,-0.000291,0.403109,0.159378,0.000000,0.000000,0.000000
1.574000,0.000000,0.000000,0.593700,0.000000,0.000000,0.000000,-0.000315,0.000000,0.000000,0.000000,0.593700,-0.000000,-0.000000,-0.000000,-0.002255,0.003782,0.597627,0.010719,-0.005868,-0.035457,0.000000,0.000000,-0.000315,-0.000080,-0.000263,-0.000376,0.409689,0.161648,0.000000,0.000000,0.000000
1.584000,0.000000,0.000000,0.593700,0.000000,0.000000,0.000000,-0.000315,0.000000,0.000000,0.000000,0.593700,-0.000000,-0.000000,-0.000000,-0.002157,0.003728,0.597285,0.008731,-0.005913,-0.019726,0.000000,0.000000,-0.000315,-0.000002,-0.000295,-0.000457,0.417862,0.164369,0.000000,0.000000,0.000000
1.594000,0.000000,0.000000,0.593700,0.000000,0.000000,0.000000,-0.000315,0.000000,0.000000,0.000000,0.593700,-0.000000,0.000000,-0.000000,-0.002065,0.003674,0.597125,0.007392,-0.005718,-0.002080,0.000000,0.000000,-0.000315,0.000031,-0.000275,-0.000534,0.426948,0.167303,0.000000,0.000000,0.000000
1.604000,0.000000,0.000000,0.593700,0.000000,0.000000,0.000000,-0.000315,0.000000,0.000000,0.000000,0.593700,-0.000000,-0.000000,-0.000000,-0.001973,0.003624,0.597160,0.007090,-0.005281,0.015106,0.000000,0.000000,-0.000315,0.000008,-0.000203,-0.000610,0.435889,0.170106,0.000000,0.000000,0.000000
1.614000,0.000000,0.000000,0.593700,0.000000,0.000000,0.000000,-0.000315,0.000000,0.000000,0.000000,0.593700,-0.000000,0.000000,-0.000000,-0.001872,0.003578,0.597376,0.007705,-0.004589,0.029845,0.000000,0.000000,-0.000315,-0.000073,-0.000071,-0.000683,0.443451,0.172165,0.000000,0.000000,0.000000
1.624000,0.000000,0.000000,0.593700,0.000000,0.000000,0.000000,-0.000315,0.000000,0.000000,0.000000,0.593700,0.000000,0.000000,-0.000000,-0.001760,0.003538,0.597741,0.008746,-0.003646,0.040698,0.000000,0.000000,-0.000315,-0.000206,0.000127,-0.000754,0.448507,0.173258,0.000000,0.000000,0.000000
1.634000,0.000000,0.000000,0.593700,0.000000,0.000000,0.000000,-0.000315,0.000000,0.000000,0.000000,0.593700,0.000000,-0.000000,-0.000000,-0.001639,0.003506,0.598206,0.009629,-0.002510,0.046781,0.000000,0.000000,-0.000315,-0.000377,0.000390,-0.000822,0.450294,0.173354,0.000000,0.000000,0.000000
1.644000,0.000000,0.000000,0.593700,0.000000,0.000000,0.000000,-0.000315,0.000000,0.000000,0.000000,0.593700,-0.000000,-0.000000,-0.000000,-0.001516,0.003482,0.598720,0.009943,-0.001283,0.047902,0.000000,0.000000,-0.000315,-0.000563,0.000697,-0.000886,0.448572,0.172440,0.000000,0.000000,0.000000
1.654000,0.000000,0.000000,0.593700,0.000000,0.000000,0.000000,-0.000315,0.000000,0.000000,0.000000,0.593700,0.000000,0.000000,-0.000000,-0.001401,0.003468,0.599230,0.009552,-0.000106,0.044420,0.000000,0.000000,-0.000315,-0.000737,0.001017,-0.000946,0.443657,0.170645,0.000000,0.000000,0.000000
1.664000,0.000000,0.000000,0.593700,0.000000,0.000000,0.000000,-0.000315,0.000000,0.000000,0.000000,0.593700,-0.000000,0.000000,-0.000000,-0.001303,0.003463,0.599687,0.008356,0.000923,0.036862,0.000000,0.000000,-0.000315,-0.000875,0.001319,-0.000998,0.436330,0.168212,0.000000,0.000000,0.000000
1.676000,0.000000,0.000000,0.593700,0.000000,0.000000,0.000000,-0.000315,0.000000,0.000000,0.000000,0.593700,-0.000000,-0.000000,-0.000000,-0.001220,0.003468,0.600110,0.005794,0.001858,0.023397,0.000000,0.000000,-0.000315,-0.000966,0.001618,-0.001049,0.425844,0.164888,0.000000,0.000000,0.000000
1.686000,0.000000,0.000000,0.593700,0.000000,0.000000,0.000000,-0.000315,0.000000,0.000000,0.000000,0.593700,0.000000,0.000000,-0.000000,-0.001189,0.003480,0.600317,0.003002,0.002273,0.009606,0.000000,0.000000,-0.000315,-0.000969,0.001783,-0.001080,0.416977,0.162152,0.000000,0.000000,0.000000
1.696000,0.000000,0.000000,0.593700,0.000000,0.000000,0.000000,-0.000315,0.000000,0.000000,0.000000,0.593700,-0.000000,-0.000000,-0.000000,-0.001196,0.003496,0.600369,0.000095,0.002282,-0.005364,0.000000,0.000000,-0.000315,-0.000907,0.001848,-0.001100,0.408971,0.159726,0.000000,0.000000,0.000000
1.706000,0.000000,0.000000,0.593700,0.000000,0.000000,0.000000,-0.000315,0.000000,0.000000,0.000000,0.593700,-0.000000,-0.000000,-0.000000,-0.001237,0.003513,0.600259,-0.002457,0.001850,-0.020384,0.000000,0.000000,-0.000315,-0.000788,0.001801,-0.001109,0.402403,0.157778,0.000000,0.000000,0.000000
1.716000,0.000000,0.000000,0.593700,0.000000,0.000000,0.000000,-0.000315,0.000000,0.000000,0.000000,0.593700,0.000000,-0.000000,-0.000000,-0.001305,0.003527,0.599988,-0.004293,0.000991,-0.034445,0.000000,0.000000,-0.000315,-0.000626,0.001646,-0.001108,0.397471,0.156162,0.000000,0.000000,0.000000
1.726000,0.000000,0.000000,0.593700,0.000000,0.000000,0.000000,-0.000315,0.000000,0.000000,0.000000,0.593700,0.000000,0.000000,-0.000000,-0.001368,0.003554,0.599609,-0.001903,0.000310,-0.014218,0.000000,0.000000,-0.000315,-0.000605,0.001370,-0.001161,0.395802,0.155922,0.000000,0.000000,0.000000
1.736000,0.000000,0.000000,0.593700,0.000000,0.000000,0.000000,-0.000315,0.000000,0.000000,0.000000,0.593700,-0.000000,0.000000,-0.000000,-0.001380,0.003577,0.599455,0.000928,0.000320,-0.003768,0.000000,0.000000,-0.000315,-0.000636,0.001167,-0.001190,0.395127,0.155973,0.000000,0.000000,0.000000
1.746000,0.000000,0.000000,0.593700,0.000000,0.000000,0.000000,-0.000315,0.000000,0.000000,0.000000,0.593700,-0.000000,-0.000000,-0.000000,-0.001380,0.003581,0.599409,0.002309,-0.000063,0.003578,0.000000,0.000000,-0.000315,-0.000573,0.000957,-0.001200,0.394348,0.155979,0.000000,0.000000,0.000000
1.756000,0.000000,0.000000,0.593700,0.000000,0.000000,0.000000,-0.000315,0.000000,0.000000,0.000000,0.593700,-0.000000,-0.000000,-0.000000,-0.001353,0.003576,0.599442,0.002035,-0.001183,0.012423,0.000000,0.000000,-0.000315,-0.000537,0.000829,-0.001163,0.393846,0.155950,0.000000,0.000000,0.000000
1.766000,0.000000,0.000000,0.593700,0.000000,0.000000,0.000000,-0.000315,0.000000,0.000000,0.000000,0.593700,-0.000000,0.000000,-0.000000,-0.001337,0.003562,0.599574,0.000559,-0.002124,0.015569,0.000000,0.000000,-0.000315,-0.000504,0.000747,-0.001111,0.393450,0.155894,0.000000,0.000000,0.000000
1.776000,0.000000,0.000000,0.593700,0.000000,0.000000,0.000000,-0.000315,0.000000,0.000000,0.000000,0.593700,-0.000000,-0.000000,-0.000000,-0.001335,0.003539,0.599735,-0.001279,-0.002959,0.014684,0.000000,0.000000,-0.000315,-0.000471,0.000686,-0.001057,0.393128,0.155831,0.000000,0.000000,0.000000
1.786000,0.000000,0.000000,0.593700,0.000000,0.000000,0.000000,-0.000315,0.000000,0.000000,0.000000,0.593700,-0.000000,-0.000000,-0.000000,-0.001320,0.003510,0.599908,-0.001008,-0.003575,0.015184,0.000000,0.000000,-0.000315,-0.000435,0.000646,-0.001004,0.392845,0.155765,0.000000,0.000000,0.000000
1.796000,0.000000,0.000000,0.593700,0.000000,0.000000,0.000000,-0.000315,0.000000,0.000000,0.000000,0.593700,0.000000,0.000000,-0.000000,-0.001278,0.003478,0.600102,0.001383,-0.003922,0.017849,0.000000,0.000000,-0.000315,-0.000400,0.000621,-0.000952,0.392557,0.155696,0.000000,0.000000,0.000000
1.806000,0.000000,0.000000,0.593700,0.000000,0.000000,0.000000,-0.000315,0.000000,0.000000,0.000000,0.593700,-0.000000,-0.000000,-0.000000,-0.001261,0.003440,0.600337,0.002699,-0.004133,0.014237,0.000000,0.000000,-0.000315,-0.000363,0.000581,-0.000903,0.392233,0.155620,0.000000,0.000000,0.000000
1.816000,0.000000,0.000000,0.593700,0.000000,0.000000,0.000000,-0.000315,0.000000,0.000000,0.000000,0.593700,-0.000000,0.000000,-0.000000,-0.001256,0.003401,0.600434,0.003068,-0.003996,-0.003770,0.000000,0.000000,-0.000315,-0.000322,0.000489,-0.000864,0.392048,0.155599,0.000000,0.000000,0.000000
1.826000,0.000000,0.000000,0.593700,0.000000,0.000000,0.000000,-0.000315,0.000000,0.000000,0.000000,0.593700,-0.000000,-0.000000,-0.000000,-0.001250,0.003367,0.600294,0.003151,-0.003441,-0.024103,0.000000,0.000000,-0.000315,-0.000295,0.000367,-0.000808,0.392163,0.155688,0.000000,0.000000,0.000000
1.836000,0.000000,0.000000,0.593700,0.000000,0.000000,0.000000,-0.000315,0.000000,0.000000,0.000000,0.593700,-0.000000,-0.000000,-0.000000,-0.001241,0.003338,0.599948,0.003227,-0.002585,-0.040675,0.000000,0.000000,-0.000315,-0.000293,0.000205,-0.000728,0.392956,0.156070,0.000000,0.000000,0.000000
1.846000,0.000000,0.000000,0.593700,0.000000,0.000000,0.000000,-0.000315,0.000000,0.000000,0.000000,0.593700,-0.000000,-0.000000,-0.000000,-0.001228,0.003318,0.599451,0.003332,-0.001384,-0.050315,0.000000,0.000000,-0.000315,-0.000322,0.000007,-0.000632,0.394819,0.156882,0.000000,0.000000,0.000000
1.856000,0.000000,0.000000,0.593700,0.000000,0.000000,0.000000,-0.000315,0.000000,0.000000,0.000000,0.593700,-0.000000,-0.000000,-0.000000,-0.001209,0.003310,0.598879,0.003043,-0.000024,-0.052131,0.000000,0.000000,-0.000315,-0.000381,-0.000204,-0.000536,0.398136,0.158211,0.000000,0.000000,0.000000
1.866000,0.000000,0.000000,0.593700,0.000000,0.000000,0.000000,-0.000315,0.000000,0.000000,0.000000,0.593700,-0.000000,0.000000,-0.000000,-0.001187,0.003313,0.598322,0.002249,0.001272,-0.045966,0.000000,0.000000,-0.000315,-0.000464,-0.000394,-0.000444,0.403219,0.160088,0.000000,0.000000,0.000000
1.876000,0.000000,0.000000,0.593700,0.000000,0.000000,0.000000,-0.000315,0.000000,0.000000,0.000000,0.593700,-0.000000,-0.000000,-0.000000,-0.001168,0.003327,0.597858,0.000989,0.002293,-0.033585,0.000000,0.000000,-0.000315,-0.000556,-0.000529,-0.000355,0.410152,0.162458,0.000000,0.000000,0.000000
1.886000,0.000000,0.000000,0.593700,0.000000,0.000000,0.000000,-0.000315,0.000000,0.000000,0.000000,0.593700,-0.000000,0.000000,-0.000000,-0.001156,0.003347,0.597549,-0.000565,0.002907,-0.017260,0.000000,0.000000,-0.000315,-0.000635,-0.000587,-0.000269,0.418621,0.165155,0.000000,0.000000,0.000000
1.896000,0.000000,0.000000,0.593700,0.000000,0.000000,0.000000,-0.000315,0.000000,0.000000,0.000000,0.593700,-0.000000,0.000000,-0.000000,-0.001155,0.003371,0.597426,-0.002099,0.003100,0.000484,0.000000,0.000000,-0.000315,-0.000678,-0.000559,-0.000184,0.427854,0.167902,0.000000,0.000000,0.000000
1.906000,0.000000,0.000000,0.593700,0.000000,0.000000,0.000000,-0.000315,0.000000,0.000000,0.000000,0.593700,-0.000000,-0.000000,-0.000000,-0.001165,0.003395,0.597495,-0.003341,0.002939,0.017219,0.000000,0.000000,-0.000315,-0.000670,-0.000448,-0.000100,0.436724,0.170361,0.000000,0.000000,0.000000
1.916000,0.000000,0.000000,0.593700,0.000000,0.000000,0.000000,-0.000315,0.000000,0.000000,0.000000,0.593700,-0.000000,-0.000000,-0.000000,-0.001183,0.003418,0.597739,-0.004100,0.002503,0.031195,0.000000,0.000000,-0.000315,-0.000606,-0.000264,-0.000016,0.443981,0.172195,0.000000,0.000000,0.000000
1.928000,0.000000,0.000000,0.593700,0.000000,0.000000,0.000000,-0.000315,0.000000,0.000000,0.000000,0.593700,-0.000000,-0.000000,-0.000000,-0.001212,0.003441,0.598211,-0.004482,0.001743,0.042549,0.000000,0.000000,-0.000315,-0.000467,0.000031,0.000082,0.449069,0.173211,0.000000,0.000000,0.000000
1.938000,0.000000,0.000000,0.593700,0.000000,0.000000,0.000000,-0.000315,0.000000,0.000000,0.000000,0.593700,-0.000000,0.000000,-0.000000,-0.001242,0.003456,0.598698,-0.004803,0.000989,0.046776,0.000000,0.000000,-0.000315,-0.000319,0.000323,0.000161,0.449563,0.172932,0.000000,0.000000,0.000000
1.948000,0.000000,0.000000,0.593700,0.000000,0.000000,0.000000,-0.000315,0.000000,0.000000,0.000000,0.593700,-0.000000,0.000000,-0.000000,-0.001281,0.003466,0.599214,-0.005519,0.000232,0.046099,0.000000,0.000000,-0.000315,-0.000168,0.000630,0.000236,0.446591,0.171666,0.000000,0.000000,0.000000
1.958000,0.000000,0.000000,0.593700,0.000000,0.000000,0.000000,-0.000315,0.000000,0.000000,0.000000,0.593700,-0.000000,0.000000,-0.000000,-0.001336,0.003471,0.599706,-0.006745,-0.000393,0.040829,0.000000,0.000000,-0.000315,-0.000037,0.000918,0.000305,0.440660,0.169595,0.000000,0.000000,0.000000
1.968000,0.000000,0.000000,0.593700,0.000000,0.000000,0.000000,-0.000315,0.000000,0.000000,0.000000,0.593700,-0.000000,-0.000000,-0.000000,-0.001413,0.003472,0.600125,-0.008439,-0.000765,0.031629,0.000000,0.000000,-0.000315,0.000051,0.001152,0.000368,0.432685,0.166995,0.000000,0.000000,0.000000
1.978000,0.000000,0.000000,0.593700,0.000000,0.000000,0.000000,-0.000315,0.000000,0.000000,0.000000,0.593700,-0.000000,-0.000000,-0.000000,-0.001514,0.003471,0.600433,-0.010488,-0.000803,0.019390,0.000000,0.000000,-0.000315,0.000082,0.001305,0.000423,0.423790,0.164185,0.000000,0.000000,0.000000
1.988000,0.000000,0.000000,0.593700,0.000000,0.000000,0.000000,-0.000315,0.000000,0.000000,0.000000,0.593700,-0.000000,-0.000000,-0.000000,-0.001642,0.003471,0.600597,-0.012673,-0.000436,0.005048,0.000000,0.000000,-0.000315,0.000050,0.001361,0.000468,0.415081,0.161474,0.000000,0.000000,0.000000
1.998000,0.000000,0.000000,0.593700,0.000000,0.000000,0.000000,-0.000315,0.000000,0.000000,0.000000,0.593700,0.000000,0.000000,-0.000000,-0.001795,0.003473,0.600601,-0.014730,0.000345,-0.010183,0.000000,0.000000,-0.000315,-0.000042,0.001316,0.000502,0.407437,0.159106,0.000000,0.000000,0.000000
2.008000,0.000000,0.000000,0.593700,0.000000,0.000000,0.000000,-0.000315,0.000000,0.000000,0.000000,0.593700,-0.000000,-0.000000,-0.000000,-0.001864,0.003480,0.600438,0.026747,0.000919,-0.025514,0.000000,0.000000,-0.000315,-0.000176,0.001224,0.000522,0.401512,0.157226,500.000000,0.000000,0.000000
2.018000,0.000000,0.000000,0.593700,0.000000,0.000000,0.000000,-0.000315,0.000000,0.000000,0.000000,0.593698,0.000000,0.000000,-0.001501,-0.001286,0.003475,0.600131,0.080673,-0.003549,-0.039608,-0.001121,0.000049,-0.000317,-0.000277,0.001866,0.000534,0.397891,0.155887,500.000000,0.000000,0.000000
2.030000,0.000000,0.000000,0.593700,0.000000,0.000000,0.000000,-0.000315,0.000000,0.000000,0.000000,0.593556,0.000000,-0.000000,-0.019087,-0.000051,0.003298,0.599738,0.130663,-0.021206,-0.009458,-0.001390,0.000081,-0.000320,-0.000065,0.003263,0.000529,0.396120,0.155780,500.000000,0.000000,0.000000
2.042000,0.000000,0.000000,0.593700,0.000000,0.000000,0.000000,-0.000315,0.000000,0.000000,0.000000,0.593261,0.000000,-0.000000,-0.032731,0.001702,0.003064,0.599620,0.183969,-0.024593,0.002853,0.000000,0.000000,-0.000315,0.000950,0.004299,0.000486,0.393160,0.155728,500.000000,0.000000,0.000000
2.054000,0.000000,0.000000,0.593700,0.000000,0.000000,0.000000,-0.000315,0.000000,0.000000,0.000000,0.592725,-0.000000,-0.000000,-0.056731,0.004082,0.002688,0.599763,0.239625,-0.034755,0.030041,-0.001544,-0.000419,-0.000320,0.000224,0.003269,0.000295,0.390680,0.155477,500.000000,0.000000,0.000000
2.064000,0.000000,0.000000,0.593700,0.000000,0.000000,0.000000,-0.000315,0.000000,0.000000,0.000000,0.592060,-0.000000,0.000000,-0.073871,0.006615,0.002320,0.600088,0.273333,-0.034828,0.039243,-0.001018,-0.000117,-0.000317,-0.000184,0.002240,0.000079,0.391376,0.155036,500.000000,0.000000,0.000000
2.076000,0.000000,0.000000,0.593700,0.000000,0.000000,0.000000,-0.000315,0.000000,0.000000,0.000000,0.591259,-0.000000,-0.000000,-0.055856,0.010039,0.001876,0.600579,0.301833,-0.034461,0.041685,0.000000,0.000000,-0.000315,-0.000072,0.001354,-0.000140,0.393656,0.154505,500.000000,0.000000,0.000000
2.088000,0.000000,0.000000,0.593700,0.000000,0.000000,0.000000,-0.000315,0.000000,0.000000,0.000000,0.590733,0.000000,-0.000000,-0.031856,0.013862,0.001435,0.601113,0.334202,-0.034491,0.044126,0.000000,0.000000,-0.000315,0.000389,0.000735,-0.000226,0.396296,0.154013,500.000000,0.000000,0.000000
2.100000,0.000000,0.000000,0.593700,0.000000,0.000000,0.000000,-0.000315,0.000000,0.000000,0.000000,0.590493,0.000000,0.000000,-0.008940,0.017317,0.001026,0.601687,0.344250,-0.031624,0.045524,0.000000,0.000000,-0.000315,0.001027,0.000444,-0.000150,0.390992,0.153569,500.000000,0.000000,0.000000
2.112000,0.000000,0.000000,0.593700,0.000000,0.000000,0.000000,-0.000315,0.000000,0.000000,0.000000,0.590459,0.000000,0.000000,0.001243,0.020818,0.000893,0.602217,0.350938,-0.003045,0.023921,0.000000,0.000000,-0.000315,0.001005,0.001365,-0.000164,0.385639,0.153386,500.000000,0.000000,0.000000
2.124000,0.000000,0.000000,0.593700,0.000000,0.000000,0.000000,-0.000315,0.000000,0.000000,0.000000,0.590388,0.000000,0.000000,-0.017286,0.025730,0.000939,0.602335,0.409369,0.023483,-0.003822,0.000000,0.000000,-0.000315,0.000726,0.002420,-0.000271,0.381973,0.153525,500.000000,0.000000,0.000000
2.136000,0.000000,0.000000,0.593700,0.000000,0.000000,0.000000,-0.000315,0.000000,0.000000,0.000000,0.590036,0.000000,0.000000,-0.041286,0.029884,0.001362,0.602083,0.396790,0.053220,-0.029903,0.000000,0.000000,-0.000315,0.000115,0.003411,-0.000500,0.379975,0.154273,500.000000,0.000000,0.000000
2.148000,0.000000,0.000000,0.593700,0.000000,0.000000,0.000000,-0.000315,0.000000,0.000000,0.000000,0.589397,0.000000,-0.000000,-0.065286,0.035361,0.002059,0.601596,0.450150,0.080141,-0.041364,0.000000,0.000000,-0.000315,-0.000759,0.004370,-0.000702,0.380425,0.155708,500.000000,0.000000,0.000000
2.160000,0.000000,0.000000,0.593700,0.000000,0.000000,0.000000,-0.000315,0.000000,0.000000,0.000000,0.588469,-0.000000,0.000000,-0.089286,0.041205,0.003100,0.600994,0.485158,0.109322,-0.043606,0.000000,0.000000,-0.000315,-0.001913,0.005588,-0.000841,0.383484,0.157895,500.000000,0.000000,0.000000
2.172000,0.000000,0.000000,0.593700,0.000000,0.000000,0.000000,-0.000315,0.000000,0.000000,0.000000,0.587254,0.000000,0.000000,-0.113286,0.047309,0.004518,0.600418,0.506442,0.140517,-0.035397,0.000000,0.000000,-0.000315,-0.003477,0.007168,-0.000910,0.389583,0.160840,500.000000,0.000000,0.000000
2.184000,0.000000,0.000000,0.593700,0.000000,0.000000,0.000000,-0.000315,0.000000,0.000000,0.000000,0.585751,0.000000,0.000000,-0.137286,0.053633,0.006287,0.600002,0.526251,0.169448,-0.020178,0.000000,0.000000,-0.000315,-0.005541,0.009097,-0.000690,0.398094,0.164295,500.000000,0.000000,0.000000
2.196000,0.000000,0.000000,0.593700,0.000000,0.000000,0.000000,-0.000315,0.000000,0.000000,0.000000,0.583959,-0.000000,-0.000000,-0.161286,0.059500,0.008457,0.599802,0.502652,0.202298,-0.002312,0.000000,0.000000,-0.000315,-0.007997,0.011435,-0.000048,0.406826,0.167952,500.000000,0.000000,0.000000
2.208000,0.000000,0.000000,0.593700,0.000000,0.000000,0.000000,-0.000315,0.000000,0.000000,0.000000,0.581880,-0.000000,-0.000000,-0.185286,0.064813,0.010831,0.599846,0.482884,0.220512,0.009074,0.000000,0.000000,-0.000315,-0.010418,0.013453,0.001133,0.415099,0.170939,500.000000,0.000000,0.000000
2.220000,0.000000,0.000000,0.593700,0.000000,0.000000,0.000000,-0.000315,0.000000,0.000000,0.000000,0.579512,-0.000000,0.000000,-0.209286,0.071907,0.013386,0.599991,0.589794,0.234951,0.014383,0.000000,0.000000,-0.000315,-0.011931,0.014231,0.002501,0.418421,0.172671,500.000000,0.000000,0.000000
2.232000,0.000000,0.000000,0.593700,0.000000,0.000000,0.000000,-0.000315,0.000000,0.000000,0.000000,0.576857,-0.000000,0.000000,-0.233286,0.079958,0.016255,0.600172,0.659570,0.258003,0.019767,0.000786,0.000703,-0.000293,-0.012899,0.015949,0.004022,0.415588,0.172762,500.000000,0.000000,0.000000
2.244000,0.000000,0.000000,0.593700,0.000000,0.000000,0.000000,-0.000315,0.000000,0.000000,0.000000,0.573913,-0.000000,-0.000000,-0.257286,0.088357,0.019322,0.600519,0.693412,0.280749,0.032032,0.001124,0.000892,-0.000281,-0.012957,0.019386,0.005983,0.409868,0.170860,500.000000,0.000000,0.000000
2.256000,0.000000,0.000000,0.593700,0.000000,0.000000,0.000000,-0.000315,0.000000,0.000000,0.000000,0.570682,-0.000000,-0.000000,-0.281286,0.096975,0.022809,0.601043,0.729756,0.308758,0.035531,0.001033,0.000835,-0.000280,-0.013079,0.023201,0.008159,0.402366,0.167416,500.000000,0.000000,0.000000
2.268000,0.000000,0.000000,0.593700,0.000000,0.000000,0.000000,-0.000315,0.000000,0.000000,0.000000,0.567163,0.000000,-0.000000,-0.305286,0.106000,0.026579,0.601469,0.774939,0.336110,0.013896,0.000782,0.000690,-0.000285,-0.013011,0.026361,0.010488,0.393960,0.162239,500.000000,0.000000,0.000000
2.280000,0.000000,0.000000,0.593700,0.000000,0.000000,0.000000,-0.000315,0.000000,0.000000,0.000000,0.563355,-0.000000,-0.000000,-0.329286,0.115546,0.030801,0.601414,0.824323,0.371426,-0.028834,0.000000,0.000000,-0.000315,-0.013570,0.028310,0.012928,0.379546,0.156226,500.000000,0.000000,0.000000
2.292000,0.000000,0.000000,0.593700,0.000000,0.000000,0.000000,-0.000308,0.000000,0.000000,0.000000,0.559260,-0.000000,-0.000000,-0.353286,0.125714,0.035334,0.600866,0.880896,0.401145,-0.075420,0.000000,0.000000,-0.000308,-0.014658,0.028584,0.015458,0.350099,0.150129,500.000000,0.000000,0.000000
2.304000,0.000000,0.000000,0.593700,0.000000,0.000000,0.000000,-0.000294,0.000000,0.000000,0.000000,0.554876,-0.000000,-0.000000,-0.377286,0.136763,0.040211,0.599791,0.950888,0.434202,-0.117784,0.000000,0.000000,-0.000294,-0.015216,0.028027,0.017750,0.326524,0.145367,500.000000,0.000000,0.000000
2.316000,0.000000,0.000000,0.593700,0.000000,0.000000,0.000000,-0.000280,0.000000,0.000000,0.000000,0.550205,0.000000,-0.000000,-0.401286,0.148666,0.045788,0.598234,1.012047,0.506152,-0.148015,0.000000,0.000000,-0.000280,-0.016332,0.028101,0.019529,0.310182,0.142838,500.000000,0.000000,0.000000
2.326000,0.000000,0.000000,0.593700,0.000000,0.000000,0.000000,-0.000269,0.000000,0.000000,0.000000,0.546092,0.000000,-0.000000,-0.421286,0.159284,0.051111,0.596680,1.063499,0.522086,-0.137657,-0.003236,0.001172,-0.000338,-0.022417,0.029015,0.020136,0.309575,0.145721,500.000000,0.000000,0.000000
2.338000,0.000000,0.000000,0.593700,0.000000,0.000000,0.000000,-0.000255,0.000000,0.000000,0.000000,0.540902,-0.000000,-0.000000,-0.441088,0.172548,0.058101,0.594870,1.121868,0.579682,-0.131700,-0.004858,0.001305,-0.000367,-0.032414,0.031068,0.021174,0.314180,0.151488,500.000000,0.000000,0.000000
2.350000,0.000000,0.000000,0.593700,0.000000,0.000000,0.000000,-0.000241,0.000000,0.000000,0.000000,0.535474,0.000000,-0.000000,-0.464328,0.186024,0.063262,0.593810,1.158272,0.483071,-0.046985,0.000000,0.000000,-0.000241,-0.032328,0.031463,0.021878,0.317399,0.154393,500.000000,0.000000,0.000000
2.362000,0.000000,0.000000,0.593700,0.000000,0.000000,0.000000,-0.000228,0.000000,0.000000,0.000000,0.529758,-0.000000,-0.000000,-0.488328,0.199948,0.069144,0.593661,1.195195,0.472135,0.020852,-0.000675,-0.001035,-0.000276,-0.029665,0.026527,0.020226,0.327691,0.160181,500.000000,0.000000,0.000000
2.374000,0.000000,0.000000,0.593700,0.000000,0.000000,0.000000,-0.000214,0.000000,0.000000,0.000000,0.523798,-0.000000,-0.000000,-0.496196,0.214466,0.074924,0.593921,1.257725,0.474204,0.030467,-0.001106,-0.000671,-0.000258,-0.028680,0.022566,0.018505,0.341906,0.161601,500.000000,0.000000,0.000000
2.386000,0.000000,0.000000,0.593700,0.000000,0.000000,0.000000,-0.000200,0.000000,0.000000,0.000000,0.517944,0.000000,-0.000000,-0.480889,0.229312,0.080738,0.594257,1.327666,0.478247,0.030553,-0.001246,-0.000299,-0.000233,-0.028384,0.019909,0.016994,0.340302,0.158687,500.000000,0.000000,0.000000
2.398000,0.000000,0.000000,0.593700,0.000000,0.000000,0.000000,-0.000186,0.000000,0.000000,0.000000,0.512258,-0.000000,-0.000000,-0.467620,0.244401,0.086637,0.594534,1.364721,0.480973,0.017672,-0.001664,0.000178,-0.000212,-0.028709,0.018393,0.015377,0.327200,0.156001,500.000000,0.000000,0.000000
2.410000,0.000000,0.000000,0.593700,0.000000,0.000000,0.000000,-0.000173,0.000000,0.000000,0.000000,0.506749,-0.000000,-0.000000,-0.456047,0.260388,0.092612,0.594589,1.374161,0.460624,-0.027067,-0.003279,0.001099,-0.000205,-0.030824,0.019645,0.013888,0.313246,0.153438,500.000000,0.000000,0.000000
2.422000,0.000000,0.000000,0.593700,0.000000,0.000000,0.000000,-0.000159,0.000000,0.000000,0.000000,0.501132,0.000000,-0.000000,-0.480047,0.276331,0.097719,0.593945,1.357731,0.403443,-0.085415,-0.003151,0.001015,-0.000197,-0.031713,0.021858,0.013307,0.303457,0.152062,500.000000,0.000000,0.000000
2.434000,0.000000,0.000000,0.593700,0.000000,0.000000,0.000000,-0.000145,0.000000,0.009298,0.003263,0.495232,0.000000,-0.000000,-0.500000,0.292458,0.102361,0.592794,1.351869,0.356494,-0.125773,-0.003085,0.000974,-0.000188,-0.031574,0.023487,0.013266,0.296731,0.152110,500.000000,0.000000,0.000000
2.446000,0.000000,0.000000,0.593700,0.000000,0.000000,0.000000,-0.000131,0.000000,0.025046,0.008727,0.489232,-0.000000,-0.000000,-0.500000,0.308669,0.106493,0.591059,1.341172,0.310226,-0.169047,-0.003125,0.000999,-0.000181,-0.030861,0.025307,0.013243,0.293644,0.153321,500.000000,0.000000,0.000000
2.458000,0.000000,0.000000,0.593700,0.000000,0.000000,0.000000,-0.000117,0.000000,0.040607,0.014031,0.483232,-0.000000,-0.000000,-0.500000,0.324833,0.110027,0.588847,1.324794,0.258014,-0.197620,-0.003240,0.001069,-0.000176,-0.029686,0.027366,0.013045,0.294913,0.155771,500.000000,0.000000,0.000000
2.470000,0.000000,0.000000,0.593700,0.000000,0.000000,0.000000,-0.000104,0.000000,0.055915,0.019126,0.477232,-0.000000,-0.000000,-0.500000,0.340884,0.112896,0.586333,1.305279,0.202242,-0.214453,-0.003397,0.001164,-0.000175,-0.027676,0.029875,0.012360,0.301176,0.159639,500.000000,0.000000,0.000000
2.482000,0.000000,0.000000,0.593700,0.000000,0.000000,0.000000,-0.000091,0.000000,0.070973,0.023993,0.471232,0.000000,0.000000,-0.500000,0.356782,0.115170,0.583734,1.284875,0.152796,-0.209825,-0.003675,0.001330,-0.000182,-0.025029,0.033273,0.010819,0.313133,0.164922,500.000000,0.000000,0.000000
2.494000,0.000000,0.000000,0.593700,0.000000,0.000000,0.000000,-0.000086,0.000000,0.085861,0.028648,0.465232,-0.000000,0.000000,-0.500000,0.372576,0.116934,0.581339,1.274323,0.110631,-0.182102,-0.004116,0.001591,-0.000212,-0.022796,0.038521,0.008444,0.330047,0.171644,500.000000,0.000000,0.000000
2.506000,0.000000,0.000000,0.593700,0.000000,0.000000,0.000000,-0.000105,0.000000,0.100536,0.033063,0.459232,0.000000,0.000000,-0.500000,0.388229,0.118109,0.579296,1.234838,0.067614,-0.143192,-0.004478,0.001797,-0.000279,-0.020614,0.046133,0.005401,0.348955,0.179857,0.000000,0.000000,0.000000
2.518000,0.000000,0.000000,0.593700,0.000000,0.000000,0.000000,-0.000181,0.000000,0.114316,0.037038,0.453232,0.000000,0.000000,-0.500000,0.402958,0.118804,0.577867,1.172452,0.029421,-0.093976,-0.004518,0.001803,-0.000401,-0.018317,0.055137,0.001827,0.366034,0.188693,0.000000,0.000000,0.000000
2.530000,0.000000,0.000000,0.593700,0.000000,0.000000,0.000000,-0.000341,0.000000,0.127348,0.040637,0.450000,0.000000,-0.000000,-0.500000,0.416898,0.119125,0.577050,1.138238,0.003535,-0.071467,-0.004297,0.001651,-0.000590,-0.015962,0.063178,-0.002061,0.377089,0.196624,0.000000,0.000000,0.000000
2.542000,0.000000,0.000000,0.593700,0.000000,0.000000,0.000000,-0.000604,0.000000,0.140023,0.043981,0.450000,-0.000000,-0.000000,-0.500000,0.430469,0.119087,0.576088,1.123858,-0.024796,-0.098569,-0.003897,0.001395,-0.000855,-0.013747,0.068672,-0.006159,0.381366,0.199776,0.000000,0.000000,0.000000
2.554000,0.000000,0.000000,0.593700,0.000000,0.000000,0.000000,-0.000980,0.000000,0.152597,0.047139,0.450000,-0.000000,-0.000000,-0.500000,0.443928,0.118738,0.574943,1.119319,-0.048820,-0.124348,-0.003553,0.001174,-0.001223,-0.011493,0.071373,-0.010424,0.380250,0.196914,0.000000,0.000000,0.000000
2.566000,0.000000,0.000000,0.593700,0.000000,0.000000,0.000000,-0.001482,0.000000,0.165090,0.050113,0.450000,-0.000000,-0.000000,-0.500000,0.457293,0.118062,0.573380,1.109971,-0.073916,-0.174565,-0.003150,0.000923,-0.001700,-0.009157,0.071266,-0.014883,0.377124,0.194246,0.000000,0.000000,0.000000
2.576000,0.000000,0.000000,0.593700,0.000000,0.000000,0.000000,-0.002006,0.000000,0.175457,0.052455,0.450000,-0.000000,-0.000000,-0.500000,0.468373,0.117263,0.571406,1.108703,-0.096058,-0.228410,-0.002817,0.000719,-0.002197,-0.007204,0.068941,-0.018836,0.374143,0.192470,0.000000,0.000000,0.000000
2.588000,0.000000,0.000000,0.593700,0.000000,0.000000,0.000000,-0.002775,0.000000,0.187892,0.055105,0.450000,-0.000000,0.000000,-0.500000,0.481628,0.116092,0.568407,1.102443,-0.110829,-0.297265,-0.002414,0.000477,-0.002928,-0.004264,0.063523,-0.023688,0.370963,0.191298,0.000000,0.000000,0.000000
2.600000,0.000000,0.000000,0.593700,0.000000,0.000000,0.000000,-0.003701,0.000000,0.200571,0.057638,0.450000,0.000000,-0.000000,-0.500000,0.495079,0.114779,0.564852,1.115431,-0.132673,-0.309047,-0.002391,0.000454,-0.003836,-0.003247,0.056939,-0.028301,0.364719,0.191090,0.000000,0.000000,0.000000
2.612000,0.000000,0.000000,0.593700,0.000000,0.000000,0.000000,-0.004744,0.000000,0.213317,0.059995,0.450000,0.000000,-0.000000,-0.500000,0.508691,0.112476,0.560949,1.128916,-0.212844,-0.309747,0.000683,-0.001603,-0.004709,0.000384,0.051004,-0.031927,0.363642,0.189976,0.000000,0.000000,0.000000
2.624000,0.000000,0.000000,0.593700,0.000000,0.000000,0.000000,-0.005868,0.000000,0.226326,0.062193,0.450000,0.000000,0.000000,-0.500000,0.522457,0.110218,0.557272,1.132986,-0.216570,-0.291133,0.001477,-0.000364,-0.005798,0.005967,0.046531,-0.035377,0.363219,0.190126,0.000000,0.000000,0.000000
2.636000,0.000000,0.000000,0.593700,0.000000,0.000000,0.000000,-0.007073,0.000000,0.239312,0.064179,0.450000,0.000000,-0.000000,-0.500000,0.536169,0.107489,0.553772,1.121420,-0.243850,-0.274354,0.002177,0.000196,-0.006980,0.012526,0.043667,-0.038924,0.360838,0.189588,0.000000,0.000000,0.000000
2.648000,0.000000,0.000000,0.593700,0.000000,0.000000,0.000000,-0.008367,0.000000,0.252193,0.065962,0.450000,-0.000000,-0.000000,-0.500000,0.549558,0.105638,0.550823,1.077011,-0.193457,-0.211709,-0.001896,0.000010,-0.008446,0.013581,0.041891,-0.042602,0.356513,0.191188,0.000000,0.000000,0.000000
2.660000,0.000000,0.000000,0.593700,0.000000,0.000000,0.000000,-0.009711,0.000000,0.264125,0.067460,0.450000,-0.000000,-0.000000,-0.500000,0.561984,0.103237,0.548441,1.001497,-0.194853,-0.163771,0.000000,0.000000,-0.009711,0.010756,0.037845,-0.044367,0.353845,0.190175,0.000000,0.000000,0.000000
2.672000,0.000000,0.000000,0.593700,0.000000,0.000000,0.000000,-0.011056,0.000000,0.275686,0.068764,0.450000,-0.000000,-0.000000,-0.500000,0.573967,0.100830,0.546682,0.984482,-0.204259,-0.142998,0.000000,0.000000,-0.011056,0.009165,0.034127,-0.044611,0.349583,0.189291,0.000000,0.000000,0.000000
2.684000,0.000000,0.000000,0.593700,0.000000,0.000000,0.000000,-0.012401,0.000000,0.287240,0.069923,0.450000,-0.000000,-0.000000,-0.500000,0.585889,0.098361,0.544964,1.021693,-0.209367,-0.142453,0.000000,0.000000,-0.012401,0.007781,0.031647,-0.043941,0.343957,0.188447,0.000000,0.000000,0.000000
2.696000,0.000000,0.000000,0.593700,0.000000,0.000000,0.000000,-0.013744,0.000000,0.296447,0.070744,0.450000,-0.000000,-0.000000,-0.500000,0.595387,0.095940,0.543281,0.932366,-0.205037,-0.142260,0.000000,0.000000,-0.013744,0.006809,0.029940,-0.042391,0.337851,0.187477,0.000000,0.000000,0.000000
2.708000,0.000000,0.000000,0.593700,0.000000,0.000000,0.000000,-0.015063,0.000000,0.306139,0.071496,0.450000,0.000000,-0.000000,-0.500000,0.605336,0.093426,0.541901,0.845096,-0.189133,-0.127992,0.000000,0.000000,-0.015063,0.007074,0.029563,-0.040453,0.328983,0.186440,0.000000,0.000000,0.000000
2.720000,0.000000,0.000000,0.593700,0.000000,0.000000,0.000000,-0.016320,0.000000,0.315225,0.072113,0.450000,0.000000,0.000000,-0.500000,0.614609,0.091332,0.540198,0.768852,-0.152669,-0.159540,0.000000,0.000000,-0.016320,0.007236,0.029721,-0.039090,0.323737,0.185820,0.000000,0.000000,0.000000
2.732000,0.000000,0.000000,0.593700,0.000000,0.000000,0.000000,-0.017490,0.000000,0.323793,0.072625,0.450000,-0.000000,-0.000000,-0.500000,0.623309,0.089658,0.538174,0.694411,-0.117217,-0.186133,0.000000,0.000000,-0.017490,0.006785,0.029341,-0.038258,0.320465,0.186172,0.000000,0.000000,0.000000
2.744000,0.000000,0.000000,0.593700,0.000000,0.000000,0.000000,-0.018554,0.000000,0.331666,0.073046,0.450000,0.000000,0.000000,-0.500000,0.631274,0.088372,0.535748,0.611636,-0.082103,-0.213136,0.000000,0.000000,-0.018554,0.005879,0.028995,-0.037421,0.320753,0.187541,0.000000,0.000000,0.000000
2.756000,0.000000,0.000000,0.593700,0.000000,0.000000,0.000000,-0.019502,0.000000,0.338624,0.073385,0.450000,0.000000,0.000000,-0.500000,0.638291,0.087506,0.533087,0.524713,-0.044372,-0.224841,0.000000,0.000000,-0.019502,0.004693,0.028853,-0.036438,0.326091,0.189852,0.000000,0.000000,0.000000
2.768000,0.000000,0.000000,0.593700,0.000000,0.000000,0.000000,-0.020323,0.000000,0.343737,0.073622,0.450000,-0.000000,-0.000000,-0.500000,0.643422,0.087367,0.530359,0.391625,0.007006,-0.228356,0.000000,0.000000,-0.020323,0.002812,0.028851,-0.035351,0.337433,0.193332,0.000000,0.000000,0.000000
2.780000,0.000000,0.000000,0.593700,0.000000,0.000000,0.000000,-0.021002,0.000000,0.348352,0.073831,0.450000,0.000000,0.000000,-0.500000,0.648046,0.087373,0.527597,0.330104,0.032501,-0.216974,0.000000,0.000000,-0.021002,0.001013,0.028484,-0.033957,0.354580,0.197255,0.000000,0.000000,0.000000
2.792000,0.000000,0.000000,0.593700,0.000000,0.000000,0.000000,-0.021525,0.000000,0.352492,0.074019,0.450000,0.000000,-0.000000,-0.500000,0.652176,0.087791,0.525050,0.294827,0.061506,-0.196382,0.000000,0.000000,-0.021525,-0.000932,0.027989,-0.032441,0.374733,0.201798,0.000000,0.000000,0.000000
2.804000,0.000000,0.000000,0.593700,0.000000,0.000000,0.000000,-0.021899,0.000000,0.356132,0.074190,0.450000,0.000000,0.000000,-0.500000,0.655787,0.088558,0.522793,0.260122,0.088139,-0.171998,0.000000,0.000000,-0.021899,-0.002992,0.027725,-0.030728,0.395632,0.206277,0.000000,0.000000,0.000000
2.816000,0.000000,0.000000,0.593700,0.000000,0.000000,0.000000,-0.022172,0.000000,0.359260,0.074346,0.450000,-0.000000,-0.000000,-0.500000,0.658870,0.089642,0.520854,0.223951,0.113556,-0.149403,0.000000,0.000000,-0.022172,-0.005011,0.027775,-0.028752,0.414952,0.210050,0.000000,0.000000,0.000000
2.826000,0.000000,0.000000,0.593700,0.000000,0.000000,0.000000,-0.022340,0.000000,0.361517,0.074465,0.450000,-0.000000,-0.000000,-0.500000,0.661074,0.090771,0.519450,0.196959,0.133234,-0.135488,0.000000,0.000000,-0.022340,-0.006602,0.027830,-0.026911,0.427947,0.212207,0.000000,0.000000,0.000000
2.838000,0.000000,0.000000,0.593700,0.000000,0.000000,0.000000,-0.022466,0.000000,0.363895,0.074601,0.450000,-0.000000,-0.000000,-0.500000,0.663368,0.092377,0.517948,0.170797,0.155040,-0.126156,0.000000,0.000000,-0.022466,-0.008276,0.027664,-0.024553,0.438252,0.213128,0.000000,0.000000,0.000000
2.850000,0.000000,0.000000,0.593700,0.000000,0.000000,0.000000,-0.022502,0.000000,0.366017,0.074734,0.450000,-0.000000,-0.000000,-0.500000,0.665382,0.094239,0.516499,0.151861,0.175854,-0.127071,0.000000,0.000000,-0.022502,-0.009547,0.027166,-0.022225,0.442673,0.211900,0.000000,0.000000,0.000000
2.862000,0.000000,0.000000,0.593700,0.000000,0.000000,0.000000,-0.022502,0.000000,0.367925,0.074866,0.450000,-0.000000,-0.000000,-0.500000,0.667154,0.096358,0.515024,0.131565,0.197116,-0.134096,0.000000,0.000000,-0.022502,-0.010414,0.026505,-0.020007,0.442861,0.208579,0.000000,0.000000,0.000000
2.874000,0.000000,0.000000,0.593700,0.000000,0.000000,0.000000,-0.022501,0.000000,0.369571,0.074991,0.450000,-0.000000,0.000000,-0.500000,0.668629,0.098742,0.513428,0.108190,0.219670,-0.147625,0.000000,0.000000,-0.022501,-0.010949,0.025649,-0.017986,0.441202,0.203760,0.000000,0.000000,0.000000
2.886000,0.000000,0.000000,0.593700,0.000000,0.000000,0.000000,-0.022500,0.000000,0.370952,0.075107,0.450000,0.000000,-0.000000,-0.500000,0.669798,0.101394,0.511636,0.085253,0.242597,-0.165272,0.000000,0.000000,-0.022500,-0.011144,0.024425,-0.016322,0.439305,0.198289,0.000000,0.000000,0.000000
2.898000,0.000000,0.000000,0.593700,0.000000,0.000000,0.000000,-0.022500,0.000000,0.372120,0.075216,0.450000,-0.000000,0.000000,-0.500000,0.670704,0.104324,0.509611,0.063588,0.266986,-0.182388,0.000000,0.000000,-0.022500,-0.010865,0.022882,-0.015205,0.438009,0.193007,0.000000,0.000000,0.000000
2.910000,0.000000,0.000000,0.593700,0.000000,0.000000,0.000000,-0.022499,0.000000,0.373075,0.075315,0.450000,0.000000,0.000000,-0.500000,0.671342,0.107514,0.507318,0.031882,0.296610,-0.211666,0.000000,0.000000,-0.022499,-0.010484,0.021479,-0.014760,0.437763,0.188472,0.000000,0.000000,0.000000
2.922000,0.000000,0.000000,0.593700,0.000000,0.000000,0.000000,-0.022498,0.000000,0.373926,0.075413,0.450000,-0.000000,-0.000000,-0.500000,0.671711,0.111803,0.504851,0.013206,0.341982,-0.175803,-0.001975,0.000675,-0.022530,-0.015423,0.021208,-0.014682,0.441779,0.191773,0.000000,0.000000,0.000000
2.934000,0.000000,0.000000,0.593700,0.000000,0.000000,0.000000,-0.022497,0.000000,0.374052,0.075429,0.450000,0.000000,0.000000,-0.487278,0.670666,0.116290,0.502759,-0.068644,0.368341,-0.157485,-0.002358,0.000921,-0.022531,-0.022181,0.022275,-0.013989,0.446244,0.196602,0.000000,0.000000,0.000000
2.946000,0.000000,0.000000,0.593700,0.000000,0.000000,0.000000,-0.022497,0.000000,0.374052,0.075429,0.450000,-0.000000,-0.000000,-0.476267,0.670203,0.119702,0.501018,-0.070336,0.316257,-0.124219,0.001606,0.000752,-0.022441,-0.023694,0.023440,-0.012919,0.448673,0.199041,0.000000,0.000000,0.000000
2.958000,0.000000,0.000000,0.593700,0.000000,0.000000,0.000000,-0.022496,0.000000,0.374052,0.075429,0.450000,-0.000000,-0.000000,-0.464875,0.668788,0.123513,0.499811,-0.158077,0.285649,-0.056006,0.000000,0.000000,-0.022496,-0.019714,0.021470,-0.012562,0.452156,0.203135,0.000000,0.000000,0.000000
2.970000,0.000000,0.000000,0.593700,0.000000,0.000000,0.000000,-0.022495,0.000000,0.374052,0.075429,0.450000,0.000000,0.000000,-0.488875,0.666135,0.126861,0.499299,-0.236678,0.249818,-0.033439,0.000000,0.000000,-0.022495,-0.018046,0.018395,-0.012745,0.455792,0.206405,0.000000,0.000000,0.000000
2.982000,0.000000,0.000000,0.593700,0.000000,0.000000,0.000000,-0.022494,0.000000,0.374052,0.075429,0.450000,-0.000000,0.000000,-0.500000,0.663239,0.129840,0.498894,-0.274889,0.218326,-0.035020,0.000000,0.000000,-0.022494,-0.017093,0.016010,-0.013050,0.459896,0.209046,0.000000,0.000000,0.000000
2.994000,0.000000,0.000000,0.593700,0.000000,0.000000,0.000000,-0.022494,0.000000,0.374052,0.075429,0.450000,-0.000000,-0.000000,-0.500000,0.659797,0.132563,0.498489,-0.317275,0.190626,-0.038196,0.000000,0.000000,-0.022494,-0.016498,0.014351,-0.013444,0.464214,0.206739,0.000000,0.000000,0.000000
3.006000,0.000000,0.000000,0.593700,0.000000,0.000000,0.000000,-0.022493,0.000000,0.374052,0.075429,0.450000,-0.000000,0.000000,-0.500000,0.654593,0.134868,0.497978,-0.405668,0.156493,-0.055749,0.000000,0.000000,-0.022493,-0.016265,0.012745,-0.013851,0.469430,0.204745,0.000000,0.000000,0.000000
3.018000,0.000000,0.000000,0.593700,0.000000,0.000000,0.000000,-0.022492,0.000000,0.374052,0.075429,0.450000,0.000000,0.000000,-0.500000,0.650066,0.136902,0.497245,-0.421717,0.138032,-0.081544,0.000000,0.000000,-0.022492,-0.016219,0.010338,-0.014138,0.469234,0.203260,0.000000,0.000000,0.000000
3.030000,0.000000,0.000000,0.593700,0.000000,0.000000,0.000000,-0.022491,0.000000,0.374052,0.075429,0.450000,-0.000000,0.000000,-0.500000,0.645013,0.138535,0.496074,-0.441999,0.112514,-0.112144,0.000000,0.000000,-0.022491,-0.015645,0.008048,-0.014440,0.466370,0.202830,0.000000,0.000000,0.000000
3.042000,0.000000,0.000000,0.593700,0.000000,0.000000,0.000000,-0.022491,0.000000,0.374052,0.075429,0.450000,0.000000,-0.000000,-0.500000,0.639492,0.139846,0.494550,-0.471888,0.086920,-0.137920,0.000000,0.000000,-0.022491,-0.014692,0.005983,-0.014939,0.465333,0.203816,0.000000,0.000000,0.000000
3.054000,0.000000,0.000000,0.593700,0.000000,0.000000,0.000000,-0.022491,0.000000,0.374052,0.075429,0.450000,-0.000000,0.000000,-0.500000,0.633492,0.140844,0.492682,-0.510437,0.061917,-0.162438,0.000000,0.000000,-0.022491,-0.013457,0.003763,-0.015618,0.466931,0.206303,0.000000,0.000000,0.000000
3.066000,0.000000,0.000000,0.593700,0.000000,0.000000,0.000000,-0.022491,0.000000,0.374052,0.075429,0.450000,-0.000000,-0.000000,-0.500000,0.627043,0.141574,0.490547,-0.547518,0.042410,-0.171866,0.000000,0.000000,-0.022491,-0.012143,0.001221,-0.016343,0.471748,0.210146,0.000000,0.000000,0.000000
3.078000,0.000000,0.000000,0.593700,0.000000,0.000000,0.000000,-0.022491,0.000000,0.374052,0.075429,0.450000,-0.000000,-0.000000,-0.497664,0.620288,0.142115,0.488485,-0.573638,0.030657,-0.158263,0.000000,0.000000,-0.022491,-0.011136,-0.001044,-0.017046,0.480155,0.214911,0.000000,0.000000,0.000000
3.088000,0.000000,0.000000,0.593700,0.000000,0.000000,0.000000,-0.022491,0.000000,0.374052,0.075429,0.450000,-0.000000,-0.000000,-0.479287,0.614464,0.142442,0.486956,-0.592436,0.021811,-0.139212,0.000000,0.000000,-0.022491,-0.010523,-0.002369,-0.017609,0.489485,0.219199,0.000000,0.000000,0.000000
3.100000,0.000000,0.000000,0.593700,0.000000,0.000000,0.000000,-0.022491,0.000000,0.374052,0.075429,0.450000,-0.000000,-0.000000,-0.455287,0.606024,0.142669,0.485348,-0.682568,0.010314,-0.117796,0.000000,0.000000,-0.022491,-0.009761,-0.002732,-0.018231,0.501680,0.224291,0.000000,0.000000,0.000000
3.112000,0.000000,0.000000,0.593700,0.000000,0.000000,0.000000,-0.022491,0.000000,0.374052,0.075429,0.450000,-0.000000,-0.000000,-0.431287,0.598323,0.142783,0.484004,-0.663084,0.000306,-0.097467,0.000000,0.000000,-0.022491,-0.008977,-0.002790,-0.018664,0.512797,0.228388,0.000000,0.000000,0.000000
3.124000,0.000000,0.000000,0.593700,0.000000,0.000000,0.000000,-0.022491,0.000000,0.374052,0.075429,0.450000,-0.000000,0.000000,-0.407287,0.590608,0.142746,0.482985,-0.667748,-0.012534,-0.074503,0.000000,0.000000,-0.022491,-0.008001,-0.001871,-0.019009,0.521952,0.229402,0.000000,0.000000,0.000000
3.136000,0.000000,0.000000,0.593700,0.000000,0.000000,0.000000,-0.022491,0.000000,0.374052,0.075429,0.450000,0.000000,0.000000,-0.383287,0.582577,0.142563,0.482180,-0.688023,-0.023949,-0.064259,0.000000,0.000000,-0.022491,-0.006743,0.000002,-0.019224,0.526304,0.227154,0.000000,0.000000,0.000000
3.148000,0.000000,0.000000,0.593700,0.000000,0.000000,0.000000,-0.022491,0.000000,0.374052,0.075429,0.450000,0.000000,0.000000,-0.359287,0.574244,0.142289,0.481537,-0.701762,-0.030966,-0.056491,0.000000,0.000000,-0.022491,-0.005477,0.001990,-0.019356,0.524744,0.223161,0.000000,0.000000,0.000000
3.160000,0.000000,0.000000,0.593700,0.000000,0.000000,0.000000,-0.022491,0.000000,0.374052,0.075429,0.450000,0.000000,0.000000,-0.335287,0.565778,0.141948,0.480848,-0.708638,-0.035237,-0.061601,0.000000,0.000000,-0.022491,-0.004395,0.003708,-0.019316,0.518064,0.217835,0.000000,0.000000,0.000000
3.172000,0.000000,0.000000,0.593700,0.000000,0.000000,0.000000,-0.022491,0.000000,0.374052,0.075429,0.450000,-0.000000,0.000000,-0.311287,0.557267,0.141554,0.480160,-0.709976,-0.037837,-0.067666,0.000000,0.000000,-0.022491,-0.003616,0.005105,-0.019162,0.508095,0.211698,0.000000,0.000000,0.000000
3.184000,0.000000,0.000000,0.593700,0.000000,0.000000,0.000000,-0.022491,0.000000,0.374052,0.075429,0.450000,-0.000000,-0.000000,-0.287287,0.548712,0.141129,0.479362,-0.714679,-0.038422,-0.077053,0.000000,0.000000,-0.022491,-0.003161,0.006319,-0.018869,0.497070,0.205521,0.000000,0.000000,0.000000
3.196000,0.000000,0.000000,0.593700,0.000000,0.000000,0.000000,-0.022491,0.000000,0.374052,0.075429,0.450000,0.000000,0.000000,-0.263287,0.540059,0.140710,0.478375,-0.721151,-0.035746,-0.095465,0.000000,0.000000,-0.022491,-0.003037,0.007251,-0.018520,0.486708,0.199967,0.000000,0.000000,0.000000
3.208000,0.000000,0.000000,0.593700,0.000000,0.000000,0.000000,-0.022491,0.000000,0.374052,0.075429,0.450000,-0.000000,-0.000000,-0.239287,0.531252,0.140324,0.477160,-0.731106,-0.029976,-0.112012,0.000000,0.000000,-0.022491,-0.003207,0.007687,-0.018042,0.476046,0.195498,0.000000,0.000000,0.000000
3.220000,0.000000,0.000000,0.593700,0.000000,0.000000,0.000000,-0.022491,0.000000,0.374052,0.075429,0.450000,-0.000000,-0.000000,-0.215287,0.522290,0.140023,0.475684,-0.743553,-0.022342,-0.118521,-0.001139,-0.001319,-0.022504,-0.004028,0.007269,-0.017446,0.470559,0.192931,0.000000,0.000000,0.000000
3.232000,0.000000,0.000000,0.593700,0.000000,0.000000,0.000000,-0.022491,0.000000,0.374052,0.075429,0.450000,0.000000,0.000000,-0.191287,0.513449,0.139930,0.474326,-0.721251,-0.002558,-0.093194,0.000000,0.000000,-0.022491,-0.005285,0.006516,-0.016978,0.466101,0.193026,0.000000,0.000000,0.000000
3.244000,0.000000,0.000000,0.593700,0.000000,0.000000,0.000000,-0.022491,0.000000,0.374052,0.075429,0.450000,0.000000,0.000000,-0.167287,0.504828,0.139823,0.473269,-0.705121,0.001830,-0.076513,0.000000,0.000000,-0.022491,-0.006287,0.006048,-0.016519,0.461073,0.192757,0.000000,0.000000,0.000000
3.256000,0.000000,0.000000,0.593700,0.000000,0.000000,0.000000,-0.022491,0.000000,0.374052,0.075429,0.450000,0.000000,-0.000000,-0.143287,0.496649,0.139669,0.472403,-0.653350,-0.021476,-0.060786,0.000000,0.000000,-0.022491,-0.005125,0.006222,-0.016402,0.456515,0.192586,0.000000,0.000000,0.000000
3.268000,0.000000,0.000000,0.593700,0.000000,0.000000,0.000000,-0.022491,0.000000,0.374052,0.075429,0.450000,-0.000000,-0.000000,-0.137825,0.488989,0.139344,0.471710,-0.617691,-0.042908,-0.056354,-0.000741,-0.000717,-0.022499,-0.004666,0.006632,-0.016638,0.451128,0.192338,0.000000,0.000000,0.000000
3.280000,0.000000,0.000000,0.593700,0.000000,0.000000,0.000000,-0.022491,0.000000,0.374052,0.075429,0.450000,0.000000,-0.000000,-0.147635,0.481507,0.138810,0.471061,-0.623759,-0.060573,-0.055585,-0.000936,-0.000894,-0.022501,-0.004840,0.006598,-0.016860,0.444625,0.191844,0.000000,0.000000,0.000000
3.292000,0.000000,0.000000,0.593700,0.000000,0.000000,0.000000,-0.022491,0.000000,0.374052,0.075429,0.450000,-0.000000,-0.000000,-0.156127,0.475517,0.138112,0.470493,-0.576504,-0.074461,-0.050964,-0.001152,-0.001127,-0.022503,-0.005265,0.006214,-0.017298,0.437160,0.191113,0.000000,0.000000,0.000000
3.304000,0.000000,0.000000,0.593700,0.000000,0.000000,0.000000,-0.022491,0.000000,0.374052,0.075429,0.450000,0.000000,-0.000000,-0.166357,0.470259,0.137131,0.469921,-0.496881,-0.094372,-0.052533,-0.000774,-0.001030,-0.022500,-0.005293,0.005661,-0.017796,0.428742,0.189942,0.000000,0.000000,0.000000
3.316000,0.000000,0.000000,0.593700,0.000000,0.000000,0.000000,-0.022491,0.000000,0.374052,0.075429,0.450000,0.000000,-0.000000,-0.173454,0.465301,0.136016,0.469310,-0.425367,-0.107765,-0.068174,-0.000909,-0.000778,-0.022499,-0.004649,0.005034,-0.018118,0.422099,0.188891,0.000000,0.000000,0.000000
3.328000,0.000000,0.000000,0.593700,0.000000,0.000000,0.000000,-0.022491,0.000000,0.374052,0.075429,0.450000,-0.000000,-0.000000,-0.160516,0.460578,0.134777,0.468435,-0.366999,-0.113359,-0.088627,-0.000761,-0.000682,-0.022497,-0.004113,0.004569,-0.018401,0.418363,0.188131,0.000000,0.000000,0.000000
3.340000,0.000000,0.000000,0.593700,0.000000,0.000000,0.000000,-0.022491,0.000000,0.374052,0.075429,0.450000,-0.000000,-0.000000,-0.136516,0.456224,0.133433,0.467287,-0.321876,-0.117225,-0.101891,0.000000,0.000000,-0.022491,-0.003474,0.004101,-0.018730,0.419055,0.188441,0.000000,0.000000,0.000000
3.350000,0.000000,0.000000,0.593700,0.000000,0.000000,0.000000,-0.022491,0.000000,0.374052,0.075429,0.450000,0.000000,-0.000000,-0.116516,0.452885,0.132280,0.466218,-0.295382,-0.119185,-0.106823,0.000000,0.000000,-0.022491,-0.002877,0.003596,-0.019028,0.423880,0.189898,0.000000,0.000000,0.000000
3.362000,0.000000,0.000000,0.593700,0.000000,0.000000,0.000000,-0.022491,0.000000,0.374052,0.075429,0.450000,0.000000,0.000000,-0.092516,0.449178,0.130861,0.464916,-0.273229,-0.121698,-0.099852,0.000000,0.000000,-0.022491,-0.002041,0.002824,-0.019384,0.435346,0.193261,0.000000,0.000000,0.000000
3.374000,0.000000,0.000000,0.593700,0.000000,0.000000,0.000000,-0.022491,0.000000,0.374052,0.075429,0.450000,0.000000,-0.000000,-0.068516,0.445715,0.129413,0.463757,-0.262261,-0.124455,-0.083251,0.000000,0.000000,-0.022491,-0.001097,0.002002,-0.019723,0.452714,0.198332,0.000000,0.000000,0.000000
3.386000,0.000000,0.000000,0.593700,0.000000,0.000000,0.000000,-0.022491,0.000000,0.374052,0.075429,0.450000,-0.000000,-0.000000,-0.044516,0.442401,0.127938,0.462844,-0.258671,-0.127679,-0.061116,0.000000,0.000000,-0.022491,-0.000158,0.001233,-0.020039,0.474344,0.204716,0.000000,0.000000,0.000000
3.398000,0.000000,0.000000,0.593700,0.000000,0.000000,0.000000,-0.022491,0.000000,0.374052,0.075429,0.450000,0.000000,-0.000000,-0.020516,0.439173,0.126432,0.462212,-0.258319,-0.131518,-0.039142,0.000000,0.000000,-0.022491,0.000612,0.000575,-0.020322,0.497416,0.211660,0.000000,0.000000,0.000000
3.410000,0.000000,0.000000,0.593700,0.000000,0.000000,0.000000,-0.022491,0.000000,0.374052,0.075429,0.450003,-0.000000,0.000000,0.003484,0.436018,0.124887,0.461865,-0.256356,-0.135938,-0.018843,0.000000,0.000000,-0.022491,0.001041,0.000079,-0.020576,0.518549,0.218189,0.000000,0.000000,0.000000
3.422000,0.000000,0.000000,0.593700,0.000000,0.000000,0.000000,-0.022491,0.000000,0.374052,0.075429,0.450189,-0.000000,-0.000000,0.027484,0.432965,0.123294,0.461758,-0.250571,-0.140298,-0.003163,0.000000,0.000000,-0.022491,0.000991,-0.000124,-0.020805,0.535056,0.223385,0.000000,0.000000,0.000000
3.434000,0.000000,0.000000,0.593700,0.000000,0.000000,0.000000,-0.022491,0.000000,0.374052,0.075429,0.450663,-0.000000,-0.000000,0.051484,0.430030,0.121651,0.461828,-0.243708,-0.143908,0.007763,0.000000,0.000000,-0.022491,0.000395,0.000179,-0.021019,0.545496,0.226644,0.000000,0.000000,0.000000
3.446000,0.000000,0.000000,0.593700,0.000000,0.000000,0.000000,-0.022491,0.000000,0.374052,0.075429,0.451424,-0.000000,-0.000000,0.075484,0.427180,0.119955,0.462024,-0.238925,-0.146670,0.014262,0.000000,0.000000,-0.022491,-0.000696,0.001078,-0.021257,0.549714,0.222215,0.000000,0.000000,0.000000
3.458000,0.000000,0.000000,0.593700,0.000000,0.000000,0.000000,-0.022491,0.000000,0.374052,0.075429,0.452474,-0.000000,0.000000,0.099484,0.424369,0.118203,0.462275,-0.236141,-0.149425,0.015467,0.000000,0.000000,-0.022491,-0.002075,0.002392,-0.021546,0.548527,0.215595,0.000000,0.000000,0.000000
3.470000,0.000000,0.000000,0.593700,0.000000,0.000000,0.000000,-0.022491,0.000000,0.374052,0.075429,0.453812,-0.000000,-0.000000,0.123484,0.421569,0.116385,0.462515,-0.234829,-0.153317,0.012320,0.000000,0.000000,-0.022491,-0.003416,0.003812,-0.021891,0.543434,0.208353,0.000000,0.000000,0.000000
3.482000,0.000000,0.000000,0.593700,0.000000,0.000000,0.000000,-0.022491,0.000000,0.374052,0.075429,0.455438,-0.000000,-0.000000,0.147168,0.418743,0.114493,0.462698,-0.237128,-0.158942,0.006197,0.000000,0.000000,-0.022491,-0.004411,0.005099,-0.022275,0.536160,0.201474,0.000000,0.000000,0.000000
3.494000,0.000000,0.000000,0.593700,0.000000,0.000000,0.000000,-0.022491,0.000000,0.374052,0.075429,0.457280,0.000000,0.000000,0.157467,0.415825,0.112517,0.462782,-0.245031,-0.166794,-0.002249,0.000000,0.000000,-0.022491,-0.004855,0.006084,-0.022665,0.528156,0.195817,0.000000,0.000000,0.000000
3.506000,0.000000,0.000000,0.593700,0.000000,0.000000,0.000000,-0.022491,0.000000,0.374052,0.075429,0.459184,0.000000,-0.000000,0.159147,0.412744,0.110436,0.462744,-0.257816,-0.177688,-0.012007,0.000000,0.000000,-0.022491,-0.004666,0.006600,-0.023025,0.517581,0.191949,0.000000,0.000000,0.000000
3.518000,0.000000,0.000000,0.593700,0.000000,0.000000,0.000000,-0.022491,0.000000,0.374052,0.075429,0.461091,0.000000,0.000000,0.158620,0.409458,0.108220,0.462576,-0.273027,-0.192193,-0.021479,0.000000,0.000000,-0.022491,-0.003850,0.006516,-0.023321,0.505842,0.190064,0.000000,0.000000,0.000000
3.530000,0.000000,0.000000,0.593700,0.000000,0.000000,0.000000,-0.022491,0.000000,0.374052,0.075429,0.462988,0.000000,0.000000,0.157532,0.405963,0.105810,0.462355,-0.284622,-0.205436,0.003328,0.000000,0.000000,-0.022491,-0.002216,0.005868,-0.023597,0.507812,0.191971,0.000000,0.000000,0.000000
3.542000,0.000000,0.000000,0.593700,0.000000,0.000000,0.000000,-0.022491,0.000000,0.374052,0.075429,0.464872,-0.000000,-0.000000,0.156309,0.402458,0.103382,0.462417,-0.287204,-0.207958,0.018063,0.000000,0.000000,-0.022491,-0.000510,0.004938,-0.023703,0.505950,0.194562,0.000000,0.000000,0.000000
3.554000,0.000000,0.000000,0.593700,0.000000,0.000000,0.000000,-0.022491,0.000000,0.374052,0.075429,0.466740,-0.000000,0.000000,0.155058,0.399209,0.100996,0.462654,-0.252729,-0.190450,0.038232,0.000000,0.000000,-0.022491,-0.001062,0.004581,-0.023578,0.502704,0.197020,0.000000,0.000000,0.000000
3.566000,0.000000,0.000000,0.593700,0.000000,0.000000,0.000000,-0.022491,0.000000,0.374052,0.075429,0.468584,-0.000000,-0.000000,0.148276,0.396414,0.098790,0.463142,-0.213063,-0.165348,0.049116,0.000000,0.000000,-0.022491,-0.001074,0.004824,-0.023382,0.499111,0.197471,0.000000,0.000000,0.000000
3.578000,0.000000,0.000000,0.593700,0.000000,0.000000,0.000000,-0.022491,0.000000,0.374052,0.075429,0.470219,-0.000000,0.000000,0.124276,0.394079,0.096855,0.463790,-0.188301,-0.142937,0.054913,0.000000,0.000000,-0.022491,-0.000683,0.004677,-0.023186,0.495562,0.195299,0.000000,0.000000,0.000000
3.590000,0.000000,0.000000,0.593700,0.000000,0.000000,0.000000,-0.022491,0.000000,0.374052,0.075429,0.471591,-0.000000,0.000000,0.107076,0.392213,0.095091,0.464512,-0.167502,-0.126460,0.059029,0.000000,0.000000,-0.022491,-0.000097,0.004287,-0.023006,0.492211,0.193348,0.000000,0.000000,0.000000
3.600000,0.000000,0.000000,0.593700,0.000000,0.000000,0.000000,-0.022491,0.000000,0.374052,0.075429,0.472640,0.000000,0.000000,0.104149,0.391290,0.093728,0.465149,-0.131303,-0.115603,0.064734,0.000000,0.000000,-0.022491,0.000385,0.003902,-0.022875,0.489183,0.191910,0.000000,0.000000,0.000000
3.612000,0.000000,0.000000,0.593700,0.000000,0.000000,0.000000,-0.022491,0.000000,0.374052,0.075429,0.473899,-0.000000,0.000000,0.107089,0.390430,0.092263,0.465959,-0.088916,-0.101427,0.052841,0.000000,0.000000,-0.022491,0.001111,0.003571,-0.022632,0.485947,0.190424,0.000000,0.000000,0.000000
3.624000,0.000000,0.000000,0.593700,0.000000,0.000000,0.000000,-0.022491,0.000000,0.374052,0.075429,0.475254,-0.000000,-0.000000,0.121479,0.389589,0.091064,0.466539,-0.060076,-0.087777,0.034615,0.000000,0.000000,-0.022491,0.001317,0.003306,-0.022359,0.483792,0.189615,0.000000,0.000000,0.000000
3.636000,0.000000,0.000000,0.593700,0.000000,0.000000,0.000000,-0.022491,0.000000,0.374052,0.075429,0.476842,-0.000000,-0.000000,0.140322,0.388826,0.090024,0.466811,-0.042770,-0.075373,0.016526,0.000000,0.000000,-0.022491,0.001206,0.002870,-0.022072,0.483785,0.189794,0.000000,0.000000,0.000000
3.648000,0.000000,0.000000,0.593700,0.000000,0.000000,0.000000,-0.022491,0.000000,0.374052,0.075429,0.478561,-0.000000,-0.000000,0.145035,0.388157,0.089140,0.466944,-0.035840,-0.062349,0.012881,0.000000,0.000000,-0.022491,0.000991,0.002282,-0.021825,0.486820,0.191219,0.000000,0.000000,0.000000
3.660000,0.000000,0.000000,0.593700,0.000000,0.000000,0.000000,-0.022491,0.000000,0.374052,0.075429,0.480306,0.000000,0.000000,0.145365,0.387551,0.088416,0.467079,-0.036331,-0.049240,0.019611,0.000000,0.000000,-0.022491,0.000784,0.001650,-0.021644,0.493421,0.194054,0.000000,0.000000,0.000000
3.672000,0.000000,0.000000,0.593700,0.000000,0.000000,0.000000,-0.022491,0.000000,0.374052,0.075429,0.482046,-0.000000,0.000000,0.144576,0.386971,0.087848,0.467342,-0.039728,-0.037140,0.035156,0.000000,0.000000,-0.022491,0.000625,0.001067,-0.021518,0.503610,0.198254,0.000000,0.000000,0.000000
3.684000,0.000000,0.000000,0.593700,0.000000,0.000000,0.000000,-0.022491,0.000000,0.374052,0.075429,0.483775,-0.000000,0.000000,0.143507,0.386400,0.087418,0.467835,-0.043127,-0.027142,0.056288,0.000000,0.000000,-0.022491,0.000519,0.000586,-0.021430,0.516779,0.203477,0.000000,0.000000,0.000000
3.696000,0.000000,0.000000,0.593700,0.000000,0.000000,0.000000,-0.022491,0.000000,0.374052,0.075429,0.485490,-0.000000,-0.000000,0.142372,0.385836,0.087100,0.468615,-0.045153,-0.019805,0.079172,0.000000,0.000000,-0.022491,0.000469,0.000235,-0.021363,0.531532,0.209097,0.000000,0.000000,0.000000
3.708000,0.000000,0.000000,0.593700,0.000000,0.000000,0.000000,-0.022491,0.000000,0.374052,0.075429,0.487191,0.000000,-0.000000,0.141190,0.385288,0.086877,0.469687,-0.045508,-0.013748,0.100490,-0.001042,0.000004,-0.022491,0.000434,0.000040,-0.021301,0.545759,0.214367,0.000000,0.000000,0.000000
3.720000,0.000000,0.000000,0.593700,0.000000,0.000000,0.000000,-0.022491,0.000000,0.374052,0.075429,0.488877,-0.000000,-0.000000,0.139732,0.384761,0.086699,0.471019,-0.044950,-0.012084,0.117930,-0.001120,0.000041,-0.022491,0.000247,0.000026,-0.021233,0.557096,0.218485,0.000000,0.000000,0.000000
3.732000,0.000000,0.000000,0.593700,0.000000,0.000000,0.000000,-0.022491,0.000000,0.374052,0.075429,0.490543,-0.000000,-0.000000,0.137731,0.384254,0.086553,0.472550,-0.044171,-0.010880,0.129919,-0.001174,0.000070,-0.022491,0.000089,0.000195,-0.021152,0.563588,0.218607,0.000000,0.000000,0.000000
3.744000,0.000000,0.000000,0.593700,0.000000,0.000000,0.000000,-0.022491,0.000000,0.374052,0.075429,0.492182,-0.000000,0.000000,0.135579,0.383757,0.086421,0.474205,-0.044205,-0.010857,0.135957,-0.001209,0.000093,-0.022492,-0.000135,0.000513,-0.021063,0.564236,0.214701,0.000000,0.000000,0.000000
3.756000,0.000000,0.000000,0.593700,0.000000,0.000000,0.000000,-0.022491,0.000000,0.374052,0.075429,0.493796,-0.000000,-0.000000,0.133429,0.383248,0.086290,0.475905,-0.046020,-0.011429,0.135852,-0.001222,0.000109,-0.022492,-0.000452,0.000936,-0.020977,0.559208,0.209281,0.000000,0.000000,0.000000
3.768000,0.000000,0.000000,0.593700,0.000000,0.000000,0.000000,-0.022491,0.000000,0.374052,0.075429,0.495385,0.000000,0.000000,0.131309,0.382694,0.086153,0.477571,-0.050303,-0.012150,0.129881,-0.001198,0.000109,-0.022493,-0.000876,0.001398,-0.020908,0.549688,0.203004,0.000000,0.000000,0.000000
3.780000,0.000000,0.000000,0.593700,0.000000,0.000000,0.000000,-0.022491,0.000000,0.374052,0.075429,0.496948,0.000000,-0.000000,0.129221,0.382060,0.086007,0.479131,-0.056953,-0.012364,0.118869,-0.001129,0.000086,-0.022493,-0.001398,0.001805,-0.020868,0.536257,0.196607,0.000000,0.000000,0.000000
3.792000,0.000000,0.000000,0.593700,0.000000,0.000000,0.000000,-0.022491,0.000000,0.374052,0.075429,0.498486,0.000000,-0.000000,0.127167,0.381318,0.085859,0.480526,-0.065336,-0.011394,0.104212,-0.001019,0.000041,-0.022493,-0.001999,0.002063,-0.020861,0.518410,0.190765,0.000000,0.000000,0.000000
3.804000,0.000000,0.000000,0.593700,0.000000,0.000000,0.000000,-0.022491,0.000000,0.374052,0.075429,0.500000,-0.000000,-0.000000,0.125145,0.380453,0.085706,0.481718,-0.074514,-0.009023,0.087658,0.000000,0.000000,-0.022491,-0.002458,0.002106,-0.020880,0.504145,0.186022,0.000000,0.000000,0.000000
3.816000,0.000000,0.000000,0.593700,0.000000,0.000000,0.000000,-0.022491,0.000000,0.374052,0.075429,0.501490,-0.000000,-0.000000,0.123155,0.379466,0.085607,0.482692,-0.083449,-0.004024,0.071386,0.000000,0.000000,-0.022491,-0.002994,0.001916,-0.020922,0.494198,0.182576,0.000000,0.000000,0.000000
3.828000,0.000000,0.000000,0.593700,0.000000,0.000000,0.000000,-0.022491,0.000000,0.374052,0.075429,0.502956,0.000000,0.000000,0.121197,0.378373,0.085563,0.483475,-0.088286,0.003220,0.082358,0.000000,0.000000,-0.022491,-0.003338,0.001662,-0.020923,0.490850,0.181550,0.000000,0.000000,0.000000
3.840000,0.000000,0.000000,0.593700,0.000000,0.000000,0.000000,-0.022491,0.000000,0.374052,0.075429,0.504399,0.000000,-0.000000,0.119270,0.377297,0.085604,0.484469,-0.086813,0.009961,0.093802,0.000000,0.000000,-0.022491,-0.003969,0.001400,-0.021043,0.491484,0.181487,0.000000,0.000000,0.000000
3.850000,0.000000,0.000000,0.593700,0.000000,0.000000,0.000000,-0.022491,0.000000,0.374052,0.075429,0.505584,-0.000000,-0.000000,0.117688,0.376439,0.085601,0.485413,-0.080343,0.008982,0.105638,0.000000,0.000000,-0.022491,-0.003558,0.001202,-0.021150,0.491853,0.181410,0.000000,0.000000,0.000000
3.862000,0.000000,0.000000,0.593700,0.000000,0.000000,0.000000,-0.022491,0.000000,0.374052,0.075429,0.506985,-0.000000,-0.000000,0.115817,0.375573,0.085699,0.486706,-0.064423,0.005895,0.118072,0.000000,0.000000,-0.022491,-0.002861,0.001418,-0.021251,0.490507,0.180792,0.000000,0.000000,0.000000
3.874000,0.000000,0.000000,0.593700,0.000000,0.000000,0.000000,-0.022491,0.000000,0.374052,0.075429,0.508363,-0.000000,0.000000,0.113975,0.374855,0.085757,0.488154,-0.053691,0.001655,0.122166,0.000000,0.000000,-0.022491,-0.002449,0.001550,-0.021349,0.487332,0.180198,0.000000,0.000000,0.000000
3.886000,0.000000,0.000000,0.593700,0.000000,0.000000,0.000000,-0.022491,0.000000,0.374052,0.075429,0.509720,-0.000000,0.000000,0.112163,0.374295,0.085773,0.489662,-0.047680,-0.001905,0.124422,0.000000,0.000000,-0.022491,-0.002219,0.001542,-0.021439,0.484263,0.179652,0.000000,0.000000,0.000000
3.898000,0.000000,0.000000,0.593700,0.000000,0.000000,0.000000,-0.022491,0.000000,0.374052,0.075429,0.511055,-0.000000,-0.000000,0.110380,0.374056,0.085751,0.491186,-0.032788,-0.004789,0.127602,0.000000,0.000000,-0.022491,-0.002087,0.001463,-0.021519,0.481278,0.179149,0.000000,0.000000,0.000000
3.910000,0.000000,0.000000,0.593700,0.000000,0.000000,0.000000,-0.022491,0.000000,0.374052,0.075429,0.512369,-0.000000,0.000000,0.108625,0.373962,0.085675,0.492756,-0.016049,-0.007625,0.113734,0.000000,0.000000,-0.022491,-0.001865,0.001357,-0.021598,0.478515,0.178753,0.000000,0.000000,0.000000
3.922000,0.000000,0.000000,0.593700,0.000000,0.000000,0.000000,-0.022491,0.000000,0.374052,0.075429,0.513662,-0.000000,0.000000,0.106898,0.373870,0.085585,0.493935,-0.002474,-0.009125,0.086306,0.000000,0.000000,-0.022491,-0.001611,0.001203,-0.021686,0.476600,0.178581,0.000000,0.000000,0.000000
3.934000,0.000000,0.000000,0.593700,0.000000,0.000000,0.000000,-0.022491,0.000000,0.374052,0.075429,0.514935,-0.000000,0.000000,0.105198,0.373815,0.085478,0.494805,0.005549,-0.010462,0.066923,0.000000,0.000000,-0.022491,-0.001368,0.000964,-0.021814,0.476344,0.178911,0.000000,0.000000,0.000000
3.946000,0.000000,0.000000,0.593700,0.000000,0.000000,0.000000,-0.022491,0.000000,0.374052,0.075429,0.516187,-0.000000,0.000000,0.103526,0.373815,0.085352,0.495480,0.008682,-0.012173,0.057179,0.000000,0.000000,-0.022491,-0.001158,0.000657,-0.021965,0.478508,0.180069,0.000000,0.000000,0.000000
3.958000,0.000000,0.000000,0.593700,0.000000,0.000000,0.000000,-0.022491,0.000000,0.374052,0.075429,0.517420,-0.000000,-0.000000,0.101880,0.373856,0.085204,0.496079,0.009255,-0.014084,0.057786,0.000000,0.000000,-0.022491,-0.000990,0.000338,-0.022113,0.483699,0.182236,0.000000,0.000000,0.000000
3.970000,0.000000,0.000000,0.593700,0.000000,0.000000,0.000000,-0.022491,0.000000,0.374052,0.075429,0.518632,-0.000000,-0.000000,0.100260,0.373921,0.085035,0.496742,0.008475,-0.015575,0.068211,0.000000,0.000000,-0.022491,-0.000874,0.000080,-0.022248,0.492165,0.185404,0.000000,0.000000,0.000000
3.982000,0.000000,0.000000,0.593700,0.000000,0.000000,0.000000,-0.022491,0.000000,0.374052,0.075429,0.519826,-0.000000,0.000000,0.098666,0.373999,0.084853,0.497578,0.007397,-0.016195,0.084976,0.000000,0.000000,-0.022491,-0.000828,-0.000066,-0.022376,0.503478,0.189326,0.000000,0.000000,0.000000
3.994000,0.000000,0.000000,0.593700,0.000000,0.000000,0.000000,-0.022491,0.000000,0.374052,0.075429,0.521001,-0.000000,-0.000000,0.097097,0.374091,0.084667,0.498652,0.007263,-0.015784,0.104360,0.000000,0.000000,-0.022491,-0.000874,-0.000077,-0.022497,0.516333,0.193505,0.000000,0.000000,0.000000
4.004000,0.000000,0.000000,0.593700,0.000000,0.000000,0.000000,-0.022491,0.000000,0.374052,0.075429,0.521965,-0.000000,0.000000,0.095809,0.374181,0.084516,0.499745,-0.006538,-0.014668,0.120652,0.000000,0.000000,-0.022491,-0.000989,0.000028,-0.022591,0.526736,0.196717,-500.000000,0.000000,0.000000
4.016000,0.000000,0.000000,0.593700,0.000000,0.000000,0.000000,-0.022491,0.000000,0.374052,0.075429,0.523106,-0.000000,-0.000000,0.094285,0.373696,0.084322,0.501277,-0.076638,-0.018000,0.134239,0.000000,0.000000,-0.022491,-0.001101,-0.000053,-0.022685,0.535910,0.199758,-500.000000,0.000000,0.000000
4.028000,0.000000,0.000000,0.593700,0.000000,0.000000,0.000000,-0.022491,0.000000,0.374052,0.075429,0.524228,-0.000000,-0.000000,0.092786,0.372521,0.084041,0.502953,-0.122117,-0.028741,0.140055,0.000000,0.000000,-0.022491,-0.000900,-0.000855,-0.022768,0.540196,0.201398,-500.000000,0.000000,0.000000
4.040000,0.000000,0.000000,0.593700,0.000000,0.000000,0.000000,-0.022491,0.000000,0.374052,0.075429,0.525333,-0.000000,-0.000000,0.091311,0.370926,0.083657,0.504690,-0.157885,-0.040392,0.141807,-0.000893,-0.000595,-0.022489,-0.000372,-0.001848,-0.022887,0.539573,0.201199,-500.000000,0.000000,0.000000
4.052000,0.000000,0.000000,0.593700,0.000000,0.000000,0.000000,-0.022491,0.000000,0.374052,0.075429,0.526420,0.000000,-0.000000,0.089859,0.368920,0.083127,0.506430,-0.196456,-0.054748,0.138824,-0.000839,-0.000566,-0.022488,0.000259,-0.002536,-0.023051,0.532834,0.199161,-500.000000,0.000000,0.000000
4.064000,0.000000,0.000000,0.593700,0.000000,0.000000,0.000000,-0.022491,0.000000,0.374052,0.075429,0.527489,-0.000000,-0.000000,0.088431,0.366432,0.082446,0.508115,-0.239503,-0.068367,0.132839,0.000000,0.000000,-0.022491,0.001080,-0.002754,-0.023264,0.511886,0.195427,-500.000000,0.000000,0.000000
4.076000,0.000000,0.000000,0.593700,0.000000,0.000000,0.000000,-0.022491,0.000000,0.374052,0.075429,0.528542,0.000000,0.000000,0.087025,0.363377,0.081629,0.509713,-0.287240,-0.082395,0.123869,0.000000,0.000000,-0.022491,0.001717,-0.002619,-0.023544,0.487056,0.190397,-500.000000,0.000000,0.000000
4.088000,0.000000,0.000000,0.593700,0.000000,0.000000,0.000000,-0.022491,0.000000,0.374052,0.075429,0.529576,0.000000,-0.000000,0.084320,0.359694,0.080616,0.511170,-0.338443,-0.099613,0.110779,0.000000,0.000000,-0.022491,0.002281,-0.002410,-0.023888,0.461323,0.184807,-500.000000,0.000000,0.000000
4.100000,0.000000,0.000000,0.593700,0.000000,0.000000,0.000000,-0.022491,0.000000,0.374052,0.075429,0.530497,-0.000000,-0.000000,0.066222,0.355351,0.079404,0.512450,-0.392312,-0.119125,0.095539,-0.000955,-0.000631,-0.022487,0.002684,-0.002308,-0.024288,0.437481,0.179257,-500.000000,0.000000,0.000000
4.110000,0.000000,0.000000,0.593700,0.000000,0.000000,0.000000,-0.022491,0.000000,0.374052,0.075429,0.531059,0.000000,0.000000,0.046222,0.351196,0.078183,0.513348,-0.439578,-0.139005,0.080125,-0.001047,-0.000683,-0.022486,0.003063,-0.002370,-0.024648,0.420839,0.175183,-500.000000,0.000000,0.000000
4.122000,0.000000,0.000000,0.593700,0.000000,0.000000,0.000000,-0.022491,0.000000,0.374052,0.075429,0.531470,0.000000,0.000000,0.022222,0.346982,0.076233,0.514173,-0.418147,-0.177117,0.060943,-0.001053,-0.000540,-0.022486,0.004127,-0.002629,-0.025146,0.404967,0.171250,-500.000000,0.000000,0.000000
4.134000,0.000000,0.000000,0.593700,0.000000,0.000000,0.000000,-0.022491,0.000000,0.374052,0.075429,0.531593,-0.000000,-0.000000,-0.001778,0.340632,0.073883,0.514938,-0.528696,-0.191648,0.081427,0.000527,-0.000949,-0.022485,0.008047,-0.002064,-0.025941,0.405193,0.171899,-500.000000,0.000000,0.000000
4.146000,0.000000,0.000000,0.593700,0.000000,0.000000,0.000000,-0.022491,0.000000,0.374052,0.075429,0.531436,0.000000,0.000000,-0.024028,0.333427,0.071932,0.515913,-0.609290,-0.194112,0.091306,-0.001428,-0.001050,-0.022477,0.008643,-0.002566,-0.027066,0.408106,0.170174,-500.000000,0.000000,0.000000
4.158000,0.000000,0.000000,0.593700,0.000000,0.000000,0.000000,-0.022491,0.000000,0.374052,0.075429,0.531088,-0.000000,0.000000,-0.023018,0.325886,0.069685,0.517209,-0.639782,-0.174326,0.136581,-0.000864,-0.000535,-0.022485,0.006515,-0.001962,-0.027563,0.414651,0.171739,-500.000000,0.000000,0.000000
4.170000,0.000000,0.000000,0.593700,0.000000,0.000000,0.000000,-0.022491,0.000000,0.374052,0.075429,0.530910,-0.000000,0.000000,-0.014207,0.318615,0.067602,0.518946,-0.642400,-0.163126,0.153796,0.000000,0.000000,-0.022491,0.005775,-0.001482,-0.027513,0.423503,0.173751,-500.000000,0.000000,0.000000
4.182000,0.000000,0.000000,0.593700,0.000000,0.000000,0.000000,-0.022491,0.000000,0.374052,0.075429,0.530844,-0.000000,-0.000000,0.006040,0.310443,0.065608,0.520744,-0.709927,-0.154236,0.152737,0.000087,-0.001037,-0.022485,0.005725,-0.001653,-0.027271,0.433552,0.175696,-500.000000,0.000000,0.000000
4.194000,0.000000,0.000000,0.593700,0.000000,0.000000,0.000000,-0.022491,0.000000,0.374052,0.075429,0.531061,-0.000000,0.000000,0.030040,0.301764,0.063719,0.522564,-0.778083,-0.144592,0.154432,-0.000017,-0.001234,-0.022483,0.006021,-0.002483,-0.027008,0.431581,0.175117,-500.000000,0.000000,0.000000
4.206000,0.000000,0.000000,0.593700,0.000000,0.000000,0.000000,-0.022491,0.000000,0.374052,0.075429,0.531565,0.000000,0.000000,0.053781,0.292938,0.061890,0.524580,-0.801246,-0.130749,0.147368,0.000217,-0.001413,-0.022482,0.006779,-0.004001,-0.026760,0.418095,0.173023,-500.000000,0.000000,0.000000
4.218000,0.000000,0.000000,0.593700,0.000000,0.000000,0.000000,-0.022491,0.000000,0.374052,0.075429,0.532195,-0.000000,0.000000,0.043598,0.283826,0.060465,0.526093,-0.798373,-0.097311,0.110462,0.000347,-0.001036,-0.022486,0.007133,-0.006056,-0.026379,0.406691,0.171736,-500.000000,0.000000,0.000000
4.230000,0.000000,0.000000,0.593700,0.000000,0.000000,0.000000,-0.022491,0.000000,0.374052,0.075429,0.532575,-0.000000,-0.000000,0.019598,0.274395,0.059413,0.527296,-0.790216,-0.062956,0.083881,0.000332,-0.001024,-0.022487,0.006677,-0.007916,-0.025950,0.398011,0.171361,-500.000000,0.000000,0.000000
4.242000,0.000000,0.000000,0.593700,0.000000,0.000000,0.000000,-0.022491,0.000000,0.374052,0.075429,0.532666,0.000000,-0.000000,-0.004402,0.264835,0.058765,0.528155,-0.778563,-0.025610,0.057373,0.000425,-0.001077,-0.022489,0.005726,-0.010032,-0.025468,0.393044,0.172030,-500.000000,0.000000,0.000000
4.254000,0.000000,0.000000,0.593700,0.000000,0.000000,0.000000,-0.022491,0.000000,0.374052,0.075429,0.532469,-0.000000,-0.000000,-0.028402,0.255305,0.058561,0.528634,-0.763330,0.013490,0.033209,0.000624,-0.001191,-0.022494,0.004447,-0.012719,-0.024953,0.393120,0.173766,-500.000000,0.000000,0.000000
4.266000,0.000000,0.000000,0.593700,0.000000,0.000000,0.000000,-0.022491,0.000000,0.374052,0.075429,0.531984,0.000000,-0.000000,-0.052402,0.245861,0.058834,0.528895,-0.755662,0.053028,0.014630,0.000889,-0.001343,-0.022502,0.002790,-0.016312,-0.024693,0.398666,0.176536,-500.000000,0.000000,0.000000
4.278000,0.000000,0.000000,0.593700,0.000000,0.000000,0.000000,-0.022491,0.000000,0.374052,0.075429,0.531211,-0.000000,-0.000000,-0.076402,0.236517,0.059591,0.528972,-0.753172,0.093200,0.003545,0.000971,-0.001385,-0.022511,0.000645,-0.020571,-0.024977,0.409195,0.180254,-500.000000,0.000000,0.000000
4.290000,0.000000,0.000000,0.593700,0.000000,0.000000,0.000000,-0.022491,0.000000,0.374052,0.075429,0.530151,0.000000,-0.000000,-0.100402,0.227230,0.060803,0.529010,-0.759332,0.131581,0.006092,0.001085,-0.001449,-0.022521,-0.001893,-0.024776,-0.025892,0.422569,0.184612,-500.000000,0.000000,0.000000
4.302000,0.000000,0.000000,0.593700,0.000000,0.000000,0.000000,-0.022491,0.000000,0.374052,0.075429,0.528802,-0.000000,-0.000000,-0.124402,0.217903,0.062442,0.529185,-0.774243,0.167796,0.025235,0.001099,-0.001454,-0.022529,-0.004500,-0.028124,-0.027336,0.435469,0.189082,-500.000000,0.000000,0.000000
4.314000,0.000000,0.000000,0.593700,0.000000,0.000000,0.000000,-0.022491,0.000000,0.374052,0.075429,0.527165,0.000000,-0.000000,-0.148402,0.208427,0.064485,0.529714,-0.797138,0.200006,0.060268,0.000998,-0.001393,-0.022531,-0.006981,-0.029912,-0.029145,0.444877,0.192871,-500.000000,0.000000,0.000000
4.326000,0.000000,0.000000,0.593700,0.000000,0.000000,0.000000,-0.022491,0.000000,0.374052,0.075429,0.525240,-0.000000,-0.000000,-0.172402,0.198599,0.066788,0.530559,-0.832721,0.219453,0.079269,0.000938,-0.001356,-0.022531,-0.008351,-0.030154,-0.031070,0.449078,0.195011,-500.000000,0.000000,0.000000
4.338000,0.000000,0.000000,0.593700,0.000000,0.000000,0.000000,-0.022491,0.000000,0.374052,0.075429,0.523027,-0.000000,0.000000,-0.196402,0.188271,0.069349,0.531631,-0.878879,0.234637,0.091903,0.000857,-0.001307,-0.022527,-0.008425,-0.029220,-0.032855,0.448244,0.195025,-500.000000,0.000000,0.000000
4.350000,0.000000,0.000000,0.593700,0.000000,0.000000,0.000000,-0.022491,0.000000,0.374052,0.075429,0.520546,-0.000000,0.000000,-0.215510,0.177294,0.072126,0.532871,-0.936099,0.246619,0.097186,0.000730,-0.001234,-0.022521,-0.007536,-0.027406,-0.034279,0.443273,0.192611,-500.000000,0.000000,0.000000
4.362000,0.000000,0.000000,0.593700,0.000000,0.000000,0.000000,-0.022491,0.000000,0.374052,0.075429,0.517823,0.000000,-0.000000,-0.238842,0.165531,0.075097,0.534034,-1.002369,0.259093,0.085058,0.000586,-0.001152,-0.022513,-0.006119,-0.025178,-0.035190,0.435541,0.187825,-500.000000,0.000000,0.000000
4.374000,0.000000,0.000000,0.593700,0.000000,0.000000,0.000000,-0.022491,0.000000,0.374052,0.075429,0.514813,0.000000,-0.000000,-0.262743,0.153727,0.078319,0.535011,-1.036595,0.273567,0.066312,0.000406,-0.001051,-0.022506,-0.005367,-0.023166,-0.035561,0.408696,0.181068,-500.000000,0.000000,0.000000
4.384000,0.000000,0.000000,0.593700,0.000000,0.000000,0.000000,-0.022491,0.000000,0.374052,0.075429,0.512086,-0.000000,-0.000000,-0.282743,0.142462,0.081125,0.535664,-1.134532,0.289072,0.046689,-0.001092,-0.000127,-0.022468,-0.004732,-0.021530,-0.035562,0.380035,0.174577,-500.000000,0.000000,0.000000
4.396000,0.000000,0.000000,0.593700,0.000000,0.000000,0.000000,-0.022491,0.000000,0.374052,0.075429,0.508549,-0.000000,0.000000,-0.306743,0.127852,0.084714,0.536048,-1.225373,0.310710,0.004968,0.000000,0.000000,-0.022491,-0.004764,-0.021344,-0.035162,0.352812,0.167382,-500.000000,0.000000,0.000000
4.408000,0.000000,0.000000,0.593700,0.000000,0.000000,0.000000,-0.022491,0.000000,0.374052,0.075429,0.504724,-0.000000,0.000000,-0.330743,0.112364,0.088644,0.535856,-1.307268,0.345986,-0.039224,0.000000,0.000000,-0.022491,-0.005601,-0.022604,-0.034317,0.332024,0.161784,-500.000000,0.000000,0.000000
4.420000,0.000000,0.000000,0.593700,0.000000,0.000000,0.000000,-0.022491,0.000000,0.374052,0.075429,0.500611,-0.000000,0.000000,-0.354743,0.095918,0.092947,0.535319,-1.387473,0.383205,-0.075621,0.000000,0.000000,-0.022491,-0.007402,-0.024925,-0.032866,0.318491,0.158361,-500.000000,0.000000,0.000000
4.432000,0.000000,0.000000,0.593700,0.000000,0.000000,0.000000,-0.022490,0.000000,0.374041,0.075432,0.496210,-0.010640,0.003109,-0.378743,0.078643,0.097855,0.534070,-1.450454,0.423746,-0.082434,-0.002672,-0.002818,-0.022444,-0.011062,-0.027389,-0.030958,0.323195,0.161212,-500.000000,0.000000,0.000000
4.444000,0.000000,0.000000,0.593700,0.000000,0.000000,0.000000,-0.022488,0.000000,0.359699,0.076704,0.491521,-0.063572,0.015878,-0.402743,0.060794,0.102318,0.533297,-1.509241,0.415926,-0.052986,-0.000886,-0.002618,-0.022492,-0.012255,-0.030178,-0.028805,0.326828,0.162153,-500.000000,0.000000,0.000000
4.456000,0.000000,0.000000,0.593700,0.000000,0.000000,0.000000,-0.022486,0.000000,0.341384,0.078481,0.486544,-0.076748,0.013586,-0.426743,0.042766,0.107246,0.533147,-1.528457,0.391130,0.047642,0.000000,0.000000,-0.022486,-0.010668,-0.028227,-0.026716,0.339005,0.167322,-500.000000,0.000000,0.000000
4.468000,0.000000,0.000000,0.593700,0.000000,0.000000,0.000000,-0.022484,0.000000,0.322477,0.080496,0.481315,-0.127190,0.022798,-0.443186,0.024139,0.112026,0.533892,-1.581248,0.391196,0.071443,-0.001669,-0.000222,-0.022443,-0.010864,-0.025703,-0.025655,0.357806,0.166735,-500.000000,0.000000,0.000000
4.480000,0.000000,0.000000,0.593700,0.000000,0.000000,0.000000,-0.022481,0.000000,0.302739,0.082818,0.476126,-0.227857,0.040173,-0.420535,0.004672,0.116812,0.534579,-1.684882,0.396655,0.051176,-0.001805,-0.000710,-0.022445,-0.011589,-0.024416,-0.024764,0.357412,0.164192,-500.000000,0.000000,0.000000
4.492000,0.000000,0.000000,0.593700,0.000000,0.000000,0.000000,-0.022479,0.000000,0.283699,0.085233,0.471224,-0.270139,0.042274,-0.396658,-0.014080,0.121671,0.534945,-1.727291,0.398236,0.026945,-0.002121,-0.001089,-0.022440,-0.012748,-0.024214,-0.024160,0.343452,0.161780,-500.000000,0.000000,0.000000
4.504000,0.000000,0.000000,0.593700,0.000000,0.000000,0.000000,-0.022477,0.000000,0.264221,0.087754,0.466597,-0.260474,0.031589,-0.374087,-0.033260,0.126550,0.535096,-1.688890,0.388150,0.001777,-0.002816,-0.001846,-0.022431,-0.014593,-0.024994,-0.023523,0.327064,0.159604,0.000000,0.000000,0.000000
4.516000,0.000000,0.000000,0.593700,0.000000,0.000000,0.000000,-0.022475,0.000000,0.246760,0.090017,0.462084,-0.219417,0.019197,-0.386093,-0.050435,0.130951,0.535052,-1.508226,0.341295,-0.035683,-0.003057,-0.001887,-0.022420,-0.016429,-0.027195,-0.023370,0.313672,0.157821,0.000000,0.000000,0.000000
4.528000,0.000000,0.000000,0.593700,0.000000,0.000000,0.000000,-0.022472,0.000000,0.228757,0.092386,0.457307,-0.176005,0.008944,-0.410093,-0.068226,0.134831,0.534348,-1.424392,0.294451,-0.082930,-0.002486,-0.001544,-0.022426,-0.017146,-0.028455,-0.023820,0.304277,0.157324,0.000000,0.000000,0.000000
4.540000,0.000000,0.000000,0.593700,0.000000,0.000000,0.000000,-0.022470,0.000000,0.211677,0.094672,0.452242,-0.133504,0.004403,-0.434093,-0.085146,0.138217,0.533205,-1.346635,0.250540,-0.121077,-0.001849,-0.001155,-0.022434,-0.017017,-0.029431,-0.024485,0.298499,0.158086,0.000000,0.000000,0.000000
4.552000,0.000000,0.000000,0.593700,0.000000,0.000000,0.000000,-0.022468,0.000000,0.195639,0.096889,0.450000,-0.091416,0.002545,-0.458093,-0.101084,0.141108,0.531584,-1.258246,0.205842,-0.153406,-0.001741,-0.001081,-0.022431,-0.016466,-0.030490,-0.025172,0.296926,0.160073,0.000000,0.000000,0.000000
4.564000,0.000000,0.000000,0.593700,0.000000,0.000000,0.000000,-0.022465,0.000000,0.180779,0.099008,0.450000,-0.049265,0.001309,-0.482093,-0.115919,0.143402,0.529643,-1.156186,0.152389,-0.170979,-0.001846,-0.001133,-0.022423,-0.015517,-0.032081,-0.025749,0.300597,0.163357,0.000000,0.000000,0.000000
4.576000,0.000000,0.000000,0.593700,0.000000,0.000000,0.000000,-0.022463,0.000000,0.167256,0.100978,0.450000,-0.016282,0.000430,-0.500000,-0.129498,0.144991,0.527480,-1.043618,0.094509,-0.188431,-0.002047,-0.001242,-0.022408,-0.013381,-0.034664,-0.025743,0.311087,0.167929,0.000000,0.000000,0.000000
4.588000,0.000000,0.000000,0.593700,0.000000,0.000000,0.000000,-0.022461,0.000000,0.155171,0.102739,0.450000,-0.004109,0.000109,-0.500000,-0.141698,0.145967,0.525102,-0.929994,0.042438,-0.205599,-0.002311,-0.001384,-0.022385,-0.010247,-0.038391,-0.024667,0.329540,0.173504,0.000000,0.000000,0.000000
4.600000,0.000000,0.000000,0.593700,0.000000,0.000000,0.000000,-0.022459,0.000000,0.144459,0.104273,0.450000,-0.001022,0.000027,-0.500000,-0.152571,0.146386,0.522612,-0.834116,-0.004086,-0.210447,-0.002544,-0.001505,-0.022358,-0.007159,-0.042937,-0.022774,0.354270,0.179951,0.000000,0.000000,0.000000
4.612000,0.000000,0.000000,0.593700,0.000000,0.000000,0.000000,-0.022455,0.000000,0.134976,0.105591,0.450000,-0.000254,0.000007,-0.500000,-0.162260,0.146221,0.520196,-0.768701,-0.048734,-0.193993,-0.002484,-0.001465,-0.022343,-0.003931,-0.046682,-0.020362,0.380810,0.186811,0.000000,0.000000,0.000000
4.624000,0.000000,0.000000,0.593700,0.000000,0.000000,0.000000,-0.022431,0.000000,0.126343,0.106740,0.450000,-0.000063,0.000002,-0.500000,-0.171135,0.145553,0.518176,-0.731192,-0.084442,-0.153871,-0.002110,-0.001254,-0.022331,-0.000021,-0.046882,-0.017476,0.403614,0.193081,0.000000,0.000000,0.000000
4.634000,0.000000,0.000000,0.593700,0.000000,0.000000,0.000000,-0.022381,0.000000,0.119317,0.107635,0.450000,-0.000020,0.000001,-0.500000,-0.178353,0.144952,0.516829,-0.722066,-0.090227,-0.130731,-0.001935,-0.001153,-0.022292,0.001718,-0.044251,-0.015110,0.417008,0.196875,0.000000,0.000000,0.000000
4.646000,0.000000,0.000000,0.593700,0.000000,0.000000,0.000000,-0.022302,0.000000,0.110856,0.108663,0.450000,-0.000005,0.000000,-0.500000,-0.187060,0.143958,0.515292,-0.720047,-0.104001,-0.118511,0.001002,0.000611,-0.022342,0.002022,-0.039582,-0.012772,0.426169,0.199800,0.000000,0.000000,0.000000
4.658000,0.000000,0.000000,0.593700,0.000000,0.000000,0.000000,-0.022222,0.000000,0.102405,0.109628,0.450000,-0.000001,0.000000,-0.492476,-0.195755,0.142804,0.514046,-0.710521,-0.109095,-0.101596,0.001026,0.000622,-0.022258,0.001904,-0.034594,-0.010907,0.430064,0.200028,0.000000,0.000000,0.000000
4.670000,0.000000,0.000000,0.593700,0.000000,0.000000,0.000000,-0.022141,0.000000,0.094023,0.110525,0.450000,-0.000000,0.000000,-0.468533,-0.204374,0.141494,0.512955,-0.705451,-0.119666,-0.099761,0.001002,0.000601,-0.022171,0.000964,-0.029720,-0.009705,0.430818,0.198047,0.000000,0.000000,0.000000
4.682000,0.000000,0.000000,0.593700,0.000000,0.000000,0.000000,-0.022061,0.000000,0.085597,0.111362,0.450000,-0.000000,0.000000,-0.444533,-0.213026,0.140073,0.511739,-0.708913,-0.126786,-0.110820,0.000000,0.000000,-0.022061,0.000246,-0.025395,-0.009226,0.429699,0.194435,0.000000,0.000000,0.000000
4.694000,0.000000,0.000000,0.593700,0.000000,0.000000,0.000000,-0.021981,0.000000,0.077084,0.112140,0.450000,-0.000000,0.000000,-0.420533,-0.221759,0.138468,0.510445,-0.714713,-0.142285,-0.120066,0.000000,0.000000,-0.021981,-0.000010,-0.022034,-0.009394,0.427334,0.190227,0.000000,0.000000,0.000000
4.706000,0.000000,0.000000,0.593700,0.000000,0.000000,0.000000,-0.021901,0.000000,0.068491,0.112856,0.450000,-0.000000,0.000000,-0.396906,-0.230559,0.136705,0.508928,-0.720565,-0.160215,-0.144055,0.000000,0.000000,-0.021901,0.000400,-0.019716,-0.010204,0.424696,0.186328,0.000000,0.000000,0.000000
4.718000,0.000000,0.000000,0.593700,0.000000,0.000000,0.000000,-0.021821,0.000000,0.059830,0.113502,0.450000,-0.000000,0.000000,-0.401930,-0.239413,0.134798,0.507082,-0.723520,-0.185463,-0.171989,-0.000946,-0.000611,-0.021802,0.001205,-0.018515,-0.011512,0.421957,0.183329,0.000000,0.000000,0.000000
4.730000,0.000000,0.000000,0.593700,0.000000,0.000000,0.000000,-0.021740,0.000000,0.051226,0.114055,0.450000,-0.000000,0.000000,-0.425930,-0.248237,0.132007,0.505071,-0.707122,-0.235868,-0.152251,0.000688,-0.001240,-0.021747,0.005731,-0.018988,-0.013033,0.420593,0.181948,0.000000,0.000000,0.000000
4.742000,0.000000,0.000000,0.593700,0.000000,0.000000,0.000000,-0.021660,0.000000,0.042936,0.114499,0.450000,-0.000000,0.000000,-0.449930,-0.256690,0.129476,0.503089,-0.682538,-0.227231,-0.139548,-0.000389,-0.001343,-0.021639,0.010000,-0.019928,-0.014077,0.418892,0.181089,0.000000,0.000000,0.000000
4.754000,0.000000,0.000000,0.593700,0.000000,0.000000,0.000000,-0.021580,0.000000,0.035411,0.114832,0.450000,-0.000000,0.000000,-0.464844,-0.264349,0.126815,0.501807,-0.607261,-0.215136,-0.071544,-0.001670,-0.000387,-0.021544,0.006948,-0.019592,-0.015153,0.417267,0.179451,0.000000,0.000000,0.000000
4.766000,0.000000,0.000000,0.593700,0.000000,0.000000,0.000000,-0.021500,0.000000,0.028619,0.115066,0.450000,-0.000000,0.000000,-0.486981,-0.271241,0.124222,0.501095,-0.548132,-0.201163,-0.049532,0.000000,0.000000,-0.021500,0.005873,-0.017768,-0.016043,0.414858,0.177228,0.000000,0.000000,0.000000
4.778000,0.000000,0.000000,0.593700,0.000000,0.000000,0.000000,-0.021420,0.000000,0.022120,0.115231,0.450000,-0.000000,0.000000,-0.500000,-0.277809,0.121778,0.500457,-0.541623,-0.190652,-0.050465,0.000000,0.000000,-0.021420,0.005801,-0.016495,-0.016471,0.411609,0.175342,0.000000,0.000000,0.000000
4.790000,0.000000,0.000000,0.593700,0.000000,0.000000,0.000000,-0.021339,0.000000,0.016371,0.115330,0.450000,-0.000000,0.000000,-0.500000,-0.283602,0.119370,0.499863,-0.522270,-0.183209,-0.048589,0.000000,0.000000,-0.021339,0.006242,-0.015871,-0.016765,0.407204,0.173513,0.000000,0.000000,0.000000
4.802000,0.000000,0.000000,0.593700,0.000000,0.000000,0.000000,-0.021259,0.000000,0.012064,0.115368,0.450000,-0.000000,0.000000,-0.500000,-0.287932,0.117006,0.499385,-0.428276,-0.178806,-0.042925,0.000000,0.000000,-0.021259,0.007120,-0.015545,-0.017390,0.401961,0.171856,0.000000,0.000000,0.000000
4.814000,0.000000,0.000000,0.593700,0.000000,0.000000,0.000000,-0.021182,0.000000,0.008197,0.115373,0.450000,-0.000000,0.000000,-0.500000,-0.291803,0.114919,0.498881,-0.341658,-0.150602,-0.063651,0.000000,0.000000,-0.021182,0.007932,-0.015507,-0.017903,0.396922,0.170507,0.000000,0.000000,0.000000
4.826000,0.000000,0.000000,0.593700,0.000000,0.000000,0.000000,-0.021130,0.000000,0.004785,0.115357,0.450000,-0.000000,0.000000,-0.500000,-0.295208,0.113264,0.497945,-0.260448,-0.114806,-0.096046,0.000000,0.000000,-0.021130,0.008003,-0.015243,-0.018140,0.394051,0.170000,0.000000,0.000000,0.000000
4.838000,0.000000,0.000000,0.593700,0.000000,0.000000,0.000000,-0.021117,0.000000,0.002035,0.115331,0.450000,-0.000000,0.000000,-0.500000,-0.297946,0.111991,0.496670,-0.184111,-0.079116,-0.121261,0.000000,0.000000,-0.021117,0.007410,-0.015018,-0.018254,0.393966,0.170699,0.000000,0.000000,0.000000
4.850000,0.000000,0.000000,0.593700,0.000000,0.000000,0.000000,-0.021117,0.000000,0.000123,0.115307,0.450000,-0.000000,0.000000,-0.500000,-0.299848,0.111141,0.495119,-0.107828,-0.041101,-0.137733,0.000000,0.000000,-0.021117,0.006400,-0.015072,-0.018351,0.397835,0.172746,0.000000,0.000000,0.000000
4.862000,0.000000,0.000000,0.593700,0.000000,0.000000,0.000000,-0.021117,0.000000,-0.000868,0.115292,0.450000,-0.000000,0.000000,-0.500000,-0.300834,0.110742,0.493360,-0.031154,-0.002068,-0.147892,0.000000,0.000000,-0.021117,0.005087,-0.015350,-0.018392,0.406467,0.176175,0.000000,0.000000,0.000000
4.874000,0.000000,0.000000,0.593700,0.000000,0.000000,0.000000,-0.021117,0.000000,-0.001012,0.115290,0.450000,-0.000000,0.000000,-0.500000,-0.300896,0.110799,0.491525,0.041291,0.035448,-0.142523,0.000000,0.000000,-0.021117,0.003509,-0.015559,-0.018353,0.420268,0.180798,0.000000,0.000000,0.000000
4.884000,0.000000,0.000000,0.593700,0.000000,0.000000,0.000000,-0.021117,0.000000,-0.001012,0.115290,0.450000,-0.000000,-0.000000,-0.500000,-0.300336,0.111155,0.490122,0.088247,0.061356,-0.129200,0.000000,0.000000,-0.021117,0.002112,-0.015494,-0.018266,0.434784,0.185205,0.000000,0.000000,0.000000
4.896000,0.000000,0.000000,0.593700,0.000000,0.000000,0.000000,-0.021117,0.000000,-0.001012,0.115290,0.450000,-0.000000,-0.000000,-0.500000,-0.299080,0.111886,0.488663,0.133936,0.086130,-0.108943,0.000000,0.000000,-0.021117,0.000587,-0.015223,-0.018102,0.453920,0.190563,0.000000,0.000000,0.000000
4.908000,0.000000,0.000000,0.593700,0.000000,0.000000,0.000000,-0.021117,0.000000,-0.001012,0.115290,0.450000,-0.000000,0.000000,-0.500000,-0.297289,0.112890,0.487477,0.173090,0.105719,-0.087654,0.000000,0.000000,-0.021117,-0.000564,-0.014817,-0.017882,0.472585,0.195264,0.000000,0.000000,0.000000
4.920000,0.000000,0.000000,0.593700,0.000000,0.000000,0.000000,-0.021117,0.000000,-0.001012,0.115290,0.450000,-0.000000,0.000000,-0.500000,-0.295043,0.114123,0.486538,0.207310,0.121625,-0.069818,0.000000,0.000000,-0.021117,-0.001274,-0.014256,-0.017607,0.488267,0.198629,0.000000,0.000000,0.000000
4.932000,0.000000,0.000000,0.593700,0.000000,0.000000,0.000000,-0.021117,0.000000,-0.001012,0.115290,0.450000,-0.000000,-0.000000,-0.500000,-0.291645,0.115574,0.485835,0.287131,0.138106,-0.055219,0.000000,0.000000,-0.021117,-0.001584,-0.013492,-0.017279,0.499971,0.200242,0.000000,0.000000,0.000000
4.944000,0.000000,0.000000,0.593700,0.000000,0.000000,0.000000,-0.021117,0.000000,-0.001012,0.115290,0.450000,0.000000,0.000000,-0.488260,-0.288454,0.117188,0.485263,0.294257,0.146561,-0.048086,0.000000,0.000000,-0.021117,-0.001795,-0.012574,-0.016859,0.504408,0.199951,0.000000,0.000000,0.000000
4.956000,0.000000,0.000000,0.593700,0.000000,0.000000,0.000000,-0.021117,0.000000,-0.001012,0.115290,0.450000,0.000000,-0.000000,-0.464477,-0.285292,0.118907,0.484740,0.282770,0.153538,-0.050178,0.000000,0.000000,-0.021117,-0.001551,-0.011087,-0.016416,0.502634,0.198140,0.000000,0.000000,0.000000
4.968000,0.000000,0.000000,0.593700,0.000000,0.000000,0.000000,-0.021117,0.000000,-0.001012,0.115290,0.450000,-0.000000,-0.000000,-0.440477,-0.281553,0.120813,0.484118,0.327277,0.169717,-0.063867,0.000000,0.000000,-0.021117,-0.001440,-0.010707,-0.016009,0.495815,0.195558,0.000000,0.000000,0.000000
4.980000,0.000000,0.000000,0.593700,0.000000,0.000000,0.000000,-0.021117,0.000000,-0.001012,0.115290,0.450000,-0.000000,-0.000000,-0.416668,-0.277711,0.122933,0.483321,0.342453,0.187725,-0.079449,0.000000,0.000000,-0.021117,-0.002141,-0.010616,-0.015502,0.487126,0.192768,0.000000,0.000000,0.000000
4.992000,0.000000,0.000000,0.593700,0.000000,0.000000,0.000000,-0.021117,0.000000,-0.001012,0.115290,0.450000,0.000000,0.000000,-0.407113,-0.273556,0.125251,0.482292,0.368945,0.208805,-0.101256,0.000000,0.000000,-0.021117,-0.003325,-0.010986,-0.014982,0.477782,0.190164,0.000000,0.000000,0.000000
5.004000,0.000000,0.000000,0.593700,0.000000,0.000000,0.000000,-0.021117,0.000000,-0.001012,0.115290,0.450000,0.000000,0.000000,-0.424307,-0.268947,0.127839,0.480986,0.405052,0.235129,-0.124901,0.000000,0.000000,-0.021117,-0.005095,-0.011909,-0.014489,0.469961,0.188113,0.000000,0.000000,0.000000
5.016000,0.000000,0.000000,0.593700,0.000000,0.000000,0.000000,-0.021117,0.000000,-0.001012,0.115290,0.450000,0.000000,0.000000,-0.448307,-0.263786,0.130604,0.479414,0.442975,0.255777,-0.143362,0.000000,0.000000,-0.021117,-0.006916,-0.012918,-0.014087,0.465014,0.186504,0.000000,0.000000,0.000000
5.028000,0.000000,0.000000,0.593700,0.000000,0.000000,0.000000,-0.021117,0.000000,-0.001012,0.115290,0.450000,-0.000000,-0.000000,-0.468062,-0.258241,0.134124,0.477775,0.471179,0.285425,-0.115445,-0.002172,-0.000600,-0.021093,-0.011307,-0.013704,-0.013933,0.467322,0.189955,0.000000,0.000000,0.000000
5.040000,0.000000,0.000000,0.593700,0.000000,0.000000,0.000000,-0.021117,0.000000,-0.001012,0.115290,0.450000,-0.000000,-0.000000,-0.446026,-0.252508,0.137472,0.476397,0.483408,0.285022,-0.098262,-0.002083,-0.000314,-0.021091,-0.015660,-0.014483,-0.013759,0.469713,0.193575,0.000000,0.000000,0.000000
5.052000,0.000000,0.000000,0.593700,0.000000,0.000000,0.000000,-0.021117,0.000000,-0.001012,0.115290,0.450000,-0.000000,-0.000000,-0.422026,-0.246640,0.140315,0.475342,0.512342,0.250014,-0.065196,0.000000,0.000000,-0.021117,-0.014258,-0.014929,-0.013681,0.471978,0.195368,0.000000,0.000000,0.000000
5.064000,0.000000,0.000000,0.593700,0.000000,0.000000,0.000000,-0.021117,0.000000,-0.001012,0.115290,0.450000,-0.000000,-0.000000,-0.408917,-0.240194,0.143196,0.474628,0.556948,0.211844,-0.046627,0.000000,0.000000,-0.021117,-0.012286,-0.013842,-0.014077,0.476522,0.192149,0.000000,0.000000,0.000000
5.076000,0.000000,0.000000,0.593700,0.000000,0.000000,0.000000,-0.021117,0.000000,-0.001012,0.115290,0.450000,0.000000,-0.000000,-0.432917,-0.233061,0.145617,0.474084,0.614862,0.173609,-0.047673,-0.001127,-0.000056,-0.021103,-0.011244,-0.012548,-0.014798,0.482762,0.189374,0.000000,0.000000,0.000000
5.088000,0.000000,0.000000,0.593700,0.000000,0.000000,0.000000,-0.021117,0.000000,-0.001012,0.115290,0.450000,-0.000000,-0.000000,-0.456917,-0.225514,0.147739,0.473476,0.667658,0.142530,-0.055700,-0.001385,-0.000044,-0.021101,-0.010425,-0.011516,-0.015704,0.490741,0.186849,0.000000,0.000000,0.000000
5.100000,0.000000,0.000000,0.593700,0.000000,0.000000,0.000000,-0.021117,0.000000,-0.001012,0.115290,0.450000,0.000000,0.000000,-0.480917,-0.217930,0.149577,0.472804,0.688738,0.112845,-0.056676,-0.001567,0.000043,-0.021099,-0.009410,-0.010790,-0.016407,0.499221,0.184671,0.000000,0.000000,0.000000
5.112000,0.000000,0.000000,0.593700,0.000000,0.000000,0.000000,-0.021117,0.000000,-0.001012,0.115290,0.450000,0.000000,-0.000000,-0.500000,-0.209893,0.151202,0.472207,0.688473,0.100290,-0.063582,-0.001195,0.000276,-0.021104,-0.009314,-0.008942,-0.017010,0.491027,0.182645,0.000000,0.000000,0.000000
5.124000,0.000000,0.000000,0.593700,0.000000,0.000000,0.000000,-0.021117,0.000000,-0.001012,0.115290,0.450000,0.000000,0.000000,-0.500000,-0.201778,0.152402,0.471336,0.682101,0.082394,-0.085589,-0.001067,0.000341,-0.021106,-0.008768,-0.007062,-0.017620,0.485589,0.181483,0.000000,0.000000,0.000000
5.134000,0.000000,0.000000,0.593700,0.000000,0.000000,0.000000,-0.021117,0.000000,-0.001012,0.115290,0.450000,-0.000000,-0.000000,-0.500000,-0.194980,0.153231,0.470420,0.677352,0.069411,-0.099962,-0.001090,0.000317,-0.021108,-0.008097,-0.005926,-0.018150,0.483419,0.181452,0.000000,0.000000,0.000000
5.146000,0.000000,0.000000,0.593700,0.000000,0.000000,0.000000,-0.021117,0.000000,-0.001012,0.115290,0.450000,-0.000000,-0.000000,-0.493036,-0.186843,0.154057,0.469119,0.669810,0.056079,-0.109608,-0.001038,0.000324,-0.021109,-0.007279,-0.004883,-0.018779,0.484662,0.182867,0.000000,0.000000,0.000000
5.158000,0.000000,0.000000,0.593700,0.000000,0.000000,0.000000,-0.021117,0.000000,-0.001012,0.115290,0.450000,-0.000000,-0.000000,-0.472564,-0.178803,0.154718,0.467759,0.656469,0.044723,-0.106311,0.000000,0.000000,-0.021117,-0.006570,-0.003920,-0.019385,0.491040,0.186076,0.000000,0.000000,0.000000
5.170000,0.000000,0.000000,0.593700,0.000000,0.000000,0.000000,-0.021117,0.000000,-0.001012,0.115290,0.450000,0.000000,0.000000,-0.448564,-0.170933,0.155277,0.466500,0.639179,0.038833,-0.091593,0.000000,0.000000,-0.021117,-0.005992,-0.002959,-0.019966,0.502900,0.191035,0.000000,0.000000,0.000000
5.182000,0.000000,0.000000,0.593700,0.000000,0.000000,0.000000,-0.021117,0.000000,-0.001012,0.115290,0.450000,-0.000000,-0.000000,-0.424564,-0.163250,0.155754,0.465484,0.623944,0.035112,-0.068835,0.000000,0.000000,-0.021117,-0.005717,-0.002039,-0.020508,0.518966,0.197434,0.000000,0.000000,0.000000
5.194000,0.000000,0.000000,0.593700,0.000000,0.000000,0.000000,-0.021117,0.000000,-0.001012,0.115290,0.450000,-0.000000,-0.000000,-0.400564,-0.155721,0.156190,0.464782,0.613332,0.034615,-0.044277,0.000000,0.000000,-0.021117,-0.005722,-0.001235,-0.020965,0.536167,0.204527,0.000000,0.000000,0.000000
5.206000,0.000000,0.000000,0.593700,0.000000,0.000000,0.000000,-0.021117,0.000000,-0.001012,0.115290,0.450000,0.000000,0.000000,-0.376564,-0.148288,0.156619,0.464340,0.608624,0.036720,-0.024307,0.000000,0.000000,-0.021117,-0.005953,-0.000568,-0.021383,0.550635,0.211379,0.000000,0.000000,0.000000
5.218000,0.000000,0.000000,0.593700,0.000000,0.000000,0.000000,-0.021117,0.000000,-0.001012,0.115290,0.450000,0.000000,0.000000,-0.352564,-0.140912,0.157070,0.464165,0.604613,0.041239,-0.007088,0.000000,0.000000,-0.021117,-0.006310,0.000025,-0.021775,0.559021,0.217084,0.000000,0.000000,0.000000
5.230000,0.000000,0.000000,0.593700,0.000000,0.000000,0.000000,-0.021117,0.000000,-0.001012,0.115290,0.450000,-0.000000,0.000000,-0.328564,-0.133602,0.157569,0.464229,0.600861,0.047338,0.005687,0.000000,0.000000,-0.021117,-0.006684,0.000472,-0.022148,0.560144,0.221071,0.000000,0.000000,0.000000
5.242000,0.000000,0.000000,0.593700,0.000000,0.000000,0.000000,-0.021117,0.000000,-0.001012,0.115290,0.450000,-0.000000,-0.000000,-0.304564,-0.126335,0.158133,0.464353,0.600252,0.053943,0.006367,0.000000,0.000000,-0.021117,-0.006935,0.000648,-0.022460,0.554661,0.218378,0.000000,0.000000,0.000000
5.254000,0.000000,0.000000,0.593700,0.000000,0.000000,0.000000,-0.021117,0.000000,-0.001012,0.115290,0.450000,0.000000,0.000000,-0.280564,-0.119121,0.158767,0.464513,0.594922,0.060958,0.003417,0.000000,0.000000,-0.021117,-0.006911,0.000603,-0.022742,0.544818,0.212900,0.000000,0.000000,0.000000
5.266000,0.000000,0.000000,0.593700,0.000000,0.000000,0.000000,-0.021117,0.000000,-0.001012,0.115290,0.450000,-0.000000,-0.000000,-0.256564,-0.111976,0.159486,0.464517,0.591908,0.068094,-0.008276,0.000000,0.000000,-0.021117,-0.006554,0.000263,-0.023070,0.533052,0.205936,0.000000,0.000000,0.000000
5.278000,0.000000,0.000000,0.593700,0.000000,0.000000,0.000000,-0.021117,0.000000,-0.001012,0.115290,0.450000,0.000000,0.000000,-0.232564,-0.104890,0.160301,0.464451,0.585554,0.076418,-0.019913,0.000000,0.000000,-0.021117,-0.005873,-0.000245,-0.023374,0.521058,0.198322,0.000000,0.000000,0.000000
5.290000,0.000000,0.000000,0.593700,0.000000,0.000000,0.000000,-0.021117,0.000000,-0.001012,0.115290,0.450000,-0.000000,-0.000000,-0.208564,-0.097887,0.161237,0.464171,0.579205,0.086131,-0.035100,0.000000,0.000000,-0.021117,-0.005057,-0.000825,-0.023602,0.510478,0.191211,0.000000,0.000000,0.000000
5.302000,0.000000,0.000000,0.593700,0.000000,0.000000,0.000000,-0.021117,0.000000,-0.001012,0.115290,0.450000,-0.000000,-0.000000,-0.184564,-0.090977,0.162314,0.463650,0.572350,0.097285,-0.054752,0.000000,0.000000,-0.021117,-0.004307,-0.001384,-0.023744,0.502196,0.185623,0.000000,0.000000,0.000000
5.314000,0.000000,0.000000,0.593700,0.000000,0.000000,0.000000,-0.021117,0.000000,-0.001012,0.115290,0.450000,0.000000,0.000000,-0.160564,-0.084130,0.163501,0.462929,0.558926,0.108540,-0.074597,-0.001075,0.000331,-0.021113,-0.003786,-0.001897,-0.023907,0.487096,0.181936,0.000000,0.000000,0.000000
5.326000,0.000000,0.000000,0.593700,0.000000,0.000000,0.000000,-0.021117,0.000000,-0.001012,0.115290,0.450000,0.000000,-0.000000,-0.136564,-0.077242,0.165113,0.462143,0.568699,0.122910,-0.038772,-0.001705,0.000702,-0.021110,-0.005948,-0.002053,-0.024074,0.488747,0.183450,0.000000,0.000000,0.000000
5.338000,0.000000,0.000000,0.593700,0.000000,0.000000,0.000000,-0.021117,0.000000,-0.001012,0.115290,0.450000,-0.000000,-0.000000,-0.112564,-0.070380,0.166657,0.461715,0.564215,0.134027,-0.026677,-0.001109,0.000428,-0.021111,-0.007432,-0.002025,-0.024288,0.490690,0.184727,0.000000,0.000000,0.000000
5.350000,0.000000,0.000000,0.593700,0.000000,0.000000,0.000000,-0.021117,0.000000,-0.001012,0.115290,0.450000,0.000000,-0.000000,-0.088564,-0.063626,0.168039,0.461372,0.539164,0.118746,-0.007880,0.000000,0.000000,-0.021117,-0.007370,-0.001622,-0.024252,0.487309,0.186047,0.000000,0.000000,0.000000
5.362000,0.000000,0.000000,0.593700,0.000000,0.000000,0.000000,-0.021117,0.000000,-0.001012,0.115290,0.450000,0.000000,-0.000000,-0.074122,-0.057541,0.169355,0.461470,0.479047,0.082759,0.029330,-0.001190,0.000223,-0.021112,-0.006415,-0.002456,-0.023961,0.484095,0.187760,0.000000,0.000000,0.000000
5.374000,0.000000,0.000000,0.593700,0.000000,0.000000,0.000000,-0.021117,0.000000,-0.001012,0.115290,0.450000,-0.000000,-0.000000,-0.098122,-0.051939,0.170263,0.461872,0.451248,0.050413,0.034687,-0.001696,0.000284,-0.021110,-0.006487,-0.003195,-0.023520,0.480113,0.188901,0.000000,0.000000,0.000000
5.386000,0.000000,0.000000,0.593700,0.000000,0.000000,0.000000,-0.021117,0.000000,-0.001012,0.115290,0.450000,-0.000000,-0.000000,-0.122122,-0.046761,0.170892,0.462344,0.439931,0.025946,0.034242,-0.001821,0.000391,-0.021108,-0.006881,-0.003511,-0.023046,0.475779,0.189638,0.000000,0.000000,0.000000
5.398000,0.000000,0.000000,0.593700,0.000000,0.000000,0.000000,-0.021117,0.000000,-0.001012,0.115290,0.450000,-0.000000,0.000000,-0.146122,-0.042708,0.171362,0.462786,0.384640,0.008287,0.031239,-0.001689,0.000474,-0.021107,-0.007384,-0.003575,-0.022586,0.470879,0.190052,0.000000,0.000000,0.000000
5.408000,0.000000,0.000000,0.593700,0.000000,0.000000,0.000000,-0.021117,0.000000,-0.001012,0.115290,0.450000,-0.000000,0.000000,-0.166122,-0.039893,0.171509,0.463222,0.323265,-0.008257,0.023157,-0.001351,0.000426,-0.021109,-0.007491,-0.003470,-0.022181,0.466676,0.190113,0.000000,0.000000,0.000000
5.420000,0.000000,0.000000,0.593700,0.000000,0.000000,0.000000,-0.021117,0.000000,-0.001012,0.115290,0.450000,-0.000000,-0.000000,-0.190122,-0.036915,0.171436,0.463451,0.255696,-0.027630,-0.006796,-0.001034,0.000250,-0.021111,-0.007193,-0.003435,-0.021698,0.463477,0.190061,0.000000,0.000000,0.000000
5.432000,0.000000,0.000000,0.593700,0.000000,0.000000,0.000000,-0.021117,0.000000,-0.001012,0.115290,0.450000,-0.000000,-0.000000,-0.207399,-0.035725,0.171161,0.463187,0.127463,-0.038706,-0.042197,-0.001093,0.000286,-0.021111,-0.006680,-0.003457,-0.021275,0.463327,0.190313,0.000000,0.000000,0.000000
5.444000,0.000000,0.000000,0.593700,0.000000,0.000000,0.000000,-0.021117,0.000000,-0.001012,0.115290,0.450000,0.000000,0.000000,-0.188821,-0.033822,0.170727,0.462539,0.106725,-0.043390,-0.064139,0.000000,0.000000,-0.021117,-0.006147,-0.003419,-0.020786,0.468276,0.191440,0.000000,0.000000,0.000000
5.456000,0.000000,0.000000,0.593700,0.000000,0.000000,0.000000,-0.021117,0.000000,-0.001012,0.115290,0.450000,0.000000,0.000000,-0.164821,-0.032145,0.170233,0.461708,0.101443,-0.047521,-0.069813,0.000000,0.000000,-0.021117,-0.005572,-0.003455,-0.020393,0.478158,0.193803,0.000000,0.000000,0.000000
5.468000,0.000000,0.000000,0.593700,0.000000,0.000000,0.000000,-0.021117,0.000000,-0.001012,0.115290,0.450000,0.000000,0.000000,-0.140821,-0.030702,0.169671,0.460850,0.092671,-0.052439,-0.063794,0.000000,0.000000,-0.021117,-0.005056,-0.003395,-0.020115,0.492803,0.197451,0.000000,0.000000,0.000000
5.480000,0.000000,0.000000,0.593700,0.000000,0.000000,0.000000,-0.021117,0.000000,-0.001012,0.115290,0.450000,0.000000,0.000000,-0.116821,-0.029475,0.169044,0.460095,0.081945,-0.057394,-0.049804,0.000000,0.000000,-0.021117,-0.004577,-0.003147,-0.019908,0.511416,0.202207,0.000000,0.000000,0.000000
5.492000,0.000000,0.000000,0.593700,0.000000,0.000000,0.000000,-0.021117,0.000000,-0.001012,0.115290,0.450000,0.000000,0.000000,-0.092821,-0.028414,0.168352,0.459569,0.073892,-0.062493,-0.028727,0.000000,0.000000,-0.021117,-0.004116,-0.002735,-0.019758,0.532002,0.207500,0.000000,0.000000,0.000000
5.504000,0.000000,0.000000,0.593700,0.000000,0.000000,0.000000,-0.021117,0.000000,-0.001012,0.115290,0.450000,0.000000,-0.000000,-0.068821,-0.027447,0.167596,0.459335,0.070916,-0.067968,-0.007059,0.000000,0.000000,-0.021117,-0.003657,-0.002215,-0.019673,0.551537,0.212515,0.000000,0.000000,0.000000
5.516000,0.000000,0.000000,0.593700,0.000000,0.000000,0.000000,-0.021117,0.000000,-0.001012,0.115290,0.450000,0.000000,0.000000,-0.044821,-0.026516,0.166769,0.459365,0.070941,-0.074100,0.010765,0.000000,0.000000,-0.021117,-0.003192,-0.001602,-0.019647,0.566912,0.216424,0.000000,0.000000,0.000000
5.528000,0.000000,0.000000,0.593700,0.000000,0.000000,0.000000,-0.021117,0.000000,-0.001012,0.115290,0.450000,0.000000,0.000000,-0.020821,-0.025592,0.165867,0.459607,0.072731,-0.080870,0.023116,0.000000,0.000000,-0.021117,-0.002717,-0.000950,-0.019671,0.575929,0.218594,0.000000,0.000000,0.000000
5.540000,0.000000,0.000000,0.593700,0.000000,0.000000,0.000000,-0.021117,0.000000,-0.001012,0.115290,0.450002,0.000000,0.000000,0.003179,-0.024659,0.164888,0.459981,0.075476,-0.087953,0.028406,0.000000,0.000000,-0.021117,-0.002262,-0.000348,-0.019722,0.577862,0.218777,0.000000,0.000000,0.000000
5.552000,0.000000,0.000000,0.593700,0.000000,0.000000,0.000000,-0.021117,0.000000,-0.001012,0.115290,0.450185,0.000000,0.000000,0.027179,-0.023710,0.163829,0.460386,0.078245,-0.095135,0.026227,0.000000,0.000000,-0.021117,-0.001887,0.000105,-0.019777,0.573598,0.217129,0.000000,0.000000,0.000000
5.564000,0.000000,0.000000,0.593700,0.000000,0.000000,0.000000,-0.021117,0.000000,-0.001012,0.115290,0.450655,-0.000000,-0.000000,0.051179,-0.022745,0.162690,0.460743,0.080908,-0.102084,0.018543,0.000000,0.000000,-0.021117,-0.001659,0.000310,-0.019821,0.565118,0.214122,0.000000,0.000000,0.000000
5.576000,0.000000,0.000000,0.593700,0.000000,0.000000,0.000000,-0.021117,0.000000,-0.001012,0.115290,0.451413,-0.000000,-0.000000,0.075179,-0.021761,0.161472,0.460981,0.083262,-0.108731,0.006520,0.000000,0.000000,-0.021117,-0.001628,0.000222,-0.019844,0.554735,0.210370,0.000000,0.000000,0.000000
5.588000,0.000000,0.000000,0.593700,0.000000,0.000000,0.000000,-0.021117,0.000000,-0.001012,0.115290,0.452459,0.000000,0.000000,0.099179,-0.020758,0.160173,0.461026,0.085784,-0.115269,-0.009612,0.000000,0.000000,-0.021117,-0.001784,-0.000141,-0.019860,0.544487,0.206457,0.000000,0.000000,0.000000
5.600000,0.000000,0.000000,0.593700,0.000000,0.000000,0.000000,-0.021117,0.000000,-0.001012,0.115290,0.453793,-0.000000,0.000000,0.123179,-0.019726,0.158785,0.460860,0.087721,-0.122449,-0.024062,0.000000,0.000000,-0.021117,-0.002042,-0.000633,-0.019882,0.528798,0.202834,0.000000,0.000000,0.000000
5.612000,0.000000,0.000000,0.593700,0.000000,0.000000,0.000000,-0.021117,0.000000,-0.001012,0.115290,0.455415,-0.000000,0.000000,0.146922,-0.018685,0.157297,0.460501,0.088802,-0.130442,-0.037481,0.000000,0.000000,-0.021117,-0.002269,-0.001138,-0.019906,0.515456,0.199744,0.000000,0.000000,0.000000
5.624000,0.000000,0.000000,0.593700,0.000000,0.000000,0.000000,-0.021117,0.000000,-0.001012,0.115290,0.457256,-0.000000,-0.000000,0.157416,-0.017596,0.155572,0.460031,0.095591,-0.140909,-0.008831,0.000000,0.000000,-0.021117,-0.001188,-0.001383,-0.019784,0.511957,0.197715,0.000000,0.000000,0.000000
5.636000,0.000000,0.000000,0.593700,0.000000,0.000000,0.000000,-0.021117,0.000000,-0.001012,0.115290,0.459159,-0.000000,0.000000,0.159146,-0.016394,0.153858,0.459958,0.102421,-0.150690,0.008101,0.000000,0.000000,-0.021117,-0.000685,-0.001508,-0.019722,0.510801,0.196079,0.000000,0.000000,0.000000
5.648000,0.000000,0.000000,0.593700,0.000000,0.000000,0.000000,-0.021117,0.000000,-0.001012,0.115290,0.461067,0.000000,0.000000,0.158632,-0.015089,0.152151,0.460118,0.105867,-0.147928,0.024918,0.000000,0.000000,-0.021117,-0.000210,-0.001386,-0.019774,0.511160,0.194579,0.000000,0.000000,0.000000
5.658000,0.000000,0.000000,0.593700,0.000000,0.000000,0.000000,-0.021117,0.000000,-0.001012,0.115290,0.462649,0.000000,0.000000,0.157743,-0.014106,0.150694,0.460412,0.089833,-0.140187,0.042508,0.000000,0.000000,-0.021117,-0.000602,-0.001366,-0.019938,0.511401,0.192973,0.000000,0.000000,0.000000
5.670000,0.000000,0.000000,0.593700,0.000000,0.000000,0.000000,-0.021117,0.000000,-0.001012,0.115290,0.464535,0.000000,0.000000,0.156532,-0.013102,0.149041,0.460979,0.074356,-0.129833,0.053450,0.000000,0.000000,-0.021117,-0.000728,-0.001335,-0.020135,0.511765,0.191059,0.000000,0.000000,0.000000
5.682000,0.000000,0.000000,0.593700,0.000000,0.000000,0.000000,-0.021117,0.000000,-0.001012,0.115290,0.466406,-0.000000,-0.000000,0.155283,-0.012244,0.147498,0.461654,0.066409,-0.120945,0.059258,0.000000,0.000000,-0.021117,-0.000635,-0.001136,-0.020311,0.512121,0.189248,0.000000,0.000000,0.000000
5.694000,0.000000,0.000000,0.593700,0.000000,0.000000,0.000000,-0.021117,0.000000,-0.001012,0.115290,0.468262,-0.000000,-0.000000,0.154032,-0.011603,0.146028,0.462398,0.057984,-0.114124,0.067124,0.000000,0.000000,-0.021117,-0.000424,-0.000840,-0.020459,0.512393,0.187513,0.000000,0.000000,0.000000
5.706000,0.000000,0.000000,0.593700,0.000000,0.000000,0.000000,-0.021117,0.000000,-0.001012,0.115290,0.470102,-0.000000,-0.000000,0.152788,-0.011223,0.144604,0.463232,0.043997,-0.107531,0.066667,0.000000,0.000000,-0.021117,0.000029,-0.000564,-0.020582,0.512526,0.185800,0.000000,0.000000,0.000000
5.718000,0.000000,0.000000,0.593700,0.000000,0.000000,0.000000,-0.021117,0.000000,-0.001012,0.115290,0.471929,0.000000,0.000000,0.151553,-0.010954,0.143353,0.463904,0.030977,-0.096776,0.047097,0.000000,0.000000,-0.021117,0.000390,-0.000498,-0.020693,0.512857,0.184517,0.000000,0.000000,0.000000
5.730000,0.000000,0.000000,0.593700,0.000000,0.000000,0.000000,-0.021117,0.000000,-0.001012,0.115290,0.473740,0.000000,0.000000,0.150328,-0.010717,0.142210,0.464241,0.019881,-0.088879,0.025324,0.000000,0.000000,-0.021117,0.000433,-0.000498,-0.020867,0.513925,0.184015,0.000000,0.000000,0.000000
5.742000,0.000000,0.000000,0.593700,0.000000,0.000000,0.000000,-0.021117,0.000000,-0.001012,0.115290,0.475536,0.000000,-0.000000,0.149113,-0.010527,0.141140,0.464359,0.011309,-0.083016,0.014757,0.000000,0.000000,-0.021117,0.000465,-0.000537,-0.021103,0.516504,0.184576,0.000000,0.000000,0.000000
5.754000,0.000000,0.000000,0.593700,0.000000,0.000000,0.000000,-0.021117,0.000000,-0.001012,0.115290,0.477319,-0.000000,-0.000000,0.147908,-0.010383,0.140135,0.464425,0.007430,-0.078437,0.016039,0.000000,0.000000,-0.021117,0.000666,-0.000659,-0.021357,0.521653,0.186457,0.000000,0.000000,0.000000
5.766000,0.000000,0.000000,0.593700,0.000000,0.000000,0.000000,-0.021117,0.000000,-0.001012,0.115290,0.479086,-0.000000,0.000000,0.146712,-0.010267,0.139189,0.464569,0.006290,-0.074676,0.028028,0.000000,0.000000,-0.021117,0.001067,-0.000855,-0.021606,0.530250,0.189856,0.000000,0.000000,0.000000
5.778000,0.000000,0.000000,0.593700,0.000000,0.000000,0.000000,-0.021117,0.000000,-0.001012,0.115290,0.480840,0.000000,0.000000,0.145526,-0.010164,0.138300,0.464917,0.005678,-0.071543,0.048117,0.000000,0.000000,-0.021117,0.001580,-0.001049,-0.021829,0.542313,0.194771,0.000000,0.000000,0.000000
5.790000,0.000000,0.000000,0.593700,0.000000,0.000000,0.000000,-0.021117,0.000000,-0.001012,0.115290,0.482579,-0.000000,0.000000,0.144350,-0.010071,0.137461,0.465555,0.004755,-0.068983,0.072371,0.000000,0.000000,-0.021117,0.002044,-0.001149,-0.022010,0.556485,0.200883,0.000000,0.000000,0.000000
5.802000,0.000000,0.000000,0.593700,0.000000,0.000000,0.000000,-0.021117,0.000000,-0.001012,0.115290,0.484304,-0.000000,-0.000000,0.143183,-0.009986,0.136662,0.466515,0.004289,-0.066834,0.096621,0.000000,0.000000,-0.021117,0.002291,-0.001093,-0.022139,0.570178,0.207544,0.000000,0.000000,0.000000
5.814000,0.000000,0.000000,0.593700,0.000000,0.000000,0.000000,-0.021117,0.000000,-0.001012,0.115290,0.486015,-0.000000,0.000000,0.142025,-0.009890,0.135894,0.467779,0.005589,-0.064724,0.117370,0.000000,0.000000,-0.021117,0.002190,-0.000855,-0.022217,0.580382,0.213872,0.000000,0.000000,0.000000
5.826000,0.000000,0.000000,0.593700,0.000000,0.000000,0.000000,-0.021117,0.000000,-0.001012,0.115290,0.487712,0.000000,0.000000,0.140806,-0.009760,0.135151,0.469288,0.009102,-0.062301,0.132238,0.000000,0.000000,-0.021117,0.001686,-0.000429,-0.022258,0.584681,0.218939,0.000000,0.000000,0.000000
5.838000,0.000000,0.000000,0.593700,0.000000,0.000000,0.000000,-0.021117,0.000000,-0.001012,0.115290,0.489393,-0.000000,0.000000,0.139155,-0.009579,0.134428,0.470957,0.014119,-0.059638,0.140038,0.000000,0.000000,-0.021117,0.000824,0.000156,-0.022288,0.581994,0.221993,0.000000,0.000000,0.000000
5.850000,0.000000,0.000000,0.593700,0.000000,0.000000,0.000000,-0.021117,0.000000,-0.001012,0.115290,0.491050,-0.000000,-0.000000,0.137072,-0.009345,0.133721,0.472694,0.019148,-0.057234,0.140647,0.000000,0.000000,-0.021117,-0.000252,0.000827,-0.022325,0.572775,0.217006,0.000000,0.000000,0.000000
5.862000,0.000000,0.000000,0.593700,0.000000,0.000000,0.000000,-0.021117,0.000000,-0.001012,0.115290,0.492682,-0.000000,-0.000000,0.134914,-0.009074,0.133022,0.474408,0.022835,-0.055733,0.134651,0.000000,0.000000,-0.021117,-0.001338,0.001465,-0.022380,0.558704,0.210512,0.000000,0.000000,0.000000
5.874000,0.000000,0.000000,0.593700,0.000000,0.000000,0.000000,-0.021117,0.000000,-0.001012,0.115290,0.494288,-0.000000,-0.000000,0.132773,-0.008791,0.132322,0.476015,0.024258,-0.055545,0.123341,0.000000,0.000000,-0.021117,-0.002241,0.001945,-0.022448,0.542123,0.203846,0.000000,0.000000,0.000000
5.886000,0.000000,0.000000,0.593700,0.000000,0.000000,0.000000,-0.021117,0.000000,-0.001012,0.115290,0.495869,-0.000000,0.000000,0.130662,-0.008525,0.131614,0.477454,0.023122,-0.056760,0.108401,0.000000,0.000000,-0.021117,-0.002831,0.002180,-0.022515,0.525406,0.197750,0.000000,0.000000,0.000000
5.898000,0.000000,0.000000,0.593700,0.000000,0.000000,0.000000,-0.021117,0.000000,-0.001012,0.115290,0.497424,-0.000000,-0.000000,0.128585,-0.008301,0.130886,0.478682,0.019862,-0.059302,0.091785,0.000000,0.000000,-0.021117,-0.003058,0.002130,-0.022563,0.510456,0.192774,0.000000,0.000000,0.000000
5.908000,0.000000,0.000000,0.593700,0.000000,0.000000,0.000000,-0.021117,0.000000,-0.001012,0.115290,0.498702,-0.000000,-0.000000,0.126879,-0.008158,0.130259,0.479542,0.015965,-0.062221,0.078409,0.000000,0.000000,-0.021117,-0.002976,0.001878,-0.022582,0.500177,0.189694,0.000000,0.000000,0.000000
5.920000,0.000000,0.000000,0.593700,0.000000,0.000000,0.000000,-0.021117,0.000000,-0.001012,0.115290,0.500212,0.000000,-0.000000,0.124862,-0.008048,0.129466,0.480388,0.004618,-0.066933,0.059318,0.000000,0.000000,-0.021117,-0.002580,0.001340,-0.022594,0.490756,0.187328,0.000000,0.000000,0.000000
5.932000,0.000000,0.000000,0.593700,0.000000,0.000000,0.000000,-0.021117,0.000000,-0.001012,0.115290,0.501699,-0.000000,0.000000,0.122876,-0.007975,0.128707,0.481193,0.010455,-0.064758,0.090727,0.000000,0.000000,-0.021117,-0.002400,0.000678,-0.022573,0.487937,0.187438,0.000000,0.000000,0.000000
5.944000,0.000000,0.000000,0.593700,0.000000,0.000000,0.000000,-0.021117,0.000000,-0.001012,0.115290,0.503161,-0.000000,-0.000000,0.120923,-0.007833,0.127908,0.482285,0.011175,-0.065773,0.102987,0.000000,0.000000,-0.021117,-0.002099,0.000199,-0.022515,0.486077,0.187800,0.000000,0.000000,0.000000
5.956000,0.000000,0.000000,0.593700,0.000000,0.000000,0.000000,-0.021117,0.000000,-0.001012,0.115290,0.504601,-0.000000,0.000000,0.119000,-0.007676,0.127170,0.483584,0.009883,-0.057158,0.122295,0.000000,0.000000,-0.021117,-0.001791,0.000244,-0.022412,0.484414,0.187929,0.000000,0.000000,0.000000
5.968000,0.000000,0.000000,0.593700,0.000000,0.000000,0.000000,-0.021117,0.000000,-0.001012,0.115290,0.506017,-0.000000,-0.000000,0.117108,-0.007558,0.126512,0.485085,0.008452,-0.049982,0.128978,0.000000,0.000000,-0.021117,-0.001484,0.000391,-0.022301,0.482592,0.187945,0.000000,0.000000,0.000000
5.980000,0.000000,0.000000,0.593700,0.000000,0.000000,0.000000,-0.021117,0.000000,-0.001012,0.115290,0.507412,0.000000,0.000000,0.115246,-0.007446,0.125928,0.486659,0.007935,-0.044264,0.129717,0.000000,0.000000,-0.021117,-0.001206,0.000463,-0.022189,0.480861,0.187897,0.000000,0.000000,0.000000
5.992000,0.000000,0.000000,0.593700,0.000000,0.000000,0.000000,-0.021117,0.000000,-0.001012,0.115290,0.508783,-0.000000,-0.000000,0.113414,-0.007272,0.125390,0.488279,0.012410,-0.040128,0.131997,0.000000,0.000000,-0.021117,-0.000960,0.000482,-0.022080,0.479298,0.187793,0.000000,0.000000,0.000000
6.004000,0.000000,0.000000,0.593700,0.000000,0.000000,0.000000,-0.021117,0.000000,-0.001012,0.115290,0.510134,0.000000,0.000000,0.111611,-0.007101,0.124870,0.489935,0.016064,-0.038203,0.128514,0.000000,0.000000,-0.021117,-0.000725,0.000472,-0.021983,0.477888,0.187673,0.000000,0.000000,0.000000
6.016000,0.000000,0.000000,0.593700,0.000000,0.000000,0.000000,-0.021117,0.000000,-0.001012,0.115290,0.511462,-0.000000,-0.000000,0.109836,-0.006965,0.124441,0.491476,0.016520,-0.032977,0.104921,0.000000,0.000000,-0.021117,-0.000486,0.000464,-0.021901,0.476888,0.187548,0.000000,0.000000,0.000000
6.028000,0.000000,0.000000,0.593700,0.000000,0.000000,0.000000,-0.021117,0.000000,-0.001012,0.115290,0.512770,0.000000,-0.000000,0.108090,-0.006850,0.124060,0.492621,0.013756,-0.028111,0.080475,0.000000,0.000000,-0.021117,-0.000399,0.000370,-0.021802,0.476692,0.187636,0.000000,0.000000,0.000000
6.040000,0.000000,0.000000,0.593700,0.000000,0.000000,0.000000,-0.021117,0.000000,-0.001012,0.115290,0.514057,0.000000,0.000000,0.106371,-0.006755,0.123739,0.493480,0.010182,-0.022402,0.064527,0.000000,0.000000,-0.021117,-0.000427,0.000165,-0.021672,0.478033,0.188271,0.000000,0.000000,0.000000
6.052000,0.000000,0.000000,0.593700,0.000000,0.000000,0.000000,-0.021117,0.000000,-0.001012,0.115290,0.515323,0.000000,0.000000,0.104680,-0.006687,0.123489,0.494184,0.006593,-0.016075,0.059398,0.000000,0.000000,-0.021117,-0.000546,-0.000116,-0.021529,0.481616,0.189672,0.000000,0.000000,0.000000
6.064000,0.000000,0.000000,0.593700,0.000000,0.000000,0.000000,-0.021117,0.000000,-0.001012,0.115290,0.516569,-0.000000,0.000000,0.103016,-0.006647,0.123312,0.494874,0.002988,-0.009792,0.064851,0.000000,0.000000,-0.021117,-0.000730,-0.000412,-0.021388,0.487975,0.191921,0.000000,0.000000,0.000000
6.076000,0.000000,0.000000,0.593700,0.000000,0.000000,0.000000,-0.021117,0.000000,-0.001012,0.115290,0.517795,-0.000000,-0.000000,0.101378,-0.006634,0.123204,0.495678,-0.000529,-0.004282,0.078579,0.000000,0.000000,-0.021117,-0.000945,-0.000659,-0.021255,0.497164,0.194945,0.000000,0.000000,0.000000
6.088000,0.000000,0.000000,0.593700,0.000000,0.000000,0.000000,-0.021117,0.000000,-0.001012,0.115290,0.519002,-0.000000,-0.000000,0.099766,-0.006645,0.123154,0.496689,-0.003307,-0.000035,0.097044,0.000000,0.000000,-0.021117,-0.001136,-0.000817,-0.021129,0.508433,0.198450,0.000000,0.000000,0.000000
6.100000,0.000000,0.000000,0.593700,0.000000,0.000000,0.000000,-0.021117,0.000000,-0.001012,0.115290,0.520190,-0.000000,0.000000,0.098180,-0.006668,0.123147,0.497948,-0.004475,0.002823,0.116241,0.000000,0.000000,-0.021117,-0.001244,-0.000870,-0.021008,0.520144,0.201903,0.000000,0.000000,0.000000
6.112000,0.000000,0.000000,0.593700,0.000000,0.000000,0.000000,-0.021117,0.000000,-0.001012,0.115290,0.521359,-0.000000,-0.000000,0.096619,-0.006681,0.123169,0.499450,-0.003665,0.004421,0.132869,0.000000,0.000000,-0.021117,-0.001228,-0.000815,-0.020891,0.530078,0.204620,0.000000,0.000000,0.000000
6.124000,0.000000,0.000000,0.593700,0.000000,0.000000,0.000000,-0.021117,0.000000,-0.001012,0.115290,0.522509,0.000000,0.000000,0.095083,-0.006669,0.123210,0.501148,-0.001353,0.005019,0.144629,0.000000,0.000000,-0.021117,-0.001084,-0.000648,-0.020775,0.536062,0.205954,0.000000,0.000000,0.000000
6.136000,0.000000,0.000000,0.593700,0.000000,0.000000,0.000000,-0.021117,0.000000,-0.001012,0.115290,0.523641,0.000000,-0.000000,0.093571,-0.006625,0.123261,0.502971,0.001301,0.004921,0.150301,0.000000,0.000000,-0.021117,-0.000852,-0.000377,-0.020657,0.536641,0.205499,0.000000,0.000000,0.000000
6.148000,0.000000,0.000000,0.593700,0.000000,0.000000,0.000000,-0.021117,0.000000,-0.001012,0.115290,0.524755,-0.000000,-0.000000,0.092083,-0.006560,0.123317,0.504837,0.003041,0.004480,0.149553,0.000000,0.000000,-0.021117,-0.000592,-0.000032,-0.020536,0.531504,0.203204,0.000000,0.000000,0.000000
6.158000,0.000000,0.000000,0.593700,0.000000,0.000000,0.000000,-0.021117,0.000000,-0.001012,0.115290,0.525669,0.000000,-0.000000,0.090861,-0.006506,0.123364,0.506364,0.003147,0.004132,0.144253,0.000000,0.000000,-0.021117,-0.000409,0.000269,-0.020434,0.523452,0.200100,0.000000,0.000000,0.000000
6.170000,0.000000,0.000000,0.593700,0.000000,0.000000,0.000000,-0.021117,0.000000,-0.001012,0.115290,0.526751,-0.000000,0.000000,0.089417,-0.006465,0.123422,0.508099,0.001337,0.004081,0.133009,0.000000,0.000000,-0.021117,-0.000284,0.000584,-0.020316,0.510734,0.195430,0.000000,0.000000,0.000000
6.182000,0.000000,0.000000,0.593700,0.000000,0.000000,0.000000,-0.021117,0.000000,-0.001012,0.115290,0.527815,-0.000000,-0.000000,0.087995,-0.006474,0.123484,0.509665,-0.002462,0.004761,0.117646,0.000000,0.000000,-0.021117,-0.000302,0.000784,-0.020212,0.496669,0.190376,0.000000,0.000000,0.000000
6.194000,0.000000,0.000000,0.593700,0.000000,0.000000,0.000000,-0.021117,0.000000,-0.001012,0.115290,0.528863,-0.000000,0.000000,0.086596,-0.006555,0.123556,0.511019,-0.007701,0.006442,0.099791,0.000000,0.000000,-0.021117,-0.000474,0.000820,-0.020129,0.483246,0.185602,0.000000,0.000000,0.000000
6.206000,0.000000,0.000000,0.593700,0.000000,0.000000,0.000000,-0.021117,0.000000,-0.001012,0.115290,0.529894,-0.000000,-0.000000,0.085219,-0.006716,0.123649,0.512136,-0.013559,0.009287,0.081305,0.000000,0.000000,-0.021117,-0.000782,0.000672,-0.020071,0.471893,0.181613,0.000000,0.000000,0.000000
6.218000,0.000000,0.000000,0.593700,0.000000,0.000000,0.000000,-0.021117,0.000000,-0.001012,0.115290,0.530908,-0.000000,-0.000000,0.083864,-0.006954,0.123775,0.513018,-0.019179,0.013337,0.064106,0.000000,0.000000,-0.021117,-0.001180,0.000348,-0.020040,0.463245,0.178678,0.000000,0.000000,0.000000
6.230000,0.000000,0.000000,0.593700,0.000000,0.000000,0.000000,-0.021117,0.000000,-0.001012,0.115290,0.531907,-0.000000,-0.000000,0.082531,-0.007275,0.123988,0.513763,-0.022561,0.018936,0.085026,-0.002059,-0.000757,-0.021117,-0.001942,-0.000198,-0.019999,0.460013,0.177881,0.000000,0.000000,0.000000
6.242000,0.000000,0.000000,0.593700,0.000000,0.000000,0.000000,-0.021117,0.000000,-0.001012,0.115290,0.532889,-0.000000,-0.000000,0.081219,-0.007530,0.124158,0.514775,-0.020452,0.019570,0.092697,0.000000,0.000000,-0.021117,-0.002364,-0.000659,-0.019948,0.458328,0.177531,0.000000,0.000000,0.000000
6.254000,0.000000,0.000000,0.593700,0.000000,0.000000,0.000000,-0.021117,0.000000,-0.001012,0.115290,0.533856,0.000000,-0.000000,0.079927,-0.007720,0.124342,0.515923,-0.016251,0.015580,0.108179,0.000000,0.000000,-0.021117,-0.001980,-0.000507,-0.019956,0.456866,0.177013,0.000000,0.000000,0.000000
6.266000,0.000000,0.000000,0.593700,0.000000,0.000000,0.000000,-0.021117,0.000000,-0.001012,0.115290,0.534807,-0.000000,0.000000,0.078657,-0.007875,0.124510,0.517236,-0.011088,0.009961,0.113565,0.000000,0.000000,-0.021117,-0.001720,-0.000132,-0.020028,0.455023,0.176356,0.000000,0.000000,0.000000
6.278000,0.000000,0.000000,0.593700,0.000000,0.000000,0.000000,-0.021117,0.000000,-0.001012,0.115290,0.535744,0.000000,0.000000,0.077406,-0.007963,0.124615,0.518601,-0.005437,0.004644,0.113374,0.000000,0.000000,-0.021117,-0.001573,0.000097,-0.020112,0.453164,0.175773,0.000000,0.000000,0.000000
6.290000,0.000000,0.000000,0.593700,0.000000,0.000000,0.000000,-0.021117,0.000000,-0.001012,0.115290,0.536665,0.000000,0.000000,0.076175,-0.007916,0.124671,0.519980,0.002635,0.000557,0.114944,0.000000,0.000000,-0.021117,-0.001491,0.000207,-0.020195,0.451396,0.175251,0.000000,0.000000,0.000000
6.302000,0.000000,0.000000,0.593700,0.000000,0.000000,0.000000,-0.021117,0.000000,-0.001012,0.115290,0.537572,0.000000,0.000000,0.074964,-0.007751,0.124688,0.521345,0.011103,-0.002466,0.116616,0.000000,0.000000,-0.021117,-0.001420,0.000242,-0.020269,0.449730,0.174785,0.000000,0.000000,0.000000
6.314000,0.000000,0.000000,0.593700,0.000000,0.000000,0.000000,-0.021117,0.000000,-0.001012,0.115290,0.538464,0.000000,0.000000,0.073772,-0.007558,0.124658,0.522637,0.017845,-0.004566,0.092710,0.000000,0.000000,-0.021117,-0.001283,0.000258,-0.020342,0.448369,0.174439,0.000000,0.000000,0.000000
6.326000,0.000000,0.000000,0.593700,0.000000,0.000000,0.000000,-0.021117,0.000000,-0.001012,0.115290,0.539343,0.000000,0.000000,0.072599,-0.007349,0.124605,0.523485,0.022193,-0.006545,0.064610,0.000000,0.000000,-0.021117,-0.001121,0.000208,-0.020437,0.447850,0.174378,0.000000,0.000000,0.000000
6.338000,0.000000,0.000000,0.593700,0.000000,0.000000,0.000000,-0.021117,0.000000,-0.001012,0.115290,0.540207,0.000000,0.000000,0.071445,-0.007119,0.124524,0.524054,0.024275,-0.008917,0.046902,0.000000,0.000000,-0.021117,-0.000946,0.000083,-0.020566,0.448821,0.174901,0.000000,0.000000,0.000000
6.350000,0.000000,0.000000,0.593700,0.000000,0.000000,0.000000,-0.021117,0.000000,-0.001012,0.115290,0.541057,0.000000,0.000000,0.070309,-0.006872,0.124412,0.524461,0.024038,-0.011538,0.039827,0.000000,0.000000,-0.021117,-0.000768,-0.000085,-0.020710,0.451936,0.176248,0.000000,0.000000,0.000000
6.362000,0.000000,0.000000,0.593700,0.000000,0.000000,0.000000,-0.021117,0.000000,-0.001012,0.115290,0.541894,-0.000000,-0.000000,0.069191,-0.006623,0.124270,0.524842,0.022151,-0.014003,0.043607,0.000000,0.000000,-0.021117,-0.000598,-0.000240,-0.020853,0.457712,0.178522,0.000000,0.000000,0.000000
6.374000,0.000000,0.000000,0.593700,0.000000,0.000000,0.000000,-0.021117,0.000000,-0.001012,0.115290,0.542718,-0.000000,-0.000000,0.068091,-0.006383,0.124102,0.525328,0.019541,-0.015871,0.056214,0.000000,0.000000,-0.021117,-0.000460,-0.000336,-0.020989,0.466293,0.181637,0.000000,0.000000,0.000000
6.386000,0.000000,0.000000,0.593700,0.000000,0.000000,0.000000,-0.021117,0.000000,-0.001012,0.115290,0.543529,0.000000,0.000000,0.067009,-0.006157,0.123916,0.526017,0.017366,-0.016890,0.074148,0.000000,0.000000,-0.021117,-0.000383,-0.000352,-0.021117,0.477121,0.185274,0.000000,0.000000,0.000000
6.398000,0.000000,0.000000,0.593700,0.000000,0.000000,0.000000,-0.021117,0.000000,-0.001012,0.115290,0.544326,0.000000,0.000000,0.065943,-0.005935,0.123721,0.526957,0.016577,-0.017028,0.093466,0.000000,0.000000,-0.021117,-0.000397,-0.000284,-0.021238,0.488776,0.188893,0.000000,0.000000,0.000000
6.410000,0.000000,0.000000,0.593700,0.000000,0.000000,0.000000,-0.021117,0.000000,-0.001012,0.115290,0.545111,-0.000000,-0.000000,0.064895,-0.005702,0.123526,0.528149,0.017395,-0.016364,0.110668,0.000000,0.000000,-0.021117,-0.000513,-0.000126,-0.021354,0.499191,0.191862,0.000000,0.000000,0.000000
6.422000,0.000000,0.000000,0.593700,0.000000,0.000000,0.000000,-0.021117,0.000000,-0.001012,0.115290,0.545884,0.000000,-0.000000,0.063863,-0.005448,0.123338,0.529551,0.019213,-0.015042,0.123188,0.000000,0.000000,-0.021117,-0.000717,0.000130,-0.021466,0.506214,0.193622,0.000000,0.000000,0.000000
6.432000,0.000000,0.000000,0.593700,0.000000,0.000000,0.000000,-0.021117,0.000000,-0.001012,0.115290,0.546518,0.000000,0.000000,0.063016,-0.005219,0.123191,0.530828,0.020748,-0.013569,0.128937,0.000000,0.000000,-0.021117,-0.000926,0.000412,-0.021559,0.508309,0.193920,0.000000,0.000000,0.000000
6.444000,0.000000,0.000000,0.593700,0.000000,0.000000,0.000000,-0.021117,0.000000,-0.001012,0.115290,0.547268,-0.000000,-0.000000,0.062014,-0.004933,0.123030,0.532415,0.021849,-0.011573,0.129648,0.000000,0.000000,-0.021117,-0.001175,0.000805,-0.021670,0.505765,0.192831,0.000000,0.000000,0.000000
6.456000,0.000000,0.000000,0.593700,0.000000,0.000000,0.000000,-0.021117,0.000000,-0.001012,0.115290,0.548007,-0.000000,-0.000000,0.061028,-0.004651,0.122888,0.533988,0.021714,-0.009583,0.124318,0.000000,0.000000,-0.021117,-0.001366,0.001201,-0.021777,0.498168,0.190384,0.000000,0.000000,0.000000
6.468000,0.000000,0.000000,0.593700,0.000000,0.000000,0.000000,-0.021117,0.000000,-0.001012,0.115290,0.548733,-0.000000,0.000000,0.060057,-0.004392,0.122767,0.535469,0.019956,-0.007838,0.113523,0.000000,0.000000,-0.021117,-0.001448,0.001543,-0.021874,0.486963,0.187032,0.000000,0.000000,0.000000
6.480000,0.000000,0.000000,0.593700,0.000000,0.000000,0.000000,-0.021117,0.000000,-0.001012,0.115290,0.549448,-0.000000,-0.000000,0.059103,-0.004178,0.122665,0.536790,0.016637,-0.006572,0.098401,0.000000,0.000000,-0.021117,-0.001398,0.001775,-0.021956,0.474129,0.183329,0.000000,0.000000,0.000000
6.492000,0.000000,0.000000,0.593700,0.000000,0.000000,0.000000,-0.021117,0.000000,-0.001012,0.115290,0.550152,-0.000000,-0.000000,0.058163,-0.004022,0.122578,0.537903,0.012315,-0.006000,0.080496,0.000000,0.000000,-0.021117,-0.001214,0.001856,-0.022018,0.461638,0.179798,0.000000,0.000000,0.000000
6.504000,0.000000,0.000000,0.593700,0.000000,0.000000,0.000000,-0.021117,0.000000,-0.001012,0.115290,0.550844,-0.000000,0.000000,0.057238,-0.003930,0.122499,0.538775,0.007758,-0.006251,0.061350,0.000000,0.000000,-0.021117,-0.000923,0.001766,-0.022057,0.450978,0.176086,0.000000,0.000000,0.000000
6.516000,0.000000,0.000000,0.593700,0.000000,0.000000,0.000000,-0.021117,0.000000,-0.001012,0.115290,0.551525,0.000000,-0.000000,0.056328,-0.003893,0.122420,0.539398,0.003836,-0.007419,0.043250,0.000000,0.000000,-0.021117,-0.000568,0.001507,-0.022072,0.442867,0.173120,0.000000,0.000000,0.000000
6.528000,0.000000,0.000000,0.593700,0.000000,0.000000,0.000000,-0.021117,0.000000,-0.001012,0.115290,0.552196,-0.000000,-0.000000,0.055432,-0.003887,0.122369,0.539830,0.004340,-0.007994,0.055817,0.000000,0.000000,-0.021117,-0.000543,0.001134,-0.022111,0.439218,0.172182,0.000000,0.000000,0.000000
6.540000,0.000000,0.000000,0.593700,0.000000,0.000000,0.000000,-0.021117,0.000000,-0.001012,0.115290,0.552856,-0.000000,0.000000,0.054551,-0.003825,0.122267,0.540493,0.007419,-0.009317,0.066882,0.000000,0.000000,-0.021117,-0.000362,0.000833,-0.022086,0.437647,0.171888,0.000000,0.000000,0.000000
6.552000,0.000000,0.000000,0.593700,0.000000,0.000000,0.000000,-0.021117,0.000000,-0.001012,0.115290,0.553505,-0.000000,-0.000000,0.053684,-0.003720,0.122183,0.541316,0.007622,-0.009469,0.082211,0.000000,0.000000,-0.021117,-0.000415,0.000704,-0.022031,0.436286,0.171569,0.000000,0.000000,0.000000
6.564000,0.000000,0.000000,0.593700,0.000000,0.000000,0.000000,-0.021117,0.000000,-0.001012,0.115290,0.554144,0.000000,0.000000,0.052830,-0.003637,0.122066,0.542323,0.005656,-0.010676,0.090480,0.000000,0.000000,-0.021117,-0.000423,0.000670,-0.021947,0.434846,0.171113,0.000000,0.000000,0.000000
6.576000,0.000000,0.000000,0.593700,0.000000,0.000000,0.000000,-0.021117,0.000000,-0.001012,0.115290,0.554773,-0.000000,0.000000,0.051990,-0.003580,0.121934,0.543424,0.003174,-0.011658,0.090761,0.000000,0.000000,-0.021117,-0.000421,0.000640,-0.021865,0.433513,0.170658,0.000000,0.000000,0.000000
6.588000,0.000000,0.000000,0.593700,0.000000,0.000000,0.000000,-0.021117,0.000000,-0.001012,0.115290,0.555392,0.000000,0.000000,0.051164,-0.003516,0.121794,0.544562,0.002729,-0.012299,0.091229,0.000000,0.000000,-0.021117,-0.000401,0.000618,-0.021789,0.432271,0.170196,0.000000,0.000000,0.000000
6.600000,0.000000,0.000000,0.593700,0.000000,0.000000,0.000000,-0.021117,0.000000,-0.001012,0.115290,0.556001,-0.000000,0.000000,0.050350,-0.003424,0.121650,0.545731,0.004683,-0.012641,0.092687,0.000000,0.000000,-0.021117,-0.000374,0.000599,-0.021723,0.431088,0.169737,0.000000,0.000000,0.000000
6.612000,0.000000,0.000000,0.593700,0.000000,0.000000,0.000000,-0.021117,0.000000,-0.001012,0.115290,0.556601,0.000000,-0.000000,0.049550,-0.003372,0.121497,0.546831,0.006957,-0.012347,0.071355,0.000000,0.000000,-0.021117,-0.000285,0.000524,-0.021664,0.430087,0.169321,0.000000,0.000000,0.000000
6.624000,0.000000,0.000000,0.593700,0.000000,0.000000,0.000000,-0.021117,0.000000,-0.001012,0.115290,0.557190,-0.000000,0.000000,0.048762,-0.003335,0.121359,0.547564,0.007668,-0.011407,0.045280,0.000000,0.000000,-0.021117,-0.000240,0.000398,-0.021599,0.429659,0.169117,0.000000,0.000000,0.000000
6.636000,0.000000,0.000000,0.593700,0.000000,0.000000,0.000000,-0.021117,0.000000,-0.001012,0.115290,0.557771,0.000000,0.000000,0.047987,-0.003302,0.121233,0.547984,0.006769,-0.009868,0.025398,0.000000,0.000000,-0.021117,-0.000247,0.000207,-0.021496,0.430380,0.169420,0.000000,0.000000,0.000000
6.648000,0.000000,0.000000,0.593700,0.000000,0.000000,0.000000,-0.021117,0.000000,-0.001012,0.115290,0.558342,0.000000,0.000000,0.047224,-0.003272,0.121126,0.548191,0.005100,-0.007677,0.015224,0.000000,0.000000,-0.021117,-0.000301,-0.000035,-0.021373,0.432940,0.170482,0.000000,0.000000,0.000000
6.660000,0.000000,0.000000,0.593700,0.000000,0.000000,0.000000,-0.021117,0.000000,-0.001012,0.115290,0.558904,-0.000000,-0.000000,0.046473,-0.003250,0.121044,0.548319,0.002859,-0.005193,0.016132,0.000000,0.000000,-0.021117,-0.000396,-0.000280,-0.021249,0.437946,0.172430,0.000000,0.000000,0.000000
6.672000,0.000000,0.000000,0.593700,0.000000,0.000000,0.000000,-0.021117,0.000000,-0.001012,0.115290,0.559458,-0.000000,-0.000000,0.045734,-0.003239,0.120989,0.548512,0.000397,-0.002916,0.026882,0.000000,0.000000,-0.021117,-0.000511,-0.000477,-0.021131,0.445719,0.175229,0.000000,0.000000,0.000000
6.682000,0.000000,0.000000,0.593700,0.000000,0.000000,0.000000,-0.021117,0.000000,-0.001012,0.115290,0.559912,0.000000,-0.000000,0.045127,-0.003240,0.120959,0.548804,-0.001485,-0.001477,0.040895,0.000000,0.000000,-0.021117,-0.000602,-0.000575,-0.021037,0.454106,0.178036,0.000000,0.000000,0.000000
6.694000,0.000000,0.000000,0.593700,0.000000,0.000000,0.000000,-0.021117,0.000000,-0.001012,0.115290,0.560449,0.000000,-0.000000,0.044410,-0.003251,0.120938,0.549373,-0.003047,-0.000481,0.060258,0.000000,0.000000,-0.021117,-0.000670,-0.000597,-0.020928,0.465471,0.181566,0.000000,0.000000,0.000000
6.706000,0.000000,0.000000,0.593700,0.000000,0.000000,0.000000,-0.021117,0.000000,-0.001012,0.115290,0.560978,0.000000,0.000000,0.043704,-0.003265,0.120924,0.550195,-0.003467,-0.000271,0.078740,0.000000,0.000000,-0.021117,-0.000664,-0.000512,-0.020822,0.476454,0.184696,0.000000,0.000000,0.000000
6.718000,0.000000,0.000000,0.593700,0.000000,0.000000,0.000000,-0.021117,0.000000,-0.001012,0.115290,0.561498,0.000000,-0.000000,0.043009,-0.003272,0.120912,0.551243,-0.002761,-0.000720,0.093372,0.000000,0.000000,-0.021117,-0.000575,-0.000323,-0.020720,0.484851,0.186824,0.000000,0.000000,0.000000
6.730000,0.000000,0.000000,0.593700,0.000000,0.000000,0.000000,-0.021117,0.000000,-0.001012,0.115290,0.562010,-0.000000,-0.000000,0.042325,-0.003263,0.120895,0.552456,-0.001488,-0.001659,0.102186,0.000000,0.000000,-0.021117,-0.000419,-0.000043,-0.020619,0.488822,0.187525,0.000000,0.000000,0.000000
6.742000,0.000000,0.000000,0.593700,0.000000,0.000000,0.000000,-0.021117,0.000000,-0.001012,0.115290,0.562514,-0.000000,-0.000000,0.041652,-0.003243,0.120870,0.553755,-0.000453,-0.002894,0.104523,0.000000,0.000000,-0.021117,-0.000231,0.000304,-0.020523,0.487465,0.186659,0.000000,0.000000,0.000000
6.754000,0.000000,0.000000,0.593700,0.000000,0.000000,0.000000,-0.021117,0.000000,-0.001012,0.115290,0.563010,0.000000,0.000000,0.040990,-0.003225,0.120835,0.555055,-0.000447,-0.004195,0.100341,0.000000,0.000000,-0.021117,-0.000059,0.000678,-0.020432,0.481051,0.184394,0.000000,0.000000,0.000000
6.766000,0.000000,0.000000,0.593700,0.000000,0.000000,0.000000,-0.021117,0.000000,-0.001012,0.115290,0.563498,0.000000,0.000000,0.040338,-0.003228,0.120788,0.556271,-0.001918,-0.005314,0.090299,0.000000,0.000000,-0.021117,0.000054,0.001024,-0.020350,0.470873,0.181144,0.000000,0.000000,0.000000
6.778000,0.000000,0.000000,0.593700,0.000000,0.000000,0.000000,-0.021117,0.000000,-0.001012,0.115290,0.563978,0.000000,0.000000,0.039697,-0.003271,0.120731,0.557334,-0.004757,-0.006004,0.075619,0.000000,0.000000,-0.021117,0.000076,0.001283,-0.020281,0.458839,0.177456,0.000000,0.000000,0.000000
6.790000,0.000000,0.000000,0.593700,0.000000,0.000000,0.000000,-0.021117,0.000000,-0.001012,0.115290,0.564450,-0.000000,-0.000000,0.039066,-0.003367,0.120667,0.558190,-0.008435,-0.006075,0.057931,0.000000,0.000000,-0.021117,-0.000004,0.001405,-0.020229,0.446927,0.173872,0.000000,0.000000,0.000000
6.802000,0.000000,0.000000,0.593700,0.000000,0.000000,0.000000,-0.021117,0.000000,-0.001012,0.115290,0.564915,0.000000,-0.000000,0.038444,-0.003520,0.120603,0.558808,-0.012228,-0.005417,0.039099,0.000000,0.000000,-0.021117,-0.000177,0.001366,-0.020195,0.436674,0.170582,0.000000,0.000000,0.000000
6.814000,0.000000,0.000000,0.593700,0.000000,0.000000,0.000000,-0.021117,0.000000,-0.001012,0.115290,0.565373,-0.000000,-0.000000,0.037833,-0.003722,0.120546,0.559184,-0.015395,-0.003999,0.021059,0.000000,0.000000,-0.021117,-0.000414,0.001166,-0.020178,0.428858,0.167891,0.000000,0.000000,0.000000
6.826000,0.000000,0.000000,0.593700,0.000000,0.000000,0.000000,-0.021117,0.000000,-0.001012,0.115290,0.565824,0.000000,-0.000000,0.037232,-0.003915,0.120552,0.559348,-0.012487,0.007312,0.032959,0.000000,0.000000,-0.021117,-0.000350,0.001007,-0.020140,0.425459,0.166972,0.000000,0.000000,0.000000
6.838000,0.000000,0.000000,0.593700,0.000000,0.000000,0.000000,-0.021117,0.000000,-0.001012,0.115290,0.566267,-0.000000,-0.000000,0.036640,-0.004094,0.120477,0.559739,-0.010994,0.002436,0.045208,0.000000,0.000000,-0.021117,-0.000625,0.000712,-0.020126,0.423789,0.166846,0.000000,0.000000,0.000000
6.850000,0.000000,0.000000,0.593700,0.000000,0.000000,0.000000,-0.021117,0.000000,-0.001012,0.115290,0.566703,0.000000,0.000000,0.036057,-0.004213,0.120384,0.560278,-0.008321,-0.002297,0.055039,0.000000,0.000000,-0.021117,-0.000600,0.000445,-0.020136,0.422529,0.166819,0.000000,0.000000,0.000000
6.862000,0.000000,0.000000,0.593700,0.000000,0.000000,0.000000,-0.021117,0.000000,-0.001012,0.115290,0.567132,0.000000,-0.000000,0.035484,-0.004292,0.120353,0.560957,-0.006321,-0.003320,0.064173,-0.001008,-0.000152,-0.021117,-0.000532,0.000472,-0.020202,0.421307,0.166558,0.000000,0.000000,0.000000
6.874000,0.000000,0.000000,0.593700,0.000000,0.000000,0.000000,-0.021117,0.000000,-0.001012,0.115290,0.567555,0.000000,-0.000000,0.034920,-0.004364,0.120322,0.561730,-0.005538,-0.004308,0.064824,-0.001057,-0.000130,-0.021117,-0.000729,0.000486,-0.020283,0.420238,0.166315,0.000000,0.000000,0.000000
6.886000,0.000000,0.000000,0.593700,0.000000,0.000000,0.000000,-0.021117,0.000000,-0.001012,0.115290,0.567970,0.000000,-0.000000,0.034364,-0.004392,0.120266,0.562520,-0.003526,-0.005608,0.065271,-0.001026,-0.000121,-0.021117,-0.000883,0.000475,-0.020363,0.419289,0.166126,0.000000,0.000000,0.000000
6.898000,0.000000,0.000000,0.593700,0.000000,0.000000,0.000000,-0.021117,0.000000,-0.001012,0.115290,0.568379,-0.000000,-0.000000,0.033818,-0.004335,0.120148,0.563320,0.001606,-0.009097,0.067820,0.000000,0.000000,-0.021117,-0.000939,0.000458,-0.020436,0.418418,0.165978,0.000000,0.000000,0.000000
6.910000,0.000000,0.000000,0.593700,0.000000,0.000000,0.000000,-0.021117,0.000000,-0.001012,0.115290,0.568782,-0.000000,-0.000000,0.033280,-0.004267,0.120086,0.564137,0.005750,-0.007243,0.055210,0.000000,0.000000,-0.021117,-0.000824,0.000448,-0.020506,0.417673,0.165726,0.000000,0.000000,0.000000
6.922000,0.000000,0.000000,0.593700,0.000000,0.000000,0.000000,-0.021117,0.000000,-0.001012,0.115290,0.569178,-0.000000,-0.000000,0.032751,-0.004202,0.120000,0.564581,0.007918,-0.007255,0.028081,0.000000,0.000000,-0.021117,-0.000713,0.000396,-0.020583,0.417325,0.165577,0.000000,0.000000,0.000000
6.932000,0.000000,0.000000,0.593700,0.000000,0.000000,0.000000,-0.021117,0.000000,-0.001012,0.115290,0.569503,0.000000,-0.000000,0.032317,-0.004142,0.119927,0.564705,0.009328,-0.007525,0.009375,0.000000,0.000000,-0.021117,-0.000612,0.000295,-0.020673,0.417725,0.165720,0.000000,0.000000,0.000000
6.944000,0.000000,0.000000,0.593700,0.000000,0.000000,0.000000,-0.021117,0.000000,-0.001012,0.115290,0.569888,-0.000000,-0.000000,0.031803,-0.004059,0.119833,0.564638,0.010492,-0.008219,-0.004332,0.000000,0.000000,-0.021117,-0.000467,0.000106,-0.020797,0.419672,0.166447,0.000000,0.000000,0.000000
6.956000,0.000000,0.000000,0.593700,0.000000,0.000000,0.000000,-0.021117,0.000000,-0.001012,0.115290,0.570267,0.000000,0.000000,0.031297,-0.003962,0.119732,0.564463,0.010473,-0.009030,-0.006469,0.000000,0.000000,-0.021117,-0.000296,-0.000113,-0.020920,0.423873,0.167952,0.000000,0.000000,0.000000
6.968000,0.000000,0.000000,0.593700,0.000000,0.000000,0.000000,-0.021117,0.000000,-0.001012,0.115290,0.570639,-0.000000,-0.000000,0.030800,-0.003861,0.119624,0.564323,0.009114,-0.009647,0.001946,0.000000,0.000000,-0.021117,-0.000119,-0.000296,-0.021036,0.430810,0.170321,0.000000,0.000000,0.000000
6.980000,0.000000,0.000000,0.593700,0.000000,0.000000,0.000000,-0.021117,0.000000,-0.001012,0.115290,0.571006,-0.000000,-0.000000,0.030310,-0.003764,0.119512,0.564340,0.007131,-0.009864,0.018070,0.000000,0.000000,-0.021117,0.000030,-0.000397,-0.021143,0.440412,0.173465,0.000000,0.000000,0.000000
6.992000,0.000000,0.000000,0.593700,0.000000,0.000000,0.000000,-0.021117,0.000000,-0.001012,0.115290,0.571367,-0.000000,0.000000,0.029828,-0.003675,0.119402,0.564596,0.005676,-0.009640,0.037870,0.000000,0.000000,-0.021117,0.000110,-0.000403,-0.021246,0.451745,0.177048,0.000000,0.000000,0.000000
7.004000,0.000000,0.000000,0.593700,0.000000,0.000000,0.000000,-0.021117,0.000000,-0.001012,0.115290,0.571722,0.000000,0.000000,0.029354,-0.003585,0.119297,0.565116,0.005575,-0.009014,0.057411,0.000000,0.000000,-0.021117,0.000092,-0.000311,-0.021344,0.463034,0.180274,0.000000,0.000000,0.000000
7.016000,0.000000,0.000000,0.593700,0.000000,0.000000,0.000000,-0.021117,0.000000,-0.001012,0.115290,0.572071,-0.000000,-0.000000,0.028887,-0.003482,0.119199,0.565886,0.006555,-0.007974,0.073664,0.000000,0.000000,-0.021117,-0.000029,-0.000112,-0.021437,0.472087,0.182361,0.000000,0.000000,0.000000
7.028000,0.000000,0.000000,0.593700,0.000000,0.000000,0.000000,-0.021117,0.000000,-0.001012,0.115290,0.572415,0.000000,0.000000,0.028428,-0.003363,0.119111,0.566848,0.007880,-0.006583,0.084261,0.000000,0.000000,-0.021117,-0.000239,0.000192,-0.021528,0.476965,0.183108,0.000000,0.000000,0.000000
7.040000,0.000000,0.000000,0.593700,0.000000,0.000000,0.000000,-0.021117,0.000000,-0.001012,0.115290,0.572754,-0.000000,0.000000,0.027976,-0.003233,0.119037,0.567919,0.008904,-0.005016,0.087987,0.000000,0.000000,-0.021117,-0.000498,0.000570,-0.021616,0.476606,0.182336,0.000000,0.000000,0.000000
7.052000,0.000000,0.000000,0.593700,0.000000,0.000000,0.000000,-0.021117,0.000000,-0.001012,0.115290,0.573087,-0.000000,-0.000000,0.027531,-0.003103,0.118976,0.569011,0.009190,-0.003471,0.085073,0.000000,0.000000,-0.021117,-0.000751,0.000968,-0.021699,0.471120,0.180171,0.000000,0.000000,0.000000
7.064000,0.000000,0.000000,0.593700,0.000000,0.000000,0.000000,-0.021117,0.000000,-0.001012,0.115290,0.573414,-0.000000,-0.000000,0.027093,-0.002986,0.118930,0.570039,0.008352,-0.002133,0.076160,0.000000,0.000000,-0.021117,-0.000947,0.001329,-0.021774,0.461693,0.176996,0.000000,0.000000,0.000000
7.076000,0.000000,0.000000,0.593700,0.000000,0.000000,0.000000,-0.021117,0.000000,-0.001012,0.115290,0.573737,-0.000000,0.000000,0.026663,-0.002899,0.118897,0.570930,0.006267,-0.001171,0.062335,0.000000,0.000000,-0.021117,-0.001046,0.001601,-0.021838,0.450176,0.173348,0.000000,0.000000,0.000000
7.088000,0.000000,0.000000,0.593700,0.000000,0.000000,0.000000,-0.021117,0.000000,-0.001012,0.115290,0.574054,0.000000,0.000000,0.026239,-0.002854,0.118874,0.571624,0.003304,-0.000754,0.045181,0.000000,0.000000,-0.021117,-0.001032,0.001739,-0.021886,0.438551,0.169778,0.000000,0.000000,0.000000
7.100000,0.000000,0.000000,0.593700,0.000000,0.000000,0.000000,-0.021117,0.000000,-0.001012,0.115290,0.574367,-0.000000,-0.000000,0.025821,-0.002856,0.118856,0.572085,0.000124,-0.000990,0.026324,0.000000,0.000000,-0.021117,-0.000908,0.001717,-0.021915,0.428424,0.166723,0.000000,0.000000,0.000000
7.112000,0.000000,0.000000,0.593700,0.000000,0.000000,0.000000,-0.021117,0.000000,-0.001012,0.115290,0.574674,0.000000,-0.000000,0.025411,-0.002899,0.118836,0.572292,-0.002459,-0.001880,0.007724,0.000000,0.000000,-0.021117,-0.000700,0.001538,-0.021926,0.420693,0.164429,0.000000,0.000000,0.000000
7.124000,0.000000,0.000000,0.593700,0.000000,0.000000,0.000000,-0.021117,0.000000,-0.001012,0.115290,0.574977,-0.000000,-0.000000,0.025007,-0.002932,0.119023,0.572260,0.000171,0.016476,0.012397,-0.002492,0.000760,-0.021120,-0.001112,0.001368,-0.021968,0.416828,0.162893,0.000000,0.000000,0.000000
7.136000,0.000000,0.000000,0.593700,0.000000,0.000000,0.000000,-0.021117,0.000000,-0.001012,0.115290,0.575274,0.000000,0.000000,0.024609,-0.002948,0.118944,0.572422,0.001591,0.008078,0.028601,-0.001067,-0.000017,-0.021118,-0.001199,0.001179,-0.021975,0.415594,0.163103,0.000000,0.000000,0.000000
7.148000,0.000000,0.000000,0.593700,0.000000,0.000000,0.000000,-0.021117,0.000000,-0.001012,0.115290,0.575567,0.000000,0.000000,0.024218,-0.002922,0.118826,0.572756,0.003553,-0.002762,0.039128,0.000000,0.000000,-0.021117,-0.001049,0.000924,-0.021956,0.414582,0.163187,0.000000,0.000000,0.000000
7.160000,0.000000,0.000000,0.593700,0.000000,0.000000,0.000000,-0.021117,0.000000,-0.001012,0.115290,0.575856,-0.000000,-0.000000,0.023833,-0.002881,0.118789,0.573235,0.002856,-0.003243,0.049242,0.000000,0.000000,-0.021117,-0.000900,0.000816,-0.021879,0.413694,0.163038,0.000000,0.000000,0.000000
7.172000,0.000000,0.000000,0.593700,0.000000,0.000000,0.000000,-0.021117,0.000000,-0.001012,0.115290,0.576139,-0.000000,-0.000000,0.023454,-0.002855,0.118750,0.573841,0.001158,-0.003653,0.050933,0.000000,0.000000,-0.021117,-0.000780,0.000745,-0.021791,0.412865,0.162875,0.000000,0.000000,0.000000
7.182000,0.000000,0.000000,0.593700,0.000000,0.000000,0.000000,-0.021117,0.000000,-0.001012,0.115290,0.576372,0.000000,-0.000000,0.023143,-0.002844,0.118715,0.574378,-0.000510,-0.003954,0.050762,0.000000,0.000000,-0.021117,-0.000692,0.000702,-0.021718,0.412212,0.162702,0.000000,0.000000,0.000000
7.194000,0.000000,0.000000,0.593700,0.000000,0.000000,0.000000,-0.021117,0.000000,-0.001012,0.115290,0.576648,0.000000,0.000000,0.022775,-0.002800,0.118671,0.575066,0.000084,-0.004150,0.053082,0.000000,0.000000,-0.021117,-0.000595,0.000670,-0.021638,0.411433,0.162486,0.000000,0.000000,0.000000
7.206000,0.000000,0.000000,0.593700,0.000000,0.000000,0.000000,-0.021117,0.000000,-0.001012,0.115290,0.576919,0.000000,-0.000000,0.022413,-0.002747,0.118624,0.575805,0.001741,-0.004086,0.048254,0.000000,0.000000,-0.021117,-0.000511,0.000627,-0.021565,0.410623,0.162273,0.000000,0.000000,0.000000
7.218000,0.000000,0.000000,0.593700,0.000000,0.000000,0.000000,-0.021117,0.000000,-0.001012,0.115290,0.577186,-0.000000,-0.000000,0.022056,-0.002719,0.118579,0.576278,0.003826,-0.003829,0.022886,0.000000,0.000000,-0.021117,-0.000435,0.000526,-0.021509,0.410160,0.162173,0.000000,0.000000,0.000000
7.230000,0.000000,0.000000,0.593700,0.000000,0.000000,0.000000,-0.021117,0.000000,-0.001012,0.115290,0.577448,-0.000000,-0.000000,0.021706,-0.002703,0.118539,0.576391,0.005371,-0.003183,-0.001610,0.000000,0.000000,-0.021117,-0.000387,0.000363,-0.021432,0.410360,0.162313,0.000000,0.000000,0.000000
7.242000,0.000000,0.000000,0.593700,0.000000,0.000000,0.000000,-0.021117,0.000000,-0.001012,0.115290,0.577707,-0.000000,-0.000000,0.021361,-0.002686,0.118510,0.576250,0.005749,-0.001917,-0.016761,0.000000,0.000000,-0.021117,-0.000381,0.000138,-0.021326,0.411905,0.162999,0.000000,0.000000,0.000000
7.254000,0.000000,0.000000,0.593700,0.000000,0.000000,0.000000,-0.021117,0.000000,-0.001012,0.115290,0.577961,-0.000000,-0.000000,0.021021,-0.002666,0.118497,0.575968,0.004549,-0.000184,-0.021228,0.000000,0.000000,-0.021117,-0.000426,-0.000110,-0.021210,0.415455,0.164430,0.000000,0.000000,0.000000
7.266000,0.000000,0.000000,0.593700,0.000000,0.000000,0.000000,-0.021117,0.000000,-0.001012,0.115290,0.578211,0.000000,-0.000000,0.020687,-0.002652,0.118503,0.575682,0.002078,0.001621,-0.014897,0.000000,0.000000,-0.021117,-0.000514,-0.000326,-0.021098,0.421538,0.166681,0.000000,0.000000,0.000000
7.278000,0.000000,0.000000,0.593700,0.000000,0.000000,0.000000,-0.021117,0.000000,-0.001012,0.115290,0.578457,0.000000,0.000000,0.020358,-0.002653,0.118525,0.575525,-0.000929,0.003106,-0.000118,0.000000,0.000000,-0.021117,-0.000620,-0.000468,-0.020991,0.430246,0.169644,0.000000,0.000000,0.000000
7.290000,0.000000,0.000000,0.593700,0.000000,0.000000,0.000000,-0.021117,0.000000,-0.001012,0.115290,0.578700,0.000000,0.000000,0.020034,-0.002670,0.118560,0.575589,-0.003342,0.004055,0.019326,0.000000,0.000000,-0.021117,-0.000702,-0.000525,-0.020888,0.440888,0.172977,0.000000,0.000000,0.000000
7.302000,0.000000,0.000000,0.593700,0.000000,0.000000,0.000000,-0.021117,0.000000,-0.001012,0.115290,0.578938,0.000000,0.000000,0.019716,-0.002694,0.118603,0.575914,-0.004270,0.004419,0.039348,0.000000,0.000000,-0.021117,-0.000725,-0.000501,-0.020788,0.451903,0.176143,0.000000,0.000000,0.000000
7.314000,0.000000,0.000000,0.593700,0.000000,0.000000,0.000000,-0.021117,0.000000,-0.001012,0.115290,0.579173,0.000000,0.000000,0.019402,-0.002709,0.118647,0.576492,-0.003681,0.004223,0.056446,0.000000,0.000000,-0.021117,-0.000668,-0.000386,-0.020692,0.461200,0.178544,0.000000,0.000000,0.000000
7.326000,0.000000,0.000000,0.593700,0.000000,0.000000,0.000000,-0.021117,0.000000,-0.001012,0.115290,0.579404,0.000000,0.000000,0.019094,-0.002706,0.118688,0.577269,-0.002372,0.003536,0.068145,0.000000,0.000000,-0.021117,-0.000534,-0.000170,-0.020600,0.466799,0.179694,0.000000,0.000000,0.000000
7.338000,0.000000,0.000000,0.593700,0.000000,0.000000,0.000000,-0.021117,0.000000,-0.001012,0.115290,0.579631,0.000000,0.000000,0.018790,-0.002691,0.118724,0.578167,-0.001394,0.002534,0.073136,0.000000,0.000000,-0.021117,-0.000346,0.000142,-0.020513,0.467462,0.179350,0.000000,0.000000,0.000000
7.350000,0.000000,0.000000,0.593700,0.000000,0.000000,0.000000,-0.021117,0.000000,-0.001012,0.115290,0.579855,-0.000000,-0.000000,0.018491,-0.002678,0.118752,0.579098,-0.001367,0.001463,0.071395,0.000000,0.000000,-0.021117,-0.000145,0.000510,-0.020433,0.463071,0.177573,0.000000,0.000000,0.000000
7.362000,0.000000,0.000000,0.593700,0.000000,0.000000,0.000000,-0.021117,0.000000,-0.001012,0.115290,0.580075,-0.000000,-0.000000,0.018197,-0.002684,0.118773,0.579977,-0.002678,0.000551,0.063529,0.000000,0.000000,-0.021117,0.000020,0.000879,-0.020363,0.454612,0.174696,0.000000,0.000000,0.000000
7.374000,0.000000,0.000000,0.593700,0.000000,0.000000,0.000000,-0.021117,0.000000,-0.001012,0.115290,0.580292,0.000000,-0.000000,0.017908,-0.002730,0.118786,0.580730,-0.005454,0.000002,0.050624,0.000000,0.000000,-0.021117,0.000113,0.001196,-0.020307,0.443804,0.171229,0.000000,0.000000,0.000000
7.386000,0.000000,0.000000,0.593700,0.000000,0.000000,0.000000,-0.021117,0.000000,-0.001012,0.115290,0.580505,0.000000,0.000000,0.017623,-0.002832,0.118795,0.581296,-0.009342,0.000011,0.034149,0.000000,0.000000,-0.021117,0.000111,0.001406,-0.020268,0.432576,0.167728,0.000000,0.000000,0.000000
7.398000,0.000000,0.000000,0.593700,0.000000,0.000000,0.000000,-0.021117,0.000000,-0.001012,0.115290,0.580715,-0.000000,-0.000000,0.017343,-0.002999,0.118805,0.581639,-0.013592,0.000720,0.015878,0.000000,0.000000,-0.021117,0.000014,0.001468,-0.020246,0.422553,0.164659,0.000000,0.000000,0.000000
7.410000,0.000000,0.000000,0.593700,0.000000,0.000000,0.000000,-0.021117,0.000000,-0.001012,0.115290,0.580921,0.000000,0.000000,0.017067,-0.003225,0.118825,0.581742,-0.017377,0.002184,-0.002273,0.000000,0.000000,-0.021117,-0.000165,0.001365,-0.020240,0.414685,0.162161,0.000000,0.000000,0.000000
7.422000,0.000000,0.000000,0.593700,0.000000,0.000000,0.000000,-0.021117,0.000000,-0.001012,0.115290,0.581124,0.000000,0.000000,0.016796,-0.003500,0.118886,0.581590,-0.019353,0.006779,-0.003037,-0.001584,-0.000549,-0.021118,-0.000444,0.001072,-0.020205,0.409825,0.160656,0.000000,0.000000,0.000000
7.434000,0.000000,0.000000,0.593700,0.000000,0.000000,0.000000,-0.021117,0.000000,-0.001012,0.115290,0.581324,-0.000000,0.000000,0.016529,-0.003732,0.118933,0.581603,-0.015795,0.007325,0.017112,-0.001036,-0.000268,-0.021117,-0.000810,0.000676,-0.020187,0.408758,0.160738,0.000000,0.000000,0.000000
7.446000,0.000000,0.000000,0.593700,0.000000,0.000000,0.000000,-0.021117,0.000000,-0.001012,0.115290,0.581521,-0.000000,-0.000000,0.016266,-0.003918,0.118948,0.581806,-0.013314,0.004787,0.025705,0.000000,0.000000,-0.021117,-0.000837,0.000402,-0.020172,0.407671,0.160743,0.000000,0.000000,0.000000
7.456000,0.000000,0.000000,0.593700,0.000000,0.000000,0.000000,-0.021117,0.000000,-0.001012,0.115290,0.581683,-0.000000,-0.000000,0.016050,-0.004024,0.119005,0.582066,-0.010309,0.004587,0.034687,0.000000,0.000000,-0.021117,-0.000729,0.000399,-0.020207,0.406937,0.160580,0.000000,0.000000,0.000000
7.468000,0.000000,0.000000,0.593700,0.000000,0.000000,0.000000,-0.021117,0.000000,-0.001012,0.115290,0.581874,-0.000000,-0.000000,0.015795,-0.004134,0.119055,0.582490,-0.008394,0.002901,0.037128,0.000000,0.000000,-0.021117,-0.000649,0.000450,-0.020269,0.406141,0.160390,0.000000,0.000000,0.000000
7.480000,0.000000,0.000000,0.593700,0.000000,0.000000,0.000000,-0.021117,0.000000,-0.001012,0.115290,0.582062,-0.000000,-0.000000,0.015544,-0.004217,0.119086,0.582937,-0.006782,0.001242,0.035991,0.000000,0.000000,-0.021117,-0.000609,0.000469,-0.020338,0.405462,0.160231,0.000000,0.000000,0.000000
7.492000,0.000000,0.000000,0.593700,0.000000,0.000000,0.000000,-0.021117,0.000000,-0.001012,0.115290,0.582247,-0.000000,-0.000000,0.015297,-0.004212,0.119100,0.583395,-0.001879,-0.000180,0.038193,0.000000,0.000000,-0.021117,-0.000592,0.000467,-0.020408,0.404836,0.160091,0.000000,0.000000,0.000000
7.504000,0.000000,0.000000,0.593700,0.000000,0.000000,0.000000,-0.021117,0.000000,-0.001012,0.115290,0.582429,-0.000000,-0.000000,0.015054,-0.004154,0.119098,0.583881,0.003587,-0.001224,0.036563,0.000000,0.000000,-0.021117,-0.000565,0.000454,-0.020476,0.404201,0.159963,0.000000,0.000000,0.000000
7.516000,0.000000,0.000000,0.593700,0.000000,0.000000,0.000000,-0.021117,0.000000,-0.001012,0.115290,0.582608,-0.000000,-0.000000,0.014814,-0.004095,0.119084,0.584242,0.007633,-0.001781,0.015915,0.000000,0.000000,-0.021117,-0.000522,0.000402,-0.020534,0.403775,0.159923,0.000000,0.000000,0.000000
7.528000,0.000000,0.000000,0.593700,0.000000,0.000000,0.000000,-0.021117,0.000000,-0.001012,0.115290,0.582784,-0.000000,-0.000000,0.014579,-0.004022,0.119062,0.584244,0.010329,-0.002397,-0.008244,0.000000,0.000000,-0.021117,-0.000461,0.000305,-0.020611,0.403930,0.160066,0.000000,0.000000,0.000000
7.540000,0.000000,0.000000,0.593700,0.000000,0.000000,0.000000,-0.021117,0.000000,-0.001012,0.115290,0.582958,0.000000,-0.000000,0.014347,-0.003929,0.119030,0.583975,0.011667,-0.003279,-0.025416,0.000000,0.000000,-0.021117,-0.000377,0.000152,-0.020718,0.405329,0.160691,0.000000,0.000000,0.000000
7.552000,0.000000,0.000000,0.593700,0.000000,0.000000,0.000000,-0.021117,0.000000,-0.001012,0.115290,0.583129,0.000000,-0.000000,0.014119,-0.003818,0.118987,0.583530,0.012116,-0.004353,-0.032408,0.000000,0.000000,-0.021117,-0.000268,-0.000036,-0.020832,0.408629,0.162006,0.000000,0.000000,0.000000
7.564000,0.000000,0.000000,0.593700,0.000000,0.000000,0.000000,-0.021117,0.000000,-0.001012,0.115290,0.583297,-0.000000,-0.000000,0.013894,-0.003695,0.118933,0.583064,0.011383,-0.005302,-0.027623,0.000000,0.000000,-0.021117,-0.000147,-0.000202,-0.020942,0.414403,0.164107,0.000000,0.000000,0.000000
7.576000,0.000000,0.000000,0.593700,0.000000,0.000000,0.000000,-0.021117,0.000000,-0.001012,0.115290,0.583462,-0.000000,-0.000000,0.013674,-0.003573,0.118871,0.582712,0.009686,-0.005855,-0.013641,0.000000,0.000000,-0.021117,-0.000039,-0.000298,-0.021046,0.422850,0.166931,0.000000,0.000000,0.000000
7.588000,0.000000,0.000000,0.593700,0.000000,0.000000,0.000000,-0.021117,0.000000,-0.001012,0.115290,0.583625,-0.000000,-0.000000,0.013456,-0.003458,0.118807,0.582580,0.007972,-0.005920,0.005844,0.000000,0.000000,-0.021117,0.000023,-0.000307,-0.021146,0.433429,0.170197,0.000000,0.000000,0.000000
7.600000,0.000000,0.000000,0.593700,0.000000,0.000000,0.000000,-0.021117,0.000000,-0.001012,0.115290,0.583785,0.000000,-0.000000,0.013242,-0.003347,0.118743,0.582716,0.007225,-0.005545,0.026510,0.000000,0.000000,-0.021117,0.000012,-0.000229,-0.021245,0.444708,0.173410,0.000000,0.000000,0.000000
7.612000,0.000000,0.000000,0.593700,0.000000,0.000000,0.000000,-0.021117,0.000000,-0.001012,0.115290,0.583943,0.000000,-0.000000,0.013032,-0.003232,0.118685,0.583119,0.007577,-0.004743,0.044917,0.000000,0.000000,-0.021117,-0.000083,-0.000056,-0.021342,0.454641,0.175980,0.000000,0.000000,0.000000
7.624000,0.000000,0.000000,0.593700,0.000000,0.000000,0.000000,-0.021117,0.000000,-0.001012,0.115290,0.584098,0.000000,0.000000,0.012824,-0.003107,0.118636,0.583747,0.008330,-0.003541,0.058304,0.000000,0.000000,-0.021117,-0.000254,0.000217,-0.021436,0.461165,0.177394,0.000000,0.000000,0.000000
7.636000,0.000000,0.000000,0.593700,0.000000,0.000000,0.000000,-0.021117,0.000000,-0.001012,0.115290,0.584251,0.000000,0.000000,0.012621,-0.002978,0.118598,0.584519,0.008703,-0.002107,0.064771,0.000000,0.000000,-0.021117,-0.000471,0.000566,-0.021531,0.462851,0.177364,0.000000,0.000000,0.000000
7.648000,0.000000,0.000000,0.593700,0.000000,0.000000,0.000000,-0.021117,0.000000,-0.001012,0.115290,0.584401,0.000000,0.000000,0.012420,-0.002851,0.118573,0.585348,0.008911,-0.000710,0.064461,0.000000,0.000000,-0.021117,-0.000690,0.000925,-0.021621,0.459358,0.175890,0.000000,0.000000,0.000000
7.660000,0.000000,0.000000,0.593700,0.000000,0.000000,0.000000,-0.021117,0.000000,-0.001012,0.115290,0.584549,0.000000,0.000000,0.012222,-0.002730,0.118561,0.586145,0.008616,0.000532,0.057800,0.000000,0.000000,-0.021117,-0.000862,0.001252,-0.021705,0.451544,0.173263,0.000000,0.000000,0.000000
7.672000,0.000000,0.000000,0.593700,0.000000,0.000000,0.000000,-0.021117,0.000000,-0.001012,0.115290,0.584694,0.000000,0.000000,0.012028,-0.002630,0.118562,0.586831,0.007028,0.001600,0.045722,0.000000,0.000000,-0.021117,-0.000953,0.001526,-0.021779,0.441072,0.169964,0.000000,0.000000,0.000000
7.684000,0.000000,0.000000,0.593700,0.000000,0.000000,0.000000,-0.021117,0.000000,-0.001012,0.115290,0.584837,0.000000,-0.000000,0.011837,-0.002569,0.118575,0.587340,0.004303,0.002289,0.029722,0.000000,0.000000,-0.021117,-0.000951,0.001706,-0.021838,0.429896,0.166546,0.000000,0.000000,0.000000
7.696000,0.000000,0.000000,0.593700,0.000000,0.000000,0.000000,-0.021117,0.000000,-0.001012,0.115290,0.584978,-0.000000,-0.000000,0.011649,-0.002555,0.118596,0.587628,0.001214,0.002435,0.011498,0.000000,0.000000,-0.021117,-0.000856,0.001755,-0.021881,0.419755,0.163381,0.000000,0.000000,0.000000
7.706000,0.000000,0.000000,0.593700,0.000000,0.000000,0.000000,-0.021117,0.000000,-0.001012,0.115290,0.585094,-0.000000,-0.000000,0.011494,-0.002577,0.118616,0.587682,-0.001060,0.002105,-0.003932,0.000000,0.000000,-0.021117,-0.000719,0.001690,-0.021902,0.412915,0.161017,0.000000,0.000000,0.000000
7.718000,0.000000,0.000000,0.593700,0.000000,0.000000,0.000000,-0.021117,0.000000,-0.001012,0.115290,0.585231,-0.000000,-0.000000,0.011311,-0.002643,0.118632,0.587534,-0.004304,0.001269,-0.024372,0.000000,0.000000,-0.021117,-0.000495,0.001496,-0.021934,0.406920,0.158986,0.000000,0.000000,0.000000
7.730000,0.000000,0.000000,0.593700,0.000000,0.000000,0.000000,-0.021117,0.000000,-0.001012,0.115290,0.585365,0.000000,-0.000000,0.011132,-0.002683,0.118673,0.587332,0.000099,-0.000071,0.006656,0.000000,0.000000,-0.021117,-0.000548,0.001222,-0.021966,0.405741,0.158983,0.000000,0.000000,0.000000
7.742000,0.000000,0.000000,0.593700,0.000000,0.000000,0.000000,-0.021117,0.000000,-0.001012,0.115290,0.585498,-0.000000,0.000000,0.010955,-0.002686,0.118690,0.587379,0.001921,-0.000033,0.012299,0.000000,0.000000,-0.021117,-0.000470,0.001020,-0.022004,0.404701,0.158897,0.000000,0.000000,0.000000
7.754000,0.000000,0.000000,0.593700,0.000000,0.000000,0.000000,-0.021117,0.000000,-0.001012,0.115290,0.585628,-0.000000,-0.000000,0.010780,-0.002659,0.118712,0.587541,0.002243,-0.000033,0.024256,0.000000,0.000000,-0.021117,-0.000466,0.000843,-0.021975,0.403916,0.158872,0.000000,0.000000,0.000000
7.766000,0.000000,0.000000,0.593700,0.000000,0.000000,0.000000,-0.021117,0.000000,-0.001012,0.115290,0.585757,0.000000,0.000000,0.010609,-0.002637,0.118707,0.587845,0.000610,-0.001208,0.030311,0.000000,0.000000,-0.021117,-0.000444,0.000757,-0.021899,0.403218,0.158754,0.000000,0.000000,0.000000
7.778000,0.000000,0.000000,0.593700,0.000000,0.000000,0.000000,-0.021117,0.000000,-0.001012,0.115290,0.585883,0.000000,-0.000000,0.010440,-0.002636,0.118689,0.588228,-0.001545,-0.002217,0.030587,0.000000,0.000000,-0.021117,-0.000419,0.000699,-0.021815,0.402580,0.158632,0.000000,0.000000,0.000000
7.790000,0.000000,0.000000,0.593700,0.000000,0.000000,0.000000,-0.021117,0.000000,-0.001012,0.115290,0.586007,0.000000,0.000000,0.010274,-0.002606,0.118662,0.588659,-0.000836,-0.002939,0.032767,0.000000,0.000000,-0.021117,-0.000384,0.000665,-0.021733,0.401979,0.158503,0.000000,0.000000,0.000000
7.802000,0.000000,0.000000,0.593700,0.000000,0.000000,0.000000,-0.021117,0.000000,-0.001012,0.115290,0.586130,-0.000000,-0.000000,0.010111,-0.002542,0.118628,0.589122,0.001653,-0.003397,0.032163,0.000000,0.000000,-0.021117,-0.000350,0.000640,-0.021657,0.401372,0.158371,0.000000,0.000000,0.000000
7.814000,0.000000,0.000000,0.593700,0.000000,0.000000,0.000000,-0.021117,0.000000,-0.001012,0.115290,0.586250,-0.000000,-0.000000,0.009950,-0.002512,0.118589,0.589507,0.004200,-0.003407,0.013984,0.000000,0.000000,-0.021117,-0.000296,0.000560,-0.021603,0.400970,0.158301,0.000000,0.000000,0.000000
7.826000,0.000000,0.000000,0.593700,0.000000,0.000000,0.000000,-0.021117,0.000000,-0.001012,0.115290,0.586368,-0.000000,-0.000000,0.009792,-0.002499,0.118552,0.589526,0.005799,-0.003229,-0.010208,0.000000,0.000000,-0.021117,-0.000253,0.000439,-0.021547,0.401052,0.158364,0.000000,0.000000,0.000000
7.838000,0.000000,0.000000,0.593700,0.000000,0.000000,0.000000,-0.021117,0.000000,-0.001012,0.115290,0.586485,0.000000,0.000000,0.009636,-0.002487,0.118522,0.589269,0.005525,-0.002391,-0.028666,0.000000,0.000000,-0.021117,-0.000246,0.000258,-0.021454,0.402153,0.158855,0.000000,0.000000,0.000000
7.850000,0.000000,0.000000,0.593700,0.000000,0.000000,0.000000,-0.021117,0.000000,-0.001012,0.115290,0.586600,0.000000,0.000000,0.009483,-0.002475,0.118503,0.588823,0.004105,-0.000921,-0.037322,0.000000,0.000000,-0.021117,-0.000288,0.000034,-0.021340,0.404921,0.160011,0.000000,0.000000,0.000000
7.862000,0.000000,0.000000,0.593700,0.000000,0.000000,0.000000,-0.021117,0.000000,-0.001012,0.115290,0.586713,-0.000000,0.000000,0.009332,-0.002469,0.118502,0.588321,0.001716,0.000816,-0.034776,0.000000,0.000000,-0.021117,-0.000377,-0.000182,-0.021224,0.409953,0.161961,0.000000,0.000000,0.000000
7.874000,0.000000,0.000000,0.593700,0.000000,0.000000,0.000000,-0.021117,0.000000,-0.001012,0.115290,0.586824,-0.000000,-0.000000,0.009184,-0.002478,0.118517,0.587904,-0.001315,0.002392,-0.022522,0.000000,0.000000,-0.021117,-0.000494,-0.000343,-0.021112,0.417566,0.164677,0.000000,0.000000,0.000000
7.886000,0.000000,0.000000,0.593700,0.000000,0.000000,0.000000,-0.021117,0.000000,-0.001012,0.115290,0.586933,-0.000000,-0.000000,0.009038,-0.002505,0.118545,0.587682,-0.004111,0.003525,-0.004003,0.000000,0.000000,-0.021117,-0.000602,-0.000426,-0.021003,0.427417,0.167912,0.000000,0.000000,0.000000
7.898000,0.000000,0.000000,0.593700,0.000000,0.000000,0.000000,-0.021117,0.000000,-0.001012,0.115290,0.587041,-0.000000,-0.000000,0.008894,-0.002545,0.118583,0.587717,-0.005640,0.004125,0.016600,0.000000,0.000000,-0.021117,-0.000663,-0.000435,-0.020897,0.438277,0.171193,0.000000,0.000000,0.000000
7.910000,0.000000,0.000000,0.593700,0.000000,0.000000,0.000000,-0.021117,0.000000,-0.001012,0.115290,0.587146,0.000000,-0.000000,0.008753,-0.002580,0.118624,0.588018,-0.005483,0.004199,0.035418,0.000000,0.000000,-0.021117,-0.000652,-0.000368,-0.020794,0.448218,0.173928,0.000000,0.000000,0.000000
7.922000,0.000000,0.000000,0.593700,0.000000,0.000000,0.000000,-0.021117,0.000000,-0.001012,0.115290,0.587251,-0.000000,-0.000000,0.008614,-0.002599,0.118666,0.588545,-0.004158,0.003785,0.049546,0.000000,0.000000,-0.021117,-0.000562,-0.000212,-0.020696,0.455174,0.175575,0.000000,0.000000,0.000000
7.934000,0.000000,0.000000,0.593700,0.000000,0.000000,0.000000,-0.021117,0.000000,-0.001012,0.115290,0.587353,-0.000000,0.000000,0.008477,-0.002599,0.118704,0.589228,-0.002719,0.002986,0.057249,0.000000,0.000000,-0.021117,-0.000411,0.000038,-0.020602,0.457619,0.175797,0.000000,0.000000,0.000000
7.946000,0.000000,0.000000,0.593700,0.000000,0.000000,0.000000,-0.021117,0.000000,-0.001012,0.115290,0.587454,-0.000000,-0.000000,0.008342,-0.002592,0.118736,0.589978,-0.002115,0.002000,0.057988,0.000000,0.000000,-0.021117,-0.000229,0.000364,-0.020514,0.455040,0.174550,0.000000,0.000000,0.000000
7.956000,0.000000,0.000000,0.593700,0.000000,0.000000,0.000000,-0.021117,0.000000,-0.001012,0.115290,0.587537,-0.000000,-0.000000,0.008231,-0.002594,0.118756,0.590589,-0.002589,0.001219,0.053590,0.000000,0.000000,-0.021117,-0.000085,0.000660,-0.020448,0.449469,0.172560,0.000000,0.000000,0.000000
7.968000,0.000000,0.000000,0.593700,0.000000,0.000000,0.000000,-0.021117,0.000000,-0.001012,0.115290,0.587635,-0.000000,0.000000,0.008100,-0.002624,0.118775,0.591238,-0.004448,0.000511,0.043180,0.000000,0.000000,-0.021117,0.000041,0.000994,-0.020379,0.439937,0.169419,0.000000,0.000000,0.000000
7.980000,0.000000,0.000000,0.593700,0.000000,0.000000,0.000000,-0.021117,0.000000,-0.001012,0.115290,0.587731,-0.000000,-0.000000,0.007972,-0.002700,0.118788,0.591729,-0.007589,0.000222,0.028437,0.000000,0.000000,-0.021117,0.000090,0.001255,-0.020325,0.429079,0.165979,0.000000,0.000000,0.000000
7.992000,0.000000,0.000000,0.593700,0.000000,0.000000,0.000000,-0.021117,0.000000,-0.001012,0.115290,0.587826,0.000000,-0.000000,0.007845,-0.002835,0.118800,0.592015,-0.011470,0.000512,0.011002,0.000000,0.000000,-0.021117,0.000049,0.001396,-0.020287,0.418699,0.162763,0.000000,0.000000,0.000000
8.002000,0.000000,0.000000,0.593700,0.000000,0.000000,0.000000,-0.021117,0.000000,-0.001012,0.115290,0.587904,0.000000,-0.000000,0.007741,-0.002994,0.118813,0.592075,-0.014688,0.001280,-0.004236,0.000000,0.000000,-0.021117,-0.000051,0.001398,-0.020268,0.411366,0.160532,0.000000,0.000000,0.000000
8.014000,0.000000,0.000000,0.593700,0.000000,0.000000,0.000000,-0.021117,0.000000,-0.001012,0.115290,0.587996,-0.000000,-0.000000,0.007618,-0.003232,0.118839,0.591932,-0.017815,0.002870,-0.021672,0.000000,0.000000,-0.021117,-0.000234,0.001249,-0.020259,0.404666,0.158553,0.000000,0.000000,0.000000
8.024000,0.000000,0.000000,0.593700,0.000000,0.000000,0.000000,-0.021117,0.000000,-0.001012,0.115290,0.588072,0.000000,0.000000,0.007517,-0.003449,0.118871,0.591642,-0.017213,0.003798,-0.009789,-0.001161,-0.000343,-0.021118,-0.000437,0.000984,-0.020218,0.402017,0.158004,0.000000,0.000000,0.000000
8.036000,0.000000,0.000000,0.593700,0.000000,0.000000,0.000000,-0.021117,0.000000,-0.001012,0.115290,0.588162,0.000000,0.000000,0.007397,-0.003656,0.118900,0.591553,-0.014670,0.003197,0.006897,0.000000,0.000000,-0.021117,-0.000658,0.000668,-0.020207,0.401044,0.158019,0.000000,0.000000,0.000000
8.048000,0.000000,0.000000,0.593700,0.000000,0.000000,0.000000,-0.021117,0.000000,-0.001012,0.115290,0.588250,0.000000,0.000000,0.007280,-0.003822,0.118960,0.591634,-0.011934,0.005232,0.015767,0.000000,0.000000,-0.021117,-0.000654,0.000440,-0.020213,0.400116,0.158022,0.000000,0.000000,0.000000
8.060000,0.000000,0.000000,0.593700,0.000000,0.000000,0.000000,-0.021117,0.000000,-0.001012,0.115290,0.588336,0.000000,-0.000000,0.007164,-0.003939,0.119015,0.591835,-0.009348,0.003702,0.023602,0.000000,0.000000,-0.021117,-0.000568,0.000458,-0.020266,0.399376,0.157969,0.000000,0.000000,0.000000
8.072000,0.000000,0.000000,0.593700,0.000000,0.000000,0.000000,-0.021117,0.000000,-0.001012,0.115290,0.588422,-0.000000,-0.000000,0.007050,-0.004040,0.119054,0.592118,-0.007750,0.001952,0.023598,0.000000,0.000000,-0.021117,-0.000528,0.000487,-0.020333,0.398713,0.157912,0.000000,0.000000,0.000000
8.084000,0.000000,0.000000,0.593700,0.000000,0.000000,0.000000,-0.021117,0.000000,-0.001012,0.115290,0.588505,0.000000,0.000000,0.006938,-0.004093,0.119074,0.592412,-0.004911,0.000343,0.023533,0.000000,0.000000,-0.021117,-0.000516,0.000489,-0.020404,0.398144,0.157849,0.000000,0.000000,0.000000
8.096000,0.000000,0.000000,0.593700,0.000000,0.000000,0.000000,-0.021117,0.000000,-0.001012,0.115290,0.588588,-0.000000,-0.000000,0.006827,-0.004058,0.119077,0.592727,0.000572,-0.000993,0.026962,0.000000,0.000000,-0.021117,-0.000511,0.000477,-0.020473,0.397618,0.157770,0.000000,0.000000,0.000000
8.108000,0.000000,0.000000,0.593700,0.000000,0.000000,0.000000,-0.021117,0.000000,-0.001012,0.115290,0.588669,-0.000000,-0.000000,0.006719,-0.004002,0.119064,0.593083,0.004957,-0.001887,0.022928,0.000000,0.000000,-0.021117,-0.000487,0.000449,-0.020540,0.397101,0.157672,0.000000,0.000000,0.000000
8.120000,0.000000,0.000000,0.593700,0.000000,0.000000,0.000000,-0.021117,0.000000,-0.001012,0.115290,0.588749,-0.000000,-0.000000,0.006612,-0.003941,0.119044,0.593198,0.008471,-0.002369,-0.002407,0.000000,0.000000,-0.021117,-0.000446,0.000372,-0.020603,0.396895,0.157665,0.000000,0.000000,0.000000
8.132000,0.000000,0.000000,0.593700,0.000000,0.000000,0.000000,-0.021117,0.000000,-0.001012,0.115290,0.588828,-0.000000,0.000000,0.006507,-0.003858,0.119014,0.592976,0.010591,-0.003054,-0.025686,0.000000,0.000000,-0.021117,-0.000384,0.000252,-0.020697,0.397403,0.157899,0.000000,0.000000,0.000000
8.144000,0.000000,0.000000,0.593700,0.000000,0.000000,0.000000,-0.021117,0.000000,-0.001012,0.115290,0.588905,-0.000000,-0.000000,0.006404,-0.003753,0.118973,0.592499,0.011407,-0.004009,-0.040125,0.000000,0.000000,-0.021117,-0.000297,0.000081,-0.020812,0.399281,0.158660,0.000000,0.000000,0.000000
8.156000,0.000000,0.000000,0.593700,0.000000,0.000000,0.000000,-0.021117,0.000000,-0.001012,0.115290,0.588982,0.000000,-0.000000,0.006302,-0.003630,0.118921,0.591889,0.012029,-0.005109,-0.043661,0.000000,0.000000,-0.021117,-0.000186,-0.000118,-0.020926,0.403201,0.160133,0.000000,0.000000,0.000000
8.168000,0.000000,0.000000,0.593700,0.000000,0.000000,0.000000,-0.021117,0.000000,-0.001012,0.115290,0.589057,0.000000,0.000000,0.006202,-0.003492,0.118859,0.591301,0.011834,-0.005914,-0.035508,0.000000,0.000000,-0.021117,-0.000067,-0.000282,-0.021029,0.409724,0.162413,0.000000,0.000000,0.000000
8.180000,0.000000,0.000000,0.593700,0.000000,0.000000,0.000000,-0.021117,0.000000,-0.001012,0.115290,0.589131,-0.000000,-0.000000,0.006103,-0.003355,0.118792,0.590870,0.010430,-0.006188,-0.019036,0.000000,0.000000,-0.021117,0.000028,-0.000358,-0.021125,0.418849,0.165442,0.000000,0.000000,0.000000
8.192000,0.000000,0.000000,0.593700,0.000000,0.000000,0.000000,-0.021117,0.000000,-0.001012,0.115290,0.589203,-0.000000,0.000000,0.006006,-0.003225,0.118725,0.590685,0.008912,-0.005956,0.001708,0.000000,0.000000,-0.021117,0.000067,-0.000331,-0.021221,0.429741,0.168914,0.000000,0.000000,0.000000
8.204000,0.000000,0.000000,0.593700,0.000000,0.000000,0.000000,-0.021117,0.000000,-0.001012,0.115290,0.589275,-0.000000,-0.000000,0.005910,-0.003102,0.118662,0.590781,0.008232,-0.005330,0.022462,0.000000,0.000000,-0.021117,0.000025,-0.000205,-0.021317,0.440722,0.172051,0.000000,0.000000,0.000000
8.216000,0.000000,0.000000,0.593700,0.000000,0.000000,0.000000,-0.021117,0.000000,-0.001012,0.115290,0.589345,0.000000,0.000000,0.005816,-0.002976,0.118606,0.591140,0.008430,-0.004317,0.039792,0.000000,0.000000,-0.021117,-0.000099,0.000027,-0.021413,0.449689,0.174300,0.000000,0.000000,0.000000
8.226000,0.000000,0.000000,0.593700,0.000000,0.000000,0.000000,-0.021117,0.000000,-0.001012,0.115290,0.589403,-0.000000,-0.000000,0.005739,-0.002871,0.118568,0.591597,0.008461,-0.003188,0.049757,0.000000,0.000000,-0.021117,-0.000255,0.000304,-0.021494,0.454228,0.175217,0.000000,0.000000,0.000000
8.238000,0.000000,0.000000,0.593700,0.000000,0.000000,0.000000,-0.021117,0.000000,-0.001012,0.115290,0.589471,-0.000000,-0.000000,0.005648,-0.002753,0.118534,0.592265,0.008096,-0.001685,0.055442,0.000000,0.000000,-0.021117,-0.000479,0.000691,-0.021588,0.455120,0.174973,0.000000,0.000000,0.000000
8.250000,0.000000,0.000000,0.593700,0.000000,0.000000,0.000000,-0.021117,0.000000,-0.001012,0.115290,0.589538,-0.000000,-0.000000,0.005558,-0.002645,0.118514,0.592980,0.007721,-0.000342,0.054229,0.000000,0.000000,-0.021117,-0.000697,0.001065,-0.021678,0.450978,0.173323,0.000000,0.000000,0.000000
8.262000,0.000000,0.000000,0.593700,0.000000,0.000000,0.000000,-0.021117,0.000000,-0.001012,0.115290,0.589605,-0.000000,-0.000000,0.005470,-0.002550,0.118505,0.593650,0.006839,0.000792,0.046622,0.000000,0.000000,-0.021117,-0.000858,0.001386,-0.021762,0.442788,0.170595,0.000000,0.000000,0.000000
8.274000,0.000000,0.000000,0.593700,0.000000,0.000000,0.000000,-0.021117,0.000000,-0.001012,0.115290,0.589670,-0.000000,-0.000000,0.005383,-0.002479,0.118508,0.594195,0.005081,0.001638,0.033597,0.000000,0.000000,-0.021117,-0.000935,0.001622,-0.021836,0.432270,0.167290,0.000000,0.000000,0.000000
8.286000,0.000000,0.000000,0.593700,0.000000,0.000000,0.000000,-0.021117,0.000000,-0.001012,0.115290,0.589734,0.000000,0.000000,0.005297,-0.002441,0.118521,0.594547,0.002855,0.002068,0.016875,0.000000,0.000000,-0.021117,-0.000914,0.001755,-0.021893,0.421405,0.163958,0.000000,0.000000,0.000000
8.298000,0.000000,0.000000,0.593700,0.000000,0.000000,0.000000,-0.021117,0.000000,-0.001012,0.115290,0.589797,0.000000,0.000000,0.005213,-0.002449,0.118541,0.594674,-0.000383,0.002137,-0.001348,0.000000,0.000000,-0.021117,-0.000808,0.001788,-0.021933,0.411811,0.160861,0.000000,0.000000,0.000000
8.310000,0.000000,0.000000,0.593700,0.000000,0.000000,0.000000,-0.021117,0.000000,-0.001012,0.115290,0.589859,-0.000000,0.000000,0.005130,-0.002506,0.118561,0.594564,-0.003152,0.001496,-0.019311,0.000000,0.000000,-0.021117,-0.000637,0.001674,-0.021955,0.404386,0.158335,0.000000,0.000000,0.000000
8.322000,0.000000,0.000000,0.593700,0.000000,0.000000,0.000000,-0.021117,0.000000,-0.001012,0.115290,0.589920,-0.000000,-0.000000,0.005049,-0.002591,0.118591,0.594207,-0.003408,0.001519,-0.018564,0.000000,0.000000,-0.021117,-0.000485,0.001381,-0.022007,0.399987,0.157033,0.000000,0.000000,0.000000
8.334000,0.000000,0.000000,0.593700,0.000000,0.000000,0.000000,-0.021117,0.000000,-0.001012,0.115290,0.589980,0.000000,-0.000000,0.004968,-0.002613,0.118615,0.594021,0.000481,0.000690,0.001498,0.000000,0.000000,-0.021117,-0.000507,0.001083,-0.022023,0.399353,0.157195,0.000000,0.000000,0.000000
8.346000,0.000000,0.000000,0.593700,0.000000,0.000000,0.000000,-0.021117,0.000000,-0.001012,0.115290,0.590039,-0.000000,-0.000000,0.004889,-0.002603,0.118618,0.594018,0.002342,-0.000122,0.007042,0.000000,0.000000,-0.021117,-0.000470,0.000903,-0.022037,0.398544,0.157193,0.000000,0.000000,0.000000
8.358000,0.000000,0.000000,0.593700,0.000000,0.000000,0.000000,-0.021117,0.000000,-0.001012,0.115290,0.590097,0.000000,0.000000,0.004812,-0.002571,0.118612,0.594122,0.001601,-0.001206,0.018506,0.000000,0.000000,-0.021117,-0.000446,0.000785,-0.021985,0.397951,0.157134,0.000000,0.000000,0.000000
8.370000,0.000000,0.000000,0.593700,0.000000,0.000000,0.000000,-0.021117,0.000000,-0.001012,0.115290,0.590155,0.000000,0.000000,0.004735,-0.002560,0.118594,0.594359,-0.000444,-0.002153,0.021760,0.000000,0.000000,-0.021117,-0.000421,0.000718,-0.021905,0.397436,0.157039,0.000000,0.000000,0.000000
8.382000,0.000000,0.000000,0.593700,0.000000,0.000000,0.000000,-0.021117,0.000000,-0.001012,0.115290,0.590211,-0.000000,-0.000000,0.004660,-0.002558,0.118566,0.594648,-0.001701,-0.002921,0.022032,0.000000,0.000000,-0.021117,-0.000392,0.000671,-0.021818,0.396989,0.156939,0.000000,0.000000,0.000000
8.394000,0.000000,0.000000,0.593700,0.000000,0.000000,0.000000,-0.021117,0.000000,-0.001012,0.115290,0.590267,0.000000,0.000000,0.004586,-0.002513,0.118532,0.594985,0.000621,-0.003412,0.025164,0.000000,0.000000,-0.021117,-0.000356,0.000643,-0.021733,0.396568,0.156835,0.000000,0.000000,0.000000
8.406000,0.000000,0.000000,0.593700,0.000000,0.000000,0.000000,-0.021117,0.000000,-0.001012,0.115290,0.590321,-0.000000,-0.000000,0.004513,-0.002473,0.118491,0.595398,0.002606,-0.003642,0.023962,0.000000,0.000000,-0.021117,-0.000318,0.000603,-0.021654,0.396121,0.156724,0.000000,0.000000,0.000000
8.418000,0.000000,0.000000,0.593700,0.000000,0.000000,0.000000,-0.021117,0.000000,-0.001012,0.115290,0.590375,-0.000000,-0.000000,0.004441,-0.002449,0.118453,0.595567,0.003304,-0.003323,-0.000731,0.000000,0.000000,-0.021117,-0.000277,0.000496,-0.021591,0.395992,0.156737,0.000000,0.000000,0.000000
8.430000,0.000000,0.000000,0.593700,0.000000,0.000000,0.000000,-0.021117,0.000000,-0.001012,0.115290,0.590428,-0.000000,0.000000,0.004370,-0.002435,0.118419,0.595386,0.004735,-0.002720,-0.024745,0.000000,0.000000,-0.021117,-0.000257,0.000341,-0.021515,0.396403,0.156939,0.000000,0.000000,0.000000
8.442000,0.000000,0.000000,0.593700,0.000000,0.000000,0.000000,-0.021117,0.000000,-0.001012,0.115290,0.590480,0.000000,0.000000,0.004301,-0.002422,0.118394,0.594956,0.005008,-0.001619,-0.040369,0.000000,0.000000,-0.021117,-0.000273,0.000137,-0.021413,0.398024,0.157630,0.000000,0.000000,0.000000
8.454000,0.000000,0.000000,0.593700,0.000000,0.000000,0.000000,-0.021117,0.000000,-0.001012,0.115290,0.590531,0.000000,-0.000000,0.004233,-0.002410,0.118384,0.594379,0.003624,-0.000091,-0.045397,0.000000,0.000000,-0.021117,-0.000331,-0.000082,-0.021301,0.401503,0.159023,0.000000,0.000000,0.000000
8.466000,0.000000,0.000000,0.593700,0.000000,0.000000,0.000000,-0.021117,0.000000,-0.001012,0.115290,0.590581,0.000000,-0.000000,0.004165,-0.002408,0.118390,0.593794,0.000794,0.001545,-0.039410,0.000000,0.000000,-0.021117,-0.000425,-0.000266,-0.021193,0.407380,0.161212,0.000000,0.000000,0.000000
8.476000,0.000000,0.000000,0.593700,0.000000,0.000000,0.000000,-0.021117,0.000000,-0.001012,0.115290,0.590623,-0.000000,-0.000000,0.004110,-0.002421,0.118407,0.593398,-0.002094,0.002750,-0.027557,0.000000,0.000000,-0.021117,-0.000516,-0.000369,-0.021108,0.414236,0.163592,0.000000,0.000000,0.000000
8.488000,0.000000,0.000000,0.593700,0.000000,0.000000,0.000000,-0.021117,0.000000,-0.001012,0.115290,0.590672,0.000000,0.000000,0.004045,-0.002457,0.118440,0.593120,-0.005038,0.003838,-0.008324,0.000000,0.000000,-0.021117,-0.000609,-0.000432,-0.021009,0.424348,0.166858,0.000000,0.000000,0.000000
8.500000,0.000000,0.000000,0.593700,0.000000,0.000000,0.000000,-0.021117,0.000000,-0.001012,0.115290,0.590720,-0.000000,0.000000,0.003980,-0.002503,0.118481,0.593105,-0.006301,0.004448,0.012395,0.000000,0.000000,-0.021117,-0.000656,-0.000440,-0.020909,0.435209,0.170092,0.000000,0.000000,0.000000
8.512000,0.000000,0.000000,0.593700,0.000000,0.000000,0.000000,-0.021117,0.000000,-0.001012,0.115290,0.590767,0.000000,0.000000,0.003917,-0.002539,0.118527,0.593346,-0.005434,0.004570,0.030343,0.000000,0.000000,-0.021117,-0.000636,-0.000382,-0.020804,0.444852,0.172697,0.000000,0.000000,0.000000
8.524000,0.000000,0.000000,0.593700,0.000000,0.000000,0.000000,-0.021117,0.000000,-0.001012,0.115290,0.590814,0.000000,0.000000,0.003855,-0.002553,0.118574,0.593804,-0.003861,0.004105,0.043838,0.000000,0.000000,-0.021117,-0.000546,-0.000207,-0.020698,0.451282,0.174143,0.000000,0.000000,0.000000
8.536000,0.000000,0.000000,0.593700,0.000000,0.000000,0.000000,-0.021117,0.000000,-0.001012,0.115290,0.590860,0.000000,0.000000,0.003794,-0.002559,0.118615,0.594416,-0.003469,0.003175,0.051050,0.000000,0.000000,-0.021117,-0.000393,0.000100,-0.020593,0.453070,0.174136,0.000000,0.000000,0.000000
8.548000,0.000000,0.000000,0.593700,0.000000,0.000000,0.000000,-0.021117,0.000000,-0.001012,0.115290,0.590905,0.000000,0.000000,0.003733,-0.002578,0.118650,0.595093,-0.003982,0.002250,0.051237,0.000000,0.000000,-0.021117,-0.000211,0.000461,-0.020491,0.449847,0.172687,0.000000,0.000000,0.000000
8.560000,0.000000,0.000000,0.593700,0.000000,0.000000,0.000000,-0.021117,0.000000,-0.001012,0.115290,0.590949,0.000000,0.000000,0.003674,-0.002615,0.118679,0.595744,-0.004960,0.001587,0.044939,0.000000,0.000000,-0.021117,-0.000050,0.000789,-0.020397,0.442410,0.170084,0.000000,0.000000,0.000000
8.572000,0.000000,0.000000,0.593700,0.000000,0.000000,0.000000,-0.021117,0.000000,-0.001012,0.115290,0.590993,-0.000000,-0.000000,0.003615,-0.002675,0.118705,0.596287,-0.006624,0.001266,0.033153,0.000000,0.000000,-0.021117,0.000045,0.001037,-0.020313,0.432387,0.166814,0.000000,0.000000,0.000000
8.584000,0.000000,0.000000,0.593700,0.000000,0.000000,0.000000,-0.021117,0.000000,-0.001012,0.115290,0.591036,0.000000,0.000000,0.003558,-0.002768,0.118728,0.596647,-0.008808,0.001421,0.016562,0.000000,0.000000,-0.021117,0.000054,0.001171,-0.020247,0.421720,0.163430,0.000000,0.000000,0.000000
8.596000,0.000000,0.000000,0.593700,0.000000,0.000000,0.000000,-0.021117,0.000000,-0.001012,0.115290,0.591078,0.000000,0.000000,0.003501,-0.002894,0.118755,0.596766,-0.010927,0.002018,-0.001777,0.000000,0.000000,-0.021117,-0.000028,0.001216,-0.020201,0.412184,0.160417,0.000000,0.000000,0.000000
8.608000,0.000000,0.000000,0.593700,0.000000,0.000000,0.000000,-0.021117,0.000000,-0.001012,0.115290,0.591120,0.000000,0.000000,0.003446,-0.003078,0.118784,0.596657,-0.015159,0.002847,-0.019644,0.000000,0.000000,-0.021117,-0.000170,0.001223,-0.020174,0.404703,0.158088,0.000000,0.000000,0.000000
8.620000,0.000000,0.000000,0.593700,0.000000,0.000000,0.000000,-0.021117,0.000000,-0.001012,0.115290,0.591161,0.000000,0.000000,0.003391,-0.003312,0.118899,0.596304,-0.015646,0.014506,-0.026539,0.000000,0.000000,-0.021117,-0.000297,0.001127,-0.020135,0.399889,0.156651,0.000000,0.000000,0.000000
8.632000,0.000000,0.000000,0.593700,0.000000,0.000000,0.000000,-0.021117,0.000000,-0.001012,0.115290,0.591201,0.000000,0.000000,0.003337,-0.003540,0.118966,0.596046,-0.014787,0.017053,-0.001832,0.000000,0.000000,-0.021117,-0.000510,0.000864,-0.020128,0.398675,0.156877,0.000000,0.000000,0.000000
8.644000,0.000000,0.000000,0.593700,0.000000,0.000000,0.000000,-0.021117,0.000000,-0.001012,0.115290,0.591241,0.000000,-0.000000,0.003284,-0.003735,0.118919,0.596022,-0.013761,0.005715,0.005593,0.000000,0.000000,-0.021117,-0.000543,0.000582,-0.020129,0.397616,0.156769,0.000000,0.000000,0.000000
8.656000,0.000000,0.000000,0.593700,0.000000,0.000000,0.000000,-0.021117,0.000000,-0.001012,0.115290,0.591280,0.000000,-0.000000,0.003232,-0.003863,0.118978,0.596111,-0.010350,0.004542,0.016152,0.000000,0.000000,-0.021117,-0.000464,0.000516,-0.020180,0.396869,0.156783,0.000000,0.000000,0.000000
8.668000,0.000000,0.000000,0.593700,0.000000,0.000000,0.000000,-0.021117,0.000000,-0.001012,0.115290,0.591319,-0.000000,-0.000000,0.003180,-0.003973,0.119026,0.596309,-0.008394,0.002788,0.018134,0.000000,0.000000,-0.021117,-0.000437,0.000533,-0.020254,0.396174,0.156750,0.000000,0.000000,0.000000
8.680000,0.000000,0.000000,0.593700,0.000000,0.000000,0.000000,-0.021117,0.000000,-0.001012,0.115290,0.591357,-0.000000,-0.000000,0.003130,-0.004049,0.119055,0.596528,-0.006112,0.001058,0.017222,0.000000,0.000000,-0.021117,-0.000439,0.000527,-0.020338,0.395586,0.156712,0.000000,0.000000,0.000000
8.692000,0.000000,0.000000,0.593700,0.000000,0.000000,0.000000,-0.021117,0.000000,-0.001012,0.115290,0.591394,0.000000,-0.000000,0.003080,-0.004039,0.119066,0.596758,-0.001036,-0.000410,0.019719,0.000000,0.000000,-0.021117,-0.000452,0.000509,-0.020421,0.395067,0.156661,0.000000,0.000000,0.000000
8.704000,0.000000,0.000000,0.593700,0.000000,0.000000,0.000000,-0.021117,0.000000,-0.001012,0.115290,0.591431,0.000000,0.000000,0.003031,-0.003985,0.119061,0.597018,0.004020,-0.001389,0.019142,0.000000,0.000000,-0.021117,-0.000448,0.000479,-0.020498,0.394542,0.156587,0.000000,0.000000,0.000000
8.716000,0.000000,0.000000,0.593700,0.000000,0.000000,0.000000,-0.021117,0.000000,-0.001012,0.115290,0.591467,-0.000000,-0.000000,0.002983,-0.003922,0.119046,0.597180,0.007471,-0.001815,0.000422,0.000000,0.000000,-0.021117,-0.000431,0.000403,-0.020557,0.394277,0.156586,0.000000,0.000000,0.000000
8.726000,0.000000,0.000000,0.593700,0.000000,0.000000,0.000000,-0.021117,0.000000,-0.001012,0.115290,0.591496,0.000000,0.000000,0.002943,-0.003852,0.119026,0.597044,0.009499,-0.002396,-0.019883,0.000000,0.000000,-0.021117,-0.000403,0.000312,-0.020616,0.394439,0.156674,0.000000,0.000000,0.000000
8.738000,0.000000,0.000000,0.593700,0.000000,0.000000,0.000000,-0.021117,0.000000,-0.001012,0.115290,0.591531,-0.000000,-0.000000,0.002897,-0.003748,0.118994,0.596627,0.011234,-0.003248,-0.038687,0.000000,0.000000,-0.021117,-0.000345,0.000153,-0.020719,0.395637,0.157143,0.000000,0.000000,0.000000
8.750000,0.000000,0.000000,0.593700,0.000000,0.000000,0.000000,-0.021117,0.000000,-0.001012,0.115290,0.591566,-0.000000,-0.000000,0.002850,-0.003621,0.118951,0.596008,0.012336,-0.004313,-0.048293,0.000000,0.000000,-0.021117,-0.000256,-0.000057,-0.020834,0.398556,0.158229,0.000000,0.000000,0.000000
8.762000,0.000000,0.000000,0.593700,0.000000,0.000000,0.000000,-0.021117,0.000000,-0.001012,0.115290,0.591600,-0.000000,-0.000000,0.002805,-0.003474,0.118895,0.595326,0.013286,-0.005329,-0.045748,0.000000,0.000000,-0.021117,-0.000145,-0.000269,-0.020941,0.403812,0.160080,0.000000,0.000000,0.000000
8.774000,0.000000,0.000000,0.593700,0.000000,0.000000,0.000000,-0.021117,0.000000,-0.001012,0.115290,0.591633,0.000000,-0.000000,0.002761,-0.003317,0.118833,0.594741,0.012800,-0.005852,-0.032894,0.000000,0.000000,-0.021117,-0.000037,-0.000408,-0.021041,0.411743,0.162727,0.000000,0.000000,0.000000
8.786000,0.000000,0.000000,0.593700,0.000000,0.000000,0.000000,-0.021117,0.000000,-0.001012,0.115290,0.591666,0.000000,0.000000,0.002717,-0.003165,0.118768,0.594366,0.011252,-0.005758,-0.013608,0.000000,0.000000,-0.021117,0.000032,-0.000430,-0.021136,0.421987,0.166001,0.000000,0.000000,0.000000
8.798000,0.000000,0.000000,0.593700,0.000000,0.000000,0.000000,-0.021117,0.000000,-0.001012,0.115290,0.591698,0.000000,0.000000,0.002673,-0.003027,0.118708,0.594261,0.009564,-0.005141,0.007652,0.000000,0.000000,-0.021117,0.000027,-0.000329,-0.021230,0.433272,0.169475,0.000000,0.000000,0.000000
8.810000,0.000000,0.000000,0.593700,0.000000,0.000000,0.000000,-0.021117,0.000000,-0.001012,0.115290,0.591730,-0.000000,0.000000,0.002631,-0.002900,0.118656,0.594435,0.008486,-0.004160,0.027174,0.000000,0.000000,-0.021117,-0.000065,-0.000119,-0.021322,0.443609,0.172228,0.000000,0.000000,0.000000
8.822000,0.000000,0.000000,0.593700,0.000000,0.000000,0.000000,-0.021117,0.000000,-0.001012,0.115290,0.591761,0.000000,0.000000,0.002589,-0.002779,0.118613,0.594851,0.008260,-0.002940,0.042069,0.000000,0.000000,-0.021117,-0.000232,0.000178,-0.021412,0.450899,0.173922,0.000000,0.000000,0.000000
8.834000,0.000000,0.000000,0.593700,0.000000,0.000000,0.000000,-0.021117,0.000000,-0.001012,0.115290,0.591792,0.000000,0.000000,0.002548,-0.002660,0.118583,0.595436,0.008267,-0.001525,0.050429,0.000000,0.000000,-0.021117,-0.000445,0.000545,-0.021498,0.453588,0.174222,0.000000,0.000000,0.000000
8.846000,0.000000,0.000000,0.593700,0.000000,0.000000,0.000000,-0.021117,0.000000,-0.001012,0.115290,0.591823,-0.000000,-0.000000,0.002507,-0.002550,0.118565,0.596100,0.007780,-0.000064,0.051563,0.000000,0.000000,-0.021117,-0.000662,0.000948,-0.021583,0.451140,0.173071,0.000000,0.000000,0.000000
8.858000,0.000000,0.000000,0.593700,0.000000,0.000000,0.000000,-0.021117,0.000000,-0.001012,0.115290,0.591852,-0.000000,0.000000,0.002468,-0.002459,0.118562,0.596746,0.006429,0.001264,0.045717,0.000000,0.000000,-0.021117,-0.000842,0.001326,-0.021662,0.444156,0.170705,0.000000,0.000000,0.000000
8.870000,0.000000,0.000000,0.593700,0.000000,0.000000,0.000000,-0.021117,0.000000,-0.001012,0.115290,0.591882,0.000000,0.000000,0.002428,-0.002398,0.118572,0.597290,0.004584,0.002194,0.034322,0.000000,0.000000,-0.021117,-0.000944,0.001609,-0.021733,0.434164,0.167578,0.000000,0.000000,0.000000
8.882000,0.000000,0.000000,0.593700,0.000000,0.000000,0.000000,-0.021117,0.000000,-0.001012,0.115290,0.591911,-0.000000,-0.000000,0.002390,-0.002368,0.118591,0.597667,0.002343,0.002666,0.018832,0.000000,0.000000,-0.021117,-0.000947,0.001766,-0.021791,0.423140,0.164237,0.000000,0.000000,0.000000
8.894000,0.000000,0.000000,0.593700,0.000000,0.000000,0.000000,-0.021117,0.000000,-0.001012,0.115290,0.591939,-0.000000,-0.000000,0.002352,-0.002375,0.118616,0.597829,-0.000185,0.002641,0.000991,0.000000,0.000000,-0.021117,-0.000855,0.001790,-0.021837,0.412906,0.160855,0.000000,0.000000,0.000000
8.906000,0.000000,0.000000,0.593700,0.000000,0.000000,0.000000,-0.021117,0.000000,-0.001012,0.115290,0.591967,-0.000000,0.000000,0.002314,-0.002417,0.118642,0.597755,-0.002411,0.002032,-0.017238,0.000000,0.000000,-0.021117,-0.000687,0.001674,-0.021868,0.404679,0.158073,0.000000,0.000000,0.000000
8.918000,0.000000,0.000000,0.593700,0.000000,0.000000,0.000000,-0.021117,0.000000,-0.001012,0.115290,0.591995,-0.000000,0.000000,0.002278,-0.002489,0.118658,0.597436,-0.003835,0.001049,-0.038099,0.000000,0.000000,-0.021117,-0.000465,0.001415,-0.021906,0.398882,0.156163,0.000000,0.000000,0.000000
8.930000,0.000000,0.000000,0.593700,0.000000,0.000000,0.000000,-0.021117,0.000000,-0.001012,0.115290,0.592022,-0.000000,-0.000000,0.002241,-0.002520,0.118696,0.597068,0.000514,0.000249,-0.005707,0.000000,0.000000,-0.021117,-0.000460,0.001065,-0.021949,0.397835,0.156227,0.000000,0.000000,0.000000
8.942000,0.000000,0.000000,0.593700,0.000000,0.000000,0.000000,-0.021117,0.000000,-0.001012,0.115290,0.592049,-0.000000,0.000000,0.002206,-0.002500,0.118702,0.596980,0.002876,-0.000442,0.001266,0.000000,0.000000,-0.021117,-0.000410,0.000900,-0.021975,0.397102,0.156251,0.000000,0.000000,0.000000
8.954000,0.000000,0.000000,0.593700,0.000000,0.000000,0.000000,-0.021117,0.000000,-0.001012,0.115290,0.592075,-0.000000,0.000000,0.002171,-0.002465,0.118713,0.597002,0.002762,-0.000663,0.011885,0.000000,0.000000,-0.021117,-0.000412,0.000770,-0.021951,0.396495,0.156264,0.000000,0.000000,0.000000
8.966000,0.000000,0.000000,0.593700,0.000000,0.000000,0.000000,-0.021117,0.000000,-0.001012,0.115290,0.592101,-0.000000,-0.000000,0.002136,-0.002437,0.118701,0.597155,0.001301,-0.001757,0.017500,0.000000,0.000000,-0.021117,-0.000396,0.000707,-0.021882,0.396027,0.156189,0.000000,0.000000,0.000000
8.976000,0.000000,0.000000,0.593700,0.000000,0.000000,0.000000,-0.021117,0.000000,-0.001012,0.115290,0.592122,-0.000000,0.000000,0.002108,-0.002427,0.118681,0.597341,0.000004,-0.002533,0.017584,0.000000,0.000000,-0.021117,-0.000381,0.000671,-0.021813,0.395750,0.156120,0.000000,0.000000,0.000000
8.988000,0.000000,0.000000,0.593700,0.000000,0.000000,0.000000,-0.021117,0.000000,-0.001012,0.115290,0.592147,0.000000,0.000000,0.002074,-0.002407,0.118650,0.597602,0.000297,-0.003203,0.019250,0.000000,0.000000,-0.021117,-0.000359,0.000645,-0.021725,0.395490,0.156034,0.000000,0.000000,0.000000
9.000000,0.000000,0.000000,0.593700,0.000000,0.000000,0.000000,-0.021117,0.000000,-0.001012,0.115290,0.592172,0.000000,0.000000,0.002041,-0.002383,0.118615,0.597900,0.001429,-0.003592,0.022408,0.000000,0.000000,-0.021117,-0.000334,0.000633,-0.021641,0.395244,0.155944,0.000000,0.000000,0.000000
9.012000,0.000000,0.000000,0.593700,0.000000,0.000000,0.000000,-0.021117,0.000000,-0.001012,0.115290,0.592196,0.000000,0.000000,0.002009,-0.002397,0.118574,0.598225,0.001760,-0.003486,0.009146,0.000000,0.000000,-0.021117,-0.000296,0.000572,-0.021558,0.395100,0.155901,0.000000,0.000000,0.000000
9.024000,0.000000,0.000000,0.593700,0.000000,0.000000,0.000000,-0.021117,0.000000,-0.001012,0.115290,0.592220,-0.000000,-0.000000,0.001977,-0.002413,0.118538,0.598185,0.001774,-0.003021,-0.015961,0.000000,0.000000,-0.021117,-0.000269,0.000467,-0.021478,0.395289,0.155978,0.000000,0.000000,0.000000
9.036000,0.000000,0.000000,0.593700,0.000000,0.000000,0.000000,-0.021117,0.000000,-0.001012,0.115290,0.592243,0.000000,-0.000000,0.001945,-0.002428,0.118509,0.597828,0.000860,-0.002052,-0.037585,0.000000,0.000000,-0.021117,-0.000270,0.000311,-0.021370,0.396252,0.156398,0.000000,0.000000,0.000000
9.048000,0.000000,0.000000,0.593700,0.000000,0.000000,0.000000,-0.021117,0.000000,-0.001012,0.115290,0.592267,0.000000,-0.000000,0.001915,-0.002440,0.118493,0.597243,-0.000374,-0.000443,-0.048996,0.000000,0.000000,-0.021117,-0.000311,0.000091,-0.021252,0.398610,0.157420,0.000000,0.000000,0.000000
9.060000,0.000000,0.000000,0.593700,0.000000,0.000000,0.000000,-0.021117,0.000000,-0.001012,0.115290,0.592289,0.000000,-0.000000,0.001884,-0.002447,0.118496,0.596582,-0.000650,0.001498,-0.048238,0.000000,0.000000,-0.021117,-0.000394,-0.000170,-0.021140,0.403065,0.159199,0.000000,0.000000,0.000000
9.072000,0.000000,0.000000,0.593700,0.000000,0.000000,0.000000,-0.021117,0.000000,-0.001012,0.115290,0.592312,-0.000000,-0.000000,0.001854,-0.002445,0.118520,0.595988,-0.000631,0.003240,-0.037089,0.000000,0.000000,-0.021117,-0.000508,-0.000407,-0.021037,0.410131,0.161757,0.000000,0.000000,0.000000
9.084000,0.000000,0.000000,0.593700,0.000000,0.000000,0.000000,-0.021117,0.000000,-0.001012,0.115290,0.592334,-0.000000,-0.000000,0.001825,-0.002441,0.118559,0.595580,-0.001226,0.004334,-0.018793,0.000000,0.000000,-0.021117,-0.000622,-0.000538,-0.020940,0.419669,0.164904,0.000000,0.000000,0.000000
9.096000,0.000000,0.000000,0.593700,0.000000,0.000000,0.000000,-0.021117,0.000000,-0.001012,0.115290,0.592356,0.000000,0.000000,0.001796,-0.002447,0.118604,0.595432,-0.002653,0.004646,0.002421,0.000000,0.000000,-0.021117,-0.000691,-0.000514,-0.020847,0.430588,0.168217,0.000000,0.000000,0.000000
9.108000,0.000000,0.000000,0.593700,0.000000,0.000000,0.000000,-0.021117,0.000000,-0.001012,0.115290,0.592377,-0.000000,0.000000,0.001767,-0.002473,0.118650,0.595562,-0.004440,0.004342,0.022447,0.000000,0.000000,-0.021117,-0.000679,-0.000336,-0.020755,0.440985,0.171117,0.000000,0.000000,0.000000
9.120000,0.000000,0.000000,0.593700,0.000000,0.000000,0.000000,-0.021117,0.000000,-0.001012,0.115290,0.592398,-0.000000,-0.000000,0.001739,-0.002500,0.118685,0.595930,-0.004883,0.002732,0.037106,0.000000,0.000000,-0.021117,-0.000577,-0.000040,-0.020664,0.448705,0.173027,0.000000,0.000000,0.000000
9.132000,0.000000,0.000000,0.593700,0.000000,0.000000,0.000000,-0.021117,0.000000,-0.001012,0.115290,0.592419,-0.000000,-0.000000,0.001711,-0.002566,0.118709,0.596477,-0.006406,0.002454,0.047009,0.000000,0.000000,-0.021117,-0.000365,0.000310,-0.020572,0.452024,0.173576,0.000000,0.000000,0.000000
9.144000,0.000000,0.000000,0.593700,0.000000,0.000000,0.000000,-0.021117,0.000000,-0.001012,0.115290,0.592439,0.000000,-0.000000,0.001684,-0.002646,0.118745,0.597109,-0.007530,0.001875,0.048932,0.000000,0.000000,-0.021117,-0.000222,0.000651,-0.020479,0.450204,0.172658,0.000000,0.000000,0.000000
9.156000,0.000000,0.000000,0.593700,0.000000,0.000000,0.000000,-0.021117,0.000000,-0.001012,0.115290,0.592459,0.000000,-0.000000,0.001657,-0.002733,0.118774,0.597738,-0.007935,0.001538,0.044367,0.000000,0.000000,-0.021117,-0.000087,0.000928,-0.020390,0.443719,0.170431,0.000000,0.000000,0.000000
9.168000,0.000000,0.000000,0.593700,0.000000,0.000000,0.000000,-0.021117,0.000000,-0.001012,0.115290,0.592479,0.000000,-0.000000,0.001631,-0.002830,0.118799,0.598282,-0.008857,0.001284,0.033997,0.000000,0.000000,-0.021117,-0.000005,0.001139,-0.020306,0.434031,0.167340,0.000000,0.000000,0.000000
9.180000,0.000000,0.000000,0.593700,0.000000,0.000000,0.000000,-0.021117,0.000000,-0.001012,0.115290,0.592498,0.000000,0.000000,0.001605,-0.002951,0.118823,0.598666,-0.010667,0.001460,0.019029,0.000000,0.000000,-0.021117,0.000005,0.001266,-0.020232,0.423081,0.163942,0.000000,0.000000,0.000000
9.192000,0.000000,0.000000,0.593700,0.000000,0.000000,0.000000,-0.021117,0.000000,-0.001012,0.115290,0.592517,0.000000,0.000000,0.001580,-0.003107,0.118849,0.598842,-0.012959,0.002139,0.001503,0.000000,0.000000,-0.021117,-0.000062,0.001284,-0.020172,0.412739,0.160763,0.000000,0.000000,0.000000
9.204000,0.000000,0.000000,0.593700,0.000000,0.000000,0.000000,-0.021117,0.000000,-0.001012,0.115290,0.592536,-0.000000,-0.000000,0.001554,-0.003299,0.118884,0.598775,-0.015456,0.003344,-0.017231,0.000000,0.000000,-0.021117,-0.000198,0.001181,-0.020129,0.404322,0.158182,0.000000,0.000000,0.000000
9.216000,0.000000,0.000000,0.593700,0.000000,0.000000,0.000000,-0.021117,0.000000,-0.001012,0.115290,0.592555,0.000000,-0.000000,0.001530,-0.003529,0.118943,0.598464,-0.017828,0.005569,-0.035935,0.000000,0.000000,-0.021117,-0.000402,0.000917,-0.020096,0.398324,0.156384,0.000000,0.000000,0.000000
9.228000,0.000000,0.000000,0.593700,0.000000,0.000000,0.000000,-0.021117,0.000000,-0.001012,0.115290,0.592573,0.000000,-0.000000,0.001505,-0.003715,0.119098,0.598053,-0.012991,0.018729,-0.009809,0.000000,0.000000,-0.021117,-0.000631,0.000581,-0.020052,0.396841,0.156311,0.000000,0.000000,0.000000
9.240000,0.000000,0.000000,0.593700,0.000000,0.000000,0.000000,-0.021117,0.000000,-0.001012,0.115290,0.592591,-0.000000,0.000000,0.001481,-0.003844,0.119174,0.597940,-0.008721,0.018113,0.001898,0.000000,0.000000,-0.021117,-0.000862,0.000245,-0.020034,0.396339,0.156389,0.000000,0.000000,0.000000
9.252000,0.000000,0.000000,0.593700,0.000000,0.000000,0.000000,-0.021117,0.000000,-0.001012,0.115290,0.592608,-0.000000,-0.000000,0.001458,-0.003934,0.119140,0.597953,-0.007093,0.006151,0.010371,0.000000,0.000000,-0.021117,-0.000686,0.000202,-0.020061,0.395991,0.156261,0.000000,0.000000,0.000000
9.264000,0.000000,0.000000,0.593700,0.000000,0.000000,0.000000,-0.021117,0.000000,-0.001012,0.115290,0.592626,0.000000,0.000000,0.001435,-0.004012,0.119207,0.598080,-0.005676,0.004203,0.015080,0.000000,0.000000,-0.021117,-0.000625,0.000314,-0.020141,0.395486,0.156260,0.000000,0.000000,0.000000
9.274000,0.000000,0.000000,0.593700,0.000000,0.000000,0.000000,-0.021117,0.000000,-0.001012,0.115290,0.592640,0.000000,-0.000000,0.001416,-0.004070,0.119245,0.598229,-0.005403,0.002574,0.014686,0.000000,0.000000,-0.021117,-0.000597,0.000376,-0.020216,0.395130,0.156245,0.000000,0.000000,0.000000
9.286000,0.000000,0.000000,0.593700,0.000000,0.000000,0.000000,-0.021117,0.000000,-0.001012,0.115290,0.592657,-0.000000,-0.000000,0.001393,-0.004111,0.119274,0.598429,-0.004153,0.000908,0.015780,0.000000,0.000000,-0.021117,-0.000582,0.000415,-0.020306,0.394760,0.156216,0.000000,0.000000,0.000000
9.298000,0.000000,0.000000,0.593700,0.000000,0.000000,0.000000,-0.021117,0.000000,-0.001012,0.115290,0.592673,-0.000000,-0.000000,0.001371,-0.004077,0.119287,0.598652,0.000426,-0.000459,0.019477,0.000000,0.000000,-0.021117,-0.000572,0.000434,-0.020390,0.394434,0.156167,0.000000,0.000000,0.000000
9.310000,0.000000,0.000000,0.593700,0.000000,0.000000,0.000000,-0.021117,0.000000,-0.001012,0.115290,0.592690,0.000000,0.000000,0.001349,-0.004025,0.119282,0.598907,0.004515,-0.001192,0.010678,0.000000,0.000000,-0.021117,-0.000544,0.000454,-0.020461,0.394197,0.156130,0.000000,0.000000,0.000000
9.322000,0.000000,0.000000,0.593700,0.000000,0.000000,0.000000,-0.021117,0.000000,-0.001012,0.115290,0.592706,0.000000,-0.000000,0.001328,-0.003976,0.119270,0.598844,0.006932,-0.001688,-0.014512,0.000000,0.000000,-0.021117,-0.000512,0.000439,-0.020519,0.394242,0.156182,0.000000,0.000000,0.000000
9.334000,0.000000,0.000000,0.593700,0.000000,0.000000,0.000000,-0.021117,0.000000,-0.001012,0.115290,0.592722,0.000000,-0.000000,0.001307,-0.003916,0.119247,0.598475,0.008314,-0.002551,-0.036129,0.000000,0.000000,-0.021117,-0.000456,0.000349,-0.020609,0.395020,0.156505,0.000000,0.000000,0.000000
9.346000,0.000000,0.000000,0.593700,0.000000,0.000000,0.000000,-0.021117,0.000000,-0.001012,0.115290,0.592737,-0.000000,0.000000,0.001286,-0.003841,0.119212,0.597872,0.009434,-0.003776,-0.048788,0.000000,0.000000,-0.021117,-0.000368,0.000179,-0.020722,0.397228,0.157367,0.000000,0.000000,0.000000
9.358000,0.000000,0.000000,0.593700,0.000000,0.000000,0.000000,-0.021117,0.000000,-0.001012,0.115290,0.592753,-0.000000,-0.000000,0.001265,-0.003750,0.119162,0.597175,0.009669,-0.005045,-0.049686,0.000000,0.000000,-0.021117,-0.000253,-0.000021,-0.020838,0.401535,0.158944,0.000000,0.000000,0.000000
9.370000,0.000000,0.000000,0.593700,0.000000,0.000000,0.000000,-0.021117,0.000000,-0.001012,0.115290,0.592768,-0.000000,0.000000,0.001245,-0.003649,0.119100,0.596526,0.008722,-0.006012,-0.039932,0.000000,0.000000,-0.021117,-0.000128,-0.000183,-0.020948,0.408419,0.161322,0.000000,0.000000,0.000000
9.382000,0.000000,0.000000,0.593700,0.000000,0.000000,0.000000,-0.021117,0.000000,-0.001012,0.115290,0.592782,0.000000,0.000000,0.001226,-0.003552,0.119032,0.596050,0.007048,-0.006470,-0.022470,0.000000,0.000000,-0.021117,-0.000026,-0.000259,-0.021054,0.417794,0.164412,0.000000,0.000000,0.000000
9.394000,0.000000,0.000000,0.593700,0.000000,0.000000,0.000000,-0.021117,0.000000,-0.001012,0.115290,0.592797,-0.000000,-0.000000,0.001206,-0.003463,0.118961,0.595828,0.005634,-0.006426,-0.001508,0.000000,0.000000,-0.021117,0.000018,-0.000236,-0.021159,0.428704,0.167875,0.000000,0.000000,0.000000
9.406000,0.000000,0.000000,0.593700,0.000000,0.000000,0.000000,-0.021117,0.000000,-0.001012,0.115290,0.592811,-0.000000,-0.000000,0.001187,-0.003376,0.118892,0.595884,0.005251,-0.005971,0.018849,0.000000,0.000000,-0.021117,-0.000018,-0.000117,-0.021262,0.439380,0.170966,0.000000,0.000000,0.000000
9.418000,0.000000,0.000000,0.593700,0.000000,0.000000,0.000000,-0.021117,0.000000,-0.001012,0.115290,0.592825,-0.000000,-0.000000,0.001168,-0.003284,0.118828,0.596196,0.005615,-0.005153,0.035398,0.000000,0.000000,-0.021117,-0.000137,0.000099,-0.021364,0.447699,0.173031,0.000000,0.000000,0.000000
9.430000,0.000000,0.000000,0.593700,0.000000,0.000000,0.000000,-0.021117,0.000000,-0.001012,0.115290,0.592839,-0.000000,-0.000000,0.001149,-0.003186,0.118772,0.596702,0.006259,-0.004066,0.045914,0.000000,0.000000,-0.021117,-0.000319,0.000393,-0.021465,0.451858,0.173772,0.000000,0.000000,0.000000
9.442000,0.000000,0.000000,0.593700,0.000000,0.000000,0.000000,-0.021117,0.000000,-0.001012,0.115290,0.592853,-0.000000,-0.000000,0.001131,-0.003083,0.118725,0.597319,0.006925,-0.002911,0.049564,0.000000,0.000000,-0.021117,-0.000528,0.000724,-0.021562,0.450980,0.173044,0.000000,0.000000,0.000000
9.454000,0.000000,0.000000,0.593700,0.000000,0.000000,0.000000,-0.021117,0.000000,-0.001012,0.115290,0.592867,-0.000000,-0.000000,0.001113,-0.002981,0.118689,0.597954,0.007039,-0.001794,0.046278,0.000000,0.000000,-0.021117,-0.000718,0.001052,-0.021655,0.445343,0.171000,0.000000,0.000000,0.000000
9.466000,0.000000,0.000000,0.593700,0.000000,0.000000,0.000000,-0.021117,0.000000,-0.001012,0.115290,0.592880,-0.000000,-0.000000,0.001095,-0.002892,0.118663,0.598518,0.006128,-0.000842,0.036832,0.000000,0.000000,-0.021117,-0.000850,0.001340,-0.021739,0.436219,0.168041,0.000000,0.000000,0.000000
9.478000,0.000000,0.000000,0.593700,0.000000,0.000000,0.000000,-0.021117,0.000000,-0.001012,0.115290,0.592893,-0.000000,-0.000000,0.001078,-0.002831,0.118646,0.598936,0.004254,-0.000231,0.022621,0.000000,0.000000,-0.021117,-0.000899,0.001542,-0.021811,0.425459,0.164702,0.000000,0.000000,0.000000
9.490000,0.000000,0.000000,0.593700,0.000000,0.000000,0.000000,-0.021117,0.000000,-0.001012,0.115290,0.592906,-0.000000,-0.000000,0.001061,-0.002807,0.118637,0.599153,0.001862,-0.000096,0.005426,0.000000,0.000000,-0.021117,-0.000855,0.001622,-0.021868,0.414962,0.161513,0.000000,0.000000,0.000000
9.502000,0.000000,0.000000,0.593700,0.000000,0.000000,0.000000,-0.021117,0.000000,-0.001012,0.115290,0.592918,-0.000000,-0.000000,0.001044,-0.002819,0.118629,0.599138,-0.000467,-0.000509,-0.012812,0.000000,0.000000,-0.021117,-0.000726,0.001564,-0.021908,0.406168,0.158659,0.000000,0.000000,0.000000
9.514000,0.000000,0.000000,0.593700,0.000000,0.000000,0.000000,-0.021117,0.000000,-0.001012,0.115290,0.592931,-0.000000,-0.000000,0.001027,-0.002860,0.118617,0.598880,-0.002000,-0.001468,-0.030550,0.000000,0.000000,-0.021117,-0.000534,0.001375,-0.021930,0.399778,0.156466,0.000000,0.000000,0.000000
9.524000,0.000000,0.000000,0.593700,0.000000,0.000000,0.000000,-0.021117,0.000000,-0.001012,0.115290,0.592941,-0.000000,-0.000000,0.001014,-0.002905,0.118633,0.598499,-0.000493,0.000137,-0.017825,0.000000,0.000000,-0.021117,-0.000463,0.001095,-0.021978,0.397354,0.155906,0.000000,0.000000,0.000000
9.536000,0.000000,0.000000,0.593700,0.000000,0.000000,0.000000,-0.021117,0.000000,-0.001012,0.115290,0.592953,-0.000000,-0.000000,0.000998,-0.002888,0.118606,0.598290,0.003428,-0.002618,-0.002720,0.000000,0.000000,-0.021117,-0.000463,0.000806,-0.021982,0.396642,0.155980,0.000000,0.000000,0.000000
9.548000,0.000000,0.000000,0.593700,0.000000,0.000000,0.000000,-0.021117,0.000000,-0.001012,0.115290,0.592965,-0.000000,-0.000000,0.000982,-0.002843,0.118579,0.598249,0.004305,-0.002758,0.006660,0.000000,0.000000,-0.021117,-0.000415,0.000642,-0.021961,0.395935,0.155974,0.000000,0.000000,0.000000
9.560000,0.000000,0.000000,0.593700,0.000000,0.000000,0.000000,-0.021117,0.000000,-0.001012,0.115290,0.592977,-0.000000,0.000000,0.000966,-0.002794,0.118544,0.598329,0.003037,-0.003270,0.015261,0.000000,0.000000,-0.021117,-0.000390,0.000596,-0.021890,0.395306,0.155891,0.000000,0.000000,0.000000
9.572000,0.000000,0.000000,0.593700,0.000000,0.000000,0.000000,-0.021117,0.000000,-0.001012,0.115290,0.592988,-0.000000,-0.000000,0.000951,-0.002765,0.118503,0.598525,0.001094,-0.003787,0.016596,0.000000,0.000000,-0.021117,-0.000367,0.000570,-0.021814,0.394793,0.155805,0.000000,0.000000,0.000000
9.584000,0.000000,0.000000,0.593700,0.000000,0.000000,0.000000,-0.021117,0.000000,-0.001012,0.115290,0.592999,0.000000,0.000000,0.000936,-0.002743,0.118456,0.598759,-0.000011,-0.004218,0.016815,0.000000,0.000000,-0.021117,-0.000338,0.000557,-0.021741,0.394393,0.155711,0.000000,0.000000,0.000000
9.596000,0.000000,0.000000,0.593700,0.000000,0.000000,0.000000,-0.021117,0.000000,-0.001012,0.115290,0.593011,-0.000000,-0.000000,0.000921,-0.002685,0.118406,0.599036,0.002147,-0.004494,0.019990,0.000000,0.000000,-0.021117,-0.000306,0.000553,-0.021675,0.394069,0.155616,0.000000,0.000000,0.000000
9.608000,0.000000,0.000000,0.593700,0.000000,0.000000,0.000000,-0.021117,0.000000,-0.001012,0.115290,0.593021,-0.000000,-0.000000,0.000906,-0.002646,0.118353,0.599365,0.003467,-0.004546,0.015914,0.000000,0.000000,-0.021117,-0.000272,0.000538,-0.021616,0.393774,0.155521,0.000000,0.000000,0.000000
9.620000,0.000000,0.000000,0.593700,0.000000,0.000000,0.000000,-0.021117,0.000000,-0.001012,0.115290,0.593032,0.000000,0.000000,0.000892,-0.002636,0.118304,0.599433,0.004166,-0.004019,-0.009354,0.000000,0.000000,-0.021117,-0.000247,0.000452,-0.021573,0.393771,0.155557,0.000000,0.000000,0.000000
9.632000,0.000000,0.000000,0.593700,0.000000,0.000000,0.000000,-0.021117,0.000000,-0.001012,0.115290,0.593043,0.000000,0.000000,0.000878,-0.002633,0.118262,0.599183,0.004131,-0.003082,-0.032047,0.000000,0.000000,-0.021117,-0.000244,0.000305,-0.021503,0.394377,0.155831,0.000000,0.000000,0.000000
9.644000,0.000000,0.000000,0.593700,0.000000,0.000000,0.000000,-0.021117,0.000000,-0.001012,0.115290,0.593053,-0.000000,-0.000000,0.000864,-0.002630,0.118234,0.598679,0.003538,-0.001576,-0.046634,0.000000,0.000000,-0.021117,-0.000275,0.000101,-0.021401,0.396251,0.156636,0.000000,0.000000,0.000000
9.656000,0.000000,0.000000,0.593700,0.000000,0.000000,0.000000,-0.021117,0.000000,-0.001012,0.115290,0.593064,-0.000000,-0.000000,0.000850,-0.002626,0.118225,0.598037,0.002233,0.000298,-0.050338,0.000000,0.000000,-0.021117,-0.000343,-0.000123,-0.021288,0.400047,0.158162,0.000000,0.000000,0.000000
9.668000,0.000000,0.000000,0.593700,0.000000,0.000000,0.000000,-0.021117,0.000000,-0.001012,0.115290,0.593074,-0.000000,-0.000000,0.000836,-0.002626,0.118235,0.597404,0.000126,0.002129,-0.042818,0.000000,0.000000,-0.021117,-0.000441,-0.000310,-0.021177,0.406281,0.160475,0.000000,0.000000,0.000000
9.680000,0.000000,0.000000,0.593700,0.000000,0.000000,0.000000,-0.021117,0.000000,-0.001012,0.115290,0.593084,-0.000000,-0.000000,0.000823,-0.002639,0.118263,0.596916,-0.002319,0.003577,-0.026814,0.000000,0.000000,-0.021117,-0.000545,-0.000424,-0.021069,0.415018,0.163460,0.000000,0.000000,0.000000
9.692000,0.000000,0.000000,0.593700,0.000000,0.000000,0.000000,-0.021117,0.000000,-0.001012,0.115290,0.593093,0.000000,0.000000,0.000810,-0.002666,0.118303,0.596664,-0.004350,0.004471,-0.006430,0.000000,0.000000,-0.021117,-0.000620,-0.000452,-0.020962,0.425510,0.166770,0.000000,0.000000,0.000000
9.704000,0.000000,0.000000,0.593700,0.000000,0.000000,0.000000,-0.021117,0.000000,-0.001012,0.115290,0.593103,-0.000000,0.000000,0.000797,-0.002700,0.118351,0.596684,-0.005264,0.004812,0.014034,0.000000,0.000000,-0.021117,-0.000637,-0.000399,-0.020857,0.436150,0.169864,0.000000,0.000000,0.000000
9.716000,0.000000,0.000000,0.593700,0.000000,0.000000,0.000000,-0.021117,0.000000,-0.001012,0.115290,0.593113,0.000000,0.000000,0.000785,-0.002729,0.118401,0.596958,-0.004939,0.004681,0.031105,0.000000,0.000000,-0.021117,-0.000581,-0.000270,-0.020754,0.444865,0.172157,0.000000,0.000000,0.000000
9.728000,0.000000,0.000000,0.593700,0.000000,0.000000,0.000000,-0.021117,0.000000,-0.001012,0.115290,0.593122,0.000000,0.000000,0.000772,-0.002745,0.118450,0.597431,-0.003828,0.004174,0.042549,0.000000,0.000000,-0.021117,-0.000461,-0.000065,-0.020655,0.449789,0.173187,0.000000,0.000000,0.000000
9.740000,0.000000,0.000000,0.593700,0.000000,0.000000,0.000000,-0.021117,0.000000,-0.001012,0.115290,0.593131,0.000000,0.000000,0.000760,-0.002748,0.118495,0.598022,-0.002883,0.003408,0.047175,0.000000,0.000000,-0.021117,-0.000301,0.000211,-0.020562,0.449874,0.172752,0.000000,0.000000,0.000000
9.752000,0.000000,0.000000,0.593700,0.000000,0.000000,0.000000,-0.021117,0.000000,-0.001012,0.115290,0.593140,0.000000,-0.000000,0.000748,-0.002754,0.118535,0.598641,-0.002963,0.002571,0.044864,0.000000,0.000000,-0.021117,-0.000138,0.000535,-0.020477,0.445178,0.170950,0.000000,0.000000,0.000000
9.764000,0.000000,0.000000,0.593700,0.000000,0.000000,0.000000,-0.021117,0.000000,-0.001012,0.115290,0.593149,0.000000,-0.000000,0.000736,-0.002781,0.118568,0.599198,-0.004412,0.001892,0.036326,0.000000,0.000000,-0.021117,-0.000009,0.000857,-0.020402,0.436791,0.168144,0.000000,0.000000,0.000000
9.774000,0.000000,0.000000,0.593700,0.000000,0.000000,0.000000,-0.021117,0.000000,-0.001012,0.115290,0.593156,-0.000000,0.000000,0.000726,-0.002834,0.118592,0.599562,-0.006576,0.001601,0.025414,0.000000,0.000000,-0.021117,0.000048,0.001085,-0.020351,0.428232,0.165409,0.000000,0.000000,0.000000
9.786000,0.000000,0.000000,0.593700,0.000000,0.000000,0.000000,-0.021117,0.000000,-0.001012,0.115290,0.593165,-0.000000,-0.000000,0.000714,-0.002943,0.118620,0.599827,-0.009949,0.001721,0.009155,0.000000,0.000000,-0.021117,0.000041,0.001265,-0.020305,0.417719,0.162129,0.000000,0.000000,0.000000
9.798000,0.000000,0.000000,0.593700,0.000000,0.000000,0.000000,-0.021117,0.000000,-0.001012,0.115290,0.593174,0.000000,-0.000000,0.000703,-0.003109,0.118650,0.599869,-0.013558,0.002458,-0.008821,0.000000,0.000000,-0.021117,-0.000051,0.001312,-0.020275,0.408420,0.159276,0.000000,0.000000,0.000000
9.810000,0.000000,0.000000,0.593700,0.000000,0.000000,0.000000,-0.021117,0.000000,-0.001012,0.115290,0.593182,-0.000000,-0.000000,0.000692,-0.003325,0.118689,0.599677,-0.016621,0.003872,-0.026525,0.000000,0.000000,-0.021117,-0.000214,0.001208,-0.020260,0.401251,0.157125,0.000000,0.000000,0.000000
9.822000,0.000000,0.000000,0.593700,0.000000,0.000000,0.000000,-0.021117,0.000000,-0.001012,0.115290,0.593190,-0.000000,-0.000000,0.000681,-0.003577,0.118763,0.599241,-0.017081,0.007618,-0.025646,-0.001118,-0.000344,-0.021118,-0.000461,0.000932,-0.020223,0.396965,0.155950,0.000000,0.000000,0.000000
9.834000,0.000000,0.000000,0.593700,0.000000,0.000000,0.000000,-0.021117,0.000000,-0.001012,0.115290,0.593198,-0.000000,-0.000000,0.000670,-0.003785,0.118813,0.598986,-0.014513,0.005722,-0.003742,0.000000,0.000000,-0.021117,-0.000796,0.000567,-0.020228,0.396183,0.156154,0.000000,0.000000,0.000000
9.846000,0.000000,0.000000,0.593700,0.000000,0.000000,0.000000,-0.021117,0.000000,-0.001012,0.115290,0.593206,0.000000,0.000000,0.000659,-0.003956,0.118886,0.598937,-0.012688,0.007573,0.002241,0.000000,0.000000,-0.021117,-0.000855,0.000311,-0.020230,0.395357,0.156168,0.000000,0.000000,0.000000
9.858000,0.000000,0.000000,0.593700,0.000000,0.000000,0.000000,-0.021117,0.000000,-0.001012,0.115290,0.593214,-0.000000,-0.000000,0.000649,-0.004075,0.118962,0.598990,-0.009691,0.006020,0.012306,0.000000,0.000000,-0.021117,-0.000727,0.000305,-0.020275,0.394737,0.156066,0.000000,0.000000,0.000000
9.870000,0.000000,0.000000,0.593700,0.000000,0.000000,0.000000,-0.021117,0.000000,-0.001012,0.115290,0.593222,0.000000,0.000000,0.000639,-0.004180,0.119027,0.599143,-0.008149,0.004069,0.013697,0.000000,0.000000,-0.021117,-0.000659,0.000366,-0.020336,0.394199,0.155945,0.000000,0.000000,0.000000
9.882000,0.000000,0.000000,0.593700,0.000000,0.000000,0.000000,-0.021117,0.000000,-0.001012,0.115290,0.593229,0.000000,0.000000,0.000629,-0.004251,0.119072,0.599309,-0.006047,0.002222,0.013079,0.000000,0.000000,-0.021117,-0.000627,0.000390,-0.020401,0.393791,0.155859,0.000000,0.000000,0.000000
9.894000,0.000000,0.000000,0.593700,0.000000,0.000000,0.000000,-0.021117,0.000000,-0.001012,0.115290,0.593237,0.000000,0.000000,0.000619,-0.004227,0.119098,0.599494,-0.000350,0.000646,0.016360,0.000000,0.000000,-0.021117,-0.000612,0.000394,-0.020465,0.393442,0.155792,0.000000,0.000000,0.000000
9.906000,0.000000,0.000000,0.593700,0.000000,0.000000,0.000000,-0.021117,0.000000,-0.001012,0.115290,0.593244,0.000000,0.000000,0.000609,-0.004167,0.119104,0.599705,0.004751,-0.000584,0.014518,0.000000,0.000000,-0.021117,-0.000583,0.000387,-0.020529,0.393099,0.155736,0.000000,0.000000,0.000000
9.918000,0.000000,0.000000,0.593700,0.000000,0.000000,0.000000,-0.021117,0.000000,-0.001012,0.115290,0.593252,-0.000000,-0.000000,0.000599,-0.004105,0.119101,0.599793,0.008012,-0.001231,-0.006828,0.000000,0.000000,-0.021117,-0.000538,0.000340,-0.020593,0.392952,0.155769,0.000000,0.000000,0.000000
9.930000,0.000000,0.000000,0.593700,0.000000,0.000000,0.000000,-0.021117,0.000000,-0.001012,0.115290,0.593259,-0.000000,0.000000,0.000589,-0.004027,0.119085,0.599520,0.010555,-0.002048,-0.030646,0.000000,0.000000,-0.021117,-0.000475,0.000245,-0.020680,0.393387,0.156008,0.000000,0.000000,0.000000
9.942000,0.000000,0.000000,0.593700,0.000000,0.000000,0.000000,-0.021117,0.000000,-0.001012,0.115290,0.593266,-0.000000,0.000000,0.000580,-0.003927,0.119057,0.598983,0.011958,-0.003061,-0.046766,0.000000,0.000000,-0.021117,-0.000388,0.000094,-0.020790,0.395056,0.156740,0.000000,0.000000,0.000000
9.954000,0.000000,0.000000,0.593700,0.000000,0.000000,0.000000,-0.021117,0.000000,-0.001012,0.115290,0.593273,0.000000,0.000000,0.000571,-0.003808,0.119017,0.598289,0.012475,-0.004165,-0.052071,0.000000,0.000000,-0.021117,-0.000280,-0.000083,-0.020901,0.398609,0.158154,0.000000,0.000000,0.000000
9.966000,0.000000,0.000000,0.593700,0.000000,0.000000,0.000000,-0.021117,0.000000,-0.001012,0.115290,0.593279,-0.000000,0.000000,0.000562,-0.003677,0.118966,0.597593,0.011718,-0.005053,-0.045685,0.000000,0.000000,-0.021117,-0.000163,-0.000230,-0.021005,0.404606,0.160340,0.000000,0.000000,0.000000
9.978000,0.000000,0.000000,0.593700,0.000000,0.000000,0.000000,-0.021117,0.000000,-0.001012,0.115290,0.593286,-0.000000,-0.000000,0.000553,-0.003548,0.118907,0.597033,0.009978,-0.005514,-0.030380,0.000000,0.000000,-0.021117,-0.000065,-0.000302,-0.021102,0.413192,0.163219,0.000000,0.000000,0.000000
9.990000,0.000000,0.000000,0.593700,0.000000,0.000000,0.000000,-0.021117,0.000000,-0.001012,0.115290,0.593293,-0.000000,-0.000000,0.000544,-0.003428,0.118847,0.596706,0.008272,-0.005516,-0.010074,0.000000,0.000000,-0.021117,-0.000017,-0.000288,-0.021197,0.423732,0.166491,0.000000,0.000000,0.000000
