time,Prx,Pry,Prz,Vrx,Vry,Vrz,Yawr,vYawr,Pbx,Pby,Pbz,Vbx,Vby,Vbz,Pf0rx,Pf1rx,Pf2rx,Pf3rx,Pf0cx,Pf1cx,Pf2cx,Pf3cx,ux,uy
1.000000,0.000000,0.000000,0.593700,0.000000,0.000000,0.000000,0.000128,0.000000,-0.000126,0.000758,0.596303,-0.005093,0.000948,0.013624,0.401545,0.401545,-0.395455,-0.395455,0.407212,0.408531,-0.390934,-0.391208,0.327970,0.155901
1.010000,0.014000,0.000002,0.593700,2.000000,0.000256,0.000000,0.000128,0.000000,-0.000172,0.000767,0.596434,-0.003777,0.000918,0.012438,0.401560,0.401560,-0.395471,-0.395471,0.407227,0.408547,-0.390925,-0.391199,0.327895,0.155860
1.020000,0.034000,0.000004,0.593700,2.000000,0.000256,0.000000,0.000128,0.000000,-0.000174,0.000777,0.596544,0.002016,0.000881,0.009816,0.401624,0.401624,-0.395534,-0.395534,0.407312,0.408635,-0.390850,-0.391124,0.327796,0.155823
1.030000,0.054000,0.000007,0.593700,2.000000,0.000256,0.000000,0.000128,0.000000,-0.000075,0.000785,0.596629,0.013721,0.000847,0.007157,0.401736,0.401736,-0.395647,-0.395647,0.407525,0.408853,-0.390652,-0.390933,0.327614,0.155793
1.040000,0.074000,0.000009,0.593700,2.000000,0.000256,0.000000,0.000128,0.000000,0.000180,0.000794,0.596690,0.031306,0.000816,0.004870,0.401898,0.401898,-0.395809,-0.395809,0.407846,0.409184,-0.390359,-0.390652,0.327363,0.155769
1.050000,0.094000,0.000012,0.593700,2.000000,0.000256,0.000000,0.000128,0.000000,0.000634,0.000802,0.596731,0.053389,0.000788,0.003077,0.402109,0.402109,-0.396020,-0.396020,0.408223,0.409572,-0.390029,-0.390341,0.327091,0.155750
1.060000,0.114000,0.000015,0.593700,2.000000,0.000256,0.000000,0.000128,0.000000,0.001321,0.000810,0.596759,0.078458,0.000755,0.001630,0.402370,0.402370,-0.396281,-0.396281,0.408594,0.409954,-0.389725,-0.390060,0.326845,0.155734
1.070000,0.134000,0.000017,0.593700,2.000000,0.000256,0.000000,0.000128,0.000000,0.002262,0.000817,0.596764,0.105081,0.000687,-0.000640,0.402680,0.402680,-0.396590,-0.396590,0.408953,0.410279,-0.389495,-0.389857,0.326668,0.155728
1.080000,0.154000,0.000020,0.593700,2.000000,0.000256,0.000000,0.000128,0.000000,0.003473,0.000824,0.596727,0.132257,0.000647,-0.003493,0.403039,0.403039,-0.396949,-0.396949,0.409341,0.410564,-0.389329,-0.389734,0.326584,0.155733
1.090000,0.174000,0.000022,0.593700,2.000000,0.000256,0.000000,0.000128,0.000000,0.004967,0.000830,0.596681,0.160458,0.000597,-0.003818,0.403446,0.403446,-0.397357,-0.397357,0.409780,0.410863,-0.389182,-0.389642,0.326534,0.155738
1.100000,0.194000,0.000025,0.593700,2.000000,0.000256,0.000000,0.000128,0.000000,0.006758,0.000836,0.596653,0.190018,0.000554,-0.002849,0.403902,0.403902,-0.397813,-0.397813,0.410279,0.411205,-0.389018,-0.389543,0.326471,0.155736
1.110000,0.214000,0.000027,0.593700,2.000000,0.000256,0.000000,0.000128,0.000000,0.008857,0.000841,0.596607,0.222184,0.000516,-0.004463,0.404406,0.404406,-0.398317,-0.398317,0.410839,0.411597,-0.388978,-0.389481,0.326484,0.155744
1.120000,0.234000,0.000030,0.593700,2.000000,0.000256,0.000000,0.000128,0.000000,0.011273,0.000846,0.596567,0.255083,0.000463,-0.004551,0.404959,0.404959,-0.398869,-0.398869,0.411394,0.412044,-0.389160,-0.389649,0.326686,0.155750
1.130000,0.254000,0.000033,0.593700,2.000000,0.000256,0.000000,0.000128,0.000000,0.014006,0.000851,0.596503,0.287901,0.000473,-0.006485,0.405560,0.405560,-0.399470,-0.399470,0.411768,0.412444,-0.389567,-0.390056,0.327070,0.155765
1.140000,0.274000,0.000035,0.593700,2.000000,0.000256,0.000000,0.000128,0.000000,0.017050,0.000856,0.596441,0.318686,0.000441,-0.006001,0.406209,0.406209,-0.400120,-0.400120,0.412081,0.412703,-0.390202,-0.390697,0.327618,0.155774
1.150000,0.294000,0.000038,0.593700,2.000000,0.000256,0.000000,0.000128,0.000000,0.020402,0.000860,0.596379,0.348207,0.000445,-0.006520,0.406907,0.406907,-0.400817,-0.400817,0.412424,0.412948,-0.390975,-0.391499,0.328330,0.155783
1.162000,0.318000,0.000041,0.593700,2.000000,0.000256,0.000000,0.000128,0.000000,0.024841,0.000867,0.596332,0.384586,0.000551,-0.006307,0.407809,0.407809,-0.401719,-0.401719,0.412915,0.413314,-0.391886,-0.392467,0.329223,0.155785
1.172000,0.338000,0.000043,0.593700,2.000000,0.000256,0.000000,0.000128,0.000000,0.028898,0.000871,0.596162,0.419870,0.000544,-0.013960,0.408614,0.408614,-0.402525,-0.402525,0.413202,0.413603,-0.392753,-0.393321,0.330062,0.155838
1.182000,0.358000,0.000046,0.593700,2.000000,0.000256,0.000000,0.000128,0.000000,0.033284,0.000877,0.596061,0.452750,0.000570,-0.008280,0.409468,0.409468,-0.403378,-0.403378,0.413461,0.413796,-0.393862,-0.394425,0.331044,0.155851
1.192000,0.378000,0.000048,0.593700,2.000000,0.000256,0.000000,0.000128,0.000000,0.037989,0.000883,0.596030,0.483519,0.000484,-0.007305,0.410367,0.410367,-0.404277,-0.404277,0.413786,0.414027,-0.395160,-0.395731,0.332175,0.155844
1.202000,0.398000,0.000051,0.593700,2.000000,0.000256,0.000000,0.000128,0.000000,0.043017,0.000889,0.595898,0.515439,0.000644,-0.013212,0.411314,0.411314,-0.405225,-0.405225,0.414034,0.414287,-0.396467,-0.397070,0.333398,0.155889
1.212000,0.418000,0.000054,0.593700,1.999999,0.000257,0.000000,0.000128,0.000000,0.048364,0.000909,0.595756,0.548199,0.001546,-0.013633,0.412312,0.412312,-0.406222,-0.406222,0.414280,0.414487,-0.397749,-0.398402,0.334577,0.155887
1.222000,0.438000,0.000056,0.593700,2.000000,0.000257,0.000000,0.000128,0.000000,0.054044,0.000922,0.595684,0.582012,0.001139,-0.010053,0.413356,0.413356,-0.407267,-0.407267,0.414607,0.414740,-0.399309,-0.399986,0.335966,0.155895
1.232000,0.458000,0.000059,0.593700,1.999999,0.000257,0.000000,0.000128,0.000000,0.060057,0.000924,0.595504,0.614875,0.000510,-0.014437,0.414448,0.414448,-0.408358,-0.408358,0.414863,0.414972,-0.401031,-0.401731,0.337517,0.155952
1.242000,0.478000,0.000061,0.593700,1.999999,0.000257,0.000000,0.000128,0.000000,0.066398,0.000933,0.595454,0.645305,0.000796,-0.006795,0.415589,0.415589,-0.409499,-0.409499,0.415166,0.415195,-0.402680,-0.403400,0.338997,0.155942
1.252000,0.498000,0.000064,0.593700,1.999999,0.000257,0.000000,0.000128,0.000000,0.073074,0.000936,0.595213,0.681786,0.000482,-0.020044,0.416780,0.416780,-0.410691,-0.410691,0.415464,0.415462,-0.404514,-0.405180,0.340685,0.156028
1.262000,0.518000,0.000066,0.593700,1.999999,0.000257,0.000000,0.000128,0.000000,0.080086,0.000945,0.595128,0.714099,0.000869,-0.008431,0.418022,0.418022,-0.411933,-0.411933,0.415762,0.415713,-0.406518,-0.407171,0.342426,0.156024
1.272000,0.538000,0.000069,0.593700,1.999999,0.000257,0.000000,0.000128,0.000000,0.087427,0.000947,0.594911,0.746784,0.000484,-0.023258,0.419314,0.419314,-0.413225,-0.413225,0.416072,0.416013,-0.408461,-0.409086,0.344197,0.156104
1.282000,0.558000,0.000072,0.593700,1.999999,0.000257,0.000000,0.000128,0.000000,0.095109,0.000957,0.594808,0.782151,0.001045,-0.007556,0.420657,0.420657,-0.414568,-0.414568,0.416394,0.416293,-0.410658,-0.411223,0.346106,0.156100
1.292000,0.578000,0.000074,0.593700,1.999999,0.000257,0.000000,0.000128,0.000000,0.103124,0.000959,0.594607,0.813524,0.000450,-0.019875,0.422052,0.422052,-0.415962,-0.415962,0.416753,0.416654,-0.412867,-0.413422,0.348128,0.156173
1.302000,0.598000,0.000077,0.593700,1.999999,0.000257,0.000000,0.000128,0.000000,0.111472,0.000968,0.594443,0.848462,0.000804,-0.020113,0.423498,0.423498,-0.417408,-0.417408,0.417128,0.417017,-0.414994,-0.415568,0.349607,0.156205
1.312000,0.618000,0.000079,0.593700,1.999998,0.000257,0.000000,0.000128,0.000000,0.120170,0.000972,0.594216,0.883583,0.000725,-0.015684,0.424994,0.424994,-0.418905,-0.418905,0.417478,0.417395,-0.417380,-0.417979,0.350031,0.156262
1.322000,0.638000,0.000082,0.593700,1.999999,0.000257,0.000000,0.000128,0.000000,0.129201,0.000981,0.594097,0.914915,0.000780,-0.024135,0.426540,0.426540,-0.420451,-0.420451,0.417919,0.417823,-0.419707,-0.420267,0.350362,0.156304
1.332000,0.658000,0.000084,0.593700,1.999998,0.000257,0.000000,0.000128,0.000000,0.138579,0.000985,0.593861,0.951736,0.000672,-0.019426,0.428137,0.428137,-0.422048,-0.422048,0.418354,0.418278,-0.422279,-0.422751,0.350820,0.156342
1.342000,0.678000,0.000087,0.593700,1.999998,0.000257,0.000000,0.000128,0.000000,0.148297,0.000991,0.593643,0.984372,0.000740,-0.021444,0.429786,0.429786,-0.423696,-0.423696,0.418803,0.418778,-0.424747,-0.425200,0.351391,0.156409
1.352000,0.698000,0.000090,0.593700,1.999999,0.000257,0.000000,0.000128,0.000000,0.158366,0.001003,0.593478,1.020521,0.000900,-0.022128,0.431481,0.431481,-0.425391,-0.425391,0.419315,0.419285,-0.427415,-0.427876,0.351758,0.156433
1.362000,0.718000,0.000092,0.593700,1.999999,0.000257,0.000000,0.000128,0.000000,0.169134,0.001013,0.593341,1.089337,0.001100,-0.021100,0.433227,0.433227,-0.427138,-0.427138,0.419791,0.419738,-0.430074,-0.430544,0.351929,0.156460
1.372000,0.738000,0.000095,0.593700,1.999998,0.000257,0.000000,0.000128,0.000000,0.179914,0.001035,0.593049,1.102136,0.001467,-0.018600,0.435026,0.435026,-0.428937,-0.428937,0.420167,0.420076,-0.432970,-0.433453,0.352611,0.156516
1.382000,0.758000,0.000097,0.593700,1.999997,0.000258,0.000000,0.000128,0.000000,0.190967,0.001050,0.592822,1.120119,0.001375,-0.022075,0.436877,0.436877,-0.430788,-0.430788,0.420620,0.420499,-0.435783,-0.436207,0.353138,0.156588
1.392000,0.778000,0.000100,0.593700,1.999998,0.000257,0.000000,0.000128,0.000000,0.202337,0.001052,0.592556,1.150576,0.000733,-0.026014,0.438779,0.438779,-0.432690,-0.432690,0.421222,0.421059,-0.438666,-0.438974,0.353688,0.156669
1.402000,0.798000,0.000102,0.593700,1.999998,0.000257,0.000000,0.000128,0.000000,0.214045,0.001057,0.592357,1.184306,0.000254,-0.028905,0.440733,0.440733,-0.434644,-0.434644,0.421914,0.421716,-0.441406,-0.441678,0.354284,0.156735
1.414000,0.822000,0.000105,0.593700,1.999998,0.000257,0.000000,0.000128,0.000000,0.228571,0.001060,0.592060,1.226543,0.000168,-0.031851,0.443138,0.443138,-0.437048,-0.437048,0.422799,0.422618,-0.444757,-0.445026,0.355184,0.156813
1.424000,0.842000,0.000108,0.593700,1.999998,0.000257,0.000000,0.000128,0.000000,0.241072,0.001074,0.591822,1.264071,0.001318,-0.023238,0.445186,0.445186,-0.439097,-0.439097,0.423588,0.423389,-0.447671,-0.447953,0.355839,0.156857
1.434000,0.862000,0.000111,0.593700,1.999998,0.000257,0.000000,0.000128,0.000000,0.253932,0.001075,0.591548,1.301099,0.000712,-0.026570,0.447272,0.447272,-0.441182,-0.441182,0.424429,0.424196,-0.450700,-0.450855,0.356662,0.156955
1.444000,0.882000,0.000113,0.593700,1.999998,0.000257,0.000000,0.000128,0.000000,0.267151,0.001080,0.591381,1.334951,0.000957,-0.021370,0.449397,0.449397,-0.443307,-0.443307,0.425284,0.425071,-0.453774,-0.453851,0.357405,0.156980
1.454000,0.902000,0.000116,0.593700,1.999999,0.000256,0.000000,0.000128,0.000000,0.281220,0.001094,0.591044,1.394073,0.001679,-0.031534,0.451569,0.451569,-0.445480,-0.445480,0.425967,0.425771,-0.457193,-0.457239,0.358130,0.157084
1.464000,0.922000,0.000118,0.593700,1.999998,0.000257,0.000000,0.000128,0.000000,0.295123,0.001104,0.590772,1.408914,0.001062,-0.025560,0.453795,0.453795,-0.447705,-0.447705,0.426744,0.426554,-0.460571,-0.460607,0.358867,0.157133
1.474000,0.942000,0.000121,0.593700,1.999998,0.000257,0.000000,0.000128,0.000000,0.309333,0.001114,0.590504,1.435192,0.000902,-0.030317,0.456074,0.456074,-0.449984,-0.449984,0.427714,0.427497,-0.463828,-0.463864,0.359755,0.157194
1.484000,0.962000,0.000123,0.593700,1.999999,0.000257,0.000000,0.000128,0.000000,0.323901,0.001122,0.590235,1.469786,0.000736,-0.021825,0.458405,0.458405,-0.452316,-0.452316,0.428782,0.428518,-0.467049,-0.467064,0.360735,0.157284
1.494000,0.982000,0.000126,0.593700,1.999998,0.000256,0.000000,0.000128,0.000000,0.338827,0.001125,0.589999,1.505738,0.001339,-0.031183,0.460786,0.460786,-0.454697,-0.454697,0.429882,0.429639,-0.470291,-0.470183,0.361795,0.157373
1.504000,1.002000,0.000129,0.593700,1.999998,0.000256,0.000000,0.000128,0.000000,0.354726,0.001147,0.589686,1.589665,0.002903,-0.034993,0.463216,0.463216,-0.457127,-0.457127,0.430856,0.430609,-0.473815,-0.473707,0.362769,0.157412
1.514000,1.022000,0.000131,0.593700,1.999999,0.000256,0.000000,0.000128,0.000000,0.370440,0.001171,0.589245,1.594445,0.001726,-0.042478,0.465700,0.465700,-0.459611,-0.459611,0.431838,0.431586,-0.477741,-0.477754,0.363678,0.157525
1.524000,1.042000,0.000134,0.593700,2.000000,0.000256,0.000000,0.000128,0.000000,0.386448,0.001179,0.588936,1.615200,0.001070,-0.040677,0.468238,0.468238,-0.462149,-0.462149,0.433032,0.432739,-0.481544,-0.481625,0.364677,0.157606
1.534000,1.062000,0.000136,0.593700,2.000000,0.000256,0.000000,0.000128,0.000000,0.402788,0.001190,0.588535,1.648097,0.001123,-0.043143,0.470831,0.470831,-0.464742,-0.464742,0.434381,0.434044,-0.485209,-0.485304,0.365966,0.157713
1.544000,1.082000,0.000139,0.593700,2.000000,0.000256,0.000000,0.000128,0.000000,0.419973,0.001193,0.588080,1.733956,0.000564,-0.045368,0.473474,0.473474,-0.467385,-0.467385,0.435720,0.435301,-0.488984,-0.488945,0.366915,0.157841
1.554000,1.102000,0.000141,0.593700,2.000000,0.000256,0.000000,0.000128,0.000000,0.437149,0.001203,0.587662,1.744986,0.000985,-0.047240,0.476150,0.476150,-0.470061,-0.470061,0.436986,0.436495,-0.492970,-0.492815,0.368428,0.157946
1.564000,1.122000,0.000144,0.593700,2.000000,0.000256,0.000000,0.000128,0.000000,0.454626,0.001209,0.587261,1.763949,0.000782,-0.039615,0.478872,0.478872,-0.472782,-0.472782,0.438346,0.437809,-0.496888,-0.496702,0.369719,0.158049
1.574000,1.142000,0.000146,0.593700,2.000000,0.000256,0.000000,0.000128,0.000000,0.472450,0.001220,0.586837,1.796981,0.001177,-0.040238,0.481545,0.481545,-0.475455,-0.475455,0.439777,0.439207,-0.500643,-0.500437,0.371083,0.158151
1.584000,1.162000,0.000149,0.593700,2.000000,0.000256,0.000000,0.000128,0.000000,0.491033,0.001229,0.586409,1.863592,0.000332,-0.030795,0.484028,0.484028,-0.477939,-0.477939,0.440855,0.440572,-0.504415,-0.504201,0.372254,0.158226
1.594000,1.182000,0.000152,0.593700,1.999999,0.000257,0.000000,0.000128,0.000000,0.509562,0.001226,0.585810,1.870328,-0.001544,-0.057082,0.486311,0.486311,-0.480222,-0.480222,0.441458,0.441829,-0.508272,-0.508062,0.373343,0.158419
1.604000,1.202000,0.000154,0.593700,2.000000,0.000256,0.000000,0.000128,0.000000,0.528294,0.001252,0.585347,1.884718,0.003246,-0.039699,0.488395,0.488395,-0.482305,-0.482305,0.442125,0.442832,-0.512152,-0.511831,0.374340,0.158505
1.614000,1.222000,0.000157,0.593700,1.999999,0.000257,0.000000,0.000128,0.000000,0.547247,0.001233,0.584899,1.903065,-0.000370,-0.033832,0.490278,0.490278,-0.484189,-0.484189,0.442763,0.443578,-0.515980,-0.515638,0.375006,0.158624
1.624000,1.242000,0.000159,0.593700,1.999998,0.000257,0.000000,0.000128,0.000000,0.566387,0.001235,0.584283,1.919001,-0.000682,-0.049276,0.491961,0.491961,-0.485872,-0.485872,0.443264,0.444156,-0.519694,-0.519383,0.375897,0.158827
1.634000,1.261999,0.000162,0.593700,1.999999,0.000257,0.000000,0.000128,0.000000,0.585709,0.001246,0.583932,1.937162,0.001786,-0.030154,0.493445,0.493445,-0.487355,-0.487355,0.443496,0.444460,-0.523227,-0.522847,0.376384,0.158912
1.644000,1.281999,0.000164,0.593700,1.999998,0.000257,0.000000,0.000128,0.000000,0.605121,0.001255,0.583466,1.944944,0.001120,-0.042988,0.494728,0.494728,-0.488639,-0.488639,0.443545,0.444579,-0.526531,-0.526169,0.376621,0.158978
1.654000,1.301999,0.000167,0.593700,1.999998,0.000257,0.000000,0.000128,0.000000,0.624671,0.001253,0.582890,1.956512,-0.000995,-0.054941,0.495811,0.495811,-0.489722,-0.489722,0.443481,0.444405,-0.529572,-0.529266,0.377085,0.159158
1.664000,1.321999,0.000170,0.593700,1.999999,0.000257,0.000000,0.000128,0.000000,0.644324,0.001258,0.582555,1.966106,0.000653,-0.031335,0.496695,0.496695,-0.490605,-0.490605,0.443237,0.443984,-0.532390,-0.532156,0.377022,0.159236
1.676000,1.345999,0.000173,0.593700,1.999998,0.000256,0.000000,0.000128,0.000000,0.667965,0.001266,0.582067,1.972476,0.001414,-0.042431,0.497491,0.497491,-0.491401,-0.491401,0.442853,0.443442,-0.535400,-0.535266,0.376809,0.159363
1.686000,1.365999,0.000175,0.593700,1.999999,0.000256,0.000000,0.000128,0.000000,0.687935,0.001259,0.581675,1.990156,-0.000782,-0.048852,0.497934,0.497934,-0.491844,-0.491844,0.442359,0.442891,-0.537724,-0.537649,0.376818,0.159459
1.696000,1.385999,0.000178,0.593700,2.000000,0.000256,0.000000,0.000128,0.000000,0.707758,0.001241,0.581364,1.985529,-0.001271,-0.016554,0.498177,0.498177,-0.492088,-0.492088,0.441616,0.442195,-0.539896,-0.539745,0.376453,0.159592
1.706000,1.405999,0.000180,0.593700,2.000000,0.000256,0.000000,0.000128,0.000000,0.727613,0.001248,0.581045,1.985972,0.000448,-0.032952,0.498221,0.498221,-0.492131,-0.492131,0.440829,0.441457,-0.541729,-0.541573,0.376067,0.159687
1.716000,1.425999,0.000183,0.593700,2.000000,0.000256,0.000000,0.000128,0.000000,0.747516,0.001254,0.580681,1.990119,0.000598,-0.041791,0.498064,0.498064,-0.491974,-0.491974,0.439968,0.440638,-0.543312,-0.543202,0.375588,0.159780
1.726000,1.445999,0.000185,0.593700,2.000000,0.000256,0.000000,0.000128,0.000000,0.767455,0.001258,0.580615,1.993169,0.000730,0.004712,0.497707,0.497707,-0.491618,-0.491618,0.438926,0.439658,-0.544628,-0.544584,0.374961,0.159775
1.736000,1.465999,0.000188,0.593700,2.000000,0.000256,0.000000,0.000128,0.000000,0.787424,0.001259,0.580253,1.996016,0.000701,-0.030865,0.497150,0.497150,-0.491061,-0.491061,0.437855,0.438604,-0.545673,-0.545703,0.374228,0.159914
1.746000,1.485999,0.000191,0.593700,2.000000,0.000256,0.000000,0.000128,0.000000,0.807429,0.001254,0.580070,2.000122,-0.000839,-0.028039,0.496394,0.496394,-0.490304,-0.490304,0.436591,0.437360,-0.546454,-0.546556,0.373549,0.159967
1.756000,1.505999,0.000193,0.593700,2.000000,0.000256,0.000000,0.000128,0.000000,0.827458,0.001258,0.579879,2.002204,0.000380,-0.016391,0.495437,0.495437,-0.489348,-0.489348,0.435169,0.435968,-0.547078,-0.547296,0.372468,0.160015
1.766000,1.525999,0.000196,0.593700,2.000000,0.000256,0.000000,0.000128,0.000000,0.847500,0.001255,0.579879,2.000958,-0.000300,-0.000408,0.494280,0.494280,-0.488191,-0.488191,0.433649,0.434467,-0.547535,-0.547866,0.371215,0.159996
1.776000,1.545999,0.000198,0.593700,2.000000,0.000256,0.000000,0.000128,0.000000,0.867505,0.001257,0.580021,1.998073,0.000359,0.008210,0.492924,0.492924,-0.486834,-0.486834,0.432070,0.432901,-0.547699,-0.548161,0.369768,0.159960
1.786000,1.565999,0.000201,0.593700,2.000000,0.000256,0.000000,0.000128,0.000000,0.887492,0.001258,0.579716,1.997697,0.000247,-0.024834,0.491367,0.491367,-0.485278,-0.485278,0.430342,0.431257,-0.547574,-0.548105,0.368663,0.160090
1.796000,1.585999,0.000203,0.593700,1.999999,0.000257,0.000000,0.000128,0.000000,0.907473,0.001276,0.579602,1.997190,0.001131,-0.010608,0.489610,0.489610,-0.483521,-0.483521,0.428505,0.429429,-0.547225,-0.547777,0.367224,0.160047
1.806000,1.605999,0.000206,0.593700,1.999998,0.000257,0.000000,0.000128,0.000000,0.927435,0.001271,0.579605,1.996164,-0.000156,-0.010178,0.487672,0.487672,-0.481583,-0.481583,0.426511,0.427506,-0.546559,-0.547111,0.365682,0.160082
1.816000,1.625999,0.000209,0.593700,1.999998,0.000256,0.000000,0.000128,0.000000,0.947423,0.001266,0.579442,1.998101,-0.000956,-0.011285,0.485656,0.485656,-0.479567,-0.479567,0.424441,0.425474,-0.545778,-0.546253,0.363950,0.160188
1.826000,1.645999,0.000211,0.593700,1.999999,0.000256,0.000000,0.000128,0.000000,0.967460,0.001275,0.579458,2.002378,0.000444,0.009983,0.483642,0.483642,-0.477553,-0.477553,0.422315,0.423352,-0.545010,-0.545250,0.362155,0.160160
1.836000,1.665999,0.000214,0.593700,1.999997,0.000257,0.000000,0.000128,0.000000,0.987443,0.001282,0.579318,1.999001,0.000446,-0.012195,0.481654,0.481654,-0.475564,-0.475564,0.420154,0.421164,-0.544076,-0.544139,0.360485,0.160191
1.846000,1.685999,0.000216,0.593700,1.999998,0.000257,0.000000,0.000128,0.000000,1.007417,0.001284,0.579490,1.996413,-0.000136,0.001792,0.479696,0.479696,-0.473607,-0.473607,0.418065,0.419017,-0.543011,-0.542966,0.358436,0.160129
1.856000,1.705999,0.000219,0.593700,1.999998,0.000256,0.000000,0.000128,0.000000,1.027397,0.001272,0.579390,1.997592,-0.000359,-0.000275,0.477770,0.477770,-0.471681,-0.471681,0.415937,0.416940,-0.541912,-0.541765,0.356609,0.160221
1.866000,1.725999,0.000221,0.593700,2.000000,0.000256,0.000000,0.000128,0.000000,1.047448,0.001281,0.579430,2.001181,0.000825,0.002537,0.475875,0.475875,-0.469785,-0.469785,0.413899,0.414908,-0.540981,-0.540500,0.354725,0.160190
1.876000,1.745999,0.000224,0.593700,2.000000,0.000256,0.000000,0.000128,0.000000,1.067411,0.001280,0.579490,1.996168,-0.000548,-0.008144,0.474010,0.474010,-0.467920,-0.467920,0.411933,0.412900,-0.539888,-0.539196,0.353052,0.160175
1.886000,1.765999,0.000226,0.593700,2.000000,0.000256,0.000000,0.000128,0.000000,1.087372,0.001282,0.579473,1.996124,0.000398,0.004473,0.472174,0.472174,-0.466085,-0.466085,0.409975,0.410871,-0.538704,-0.537852,0.351230,0.160204
1.896000,1.785999,0.000229,0.593700,2.000000,0.000256,0.000000,0.000128,0.000000,1.107348,0.001287,0.579585,1.996447,0.000434,0.015502,0.470368,0.470368,-0.464279,-0.464279,0.408039,0.408851,-0.537518,-0.536434,0.349409,0.160139
1.906000,1.805999,0.000232,0.593700,2.000000,0.000256,0.000000,0.000128,0.000000,1.127288,0.001285,0.579761,1.993611,0.000276,0.000626,0.468591,0.468591,-0.462502,-0.462502,0.406229,0.406937,-0.536192,-0.535001,0.347622,0.160108
1.916000,1.825999,0.000234,0.593700,2.000000,0.000256,0.000000,0.000128,0.000000,1.147231,0.001285,0.579820,1.994785,0.000187,0.000267,0.466843,0.466843,-0.460753,-0.460753,0.404404,0.405007,-0.534754,-0.533530,0.345903,0.160082
1.928000,1.849999,0.000237,0.593700,2.000000,0.000256,0.000000,0.000128,0.000000,1.171164,0.001288,0.579985,1.994380,0.000404,0.016333,0.464781,0.464781,-0.458692,-0.458692,0.402326,0.402797,-0.533014,-0.531799,0.343812,0.160027
1.938000,1.869999,0.000240,0.593700,2.000000,0.000256,0.000000,0.000128,0.000000,1.191126,0.001283,0.580077,1.996073,-0.000494,0.016500,0.463094,0.463094,-0.457004,-0.457004,0.400638,0.400993,-0.531545,-0.530365,0.342153,0.159993
1.948000,1.889999,0.000242,0.593700,2.000000,0.000256,0.000000,0.000128,0.000000,1.211098,0.001287,0.580110,1.997458,0.000276,0.004936,0.461433,0.461433,-0.455343,-0.455343,0.398942,0.399203,-0.530019,-0.528900,0.340547,0.160004
1.958000,1.909999,0.000245,0.593700,1.999999,0.000257,0.000000,0.000128,0.000000,1.231083,0.001273,0.580173,1.998313,-0.001855,-0.005263,0.459799,0.459799,-0.453709,-0.453709,0.397239,0.397404,-0.528458,-0.527418,0.339106,0.160023
1.968000,1.929999,0.000248,0.593700,1.999999,0.000257,0.000000,0.000128,0.000000,1.251077,0.001265,0.580411,1.999492,-0.003171,0.022232,0.458191,0.458191,-0.452101,-0.452101,0.395481,0.395600,-0.526922,-0.525917,0.337279,0.159997
1.978000,1.949999,0.000250,0.593700,1.999999,0.000257,0.000000,0.000128,0.000000,1.271099,0.001274,0.580529,2.001513,0.001461,0.027514,0.456609,0.456609,-0.450520,-0.450520,0.393717,0.393858,-0.525424,-0.524422,0.335702,0.159926
1.988000,1.969999,0.000253,0.593700,1.999998,0.000257,0.000000,0.000128,0.000000,1.291122,0.001281,0.580524,2.001559,0.000131,-0.007692,0.455053,0.455053,-0.448964,-0.448964,0.392073,0.392159,-0.523866,-0.522978,0.334174,0.159933
1.998000,1.989999,0.000255,0.593700,1.999998,0.000256,0.000000,0.000128,0.000000,1.311142,0.001299,0.580862,2.000793,0.001807,0.017958,0.453526,0.453526,-0.447437,-0.447437,0.390401,0.390419,-0.522308,-0.521541,0.332480,0.159751
2.008000,2.009999,0.000258,0.593700,1.999998,0.000258,0.000000,0.000128,0.000000,1.331175,0.001276,0.580906,2.002447,-0.001353,0.009401,0.452030,0.452030,-0.445940,-0.445940,0.388740,0.388772,-0.520786,-0.520096,0.331049,0.159848
2.018000,2.029999,0.000260,0.593700,1.999999,0.000257,0.000000,0.000128,0.000000,1.351219,0.001295,0.581236,2.002638,0.000631,0.011214,0.450566,0.450566,-0.444477,-0.444477,0.387123,0.387113,-0.519212,-0.518664,0.329545,0.159651
2.030000,2.053999,0.000263,0.593700,1.999998,0.000256,0.000000,0.000128,0.000000,1.375274,0.001304,0.581338,2.003117,0.000391,0.011635,0.448857,0.448857,-0.442767,-0.442767,0.385160,0.385164,-0.517307,-0.517041,0.327658,0.159655
2.042000,2.077999,0.000267,0.593700,1.999999,0.000256,0.000000,0.000128,0.000000,1.399326,0.001311,0.581573,2.003834,0.001367,0.035687,0.447201,0.447201,-0.441112,-0.441112,0.383223,0.383273,-0.515508,-0.515362,0.326094,0.159553
2.054000,2.101999,0.000270,0.593700,1.999999,0.000257,0.000000,0.000128,0.000000,1.423382,0.001303,0.581513,2.005027,-0.000245,0.001525,0.445602,0.445602,-0.439513,-0.439513,0.381406,0.381443,-0.513757,-0.513633,0.324590,0.159629
2.064000,2.121999,0.000272,0.593700,2.000000,0.000256,0.000000,0.000128,0.000000,1.443429,0.001312,0.581754,2.003845,0.000204,0.022288,0.444313,0.444313,-0.438224,-0.438224,0.379835,0.379939,-0.512264,-0.512337,0.323147,0.159527
2.076000,2.145999,0.000275,0.593700,2.000000,0.000256,0.000000,0.000128,0.000000,1.467480,0.001308,0.581915,2.003716,-0.000529,0.011127,0.442817,0.442817,-0.436727,-0.436727,0.378112,0.378212,-0.510574,-0.510752,0.321641,0.159485
2.088000,2.169999,0.000278,0.593700,2.000000,0.000256,0.000000,0.000128,0.000000,1.491560,0.001302,0.581997,2.006367,-0.001136,0.013179,0.441373,0.441373,-0.435284,-0.435284,0.376349,0.376613,-0.508968,-0.509292,0.320221,0.159442
2.100000,2.193999,0.000281,0.593700,2.000000,0.000256,0.000000,0.000128,0.000000,1.515634,0.001311,0.582152,2.005031,0.000644,0.015818,0.439981,0.439981,-0.433891,-0.433891,0.374614,0.374955,-0.507597,-0.507912,0.318701,0.159432
2.112000,2.217999,0.000284,0.593700,2.000000,0.000256,0.000000,0.000128,0.000000,1.539660,0.001319,0.582231,2.002071,0.000671,0.005670,0.438637,0.438637,-0.432548,-0.432548,0.372932,0.373372,-0.506287,-0.506501,0.317338,0.159378
2.124000,2.241999,0.000288,0.593700,2.000000,0.000257,0.000000,0.000128,0.000000,1.563702,0.001344,0.582502,2.001076,0.001246,0.013123,0.437341,0.437341,-0.431251,-0.431251,0.371387,0.371879,-0.505076,-0.505226,0.315915,0.159248
2.136000,2.265999,0.000291,0.593700,2.000000,0.000256,0.000000,0.000128,0.000000,1.587707,0.001322,0.582709,1.998359,0.000326,0.019958,0.436089,0.436089,-0.430000,-0.430000,0.369912,0.370423,-0.503900,-0.503885,0.314619,0.159243
2.148000,2.289999,0.000294,0.593700,1.999999,0.000257,0.000000,0.000128,0.000000,1.611716,0.001349,0.582813,1.998905,0.002542,0.008429,0.434882,0.434882,-0.428792,-0.428792,0.368603,0.369137,-0.502806,-0.502631,0.313429,0.159155
2.160000,2.313999,0.000297,0.593700,1.999999,0.000257,0.000000,0.000128,0.000000,1.635625,0.001332,0.583025,1.993452,-0.001215,0.003999,0.433716,0.433716,-0.427627,-0.427627,0.367423,0.367989,-0.501715,-0.501362,0.312293,0.159107
2.172000,2.337999,0.000300,0.593700,2.000000,0.000256,0.000000,0.000128,0.000000,1.659649,0.001302,0.583152,1.999426,-0.001702,0.007785,0.432592,0.432592,-0.426502,-0.426502,0.366241,0.366841,-0.500616,-0.500391,0.311287,0.159161
2.184000,2.361999,0.000303,0.593700,1.999999,0.000257,0.000000,0.000128,0.000000,1.683611,0.001283,0.583348,1.997323,-0.003187,0.020316,0.431506,0.431506,-0.425417,-0.425417,0.365093,0.365695,-0.499566,-0.499497,0.310139,0.159104
2.196000,2.385999,0.000306,0.593700,1.999999,0.000257,0.000000,0.000128,0.000000,1.707621,0.001287,0.583495,1.999134,-0.001568,0.013069,0.430459,0.430459,-0.424370,-0.424370,0.364031,0.364623,-0.498663,-0.498720,0.309155,0.159047
2.208000,2.409999,0.000309,0.593700,2.000000,0.000256,0.000000,0.000128,0.000000,1.731576,0.001272,0.583722,1.995488,-0.000713,0.036071,0.429448,0.429448,-0.423359,-0.423359,0.362916,0.363616,-0.497854,-0.498015,0.308044,0.158975
2.220000,2.433999,0.000312,0.593700,2.000000,0.000256,0.000000,0.000128,0.000000,1.755329,0.001273,0.583794,1.982759,-0.001218,0.014379,0.428473,0.428473,-0.422383,-0.422383,0.361959,0.362636,-0.496753,-0.496994,0.307266,0.158998
2.232000,2.457999,0.000315,0.593700,2.000000,0.000256,0.000000,0.000128,0.000000,1.779226,0.001280,0.583925,1.988710,0.000702,-0.014319,0.427531,0.427531,-0.421442,-0.421442,0.361044,0.361756,-0.495601,-0.495863,0.306356,0.158981
2.244000,2.481999,0.000318,0.593700,2.000000,0.000256,0.000000,0.000128,0.000000,1.803008,0.001289,0.584184,1.984858,0.001000,0.013920,0.426623,0.426623,-0.420534,-0.420534,0.360077,0.360842,-0.494488,-0.494750,0.305443,0.158873
2.256000,2.505999,0.000321,0.593700,2.000000,0.000256,0.000000,0.000128,0.000000,1.826796,0.001292,0.584463,1.984168,0.000634,0.001560,0.425746,0.425746,-0.419657,-0.419657,0.359266,0.359982,-0.493413,-0.493534,0.304508,0.158807
2.268000,2.529999,0.000324,0.593700,2.000000,0.000256,0.000000,0.000128,0.000000,1.850614,0.001300,0.584789,1.985955,0.000837,0.030186,0.424900,0.424900,-0.418811,-0.418811,0.358533,0.359170,-0.492410,-0.492417,0.303576,0.158695
2.280000,2.553999,0.000328,0.593700,2.000000,0.000256,0.000000,0.000128,0.000000,1.874467,0.001301,0.584910,1.989878,0.000375,0.010288,0.424084,0.424084,-0.417994,-0.417994,0.357870,0.358406,-0.491341,-0.491270,0.302922,0.158690
2.292000,2.577999,0.000331,0.593700,2.000000,0.000256,0.000000,0.000128,0.000000,1.898359,0.001303,0.585202,1.992619,-0.000225,0.026396,0.423296,0.423296,-0.417207,-0.417207,0.357072,0.357574,-0.490298,-0.490175,0.301939,0.158623
2.304000,2.601999,0.000334,0.593700,2.000000,0.000257,0.000000,0.000128,0.000000,1.922291,0.001287,0.585288,1.995866,-0.002371,0.010633,0.422536,0.422536,-0.416446,-0.416446,0.356244,0.356754,-0.489316,-0.489162,0.301159,0.158639
2.316000,2.625999,0.000337,0.593700,1.999999,0.000257,0.000000,0.000128,0.000000,1.946256,0.001296,0.585588,1.997740,-0.000512,0.014691,0.421802,0.421802,-0.415712,-0.415712,0.355451,0.355879,-0.488415,-0.488250,0.300157,0.158511
2.326000,2.645999,0.000339,0.593700,1.999999,0.000257,0.000000,0.000128,0.000000,1.966255,0.001298,0.585715,1.999920,-0.000381,0.010616,0.421210,0.421210,-0.415121,-0.415121,0.354787,0.355155,-0.487727,-0.487564,0.299513,0.158505
2.338000,2.669999,0.000342,0.593700,2.000000,0.000256,0.000000,0.000128,0.000000,1.990283,0.001334,0.586023,2.002306,0.004541,0.024889,0.420523,0.420523,-0.414433,-0.414433,0.353876,0.354167,-0.486812,-0.486667,0.298651,0.158338
2.350000,2.693999,0.000346,0.593700,1.999998,0.000257,0.000000,0.000128,0.000000,2.014304,0.001313,0.586211,2.000938,-0.000896,-0.006062,0.419859,0.419859,-0.413770,-0.413770,0.353152,0.353301,-0.485927,-0.485808,0.297772,0.158349
2.362000,2.717999,0.000349,0.593700,1.999999,0.000257,0.000000,0.000128,0.000000,2.038344,0.001322,0.586429,2.002626,-0.000128,0.023838,0.419219,0.419219,-0.413130,-0.413130,0.352392,0.352437,-0.485121,-0.485031,0.296939,0.158245
2.374000,2.741999,0.000352,0.593700,2.000000,0.000256,0.000000,0.000128,0.000000,2.062372,0.001358,0.586762,2.001292,0.001735,0.022448,0.418601,0.418601,-0.412512,-0.412512,0.351688,0.351689,-0.484224,-0.484298,0.296199,0.158104
2.386000,2.765999,0.000355,0.593700,2.000000,0.000256,0.000000,0.000128,0.000000,2.086442,0.001360,0.586715,2.006237,0.000095,0.018639,0.418005,0.418005,-0.411915,-0.411915,0.350932,0.350964,-0.483400,-0.483622,0.295630,0.158148
2.398000,2.789999,0.000358,0.593700,1.999999,0.000257,0.000000,0.000128,0.000000,2.110539,0.001361,0.586909,2.006966,0.001189,0.021400,0.417429,0.417429,-0.411340,-0.411340,0.350071,0.350309,-0.482742,-0.483025,0.294832,0.158102
2.410000,2.813999,0.000361,0.593700,2.000000,0.000256,0.000000,0.000128,0.000000,2.134605,0.001375,0.587153,2.003479,0.001119,-0.002589,0.416874,0.416874,-0.410785,-0.410785,0.349350,0.349641,-0.482031,-0.482334,0.294147,0.158011
2.422000,2.837999,0.000364,0.593700,2.000000,0.000256,0.000000,0.000128,0.000000,2.158683,0.001387,0.587328,2.006333,0.001709,0.033194,0.416338,0.416338,-0.410249,-0.410249,0.348579,0.348942,-0.481395,-0.481675,0.293536,0.157922
2.434000,2.861999,0.000367,0.593700,2.000000,0.000256,0.000000,0.000128,0.000000,2.182776,0.001385,0.587388,2.007182,0.000917,0.014657,0.415821,0.415821,-0.409732,-0.409732,0.347864,0.348328,-0.480721,-0.481134,0.292918,0.157947
2.446000,2.885999,0.000370,0.593700,2.000000,0.000256,0.000000,0.000128,0.000000,2.206842,0.001378,0.587418,2.004495,0.000433,-0.016878,0.415322,0.415322,-0.409233,-0.409233,0.347181,0.347779,-0.480104,-0.480580,0.292411,0.157934
2.458000,2.909999,0.000373,0.593700,2.000000,0.000256,0.000000,0.000128,0.000000,2.230898,0.001381,0.587647,2.005047,0.000467,0.027233,0.414840,0.414840,-0.408751,-0.408751,0.346411,0.347089,-0.479614,-0.480044,0.291814,0.157844
2.470000,2.933999,0.000376,0.593700,2.000000,0.000256,0.000000,0.000128,0.000000,2.254919,0.001400,0.587757,2.000912,0.004372,0.010139,0.414376,0.414376,-0.408286,-0.408286,0.345735,0.346455,-0.479067,-0.479590,0.291118,0.157773
2.482000,2.957999,0.000379,0.593700,2.000000,0.000256,0.000000,0.000128,0.000000,2.278911,0.001364,0.587854,1.998301,-0.000980,-0.007244,0.413927,0.413927,-0.407838,-0.407838,0.345182,0.345940,-0.478592,-0.479125,0.290654,0.157802
2.494000,2.981999,0.000382,0.593700,2.000000,0.000257,0.000000,0.000128,0.000000,2.302875,0.001406,0.588164,1.995364,0.003417,0.020612,0.413494,0.413494,-0.407405,-0.407405,0.344672,0.345464,-0.478244,-0.478620,0.290068,0.157645
2.506000,3.005999,0.000385,0.593700,2.000000,0.000257,0.000000,0.000128,0.000000,2.326879,0.001373,0.588202,1.998111,-0.001107,0.013057,0.413077,0.413077,-0.406987,-0.406987,0.344312,0.345137,-0.477814,-0.478338,0.289805,0.157654
2.518000,3.029999,0.000389,0.593700,2.000000,0.000256,0.000000,0.000128,0.000000,2.350777,0.001352,0.588174,1.992861,-0.002538,0.000146,0.412673,0.412673,-0.406584,-0.406584,0.343912,0.344862,-0.477419,-0.477940,0.289619,0.157775
2.530000,3.053999,0.000392,0.593700,2.000000,0.000256,0.000000,0.000128,0.000000,2.374679,0.001353,0.588507,1.991823,-0.002864,0.025584,0.412284,0.412284,-0.406195,-0.406195,0.343539,0.344581,-0.477174,-0.477503,0.289101,0.157668
2.542000,3.077999,0.000395,0.593700,2.000000,0.000256,0.000000,0.000128,0.000000,2.398549,0.001354,0.588477,1.991050,-0.000808,0.010708,0.411909,0.411909,-0.405820,-0.405820,0.343064,0.344254,-0.476871,-0.476987,0.288792,0.157671
2.554000,3.101999,0.000398,0.593700,2.000000,0.000256,0.000000,0.000128,0.000000,2.422412,0.001364,0.588749,1.988189,0.000023,0.015340,0.411547,0.411547,-0.405457,-0.405457,0.342639,0.343891,-0.476632,-0.476455,0.288400,0.157595
2.566000,3.125999,0.000401,0.593700,2.000000,0.000256,0.000000,0.000128,0.000000,2.446241,0.001364,0.588879,1.987822,-0.000240,0.022268,0.411197,0.411197,-0.405108,-0.405108,0.342308,0.343575,-0.476309,-0.475899,0.287978,0.157590
2.576000,3.145999,0.000403,0.593700,2.000000,0.000256,0.000000,0.000128,0.000000,2.466098,0.001370,0.589051,1.986703,0.000177,0.013614,0.410915,0.410915,-0.404826,-0.404826,0.342041,0.343376,-0.476014,-0.475452,0.287668,0.157505
2.588000,3.169999,0.000407,0.593700,2.000000,0.000256,0.000000,0.000128,0.000000,2.489929,0.001370,0.589194,1.988031,-0.000462,0.006847,0.410587,0.410587,-0.404498,-0.404498,0.341845,0.343062,-0.475565,-0.474955,0.287435,0.157479
2.600000,3.193999,0.000410,0.593700,2.000000,0.000256,0.000000,0.000128,0.000000,2.513771,0.001377,0.589348,1.988171,0.000459,0.012676,0.410271,0.410271,-0.404182,-0.404182,0.341669,0.342787,-0.475232,-0.474516,0.287056,0.157464
2.612000,3.217999,0.000413,0.593700,2.000000,0.000256,0.000000,0.000128,0.000000,2.537635,0.001381,0.589456,1.990198,0.000720,0.013018,0.409966,0.409966,-0.403877,-0.403877,0.341452,0.342498,-0.474902,-0.474164,0.286816,0.157457
2.624000,3.241999,0.000416,0.593700,2.000000,0.000256,0.000000,0.000128,0.000000,2.561504,0.001388,0.589719,1.990724,0.000770,0.034137,0.409672,0.409672,-0.403582,-0.403582,0.341232,0.342183,-0.474607,-0.473815,0.286387,0.157363
2.636000,3.265999,0.000419,0.593700,2.000000,0.000256,0.000000,0.000128,0.000000,2.585395,0.001389,0.589754,1.992461,0.000355,-0.000485,0.409388,0.409388,-0.403298,-0.403298,0.341080,0.341925,-0.474268,-0.473445,0.286179,0.157393
2.648000,3.289999,0.000422,0.593700,2.000000,0.000256,0.000000,0.000128,0.000000,2.609312,0.001389,0.590037,1.994237,-0.000587,0.016771,0.409114,0.409114,-0.403024,-0.403024,0.340837,0.341568,-0.473957,-0.473103,0.285742,0.157277
2.660000,3.313999,0.000425,0.593700,1.999999,0.000257,0.000000,0.000128,0.000000,2.633251,0.001381,0.590298,1.995468,-0.002231,0.025306,0.408849,0.408849,-0.402760,-0.402760,0.340637,0.341238,-0.473619,-0.472847,0.285273,0.157248
2.672000,3.337999,0.000428,0.593700,2.000000,0.000256,0.000000,0.000128,0.000000,2.657231,0.001406,0.590386,1.997954,0.004186,0.007953,0.408594,0.408594,-0.402504,-0.402504,0.340378,0.340868,-0.473291,-0.472582,0.284990,0.157182
2.684000,3.361999,0.000431,0.593700,1.999999,0.000257,0.000000,0.000128,0.000000,2.681260,0.001396,0.590820,2.004029,0.000509,0.047714,0.408347,0.408347,-0.402258,-0.402258,0.340085,0.340450,-0.472943,-0.472352,0.284437,0.157091
2.696000,3.385999,0.000434,0.593700,1.999998,0.000257,0.000000,0.000128,0.000000,2.705302,0.001403,0.590615,2.004209,-0.000359,-0.001916,0.408109,0.408109,-0.402020,-0.402020,0.339821,0.340067,-0.472596,-0.472174,0.284271,0.157162
2.708000,3.409999,0.000437,0.593700,1.999999,0.000257,0.000000,0.000128,0.000000,2.729381,0.001407,0.591090,2.004300,0.000481,0.015571,0.407880,0.407880,-0.401791,-0.401791,0.339457,0.339635,-0.472334,-0.472017,0.283653,0.157012
2.720000,3.433999,0.000440,0.593700,1.999999,0.000257,0.000000,0.000128,0.000000,2.753415,0.001430,0.590975,2.003040,-0.000691,0.009287,0.407659,0.407659,-0.401569,-0.401569,0.339162,0.339158,-0.472001,-0.471854,0.283461,0.157010
2.732000,3.457999,0.000443,0.593700,1.999999,0.000257,0.000000,0.000128,0.000000,2.777461,0.001438,0.591175,2.001982,0.000578,0.002307,0.407445,0.407445,-0.401355,-0.401355,0.338969,0.338802,-0.471726,-0.471662,0.283079,0.156973
2.744000,3.481999,0.000447,0.593700,2.000000,0.000256,0.000000,0.000128,0.000000,2.801516,0.001448,0.591257,2.004845,-0.000100,0.008263,0.407239,0.407239,-0.401149,-0.401149,0.338702,0.338430,-0.471363,-0.471423,0.282863,0.156898
2.756000,3.505999,0.000450,0.593700,2.000000,0.000256,0.000000,0.000128,0.000000,2.825610,0.001440,0.591495,2.004880,0.001331,0.010600,0.407040,0.407040,-0.400950,-0.400950,0.338460,0.338123,-0.471092,-0.471300,0.282499,0.156890
2.768000,3.529999,0.000453,0.593700,2.000000,0.000256,0.000000,0.000128,0.000000,2.849711,0.001430,0.591508,2.007463,-0.000410,0.014739,0.406847,0.406847,-0.400758,-0.400758,0.338078,0.337856,-0.470794,-0.471209,0.282151,0.156818
2.780000,3.553999,0.000456,0.593700,2.000000,0.000256,0.000000,0.000128,0.000000,2.873780,0.001443,0.591739,2.003648,0.000951,0.010062,0.406662,0.406662,-0.400573,-0.400573,0.337804,0.337608,-0.470609,-0.471080,0.281928,0.156734
2.792000,3.577999,0.000459,0.593700,2.000000,0.000256,0.000000,0.000128,0.000000,2.897835,0.001446,0.591709,2.003630,0.000846,0.013349,0.406483,0.406483,-0.400394,-0.400394,0.337515,0.337342,-0.470469,-0.470859,0.281691,0.156762
2.804000,3.601999,0.000462,0.593700,2.000000,0.000256,0.000000,0.000128,0.000000,2.921869,0.001446,0.591806,2.001002,-0.000276,0.000174,0.406311,0.406311,-0.400221,-0.400221,0.337255,0.337102,-0.470326,-0.470599,0.281508,0.156714
2.816000,3.625999,0.000465,0.593700,2.000000,0.000256,0.000000,0.000128,0.000000,2.945881,0.001447,0.591817,1.999952,0.000001,-0.005648,0.406144,0.406144,-0.400055,-0.400055,0.336929,0.336957,-0.470121,-0.470344,0.281416,0.156735
2.826000,3.645999,0.000468,0.593700,2.000000,0.000256,0.000000,0.000128,0.000000,2.965877,0.001451,0.591957,1.998864,0.000546,0.012322,0.406010,0.406010,-0.399920,-0.399920,0.336667,0.336794,-0.469943,-0.470133,0.281179,0.156678
2.838000,3.669999,0.000471,0.593700,2.000000,0.000256,0.000000,0.000128,0.000000,2.989865,0.001449,0.591966,1.998791,0.000351,0.005349,0.405853,0.405853,-0.399764,-0.399764,0.336456,0.336672,-0.469821,-0.469868,0.280992,0.156717
2.850000,3.693999,0.000474,0.593700,2.000000,0.000257,0.000000,0.000128,0.000000,3.013856,0.001454,0.592074,2.000439,-0.001120,0.022380,0.405703,0.405703,-0.399613,-0.399613,0.336205,0.336627,-0.469739,-0.469708,0.280798,0.156609
2.862000,3.717999,0.000477,0.593700,2.000000,0.000256,0.000000,0.000128,0.000000,3.037795,0.001436,0.592110,1.994918,-0.003011,0.002763,0.405557,0.405557,-0.399468,-0.399468,0.336049,0.336588,-0.469689,-0.469641,0.280744,0.156662
2.874000,3.741999,0.000480,0.593700,1.999999,0.000257,0.000000,0.000128,0.000000,3.061692,0.001467,0.592099,1.991033,0.002074,-0.009996,0.405417,0.405417,-0.399328,-0.399328,0.335932,0.336545,-0.469671,-0.469414,0.280804,0.156645
2.886000,3.765999,0.000483,0.593700,2.000000,0.000256,0.000000,0.000128,0.000000,3.085612,0.001437,0.592363,1.992246,-0.001592,0.013339,0.405282,0.405282,-0.399192,-0.399192,0.335841,0.336431,-0.469704,-0.469147,0.280438,0.156605
2.898000,3.789999,0.000486,0.593700,2.000000,0.000256,0.000000,0.000128,0.000000,3.109512,0.001432,0.592432,1.990532,-0.004338,0.004288,0.405151,0.405151,-0.399062,-0.399062,0.335778,0.336379,-0.469728,-0.469033,0.280402,0.156566
2.910000,3.813999,0.000489,0.593700,2.000000,0.000257,0.000000,0.000128,0.000000,3.133355,0.001447,0.592514,1.988140,-0.000579,0.027966,0.405025,0.405025,-0.398936,-0.398936,0.335655,0.336283,-0.469562,-0.468968,0.280324,0.156559
2.922000,3.837999,0.000492,0.593700,2.000000,0.000256,0.000000,0.000128,0.000000,3.157196,0.001435,0.592495,1.988483,0.000317,0.008674,0.404903,0.404903,-0.398814,-0.398814,0.335519,0.336296,-0.469436,-0.468745,0.280193,0.156610
2.934000,3.861999,0.000495,0.593700,2.000000,0.000256,0.000000,0.000128,0.000000,3.181002,0.001432,0.592628,1.985903,-0.000122,-0.001043,0.404786,0.404786,-0.398697,-0.398697,0.335475,0.336322,-0.469332,-0.468482,0.280218,0.156580
2.946000,3.885999,0.000498,0.593700,2.000000,0.000256,0.000000,0.000128,0.000000,3.204808,0.001434,0.592830,1.985558,0.000147,0.010939,0.404673,0.404673,-0.398583,-0.398583,0.335384,0.336307,-0.469118,-0.468239,0.279992,0.156543
2.958000,3.909999,0.000501,0.593700,2.000000,0.000256,0.000000,0.000128,0.000000,3.228626,0.001437,0.592935,1.986193,0.000413,0.008303,0.404563,0.404563,-0.398474,-0.398474,0.335370,0.336371,-0.468930,-0.468045,0.279927,0.156537
2.970000,3.933999,0.000504,0.593700,2.000000,0.000256,0.000000,0.000128,0.000000,3.252476,0.001441,0.592975,1.989006,0.000575,0.013491,0.404458,0.404458,-0.398368,-0.398368,0.335331,0.336342,-0.468814,-0.467905,0.279878,0.156515
2.982000,3.957999,0.000508,0.593700,2.000000,0.000256,0.000000,0.000128,0.000000,3.276325,0.001449,0.593232,1.988748,0.000726,0.021950,0.404356,0.404356,-0.398267,-0.398267,0.335319,0.336277,-0.468607,-0.467721,0.279698,0.156425
2.994000,3.981999,0.000511,0.593700,2.000000,0.000256,0.000000,0.000128,0.000000,3.300210,0.001450,0.593272,1.991346,0.000380,-0.000326,0.404258,0.404258,-0.398168,-0.398168,0.335376,0.336248,-0.468409,-0.467560,0.279651,0.156452
3.006000,4.005999,0.000514,0.593700,2.000000,0.000256,0.000000,0.000128,0.000000,3.324125,0.001452,0.593469,1.994016,-0.000345,0.012527,0.404163,0.404163,-0.398074,-0.398074,0.335359,0.336132,-0.468193,-0.467420,0.279447,0.156362
3.018000,4.029999,0.000517,0.593700,2.000000,0.000257,0.000000,0.000128,0.000000,3.348071,0.001440,0.593551,1.996611,-0.000491,0.013226,0.404071,0.404071,-0.397982,-0.397982,0.335316,0.336006,-0.468011,-0.467299,0.279357,0.156413
3.030000,4.053999,0.000520,0.593700,2.000000,0.000256,0.000000,0.000128,0.000000,3.372045,0.001465,0.593675,1.997860,0.000981,0.002893,0.403983,0.403983,-0.397894,-0.397894,0.335207,0.335784,-0.467787,-0.467196,0.279084,0.156324
3.042000,4.077999,0.000523,0.593700,1.999999,0.000257,0.000000,0.000128,0.000000,3.396055,0.001448,0.593916,1.999860,-0.000083,0.008210,0.403898,0.403898,-0.397808,-0.397808,0.335123,0.335581,-0.467640,-0.467124,0.278761,0.156287
3.054000,4.101999,0.000526,0.593700,1.999999,0.000257,0.000000,0.000128,0.000000,3.420088,0.001452,0.593806,2.002368,-0.000874,-0.003578,0.403816,0.403816,-0.397726,-0.397726,0.334985,0.335359,-0.467478,-0.467104,0.278728,0.156332
3.066000,4.125999,0.000529,0.593700,1.999999,0.000257,0.000000,0.000128,0.000000,3.444128,0.001466,0.593946,2.002659,0.000691,-0.011269,0.403736,0.403736,-0.397647,-0.397647,0.334838,0.335119,-0.467339,-0.467040,0.278485,0.156267
3.078000,4.149999,0.000532,0.593700,2.000000,0.000256,0.000000,0.000128,0.000000,3.468213,0.001490,0.594194,2.005550,0.001679,0.009182,0.403660,0.403660,-0.397570,-0.397570,0.334607,0.334736,-0.467175,-0.466960,0.278183,0.156136
3.088000,4.169999,0.000535,0.593700,2.000000,0.000256,0.000000,0.000128,0.000000,3.488286,0.001475,0.594318,2.006456,-0.001939,0.024062,0.403598,0.403598,-0.397508,-0.397508,0.334489,0.334378,-0.467098,-0.466942,0.277888,0.156092
3.100000,4.193999,0.000538,0.593700,1.999998,0.000257,0.000000,0.000128,0.000000,3.512369,0.001484,0.594341,2.006087,0.000064,0.014930,0.403526,0.403526,-0.397437,-0.397437,0.334376,0.334084,-0.467038,-0.466892,0.277600,0.156111
3.112000,4.217999,0.000541,0.593700,2.000000,0.000256,0.000000,0.000128,0.000000,3.536437,0.001500,0.594288,2.004076,0.001074,-0.012633,0.403457,0.403457,-0.397367,-0.397367,0.334275,0.333889,-0.466934,-0.466828,0.277592,0.156119
3.124000,4.241999,0.000544,0.593700,2.000000,0.000256,0.000000,0.000128,0.000000,3.560535,0.001505,0.594376,2.005581,-0.000712,-0.007540,0.403390,0.403390,-0.397301,-0.397301,0.334181,0.333738,-0.466968,-0.466774,0.277455,0.156029
3.136000,4.265999,0.000547,0.593700,2.000000,0.000256,0.000000,0.000128,0.000000,3.584653,0.001506,0.594437,2.006391,0.000207,0.002066,0.403325,0.403325,-0.397236,-0.397236,0.334012,0.333564,-0.467063,-0.466803,0.277359,0.156035
3.148000,4.289999,0.000550,0.593700,2.000000,0.000256,0.000000,0.000128,0.000000,3.608695,0.001504,0.594561,2.002154,-0.000702,0.001640,0.403263,0.403263,-0.397174,-0.397174,0.333860,0.333417,-0.467078,-0.466715,0.277227,0.155988
3.160000,4.313999,0.000553,0.593700,2.000000,0.000256,0.000000,0.000128,0.000000,3.632718,0.001515,0.594623,2.001613,0.000722,0.022283,0.403203,0.403203,-0.397114,-0.397114,0.333637,0.333422,-0.466984,-0.466660,0.277109,0.155966
3.172000,4.337999,0.000556,0.593700,2.000000,0.000256,0.000000,0.000128,0.000000,3.656727,0.001547,0.594641,1.999112,0.005460,0.000298,0.403145,0.403145,-0.397056,-0.397056,0.333532,0.333415,-0.466879,-0.466526,0.276983,0.155883
3.184000,4.361999,0.000559,0.593700,2.000000,0.000256,0.000000,0.000128,0.000000,3.680722,0.001508,0.594607,1.999381,-0.001107,0.006461,0.403089,0.403089,-0.397000,-0.397000,0.333449,0.333430,-0.466801,-0.466459,0.277072,0.155949
3.196000,4.385999,0.000562,0.593700,2.000000,0.000256,0.000000,0.000128,0.000000,3.704684,0.001539,0.594689,1.996538,0.000509,0.011710,0.403035,0.403035,-0.396946,-0.396946,0.333388,0.333459,-0.466723,-0.466349,0.277039,0.155881
3.208000,4.409999,0.000565,0.593700,2.000000,0.000257,0.000000,0.000128,0.000000,3.728628,0.001546,0.594558,1.995057,0.001830,-0.005563,0.402983,0.402983,-0.396894,-0.396894,0.333309,0.333469,-0.466657,-0.466241,0.277141,0.155954
3.220000,4.433999,0.000569,0.593700,2.000000,0.000257,0.000000,0.000128,0.000000,3.752566,0.001537,0.594623,1.994597,-0.000064,-0.007859,0.402933,0.402933,-0.396843,-0.396843,0.333254,0.333405,-0.466580,-0.466132,0.277096,0.155922
3.232000,4.457999,0.000572,0.593700,2.000000,0.000256,0.000000,0.000128,0.000000,3.776493,0.001502,0.594652,1.993710,-0.003251,0.000868,0.402884,0.402884,-0.396795,-0.396795,0.333038,0.333444,-0.466573,-0.466054,0.277028,0.156020
3.244000,4.481999,0.000575,0.593700,2.000000,0.000257,0.000000,0.000128,0.000000,3.800383,0.001530,0.594718,1.991520,0.000094,-0.009813,0.402837,0.402837,-0.396748,-0.396748,0.332906,0.333504,-0.466534,-0.466026,0.276871,0.155931
3.256000,4.505999,0.000578,0.593700,2.000000,0.000256,0.000000,0.000128,0.000000,3.824279,0.001508,0.594966,1.991936,0.000618,0.029062,0.402792,0.402792,-0.396703,-0.396703,0.332827,0.333534,-0.466595,-0.466094,0.276725,0.155905
3.268000,4.529999,0.000581,0.593700,2.000000,0.000256,0.000000,0.000128,0.000000,3.848141,0.001507,0.594788,1.990759,0.000254,-0.008627,0.402749,0.402749,-0.396659,-0.396659,0.332830,0.333615,-0.466672,-0.465989,0.276862,0.155983
3.280000,4.553999,0.000584,0.593700,2.000000,0.000256,0.000000,0.000128,0.000000,3.871983,0.001508,0.595060,1.988730,-0.000352,0.024000,0.402707,0.402707,-0.396617,-0.396617,0.332814,0.333638,-0.466795,-0.465862,0.276747,0.155885
3.292000,4.577999,0.000587,0.593700,2.000000,0.000256,0.000000,0.000128,0.000000,3.895788,0.001513,0.595073,1.985980,0.000265,0.019229,0.402666,0.402666,-0.396577,-0.396577,0.332838,0.333740,-0.466825,-0.465751,0.276789,0.155927
3.304000,4.601999,0.000590,0.593700,2.000000,0.000256,0.000000,0.000128,0.000000,3.919597,0.001517,0.595046,1.986036,0.000474,-0.006216,0.402627,0.402627,-0.396537,-0.396537,0.332959,0.333850,-0.466786,-0.465630,0.276829,0.155921
3.316000,4.625999,0.000593,0.593700,2.000000,0.000256,0.000000,0.000128,0.000000,3.943416,0.001516,0.595209,1.986573,-0.000389,0.004720,0.402589,0.402589,-0.396500,-0.396500,0.333115,0.333935,-0.466771,-0.465524,0.276855,0.155891
3.328000,4.649999,0.000596,0.593700,2.000000,0.000256,0.000000,0.000128,0.000000,3.967254,0.001523,0.595252,1.988181,0.000275,0.010624,0.402552,0.402552,-0.396463,-0.396463,0.333185,0.333970,-0.466674,-0.465412,0.276916,0.155886
3.340000,4.673999,0.000599,0.593700,2.000000,0.000256,0.000000,0.000128,0.000000,3.991123,0.001528,0.595303,1.990205,0.000637,-0.005965,0.402517,0.402517,-0.396428,-0.396428,0.333271,0.333987,-0.466580,-0.465343,0.276869,0.155897
3.350000,4.693999,0.000602,0.593700,2.000000,0.000256,0.000000,0.000128,0.000000,4.011030,0.001533,0.595402,1.992089,0.000454,0.011049,0.402489,0.402489,-0.396399,-0.396399,0.333266,0.333934,-0.466490,-0.465311,0.276816,0.155853
3.362000,4.717999,0.000605,0.593700,2.000000,0.000256,0.000000,0.000128,0.000000,4.034943,0.001538,0.595656,1.993448,0.003160,0.016488,0.402456,0.402456,-0.396366,-0.396366,0.333284,0.333847,-0.466408,-0.465255,0.276579,0.155747
3.374000,4.741999,0.000608,0.593700,2.000000,0.000257,0.000000,0.000128,0.000000,4.058887,0.001523,0.595716,1.996420,0.000193,0.012888,0.402424,0.402424,-0.396335,-0.396335,0.333325,0.333811,-0.466306,-0.465240,0.276566,0.155827
3.386000,4.765999,0.000611,0.593700,2.000000,0.000256,0.000000,0.000128,0.000000,4.082852,0.001546,0.595833,1.997073,0.001131,0.005662,0.402393,0.402393,-0.396304,-0.396304,0.333328,0.333707,-0.466153,-0.465205,0.276378,0.155740
3.398000,4.789999,0.000614,0.593700,2.000000,0.000257,0.000000,0.000128,0.000000,4.106863,0.001524,0.595896,2.000703,-0.000689,0.005209,0.402364,0.402364,-0.396274,-0.396274,0.333261,0.333561,-0.466032,-0.465169,0.276308,0.155742
3.410000,4.813999,0.000617,0.593700,1.999999,0.000257,0.000000,0.000128,0.000000,4.130878,0.001532,0.595918,2.001342,-0.002906,0.005934,0.402335,0.402335,-0.396246,-0.396246,0.333176,0.333392,-0.465857,-0.465160,0.276199,0.155765
3.422000,4.837999,0.000620,0.593700,2.000000,0.000256,0.000000,0.000128,0.000000,4.154927,0.001569,0.595983,2.002486,0.003720,-0.012457,0.402307,0.402307,-0.396218,-0.396218,0.333118,0.333239,-0.465729,-0.465143,0.276009,0.155678
3.434000,4.861999,0.000623,0.593700,2.000000,0.000256,0.000000,0.000128,0.000000,4.179021,0.001574,0.596116,2.007244,0.001268,0.019513,0.402281,0.402281,-0.396191,-0.396191,0.332950,0.333026,-0.465620,-0.465189,0.275867,0.155616
3.446000,4.885999,0.000626,0.593700,2.000000,0.000256,0.000000,0.000128,0.000000,4.203093,0.001579,0.596205,2.004442,0.001418,0.007704,0.402255,0.402255,-0.396165,-0.396165,0.332887,0.332866,-0.465535,-0.465225,0.275627,0.155582
3.458000,4.909999,0.000630,0.593700,2.000000,0.000256,0.000000,0.000128,0.000000,4.227197,0.001586,0.596296,2.007278,0.002289,0.018257,0.402230,0.402230,-0.396141,-0.396141,0.332798,0.332737,-0.465571,-0.465221,0.275588,0.155523
3.470000,4.933999,0.000633,0.593700,1.999999,0.000256,0.000000,0.000128,0.000000,4.251301,0.001581,0.596301,2.008589,-0.001360,0.025605,0.402206,0.402206,-0.396117,-0.396117,0.332690,0.332616,-0.465622,-0.465304,0.275423,0.155550
3.482000,4.957999,0.000636,0.593700,2.000000,0.000256,0.000000,0.000128,0.000000,4.275390,0.001583,0.596163,2.006474,0.001256,-0.004680,0.402183,0.402183,-0.396094,-0.396094,0.332553,0.332474,-0.465632,-0.465323,0.275411,0.155610
3.494000,4.981999,0.000639,0.593700,2.000000,0.000256,0.000000,0.000128,0.000000,4.299453,0.001596,0.596395,2.003330,0.000812,0.014067,0.402161,0.402161,-0.396071,-0.396071,0.332408,0.332361,-0.465722,-0.465328,0.275289,0.155489
3.506000,5.005999,0.000642,0.593700,2.000000,0.000256,0.000000,0.000128,0.000000,4.323491,0.001594,0.596347,2.001711,0.000081,0.000533,0.402139,0.402139,-0.396050,-0.396050,0.332394,0.332364,-0.465704,-0.465288,0.275296,0.155505
3.518000,5.029999,0.000645,0.593700,2.000000,0.000256,0.000000,0.000128,0.000000,4.347527,0.001599,0.596206,2.001454,0.000824,-0.017900,0.402118,0.402118,-0.396029,-0.396029,0.332330,0.332353,-0.465657,-0.465258,0.275368,0.155559
3.530000,5.053999,0.000648,0.593700,2.000000,0.000256,0.000000,0.000128,0.000000,4.371557,0.001601,0.596241,2.001307,0.000872,0.001743,0.402098,0.402098,-0.396009,-0.396009,0.332140,0.332234,-0.465602,-0.465233,0.275328,0.155521
3.542000,5.077999,0.000651,0.593700,2.000000,0.000256,0.000000,0.000128,0.000000,4.395539,0.001620,0.596335,1.997158,0.004247,0.005667,0.402079,0.402079,-0.395990,-0.395990,0.332051,0.332188,-0.465596,-0.465215,0.275112,0.155471
3.554000,5.101999,0.000654,0.593700,1.999999,0.000257,0.000000,0.000128,0.000000,4.419509,0.001609,0.596221,1.997497,-0.000864,-0.004919,0.402060,0.402060,-0.395971,-0.395971,0.331991,0.332215,-0.465564,-0.465219,0.275252,0.155489
3.566000,5.125999,0.000657,0.593700,2.000000,0.000256,0.000000,0.000128,0.000000,4.443435,0.001592,0.596308,1.993943,-0.003335,0.003343,0.402042,0.402042,-0.395953,-0.395953,0.331955,0.332268,-0.465583,-0.465206,0.275253,0.155532
3.578000,5.149999,0.000660,0.593700,2.000000,0.000256,0.000000,0.000128,0.000000,4.467392,0.001591,0.596214,1.996039,-0.000560,-0.008567,0.402025,0.402025,-0.395935,-0.395935,0.331828,0.332403,-0.465575,-0.465261,0.275245,0.155575
3.590000,5.173999,0.000663,0.593700,2.000000,0.000256,0.000000,0.000128,0.000000,4.491283,0.001590,0.596398,1.990812,0.000079,0.014611,0.402008,0.402008,-0.395919,-0.395919,0.331709,0.332540,-0.465620,-0.465300,0.275283,0.155514
3.600000,5.193999,0.000666,0.593700,2.000000,0.000256,0.000000,0.000128,0.000000,4.511179,0.001587,0.596396,1.990961,0.000167,-0.003889,0.401995,0.401995,-0.395905,-0.395905,0.331780,0.332698,-0.465663,-0.465221,0.275166,0.155529
3.612000,5.217999,0.000669,0.593700,2.000000,0.000256,0.000000,0.000128,0.000000,4.535076,0.001590,0.596367,1.991003,-0.000646,0.002723,0.401979,0.401979,-0.395889,-0.395889,0.331783,0.332822,-0.465931,-0.465144,0.275391,0.155524
3.624000,5.241999,0.000672,0.593700,2.000000,0.000256,0.000000,0.000128,0.000000,4.558888,0.001586,0.596390,1.985743,-0.003171,0.008050,0.401964,0.401964,-0.395874,-0.395874,0.331754,0.332861,-0.465981,-0.465025,0.275379,0.155534
3.636000,5.265999,0.000675,0.593700,2.000000,0.000256,0.000000,0.000128,0.000000,4.582725,0.001593,0.596467,1.987041,0.000104,-0.000316,0.401949,0.401949,-0.395860,-0.395860,0.331821,0.332954,-0.465953,-0.464974,0.275385,0.155538
3.648000,5.289999,0.000678,0.593700,2.000000,0.000256,0.000000,0.000128,0.000000,4.606537,0.001598,0.596436,1.987018,0.000409,0.002723,0.401935,0.401935,-0.395845,-0.395845,0.331847,0.333002,-0.465918,-0.464912,0.275479,0.155534
3.660000,5.313999,0.000681,0.593700,2.000000,0.000256,0.000000,0.000128,0.000000,4.630339,0.001599,0.596691,1.984125,0.000509,0.010271,0.401921,0.401921,-0.395832,-0.395832,0.331968,0.333087,-0.465834,-0.464862,0.275361,0.155482
3.672000,5.337999,0.000684,0.593700,2.000000,0.000256,0.000000,0.000128,0.000000,4.654171,0.001598,0.596592,1.987920,-0.000380,0.003120,0.401908,0.401908,-0.395819,-0.395819,0.332097,0.333191,-0.465786,-0.464764,0.275507,0.155526
3.684000,5.361999,0.000687,0.593700,2.000000,0.000256,0.000000,0.000128,0.000000,4.678015,0.001606,0.596744,1.988459,0.000010,0.012353,0.401895,0.401895,-0.395806,-0.395806,0.332233,0.333272,-0.465716,-0.464724,0.275459,0.155475
3.696000,5.385999,0.000691,0.593700,2.000000,0.000256,0.000000,0.000128,0.000000,4.701885,0.001614,0.596705,1.990761,0.004056,0.000172,0.401883,0.401883,-0.395794,-0.395794,0.332340,0.333326,-0.465697,-0.464598,0.275554,0.155527
3.708000,5.409999,0.000694,0.593700,2.000000,0.000256,0.000000,0.000128,0.000000,4.725782,0.001612,0.596913,1.992018,0.000297,0.010342,0.401871,0.401871,-0.395782,-0.395782,0.332427,0.333335,-0.465648,-0.464583,0.275461,0.155443
3.720000,5.433999,0.000697,0.593700,2.000000,0.000256,0.000000,0.000128,0.000000,4.749708,0.001626,0.596934,1.994540,0.001175,0.002896,0.401860,0.401860,-0.395770,-0.395770,0.332471,0.333282,-0.465544,-0.464510,0.275406,0.155418
3.732000,5.457999,0.000700,0.593700,2.000000,0.000256,0.000000,0.000128,0.000000,4.773659,0.001625,0.597086,1.996101,-0.000022,0.007481,0.401849,0.401849,-0.395759,-0.395759,0.332588,0.333175,-0.465433,-0.464538,0.275350,0.155403
3.744000,5.481999,0.000703,0.593700,1.999999,0.000257,0.000000,0.000128,0.000000,4.797651,0.001616,0.597165,1.999208,0.000762,0.005320,0.401838,0.401838,-0.395749,-0.395749,0.332583,0.333118,-0.465341,-0.464519,0.275210,0.155388
3.756000,5.505999,0.000706,0.593700,1.999999,0.000257,0.000000,0.000128,0.000000,4.821666,0.001616,0.597157,2.001211,-0.001437,0.005887,0.401828,0.401828,-0.395739,-0.395739,0.332570,0.332987,-0.465268,-0.464545,0.275131,0.155421
3.768000,5.529999,0.000709,0.593700,2.000000,0.000256,0.000000,0.000128,0.000000,4.845703,0.001648,0.597129,2.002108,0.003359,0.000827,0.401818,0.401818,-0.395729,-0.395729,0.332510,0.332853,-0.465233,-0.464630,0.275071,0.155346
3.780000,5.553999,0.000712,0.593700,1.999999,0.000257,0.000000,0.000128,0.000000,4.869747,0.001637,0.597245,2.002756,0.001518,-0.004179,0.401808,0.401808,-0.395719,-0.395719,0.332490,0.332728,-0.465185,-0.464632,0.275024,0.155363
3.792000,5.577999,0.000715,0.593700,2.000000,0.000256,0.000000,0.000128,0.000000,4.893794,0.001656,0.597301,2.003782,0.000302,0.003557,0.401799,0.401799,-0.395710,-0.395710,0.332507,0.332555,-0.465045,-0.464637,0.274923,0.155328
3.804000,5.601999,0.000718,0.593700,2.000000,0.000256,0.000000,0.000128,0.000000,4.917890,0.001686,0.597254,2.007344,0.005969,-0.007350,0.401790,0.401790,-0.395701,-0.395701,0.332363,0.332537,-0.464986,-0.464642,0.274843,0.155301
3.816000,5.625999,0.000721,0.593700,2.000000,0.000256,0.000000,0.000128,0.000000,4.941987,0.001675,0.597475,2.005334,0.000634,-0.004627,0.401782,0.401782,-0.395692,-0.395692,0.332332,0.332457,-0.465030,-0.464716,0.274757,0.155211
3.828000,5.649999,0.000724,0.593700,2.000000,0.000256,0.000000,0.000128,0.000000,4.966079,0.001667,0.597392,2.006459,-0.001053,0.003770,0.401773,0.401773,-0.395684,-0.395684,0.332295,0.332259,-0.464958,-0.464823,0.274655,0.155222
3.840000,5.673999,0.000727,0.593700,2.000000,0.000256,0.000000,0.000128,0.000000,4.990160,0.001670,0.597426,2.004855,-0.002392,-0.004344,0.401765,0.401765,-0.395676,-0.395676,0.332252,0.332165,-0.464896,-0.464920,0.274579,0.155209
3.850000,5.693999,0.000730,0.593700,2.000000,0.000256,0.000000,0.000128,0.000000,5.010241,0.001658,0.597385,2.006427,-0.001605,0.000429,0.401759,0.401759,-0.395670,-0.395670,0.332192,0.332085,-0.464888,-0.465058,0.274576,0.155230
3.862000,5.717999,0.000733,0.593700,2.000000,0.000256,0.000000,0.000128,0.000000,5.034313,0.001652,0.597425,2.004352,-0.003582,-0.003830,0.401752,0.401752,-0.395662,-0.395662,0.332119,0.332030,-0.464887,-0.465221,0.274510,0.155210
3.874000,5.741999,0.000736,0.593700,2.000000,0.000256,0.000000,0.000128,0.000000,5.058362,0.001659,0.597335,2.002790,0.000551,-0.002286,0.401744,0.401744,-0.395655,-0.395655,0.332041,0.331985,-0.464980,-0.465400,0.274512,0.155243
3.886000,5.765999,0.000739,0.593700,2.000000,0.000256,0.000000,0.000128,0.000000,5.082373,0.001657,0.597472,1.999420,-0.000509,-0.004920,0.401737,0.401737,-0.395648,-0.395648,0.331985,0.331960,-0.465061,-0.465417,0.274497,0.155196
3.898000,5.789999,0.000742,0.593700,2.000000,0.000256,0.000000,0.000128,0.000000,5.106368,0.001654,0.597323,1.999652,-0.003912,0.014947,0.401731,0.401731,-0.395641,-0.395641,0.331848,0.331923,-0.465092,-0.465481,0.274541,0.155245
3.910000,5.813999,0.000745,0.593700,2.000000,0.000257,0.000000,0.000128,0.000000,5.130304,0.001694,0.597315,1.994810,0.002128,-0.001879,0.401724,0.401724,-0.395635,-0.395635,0.331803,0.331927,-0.465064,-0.465431,0.274581,0.155180
3.922000,5.837999,0.000748,0.593700,2.000000,0.000256,0.000000,0.000128,0.000000,5.154268,0.001672,0.597343,1.997782,-0.000190,0.009725,0.401718,0.401718,-0.395628,-0.395628,0.331653,0.332057,-0.465039,-0.465403,0.274599,0.155220
3.934000,5.861999,0.000752,0.593700,2.000000,0.000257,0.000000,0.000128,0.000000,5.178175,0.001701,0.597366,1.993449,0.001864,0.006327,0.401712,0.401712,-0.395622,-0.395622,0.331640,0.332175,-0.465023,-0.465379,0.274522,0.155150
3.946000,5.885999,0.000755,0.593700,1.999999,0.000257,0.000000,0.000128,0.000000,5.202141,0.001680,0.597329,1.999992,-0.000770,0.016259,0.401706,0.401706,-0.395617,-0.395617,0.331644,0.332281,-0.465061,-0.465424,0.274640,0.155201
3.958000,5.909999,0.000758,0.593700,2.000000,0.000257,0.000000,0.000128,0.000000,5.226030,0.001651,0.597269,1.993302,-0.001443,-0.001343,0.401700,0.401700,-0.395611,-0.395611,0.331579,0.332329,-0.465100,-0.465501,0.274749,0.155276
3.970000,5.933999,0.000761,0.593700,2.000000,0.000256,0.000000,0.000128,0.000000,5.249879,0.001617,0.597364,1.987764,-0.000881,0.005276,0.401695,0.401695,-0.395605,-0.395605,0.331538,0.332351,-0.465189,-0.465607,0.274521,0.155307
3.982000,5.957999,0.000764,0.593700,2.000000,0.000256,0.000000,0.000128,0.000000,5.273697,0.001618,0.597333,1.985298,-0.000905,-0.002217,0.401690,0.401690,-0.395600,-0.395600,0.331563,0.332428,-0.465287,-0.465530,0.274683,0.155299
3.994000,5.981999,0.000767,0.593700,2.000000,0.000256,0.000000,0.000128,0.000000,5.297515,0.001638,0.597451,1.987343,0.001759,0.006035,0.401685,0.401685,-0.395595,-0.395595,0.331619,0.332481,-0.465233,-0.465352,0.274666,0.155285
4.004000,5.993999,0.000769,0.593700,-2.000000,-0.000256,0.000000,0.000128,0.000000,5.317355,0.001617,0.597377,1.986643,-0.001231,-0.007556,0.401684,0.401684,-0.395594,-0.395594,0.331712,0.332555,-0.465339,-0.465189,0.274648,0.155343
4.016000,5.969999,0.000765,0.593700,-2.000000,-0.000256,0.000000,0.000128,0.000000,5.341120,0.001624,0.597480,1.980832,0.000889,0.005578,0.401727,0.401727,-0.395638,-0.395638,0.331778,0.332603,-0.465517,-0.465042,0.274748,0.155329
4.028000,5.945999,0.000762,0.593700,-2.000000,-0.000256,0.000000,0.000128,0.000000,5.364807,0.001630,0.597536,1.972295,0.000948,-0.004566,0.401827,0.401827,-0.395737,-0.395737,0.331739,0.332508,-0.465762,-0.465159,0.274655,0.155336
4.040000,5.921999,0.000759,0.593700,-2.000000,-0.000256,0.000000,0.000128,0.000000,5.388340,0.001644,0.597699,1.957306,0.001162,0.009886,0.401985,0.401985,-0.395895,-0.395895,0.331474,0.332175,-0.466182,-0.465442,0.274424,0.155257
4.052000,5.897999,0.000756,0.593700,-2.000000,-0.000256,0.000000,0.000128,0.000000,5.411670,0.001649,0.597730,1.938058,0.000970,0.003926,0.402201,0.402201,-0.396112,-0.396112,0.331075,0.331744,-0.466741,-0.465938,0.274017,0.155301
4.064000,5.873999,0.000753,0.593700,-2.000000,-0.000256,0.000000,0.000128,0.000000,5.434751,0.001661,0.597865,1.914995,0.000780,0.009600,0.402476,0.402476,-0.396386,-0.396386,0.330627,0.331226,-0.467421,-0.466634,0.273540,0.155193
4.076000,5.849999,0.000750,0.593700,-2.000000,-0.000257,0.000000,0.000128,0.000000,5.457546,0.001640,0.597959,1.889367,-0.003002,0.001480,0.402809,0.402809,-0.396719,-0.396719,0.330127,0.330736,-0.468135,-0.467352,0.273115,0.155269
4.088000,5.825999,0.000747,0.593700,-2.000000,-0.000257,0.000000,0.000128,0.000000,5.479972,0.001663,0.598170,1.856806,-0.000538,0.004720,0.403200,0.403200,-0.397111,-0.397111,0.329784,0.330304,-0.468851,-0.468070,0.272616,0.155151
4.100000,5.801999,0.000744,0.593700,-2.000000,-0.000256,0.000000,0.000128,0.000000,5.502123,0.001693,0.598239,1.832722,0.001489,0.008731,0.403652,0.403652,-0.397562,-0.397562,0.329469,0.329937,-0.469544,-0.468645,0.272329,0.155135
4.110000,5.781999,0.000741,0.593700,-2.000000,-0.000257,0.000000,0.000128,0.000000,5.520350,0.001686,0.598344,1.811282,0.001049,0.011416,0.404073,0.404073,-0.397984,-0.397984,0.329229,0.329705,-0.470105,-0.469182,0.272172,0.155100
4.122000,5.757999,0.000738,0.593700,-1.999999,-0.000257,0.000000,0.000128,0.000000,5.541907,0.001699,0.598434,1.783022,0.000280,0.002347,0.404632,0.404632,-0.398543,-0.398543,0.329154,0.329540,-0.470721,-0.469846,0.272005,0.155091
4.134000,5.733999,0.000735,0.593700,-2.000000,-0.000256,0.000000,0.000128,0.000000,5.563095,0.001729,0.598479,1.751038,0.002117,0.009146,0.405250,0.405250,-0.399161,-0.399161,0.329203,0.329562,-0.471282,-0.470452,0.271981,0.154983
4.146000,5.709999,0.000732,0.593700,-2.000000,-0.000256,0.000000,0.000128,0.000000,5.583845,0.001748,0.598630,1.713644,0.001353,0.022311,0.405926,0.405926,-0.399837,-0.399837,0.329586,0.329734,-0.471758,-0.470978,0.272324,0.154933
4.158000,5.685999,0.000729,0.593700,-2.000000,-0.000256,0.000000,0.000128,0.000000,5.604309,0.001759,0.598593,1.688645,0.001552,-0.010685,0.406661,0.406661,-0.400572,-0.400572,0.330215,0.330175,-0.472164,-0.471291,0.272708,0.154960
4.170000,5.661999,0.000726,0.593700,-2.000000,-0.000256,0.000000,0.000128,0.000000,5.624428,0.001775,0.598577,1.662268,0.001443,0.003479,0.407455,0.407455,-0.401366,-0.401366,0.330931,0.330746,-0.472630,-0.471691,0.273337,0.154927
4.182000,5.637999,0.000723,0.593700,-2.000000,-0.000256,0.000000,0.000128,0.000000,5.643884,0.001783,0.598740,1.602450,0.000770,0.023634,0.408297,0.408297,-0.402208,-0.402208,0.331691,0.331515,-0.472919,-0.472107,0.274004,0.154878
4.194000,5.613999,0.000720,0.593700,-2.000000,-0.000256,0.000000,0.000128,0.000000,5.663227,0.001798,0.598622,1.591990,0.000654,-0.015561,0.409187,0.409187,-0.403097,-0.403097,0.332658,0.332477,-0.472855,-0.472366,0.274840,0.154899
4.206000,5.589999,0.000717,0.593700,-2.000000,-0.000256,0.000000,0.000128,0.000000,5.682247,0.001813,0.598648,1.569864,0.001241,0.001762,0.410136,0.410136,-0.404046,-0.404046,0.333626,0.333518,-0.473050,-0.472774,0.275674,0.154871
4.218000,5.565999,0.000714,0.593700,-2.000000,-0.000256,0.000000,0.000128,0.000000,5.700756,0.001820,0.598526,1.528931,0.001562,-0.009772,0.411140,0.411140,-0.405050,-0.405050,0.334696,0.334632,-0.473330,-0.473084,0.276725,0.154912
4.230000,5.541999,0.000711,0.593700,-2.000000,-0.000256,0.000000,0.000128,0.000000,5.718984,0.001827,0.598598,1.502680,0.000666,0.000768,0.412186,0.412186,-0.406096,-0.406096,0.335851,0.335723,-0.473560,-0.473411,0.277697,0.154863
4.242000,5.517999,0.000708,0.593700,-2.000000,-0.000256,0.000000,0.000128,0.000000,5.736759,0.001844,0.598597,1.464841,0.002024,0.010480,0.413276,0.413276,-0.407187,-0.407187,0.337093,0.337003,-0.473853,-0.473744,0.278843,0.154857
4.254000,5.493999,0.000704,0.593700,-2.000000,-0.000256,0.000000,0.000128,0.000000,5.754186,0.001843,0.598324,1.436460,0.000253,-0.018550,0.414415,0.414415,-0.408325,-0.408325,0.338440,0.338417,-0.474074,-0.474080,0.280149,0.154945
4.266000,5.469999,0.000701,0.593700,-2.000000,-0.000256,0.000000,0.000128,0.000000,5.771112,0.001855,0.598207,1.397360,0.000975,-0.018418,0.415591,0.415591,-0.409501,-0.409501,0.339800,0.339993,-0.474338,-0.474461,0.281455,0.154968
4.278000,5.445999,0.000698,0.593700,-2.000000,-0.000256,0.000000,0.000128,0.000000,5.787629,0.001860,0.598026,1.362985,0.000612,-0.019861,0.416801,0.416801,-0.410712,-0.410712,0.341306,0.341685,-0.474629,-0.474732,0.282997,0.155007
4.290000,5.421999,0.000695,0.593700,-2.000000,-0.000256,0.000000,0.000128,0.000000,5.803710,0.001872,0.597893,1.329354,0.000901,-0.012428,0.418063,0.418063,-0.411974,-0.411974,0.343006,0.343404,-0.474845,-0.474985,0.284534,0.154997
4.302000,5.397999,0.000692,0.593700,-2.000000,-0.000256,0.000000,0.000128,0.000000,5.819464,0.001873,0.597770,1.297827,-0.000132,-0.019492,0.419384,0.419384,-0.413294,-0.413294,0.344860,0.345389,-0.475180,-0.475296,0.286205,0.155034
4.314000,5.373999,0.000689,0.593700,-2.000000,-0.000256,0.000000,0.000128,0.000000,5.834803,0.001884,0.597423,1.264194,0.000943,-0.025031,0.420765,0.420765,-0.414676,-0.414676,0.346798,0.347385,-0.475630,-0.475673,0.288084,0.155125
4.326000,5.349999,0.000686,0.593700,-2.000000,-0.000256,0.000000,0.000128,0.000000,5.849700,0.001891,0.597200,1.227079,0.000915,-0.026143,0.422194,0.422194,-0.416105,-0.416105,0.348825,0.349429,-0.476162,-0.476025,0.289993,0.155211
4.338000,5.325999,0.000683,0.593700,-2.000000,-0.000256,0.000000,0.000128,0.000000,5.864159,0.001897,0.596880,1.190796,0.000608,-0.030692,0.423672,0.423672,-0.417582,-0.417582,0.350899,0.351692,-0.476687,-0.476403,0.292067,0.155279
4.350000,5.301999,0.000680,0.593700,-2.000000,-0.000256,0.000000,0.000128,0.000000,5.878180,0.001906,0.596551,1.154198,0.000680,-0.035905,0.425208,0.425208,-0.419118,-0.419118,0.353159,0.354034,-0.477197,-0.476788,0.294234,0.155348
4.362000,5.277999,0.000677,0.593700,-2.000000,-0.000256,0.000000,0.000128,0.000000,5.891765,0.001915,0.596319,1.118313,0.000733,-0.028826,0.426806,0.426806,-0.420716,-0.420716,0.355545,0.356509,-0.477759,-0.477213,0.296307,0.155390
4.374000,5.253999,0.000674,0.593700,-2.000000,-0.000256,0.000000,0.000128,0.000000,5.904930,0.001922,0.595877,1.083924,0.000597,-0.044055,0.428469,0.428469,-0.422380,-0.422380,0.357888,0.358933,-0.478360,-0.477668,0.298616,0.155510
4.384000,5.233999,0.000671,0.593700,-2.000000,-0.000256,0.000000,0.000128,0.000000,5.915563,0.001932,0.595571,1.052547,0.001360,-0.032189,0.429905,0.429905,-0.423815,-0.423815,0.359763,0.360925,-0.478912,-0.478090,0.300450,0.155596
4.396000,5.209999,0.000668,0.593700,-2.000000,-0.000256,0.000000,0.000128,0.000000,5.927915,0.001941,0.595060,1.014947,0.001049,-0.036429,0.431686,0.431686,-0.425597,-0.425597,0.362081,0.363372,-0.479531,-0.478632,0.302764,0.155726
4.408000,5.185999,0.000665,0.593700,-2.000000,-0.000256,0.000000,0.000128,0.000000,5.939819,0.001952,0.594499,0.977658,0.001131,-0.046849,0.433532,0.433532,-0.427443,-0.427443,0.364497,0.365925,-0.480189,-0.479172,0.305189,0.155873
4.420000,5.161999,0.000662,0.593700,-2.000000,-0.000256,0.000000,0.000128,0.000000,5.951277,0.001963,0.593931,0.940673,0.001080,-0.052700,0.435444,0.435444,-0.429354,-0.429354,0.367013,0.368576,-0.480898,-0.479794,0.307720,0.156010
4.432000,5.137999,0.000659,0.593700,-2.000000,-0.000256,0.000000,0.000128,0.000000,5.962287,0.001975,0.593415,0.903004,0.001257,-0.044819,0.437421,0.437421,-0.431332,-0.431332,0.369761,0.371275,-0.481669,-0.480465,0.310351,0.156148
4.444000,5.113999,0.000656,0.593700,-2.000000,-0.000256,0.000000,0.000128,0.000000,5.972856,0.001987,0.592756,0.866169,0.000937,-0.051598,0.439467,0.439467,-0.433377,-0.433377,0.372606,0.374118,-0.482427,-0.481167,0.313109,0.156314
4.456000,5.089999,0.000653,0.593700,-2.000000,-0.000256,0.000000,0.000128,0.000000,5.982981,0.002002,0.592115,0.829144,0.001085,-0.063422,0.441581,0.441581,-0.435492,-0.435492,0.375625,0.377138,-0.483204,-0.481890,0.316050,0.156474
4.468000,5.065999,0.000650,0.593700,-2.000000,-0.000256,0.000000,0.000128,0.000000,5.992660,0.002016,0.591414,0.791941,0.001480,-0.059998,0.443765,0.443765,-0.437675,-0.437675,0.378786,0.380238,-0.484081,-0.482699,0.319112,0.156659
4.480000,5.041999,0.000647,0.593700,-2.000000,-0.000256,0.000000,0.000128,0.000000,6.001892,0.002028,0.590657,0.754181,0.000979,-0.060640,0.446017,0.446017,-0.439928,-0.439928,0.382076,0.383389,-0.485039,-0.483621,0.322229,0.156850
4.492000,5.017999,0.000643,0.593700,-2.000000,-0.000256,0.000000,0.000128,0.000000,6.010665,0.002043,0.589973,0.715784,0.001141,-0.061874,0.448340,0.448340,-0.442251,-0.442251,0.385446,0.386701,-0.486036,-0.484529,0.325516,0.157026
4.504000,4.993999,0.000640,0.593700,-2.000000,-0.000256,0.000000,0.000128,0.000000,6.018988,0.002057,0.589160,0.678569,0.001270,-0.066577,0.450735,0.450735,-0.444645,-0.444645,0.388872,0.390094,-0.487088,-0.485520,0.328921,0.157238
4.516000,4.969999,0.000637,0.593700,-2.000000,-0.000256,0.000000,0.000128,0.000000,6.026848,0.002070,0.588327,0.640465,0.000997,-0.071948,0.453202,0.453202,-0.447112,-0.447112,0.392336,0.393537,-0.488156,-0.486592,0.332409,0.157446
4.528000,4.945999,0.000634,0.593700,-2.000000,-0.000256,0.000000,0.000128,0.000000,6.034243,0.002085,0.587410,0.601017,0.001171,-0.076894,0.455742,0.455742,-0.449653,-0.449653,0.395922,0.397062,-0.489389,-0.487819,0.335969,0.157689
4.540000,4.921999,0.000631,0.593700,-2.000000,-0.000256,0.000000,0.000128,0.000000,6.041160,0.002097,0.586510,0.560229,0.001081,-0.079440,0.458355,0.458355,-0.452266,-0.452266,0.399596,0.400631,-0.490662,-0.489018,0.339610,0.157927
4.552000,4.897999,0.000628,0.593700,-2.000000,-0.000256,0.000000,0.000128,0.000000,6.047600,0.002112,0.585528,0.520995,0.001201,-0.080566,0.461043,0.461043,-0.454953,-0.454953,0.403322,0.404252,-0.491975,-0.490378,0.343347,0.158177
4.564000,4.873999,0.000625,0.593700,-2.000000,-0.000256,0.000000,0.000128,0.000000,6.053551,0.002126,0.584525,0.479734,0.001176,-0.085256,0.463805,0.463805,-0.457716,-0.457716,0.407200,0.408031,-0.493436,-0.491761,0.347256,0.158435
4.576000,4.849999,0.000622,0.593700,-2.000000,-0.000256,0.000000,0.000128,0.000000,6.059012,0.002140,0.583511,0.438022,0.001169,-0.089068,0.466643,0.466643,-0.460553,-0.460553,0.411190,0.411886,-0.494868,-0.493082,0.351248,0.158705
4.588000,4.825999,0.000619,0.593700,-2.000000,-0.000256,0.000000,0.000128,0.000000,6.063984,0.002153,0.582426,0.398139,0.001127,-0.091920,0.469558,0.469558,-0.463469,-0.463469,0.415236,0.415913,-0.496242,-0.494545,0.355401,0.158988
4.600000,4.801999,0.000616,0.593700,-2.000000,-0.000256,0.000000,0.000128,0.000000,6.068462,0.002167,0.581310,0.356376,0.001152,-0.095387,0.472551,0.472551,-0.466461,-0.466461,0.419444,0.420052,-0.497749,-0.496155,0.359687,0.159288
4.612000,4.777999,0.000613,0.593700,-2.000000,-0.000256,0.000000,0.000128,0.000000,6.072432,0.002180,0.580154,0.313848,0.001157,-0.096847,0.475622,0.475622,-0.469533,-0.469533,0.423694,0.424248,-0.499393,-0.497789,0.364092,0.159583
4.624000,4.753999,0.000610,0.593700,-2.000000,-0.000256,0.000000,0.000128,0.000000,6.075886,0.002193,0.578941,0.270664,0.001153,-0.101574,0.478773,0.478773,-0.472683,-0.472683,0.428002,0.428535,-0.501101,-0.499396,0.368628,0.159909
4.634000,4.733999,0.000607,0.593700,-2.000000,-0.000256,0.000000,0.000128,0.000000,6.078368,0.002204,0.577934,0.233970,0.001139,-0.102593,0.481460,0.481460,-0.475370,-0.475370,0.431676,0.432129,-0.502529,-0.500715,0.372428,0.160177
4.646000,4.709999,0.000604,0.593700,-2.000000,-0.000256,0.000000,0.000128,0.000000,6.080869,0.002218,0.576654,0.190759,0.001201,-0.108689,0.484759,0.484759,-0.478669,-0.478669,0.436216,0.436582,-0.504241,-0.502281,0.377205,0.160526
4.658000,4.685999,0.000601,0.593700,-2.000000,-0.000256,0.000000,0.000128,0.000000,6.082847,0.002232,0.575358,0.147042,0.001235,-0.109630,0.488140,0.488140,-0.482051,-0.482051,0.440811,0.441081,-0.505978,-0.503872,0.382043,0.160871
4.670000,4.661999,0.000598,0.593700,-2.000000,-0.000256,0.000000,0.000128,0.000000,6.084295,0.002245,0.574014,0.102630,0.001108,-0.113372,0.491605,0.491605,-0.485515,-0.485515,0.445550,0.445722,-0.507760,-0.505514,0.387056,0.161239
4.682000,4.637999,0.000595,0.593700,-2.000000,-0.000256,0.000000,0.000128,0.000000,6.085206,0.002260,0.572620,0.058171,0.001191,-0.116635,0.495154,0.495154,-0.489064,-0.489064,0.450337,0.450457,-0.509622,-0.507235,0.392213,0.161611
4.694000,4.613999,0.000592,0.593700,-2.000000,-0.000256,0.000000,0.000128,0.000000,6.085572,0.002274,0.571210,0.012346,0.001129,-0.120151,0.498788,0.498788,-0.492699,-0.492699,0.455245,0.455282,-0.511593,-0.509066,0.397469,0.161987
4.706000,4.589999,0.000589,0.593700,-2.000000,-0.000256,0.000000,0.000128,0.000000,6.085381,0.002288,0.569737,-0.034726,0.001192,-0.123927,0.502509,0.502509,-0.496419,-0.496419,0.460228,0.460268,-0.513621,-0.511041,0.402912,0.162404
4.718000,4.565999,0.000586,0.593700,-2.000000,-0.000256,0.000000,0.000128,0.000000,6.084623,0.002300,0.568241,-0.082025,0.001008,-0.125378,0.506316,0.506316,-0.500226,-0.500226,0.465352,0.465378,-0.515634,-0.513202,0.408543,0.162817
4.730000,4.541999,0.000582,0.593700,-2.000000,-0.000256,0.000000,0.000128,0.000000,6.082779,0.002305,0.566694,-0.161045,0.000163,-0.135359,0.510209,0.510209,-0.504120,-0.504120,0.470904,0.470890,-0.517494,-0.515286,0.414495,0.163251
4.742000,4.517999,0.000579,0.593700,-2.000000,-0.000256,0.000000,0.000128,0.000000,6.080898,0.002310,0.565086,-0.178475,0.000476,-0.135002,0.514189,0.514189,-0.508100,-0.508100,0.476711,0.476590,-0.519540,-0.517439,0.420861,0.163709
4.754000,4.493999,0.000576,0.593700,-2.000000,-0.000256,0.000000,0.000128,0.000000,6.078514,0.002319,0.563449,-0.218533,0.000701,-0.137550,0.518255,0.518255,-0.512166,-0.512166,0.482396,0.482262,-0.521853,-0.519790,0.427193,0.164179
4.766000,4.469999,0.000573,0.593700,-2.000000,-0.000256,0.000000,0.000128,0.000000,6.075546,0.002328,0.561797,-0.267431,0.000665,-0.138519,0.522405,0.522405,-0.516315,-0.516315,0.488071,0.487922,-0.524149,-0.522294,0.433574,0.164649
4.778000,4.445999,0.000570,0.593700,-2.000000,-0.000256,0.000000,0.000128,0.000000,6.071978,0.002336,0.560144,-0.317161,0.000639,-0.137781,0.526622,0.526622,-0.520532,-0.520532,0.493821,0.493667,-0.526525,-0.524732,0.440039,0.165117
4.790000,4.421999,0.000567,0.593700,-2.000000,-0.000256,0.000000,0.000128,0.000000,6.067806,0.002343,0.558494,-0.367694,0.000428,-0.139574,0.530901,0.530901,-0.524811,-0.524811,0.499706,0.499545,-0.528981,-0.527311,0.446683,0.165598
4.802000,4.397999,0.000564,0.593700,-2.000000,-0.000256,0.000000,0.000128,0.000000,6.063029,0.002349,0.556763,-0.418425,0.000430,-0.143443,0.535242,0.535242,-0.529153,-0.529153,0.505744,0.505567,-0.531419,-0.529848,0.453532,0.166096
4.814000,4.373999,0.000561,0.593700,-2.000000,-0.000256,0.000000,0.000128,0.000000,6.057649,0.002354,0.555019,-0.469068,0.000396,-0.151005,0.539647,0.539647,-0.533557,-0.533557,0.511952,0.511749,-0.533980,-0.532483,0.460617,0.166613
4.826000,4.349999,0.000558,0.593700,-2.000000,-0.000256,0.000000,0.000128,0.000000,6.051197,0.002360,0.553200,-0.553235,0.000552,-0.148458,0.544114,0.544114,-0.538025,-0.538025,0.518411,0.518280,-0.536484,-0.535106,0.467895,0.167141
4.838000,4.325999,0.000555,0.593700,-2.000000,-0.000256,0.000000,0.000128,0.000000,6.044571,0.002364,0.551428,-0.575023,0.000259,-0.153460,0.548656,0.548656,-0.542566,-0.542566,0.525354,0.525101,-0.539122,-0.538011,0.475785,0.167672
4.850000,4.301999,0.000552,0.593700,-2.000000,-0.000256,0.000000,0.000128,0.000000,6.037448,0.002366,0.549702,-0.613989,-0.000088,-0.144107,0.553284,0.553284,-0.547194,-0.547194,0.532225,0.531866,-0.542061,-0.541030,0.483591,0.168168
4.862000,4.277999,0.000549,0.593700,-2.000000,-0.000256,0.000000,0.000128,0.000000,6.029736,0.002367,0.547905,-0.663204,0.000093,-0.143558,0.557991,0.557991,-0.551901,-0.551901,0.539101,0.538658,-0.545037,-0.544061,0.491472,0.168730
4.874000,4.253999,0.000546,0.593700,-2.000000,-0.000256,0.000000,0.000128,0.000000,6.021406,0.002367,0.546208,-0.714976,0.000052,-0.148445,0.562754,0.562754,-0.556664,-0.556664,0.546051,0.545542,-0.548131,-0.547205,0.499379,0.169266
4.884000,4.233999,0.000543,0.593700,-2.000000,-0.000256,0.000000,0.000128,0.000000,6.013987,0.002365,0.544796,-0.758116,-0.000311,-0.141127,0.566760,0.566760,-0.560671,-0.560671,0.551911,0.551386,-0.550735,-0.549860,0.502939,0.169698
4.896000,4.209999,0.000540,0.593700,-2.000000,-0.000256,0.000000,0.000128,0.000000,6.004515,0.002369,0.543138,-0.808932,0.000068,-0.129028,0.571612,0.571612,-0.565523,-0.565523,0.559037,0.558531,-0.553931,-0.553020,0.507245,0.170189
4.908000,4.185999,0.000537,0.593700,-2.000000,-0.000256,0.000000,0.000128,0.000000,5.994426,0.002367,0.541469,-0.860558,0.000023,-0.130929,0.576517,0.576517,-0.570427,-0.570427,0.566300,0.565801,-0.557152,-0.556222,0.511656,0.170716
4.920000,4.161999,0.000534,0.593700,-2.000000,-0.000256,0.000000,0.000128,0.000000,5.983182,0.002372,0.539867,-0.941712,0.000641,-0.136576,0.581479,0.581479,-0.575390,-0.575390,0.573888,0.573421,-0.560188,-0.559368,0.515935,0.171233
4.932000,4.137999,0.000531,0.593700,-2.000000,-0.000256,0.000000,0.000128,0.000000,5.971933,0.002372,0.538185,-0.959091,0.000073,-0.125800,0.586490,0.586490,-0.580401,-0.580401,0.581522,0.581098,-0.563245,-0.562497,0.520274,0.171759
4.944000,4.113999,0.000528,0.593700,-2.000000,-0.000256,0.000000,0.000128,0.000000,5.960151,0.002371,0.536705,-1.002091,-0.000113,-0.118851,0.591485,0.591485,-0.585395,-0.585395,0.589117,0.588685,-0.566658,-0.565930,0.524687,0.172232
4.956000,4.089999,0.000525,0.593700,-2.000000,-0.000256,0.000000,0.000128,0.000000,5.947758,0.002366,0.535312,-1.052350,-0.000195,-0.107689,0.596424,0.596424,-0.590335,-0.590335,0.596676,0.596201,-0.570048,-0.569424,0.529158,0.172703
4.968000,4.065999,0.000522,0.593700,-2.000000,-0.000256,0.000000,0.000128,0.000000,5.934745,0.002362,0.533994,-1.103688,-0.000250,-0.097367,0.601294,0.601294,-0.595205,-0.595205,0.604181,0.603719,-0.573423,-0.572834,0.533511,0.173106
4.980000,4.041999,0.000518,0.593700,-2.000000,-0.000256,0.000000,0.000128,0.000000,5.921119,0.002352,0.532727,-1.155410,-0.000839,-0.099506,0.606088,0.606088,-0.599998,-0.599998,0.611696,0.611251,-0.576711,-0.576195,0.537693,0.173531
4.992000,4.017999,0.000515,0.593700,-2.000000,-0.000256,0.000000,0.000128,0.000000,5.906891,0.002349,0.531458,-1.205664,-0.000305,-0.104713,0.610801,0.610801,-0.604712,-0.604712,0.619180,0.618723,-0.579916,-0.579430,0.541928,0.173971
5.004000,3.993999,0.000512,0.593700,-2.000000,-0.000256,0.000000,0.000128,0.000000,5.892070,0.002343,0.530255,-1.254976,-0.000434,-0.101941,0.615429,0.615429,-0.609340,-0.609340,0.626615,0.626174,-0.583041,-0.582585,0.546080,0.174385
5.016000,3.969999,0.000509,0.593700,-2.000000,-0.000256,0.000000,0.000128,0.000000,5.876663,0.002339,0.529173,-1.302548,-0.000406,-0.092092,0.619968,0.619968,-0.613878,-0.613878,0.633979,0.633470,-0.586092,-0.585661,0.550019,0.174743
5.028000,3.945999,0.000506,0.593700,-2.000000,-0.000256,0.000000,0.000128,0.000000,5.860676,0.002327,0.528092,-1.351419,-0.001089,-0.085899,0.624413,0.624413,-0.618323,-0.618323,0.641228,0.640711,-0.588925,-0.588697,0.553807,0.175129
5.040000,3.921999,0.000503,0.593700,-2.000000,-0.000256,0.000000,0.000128,0.000000,5.843572,0.002314,0.527204,-1.453153,-0.001831,-0.061305,0.628760,0.628760,-0.622671,-0.622671,0.648448,0.647915,-0.591618,-0.591530,0.556862,0.175446
5.052000,3.897999,0.000500,0.593700,-2.000000,-0.000256,0.000000,0.000128,0.000000,5.826459,0.002314,0.526000,-1.452288,0.001402,-0.086451,0.633007,0.633007,-0.626917,-0.626917,0.655569,0.655098,-0.594005,-0.593896,0.561027,0.175862
5.064000,3.873999,0.000497,0.593700,-2.000000,-0.000256,0.000000,0.000128,0.000000,5.808514,0.002302,0.525118,-1.522484,-0.000893,-0.075956,0.637149,0.637149,-0.631060,-0.631060,0.662375,0.662124,-0.596440,-0.596499,0.563742,0.176148
5.076000,3.849999,0.000494,0.593700,-2.000000,-0.000256,0.000000,0.000128,0.000000,5.790388,0.002297,0.524173,-1.536448,-0.000665,-0.078606,0.641184,0.641184,-0.635094,-0.635094,0.669278,0.669010,-0.598915,-0.599104,0.567605,0.176465
5.088000,3.825999,0.000491,0.593700,-2.000000,-0.000256,0.000000,0.000128,0.000000,5.771430,0.002274,0.523362,-1.584414,-0.001600,-0.076732,0.645107,0.645107,-0.639018,-0.639018,0.675882,0.675570,-0.601509,-0.600852,0.570516,0.176748
5.100000,3.801999,0.000488,0.593700,-2.000000,-0.000256,0.000000,0.000128,0.000000,5.751915,0.002257,0.522617,-1.646787,-0.001593,-0.054901,0.648917,0.648917,-0.642828,-0.642828,0.682216,0.681846,-0.604111,-0.602509,0.573301,0.177063
5.112000,3.777999,0.000485,0.593700,-2.000000,-0.000256,0.000000,0.000128,0.000000,5.732270,0.002252,0.521835,-1.660780,0.000378,-0.054520,0.652606,0.652606,-0.646516,-0.646516,0.688340,0.687911,-0.606783,-0.603801,0.576104,0.177299
5.124000,3.753999,0.000482,0.593700,-2.000000,-0.000256,0.000000,0.000128,0.000000,5.712093,0.002225,0.521043,-1.704971,-0.003113,-0.070710,0.656103,0.656103,-0.650014,-0.650014,0.694257,0.693814,-0.609274,-0.605914,0.579200,0.177674
5.134000,3.733999,0.000479,0.593700,-2.000000,-0.000256,0.000000,0.000128,0.000000,5.694798,0.002247,0.520511,-1.746573,0.000613,-0.053887,0.658801,0.658801,-0.652712,-0.652712,0.699119,0.698677,-0.611284,-0.607778,0.581649,0.177767
5.146000,3.709999,0.000476,0.593700,-2.000000,-0.000256,0.000000,0.000128,0.000000,5.673494,0.002246,0.519895,-1.793415,0.000006,-0.046580,0.661775,0.661775,-0.655685,-0.655685,0.704813,0.704399,-0.613331,-0.609912,0.584274,0.177964
5.158000,3.685999,0.000473,0.593700,-2.000000,-0.000256,0.000000,0.000128,0.000000,5.651683,0.002243,0.519224,-1.831798,-0.000228,-0.044749,0.664461,0.664461,-0.658371,-0.658371,0.710218,0.709826,-0.614843,-0.611728,0.586825,0.178246
5.170000,3.661999,0.000470,0.593700,-2.000000,-0.000256,0.000000,0.000128,0.000000,5.629447,0.002239,0.518526,-1.865282,-0.000401,-0.055825,0.666858,0.666858,-0.660769,-0.660769,0.715295,0.714879,-0.615967,-0.613006,0.588821,0.178447
5.182000,3.637999,0.000467,0.593700,-2.000000,-0.000256,0.000000,0.000128,0.000000,5.606841,0.002230,0.517870,-1.894657,-0.001117,-0.056756,0.668968,0.668968,-0.662879,-0.662879,0.719946,0.719549,-0.616653,-0.613987,0.590434,0.178673
5.194000,3.613999,0.000464,0.593700,-2.000000,-0.000256,0.000000,0.000128,0.000000,5.583908,0.002226,0.517292,-1.919579,-0.000665,-0.049340,0.670790,0.670790,-0.664700,-0.664700,0.724224,0.723796,-0.617057,-0.614623,0.591669,0.178865
5.206000,3.589999,0.000461,0.593700,-2.000000,-0.000256,0.000000,0.000128,0.000000,5.560678,0.002215,0.516700,-1.941820,-0.000824,-0.046904,0.672324,0.672324,-0.666234,-0.666234,0.728078,0.727685,-0.617172,-0.614973,0.592484,0.179076
5.218000,3.565999,0.000457,0.593700,-2.000000,-0.000256,0.000000,0.000128,0.000000,5.537239,0.002212,0.516253,-1.955363,-0.000437,-0.028451,0.673569,0.673569,-0.667480,-0.667480,0.731430,0.731146,-0.616902,-0.614915,0.593074,0.179219
5.230000,3.541999,0.000454,0.593700,-2.000000,-0.000256,0.000000,0.000128,0.000000,5.513653,0.002199,0.515783,-1.966809,-0.000746,-0.046021,0.674527,0.674527,-0.668438,-0.668438,0.734424,0.734121,-0.616289,-0.614622,0.593011,0.179411
5.242000,3.517999,0.000451,0.593700,-2.000000,-0.000256,0.000000,0.000128,0.000000,5.489971,0.002190,0.515387,-1.973115,-0.000805,-0.031724,0.675197,0.675197,-0.669107,-0.669107,0.736952,0.736667,-0.615444,-0.613988,0.592632,0.179508
5.254000,3.493999,0.000448,0.593700,-2.000000,-0.000256,0.000000,0.000128,0.000000,5.466237,0.002187,0.515234,-1.974964,-0.000423,-0.007068,0.675579,0.675579,-0.669489,-0.669489,0.738969,0.738712,-0.614340,-0.613080,0.591833,0.179536
5.266000,3.469999,0.000445,0.593700,-2.000000,-0.000256,0.000000,0.000128,0.000000,5.442438,0.002170,0.515052,-1.977439,-0.002554,0.005347,0.675672,0.675672,-0.669583,-0.669583,0.740547,0.740304,-0.613098,-0.612024,0.590991,0.179629
5.278000,3.445999,0.000442,0.593700,-2.000000,-0.000256,0.000000,0.000128,0.000000,5.418625,0.002161,0.514761,-1.981324,-0.003197,-0.033237,0.675478,0.675478,-0.669389,-0.669389,0.741639,0.741526,-0.611640,-0.610791,0.590326,0.179731
5.290000,3.421999,0.000439,0.593700,-2.000000,-0.000256,0.000000,0.000128,0.000000,5.394825,0.002155,0.514824,-1.980265,-0.002181,0.006432,0.674996,0.674996,-0.668906,-0.668906,0.742415,0.742264,-0.610218,-0.609517,0.588697,0.179728
5.302000,3.397999,0.000436,0.593700,-2.000000,-0.000256,0.000000,0.000128,0.000000,5.371005,0.002147,0.514839,-1.982033,-0.004232,-0.002155,0.674225,0.674225,-0.668136,-0.668136,0.742900,0.742616,-0.608580,-0.608088,0.587448,0.179746
5.314000,3.373999,0.000433,0.593700,-2.000000,-0.000256,0.000000,0.000128,0.000000,5.347172,0.002165,0.515030,-1.981953,0.000048,0.025489,0.673167,0.673167,-0.667078,-0.667078,0.742983,0.742671,-0.606907,-0.606483,0.585566,0.179585
5.326000,3.349999,0.000430,0.593700,-2.000000,-0.000256,0.000000,0.000128,0.000000,5.323346,0.002125,0.515095,-1.983411,-0.002506,0.005110,0.671821,0.671821,-0.665732,-0.665732,0.742806,0.742438,-0.605070,-0.604815,0.583609,0.179661
5.338000,3.325999,0.000427,0.593700,-2.000000,-0.000256,0.000000,0.000128,0.000000,5.299533,0.002113,0.515289,-1.982357,-0.003487,0.019867,0.670187,0.670187,-0.664097,-0.664097,0.742258,0.741852,-0.603109,-0.602908,0.581637,0.179578
5.350000,3.301999,0.000424,0.593700,-2.000000,-0.000256,0.000000,0.000128,0.000000,5.275733,0.002106,0.515473,-1.982751,-0.000781,0.011473,0.668264,0.668264,-0.662175,-0.662175,0.741417,0.740934,-0.600890,-0.600847,0.579289,0.179570
5.362000,3.277999,0.000421,0.593700,-2.000000,-0.000256,0.000000,0.000128,0.000000,5.251937,0.002099,0.515812,-1.981858,-0.001049,0.032060,0.666054,0.666054,-0.659965,-0.659965,0.740235,0.739736,-0.598484,-0.598628,0.576662,0.179444
5.374000,3.253999,0.000417,0.593700,-2.000000,-0.000256,0.000000,0.000128,0.000000,5.228129,0.002094,0.516124,-1.983433,-0.000808,0.025693,0.663556,0.663556,-0.657467,-0.657467,0.738848,0.738186,-0.595842,-0.596085,0.573789,0.179319
5.386000,3.229999,0.000414,0.593700,-2.000000,-0.000256,0.000000,0.000128,0.000000,5.204336,0.002085,0.516537,-1.981305,-0.000466,0.047078,0.660770,0.660770,-0.654680,-0.654680,0.737112,0.736433,-0.592973,-0.593327,0.570716,0.179227
5.398000,3.205999,0.000411,0.593700,-2.000000,-0.000256,0.000000,0.000128,0.000000,5.180554,0.002079,0.516969,-1.983232,0.000036,0.027211,0.657695,0.657695,-0.651606,-0.651606,0.735161,0.734394,-0.589942,-0.590439,0.567083,0.179128
5.408000,3.185999,0.000409,0.593700,-2.000000,-0.000256,0.000000,0.000128,0.000000,5.160729,0.002072,0.517337,-1.982936,-0.000787,0.031683,0.654914,0.654914,-0.648824,-0.648824,0.733332,0.732537,-0.587186,-0.587819,0.564224,0.178986
5.420000,3.161999,0.000406,0.593700,-2.000000,-0.000256,0.000000,0.000128,0.000000,5.137009,0.002068,0.518013,-1.977258,-0.000377,0.052700,0.651311,0.651311,-0.645222,-0.645222,0.730780,0.729948,-0.583755,-0.584404,0.560297,0.178767
5.432000,3.137999,0.000403,0.593700,-2.000000,-0.000256,0.000000,0.000128,0.000000,5.113287,0.002061,0.518523,-1.979717,-0.000404,0.038140,0.647421,0.647421,-0.641332,-0.641332,0.727924,0.727098,-0.580070,-0.580805,0.556139,0.178620
5.444000,3.113999,0.000400,0.593700,-2.000000,-0.000256,0.000000,0.000128,0.000000,5.089548,0.002037,0.519220,-1.979919,-0.001386,0.054885,0.643243,0.643243,-0.637153,-0.637153,0.724828,0.723960,-0.576109,-0.576948,0.551641,0.178445
5.456000,3.089999,0.000396,0.593700,-2.000000,-0.000256,0.000000,0.000128,0.000000,5.065798,0.002045,0.519908,-1.979919,0.001610,0.061690,0.638777,0.638777,-0.632687,-0.632687,0.721354,0.720580,-0.572019,-0.572830,0.546966,0.178114
5.468000,3.065999,0.000393,0.593700,-2.000000,-0.000256,0.000000,0.000128,0.000000,5.042046,0.002021,0.520589,-1.981822,-0.003222,0.059984,0.634022,0.634022,-0.627933,-0.627933,0.717611,0.716803,-0.567665,-0.568364,0.542119,0.177965
5.480000,3.041999,0.000390,0.593700,-2.000000,-0.000255,0.000000,0.000128,0.000000,5.018258,0.002013,0.521194,-1.984105,-0.000998,0.054611,0.628998,0.628998,-0.622909,-0.622909,0.713522,0.712777,-0.562815,-0.563535,0.537020,0.177801
5.492000,3.017999,0.000387,0.593700,-2.000000,-0.000256,0.000000,0.000128,0.000000,4.994483,0.002032,0.522150,-1.982083,0.000306,0.080983,0.623879,0.623879,-0.617790,-0.617790,0.709102,0.708461,-0.557957,-0.558587,0.531223,0.177393
5.504000,2.993999,0.000384,0.593700,-2.000000,-0.000256,0.000000,0.000128,0.000000,4.970682,0.002030,0.523011,-1.983075,0.000326,0.075192,0.618816,0.618816,-0.612727,-0.612727,0.704411,0.703850,-0.552824,-0.553397,0.525621,0.177127
5.516000,2.969999,0.000381,0.593700,-2.000000,-0.000256,0.000000,0.000128,0.000000,4.946859,0.002023,0.523715,-1.986283,-0.000235,0.056921,0.613843,0.613843,-0.607754,-0.607754,0.699594,0.699107,-0.547714,-0.548235,0.520047,0.176891
5.528000,2.945999,0.000378,0.593700,-2.000000,-0.000256,0.000000,0.000128,0.000000,4.923003,0.002016,0.524375,-1.988276,-0.000304,0.059957,0.608966,0.608966,-0.602876,-0.602876,0.694771,0.694342,-0.542630,-0.543032,0.514531,0.176665
5.540000,2.921999,0.000375,0.593700,-2.000000,-0.000256,0.000000,0.000128,0.000000,4.899124,0.002010,0.525255,-1.988941,-0.000297,0.064556,0.604181,0.604181,-0.598092,-0.598092,0.689903,0.689542,-0.537506,-0.537917,0.508991,0.176404
5.552000,2.897999,0.000372,0.593700,-2.000000,-0.000256,0.000000,0.000128,0.000000,4.875226,0.002003,0.525971,-1.992140,-0.000410,0.050706,0.599488,0.599488,-0.593399,-0.593399,0.685114,0.684786,-0.532479,-0.532816,0.503562,0.176152
5.564000,2.873999,0.000369,0.593700,-2.000000,-0.000256,0.000000,0.000128,0.000000,4.851318,0.001997,0.526906,-1.991677,-0.000629,0.068137,0.594886,0.594886,-0.588796,-0.588796,0.680366,0.680078,-0.527629,-0.527811,0.498105,0.175785
5.576000,2.849999,0.000366,0.593700,-2.000000,-0.000256,0.000000,0.000128,0.000000,4.827392,0.001990,0.527598,-1.992300,-0.001167,0.068786,0.590371,0.590371,-0.584281,-0.584281,0.675742,0.675461,-0.522829,-0.523000,0.492891,0.175593
5.588000,2.825999,0.000363,0.593700,-2.000000,-0.000256,0.000000,0.000128,0.000000,4.803459,0.001982,0.528472,-1.993906,-0.000232,0.054720,0.585943,0.585943,-0.579853,-0.579853,0.671170,0.670893,-0.518215,-0.518335,0.487777,0.175309
5.600000,2.801999,0.000360,0.593700,-1.999999,-0.000256,0.000000,0.000128,0.000000,4.779513,0.001985,0.529167,-1.996103,0.000112,0.048147,0.581599,0.581599,-0.575510,-0.575510,0.666719,0.666409,-0.513684,-0.513784,0.482887,0.175053
5.612000,2.777999,0.000357,0.593700,-1.999998,-0.000256,0.000000,0.000128,0.000000,4.755564,0.001973,0.530026,-1.994672,-0.001135,0.059661,0.577339,0.577339,-0.571250,-0.571250,0.662390,0.662023,-0.509138,-0.509297,0.478105,0.174783
5.624000,2.753999,0.000353,0.593700,-1.999998,-0.000256,0.000000,0.000128,0.000000,4.731611,0.001969,0.530789,-1.995913,-0.000930,0.059524,0.573161,0.573161,-0.567071,-0.567071,0.658206,0.657759,-0.504772,-0.504940,0.473194,0.174528
5.636000,2.729999,0.000350,0.593700,-2.000000,-0.000256,0.000000,0.000128,0.000000,4.707647,0.001961,0.531604,-1.997073,-0.001060,0.074191,0.569062,0.569062,-0.562973,-0.562973,0.654164,0.653688,-0.500419,-0.500598,0.468264,0.174234
5.648000,2.705999,0.000347,0.593700,-2.000000,-0.000256,0.000000,0.000128,0.000000,4.683692,0.001941,0.532402,-1.996141,-0.000465,0.063050,0.565042,0.565042,-0.558953,-0.558953,0.650291,0.649718,-0.496211,-0.496463,0.463569,0.174000
5.658000,2.685999,0.000345,0.593700,-1.999999,-0.000256,0.000000,0.000128,0.000000,4.663731,0.001924,0.533105,-1.994788,-0.000157,0.067985,0.561751,0.561751,-0.555662,-0.555662,0.647107,0.646446,-0.492715,-0.493061,0.459763,0.173772
5.670000,2.661999,0.000342,0.593700,-1.999999,-0.000256,0.000000,0.000128,0.000000,4.639778,0.001933,0.533781,-1.996458,0.001293,0.060866,0.557871,0.557871,-0.551782,-0.551782,0.643358,0.642653,-0.488633,-0.488955,0.455121,0.173499
5.682000,2.637999,0.000339,0.593700,-2.000000,-0.000256,0.000000,0.000128,0.000000,4.615822,0.001915,0.534578,-1.995815,-0.000404,0.050009,0.554066,0.554066,-0.547977,-0.547977,0.639665,0.638916,-0.484542,-0.484989,0.450559,0.173278
5.694000,2.613999,0.000336,0.593700,-2.000000,-0.000256,0.000000,0.000128,0.000000,4.591892,0.001904,0.535405,-1.993934,-0.000686,0.060908,0.550333,0.550333,-0.544244,-0.544244,0.635982,0.635220,-0.480532,-0.481136,0.446128,0.173019
5.706000,2.589999,0.000332,0.593700,-2.000000,-0.000256,0.000000,0.000128,0.000000,4.567959,0.001908,0.536324,-1.992016,0.000692,0.104373,0.546672,0.546672,-0.540583,-0.540583,0.632333,0.631554,-0.476654,-0.477278,0.441620,0.172718
5.718000,2.565999,0.000329,0.593700,-2.000000,-0.000256,0.000000,0.000128,0.000000,4.544062,0.001905,0.537009,-1.992494,0.000267,0.064781,0.543081,0.543081,-0.536992,-0.536992,0.628740,0.627960,-0.472877,-0.473652,0.437533,0.172508
5.730000,2.541999,0.000326,0.593700,-2.000000,-0.000256,0.000000,0.000128,0.000000,4.520168,0.001903,0.537892,-1.990772,0.000054,0.074636,0.539559,0.539559,-0.533470,-0.533470,0.625127,0.624345,-0.469277,-0.470081,0.433390,0.172194
5.742000,2.517999,0.000323,0.593700,-2.000000,-0.000256,0.000000,0.000128,0.000000,4.496261,0.001897,0.538596,-1.994294,-0.000166,0.056294,0.536104,0.536104,-0.530015,-0.530015,0.621585,0.620837,-0.465650,-0.466599,0.429277,0.171976
5.754000,2.493999,0.000320,0.593700,-1.999999,-0.000256,0.000000,0.000128,0.000000,4.472344,0.001896,0.539416,-1.994213,0.000005,0.063114,0.532716,0.532716,-0.526627,-0.526627,0.618084,0.617338,-0.462037,-0.463018,0.425262,0.171699
5.766000,2.469999,0.000317,0.593700,-1.999998,-0.000256,0.000000,0.000128,0.000000,4.448409,0.001882,0.540264,-1.993614,-0.000353,0.070798,0.529392,0.529392,-0.523303,-0.523303,0.614647,0.613915,-0.458429,-0.459550,0.421110,0.171461
5.778000,2.445999,0.000314,0.593700,-1.999998,-0.000257,0.000000,0.000128,0.000000,4.424478,0.001890,0.540968,-1.996211,-0.000786,0.045087,0.526133,0.526133,-0.520043,-0.520043,0.611202,0.610528,-0.454812,-0.455942,0.417247,0.171205
5.790000,2.421999,0.000311,0.593700,-1.999997,-0.000255,0.000000,0.000128,0.000000,4.400559,0.001872,0.541908,-1.992981,-0.000844,0.073932,0.522935,0.522935,-0.516846,-0.516846,0.607731,0.607124,-0.451218,-0.452498,0.413207,0.170945
5.802000,2.397999,0.000308,0.593700,-1.999997,-0.000257,0.000000,0.000128,0.000000,4.376629,0.001887,0.542699,-1.995404,-0.000118,0.063512,0.519799,0.519799,-0.513710,-0.513710,0.604297,0.603771,-0.447734,-0.449032,0.409322,0.170624
5.814000,2.373999,0.000305,0.593700,-1.999998,-0.000257,0.000000,0.000128,0.000000,4.352704,0.001884,0.543449,-1.994599,0.000870,0.058844,0.516723,0.516723,-0.510633,-0.510633,0.600859,0.600403,-0.444218,-0.445524,0.405723,0.170396
5.826000,2.349999,0.000302,0.593700,-1.999998,-0.000257,0.000000,0.000128,0.000000,4.328758,0.001877,0.544344,-1.994098,0.000391,0.083120,0.513706,0.513706,-0.507616,-0.507616,0.597484,0.597122,-0.440782,-0.442198,0.401872,0.170115
5.838000,2.325999,0.000299,0.593700,-1.999998,-0.000256,0.000000,0.000128,0.000000,4.304800,0.001869,0.545086,-1.997192,-0.000122,0.063418,0.510746,0.510746,-0.504657,-0.504657,0.594218,0.593867,-0.437377,-0.438766,0.398374,0.169891
5.850000,2.301999,0.000296,0.593700,-2.000000,-0.000256,0.000000,0.000128,0.000000,4.280848,0.001862,0.545807,-1.996299,-0.001450,0.056968,0.507844,0.507844,-0.501754,-0.501754,0.591080,0.590654,-0.434072,-0.435549,0.394899,0.169743
5.862000,2.277999,0.000293,0.593700,-2.000000,-0.000256,0.000000,0.000128,0.000000,4.256881,0.001862,0.546697,-1.996550,0.000875,0.077079,0.504997,0.504997,-0.498907,-0.498907,0.587944,0.587485,-0.430880,-0.432370,0.391391,0.169456
5.874000,2.253999,0.000289,0.593700,-2.000000,-0.000256,0.000000,0.000128,0.000000,4.232902,0.001854,0.547302,-1.998576,0.000020,0.056902,0.502204,0.502204,-0.496115,-0.496115,0.584918,0.584440,-0.427761,-0.429168,0.388243,0.169238
5.886000,2.229999,0.000286,0.593700,-2.000000,-0.000256,0.000000,0.000128,0.000000,4.208909,0.001834,0.548129,-1.997590,-0.001751,0.087162,0.499465,0.499465,-0.493376,-0.493376,0.582044,0.581443,-0.424743,-0.426185,0.384863,0.169052
5.898000,2.205999,0.000283,0.593700,-2.000000,-0.000256,0.000000,0.000128,0.000000,4.184918,0.001828,0.548867,-1.998553,-0.002532,0.071148,0.496779,0.496779,-0.490689,-0.490689,0.579200,0.578602,-0.421812,-0.423192,0.381746,0.168770
5.908000,2.185999,0.000281,0.593700,-2.000000,-0.000256,0.000000,0.000128,0.000000,4.164911,0.001828,0.549341,-1.999730,-0.000184,0.063637,0.494579,0.494579,-0.488490,-0.488490,0.576907,0.576309,-0.419314,-0.420556,0.379354,0.168655
5.920000,2.161999,0.000278,0.593700,-2.000000,-0.000256,0.000000,0.000128,0.000000,4.140910,0.001817,0.550141,-2.000389,-0.000471,0.055171,0.491986,0.491986,-0.485897,-0.485897,0.574220,0.573691,-0.416522,-0.417775,0.376155,0.168411
5.932000,2.137999,0.000275,0.593700,-2.000000,-0.000256,0.000000,0.000128,0.000000,4.116928,0.001808,0.550799,-1.998860,0.001219,0.044268,0.489443,0.489443,-0.483354,-0.483354,0.571627,0.571111,-0.413738,-0.414870,0.373315,0.168224
5.944000,2.113999,0.000271,0.593700,-1.999999,-0.000256,0.000000,0.000128,0.000000,4.092944,0.001818,0.551414,-1.997685,0.001840,0.065403,0.486949,0.486949,-0.480859,-0.480859,0.569254,0.568647,-0.411082,-0.412059,0.370315,0.167996
5.956000,2.089999,0.000268,0.593700,-1.999999,-0.000256,0.000000,0.000128,0.000000,4.068961,0.001819,0.551909,-2.000375,0.002215,0.036264,0.484502,0.484502,-0.478413,-0.478413,0.566935,0.566260,-0.408402,-0.409239,0.367638,0.167862
5.968000,2.065999,0.000265,0.593700,-1.999998,-0.000257,0.000000,0.000128,0.000000,4.044989,0.001797,0.552746,-1.996682,-0.000612,0.070685,0.482102,0.482102,-0.476013,-0.476013,0.564670,0.564023,-0.405833,-0.406642,0.364742,0.167647
5.980000,2.041999,0.000262,0.593700,-1.999999,-0.000257,0.000000,0.000128,0.000000,4.021009,0.001799,0.553515,-1.997843,0.000763,0.065289,0.479748,0.479748,-0.473659,-0.473659,0.562566,0.561783,-0.403495,-0.404136,0.361942,0.167412
5.992000,2.017999,0.000259,0.593700,-1.999998,-0.000256,0.000000,0.000128,0.000000,3.997077,0.001805,0.554173,-1.994102,0.001328,0.059663,0.477440,0.477440,-0.471350,-0.471350,0.560559,0.559507,-0.401183,-0.401651,0.359460,0.167186
6.004000,1.993999,0.000256,0.593700,-1.999999,-0.000257,0.000000,0.000128,0.000000,3.973171,0.001799,0.554688,-1.993951,0.000318,0.045336,0.475175,0.475175,-0.469086,-0.469086,0.558540,0.557317,-0.398938,-0.399370,0.356914,0.167049
6.016000,1.969999,0.000253,0.593700,-1.999998,-0.000257,0.000000,0.000128,0.000000,3.949245,0.001793,0.555317,-1.994018,-0.000671,0.044868,0.472954,0.472954,-0.466865,-0.466865,0.556481,0.555106,-0.396690,-0.396988,0.354516,0.166851
6.028000,1.945999,0.000250,0.593700,-2.000000,-0.000256,0.000000,0.000128,0.000000,3.925287,0.001798,0.556208,-1.995271,0.000491,0.076730,0.470775,0.470775,-0.464686,-0.464686,0.554364,0.552998,-0.394504,-0.394724,0.351768,0.166567
6.040000,1.921999,0.000247,0.593700,-2.000000,-0.000256,0.000000,0.000128,0.000000,3.901333,0.001773,0.556734,-1.995693,-0.001802,0.063866,0.468639,0.468639,-0.462549,-0.462549,0.552263,0.551082,-0.392293,-0.392469,0.349355,0.166408
6.052000,1.897999,0.000244,0.593700,-2.000000,-0.000256,0.000000,0.000128,0.000000,3.877438,0.001774,0.557551,-1.991191,-0.000254,0.066102,0.466543,0.466543,-0.460453,-0.460453,0.550030,0.549172,-0.390265,-0.390320,0.346853,0.166112
6.064000,1.873999,0.000241,0.593700,-2.000000,-0.000256,0.000000,0.000128,0.000000,3.853542,0.001775,0.558181,-1.992521,-0.000212,0.051417,0.464487,0.464487,-0.458398,-0.458398,0.547822,0.547138,-0.388223,-0.388167,0.344561,0.165913
6.076000,1.849999,0.000238,0.593700,-2.000000,-0.000256,0.000000,0.000128,0.000000,3.829620,0.001778,0.558804,-1.994724,0.000336,0.052239,0.462471,0.462471,-0.456381,-0.456381,0.545644,0.545142,-0.386209,-0.386117,0.342211,0.165732
6.088000,1.825999,0.000235,0.593700,-2.000000,-0.000256,0.000000,0.000128,0.000000,3.805683,0.001777,0.559380,-1.995604,0.000242,0.052346,0.460493,0.460493,-0.454403,-0.454403,0.543476,0.543164,-0.384111,-0.384026,0.339879,0.165539
6.100000,1.801999,0.000232,0.593700,-2.000000,-0.000256,0.000000,0.000128,0.000000,3.781684,0.001752,0.559954,-2.001609,-0.001670,0.031553,0.458553,0.458553,-0.452464,-0.452464,0.541374,0.541100,-0.381852,-0.381951,0.337634,0.165445
6.112000,1.777999,0.000228,0.593700,-2.000000,-0.000256,0.000000,0.000128,0.000000,3.757721,0.001734,0.560586,-1.997159,-0.001015,0.054335,0.456651,0.456651,-0.450561,-0.450561,0.539284,0.539080,-0.379670,-0.379954,0.335211,0.165252
6.124000,1.753999,0.000225,0.593700,-1.999999,-0.000256,0.000000,0.000128,0.000000,3.733724,0.001721,0.561189,-1.998343,-0.000990,0.051090,0.454787,0.454787,-0.448697,-0.448697,0.537219,0.537041,-0.377509,-0.377983,0.333026,0.165107
6.136000,1.729999,0.000222,0.593700,-1.999999,-0.000256,0.000000,0.000128,0.000000,3.709725,0.001741,0.561951,-1.999712,0.000476,0.046827,0.452964,0.452964,-0.446875,-0.446875,0.535108,0.535007,-0.375552,-0.376056,0.330686,0.164790
6.148000,1.705999,0.000219,0.593700,-1.999999,-0.000257,0.000000,0.000128,0.000000,3.685706,0.001742,0.562504,-2.000441,0.000488,0.048622,0.451187,0.451187,-0.445097,-0.445097,0.533016,0.532974,-0.373479,-0.374127,0.328730,0.164659
6.158000,1.685999,0.000217,0.593700,-1.999998,-0.000257,0.000000,0.000128,0.000000,3.665687,0.001736,0.562818,-2.003968,-0.001809,0.028530,0.449743,0.449743,-0.443654,-0.443654,0.531399,0.531376,-0.371764,-0.372495,0.326965,0.164521
6.170000,1.661999,0.000214,0.593700,-1.999998,-0.000257,0.000000,0.000128,0.000000,3.641655,0.001727,0.563600,-2.001373,-0.000481,0.047333,0.448059,0.448059,-0.441969,-0.441969,0.529432,0.529381,-0.369728,-0.370667,0.324824,0.164340
6.182000,1.637999,0.000210,0.593700,-1.999999,-0.000257,0.000000,0.000128,0.000000,3.617612,0.001732,0.564102,-2.003347,0.000612,0.036751,0.446430,0.446430,-0.440341,-0.440341,0.527527,0.527374,-0.367788,-0.368762,0.322909,0.164165
6.194000,1.613999,0.000207,0.593700,-1.999999,-0.000257,0.000000,0.000128,0.000000,3.593579,0.001731,0.564545,-2.003707,0.001738,0.031510,0.444858,0.444858,-0.438769,-0.438769,0.525705,0.525470,-0.365923,-0.367038,0.321045,0.164059
6.206000,1.589999,0.000204,0.593700,-1.999999,-0.000256,0.000000,0.000128,0.000000,3.569515,0.001726,0.565037,-2.002601,0.000059,0.057335,0.443343,0.443343,-0.437253,-0.437253,0.523960,0.523691,-0.364060,-0.365224,0.319129,0.163919
6.218000,1.565999,0.000201,0.593700,-1.999999,-0.000257,0.000000,0.000128,0.000000,3.545469,0.001733,0.565426,-2.003605,-0.000186,0.030565,0.441881,0.441881,-0.435791,-0.435791,0.522282,0.521946,-0.362212,-0.363450,0.317477,0.163807
6.230000,1.541999,0.000198,0.593700,-2.000000,-0.000256,0.000000,0.000128,0.000000,3.521442,0.001706,0.566082,-2.001443,-0.000593,0.048201,0.440470,0.440470,-0.434381,-0.434381,0.520618,0.520198,-0.360534,-0.361774,0.315663,0.163653
6.242000,1.517999,0.000195,0.593700,-2.000000,-0.000256,0.000000,0.000128,0.000000,3.497417,0.001699,0.566452,-2.001653,-0.001097,0.035625,0.439110,0.439110,-0.433020,-0.433020,0.519104,0.518596,-0.358861,-0.360148,0.314112,0.163547
6.254000,1.493999,0.000192,0.593700,-2.000000,-0.000256,0.000000,0.000128,0.000000,3.473409,0.001728,0.566814,-2.002774,0.001996,0.026060,0.437796,0.437796,-0.431707,-0.431707,0.517680,0.517093,-0.357334,-0.358447,0.312529,0.163400
6.266000,1.469999,0.000189,0.593700,-2.000000,-0.000256,0.000000,0.000128,0.000000,3.449392,0.001718,0.567355,-1.999779,-0.000405,0.051750,0.436529,0.436529,-0.430440,-0.430440,0.516413,0.515670,-0.355829,-0.356924,0.310917,0.163330
6.278000,1.445999,0.000186,0.593700,-2.000000,-0.000256,0.000000,0.000128,0.000000,3.425388,0.001719,0.567775,-2.000580,-0.000358,0.028772,0.435306,0.435306,-0.429217,-0.429217,0.515223,0.514412,-0.354419,-0.355545,0.309429,0.163210
6.290000,1.421999,0.000183,0.593700,-2.000000,-0.000256,0.000000,0.000128,0.000000,3.401396,0.001725,0.568307,-1.999138,-0.000509,0.034772,0.434126,0.434126,-0.428037,-0.428037,0.514118,0.513160,-0.353162,-0.354196,0.308065,0.163032
6.302000,1.397999,0.000180,0.593700,-1.999999,-0.000257,0.000000,0.000128,0.000000,3.377453,0.001719,0.568824,-1.994349,-0.000624,0.049740,0.432987,0.432987,-0.426898,-0.426898,0.513040,0.511900,-0.351858,-0.352922,0.306689,0.162928
6.314000,1.373999,0.000177,0.593700,-1.999999,-0.000256,0.000000,0.000128,0.000000,3.353508,0.001720,0.569252,-1.994232,0.000568,0.047787,0.431888,0.431888,-0.425799,-0.425799,0.512082,0.510710,-0.350706,-0.351622,0.305384,0.162802
6.326000,1.349999,0.000174,0.593700,-1.999999,-0.000257,0.000000,0.000128,0.000000,3.329555,0.001710,0.569744,-1.999108,-0.001515,0.030472,0.430827,0.430827,-0.424738,-0.424738,0.511156,0.509616,-0.349621,-0.350296,0.304022,0.162644
6.338000,1.325999,0.000170,0.593700,-1.999998,-0.000256,0.000000,0.000128,0.000000,3.305645,0.001758,0.570136,-1.989929,0.001001,0.061257,0.429804,0.429804,-0.423714,-0.423714,0.510151,0.508530,-0.348435,-0.348616,0.302652,0.162515
6.350000,1.301999,0.000167,0.593700,-2.000000,-0.000256,0.000000,0.000128,0.000000,3.281728,0.001736,0.570576,-1.993783,-0.002317,0.044851,0.428816,0.428816,-0.422726,-0.422726,0.509165,0.507533,-0.347426,-0.347279,0.301289,0.162401
6.362000,1.277999,0.000164,0.593700,-1.999999,-0.000257,0.000000,0.000128,0.000000,3.257840,0.001683,0.570987,-1.992101,-0.003989,0.036458,0.427862,0.427862,-0.421773,-0.421773,0.508088,0.506711,-0.346390,-0.346234,0.300173,0.162415
6.374000,1.253999,0.000161,0.593700,-1.999999,-0.000257,0.000000,0.000128,0.000000,3.233993,0.001663,0.571392,-1.989057,-0.001595,0.040512,0.426942,0.426942,-0.420853,-0.420853,0.507016,0.505852,-0.345425,-0.345214,0.299079,0.162331
6.386000,1.229999,0.000158,0.593700,-1.999999,-0.000257,0.000000,0.000128,0.000000,3.210131,0.001663,0.571941,-1.990019,-0.000663,0.033403,0.426055,0.426055,-0.419965,-0.419965,0.505986,0.504979,-0.344527,-0.344319,0.297963,0.162156
6.398000,1.205999,0.000155,0.593700,-2.000000,-0.000256,0.000000,0.000128,0.000000,3.186246,0.001685,0.572425,-1.990696,0.003201,0.040860,0.425198,0.425198,-0.419108,-0.419108,0.505118,0.504154,-0.343716,-0.343534,0.296877,0.161987
6.410000,1.181999,0.000152,0.593700,-2.000000,-0.000256,0.000000,0.000128,0.000000,3.162357,0.001653,0.572939,-1.992960,-0.001048,0.023323,0.424371,0.424371,-0.418282,-0.418282,0.504178,0.503281,-0.343025,-0.342778,0.295949,0.161846
6.422000,1.157999,0.000149,0.593700,-2.000000,-0.000256,0.000000,0.000128,0.000000,3.138435,0.001680,0.573410,-1.992941,0.000269,0.057722,0.423573,0.423573,-0.417484,-0.417484,0.503265,0.502465,-0.342262,-0.342017,0.294966,0.161661
6.432000,1.137999,0.000146,0.593700,-2.000000,-0.000256,0.000000,0.000128,0.000000,3.118487,0.001680,0.573678,-1.996386,-0.000174,0.029885,0.422929,0.422929,-0.416840,-0.416840,0.502584,0.501852,-0.341558,-0.341349,0.294183,0.161572
6.444000,1.113999,0.000143,0.593700,-2.000000,-0.000256,0.000000,0.000128,0.000000,3.094547,0.001683,0.574309,-1.994816,0.000335,0.038185,0.422182,0.422182,-0.416092,-0.416092,0.501657,0.500973,-0.340767,-0.340627,0.293205,0.161410
6.456000,1.089999,0.000140,0.593700,-2.000000,-0.000256,0.000000,0.000128,0.000000,3.070526,0.001656,0.574576,-2.001829,-0.001083,0.021788,0.421460,0.421460,-0.415371,-0.415371,0.500809,0.500214,-0.339863,-0.339890,0.292296,0.161363
6.468000,1.065999,0.000137,0.593700,-2.000000,-0.000256,0.000000,0.000128,0.000000,3.046543,0.001641,0.575117,-1.997992,-0.001061,0.045556,0.420764,0.420764,-0.414675,-0.414675,0.499930,0.499398,-0.338972,-0.339124,0.291273,0.161214
6.480000,1.041999,0.000134,0.593700,-1.999999,-0.000257,0.000000,0.000128,0.000000,3.022529,0.001658,0.575509,-2.001263,0.000739,0.019572,0.420092,0.420092,-0.414003,-0.414003,0.499001,0.498597,-0.338117,-0.338279,0.290327,0.161034
6.492000,1.017999,0.000131,0.593700,-1.999999,-0.000256,0.000000,0.000128,0.000000,2.998443,0.001618,0.575770,-2.008334,-0.002785,-0.000720,0.419444,0.419444,-0.413355,-0.413355,0.498225,0.497776,-0.337276,-0.337613,0.289498,0.161075
6.504000,0.993999,0.000128,0.593700,-2.000000,-0.000256,0.000000,0.000128,0.000000,2.974407,0.001615,0.576216,-2.002664,-0.000560,0.023015,0.418818,0.418818,-0.412729,-0.412729,0.497388,0.497006,-0.336455,-0.336934,0.288642,0.160919
6.516000,0.969999,0.000125,0.593700,-1.999999,-0.000257,0.000000,0.000128,0.000000,2.950349,0.001641,0.576641,-2.003820,0.001507,0.026389,0.418214,0.418214,-0.412125,-0.412125,0.496549,0.496216,-0.335734,-0.336227,0.287803,0.160717
6.528000,0.945999,0.000122,0.593700,-1.999999,-0.000257,0.000000,0.000128,0.000000,2.926288,0.001623,0.576885,-2.004104,-0.000860,0.030153,0.417632,0.417632,-0.411542,-0.411542,0.495852,0.495433,-0.334956,-0.335555,0.287051,0.160719
6.540000,0.921999,0.000119,0.593700,-1.999999,-0.000257,0.000000,0.000128,0.000000,2.902220,0.001632,0.577164,-2.005917,0.001358,0.015856,0.417069,0.417069,-0.410980,-0.410980,0.495158,0.494757,-0.334251,-0.334846,0.286290,0.160547
6.552000,0.897999,0.000116,0.593700,-1.999999,-0.000257,0.000000,0.000128,0.000000,2.878152,0.001636,0.577731,-2.003490,0.000124,0.034029,0.416527,0.416527,-0.410437,-0.410437,0.494452,0.494066,-0.333598,-0.334303,0.285442,0.160416
6.564000,0.873999,0.000113,0.593700,-2.000000,-0.000256,0.000000,0.000128,0.000000,2.854098,0.001604,0.577908,-2.003895,-0.001524,0.018390,0.416003,0.416003,-0.409914,-0.409914,0.493804,0.493306,-0.332843,-0.333698,0.284910,0.160455
6.576000,0.849999,0.000109,0.593700,-2.000000,-0.000256,0.000000,0.000128,0.000000,2.830037,0.001607,0.578200,-2.004330,0.000242,0.023814,0.415498,0.415498,-0.409408,-0.409408,0.493206,0.492623,-0.332263,-0.333189,0.284271,0.160357
6.588000,0.825999,0.000106,0.593700,-2.000000,-0.000256,0.000000,0.000128,0.000000,2.805975,0.001627,0.578409,-2.004015,0.001291,0.022842,0.415010,0.415010,-0.408920,-0.408920,0.492595,0.491992,-0.331573,-0.332600,0.283734,0.160262
6.600000,0.801999,0.000103,0.593700,-2.000000,-0.000256,0.000000,0.000128,0.000000,2.781931,0.001602,0.578774,-2.002586,-0.000569,0.024994,0.414539,0.414539,-0.408450,-0.408450,0.492101,0.491334,-0.330946,-0.332101,0.283042,0.160219
6.612000,0.777999,0.000100,0.593700,-2.000000,-0.000256,0.000000,0.000128,0.000000,2.757905,0.001604,0.578954,-2.001308,-0.000505,0.025869,0.414085,0.414085,-0.407995,-0.407995,0.491664,0.490780,-0.330413,-0.331545,0.282538,0.160165
6.624000,0.753999,0.000097,0.593700,-2.000000,-0.000256,0.000000,0.000128,0.000000,2.733904,0.001608,0.579248,-1.999159,0.000198,0.027648,0.413646,0.413646,-0.407557,-0.407557,0.491192,0.490283,-0.329891,-0.330956,0.281939,0.160054
6.636000,0.729999,0.000094,0.593700,-2.000000,-0.000256,0.000000,0.000128,0.000000,2.709930,0.001602,0.579620,-1.996125,-0.000577,0.038726,0.413223,0.413223,-0.407134,-0.407134,0.490807,0.489738,-0.329498,-0.330568,0.281417,0.160020
6.648000,0.705999,0.000091,0.593700,-2.000000,-0.000256,0.000000,0.000128,0.000000,2.685981,0.001602,0.579630,-1.996800,-0.000463,0.014527,0.412815,0.412815,-0.406726,-0.406726,0.490460,0.489305,-0.329004,-0.330094,0.281127,0.160055
6.660000,0.681999,0.000088,0.593700,-2.000000,-0.000256,0.000000,0.000128,0.000000,2.662008,0.001625,0.579922,-1.999022,0.001865,0.000406,0.412421,0.412421,-0.406332,-0.406332,0.490083,0.488862,-0.328596,-0.329525,0.280644,0.159942
6.672000,0.657999,0.000085,0.593700,-2.000000,-0.000256,0.000000,0.000128,0.000000,2.638108,0.001625,0.580386,-1.992074,0.000070,0.042632,0.412041,0.412041,-0.405952,-0.405952,0.489782,0.488508,-0.328306,-0.329247,0.279964,0.159818
6.682000,0.637999,0.000082,0.593700,-1.999999,-0.000257,0.000000,0.000128,0.000000,2.618209,0.001604,0.580521,-1.992551,-0.001457,0.006829,0.411734,0.411734,-0.405645,-0.405645,0.489428,0.488273,-0.328004,-0.328834,0.279701,0.159813
6.694000,0.613999,0.000079,0.593700,-2.000000,-0.000256,0.000000,0.000128,0.000000,2.594317,0.001610,0.580947,-1.990272,-0.000532,0.026563,0.411378,0.411378,-0.405289,-0.405289,0.489127,0.487949,-0.327755,-0.328528,0.279161,0.159703
6.706000,0.589999,0.000076,0.593700,-2.000000,-0.000257,0.000000,0.000128,0.000000,2.570448,0.001581,0.581131,-1.990796,-0.002147,0.025357,0.411034,0.411034,-0.404945,-0.404945,0.488809,0.487661,-0.327395,-0.328128,0.278819,0.159710
6.718000,0.566000,0.000073,0.593700,-2.000000,-0.000256,0.000000,0.000128,0.000000,2.546604,0.001608,0.581464,-1.988764,0.001756,0.027483,0.410703,0.410703,-0.404613,-0.404613,0.488470,0.487416,-0.327176,-0.327804,0.278370,0.159561
6.730000,0.542000,0.000070,0.593700,-2.000000,-0.000256,0.000000,0.000128,0.000000,2.522683,0.001621,0.582046,-1.996724,0.004577,0.025617,0.410382,0.410382,-0.404293,-0.404293,0.488071,0.487144,-0.327086,-0.327432,0.277865,0.159317
6.742000,0.518000,0.000067,0.593700,-2.000000,-0.000256,0.000000,0.000128,0.000000,2.498798,0.001624,0.582043,-1.991033,0.000544,0.032655,0.410074,0.410074,-0.403984,-0.403984,0.487918,0.486971,-0.326715,-0.326665,0.277379,0.159359
6.754000,0.494000,0.000064,0.593700,-2.000000,-0.000256,0.000000,0.000128,0.000000,2.474967,0.001625,0.582450,-1.986551,0.000210,0.030339,0.409775,0.409775,-0.403686,-0.403686,0.487584,0.486790,-0.326506,-0.326273,0.276863,0.159267
6.766000,0.470000,0.000061,0.593700,-2.000000,-0.000256,0.000000,0.000128,0.000000,2.451116,0.001619,0.582711,-1.989460,-0.000501,0.017726,0.409488,0.409488,-0.403398,-0.403398,0.487298,0.486520,-0.326387,-0.325908,0.276516,0.159177
6.778000,0.446000,0.000058,0.593700,-2.000000,-0.000256,0.000000,0.000128,0.000000,2.427244,0.001613,0.583147,-1.990120,-0.000696,0.027228,0.409210,0.409210,-0.403121,-0.403121,0.486919,0.486206,-0.326289,-0.325748,0.276154,0.159068
6.790000,0.422000,0.000055,0.593700,-2.000000,-0.000256,0.000000,0.000128,0.000000,2.403338,0.001608,0.583402,-1.993683,-0.000122,0.017678,0.408942,0.408942,-0.402853,-0.402853,0.486572,0.485900,-0.326198,-0.325502,0.275835,0.158968
6.802000,0.398000,0.000052,0.593700,-2.000000,-0.000256,0.000000,0.000128,0.000000,2.379389,0.001601,0.583645,-1.998027,-0.000741,0.007594,0.408683,0.408683,-0.402594,-0.402594,0.486214,0.485645,-0.325995,-0.325302,0.275499,0.158886
6.814000,0.374000,0.000048,0.593700,-2.000000,-0.000256,0.000000,0.000128,0.000000,2.355422,0.001598,0.584083,-1.997203,-0.000099,0.027703,0.408434,0.408434,-0.402344,-0.402344,0.485805,0.485357,-0.325813,-0.325105,0.275069,0.158756
6.826000,0.350000,0.000045,0.593700,-2.000000,-0.000256,0.000000,0.000128,0.000000,2.331422,0.001587,0.584273,-1.999927,-0.000744,0.022979,0.408193,0.408193,-0.402104,-0.402104,0.485456,0.485022,-0.325444,-0.324781,0.274729,0.158714
6.838000,0.326000,0.000042,0.593700,-2.000000,-0.000256,0.000000,0.000128,0.000000,2.307404,0.001585,0.584674,-2.000113,-0.000541,0.032207,0.407961,0.407961,-0.401871,-0.401871,0.485059,0.484749,-0.325160,-0.324589,0.274254,0.158569
6.850000,0.302000,0.000039,0.593700,-1.999999,-0.000257,0.000000,0.000128,0.000000,2.283347,0.001602,0.584810,-2.002611,0.000851,0.024398,0.407736,0.407736,-0.401647,-0.401647,0.484712,0.484425,-0.324802,-0.324238,0.273947,0.158491
6.862000,0.278000,0.000036,0.593700,-2.000000,-0.000256,0.000000,0.000128,0.000000,2.259291,0.001567,0.584957,-2.004585,-0.001712,0.018399,0.407520,0.407520,-0.401431,-0.401431,0.484443,0.484096,-0.324443,-0.323959,0.273572,0.158516
6.874000,0.254000,0.000033,0.593700,-2.000000,-0.000256,0.000000,0.000128,0.000000,2.235225,0.001560,0.585294,-2.003425,-0.001777,0.023661,0.407311,0.407311,-0.401222,-0.401222,0.484162,0.483759,-0.324121,-0.323679,0.273206,0.158428
6.886000,0.230000,0.000030,0.593700,-1.999999,-0.000257,0.000000,0.000128,0.000000,2.211142,0.001585,0.585460,-2.006290,0.001181,0.000393,0.407109,0.407109,-0.401020,-0.401020,0.483843,0.483470,-0.323775,-0.323456,0.272915,0.158326
6.898000,0.206000,0.000027,0.593700,-2.000000,-0.000257,0.000000,0.000128,0.000000,2.187055,0.001582,0.585682,-2.004426,0.002214,0.030268,0.406915,0.406915,-0.400826,-0.400826,0.483650,0.483130,-0.323469,-0.323308,0.272525,0.158273
6.910000,0.182000,0.000024,0.593700,-2.000000,-0.000256,0.000000,0.000128,0.000000,2.162994,0.001543,0.585716,-2.004947,-0.004139,0.006180,0.406727,0.406727,-0.400638,-0.400638,0.483395,0.482845,-0.323030,-0.323030,0.272325,0.158317
6.922000,0.158000,0.000021,0.593700,-2.000000,-0.000256,0.000000,0.000128,0.000000,2.138927,0.001530,0.585956,-2.005147,-0.004192,0.008116,0.406546,0.406546,-0.400457,-0.400457,0.483183,0.482523,-0.322630,-0.322821,0.271911,0.158249
6.932000,0.138000,0.000018,0.593700,-2.000000,-0.000256,0.000000,0.000128,0.000000,2.118886,0.001516,0.586152,-2.003802,-0.005139,0.003266,0.406400,0.406400,-0.400311,-0.400311,0.483009,0.482315,-0.322355,-0.322695,0.271681,0.158201
6.944000,0.114000,0.000015,0.593700,-2.000000,-0.000256,0.000000,0.000128,0.000000,2.094831,0.001518,0.586239,-2.004146,-0.000407,0.004854,0.406230,0.406230,-0.400141,-0.400141,0.482838,0.482080,-0.322001,-0.322516,0.271435,0.158194
6.956000,0.090000,0.000012,0.593700,-2.000000,-0.000256,0.000000,0.000128,0.000000,2.070794,0.001509,0.586411,-2.002083,-0.001042,0.010353,0.406066,0.406066,-0.399977,-0.399977,0.482695,0.481886,-0.321726,-0.322401,0.271201,0.158161
6.968000,0.066000,0.000009,0.593700,-2.000000,-0.000256,0.000000,0.000128,0.000000,2.046779,0.001511,0.586492,-2.001609,0.000276,0.004250,0.405908,0.405908,-0.399819,-0.399819,0.482514,0.481741,-0.321498,-0.322145,0.271046,0.158119
6.980000,0.042000,0.000006,0.593700,-2.000000,-0.000256,0.000000,0.000128,0.000000,2.022780,0.001496,0.586784,-1.997369,-0.001425,0.038137,0.405756,0.405756,-0.399666,-0.399666,0.482439,0.481551,-0.321356,-0.322076,0.270760,0.158088
6.992000,0.018000,0.000003,0.593700,-2.000000,-0.000256,0.000000,0.000128,0.000000,1.998817,0.001498,0.586654,-1.998403,-0.000201,-0.001300,0.405609,0.405609,-0.399519,-0.399519,0.482385,0.481491,-0.321115,-0.321916,0.270755,0.158153
7.004000,-0.000000,0.000000,0.593700,0.000000,0.000000,0.000000,0.000128,0.000000,1.974864,0.001504,0.587015,-1.995034,0.000448,0.024948,0.405468,0.405468,-0.399379,-0.399379,0.482304,0.481362,-0.320957,-0.321840,0.270484,0.158047
7.016000,-0.000000,0.000000,0.593700,0.000000,0.000000,0.000000,0.000128,0.000000,1.950995,0.001494,0.587281,-1.985703,-0.001122,0.031635,0.405360,0.405360,-0.399271,-0.399271,0.482269,0.481323,-0.320937,-0.321740,0.270292,0.157945
7.028000,-0.000000,0.000000,0.593700,0.000000,0.000000,0.000000,0.000128,0.000000,1.927322,0.001486,0.587319,-1.970530,-0.001038,0.010985,0.405309,0.405309,-0.399220,-0.399220,0.482335,0.481309,-0.320664,-0.321488,0.270123,0.157964
7.040000,-0.000000,0.000000,0.593700,0.000000,0.000000,0.000000,0.000128,0.000000,1.903795,0.001489,0.587434,-1.956523,0.000223,0.002560,0.405316,0.405316,-0.399227,-0.399227,0.482423,0.481360,-0.320237,-0.321088,0.269756,0.157946
7.052000,-0.000000,0.000000,0.593700,0.000000,0.000000,0.000000,0.000128,0.000000,1.880623,0.001479,0.587516,-1.930593,-0.000372,0.002705,0.405381,0.405381,-0.399292,-0.399292,0.482634,0.481235,-0.319715,-0.320401,0.269296,0.157927
7.064000,-0.000000,0.000000,0.593700,0.000000,0.000000,0.000000,0.000128,0.000000,1.857732,0.001491,0.587656,-1.905291,-0.000034,-0.011975,0.405503,0.405503,-0.399414,-0.399414,0.482632,0.481345,-0.319220,-0.319735,0.268782,0.157836
7.076000,-0.000000,0.000000,0.593700,0.000000,0.000000,0.000000,0.000128,0.000000,1.835136,0.001499,0.587738,-1.877019,-0.000037,0.010554,0.405683,0.405683,-0.399593,-0.399593,0.482502,0.481588,-0.318584,-0.319178,0.268213,0.157865
7.088000,-0.000000,0.000000,0.593700,0.000000,0.000000,0.000000,0.000128,0.000000,1.812737,0.001501,0.587869,-1.853886,0.000245,0.013147,0.405918,0.405918,-0.399829,-0.399829,0.482447,0.481928,-0.318186,-0.318483,0.267701,0.157760
7.100000,-0.000000,0.000000,0.593700,0.000000,0.000000,0.000000,0.000128,0.000000,1.790611,0.001493,0.588006,-1.830408,-0.000402,0.003524,0.406210,0.406210,-0.400121,-0.400121,0.482615,0.482146,-0.317859,-0.318098,0.267319,0.157760
7.112000,-0.000000,0.000000,0.593700,0.000000,0.000000,0.000000,0.000128,0.000000,1.768833,0.001494,0.588104,-1.801048,0.000232,0.010636,0.406562,0.406562,-0.400472,-0.400472,0.482798,0.482383,-0.317695,-0.317755,0.267056,0.157719
7.124000,-0.000000,0.000000,0.593700,0.000000,0.000000,0.000000,0.000128,0.000000,1.747432,0.001492,0.588160,-1.769856,-0.000217,0.005677,0.406971,0.406971,-0.400881,-0.400881,0.482983,0.482640,-0.317647,-0.317652,0.266980,0.157688
7.136000,-0.000000,0.000000,0.593700,0.000000,0.000000,0.000000,0.000128,0.000000,1.726403,0.001487,0.588186,-1.738324,-0.000428,0.010350,0.407438,0.407438,-0.401348,-0.401348,0.483176,0.482817,-0.317747,-0.317711,0.267006,0.157686
7.148000,-0.000000,0.000000,0.593700,0.000000,0.000000,0.000000,0.000128,0.000000,1.706055,0.001503,0.588146,-1.699672,0.000565,-0.006854,0.407962,0.407962,-0.401873,-0.401873,0.483133,0.482834,-0.318079,-0.317929,0.267340,0.157663
7.160000,-0.000000,0.000000,0.593700,0.000000,0.000000,0.000000,0.000128,0.000000,1.685728,0.001507,0.588402,-1.678448,0.000046,0.010186,0.408543,0.408543,-0.402454,-0.402454,0.483152,0.482887,-0.318643,-0.318454,0.267591,0.157570
7.172000,-0.000000,0.000000,0.593700,0.000000,0.000000,0.000000,0.000128,0.000000,1.665750,0.001507,0.588418,-1.651152,0.000187,-0.002844,0.409182,0.409182,-0.403093,-0.403093,0.483192,0.482939,-0.319170,-0.318971,0.268108,0.157587
7.182000,-0.000000,0.000000,0.593700,0.000000,0.000000,0.000000,0.000128,0.000000,1.649393,0.001506,0.588432,-1.624168,0.000160,0.001033,0.409760,0.409760,-0.403670,-0.403670,0.483249,0.483036,-0.319772,-0.319461,0.268523,0.157542
7.194000,-0.000000,0.000000,0.593700,0.000000,0.000000,0.000000,0.000128,0.000000,1.630117,0.001504,0.588505,-1.591560,-0.000034,0.003091,0.410495,0.410495,-0.404406,-0.404406,0.483306,0.483104,-0.320542,-0.320257,0.269154,0.157508
7.206000,-0.000000,0.000000,0.593700,0.000000,0.000000,0.000000,0.000128,0.000000,1.611231,0.001502,0.588511,-1.559023,-0.000067,-0.001596,0.411276,0.411276,-0.405187,-0.405187,0.483370,0.483096,-0.321364,-0.321153,0.269889,0.157518
7.218000,-0.000000,0.000000,0.593700,0.000000,0.000000,0.000000,0.000128,0.000000,1.592731,0.001506,0.588260,-1.527859,0.000391,-0.017061,0.412104,0.412104,-0.406015,-0.406015,0.483392,0.483133,-0.322197,-0.322087,0.270908,0.157595
7.230000,-0.000000,0.000000,0.593700,0.000000,0.000000,0.000000,0.000128,0.000000,1.574639,0.001511,0.588315,-1.491656,0.000546,0.000112,0.412965,0.412965,-0.406876,-0.406876,0.483386,0.483144,-0.323452,-0.323324,0.271930,0.157530
7.242000,-0.000000,0.000000,0.593700,0.000000,0.000000,0.000000,0.000128,0.000000,1.556927,0.001513,0.588267,-1.459926,0.000362,-0.000649,0.413863,0.413863,-0.407773,-0.407773,0.483457,0.483127,-0.324931,-0.324890,0.273197,0.157550
7.254000,-0.000000,0.000000,0.593700,0.000000,0.000000,0.000000,0.000128,0.000000,1.539601,0.001518,0.588079,-1.431159,0.000314,-0.022801,0.414816,0.414816,-0.408727,-0.408727,0.483487,0.483099,-0.326438,-0.326539,0.274741,0.157598
7.266000,-0.000000,0.000000,0.593700,0.000000,0.000000,0.000000,0.000128,0.000000,1.522658,0.001523,0.587951,-1.397920,0.000315,-0.015939,0.415828,0.415828,-0.409738,-0.409738,0.483540,0.483083,-0.328022,-0.328304,0.276265,0.157629
7.278000,-0.000000,0.000000,0.593700,0.000000,0.000000,0.000000,0.000128,0.000000,1.506107,0.001524,0.587842,-1.364153,0.000076,-0.011709,0.416894,0.416894,-0.410805,-0.410805,0.483631,0.483044,-0.329731,-0.330215,0.277860,0.157671
7.290000,-0.000000,0.000000,0.593700,0.000000,0.000000,0.000000,0.000128,0.000000,1.489956,0.001534,0.587595,-1.329933,0.000773,-0.010221,0.418018,0.418018,-0.411929,-0.411929,0.483733,0.483105,-0.331583,-0.332077,0.279544,0.157695
7.302000,-0.000000,0.000000,0.593700,0.000000,0.000000,0.000000,0.000128,0.000000,1.474399,0.001541,0.587220,-1.287975,0.000941,-0.031655,0.419189,0.419189,-0.413099,-0.413099,0.483780,0.483016,-0.333371,-0.333985,0.281428,0.157788
7.314000,-0.000000,0.000000,0.593700,0.000000,0.000000,0.000000,0.000128,0.000000,1.459063,0.001545,0.586887,-1.262938,0.000705,-0.030255,0.420408,0.420408,-0.414319,-0.414319,0.483801,0.483008,-0.335246,-0.335900,0.283274,0.157863
7.326000,-0.000000,0.000000,0.593700,0.000000,0.000000,0.000000,0.000128,0.000000,1.444121,0.001550,0.586574,-1.231023,0.000781,-0.033278,0.421687,0.421687,-0.415598,-0.415598,0.483954,0.483098,-0.337213,-0.337973,0.285189,0.157965
7.338000,-0.000000,0.000000,0.593700,0.000000,0.000000,0.000000,0.000128,0.000000,1.429597,0.001556,0.586152,-1.195512,0.000839,-0.033305,0.423025,0.423025,-0.416936,-0.416936,0.484191,0.483257,-0.339214,-0.340122,0.287226,0.158083
7.350000,-0.000000,0.000000,0.593700,0.000000,0.000000,0.000000,0.000128,0.000000,1.415600,0.001561,0.585756,-1.152708,0.000226,-0.021676,0.424415,0.424415,-0.418325,-0.418325,0.484354,0.483437,-0.341229,-0.342317,0.289269,0.158187
7.362000,-0.000000,0.000000,0.593700,0.000000,0.000000,0.000000,0.000128,0.000000,1.401932,0.001567,0.585264,-1.122280,0.000237,-0.030255,0.425853,0.425853,-0.419764,-0.419764,0.484526,0.483675,-0.343410,-0.344486,0.291439,0.158307
7.374000,-0.000000,0.000000,0.593700,0.000000,0.000000,0.000000,0.000128,0.000000,1.388687,0.001572,0.584730,-1.087477,0.000266,-0.034132,0.427353,0.427353,-0.421263,-0.421263,0.484801,0.483987,-0.345581,-0.346779,0.293671,0.158443
7.386000,-0.000000,0.000000,0.593700,0.000000,0.000000,0.000000,0.000128,0.000000,1.376265,0.001571,0.584094,-1.025507,-0.000313,-0.051228,0.428909,0.428909,-0.422820,-0.422820,0.485086,0.484222,-0.347960,-0.349204,0.296094,0.158607
7.398000,-0.000000,0.000000,0.593700,0.000000,0.000000,0.000000,0.000128,0.000000,1.363882,0.001560,0.583481,-1.013302,-0.000450,-0.046160,0.430526,0.430526,-0.424437,-0.424437,0.485420,0.484462,-0.350540,-0.351841,0.298697,0.158797
7.410000,-0.000000,0.000000,0.593700,0.000000,0.000000,0.000000,0.000128,0.000000,1.351875,0.001564,0.582851,-0.985627,0.000717,-0.052192,0.432208,0.432208,-0.426118,-0.426118,0.485920,0.484854,-0.353094,-0.354403,0.301338,0.158983
7.422000,-0.000000,0.000000,0.593700,0.000000,0.000000,0.000000,0.000128,0.000000,1.340302,0.001567,0.582143,-0.948570,0.000609,-0.052043,0.433955,0.433955,-0.427865,-0.427865,0.486511,0.485360,-0.355616,-0.356939,0.303951,0.159175
7.434000,-0.000000,0.000000,0.593700,0.000000,0.000000,0.000000,0.000128,0.000000,1.329188,0.001571,0.581331,-0.909960,0.000311,-0.056349,0.435764,0.435764,-0.429675,-0.429675,0.487183,0.485972,-0.358123,-0.359527,0.306624,0.159398
7.446000,-0.000000,0.000000,0.593700,0.000000,0.000000,0.000000,0.000128,0.000000,1.318539,0.001578,0.580540,-0.871979,0.000376,-0.066804,0.437628,0.437628,-0.431539,-0.431539,0.487853,0.486604,-0.360795,-0.362112,0.309433,0.159596
7.456000,-0.000000,0.000000,0.593700,0.000000,0.000000,0.000000,0.000128,0.000000,1.310017,0.001582,0.579832,-0.840179,0.000395,-0.067600,0.439228,0.439228,-0.433139,-0.433139,0.488484,0.487105,-0.363023,-0.364382,0.311840,0.159820
7.468000,-0.000000,0.000000,0.593700,0.000000,0.000000,0.000000,0.000128,0.000000,1.300215,0.001589,0.579031,-0.802546,0.000447,-0.072683,0.441210,0.441210,-0.435121,-0.435121,0.489224,0.487839,-0.365880,-0.367330,0.314759,0.160025
7.480000,-0.000000,0.000000,0.593700,0.000000,0.000000,0.000000,0.000128,0.000000,1.290860,0.001596,0.577996,-0.766698,0.000445,-0.088914,0.443261,0.443261,-0.437172,-0.437172,0.489984,0.488579,-0.368570,-0.369947,0.317804,0.160301
7.492000,-0.000000,0.000000,0.593700,0.000000,0.000000,0.000000,0.000128,0.000000,1.281991,0.001602,0.577064,-0.721891,0.000601,-0.075696,0.445379,0.445379,-0.439289,-0.439289,0.490836,0.489396,-0.371409,-0.372788,0.320742,0.160557
7.504000,-0.000000,0.000000,0.593700,0.000000,0.000000,0.000000,0.000128,0.000000,1.273584,0.001607,0.576146,-0.684800,0.000544,-0.082292,0.447555,0.447555,-0.441466,-0.441466,0.491671,0.490255,-0.374536,-0.375841,0.323950,0.160803
7.516000,-0.000000,0.000000,0.593700,0.000000,0.000000,0.000000,0.000128,0.000000,1.266092,0.001609,0.575040,-0.628333,0.000024,-0.091137,0.449804,0.449804,-0.443714,-0.443714,0.492372,0.490985,-0.377814,-0.379098,0.327486,0.161098
7.528000,-0.000000,0.000000,0.593700,0.000000,0.000000,0.000000,0.000128,0.000000,1.258552,0.001611,0.573887,-0.611452,0.000166,-0.095763,0.452125,0.452125,-0.446035,-0.446035,0.493204,0.491867,-0.381088,-0.382423,0.331135,0.161433
7.540000,-0.000000,0.000000,0.593700,0.000000,0.000000,0.000000,0.000128,0.000000,1.251435,0.001614,0.572704,-0.577656,0.000121,-0.103450,0.454518,0.454518,-0.448428,-0.448428,0.494204,0.492975,-0.384324,-0.385618,0.334670,0.161746
7.552000,-0.000000,0.000000,0.593700,0.000000,0.000000,0.000000,0.000128,0.000000,1.244801,0.001617,0.571498,-0.536894,0.000381,-0.102451,0.456984,0.456984,-0.450894,-0.450894,0.495357,0.494062,-0.387500,-0.388732,0.338218,0.162104
7.564000,-0.000000,0.000000,0.593700,0.000000,0.000000,0.000000,0.000128,0.000000,1.238664,0.001623,0.570231,-0.495172,0.000463,-0.106127,0.459524,0.459524,-0.453434,-0.453434,0.496458,0.495313,-0.390800,-0.391923,0.341889,0.162441
7.576000,-0.000000,0.000000,0.593700,0.000000,0.000000,0.000000,0.000128,0.000000,1.233027,0.001626,0.568877,-0.453700,0.000322,-0.115241,0.462138,0.462138,-0.456049,-0.456049,0.497716,0.496597,-0.394186,-0.395189,0.345678,0.162821
7.588000,-0.000000,0.000000,0.593700,0.000000,0.000000,0.000000,0.000128,0.000000,1.227897,0.001630,0.567540,-0.410646,0.000357,-0.113378,0.464828,0.464828,-0.458739,-0.458739,0.499055,0.497813,-0.397624,-0.398552,0.349554,0.163215
7.600000,-0.000000,0.000000,0.593700,0.000000,0.000000,0.000000,0.000128,0.000000,1.223267,0.001636,0.566119,-0.369237,0.000461,-0.122866,0.467593,0.467593,-0.461504,-0.461504,0.500361,0.499117,-0.401285,-0.402136,0.353692,0.163615
7.612000,-0.000000,0.000000,0.593700,0.000000,0.000000,0.000000,0.000128,0.000000,1.219141,0.001641,0.564654,-0.327092,0.000368,-0.124497,0.470432,0.470432,-0.464343,-0.464343,0.501608,0.500595,-0.405054,-0.405816,0.357969,0.164020
7.624000,-0.000000,0.000000,0.593700,0.000000,0.000000,0.000000,0.000128,0.000000,1.215520,0.001646,0.563110,-0.285344,0.000469,-0.130437,0.473347,0.473347,-0.467258,-0.467258,0.503028,0.502118,-0.408996,-0.409667,0.362471,0.164462
7.636000,-0.000000,0.000000,0.593700,0.000000,0.000000,0.000000,0.000128,0.000000,1.212409,0.001651,0.561555,-0.242307,0.000384,-0.131163,0.476338,0.476338,-0.470249,-0.470249,0.504635,0.503638,-0.413013,-0.413626,0.367073,0.164912
7.648000,-0.000000,0.000000,0.593700,0.000000,0.000000,0.000000,0.000128,0.000000,1.209811,0.001655,0.559938,-0.199707,0.000341,-0.136956,0.479394,0.479394,-0.473305,-0.473305,0.506328,0.505134,-0.417178,-0.417723,0.371896,0.165381
7.660000,-0.000000,0.000000,0.593700,0.000000,0.000000,0.000000,0.000128,0.000000,1.207713,0.001658,0.558318,-0.159167,0.000050,-0.136845,0.482327,0.482327,-0.476238,-0.476238,0.508023,0.506594,-0.421437,-0.421920,0.376801,0.165855
7.672000,-0.000000,0.000000,0.593700,0.000000,0.000000,0.000000,0.000128,0.000000,1.206042,0.001658,0.556673,-0.125954,-0.000240,-0.139622,0.485003,0.485003,-0.478913,-0.478913,0.509585,0.507895,-0.425877,-0.426305,0.381911,0.166337
7.684000,-0.000000,0.000000,0.593700,0.000000,0.000000,0.000000,0.000128,0.000000,1.204722,0.001648,0.555014,-0.099159,-0.000866,-0.135735,0.487430,0.487430,-0.481341,-0.481341,0.510924,0.508938,-0.430394,-0.430787,0.387199,0.166853
7.696000,-0.000000,0.000000,0.593700,0.000000,0.000000,0.000000,0.000128,0.000000,1.203827,0.001645,0.553414,-0.067537,0.000131,-0.133635,0.489572,0.489572,-0.483482,-0.483482,0.511992,0.509677,-0.435031,-0.435315,0.392528,0.167317
7.706000,-0.000000,0.000000,0.593700,0.000000,0.000000,0.000000,0.000128,0.000000,1.203090,0.001653,0.552038,-0.065869,0.000160,-0.135698,0.491136,0.491136,-0.485047,-0.485047,0.512685,0.510063,-0.438957,-0.438946,0.396979,0.167722
7.718000,-0.000000,0.000000,0.593700,0.000000,0.000000,0.000000,0.000128,0.000000,1.202320,0.001646,0.550425,-0.059014,-0.000710,-0.131758,0.492749,0.492749,-0.486660,-0.486660,0.513384,0.510361,-0.443365,-0.443165,0.402147,0.168233
7.730000,-0.000000,0.000000,0.593700,0.000000,0.000000,0.000000,0.000128,0.000000,1.201680,0.001634,0.548860,-0.049541,-0.001033,-0.129037,0.494075,0.494075,-0.487985,-0.487985,0.513914,0.510483,-0.447390,-0.447080,0.406980,0.168721
7.742000,-0.000000,0.000000,0.593700,0.000000,0.000000,0.000000,0.000128,0.000000,1.201175,0.001622,0.547323,-0.038769,-0.001105,-0.127316,0.495112,0.495112,-0.489022,-0.489022,0.514261,0.510477,-0.451085,-0.450732,0.411526,0.169197
7.754000,-0.000000,0.000000,0.593700,0.000000,0.000000,0.000000,0.000128,0.000000,1.200798,0.001610,0.545825,-0.029030,-0.001114,-0.120307,0.495861,0.495861,-0.489772,-0.489772,0.514409,0.510357,-0.454393,-0.454012,0.415773,0.169671
7.766000,-0.000000,0.000000,0.593700,0.000000,0.000000,0.000000,0.000128,0.000000,1.200531,0.001597,0.544432,-0.020499,-0.001126,-0.112878,0.496322,0.496322,-0.490233,-0.490233,0.514344,0.510115,-0.457388,-0.457004,0.419638,0.170113
7.778000,-0.000000,0.000000,0.593700,0.000000,0.000000,0.000000,0.000128,0.000000,1.200342,0.001584,0.543123,-0.014936,-0.001102,-0.104837,0.496495,0.496495,-0.490406,-0.490406,0.514045,0.509739,-0.460068,-0.459674,0.423176,0.170533
7.790000,-0.000000,0.000000,0.593700,0.000000,0.000000,0.000000,0.000128,0.000000,1.200257,0.001578,0.541940,-0.008240,-0.000354,-0.097769,0.496381,0.496381,-0.490291,-0.490291,0.513492,0.509210,-0.462458,-0.462058,0.426338,0.170895
7.802000,-0.000000,0.000000,0.593700,0.000000,0.000000,0.000000,0.000128,0.000000,1.200153,0.001570,0.540789,-0.008845,-0.000784,-0.089761,0.495978,0.495978,-0.489889,-0.489889,0.512693,0.508556,-0.464539,-0.464107,0.429237,0.171276
7.814000,-0.000000,0.000000,0.593700,0.000000,0.000000,0.000000,0.000128,0.000000,1.200067,0.001558,0.539780,-0.007848,-0.000921,-0.078570,0.495287,0.495287,-0.489198,-0.489198,0.511626,0.507789,-0.466207,-0.465773,0.431669,0.171613
7.826000,-0.000000,0.000000,0.593700,0.000000,0.000000,0.000000,0.000128,0.000000,1.199998,0.001546,0.538908,-0.006495,-0.000817,-0.068204,0.494308,0.494308,-0.488219,-0.488219,0.510269,0.506907,-0.467489,-0.467060,0.433637,0.171904
7.838000,-0.000000,0.000000,0.593700,0.000000,0.000000,0.000000,0.000128,0.000000,1.199944,0.001537,0.538156,-0.005335,-0.000589,-0.058897,0.493042,0.493042,-0.486952,-0.486952,0.508597,0.505906,-0.468396,-0.467979,0.435171,0.172154
7.850000,-0.000000,0.000000,0.593700,0.000000,0.000000,0.000000,0.000128,0.000000,1.199898,0.001530,0.537482,-0.005063,-0.000501,-0.051541,0.491487,0.491487,-0.485398,-0.485398,0.506752,0.504728,-0.468937,-0.468538,0.436287,0.172384
7.862000,-0.000000,0.000000,0.593700,0.000000,0.000000,0.000000,0.000128,0.000000,1.199856,0.001524,0.536921,-0.004616,-0.000345,-0.042803,0.489644,0.489644,-0.483555,-0.483555,0.504836,0.503279,-0.469110,-0.468730,0.436967,0.172572
7.874000,-0.000000,0.000000,0.593700,0.000000,0.000000,0.000000,0.000128,0.000000,1.199820,0.001521,0.536468,-0.004126,-0.000278,-0.034514,0.487514,0.487514,-0.481425,-0.481425,0.502869,0.501490,-0.468921,-0.468555,0.437230,0.172722
7.886000,-0.000000,0.000000,0.593700,0.000000,0.000000,0.000000,0.000128,0.000000,1.199788,0.001517,0.536108,-0.003396,-0.000371,-0.027513,0.485164,0.485164,-0.479075,-0.479075,0.500839,0.499317,-0.468381,-0.468020,0.437093,0.172845
7.898000,-0.000000,0.000000,0.593700,0.000000,0.000000,0.000000,0.000128,0.000000,1.199760,0.001512,0.535808,-0.003068,-0.000383,-0.022328,0.482770,0.482770,-0.476680,-0.476680,0.498640,0.496874,-0.467554,-0.467192,0.436608,0.172952
7.910000,-0.000000,0.000000,0.593700,0.000000,0.000000,0.000000,0.000128,0.000000,1.199732,0.001508,0.535595,-0.002873,-0.000334,-0.015024,0.480405,0.480405,-0.474316,-0.474316,0.496224,0.494448,-0.466538,-0.466172,0.435852,0.173024
7.922000,-0.000000,0.000000,0.593700,0.000000,0.000000,0.000000,0.000128,0.000000,1.199706,0.001505,0.535469,-0.002831,-0.000266,-0.009536,0.478084,0.478084,-0.471995,-0.471995,0.493599,0.492139,-0.465402,-0.465037,0.434923,0.173068
7.934000,-0.000000,0.000000,0.593700,0.000000,0.000000,0.000000,0.000128,0.000000,1.199680,0.001500,0.535384,-0.003101,-0.000287,-0.004541,0.475807,0.475807,-0.469718,-0.469718,0.491023,0.489926,-0.464185,-0.463825,0.433849,0.173111
7.946000,-0.000000,0.000000,0.593700,0.000000,0.000000,0.000000,0.000128,0.000000,1.199671,0.001499,0.535404,-0.001587,0.000093,0.003385,0.473574,0.473574,-0.467485,-0.467485,0.488597,0.487672,-0.462896,-0.462546,0.432627,0.173094
7.956000,-0.000000,0.000000,0.593700,0.000000,0.000000,0.000000,0.000128,0.000000,1.199653,0.001503,0.535412,-0.002339,0.000069,0.002880,0.471746,0.471746,-0.465656,-0.465656,0.486706,0.485707,-0.461733,-0.461393,0.431566,0.173100
7.968000,-0.000000,0.000000,0.593700,0.000000,0.000000,0.000000,0.000128,0.000000,1.199634,0.001499,0.535474,-0.001780,-0.000381,0.007127,0.469590,0.469590,-0.463501,-0.463501,0.484498,0.483215,-0.460302,-0.459949,0.430209,0.173102
7.980000,-0.000000,0.000000,0.593700,0.000000,0.000000,0.000000,0.000128,0.000000,1.199614,0.001495,0.535592,-0.002119,-0.000324,0.012461,0.467476,0.467476,-0.461387,-0.461387,0.482233,0.480812,-0.458840,-0.458478,0.428752,0.173066
7.992000,-0.000000,0.000000,0.593700,0.000000,0.000000,0.000000,0.000128,0.000000,1.199592,0.001491,0.535790,-0.002217,-0.000239,0.017571,0.465403,0.465403,-0.459313,-0.459313,0.479846,0.478595,-0.457344,-0.456984,0.427213,0.173004
8.002000,-0.000000,0.000000,0.593700,0.000000,0.000000,0.000000,0.000128,0.000000,1.199574,0.001489,0.535977,-0.002732,-0.000265,0.018759,0.463705,0.463705,-0.457616,-0.457616,0.477808,0.476901,-0.456068,-0.455718,0.425894,0.172951
8.014000,-0.000000,0.000000,0.593700,0.000000,0.000000,0.000000,0.000128,0.000000,1.199552,0.001485,0.536232,-0.002746,-0.000173,0.022728,0.461704,0.461704,-0.455614,-0.455614,0.475525,0.474951,-0.454500,-0.454163,0.424229,0.172879
8.024000,-0.000000,0.000000,0.593700,0.000000,0.000000,0.000000,0.000128,0.000000,1.199536,0.001484,0.536485,-0.002240,-0.000126,0.025863,0.460065,0.460065,-0.453976,-0.453976,0.473775,0.473303,-0.453172,-0.452841,0.422789,0.172799
8.036000,-0.000000,0.000000,0.593700,0.000000,0.000000,0.000000,0.000128,0.000000,1.199522,0.001482,0.536823,-0.001337,-0.000173,0.028499,0.458134,0.458134,-0.452044,-0.452044,0.471848,0.471229,-0.451587,-0.451251,0.421043,0.172692
8.048000,-0.000000,0.000000,0.593700,0.000000,0.000000,0.000000,0.000128,0.000000,1.199511,0.001479,0.537195,-0.000592,-0.000345,0.031393,0.456240,0.456240,-0.450150,-0.450150,0.469975,0.469022,-0.450026,-0.449687,0.419291,0.172583
8.060000,-0.000000,0.000000,0.593700,0.000000,0.000000,0.000000,0.000128,0.000000,1.199496,0.001476,0.537573,-0.001513,-0.000249,0.032542,0.454384,0.454384,-0.448295,-0.448295,0.468047,0.466860,-0.448467,-0.448142,0.417530,0.172464
8.072000,-0.000000,0.000000,0.593700,0.000000,0.000000,0.000000,0.000128,0.000000,1.199460,0.001484,0.537985,-0.002971,0.000019,0.034908,0.452571,0.452571,-0.446481,-0.446481,0.466036,0.464880,-0.446803,-0.446515,0.415657,0.172316
8.084000,-0.000000,0.000000,0.593700,0.000000,0.000000,0.000000,0.000128,0.000000,1.199439,0.001481,0.538407,-0.002030,-0.000172,0.035220,0.450804,0.450804,-0.444715,-0.444715,0.463920,0.463067,-0.445102,-0.444824,0.413772,0.172191
8.096000,-0.000000,0.000000,0.593700,0.000000,0.000000,0.000000,0.000128,0.000000,1.199429,0.001478,0.538848,-0.001302,-0.000179,0.038245,0.449087,0.449087,-0.442998,-0.442998,0.461898,0.461396,-0.443469,-0.443189,0.411917,0.172062
8.108000,-0.000000,0.000000,0.593700,0.000000,0.000000,0.000000,0.000128,0.000000,1.199441,0.001463,0.539333,-0.000057,-0.000382,0.041150,0.447424,0.447424,-0.441335,-0.441335,0.460002,0.459716,-0.441924,-0.441647,0.410141,0.171934
8.120000,-0.000000,0.000000,0.593700,0.000000,0.000000,0.000000,0.000128,0.000000,1.199440,0.001461,0.539847,-0.000592,-0.000120,0.042995,0.445817,0.445817,-0.439728,-0.439728,0.458290,0.457995,-0.440404,-0.440132,0.408347,0.171768
8.132000,-0.000000,0.000000,0.593700,0.000000,0.000000,0.000000,0.000128,0.000000,1.199433,0.001461,0.540380,-0.000723,-0.000142,0.044106,0.444267,0.444267,-0.438178,-0.438178,0.456736,0.456198,-0.438906,-0.438636,0.406555,0.171599
8.144000,-0.000000,0.000000,0.593700,0.000000,0.000000,0.000000,0.000128,0.000000,1.199422,0.001457,0.540923,-0.000527,-0.000309,0.045076,0.442773,0.442773,-0.436683,-0.436683,0.455223,0.454308,-0.437447,-0.437166,0.404781,0.171437
8.156000,-0.000000,0.000000,0.593700,0.000000,0.000000,0.000000,0.000128,0.000000,1.199407,0.001454,0.541466,-0.000953,-0.000254,0.045482,0.441331,0.441331,-0.435242,-0.435242,0.453675,0.452410,-0.436048,-0.435751,0.403059,0.171270
8.168000,-0.000000,0.000000,0.593700,0.000000,0.000000,0.000000,0.000128,0.000000,1.199387,0.001452,0.542032,-0.001463,-0.000239,0.047071,0.439940,0.439940,-0.433851,-0.433851,0.452060,0.450614,-0.434707,-0.434402,0.401376,0.171094
8.180000,-0.000000,0.000000,0.593700,0.000000,0.000000,0.000000,0.000128,0.000000,1.199362,0.001449,0.542608,-0.002084,-0.000227,0.047570,0.438598,0.438598,-0.432508,-0.432508,0.450360,0.448935,-0.433381,-0.433096,0.399739,0.170917
8.192000,-0.000000,0.000000,0.593700,0.000000,0.000000,0.000000,0.000128,0.000000,1.199336,0.001446,0.543182,-0.002775,-0.000236,0.047690,0.437302,0.437302,-0.431213,-0.431213,0.448620,0.447378,-0.432010,-0.431767,0.398093,0.170746
8.204000,-0.000000,0.000000,0.593700,0.000000,0.000000,0.000000,0.000128,0.000000,1.199311,0.001442,0.543750,-0.002668,-0.000199,0.047611,0.436052,0.436052,-0.429963,-0.429963,0.446951,0.445970,-0.430623,-0.430389,0.396419,0.170580
8.216000,-0.000000,0.000000,0.593700,0.000000,0.000000,0.000000,0.000128,0.000000,1.199292,0.001442,0.544330,-0.001840,0.000008,0.048847,0.434846,0.434846,-0.428757,-0.428757,0.445370,0.444714,-0.429297,-0.429054,0.394789,0.170400
8.226000,-0.000000,0.000000,0.593700,0.000000,0.000000,0.000000,0.000128,0.000000,1.199281,0.001443,0.544825,-0.001294,0.000143,0.049764,0.433873,0.433873,-0.427784,-0.427784,0.444126,0.443709,-0.428238,-0.427992,0.393461,0.170240
8.238000,-0.000000,0.000000,0.593700,0.000000,0.000000,0.000000,0.000128,0.000000,1.199268,0.001446,0.545432,-0.001080,0.000217,0.050419,0.432743,0.432743,-0.426654,-0.426654,0.442729,0.442487,-0.427015,-0.426772,0.391907,0.170044
8.250000,-0.000000,0.000000,0.593700,0.000000,0.000000,0.000000,0.000128,0.000000,1.199254,0.001450,0.546030,-0.001577,0.000276,0.050218,0.431652,0.431652,-0.425563,-0.425563,0.441466,0.441294,-0.425828,-0.425590,0.390389,0.169846
8.262000,-0.000000,0.000000,0.593700,0.000000,0.000000,0.000000,0.000128,0.000000,1.199239,0.001454,0.546640,-0.001639,0.000245,0.050921,0.430600,0.430600,-0.424511,-0.424511,0.440349,0.440195,-0.424668,-0.424436,0.388886,0.169645
8.274000,-0.000000,0.000000,0.593700,0.000000,0.000000,0.000000,0.000128,0.000000,1.199228,0.001456,0.547252,-0.001092,0.000150,0.051132,0.429584,0.429584,-0.423495,-0.423495,0.439304,0.439176,-0.423534,-0.423312,0.387401,0.169449
8.286000,-0.000000,0.000000,0.593700,0.000000,0.000000,0.000000,0.000128,0.000000,1.199219,0.001457,0.547869,-0.000562,0.000072,0.051506,0.428604,0.428604,-0.422515,-0.422515,0.438253,0.438215,-0.422442,-0.422222,0.385948,0.169255
8.298000,-0.000000,0.000000,0.593700,0.000000,0.000000,0.000000,0.000128,0.000000,1.199212,0.001457,0.548483,-0.000586,-0.000024,0.051312,0.427658,0.427658,-0.421569,-0.421569,0.437206,0.437301,-0.421405,-0.421183,0.384544,0.169068
8.310000,-0.000000,0.000000,0.593700,0.000000,0.000000,0.000000,0.000128,0.000000,1.199191,0.001466,0.549104,-0.001548,0.000435,0.051546,0.426745,0.426745,-0.420656,-0.420656,0.436251,0.436451,-0.420403,-0.420179,0.383144,0.168863
8.322000,-0.000000,0.000000,0.593700,0.000000,0.000000,0.000000,0.000128,0.000000,1.199175,0.001466,0.549731,-0.001004,-0.000017,0.052131,0.425864,0.425864,-0.419775,-0.419775,0.435378,0.435646,-0.419442,-0.419220,0.381798,0.168675
8.334000,-0.000000,0.000000,0.593700,0.000000,0.000000,0.000000,0.000128,0.000000,1.199170,0.001464,0.550360,-0.000448,-0.000141,0.052023,0.425014,0.425014,-0.418925,-0.418925,0.434554,0.434863,-0.418526,-0.418320,0.380520,0.168488
8.346000,-0.000000,0.000000,0.593700,0.000000,0.000000,0.000000,0.000128,0.000000,1.199170,0.001462,0.550982,-0.000331,-0.000197,0.051847,0.424194,0.424194,-0.418104,-0.418104,0.433768,0.434106,-0.417606,-0.417438,0.379270,0.168305
8.358000,-0.000000,0.000000,0.593700,0.000000,0.000000,0.000000,0.000128,0.000000,1.199173,0.001459,0.551607,-0.000238,-0.000212,0.051965,0.423402,0.423402,-0.417313,-0.417313,0.433014,0.433378,-0.416655,-0.416537,0.378002,0.168120
8.370000,-0.000000,0.000000,0.593700,0.000000,0.000000,0.000000,0.000128,0.000000,1.199178,0.001456,0.552225,0.000217,-0.000221,0.051435,0.422638,0.422638,-0.416549,-0.416549,0.432289,0.432678,-0.415717,-0.415604,0.376731,0.167941
8.382000,-0.000000,0.000000,0.593700,0.000000,0.000000,0.000000,0.000128,0.000000,1.199186,0.001453,0.552838,0.000710,-0.000221,0.051345,0.421901,0.421901,-0.415811,-0.415811,0.431592,0.431988,-0.414832,-0.414698,0.375501,0.167759
8.394000,-0.000000,0.000000,0.593700,0.000000,0.000000,0.000000,0.000128,0.000000,1.199194,0.001450,0.553456,0.000783,-0.000219,0.051431,0.421189,0.421189,-0.415100,-0.415100,0.430922,0.431280,-0.413997,-0.413845,0.374312,0.167575
8.406000,-0.000000,0.000000,0.593700,0.000000,0.000000,0.000000,0.000128,0.000000,1.199200,0.001447,0.554075,0.000625,-0.000227,0.051324,0.420502,0.420502,-0.414413,-0.414413,0.430281,0.430538,-0.413207,-0.413039,0.373165,0.167390
8.418000,-0.000000,0.000000,0.593700,0.000000,0.000000,0.000000,0.000128,0.000000,1.199202,0.001444,0.554692,0.000360,-0.000239,0.050994,0.419840,0.419840,-0.413750,-0.413750,0.429668,0.429756,-0.412453,-0.412277,0.372058,0.167206
8.430000,-0.000000,0.000000,0.593700,0.000000,0.000000,0.000000,0.000128,0.000000,1.199201,0.001441,0.555304,0.000061,-0.000254,0.050538,0.419200,0.419200,-0.413111,-0.413111,0.429082,0.428934,-0.411728,-0.411548,0.370987,0.167025
8.442000,-0.000000,0.000000,0.593700,0.000000,0.000000,0.000000,0.000128,0.000000,1.199197,0.001438,0.555909,-0.000185,-0.000285,0.050077,0.418583,0.418583,-0.412494,-0.412494,0.428524,0.428072,-0.411023,-0.410841,0.369945,0.166845
8.454000,-0.000000,0.000000,0.593700,0.000000,0.000000,0.000000,0.000128,0.000000,1.199192,0.001434,0.556510,-0.000345,-0.000328,0.049682,0.417987,0.417987,-0.411898,-0.411898,0.427990,0.427170,-0.410337,-0.410153,0.368925,0.166668
8.466000,-0.000000,0.000000,0.593700,0.000000,0.000000,0.000000,0.000128,0.000000,1.199185,0.001430,0.557105,-0.000403,-0.000379,0.049147,0.417413,0.417413,-0.411323,-0.411323,0.427473,0.426228,-0.409669,-0.409483,0.367927,0.166495
8.476000,-0.000000,0.000000,0.593700,0.000000,0.000000,0.000000,0.000128,0.000000,1.199178,0.001426,0.557596,-0.000413,-0.000427,0.048748,0.416949,0.416949,-0.410860,-0.410860,0.427038,0.425414,-0.409125,-0.408938,0.367112,0.166353
8.488000,-0.000000,0.000000,0.593700,0.000000,0.000000,0.000000,0.000128,0.000000,1.199169,0.001421,0.558171,-0.000667,-0.000462,0.047908,0.416410,0.416410,-0.410321,-0.410321,0.426494,0.424456,-0.408492,-0.408302,0.366156,0.166187
8.500000,-0.000000,0.000000,0.593700,0.000000,0.000000,0.000000,0.000128,0.000000,1.199158,0.001415,0.558744,-0.000789,-0.000487,0.047586,0.415891,0.415891,-0.409801,-0.409801,0.425920,0.423548,-0.407885,-0.407685,0.365222,0.166022
8.512000,-0.000000,0.000000,0.593700,0.000000,0.000000,0.000000,0.000128,0.000000,1.199147,0.001410,0.559313,-0.000804,-0.000496,0.047225,0.415389,0.415389,-0.409300,-0.409300,0.425313,0.422698,-0.407307,-0.407096,0.364320,0.165858
8.524000,-0.000000,0.000000,0.593700,0.000000,0.000000,0.000000,0.000128,0.000000,1.199136,0.001404,0.559879,-0.000827,-0.000482,0.046830,0.414905,0.414905,-0.408816,-0.408816,0.424670,0.421909,-0.406760,-0.406539,0.363452,0.165697
8.536000,-0.000000,0.000000,0.593700,0.000000,0.000000,0.000000,0.000128,0.000000,1.199124,0.001398,0.560440,-0.000880,-0.000452,0.046412,0.414438,0.414438,-0.408349,-0.408349,0.423992,0.421179,-0.406242,-0.406015,0.362616,0.165536
8.548000,-0.000000,0.000000,0.593700,0.000000,0.000000,0.000000,0.000128,0.000000,1.199111,0.001393,0.560996,-0.000942,-0.000408,0.045929,0.413988,0.413988,-0.407898,-0.407898,0.423278,0.420505,-0.405751,-0.405522,0.361812,0.165377
8.560000,-0.000000,0.000000,0.593700,0.000000,0.000000,0.000000,0.000128,0.000000,1.199106,0.001369,0.561546,-0.000484,-0.001410,0.045656,0.413553,0.413553,-0.407463,-0.407463,0.422519,0.419870,-0.405294,-0.405067,0.361060,0.165252
8.572000,-0.000000,0.000000,0.593700,0.000000,0.000000,0.000000,0.000128,0.000000,1.199098,0.001364,0.562092,-0.000832,-0.000360,0.045009,0.413133,0.413133,-0.407043,-0.407043,0.421723,0.419277,-0.404865,-0.404643,0.360332,0.165091
8.584000,-0.000000,0.000000,0.593700,0.000000,0.000000,0.000000,0.000128,0.000000,1.199082,0.001363,0.562630,-0.001291,-0.000044,0.044364,0.412728,0.412728,-0.406638,-0.406638,0.420902,0.418736,-0.404450,-0.404234,0.359616,0.164930
8.596000,-0.000000,0.000000,0.593700,0.000000,0.000000,0.000000,0.000128,0.000000,1.199061,0.001364,0.563152,-0.001770,0.000077,0.043413,0.412337,0.412337,-0.406247,-0.406247,0.420101,0.418241,-0.404046,-0.403838,0.358919,0.164777
8.608000,-0.000000,0.000000,0.593700,0.000000,0.000000,0.000000,0.000128,0.000000,1.199039,0.001365,0.563668,-0.001991,0.000182,0.042864,0.411960,0.411960,-0.405870,-0.405870,0.419353,0.417792,-0.403641,-0.403455,0.358234,0.164625
8.620000,-0.000000,0.000000,0.593700,0.000000,0.000000,0.000000,0.000128,0.000000,1.199018,0.001368,0.564178,-0.001973,0.000275,0.042475,0.411595,0.411595,-0.405506,-0.405506,0.418658,0.417395,-0.403221,-0.403079,0.357555,0.164474
8.632000,-0.000000,0.000000,0.593700,0.000000,0.000000,0.000000,0.000128,0.000000,1.199000,0.001372,0.564686,-0.001745,0.000346,0.042189,0.411244,0.411244,-0.405155,-0.405155,0.418012,0.417041,-0.402785,-0.402695,0.356872,0.164322
8.644000,-0.000000,0.000000,0.593700,0.000000,0.000000,0.000000,0.000128,0.000000,1.198986,0.001377,0.565190,-0.001416,0.000392,0.041897,0.410905,0.410905,-0.404816,-0.404816,0.417411,0.416723,-0.402332,-0.402300,0.356181,0.164170
8.656000,-0.000000,0.000000,0.593700,0.000000,0.000000,0.000000,0.000128,0.000000,1.198976,0.001382,0.565691,-0.001062,0.000420,0.041566,0.410578,0.410578,-0.404488,-0.404488,0.416849,0.416435,-0.401862,-0.401891,0.355480,0.164020
8.668000,-0.000000,0.000000,0.593700,0.000000,0.000000,0.000000,0.000128,0.000000,1.198969,0.001387,0.566185,-0.000633,0.000415,0.041005,0.410262,0.410262,-0.404173,-0.404173,0.416325,0.416170,-0.401393,-0.401470,0.354780,0.163873
8.680000,-0.000000,0.000000,0.593700,0.000000,0.000000,0.000000,0.000128,0.000000,1.198967,0.001392,0.566675,-0.000302,0.000421,0.040691,0.409957,0.409957,-0.403868,-0.403868,0.415834,0.415925,-0.400953,-0.401035,0.354091,0.163728
8.692000,-0.000000,0.000000,0.593700,0.000000,0.000000,0.000000,0.000128,0.000000,1.198967,0.001398,0.567158,-0.000029,0.000451,0.040110,0.409663,0.409663,-0.403574,-0.403574,0.415375,0.415697,-0.400544,-0.400596,0.353418,0.163584
8.704000,-0.000000,0.000000,0.593700,0.000000,0.000000,0.000000,0.000128,0.000000,1.198968,0.001404,0.567636,0.000191,0.000481,0.039695,0.409379,0.409379,-0.403290,-0.403290,0.414944,0.415474,-0.400162,-0.400184,0.352773,0.163439
8.716000,-0.000000,0.000000,0.593700,0.000000,0.000000,0.000000,0.000128,0.000000,1.198970,0.001410,0.568109,0.000249,0.000485,0.039298,0.409106,0.409106,-0.403016,-0.403016,0.414542,0.415244,-0.399806,-0.399800,0.352154,0.163296
8.726000,-0.000000,0.000000,0.593700,0.000000,0.000000,0.000000,0.000128,0.000000,1.198972,0.001415,0.568500,0.000228,0.000472,0.038934,0.408885,0.408885,-0.402795,-0.402795,0.414227,0.415042,-0.399526,-0.399499,0.351656,0.163178
8.738000,-0.000000,0.000000,0.593700,0.000000,0.000000,0.000000,0.000128,0.000000,1.198973,0.001420,0.568963,0.000149,0.000433,0.038415,0.408628,0.408628,-0.402539,-0.402539,0.413876,0.414785,-0.399209,-0.399158,0.351079,0.163039
8.750000,-0.000000,0.000000,0.593700,0.000000,0.000000,0.000000,0.000128,0.000000,1.198973,0.001425,0.569421,0.000077,0.000385,0.037927,0.408380,0.408380,-0.402291,-0.402291,0.413557,0.414513,-0.398909,-0.398837,0.350522,0.162902
8.762000,-0.000000,0.000000,0.593700,0.000000,0.000000,0.000000,0.000128,0.000000,1.198972,0.001430,0.569873,0.000027,0.000330,0.037420,0.408141,0.408141,-0.402052,-0.402052,0.413268,0.414225,-0.398625,-0.398535,0.349986,0.162768
8.774000,-0.000000,0.000000,0.593700,0.000000,0.000000,0.000000,0.000128,0.000000,1.198971,0.001434,0.570319,-0.000010,0.000270,0.036904,0.407911,0.407911,-0.401821,-0.401821,0.413005,0.413921,-0.398357,-0.398251,0.349468,0.162637
8.786000,-0.000000,0.000000,0.593700,0.000000,0.000000,0.000000,0.000128,0.000000,1.198970,0.001437,0.570759,-0.000056,0.000207,0.036367,0.407688,0.407688,-0.401599,-0.401599,0.412769,0.413601,-0.398103,-0.397982,0.348968,0.162508
8.798000,-0.000000,0.000000,0.593700,0.000000,0.000000,0.000000,0.000128,0.000000,1.198968,0.001439,0.571192,-0.000088,0.000145,0.035863,0.407474,0.407474,-0.401384,-0.401384,0.412557,0.413266,-0.397861,-0.397728,0.348485,0.162383
8.810000,-0.000000,0.000000,0.593700,0.000000,0.000000,0.000000,0.000128,0.000000,1.198966,0.001440,0.571618,-0.000154,0.000088,0.035209,0.407266,0.407266,-0.401177,-0.401177,0.412367,0.412919,-0.397631,-0.397488,0.348018,0.162260
8.822000,-0.000000,0.000000,0.593700,0.000000,0.000000,0.000000,0.000128,0.000000,1.198963,0.001442,0.572036,-0.000253,0.000061,0.034750,0.407066,0.407066,-0.400977,-0.400977,0.412196,0.412589,-0.397410,-0.397261,0.347564,0.162138
8.834000,-0.000000,0.000000,0.593700,0.000000,0.000000,0.000000,0.000128,0.000000,1.198960,0.001442,0.572450,-0.000265,0.000018,0.034338,0.406873,0.406873,-0.400784,-0.400784,0.412042,0.412281,-0.397198,-0.397046,0.347122,0.162019
8.846000,-0.000000,0.000000,0.593700,0.000000,0.000000,0.000000,0.000128,0.000000,1.198958,0.001442,0.572859,-0.000227,-0.000017,0.033914,0.406687,0.406687,-0.400598,-0.400598,0.411901,0.411997,-0.396994,-0.396840,0.346693,0.161902
8.858000,-0.000000,0.000000,0.593700,0.000000,0.000000,0.000000,0.000128,0.000000,1.198956,0.001442,0.573263,-0.000175,-0.000046,0.033479,0.406507,0.406507,-0.400418,-0.400418,0.411771,0.411733,-0.396799,-0.396645,0.346276,0.161787
8.870000,-0.000000,0.000000,0.593700,0.000000,0.000000,0.000000,0.000128,0.000000,1.198955,0.001441,0.573662,-0.000129,-0.000068,0.033030,0.406334,0.406334,-0.400244,-0.400244,0.411651,0.411490,-0.396613,-0.396459,0.345870,0.161674
8.882000,-0.000000,0.000000,0.593700,0.000000,0.000000,0.000000,0.000128,0.000000,1.198954,0.001440,0.574055,-0.000099,-0.000088,0.032560,0.406166,0.406166,-0.400077,-0.400077,0.411538,0.411265,-0.396433,-0.396282,0.345476,0.161563
8.894000,-0.000000,0.000000,0.593700,0.000000,0.000000,0.000000,0.000128,0.000000,1.198954,0.001439,0.574442,-0.000067,-0.000103,0.032107,0.406005,0.406005,-0.399915,-0.399915,0.411432,0.411056,-0.396259,-0.396111,0.345092,0.161454
8.906000,-0.000000,0.000000,0.593700,0.000000,0.000000,0.000000,0.000128,0.000000,1.198954,0.001438,0.574824,-0.000034,-0.000115,0.031671,0.405849,0.405849,-0.399759,-0.399759,0.411332,0.410863,-0.396090,-0.395945,0.344716,0.161347
8.918000,-0.000000,0.000000,0.593700,0.000000,0.000000,0.000000,0.000128,0.000000,1.198954,0.001437,0.575201,-0.000003,-0.000124,0.031237,0.405698,0.405698,-0.399609,-0.399609,0.411237,0.410682,-0.395926,-0.395785,0.344348,0.161242
8.930000,-0.000000,0.000000,0.593700,0.000000,0.000000,0.000000,0.000128,0.000000,1.198954,0.001435,0.575573,0.000024,-0.000131,0.030803,0.405553,0.405553,-0.399464,-0.399464,0.411147,0.410514,-0.395766,-0.395629,0.343987,0.161138
8.942000,-0.000000,0.000000,0.593700,0.000000,0.000000,0.000000,0.000128,0.000000,1.198955,0.001433,0.575940,0.000047,-0.000137,0.030368,0.405413,0.405413,-0.399324,-0.399324,0.411062,0.410357,-0.395611,-0.395478,0.343634,0.161036
8.954000,-0.000000,0.000000,0.593700,0.000000,0.000000,0.000000,0.000128,0.000000,1.198956,0.001432,0.576302,0.000066,-0.000140,0.029935,0.405278,0.405278,-0.399188,-0.399188,0.410981,0.410210,-0.395460,-0.395332,0.343289,0.160936
8.966000,-0.000000,0.000000,0.593700,0.000000,0.000000,0.000000,0.000128,0.000000,1.198957,0.001430,0.576658,0.000083,-0.000142,0.029505,0.405147,0.405147,-0.399058,-0.399058,0.410904,0.410071,-0.395313,-0.395190,0.342951,0.160837
8.976000,-0.000000,0.000000,0.593700,0.000000,0.000000,0.000000,0.000128,0.000000,1.198958,0.001429,0.576951,0.000096,-0.000143,0.029149,0.405042,0.405042,-0.398953,-0.398953,0.410842,0.409962,-0.395194,-0.395075,0.342674,0.160756
8.988000,-0.000000,0.000000,0.593700,0.000000,0.000000,0.000000,0.000128,0.000000,1.198960,0.001427,0.577297,0.000120,-0.000145,0.028699,0.404920,0.404920,-0.398830,-0.398830,0.410769,0.409838,-0.395055,-0.394941,0.342349,0.160661
9.000000,-0.000000,0.000000,0.593700,0.000000,0.000000,0.000000,0.000128,0.000000,1.198961,0.001425,0.577639,0.000141,-0.000146,0.028276,0.404802,0.404802,-0.398712,-0.398712,0.410692,0.409722,-0.394920,-0.394811,0.342030,0.160567
9.012000,-0.000000,0.000000,0.593700,0.000000,0.000000,0.000000,0.000128,0.000000,1.198963,0.001423,0.577975,0.000150,-0.000142,0.027867,0.404688,0.404688,-0.398599,-0.398599,0.410610,0.409611,-0.394788,-0.394685,0.341718,0.160475
9.024000,-0.000000,0.000000,0.593700,0.000000,0.000000,0.000000,0.000128,0.000000,1.198964,0.001422,0.578306,0.000151,-0.000135,0.027459,0.404578,0.404578,-0.398489,-0.398489,0.410520,0.409507,-0.394660,-0.394563,0.341412,0.160384
9.036000,-0.000000,0.000000,0.593700,0.000000,0.000000,0.000000,0.000128,0.000000,1.198966,0.001420,0.578633,0.000149,-0.000126,0.027047,0.404472,0.404472,-0.398383,-0.398383,0.410422,0.409408,-0.394536,-0.394444,0.341113,0.160294
9.048000,-0.000000,0.000000,0.593700,0.000000,0.000000,0.000000,0.000128,0.000000,1.198967,0.001418,0.578955,0.000148,-0.000112,0.026631,0.404370,0.404370,-0.398280,-0.398280,0.410317,0.409312,-0.394415,-0.394329,0.340819,0.160206
9.060000,-0.000000,0.000000,0.593700,0.000000,0.000000,0.000000,0.000128,0.000000,1.198968,0.001417,0.579271,0.000142,-0.000098,0.026228,0.404271,0.404271,-0.398182,-0.398182,0.410204,0.409220,-0.394297,-0.394217,0.340532,0.160119
9.072000,-0.000000,0.000000,0.593700,0.000000,0.000000,0.000000,0.000128,0.000000,1.198969,0.001416,0.579583,0.000134,-0.000084,0.025831,0.404176,0.404176,-0.398086,-0.398086,0.410085,0.409130,-0.394182,-0.394109,0.340250,0.160034
9.084000,-0.000000,0.000000,0.593700,0.000000,0.000000,0.000000,0.000128,0.000000,1.198971,0.001415,0.579890,0.000125,-0.000070,0.025436,0.404084,0.404084,-0.397994,-0.397994,0.409958,0.409042,-0.394071,-0.394003,0.339975,0.159949
9.096000,-0.000000,0.000000,0.593700,0.000000,0.000000,0.000000,0.000128,0.000000,1.198971,0.001414,0.580193,0.000118,-0.000056,0.025034,0.403995,0.403995,-0.397906,-0.397906,0.409824,0.408956,-0.393962,-0.393901,0.339705,0.159866
9.108000,-0.000000,0.000000,0.593700,0.000000,0.000000,0.000000,0.000128,0.000000,1.198972,0.001414,0.580490,0.000114,-0.000044,0.024647,0.403909,0.403909,-0.397820,-0.397820,0.409684,0.408871,-0.393858,-0.393802,0.339441,0.159784
9.120000,-0.000000,0.000000,0.593700,0.000000,0.000000,0.000000,0.000128,0.000000,1.198973,0.001413,0.580783,0.000104,-0.000030,0.024268,0.403827,0.403827,-0.397737,-0.397737,0.409537,0.408789,-0.393758,-0.393706,0.339184,0.159704
9.132000,-0.000000,0.000000,0.593700,0.000000,0.000000,0.000000,0.000128,0.000000,1.198974,0.001413,0.581072,0.000091,-0.000014,0.023892,0.403747,0.403747,-0.397657,-0.397657,0.409384,0.408709,-0.393663,-0.393613,0.338933,0.159624
9.144000,-0.000000,0.000000,0.593700,0.000000,0.000000,0.000000,0.000128,0.000000,1.198974,0.001413,0.581356,0.000077,0.000001,0.023519,0.403670,0.403670,-0.397580,-0.397580,0.409225,0.408631,-0.393572,-0.393523,0.338688,0.159546
9.156000,-0.000000,0.000000,0.593700,0.000000,0.000000,0.000000,0.000128,0.000000,1.198975,0.001413,0.581636,0.000064,0.000017,0.023150,0.403596,0.403596,-0.397506,-0.397506,0.409060,0.408555,-0.393485,-0.393436,0.338448,0.159469
9.168000,-0.000000,0.000000,0.593700,0.000000,0.000000,0.000000,0.000128,0.000000,1.198975,0.001413,0.581911,0.000051,0.000033,0.022785,0.403524,0.403524,-0.397435,-0.397435,0.408889,0.408482,-0.393401,-0.393351,0.338214,0.159393
9.180000,-0.000000,0.000000,0.593700,0.000000,0.000000,0.000000,0.000128,0.000000,1.198975,0.001413,0.582182,0.000039,0.000050,0.022425,0.403455,0.403455,-0.397365,-0.397365,0.408713,0.408410,-0.393320,-0.393269,0.337985,0.159318
9.192000,-0.000000,0.000000,0.593700,0.000000,0.000000,0.000000,0.000128,0.000000,1.198975,0.001414,0.582449,0.000028,0.000068,0.022069,0.403388,0.403388,-0.397299,-0.397299,0.408531,0.408340,-0.393243,-0.393189,0.337762,0.159244
9.204000,-0.000000,0.000000,0.593700,0.000000,0.000000,0.000000,0.000128,0.000000,1.198975,0.001415,0.582709,-0.000037,0.000068,0.021652,0.403324,0.403324,-0.397234,-0.397234,0.408355,0.408273,-0.393168,-0.393111,0.337543,0.159173
9.216000,-0.000000,0.000000,0.593700,0.000000,0.000000,0.000000,0.000128,0.000000,1.198974,0.001416,0.582967,-0.000057,0.000078,0.021356,0.403261,0.403261,-0.397172,-0.397172,0.408192,0.408209,-0.393097,-0.393036,0.337328,0.159102
9.228000,-0.000000,0.000000,0.593700,0.000000,0.000000,0.000000,0.000128,0.000000,1.198974,0.001417,0.583221,-0.000043,0.000089,0.021056,0.403201,0.403201,-0.397112,-0.397112,0.408043,0.408146,-0.393029,-0.392962,0.337118,0.159032
9.240000,-0.000000,0.000000,0.593700,0.000000,0.000000,0.000000,0.000128,0.000000,1.198974,0.001418,0.583472,-0.000019,0.000098,0.020751,0.403143,0.403143,-0.397054,-0.397054,0.407907,0.408085,-0.392964,-0.392892,0.336913,0.158963
9.252000,-0.000000,0.000000,0.593700,0.000000,0.000000,0.000000,0.000128,0.000000,1.198974,0.001419,0.583718,0.000008,0.000104,0.020434,0.403088,0.403088,-0.396998,-0.396998,0.407783,0.408025,-0.392902,-0.392824,0.336713,0.158895
9.264000,-0.000000,0.000000,0.593700,0.000000,0.000000,0.000000,0.000128,0.000000,1.198975,0.001420,0.583961,0.000030,0.000107,0.020125,0.403034,0.403034,-0.396944,-0.396944,0.407670,0.407967,-0.392843,-0.392760,0.336519,0.158828
9.274000,-0.000000,0.000000,0.593700,0.000000,0.000000,0.000000,0.000128,0.000000,1.198976,0.001421,0.584161,0.000042,0.000108,0.019874,0.402990,0.402990,-0.396901,-0.396901,0.407584,0.407919,-0.392797,-0.392710,0.336361,0.158772
9.286000,-0.000000,0.000000,0.593700,0.000000,0.000000,0.000000,0.000128,0.000000,1.198976,0.001422,0.584397,0.000050,0.000108,0.019574,0.402940,0.402940,-0.396850,-0.396850,0.407488,0.407864,-0.392744,-0.392653,0.336177,0.158707
9.298000,-0.000000,0.000000,0.593700,0.000000,0.000000,0.000000,0.000128,0.000000,1.198977,0.001424,0.584630,0.000055,0.000106,0.019275,0.402891,0.402891,-0.396801,-0.396801,0.407400,0.407810,-0.392694,-0.392599,0.335997,0.158643
9.310000,-0.000000,0.000000,0.593700,0.000000,0.000000,0.000000,0.000128,0.000000,1.198978,0.001425,0.584859,0.000057,0.000104,0.018978,0.402844,0.402844,-0.396754,-0.396754,0.407320,0.407757,-0.392648,-0.392547,0.335822,0.158579
9.322000,-0.000000,0.000000,0.593700,0.000000,0.000000,0.000000,0.000128,0.000000,1.198979,0.001426,0.585085,0.000058,0.000101,0.018686,0.402798,0.402798,-0.396709,-0.396709,0.407246,0.407706,-0.392603,-0.392498,0.335651,0.158517
9.334000,-0.000000,0.000000,0.593700,0.000000,0.000000,0.000000,0.000128,0.000000,1.198980,0.001427,0.585307,0.000059,0.000097,0.018396,0.402755,0.402755,-0.396665,-0.396665,0.407178,0.407657,-0.392561,-0.392451,0.335484,0.158456
9.346000,-0.000000,0.000000,0.593700,0.000000,0.000000,0.000000,0.000128,0.000000,1.198981,0.001429,0.585526,0.000059,0.000093,0.018111,0.402712,0.402712,-0.396623,-0.396623,0.407115,0.407609,-0.392520,-0.392406,0.335322,0.158396
9.358000,-0.000000,0.000000,0.593700,0.000000,0.000000,0.000000,0.000128,0.000000,1.198981,0.001430,0.585741,0.000059,0.000088,0.017830,0.402671,0.402671,-0.396582,-0.396582,0.407057,0.407563,-0.392482,-0.392363,0.335163,0.158336
9.370000,-0.000000,0.000000,0.593700,0.000000,0.000000,0.000000,0.000128,0.000000,1.198982,0.001431,0.585953,0.000058,0.000083,0.017553,0.402632,0.402632,-0.396543,-0.396543,0.407003,0.407518,-0.392445,-0.392323,0.335007,0.158278
9.382000,-0.000000,0.000000,0.593700,0.000000,0.000000,0.000000,0.000128,0.000000,1.198983,0.001432,0.586162,0.000057,0.000078,0.017281,0.402594,0.402594,-0.396505,-0.396505,0.406953,0.407475,-0.392410,-0.392284,0.334856,0.158221
9.394000,-0.000000,0.000000,0.593700,0.000000,0.000000,0.000000,0.000128,0.000000,1.198984,0.001433,0.586368,0.000056,0.000073,0.017012,0.402557,0.402557,-0.396468,-0.396468,0.406906,0.407433,-0.392377,-0.392246,0.334707,0.158165
9.406000,-0.000000,0.000000,0.593700,0.000000,0.000000,0.000000,0.000128,0.000000,1.198985,0.001433,0.586570,0.000055,0.000068,0.016747,0.402522,0.402522,-0.396433,-0.396433,0.406863,0.407392,-0.392345,-0.392211,0.334562,0.158109
9.418000,-0.000000,0.000000,0.593700,0.000000,0.000000,0.000000,0.000128,0.000000,1.198985,0.001434,0.586769,0.000054,0.000063,0.016486,0.402488,0.402488,-0.396398,-0.396398,0.406822,0.407353,-0.392315,-0.392176,0.334420,0.158055
9.430000,-0.000000,0.000000,0.593700,0.000000,0.000000,0.000000,0.000128,0.000000,1.198986,0.001435,0.586965,0.000054,0.000059,0.016228,0.402455,0.402455,-0.396365,-0.396365,0.406784,0.407315,-0.392285,-0.392144,0.334281,0.158001
9.442000,-0.000000,0.000000,0.593700,0.000000,0.000000,0.000000,0.000128,0.000000,1.198987,0.001436,0.587158,0.000053,0.000054,0.015973,0.402423,0.402423,-0.396334,-0.396334,0.406748,0.407278,-0.392257,-0.392112,0.334145,0.157949
9.454000,-0.000000,0.000000,0.593700,0.000000,0.000000,0.000000,0.000128,0.000000,1.198987,0.001436,0.587348,0.000053,0.000051,0.015724,0.402392,0.402392,-0.396303,-0.396303,0.406714,0.407243,-0.392231,-0.392083,0.334013,0.157897
9.466000,-0.000000,0.000000,0.593700,0.000000,0.000000,0.000000,0.000128,0.000000,1.198988,0.001437,0.587535,0.000052,0.000047,0.015479,0.402363,0.402363,-0.396273,-0.396273,0.406682,0.407208,-0.392205,-0.392054,0.333883,0.157846
9.478000,-0.000000,0.000000,0.593700,0.000000,0.000000,0.000000,0.000128,0.000000,1.198989,0.001438,0.587719,0.000050,0.000043,0.015237,0.402334,0.402334,-0.396245,-0.396245,0.406652,0.407175,-0.392180,-0.392027,0.333756,0.157796
9.490000,-0.000000,0.000000,0.593700,0.000000,0.000000,0.000000,0.000128,0.000000,1.198989,0.001438,0.587900,0.000049,0.000040,0.014999,0.402306,0.402306,-0.396217,-0.396217,0.406624,0.407143,-0.392157,-0.392002,0.333631,0.157747
9.502000,-0.000000,0.000000,0.593700,0.000000,0.000000,0.000000,0.000128,0.000000,1.198990,0.001439,0.588078,0.000048,0.000037,0.014764,0.402280,0.402280,-0.396190,-0.396190,0.406596,0.407112,-0.392134,-0.391978,0.333509,0.157698
9.514000,-0.000000,0.000000,0.593700,0.000000,0.000000,0.000000,0.000128,0.000000,1.198990,0.001439,0.588254,0.000047,0.000034,0.014532,0.402254,0.402254,-0.396165,-0.396165,0.406571,0.407081,-0.392113,-0.391955,0.333390,0.157651
9.524000,-0.000000,0.000000,0.593700,0.000000,0.000000,0.000000,0.000128,0.000000,1.198991,0.001439,0.588398,0.000046,0.000031,0.014342,0.402233,0.402233,-0.396144,-0.396144,0.406550,0.407057,-0.392095,-0.391936,0.333293,0.157612
9.536000,-0.000000,0.000000,0.593700,0.000000,0.000000,0.000000,0.000128,0.000000,1.198991,0.001440,0.588568,0.000045,0.000029,0.014117,0.402209,0.402209,-0.396120,-0.396120,0.406527,0.407029,-0.392075,-0.391915,0.333178,0.157566
9.548000,-0.000000,0.000000,0.593700,0.000000,0.000000,0.000000,0.000128,0.000000,1.198992,0.001440,0.588736,0.000044,0.000026,0.013895,0.402186,0.402186,-0.396097,-0.396097,0.406504,0.407001,-0.392056,-0.391895,0.333066,0.157520
9.560000,-0.000000,0.000000,0.593700,0.000000,0.000000,0.000000,0.000128,0.000000,1.198993,0.001440,0.588901,0.000044,0.000024,0.013676,0.402164,0.402164,-0.396074,-0.396074,0.406483,0.406975,-0.392037,-0.391876,0.332956,0.157476
9.572000,-0.000000,0.000000,0.593700,0.000000,0.000000,0.000000,0.000128,0.000000,1.198993,0.001441,0.589064,0.000043,0.000022,0.013461,0.402142,0.402142,-0.396053,-0.396053,0.406462,0.406949,-0.392020,-0.391858,0.332848,0.157432
9.584000,-0.000000,0.000000,0.593700,0.000000,0.000000,0.000000,0.000128,0.000000,1.198994,0.001441,0.589224,0.000043,0.000020,0.013250,0.402121,0.402121,-0.396032,-0.396032,0.406443,0.406924,-0.392002,-0.391840,0.332743,0.157389
9.596000,-0.000000,0.000000,0.593700,0.000000,0.000000,0.000000,0.000128,0.000000,1.198994,0.001441,0.589381,0.000043,0.000019,0.013041,0.402101,0.402101,-0.396012,-0.396012,0.406424,0.406900,-0.391986,-0.391824,0.332639,0.157346
9.608000,-0.000000,0.000000,0.593700,0.000000,0.000000,0.000000,0.000128,0.000000,1.198995,0.001441,0.589536,0.000043,0.000017,0.012836,0.402082,0.402082,-0.395992,-0.395992,0.406406,0.406877,-0.391970,-0.391808,0.332538,0.157305
9.620000,-0.000000,0.000000,0.593700,0.000000,0.000000,0.000000,0.000128,0.000000,1.198995,0.001441,0.589689,0.000042,0.000016,0.012634,0.402063,0.402063,-0.395973,-0.395973,0.406388,0.406854,-0.391955,-0.391793,0.332438,0.157264
9.632000,-0.000000,0.000000,0.593700,0.000000,0.000000,0.000000,0.000128,0.000000,1.198996,0.001442,0.589839,0.000042,0.000015,0.012435,0.402045,0.402045,-0.395955,-0.395955,0.406372,0.406832,-0.391941,-0.391778,0.332341,0.157223
9.644000,-0.000000,0.000000,0.593700,0.000000,0.000000,0.000000,0.000128,0.000000,1.198996,0.001442,0.589987,0.000042,0.000013,0.012239,0.402027,0.402027,-0.395938,-0.395938,0.406356,0.406811,-0.391927,-0.391764,0.332245,0.157184
9.656000,-0.000000,0.000000,0.593700,0.000000,0.000000,0.000000,0.000128,0.000000,1.198997,0.001442,0.590132,0.000042,0.000012,0.012046,0.402010,0.402010,-0.395921,-0.395921,0.406340,0.406791,-0.391913,-0.391751,0.332152,0.157145
9.668000,-0.000000,0.000000,0.593700,0.000000,0.000000,0.000000,0.000128,0.000000,1.198997,0.001442,0.590276,0.000042,0.000011,0.011856,0.401994,0.401994,-0.395905,-0.395905,0.406325,0.406771,-0.391900,-0.391738,0.332060,0.157106
9.680000,-0.000000,0.000000,0.593700,0.000000,0.000000,0.000000,0.000128,0.000000,1.198998,0.001442,0.590416,0.000042,0.000010,0.011669,0.401978,0.401978,-0.395889,-0.395889,0.406311,0.406752,-0.391888,-0.391726,0.331970,0.157069
9.692000,-0.000000,0.000000,0.593700,0.000000,0.000000,0.000000,0.000128,0.000000,1.198998,0.001442,0.590555,0.000043,0.000010,0.011485,0.401963,0.401963,-0.395874,-0.395874,0.406297,0.406733,-0.391876,-0.391714,0.331882,0.157031
9.704000,-0.000000,0.000000,0.593700,0.000000,0.000000,0.000000,0.000128,0.000000,1.198999,0.001443,0.590692,0.000042,0.000009,0.011304,0.401949,0.401949,-0.395859,-0.395859,0.406284,0.406715,-0.391865,-0.391703,0.331795,0.156995
9.716000,-0.000000,0.000000,0.593700,0.000000,0.000000,0.000000,0.000128,0.000000,1.198999,0.001443,0.590826,0.000042,0.000008,0.011125,0.401934,0.401934,-0.395845,-0.395845,0.406271,0.406698,-0.391854,-0.391692,0.331710,0.156959
9.728000,-0.000000,0.000000,0.593700,0.000000,0.000000,0.000000,0.000128,0.000000,1.199000,0.001443,0.590958,0.000043,0.000008,0.010949,0.401921,0.401921,-0.395831,-0.395831,0.406259,0.406681,-0.391843,-0.391682,0.331626,0.156924
9.740000,-0.000000,0.000000,0.593700,0.000000,0.000000,0.000000,0.000128,0.000000,1.199000,0.001443,0.591088,0.000043,0.000007,0.010777,0.401908,0.401908,-0.395818,-0.395818,0.406247,0.406665,-0.391833,-0.391672,0.331545,0.156889
9.752000,-0.000000,0.000000,0.593700,0.000000,0.000000,0.000000,0.000128,0.000000,1.199001,0.001443,0.591217,0.000043,0.000007,0.010606,0.401895,0.401895,-0.395806,-0.395806,0.406235,0.406649,-0.391824,-0.391663,0.331464,0.156855
9.764000,-0.000000,0.000000,0.593700,0.000000,0.000000,0.000000,0.000128,0.000000,1.199001,0.001443,0.591343,0.000043,0.000006,0.010439,0.401883,0.401883,-0.395793,-0.395793,0.406224,0.406634,-0.391814,-0.391654,0.331386,0.156821
9.774000,-0.000000,0.000000,0.593700,0.000000,0.000000,0.000000,0.000128,0.000000,1.199002,0.001443,0.591446,0.000043,0.000006,0.010301,0.401873,0.401873,-0.395783,-0.395783,0.406215,0.406621,-0.391807,-0.391646,0.331321,0.156793
9.786000,-0.000000,0.000000,0.593700,0.000000,0.000000,0.000000,0.000128,0.000000,1.199002,0.001443,0.591569,0.000043,0.000005,0.010138,0.401861,0.401861,-0.395772,-0.395772,0.406205,0.406607,-0.391798,-0.391638,0.331245,0.156761
9.798000,-0.000000,0.000000,0.593700,0.000000,0.000000,0.000000,0.000128,0.000000,1.199003,0.001443,0.591689,0.000043,0.000005,0.009978,0.401850,0.401850,-0.395761,-0.395761,0.406194,0.406593,-0.391790,-0.391630,0.331170,0.156729
9.810000,-0.000000,0.000000,0.593700,0.000000,0.000000,0.000000,0.000128,0.000000,1.199003,0.001443,0.591808,0.000043,0.000005,0.009820,0.401840,0.401840,-0.395750,-0.395750,0.406185,0.406579,-0.391782,-0.391622,0.331097,0.156697
9.822000,-0.000000,0.000000,0.593700,0.000000,0.000000,0.000000,0.000128,0.000000,1.199004,0.001443,0.591924,0.000043,0.000004,0.009665,0.401829,0.401829,-0.395740,-0.395740,0.406175,0.406566,-0.391774,-0.391615,0.331025,0.156666
9.834000,-0.000000,0.000000,0.593700,0.000000,0.000000,0.000000,0.000128,0.000000,1.199004,0.001443,0.592039,0.000043,0.000004,0.009512,0.401819,0.401819,-0.395730,-0.395730,0.406166,0.406554,-0.391767,-0.391608,0.330954,0.156635
9.846000,-0.000000,0.000000,0.593700,0.000000,0.000000,0.000000,0.000128,0.000000,1.199005,0.001443,0.592152,0.000043,0.000004,0.009361,0.401810,0.401810,-0.395720,-0.395720,0.406157,0.406541,-0.391760,-0.391601,0.330885,0.156605
9.858000,-0.000000,0.000000,0.593700,0.000000,0.000000,0.000000,0.000128,0.000000,1.199005,0.001443,0.592264,0.000043,0.000004,0.009213,0.401801,0.401801,-0.395711,-0.395711,0.406149,0.406529,-0.391753,-0.391595,0.330817,0.156576
9.870000,-0.000000,0.000000,0.593700,0.000000,0.000000,0.000000,0.000128,0.000000,1.199006,0.001443,0.592373,0.000043,0.000003,0.009067,0.401792,0.401792,-0.395702,-0.395702,0.406140,0.406518,-0.391747,-0.391588,0.330750,0.156547
9.882000,-0.000000,0.000000,0.593700,0.000000,0.000000,0.000000,0.000128,0.000000,1.199007,0.001443,0.592481,0.000043,0.000003,0.008924,0.401783,0.401783,-0.395694,-0.395694,0.406132,0.406507,-0.391741,-0.391582,0.330685,0.156518
9.894000,-0.000000,0.000000,0.593700,0.000000,0.000000,0.000000,0.000128,0.000000,1.199007,0.001444,0.592587,0.000043,0.000003,0.008782,0.401775,0.401775,-0.395685,-0.395685,0.406124,0.406496,-0.391735,-0.391577,0.330620,0.156490
9.906000,-0.000000,0.000000,0.593700,0.000000,0.000000,0.000000,0.000128,0.000000,1.199008,0.001444,0.592691,0.000043,0.000003,0.008643,0.401767,0.401767,-0.395677,-0.395677,0.406117,0.406486,-0.391729,-0.391571,0.330557,0.156462
9.918000,-0.000000,0.000000,0.593700,0.000000,0.000000,0.000000,0.000128,0.000000,1.199008,0.001444,0.592794,0.000043,0.000003,0.008506,0.401759,0.401759,-0.395669,-0.395669,0.406110,0.406475,-0.391723,-0.391566,0.330495,0.156435
9.930000,-0.000000,0.000000,0.593700,0.000000,0.000000,0.000000,0.000128,0.000000,1.199009,0.001444,0.592895,0.000043,0.000003,0.008372,0.401751,0.401751,-0.395662,-0.395662,0.406103,0.406466,-0.391718,-0.391561,0.330434,0.156408
9.942000,-0.000000,0.000000,0.593700,0.000000,0.000000,0.000000,0.000128,0.000000,1.199009,0.001444,0.592995,0.000043,0.000002,0.008239,0.401744,0.401744,-0.395655,-0.395655,0.406096,0.406456,-0.391713,-0.391556,0.330374,0.156381
9.954000,-0.000000,0.000000,0.593700,0.000000,0.000000,0.000000,0.000128,0.000000,1.199010,0.001444,0.593093,0.000043,0.000002,0.008108,0.401737,0.401737,-0.395648,-0.395648,0.406089,0.406447,-0.391708,-0.391552,0.330315,0.156355
9.966000,-0.000000,0.000000,0.593700,0.000000,0.000000,0.000000,0.000128,0.000000,1.199010,0.001444,0.593189,0.000043,0.000002,0.007980,0.401730,0.401730,-0.395641,-0.395641,0.406083,0.406438,-0.391704,-0.391547,0.330258,0.156330
9.978000,-0.000000,0.000000,0.593700,0.000000,0.000000,0.000000,0.000128,0.000000,1.199011,0.001444,0.593284,0.000043,0.000002,0.007853,0.401724,0.401724,-0.395635,-0.395635,0.406077,0.406430,-0.391699,-0.391543,0.330201,0.156305
9.990000,-0.000000,0.000000,0.593700,0.000000,0.000000,0.000000,0.000128,0.000000,1.199011,0.001444,0.593377,0.000043,0.000002,0.007729,0.401718,0.401718,-0.395628,-0.395628,0.406071,0.406421,-0.391695,-0.391539,0.330145,0.156280
