time,Prx,Pry,Prz,Vrx,Vry,Vrz,Yawr,vYawr,Pcx,Pcy,Pcz,Vcx,Vcy,Vcz,Pbx,Pby,Pbz,Vbx,Vby,Vbz,Rollt,Pitcht,Yawt,Rollc,Pitchc,Yawc,Pf0rx,Pf1rx,Pf2rx,Pf3rx,Pf0cx,Pf1cx,Pf2cx,Pf3cx,Pf0ry,Pf1ry,Pf2ry,Pf3ry,Pf0cy,Pf1cy,Pf2cy,Pf3cy,ux,uy,Forcex,Forcey,Forcez
1.000000,0.000000,0.000000,0.593700,0.000000,0.000000,0.000000,-0.000315,0.000000,0.000000,0.000000,0.593700,-0.000000,-0.000000,-0.000000,-0.002347,0.001216,0.596314,0.002672,-0.001071,0.012952,0.000000,0.000000,-0.000315,-0.000140,0.000585,-0.000355,0.401545,0.401545,-0.395455,-0.395455,0.404490,0.402853,-0.393761,-0.394940,0.234832,-0.234832,0.234832,-0.234832,0.233049,-0.236223,0.233161,-0.236820,0.330703,0.156288,0.000000,0.000000,0.000000
1.010000,0.014000,-0.000004,0.593700,2.000000,-0.000630,0.000000,-0.000315,0.000000,0.000104,0.000000,0.593698,0.026135,0.000034,-0.000571,-0.002317,0.001205,0.596439,0.003711,-0.001062,0.011858,0.000000,0.000000,-0.000315,-0.000138,0.000589,-0.000356,0.401560,0.401560,-0.395471,-0.395471,0.404484,0.402846,-0.393666,-0.394896,0.234832,-0.234832,0.234832,-0.234832,0.233061,-0.236212,0.233172,-0.236809,0.330581,0.156263,0.000000,0.000000,0.000000
1.020000,0.034000,-0.000011,0.593700,2.000000,-0.000630,0.000000,-0.000315,0.000000,0.000530,0.000001,0.593686,0.059014,0.000048,-0.001953,-0.002245,0.001195,0.596548,0.009275,-0.001045,0.009555,0.000000,0.000000,-0.000315,-0.000136,0.000619,-0.000356,0.401624,0.401624,-0.395535,-0.395535,0.404544,0.402903,-0.393499,-0.394783,0.234832,-0.234832,0.234832,-0.234832,0.233071,-0.236201,0.233182,-0.236798,0.330426,0.156241,0.000000,0.000000,0.000000
1.030000,0.054000,-0.000017,0.593700,2.000000,-0.000630,0.000000,-0.000315,0.000000,0.001286,0.000001,0.593655,0.092224,0.000044,-0.004404,-0.002075,0.001184,0.596633,0.020631,-0.001028,0.006893,0.000000,0.000000,-0.000315,-0.000133,0.000678,-0.000356,0.401738,0.401738,-0.395648,-0.395648,0.404728,0.403075,-0.393186,-0.394534,0.234832,-0.234832,0.234832,-0.234832,0.233080,-0.236190,0.233191,-0.236788,0.330174,0.156225,0.000000,0.000000,0.000000
1.040000,0.074000,-0.000023,0.593700,2.000000,-0.000630,0.000000,-0.000315,0.000000,0.002375,0.000001,0.593597,0.125549,0.000033,-0.007286,-0.001552,0.001173,0.596686,0.057503,-0.001151,0.004036,0.000000,0.000000,-0.000315,-0.000130,0.000749,-0.000355,0.401901,0.401901,-0.395812,-0.395812,0.405002,0.403329,-0.392773,-0.394146,0.234832,-0.234832,0.234832,-0.234832,0.233090,-0.236166,0.233189,-0.236777,0.329987,0.156216,0.000000,0.000000,0.000000
1.050000,0.094000,-0.000030,0.593700,2.000000,-0.000630,0.000000,-0.000315,0.000000,0.003796,0.000002,0.593513,0.158574,0.000018,-0.009384,-0.001001,0.001164,0.596722,0.066805,-0.000984,0.002859,0.000000,0.000000,-0.000315,-0.000128,0.000804,-0.000350,0.402114,0.402114,-0.396025,-0.396025,0.405209,0.403657,-0.392300,-0.393647,0.234832,-0.234832,0.234832,-0.234832,0.233096,-0.236158,0.233200,-0.236767,0.329442,0.156204,0.000000,0.000000,0.000000
1.060000,0.114000,-0.000036,0.593700,2.000000,-0.000630,0.000000,-0.000315,0.000000,0.005545,0.000002,0.593411,0.191351,-0.000006,-0.010860,-0.000267,0.001154,0.596729,0.082465,-0.000961,-0.000095,0.000000,0.000000,-0.000315,-0.000127,0.000870,-0.000337,0.402377,0.402377,-0.396287,-0.396287,0.405542,0.404151,-0.391692,-0.393070,0.234832,-0.234832,0.234832,-0.234832,0.233102,-0.236151,0.233214,-0.236752,0.328970,0.156206,0.000000,0.000000,0.000000
1.070000,0.134000,-0.000042,0.593700,2.000000,-0.000630,0.000000,-0.000315,0.000000,0.007623,0.000002,0.593295,0.224033,-0.000042,-0.012198,0.000706,0.001145,0.596715,0.107074,-0.000869,-0.001036,0.000000,0.000000,-0.000315,-0.000127,0.000931,-0.000319,0.402688,0.402688,-0.396599,-0.396599,0.406035,0.404812,-0.391095,-0.392409,0.234832,-0.234832,0.234832,-0.234832,0.233105,-0.236148,0.233229,-0.236736,0.328473,0.156222,0.000000,0.000000,0.000000
1.080000,0.154000,-0.000049,0.593700,2.000000,-0.000630,0.000000,-0.000315,0.000000,0.010025,0.000001,0.593169,0.256487,-0.000082,-0.012976,0.001957,0.001137,0.596688,0.136436,-0.000762,-0.001858,0.000000,0.000000,-0.000315,-0.000129,0.000975,-0.000302,0.403049,0.403049,-0.396959,-0.396959,0.406649,0.405590,-0.390625,-0.391827,0.234832,-0.234832,0.234832,-0.234832,0.233107,-0.236144,0.233245,-0.236720,0.328060,0.156234,0.000000,0.000000,0.000000
1.090000,0.174000,-0.000055,0.593700,2.000000,-0.000630,0.000000,-0.000315,0.000000,0.012752,-0.000000,0.593036,0.288843,-0.000121,-0.013556,0.003504,0.001129,0.596688,0.166946,-0.000703,-0.000583,0.000000,0.000000,-0.000315,-0.000129,0.001001,-0.000286,0.403457,0.403457,-0.397368,-0.397368,0.407351,0.406449,-0.390334,-0.391444,0.234832,-0.234832,0.234832,-0.234832,0.233109,-0.236142,0.233259,-0.236705,0.327794,0.156238,0.000000,0.000000,0.000000
1.100000,0.194000,-0.000061,0.593700,2.000000,-0.000630,0.000000,-0.000315,0.000000,0.015803,-0.000002,0.592895,0.321438,-0.000158,-0.014907,0.005508,0.001125,0.596690,0.213460,-0.000186,-0.001378,0.000000,0.000000,-0.000315,-0.000130,0.001012,-0.000273,0.403915,0.403915,-0.397826,-0.397826,0.408122,0.407301,-0.390322,-0.391283,0.234832,-0.234832,0.234832,-0.234832,0.233111,-0.236139,0.233257,-0.236693,0.327837,0.156234,0.000000,0.000000,0.000000
1.110000,0.214000,-0.000067,0.593700,2.000000,-0.000630,0.000000,-0.000315,0.000000,0.019181,-0.000003,0.592737,0.354159,-0.000189,-0.016624,0.007705,0.001118,0.596662,0.237752,-0.000675,-0.003403,0.000000,0.000000,-0.000315,-0.000132,0.001007,-0.000261,0.404422,0.404422,-0.398332,-0.398332,0.408833,0.407754,-0.390627,-0.391367,0.234832,-0.234832,0.234832,-0.234832,0.233115,-0.236132,0.233269,-0.236681,0.327900,0.156237,0.000000,0.000000,0.000000
1.120000,0.234000,-0.000074,0.593700,2.000000,-0.000630,0.000000,-0.000315,0.000000,0.022886,-0.000005,0.592565,0.386696,-0.000215,-0.017695,0.010159,0.001110,0.596599,0.259997,-0.000725,-0.006193,0.000000,0.000000,-0.000315,-0.000131,0.001021,-0.000255,0.404978,0.404978,-0.398888,-0.398888,0.409360,0.408184,-0.390999,-0.391661,0.234832,-0.234832,0.234832,-0.234832,0.233119,-0.236127,0.233278,-0.236671,0.328228,0.156260,0.000000,0.000000,0.000000
1.130000,0.254000,-0.000080,0.593700,2.000000,-0.000630,0.000000,-0.000315,0.000000,0.026914,-0.000008,0.592386,0.419044,-0.000234,-0.018084,0.012896,0.001103,0.596535,0.286550,-0.000672,-0.005570,0.000000,0.000000,-0.000315,-0.000131,0.001043,-0.000251,0.405582,0.405582,-0.399492,-0.399492,0.409852,0.408706,-0.391313,-0.392015,0.234832,-0.234832,0.234832,-0.234832,0.233124,-0.236121,0.233286,-0.236662,0.328575,0.156281,0.000000,0.000000,0.000000
1.140000,0.274000,-0.000086,0.593700,2.000000,-0.000630,0.000000,-0.000315,0.000000,0.031267,-0.000010,0.592203,0.451408,-0.000249,-0.018422,0.015944,0.001097,0.596487,0.317376,-0.000502,-0.005579,0.000000,0.000000,-0.000315,-0.000134,0.001053,-0.000248,0.406235,0.406235,-0.400145,-0.400145,0.410381,0.409327,-0.391649,-0.392347,0.234832,-0.234832,0.234832,-0.234832,0.233130,-0.236114,0.233295,-0.236653,0.328921,0.156305,0.000000,0.000000,0.000000
1.150000,0.294000,-0.000093,0.593700,2.000000,-0.000630,0.000000,-0.000315,0.000000,0.035943,-0.000013,0.592014,0.483972,-0.000265,-0.019683,0.019320,0.001091,0.596403,0.351905,-0.000538,-0.009125,0.000000,0.000000,-0.000315,-0.000136,0.001053,-0.000242,0.406936,0.406936,-0.400846,-0.400846,0.410961,0.409924,-0.392196,-0.392846,0.234832,-0.234832,0.234832,-0.234832,0.233135,-0.236109,0.233304,-0.236644,0.329453,0.156318,0.000000,0.000000,0.000000
1.162000,0.318000,-0.000100,0.593700,1.999999,-0.000630,0.000000,-0.000315,0.000000,0.041985,-0.000016,0.591765,0.522863,-0.000285,-0.021624,0.023808,0.001107,0.596291,0.392089,0.002710,-0.007410,-0.000835,-0.000676,-0.000316,-0.000184,0.001053,-0.000236,0.407838,0.407838,-0.401748,-0.401748,0.411495,0.410494,-0.393142,-0.393747,0.234832,-0.234832,0.234832,-0.234832,0.233138,-0.236106,0.233311,-0.236636,0.330262,0.156312,0.000000,0.000000,0.000000
1.172000,0.338000,-0.000106,0.593700,1.999999,-0.000629,0.000000,-0.000315,0.000000,0.047375,-0.000019,0.591542,0.555328,-0.000296,-0.022985,0.027890,0.001099,0.596247,0.422333,-0.000221,-0.005630,-0.000756,-0.000803,-0.000316,-0.000321,0.000942,-0.000237,0.408638,0.408638,-0.402549,-0.402549,0.411898,0.410998,-0.394072,-0.394697,0.234832,-0.234832,0.234832,-0.234832,0.233234,-0.236009,0.233407,-0.236540,0.331068,0.156340,0.000000,0.000000,0.000000
1.182000,0.358000,-0.000113,0.593700,1.999999,-0.000630,0.000000,-0.000315,0.000000,0.053093,-0.000022,0.591305,0.588416,-0.000307,-0.024705,0.032306,0.001096,0.596199,0.453754,0.000073,-0.007027,-0.000872,-0.000772,-0.000316,-0.000421,0.000798,-0.000233,0.409486,0.409486,-0.403396,-0.403396,0.412338,0.411493,-0.394983,-0.395684,0.234832,-0.234832,0.234832,-0.234832,0.233292,-0.235950,0.233468,-0.236478,0.331959,0.156346,0.000000,0.000000,0.000000
1.192000,0.378000,-0.000119,0.593700,1.999999,-0.000629,0.000000,-0.000315,0.000000,0.059144,-0.000025,0.591048,0.621548,-0.000319,-0.026328,0.037055,0.001091,0.596010,0.489476,-0.000489,-0.014596,-0.000847,-0.000862,-0.000316,-0.000526,0.000681,-0.000229,0.410383,0.410383,-0.404294,-0.404294,0.412710,0.411861,-0.396036,-0.396697,0.234832,-0.234832,0.234832,-0.234832,0.233360,-0.235882,0.233538,-0.236409,0.332940,0.156407,0.000000,0.000000,0.000000
1.202000,0.398000,-0.000125,0.593700,1.999999,-0.000629,0.000000,-0.000315,0.000000,0.065522,-0.000028,0.590780,0.653982,-0.000335,-0.027365,0.042139,0.001086,0.595941,0.522743,-0.000469,-0.006106,-0.000871,-0.000906,-0.000316,-0.000609,0.000587,-0.000222,0.411327,0.411327,-0.405238,-0.405238,0.413021,0.412245,-0.397368,-0.397989,0.234832,-0.234832,0.234832,-0.234832,0.233411,-0.235831,0.233594,-0.236351,0.334082,0.156428,0.000000,0.000000,0.000000
1.212000,0.418000,-0.000132,0.593700,1.999999,-0.000629,0.000000,-0.000315,0.000000,0.072225,-0.000032,0.590504,0.686865,-0.000349,-0.027924,0.047550,0.001082,0.595853,0.554332,-0.000409,-0.012855,-0.001012,-0.000830,-0.000316,-0.000686,0.000491,-0.000220,0.412316,0.412316,-0.406227,-0.406227,0.413385,0.412626,-0.398839,-0.399483,0.234832,-0.234832,0.234832,-0.234832,0.233459,-0.235782,0.233644,-0.236301,0.335418,0.156437,0.000000,0.000000,0.000000
1.222000,0.438000,-0.000138,0.593700,1.999999,-0.000629,0.000000,-0.000315,0.000000,0.079261,-0.000035,0.590216,0.720377,-0.000363,-0.029497,0.053288,0.001075,0.595705,0.586277,-0.000762,-0.012714,-0.000863,-0.001059,-0.000316,-0.000752,0.000422,-0.000212,0.413354,0.413354,-0.407265,-0.407265,0.413688,0.412934,-0.400257,-0.400962,0.234832,-0.234832,0.234832,-0.234832,0.233503,-0.235737,0.233693,-0.236252,0.336730,0.156492,0.000000,0.000000,0.000000
1.232000,0.458000,-0.000144,0.593700,1.999999,-0.000629,0.000000,-0.000315,0.000000,0.086632,-0.000039,0.589919,0.753621,-0.000383,-0.029886,0.059354,0.001068,0.595606,0.620218,-0.000287,-0.011424,-0.000840,-0.000942,-0.000316,-0.000780,0.000341,-0.000202,0.414443,0.414443,-0.408353,-0.408353,0.413998,0.413308,-0.401856,-0.402476,0.234832,-0.234832,0.234832,-0.234832,0.233521,-0.235719,0.233719,-0.236225,0.338155,0.156534,0.000000,0.000000,0.000000
1.242000,0.478000,-0.000151,0.593700,1.999999,-0.000629,0.000000,-0.000315,0.000000,0.094335,-0.000043,0.589617,0.787082,-0.000398,-0.030461,0.065760,0.001065,0.595423,0.654473,-0.000578,-0.016084,-0.000893,-0.001045,-0.000316,-0.000835,0.000290,-0.000202,0.415581,0.415581,-0.409492,-0.409492,0.414322,0.413646,-0.403656,-0.404254,0.234832,-0.234832,0.234832,-0.234832,0.233556,-0.235684,0.233755,-0.236189,0.339751,0.156572,0.000000,0.000000,0.000000
1.252000,0.498000,-0.000157,0.593700,1.999999,-0.000629,0.000000,-0.000315,0.000000,0.102373,-0.000047,0.589311,0.820625,-0.000408,-0.030813,0.072491,0.001056,0.595360,0.685010,-0.000794,-0.007931,-0.000851,-0.001142,-0.000316,-0.000860,0.000234,-0.000197,0.416770,0.416770,-0.410681,-0.410681,0.414624,0.414018,-0.405409,-0.406044,0.234832,-0.234832,0.234832,-0.234832,0.233578,-0.235661,0.233779,-0.236165,0.341316,0.156600,0.000000,0.000000,0.000000
1.262000,0.518000,-0.000163,0.593700,1.999999,-0.000629,0.000000,-0.000315,0.000000,0.110749,-0.000051,0.588997,0.854580,-0.000424,-0.031892,0.079556,0.001054,0.595114,0.720821,-0.000483,-0.021711,-0.000906,-0.001051,-0.000316,-0.000889,0.000172,-0.000188,0.418009,0.418009,-0.411920,-0.411920,0.414975,0.414390,-0.407361,-0.407875,0.234832,-0.234832,0.234832,-0.234832,0.233592,-0.235647,0.233801,-0.236143,0.343082,0.156659,0.000000,0.000000,0.000000
1.272000,0.538000,-0.000169,0.593700,1.999998,-0.000629,0.000000,-0.000315,0.000000,0.119464,-0.000055,0.588677,0.888399,-0.000437,-0.032055,0.086958,0.001048,0.595004,0.753182,-0.000324,-0.013510,-0.000861,-0.001176,-0.000316,-0.000910,0.000140,-0.000188,0.419300,0.419300,-0.413210,-0.413210,0.415301,0.414773,-0.409454,-0.409951,0.234832,-0.234832,0.234832,-0.234832,0.233608,-0.235631,0.233818,-0.236125,0.344912,0.156697,0.000000,0.000000,0.000000
1.282000,0.558000,-0.000176,0.593700,1.999998,-0.000629,0.000000,-0.000315,0.000000,0.128517,-0.000060,0.588358,0.922256,-0.000449,-0.031808,0.094690,0.001043,0.594812,0.785213,-0.000766,-0.017731,-0.000852,-0.001399,-0.000316,-0.000937,0.000087,-0.000180,0.420641,0.420641,-0.414551,-0.414551,0.415655,0.415130,-0.411405,-0.411930,0.234832,-0.234832,0.234832,-0.234832,0.233627,-0.235611,0.233841,-0.236101,0.346675,0.156742,0.000000,0.000000,0.000000
1.292000,0.578000,-0.000182,0.593700,1.999998,-0.000629,0.000000,-0.000315,0.000000,0.137911,-0.000064,0.588036,0.956671,-0.000465,-0.032669,0.102761,0.001040,0.594695,0.821129,0.000025,-0.013396,-0.000846,-0.001273,-0.000316,-0.000938,0.000016,-0.000174,0.422033,0.422033,-0.415943,-0.415943,0.416005,0.415537,-0.413582,-0.414064,0.234832,-0.234832,0.234832,-0.234832,0.233624,-0.235613,0.233845,-0.236097,0.348392,0.156784,0.000000,0.000000,0.000000
1.302000,0.598000,-0.000188,0.593700,1.999998,-0.000629,0.000000,-0.000315,0.000000,0.147650,-0.000069,0.587706,0.991036,-0.000473,-0.033118,0.111174,0.001033,0.594450,0.854027,-0.000537,-0.016265,-0.000796,-0.001472,-0.000316,-0.000946,-0.000035,-0.000177,0.423477,0.423477,-0.417387,-0.417387,0.416366,0.415960,-0.415804,-0.416328,0.234832,-0.234832,0.234832,-0.234832,0.233637,-0.235600,0.233855,-0.236086,0.348896,0.156854,0.000000,0.000000,0.000000
1.312000,0.618000,-0.000195,0.593700,1.999998,-0.000629,0.000000,-0.000315,0.000000,0.157733,-0.000074,0.587372,1.025553,-0.000481,-0.033891,0.119920,0.001030,0.594277,0.888357,-0.000189,-0.024519,-0.000970,-0.001307,-0.000316,-0.000947,-0.000107,-0.000175,0.424972,0.424972,-0.418883,-0.418883,0.416775,0.416428,-0.418050,-0.418537,0.234832,-0.234832,0.234832,-0.234832,0.233637,-0.235600,0.233857,-0.236084,0.349266,0.156882,0.000000,0.000000,0.000000
1.322000,0.638000,-0.000201,0.593700,1.999998,-0.000629,0.000000,-0.000315,0.000000,0.168160,-0.000079,0.587032,1.059835,-0.000483,-0.034187,0.129015,0.001024,0.594118,0.922514,-0.000559,-0.010509,-0.000842,-0.001489,-0.000316,-0.000960,-0.000146,-0.000183,0.426518,0.426518,-0.420429,-0.420429,0.417207,0.416884,-0.420475,-0.420978,0.234832,-0.234832,0.234832,-0.234832,0.233652,-0.235585,0.233867,-0.236073,0.349692,0.156944,0.000000,0.000000,0.000000
1.332000,0.658000,-0.000207,0.593700,1.999998,-0.000629,0.000000,-0.000315,0.000000,0.178932,-0.000083,0.586684,1.094527,-0.000481,-0.035216,0.138442,0.001020,0.593910,0.956431,-0.000832,-0.023303,-0.000808,-0.001510,-0.000316,-0.000971,-0.000208,-0.000191,0.428116,0.428116,-0.422027,-0.422027,0.417670,0.417397,-0.422847,-0.423323,0.234832,-0.234832,0.234832,-0.234832,0.233665,-0.235572,0.233874,-0.236066,0.350182,0.157008,0.000000,0.000000,0.000000
1.342000,0.678000,-0.000213,0.593700,1.999998,-0.000629,0.000000,-0.000315,0.000000,0.190051,-0.000088,0.586324,1.129604,-0.000481,-0.037257,0.148729,0.001025,0.593770,1.027773,0.000587,-0.023514,-0.000805,-0.001504,-0.000316,-0.000974,-0.000262,-0.000191,0.429766,0.429766,-0.423677,-0.423677,0.418005,0.417809,-0.425585,-0.426053,0.234832,-0.234832,0.234832,-0.234832,0.233649,-0.235592,0.233856,-0.236048,0.350534,0.157028,0.000000,0.000000,0.000000
1.352000,0.698000,-0.000220,0.593700,1.999998,-0.000629,0.000000,-0.000315,0.000000,0.201521,-0.000093,0.585946,1.164325,-0.000499,-0.038154,0.158845,0.001031,0.593523,1.032543,0.000123,-0.024499,-0.000886,-0.001434,-0.000316,-0.000975,-0.000304,-0.000167,0.431469,0.431469,-0.425379,-0.425379,0.418282,0.418134,-0.428399,-0.428842,0.234832,-0.234832,0.234832,-0.234832,0.233643,-0.235643,0.233869,-0.236035,0.350851,0.157095,0.000000,0.000000,0.000000
1.362000,0.718000,-0.000226,0.593700,1.999998,-0.000629,0.000000,-0.000315,0.000000,0.213337,-0.000098,0.585565,1.198530,-0.000517,-0.037463,0.169235,0.001028,0.593251,1.053619,-0.000552,-0.019125,-0.000782,-0.001419,-0.000316,-0.000988,-0.000275,-0.000166,0.433223,0.433223,-0.427134,-0.427134,0.418749,0.418606,-0.431239,-0.431684,0.234832,-0.234832,0.234832,-0.234832,0.233654,-0.235646,0.233884,-0.236018,0.351343,0.157172,0.000000,0.000000,0.000000
1.372000,0.738000,-0.000232,0.593700,1.999997,-0.000629,0.000000,-0.000315,0.000000,0.225492,-0.000103,0.585196,1.232666,-0.000522,-0.036666,0.179936,0.001025,0.592986,1.083469,-0.000728,-0.030034,-0.000897,-0.001598,-0.000316,-0.001000,-0.000280,-0.000174,0.435028,0.435028,-0.428939,-0.428939,0.419364,0.419197,-0.433861,-0.434265,0.234832,-0.234832,0.234832,-0.234832,0.233666,-0.235638,0.233891,-0.236011,0.351999,0.157237,0.000000,0.000000,0.000000
1.382000,0.758000,-0.000239,0.593700,1.999998,-0.000629,0.000000,-0.000315,0.000000,0.237990,-0.000109,0.584816,1.266975,-0.000519,-0.039725,0.190991,0.001020,0.592761,1.118148,-0.000190,-0.024904,-0.000858,-0.001610,-0.000316,-0.001001,-0.000303,-0.000187,0.436879,0.436879,-0.430790,-0.430790,0.420028,0.419849,-0.436537,-0.436924,0.234832,-0.234832,0.234832,-0.234832,0.233673,-0.235632,0.233888,-0.236012,0.352607,0.157304,0.000000,0.000000,0.000000
1.392000,0.778000,-0.000245,0.593700,1.999997,-0.000629,0.000000,-0.000315,0.000000,0.250832,-0.000114,0.584394,1.301458,-0.000515,-0.044888,0.202394,0.001010,0.592544,1.154670,-0.000370,-0.024059,-0.000746,-0.001674,-0.000316,-0.000975,-0.000364,-0.000196,0.438767,0.438767,-0.432678,-0.432678,0.420716,0.420547,-0.439183,-0.439485,0.234832,-0.234832,0.234832,-0.234832,0.233668,-0.235635,0.233878,-0.236023,0.353269,0.157381,0.000000,0.000000,0.000000
1.402000,0.798000,-0.000251,0.593700,1.999997,-0.000629,0.000000,-0.000315,0.000000,0.264021,-0.000119,0.583920,1.336289,-0.000510,-0.049920,0.214161,0.001006,0.592389,1.189491,-0.000807,-0.012343,-0.000840,-0.001747,-0.000316,-0.000983,-0.000409,-0.000207,0.440691,0.440691,-0.434602,-0.434602,0.421463,0.421247,-0.441886,-0.442138,0.234832,-0.234832,0.234832,-0.234832,0.233680,-0.235623,0.233881,-0.236019,0.353903,0.157415,0.000000,0.000000,0.000000
1.414000,0.822000,-0.000259,0.593700,1.999997,-0.000629,0.000000,-0.000315,0.000000,0.280310,-0.000125,0.583288,1.378422,-0.000508,-0.055449,0.228757,0.000998,0.592029,1.234218,-0.000200,-0.018491,-0.000682,-0.001740,-0.000316,-0.000946,-0.000457,-0.000216,0.443055,0.443055,-0.436966,-0.436966,0.422348,0.422185,-0.445312,-0.445461,0.234832,-0.234832,0.234832,-0.234832,0.233665,-0.235637,0.233858,-0.236040,0.354774,0.157544,0.000000,0.000000,0.000000
1.424000,0.842000,-0.000265,0.593700,1.999997,-0.000629,0.000000,-0.000315,0.000000,0.294271,-0.000130,0.582717,1.413592,-0.000508,-0.057645,0.241873,0.000981,0.591780,1.295940,-0.001610,-0.021290,-0.000609,-0.001758,-0.000316,-0.000929,-0.000529,-0.000221,0.445072,0.445072,-0.438983,-0.438983,0.422883,0.422768,-0.448542,-0.448562,0.234832,-0.234832,0.234832,-0.234832,0.233699,-0.235623,0.233835,-0.236035,0.355393,0.157627,0.000000,0.000000,0.000000
1.434000,0.861999,-0.000271,0.593700,1.999997,-0.000630,0.000000,-0.000315,0.000000,0.308582,-0.000135,0.582137,1.448882,-0.000512,-0.058741,0.254753,0.000959,0.591526,1.305354,-0.001759,-0.024893,-0.000067,-0.001638,-0.000316,-0.000850,-0.000531,-0.000222,0.447141,0.447141,-0.441052,-0.441052,0.423503,0.423506,-0.451711,-0.451692,0.234832,-0.234832,0.234832,-0.234832,0.233692,-0.235655,0.233800,-0.236069,0.356051,0.157727,0.000000,0.000000,0.000000
1.444000,0.881999,-0.000278,0.593700,1.999998,-0.000630,0.000000,-0.000315,0.000000,0.323248,-0.000140,0.581543,1.484283,-0.000519,-0.059939,0.267936,0.000957,0.591207,1.332742,-0.000561,-0.021914,-0.000183,-0.001470,-0.000316,-0.000763,-0.000487,-0.000224,0.449263,0.449263,-0.443174,-0.443174,0.424296,0.424372,-0.454788,-0.454819,0.234832,-0.234832,0.234832,-0.234832,0.233643,-0.235710,0.233743,-0.236124,0.356833,0.157801,0.000000,0.000000,0.000000
1.454000,0.901999,-0.000284,0.593700,1.999998,-0.000630,0.000000,-0.000315,0.000000,0.338270,-0.000146,0.580933,1.520209,-0.000527,-0.062581,0.281453,0.000950,0.590943,1.365421,-0.000534,-0.036007,-0.000049,-0.001265,-0.000316,-0.000665,-0.000473,-0.000223,0.451439,0.451439,-0.445349,-0.445349,0.425228,0.425339,-0.457761,-0.457734,0.234832,-0.234832,0.234832,-0.234832,0.233591,-0.235765,0.233689,-0.236178,0.357674,0.157885,0.000000,0.000000,0.000000
1.464000,0.921999,-0.000290,0.593700,1.999998,-0.000629,0.000000,-0.000315,0.000000,0.353651,-0.000151,0.580281,1.556165,-0.000533,-0.068050,0.295342,0.000959,0.590650,1.402058,0.000560,-0.032514,-0.000206,-0.001439,-0.000316,-0.000634,-0.000424,-0.000227,0.453663,0.453663,-0.447573,-0.447573,0.426243,0.426308,-0.460722,-0.460623,0.234832,-0.234832,0.234832,-0.234832,0.233557,-0.235797,0.233654,-0.236213,0.358657,0.157928,0.000000,0.000000,0.000000
1.474000,0.941999,-0.000296,0.593700,1.999998,-0.000630,0.000000,-0.000315,0.000000,0.369392,-0.000156,0.579564,1.591824,-0.000538,-0.075837,0.309604,0.000949,0.590353,1.440395,-0.000628,-0.025587,-0.000153,-0.001484,-0.000316,-0.000578,-0.000391,-0.000229,0.455927,0.455927,-0.449838,-0.449838,0.427292,0.427317,-0.463757,-0.463548,0.234832,-0.234832,0.234832,-0.234832,0.233535,-0.235819,0.233629,-0.236238,0.359608,0.158048,0.000000,0.000000,0.000000
1.484000,0.961999,-0.000303,0.593700,1.999998,-0.000630,0.000000,-0.000315,0.000000,0.385491,-0.000162,0.578765,1.628165,-0.000546,-0.083659,0.324239,0.000953,0.590147,1.477607,-0.000117,-0.024480,-0.000309,-0.001461,-0.000316,-0.000548,-0.000402,-0.000226,0.458225,0.458225,-0.452136,-0.452136,0.428379,0.428350,-0.466904,-0.466581,0.234832,-0.234832,0.234832,-0.234832,0.233507,-0.235847,0.233602,-0.236263,0.360583,0.158064,0.000000,0.000000,0.000000
1.494000,0.981999,-0.000309,0.593700,1.999998,-0.000630,0.000000,-0.000315,0.000000,0.401958,-0.000167,0.577896,1.665244,-0.000556,-0.089898,0.339255,0.000952,0.589747,1.517645,-0.000354,-0.029093,-0.000276,-0.001430,-0.000316,-0.000544,-0.000405,-0.000224,0.460569,0.460569,-0.454479,-0.454479,0.429500,0.429361,-0.470217,-0.469898,0.234832,-0.234832,0.234832,-0.234832,0.233498,-0.235854,0.233598,-0.236266,0.361643,0.158185,0.000000,0.000000,0.000000
1.504000,1.001999,-0.000315,0.593700,1.999998,-0.000630,0.000000,-0.000315,0.000000,0.418796,-0.000173,0.576970,1.702258,-0.000567,-0.095367,0.354645,0.000953,0.589360,1.554098,0.000193,-0.041579,-0.000183,-0.001291,-0.000316,-0.000521,-0.000392,-0.000219,0.462964,0.462964,-0.456875,-0.456875,0.430656,0.430438,-0.473676,-0.473255,0.234832,-0.234832,0.234832,-0.234832,0.233475,-0.235875,0.233581,-0.236283,0.362682,0.158299,0.000000,0.000000,0.000000
1.514000,1.021999,-0.000322,0.593700,1.999998,-0.000630,0.000000,-0.000315,0.000000,0.436000,-0.000178,0.575986,1.738628,-0.000578,-0.101564,0.370420,0.000948,0.588963,1.592880,-0.000194,-0.034901,-0.000136,-0.001211,-0.000316,-0.000490,-0.000344,-0.000214,0.465405,0.465405,-0.459316,-0.459316,0.431829,0.431516,-0.477259,-0.476707,0.234832,-0.234832,0.234832,-0.234832,0.233455,-0.235895,0.233567,-0.236297,0.363760,0.158416,0.000000,0.000000,0.000000
1.524000,1.041999,-0.000328,0.593700,2.000000,-0.000630,0.000000,-0.000315,0.000000,0.453570,-0.000184,0.574945,1.775389,-0.000591,-0.105814,0.387155,0.000934,0.588461,1.658003,-0.002051,-0.059806,0.000000,0.000000,-0.000315,-0.000471,-0.000315,-0.000203,0.467891,0.467891,-0.461802,-0.461802,0.432851,0.432427,-0.481633,-0.480623,0.234832,-0.234832,0.234832,-0.234832,0.233428,-0.235887,0.233586,-0.236285,0.364750,0.158565,0.000000,0.000000,0.000000
1.534000,1.061999,-0.000334,0.593700,2.000000,-0.000630,0.000000,-0.000315,0.000000,0.471506,-0.000190,0.573879,1.811943,-0.000604,-0.107769,0.403662,0.000930,0.588011,1.667544,-0.000575,-0.053046,0.000000,0.000000,-0.000315,-0.000414,-0.000050,-0.000194,0.470431,0.470431,-0.464341,-0.464341,0.433931,0.433473,-0.485876,-0.484619,0.234832,-0.234832,0.234832,-0.234832,0.233383,-0.235931,0.233571,-0.236319,0.365812,0.158670,0.000000,0.000000,0.000000
1.544000,1.081999,-0.000341,0.593700,2.000000,-0.000630,0.000000,-0.000315,0.000000,0.489807,-0.000196,0.572795,1.848398,-0.000615,-0.109146,0.420465,0.000926,0.587612,1.693366,-0.000387,-0.044042,0.000000,0.000000,-0.000315,-0.000364,0.000205,-0.000191,0.473026,0.473026,-0.466936,-0.466936,0.435183,0.434687,-0.489794,-0.488474,0.234832,-0.234832,0.234832,-0.234832,0.233350,-0.235963,0.233548,-0.236347,0.366966,0.158801,0.000000,0.000000,0.000000
1.554000,1.101999,-0.000347,0.593700,2.000000,-0.000630,0.000000,-0.000315,0.000000,0.508479,-0.000203,0.571683,1.885875,-0.000625,-0.113346,0.437761,0.000923,0.587172,1.743030,-0.001070,-0.037719,0.000000,0.000000,-0.000315,-0.000334,0.000392,-0.000184,0.475676,0.475676,-0.469586,-0.469586,0.436505,0.435886,-0.493497,-0.492194,0.234832,-0.234832,0.234832,-0.234832,0.233322,-0.235965,0.233528,-0.236368,0.368093,0.158872,0.000000,0.000000,0.000000
1.564000,1.121999,-0.000353,0.593700,2.000000,-0.000630,0.000000,-0.000315,0.000000,0.527528,-0.000209,0.570519,1.923818,-0.000636,-0.119614,0.455334,0.000921,0.586482,1.774775,-0.000307,-0.067781,0.000000,0.000000,-0.000315,-0.000303,0.000536,-0.000174,0.478380,0.478380,-0.472290,-0.472290,0.437926,0.437064,-0.497187,-0.495808,0.234832,-0.234832,0.234832,-0.234832,0.233296,-0.235992,0.233514,-0.236382,0.369594,0.159076,0.000000,0.000000,0.000000
1.574000,1.141999,-0.000359,0.593700,2.000000,-0.000630,0.000000,-0.000315,0.000000,0.546951,-0.000215,0.569292,1.960284,-0.000643,-0.123301,0.474580,0.000931,0.586160,1.891930,-0.000084,-0.039415,0.000000,0.000000,-0.000315,-0.000268,0.000567,-0.000191,0.481129,0.481129,-0.475040,-0.475040,0.438198,0.437759,-0.500830,-0.499485,0.234832,-0.234832,0.234832,-0.234832,0.233143,-0.235935,0.233486,-0.236411,0.370234,0.159108,0.000000,0.000000,0.000000
1.584000,1.161999,-0.000366,0.593700,2.000000,-0.000630,0.000000,-0.000315,0.000000,0.566737,-0.000222,0.568055,1.997142,-0.000645,-0.124651,0.492895,0.000931,0.585435,1.861251,-0.000031,-0.051482,0.000000,0.000000,-0.000315,-0.000233,0.000680,-0.000198,0.483931,0.483931,-0.477841,-0.477841,0.438487,0.438468,-0.504658,-0.503370,0.234832,-0.234832,0.234832,-0.234832,0.233119,-0.235957,0.233457,-0.236438,0.370916,0.159291,0.000000,0.000000,0.000000
1.594000,1.181999,-0.000372,0.593700,1.999999,-0.000629,0.000000,-0.000315,0.000000,0.586888,-0.000228,0.566815,2.032127,-0.000650,-0.120732,0.511973,0.000913,0.584774,1.916895,-0.002305,-0.070606,0.000000,0.000000,-0.000315,-0.000111,0.000856,-0.000204,0.486787,0.486787,-0.480697,-0.480697,0.439140,0.439638,-0.508402,-0.507086,0.234832,-0.234832,0.234832,-0.234832,0.233009,-0.235983,0.233415,-0.236481,0.371909,0.159481,0.000000,0.000000,0.000000
1.604000,1.201999,-0.000378,0.593700,1.999999,-0.000630,0.000000,-0.000315,0.000000,0.607365,-0.000235,0.565678,2.063328,-0.000655,-0.106434,0.531632,0.000916,0.584244,1.958144,0.000851,-0.058167,0.000200,0.001172,-0.000315,-0.000121,0.000925,-0.000192,0.489692,0.489692,-0.483602,-0.483602,0.439681,0.439939,-0.512103,-0.510843,0.234832,-0.234832,0.234832,-0.234832,0.232953,-0.235900,0.233391,-0.236505,0.372613,0.159554,0.000000,0.000000,0.000000
1.614000,1.221999,-0.000385,0.593700,1.999999,-0.000630,0.000000,-0.000315,0.000000,0.628158,-0.000241,0.564677,2.094765,-0.000663,-0.092608,0.551384,0.000905,0.583625,1.990662,0.000673,-0.059036,0.000682,0.001244,-0.000314,-0.000096,0.001190,-0.000181,0.492644,0.492644,-0.486555,-0.486555,0.440698,0.440376,-0.515854,-0.514601,0.234832,-0.234832,0.234832,-0.234832,0.232904,-0.235849,0.233379,-0.236516,0.373348,0.159740,0.000000,0.000000,0.000000
1.624000,1.241999,-0.000391,0.593700,1.999998,-0.000630,0.000000,-0.000315,0.000000,0.649241,-0.000248,0.563847,2.119574,-0.000670,-0.074071,0.571016,0.000905,0.582830,1.992093,0.000397,-0.075929,0.000108,0.001186,-0.000315,-0.000053,0.001452,-0.000187,0.495630,0.495630,-0.489540,-0.489540,0.442146,0.440970,-0.519546,-0.518375,0.234832,-0.234832,0.234832,-0.234832,0.232866,-0.235862,0.233347,-0.236547,0.374689,0.159913,0.000000,0.000000,0.000000
1.634000,1.261999,-0.000397,0.593700,1.999998,-0.000630,0.000000,-0.000315,0.000000,0.670504,-0.000255,0.563170,2.132152,-0.000674,-0.061515,0.591280,0.000899,0.582262,2.022136,0.000213,-0.068199,0.000308,0.001371,-0.000314,-0.000033,0.001638,-0.000168,0.498531,0.498531,-0.492442,-0.492442,0.443662,0.441557,-0.523180,-0.522132,0.234832,-0.234832,0.234832,-0.234832,0.232818,-0.235828,0.233337,-0.236556,0.375927,0.160053,0.000000,0.000000,0.000000
1.644000,1.281999,-0.000404,0.593700,1.999998,-0.000629,0.000000,-0.000315,0.000000,0.691872,-0.000261,0.562603,2.141222,-0.000677,-0.052441,0.611616,0.000877,0.581472,2.048304,-0.001304,-0.073153,0.000786,0.001274,-0.000313,0.000040,0.001828,-0.000157,0.501259,0.501259,-0.495170,-0.495170,0.445261,0.442582,-0.526965,-0.525911,0.234832,-0.234832,0.234832,-0.234832,0.232772,-0.235824,0.233318,-0.236575,0.377451,0.160332,0.000000,0.000000,0.000000
1.654000,1.301999,-0.000410,0.593700,1.999998,-0.000631,0.000000,-0.000315,0.000000,0.713337,-0.000268,0.562094,2.151558,-0.000679,-0.048738,0.633121,0.000890,0.580856,2.124397,-0.000667,-0.058887,-0.000037,0.001475,-0.000315,0.000011,0.001830,-0.000178,0.503788,0.503788,-0.497699,-0.497699,0.445881,0.443251,-0.530717,-0.529757,0.234832,-0.234832,0.234832,-0.234832,0.232660,-0.235675,0.233294,-0.236599,0.378477,0.160338,0.000000,0.000000,0.000000
1.664000,1.321999,-0.000416,0.593700,1.999998,-0.000630,0.000000,-0.000315,0.000000,0.734901,-0.000275,0.561637,2.161184,-0.000680,-0.042567,0.653641,0.000877,0.580086,2.078138,-0.000062,-0.068979,-0.000023,0.001157,-0.000315,0.000020,0.001852,-0.000176,0.506117,0.506117,-0.500028,-0.500028,0.446602,0.443715,-0.534478,-0.533641,0.234832,-0.234832,0.234832,-0.234832,0.232661,-0.235675,0.233300,-0.236594,0.379567,0.160585,0.000000,0.000000,0.000000
1.676000,1.345999,-0.000424,0.593700,2.000000,-0.000630,0.000000,-0.000315,0.000000,0.760901,-0.000283,0.561181,2.172123,-0.000681,-0.032949,0.679197,0.000847,0.579381,2.125324,-0.002489,-0.062728,0.000000,0.000000,-0.000315,-0.000001,0.001799,-0.000163,0.508648,0.508648,-0.502559,-0.502559,0.447677,0.444073,-0.538734,-0.537983,0.234832,-0.234832,0.234832,-0.234832,0.232634,-0.235513,0.233325,-0.236568,0.380727,0.160756,0.000000,0.000000,0.000000
1.686000,1.365999,-0.000430,0.593700,2.000000,-0.000630,0.000000,-0.000315,0.000000,0.782669,-0.000290,0.560889,2.181737,-0.000685,-0.026199,0.700180,0.000841,0.578651,2.115691,-0.002266,-0.051340,0.000000,0.000000,-0.000315,-0.000027,0.001617,-0.000165,0.510537,0.510537,-0.504447,-0.504447,0.448609,0.444173,-0.542111,-0.541513,0.234832,-0.234832,0.234832,-0.234832,0.232636,-0.235462,0.233332,-0.236559,0.381680,0.160966,0.000000,0.000000,0.000000
1.696000,1.385999,-0.000436,0.593700,2.000000,-0.000630,0.000000,-0.000315,0.000000,0.804537,-0.000297,0.560653,2.191738,-0.000686,-0.020432,0.721409,0.000851,0.577974,2.127489,-0.000260,-0.062084,0.000000,0.000000,-0.000315,-0.000041,0.001472,-0.000184,0.512226,0.512226,-0.506136,-0.506136,0.449237,0.444827,-0.545353,-0.544810,0.234832,-0.234832,0.234832,-0.234832,0.232588,-0.235458,0.233327,-0.236565,0.382743,0.161105,0.000000,0.000000,0.000000
1.706000,1.405999,-0.000443,0.593700,2.000000,-0.000630,0.000000,-0.000315,0.000000,0.826503,-0.000304,0.560484,2.201454,-0.000683,-0.013531,0.742838,0.000828,0.577415,2.155187,-0.003310,-0.054426,0.000000,0.000000,-0.000315,-0.000055,0.001356,-0.000201,0.513715,0.513715,-0.507625,-0.507625,0.449791,0.445501,-0.548402,-0.547903,0.234832,-0.234832,0.234832,-0.234832,0.232615,-0.235365,0.233334,-0.236558,0.383634,0.161289,0.000000,0.000000,0.000000
1.716000,1.425999,-0.000449,0.593700,2.000000,-0.000630,0.000000,-0.000315,0.000000,0.848565,-0.000311,0.560388,2.210685,-0.000683,-0.004912,0.764242,0.000832,0.576703,2.153870,-0.000456,-0.047586,0.000000,0.000000,-0.000315,-0.000075,0.001259,-0.000203,0.515004,0.515004,-0.508914,-0.508914,0.450308,0.446092,-0.551377,-0.550896,0.234832,-0.234832,0.234832,-0.234832,0.232598,-0.235363,0.233335,-0.236554,0.384659,0.161451,0.000000,0.000000,0.000000
1.726000,1.445999,-0.000455,0.593700,2.000000,-0.000630,0.000000,-0.000315,0.000000,0.870716,-0.000317,0.560389,2.219594,-0.000684,0.004902,0.785797,0.000816,0.576105,2.167152,-0.001977,-0.058345,0.000000,0.000000,-0.000315,-0.000081,0.001170,-0.000211,0.516092,0.516092,-0.510003,-0.510003,0.450795,0.446681,-0.554130,-0.553759,0.234832,-0.234832,0.234832,-0.234832,0.232613,-0.235325,0.233344,-0.236546,0.385568,0.161675,0.000000,0.000000,0.000000
1.736000,1.465999,-0.000462,0.593700,2.000000,-0.000630,0.000000,-0.000315,0.000000,0.892958,-0.000324,0.560483,2.228924,-0.000684,0.013617,0.807512,0.000810,0.575664,2.177256,-0.001245,-0.044392,0.000000,0.000000,-0.000315,-0.000082,0.001097,-0.000218,0.516981,0.516981,-0.510892,-0.510892,0.451066,0.447353,-0.556767,-0.556398,0.234832,-0.234832,0.234832,-0.234832,0.232602,-0.235317,0.233348,-0.236542,0.386323,0.161792,0.000000,0.000000,0.000000
1.746000,1.485999,-0.000468,0.593700,2.000000,-0.000630,0.000000,-0.000315,0.000000,0.915295,-0.000331,0.560659,2.238589,-0.000685,0.021506,0.829373,0.000812,0.575143,2.190265,-0.000174,-0.033475,0.000000,0.000000,-0.000315,-0.000104,0.001023,-0.000228,0.517670,0.517670,-0.511581,-0.511581,0.451237,0.447904,-0.559415,-0.558849,0.234832,-0.234832,0.234832,-0.234832,0.232615,-0.235306,0.233326,-0.236543,0.387116,0.161929,0.000000,0.000000,0.000000
1.756000,1.505999,-0.000474,0.593700,2.000000,-0.000630,0.000000,-0.000315,0.000000,0.937733,-0.000338,0.560903,2.249164,-0.000686,0.026779,0.851299,0.000800,0.574746,2.198850,-0.001192,-0.038919,-0.000667,-0.000962,-0.000315,-0.000109,0.000960,-0.000231,0.518159,0.518159,-0.512070,-0.512070,0.451306,0.448379,-0.561747,-0.561171,0.234832,-0.234832,0.234832,-0.234832,0.232631,-0.235291,0.233337,-0.236533,0.387699,0.161996,0.000000,0.000000,0.000000
1.766000,1.525999,-0.000480,0.593700,1.999999,-0.000631,0.000000,-0.000315,0.000000,0.960279,-0.000345,0.561196,2.259609,-0.000688,0.032580,0.873365,0.000778,0.574151,2.213012,-0.003225,-0.055387,0.000293,-0.001198,-0.000315,-0.000135,0.000811,-0.000230,0.518448,0.518448,-0.512359,-0.512359,0.451301,0.448760,-0.563814,-0.563262,0.234832,-0.234832,0.234832,-0.234832,0.232668,-0.235256,0.233372,-0.236497,0.388413,0.162280,0.000000,0.000000,0.000000
1.776000,1.545999,-0.000487,0.593700,1.999998,-0.000630,0.000000,-0.000315,0.000000,0.982920,-0.000352,0.561571,2.268672,-0.000690,0.042695,0.895576,0.000783,0.573873,2.227003,-0.000373,-0.016926,-0.000501,-0.001268,-0.000315,-0.000143,0.000572,-0.000234,0.518537,0.518537,-0.512448,-0.512448,0.451125,0.448921,-0.565700,-0.565167,0.234832,-0.234832,0.234832,-0.234832,0.232660,-0.235265,0.233358,-0.236510,0.388598,0.162273,0.000000,0.000000,0.000000
1.786000,1.565999,-0.000493,0.593700,1.999998,-0.000630,0.000000,-0.000315,0.000000,1.005654,-0.000359,0.562043,2.278211,-0.000692,0.051412,0.917942,0.000763,0.573377,2.241269,-0.001696,-0.046371,0.000511,-0.001694,-0.000316,-0.000159,0.000313,-0.000231,0.518426,0.518426,-0.512337,-0.512337,0.450810,0.448945,-0.567396,-0.566916,0.234832,-0.234832,0.234832,-0.234832,0.232688,-0.235240,0.233387,-0.236483,0.388985,0.162525,0.000000,0.000000,0.000000
1.796000,1.585999,-0.000499,0.593700,1.999998,-0.000629,0.000000,-0.000315,0.000000,1.028486,-0.000365,0.562595,2.288021,-0.000694,0.059322,0.940435,0.000764,0.573086,2.253860,-0.000266,-0.037113,-0.000263,-0.001601,-0.000315,-0.000169,0.000060,-0.000226,0.518115,0.518115,-0.512025,-0.512025,0.450351,0.448727,-0.568938,-0.568445,0.234832,-0.234832,0.234832,-0.234832,0.232686,-0.235243,0.233384,-0.236484,0.388874,0.162543,0.000000,0.000000,0.000000
1.806000,1.605999,-0.000506,0.593700,1.999998,-0.000630,0.000000,-0.000315,0.000000,1.051396,-0.000372,0.563254,2.293068,-0.000695,0.071013,0.963179,0.000755,0.572840,2.275077,-0.000883,-0.015322,-0.000156,-0.001714,-0.000315,-0.000222,-0.000134,-0.000225,0.517604,0.517604,-0.511514,-0.511514,0.449700,0.448286,-0.570404,-0.569982,0.234832,-0.234832,0.234832,-0.234832,0.232720,-0.235208,0.233399,-0.236423,0.388557,0.162602,0.000000,0.000000,0.000000
1.816000,1.625999,-0.000512,0.593700,1.999998,-0.000630,0.000000,-0.000315,0.000000,1.074343,-0.000379,0.563982,2.295426,-0.000696,0.073429,0.985941,0.000734,0.572564,2.281269,-0.002058,-0.016759,-0.000365,-0.001303,-0.000315,-0.000224,-0.000338,-0.000222,0.516893,0.516893,-0.510803,-0.510803,0.448892,0.447720,-0.571752,-0.571411,0.234832,-0.234832,0.234832,-0.234832,0.232736,-0.235195,0.233413,-0.236387,0.388019,0.162699,0.000000,0.000000,0.000000
1.826000,1.645999,-0.000518,0.593700,1.999997,-0.000629,0.000000,-0.000315,0.000000,1.097320,-0.000386,0.564712,2.300371,-0.000697,0.072257,1.008858,0.000728,0.572359,2.290208,0.000082,-0.029002,0.000357,-0.001363,-0.000316,-0.000278,-0.000513,-0.000225,0.515982,0.515982,-0.509892,-0.509892,0.447984,0.446940,-0.572877,-0.572845,0.234832,-0.234832,0.234832,-0.234832,0.232760,-0.235172,0.233420,-0.236322,0.387468,0.162788,0.000000,0.000000,0.000000
1.836000,1.665999,-0.000525,0.593700,1.999998,-0.000631,0.000000,-0.000315,0.000000,1.120343,-0.000393,0.565424,2.304607,-0.000699,0.070164,1.031756,0.000693,0.572247,2.291968,-0.002326,-0.007726,0.000540,-0.001088,-0.000316,-0.000148,-0.000585,-0.000233,0.514871,0.514871,-0.508781,-0.508781,0.446850,0.445990,-0.573989,-0.573854,0.234832,-0.234832,0.234832,-0.234832,0.232735,-0.235199,0.233345,-0.236355,0.386547,0.162865,0.000000,0.000000,0.000000
1.846000,1.685999,-0.000531,0.593700,1.999998,-0.000630,0.000000,-0.000315,0.000000,1.143401,-0.000400,0.566111,2.306008,-0.000698,0.066965,1.054768,0.000718,0.572035,2.299482,0.000983,-0.023048,0.000632,-0.001097,-0.000316,-0.000136,-0.000657,-0.000238,0.513559,0.513559,-0.507470,-0.507470,0.445595,0.444832,-0.575070,-0.574399,0.234832,-0.234832,0.234832,-0.234832,0.232707,-0.235228,0.233254,-0.236392,0.385677,0.162891,0.000000,0.000000,0.000000
1.856000,1.705999,-0.000537,0.593700,2.000000,-0.000630,0.000000,-0.000315,0.000000,1.166458,-0.000407,0.566761,2.305691,-0.000698,0.063074,1.077708,0.000707,0.572066,2.294705,-0.000830,-0.003280,0.000000,0.000000,-0.000315,-0.000117,-0.000567,-0.000247,0.512048,0.512048,-0.505959,-0.505959,0.444162,0.443459,-0.575861,-0.574669,0.234832,-0.234832,0.234832,-0.234832,0.232713,-0.235223,0.233233,-0.236389,0.384326,0.162840,0.000000,0.000000,0.000000
1.866000,1.725999,-0.000543,0.593700,2.000000,-0.000630,0.000000,-0.000315,0.000000,1.189509,-0.000414,0.567373,2.304618,-0.000698,0.059464,1.100792,0.000693,0.571991,2.304092,-0.001277,-0.013082,0.000000,0.000000,-0.000315,-0.000127,-0.000404,-0.000237,0.510337,0.510337,-0.504248,-0.504248,0.442586,0.441922,-0.576227,-0.574823,0.234832,-0.234832,0.234832,-0.234832,0.232716,-0.235220,0.233221,-0.236325,0.382878,0.162852,0.000000,0.000000,0.000000
1.876000,1.745999,-0.000550,0.593700,2.000000,-0.000630,0.000000,-0.000315,0.000000,1.212553,-0.000421,0.567946,2.303517,-0.000697,0.054893,1.123837,0.000680,0.571952,2.304568,-0.002125,0.001697,0.000000,0.000000,-0.000315,-0.000141,-0.000255,-0.000232,0.508426,0.508426,-0.502337,-0.502337,0.440845,0.440155,-0.576218,-0.574908,0.234832,-0.234832,0.234832,-0.234832,0.232732,-0.235205,0.233214,-0.236273,0.381344,0.162827,0.000000,0.000000,0.000000
1.886000,1.765999,-0.000556,0.593700,2.000000,-0.000630,0.000000,-0.000315,0.000000,1.235575,-0.000428,0.568474,2.301329,-0.000697,0.051017,1.146872,0.000656,0.572098,2.300390,-0.001569,0.008803,0.000000,0.000000,-0.000315,-0.000122,-0.000165,-0.000240,0.506316,0.506316,-0.500226,-0.500226,0.438835,0.438147,-0.575838,-0.574694,0.234832,-0.234832,0.234832,-0.234832,0.232736,-0.235202,0.233203,-0.236232,0.379559,0.162847,0.000000,0.000000,0.000000
1.896000,1.785999,-0.000562,0.593700,2.000000,-0.000630,0.000000,-0.000315,0.000000,1.258592,-0.000435,0.568973,2.301996,-0.000697,0.048912,1.169780,0.000647,0.572145,2.292340,-0.001554,0.010391,0.000000,0.000000,-0.000315,-0.000127,-0.000085,-0.000242,0.504056,0.504056,-0.497967,-0.497967,0.436676,0.436042,-0.575097,-0.574017,0.234832,-0.234832,0.234832,-0.234832,0.232743,-0.235195,0.233209,-0.236226,0.377614,0.162810,0.000000,0.000000,0.000000
1.906000,1.805999,-0.000569,0.593700,2.000000,-0.000630,0.000000,-0.000315,0.000000,1.281617,-0.000442,0.569455,2.302592,-0.000697,0.047625,1.192701,0.000638,0.572139,2.292429,-0.001104,-0.008390,0.000000,0.000000,-0.000315,-0.000130,-0.000005,-0.000250,0.501762,0.501762,-0.495672,-0.495672,0.434428,0.433785,-0.574033,-0.572936,0.234832,-0.234832,0.234832,-0.234832,0.232751,-0.235189,0.233210,-0.236225,0.375561,0.162834,0.000000,0.000000,0.000000
1.916000,1.825999,-0.000575,0.593700,2.000000,-0.000630,0.000000,-0.000315,0.000000,1.304629,-0.000449,0.569926,2.301062,-0.000696,0.046616,1.215669,0.000635,0.572325,2.295417,-0.000523,-0.010281,0.000000,0.000000,-0.000315,-0.000132,0.000054,-0.000254,0.499487,0.499487,-0.493397,-0.493397,0.431972,0.431497,-0.572687,-0.571633,0.234832,-0.234832,0.234832,-0.234832,0.232734,-0.235186,0.233211,-0.236225,0.373262,0.162749,0.000000,0.000000,0.000000
1.928000,1.849999,-0.000583,0.593700,1.999998,-0.000629,0.000000,-0.000315,0.000000,1.332210,-0.000457,0.570479,2.296041,-0.000695,0.045513,1.243255,0.000602,0.572570,2.298245,-0.002272,0.024460,0.000432,0.001109,-0.000315,-0.000043,0.000245,-0.000252,0.496800,0.496800,-0.490711,-0.490711,0.428972,0.428606,-0.571003,-0.569953,0.234832,-0.234832,0.234832,-0.234832,0.232713,-0.235207,0.233191,-0.236245,0.370435,0.162700,0.000000,0.000000,0.000000
1.938000,1.869999,-0.000589,0.593700,1.999997,-0.000630,0.000000,-0.000315,0.000000,1.355159,-0.000464,0.570930,2.292805,-0.000694,0.044628,1.266270,0.000613,0.572655,2.301109,0.000333,0.024009,0.000067,0.001744,-0.000315,-0.000036,0.000467,-0.000256,0.494601,0.494601,-0.488511,-0.488511,0.426450,0.426127,-0.569513,-0.568532,0.234832,-0.234832,0.234832,-0.234832,0.232682,-0.235237,0.233160,-0.236256,0.368009,0.162617,0.000000,0.000000,0.000000
1.948000,1.889999,-0.000595,0.593700,1.999998,-0.000630,0.000000,-0.000315,0.000000,1.378089,-0.000471,0.571372,2.292809,-0.000694,0.043761,1.289273,0.000594,0.572813,2.300595,-0.001503,0.022961,0.000210,0.001619,-0.000315,-0.000068,0.000716,-0.000260,0.492436,0.492436,-0.486347,-0.486347,0.423933,0.423564,-0.567978,-0.567079,0.234832,-0.234832,0.234832,-0.234832,0.232712,-0.235187,0.233192,-0.236226,0.365794,0.162597,0.000000,0.000000,0.000000
1.958000,1.909999,-0.000601,0.593700,1.999997,-0.000630,0.000000,-0.000315,0.000000,1.401009,-0.000478,0.571805,2.292204,-0.000694,0.042912,1.312271,0.000587,0.573016,2.298638,-0.000508,0.013740,0.000505,0.001624,-0.000314,-0.000057,0.000930,-0.000262,0.490306,0.490306,-0.484217,-0.484217,0.421448,0.420982,-0.566424,-0.565511,0.234832,-0.234832,0.234832,-0.234832,0.232712,-0.235189,0.233172,-0.236231,0.363452,0.162550,0.000000,0.000000,0.000000
1.968000,1.929999,-0.000608,0.593700,1.999997,-0.000629,0.000000,-0.000315,0.000000,1.423925,-0.000485,0.572230,2.291406,-0.000693,0.042079,1.335256,0.000571,0.573310,2.296800,-0.000983,0.025189,0.000330,0.001570,-0.000314,0.000045,0.001127,-0.000269,0.488210,0.488210,-0.482121,-0.482121,0.418905,0.418506,-0.564813,-0.563858,0.234832,-0.234832,0.234832,-0.234832,0.232671,-0.235229,0.233107,-0.236276,0.361097,0.162467,0.000000,0.000000,0.000000
1.978000,1.949999,-0.000614,0.593700,1.999998,-0.000629,0.000000,-0.000315,0.000000,1.446831,-0.000492,0.572647,2.289296,-0.000692,0.041263,1.358238,0.000554,0.573435,2.297718,-0.002569,0.016645,0.000372,0.001658,-0.000314,0.000090,0.001257,-0.000267,0.486148,0.486148,-0.480058,-0.480058,0.416309,0.416026,-0.563091,-0.562152,0.234832,-0.234832,0.234832,-0.234832,0.232648,-0.235237,0.233102,-0.236283,0.358782,0.162440,0.000000,0.000000,0.000000
1.988000,1.969999,-0.000620,0.593700,1.999998,-0.000630,0.000000,-0.000315,0.000000,1.469710,-0.000499,0.573055,2.286538,-0.000692,0.040462,1.381212,0.000575,0.573753,2.295158,0.001180,0.022400,0.000035,0.001375,-0.000315,0.000071,0.001344,-0.000271,0.484118,0.484118,-0.478029,-0.478029,0.413743,0.413591,-0.561346,-0.560418,0.234832,-0.234832,0.234832,-0.234832,0.232628,-0.235256,0.233061,-0.236306,0.356463,0.162279,0.000000,0.000000,0.000000
1.998000,1.989999,-0.000627,0.593700,1.999998,-0.000630,0.000000,-0.000315,0.000000,1.492567,-0.000506,0.573456,2.284086,-0.000691,0.039676,1.404187,0.000558,0.573900,2.297054,-0.000550,0.036985,0.000088,0.001311,-0.000315,0.000017,0.001400,-0.000272,0.482121,0.482121,-0.476032,-0.476032,0.411263,0.411141,-0.559590,-0.558700,0.234832,-0.234832,0.234832,-0.234832,0.232666,-0.235196,0.233100,-0.236266,0.354301,0.162267,0.000000,0.000000,0.000000
2.008000,2.009999,-0.000633,0.593700,1.999999,-0.000631,0.000000,-0.000315,0.000000,1.515399,-0.000513,0.573849,2.282183,-0.000691,0.038906,1.427129,0.000551,0.574147,2.293269,-0.000473,0.022879,0.000000,0.000000,-0.000315,-0.000029,0.001413,-0.000272,0.480156,0.480156,-0.474067,-0.474067,0.408881,0.408736,-0.557789,-0.556986,0.234832,-0.234832,0.234832,-0.234832,0.232698,-0.235166,0.233126,-0.236240,0.352173,0.162184,0.000000,0.000000,0.000000
2.018000,2.029999,-0.000639,0.593700,1.999999,-0.000630,0.000000,-0.000315,0.000000,1.538205,-0.000520,0.574234,2.279760,-0.000690,0.038151,1.450066,0.000530,0.574301,2.293074,-0.001488,0.019869,0.000000,0.000000,-0.000315,-0.000020,0.001298,-0.000275,0.478223,0.478223,-0.472133,-0.472133,0.406500,0.406486,-0.556047,-0.555287,0.234832,-0.234832,0.234832,-0.234832,0.232714,-0.235150,0.233127,-0.236224,0.350113,0.162184,0.000000,0.000000,0.000000
2.030000,2.053999,-0.000647,0.593700,2.000000,-0.000630,0.000000,-0.000315,0.000000,1.565541,-0.000528,0.574686,2.275940,-0.000689,0.037265,1.477564,0.000524,0.574531,2.290421,-0.000577,0.015453,0.000000,0.000000,-0.000315,-0.000045,0.001103,-0.000278,0.475943,0.475943,-0.469854,-0.469854,0.403682,0.403850,-0.553933,-0.553288,0.234832,-0.234832,0.234832,-0.234832,0.232728,-0.235138,0.233121,-0.236196,0.347695,0.162109,0.000000,0.000000,0.000000
2.042000,2.077999,-0.000654,0.593700,2.000000,-0.000630,0.000000,-0.000315,0.000000,1.592838,-0.000536,0.575128,2.274484,-0.000689,0.036398,1.505039,0.000504,0.574835,2.287727,-0.002076,0.012734,0.000000,0.000000,-0.000315,-0.000059,0.000892,-0.000279,0.473708,0.473708,-0.467618,-0.467618,0.400979,0.401254,-0.551820,-0.551381,0.234832,-0.234832,0.234832,-0.234832,0.232753,-0.235114,0.233131,-0.236157,0.345284,0.161974,0.000000,0.000000,0.000000
2.054000,2.101999,-0.000662,0.593700,2.000000,-0.000630,0.000000,-0.000315,0.000000,1.620113,-0.000545,0.575560,2.271985,-0.000689,0.035552,1.532534,0.000494,0.575175,2.288454,-0.000678,0.023418,0.000000,0.000000,-0.000315,-0.000123,0.000736,-0.000281,0.471514,0.471514,-0.465425,-0.465425,0.398275,0.398662,-0.549771,-0.549516,0.234832,-0.234832,0.234832,-0.234832,0.232765,-0.235069,0.233136,-0.236073,0.342987,0.161928,0.000000,0.000000,0.000000
2.064000,2.121999,-0.000668,0.593700,2.000000,-0.000630,0.000000,-0.000315,0.000000,1.642821,-0.000552,0.575912,2.269567,-0.000688,0.034862,1.555377,0.000477,0.575431,2.283309,-0.001823,0.034930,0.000000,0.000000,-0.000315,-0.000124,0.000641,-0.000279,0.469719,0.469719,-0.463630,-0.463630,0.396069,0.396592,-0.548137,-0.547973,0.234832,-0.234832,0.234832,-0.234832,0.232784,-0.235052,0.233115,-0.236029,0.340872,0.161838,0.000000,0.000000,0.000000
2.076000,2.145999,-0.000676,0.593700,2.000000,-0.000630,0.000000,-0.000315,0.000000,1.670061,-0.000560,0.576326,2.269736,-0.000688,0.034052,1.582760,0.000463,0.575789,2.280806,-0.000582,0.036112,0.000000,0.000000,-0.000315,-0.000125,0.000538,-0.000286,0.467603,0.467603,-0.461513,-0.461513,0.393587,0.394287,-0.546234,-0.546112,0.234832,-0.234832,0.234832,-0.234832,0.232785,-0.235051,0.233087,-0.235978,0.338679,0.161757,0.000000,0.000000,0.000000
2.088000,2.169999,-0.000683,0.593700,2.000000,-0.000630,0.000000,-0.000315,0.000000,1.697288,-0.000568,0.576730,2.267426,-0.000688,0.033260,1.610136,0.000441,0.576034,2.279586,-0.000797,0.031045,0.000000,0.000000,-0.000315,-0.000119,0.000495,-0.000270,0.465526,0.465526,-0.459437,-0.459437,0.391188,0.392060,-0.544425,-0.544343,0.234832,-0.234832,0.234832,-0.234832,0.232791,-0.235049,0.233071,-0.235917,0.336619,0.161730,0.000000,0.000000,0.000000
2.100000,2.193999,-0.000691,0.593700,2.000000,-0.000630,0.000000,-0.000315,0.000000,1.724470,-0.000576,0.577124,2.263790,-0.000687,0.032487,1.637474,0.000430,0.576373,2.276130,-0.001181,0.027579,0.000000,0.000000,-0.000315,-0.000145,0.000393,-0.000268,0.463490,0.463490,-0.457401,-0.457401,0.388920,0.389918,-0.542706,-0.542585,0.234832,-0.234832,0.234832,-0.234832,0.232815,-0.235027,0.233039,-0.235846,0.334470,0.161608,0.000000,0.000000,0.000000
2.112000,2.217999,-0.000698,0.593700,1.999998,-0.000630,0.000000,-0.000315,0.000000,1.751622,-0.000585,0.577509,2.261431,-0.000687,0.031732,1.664768,0.000412,0.576656,2.272879,-0.003056,0.034060,0.000091,-0.001374,-0.000315,-0.000172,0.000205,-0.000263,0.461493,0.461493,-0.455404,-0.455404,0.386723,0.387846,-0.541066,-0.540845,0.234832,-0.234832,0.234832,-0.234832,0.232847,-0.234998,0.233016,-0.235760,0.332576,0.161552,0.000000,0.000000,0.000000
2.124000,2.241999,-0.000706,0.593700,1.999997,-0.000629,0.000000,-0.000315,0.000000,1.778742,-0.000593,0.577886,2.259284,-0.000686,0.030995,1.692042,0.000425,0.577002,2.270048,-0.000832,0.022208,-0.000600,-0.001725,-0.000315,-0.000214,-0.000100,-0.000262,0.459534,0.459534,-0.453445,-0.453445,0.384654,0.385840,-0.539517,-0.539119,0.234832,-0.234832,0.234832,-0.234832,0.232854,-0.234992,0.232942,-0.235699,0.330691,0.161371,0.000000,0.000000,0.000000
2.136000,2.265999,-0.000714,0.593700,1.999998,-0.000630,0.000000,-0.000315,0.000000,1.805850,-0.000601,0.578253,2.258463,-0.000686,0.030274,1.719325,0.000429,0.577397,2.268245,0.000523,0.036212,0.000076,-0.001266,-0.000315,-0.000208,-0.000330,-0.000266,0.457613,0.457613,-0.451523,-0.451523,0.382716,0.383967,-0.538207,-0.537434,0.234832,-0.234832,0.234832,-0.234832,0.232862,-0.234987,0.232790,-0.235641,0.328665,0.161266,0.000000,0.000000,0.000000
2.148000,2.289999,-0.000721,0.593700,1.999998,-0.000630,0.000000,-0.000315,0.000000,1.832946,-0.000609,0.578612,2.255292,-0.000686,0.029570,1.746530,0.000406,0.577570,2.267076,-0.001834,0.041507,-0.000118,-0.001036,-0.000315,-0.000214,-0.000435,-0.000263,0.455729,0.455729,-0.449640,-0.449640,0.380865,0.382131,-0.536821,-0.535793,0.234832,-0.234832,0.234832,-0.234832,0.232891,-0.234960,0.232748,-0.235552,0.326892,0.161210,0.000000,0.000000,0.000000
2.160000,2.313999,-0.000729,0.593700,2.000000,-0.000630,0.000000,-0.000315,0.000000,1.860010,-0.000617,0.578963,2.254152,-0.000686,0.028883,1.773689,0.000407,0.577910,2.263493,-0.001882,0.029522,0.000000,0.000000,-0.000315,-0.000244,-0.000544,-0.000258,0.453885,0.453885,-0.447795,-0.447795,0.379129,0.380376,-0.535385,-0.534100,0.234832,-0.234832,0.234832,-0.234832,0.232902,-0.234951,0.232689,-0.235479,0.325094,0.161113,0.000000,0.000000,0.000000
2.172000,2.337999,-0.000736,0.593700,2.000000,-0.000630,0.000000,-0.000315,0.000000,1.887066,-0.000626,0.579306,2.255041,-0.000686,0.028212,1.800798,0.000383,0.578281,2.255526,-0.000960,0.021040,0.000000,0.000000,-0.000315,-0.000211,-0.000402,-0.000255,0.452084,0.452084,-0.445994,-0.445994,0.377494,0.378699,-0.533876,-0.532529,0.234832,-0.234832,0.234832,-0.234832,0.232895,-0.234959,0.232637,-0.235415,0.323368,0.160971,0.000000,0.000000,0.000000
2.184000,2.361999,-0.000744,0.593700,2.000000,-0.000630,0.000000,-0.000315,0.000000,1.914113,-0.000634,0.579640,2.253626,-0.000686,0.027566,1.827797,0.000369,0.578645,2.248363,-0.001599,0.024926,0.000000,0.000000,-0.000315,-0.000194,-0.000228,-0.000260,0.450330,0.450330,-0.444241,-0.444241,0.376036,0.376983,-0.532249,-0.530773,0.234832,-0.234832,0.234832,-0.234832,0.232900,-0.234956,0.232605,-0.235401,0.321785,0.160873,0.000000,0.000000,0.000000
2.196000,2.385999,-0.000751,0.593700,2.000000,-0.000630,0.000000,-0.000315,0.000000,1.941147,-0.000642,0.579970,2.253242,-0.000686,0.028099,1.854765,0.000354,0.579139,2.246441,-0.001868,0.020422,0.000000,0.000000,-0.000315,-0.000187,-0.000102,-0.000257,0.448628,0.448628,-0.442538,-0.442538,0.374546,0.375470,-0.530345,-0.528939,0.234832,-0.234832,0.234832,-0.234832,0.232887,-0.234957,0.232615,-0.235371,0.320190,0.160728,0.000000,0.000000,0.000000
2.208000,2.409999,-0.000759,0.593700,2.000000,-0.000630,0.000000,-0.000315,0.000000,1.968175,-0.000650,0.580302,2.251816,-0.000686,0.027278,1.881677,0.000306,0.579491,2.243764,-0.004544,0.027637,0.000000,0.000000,-0.000315,-0.000040,0.000009,-0.000258,0.446980,0.446980,-0.440890,-0.440890,0.373022,0.374015,-0.528418,-0.526958,0.234832,-0.234832,0.234832,-0.234832,0.232845,-0.234999,0.232602,-0.235415,0.318629,0.160725,0.000000,0.000000,0.000000
2.220000,2.433999,-0.000766,0.593700,1.999999,-0.000630,0.000000,-0.000315,0.000000,1.995175,-0.000659,0.580621,2.248388,-0.000685,0.025995,1.908623,0.000304,0.579845,2.246084,-0.000834,0.022390,0.000894,0.000879,-0.000315,0.000039,0.000137,-0.000262,0.445389,0.445389,-0.439299,-0.439299,0.371620,0.372519,-0.526491,-0.524943,0.234832,-0.234832,0.234832,-0.234832,0.232784,-0.235060,0.232551,-0.235476,0.316952,0.160595,0.000000,0.000000,0.000000
2.232000,2.457999,-0.000774,0.593700,2.000000,-0.000630,0.000000,-0.000315,0.000000,2.022142,-0.000667,0.580927,2.245096,-0.000684,0.025113,1.935618,0.000299,0.580090,2.250609,-0.001568,0.025698,0.000000,0.000000,-0.000315,0.000067,0.000314,-0.000265,0.443854,0.443854,-0.437765,-0.437765,0.370176,0.370885,-0.524503,-0.523017,0.234832,-0.234832,0.234832,-0.234832,0.232765,-0.235058,0.232529,-0.235499,0.315543,0.160455,0.000000,0.000000,0.000000
2.244000,2.481999,-0.000782,0.593700,1.999998,-0.000630,0.000000,-0.000315,0.000000,2.049059,-0.000675,0.581225,2.242018,-0.000683,0.024464,1.962610,0.000291,0.580645,2.249746,-0.001334,0.039646,0.000534,0.001231,-0.000315,0.000044,0.000351,-0.000262,0.442374,0.442374,-0.436285,-0.436285,0.368694,0.369205,-0.522533,-0.521228,0.234832,-0.234832,0.234832,-0.234832,0.232771,-0.235050,0.232543,-0.235474,0.313755,0.160320,0.000000,0.000000,0.000000
2.256000,2.505999,-0.000789,0.593700,1.999999,-0.000629,0.000000,-0.000315,0.000000,2.075975,-0.000683,0.581519,2.242957,-0.000683,0.024352,1.989617,0.000271,0.580870,2.250466,-0.001165,0.029945,0.001415,0.001193,-0.000314,0.000134,0.000579,-0.000265,0.440946,0.440946,-0.434857,-0.434857,0.367229,0.367550,-0.520702,-0.519527,0.234832,-0.234832,0.234832,-0.234832,0.232734,-0.235089,0.232503,-0.235514,0.312308,0.160337,0.000000,0.000000,0.000000
2.268000,2.529999,-0.000797,0.593700,1.999998,-0.000629,0.000000,-0.000315,0.000000,2.102878,-0.000691,0.581806,2.239679,-0.000682,0.023459,2.016649,0.000265,0.581401,2.251668,-0.000448,0.050857,0.000246,0.001364,-0.000315,0.000286,0.000800,-0.000273,0.439569,0.439569,-0.433479,-0.433479,0.365600,0.365931,-0.518957,-0.517866,0.234832,-0.234832,0.234832,-0.234832,0.232634,-0.235173,0.232394,-0.235590,0.310563,0.160077,0.000000,0.000000,0.000000
2.280000,2.553999,-0.000804,0.593700,1.999998,-0.000629,0.000000,-0.000315,0.000000,2.129766,-0.000700,0.582106,2.241090,-0.000682,0.026193,2.043651,0.000265,0.581676,2.249833,-0.000585,0.023062,0.000411,0.001184,-0.000315,0.000297,0.000961,-0.000275,0.438239,0.438239,-0.432150,-0.432150,0.364138,0.364394,-0.517223,-0.516225,0.234832,-0.234832,0.234832,-0.234832,0.232623,-0.235185,0.232369,-0.235603,0.309187,0.160015,0.000000,0.000000,0.000000
2.292000,2.577999,-0.000812,0.593700,1.999997,-0.000629,0.000000,-0.000315,0.000000,2.156651,-0.000708,0.582418,2.238724,-0.000681,0.025080,2.070674,0.000258,0.582001,2.250988,-0.000707,0.023708,0.000704,0.001258,-0.000314,0.000381,0.001095,-0.000275,0.436957,0.436957,-0.430867,-0.430867,0.362537,0.362896,-0.515587,-0.514601,0.234832,-0.234832,0.234832,-0.234832,0.232565,-0.235226,0.232314,-0.235644,0.307679,0.159943,0.000000,0.000000,0.000000
2.304000,2.601999,-0.000819,0.593700,1.999998,-0.000630,0.000000,-0.000315,0.000000,2.183487,-0.000716,0.582701,2.235077,-0.000681,0.022366,2.097682,0.000273,0.582349,2.248682,0.001631,0.016452,0.000279,0.001401,-0.000315,0.000368,0.001195,-0.000276,0.435719,0.435719,-0.429629,-0.429629,0.360954,0.361454,-0.513973,-0.513085,0.234832,-0.234832,0.234832,-0.234832,0.232535,-0.235244,0.232295,-0.235662,0.306143,0.159783,0.000000,0.000000,0.000000
2.316000,2.625999,-0.000827,0.593700,2.000000,-0.000630,0.000000,-0.000315,0.000000,2.210292,-0.000724,0.582961,2.232508,-0.000681,0.021205,2.124674,0.000248,0.582626,2.248649,-0.002937,0.022500,0.000000,0.000000,-0.000315,0.000272,0.001245,-0.000276,0.434524,0.434524,-0.428435,-0.428435,0.359438,0.359963,-0.512412,-0.511686,0.234832,-0.234832,0.234832,-0.234832,0.232609,-0.235151,0.232372,-0.235570,0.304848,0.159702,0.000000,0.000000,0.000000
2.326000,2.645999,-0.000833,0.593700,1.999999,-0.000630,0.000000,-0.000315,0.000000,2.232601,-0.000731,0.583170,2.229163,-0.000680,0.020670,2.147167,0.000258,0.582893,2.246883,-0.000662,0.032258,0.000000,0.000000,-0.000315,0.000184,0.001215,-0.000276,0.433561,0.433561,-0.427471,-0.427471,0.358229,0.358728,-0.511272,-0.510617,0.234832,-0.234832,0.234832,-0.234832,0.232647,-0.235113,0.232329,-0.235488,0.303690,0.159590,0.000000,0.000000,0.000000
2.338000,2.669998,-0.000841,0.593700,1.999999,-0.000631,0.000000,-0.000315,0.000000,2.259349,-0.000739,0.583415,2.228897,-0.000680,0.020160,2.174095,0.000271,0.583216,2.241901,0.001669,0.020812,-0.000780,0.000740,-0.000316,0.000081,0.001114,-0.000286,0.432441,0.432441,-0.426352,-0.426352,0.356883,0.357306,-0.509956,-0.509316,0.234832,-0.234832,0.234832,-0.234832,0.232698,-0.235062,0.232301,-0.235429,0.302335,0.159440,0.000000,0.000000,0.000000
2.350000,2.693998,-0.000848,0.593700,2.000000,-0.000630,0.000000,-0.000315,0.000000,2.286092,-0.000747,0.583654,2.227581,-0.000680,0.019688,2.201010,0.000256,0.583537,2.240444,-0.001413,0.027680,0.000000,0.000000,-0.000315,-0.000033,0.001039,-0.000297,0.431361,0.431361,-0.425272,-0.425272,0.355509,0.355986,-0.508736,-0.508026,0.234832,-0.234832,0.234832,-0.234832,0.232804,-0.234957,0.232259,-0.235282,0.301145,0.159353,0.000000,0.000000,0.000000
2.362000,2.717998,-0.000856,0.593700,2.000000,-0.000630,0.000000,-0.000315,0.000000,2.312814,-0.000755,0.583888,2.226307,-0.000679,0.019231,2.227873,0.000229,0.583723,2.236959,-0.004926,0.004619,0.000000,0.000000,-0.000315,-0.000125,0.000860,-0.000289,0.430319,0.430319,-0.424230,-0.424230,0.354258,0.354812,-0.507469,-0.506779,0.234832,-0.234832,0.234832,-0.234832,0.232874,-0.234889,0.232325,-0.235158,0.300016,0.159348,0.000000,0.000000,0.000000
2.374000,2.741998,-0.000863,0.593700,2.000000,-0.000630,0.000000,-0.000315,0.000000,2.339517,-0.000764,0.584116,2.223770,-0.000679,0.018784,2.254730,0.000239,0.584053,2.235204,-0.000636,0.020244,0.000000,0.000000,-0.000315,-0.000131,0.000731,-0.000291,0.429313,0.429313,-0.423224,-0.423224,0.352939,0.353736,-0.506371,-0.505561,0.234832,-0.234832,0.234832,-0.234832,0.232858,-0.234892,0.232236,-0.235151,0.298971,0.159257,0.000000,0.000000,0.000000
2.386000,2.765998,-0.000871,0.593700,2.000000,-0.000630,0.000000,-0.000315,0.000000,2.366188,-0.000772,0.584339,2.221523,-0.000678,0.018347,2.281545,0.000220,0.584238,2.233794,-0.002476,0.017366,-0.000924,-0.000676,-0.000315,-0.000223,0.000629,-0.000280,0.428343,0.428343,-0.422253,-0.422253,0.351754,0.352791,-0.505243,-0.504526,0.234832,-0.234832,0.234832,-0.234832,0.232904,-0.234848,0.232277,-0.234984,0.297979,0.159162,0.000000,0.000000,0.000000
2.398000,2.789998,-0.000879,0.593700,1.999999,-0.000629,0.000000,-0.000315,0.000000,2.392830,-0.000780,0.584556,2.218264,-0.000677,0.017921,2.308317,0.000199,0.584541,2.232360,-0.001634,0.040675,-0.001219,-0.000721,-0.000315,-0.000373,0.000419,-0.000288,0.427406,0.427406,-0.421316,-0.421316,0.350708,0.351827,-0.504247,-0.503534,0.234832,-0.234832,0.234832,-0.234832,0.233006,-0.234746,0.232329,-0.234838,0.296965,0.159060,0.000000,0.000000,0.000000
2.410000,2.813998,-0.000886,0.593700,2.000000,-0.000630,0.000000,-0.000315,0.000000,2.419445,-0.000788,0.584769,2.218810,-0.000677,0.017504,2.335021,0.000159,0.584915,2.226033,-0.004853,0.029445,0.000000,0.000000,-0.000315,-0.000470,0.000166,-0.000289,0.426502,0.426502,-0.420412,-0.420412,0.349770,0.350954,-0.503306,-0.502589,0.234832,-0.234832,0.234832,-0.234832,0.233107,-0.234646,0.232392,-0.234714,0.295956,0.159026,0.000000,0.000000,0.000000
2.422000,2.837998,-0.000894,0.593700,1.999999,-0.000629,0.000000,-0.000315,0.000000,2.446074,-0.000796,0.584976,2.218335,-0.000677,0.017097,2.361715,0.000165,0.585012,2.225802,-0.002241,0.027426,-0.001117,-0.000945,-0.000315,-0.000559,0.000091,-0.000283,0.425629,0.425629,-0.419540,-0.419540,0.348819,0.350062,-0.502429,-0.501725,0.234832,-0.234832,0.234832,-0.234832,0.233133,-0.234623,0.232414,-0.234644,0.295222,0.158952,0.000000,0.000000,0.000000
2.434000,2.861998,-0.000901,0.593700,1.999999,-0.000629,0.000000,-0.000315,0.000000,2.472679,-0.000804,0.585179,2.216099,-0.000676,0.016700,2.388387,0.000147,0.585266,2.221171,-0.000185,0.011897,-0.000787,-0.001071,-0.000315,-0.000650,-0.000076,-0.000286,0.424787,0.424787,-0.418698,-0.418698,0.347982,0.349264,-0.501536,-0.501010,0.234832,-0.234832,0.234832,-0.234832,0.233191,-0.234568,0.232431,-0.234529,0.294438,0.158909,0.000000,0.000000,0.000000
2.446000,2.885998,-0.000909,0.593700,1.999999,-0.000630,0.000000,-0.000315,0.000000,2.499266,-0.000812,0.585377,2.215539,-0.000677,0.016312,2.414987,0.000115,0.585549,2.214970,0.000085,0.013574,0.000000,0.000000,-0.000315,-0.000643,-0.000183,-0.000288,0.423975,0.423975,-0.417885,-0.417885,0.347164,0.348561,-0.500698,-0.500318,0.234832,-0.234832,0.234832,-0.234832,0.233206,-0.234556,0.232431,-0.234468,0.293592,0.158864,0.000000,0.000000,0.000000
2.458000,2.909998,-0.000916,0.593700,1.999999,-0.000630,0.000000,-0.000315,0.000000,2.525840,-0.000820,0.585571,2.214564,-0.000677,0.015933,2.441529,0.000083,0.585737,2.209635,-0.000575,-0.000831,-0.000571,-0.000879,-0.000315,-0.000548,-0.000188,-0.000284,0.423191,0.423191,-0.417101,-0.417101,0.346439,0.347930,-0.499827,-0.499560,0.234832,-0.234832,0.234832,-0.234832,0.233165,-0.234598,0.232393,-0.234454,0.292923,0.158805,0.000000,0.000000,0.000000
2.470000,2.933998,-0.000924,0.593700,1.999999,-0.000630,0.000000,-0.000315,0.000000,2.552403,-0.000829,0.585760,2.213540,-0.000677,0.015809,2.468049,0.000081,0.586190,2.207931,0.001042,0.019069,0.000000,0.000000,-0.000315,-0.000530,-0.000201,-0.000276,0.422434,0.422434,-0.416345,-0.416345,0.345816,0.347301,-0.498952,-0.498702,0.234832,-0.234832,0.234832,-0.234832,0.233141,-0.234622,0.232358,-0.234440,0.292072,0.158688,0.000000,0.000000,0.000000
2.482000,2.957998,-0.000931,0.593700,2.000000,-0.000630,0.000000,-0.000315,0.000000,2.578958,-0.000837,0.585948,2.212521,-0.000677,0.015622,2.494613,0.000055,0.586591,2.212953,-0.002067,0.053462,-0.000017,-0.001049,-0.000315,-0.000428,-0.000115,-0.000268,0.421704,0.421704,-0.415614,-0.415614,0.345232,0.346668,-0.498234,-0.497797,0.234832,-0.234832,0.234832,-0.234832,0.233103,-0.234639,0.232286,-0.234449,0.291407,0.158615,0.000000,0.000000,0.000000
2.494000,2.981998,-0.000939,0.593700,2.000000,-0.000630,0.000000,-0.000315,0.000000,2.605515,-0.000845,0.586164,2.211963,-0.000678,0.017956,2.521062,0.000046,0.586692,2.208512,-0.002399,0.030066,0.000000,0.000000,-0.000315,-0.000332,-0.000118,-0.000258,0.420999,0.420999,-0.414910,-0.414910,0.344754,0.346077,-0.497418,-0.496900,0.234832,-0.234832,0.234832,-0.234832,0.233047,-0.234695,0.232242,-0.234501,0.290724,0.158545,0.000000,0.000000,0.000000
2.506000,3.005998,-0.000947,0.593700,2.000000,-0.000630,0.000000,-0.000315,0.000000,2.632052,-0.000853,0.586366,2.209990,-0.000677,0.015815,2.547465,0.000047,0.587039,2.202343,-0.000841,0.027856,0.000000,0.000000,-0.000315,-0.000298,-0.000019,-0.000260,0.420319,0.420319,-0.414230,-0.414230,0.344351,0.345500,-0.496541,-0.496009,0.234832,-0.234832,0.234832,-0.234832,0.233017,-0.234727,0.232212,-0.234540,0.290142,0.158473,0.000000,0.000000,0.000000
2.518000,3.029998,-0.000954,0.593700,2.000000,-0.000630,0.000000,-0.000315,0.000000,2.658566,-0.000861,0.586553,2.209715,-0.000677,0.015919,2.573876,0.000043,0.587245,2.202417,-0.000307,0.021752,0.000000,0.000000,-0.000315,-0.000265,0.000072,-0.000259,0.419663,0.419663,-0.413573,-0.413573,0.343965,0.345029,-0.495637,-0.495071,0.234832,-0.234832,0.234832,-0.234832,0.232995,-0.234750,0.232188,-0.234566,0.289613,0.158429,0.000000,0.000000,0.000000
2.530000,3.053998,-0.000962,0.593700,2.000000,-0.000630,0.000000,-0.000315,0.000000,2.685079,-0.000869,0.586744,2.209600,-0.000677,0.017312,2.600310,0.000038,0.587624,2.203718,-0.000083,0.014370,0.000000,0.000000,-0.000315,-0.000237,0.000113,-0.000262,0.419029,0.419029,-0.412940,-0.412940,0.343609,0.344497,-0.494683,-0.494079,0.234832,-0.234832,0.234832,-0.234832,0.232978,-0.234768,0.232169,-0.234587,0.288975,0.158298,0.000000,0.000000,0.000000
2.542000,3.077998,-0.000969,0.593700,2.000000,-0.000630,0.000000,-0.000315,0.000000,2.711588,-0.000877,0.586950,2.208442,-0.000677,0.016816,2.626794,0.000004,0.587921,2.207861,-0.002220,0.025752,0.000827,0.000835,-0.000314,-0.000115,0.000182,-0.000262,0.418418,0.418418,-0.412329,-0.412329,0.343149,0.343916,-0.493768,-0.493167,0.234832,-0.234832,0.234832,-0.234832,0.232937,-0.234810,0.232133,-0.234627,0.288305,0.158280,0.000000,0.000000,0.000000
2.554000,3.101998,-0.000977,0.593700,2.000000,-0.000629,0.000000,-0.000315,0.000000,2.738076,-0.000885,0.587135,2.206354,-0.000676,0.014085,2.653311,-0.000004,0.588138,2.210663,-0.000255,0.016252,0.001043,0.000836,-0.000314,0.000100,0.000349,-0.000261,0.417828,0.417828,-0.411739,-0.411739,0.342620,0.343308,-0.492884,-0.492275,0.234832,-0.234832,0.234832,-0.234832,0.232807,-0.234941,0.232007,-0.234756,0.287748,0.158232,0.000000,0.000000,0.000000
2.566000,3.125998,-0.000984,0.593700,1.999999,-0.000630,0.000000,-0.000315,0.000000,2.764547,-0.000894,0.587309,2.205413,-0.000676,0.014758,2.679845,-0.000002,0.588459,2.211072,-0.000506,0.015603,0.001371,0.001044,-0.000314,0.000191,0.000531,-0.000263,0.417259,0.417259,-0.411170,-0.411170,0.342110,0.342596,-0.492041,-0.491440,0.234832,-0.234832,0.234832,-0.234832,0.232745,-0.235004,0.231946,-0.234820,0.287010,0.158142,0.000000,0.000000,0.000000
2.576000,3.145998,-0.000991,0.593700,1.999998,-0.000629,0.000000,-0.000315,0.000000,2.786592,-0.000900,0.587448,2.203695,-0.000675,0.013152,2.701991,-0.000012,0.588683,2.214344,-0.000765,0.026704,0.000169,0.001470,-0.000315,0.000327,0.000712,-0.000268,0.416800,0.416800,-0.410711,-0.410711,0.341637,0.341960,-0.491430,-0.490792,0.234832,-0.234832,0.234832,-0.234832,0.232667,-0.235063,0.231864,-0.234902,0.286341,0.157988,0.000000,0.000000,0.000000
2.588000,3.169998,-0.000998,0.593700,1.999999,-0.000629,0.000000,-0.000315,0.000000,2.813029,-0.000908,0.587603,2.202711,-0.000675,0.013359,2.728548,-0.000030,0.589008,2.213297,-0.004094,0.023278,0.001278,0.000909,-0.000314,0.000316,0.000772,-0.000271,0.416267,0.416267,-0.410177,-0.410177,0.341051,0.341133,-0.490590,-0.489980,0.234832,-0.234832,0.234832,-0.234832,0.232677,-0.235022,0.231885,-0.234882,0.285738,0.158006,0.000000,0.000000,0.000000
2.600000,3.193998,-0.001006,0.593700,1.999999,-0.000629,0.000000,-0.000315,0.000000,2.839457,-0.000916,0.587773,2.201754,-0.000675,0.014361,2.755130,-0.000020,0.589216,2.214036,-0.000265,0.017758,0.001010,0.001160,-0.000314,0.000413,0.000830,-0.000276,0.415752,0.415752,-0.409663,-0.409663,0.340328,0.340381,-0.489829,-0.489213,0.234832,-0.234832,0.234832,-0.234832,0.232584,-0.235100,0.231804,-0.234964,0.284933,0.157894,0.000000,0.000000,0.000000
2.612000,3.217998,-0.001013,0.593700,1.999998,-0.000629,0.000000,-0.000315,0.000000,2.865863,-0.000925,0.587930,2.199398,-0.000674,0.012142,2.781706,-0.000017,0.589387,2.212943,0.000696,0.001112,0.000482,0.001138,-0.000315,0.000455,0.000945,-0.000281,0.415255,0.415255,-0.409166,-0.409166,0.339655,0.339737,-0.489140,-0.488555,0.234832,-0.234832,0.234832,-0.234832,0.232548,-0.235138,0.231763,-0.235005,0.284287,0.157803,0.000000,0.000000,0.000000
2.624000,3.241998,-0.001021,0.593700,1.999998,-0.000630,0.000000,-0.000315,0.000000,2.892242,-0.000933,0.588070,2.197795,-0.000674,0.011404,2.808269,-0.000019,0.589771,2.211257,-0.001834,0.019613,-0.000417,0.001143,-0.000316,0.000318,0.001032,-0.000280,0.414776,0.414776,-0.408687,-0.408687,0.339025,0.339013,-0.488407,-0.488025,0.234832,-0.234832,0.234832,-0.234832,0.232618,-0.235048,0.231836,-0.234919,0.283522,0.157626,0.000000,0.000000,0.000000
2.636000,3.265998,-0.001028,0.593700,2.000000,-0.000630,0.000000,-0.000315,0.000000,2.918605,-0.000941,0.588206,2.196720,-0.000674,0.012337,2.834794,-0.000008,0.589903,2.208926,0.000400,0.004028,0.000000,0.000000,-0.000315,0.000219,0.001017,-0.000288,0.414314,0.414314,-0.408224,-0.408224,0.338384,0.338390,-0.487733,-0.487373,0.234832,-0.234832,0.234832,-0.234832,0.232664,-0.235001,0.231841,-0.234880,0.283084,0.157618,0.000000,0.000000,0.000000
2.648000,3.289998,-0.001036,0.593700,2.000000,-0.000630,0.000000,-0.000315,0.000000,2.944943,-0.000949,0.588352,2.193092,-0.000673,0.011491,2.861349,-0.000035,0.590138,2.208270,-0.001904,0.021076,0.000000,0.000000,-0.000315,0.000145,0.000990,-0.000290,0.413867,0.413867,-0.407777,-0.407777,0.337736,0.337804,-0.487197,-0.486934,0.234832,-0.234832,0.234832,-0.234832,0.232721,-0.234946,0.231800,-0.234674,0.282517,0.157519,0.000000,0.000000,0.000000
2.660000,3.313998,-0.001044,0.593700,2.000000,-0.000631,0.000000,-0.000315,0.000000,2.971254,-0.000957,0.588483,2.192089,-0.000673,0.010479,2.887847,-0.000026,0.590227,2.205447,0.002818,0.003902,0.000000,0.000000,-0.000315,0.000040,0.000858,-0.000294,0.413435,0.413435,-0.407346,-0.407346,0.337148,0.337185,-0.486601,-0.486446,0.234832,-0.234832,0.234832,-0.234832,0.232748,-0.234906,0.231812,-0.234610,0.281861,0.157428,0.000000,0.000000,0.000000
2.672000,3.337998,-0.001051,0.593700,2.000000,-0.000630,0.000000,-0.000315,0.000000,2.997554,-0.000965,0.588610,2.190295,-0.000673,0.010320,2.914331,-0.000090,0.590464,2.204926,-0.003460,0.018770,0.000000,0.000000,-0.000315,0.000004,0.000748,-0.000293,0.413019,0.413019,-0.406929,-0.406929,0.336537,0.336643,-0.486070,-0.486045,0.234832,-0.234832,0.234832,-0.234832,0.232812,-0.234842,0.231878,-0.234427,0.281330,0.157437,0.000000,0.000000,0.000000
2.684000,3.361998,-0.001059,0.593700,2.000000,-0.000630,0.000000,-0.000315,0.000000,3.023829,-0.000973,0.588731,2.188796,-0.000672,0.009831,2.940766,-0.000101,0.590652,2.201629,-0.001692,0.020842,0.000000,0.000000,-0.000315,-0.000060,0.000639,-0.000301,0.412616,0.412616,-0.406527,-0.406527,0.335939,0.336224,-0.485604,-0.485673,0.234832,-0.234832,0.234832,-0.234832,0.232838,-0.234816,0.231859,-0.234311,0.280884,0.157367,0.000000,0.000000,0.000000
2.696000,3.385998,-0.001066,0.593700,2.000000,-0.000630,0.000000,-0.000315,0.000000,3.050092,-0.000981,0.588847,2.187947,-0.000672,0.009545,2.967163,-0.000110,0.590818,2.197638,-0.001693,0.020356,0.000000,0.000000,-0.000315,-0.000194,0.000537,-0.000312,0.412228,0.412228,-0.406138,-0.406138,0.335463,0.335767,-0.485176,-0.485316,0.234832,-0.234832,0.234832,-0.234832,0.232918,-0.234724,0.231901,-0.234200,0.280433,0.157335,0.000000,0.000000,0.000000
2.708000,3.409998,-0.001074,0.593700,2.000000,-0.000629,0.000000,-0.000315,0.000000,3.076339,-0.000989,0.588960,2.186016,-0.000671,0.009311,2.993527,-0.000083,0.590854,2.195178,0.002431,0.015667,-0.001451,-0.000557,-0.000316,-0.000401,0.000442,-0.000306,0.411853,0.411853,-0.405764,-0.405764,0.334922,0.335418,-0.484713,-0.484974,0.234832,-0.234832,0.234832,-0.234832,0.232977,-0.234657,0.231968,-0.234072,0.280113,0.157197,0.000000,0.000000,0.000000
2.720000,3.433998,-0.001081,0.593700,2.000000,-0.000630,0.000000,-0.000315,0.000000,3.102566,-0.000997,0.589070,2.184903,-0.000671,0.009080,3.019824,-0.000152,0.591000,2.189968,-0.003656,0.011038,0.000000,0.000000,-0.000315,-0.000458,0.000242,-0.000311,0.411492,0.411492,-0.405402,-0.405402,0.334454,0.335069,-0.484292,-0.484560,0.234832,-0.234832,0.234832,-0.234832,0.233074,-0.234547,0.232066,-0.233945,0.279692,0.157282,0.000000,0.000000,0.000000
2.732000,3.457998,-0.001089,0.593700,1.999998,-0.000629,0.000000,-0.000315,0.000000,3.128783,-0.001005,0.589178,2.184378,-0.000671,0.008916,3.046029,-0.000126,0.591159,2.183644,0.000519,0.016989,-0.000956,-0.001003,-0.000315,-0.000535,0.000138,-0.000310,0.411143,0.411143,-0.405053,-0.405053,0.334083,0.334863,-0.483938,-0.484090,0.234832,-0.234832,0.234832,-0.234832,0.233082,-0.234539,0.232055,-0.233938,0.279490,0.157195,0.000000,0.000000,0.000000
2.744000,3.481998,-0.001096,0.593700,1.999999,-0.000630,0.000000,-0.000315,0.000000,3.154991,-0.001013,0.589285,2.183698,-0.000671,0.008811,3.072241,-0.000142,0.591237,2.184359,0.000066,0.001248,-0.001139,-0.001046,-0.000315,-0.000556,0.000036,-0.000307,0.410804,0.410804,-0.404715,-0.404715,0.333783,0.334677,-0.483627,-0.483618,0.234832,-0.234832,0.234832,-0.234832,0.233106,-0.234518,0.232059,-0.233902,0.279249,0.157175,0.000000,0.000000,0.000000
2.756000,3.505998,-0.001104,0.593700,2.000000,-0.000630,0.000000,-0.000315,0.000000,3.181185,-0.001021,0.589389,2.182602,-0.000670,0.008629,3.098495,-0.000160,0.591525,2.186674,-0.002048,0.011232,-0.001171,-0.000748,-0.000315,-0.000678,-0.000057,-0.000288,0.410474,0.410474,-0.404385,-0.404385,0.333510,0.334482,-0.483262,-0.483399,0.234832,-0.234832,0.234832,-0.234832,0.233168,-0.234458,0.232133,-0.233736,0.278804,0.157076,0.000000,0.000000,0.000000
2.768000,3.529998,-0.001112,0.593700,1.999999,-0.000629,0.000000,-0.000315,0.000000,3.207364,-0.001029,0.589491,2.180902,-0.000670,0.008352,3.124676,-0.000175,0.591734,2.184425,-0.002016,0.039947,-0.001200,-0.000729,-0.000315,-0.000706,-0.000145,-0.000279,0.410153,0.410153,-0.404063,-0.404063,0.333210,0.334236,-0.482958,-0.483151,0.234832,-0.234832,0.234832,-0.234832,0.233189,-0.234440,0.232136,-0.233668,0.278470,0.157015,0.000000,0.000000,0.000000
2.780000,3.553998,-0.001119,0.593700,1.999999,-0.000630,0.000000,-0.000315,0.000000,3.233530,-0.001037,0.589590,2.179871,-0.000670,0.008207,3.150802,-0.000222,0.591866,2.178043,-0.003669,0.025734,0.000000,0.000000,-0.000315,-0.000632,-0.000181,-0.000263,0.409841,0.409841,-0.403752,-0.403752,0.332960,0.334127,-0.482609,-0.482979,0.234832,-0.234832,0.234832,-0.234832,0.233174,-0.234457,0.232139,-0.233630,0.278308,0.157118,0.000000,0.000000,0.000000
2.792000,3.577998,-0.001127,0.593700,2.000000,-0.000630,0.000000,-0.000315,0.000000,3.259688,-0.001046,0.589693,2.179300,-0.000671,0.008610,3.176872,-0.000212,0.592009,2.172413,-0.002811,0.020834,0.000000,0.000000,-0.000315,-0.000631,-0.000130,-0.000246,0.409534,0.409534,-0.403445,-0.403445,0.332806,0.333985,-0.482275,-0.482687,0.234832,-0.234832,0.234832,-0.234832,0.233154,-0.234480,0.232106,-0.233628,0.278127,0.157025,0.000000,0.000000,0.000000
2.804000,3.601998,-0.001134,0.593700,2.000000,-0.000630,0.000000,-0.000315,0.000000,3.285837,-0.001054,0.589799,2.179026,-0.000671,0.009526,3.202875,-0.000222,0.592187,2.167854,-0.001847,-0.002747,0.000000,0.000000,-0.000315,-0.000543,-0.000120,-0.000241,0.409231,0.409231,-0.403141,-0.403141,0.332670,0.333945,-0.481893,-0.482158,0.234832,-0.234832,0.234832,-0.234832,0.233088,-0.234531,0.232074,-0.233678,0.277883,0.156994,0.000000,0.000000,0.000000
2.816000,3.625998,-0.001142,0.593700,2.000000,-0.000630,0.000000,-0.000315,0.000000,3.311982,-0.001062,0.589919,2.178204,-0.000671,0.010162,3.228869,-0.000231,0.592426,2.167362,-0.001083,0.013676,0.000000,0.000000,-0.000315,-0.000454,-0.000029,-0.000244,0.408930,0.408930,-0.402840,-0.402840,0.332654,0.333925,-0.481546,-0.481534,0.234832,-0.234832,0.234832,-0.234832,0.233036,-0.234585,0.232032,-0.233735,0.277775,0.156943,0.000000,0.000000,0.000000
2.826000,3.645998,-0.001148,0.593700,2.000000,-0.000630,0.000000,-0.000315,0.000000,3.333754,-0.001068,0.590012,2.176388,-0.000670,0.008563,3.250540,-0.000227,0.592500,2.168806,0.000093,0.009772,0.000000,0.000000,-0.000315,-0.000406,0.000050,-0.000243,0.408685,0.408685,-0.402596,-0.402596,0.332625,0.333941,-0.481169,-0.480992,0.234832,-0.234832,0.234832,-0.234832,0.232995,-0.234627,0.231996,-0.233777,0.277611,0.156922,0.000000,0.000000,0.000000
2.838000,3.669998,-0.001156,0.593700,2.000000,-0.000630,0.000000,-0.000315,0.000000,3.359862,-0.001076,0.590109,2.175084,-0.000670,0.007806,3.276565,-0.000232,0.592754,2.169930,0.000073,0.011810,0.000000,0.000000,-0.000315,-0.000344,0.000107,-0.000242,0.408402,0.408402,-0.402313,-0.402313,0.332612,0.333856,-0.480680,-0.480354,0.234832,-0.234832,0.234832,-0.234832,0.232956,-0.234667,0.231960,-0.233817,0.277442,0.156840,0.000000,0.000000,0.000000
2.850000,3.693998,-0.001163,0.593700,2.000000,-0.000630,0.000000,-0.000315,0.000000,3.385957,-0.001084,0.590203,2.173879,-0.000670,0.007647,3.302621,-0.000238,0.592912,2.173252,-0.000734,0.022085,0.000000,0.000000,-0.000315,-0.000298,0.000153,-0.000243,0.408125,0.408125,-0.402036,-0.402036,0.332592,0.333679,-0.480230,-0.479788,0.234832,-0.234832,0.234832,-0.234832,0.232931,-0.234694,0.231935,-0.233844,0.277277,0.156811,0.000000,0.000000,0.000000
2.862000,3.717998,-0.001171,0.593700,2.000000,-0.000630,0.000000,-0.000315,0.000000,3.412038,-0.001092,0.590298,2.172844,-0.000669,0.008131,3.328703,-0.000266,0.593075,2.174580,-0.001358,0.002036,0.001024,0.000456,-0.000315,-0.000045,0.000192,-0.000240,0.407855,0.407855,-0.401765,-0.401765,0.332455,0.333502,-0.479762,-0.479231,0.234832,-0.234832,0.234832,-0.234832,0.232804,-0.234823,0.231811,-0.233973,0.276991,0.156805,0.000000,0.000000,0.000000
2.874000,3.741998,-0.001178,0.593700,1.999999,-0.000630,0.000000,-0.000315,0.000000,3.438102,-0.001100,0.590390,2.171307,-0.000669,0.007353,3.354812,-0.000253,0.593359,2.175747,-0.000859,0.030538,0.000440,0.000916,-0.000315,0.000085,0.000322,-0.000245,0.407591,0.407591,-0.401502,-0.401502,0.332258,0.333172,-0.479358,-0.478824,0.234832,-0.234832,0.234832,-0.234832,0.232707,-0.234919,0.231710,-0.234072,0.276556,0.156655,0.000000,0.000000,0.000000
2.886000,3.765998,-0.001186,0.593700,1.999999,-0.000630,0.000000,-0.000315,0.000000,3.464150,-0.001108,0.590477,2.169947,-0.000669,0.007227,3.380940,-0.000244,0.593490,2.177029,-0.000053,0.012231,0.000617,0.001379,-0.000315,0.000101,0.000430,-0.000242,0.407336,0.407336,-0.401246,-0.401246,0.332078,0.332798,-0.478930,-0.478459,0.234832,-0.234832,0.234832,-0.234832,0.232678,-0.234949,0.231685,-0.234102,0.276163,0.156602,0.000000,0.000000,0.000000
2.898000,3.789998,-0.001193,0.593700,2.000000,-0.000630,0.000000,-0.000315,0.000000,3.490182,-0.001117,0.590567,2.168694,-0.000668,0.007532,3.407082,-0.000266,0.593790,2.177330,-0.001084,0.027064,0.000881,0.000902,-0.000314,0.000265,0.000570,-0.000235,0.407088,0.407088,-0.400998,-0.400998,0.331717,0.332382,-0.478523,-0.478070,0.234832,-0.234832,0.234832,-0.234832,0.232586,-0.235030,0.231611,-0.234178,0.275804,0.156560,0.000000,0.000000,0.000000
2.910000,3.813998,-0.001201,0.593700,1.999998,-0.000629,0.000000,-0.000315,0.000000,3.516198,-0.001125,0.590657,2.167372,-0.000668,0.007576,3.433234,-0.000257,0.593825,2.178140,-0.000178,0.008612,0.000622,0.000967,-0.000315,0.000342,0.000712,-0.000238,0.406847,0.406847,-0.400758,-0.400758,0.331488,0.332035,-0.478172,-0.477711,0.234832,-0.234832,0.234832,-0.234832,0.232523,-0.235094,0.231547,-0.234243,0.275517,0.156514,0.000000,0.000000,0.000000
2.922000,3.837998,-0.001209,0.593700,1.999999,-0.000629,0.000000,-0.000315,0.000000,3.542198,-0.001133,0.590747,2.165734,-0.000667,0.007128,3.459377,-0.000263,0.594025,2.177687,-0.000084,0.012518,0.001015,0.000841,-0.000314,0.000464,0.000823,-0.000246,0.406614,0.406614,-0.400524,-0.400524,0.331170,0.331700,-0.477810,-0.477317,0.234832,-0.234832,0.234832,-0.234832,0.232452,-0.235165,0.231471,-0.234319,0.275195,0.156497,0.000000,0.000000,0.000000
2.934000,3.861998,-0.001216,0.593700,1.999998,-0.000629,0.000000,-0.000315,0.000000,3.568177,-0.001141,0.590828,2.164339,-0.000667,0.006736,3.485536,-0.000259,0.594210,2.177929,0.000221,0.012712,0.001158,0.001281,-0.000314,0.000469,0.000827,-0.000249,0.406391,0.406391,-0.400301,-0.400301,0.330838,0.331389,-0.477463,-0.476993,0.234832,-0.234832,0.234832,-0.234832,0.232424,-0.235178,0.231461,-0.234331,0.274740,0.156434,0.000000,0.000000,0.000000
2.946000,3.885998,-0.001224,0.593700,2.000000,-0.000630,0.000000,-0.000315,0.000000,3.594142,-0.001149,0.590909,2.162867,-0.000667,0.006528,3.511676,-0.000246,0.594199,2.178035,-0.000713,0.008650,-0.000166,0.001281,-0.000316,0.000394,0.000821,-0.000252,0.406174,0.406174,-0.400084,-0.400084,0.330532,0.331051,-0.477163,-0.476683,0.234832,-0.234832,0.234832,-0.234832,0.232454,-0.235147,0.231476,-0.234307,0.274512,0.156335,0.000000,0.000000,0.000000
2.958000,3.909998,-0.001231,0.593700,2.000000,-0.000630,0.000000,-0.000315,0.000000,3.620082,-0.001157,0.590983,2.160701,-0.000667,0.005877,3.537831,-0.000241,0.594253,2.176489,0.000376,-0.008911,0.000000,0.000000,-0.000315,0.000286,0.000864,-0.000261,0.405968,0.405968,-0.399879,-0.399879,0.330272,0.330696,-0.476969,-0.476478,0.234832,-0.234832,0.234832,-0.234832,0.232509,-0.235094,0.231498,-0.234244,0.274285,0.156318,0.000000,0.000000,0.000000
2.970000,3.933998,-0.001239,0.593700,2.000000,-0.000630,0.000000,-0.000315,0.000000,3.645999,-0.001165,0.591052,2.159406,-0.000666,0.005813,3.563950,-0.000235,0.594477,2.173172,0.000277,-0.000747,0.000000,0.000000,-0.000315,0.000217,0.000814,-0.000264,0.405776,0.405776,-0.399687,-0.399687,0.329919,0.330392,-0.476825,-0.476248,0.234832,-0.234832,0.234832,-0.234832,0.232547,-0.235054,0.231461,-0.234179,0.274002,0.156249,0.000000,0.000000,0.000000
2.982000,3.957998,-0.001246,0.593700,2.000000,-0.000631,0.000000,-0.000315,0.000000,3.671904,-0.001173,0.591120,2.158080,-0.000666,0.005585,3.590042,-0.000222,0.594666,2.172167,0.002646,0.025650,0.000000,0.000000,-0.000315,0.000092,0.000706,-0.000270,0.405589,0.405589,-0.399500,-0.399500,0.329580,0.330010,-0.476688,-0.476052,0.234832,-0.234832,0.234832,-0.234832,0.232595,-0.234992,0.231459,-0.234094,0.273556,0.156120,0.000000,0.000000,0.000000
2.994000,3.981998,-0.001254,0.593700,2.000000,-0.000630,0.000000,-0.000315,0.000000,3.697794,-0.001181,0.591186,2.156835,-0.000666,0.005410,3.616084,-0.000229,0.594655,2.168795,0.003465,0.010690,0.000000,0.000000,-0.000315,-0.000008,0.000610,-0.000272,0.405407,0.405407,-0.399318,-0.399318,0.329291,0.329632,-0.476470,-0.475841,0.234832,-0.234832,0.234832,-0.234832,0.232659,-0.234930,0.231499,-0.234026,0.273453,0.156112,0.000000,0.000000,0.000000
3.006000,4.005998,-0.001261,0.593700,2.000000,-0.000630,0.000000,-0.000315,0.000000,3.723669,-0.001189,0.591251,2.155525,-0.000666,0.005265,3.642106,-0.000263,0.594766,2.165390,-0.001035,0.004151,-0.001177,-0.000361,-0.000315,-0.000014,0.000537,-0.000287,0.405230,0.405230,-0.399141,-0.399141,0.328916,0.329378,-0.476320,-0.475594,0.234832,-0.234832,0.234832,-0.234832,0.232708,-0.234873,0.231481,-0.233954,0.273179,0.156093,0.000000,0.000000,0.000000
3.018000,4.029998,-0.001269,0.593700,2.000000,-0.000630,0.000000,-0.000315,0.000000,3.749527,-0.001197,0.591313,2.154070,-0.000665,0.005124,3.668085,-0.000277,0.594796,2.163209,-0.004129,0.003268,0.000000,0.000000,-0.000315,-0.000140,0.000461,-0.000284,0.405061,0.405061,-0.398972,-0.398972,0.328518,0.329203,-0.476116,-0.475373,0.234832,-0.234832,0.234832,-0.234832,0.232779,-0.234786,0.231571,-0.233851,0.272937,0.156116,0.000000,0.000000,0.000000
3.030000,4.053998,-0.001277,0.593700,2.000000,-0.000630,0.000000,-0.000315,0.000000,3.775365,-0.001204,0.591373,2.152285,-0.000665,0.004885,3.694043,-0.000265,0.594873,2.162259,0.002488,0.009593,0.000000,0.000000,-0.000315,-0.000140,0.000439,-0.000293,0.404901,0.404901,-0.398811,-0.398811,0.328214,0.329116,-0.476065,-0.475131,0.234832,-0.234832,0.234832,-0.234832,0.232768,-0.234799,0.231473,-0.233870,0.272665,0.156091,0.000000,0.000000,0.000000
3.042000,4.077998,-0.001284,0.593700,1.999999,-0.000629,0.000000,-0.000315,0.000000,3.801185,-0.001212,0.591432,2.150997,-0.000664,0.004847,3.719913,-0.000270,0.594932,2.155620,-0.001475,0.017841,-0.001522,-0.000640,-0.000315,-0.000386,0.000345,-0.000285,0.404750,0.404750,-0.398660,-0.398660,0.328032,0.329054,-0.475969,-0.474967,0.234832,-0.234832,0.234832,-0.234832,0.232909,-0.234659,0.231619,-0.233679,0.272662,0.156001,0.000000,0.000000,0.000000
3.054000,4.101998,-0.001292,0.593700,1.999999,-0.000630,0.000000,-0.000315,0.000000,3.826989,-0.001220,0.591489,2.149679,-0.000664,0.004742,3.745778,-0.000297,0.594975,2.153283,-0.003770,0.000835,-0.000644,-0.000770,-0.000315,-0.000542,0.000199,-0.000285,0.404605,0.404605,-0.398516,-0.398516,0.327966,0.329063,-0.475956,-0.474772,0.234832,-0.234832,0.234832,-0.234832,0.233037,-0.234533,0.231698,-0.233537,0.272619,0.156076,0.000000,0.000000,0.000000
3.066000,4.125998,-0.001299,0.593700,2.000000,-0.000630,0.000000,-0.000315,0.000000,3.852779,-0.001228,0.591546,2.148635,-0.000664,0.004703,3.771579,-0.000316,0.595081,2.149387,-0.003737,0.009580,-0.001108,-0.000764,-0.000315,-0.000532,0.000068,-0.000286,0.404464,0.404464,-0.398375,-0.398375,0.327802,0.329099,-0.475958,-0.474526,0.234832,-0.234832,0.234832,-0.234832,0.233035,-0.234518,0.231696,-0.233524,0.272525,0.156029,0.000000,0.000000,0.000000
3.078000,4.149998,-0.001307,0.593700,1.999999,-0.000629,0.000000,-0.000315,0.000000,3.878556,-0.001236,0.591602,2.147451,-0.000663,0.004589,3.797303,-0.000320,0.595059,2.144170,-0.002206,-0.004320,0.000000,0.000000,-0.000315,-0.000672,-0.000016,-0.000281,0.404326,0.404326,-0.398237,-0.398237,0.327745,0.329125,-0.475845,-0.474325,0.234832,-0.234832,0.234832,-0.234832,0.233109,-0.234449,0.231772,-0.233431,0.272545,0.156067,0.000000,0.000000,0.000000
3.088000,4.169998,-0.001313,0.593700,2.000000,-0.000630,0.000000,-0.000315,0.000000,3.900025,-0.001243,0.591647,2.146324,-0.000663,0.004465,3.818793,-0.000342,0.595186,2.146405,-0.001733,0.002687,0.000000,0.000000,-0.000315,-0.000567,0.000025,-0.000279,0.404215,0.404215,-0.398126,-0.398126,0.327678,0.329157,-0.475876,-0.474169,0.234832,-0.234832,0.234832,-0.234832,0.233073,-0.234486,0.231681,-0.233451,0.272440,0.156035,0.000000,0.000000,0.000000
3.100000,4.193998,-0.001321,0.593700,2.000000,-0.000630,0.000000,-0.000315,0.000000,3.925773,-0.001251,0.591700,2.144985,-0.000663,0.004353,3.844465,-0.000352,0.595241,2.140629,-0.000978,0.000566,0.000000,0.000000,-0.000315,-0.000478,0.000102,-0.000277,0.404087,0.404087,-0.397997,-0.397997,0.327636,0.329242,-0.475883,-0.473914,0.234832,-0.234832,0.234832,-0.234832,0.233028,-0.234533,0.231619,-0.233498,0.272403,0.156023,0.000000,0.000000,0.000000
3.112000,4.217998,-0.001328,0.593700,2.000000,-0.000630,0.000000,-0.000315,0.000000,3.951505,-0.001259,0.591752,2.143590,-0.000663,0.004216,3.870102,-0.000367,0.595388,2.136896,-0.000130,0.019178,0.000000,0.000000,-0.000315,-0.000401,0.000184,-0.000273,0.403964,0.403964,-0.397875,-0.397875,0.327661,0.329268,-0.475763,-0.473722,0.234832,-0.234832,0.234832,-0.234832,0.232986,-0.234578,0.231578,-0.233524,0.272348,0.155995,0.000000,0.000000,0.000000
3.124000,4.241998,-0.001336,0.593700,2.000000,-0.000630,0.000000,-0.000315,0.000000,3.977219,-0.001267,0.591802,2.142217,-0.000663,0.004101,3.895679,-0.000385,0.595565,2.133448,-0.001959,0.021605,0.000000,0.000000,-0.000315,-0.000383,0.000165,-0.000267,0.403849,0.403849,-0.397759,-0.397759,0.327775,0.329348,-0.475500,-0.473461,0.234832,-0.234832,0.234832,-0.234832,0.232991,-0.234575,0.231588,-0.233518,0.272304,0.155972,0.000000,0.000000,0.000000
3.136000,4.265998,-0.001343,0.593700,2.000000,-0.000630,0.000000,-0.000315,0.000000,4.002918,-0.001275,0.591850,2.140859,-0.000662,0.003983,3.921269,-0.000394,0.595549,2.134316,-0.000667,0.009591,0.000000,0.000000,-0.000315,-0.000332,0.000191,-0.000268,0.403739,0.403739,-0.397650,-0.397650,0.327921,0.329471,-0.475275,-0.473167,0.234832,-0.234832,0.234832,-0.234832,0.232959,-0.234608,0.231564,-0.233550,0.272453,0.155998,0.000000,0.000000,0.000000
3.148000,4.289998,-0.001351,0.593700,2.000000,-0.000630,0.000000,-0.000315,0.000000,4.028600,-0.001283,0.591897,2.139499,-0.000662,0.003864,3.946863,-0.000402,0.595662,2.133975,-0.000529,-0.000047,0.000000,0.000000,-0.000315,-0.000293,0.000225,-0.000264,0.403635,0.403635,-0.397546,-0.397546,0.328130,0.329542,-0.475030,-0.472948,0.234832,-0.234832,0.234832,-0.234832,0.232938,-0.234631,0.231545,-0.233575,0.272445,0.155952,0.000000,0.000000,0.000000
3.160000,4.313998,-0.001358,0.593700,2.000000,-0.000630,0.000000,-0.000315,0.000000,4.054266,-0.001291,0.591943,2.138141,-0.000662,0.003750,3.972464,-0.000414,0.595828,2.134379,-0.000572,-0.005021,0.000000,0.000000,-0.000315,-0.000252,0.000226,-0.000266,0.403537,0.403537,-0.397448,-0.397448,0.328258,0.329592,-0.474746,-0.472690,0.234832,-0.234832,0.234832,-0.234832,0.232921,-0.234650,0.231526,-0.233597,0.272438,0.155941,0.000000,0.000000,0.000000
3.172000,4.337998,-0.001366,0.593700,2.000000,-0.000630,0.000000,-0.000315,0.000000,4.079915,-0.001299,0.591987,2.136788,-0.000661,0.003643,3.998083,-0.000455,0.596029,2.135735,-0.002716,0.014638,0.001516,0.000321,-0.000314,-0.000086,0.000242,-0.000261,0.403445,0.403445,-0.397356,-0.397356,0.328320,0.329617,-0.474501,-0.472490,0.234832,-0.234832,0.234832,-0.234832,0.232861,-0.234712,0.231471,-0.233656,0.272308,0.155975,0.000000,0.000000,0.000000
3.184000,4.361998,-0.001374,0.593700,2.000000,-0.000630,0.000000,-0.000315,0.000000,4.105549,-0.001307,0.592030,2.135447,-0.000661,0.003539,4.023722,-0.000418,0.596118,2.136959,0.004717,0.017198,0.000000,0.000000,-0.000315,0.000065,0.000319,-0.000258,0.403358,0.403358,-0.397268,-0.397268,0.328359,0.329594,-0.474253,-0.472333,0.234832,-0.234832,0.234832,-0.234832,0.232712,-0.234862,0.231323,-0.233805,0.272305,0.155820,0.000000,0.000000,0.000000
3.196000,4.385998,-0.001381,0.593700,2.000000,-0.000629,0.000000,-0.000315,0.000000,4.131166,-0.001314,0.592072,2.134118,-0.000660,0.003437,4.049375,-0.000466,0.596176,2.137809,-0.001870,-0.000260,0.001238,0.000574,-0.000314,0.000215,0.000364,-0.000257,0.403275,0.403275,-0.397186,-0.397186,0.328421,0.329452,-0.474023,-0.472125,0.234832,-0.234832,0.234832,-0.234832,0.232676,-0.234900,0.231295,-0.233840,0.272194,0.155905,0.000000,0.000000,0.000000
3.208000,4.409998,-0.001389,0.593700,1.999999,-0.000630,0.000000,-0.000315,0.000000,4.156768,-0.001322,0.592113,2.132800,-0.000660,0.003340,4.075043,-0.000451,0.596405,2.138160,0.000820,0.001870,0.000733,0.000811,-0.000315,0.000301,0.000474,-0.000263,0.403197,0.403197,-0.397107,-0.397107,0.328468,0.329244,-0.473782,-0.471945,0.234832,-0.234832,0.234832,-0.234832,0.232599,-0.234978,0.231213,-0.233923,0.271946,0.155767,0.000000,0.000000,0.000000
3.220000,4.433998,-0.001396,0.593700,1.999999,-0.000629,0.000000,-0.000315,0.000000,4.182353,-0.001330,0.592152,2.131499,-0.000660,0.003243,4.100726,-0.000469,0.596437,2.140021,-0.000835,0.014866,0.000844,0.001007,-0.000315,0.000400,0.000616,-0.000264,0.403122,0.403122,-0.397033,-0.397033,0.328404,0.329014,-0.473543,-0.471798,0.234832,-0.234832,0.234832,-0.234832,0.232555,-0.235024,0.231167,-0.233970,0.271795,0.155783,0.000000,0.000000,0.000000
3.232000,4.457998,-0.001404,0.593700,1.999999,-0.000629,0.000000,-0.000315,0.000000,4.207924,-0.001338,0.592191,2.130207,-0.000659,0.003149,4.126414,-0.000468,0.596552,2.139804,0.001433,0.004965,0.000772,0.001030,-0.000315,0.000556,0.000718,-0.000270,0.403052,0.403052,-0.396963,-0.396963,0.328295,0.328834,-0.473313,-0.471612,0.234832,-0.234832,0.234832,-0.234832,0.232447,-0.235129,0.231065,-0.234077,0.271638,0.155736,0.000000,0.000000,0.000000
3.244000,4.481998,-0.001411,0.593700,1.999999,-0.000629,0.000000,-0.000315,0.000000,4.233478,-0.001346,0.592228,2.128930,-0.000659,0.003058,4.152140,-0.000485,0.596548,2.142350,-0.002011,-0.003613,0.000934,0.000823,-0.000314,0.000588,0.000853,-0.000270,0.402986,0.402986,-0.396896,-0.396896,0.328217,0.328571,-0.473102,-0.471532,0.234832,-0.234832,0.234832,-0.234832,0.232432,-0.235100,0.231056,-0.234089,0.271549,0.155777,0.000000,0.000000,0.000000
3.256000,4.505998,-0.001419,0.593700,1.999999,-0.000629,0.000000,-0.000315,0.000000,4.259018,-0.001354,0.592264,2.127663,-0.000659,0.002969,4.177831,-0.000484,0.596782,2.138640,-0.000300,-0.013261,0.000516,0.001055,-0.000315,0.000631,0.000897,-0.000275,0.402923,0.402923,-0.396834,-0.396834,0.328074,0.328375,-0.472847,-0.471399,0.234832,-0.234832,0.234832,-0.234832,0.232393,-0.235138,0.231015,-0.234131,0.271206,0.155651,0.000000,0.000000,0.000000
3.268000,4.529998,-0.001426,0.593700,2.000000,-0.000630,0.000000,-0.000315,0.000000,4.284542,-0.001362,0.592299,2.126415,-0.000659,0.002881,4.203525,-0.000474,0.596767,2.139719,-0.001511,-0.019476,0.000000,0.000000,-0.000315,0.000469,0.000845,-0.000281,0.402864,0.402864,-0.396774,-0.396774,0.328041,0.328113,-0.472570,-0.471305,0.234832,-0.234832,0.234832,-0.234832,0.232468,-0.235028,0.231089,-0.234060,0.271240,0.155606,0.000000,0.000000,0.000000
3.280000,4.553998,-0.001434,0.593700,2.000000,-0.000630,0.000000,-0.000315,0.000000,4.310052,-0.001370,0.592333,2.125173,-0.000659,0.002797,4.229254,-0.000464,0.597033,2.139571,0.000394,0.013850,0.000000,0.000000,-0.000315,0.000387,0.000815,-0.000284,0.402808,0.402808,-0.396719,-0.396719,0.327810,0.327916,-0.472504,-0.471306,0.234832,-0.234832,0.234832,-0.234832,0.232490,-0.234990,0.231045,-0.233974,0.270941,0.155503,0.000000,0.000000,0.000000
3.292000,4.577998,-0.001442,0.593700,2.000000,-0.000630,0.000000,-0.000315,0.000000,4.335547,-0.001378,0.592366,2.123946,-0.000658,0.002714,4.254941,-0.000451,0.596899,2.137803,0.002176,0.000717,0.000000,0.000000,-0.000315,0.000316,0.000771,-0.000294,0.402756,0.402756,-0.396667,-0.396667,0.327582,0.327750,-0.472473,-0.471261,0.234832,-0.234832,0.234832,-0.234832,0.232534,-0.234947,0.230991,-0.233941,0.270765,0.155489,0.000000,0.000000,0.000000
3.304000,4.601998,-0.001449,0.593700,2.000000,-0.000630,0.000000,-0.000315,0.000000,4.361027,-0.001386,0.592398,2.122722,-0.000658,0.002637,4.280609,-0.000460,0.596977,2.136990,-0.000649,0.004567,0.000000,0.000000,-0.000315,0.000229,0.000672,-0.000291,0.402707,0.402707,-0.396617,-0.396617,0.327354,0.327651,-0.472442,-0.471237,0.234832,-0.234832,0.234832,-0.234832,0.232588,-0.234878,0.230987,-0.233828,0.270612,0.155447,0.000000,0.000000,0.000000
3.316000,4.625998,-0.001457,0.593700,2.000000,-0.000630,0.000000,-0.000315,0.000000,4.386492,-0.001394,0.592430,2.121507,-0.000658,0.002564,4.306227,-0.000454,0.597043,2.133790,-0.000992,0.019221,0.000000,0.000000,-0.000315,0.000137,0.000567,-0.000287,0.402660,0.402660,-0.396571,-0.396571,0.327152,0.327582,-0.472508,-0.471175,0.234832,-0.234832,0.234832,-0.234832,0.232634,-0.234814,0.230971,-0.233761,0.270611,0.155416,0.000000,0.000000,0.000000
3.328000,4.649998,-0.001464,0.593700,2.000000,-0.000630,0.000000,-0.000315,0.000000,4.411943,-0.001401,0.592460,2.120303,-0.000658,0.002494,4.331823,-0.000469,0.596984,2.130918,-0.001620,-0.001584,0.000000,0.000000,-0.000315,0.000091,0.000500,-0.000286,0.402617,0.402617,-0.396527,-0.396527,0.327059,0.327465,-0.472511,-0.471058,0.234832,-0.234832,0.234832,-0.234832,0.232678,-0.234755,0.230978,-0.233718,0.270590,0.155445,0.000000,0.000000,0.000000
3.340000,4.673998,-0.001472,0.593700,2.000000,-0.000630,0.000000,-0.000315,0.000000,4.437379,-0.001409,0.592489,2.119112,-0.000657,0.002424,4.357375,-0.000474,0.596918,2.127765,-0.000407,-0.015380,-0.001103,-0.000035,-0.000316,0.000044,0.000455,-0.000291,0.402575,0.402575,-0.396486,-0.396486,0.327014,0.327377,-0.472510,-0.470906,0.234832,-0.234832,0.234832,-0.234832,0.232713,-0.234722,0.230970,-0.233689,0.270526,0.155421,0.000000,0.000000,0.000000
3.350000,4.693998,-0.001478,0.593700,2.000000,-0.000630,0.000000,-0.000315,0.000000,4.458566,-0.001416,0.592513,2.118130,-0.000657,0.002367,4.378642,-0.000500,0.596953,2.125766,-0.004523,0.008229,0.000000,0.000000,-0.000315,-0.000147,0.000424,-0.000294,0.402542,0.402542,-0.396453,-0.396453,0.326905,0.327293,-0.472468,-0.470873,0.234832,-0.234832,0.234832,-0.234832,0.232844,-0.234567,0.231102,-0.233534,0.270501,0.155477,0.000000,0.000000,0.000000
3.362000,4.717998,-0.001486,0.593700,1.999999,-0.000629,0.000000,-0.000315,0.000000,4.483976,-0.001424,0.592541,2.116960,-0.000657,0.002301,4.404113,-0.000489,0.597008,2.120393,-0.000139,-0.000813,-0.001116,-0.000429,-0.000315,-0.000348,0.000350,-0.000292,0.402504,0.402504,-0.396415,-0.396415,0.326836,0.327292,-0.472347,-0.470857,0.234832,-0.234832,0.234832,-0.234832,0.232931,-0.234482,0.231186,-0.233406,0.270453,0.155375,0.000000,0.000000,0.000000
3.374000,4.741998,-0.001493,0.593700,2.000000,-0.000630,0.000000,-0.000315,0.000000,4.509373,-0.001432,0.592569,2.115803,-0.000656,0.002236,4.429578,-0.000529,0.596942,2.121559,-0.001554,-0.012459,0.000000,0.000000,-0.000315,-0.000429,0.000255,-0.000296,0.402469,0.402469,-0.396379,-0.396379,0.326859,0.327416,-0.472345,-0.470840,0.234832,-0.234832,0.234832,-0.234832,0.233024,-0.234391,0.231232,-0.233303,0.270595,0.155490,0.000000,0.000000,0.000000
3.386000,4.765998,-0.001501,0.593700,1.999999,-0.000630,0.000000,-0.000315,0.000000,4.534755,-0.001440,0.592595,2.114657,-0.000656,0.002172,4.455030,-0.000513,0.597082,2.122709,0.002932,0.034473,-0.001047,-0.000817,-0.000315,-0.000514,0.000180,-0.000299,0.402435,0.402435,-0.396345,-0.396345,0.326732,0.327427,-0.472464,-0.470764,0.234832,-0.234832,0.234832,-0.234832,0.233033,-0.234337,0.231216,-0.233276,0.270515,0.155373,0.000000,0.000000,0.000000
3.398000,4.789998,-0.001508,0.593700,2.000000,-0.000630,0.000000,-0.000315,0.000000,4.560124,-0.001447,0.592621,2.113505,-0.000656,0.002117,4.480358,-0.000555,0.597112,2.112419,-0.001355,0.003092,0.000000,0.000000,-0.000315,-0.000506,0.000083,-0.000297,0.402403,0.402403,-0.396313,-0.396313,0.326831,0.327555,-0.472585,-0.470604,0.234832,-0.234832,0.234832,-0.234832,0.233076,-0.234296,0.231251,-0.233233,0.270476,0.155426,0.000000,0.000000,0.000000
3.410000,4.813998,-0.001516,0.593700,1.999999,-0.000630,0.000000,-0.000315,0.000000,4.585480,-0.001455,0.592646,2.112358,-0.000656,0.002066,4.505661,-0.000557,0.597001,2.107682,-0.000958,-0.011884,0.000000,0.000000,-0.000315,-0.000486,0.000114,-0.000292,0.402372,0.402372,-0.396283,-0.396283,0.326923,0.327719,-0.472726,-0.470406,0.234832,-0.234832,0.234832,-0.234832,0.233069,-0.234307,0.231214,-0.233242,0.270741,0.155468,0.000000,0.000000,0.000000
3.422000,4.837998,-0.001523,0.593700,2.000000,-0.000630,0.000000,-0.000315,0.000000,4.610821,-0.001463,0.592670,2.111220,-0.000655,0.002018,4.530953,-0.000567,0.597012,2.107313,-0.000659,-0.002075,-0.000604,-0.000917,-0.000315,-0.000520,0.000134,-0.000287,0.402343,0.402343,-0.396254,-0.396254,0.326957,0.327878,-0.472777,-0.470323,0.234832,-0.234832,0.234832,-0.234832,0.233088,-0.234291,0.231216,-0.233187,0.270859,0.155440,0.000000,0.000000,0.000000
3.434000,4.861998,-0.001531,0.593700,2.000000,-0.000630,0.000000,-0.000315,0.000000,4.636149,-0.001471,0.592694,2.110094,-0.000655,0.001971,4.556197,-0.000597,0.597189,2.103724,-0.000996,0.015966,0.000000,0.000000,-0.000315,-0.000445,0.000128,-0.000280,0.402315,0.402315,-0.396226,-0.396226,0.326988,0.328060,-0.472759,-0.470268,0.234832,-0.234832,0.234832,-0.234832,0.233069,-0.234312,0.231182,-0.233189,0.270861,0.155434,0.000000,0.000000,0.000000
3.446000,4.885998,-0.001539,0.593700,2.000000,-0.000630,0.000000,-0.000315,0.000000,4.661463,-0.001479,0.592718,2.108979,-0.000655,0.001925,4.581401,-0.000604,0.597204,2.101181,-0.000332,0.004073,0.000000,0.000000,-0.000315,-0.000384,0.000185,-0.000277,0.402288,0.402288,-0.396199,-0.396199,0.327177,0.328235,-0.472706,-0.470113,0.234832,-0.234832,0.234832,-0.234832,0.233037,-0.234347,0.231133,-0.233225,0.270965,0.155404,0.000000,0.000000,0.000000
3.458000,4.909998,-0.001546,0.593700,2.000000,-0.000630,0.000000,-0.000315,0.000000,4.686764,-0.001487,0.592741,2.107876,-0.000655,0.001880,4.606564,-0.000625,0.597333,2.098460,-0.001599,0.015839,0.000000,0.000000,-0.000315,-0.000341,0.000203,-0.000277,0.402262,0.402262,-0.396173,-0.396173,0.327312,0.328397,-0.472656,-0.469897,0.234832,-0.234832,0.234832,-0.234832,0.233030,-0.234357,0.231130,-0.233234,0.271050,0.155436,0.000000,0.000000,0.000000
3.470000,4.933998,-0.001554,0.593700,2.000000,-0.000630,0.000000,-0.000315,0.000000,4.712052,-0.001495,0.592763,2.106783,-0.000655,0.001837,4.631731,-0.000630,0.597310,2.099224,-0.000577,0.013181,0.000000,0.000000,-0.000315,-0.000304,0.000237,-0.000274,0.402237,0.402237,-0.396148,-0.396148,0.327507,0.328613,-0.472525,-0.469742,0.234832,-0.234832,0.234832,-0.234832,0.233004,-0.234385,0.231108,-0.233261,0.271136,0.155400,0.000000,0.000000,0.000000
3.482000,4.957998,-0.001561,0.593700,2.000000,-0.000630,0.000000,-0.000315,0.000000,4.737327,-0.001502,0.592785,2.105702,-0.000654,0.001794,4.656903,-0.000642,0.597357,2.099740,-0.000373,0.007615,0.000000,0.000000,-0.000315,-0.000262,0.000258,-0.000269,0.402213,0.402213,-0.396124,-0.396124,0.327695,0.328785,-0.472330,-0.469582,0.234832,-0.234832,0.234832,-0.234832,0.232981,-0.234410,0.231097,-0.233278,0.271312,0.155461,0.000000,0.000000,0.000000
3.494000,4.981998,-0.001569,0.593700,2.000000,-0.000630,0.000000,-0.000315,0.000000,4.762589,-0.001510,0.592806,2.104631,-0.000654,0.001752,4.682091,-0.000651,0.597393,2.100290,-0.000624,-0.011988,0.000000,0.000000,-0.000315,-0.000232,0.000258,-0.000265,0.402190,0.402190,-0.396100,-0.396100,0.327865,0.328911,-0.472120,-0.469406,0.234832,-0.234832,0.234832,-0.234832,0.232967,-0.234426,0.231086,-0.233297,0.271292,0.155421,0.000000,0.000000,0.000000
3.506000,5.005998,-0.001576,0.593700,2.000000,-0.000630,0.000000,-0.000315,0.000000,4.787839,-0.001518,0.592827,2.103571,-0.000654,0.001712,4.707302,-0.000677,0.597574,2.101519,-0.001431,0.000745,0.001258,0.000238,-0.000315,-0.000125,0.000289,-0.000262,0.402167,0.402167,-0.396078,-0.396078,0.328071,0.328969,-0.471975,-0.469321,0.234832,-0.234832,0.234832,-0.234832,0.232925,-0.234471,0.231046,-0.233340,0.271283,0.155442,0.000000,0.000000,0.000000
3.518000,5.029998,-0.001584,0.593700,2.000000,-0.000629,0.000000,-0.000315,0.000000,4.813075,-0.001526,0.592847,2.102522,-0.000653,0.001672,4.732520,-0.000695,0.597741,2.102641,-0.001218,0.017087,0.001485,0.000495,-0.000314,0.000094,0.000313,-0.000264,0.402145,0.402145,-0.396056,-0.396056,0.328145,0.328975,-0.471774,-0.469164,0.234832,-0.234832,0.234832,-0.234832,0.232806,-0.234590,0.230928,-0.233462,0.271210,0.155421,0.000000,0.000000,0.000000
3.530000,5.053998,-0.001591,0.593700,2.000000,-0.000630,0.000000,-0.000315,0.000000,4.838299,-0.001534,0.592867,2.101484,-0.000653,0.001633,4.757760,-0.000670,0.597811,2.103406,0.000823,0.013469,0.000944,0.000901,-0.000314,0.000095,0.000351,-0.000265,0.402124,0.402124,-0.396035,-0.396035,0.328304,0.328929,-0.471534,-0.469101,0.234832,-0.234832,0.234832,-0.234832,0.232769,-0.234629,0.230893,-0.233501,0.271152,0.155311,0.000000,0.000000,0.000000
3.542000,5.077998,-0.001599,0.593700,2.000000,-0.000630,0.000000,-0.000315,0.000000,4.863511,-0.001542,0.592886,2.100456,-0.000653,0.001595,4.783031,-0.000702,0.597878,2.105490,-0.000456,0.006539,0.001202,0.000490,-0.000314,0.000300,0.000415,-0.000264,0.402104,0.402104,-0.396015,-0.396015,0.328321,0.328839,-0.471281,-0.468986,0.234832,-0.234832,0.234832,-0.234832,0.232676,-0.234725,0.230800,-0.233597,0.271185,0.155350,0.000000,0.000000,0.000000
3.554000,5.101998,-0.001607,0.593700,2.000000,-0.000630,0.000000,-0.000315,0.000000,4.888710,-0.001549,0.592905,2.099438,-0.000652,0.001558,4.808330,-0.000692,0.597881,2.108217,-0.000849,-0.001207,0.000000,0.000000,-0.000315,0.000358,0.000492,-0.000270,0.402085,0.402085,-0.395995,-0.395995,0.328356,0.328704,-0.471022,-0.468911,0.234832,-0.234832,0.234832,-0.234832,0.232622,-0.234757,0.230743,-0.233656,0.271095,0.155230,0.000000,0.000000,0.000000
3.566000,5.125998,-0.001614,0.593700,1.999998,-0.000629,0.000000,-0.000315,0.000000,4.913897,-0.001557,0.592924,2.098431,-0.000652,0.001522,4.833642,-0.000695,0.597890,2.109529,0.001193,0.011088,0.000349,0.001176,-0.000315,0.000386,0.000560,-0.000269,0.402066,0.402066,-0.395976,-0.395976,0.328358,0.328501,-0.470843,-0.468922,0.234832,-0.234832,0.234832,-0.234832,0.232594,-0.234784,0.230717,-0.233684,0.270933,0.155251,0.000000,0.000000,0.000000
3.578000,5.149998,-0.001622,0.593700,1.999999,-0.000629,0.000000,-0.000315,0.000000,4.939072,-0.001565,0.592942,2.097434,-0.000652,0.001486,4.858895,-0.000708,0.597944,2.105551,0.000492,-0.009133,0.001068,0.001002,-0.000314,0.000436,0.000732,-0.000279,0.402048,0.402048,-0.395958,-0.395958,0.328418,0.328288,-0.470620,-0.468914,0.234832,-0.234832,0.234832,-0.234832,0.232574,-0.234783,0.230695,-0.233737,0.270863,0.155302,0.000000,0.000000,0.000000
3.590000,5.173998,-0.001629,0.593700,1.999999,-0.000630,0.000000,-0.000315,0.000000,4.964236,-0.001573,0.592959,2.096447,-0.000652,0.001452,4.884219,-0.000698,0.598038,2.108345,-0.000292,-0.008776,0.000000,0.000000,-0.000315,0.000411,0.000817,-0.000284,0.402030,0.402030,-0.395941,-0.395941,0.328334,0.328205,-0.470388,-0.468909,0.234832,-0.234832,0.234832,-0.234832,0.232564,-0.234775,0.230700,-0.233749,0.270767,0.155217,0.000000,0.000000,0.000000
3.600000,5.193998,-0.001636,0.593700,1.999999,-0.000630,0.000000,-0.000315,0.000000,4.985196,-0.001579,0.592974,2.095633,-0.000652,0.001424,4.905313,-0.000669,0.598183,2.107921,0.002622,0.005841,0.000059,0.001223,-0.000315,0.000290,0.000809,-0.000279,0.402016,0.402016,-0.395926,-0.395926,0.328191,0.328178,-0.470189,-0.468930,0.234832,-0.234832,0.234832,-0.234832,0.232577,-0.234741,0.230736,-0.233716,0.270559,0.155094,0.000000,0.000000,0.000000
3.612000,5.217998,-0.001643,0.593700,2.000000,-0.000630,0.000000,-0.000315,0.000000,5.010338,-0.001587,0.592991,2.094664,-0.000651,0.001391,4.930636,-0.000687,0.598168,2.107921,0.002030,0.015501,0.000201,0.001071,-0.000315,0.000325,0.000878,-0.000284,0.401999,0.401999,-0.395910,-0.395910,0.328015,0.328118,-0.470154,-0.468918,0.234832,-0.234832,0.234832,-0.234832,0.232579,-0.234739,0.230699,-0.233717,0.270501,0.155114,0.000000,0.000000,0.000000
3.624000,5.241998,-0.001651,0.593700,1.999999,-0.000631,0.000000,-0.000315,0.000000,5.035468,-0.001595,0.593007,2.093705,-0.000652,0.001358,4.955940,-0.000710,0.598133,2.107083,-0.003467,0.003574,0.000000,0.000000,-0.000315,0.000214,0.000936,-0.000277,0.401983,0.401983,-0.395894,-0.395894,0.327988,0.328106,-0.470087,-0.468988,0.234832,-0.234832,0.234832,-0.234832,0.232650,-0.234670,0.230773,-0.233553,0.270536,0.155108,0.000000,0.000000,0.000000
3.636000,5.265998,-0.001658,0.593700,2.000000,-0.000630,0.000000,-0.000315,0.000000,5.060587,-0.001603,0.593023,2.092757,-0.000651,0.001327,4.981212,-0.000720,0.598090,2.105237,-0.000614,0.002473,0.000000,0.000000,-0.000315,0.000176,0.000871,-0.000287,0.401968,0.401968,-0.395879,-0.395879,0.327884,0.328130,-0.470029,-0.468936,0.234832,-0.234832,0.234832,-0.234832,0.232674,-0.234645,0.230777,-0.233523,0.270587,0.155144,0.000000,0.000000,0.000000
3.648000,5.289998,-0.001666,0.593700,2.000000,-0.000630,0.000000,-0.000315,0.000000,5.085694,-0.001611,0.593039,2.091817,-0.000651,0.001296,5.006516,-0.000728,0.598146,2.105757,0.000334,0.000808,0.000000,0.000000,-0.000315,0.000120,0.000745,-0.000289,0.401953,0.401953,-0.395864,-0.395864,0.327688,0.328009,-0.470033,-0.468990,0.234832,-0.234832,0.234832,-0.234832,0.232691,-0.234595,0.230767,-0.233450,0.270476,0.155095,0.000000,0.000000,0.000000
3.660000,5.313998,-0.001673,0.593700,2.000000,-0.000630,0.000000,-0.000315,0.000000,5.110791,-0.001619,0.593054,2.090888,-0.000651,0.001266,5.031748,-0.000744,0.598175,2.101079,-0.001438,0.006177,0.000000,0.000000,-0.000315,0.000077,0.000628,-0.000294,0.401939,0.401939,-0.395850,-0.395850,0.327483,0.327887,-0.470101,-0.468999,0.234832,-0.234832,0.234832,-0.234832,0.232735,-0.234551,0.230765,-0.233381,0.270373,0.155073,0.000000,0.000000,0.000000
3.672000,5.337998,-0.001681,0.593700,2.000000,-0.000630,0.000000,-0.000315,0.000000,5.135876,-0.001626,0.593069,2.089967,-0.000651,0.001236,5.056944,-0.000758,0.598131,2.098240,-0.004718,0.004051,0.000000,0.000000,-0.000315,0.000000,0.000558,-0.000294,0.401925,0.401925,-0.395836,-0.395836,0.327395,0.327901,-0.470189,-0.469011,0.234832,-0.234832,0.234832,-0.234832,0.232796,-0.234492,0.230803,-0.233301,0.270315,0.155082,0.000000,0.000000,0.000000
3.684000,5.361998,-0.001688,0.593700,2.000000,-0.000630,0.000000,-0.000315,0.000000,5.160950,-0.001634,0.593084,2.089056,-0.000651,0.001208,5.082103,-0.000706,0.598133,2.094176,0.006175,-0.000140,-0.001438,0.000064,-0.000316,-0.000135,0.000505,-0.000292,0.401912,0.401912,-0.395823,-0.395823,0.327262,0.327969,-0.470199,-0.468994,0.234832,-0.234832,0.234832,-0.234832,0.232783,-0.234493,0.230800,-0.233294,0.270341,0.154965,0.000000,0.000000,0.000000
3.696000,5.385998,-0.001696,0.593700,2.000000,-0.000630,0.000000,-0.000315,0.000000,5.186013,-0.001642,0.593098,2.088154,-0.000650,0.001179,5.107253,-0.000738,0.598007,2.093628,0.001851,-0.001226,-0.001442,-0.000582,-0.000315,-0.000289,0.000467,-0.000301,0.401899,0.401899,-0.395810,-0.395810,0.327272,0.328062,-0.470273,-0.469026,0.234832,-0.234832,0.234832,-0.234832,0.232915,-0.234363,0.230882,-0.233136,0.270589,0.155045,0.000000,0.000000,0.000000
3.708000,5.409998,-0.001704,0.593700,2.000000,-0.000630,0.000000,-0.000315,0.000000,5.211066,-0.001650,0.593112,2.087261,-0.000650,0.001152,5.132449,-0.000773,0.598161,2.100740,-0.000530,0.041021,-0.000893,-0.000788,-0.000315,-0.000360,0.000384,-0.000301,0.401887,0.401887,-0.395797,-0.395797,0.327183,0.328180,-0.470376,-0.469127,0.234832,-0.234832,0.234832,-0.234832,0.232980,-0.234266,0.230875,-0.232988,0.270533,0.155061,0.000000,0.000000,0.000000
3.720000,5.433998,-0.001711,0.593700,2.000000,-0.000630,0.000000,-0.000315,0.000000,5.236107,-0.001658,0.593126,2.086377,-0.000649,0.001125,5.157527,-0.000778,0.597896,2.094048,-0.004230,0.001587,-0.001036,-0.000515,-0.000315,-0.000489,0.000241,-0.000293,0.401875,0.401875,-0.395785,-0.395785,0.327231,0.328340,-0.470545,-0.469148,0.234832,-0.234832,0.234832,-0.234832,0.233078,-0.234171,0.230930,-0.232906,0.270710,0.155133,0.000000,0.000000,0.000000
3.732000,5.457998,-0.001719,0.593700,2.000000,-0.000629,0.000000,-0.000315,0.000000,5.261139,-0.001665,0.593139,2.085502,-0.000649,0.001099,5.182539,-0.000762,0.597971,2.083527,0.002614,-0.008584,0.000000,0.000000,-0.000315,-0.000566,0.000155,-0.000297,0.401863,0.401863,-0.395774,-0.395774,0.327364,0.328500,-0.470837,-0.469209,0.234832,-0.234832,0.234832,-0.234832,0.233086,-0.234165,0.230921,-0.232875,0.270780,0.155061,0.000000,0.000000,0.000000
3.744000,5.481998,-0.001726,0.593700,1.999999,-0.000629,0.000000,-0.000315,0.000000,5.286159,-0.001673,0.593152,2.084636,-0.000649,0.001074,5.207516,-0.000797,0.598073,2.078465,-0.001395,-0.002472,-0.001044,-0.001080,-0.000315,-0.000585,0.000096,-0.000293,0.401852,0.401852,-0.395763,-0.395763,0.327492,0.328676,-0.470944,-0.469276,0.234832,-0.234832,0.234832,-0.234832,0.233129,-0.234124,0.230944,-0.232784,0.271002,0.155043,0.000000,0.000000,0.000000
3.756000,5.505998,-0.001734,0.593700,2.000000,-0.000630,0.000000,-0.000315,0.000000,5.311170,-0.001681,0.593165,2.083779,-0.000649,0.001049,5.232457,-0.000812,0.598080,2.081427,-0.003065,0.017635,-0.000832,-0.000650,-0.000315,-0.000698,-0.000011,-0.000286,0.401841,0.401841,-0.395752,-0.395752,0.327618,0.328854,-0.470859,-0.469263,0.234832,-0.234832,0.234832,-0.234832,0.233200,-0.234056,0.231012,-0.232667,0.271007,0.155068,0.000000,0.000000,0.000000
3.768000,5.529998,-0.001741,0.593700,1.999999,-0.000630,0.000000,-0.000315,0.000000,5.336170,-0.001689,0.593177,2.082931,-0.000649,0.001024,5.257366,-0.000819,0.597926,2.076268,0.002709,-0.004317,0.000000,0.000000,-0.000315,-0.000652,-0.000030,-0.000288,0.401831,0.401831,-0.395742,-0.395742,0.327803,0.329032,-0.470634,-0.469507,0.234832,-0.234832,0.234832,-0.234832,0.233165,-0.234079,0.230980,-0.232733,0.271251,0.155126,0.000000,0.000000,0.000000
3.780000,5.553998,-0.001749,0.593700,2.000000,-0.000630,0.000000,-0.000315,0.000000,5.361160,-0.001697,0.593190,2.082091,-0.000649,0.001000,5.282220,-0.000855,0.598169,2.072713,-0.001722,0.023992,0.000000,0.000000,-0.000315,-0.000523,0.000059,-0.000282,0.401821,0.401821,-0.395732,-0.395732,0.327952,0.329241,-0.470441,-0.469577,0.234832,-0.234832,0.234832,-0.234832,0.233128,-0.234117,0.230948,-0.232777,0.271273,0.155086,0.000000,0.000000,0.000000
3.792000,5.577998,-0.001757,0.593700,2.000000,-0.000630,0.000000,-0.000315,0.000000,5.386140,-0.001704,0.593201,2.081260,-0.000649,0.000977,5.307032,-0.000861,0.598116,2.070511,-0.001182,0.008992,0.000000,0.000000,-0.000315,-0.000444,0.000114,-0.000279,0.401811,0.401811,-0.395722,-0.395722,0.328206,0.329476,-0.470206,-0.469501,0.234832,-0.234832,0.234832,-0.234832,0.233081,-0.234167,0.230906,-0.232831,0.271541,0.155108,0.000000,0.000000,0.000000
3.804000,5.601998,-0.001764,0.593700,2.000000,-0.000630,0.000000,-0.000315,0.000000,5.411111,-0.001712,0.593213,2.080437,-0.000649,0.000954,5.331852,-0.000869,0.598038,2.070678,-0.000696,-0.003307,0.000000,0.000000,-0.000315,-0.000377,0.000181,-0.000280,0.401802,0.401802,-0.395713,-0.395713,0.328471,0.329659,-0.470058,-0.469318,0.234832,-0.234832,0.234832,-0.234832,0.233045,-0.234206,0.230867,-0.232877,0.271723,0.155147,0.000000,0.000000,0.000000
3.816000,5.625998,-0.001772,0.593700,2.000000,-0.000630,0.000000,-0.000315,0.000000,5.436071,-0.001720,0.593224,2.079622,-0.000648,0.000932,5.356693,-0.000886,0.598322,2.071499,-0.000564,0.013756,0.000000,0.000000,-0.000315,-0.000313,0.000210,-0.000283,0.401793,0.401793,-0.395704,-0.395704,0.328723,0.329761,-0.469947,-0.469072,0.234832,-0.234832,0.234832,-0.234832,0.233006,-0.234225,0.230844,-0.232909,0.271714,0.155114,0.000000,0.000000,0.000000
3.828000,5.649998,-0.001779,0.593700,2.000000,-0.000630,0.000000,-0.000315,0.000000,5.461021,-0.001728,0.593235,2.078816,-0.000648,0.000911,5.381549,-0.000884,0.598255,2.072884,-0.000695,-0.004171,0.000000,0.000000,-0.000315,-0.000241,0.000218,-0.000280,0.401784,0.401784,-0.395695,-0.395695,0.329000,0.329932,-0.469758,-0.468981,0.234832,-0.234832,0.234832,-0.234832,0.232967,-0.234267,0.230803,-0.232999,0.271835,0.155094,0.000000,0.000000,0.000000
3.840000,5.673998,-0.001787,0.593700,2.000000,-0.000630,0.000000,-0.000315,0.000000,5.485962,-0.001735,0.593246,2.078017,-0.000648,0.000889,5.406494,-0.000880,0.598379,2.080785,0.000109,-0.012848,0.000000,0.000000,-0.000315,-0.000224,0.000216,-0.000279,0.401776,0.401776,-0.395687,-0.395687,0.329190,0.329959,-0.469595,-0.469047,0.234832,-0.234832,0.234832,-0.234832,0.232942,-0.234270,0.230776,-0.233041,0.271932,0.155036,0.000000,0.000000,0.000000
3.850000,5.693998,-0.001793,0.593700,2.000000,-0.000630,0.000000,-0.000315,0.000000,5.506739,-0.001742,0.593255,2.077358,-0.000648,0.000872,5.427247,-0.000886,0.598387,2.076502,-0.000949,0.014207,0.000000,0.000000,-0.000315,-0.000200,0.000247,-0.000273,0.401769,0.401769,-0.395680,-0.395680,0.329292,0.329919,-0.469582,-0.469326,0.234832,-0.234832,0.234832,-0.234832,0.232937,-0.234277,0.230777,-0.233076,0.271821,0.155065,0.000000,0.000000,0.000000
3.862000,5.717998,-0.001801,0.593700,1.999999,-0.000629,0.000000,-0.000315,0.000000,5.531663,-0.001750,0.593265,2.076575,-0.000647,0.000852,5.452135,-0.000912,0.598509,2.073963,-0.003173,0.017092,0.000831,0.000927,-0.000314,-0.000080,0.000292,-0.000275,0.401761,0.401761,-0.395672,-0.395672,0.329417,0.329944,-0.469500,-0.469337,0.234832,-0.234832,0.234832,-0.234832,0.232892,-0.234323,0.230735,-0.233131,0.271760,0.155076,0.000000,0.000000,0.000000
3.874000,5.741998,-0.001808,0.593700,1.999999,-0.000629,0.000000,-0.000315,0.000000,5.556577,-0.001757,0.593275,2.075799,-0.000647,0.000832,5.477068,-0.000934,0.598392,2.078127,-0.003016,-0.008010,0.001649,0.000962,-0.000314,0.000055,0.000383,-0.000244,0.401754,0.401754,-0.395664,-0.395664,0.329550,0.329881,-0.469453,-0.469159,0.234832,-0.234832,0.234832,-0.234832,0.232804,-0.234395,0.230701,-0.233196,0.271863,0.155180,0.000000,0.000000,0.000000
3.886000,5.765998,-0.001816,0.593700,2.000000,-0.000630,0.000000,-0.000315,0.000000,5.581482,-0.001765,0.593285,2.075031,-0.000647,0.000813,5.502040,-0.000904,0.598539,2.079679,0.004102,-0.011211,0.000351,0.001017,-0.000315,0.000237,0.000499,-0.000230,0.401746,0.401746,-0.395657,-0.395657,0.329586,0.329744,-0.469383,-0.468998,0.234832,-0.234832,0.234832,-0.234832,0.232642,-0.234538,0.230557,-0.233378,0.271737,0.154996,0.000000,0.000000,0.000000
3.898000,5.789998,-0.001823,0.593700,1.999999,-0.000629,0.000000,-0.000315,0.000000,5.606378,-0.001773,0.593295,2.074271,-0.000647,0.000794,5.527005,-0.000934,0.598611,2.079840,-0.002446,0.015440,0.001153,0.000897,-0.000314,0.000289,0.000661,-0.000222,0.401739,0.401739,-0.395650,-0.395650,0.329593,0.329598,-0.469282,-0.468946,0.234832,-0.234832,0.234832,-0.234832,0.232648,-0.234533,0.230575,-0.233388,0.271658,0.155074,0.000000,0.000000,0.000000
3.910000,5.813998,-0.001831,0.593700,1.999998,-0.000629,0.000000,-0.000315,0.000000,5.631265,-0.001781,0.593304,2.073518,-0.000646,0.000775,5.551981,-0.000925,0.598596,2.080276,0.001936,0.000571,0.000760,0.001500,-0.000315,0.000448,0.000794,-0.000230,0.401733,0.401733,-0.395643,-0.395643,0.329564,0.329548,-0.469209,-0.468806,0.234832,-0.234832,0.234832,-0.234832,0.232533,-0.234648,0.230459,-0.233515,0.271504,0.155012,0.000000,0.000000,0.000000
3.922000,5.837998,-0.001838,0.593700,2.000000,-0.000630,0.000000,-0.000315,0.000000,5.656142,-0.001788,0.593314,2.072774,-0.000646,0.000757,5.576956,-0.000924,0.598686,2.080330,0.001298,0.001217,0.000000,0.000000,-0.000315,0.000442,0.000902,-0.000238,0.401726,0.401726,-0.395637,-0.395637,0.329578,0.329470,-0.469056,-0.468663,0.234832,-0.234832,0.234832,-0.234832,0.232533,-0.234649,0.230455,-0.233524,0.271573,0.154956,0.000000,0.000000,0.000000
3.934000,5.861998,-0.001846,0.593700,1.999999,-0.000629,0.000000,-0.000315,0.000000,5.681011,-0.001796,0.593323,2.072037,-0.000646,0.000740,5.601935,-0.000955,0.598792,2.080998,-0.004475,0.003452,0.001006,0.000525,-0.000314,0.000407,0.000806,-0.000246,0.401720,0.401720,-0.395630,-0.395630,0.329538,0.329429,-0.468873,-0.468452,0.234832,-0.234832,0.234832,-0.234832,0.232593,-0.234588,0.230510,-0.233470,0.271555,0.155020,0.000000,0.000000,0.000000
3.946000,5.885998,-0.001853,0.593700,1.999998,-0.000630,0.000000,-0.000315,0.000000,5.705871,-0.001804,0.593331,2.071308,-0.000646,0.000723,5.626968,-0.000941,0.598639,2.084836,-0.000382,-0.001323,-0.000245,0.001120,-0.000316,0.000397,0.000815,-0.000250,0.401714,0.401714,-0.395624,-0.395624,0.329455,0.329382,-0.468773,-0.468391,0.234832,-0.234832,0.234832,-0.234832,0.232565,-0.234616,0.230478,-0.233470,0.271463,0.154940,0.000000,0.000000,0.000000
3.958000,5.909998,-0.001861,0.593700,2.000000,-0.000630,0.000000,-0.000315,0.000000,5.730723,-0.001812,0.593340,2.070586,-0.000646,0.000706,5.651988,-0.000959,0.598578,2.084979,-0.000257,-0.014753,0.000000,0.000000,-0.000315,0.000296,0.000752,-0.000284,0.401708,0.401708,-0.395618,-0.395618,0.329436,0.329156,-0.468689,-0.468372,0.234832,-0.234832,0.234832,-0.234832,0.232641,-0.234524,0.230502,-0.233384,0.271488,0.155011,0.000000,0.000000,0.000000
3.970000,5.933998,-0.001869,0.593700,2.000000,-0.000630,0.000000,-0.000315,0.000000,5.755565,-0.001819,0.593348,2.069871,-0.000646,0.000689,5.676988,-0.000952,0.598744,2.080892,0.000029,0.000157,0.000000,0.000000,-0.000315,0.000213,0.000660,-0.000294,0.401702,0.401702,-0.395613,-0.395613,0.329234,0.329066,-0.468661,-0.468351,0.234832,-0.234832,0.234832,-0.234832,0.232684,-0.234480,0.230495,-0.233331,0.271398,0.154912,0.000000,0.000000,0.000000
3.982000,5.957998,-0.001876,0.593700,2.000000,-0.000630,0.000000,-0.000315,0.000000,5.780400,-0.001827,0.593356,2.069163,-0.000646,0.000673,5.701967,-0.000976,0.598650,2.080632,-0.002308,0.004207,0.000000,0.000000,-0.000315,0.000154,0.000574,-0.000299,0.401696,0.401696,-0.395607,-0.395607,0.329119,0.328989,-0.468615,-0.468331,0.234832,-0.234832,0.234832,-0.234832,0.232735,-0.234431,0.230537,-0.233245,0.271303,0.154936,0.000000,0.000000,0.000000
3.994000,5.981998,-0.001884,0.593700,2.000000,-0.000630,0.000000,-0.000315,0.000000,5.805225,-0.001835,0.593364,2.068463,-0.000646,0.000658,5.726926,-0.000984,0.598618,2.077543,-0.000429,-0.014242,0.000000,0.000000,-0.000315,0.000099,0.000505,-0.000305,0.401691,0.401691,-0.395602,-0.395602,0.329020,0.328926,-0.468603,-0.468351,0.234832,-0.234832,0.234832,-0.234832,0.232766,-0.234401,0.230554,-0.233204,0.271265,0.154943,0.000000,0.000000,0.000000
4.004000,5.993998,-0.001888,0.593700,-2.000000,0.000630,0.000000,-0.000315,0.000000,5.825886,-0.001841,0.593371,2.057475,-0.000640,0.000484,5.747697,-0.000978,0.598731,2.075856,-0.001340,0.010870,-0.001173,-0.000045,-0.000316,-0.000045,0.000458,-0.000312,0.401690,0.401690,-0.395601,-0.395601,0.328906,0.328867,-0.468588,-0.468338,0.234832,-0.234832,0.234832,-0.234832,0.232841,-0.234326,0.230619,-0.233112,0.271213,0.154845,0.000000,0.000000,0.000000
4.016000,5.969998,-0.001880,0.593700,-2.000000,0.000630,0.000000,-0.000315,0.000000,5.850385,-0.001849,0.593373,2.025897,-0.000627,0.000015,5.772549,-0.001004,0.598535,2.068311,-0.000414,-0.008751,0.000000,0.000000,-0.000315,-0.000114,0.000406,-0.000315,0.401731,0.401731,-0.395642,-0.395642,0.328709,0.328844,-0.468601,-0.468339,0.234832,-0.234832,0.234832,-0.234832,0.232904,-0.234266,0.230668,-0.233055,0.271185,0.154979,0.000000,0.000000,0.000000
4.028000,5.945998,-0.001872,0.593700,-2.000000,0.000630,0.000000,-0.000315,0.000000,5.874511,-0.001856,0.593371,1.995031,-0.000617,-0.000352,5.797101,-0.001016,0.598693,2.044519,-0.001583,0.000530,0.000000,0.000000,-0.000315,-0.000112,0.000331,-0.000312,0.401818,0.401818,-0.395729,-0.395729,0.328481,0.328763,-0.468744,-0.468486,0.234832,-0.234832,0.234832,-0.234832,0.232917,-0.234252,0.230628,-0.233015,0.271065,0.154886,0.000000,0.000000,0.000000
4.040000,5.921998,-0.001865,0.593700,-2.000000,0.000630,0.000000,-0.000315,0.000000,5.898264,-0.001864,0.593365,1.963599,-0.000608,-0.000786,5.821570,-0.000999,0.598698,2.032041,-0.000806,0.009002,-0.001349,-0.000438,-0.000315,-0.000245,0.000247,-0.000313,0.401952,0.401952,-0.395862,-0.395862,0.328149,0.328559,-0.468937,-0.468718,0.234832,-0.234832,0.234832,-0.234832,0.232970,-0.234201,0.230665,-0.232943,0.270993,0.154838,0.000000,0.000000,0.000000
4.052000,5.897998,-0.001857,0.593700,-1.999999,0.000629,0.000000,-0.000315,0.000000,5.921641,-0.001871,0.593353,1.933133,-0.000607,-0.001131,5.845844,-0.000990,0.598464,2.014158,0.001961,-0.007158,-0.001426,-0.000500,-0.000315,-0.000504,0.000101,-0.000316,0.402134,0.402134,-0.396044,-0.396044,0.327662,0.328184,-0.469442,-0.469091,0.234832,-0.234832,0.234832,-0.234832,0.233103,-0.234072,0.230794,-0.232810,0.270823,0.154886,0.000000,0.000000,0.000000
4.064000,5.873998,-0.001850,0.593700,-2.000000,0.000630,0.000000,-0.000315,0.000000,5.944661,-0.001878,0.593338,1.903269,-0.000617,-0.001422,5.869413,-0.001020,0.598615,1.963467,0.000607,0.006577,-0.001277,-0.000467,-0.000315,-0.000698,-0.000053,-0.000331,0.402349,0.402349,-0.396259,-0.396259,0.327184,0.327771,-0.470074,-0.469025,0.234832,-0.234832,0.234832,-0.234832,0.233249,-0.233927,0.230882,-0.232622,0.270497,0.154882,0.000000,0.000000,0.000000
4.076000,5.849998,-0.001842,0.593700,-2.000000,0.000630,0.000000,-0.000315,0.000000,5.967310,-0.001886,0.593315,1.871379,-0.000609,-0.002814,5.893060,-0.001066,0.598702,1.954218,-0.001828,0.005714,0.000000,0.000000,-0.000315,-0.000618,-0.000110,-0.000318,0.402606,0.402606,-0.396517,-0.396517,0.326655,0.327485,-0.470389,-0.469288,0.234832,-0.234832,0.234832,-0.234832,0.233246,-0.233933,0.230881,-0.232611,0.270091,0.154959,0.000000,0.000000,0.000000
4.088000,5.825998,-0.001835,0.593700,-2.000000,0.000630,0.000000,-0.000315,0.000000,5.989571,-0.001893,0.593264,1.838682,-0.000564,-0.006269,5.916194,-0.001046,0.598825,1.928057,0.000226,0.000012,-0.000932,-0.000419,-0.000315,-0.000655,-0.000126,-0.000300,0.402922,0.402922,-0.396833,-0.396833,0.326238,0.327115,-0.470285,-0.469730,0.234832,-0.234832,0.234832,-0.234832,0.233244,-0.233938,0.230842,-0.232598,0.269710,0.154838,0.000000,0.000000,0.000000
4.100000,5.801998,-0.001827,0.593700,-2.000000,0.000630,0.000000,-0.000315,0.000000,6.011443,-0.001899,0.593178,1.806865,-0.000502,-0.006875,5.939189,-0.001084,0.598746,1.900732,-0.002007,0.008305,0.000000,0.000000,-0.000315,-0.000560,-0.000107,-0.000290,0.403296,0.403296,-0.397207,-0.397207,0.325770,0.326783,-0.470753,-0.470207,0.234832,-0.234832,0.234832,-0.234832,0.233217,-0.233969,0.230821,-0.232599,0.269473,0.154912,0.000000,0.000000,0.000000
4.110000,5.781998,-0.001821,0.593700,-2.000000,0.000630,0.000000,-0.000315,0.000000,6.029384,-0.001904,0.593122,1.781371,-0.000466,-0.004600,5.957855,-0.001114,0.598890,1.862481,-0.002849,0.017874,0.000000,0.000000,-0.000315,-0.000463,-0.000082,-0.000284,0.403649,0.403649,-0.397559,-0.397559,0.325446,0.326529,-0.471471,-0.469942,0.234832,-0.234832,0.234832,-0.234832,0.233175,-0.234014,0.230781,-0.232589,0.269181,0.154886,0.000000,0.000000,0.000000
4.122000,5.757998,-0.001813,0.593700,-2.000000,0.000630,0.000000,-0.000315,0.000000,6.050573,-0.001909,0.593071,1.749863,-0.000380,-0.004489,5.980414,-0.001119,0.598834,1.862412,-0.000750,-0.003565,0.000000,0.000000,-0.000315,-0.000394,-0.000053,-0.000249,0.404120,0.404120,-0.398031,-0.398031,0.325203,0.326345,-0.472408,-0.469819,0.234832,-0.234832,0.234832,-0.234832,0.233126,-0.234068,0.230752,-0.232624,0.268953,0.154921,0.000000,0.000000,0.000000
4.134000,5.733998,-0.001806,0.593700,-2.000000,0.000630,0.000000,-0.000315,0.000000,6.071381,-0.001913,0.593015,1.718154,-0.000242,-0.005037,6.002493,-0.001122,0.599014,1.831913,-0.000154,0.007841,0.000000,0.000000,-0.000315,-0.000343,-0.000053,-0.000223,0.404648,0.404648,-0.398558,-0.398558,0.325112,0.326296,-0.473214,-0.470092,0.234832,-0.234832,0.234832,-0.234832,0.233086,-0.234111,0.230724,-0.232638,0.268826,0.154872,0.000000,0.000000,0.000000
4.146000,5.709998,-0.001798,0.593700,-2.000000,0.000630,0.000000,-0.000315,0.000000,6.091807,-0.001915,0.592947,1.686172,-0.000172,-0.006270,6.024279,-0.001125,0.599017,1.801660,-0.000116,-0.000350,0.000000,0.000000,-0.000315,-0.000301,-0.000051,-0.000217,0.405232,0.405232,-0.399143,-0.399143,0.325149,0.326377,-0.474000,-0.470595,0.234832,-0.234832,0.234832,-0.234832,0.233056,-0.234145,0.230702,-0.232659,0.268887,0.154882,0.000000,0.000000,0.000000
4.158000,5.685998,-0.001790,0.593700,-2.000000,0.000630,0.000000,-0.000315,0.000000,6.111851,-0.001917,0.592872,1.654433,-0.000158,-0.006563,6.045751,-0.001127,0.599178,1.774434,-0.000501,0.011362,0.000000,0.000000,-0.000315,-0.000267,-0.000057,-0.000221,0.405874,0.405874,-0.399785,-0.399785,0.325344,0.326600,-0.474741,-0.471127,0.234832,-0.234832,0.234832,-0.234832,0.233037,-0.234167,0.230677,-0.232684,0.269011,0.154832,0.000000,0.000000,0.000000
4.170000,5.661998,-0.001783,0.593700,-2.000000,0.000630,0.000000,-0.000315,0.000000,6.131512,-0.001919,0.592780,1.622462,-0.000148,-0.008513,6.066839,-0.001123,0.599210,1.742989,0.000243,0.007329,0.000000,0.000000,-0.000315,-0.000243,-0.000052,-0.000217,0.406573,0.406573,-0.400483,-0.400483,0.325711,0.326978,-0.475404,-0.471775,0.234832,-0.234832,0.234832,-0.234832,0.233013,-0.234195,0.230656,-0.232711,0.269311,0.154840,0.000000,0.000000,0.000000
4.182000,5.637998,-0.001775,0.593700,-2.000000,0.000630,0.000000,-0.000315,0.000000,6.150790,-0.001921,0.592660,1.590460,-0.000122,-0.011527,6.087528,-0.001121,0.599323,1.709679,-0.000256,0.005371,0.000000,0.000000,-0.000315,-0.000221,-0.000060,-0.000209,0.407324,0.407324,-0.401235,-0.401235,0.326253,0.327480,-0.475943,-0.472348,0.234832,-0.234832,0.234832,-0.234832,0.232994,-0.234218,0.230640,-0.232728,0.269718,0.154800,0.000000,0.000000,0.000000
4.194000,5.613998,-0.001768,0.593700,-2.000000,0.000630,0.000000,-0.000315,0.000000,6.169680,-0.001922,0.592501,1.558160,-0.000088,-0.015102,6.107827,-0.001117,0.599368,1.677291,0.000488,0.017268,0.000000,0.000000,-0.000315,-0.000203,-0.000043,-0.000208,0.408130,0.408130,-0.402041,-0.402041,0.326908,0.328106,-0.476385,-0.472912,0.234832,-0.234832,0.234832,-0.234832,0.232972,-0.234244,0.230623,-0.232748,0.270186,0.154821,0.000000,0.000000,0.000000
4.206000,5.589998,-0.001760,0.593700,-2.000000,0.000630,0.000000,-0.000315,0.000000,6.188183,-0.001923,0.592301,1.525485,-0.000068,-0.018500,6.127733,-0.001107,0.599443,1.644385,0.000710,-0.005555,0.000000,0.000000,-0.000315,-0.000199,-0.000072,-0.000197,0.408990,0.408990,-0.402901,-0.402901,0.327840,0.329006,-0.476705,-0.473383,0.234832,-0.234832,0.234832,-0.234832,0.232954,-0.234264,0.230610,-0.232768,0.270922,0.154764,0.000000,0.000000,0.000000
4.218000,5.565998,-0.001753,0.593700,-2.000000,0.000630,0.000000,-0.000315,0.000000,6.206291,-0.001924,0.592053,1.492364,-0.000034,-0.022829,6.147265,-0.001102,0.599518,1.613550,0.000756,-0.002366,0.000000,0.000000,-0.000315,-0.000186,-0.000063,-0.000199,0.409909,0.409909,-0.403819,-0.403819,0.328938,0.329996,-0.477009,-0.473846,0.234832,-0.234832,0.234832,-0.234832,0.232939,-0.234284,0.230593,-0.232785,0.271765,0.154733,0.000000,0.000000,0.000000
4.230000,5.541998,-0.001745,0.593700,-2.000000,0.000630,0.000000,-0.000315,0.000000,6.224002,-0.001924,0.591758,1.459140,-0.000048,-0.027772,6.166086,-0.001093,0.599634,1.561028,0.001159,-0.013678,0.000000,0.000000,-0.000315,-0.000177,-0.000077,-0.000210,0.410886,0.410886,-0.404796,-0.404796,0.330300,0.331220,-0.477041,-0.474117,0.234832,-0.234832,0.234832,-0.234832,0.232919,-0.234292,0.230569,-0.232816,0.272784,0.154698,0.000000,0.000000,0.000000
4.242000,5.517998,-0.001738,0.593700,-2.000000,0.000630,0.000000,-0.000315,0.000000,6.241310,-0.001925,0.591392,1.425772,-0.000083,-0.032054,6.184869,-0.001090,0.599547,1.549416,-0.000009,0.000221,0.000000,0.000000,-0.000315,-0.000170,-0.000036,-0.000224,0.411923,0.411923,-0.405833,-0.405833,0.331784,0.332642,-0.477167,-0.474485,0.234832,-0.234832,0.234832,-0.234832,0.232916,-0.234297,0.230559,-0.232843,0.274012,0.154703,0.000000,0.000000,0.000000
4.254000,5.493998,-0.001730,0.593700,-2.000000,0.000630,0.000000,-0.000315,0.000000,6.258228,-0.001926,0.591012,1.394040,-0.000140,-0.031259,6.203299,-0.001080,0.599539,1.521475,0.000939,-0.007720,0.000000,0.000000,-0.000315,-0.000169,-0.000049,-0.000241,0.413017,0.413017,-0.406927,-0.406927,0.333259,0.333975,-0.477444,-0.474912,0.234832,-0.234832,0.234832,-0.234832,0.232905,-0.234312,0.230535,-0.232874,0.275192,0.154699,0.000000,0.000000,0.000000
4.266000,5.469998,-0.001722,0.593700,-2.000000,0.000630,0.000000,-0.000315,0.000000,6.274761,-0.001928,0.590616,1.361335,-0.000188,-0.035595,6.221344,-0.001078,0.599457,1.489082,0.000370,-0.003731,0.000000,0.000000,-0.000315,-0.000166,-0.000063,-0.000253,0.414162,0.414162,-0.408073,-0.408073,0.334747,0.335398,-0.477729,-0.475302,0.234832,-0.234832,0.234832,-0.234832,0.232902,-0.234317,0.230523,-0.232889,0.276563,0.154744,0.000000,0.000000,0.000000
4.278000,5.445998,-0.001715,0.593700,-2.000000,0.000630,0.000000,-0.000315,0.000000,6.290898,-0.001931,0.590153,1.328135,-0.000216,-0.041673,6.238991,-0.001075,0.599464,1.456041,-0.000222,-0.008991,0.000000,0.000000,-0.000315,-0.000167,-0.000082,-0.000258,0.415355,0.415355,-0.409266,-0.409266,0.336337,0.336980,-0.477992,-0.475650,0.234832,-0.234832,0.234832,-0.234832,0.232898,-0.234324,0.230513,-0.232900,0.277859,0.154690,0.000000,0.000000,0.000000
4.290000,5.421998,-0.001707,0.593700,-2.000000,0.000630,0.000000,-0.000315,0.000000,6.306634,-0.001933,0.589616,1.294503,-0.000230,-0.047615,6.256240,-0.001072,0.599546,1.421962,-0.000403,0.008610,0.000000,0.000000,-0.000315,-0.000160,-0.000093,-0.000260,0.416598,0.416598,-0.410508,-0.410508,0.338014,0.338667,-0.478208,-0.475987,0.234832,-0.234832,0.234832,-0.234832,0.232889,-0.234334,0.230498,-0.232913,0.279268,0.154647,0.000000,0.000000,0.000000
4.302000,5.397998,-0.001700,0.593700,-2.000000,0.000630,0.000000,-0.000315,0.000000,6.321959,-0.001936,0.588995,1.258977,-0.000238,-0.057264,6.271973,-0.001060,0.599395,1.342515,0.000653,-0.034400,0.000000,0.000000,-0.000315,-0.000156,-0.000053,-0.000268,0.417896,0.417896,-0.411807,-0.411807,0.340699,0.341505,-0.477987,-0.475944,0.234832,-0.234832,0.234832,-0.234832,0.232865,-0.234359,0.230492,-0.232951,0.281621,0.154723,0.000000,0.000000,0.000000
4.314000,5.373998,-0.001692,0.593700,-2.000000,0.000630,0.000000,-0.000315,0.000000,6.336854,-0.001939,0.588263,1.223886,-0.000249,-0.063549,6.288538,-0.001059,0.599265,1.361745,0.000207,-0.013971,0.000000,0.000000,-0.000315,-0.000156,-0.000047,-0.000271,0.419259,0.419259,-0.413169,-0.413169,0.343371,0.344231,-0.478149,-0.476255,0.234832,-0.234832,0.234832,-0.234832,0.232860,-0.234363,0.230502,-0.232976,0.283955,0.154717,0.000000,0.000000,0.000000
4.326000,5.349998,-0.001685,0.593700,-2.000000,0.000630,0.000000,-0.000315,0.000000,6.351346,-0.001942,0.587522,1.191383,-0.000256,-0.060091,6.304811,-0.001058,0.599069,1.341985,-0.000321,-0.012399,0.000000,0.000000,-0.000315,-0.000160,-0.000120,-0.000275,0.420682,0.420682,-0.414592,-0.414592,0.345714,0.346464,-0.478593,-0.476800,0.234832,-0.234832,0.234832,-0.234832,0.232860,-0.234367,0.230501,-0.232985,0.286071,0.154741,0.000000,0.000000,0.000000
4.338000,5.325998,-0.001677,0.593700,-2.000000,0.000630,0.000000,-0.000315,0.000000,6.365443,-0.001945,0.586751,1.158245,-0.000261,-0.070925,6.320280,-0.001058,0.599048,1.267729,-0.000093,0.007077,0.000000,0.000000,-0.000315,-0.000152,-0.000180,-0.000279,0.422148,0.422148,-0.416058,-0.416058,0.347700,0.348488,-0.479016,-0.477312,0.234832,-0.234832,0.234832,-0.234832,0.232848,-0.234375,0.230488,-0.232993,0.288137,0.154770,0.000000,0.000000,0.000000
4.350000,5.301998,-0.001670,0.593700,-2.000000,0.000630,0.000000,-0.000315,0.000000,6.379132,-0.001948,0.585819,1.123063,-0.000264,-0.082493,6.335661,-0.001041,0.598665,1.258028,0.001033,-0.037104,0.000000,0.000000,-0.000315,-0.000160,-0.000184,-0.000281,0.423637,0.423637,-0.417548,-0.417548,0.349861,0.350620,-0.479301,-0.477710,0.234832,-0.234832,0.234832,-0.234832,0.232840,-0.234385,0.230480,-0.233053,0.289813,0.154838,0.000000,0.000000,0.000000
4.362000,5.277998,-0.001662,0.593700,-2.000000,0.000630,0.000000,-0.000315,0.000000,6.392400,-0.001951,0.584798,1.088515,-0.000262,-0.087388,6.350657,-0.001047,0.598496,1.233259,-0.002832,-0.018614,0.000000,0.000000,-0.000315,-0.000188,-0.000173,-0.000283,0.425178,0.425178,-0.419088,-0.419088,0.352091,0.352687,-0.479806,-0.478288,0.234832,-0.234832,0.234832,-0.234832,0.232872,-0.234354,0.230508,-0.233037,0.291789,0.154865,0.000000,0.000000,0.000000
4.374000,5.253998,-0.001654,0.593700,-2.000000,0.000630,0.000000,-0.000315,0.000000,6.405256,-0.001955,0.583695,1.053726,-0.000270,-0.097247,6.365223,-0.001035,0.598301,1.197718,-0.000290,-0.026469,0.000000,0.000000,-0.000315,-0.000258,-0.000192,-0.000289,0.426759,0.426759,-0.420670,-0.420670,0.354247,0.354724,-0.480254,-0.478777,0.234832,-0.234832,0.234832,-0.234832,0.232892,-0.234335,0.230524,-0.233024,0.293735,0.154912,0.000000,0.000000,0.000000
4.384000,5.233998,-0.001648,0.593700,-2.000000,0.000630,0.000000,-0.000315,0.000000,6.415642,-0.001957,0.582673,1.023879,-0.000274,-0.107787,6.377022,-0.001039,0.597946,1.167805,-0.000186,-0.021848,0.000000,0.000000,-0.000315,-0.000239,-0.000188,-0.000292,0.428109,0.428109,-0.422019,-0.422019,0.355974,0.356415,-0.480629,-0.479175,0.234832,-0.234832,0.234832,-0.234832,0.232884,-0.234345,0.230512,-0.233036,0.295403,0.154991,0.000000,0.000000,0.000000
4.396000,5.209998,-0.001641,0.593700,-2.000000,0.000630,0.000000,-0.000315,0.000000,6.427717,-0.001961,0.581296,0.988708,-0.000280,-0.122034,6.390755,-0.001040,0.597621,1.128690,-0.000776,-0.025872,0.000000,0.000000,-0.000315,-0.000290,-0.000179,-0.000295,0.429754,0.429754,-0.423664,-0.423664,0.358036,0.358460,-0.481052,-0.479621,0.234832,-0.234832,0.234832,-0.234832,0.232915,-0.234316,0.230538,-0.233010,0.297366,0.155072,0.000000,0.000000,0.000000
4.408000,5.185998,-0.001633,0.593700,-2.000000,0.000630,0.000000,-0.000315,0.000000,6.439366,-0.001964,0.579753,0.952670,-0.000281,-0.134899,6.404024,-0.001039,0.597223,1.089752,-0.000750,-0.031926,0.000000,0.000000,-0.000315,-0.000368,-0.000160,-0.000297,0.431425,0.431425,-0.425336,-0.425336,0.360223,0.360665,-0.481488,-0.480070,0.234832,-0.234832,0.234832,-0.234832,0.232958,-0.234275,0.230579,-0.232971,0.299418,0.155170,0.000000,0.000000,0.000000
4.420000,5.161998,-0.001625,0.593700,-2.000000,0.000630,0.000000,-0.000315,0.000000,6.450578,-0.001967,0.578069,0.915675,-0.000278,-0.145063,6.416830,-0.001039,0.596832,1.051122,-0.000681,-0.044662,0.000000,0.000000,-0.000315,-0.000435,-0.000153,-0.000298,0.433138,0.433138,-0.427049,-0.427049,0.362603,0.363096,-0.481884,-0.480512,0.234832,-0.234832,0.234832,-0.234832,0.232995,-0.234240,0.230612,-0.232937,0.301696,0.155250,0.000000,0.000000,0.000000
4.432000,5.137998,-0.001618,0.593700,-2.000000,0.000630,0.000000,-0.000315,0.000000,6.461343,-0.001971,0.576278,0.878184,-0.000260,-0.153055,6.429179,-0.001048,0.596336,1.013734,-0.000586,-0.047083,-0.001065,0.000076,-0.000315,-0.000403,-0.000154,-0.000295,0.434909,0.434909,-0.428820,-0.428820,0.364959,0.365582,-0.482276,-0.480957,0.234832,-0.234832,0.234832,-0.234832,0.232982,-0.234255,0.230600,-0.232949,0.304140,0.155380,0.000000,0.000000,0.000000
4.444000,5.113998,-0.001610,0.593700,-2.000000,0.000630,0.000000,-0.000315,0.000000,6.471658,-0.001974,0.574392,0.840894,-0.000253,-0.161037,6.441071,-0.001021,0.595761,0.975496,0.000553,-0.050674,-0.001307,0.000052,-0.000315,-0.000621,-0.000140,-0.000300,0.436739,0.436739,-0.430650,-0.430650,0.367550,0.368090,-0.482726,-0.481420,0.234832,-0.234832,0.234832,-0.234832,0.233081,-0.234159,0.230694,-0.232854,0.306633,0.155464,0.000000,0.000000,0.000000
4.456000,5.089998,-0.001603,0.593700,-2.000000,0.000630,0.000000,-0.000315,0.000000,6.481523,-0.001977,0.572413,0.803464,-0.000241,-0.169005,6.452493,-0.001054,0.595098,0.936183,-0.001628,-0.048448,0.000000,0.000000,-0.000315,-0.000620,-0.000127,-0.000296,0.438626,0.438626,-0.432537,-0.432537,0.370117,0.370793,-0.483275,-0.481957,0.234832,-0.234832,0.234832,-0.234832,0.233116,-0.234126,0.230729,-0.232820,0.309212,0.155704,0.000000,0.000000,0.000000
4.468000,5.065998,-0.001595,0.593700,-2.000000,0.000630,0.000000,-0.000315,0.000000,6.490936,-0.001980,0.570344,0.765306,-0.000223,-0.175626,6.463448,-0.001056,0.594322,0.897542,-0.001059,-0.065030,0.000000,0.000000,-0.000315,-0.000634,-0.000140,-0.000294,0.440570,0.440570,-0.434481,-0.434481,0.372873,0.373658,-0.483848,-0.482525,0.234832,-0.234832,0.234832,-0.234832,0.233122,-0.234123,0.230736,-0.232816,0.312045,0.155907,0.000000,0.000000,0.000000
4.480000,5.041998,-0.001588,0.593700,-2.000000,0.000630,0.000000,-0.000315,0.000000,6.499888,-0.001982,0.568199,0.726420,-0.000204,-0.182181,6.473531,-0.001057,0.593653,0.824431,-0.000265,-0.070366,0.000000,0.000000,-0.000315,-0.000643,-0.000143,-0.000294,0.442581,0.442581,-0.436491,-0.436491,0.375785,0.376676,-0.484408,-0.483090,0.234832,-0.234832,0.234832,-0.234832,0.233127,-0.234117,0.230741,-0.232827,0.315039,0.156078,0.000000,0.000000,0.000000
4.492000,5.017998,-0.001580,0.593700,-2.000000,0.000630,0.000000,-0.000315,0.000000,6.508366,-0.001984,0.565965,0.686548,-0.000192,-0.190268,6.483526,-0.001057,0.592680,0.812242,-0.003516,-0.076966,0.000000,0.000000,-0.000315,-0.000693,-0.000106,-0.000293,0.444662,0.444662,-0.438572,-0.438572,0.379084,0.380029,-0.484972,-0.483720,0.234832,-0.234832,0.234832,-0.234832,0.233174,-0.234071,0.230786,-0.232837,0.318369,0.156339,0.000000,0.000000,0.000000
4.504000,4.993998,-0.001572,0.593700,-2.000000,0.000630,0.000000,-0.000315,0.000000,6.516368,-0.001987,0.563646,0.647224,-0.000174,-0.195318,6.493116,-0.001030,0.591701,0.783406,-0.000042,-0.086997,0.000000,0.000000,-0.000315,-0.000801,-0.000141,-0.000292,0.446814,0.446814,-0.440725,-0.440725,0.382349,0.383310,-0.485776,-0.484537,0.234832,-0.234832,0.234832,-0.234832,0.233204,-0.234045,0.230818,-0.232823,0.321709,0.156550,0.000000,0.000000,0.000000
4.516000,4.969998,-0.001565,0.593700,-2.000000,0.000630,0.000000,-0.000315,0.000000,6.523900,-0.001989,0.561285,0.608003,-0.000155,-0.198778,6.502239,-0.001033,0.590842,0.744040,0.000189,-0.075303,-0.001096,-0.000093,-0.000315,-0.000830,-0.000185,-0.000291,0.449037,0.449037,-0.442948,-0.442948,0.385598,0.386528,-0.486659,-0.485409,0.234832,-0.234832,0.234832,-0.234832,0.233222,-0.234029,0.230834,-0.232808,0.325035,0.156757,0.000000,0.000000,0.000000
4.528000,4.945998,-0.001557,0.593700,-2.000000,0.000630,0.000000,-0.000315,0.000000,6.530954,-0.001990,0.558864,0.567618,-0.000136,-0.204565,6.510885,-0.001043,0.589650,0.704531,0.000243,-0.092125,-0.001177,-0.000082,-0.000315,-0.000802,-0.000223,-0.000288,0.451332,0.451332,-0.445243,-0.445243,0.388830,0.389742,-0.487568,-0.486299,0.234832,-0.234832,0.234832,-0.234832,0.233213,-0.234040,0.230829,-0.232819,0.328482,0.157068,0.000000,0.000000,0.000000
4.540000,4.921998,-0.001550,0.593700,-2.000000,0.000630,0.000000,-0.000315,0.000000,6.537522,-0.001992,0.556374,0.527069,-0.000116,-0.210338,6.519034,-0.001069,0.588632,0.663187,-0.000976,-0.091984,0.000000,0.000000,-0.000315,-0.000715,-0.000254,-0.000285,0.453699,0.453699,-0.447609,-0.447609,0.392066,0.393026,-0.488509,-0.487225,0.234832,-0.234832,0.234832,-0.234832,0.233187,-0.234068,0.230804,-0.232844,0.331912,0.157406,0.000000,0.000000,0.000000
4.552000,4.897998,-0.001542,0.593700,-2.000000,0.000630,0.000000,-0.000315,0.000000,6.543596,-0.001993,0.553804,0.485007,-0.000091,-0.218534,6.526258,-0.001076,0.587416,0.585292,-0.000992,-0.102460,0.000000,0.000000,-0.000315,-0.000594,-0.000254,-0.000281,0.456138,0.456138,-0.450048,-0.450048,0.395584,0.396419,-0.489486,-0.488196,0.234832,-0.234832,0.234832,-0.234832,0.233130,-0.234140,0.230734,-0.232909,0.335529,0.157705,0.000000,0.000000,0.000000
4.564000,4.873998,-0.001535,0.593700,-2.000000,0.000630,0.000000,-0.000315,0.000000,6.549158,-0.001994,0.551123,0.442155,-0.000056,-0.227659,6.533401,-0.001087,0.586109,0.573474,-0.000601,-0.110652,0.000000,0.000000,-0.000315,-0.000496,-0.000213,-0.000271,0.458653,0.458653,-0.452564,-0.452564,0.399311,0.400143,-0.490427,-0.489150,0.234832,-0.234832,0.234832,-0.234832,0.233106,-0.234203,0.230678,-0.232965,0.339543,0.158073,0.000000,0.000000,0.000000
4.576000,4.849998,-0.001527,0.593700,-2.000000,0.000630,0.000000,-0.000315,0.000000,6.554209,-0.001994,0.548350,0.399853,-0.000013,-0.233688,6.540127,-0.001090,0.584669,0.543647,-0.000183,-0.118888,0.000000,0.000000,-0.000315,-0.000422,-0.000225,-0.000263,0.461246,0.461246,-0.455156,-0.455156,0.402872,0.403685,-0.491661,-0.490387,0.234832,-0.234832,0.234832,-0.234832,0.233068,-0.234253,0.230639,-0.233010,0.343478,0.158463,0.000000,0.000000,0.000000
4.588000,4.825998,-0.001520,0.593700,-2.000000,0.000630,0.000000,-0.000315,0.000000,6.558758,-0.001994,0.545525,0.358265,0.000028,-0.238006,6.546349,-0.001089,0.583237,0.501339,0.000122,-0.119617,0.000000,0.000000,-0.000315,-0.000364,-0.000248,-0.000257,0.463912,0.463912,-0.457823,-0.457823,0.406349,0.407232,-0.493002,-0.491726,0.234832,-0.234832,0.234832,-0.234832,0.233031,-0.234295,0.230605,-0.233045,0.347407,0.158846,0.000000,0.000000,0.000000
4.600000,4.801998,-0.001512,0.593700,-2.000000,0.000630,0.000000,-0.000315,0.000000,6.562802,-0.001994,0.542628,0.315477,0.000061,-0.244506,6.552048,-0.001087,0.581801,0.457310,0.000198,-0.124232,0.000000,0.000000,-0.000315,-0.000319,-0.000274,-0.000249,0.466644,0.466644,-0.460555,-0.460555,0.409908,0.410825,-0.494235,-0.492959,0.234832,-0.234832,0.234832,-0.234832,0.232999,-0.234329,0.230575,-0.233075,0.351457,0.159229,0.000000,0.000000,0.000000
4.612000,4.777998,-0.001504,0.593700,-2.000000,0.000630,0.000000,-0.000315,0.000000,6.566324,-0.001993,0.539653,0.271370,0.000110,-0.251424,6.557232,-0.001084,0.580177,0.415439,0.000225,-0.136698,0.000000,0.000000,-0.000315,-0.000284,-0.000292,-0.000237,0.469453,0.469453,-0.463364,-0.463364,0.413524,0.414465,-0.495582,-0.494303,0.234832,-0.234832,0.234832,-0.234832,0.232970,-0.234360,0.230557,-0.233097,0.355635,0.159672,0.000000,0.000000,0.000000
4.624000,4.753998,-0.001497,0.593700,-2.000000,0.000630,0.000000,-0.000315,0.000000,6.569316,-0.001991,0.536602,0.227442,0.000164,-0.256968,6.561882,-0.001081,0.578525,0.369996,0.000328,-0.139588,0.000000,0.000000,-0.000315,-0.000257,-0.000301,-0.000225,0.472341,0.472341,-0.466252,-0.466252,0.417207,0.418286,-0.497073,-0.495791,0.234832,-0.234832,0.234832,-0.234832,0.232944,-0.234388,0.230542,-0.233114,0.359936,0.160117,0.000000,0.000000,0.000000
4.634000,4.733998,-0.001491,0.593700,-2.000000,0.000630,0.000000,-0.000315,0.000000,6.571406,-0.001989,0.534009,0.190421,0.000196,-0.261582,6.565346,-0.001078,0.577114,0.331901,0.000308,-0.144483,0.000000,0.000000,-0.000315,-0.000237,-0.000312,-0.000222,0.474805,0.474805,-0.468716,-0.468716,0.420469,0.421539,-0.498310,-0.497025,0.234832,-0.234832,0.234832,-0.234832,0.232927,-0.234406,0.230528,-0.233130,0.363676,0.160501,0.000000,0.000000,0.000000
4.646000,4.709998,-0.001483,0.593700,-2.000000,0.000630,0.000000,-0.000315,0.000000,6.573419,-0.001987,0.530833,0.144922,0.000235,-0.268039,6.569013,-0.001073,0.575362,0.287486,0.000382,-0.149424,0.000000,0.000000,-0.000315,-0.000219,-0.000329,-0.000212,0.477837,0.477837,-0.471747,-0.471747,0.424461,0.425640,-0.499745,-0.498467,0.234832,-0.234832,0.234832,-0.234832,0.232907,-0.234428,0.230516,-0.233144,0.368379,0.160983,0.000000,0.000000,0.000000
4.658000,4.685998,-0.001475,0.593700,-2.000000,0.000630,0.000000,-0.000315,0.000000,6.574881,-0.001984,0.527574,0.098541,0.000267,-0.275268,6.572152,-0.001069,0.573558,0.243039,0.000381,-0.155746,0.000000,0.000000,-0.000315,-0.000204,-0.000354,-0.000210,0.480950,0.480950,-0.474861,-0.474861,0.428670,0.429844,-0.501132,-0.499865,0.234832,-0.234832,0.234832,-0.234832,0.232891,-0.234445,0.230503,-0.233158,0.373263,0.161479,0.000000,0.000000,0.000000
4.670000,4.661998,-0.001468,0.593700,-2.000000,0.000630,0.000000,-0.000315,0.000000,6.575782,-0.001980,0.524226,0.051464,0.000298,-0.282674,6.574760,-0.001064,0.571639,0.199649,0.000411,-0.163251,0.000000,0.000000,-0.000315,-0.000193,-0.000384,-0.000201,0.484148,0.484148,-0.478059,-0.478059,0.432956,0.434222,-0.502497,-0.501255,0.234832,-0.234832,0.234832,-0.234832,0.232875,-0.234463,0.230494,-0.233169,0.378405,0.162015,0.000000,0.000000,0.000000
4.682000,4.637998,-0.001460,0.593700,-2.000000,0.000630,0.000000,-0.000315,0.000000,6.576116,-0.001977,0.520796,0.004252,0.000326,-0.288725,6.576834,-0.001059,0.569644,0.155100,0.000400,-0.169419,0.000000,0.000000,-0.000315,-0.000184,-0.000415,-0.000199,0.487431,0.487431,-0.481342,-0.481342,0.437362,0.438642,-0.503966,-0.502761,0.234832,-0.234832,0.234832,-0.234832,0.232863,-0.234477,0.230484,-0.233181,0.383661,0.162573,0.000000,0.000000,0.000000
4.694000,4.613998,-0.001453,0.593700,-2.000000,0.000630,0.000000,-0.000315,0.000000,6.575882,-0.001973,0.517300,-0.043323,0.000344,-0.293996,6.578358,-0.001053,0.567583,0.108855,0.000453,-0.174613,0.000000,0.000000,-0.000315,-0.000176,-0.000447,-0.000195,0.490799,0.490799,-0.484710,-0.484710,0.441829,0.443214,-0.505531,-0.504367,0.234832,-0.234832,0.234832,-0.234832,0.232851,-0.234490,0.230475,-0.233192,0.389103,0.163155,0.000000,0.000000,0.000000
4.706000,4.589998,-0.001445,0.593700,-2.000000,0.000630,0.000000,-0.000315,0.000000,6.575075,-0.001968,0.513743,-0.091314,0.000364,-0.298534,6.578816,-0.001048,0.565440,0.037557,0.000437,-0.183768,0.000000,0.000000,-0.000315,-0.000168,-0.000425,-0.000194,0.494254,0.494254,-0.488164,-0.488164,0.446804,0.448212,-0.507012,-0.505904,0.234832,-0.234832,0.234832,-0.234832,0.232844,-0.234507,0.230462,-0.233202,0.394985,0.163763,0.000000,0.000000,0.000000
4.718000,4.565998,-0.001438,0.593700,-2.000000,0.000630,0.000000,-0.000315,0.000000,6.573691,-0.001964,0.510143,-0.139314,0.000364,-0.301241,6.579248,-0.001043,0.563199,0.015590,0.000395,-0.188263,0.000000,0.000000,-0.000315,-0.000164,-0.000447,-0.000200,0.497794,0.497794,-0.491705,-0.491705,0.451921,0.453265,-0.508668,-0.507575,0.234832,-0.234832,0.234832,-0.234832,0.232838,-0.234515,0.230452,-0.233215,0.401162,0.164407,0.000000,0.000000,0.000000
4.730000,4.541998,-0.001430,0.593700,-2.000000,0.000630,0.000000,-0.000315,0.000000,6.571731,-0.001960,0.506521,-0.187314,0.000364,-0.302113,6.579172,-0.001038,0.560894,-0.025054,0.000417,-0.192889,0.000000,0.000000,-0.000315,-0.000161,-0.000508,-0.000200,0.501421,0.501421,-0.495332,-0.495332,0.456897,0.458256,-0.510505,-0.509436,0.234832,-0.234832,0.234832,-0.234832,0.232831,-0.234524,0.230445,-0.233225,0.407327,0.165069,0.000000,0.000000,0.000000
4.742000,4.517998,-0.001423,0.593700,-2.000000,0.000630,0.000000,-0.000315,0.000000,6.569195,-0.001955,0.502896,-0.235314,0.000368,-0.302261,6.578525,-0.001033,0.558579,-0.072881,0.000424,-0.195214,0.000000,0.000000,-0.000315,-0.000158,-0.000570,-0.000202,0.505134,0.505134,-0.499044,-0.499044,0.461865,0.463220,-0.512488,-0.511451,0.234832,-0.234832,0.234832,-0.234832,0.232824,-0.234533,0.230438,-0.233235,0.413508,0.165740,0.000000,0.000000,0.000000
4.754000,4.493998,-0.001415,0.593700,-2.000000,0.000630,0.000000,-0.000315,0.000000,6.566084,-0.001951,0.499261,-0.283314,0.000367,-0.303608,6.577283,-0.001028,0.556218,-0.122575,0.000388,-0.199533,0.000000,0.000000,-0.000315,-0.000156,-0.000621,-0.000207,0.508921,0.508921,-0.502832,-0.502832,0.466949,0.468271,-0.514625,-0.513622,0.234832,-0.234832,0.234832,-0.234832,0.232819,-0.234540,0.230429,-0.233246,0.419900,0.166437,0.000000,0.000000,0.000000
4.766000,4.469998,-0.001407,0.593700,-2.000000,0.000630,0.000000,-0.000315,0.000000,6.562396,-0.001946,0.495613,-0.331314,0.000363,-0.304314,6.575193,-0.001025,0.553778,-0.199573,0.000224,-0.210408,0.000000,0.000000,-0.000315,-0.000152,-0.000665,-0.000211,0.512775,0.512775,-0.506686,-0.506686,0.472147,0.473629,-0.516781,-0.515912,0.234832,-0.234832,0.234832,-0.234832,0.232815,-0.234545,0.230421,-0.233255,0.426774,0.167173,0.000000,0.000000,0.000000
4.778000,4.445998,-0.001400,0.593700,-2.000000,0.000630,0.000000,-0.000315,0.000000,6.558132,-0.001942,0.491974,-0.379314,0.000346,-0.300816,6.572717,-0.001020,0.551165,-0.231481,0.000280,-0.217592,0.000000,0.000000,-0.000315,-0.000147,-0.000650,-0.000221,0.516695,0.516695,-0.510606,-0.510606,0.477532,0.479384,-0.518773,-0.518105,0.234832,-0.234832,0.234832,-0.234832,0.232811,-0.234550,0.230410,-0.233271,0.433685,0.167949,0.000000,0.000000,0.000000
4.790000,4.421998,-0.001392,0.593700,-2.000000,0.000630,0.000000,-0.000315,0.000000,6.553292,-0.001938,0.488411,-0.427314,0.000335,-0.292708,6.569701,-0.001017,0.548586,-0.271555,0.000289,-0.215751,0.000000,0.000000,-0.000315,-0.000147,-0.000675,-0.000226,0.520698,0.520698,-0.514609,-0.514609,0.483111,0.485147,-0.520989,-0.520454,0.234832,-0.234832,0.234832,-0.234832,0.232810,-0.234553,0.230406,-0.233279,0.440953,0.168726,0.000000,0.000000,0.000000
4.802000,4.397998,-0.001385,0.593700,-2.000000,0.000630,0.000000,-0.000315,0.000000,6.547877,-0.001934,0.484945,-0.475314,0.000329,-0.285447,6.566098,-0.001014,0.545944,-0.321435,0.000270,-0.226115,0.000000,0.000000,-0.000315,-0.000147,-0.000722,-0.000230,0.524784,0.524784,-0.518694,-0.518694,0.488853,0.490916,-0.523354,-0.522891,0.234832,-0.234832,0.234832,-0.234832,0.232808,-0.234557,0.230402,-0.233287,0.448444,0.169533,0.000000,0.000000,0.000000
4.814000,4.373998,-0.001377,0.593700,-2.000000,0.000630,0.000000,-0.000315,0.000000,6.541885,-0.001930,0.481555,-0.523314,0.000320,-0.279571,6.561889,-0.001010,0.543225,-0.370994,0.000251,-0.226013,0.000000,0.000000,-0.000315,-0.000146,-0.000753,-0.000238,0.528934,0.528934,-0.522845,-0.522845,0.494766,0.496765,-0.525690,-0.525278,0.234832,-0.234832,0.234832,-0.234832,0.232807,-0.234559,0.230398,-0.233296,0.456111,0.170369,0.000000,0.000000,0.000000
4.826000,4.349998,-0.001370,0.593700,-2.000000,0.000630,0.000000,-0.000315,0.000000,6.535317,-0.001926,0.478242,-0.571314,0.000306,-0.272148,6.557072,-0.001007,0.540504,-0.422361,0.000227,-0.234072,0.000000,0.000000,-0.000315,-0.000145,-0.000786,-0.000247,0.533143,0.533143,-0.527054,-0.527054,0.500824,0.502739,-0.528166,-0.527792,0.234832,-0.234832,0.234832,-0.234832,0.232807,-0.234560,0.230392,-0.233306,0.464090,0.171225,0.000000,0.000000,0.000000
4.838000,4.325998,-0.001362,0.593700,-2.000000,0.000630,0.000000,-0.000315,0.000000,6.528173,-0.001923,0.475030,-0.619314,0.000290,-0.262981,6.551644,-0.001005,0.537698,-0.472410,0.000218,-0.230828,0.000000,0.000000,-0.000315,-0.000145,-0.000804,-0.000256,0.537409,0.537409,-0.531320,-0.531320,0.507029,0.508853,-0.530612,-0.530274,0.234832,-0.234832,0.234832,-0.234832,0.232808,-0.234560,0.230388,-0.233316,0.472243,0.172113,0.000000,0.000000,0.000000
4.850000,4.301998,-0.001354,0.593700,-2.000000,0.000630,0.000000,-0.000315,0.000000,6.520453,-0.001919,0.471941,-0.667314,0.000275,-0.251159,6.545151,-0.000999,0.534904,-0.557299,0.000349,-0.244561,0.000000,0.000000,-0.000315,-0.000144,-0.000796,-0.000261,0.541733,0.541733,-0.535644,-0.535644,0.513576,0.515321,-0.533115,-0.532863,0.234832,-0.234832,0.234832,-0.234832,0.232810,-0.234569,0.230378,-0.233325,0.480828,0.172992,0.000000,0.000000,0.000000
4.862000,4.277998,-0.001347,0.593700,-2.000000,0.000630,0.000000,-0.000315,0.000000,6.512158,-0.001916,0.469037,-0.715314,0.000278,-0.232385,6.538505,-0.000997,0.532035,-0.576408,0.000147,-0.233936,0.000000,0.000000,-0.000315,-0.000141,-0.000769,-0.000265,0.546130,0.546130,-0.540041,-0.540041,0.520455,0.522059,-0.535640,-0.535592,0.234832,-0.234832,0.234832,-0.234832,0.232807,-0.234572,0.230378,-0.233330,0.489887,0.173925,0.000000,0.000000,0.000000
4.874000,4.253998,-0.001339,0.593700,-2.000000,0.000630,0.000000,-0.000315,0.000000,6.503286,-0.001913,0.466371,-0.763314,0.000280,-0.211548,6.530870,-0.000993,0.529073,-0.634052,0.000071,-0.244784,0.000000,0.000000,-0.000315,-0.000139,-0.000748,-0.000267,0.550614,0.550614,-0.544524,-0.544524,0.527624,0.529099,-0.538143,-0.538461,0.234832,-0.234832,0.234832,-0.234832,0.232807,-0.234581,0.230374,-0.233336,0.499351,0.174895,0.000000,0.000000,0.000000
4.884000,4.233998,-0.001333,0.593700,-2.000000,0.000630,0.000000,-0.000315,0.000000,6.495453,-0.001910,0.464349,-0.803314,0.000277,-0.192805,6.524479,-0.000993,0.526751,-0.658059,-0.000029,-0.238682,0.000000,0.000000,-0.000315,-0.000137,-0.000789,-0.000275,0.554416,0.554416,-0.548327,-0.548327,0.533498,0.534861,-0.540570,-0.541049,0.234832,-0.234832,0.234832,-0.234832,0.232810,-0.234579,0.230372,-0.233341,0.507242,0.175653,0.000000,0.000000,0.000000
4.896000,4.209998,-0.001325,0.593700,-2.000000,0.000630,0.000000,-0.000315,0.000000,6.485525,-0.001907,0.462170,-0.851314,0.000264,-0.171468,6.516285,-0.000994,0.523867,-0.703243,-0.000055,-0.229387,0.000000,0.000000,-0.000315,-0.000138,-0.000858,-0.000285,0.559055,0.559055,-0.552965,-0.552965,0.540431,0.541694,-0.543557,-0.544114,0.234832,-0.234832,0.234832,-0.234832,0.232818,-0.234574,0.230372,-0.233346,0.516350,0.176622,0.000000,0.000000,0.000000
4.908000,4.185998,-0.001318,0.593700,-2.000000,0.000630,0.000000,-0.000315,0.000000,6.475021,-0.001904,0.460210,-0.899314,0.000247,-0.155395,6.507467,-0.000995,0.520996,-0.756005,-0.000054,-0.233921,0.000000,0.000000,-0.000315,-0.000137,-0.000926,-0.000296,0.563745,0.563745,-0.557656,-0.557656,0.547416,0.548554,-0.546609,-0.547180,0.234832,-0.234832,0.234832,-0.234832,0.232826,-0.234568,0.230373,-0.233352,0.522091,0.177609,0.000000,0.000000,0.000000
4.920000,4.161998,-0.001310,0.593700,-2.000000,0.000630,0.000000,-0.000315,0.000000,6.463942,-0.001901,0.458441,-0.947314,0.000230,-0.139157,6.498016,-0.000995,0.518182,-0.809082,-0.000054,-0.233497,0.000000,0.000000,-0.000315,-0.000138,-0.000976,-0.000307,0.568469,0.568469,-0.562379,-0.562379,0.554478,0.555531,-0.549687,-0.550244,0.234832,-0.234832,0.234832,-0.234832,0.232834,-0.234562,0.230375,-0.233358,0.527836,0.178580,0.000000,0.000000,0.000000
4.932000,4.137998,-0.001303,0.593700,-2.000000,0.000630,0.000000,-0.000315,0.000000,6.452286,-0.001898,0.456879,-0.995314,0.000216,-0.120716,6.487940,-0.000996,0.515475,-0.860915,-0.000028,-0.230617,0.000000,0.000000,-0.000315,-0.000138,-0.001013,-0.000317,0.573227,0.573227,-0.567138,-0.567138,0.561604,0.562628,-0.552790,-0.553321,0.234832,-0.234832,0.234832,-0.234832,0.232842,-0.234556,0.230377,-0.233362,0.533537,0.179521,0.000000,0.000000,0.000000
4.944000,4.113998,-0.001295,0.593700,-2.000000,0.000630,0.000000,-0.000315,0.000000,6.440054,-0.001896,0.455555,-1.043314,0.000204,-0.099607,6.477251,-0.000996,0.512855,-0.911736,-0.000005,-0.227060,0.000000,0.000000,-0.000315,-0.000137,-0.001042,-0.000326,0.578028,0.578028,-0.571939,-0.571939,0.568818,0.569805,-0.555943,-0.556441,0.234832,-0.234832,0.234832,-0.234832,0.232850,-0.234550,0.230378,-0.233367,0.539171,0.180441,0.000000,0.000000,0.000000
4.956000,4.089998,-0.001288,0.593700,-2.000000,0.000630,0.000000,-0.000315,0.000000,6.427246,-0.001893,0.454497,-1.091314,0.000203,-0.076534,6.465953,-0.000996,0.510220,-0.962481,0.000020,-0.222444,0.000000,0.000000,-0.000315,-0.000139,-0.001067,-0.000329,0.582880,0.582880,-0.576791,-0.576791,0.576108,0.577105,-0.559108,-0.559575,0.234832,-0.234832,0.234832,-0.234832,0.232855,-0.234546,0.230384,-0.233368,0.544995,0.181365,0.000000,0.000000,0.000000
4.968000,4.065998,-0.001280,0.593700,-2.000000,0.000630,0.000000,-0.000315,0.000000,6.413862,-0.001891,0.453723,-1.139314,0.000205,-0.052575,6.453492,-0.000995,0.507807,-1.058394,0.000361,-0.205147,0.000000,0.000000,-0.000315,-0.000134,-0.001065,-0.000338,0.587784,0.587784,-0.581694,-0.581694,0.583585,0.584558,-0.562296,-0.562728,0.234832,-0.234832,0.234832,-0.234832,0.232865,-0.234544,0.230381,-0.233379,0.550558,0.182237,0.000000,0.000000,0.000000
4.980000,4.041998,-0.001273,0.593700,-2.000000,0.000630,0.000000,-0.000315,0.000000,6.399903,-0.001888,0.453236,-1.187314,0.000190,-0.028575,6.441020,-0.000986,0.505180,-1.065577,0.000306,-0.209331,0.000000,0.000000,-0.000315,-0.000136,-0.000973,-0.000353,0.592737,0.592737,-0.586647,-0.586647,0.591289,0.592192,-0.565228,-0.565594,0.234832,-0.234832,0.234832,-0.234832,0.232878,-0.234532,0.230384,-0.233431,0.556387,0.183199,0.000000,0.000000,0.000000
4.992000,4.017998,-0.001265,0.593700,-2.000000,0.000630,0.000000,-0.000315,0.000000,6.385367,-0.001886,0.453037,-1.235314,0.000178,-0.004575,6.428068,-0.000985,0.502686,-1.100692,-0.000020,-0.202324,0.000000,0.000000,-0.000315,-0.000141,-0.001029,-0.000356,0.597733,0.597733,-0.591644,-0.591644,0.598869,0.599727,-0.568444,-0.568692,0.234832,-0.234832,0.234832,-0.234832,0.232891,-0.234522,0.230395,-0.233442,0.562295,0.184085,0.000000,0.000000,0.000000
5.004000,3.993998,-0.001257,0.593700,-2.000000,0.000630,0.000000,-0.000315,0.000000,6.370255,-0.001884,0.453126,-1.283314,0.000193,0.019425,6.414535,-0.000987,0.500523,-1.148029,-0.000039,-0.179342,0.000000,0.000000,-0.000315,-0.000142,-0.001108,-0.000359,0.602768,0.602768,-0.596678,-0.596678,0.606397,0.607265,-0.571901,-0.572191,0.234832,-0.234832,0.234832,-0.234832,0.232899,-0.234516,0.230408,-0.233438,0.568029,0.184930,0.000000,0.000000,0.000000
5.016000,3.969998,-0.001250,0.593700,-2.000000,0.000630,0.000000,-0.000315,0.000000,6.354567,-0.001882,0.453498,-1.331314,0.000190,0.041048,6.400378,-0.000989,0.498396,-1.200304,-0.000082,-0.167665,0.000000,0.000000,-0.000315,-0.000142,-0.001179,-0.000370,0.607832,0.607832,-0.601743,-0.601743,0.613985,0.614821,-0.575385,-0.575664,0.234832,-0.234832,0.234832,-0.234832,0.232913,-0.234505,0.230414,-0.233442,0.573913,0.185720,0.000000,0.000000,0.000000
5.028000,3.945998,-0.001242,0.593700,-2.000000,0.000630,0.000000,-0.000315,0.000000,6.338304,-0.001879,0.454049,-1.379314,0.000194,0.048715,6.385606,-0.000990,0.496388,-1.251854,-0.000097,-0.162447,0.000000,0.000000,-0.000315,-0.000143,-0.001230,-0.000374,0.612871,0.612871,-0.606781,-0.606781,0.621554,0.622454,-0.578844,-0.579134,0.234832,-0.234832,0.234832,-0.234832,0.232922,-0.234498,0.230427,-0.233441,0.579678,0.186466,0.000000,0.000000,0.000000
5.040000,3.921998,-0.001235,0.593700,-2.000000,0.000630,0.000000,-0.000315,0.000000,6.321464,-0.001877,0.454633,-1.427314,0.000197,0.047826,6.370231,-0.000992,0.494525,-1.301727,-0.000120,-0.154815,0.000000,0.000000,-0.000315,-0.000142,-0.001265,-0.000381,0.617804,0.617804,-0.611715,-0.611715,0.629180,0.630032,-0.582283,-0.582584,0.234832,-0.234832,0.234832,-0.234832,0.232933,-0.234489,0.230436,-0.233442,0.585379,0.187188,0.000000,0.000000,0.000000
5.052000,3.897998,-0.001227,0.593700,-2.000000,0.000630,0.000000,-0.000315,0.000000,6.304048,-0.001875,0.455188,-1.475314,0.000202,0.044625,6.354264,-0.000992,0.492770,-1.350385,-0.000106,-0.141325,0.000000,0.000000,-0.000315,-0.000142,-0.001290,-0.000384,0.622596,0.622596,-0.616507,-0.616507,0.636770,0.637602,-0.585695,-0.585906,0.234832,-0.234832,0.234832,-0.234832,0.232942,-0.234482,0.230444,-0.233441,0.590909,0.187836,0.000000,0.000000,0.000000
5.064000,3.873998,-0.001220,0.593700,-2.000000,0.000630,0.000000,-0.000315,0.000000,6.286056,-0.001872,0.455703,-1.523314,0.000222,0.041263,6.337708,-0.000993,0.491242,-1.397867,-0.000120,-0.118665,0.000000,0.000000,-0.000315,-0.000139,-0.001313,-0.000383,0.627234,0.627234,-0.621145,-0.621145,0.644284,0.645010,-0.588968,-0.589173,0.234832,-0.234832,0.234832,-0.234832,0.232948,-0.234478,0.230455,-0.233435,0.596057,0.188438,0.000000,0.000000,0.000000
5.076000,3.849998,-0.001212,0.593700,-2.000000,0.000630,0.000000,-0.000315,0.000000,6.267489,-0.001869,0.456180,-1.571314,0.000239,0.038237,6.320572,-0.000995,0.489714,-1.447476,-0.000218,-0.126339,0.000000,0.000000,-0.000315,-0.000138,-0.001338,-0.000387,0.631712,0.631712,-0.625623,-0.625623,0.651613,0.652313,-0.592092,-0.592307,0.234832,-0.234832,0.234832,-0.234832,0.232959,-0.234469,0.230468,-0.233433,0.601103,0.189043,0.000000,0.000000,0.000000
5.088000,3.825998,-0.001204,0.593700,-2.000000,0.000630,0.000000,-0.000315,0.000000,6.248345,-0.001866,0.456622,-1.619314,0.000258,0.035522,6.302859,-0.000996,0.488291,-1.494186,-0.000054,-0.109527,0.000000,0.000000,-0.000315,-0.000140,-0.001345,-0.000386,0.636026,0.636026,-0.629937,-0.629937,0.658757,0.659504,-0.595039,-0.595287,0.234832,-0.234832,0.234832,-0.234832,0.232967,-0.234463,0.230482,-0.233427,0.606052,0.189607,0.000000,0.000000,0.000000
5.100000,3.801998,-0.001197,0.593700,-2.000000,0.000630,0.000000,-0.000315,0.000000,6.228625,-0.001863,0.457034,-1.667314,0.000274,0.033202,6.284566,-0.000997,0.487112,-1.543008,-0.000062,-0.100790,0.000000,0.000000,-0.000315,-0.000140,-0.001368,-0.000390,0.640173,0.640173,-0.634084,-0.634084,0.665755,0.666547,-0.597894,-0.598190,0.234832,-0.234832,0.234832,-0.234832,0.232977,-0.234456,0.230493,-0.233423,0.610231,0.190053,0.000000,0.000000,0.000000
5.112000,3.777998,-0.001189,0.593700,-2.000000,0.000630,0.000000,-0.000315,0.000000,6.208329,-0.001860,0.457420,-1.715314,0.000286,0.031240,6.265702,-0.000998,0.485899,-1.590129,-0.000033,-0.099083,0.000000,0.000000,-0.000315,-0.000139,-0.001380,-0.000395,0.644149,0.644149,-0.638060,-0.638060,0.672576,0.673401,-0.600592,-0.600947,0.234832,-0.234832,0.234832,-0.234832,0.232990,-0.234446,0.230502,-0.233420,0.614678,0.190556,0.000000,0.000000,0.000000
5.124000,3.753998,-0.001182,0.593700,-2.000000,0.000630,0.000000,-0.000315,0.000000,6.187458,-0.001856,0.457785,-1.763314,0.000297,0.029579,6.245674,-0.001008,0.484819,-1.678094,-0.001384,-0.096680,0.000000,0.000000,-0.000315,-0.000138,-0.001320,-0.000398,0.647951,0.647951,-0.641862,-0.641862,0.679367,0.680259,-0.602983,-0.603414,0.234832,-0.234832,0.234832,-0.234832,0.233056,-0.234440,0.230504,-0.233402,0.618602,0.190989,0.000000,0.000000,0.000000
5.134000,3.733998,-0.001175,0.593700,-2.000000,0.000630,0.000000,-0.000315,0.000000,6.169624,-0.001853,0.458075,-1.803314,0.000314,0.028422,6.229084,-0.001022,0.483891,-1.679907,-0.000918,-0.088570,0.000000,0.000000,-0.000315,-0.000133,-0.001234,-0.000396,0.650985,0.650985,-0.644896,-0.644896,0.685042,0.685834,-0.604644,-0.605167,0.234832,-0.234832,0.234832,-0.234832,0.233122,-0.234438,0.230512,-0.233399,0.621344,0.191422,0.000000,0.000000,0.000000
5.146000,3.709998,-0.001168,0.593700,-2.000000,0.000630,0.000000,-0.000315,0.000000,6.147697,-0.001849,0.458409,-1.851314,0.000344,0.027344,6.208775,-0.001024,0.482942,-1.711431,-0.000125,-0.073514,0.000000,0.000000,-0.000315,-0.000133,-0.001301,-0.000391,0.654462,0.654462,-0.648373,-0.648373,0.691299,0.692056,-0.606795,-0.607434,0.234832,-0.234832,0.234832,-0.234832,0.233146,-0.234439,0.230521,-0.233393,0.624695,0.191778,0.000000,0.000000,0.000000
5.158000,3.685998,-0.001160,0.593700,-2.000000,0.000630,0.000000,-0.000315,0.000000,6.125193,-0.001845,0.458732,-1.899314,0.000369,0.026593,6.187874,-0.001021,0.482084,-1.760959,0.000132,-0.076431,0.000000,0.000000,-0.000315,-0.000134,-0.001392,-0.000391,0.657759,0.657759,-0.651670,-0.651670,0.697168,0.697819,-0.608996,-0.609764,0.234832,-0.234832,0.234832,-0.234832,0.233157,-0.234437,0.230533,-0.233391,0.628060,0.192120,0.000000,0.000000,0.000000
5.170000,3.661998,-0.001153,0.593700,-1.999999,0.000631,0.000000,-0.000315,0.000000,6.102113,-0.001840,0.459048,-1.947314,0.000386,0.026049,6.166338,-0.001002,0.481406,-1.812794,0.002247,-0.052069,0.000000,0.000000,-0.000315,-0.000175,-0.001425,-0.000393,0.660874,0.660874,-0.654784,-0.654784,0.702749,0.703226,-0.611167,-0.611944,0.234832,-0.234832,0.234832,-0.234832,0.233164,-0.234432,0.230534,-0.233388,0.631170,0.192316,0.000000,0.000000,0.000000
5.182000,3.637998,-0.001145,0.593700,-2.000000,0.000630,0.000000,-0.000315,0.000000,6.078457,-0.001836,0.459359,-1.995314,0.000413,0.025782,6.144169,-0.001015,0.480608,-1.865363,0.000011,-0.063651,0.000000,0.000000,-0.000315,-0.000157,-0.001416,-0.000388,0.663803,0.663803,-0.657714,-0.657714,0.708119,0.708413,-0.613063,-0.613937,0.234832,-0.234832,0.234832,-0.234832,0.233181,-0.234417,0.230558,-0.233372,0.634094,0.192710,0.000000,0.000000,0.000000
5.194000,3.613998,-0.001138,0.593700,-2.000000,0.000630,0.000000,-0.000315,0.000000,6.054226,-0.001831,0.459667,-2.043314,0.000431,0.025653,6.121392,-0.001011,0.479962,-1.915592,-0.001157,-0.059744,-0.001099,0.000405,-0.000314,-0.000189,-0.001396,-0.000394,0.666546,0.666546,-0.660457,-0.660457,0.713192,0.713428,-0.614705,-0.615642,0.234832,-0.234832,0.234832,-0.234832,0.233210,-0.234388,0.230580,-0.233355,0.636627,0.192901,0.000000,0.000000,0.000000
5.206000,3.589998,-0.001130,0.593700,-2.000000,0.000631,0.000000,-0.000315,0.000000,6.029418,-0.001825,0.459975,-2.091314,0.000449,0.025857,6.097568,-0.000999,0.479363,-1.998476,-0.001316,-0.039265,-0.001246,0.000380,-0.000314,-0.000407,-0.001234,-0.000385,0.669100,0.669100,-0.663011,-0.663011,0.718065,0.718143,-0.615979,-0.616673,0.234832,-0.234832,0.234832,-0.234832,0.233292,-0.234308,0.230650,-0.233176,0.638492,0.193103,0.000000,0.000000,0.000000
5.218000,3.565998,-0.001123,0.593700,-2.000000,0.000631,0.000000,-0.000315,0.000000,6.004034,-0.001820,0.460290,-2.139314,0.000472,0.026573,6.073605,-0.000997,0.478616,-2.016641,0.000890,-0.058633,-0.001220,0.000496,-0.000314,-0.000560,-0.001069,-0.000394,0.671467,0.671467,-0.665377,-0.665377,0.722502,0.722548,-0.616795,-0.617131,0.234832,-0.234832,0.234832,-0.234832,0.233375,-0.234226,0.230717,-0.233101,0.640396,0.193432,0.000000,0.000000,0.000000
5.230000,3.541998,-0.001115,0.593700,-2.000000,0.000630,0.000000,-0.000315,0.000000,5.978074,-0.001814,0.460614,-2.187314,0.000496,0.027454,6.049086,-0.001009,0.478068,-2.058808,-0.000530,-0.049855,0.000000,0.000000,-0.000315,-0.000532,-0.001049,-0.000384,0.673646,0.673646,-0.667556,-0.667556,0.726757,0.726583,-0.617244,-0.617954,0.234832,-0.234832,0.234832,-0.234832,0.233396,-0.234206,0.230707,-0.233082,0.641403,0.193690,0.000000,0.000000,0.000000
5.242000,3.517998,-0.001107,0.593700,-2.000000,0.000630,0.000000,-0.000315,0.000000,5.951539,-0.001808,0.460950,-2.235314,0.000531,0.028477,6.023983,-0.001003,0.477569,-2.109271,0.000781,-0.039200,0.000000,0.000000,-0.000315,-0.000493,-0.001089,-0.000385,0.675637,0.675637,-0.669547,-0.669547,0.730774,0.730483,-0.617657,-0.618708,0.234832,-0.234832,0.234832,-0.234832,0.233375,-0.234228,0.230671,-0.233075,0.642482,0.193902,0.000000,0.000000,0.000000
5.254000,3.493998,-0.001100,0.593700,-2.000000,0.000630,0.000000,-0.000315,0.000000,5.924427,-0.001801,0.461297,-2.283314,0.000554,0.029424,5.998026,-0.001010,0.477049,-2.186373,-0.000091,-0.033904,0.000000,0.000000,-0.000315,-0.000536,-0.001104,-0.000391,0.677438,0.677438,-0.671349,-0.671349,0.734678,0.734139,-0.617748,-0.619271,0.234832,-0.234832,0.234832,-0.234832,0.233422,-0.234184,0.230671,-0.232999,0.643470,0.194211,0.000000,0.000000,0.000000
5.266000,3.469998,-0.001092,0.593700,-2.000000,0.000630,0.000000,-0.000315,0.000000,5.896739,-0.001794,0.461660,-2.331314,0.000580,0.031094,5.971688,-0.000991,0.476523,-2.201824,-0.000045,-0.028806,0.000000,0.000000,-0.000315,-0.000505,-0.001014,-0.000374,0.679051,0.679051,-0.672962,-0.672962,0.738273,0.737558,-0.616481,-0.619587,0.234832,-0.234832,0.234832,-0.234832,0.233405,-0.234201,0.230605,-0.233006,0.643925,0.194379,0.000000,0.000000,0.000000
5.278000,3.445998,-0.001085,0.593700,-2.000000,0.000630,0.000000,-0.000315,0.000000,5.868475,-0.001787,0.462044,-2.379314,0.000604,0.032885,5.945165,-0.000999,0.476055,-2.227250,-0.000796,-0.040511,0.000000,0.000000,-0.000315,-0.000421,-0.001082,-0.000377,0.680479,0.680479,-0.674390,-0.674390,0.741650,0.740690,-0.615814,-0.619968,0.234832,-0.234832,0.234832,-0.234832,0.233390,-0.234220,0.230567,-0.233012,0.643961,0.194567,0.000000,0.000000,0.000000
5.290000,3.421998,-0.001077,0.593700,-2.000000,0.000630,0.000000,-0.000315,0.000000,5.839636,-0.001780,0.462450,-2.427314,0.000602,0.034877,5.917320,-0.000981,0.475723,-2.332879,0.001274,-0.021935,0.000000,0.000000,-0.000315,-0.000364,-0.001156,-0.000393,0.681722,0.681722,-0.675633,-0.675633,0.744840,0.743793,-0.615123,-0.620142,0.234832,-0.234832,0.234832,-0.234832,0.233386,-0.234226,0.230439,-0.233025,0.644210,0.194606,0.000000,0.000000,0.000000
5.302000,3.397998,-0.001070,0.593700,-2.000000,0.000630,0.000000,-0.000315,0.000000,5.810220,-0.001773,0.462875,-2.475314,0.000627,0.035952,5.889726,-0.000986,0.475250,-2.326202,0.000246,-0.044969,0.000000,0.000000,-0.000315,-0.000311,-0.001114,-0.000385,0.682778,0.682778,-0.676689,-0.676689,0.747781,0.746588,-0.613566,-0.619993,0.234832,-0.234832,0.234832,-0.234832,0.233374,-0.234240,0.230425,-0.233011,0.643832,0.194875,0.000000,0.000000,0.000000
5.314000,3.373998,-0.001062,0.593700,-2.000000,0.000630,0.000000,-0.000315,0.000000,5.780228,-0.001765,0.463319,-2.523314,0.000640,0.038164,5.861398,-0.001010,0.475049,-2.369291,-0.001286,-0.023015,0.000000,0.000000,-0.000315,-0.000265,-0.001190,-0.000400,0.683648,0.683648,-0.677558,-0.677558,0.750484,0.749223,-0.613128,-0.619118,0.234832,-0.234832,0.234832,-0.234832,0.233379,-0.234237,0.230425,-0.232935,0.643303,0.194970,0.000000,0.000000,0.000000
5.326000,3.349998,-0.001054,0.593700,-2.000000,0.000630,0.000000,-0.000315,0.000000,5.749660,-0.001757,0.463791,-2.571314,0.000638,0.040553,5.832336,-0.001006,0.474720,-2.429356,-0.000445,-0.035419,0.000000,0.000000,-0.000315,-0.000237,-0.001246,-0.000411,0.684336,0.684336,-0.678246,-0.678246,0.753072,0.751809,-0.612580,-0.618085,0.234832,-0.234832,0.234832,-0.234832,0.233387,-0.234233,0.230367,-0.232907,0.642853,0.195103,0.000000,0.000000,0.000000
5.338000,3.325998,-0.001047,0.593700,-2.000000,0.000630,0.000000,-0.000315,0.000000,5.718516,-0.001750,0.464295,-2.619314,0.000658,0.043555,5.802604,-0.001000,0.474554,-2.501428,0.001546,-0.011327,0.000000,0.000000,-0.000315,-0.000222,-0.001286,-0.000416,0.684846,0.684846,-0.678756,-0.678756,0.755800,0.754218,-0.611884,-0.617015,0.234832,-0.234832,0.234832,-0.234832,0.233387,-0.234230,0.230314,-0.232871,0.642176,0.195227,0.000000,0.000000,0.000000
5.350000,3.301998,-0.001039,0.593700,-2.000000,0.000630,0.000000,-0.000315,0.000000,5.686797,-0.001742,0.464818,-2.667314,0.000690,0.043631,5.772421,-0.001027,0.474353,-2.526258,-0.001187,-0.020820,0.000000,0.000000,-0.000315,-0.000187,-0.001229,-0.000398,0.685171,0.685171,-0.679082,-0.679082,0.758653,0.756589,-0.611045,-0.615155,0.234832,-0.234832,0.234832,-0.234832,0.233376,-0.234239,0.230331,-0.232741,0.641098,0.195317,0.000000,0.000000,0.000000
5.362000,3.277998,-0.001032,0.593700,-2.000000,0.000630,0.000000,-0.000315,0.000000,5.654501,-0.001733,0.465356,-2.715314,0.000706,0.046161,5.741470,-0.001030,0.474373,-2.578886,-0.001316,-0.017668,0.000000,0.000000,-0.000315,-0.000165,-0.001212,-0.000399,0.685311,0.685311,-0.679221,-0.679221,0.761100,0.758854,-0.610093,-0.612917,0.234832,-0.234832,0.234832,-0.234832,0.233378,-0.234247,0.230311,-0.232679,0.639306,0.195300,0.000000,0.000000,0.000000
5.374000,3.253998,-0.001024,0.593700,-2.000000,0.000630,0.000000,-0.000315,0.000000,5.621629,-0.001725,0.465928,-2.763314,0.000732,0.049111,5.711093,-0.001069,0.474347,-2.567344,-0.001313,0.012618,0.001426,0.000010,-0.000317,0.000017,-0.001357,-0.000403,0.685277,0.685277,-0.679188,-0.679188,0.763239,0.760995,-0.609279,-0.611742,0.234832,-0.234832,0.234832,-0.234832,0.233326,-0.234303,0.230352,-0.232735,0.638158,0.195491,0.000000,0.000000,0.000000
5.386000,3.229998,-0.001017,0.593700,-2.000000,0.000630,0.000000,-0.000315,0.000000,5.588181,-0.001716,0.466537,-2.811314,0.000751,0.052521,5.679885,-0.001059,0.474484,-2.625535,0.001170,0.016821,0.001156,-0.000123,-0.000317,0.000293,-0.001669,-0.000404,0.685074,0.685074,-0.678985,-0.678985,0.765200,0.763044,-0.608439,-0.611314,0.234832,-0.234832,0.234832,-0.234832,0.233195,-0.234440,0.230214,-0.232855,0.637062,0.195393,0.000000,0.000000,0.000000
5.398000,3.205998,-0.001009,0.593700,-2.000000,0.000630,0.000000,-0.000315,0.000000,5.554158,-0.001706,0.467140,-2.859314,0.000769,0.048492,5.647811,-0.001036,0.474559,-2.705620,0.002958,0.029574,0.000000,0.000000,-0.000315,0.000403,-0.001876,-0.000414,0.684679,0.684679,-0.678589,-0.678589,0.767049,0.765028,-0.607587,-0.610309,0.234832,-0.234832,0.234832,-0.234832,0.233126,-0.234515,0.230125,-0.232885,0.635997,0.195298,0.000000,0.000000,0.000000
5.408000,3.185998,-0.001003,0.593700,-2.000000,0.000630,0.000000,-0.000315,0.000000,5.525365,-0.001699,0.467625,-2.899314,0.000780,0.048759,5.620834,-0.001040,0.474636,-2.729450,0.000895,0.005624,0.000000,0.000000,-0.000315,0.000476,-0.001950,-0.000417,0.684196,0.684196,-0.678107,-0.678107,0.768475,0.766592,-0.606768,-0.608847,0.234832,-0.234832,0.234832,-0.234832,0.233115,-0.234530,0.230098,-0.232891,0.634601,0.195291,0.000000,0.000000,0.000000
5.420000,3.161998,-0.000995,0.593700,-2.000000,0.000630,0.000000,-0.000315,0.000000,5.490285,-0.001689,0.468223,-2.947314,0.000805,0.051096,5.587665,-0.001010,0.474865,-2.788702,0.001200,0.017337,0.000000,0.000000,-0.000315,0.000406,-0.002017,-0.000404,0.683455,0.683455,-0.677366,-0.677366,0.769993,0.768249,-0.605482,-0.606974,0.234832,-0.234832,0.234832,-0.234832,0.233111,-0.234537,0.230108,-0.232831,0.632862,0.195119,0.000000,0.000000,0.000000
5.432000,3.137998,-0.000988,0.593700,-2.000000,0.000630,0.000000,-0.000315,0.000000,5.454659,-0.001679,0.468872,-2.986275,0.000834,0.060190,5.553892,-0.000978,0.475315,-2.822400,0.001860,0.009873,0.000000,0.000000,-0.000315,0.000320,-0.001979,-0.000372,0.682529,0.682529,-0.676440,-0.676440,0.771214,0.769571,-0.603522,-0.604813,0.234832,-0.234832,0.234832,-0.234832,0.233135,-0.234517,0.230092,-0.232793,0.630015,0.194880,0.000000,0.000000,0.000000
5.444000,3.113998,-0.000980,0.593700,-2.000000,0.000630,0.000000,-0.000315,0.000000,5.418663,-0.001669,0.469730,-3.012732,0.000866,0.083453,5.519091,-0.000956,0.475539,-2.908170,0.001501,0.029399,0.000000,0.000000,-0.000315,0.000216,-0.001846,-0.000359,0.681329,0.681329,-0.675239,-0.675239,0.772477,0.770760,-0.601261,-0.602741,0.234832,-0.234832,0.234832,-0.234832,0.233167,-0.234485,0.230097,-0.232703,0.627161,0.194722,0.000000,0.000000,0.000000
5.456000,3.089998,-0.000973,0.593700,-2.000000,0.000630,0.000000,-0.000315,0.000000,5.382354,-0.001659,0.470875,-3.038580,0.000886,0.107453,5.484240,-0.000939,0.475723,-2.939482,0.001795,0.018998,0.000000,0.000000,-0.000315,0.000146,-0.001661,-0.000368,0.679840,0.679840,-0.673751,-0.673751,0.773346,0.771692,-0.598440,-0.600539,0.234832,-0.234832,0.234832,-0.234832,0.233190,-0.234462,0.230092,-0.232637,0.624305,0.194657,0.000000,0.000000,0.000000
5.468000,3.065998,-0.000965,0.593700,-2.000000,0.000630,0.000000,-0.000315,0.000000,5.345761,-0.001648,0.472309,-3.056507,0.000888,0.131453,5.449117,-0.000929,0.476053,-2.948736,0.000394,0.006034,-0.001190,-0.000006,-0.000313,0.000099,-0.001471,-0.000383,0.678064,0.678064,-0.671975,-0.671975,0.773747,0.772482,-0.595457,-0.598122,0.234832,-0.234832,0.234832,-0.234832,0.233229,-0.234424,0.230102,-0.232605,0.621069,0.194384,0.000000,0.000000,0.000000
5.480000,3.041998,-0.000957,0.593700,-2.000000,0.000631,0.000000,-0.000315,0.000000,5.309068,-0.001637,0.474030,-3.057654,0.000882,0.155453,5.413542,-0.000916,0.476190,-2.975182,0.002011,0.001241,0.000000,0.000000,-0.000315,-0.000095,-0.001267,-0.000392,0.676000,0.676000,-0.669910,-0.669910,0.773741,0.773009,-0.592436,-0.595239,0.234832,-0.234832,0.234832,-0.234832,0.233306,-0.234344,0.230184,-0.232471,0.618062,0.194411,0.000000,0.000000,0.000000
5.492000,3.017998,-0.000950,0.593700,-2.000000,0.000630,0.000000,-0.000315,0.000000,5.272396,-0.001627,0.476033,-3.053928,0.000877,0.176172,5.377295,-0.000929,0.476478,-3.013119,-0.001033,0.041970,0.000000,0.000000,-0.000315,-0.000311,-0.000928,-0.000385,0.673647,0.673647,-0.667558,-0.667558,0.773535,0.773184,-0.589332,-0.591133,0.234832,-0.234832,0.234832,-0.234832,0.233401,-0.234174,0.230254,-0.232249,0.613933,0.194205,0.000000,0.000000,0.000000
5.504000,2.993998,-0.000942,0.593700,-2.000000,0.000630,0.000000,-0.000315,0.000000,5.235778,-0.001616,0.478189,-3.048965,0.000878,0.181506,5.341209,-0.000924,0.476828,-3.014771,0.000380,0.041918,-0.001282,-0.000068,-0.000314,-0.000256,-0.000615,-0.000377,0.671007,0.671007,-0.664918,-0.664918,0.772898,0.772849,-0.585715,-0.586991,0.234832,-0.234832,0.234832,-0.234832,0.233336,-0.234103,0.230135,-0.232200,0.609072,0.193982,0.000000,0.000000,0.000000
5.516000,2.969998,-0.000935,0.593700,-2.000000,0.000630,0.000000,-0.000315,0.000000,5.199222,-0.001606,0.480367,-3.043703,0.000886,0.181236,5.305199,-0.000889,0.477003,-3.008525,0.002182,-0.013416,-0.001677,0.000044,-0.000314,-0.000470,-0.000356,-0.000367,0.668079,0.668079,-0.661989,-0.661989,0.771940,0.771962,-0.581726,-0.582898,0.234832,-0.234832,0.234832,-0.234832,0.233334,-0.233977,0.230204,-0.232102,0.604883,0.193807,0.000000,0.000000,0.000000
5.528000,2.945998,-0.000927,0.593700,-2.000000,0.000630,0.000000,-0.000315,0.000000,5.162730,-0.001595,0.482533,-3.038383,0.000892,0.179560,5.268871,-0.000872,0.477572,-3.013751,0.002123,0.017444,-0.001451,-0.000280,-0.000315,-0.000651,-0.000074,-0.000368,0.664862,0.664862,-0.658773,-0.658773,0.770776,0.770731,-0.577419,-0.578726,0.234832,-0.234832,0.234832,-0.234832,0.233318,-0.233797,0.230209,-0.231932,0.599499,0.193503,0.000000,0.000000,0.000000
5.540000,2.921998,-0.000920,0.593700,-2.000000,0.000630,0.000000,-0.000315,0.000000,5.126301,-0.001584,0.484676,-3.033070,0.000892,0.177545,5.232870,-0.000896,0.477899,-3.000486,-0.000663,0.023252,0.000000,0.000000,-0.000315,-0.000610,0.000075,-0.000365,0.661358,0.661358,-0.655268,-0.655268,0.769107,0.768923,-0.572797,-0.574345,0.234832,-0.234832,0.234832,-0.234832,0.233299,-0.233711,0.230227,-0.231912,0.594438,0.193464,0.000000,0.000000,0.000000
5.552000,2.897998,-0.000912,0.593700,-2.000000,0.000630,0.000000,-0.000315,0.000000,5.089936,-0.001574,0.486794,-3.027777,0.000895,0.175463,5.196854,-0.000877,0.478526,-2.997295,0.002012,0.058121,0.000000,0.000000,-0.000315,-0.000512,0.000192,-0.000359,0.657565,0.657565,-0.651476,-0.651476,0.767082,0.766676,-0.567919,-0.569744,0.234832,-0.234832,0.234832,-0.234832,0.233147,-0.233712,0.230116,-0.231888,0.588722,0.193193,0.000000,0.000000,0.000000
5.564000,2.873998,-0.000905,0.593700,-2.000000,0.000630,0.000000,-0.000315,0.000000,5.053634,-0.001563,0.488887,-3.022511,0.000895,0.173383,5.160792,-0.000866,0.478949,-2.999126,0.001173,0.034248,0.000000,0.000000,-0.000315,-0.000427,0.000296,-0.000359,0.653485,0.653485,-0.647396,-0.647396,0.764907,0.764066,-0.562807,-0.564918,0.234832,-0.234832,0.234832,-0.234832,0.233015,-0.233664,0.230088,-0.231923,0.583336,0.193100,0.000000,0.000000,0.000000
5.576000,2.849998,-0.000897,0.593700,-2.000000,0.000630,0.000000,-0.000315,0.000000,5.017396,-0.001552,0.490955,-3.017271,0.000896,0.171322,5.124783,-0.000819,0.479671,-2.995029,0.002863,0.065272,0.000000,0.000000,-0.000315,-0.000310,0.000348,-0.000358,0.649117,0.649117,-0.643027,-0.643027,0.762620,0.761086,-0.557533,-0.559922,0.234832,-0.234832,0.234832,-0.234832,0.232750,-0.233669,0.230014,-0.231978,0.576839,0.192720,0.000000,0.000000,0.000000
5.588000,2.825998,-0.000889,0.593700,-2.000000,0.000630,0.000000,-0.000315,0.000000,4.981220,-0.001541,0.492999,-3.012058,0.000888,0.169283,5.088914,-0.000824,0.480592,-2.985603,-0.001625,0.066259,0.000000,0.000000,-0.000315,-0.000270,0.000419,-0.000366,0.644460,0.644460,-0.638371,-0.638371,0.759772,0.757703,-0.552175,-0.554668,0.234832,-0.234832,0.234832,-0.234832,0.232699,-0.233611,0.229995,-0.231928,0.570463,0.192324,0.000000,0.000000,0.000000
5.600000,2.801998,-0.000882,0.593700,-2.000000,0.000631,0.000000,-0.000315,0.000000,4.945106,-0.001531,0.495018,-3.006872,0.000883,0.167269,5.053012,-0.000835,0.481391,-2.991430,0.001670,0.089631,0.000000,0.000000,-0.000315,-0.000147,0.000403,-0.000380,0.639516,0.639516,-0.633426,-0.633426,0.756474,0.754067,-0.546622,-0.549158,0.234832,-0.234832,0.234832,-0.234832,0.232597,-0.233619,0.229931,-0.231901,0.563506,0.192067,0.000000,0.000000,0.000000
5.612000,2.777998,-0.000874,0.593700,-2.000000,0.000631,0.000000,-0.000315,0.000000,4.909055,-0.001520,0.497013,-3.001712,0.000869,0.165278,5.017263,-0.000836,0.482327,-2.977291,0.000290,0.071912,0.001045,-0.000583,-0.000315,0.000004,0.000408,-0.000412,0.634325,0.634325,-0.628236,-0.628236,0.752729,0.750180,-0.540821,-0.543534,0.234832,-0.234832,0.234832,-0.234832,0.232540,-0.233610,0.229820,-0.231939,0.556629,0.191696,0.000000,0.000000,0.000000
5.624000,2.753998,-0.000867,0.593700,-2.000000,0.000630,0.000000,-0.000315,0.000000,4.873065,-0.001510,0.498985,-2.996579,0.000854,0.163311,4.981778,-0.000804,0.483552,-2.960333,0.001339,0.082802,0.000000,0.000000,-0.000315,0.000021,0.000341,-0.000424,0.629088,0.629088,-0.622998,-0.622998,0.748382,0.745860,-0.534984,-0.537756,0.234832,-0.234832,0.234832,-0.234832,0.232530,-0.233604,0.229757,-0.231981,0.549436,0.191122,0.000000,0.000000,0.000000
5.636000,2.729998,-0.000859,0.593700,-2.000000,0.000630,0.000000,-0.000315,0.000000,4.837137,-0.001500,0.500933,-2.991472,0.000848,0.161367,4.946232,-0.000818,0.484783,-2.963546,-0.000382,0.100822,0.000000,0.000000,-0.000315,0.000158,0.000287,-0.000425,0.623922,0.623922,-0.617833,-0.617833,0.743766,0.741355,-0.529225,-0.532106,0.234832,-0.234832,0.234832,-0.234832,0.232487,-0.233626,0.229733,-0.232017,0.542122,0.190683,0.000000,0.000000,0.000000
5.648000,2.705998,-0.000852,0.593700,-2.000000,0.000630,0.000000,-0.000315,0.000000,4.801269,-0.001490,0.502857,-2.986391,0.000834,0.159447,4.910646,-0.000826,0.485961,-2.965821,-0.002983,0.088746,0.001397,-0.000248,-0.000315,0.000175,0.000325,-0.000456,0.618851,0.618851,-0.612762,-0.612762,0.738931,0.736848,-0.523589,-0.526427,0.234832,-0.234832,0.234832,-0.234832,0.232525,-0.233548,0.229736,-0.232028,0.535027,0.190296,0.000000,0.000000,0.000000
5.658000,2.685998,-0.000845,0.593700,-2.000000,0.000630,0.000000,-0.000315,0.000000,4.771427,-0.001481,0.504444,-2.982177,0.000832,0.157864,4.880965,-0.000803,0.487074,-2.968056,0.000119,0.119244,0.000000,0.000000,-0.000315,0.000232,0.000352,-0.000439,0.614700,0.614700,-0.608611,-0.608611,0.734759,0.733065,-0.518922,-0.521725,0.234832,-0.234832,0.234832,-0.234832,0.232444,-0.233564,0.229701,-0.232072,0.528939,0.189703,0.000000,0.000000,0.000000
5.670000,2.661998,-0.000838,0.593700,-2.000000,0.000630,0.000000,-0.000315,0.000000,4.735671,-0.001471,0.506327,-2.977143,0.000832,0.155985,4.845488,-0.000794,0.488354,-2.959404,0.000512,0.093068,0.000000,0.000000,-0.000315,0.000161,0.000453,-0.000437,0.609806,0.609806,-0.603716,-0.603716,0.729672,0.728336,-0.513464,-0.516128,0.234832,-0.234832,0.234832,-0.234832,0.232484,-0.233509,0.229742,-0.232040,0.522213,0.189234,0.000000,0.000000,0.000000
5.682000,2.637998,-0.000830,0.593700,-2.000000,0.000630,0.000000,-0.000315,0.000000,4.699975,-0.001461,0.508188,-2.972136,0.000840,0.154129,4.809907,-0.000771,0.489639,-2.964207,0.002382,0.095656,0.000000,0.000000,-0.000315,0.000097,0.000533,-0.000416,0.605005,0.605005,-0.598916,-0.598916,0.724688,0.723565,-0.508156,-0.510643,0.234832,-0.234832,0.234832,-0.234832,0.232445,-0.233479,0.229782,-0.232004,0.515236,0.188712,0.000000,0.000000,0.000000
5.694000,2.613998,-0.000823,0.593700,-2.000000,0.000630,0.000000,-0.000315,0.000000,4.664339,-0.001451,0.510026,-2.967154,0.000849,0.152294,4.774326,-0.000772,0.491109,-2.963166,-0.000954,0.108763,0.000000,0.000000,-0.000315,0.000058,0.000640,-0.000418,0.600297,0.600297,-0.594207,-0.594207,0.719758,0.718727,-0.502807,-0.505274,0.234832,-0.234832,0.234832,-0.234832,0.232429,-0.233369,0.229828,-0.231967,0.508509,0.188167,0.000000,0.000000,0.000000
5.706000,2.589998,-0.000815,0.593700,-2.000000,0.000630,0.000000,-0.000315,0.000000,4.628763,-0.001441,0.511843,-2.962198,0.000852,0.150482,4.738825,-0.000774,0.492495,-2.955697,-0.001302,0.142594,0.000000,0.000000,-0.000315,0.000006,0.000741,-0.000405,0.595678,0.595678,-0.589589,-0.589589,0.714906,0.713840,-0.497584,-0.499926,0.234832,-0.234832,0.234832,-0.234832,0.232336,-0.233175,0.229868,-0.231932,0.501728,0.187627,0.000000,0.000000,0.000000
5.718000,2.565998,-0.000807,0.593700,-2.000000,0.000630,0.000000,-0.000315,0.000000,4.593247,-0.001431,0.513638,-2.957267,0.000856,0.148691,4.703298,-0.000741,0.493909,-2.958179,-0.000201,0.121614,0.000000,0.000000,-0.000315,-0.000122,0.000907,-0.000398,0.591148,0.591148,-0.585059,-0.585059,0.710118,0.708956,-0.492494,-0.494726,0.234832,-0.234832,0.234832,-0.234832,0.232256,-0.233050,0.229928,-0.231875,0.495185,0.187009,0.000000,0.000000,0.000000
5.730000,2.541998,-0.000800,0.593700,-2.000000,0.000630,0.000000,-0.000315,0.000000,4.557789,-0.001420,0.515412,-2.952361,0.000858,0.146921,4.667850,-0.000695,0.495408,-2.952214,0.004831,0.146669,0.000000,0.000000,-0.000315,-0.000179,0.001004,-0.000401,0.586705,0.586705,-0.580616,-0.580616,0.705546,0.704110,-0.487386,-0.489696,0.234832,-0.234832,0.234832,-0.234832,0.232022,-0.232929,0.229949,-0.231857,0.488541,0.186382,0.000000,0.000000,0.000000
5.742000,2.517998,-0.000792,0.593700,-1.999999,0.000631,0.000000,-0.000315,0.000000,4.522390,-0.001410,0.517164,-2.947481,0.000858,0.145173,4.632316,-0.000683,0.496738,-2.956113,0.001726,0.121889,-0.000824,0.001229,-0.000316,-0.000214,0.001094,-0.000403,0.582347,0.582347,-0.576258,-0.576258,0.701075,0.699294,-0.482410,-0.484680,0.234832,-0.234832,0.234832,-0.234832,0.231988,-0.232829,0.229973,-0.231836,0.482340,0.185764,0.000000,0.000000,0.000000
5.754000,2.493998,-0.000785,0.593700,-2.000000,0.000630,0.000000,-0.000315,0.000000,4.487049,-0.001400,0.518896,-2.942625,0.000858,0.143445,4.596981,-0.000687,0.498056,-2.946876,-0.000745,0.117819,-0.000984,0.000693,-0.000316,-0.000239,0.001213,-0.000395,0.578073,0.578073,-0.571983,-0.571983,0.696756,0.694507,-0.477447,-0.479782,0.234832,-0.234832,0.234832,-0.234832,0.231860,-0.232660,0.230031,-0.231785,0.475854,0.185222,0.000000,0.000000,0.000000
5.766000,2.469998,-0.000777,0.593700,-1.999999,0.000631,0.000000,-0.000315,0.000000,4.451767,-0.001390,0.520607,-2.937795,0.000853,0.141682,4.561479,-0.000659,0.499174,-2.953114,0.001928,0.081870,-0.001040,0.000515,-0.000316,-0.000289,0.001255,-0.000420,0.573880,0.573880,-0.567791,-0.567791,0.692507,0.689931,-0.472575,-0.474873,0.234832,-0.234832,0.234832,-0.234832,0.231823,-0.232567,0.230020,-0.231795,0.469847,0.184778,0.000000,0.000000,0.000000
5.778000,2.445998,-0.000770,0.593700,-2.000000,0.000630,0.000000,-0.000315,0.000000,4.416542,-0.001379,0.522295,-2.932989,0.000854,0.139548,4.526216,-0.000661,0.500498,-2.945576,0.001968,0.093934,0.000000,0.000000,-0.000315,-0.000312,0.001258,-0.000407,0.569768,0.569768,-0.563679,-0.563679,0.688396,0.685349,-0.467732,-0.470088,0.234832,-0.234832,0.234832,-0.234832,0.231653,-0.232418,0.230048,-0.231688,0.463599,0.184322,0.000000,0.000000,0.000000
5.790000,2.421998,-0.000762,0.593700,-2.000000,0.000630,0.000000,-0.000315,0.000000,4.381375,-0.001369,0.523953,-2.928208,0.000859,0.136646,4.490860,-0.000687,0.502032,-2.942450,-0.001434,0.105019,0.000000,0.000000,-0.000315,-0.000253,0.001249,-0.000393,0.565735,0.565735,-0.559645,-0.559645,0.684312,0.680888,-0.462928,-0.465359,0.234832,-0.234832,0.234832,-0.234832,0.231537,-0.232334,0.230060,-0.231582,0.457318,0.183688,0.000000,0.000000,0.000000
5.802000,2.397998,-0.000755,0.593700,-2.000000,0.000630,0.000000,-0.000315,0.000000,4.346265,-0.001359,0.525574,-2.923452,0.000861,0.133519,4.455660,-0.000660,0.503575,-2.929593,0.001525,0.147289,0.000000,0.000000,-0.000315,-0.000227,0.001229,-0.000392,0.561778,0.561778,-0.555689,-0.555689,0.680201,0.676600,-0.458222,-0.460815,0.234832,-0.234832,0.234832,-0.234832,0.231392,-0.232271,0.230013,-0.231587,0.450945,0.183045,0.000000,0.000000,0.000000
5.814000,2.373998,-0.000747,0.593700,-1.999999,0.000629,0.000000,-0.000315,0.000000,4.311212,-0.001348,0.527157,-2.918714,0.000858,0.130419,4.420533,-0.000708,0.505006,-2.922614,-0.006601,0.155183,-0.000194,-0.001518,-0.000316,-0.000320,0.001117,-0.000394,0.557898,0.557898,-0.551809,-0.551809,0.676239,0.672409,-0.453629,-0.456329,0.234832,-0.234832,0.234832,-0.234832,0.231450,-0.231953,0.230062,-0.231470,0.444840,0.182530,0.000000,0.000000,0.000000
5.826000,2.349998,-0.000739,0.593700,-1.999998,0.000630,0.000000,-0.000315,0.000000,4.276216,-0.001338,0.528704,-2.914009,0.000874,0.127386,4.385364,-0.000698,0.506240,-2.925606,0.000199,0.117095,-0.001174,-0.001331,-0.000316,-0.000248,0.000875,-0.000356,0.554092,0.554092,-0.548003,-0.548003,0.672233,0.668372,-0.449077,-0.451840,0.234832,-0.234832,0.234832,-0.234832,0.231367,-0.231951,0.229970,-0.231488,0.439366,0.181955,0.000000,0.000000,0.000000
5.838000,2.325998,-0.000732,0.593700,-1.999998,0.000631,0.000000,-0.000315,0.000000,4.241276,-0.001327,0.530215,-2.908968,0.000889,0.124425,4.350293,-0.000704,0.507656,-2.919658,0.000567,0.117122,0.000086,-0.001418,-0.000315,-0.000250,0.000655,-0.000332,0.550359,0.550359,-0.544270,-0.544270,0.668260,0.664402,-0.444519,-0.447532,0.234832,-0.234832,0.234832,-0.234832,0.231340,-0.231912,0.229991,-0.231455,0.433765,0.181570,0.000000,0.000000,0.000000
5.850000,2.301998,-0.000724,0.593700,-1.999997,0.000630,0.000000,-0.000315,0.000000,4.206396,-0.001317,0.531690,-2.904517,0.000895,0.121533,4.315306,-0.000688,0.509132,-2.912122,0.002219,0.122394,-0.000226,-0.001316,-0.000315,-0.000202,0.000425,-0.000326,0.546697,0.546697,-0.540608,-0.540608,0.664239,0.660518,-0.440162,-0.443253,0.234832,-0.234832,0.234832,-0.234832,0.231288,-0.231921,0.229951,-0.231482,0.428288,0.180992,0.000000,0.000000,0.000000
5.862000,2.277998,-0.000717,0.593700,-1.999998,0.000631,0.000000,-0.000315,0.000000,4.171568,-0.001306,0.533132,-2.899993,0.000888,0.118708,4.280398,-0.000710,0.510657,-2.907114,-0.000859,0.117790,0.000430,-0.001224,-0.000315,-0.000164,0.000224,-0.000366,0.543106,0.543106,-0.537017,-0.537017,0.660205,0.656614,-0.435892,-0.439120,0.234832,-0.234832,0.234832,-0.234832,0.231300,-0.231829,0.229939,-0.231451,0.422949,0.180561,0.000000,0.000000,0.000000
5.874000,2.253998,-0.000709,0.593700,-1.999999,0.000630,0.000000,-0.000315,0.000000,4.136796,-0.001295,0.534540,-2.895410,0.000881,0.115948,4.245535,-0.000662,0.512194,-2.903241,0.002032,0.120230,-0.000233,-0.001148,-0.000315,-0.000160,0.000093,-0.000357,0.539583,0.539583,-0.533494,-0.533494,0.656157,0.652799,-0.431781,-0.435067,0.234832,-0.234832,0.234832,-0.234832,0.231244,-0.231859,0.229868,-0.231488,0.417732,0.179898,0.000000,0.000000,0.000000
5.886000,2.229998,-0.000702,0.593700,-2.000000,0.000630,0.000000,-0.000315,0.000000,4.102083,-0.001285,0.535915,-2.890502,0.000878,0.113253,4.210776,-0.000657,0.513619,-2.897584,0.001835,0.110517,0.000459,-0.001014,-0.000315,-0.000150,0.000062,-0.000365,0.536128,0.536128,-0.530039,-0.530039,0.652234,0.648972,-0.427810,-0.431135,0.234832,-0.234832,0.234832,-0.234832,0.231229,-0.231795,0.229857,-0.231506,0.412831,0.179463,0.000000,0.000000,0.000000
5.898000,2.205998,-0.000694,0.593700,-2.000000,0.000630,0.000000,-0.000315,0.000000,4.067430,-0.001274,0.537258,-2.885603,0.000881,0.110621,4.176036,-0.000641,0.515127,-2.895488,0.000947,0.096596,0.000000,0.000000,-0.000315,-0.000136,0.000230,-0.000342,0.532739,0.532739,-0.526650,-0.526650,0.648359,0.645212,-0.424063,-0.427173,0.234832,-0.234832,0.234832,-0.234832,0.231134,-0.231804,0.229859,-0.231452,0.408094,0.178852,0.000000,0.000000,0.000000
5.908000,2.185998,-0.000688,0.593700,-2.000000,0.000630,0.000000,-0.000315,0.000000,4.038591,-0.001266,0.538353,-2.882228,0.000887,0.108474,4.147105,-0.000653,0.516644,-2.889865,-0.000506,0.133909,0.000000,0.000000,-0.000315,-0.000122,0.000420,-0.000335,0.529965,0.529965,-0.523875,-0.523875,0.645117,0.642057,-0.421037,-0.423954,0.234832,-0.234832,0.234832,-0.234832,0.231085,-0.231756,0.229862,-0.231375,0.404074,0.178383,0.000000,0.000000,0.000000
5.920000,2.161998,-0.000680,0.593700,-2.000000,0.000630,0.000000,-0.000315,0.000000,4.004030,-0.001255,0.539640,-2.877900,0.000892,0.105952,4.112464,-0.000633,0.517943,-2.887453,0.002026,0.102162,0.000000,0.000000,-0.000315,-0.000123,0.000584,-0.000321,0.526694,0.526694,-0.520605,-0.520605,0.641411,0.638403,-0.417516,-0.420095,0.234832,-0.234832,0.234832,-0.234832,0.231014,-0.231723,0.229860,-0.231395,0.399556,0.177920,0.000000,0.000000,0.000000
5.932000,2.137998,-0.000673,0.593700,-1.999999,0.000631,0.000000,-0.000315,0.000000,3.969527,-0.001244,0.540896,-2.872176,0.000896,0.103490,4.077910,-0.000596,0.519434,-2.880797,0.003283,0.103206,-0.001366,0.000515,-0.000316,-0.000185,0.000726,-0.000320,0.523486,0.523486,-0.517396,-0.517396,0.637746,0.634804,-0.414184,-0.416560,0.234832,-0.234832,0.234832,-0.234832,0.230943,-0.231639,0.229864,-0.231400,0.395222,0.177260,0.000000,0.000000,0.000000
5.944000,2.113998,-0.000665,0.593700,-1.999998,0.000629,0.000000,-0.000315,0.000000,3.935104,-0.001233,0.542124,-2.866901,0.000894,0.101084,4.043397,-0.000634,0.520863,-2.877785,-0.001407,0.097424,-0.000055,0.001074,-0.000315,-0.000228,0.000925,-0.000318,0.520339,0.520339,-0.514250,-0.514250,0.634339,0.631220,-0.410954,-0.413198,0.234832,-0.234832,0.234832,-0.234832,0.230923,-0.231384,0.229922,-0.231353,0.391201,0.176919,0.000000,0.000000,0.000000
5.956000,2.089998,-0.000657,0.593700,-1.999999,0.000631,0.000000,-0.000315,0.000000,3.900746,-0.001223,0.543323,-2.860571,0.000897,0.098734,4.008931,-0.000605,0.522169,-2.873926,0.001667,0.084619,0.000012,0.001081,-0.000315,-0.000263,0.001215,-0.000315,0.517253,0.517253,-0.511163,-0.511163,0.631157,0.627770,-0.407839,-0.410083,0.234832,-0.234832,0.234832,-0.234832,0.230845,-0.231299,0.229910,-0.231374,0.387275,0.176448,0.000000,0.000000,0.000000
5.968000,2.065998,-0.000650,0.593700,-1.999999,0.000630,0.000000,-0.000315,0.000000,3.866476,-0.001212,0.544494,-2.853624,0.000892,0.096439,3.974541,-0.000570,0.523759,-2.868473,0.002667,0.108397,0.000318,0.001274,-0.000314,-0.000200,0.001480,-0.000329,0.514225,0.514225,-0.508136,-0.508136,0.628108,0.624367,-0.404889,-0.407012,0.234832,-0.234832,0.234832,-0.234832,0.230637,-0.231240,0.229868,-0.231419,0.383189,0.175852,0.000000,0.000000,0.000000
5.980000,2.041998,-0.000642,0.593700,-1.999998,0.000630,0.000000,-0.000315,0.000000,3.832253,-0.001201,0.545637,-2.851484,0.000883,0.094198,3.940077,-0.000524,0.525156,-2.871032,0.004164,0.099922,-0.000355,0.001549,-0.000316,-0.000135,0.001747,-0.000337,0.511256,0.511256,-0.505167,-0.505167,0.625189,0.621219,-0.402006,-0.404038,0.234832,-0.234832,0.234832,-0.234832,0.230457,-0.231241,0.229809,-0.231482,0.379433,0.175284,0.000000,0.000000,0.000000
5.992000,2.017998,-0.000635,0.593700,-1.999998,0.000630,0.000000,-0.000315,0.000000,3.798080,-0.001191,0.546755,-2.844295,0.000878,0.092008,3.905728,-0.000537,0.526634,-2.860538,0.000797,0.115670,0.000078,0.001053,-0.000315,-0.000143,0.001954,-0.000333,0.508344,0.508344,-0.502254,-0.502254,0.622413,0.618156,-0.399118,-0.401224,0.234832,-0.234832,0.234832,-0.234832,0.230406,-0.231093,0.229832,-0.231459,0.375505,0.174818,0.000000,0.000000,0.000000
6.004000,1.993998,-0.000627,0.593700,-1.999998,0.000631,0.000000,-0.000315,0.000000,3.763989,-0.001180,0.547846,-2.836636,0.000881,0.089869,3.871372,-0.000495,0.527687,-2.861549,0.003234,0.101811,0.000080,0.001086,-0.000315,-0.000203,0.001951,-0.000319,0.505487,0.505487,-0.499398,-0.499398,0.619712,0.615222,-0.396159,-0.397927,0.234832,-0.234832,0.234832,-0.234832,0.230332,-0.231027,0.229829,-0.231477,0.371783,0.174412,0.000000,0.000000,0.000000
6.016000,1.969998,-0.000620,0.593700,-2.000000,0.000630,0.000000,-0.000315,0.000000,3.730018,-0.001170,0.548912,-2.825675,0.000881,0.087780,3.837195,-0.000476,0.529112,-2.843750,0.003114,0.110433,0.000000,0.000000,-0.000315,-0.000195,0.001874,-0.000323,0.502685,0.502685,-0.496596,-0.496596,0.617014,0.612442,-0.393349,-0.394854,0.234832,-0.234832,0.234832,-0.234832,0.230232,-0.230941,0.229810,-0.231498,0.367726,0.173824,0.000000,0.000000,0.000000
6.028000,1.945998,-0.000612,0.593700,-2.000000,0.000630,0.000000,-0.000315,0.000000,3.696141,-0.001159,0.549953,-2.823455,0.000889,0.085740,3.802966,-0.000501,0.530528,-2.846205,0.001338,0.111121,0.001174,-0.000117,-0.000313,-0.000153,0.001732,-0.000296,0.499937,0.499937,-0.493848,-0.493848,0.614320,0.609656,-0.390317,-0.392156,0.234832,-0.234832,0.234832,-0.234832,0.230180,-0.230917,0.229924,-0.231506,0.363872,0.173518,0.000000,0.000000,0.000000
6.040000,1.921998,-0.000605,0.593700,-2.000000,0.000630,0.000000,-0.000315,0.000000,3.662272,-0.001148,0.550970,-2.820547,0.000889,0.083747,3.768849,-0.000508,0.531796,-2.843238,-0.000242,0.103908,0.000000,0.000000,-0.000315,-0.000106,0.001591,-0.000313,0.497241,0.497241,-0.491152,-0.491152,0.611579,0.606923,-0.387384,-0.389247,0.234832,-0.234832,0.234832,-0.234832,0.230135,-0.230885,0.229927,-0.231495,0.360125,0.172988,0.000000,0.000000,0.000000
6.052000,1.897998,-0.000597,0.593700,-1.999999,0.000630,0.000000,-0.000315,0.000000,3.628458,-0.001138,0.551963,-2.815066,0.000881,0.081800,3.734773,-0.000492,0.533103,-2.836460,0.001717,0.096495,0.000096,-0.001145,-0.000315,-0.000063,0.001423,-0.000326,0.494597,0.494597,-0.488508,-0.488508,0.608871,0.604342,-0.384606,-0.386532,0.234832,-0.234832,0.234832,-0.234832,0.230089,-0.230893,0.229892,-0.231529,0.356492,0.172539,0.000000,0.000000,0.000000
6.064000,1.873998,-0.000589,0.593700,-1.999999,0.000631,0.000000,-0.000315,0.000000,3.594698,-0.001127,0.552933,-2.811802,0.000879,0.079899,3.700841,-0.000472,0.534559,-2.824812,0.001362,0.117555,-0.000455,-0.001281,-0.000315,-0.000025,0.001111,-0.000313,0.492004,0.492004,-0.485915,-0.485915,0.606001,0.601688,-0.381863,-0.383886,0.234832,-0.234832,0.234832,-0.234832,0.230012,-0.230906,0.229829,-0.231501,0.352939,0.171981,0.000000,0.000000,0.000000
6.076000,1.849998,-0.000582,0.593700,-1.999997,0.000629,0.000000,-0.000315,0.000000,3.560978,-0.001117,0.553881,-2.807819,0.000879,0.078042,3.666881,-0.000450,0.535734,-2.826973,0.001411,0.090148,-0.000219,-0.001735,-0.000315,-0.000174,0.000782,-0.000320,0.489461,0.489461,-0.483371,-0.483371,0.603140,0.599124,-0.379149,-0.381374,0.234832,-0.234832,0.234832,-0.234832,0.230068,-0.230846,0.229889,-0.231397,0.349577,0.171603,0.000000,0.000000,0.000000
6.088000,1.825998,-0.000574,0.593700,-1.999996,0.000631,0.000000,-0.000315,0.000000,3.527337,-0.001106,0.554806,-2.799118,0.000880,0.076228,3.633049,-0.000471,0.537063,-2.817364,-0.002423,0.112166,0.000422,-0.001891,-0.000316,-0.000228,0.000453,-0.000308,0.486966,0.486966,-0.480876,-0.480876,0.600226,0.596430,-0.376404,-0.378857,0.234832,-0.234832,0.234832,-0.234832,0.230093,-0.230753,0.229938,-0.231288,0.346239,0.171262,0.000000,0.000000,0.000000
6.100000,1.801998,-0.000567,0.593700,-1.999997,0.000630,0.000000,-0.000315,0.000000,3.493774,-0.001095,0.555710,-2.795750,0.000884,0.074456,3.599229,-0.000427,0.538264,-2.816549,0.001793,0.089420,0.000090,-0.001802,-0.000316,-0.000258,0.000182,-0.000294,0.484519,0.484519,-0.478429,-0.478429,0.597339,0.593688,-0.373763,-0.376316,0.234832,-0.234832,0.234832,-0.234832,0.230070,-0.230771,0.229880,-0.231309,0.343076,0.170788,0.000000,0.000000,0.000000
6.112000,1.777998,-0.000559,0.593700,-1.999998,0.000629,0.000000,-0.000315,0.000000,3.460263,-0.001085,0.556593,-2.788925,0.000885,0.072725,3.565492,-0.000403,0.539457,-2.810842,0.000683,0.094789,-0.001246,-0.001592,-0.000315,-0.000310,-0.000035,-0.000292,0.482119,0.482119,-0.476029,-0.476029,0.594419,0.590980,-0.371009,-0.373805,0.234832,-0.234832,0.234832,-0.234832,0.230054,-0.230747,0.229903,-0.231273,0.339969,0.170292,0.000000,0.000000,0.000000
6.124000,1.753998,-0.000552,0.593700,-1.999997,0.000629,0.000000,-0.000315,0.000000,3.426848,-0.001074,0.557456,-2.782460,0.000880,0.071035,3.531899,-0.000378,0.540671,-2.799456,0.001781,0.084693,-0.000569,-0.001879,-0.000315,-0.000340,-0.000152,-0.000307,0.479765,0.479765,-0.473675,-0.473675,0.591575,0.588210,-0.368369,-0.371302,0.234832,-0.234832,0.234832,-0.234832,0.230030,-0.230680,0.229864,-0.231277,0.336830,0.169916,0.000000,0.000000,0.000000
6.136000,1.729998,-0.000544,0.593700,-1.999999,0.000630,0.000000,-0.000315,0.000000,3.393477,-0.001064,0.558298,-2.779157,0.000876,0.069384,3.498324,-0.000371,0.541801,-2.796762,0.000525,0.088673,-0.000293,-0.000972,-0.000315,-0.000335,-0.000208,-0.000309,0.477455,0.477455,-0.471366,-0.471366,0.588709,0.585418,-0.365738,-0.368789,0.234832,-0.234832,0.234832,-0.234832,0.229988,-0.230651,0.229877,-0.231270,0.334012,0.169617,0.000000,0.000000,0.000000
6.148000,1.705998,-0.000537,0.593700,-2.000000,0.000630,0.000000,-0.000315,0.000000,3.360159,-0.001053,0.559121,-2.773659,0.000877,0.067771,3.464877,-0.000357,0.542821,-2.785550,0.001977,0.076872,0.000000,0.000000,-0.000315,-0.000292,0.000001,-0.000300,0.475191,0.475191,-0.469101,-0.469101,0.585888,0.582737,-0.363227,-0.366406,0.234832,-0.234832,0.234832,-0.234832,0.229864,-0.230644,0.229846,-0.231248,0.331298,0.169351,0.000000,0.000000,0.000000
6.158000,1.685998,-0.000530,0.593700,-2.000000,0.000630,0.000000,-0.000315,0.000000,3.332459,-0.001044,0.559792,-2.767193,0.000873,0.066456,3.436979,-0.000330,0.543938,-2.788764,0.004153,0.109699,0.000000,0.000000,-0.000315,-0.000276,0.000208,-0.000312,0.473336,0.473336,-0.467247,-0.467247,0.583626,0.580526,-0.361138,-0.364411,0.234832,-0.234832,0.234832,-0.234832,0.229721,-0.230501,0.229751,-0.231277,0.328721,0.168929,0.000000,0.000000,0.000000
6.170000,1.661998,-0.000523,0.593700,-2.000000,0.000630,0.000000,-0.000315,0.000000,3.299277,-0.001034,0.560580,-2.765054,0.000867,0.064911,3.403670,-0.000310,0.544929,-2.777209,0.003346,0.060565,0.000000,0.000000,-0.000315,-0.000231,0.000446,-0.000319,0.471151,0.471151,-0.465061,-0.465061,0.581017,0.577965,-0.358497,-0.362090,0.234832,-0.234832,0.234832,-0.234832,0.229545,-0.230436,0.229748,-0.231295,0.326175,0.168615,0.000000,0.000000,0.000000
6.182000,1.637998,-0.000515,0.593700,-2.000000,0.000630,0.000000,-0.000315,0.000000,3.266119,-0.001024,0.561350,-2.761893,0.000856,0.063402,3.370372,-0.000306,0.546136,-2.774143,0.001107,0.071545,0.000000,0.000000,-0.000315,-0.000237,0.000620,-0.000340,0.469007,0.469007,-0.462917,-0.462917,0.578518,0.575325,-0.356137,-0.359774,0.234832,-0.234832,0.234832,-0.234832,0.229452,-0.230249,0.229710,-0.231280,0.323337,0.168199,0.000000,0.000000,0.000000
6.194000,1.613998,-0.000508,0.593700,-1.999999,0.000630,0.000000,-0.000315,0.000000,3.233033,-0.001013,0.562102,-2.755527,0.000850,0.061928,3.337079,-0.000298,0.547317,-2.773945,-0.000800,0.074179,0.000916,0.001040,-0.000314,-0.000206,0.000785,-0.000345,0.466904,0.466904,-0.460814,-0.460814,0.576107,0.572883,-0.353928,-0.357712,0.234832,-0.234832,0.234832,-0.234832,0.229316,-0.230156,0.229715,-0.231281,0.320696,0.167869,0.000000,0.000000,0.000000
6.206000,1.589998,-0.000500,0.593700,-1.999998,0.000630,0.000000,-0.000315,0.000000,3.200011,-0.001003,0.562837,-2.748179,0.000849,0.060489,3.303874,-0.000297,0.548249,-2.766558,-0.000667,0.092638,0.000960,0.001435,-0.000313,-0.000108,0.001048,-0.000334,0.464841,0.464841,-0.458752,-0.458752,0.573879,0.570529,-0.351888,-0.355564,0.234832,-0.234832,0.234832,-0.234832,0.229167,-0.230113,0.229688,-0.231323,0.318368,0.167603,0.000000,0.000000,0.000000
6.218000,1.565998,-0.000492,0.593700,-1.999999,0.000630,0.000000,-0.000315,0.000000,3.167077,-0.000993,0.563554,-2.740951,0.000848,0.059083,3.270817,-0.000280,0.549492,-2.751705,-0.000121,0.121614,0.000591,0.001368,-0.000314,-0.000111,0.001352,-0.000335,0.462818,0.462818,-0.456728,-0.456728,0.571700,0.568342,-0.350084,-0.353610,0.234832,-0.234832,0.234832,-0.234832,0.229039,-0.229985,0.229680,-0.231337,0.315879,0.167141,0.000000,0.000000,0.000000
6.230000,1.541998,-0.000485,0.593700,-1.999998,0.000629,0.000000,-0.000315,0.000000,3.134190,-0.000983,0.564255,-2.739312,0.000848,0.057709,3.237676,-0.000268,0.550415,-2.756053,0.001973,0.106615,0.000353,0.001555,-0.000314,0.000029,0.001637,-0.000337,0.460833,0.460833,-0.454744,-0.454744,0.569649,0.566278,-0.348361,-0.351740,0.234832,-0.234832,0.234832,-0.234832,0.228884,-0.230016,0.229613,-0.231412,0.313693,0.166823,0.000000,0.000000,0.000000
6.242000,1.517999,-0.000477,0.593700,-1.999998,0.000629,0.000000,-0.000315,0.000000,3.101335,-0.000973,0.564939,-2.736209,0.000849,0.056368,3.204613,-0.000270,0.551522,-2.754143,0.000879,0.087458,0.000717,0.001087,-0.000314,0.000179,0.001823,-0.000330,0.458887,0.458887,-0.452798,-0.452798,0.567702,0.564267,-0.346743,-0.349949,0.234832,-0.234832,0.234832,-0.234832,0.228739,-0.230015,0.229556,-0.231481,0.311455,0.166485,0.000000,0.000000,0.000000
6.254000,1.493999,-0.000470,0.593700,-1.999999,0.000630,0.000000,-0.000315,0.000000,3.068519,-0.000962,0.565608,-2.732095,0.000846,0.055058,3.171557,-0.000268,0.552206,-2.753565,-0.000623,0.069060,0.000000,0.000000,-0.000315,0.000218,0.001926,-0.000343,0.456978,0.456978,-0.450889,-0.450889,0.565928,0.562461,-0.345123,-0.348200,0.234832,-0.234832,0.234832,-0.234832,0.228703,-0.229948,0.229532,-0.231514,0.309482,0.166273,0.000000,0.000000,0.000000
6.266000,1.469999,-0.000462,0.593700,-2.000000,0.000630,0.000000,-0.000315,0.000000,3.035784,-0.000952,0.566261,-2.725086,0.000842,0.053778,3.138595,-0.000253,0.553231,-2.745736,-0.000607,0.057576,0.000000,0.000000,-0.000315,0.000340,0.001902,-0.000342,0.455108,0.455108,-0.449018,-0.449018,0.564204,0.560739,-0.343628,-0.346572,0.234832,-0.234832,0.234832,-0.234832,0.228551,-0.229988,0.229483,-0.231564,0.307290,0.165937,0.000000,0.000000,0.000000
6.278000,1.445999,-0.000455,0.593700,-2.000000,0.000630,0.000000,-0.000315,0.000000,3.003103,-0.000942,0.566899,-2.724276,0.000836,0.052869,3.105748,-0.000197,0.554497,-2.737781,0.000844,0.081428,0.000000,0.000000,-0.000315,0.000218,0.001752,-0.000373,0.453277,0.453277,-0.447188,-0.447188,0.562299,0.558953,-0.342099,-0.344943,0.234832,-0.234832,0.234832,-0.234832,0.228446,-0.229857,0.229512,-0.231539,0.305120,0.165374,0.000000,0.000000,0.000000
6.290000,1.421999,-0.000447,0.593700,-2.000000,0.000630,0.000000,-0.000315,0.000000,2.970423,-0.000932,0.567530,-2.723037,0.000823,0.053529,3.072844,-0.000194,0.555485,-2.739319,0.000481,0.071407,0.000000,0.000000,-0.000315,0.000163,0.001595,-0.000390,0.451492,0.451492,-0.445402,-0.445402,0.560548,0.557187,-0.340575,-0.343500,0.234832,-0.234832,0.234832,-0.234832,0.228490,-0.229798,0.229546,-0.231506,0.303093,0.165143,0.000000,0.000000,0.000000
6.302000,1.397999,-0.000440,0.593700,-2.000000,0.000630,0.000000,-0.000315,0.000000,2.937776,-0.000922,0.568164,-2.716838,0.000820,0.051400,3.039989,-0.000184,0.556398,-2.735538,0.000730,0.080502,0.000000,0.000000,-0.000315,0.000125,0.001440,-0.000384,0.449755,0.449755,-0.443666,-0.443666,0.558689,0.555405,-0.339014,-0.341898,0.234832,-0.234832,0.234832,-0.234832,0.228491,-0.229764,0.229580,-0.231479,0.301212,0.164839,0.000000,0.000000,0.000000
6.314000,1.373999,-0.000432,0.593700,-2.000000,0.000630,0.000000,-0.000315,0.000000,2.905219,-0.000913,0.568766,-2.708683,0.000821,0.049196,3.007263,-0.000184,0.557310,-2.722669,0.000729,0.103652,0.000207,-0.001051,-0.000315,0.000080,0.001321,-0.000365,0.448070,0.448070,-0.441981,-0.441981,0.556889,0.553597,-0.337484,-0.340371,0.234832,-0.234832,0.234832,-0.234832,0.228483,-0.229713,0.229593,-0.231390,0.299238,0.164560,0.000000,0.000000,0.000000
6.326000,1.349999,-0.000424,0.593700,-1.999997,0.000631,0.000000,-0.000315,0.000000,2.872748,-0.000903,0.569348,-2.703515,0.000823,0.047788,2.974583,-0.000168,0.558367,-2.716856,0.001017,0.114782,0.000017,-0.001627,-0.000315,0.000094,0.001036,-0.000368,0.446441,0.446441,-0.440352,-0.440352,0.555077,0.551813,-0.335878,-0.338857,0.234832,-0.234832,0.234832,-0.234832,0.228458,-0.229670,0.229519,-0.231383,0.297077,0.164177,0.000000,0.000000,0.000000
6.338000,1.325999,-0.000417,0.593700,-1.999997,0.000629,0.000000,-0.000315,0.000000,2.840299,-0.000893,0.569927,-2.704056,0.000825,0.048819,2.941892,-0.000161,0.559337,-2.717925,-0.000816,0.103837,-0.000254,-0.001882,-0.000315,0.000011,0.000678,-0.000356,0.444869,0.444869,-0.438780,-0.438780,0.553191,0.549936,-0.334281,-0.337390,0.234832,-0.234832,0.234832,-0.234832,0.228493,-0.229591,0.229562,-0.231315,0.295139,0.163851,0.000000,0.000000,0.000000
6.350000,1.301999,-0.000409,0.593700,-1.999997,0.000629,0.000000,-0.000315,0.000000,2.807860,-0.000883,0.570525,-2.699999,0.000830,0.049409,2.909247,-0.000153,0.560170,-2.717372,-0.000402,0.094006,-0.000256,-0.001853,-0.000315,-0.000171,0.000340,-0.000349,0.443353,0.443353,-0.437264,-0.437264,0.551306,0.548043,-0.332708,-0.335764,0.234832,-0.234832,0.234832,-0.234832,0.228543,-0.229474,0.229639,-0.231142,0.293279,0.163572,0.000000,0.000000,0.000000
6.362000,1.277999,-0.000402,0.593700,-1.999997,0.000629,0.000000,-0.000315,0.000000,2.775498,-0.000873,0.571092,-2.693362,0.000829,0.045486,2.876681,-0.000144,0.561023,-2.709474,-0.000423,0.084362,-0.001475,-0.001594,-0.000314,-0.000212,0.000095,-0.000352,0.441891,0.441891,-0.435801,-0.435801,0.549367,0.546118,-0.330963,-0.334159,0.234832,-0.234832,0.234832,-0.234832,0.228551,-0.229393,0.229604,-0.231087,0.291499,0.163215,0.000000,0.000000,0.000000
6.374000,1.253999,-0.000394,0.593700,-1.999997,0.000629,0.000000,-0.000315,0.000000,2.743187,-0.000863,0.571640,-2.691481,0.000831,0.045940,2.844114,-0.000143,0.561818,-2.709972,-0.000638,0.060316,-0.000970,-0.001851,-0.000315,-0.000378,-0.000022,-0.000338,0.440480,0.440480,-0.434391,-0.434391,0.547545,0.544183,-0.329376,-0.332714,0.234832,-0.234832,0.234832,-0.234832,0.228626,-0.229274,0.229699,-0.230957,0.289690,0.163030,0.000000,0.000000,0.000000
6.386000,1.229999,-0.000387,0.593700,-1.999998,0.000630,0.000000,-0.000315,0.000000,2.710918,-0.000853,0.572173,-2.685511,0.000835,0.043062,2.811608,-0.000130,0.562491,-2.705494,0.000571,0.063748,-0.000304,-0.001103,-0.000315,-0.000470,-0.000101,-0.000329,0.439119,0.439119,-0.433029,-0.433029,0.545730,0.542263,-0.327704,-0.331273,0.234832,-0.234832,0.234832,-0.234832,0.228606,-0.229209,0.229771,-0.230891,0.288161,0.162912,0.000000,0.000000,0.000000
6.398000,1.205999,-0.000379,0.593700,-1.999999,0.000629,0.000000,-0.000315,0.000000,2.678752,-0.000843,0.572679,-2.676584,0.000834,0.041384,2.779231,-0.000109,0.563301,-2.693830,0.002004,0.072792,-0.001019,-0.000405,-0.000315,-0.000505,-0.000014,-0.000331,0.437805,0.437805,-0.431716,-0.431716,0.543928,0.540372,-0.326135,-0.329817,0.234832,-0.234832,0.234832,-0.234832,0.228565,-0.229127,0.229760,-0.230889,0.286536,0.162605,0.000000,0.000000,0.000000
6.410000,1.181999,-0.000372,0.593700,-2.000000,0.000630,0.000000,-0.000315,0.000000,2.646647,-0.000833,0.573169,-2.675159,0.000835,0.040269,2.746911,-0.000117,0.564089,-2.690363,0.000516,0.059575,-0.000955,-0.000387,-0.000315,-0.000444,0.000202,-0.000331,0.436538,0.436538,-0.430448,-0.430448,0.542116,0.538570,-0.324743,-0.328488,0.234832,-0.234832,0.234832,-0.234832,0.228473,-0.229098,0.229758,-0.230870,0.284900,0.162393,0.000000,0.000000,0.000000
6.422000,1.157999,-0.000364,0.593700,-2.000000,0.000630,0.000000,-0.000315,0.000000,2.614573,-0.000823,0.573646,-2.670703,0.000831,0.039307,2.714645,-0.000114,0.564908,-2.688655,-0.000031,0.066009,0.000000,0.000000,-0.000315,-0.000427,0.000388,-0.000344,0.435315,0.435315,-0.429225,-0.429225,0.540328,0.536739,-0.323251,-0.327157,0.234832,-0.234832,0.234832,-0.234832,0.228389,-0.229000,0.229750,-0.230869,0.283413,0.162169,0.000000,0.000000,0.000000
6.432000,1.137999,-0.000358,0.593700,-2.000000,0.000630,0.000000,-0.000315,0.000000,2.587890,-0.000815,0.574036,-2.665262,0.000823,0.038541,2.687679,-0.000092,0.565213,-2.690916,0.000640,0.059783,0.000000,0.000000,-0.000315,-0.000398,0.000551,-0.000357,0.434328,0.434328,-0.428238,-0.428238,0.539033,0.535459,-0.321995,-0.325997,0.234832,-0.234832,0.234832,-0.234832,0.228346,-0.228969,0.229658,-0.230889,0.282282,0.162073,0.000000,0.000000,0.000000
6.444000,1.113999,-0.000350,0.593700,-1.999999,0.000630,0.000000,-0.000315,0.000000,2.555927,-0.000805,0.574493,-2.660860,0.000820,0.037644,2.655511,-0.000112,0.566092,-2.678771,0.000248,0.082433,0.000277,0.001290,-0.000314,-0.000305,0.000707,-0.000356,0.433182,0.433182,-0.427092,-0.427092,0.537597,0.533796,-0.320562,-0.324596,0.234832,-0.234832,0.234832,-0.234832,0.228229,-0.228928,0.229636,-0.230855,0.280711,0.161901,0.000000,0.000000,0.000000
6.456000,1.089999,-0.000343,0.593700,-2.000000,0.000630,0.000000,-0.000315,0.000000,2.524006,-0.000795,0.574939,-2.659205,0.000814,0.036769,2.623495,-0.000084,0.566741,-2.663416,0.002240,0.072973,0.000000,0.000000,-0.000315,-0.000263,0.000966,-0.000382,0.432076,0.432076,-0.425987,-0.425987,0.536369,0.532395,-0.319468,-0.323340,0.234832,-0.234832,0.234832,-0.234832,0.228089,-0.228855,0.229582,-0.230902,0.279244,0.161655,0.000000,0.000000,0.000000
6.468000,1.065999,-0.000335,0.593700,-1.999999,0.000629,0.000000,-0.000315,0.000000,2.492117,-0.000785,0.575375,-2.656126,0.000802,0.035915,2.591400,-0.000081,0.567425,-2.670341,0.000379,0.043768,0.000000,0.000000,-0.000315,-0.000140,0.001080,-0.000407,0.431009,0.431009,-0.424919,-0.424919,0.535034,0.531109,-0.318398,-0.322247,0.234832,-0.234832,0.234832,-0.234832,0.227977,-0.228867,0.229544,-0.230955,0.277994,0.161465,0.000000,0.000000,0.000000
6.480000,1.041999,-0.000327,0.593700,-1.999999,0.000630,0.000000,-0.000315,0.000000,2.460276,-0.000776,0.575801,-2.651036,0.000793,0.035080,2.559416,-0.000051,0.568046,-2.665421,0.003878,0.055027,0.000000,0.000000,-0.000315,-0.000042,0.001271,-0.000413,0.429979,0.429979,-0.423889,-0.423889,0.533886,0.530011,-0.317577,-0.321259,0.234832,-0.234832,0.234832,-0.234832,0.227809,-0.228856,0.229470,-0.231040,0.276871,0.161213,0.000000,0.000000,0.000000
6.492000,1.017999,-0.000320,0.593700,-1.999999,0.000628,0.000000,-0.000315,0.000000,2.428495,-0.000766,0.576217,-2.646243,0.000790,0.034265,2.527454,-0.000090,0.568645,-2.662206,0.000347,0.053922,0.001188,0.001142,-0.000313,0.000132,0.001460,-0.000405,0.428985,0.428985,-0.422895,-0.422895,0.533003,0.528886,-0.316825,-0.320354,0.234832,-0.234832,0.234832,-0.234832,0.227691,-0.228803,0.229431,-0.231094,0.275913,0.161179,0.000000,0.000000,0.000000
6.504000,0.993999,-0.000312,0.593700,-1.999999,0.000630,0.000000,-0.000315,0.000000,2.396757,-0.000757,0.576624,-2.643619,0.000793,0.033468,2.495568,-0.000072,0.569395,-2.655038,-0.000991,0.059566,0.000000,0.000000,-0.000315,0.000267,0.001650,-0.000398,0.428025,0.428025,-0.421936,-0.421936,0.532110,0.528007,-0.316284,-0.319614,0.234832,-0.234832,0.234832,-0.234832,0.227569,-0.228826,0.229352,-0.231179,0.274871,0.160860,0.000000,0.000000,0.000000
6.516000,0.969999,-0.000305,0.593700,-1.999999,0.000629,0.000000,-0.000315,0.000000,2.365047,-0.000747,0.577020,-2.641648,0.000796,0.032690,2.463710,-0.000065,0.570028,-2.652954,0.000207,0.051333,0.000000,0.000000,-0.000315,0.000354,0.001707,-0.000389,0.427100,0.427100,-0.421010,-0.421010,0.531322,0.527136,-0.315779,-0.318921,0.234832,-0.234832,0.234832,-0.234832,0.227494,-0.228854,0.229310,-0.231230,0.273970,0.160689,0.000000,0.000000,0.000000
6.528000,0.945999,-0.000297,0.593700,-2.000000,0.000630,0.000000,-0.000315,0.000000,2.333360,-0.000738,0.577408,-2.639805,0.000800,0.031930,2.431876,-0.000035,0.570789,-2.650797,0.001258,0.052687,0.000000,0.000000,-0.000315,0.000242,0.001615,-0.000391,0.426206,0.426206,-0.420117,-0.420117,0.530539,0.526378,-0.315313,-0.318408,0.234832,-0.234832,0.234832,-0.234832,0.227498,-0.228756,0.229351,-0.231194,0.273031,0.160431,0.000000,0.000000,0.000000
6.540000,0.921999,-0.000290,0.593700,-2.000000,0.000630,0.000000,-0.000315,0.000000,2.301696,-0.000728,0.577793,-2.638094,0.000802,0.033774,2.400103,-0.000031,0.571638,-2.646347,-0.000093,0.058781,0.000000,0.000000,-0.000315,0.000173,0.001475,-0.000383,0.425344,0.425344,-0.419255,-0.419255,0.529745,0.525574,-0.315009,-0.317917,0.234832,-0.234832,0.234832,-0.234832,0.227539,-0.228682,0.229394,-0.231152,0.272197,0.160148,0.000000,0.000000,0.000000
6.552000,0.897999,-0.000282,0.593700,-2.000000,0.000630,0.000000,-0.000315,0.000000,2.270060,-0.000718,0.578199,-2.635111,0.000802,0.034625,2.368352,-0.000012,0.572281,-2.644812,0.001062,0.047763,0.000000,0.000000,-0.000315,0.000113,0.001363,-0.000387,0.424512,0.424512,-0.418423,-0.418423,0.528954,0.524745,-0.314647,-0.317437,0.234832,-0.234832,0.234832,-0.234832,0.227549,-0.228645,0.229423,-0.231127,0.271494,0.159953,0.000000,0.000000,0.000000
6.564000,0.873999,-0.000275,0.593700,-1.999999,0.000631,0.000000,-0.000315,0.000000,2.238463,-0.000709,0.578609,-2.630574,0.000802,0.032295,2.336607,-0.000002,0.572877,-2.643650,0.001781,0.045789,0.000871,-0.001054,-0.000314,0.000144,0.001173,-0.000380,0.423709,0.423709,-0.417620,-0.417620,0.528159,0.523903,-0.314206,-0.316973,0.234832,-0.234832,0.234832,-0.234832,0.227509,-0.228642,0.229410,-0.231146,0.270715,0.159794,0.000000,0.000000,0.000000
6.576000,0.849999,-0.000267,0.593700,-1.999998,0.000631,0.000000,-0.000315,0.000000,2.206926,-0.000699,0.578980,-2.625257,0.000807,0.029687,2.304910,0.000009,0.573488,-2.640208,0.001929,0.052660,0.000506,-0.001517,-0.000315,0.000184,0.000874,-0.000355,0.422935,0.422935,-0.416845,-0.416845,0.527249,0.523086,-0.313638,-0.316484,0.234832,-0.234832,0.234832,-0.234832,0.227458,-0.228671,0.229400,-0.231161,0.269881,0.159601,0.000000,0.000000,0.000000
6.588000,0.825999,-0.000259,0.593700,-2.000000,0.000630,0.000000,-0.000315,0.000000,2.175444,-0.000689,0.579328,-2.621598,0.000812,0.028336,2.273297,0.000030,0.574121,-2.633621,0.000125,0.049961,-0.000284,-0.001213,-0.000315,0.000069,0.000618,-0.000348,0.422187,0.422187,-0.416098,-0.416098,0.526181,0.522077,-0.312980,-0.315894,0.234832,-0.234832,0.234832,-0.234832,0.227499,-0.228583,0.229437,-0.231093,0.269151,0.159339,0.000000,0.000000,0.000000
6.600000,0.801999,-0.000252,0.593700,-1.999998,0.000630,0.000000,-0.000315,0.000000,2.144002,-0.000680,0.579663,-2.618399,0.000814,0.027537,2.241713,0.000062,0.574789,-2.629039,0.001912,0.064252,-0.000280,-0.001802,-0.000315,-0.000027,0.000502,-0.000345,0.421465,0.421465,-0.415376,-0.415376,0.525156,0.521107,-0.312259,-0.315385,0.234832,-0.234832,0.234832,-0.234832,0.227510,-0.228522,0.229414,-0.231029,0.268196,0.159090,0.000000,0.000000,0.000000
6.612000,0.777999,-0.000244,0.593700,-1.999997,0.000629,0.000000,-0.000315,0.000000,2.112588,-0.000670,0.580013,-2.617229,0.000814,0.031139,2.210107,0.000071,0.575372,-2.630276,-0.000889,0.044513,-0.001240,-0.001556,-0.000315,-0.000133,0.000304,-0.000348,0.420769,0.420769,-0.414680,-0.414680,0.524046,0.520107,-0.311527,-0.314804,0.234832,-0.234832,0.234832,-0.234832,0.227565,-0.228421,0.229476,-0.230966,0.267392,0.158882,0.000000,0.000000,0.000000
6.624000,0.753999,-0.000237,0.593700,-1.999996,0.000630,0.000000,-0.000315,0.000000,2.081191,-0.000660,0.580415,-2.615243,0.000818,0.035450,2.178511,0.000071,0.575850,-2.631669,-0.000130,0.022608,-0.000493,-0.001559,-0.000315,-0.000248,0.000108,-0.000323,0.420097,0.420097,-0.414008,-0.414008,0.522983,0.519081,-0.310772,-0.314280,0.234832,-0.234832,0.234832,-0.234832,0.227606,-0.228362,0.229560,-0.230862,0.266618,0.158821,0.000000,0.000000,0.000000
6.636000,0.729999,-0.000229,0.593700,-1.999998,0.000629,0.000000,-0.000315,0.000000,2.049847,-0.000650,0.580799,-2.610020,0.000817,0.030036,2.146943,0.000097,0.576507,-2.629391,0.001020,0.031804,-0.000980,-0.001256,-0.000315,-0.000422,-0.000031,-0.000340,0.419448,0.419448,-0.413359,-0.413359,0.521859,0.517979,-0.310087,-0.313699,0.234832,-0.234832,0.234832,-0.234832,0.227678,-0.228231,0.229621,-0.230782,0.265821,0.158572,0.000000,0.000000,0.000000
6.648000,0.705999,-0.000222,0.593700,-1.999998,0.000630,0.000000,-0.000315,0.000000,2.018565,-0.000641,0.581134,-2.603896,0.000813,0.026119,2.115428,0.000080,0.576833,-2.623789,0.000398,0.039205,-0.000314,-0.001113,-0.000315,-0.000432,-0.000098,-0.000339,0.418823,0.418823,-0.412733,-0.412733,0.520941,0.516891,-0.309331,-0.313035,0.234832,-0.234832,0.234832,-0.234832,0.227677,-0.228159,0.229661,-0.230743,0.265119,0.158561,0.000000,0.000000,0.000000
6.660000,0.681999,-0.000214,0.593700,-2.000000,0.000630,0.000000,-0.000315,0.000000,1.987366,-0.000631,0.581436,-2.595708,0.000811,0.024347,2.084079,0.000084,0.577197,-2.611634,-0.002207,0.039092,0.000000,0.000000,-0.000315,-0.000519,-0.000080,-0.000339,0.418219,0.418219,-0.412129,-0.412129,0.519898,0.515925,-0.308552,-0.312309,0.234832,-0.234832,0.234832,-0.234832,0.227646,-0.228056,0.229735,-0.230643,0.264413,0.158499,0.000000,0.000000,0.000000
6.672000,0.657999,-0.000207,0.593700,-2.000000,0.000630,0.000000,-0.000315,0.000000,1.956239,-0.000621,0.581722,-2.593559,0.000805,0.023524,2.052783,0.000086,0.577778,-2.607869,-0.005453,0.033929,0.000000,0.000000,-0.000315,-0.000645,0.000035,-0.000361,0.417636,0.417636,-0.411546,-0.411546,0.518763,0.514911,-0.307807,-0.311548,0.234832,-0.234832,0.234832,-0.234832,0.227667,-0.227843,0.229792,-0.230567,0.263521,0.158294,0.000000,0.000000,0.000000
6.682000,0.637999,-0.000200,0.593700,-2.000000,0.000630,0.000000,-0.000315,0.000000,1.930312,-0.000613,0.581955,-2.592592,0.000803,0.023026,2.026693,0.000094,0.578248,-2.605093,-0.000151,0.052567,0.000000,0.000000,-0.000315,-0.000543,0.000210,-0.000360,0.417166,0.417166,-0.411076,-0.411076,0.517912,0.513992,-0.307148,-0.311012,0.234832,-0.234832,0.234832,-0.234832,0.227517,-0.227839,0.229737,-0.230628,0.262886,0.158195,0.000000,0.000000,0.000000
6.694000,0.613999,-0.000193,0.593700,-2.000000,0.000630,0.000000,-0.000315,0.000000,1.899213,-0.000603,0.582228,-2.590446,0.000804,0.022484,1.995333,0.000098,0.578672,-2.610868,0.000027,0.024866,0.000000,0.000000,-0.000315,-0.000451,0.000434,-0.000352,0.416619,0.416619,-0.410530,-0.410530,0.517071,0.513092,-0.306532,-0.310362,0.234832,-0.234832,0.234832,-0.234832,0.227431,-0.227860,0.229692,-0.230662,0.262196,0.158057,0.000000,0.000000,0.000000
6.706000,0.589999,-0.000185,0.593700,-2.000000,0.000630,0.000000,-0.000315,0.000000,1.868145,-0.000594,0.582498,-2.586102,0.000804,0.022183,1.964124,0.000101,0.578956,-2.603995,-0.000230,0.035600,-0.000305,0.001138,-0.000315,-0.000455,0.000586,-0.000351,0.416093,0.416093,-0.410003,-0.410003,0.516363,0.512183,-0.305950,-0.309692,0.234832,-0.234832,0.234832,-0.234832,0.227384,-0.227773,0.229699,-0.230663,0.261644,0.158001,0.000000,0.000000,0.000000
6.718000,0.565999,-0.000178,0.593700,-1.999999,0.000630,0.000000,-0.000315,0.000000,1.837146,-0.000584,0.582760,-2.580075,0.000801,0.021507,1.932949,0.000109,0.579403,-2.597819,-0.000109,0.043202,0.000320,0.001192,-0.000314,-0.000396,0.000763,-0.000362,0.415584,0.415584,-0.409495,-0.409495,0.515805,0.511349,-0.305322,-0.309100,0.234832,-0.234832,0.234832,-0.234832,0.227292,-0.227701,0.229635,-0.230694,0.260951,0.157887,0.000000,0.000000,0.000000
6.730000,0.541999,-0.000170,0.593700,-2.000000,0.000630,0.000000,-0.000315,0.000000,1.806195,-0.000575,0.583015,-2.578634,0.000799,0.020956,1.901836,0.000118,0.579779,-2.591646,0.000842,0.025942,0.000941,0.000488,-0.000314,-0.000360,0.001028,-0.000354,0.415093,0.415093,-0.409004,-0.409004,0.515403,0.510663,-0.304791,-0.308645,0.234832,-0.234832,0.234832,-0.234832,0.227227,-0.227666,0.229613,-0.230729,0.260290,0.157778,0.000000,0.000000,0.000000
6.742000,0.517999,-0.000162,0.593700,-1.999998,0.000630,0.000000,-0.000315,0.000000,1.775266,-0.000565,0.583263,-2.576763,0.000802,0.020458,1.870732,0.000129,0.580320,-2.590427,0.001938,0.034264,0.000429,0.001076,-0.000314,-0.000117,0.001214,-0.000351,0.414620,0.414620,-0.408530,-0.408530,0.514882,0.510036,-0.304410,-0.308169,0.234832,-0.234832,0.234832,-0.234832,0.227022,-0.227785,0.229494,-0.230861,0.259750,0.157605,0.000000,0.000000,0.000000
6.754000,0.493999,-0.000155,0.593700,-1.999998,0.000629,0.000000,-0.000315,0.000000,1.744367,-0.000555,0.583506,-2.572738,0.000799,0.019980,1.839684,0.000108,0.580837,-2.583433,-0.002116,0.074752,0.001270,0.000991,-0.000313,0.000016,0.001396,-0.000358,0.414163,0.414163,-0.408073,-0.408073,0.514599,0.509582,-0.304163,-0.307931,0.234832,-0.234832,0.234832,-0.234832,0.226954,-0.227750,0.229431,-0.230905,0.259194,0.157555,0.000000,0.000000,0.000000
6.766000,0.469999,-0.000147,0.593700,-1.999999,0.000630,0.000000,-0.000315,0.000000,1.713507,-0.000546,0.583743,-2.569380,0.000800,0.019515,1.808730,0.000163,0.581022,-2.578951,0.001475,0.036618,0.000000,0.000000,-0.000315,0.000062,0.001497,-0.000347,0.413721,0.413721,-0.407632,-0.407632,0.514335,0.509181,-0.304009,-0.307020,0.234832,-0.234832,0.234832,-0.234832,0.226872,-0.227781,0.229379,-0.231066,0.258715,0.157365,0.000000,0.000000,0.000000
6.778000,0.445999,-0.000140,0.593700,-1.999999,0.000630,0.000000,-0.000315,0.000000,1.682687,-0.000536,0.583974,-2.566898,0.000800,0.019062,1.777812,0.000183,0.581360,-2.577003,0.002314,0.008560,0.001645,0.000887,-0.000312,0.000111,0.001524,-0.000352,0.413296,0.413296,-0.407206,-0.407206,0.514140,0.508816,-0.303890,-0.306591,0.234832,-0.234832,0.234832,-0.234832,0.226807,-0.227807,0.229357,-0.231125,0.258338,0.157366,0.000000,0.000000,0.000000
6.790000,0.421999,-0.000132,0.593700,-2.000000,0.000630,0.000000,-0.000315,0.000000,1.651904,-0.000527,0.584200,-2.564495,0.000799,0.018619,1.746873,0.000220,0.581853,-2.574075,0.003076,0.024245,0.000936,0.000708,-0.000313,0.000274,0.001524,-0.000354,0.412885,0.412885,-0.406796,-0.406796,0.514011,0.508518,-0.303896,-0.306312,0.234832,-0.234832,0.234832,-0.234832,0.226608,-0.227892,0.229262,-0.231236,0.257955,0.157138,0.000000,0.000000,0.000000
6.802000,0.397999,-0.000125,0.593700,-2.000000,0.000630,0.000000,-0.000315,0.000000,1.621136,-0.000517,0.584434,-2.564716,0.000796,0.024333,1.716082,0.000239,0.582387,-2.566229,0.002151,0.016008,0.000000,0.000000,-0.000315,0.000287,0.001474,-0.000370,0.412488,0.412488,-0.406399,-0.406399,0.513757,0.508209,-0.304040,-0.306217,0.234832,-0.234832,0.234832,-0.234832,0.226592,-0.227896,0.229247,-0.231257,0.257662,0.156931,0.000000,0.000000,0.000000
6.814000,0.373999,-0.000117,0.593700,-2.000000,0.000630,0.000000,-0.000315,0.000000,1.590366,-0.000507,0.584750,-2.563481,0.000791,0.027684,1.685316,0.000239,0.582932,-2.562549,0.000792,0.031072,0.000000,0.000000,-0.000315,0.000211,0.001348,-0.000382,0.412104,0.412104,-0.406014,-0.406014,0.513358,0.507842,-0.304168,-0.306310,0.234832,-0.234832,0.234832,-0.234832,0.226651,-0.227806,0.229295,-0.231213,0.257431,0.156810,0.000000,0.000000,0.000000
6.826000,0.349999,-0.000110,0.593700,-2.000000,0.000630,0.000000,-0.000315,0.000000,1.559627,-0.000498,0.585057,-2.559658,0.000789,0.023357,1.654574,0.000247,0.583324,-2.562316,0.000621,0.029588,0.000000,0.000000,-0.000315,0.000143,0.001238,-0.000374,0.411731,0.411731,-0.405642,-0.405642,0.512876,0.507441,-0.304374,-0.306373,0.234832,-0.234832,0.234832,-0.234832,0.226700,-0.227765,0.229337,-0.231172,0.257277,0.156666,0.000000,0.000000,0.000000
6.838000,0.325999,-0.000102,0.593700,-2.000000,0.000630,0.000000,-0.000315,0.000000,1.528939,-0.000489,0.585304,-2.555061,0.000789,0.018352,1.623802,0.000256,0.583877,-2.562369,0.000500,0.044839,0.000000,0.000000,-0.000315,0.000091,0.001161,-0.000372,0.411371,0.411371,-0.405281,-0.405281,0.512283,0.507060,-0.304409,-0.306468,0.234832,-0.234832,0.234832,-0.234832,0.226719,-0.227728,0.229376,-0.231136,0.257008,0.156484,0.000000,0.000000,0.000000
6.850000,0.301999,-0.000094,0.593700,-1.999998,0.000630,0.000000,-0.000315,0.000000,1.498301,-0.000479,0.585511,-2.551551,0.000789,0.016476,1.593026,0.000271,0.584220,-2.562250,0.001150,0.051071,-0.000298,-0.001242,-0.000315,0.000019,0.001002,-0.000371,0.411023,0.411023,-0.404934,-0.404934,0.511697,0.506705,-0.304243,-0.306412,0.234832,-0.234832,0.234832,-0.234832,0.226758,-0.227696,0.229419,-0.231099,0.256700,0.156375,0.000000,0.000000,0.000000
6.862000,0.277999,-0.000087,0.593700,-1.999999,0.000630,0.000000,-0.000315,0.000000,1.467700,-0.000470,0.585711,-2.547917,0.000788,0.016251,1.562289,0.000277,0.584671,-2.558151,0.001062,0.062531,-0.000001,-0.001167,-0.000315,-0.000045,0.000735,-0.000368,0.410687,0.410687,-0.404597,-0.404597,0.511095,0.506218,-0.304001,-0.306313,0.234832,-0.234832,0.234832,-0.234832,0.226781,-0.227636,0.229457,-0.231050,0.256366,0.156274,0.000000,0.000000,0.000000
6.874000,0.253999,-0.000079,0.593700,-1.999998,0.000630,0.000000,-0.000315,0.000000,1.437127,-0.000460,0.585937,-2.547379,0.000790,0.021421,1.531559,0.000289,0.585103,-2.558810,-0.000413,0.048657,-0.000517,-0.001350,-0.000315,-0.000098,0.000597,-0.000365,0.410357,0.410357,-0.404268,-0.404268,0.510446,0.505713,-0.303779,-0.306280,0.234832,-0.234832,0.234832,-0.234832,0.226808,-0.227580,0.229477,-0.231015,0.256033,0.156114,0.000000,0.000000,0.000000
6.886000,0.229999,-0.000072,0.593700,-1.999998,0.000629,0.000000,-0.000315,0.000000,1.406561,-0.000451,0.586241,-2.546085,0.000791,0.026494,1.500840,0.000302,0.585431,-2.558402,-0.000241,0.029672,-0.000998,-0.001241,-0.000315,-0.000209,0.000384,-0.000358,0.410029,0.410029,-0.403939,-0.403939,0.509759,0.505166,-0.303436,-0.306148,0.234832,-0.234832,0.234832,-0.234832,0.226846,-0.227515,0.229546,-0.230932,0.255740,0.155971,0.000000,0.000000,0.000000
6.898000,0.205999,-0.000064,0.593700,-1.999997,0.000629,0.000000,-0.000315,0.000000,1.376035,-0.000441,0.586518,-2.541711,0.000788,0.020305,1.470151,0.000324,0.585764,-2.557037,0.001414,0.017914,-0.000881,-0.001415,-0.000315,-0.000314,0.000187,-0.000372,0.409706,0.409706,-0.403617,-0.403617,0.509110,0.504545,-0.303128,-0.305900,0.234832,-0.234832,0.234832,-0.234832,0.226886,-0.227429,0.229562,-0.230880,0.255364,0.155849,0.000000,0.000000,0.000000
6.910000,0.181999,-0.000057,0.593700,-1.999999,0.000629,0.000000,-0.000315,0.000000,1.345569,-0.000432,0.586727,-2.535949,0.000784,0.015259,1.439456,0.000329,0.585987,-2.556187,0.000908,0.022909,-0.000635,-0.001151,-0.000315,-0.000471,0.000074,-0.000376,0.409397,0.409397,-0.403307,-0.403307,0.508503,0.503936,-0.302653,-0.305610,0.234832,-0.234832,0.234832,-0.234832,0.226980,-0.227304,0.229641,-0.230776,0.255010,0.155817,0.000000,0.000000,0.000000
6.922000,0.157999,-0.000049,0.593700,-1.999999,0.000629,0.000000,-0.000315,0.000000,1.315167,-0.000422,0.586898,-2.531052,0.000783,0.013621,1.408893,0.000327,0.586326,-2.546534,0.001043,0.027042,-0.000372,-0.001087,-0.000315,-0.000504,0.000077,-0.000371,0.409107,0.409107,-0.403018,-0.403018,0.507929,0.503259,-0.302124,-0.305308,0.234832,-0.234832,0.234832,-0.234832,0.226972,-0.227206,0.229651,-0.230740,0.254531,0.155740,0.000000,0.000000,0.000000
6.932000,0.137999,-0.000043,0.593700,-2.000000,0.000630,0.000000,-0.000315,0.000000,1.289859,-0.000415,0.587036,-2.530814,0.000785,0.014233,1.383397,0.000322,0.586582,-2.547724,0.000399,0.015450,0.000000,0.000000,-0.000315,-0.000448,0.000154,-0.000364,0.408875,0.408875,-0.402785,-0.402785,0.507406,0.502683,-0.301739,-0.305037,0.234832,-0.234832,0.234832,-0.234832,0.226921,-0.227207,0.229643,-0.230747,0.254222,0.155710,0.000000,0.000000,0.000000
6.944000,0.113999,-0.000035,0.593700,-2.000000,0.000630,0.000000,-0.000315,0.000000,1.259506,-0.000405,0.587202,-2.528069,0.000787,0.013378,1.352849,0.000315,0.586817,-2.545187,-0.001469,0.007996,0.000000,0.000000,-0.000315,-0.000464,0.000278,-0.000357,0.408591,0.408591,-0.402502,-0.402502,0.506894,0.501997,-0.301210,-0.304701,0.234832,-0.234832,0.234832,-0.234832,0.226900,-0.227146,0.229680,-0.230699,0.253824,0.155652,0.000000,0.000000,0.000000
6.956000,0.089999,-0.000028,0.593700,-2.000000,0.000630,0.000000,-0.000315,0.000000,1.229200,-0.000396,0.587358,-2.523421,0.000785,0.012629,1.322360,0.000371,0.586902,-2.541066,0.002761,-0.005559,-0.001105,-0.000153,-0.000315,-0.000512,0.000399,-0.000363,0.408316,0.408316,-0.402227,-0.402227,0.506444,0.501420,-0.300670,-0.304195,0.234832,-0.234832,0.234832,-0.234832,0.226861,-0.227077,0.229589,-0.230741,0.253432,0.155514,0.000000,0.000000,0.000000
6.968000,0.065999,-0.000020,0.593700,-2.000000,0.000630,0.000000,-0.000315,0.000000,1.198951,-0.000386,0.587506,-2.518596,0.000785,0.012198,1.291884,0.000373,0.587256,-2.536472,0.001586,0.016235,0.000000,0.000000,-0.000315,-0.000580,0.000515,-0.000356,0.408061,0.408061,-0.401972,-0.401972,0.506032,0.500806,-0.300190,-0.303683,0.234832,-0.234832,0.234832,-0.234832,0.226874,-0.226998,0.229643,-0.230685,0.252911,0.155463,0.000000,0.000000,0.000000
6.980000,0.041999,-0.000013,0.593700,-2.000000,0.000630,0.000000,-0.000315,0.000000,1.168739,-0.000377,0.587652,-2.517088,0.000787,0.012163,1.261482,0.000350,0.587382,-2.531807,-0.001579,0.003740,0.000000,0.000000,-0.000315,-0.000492,0.000691,-0.000346,0.407822,0.407822,-0.401732,-0.401732,0.505774,0.500333,-0.299912,-0.303212,0.234832,-0.234832,0.234832,-0.234832,0.226825,-0.226991,0.229644,-0.230689,0.252564,0.155510,0.000000,0.000000,0.000000
6.992000,0.017999,-0.000005,0.593700,-2.000000,0.000630,0.000000,-0.000315,0.000000,1.138551,-0.000367,0.587796,-2.513607,0.000788,0.011750,1.231194,0.000370,0.587614,-2.523492,0.000568,0.016121,0.000000,0.000000,-0.000315,-0.000421,0.000802,-0.000345,0.407584,0.407584,-0.401494,-0.401494,0.505454,0.500030,-0.299684,-0.302948,0.234832,-0.234832,0.234832,-0.234832,0.226700,-0.227004,0.229605,-0.230739,0.252239,0.155457,0.000000,0.000000,0.000000
7.004000,-0.000001,0.000001,0.593700,0.000000,0.000000,0.000000,-0.000315,0.000000,1.108427,-0.000358,0.587934,-2.501674,0.000802,0.011156,1.200916,0.000346,0.587949,-2.522964,-0.001875,0.021899,0.001074,0.000671,-0.000314,-0.000235,0.000912,-0.000343,0.407358,0.407358,-0.401269,-0.401269,0.505267,0.499624,-0.299649,-0.302764,0.234832,-0.234832,0.234832,-0.234832,0.226554,-0.227012,0.229548,-0.230806,0.252031,0.155460,0.000000,0.000000,0.000000
7.016000,-0.000001,0.000001,0.593700,0.000000,0.000000,0.000000,-0.000315,0.000000,1.078583,-0.000348,0.588064,-2.472283,0.000820,0.010574,1.170780,0.000394,0.588260,-2.505906,0.000541,0.039884,0.000000,0.000000,-0.000315,-0.000169,0.001119,-0.000342,0.407173,0.407173,-0.401083,-0.401083,0.505032,0.499463,-0.299558,-0.302650,0.234832,-0.234832,0.234832,-0.234832,0.226409,-0.227057,0.229482,-0.230883,0.251877,0.155273,0.000000,0.000000,0.000000
7.028000,-0.000001,0.000001,0.593700,0.000000,0.000000,0.000000,-0.000315,0.000000,1.049096,-0.000338,0.588182,-2.442316,0.000802,0.009153,1.140846,0.000368,0.588357,-2.492202,-0.001419,0.006731,0.000371,0.001072,-0.000314,-0.000006,0.001304,-0.000325,0.407038,0.407038,-0.400949,-0.400949,0.505005,0.499143,-0.299430,-0.302377,0.234832,-0.234832,0.234832,-0.234832,0.226336,-0.227081,0.229427,-0.230953,0.251749,0.155298,0.000000,0.000000,0.000000
7.040000,-0.000001,0.000001,0.593700,0.000000,0.000000,0.000000,-0.000315,0.000000,1.019964,-0.000329,0.588291,-2.413117,0.000783,0.009095,1.111375,0.000400,0.588605,-2.456623,0.000180,0.018649,0.000000,0.000000,-0.000315,0.000106,0.001435,-0.000331,0.406956,0.406956,-0.400867,-0.400867,0.504631,0.499020,-0.299272,-0.302040,0.234832,-0.234832,0.234832,-0.234832,0.226140,-0.227115,0.229363,-0.231031,0.251438,0.155149,0.000000,0.000000,0.000000
7.052000,-0.000001,0.000001,0.593700,0.000000,0.000000,0.000000,-0.000315,0.000000,0.991179,-0.000319,0.588399,-2.384257,0.000795,0.008404,1.082205,0.000434,0.588944,-2.432530,0.001541,0.015594,0.000000,0.000000,-0.000315,0.000047,0.001396,-0.000351,0.406917,0.406917,-0.400828,-0.400828,0.503944,0.498853,-0.299073,-0.301761,0.234832,-0.234832,0.234832,-0.234832,0.226051,-0.227012,0.229376,-0.231027,0.251015,0.155032,0.000000,0.000000,0.000000
7.064000,-0.000001,0.000001,0.593700,0.000000,0.000000,0.000000,-0.000315,0.000000,0.962748,-0.000310,0.588484,-2.354643,0.000810,0.007059,1.053437,0.000430,0.589289,-2.399748,0.000254,0.058392,0.000000,0.000000,-0.000315,0.000012,0.001294,-0.000366,0.406927,0.406927,-0.400837,-0.400837,0.503026,0.498383,-0.298880,-0.301402,0.234832,-0.234832,0.234832,-0.234832,0.225970,-0.226806,0.229401,-0.231015,0.250618,0.154900,0.000000,0.000000,0.000000
7.076000,-0.000001,0.000001,0.593700,0.000000,0.000000,0.000000,-0.000315,0.000000,0.934679,-0.000300,0.588530,-2.323758,0.000810,0.001516,1.024415,0.000440,0.589523,-2.402221,0.002631,0.033162,0.000000,0.000000,-0.000315,0.000013,0.001341,-0.000360,0.406989,0.406989,-0.400900,-0.400900,0.502395,0.498026,-0.298700,-0.301186,0.234832,-0.234832,0.234832,-0.234832,0.225941,-0.226795,0.229403,-0.231020,0.250435,0.154842,0.000000,0.000000,0.000000
7.088000,-0.000001,0.000001,0.593700,0.000000,0.000000,0.000000,-0.000315,0.000000,0.906988,-0.000290,0.588478,-2.291891,0.000784,-0.008106,0.995761,0.000440,0.589628,-2.376042,0.000598,0.019281,0.000000,0.000000,-0.000315,-0.000014,0.001360,-0.000340,0.407108,0.407108,-0.401019,-0.401019,0.502068,0.497714,-0.298446,-0.300792,0.234832,-0.234832,0.234832,-0.234832,0.225936,-0.226730,0.229439,-0.230996,0.250094,0.154790,0.000000,0.000000,0.000000
7.100000,-0.000001,0.000001,0.593700,0.000000,0.000000,0.000000,-0.000315,0.000000,0.879667,-0.000281,0.588358,-2.261779,0.000741,-0.010884,0.967427,0.000445,0.589716,-2.349518,0.000585,0.010864,0.000000,0.000000,-0.000315,-0.000032,0.001349,-0.000311,0.407282,0.407282,-0.401193,-0.401193,0.501871,0.497325,-0.298107,-0.300488,0.234832,-0.234832,0.234832,-0.234832,0.225913,-0.226688,0.229462,-0.230984,0.249732,0.154762,0.000000,0.000000,0.000000
7.112000,-0.000001,0.000001,0.593700,0.000000,0.000000,0.000000,-0.000315,0.000000,0.852707,-0.000273,0.588209,-2.231345,0.000693,-0.015136,0.939395,0.000459,0.589954,-2.330150,0.001020,0.001355,0.000000,0.000000,-0.000315,-0.000045,0.001356,-0.000285,0.407511,0.407511,-0.401422,-0.401422,0.501487,0.496868,-0.297919,-0.300317,0.234832,-0.234832,0.234832,-0.234832,0.225865,-0.226671,0.229474,-0.230978,0.249425,0.154677,0.000000,0.000000,0.000000
7.124000,-0.000001,0.000001,0.593700,0.000000,0.000000,0.000000,-0.000315,0.000000,0.826116,-0.000265,0.587991,-2.200525,0.000626,-0.021043,0.911667,0.000475,0.590008,-2.309594,0.000976,-0.003825,0.000000,0.000000,-0.000315,-0.000060,0.001349,-0.000236,0.407795,0.407795,-0.401705,-0.401705,0.500957,0.496612,-0.297720,-0.300162,0.234832,-0.234832,0.234832,-0.234832,0.225804,-0.226665,0.229496,-0.230966,0.249166,0.154619,0.000000,0.000000,0.000000
7.136000,-0.000001,0.000001,0.593700,0.000000,0.000000,0.000000,-0.000315,0.000000,0.799889,-0.000258,0.587726,-2.170461,0.000569,-0.023996,0.884459,0.000482,0.590148,-2.277366,0.001032,-0.019921,0.000000,0.000000,-0.000315,-0.000076,0.001339,-0.000217,0.408133,0.408133,-0.402044,-0.402044,0.500278,0.496082,-0.297583,-0.299981,0.234832,-0.234832,0.234832,-0.234832,0.225753,-0.226603,0.229507,-0.230965,0.249046,0.154531,0.000000,0.000000,0.000000
7.148000,-0.000001,0.000001,0.593700,0.000000,0.000000,0.000000,-0.000315,0.000000,0.774022,-0.000251,0.587426,-2.140692,0.000542,-0.025776,0.857457,0.000493,0.590229,-2.246025,0.000742,0.011235,0.000000,0.000000,-0.000315,-0.000070,0.001348,-0.000224,0.408526,0.408526,-0.402436,-0.402436,0.499553,0.495746,-0.297474,-0.300023,0.234832,-0.234832,0.234832,-0.234832,0.225692,-0.226573,0.229508,-0.230964,0.249007,0.154527,0.000000,0.000000,0.000000
7.160000,-0.000001,0.000001,0.593700,0.000000,0.000000,0.000000,-0.000315,0.000000,0.748512,-0.000244,0.587106,-2.110699,0.000553,-0.028481,0.830871,0.000500,0.590406,-2.213358,-0.001359,0.001802,0.000000,0.000000,-0.000315,-0.000104,0.001318,-0.000249,0.408972,0.408972,-0.402883,-0.402883,0.498877,0.495288,-0.297645,-0.300272,0.234832,-0.234832,0.234832,-0.234832,0.225680,-0.226473,0.229505,-0.230949,0.249121,0.154452,0.000000,0.000000,0.000000
7.172000,-0.000001,0.000001,0.593700,0.000000,0.000000,0.000000,-0.000315,0.000000,0.723370,-0.000238,0.586724,-2.079756,0.000567,-0.034877,0.804788,0.000525,0.590485,-2.168849,0.000998,0.006768,0.000000,0.000000,-0.000315,-0.000107,0.001293,-0.000259,0.409473,0.409473,-0.403384,-0.403384,0.497989,0.494774,-0.297904,-0.300554,0.234832,-0.234832,0.234832,-0.234832,0.225573,-0.226424,0.229491,-0.230966,0.249291,0.154375,0.000000,0.000000,0.000000
7.182000,-0.000001,0.000001,0.593700,0.000000,0.000000,0.000000,-0.000315,0.000000,0.702700,-0.000232,0.586353,-2.054400,0.000578,-0.038383,0.783028,0.000518,0.590480,-2.153478,-0.001537,0.008932,0.000000,0.000000,-0.000315,-0.000113,0.001313,-0.000266,0.409933,0.409933,-0.403844,-0.403844,0.497481,0.494263,-0.298181,-0.300888,0.234832,-0.234832,0.234832,-0.234832,0.225575,-0.226318,0.229486,-0.230970,0.249765,0.154348,0.000000,0.000000,0.000000
7.194000,-0.000001,0.000001,0.593700,0.000000,0.000000,0.000000,-0.000315,0.000000,0.678232,-0.000225,0.585863,-2.023793,0.000551,-0.043170,0.757113,0.000533,0.590413,-2.134753,0.002436,-0.005373,0.000000,0.000000,-0.000315,-0.000122,0.001300,-0.000241,0.410535,0.410535,-0.404446,-0.404446,0.497382,0.493424,-0.298405,-0.301314,0.234832,-0.234832,0.234832,-0.234832,0.225496,-0.226302,0.229492,-0.230968,0.250142,0.154378,0.000000,0.000000,0.000000
7.206000,-0.000001,0.000001,0.593700,0.000000,0.000000,0.000000,-0.000315,0.000000,0.654124,-0.000219,0.585323,-1.994141,0.000545,-0.047551,0.731399,0.000536,0.590312,-2.122482,0.000918,-0.000564,0.000000,0.000000,-0.000315,-0.000119,0.001270,-0.000256,0.411189,0.411189,-0.405099,-0.405099,0.497334,0.492882,-0.298555,-0.301682,0.234832,-0.234832,0.234832,-0.234832,0.225471,-0.226248,0.229492,-0.230975,0.250295,0.154377,0.000000,0.000000,0.000000
7.218000,-0.000001,0.000001,0.593700,0.000000,0.000000,0.000000,-0.000315,0.000000,0.630369,-0.000212,0.584697,-1.965299,0.000545,-0.056694,0.707500,0.000559,0.590248,-1.977330,0.001580,0.019670,0.000000,0.000000,-0.000315,-0.000116,0.001188,-0.000264,0.411874,0.411874,-0.405785,-0.405785,0.496792,0.491946,-0.298896,-0.302078,0.234832,-0.234832,0.234832,-0.234832,0.225237,-0.226063,0.229478,-0.230994,0.251028,0.154324,0.000000,0.000000,0.000000
7.230000,-0.000001,0.000001,0.593700,0.000000,0.000000,0.000000,-0.000315,0.000000,0.606962,-0.000205,0.584017,-1.935777,0.000560,-0.056537,0.682819,0.000576,0.590057,-2.012229,0.001755,-0.011697,0.000000,0.000000,-0.000315,-0.000099,0.001177,-0.000280,0.412596,0.412596,-0.406507,-0.406507,0.495564,0.490861,-0.299453,-0.302683,0.234832,-0.234832,0.234832,-0.234832,0.225146,-0.226026,0.229469,-0.231011,0.251598,0.154362,0.000000,0.000000,0.000000
7.242000,-0.000001,0.000001,0.593700,0.000000,0.000000,0.000000,-0.000315,0.000000,0.583914,-0.000199,0.583324,-1.905428,0.000592,-0.059333,0.658635,0.000574,0.589955,-2.008447,-0.000444,-0.025016,0.000000,0.000000,-0.000315,-0.000110,0.001190,-0.000311,0.413372,0.413372,-0.407283,-0.407283,0.494260,0.490201,-0.300061,-0.303434,0.234832,-0.234832,0.234832,-0.234832,0.225082,-0.225851,0.229460,-0.231027,0.252012,0.154394,0.000000,0.000000,0.000000
7.254000,-0.000001,0.000001,0.593700,0.000000,0.000000,0.000000,-0.000315,0.000000,0.561231,-0.000191,0.582599,-1.874918,0.000588,-0.062400,0.634678,0.000593,0.589843,-1.982596,0.001528,-0.014263,0.000000,0.000000,-0.000315,-0.000108,0.001236,-0.000305,0.414203,0.414203,-0.408113,-0.408113,0.493522,0.489547,-0.300865,-0.304185,0.234832,-0.234832,0.234832,-0.234832,0.224971,-0.225784,0.229438,-0.231029,0.253074,0.154406,0.000000,0.000000,0.000000
7.266000,-0.000001,0.000001,0.593700,0.000000,0.000000,0.000000,-0.000315,0.000000,0.538913,-0.000184,0.581839,-1.844682,0.000577,-0.064020,0.610839,0.000614,0.589558,-1.958330,0.003914,-0.027733,0.000897,-0.000580,-0.000314,-0.000112,0.001228,-0.000299,0.415088,0.415088,-0.408999,-0.408999,0.493422,0.489507,-0.301737,-0.304810,0.234832,-0.234832,0.234832,-0.234832,0.224905,-0.225728,0.229418,-0.231072,0.253770,0.154396,0.000000,0.000000,0.000000
7.278000,-0.000001,0.000001,0.593700,0.000000,0.000000,0.000000,-0.000315,0.000000,0.516953,-0.000178,0.581046,-1.815688,0.000552,-0.065473,0.587532,0.000655,0.589141,-1.954963,0.002709,-0.032314,0.000000,0.000000,-0.000315,-0.000107,0.001153,-0.000282,0.416019,0.416019,-0.409929,-0.409929,0.492970,0.489094,-0.302499,-0.304955,0.234832,-0.234832,0.234832,-0.234832,0.224792,-0.225633,0.229435,-0.231232,0.254363,0.154488,0.000000,0.000000,0.000000
7.290000,-0.000001,0.000001,0.593700,0.000000,0.000000,0.000000,-0.000315,0.000000,0.495338,-0.000171,0.580288,-1.786904,0.000521,-0.060654,0.564798,0.000643,0.588992,-1.896440,0.000182,-0.003792,0.000000,0.000000,-0.000315,-0.000148,0.001149,-0.000254,0.416996,0.416996,-0.410907,-0.410907,0.493183,0.488588,-0.303433,-0.305669,0.234832,-0.234832,0.234832,-0.234832,0.224750,-0.225436,0.229471,-0.231238,0.255170,0.154592,0.000000,0.000000,0.000000
7.302000,-0.000001,0.000001,0.593700,0.000000,0.000000,0.000000,-0.000315,0.000000,0.474080,-0.000165,0.579541,-1.755848,0.000493,-0.064328,0.542355,0.000681,0.588731,-1.858558,0.003962,-0.011743,0.000000,0.000000,-0.000315,-0.000152,0.001156,-0.000258,0.418028,0.418028,-0.411938,-0.411938,0.493246,0.488098,-0.304459,-0.306443,0.234832,-0.234832,0.234832,-0.234832,0.224567,-0.225384,0.229469,-0.231264,0.256345,0.154617,0.000000,0.000000,0.000000
7.314000,-0.000001,0.000001,0.593700,0.000000,0.000000,0.000000,-0.000315,0.000000,0.453200,-0.000159,0.578734,-1.724135,0.000517,-0.070096,0.519696,0.000696,0.588393,-1.855620,0.001603,-0.038780,0.000000,0.000000,-0.000315,-0.000146,0.001137,-0.000310,0.419115,0.419115,-0.413026,-0.413026,0.493432,0.488579,-0.305671,-0.307591,0.234832,-0.234832,0.234832,-0.234832,0.224528,-0.225322,0.229455,-0.231291,0.257448,0.154702,0.000000,0.000000,0.000000
7.326000,-0.000001,0.000001,0.593700,0.000000,0.000000,0.000000,-0.000315,0.000000,0.432695,-0.000153,0.577851,-1.693434,0.000547,-0.075178,0.498008,0.000716,0.588115,-1.822555,0.001979,-0.018686,0.000000,0.000000,-0.000315,-0.000144,0.001082,-0.000328,0.420252,0.420252,-0.414163,-0.414163,0.493079,0.488613,-0.306718,-0.308657,0.234832,-0.234832,0.234832,-0.234832,0.224386,-0.225218,0.229454,-0.231312,0.258453,0.154740,0.000000,0.000000,0.000000
7.338000,-0.000001,0.000001,0.593700,0.000000,0.000000,0.000000,-0.000315,0.000000,0.412555,-0.000146,0.576951,-1.663104,0.000555,-0.074928,0.476072,0.000726,0.587653,-1.810373,0.001391,-0.040171,0.000000,0.000000,-0.000315,-0.000137,0.001062,-0.000329,0.421440,0.421440,-0.415351,-0.415351,0.493578,0.489394,-0.307910,-0.309884,0.234832,-0.234832,0.234832,-0.234832,0.224328,-0.225176,0.229458,-0.231321,0.259602,0.154865,0.000000,0.000000,0.000000
7.350000,-0.000001,0.000001,0.593700,0.000000,0.000000,0.000000,-0.000315,0.000000,0.392783,-0.000140,0.575993,-1.632083,0.000548,-0.086887,0.455107,0.000740,0.587251,-1.760134,0.000865,-0.044655,0.000000,0.000000,-0.000315,-0.000141,0.001007,-0.000333,0.422671,0.422671,-0.416582,-0.416582,0.493662,0.489760,-0.309209,-0.311083,0.234832,-0.234832,0.234832,-0.234832,0.224208,-0.225071,0.229467,-0.231332,0.260964,0.154931,0.000000,0.000000,0.000000
7.362000,-0.000001,0.000001,0.593700,0.000000,0.000000,0.000000,-0.000315,0.000000,0.373384,-0.000133,0.574904,-1.601022,0.000540,-0.095162,0.434395,0.000748,0.587038,-1.690201,0.000702,-0.002027,0.000000,0.000000,-0.000315,-0.000137,0.001000,-0.000332,0.423933,0.423933,-0.417843,-0.417843,0.494201,0.490452,-0.310727,-0.312635,0.234832,-0.234832,0.234832,-0.234832,0.224102,-0.224973,0.229469,-0.231340,0.262713,0.154975,0.000000,0.000000,0.000000
7.374000,-0.000001,0.000001,0.593700,0.000000,0.000000,0.000000,-0.000315,0.000000,0.354363,-0.000127,0.573705,-1.569024,0.000516,-0.105523,0.413184,0.000757,0.586432,-1.733966,0.000941,-0.053049,0.000000,0.000000,-0.000315,-0.000134,0.000962,-0.000304,0.425232,0.425232,-0.419143,-0.419143,0.494974,0.491295,-0.312367,-0.314313,0.234832,-0.234832,0.234832,-0.234832,0.224096,-0.224998,0.229478,-0.231349,0.264040,0.155127,0.000000,0.000000,0.000000
7.386000,-0.000001,0.000001,0.593700,0.000000,0.000000,0.000000,-0.000315,0.000000,0.335729,-0.000121,0.572347,-1.536731,0.000493,-0.121458,0.392838,0.000769,0.585979,-1.689681,0.001358,-0.044411,0.000000,0.000000,-0.000315,-0.000137,0.000883,-0.000318,0.426565,0.426565,-0.420476,-0.420476,0.495939,0.492289,-0.314205,-0.315926,0.234832,-0.234832,0.234832,-0.234832,0.224044,-0.224947,0.229476,-0.231362,0.265747,0.155204,0.000000,0.000000,0.000000
7.398000,-0.000001,0.000001,0.593700,0.000000,0.000000,0.000000,-0.000315,0.000000,0.317480,-0.000115,0.570749,-1.504914,0.000511,-0.145151,0.373537,0.000793,0.585483,-1.580376,0.002280,-0.025372,0.000000,0.000000,-0.000315,-0.000131,0.000806,-0.000356,0.427910,0.427910,-0.421820,-0.421820,0.496648,0.493248,-0.315991,-0.317633,0.234832,-0.234832,0.234832,-0.234832,0.223896,-0.224851,0.229469,-0.231387,0.267871,0.155299,0.000000,0.000000,0.000000
7.410000,-0.000001,0.000001,0.593700,0.000000,0.000000,0.000000,-0.000315,0.000000,0.299617,-0.000108,0.568891,-1.471933,0.000546,-0.161751,0.353692,0.000805,0.585041,-1.617935,0.000692,-0.044707,0.000000,0.000000,-0.000315,-0.000133,0.000808,-0.000403,0.429260,0.429260,-0.423171,-0.423171,0.496993,0.494082,-0.318210,-0.319696,0.234832,-0.234832,0.234832,-0.234832,0.223922,-0.224839,0.229460,-0.231404,0.269525,0.155373,0.000000,0.000000,0.000000
7.422000,-0.000001,0.000001,0.593700,0.000000,0.000000,0.000000,-0.000315,0.000000,0.282160,-0.000102,0.566890,-1.437347,0.000575,-0.172488,0.334205,0.000810,0.584367,-1.604832,0.000337,-0.061291,0.000000,0.000000,-0.000315,-0.000130,0.000786,-0.000425,0.430660,0.430660,-0.424571,-0.424571,0.498027,0.495229,-0.320477,-0.321838,0.234832,-0.234832,0.234832,-0.234832,0.223936,-0.224815,0.229455,-0.231422,0.271721,0.155538,0.000000,0.000000,0.000000
7.434000,-0.000001,0.000001,0.593700,0.000000,0.000000,0.000000,-0.000315,0.000000,0.265117,-0.000095,0.564684,-1.403205,0.000585,-0.195833,0.315098,0.000821,0.583585,-1.573259,0.001252,-0.068422,0.000000,0.000000,-0.000315,-0.000127,0.000695,-0.000446,0.432100,0.432100,-0.426010,-0.426010,0.499352,0.496488,-0.322723,-0.324047,0.234832,-0.234832,0.234832,-0.234832,0.223948,-0.224820,0.229445,-0.231434,0.273935,0.155751,0.000000,0.000000,0.000000
7.446000,-0.000001,0.000001,0.593700,0.000000,0.000000,0.000000,-0.000315,0.000000,0.248483,-0.000087,0.562190,-1.369109,0.000609,-0.219833,0.296995,0.000832,0.582978,-1.486103,0.001018,-0.055552,0.000000,0.000000,-0.000315,-0.000118,0.000615,-0.000485,0.433551,0.433551,-0.427462,-0.427462,0.500431,0.497650,-0.325039,-0.326331,0.234832,-0.234832,0.234832,-0.234832,0.223933,-0.224793,0.229412,-0.231430,0.276486,0.155894,0.000000,0.000000,0.000000
7.456000,-0.000001,0.000001,0.593700,0.000000,0.000000,0.000000,-0.000315,0.000000,0.234936,-0.000081,0.559891,-1.340062,0.000618,-0.239833,0.281944,0.000865,0.582090,-1.477044,0.002149,-0.077512,0.000000,0.000000,-0.000315,-0.000132,0.000619,-0.000489,0.434772,0.434772,-0.428682,-0.428682,0.501285,0.498572,-0.327145,-0.328343,0.234832,-0.234832,0.234832,-0.234832,0.223943,-0.224794,0.229419,-0.231531,0.278444,0.156081,0.000000,0.000000,0.000000
7.468000,-0.000001,0.000001,0.593700,0.000000,0.000000,0.000000,-0.000315,0.000000,0.219067,-0.000074,0.556869,-1.304821,0.000605,-0.263806,0.264267,0.000879,0.581278,-1.451731,0.001147,-0.072685,0.000000,0.000000,-0.000315,-0.000135,0.000648,-0.000482,0.436253,0.436253,-0.430164,-0.430164,0.502354,0.499596,-0.329850,-0.331067,0.234832,-0.234832,0.234832,-0.234832,0.223946,-0.224796,0.229428,-0.231562,0.281106,0.156298,0.000000,0.000000,0.000000
7.480000,-0.000001,0.000001,0.593700,0.000000,0.000000,0.000000,-0.000315,0.000000,0.203623,-0.000067,0.553560,-1.268919,0.000583,-0.287806,0.247061,0.000893,0.580195,-1.416029,0.001403,-0.088413,0.000000,0.000000,-0.000315,-0.000137,0.000644,-0.000478,0.437753,0.437753,-0.431664,-0.431664,0.503374,0.500589,-0.332477,-0.333668,0.234832,-0.234832,0.234832,-0.234832,0.223947,-0.224810,0.229431,-0.231574,0.283893,0.156549,0.000000,0.000000,0.000000
7.492000,-0.000001,0.000001,0.593700,0.000000,0.000000,0.000000,-0.000315,0.000000,0.188614,-0.000060,0.549962,-1.232699,0.000565,-0.311806,0.230342,0.000897,0.578877,-1.375760,0.000665,-0.114363,0.000000,0.000000,-0.000315,-0.000132,0.000637,-0.000475,0.439277,0.439277,-0.433188,-0.433188,0.504297,0.501440,-0.334995,-0.336276,0.234832,-0.234832,0.234832,-0.234832,0.223957,-0.224815,0.229439,-0.231580,0.286870,0.156923,0.000000,0.000000,0.000000
7.504000,-0.000001,0.000001,0.593700,0.000000,0.000000,0.000000,-0.000315,0.000000,0.174038,-0.000053,0.546076,-1.196540,0.000537,-0.335806,0.214139,0.000904,0.577656,-1.331168,0.000608,-0.103997,0.000000,0.000000,-0.000315,-0.000130,0.000662,-0.000459,0.440820,0.440820,-0.434730,-0.434730,0.505096,0.502150,-0.337753,-0.339186,0.234832,-0.234832,0.234832,-0.234832,0.223955,-0.224827,0.229445,-0.231580,0.289920,0.157248,0.000000,0.000000,0.000000
7.516000,-0.000001,0.000001,0.593700,0.000000,0.000000,0.000000,-0.000315,0.000000,0.159903,-0.000047,0.541904,-1.158924,0.000504,-0.358971,0.198415,0.000912,0.576332,-1.291377,0.000598,-0.111979,0.000000,0.000000,-0.000315,-0.000127,0.000672,-0.000441,0.442384,0.442384,-0.436295,-0.436295,0.505788,0.502800,-0.340757,-0.342382,0.234832,-0.234832,0.234832,-0.234832,0.223950,-0.224847,0.229449,-0.231578,0.293176,0.157578,0.000000,0.000000,0.000000
7.528000,-0.000001,0.000001,0.593700,0.000000,0.000000,0.000000,-0.000315,0.000000,0.146232,-0.000041,0.537485,-1.119571,0.000471,-0.377086,0.183166,0.000919,0.574787,-1.254877,0.000435,-0.137894,0.000000,0.000000,-0.000315,-0.000126,0.000690,-0.000427,0.443998,0.443998,-0.437908,-0.437908,0.506376,0.503304,-0.343885,-0.345594,0.234832,-0.234832,0.234832,-0.234832,0.223947,-0.224857,0.229454,-0.231580,0.296767,0.157958,0.000000,0.000000,0.000000
7.540000,-0.000001,0.000001,0.593700,0.000000,0.000000,0.000000,-0.000315,0.000000,0.133036,-0.000036,0.532862,-1.079877,0.000439,-0.393483,0.168384,0.000928,0.572929,-1.216036,0.000616,-0.160058,0.000000,0.000000,-0.000315,-0.000126,0.000724,-0.000410,0.445679,0.445679,-0.439590,-0.439590,0.506906,0.503798,-0.346969,-0.348812,0.234832,-0.234832,0.234832,-0.234832,0.223942,-0.224878,0.229461,-0.231581,0.300562,0.158481,0.000000,0.000000,0.000000
7.552000,-0.000001,0.000001,0.593700,0.000000,0.000000,0.000000,-0.000315,0.000000,0.120313,-0.000031,0.528035,-1.040784,0.000409,-0.411379,0.154087,0.000938,0.571136,-1.174332,0.001107,-0.151649,0.000000,0.000000,-0.000315,-0.000127,0.000770,-0.000399,0.447419,0.447419,-0.441330,-0.441330,0.507378,0.504231,-0.350027,-0.352054,0.234832,-0.234832,0.234832,-0.234832,0.223931,-0.224893,0.229463,-0.231586,0.304282,0.158971,0.000000,0.000000,0.000000
7.564000,-0.000001,0.000001,0.593700,0.000000,0.000000,0.000000,-0.000315,0.000000,0.108064,-0.000026,0.522999,-1.000502,0.000383,-0.427253,0.140265,0.000947,0.569153,-1.134613,0.001034,-0.167772,0.000000,0.000000,-0.000315,-0.000126,0.000791,-0.000388,0.449214,0.449214,-0.443124,-0.443124,0.507830,0.504674,-0.353225,-0.355284,0.234832,-0.234832,0.234832,-0.234832,0.223927,-0.224909,0.229464,-0.231589,0.308144,0.159487,0.000000,0.000000,0.000000
7.576000,-0.000001,0.000001,0.593700,0.000000,0.000000,0.000000,-0.000315,0.000000,0.096301,-0.000021,0.517787,-0.959929,0.000358,-0.441893,0.126931,0.000951,0.566950,-1.092510,0.000470,-0.167876,0.000000,0.000000,-0.000315,-0.000122,0.000839,-0.000379,0.451079,0.451079,-0.444989,-0.444989,0.508307,0.505119,-0.356292,-0.358502,0.234832,-0.234832,0.234832,-0.234832,0.223929,-0.224921,0.229469,-0.231591,0.312107,0.160105,0.000000,0.000000,0.000000
7.588000,-0.000001,0.000001,0.593700,0.000000,0.000000,0.000000,-0.000315,0.000000,0.085028,-0.000017,0.512398,-0.918941,0.000336,-0.456272,0.114088,0.000960,0.564493,-1.054311,0.000543,-0.205492,0.000000,0.000000,-0.000315,-0.000123,0.000870,-0.000375,0.453010,0.453010,-0.446921,-0.446921,0.508792,0.505614,-0.359350,-0.361753,0.234832,-0.234832,0.234832,-0.234832,0.223928,-0.224939,0.229474,-0.231599,0.316325,0.160788,0.000000,0.000000,0.000000
7.600000,-0.000001,0.000001,0.593700,0.000000,0.000000,0.000000,-0.000315,0.000000,0.074250,-0.000013,0.506847,-0.877412,0.000316,-0.469109,0.101738,0.000968,0.561968,-1.013252,0.000504,-0.219561,0.000000,0.000000,-0.000315,-0.000121,0.000915,-0.000370,0.455013,0.455013,-0.448923,-0.448923,0.509314,0.506151,-0.362447,-0.365061,0.234832,-0.234832,0.234832,-0.234832,0.223929,-0.224956,0.229476,-0.231606,0.320616,0.161497,0.000000,0.000000,0.000000
7.612000,-0.000001,0.000001,0.593700,0.000000,0.000000,0.000000,-0.000315,0.000000,0.063972,-0.000010,0.501142,-0.835468,0.000298,-0.481242,0.089887,0.000975,0.559285,-0.972655,0.000436,-0.238839,0.000000,0.000000,-0.000315,-0.000121,0.000954,-0.000368,0.457089,0.457089,-0.451000,-0.451000,0.509852,0.506703,-0.365609,-0.368322,0.234832,-0.234832,0.234832,-0.234832,0.223929,-0.224968,0.229477,-0.231614,0.325153,0.162245,0.000000,0.000000,0.000000
7.624000,-0.000001,0.000001,0.593700,0.000000,0.000000,0.000000,-0.000315,0.000000,0.054200,-0.000006,0.495300,-0.793229,0.000280,-0.492361,0.078543,0.000983,0.556487,-0.929461,0.000733,-0.241445,0.000000,0.000000,-0.000315,-0.000122,0.001001,-0.000363,0.459241,0.459241,-0.453152,-0.453152,0.510434,0.507287,-0.368886,-0.371604,0.234832,-0.234832,0.234832,-0.234832,0.223924,-0.224981,0.229479,-0.231622,0.329790,0.163045,0.000000,0.000000,0.000000
7.636000,-0.000001,0.000001,0.593700,0.000000,0.000000,0.000000,-0.000315,0.000000,0.044936,-0.000003,0.489334,-0.750655,0.000260,-0.500000,0.067703,0.000988,0.553407,-0.886978,0.000365,-0.259284,0.000000,0.000000,-0.000315,-0.000121,0.001047,-0.000358,0.461469,0.461469,-0.455380,-0.455380,0.511121,0.507967,-0.372252,-0.374904,0.234832,-0.234832,0.234832,-0.234832,0.223930,-0.224995,0.229483,-0.231628,0.334677,0.163941,0.000000,0.000000,0.000000
7.648000,-0.000001,0.000001,0.593700,0.000000,0.000000,0.000000,-0.000315,0.000000,0.036185,0.000000,0.483334,-0.707780,0.000241,-0.500000,0.057377,0.000994,0.550258,-0.844702,0.000466,-0.276180,0.000000,0.000000,-0.000315,-0.000119,0.001097,-0.000352,0.463775,0.463775,-0.457685,-0.457685,0.511828,0.508689,-0.375628,-0.378299,0.234832,-0.234832,0.234832,-0.234832,0.223928,-0.225013,0.229487,-0.231635,0.339736,0.164886,0.000000,0.000000,0.000000
7.660000,-0.000001,0.000001,0.593700,0.000000,0.000000,0.000000,-0.000315,0.000000,0.027951,0.000003,0.477334,-0.664481,0.000224,-0.500000,0.047573,0.001004,0.546978,-0.799556,0.001176,-0.274876,0.000000,0.000000,-0.000315,-0.000121,0.001157,-0.000353,0.466157,0.466157,-0.460068,-0.460068,0.512594,0.509458,-0.379089,-0.381763,0.234832,-0.234832,0.234832,-0.234832,0.223925,-0.225026,0.229483,-0.231647,0.345004,0.165872,0.000000,0.000000,0.000000
7.672000,-0.000001,0.000001,0.593700,0.000000,0.000000,0.000000,-0.000315,0.000000,0.020239,0.000005,0.471334,-0.620672,0.000208,-0.500000,0.038289,0.001006,0.543429,-0.755038,0.000480,-0.287702,0.000000,0.000000,-0.000315,-0.000119,0.001219,-0.000352,0.468619,0.468619,-0.462529,-0.462529,0.513492,0.510360,-0.382595,-0.385278,0.234832,-0.234832,0.234832,-0.234832,0.223936,-0.225040,0.229491,-0.231650,0.350543,0.166947,0.000000,0.000000,0.000000
7.684000,-0.000001,0.000001,0.593700,0.000000,0.000000,0.000000,-0.000315,0.000000,0.013055,0.000008,0.465334,-0.576305,0.000195,-0.500000,0.029542,0.001011,0.539833,-0.711285,0.000396,-0.301692,0.000000,0.000000,-0.000315,-0.000117,0.001285,-0.000361,0.471159,0.471159,-0.465070,-0.465070,0.514393,0.511275,-0.386029,-0.388806,0.234832,-0.234832,0.234832,-0.234832,0.223940,-0.225046,0.229492,-0.231665,0.356289,0.168057,0.000000,0.000000,0.000000
7.696000,-0.000001,0.000001,0.593700,0.000000,0.000000,0.000000,-0.000315,0.000000,0.006406,0.000010,0.459334,-0.531847,0.000185,-0.500000,0.021809,0.001021,0.536086,-0.631074,0.000919,-0.317629,0.000000,0.000000,-0.000315,-0.000117,0.001336,-0.000375,0.473780,0.473780,-0.467690,-0.467690,0.515339,0.512241,-0.389920,-0.392589,0.234832,-0.234832,0.234832,-0.234832,0.223936,-0.225039,0.229466,-0.231680,0.362316,0.169182,0.000000,0.000000,0.000000
7.706000,-0.000001,0.000001,0.593700,0.000000,0.000000,0.000000,-0.000315,0.000000,0.001266,0.000012,0.454339,-0.496518,0.000178,-0.498177,0.015404,0.001030,0.532832,-0.620422,0.000827,-0.331131,0.000000,0.000000,-0.000315,-0.000120,0.001431,-0.000387,0.476023,0.476023,-0.469934,-0.469934,0.516106,0.513029,-0.393375,-0.395941,0.234832,-0.234832,0.234832,-0.234832,0.223943,-0.225040,0.229466,-0.231713,0.367903,0.170221,0.000000,0.000000,0.000000
7.718000,-0.000001,0.000001,0.593700,0.000000,0.000000,0.000000,-0.000315,0.000000,-0.004442,0.000014,0.450000,-0.454686,0.000167,-0.492983,0.008133,0.001037,0.528840,-0.587075,0.000811,-0.333700,0.000000,0.000000,-0.000315,-0.000121,0.001543,-0.000398,0.478785,0.478785,-0.472696,-0.472696,0.517322,0.514272,-0.397437,-0.399896,0.234832,-0.234832,0.234832,-0.234832,0.223955,-0.225050,0.229464,-0.231733,0.374480,0.171499,0.000000,0.000000,0.000000
7.730000,-0.000001,0.000001,0.593700,0.000000,0.000000,0.000000,-0.000315,0.000000,-0.009630,0.000016,0.450000,-0.409714,0.000154,-0.495620,0.001409,0.001039,0.524816,-0.540463,0.000327,-0.325198,0.000000,0.000000,-0.000315,-0.000121,0.001660,-0.000406,0.481624,0.481624,-0.475534,-0.475534,0.518635,0.515569,-0.401350,-0.403717,0.234832,-0.234832,0.234832,-0.234832,0.223968,-0.225053,0.229469,-0.231743,0.381181,0.172811,0.000000,0.000000,0.000000
7.742000,-0.000001,0.000001,0.593700,0.000000,0.000000,0.000000,-0.000315,0.000000,-0.014279,0.000018,0.450000,-0.365508,0.000140,-0.500000,-0.004735,0.001044,0.520890,-0.493618,0.000400,-0.325220,0.000000,0.000000,-0.000315,-0.000122,0.001789,-0.000418,0.484522,0.484522,-0.478433,-0.478433,0.519940,0.516923,-0.405332,-0.407723,0.234832,-0.234832,0.234832,-0.234832,0.223976,-0.225059,0.229468,-0.231754,0.388033,0.174111,0.000000,0.000000,0.000000
7.754000,-0.000001,0.000001,0.593700,0.000000,0.000000,0.000000,-0.000315,0.000000,-0.018411,0.000019,0.450000,-0.323429,0.000127,-0.500000,-0.010276,0.001048,0.517113,-0.442340,0.000386,-0.309225,0.000000,0.000000,-0.000315,-0.000125,0.001950,-0.000429,0.487437,0.487437,-0.481348,-0.481348,0.521414,0.518469,-0.409475,-0.411845,0.234832,-0.234832,0.234832,-0.234832,0.223985,-0.225064,0.229468,-0.231764,0.394910,0.175364,0.000000,0.000000,0.000000
7.766000,-0.000001,0.000001,0.593700,0.000000,0.000000,0.000000,-0.000315,0.000000,-0.022049,0.000021,0.450000,-0.282776,0.000113,-0.500000,-0.015208,0.001052,0.513484,-0.389969,0.000186,-0.290326,0.000000,0.000000,-0.000315,-0.000120,0.002110,-0.000440,0.490332,0.490332,-0.484242,-0.484242,0.522970,0.520035,-0.413664,-0.416000,0.234832,-0.234832,0.234832,-0.234832,0.223993,-0.225072,0.229463,-0.231779,0.401873,0.176613,0.000000,0.000000,0.000000
7.778000,-0.000001,0.000001,0.593700,0.000000,0.000000,0.000000,-0.000315,0.000000,-0.025196,0.000022,0.450000,-0.241603,0.000097,-0.500000,-0.019550,0.001053,0.510132,-0.341643,-0.000052,-0.270730,0.000000,0.000000,-0.000315,-0.000113,0.002228,-0.000444,0.493201,0.493201,-0.487111,-0.487111,0.524437,0.521498,-0.418225,-0.420596,0.234832,-0.234832,0.234832,-0.234832,0.223997,-0.225083,0.229461,-0.231788,0.409028,0.177776,0.000000,0.000000,0.000000
7.790000,-0.000001,0.000001,0.593700,0.000000,0.000000,0.000000,-0.000315,0.000000,-0.027840,0.000023,0.450000,-0.198953,0.000080,-0.494203,-0.023353,0.001054,0.506870,-0.300270,-0.000207,-0.268619,0.000000,0.000000,-0.000315,-0.000112,0.002304,-0.000449,0.496083,0.496083,-0.489994,-0.489994,0.525758,0.522953,-0.422846,-0.425142,0.234832,-0.234832,0.234832,-0.234832,0.224007,-0.225090,0.229464,-0.231795,0.416275,0.178892,0.000000,0.000000,0.000000
7.802000,-0.000001,0.000001,0.593700,0.000000,0.000000,0.000000,-0.000315,0.000000,-0.029974,0.000024,0.450000,-0.156983,0.000062,-0.482927,-0.026623,0.001052,0.503744,-0.255821,-0.000204,-0.245552,0.000000,0.000000,-0.000315,-0.000110,0.002372,-0.000454,0.499014,0.499014,-0.492925,-0.492925,0.527112,0.524456,-0.427243,-0.429483,0.234832,-0.234832,0.234832,-0.234832,0.224018,-0.225095,0.229470,-0.231799,0.423376,0.180026,0.000000,0.000000,0.000000
7.814000,-0.000001,0.000001,0.593700,0.000000,0.000000,0.000000,-0.000315,0.000000,-0.031618,0.000025,0.450000,-0.118668,0.000046,-0.468833,-0.029362,0.001049,0.500931,-0.210000,-0.000259,-0.227174,0.000000,0.000000,-0.000315,-0.000107,0.002410,-0.000455,0.501981,0.501981,-0.495892,-0.495892,0.528514,0.526013,-0.431916,-0.434142,0.234832,-0.234832,0.234832,-0.234832,0.224028,-0.225100,0.229476,-0.231802,0.430420,0.181045,0.000000,0.000000,0.000000
7.826000,-0.000001,0.000001,0.593700,0.000000,0.000000,0.000000,-0.000315,0.000000,-0.032897,0.000025,0.450000,-0.097456,0.000036,-0.447499,-0.031607,0.001044,0.498332,-0.171519,-0.000430,-0.210102,0.000000,0.000000,-0.000315,-0.000104,0.002411,-0.000454,0.504871,0.504871,-0.498782,-0.498782,0.529934,0.527593,-0.436894,-0.439053,0.234832,-0.234832,0.234832,-0.234832,0.224038,-0.225104,0.229483,-0.231800,0.437653,0.181991,0.000000,0.000000,0.000000
7.838000,-0.000001,0.000001,0.593700,0.000000,0.000000,0.000000,-0.000315,0.000000,-0.033997,0.000025,0.450000,-0.085998,0.000031,-0.423499,-0.033441,0.001039,0.495865,-0.140961,-0.000508,-0.203535,0.000000,0.000000,-0.000315,-0.000104,0.002335,-0.000446,0.507518,0.507518,-0.501429,-0.501429,0.531278,0.529100,-0.441965,-0.444021,0.234832,-0.234832,0.234832,-0.234832,0.224048,-0.225108,0.229494,-0.231796,0.444921,0.182892,0.000000,0.000000,0.000000
7.850000,-0.000001,0.000001,0.593700,0.000000,0.000000,0.000000,-0.000315,0.000000,-0.034959,0.000026,0.450000,-0.074216,0.000025,-0.399499,-0.034941,0.001033,0.493515,-0.115406,-0.000546,-0.188346,0.000000,0.000000,-0.000315,-0.000104,0.002205,-0.000443,0.509878,0.509878,-0.503789,-0.503789,0.532435,0.530422,-0.446948,-0.448913,0.234832,-0.234832,0.234832,-0.234832,0.224057,-0.225110,0.229508,-0.231790,0.452150,0.183777,0.000000,0.000000,0.000000
7.862000,-0.000001,0.000001,0.593700,0.000000,0.000000,0.000000,-0.000315,0.000000,-0.035776,0.000026,0.450000,-0.061869,0.000019,-0.375499,-0.036173,0.001026,0.491334,-0.094569,-0.000646,-0.175899,0.000000,0.000000,-0.000315,-0.000103,0.002051,-0.000441,0.511950,0.511950,-0.505860,-0.505860,0.533368,0.531520,-0.451859,-0.453751,0.234832,-0.234832,0.234832,-0.234832,0.224070,-0.225109,0.229519,-0.231785,0.459191,0.184602,0.000000,0.000000,0.000000
7.874000,-0.000001,0.000001,0.593700,0.000000,0.000000,0.000000,-0.000315,0.000000,-0.036441,0.000026,0.450000,-0.048964,0.000013,-0.351499,-0.037186,0.001019,0.489252,-0.078426,-0.000639,-0.166374,0.000000,0.000000,-0.000315,-0.000106,0.001905,-0.000433,0.513733,0.513733,-0.507644,-0.507644,0.534082,0.532392,-0.456623,-0.458386,0.234832,-0.234832,0.234832,-0.234832,0.224079,-0.225110,0.229535,-0.231777,0.466114,0.185396,0.000000,0.000000,0.000000
7.886000,-0.000001,0.000001,0.593700,0.000000,0.000000,0.000000,-0.000315,0.000000,-0.036949,0.000026,0.450000,-0.035529,0.000007,-0.327499,-0.038007,0.001011,0.487352,-0.063612,-0.000676,-0.154760,0.000000,0.000000,-0.000315,-0.000106,0.001781,-0.000434,0.515229,0.515229,-0.509139,-0.509139,0.534595,0.533055,-0.461117,-0.462782,0.234832,-0.234832,0.234832,-0.234832,0.224092,-0.225107,0.229546,-0.231770,0.472604,0.186126,0.000000,0.000000,0.000000
7.898000,-0.000001,0.000001,0.593700,0.000000,0.000000,0.000000,-0.000315,0.000000,-0.037292,0.000026,0.450000,-0.021595,0.000001,-0.303499,-0.038654,0.001003,0.485572,-0.049298,-0.000644,-0.146343,0.000000,0.000000,-0.000315,-0.000105,0.001680,-0.000428,0.516437,0.516437,-0.510347,-0.510347,0.534923,0.533521,-0.465339,-0.466906,0.234832,-0.234832,0.234832,-0.234832,0.224103,-0.225105,0.229558,-0.231763,0.478710,0.186815,0.000000,0.000000,0.000000
7.910000,-0.000001,0.000001,0.593700,0.000000,0.000000,0.000000,-0.000315,0.000000,-0.037465,0.000026,0.450000,-0.007187,-0.000005,-0.279499,-0.039134,0.000995,0.483848,-0.036304,-0.000723,-0.138607,0.000000,0.000000,-0.000315,-0.000106,0.001608,-0.000423,0.517356,0.517356,-0.511267,-0.511267,0.535080,0.533800,-0.469170,-0.470623,0.234832,-0.234832,0.234832,-0.234832,0.224114,-0.225103,0.229575,-0.231753,0.484498,0.187491,0.000000,0.000000,0.000000
7.922000,-0.000001,0.000001,0.593700,0.000000,0.000000,0.000000,-0.000315,0.000000,-0.037463,0.000026,0.450000,0.007656,-0.000012,-0.255499,-0.039447,0.000986,0.482256,-0.022389,-0.000746,-0.130338,0.000000,0.000000,-0.000315,-0.000105,0.001555,-0.000421,0.517988,0.517988,-0.511898,-0.511898,0.535067,0.533897,-0.472600,-0.473970,0.234832,-0.234832,0.234832,-0.234832,0.224126,-0.225099,0.229587,-0.231745,0.489735,0.188120,0.000000,0.000000,0.000000
7.934000,-0.000001,0.000001,0.593700,0.000000,0.000000,0.000000,-0.000315,0.000000,-0.037281,0.000026,0.450000,0.022411,-0.000018,-0.231499,-0.039594,0.000977,0.480760,-0.008525,-0.000769,-0.122425,0.000000,0.000000,-0.000315,-0.000104,0.001518,-0.000418,0.518331,0.518331,-0.512242,-0.512242,0.534879,0.533807,-0.475609,-0.476898,0.234832,-0.234832,0.234832,-0.234832,0.224138,-0.225095,0.229599,-0.231736,0.494464,0.188714,0.000000,0.000000,0.000000
7.946000,-0.000001,0.000001,0.593700,0.000000,0.000000,0.000000,-0.000315,0.000000,-0.036962,0.000026,0.450000,0.029143,-0.000020,-0.207499,-0.039575,0.000967,0.479341,0.005515,-0.000781,-0.116321,0.000000,0.000000,-0.000315,-0.000104,0.001484,-0.000408,0.518387,0.518387,-0.512298,-0.512298,0.534494,0.533516,-0.478254,-0.479475,0.234832,-0.234832,0.234832,-0.234832,0.224148,-0.225094,0.229614,-0.231724,0.498727,0.189282,0.000000,0.000000,0.000000
7.956000,-0.000001,0.000001,0.593700,0.000000,0.000000,0.000000,-0.000315,0.000000,-0.036663,0.000026,0.450000,0.030466,-0.000021,-0.187499,-0.039453,0.000960,0.478190,0.014198,-0.000779,-0.112281,0.000000,0.000000,-0.000315,-0.000105,0.001438,-0.000400,0.518213,0.518213,-0.512124,-0.512124,0.534001,0.533103,-0.480231,-0.481401,0.234832,-0.234832,0.234832,-0.234832,0.224155,-0.225092,0.229629,-0.231713,0.502073,0.189748,0.000000,0.000000,0.000000
7.968000,-0.000001,0.000001,0.593700,0.000000,0.000000,0.000000,-0.000315,0.000000,-0.036296,0.000025,0.450000,0.030649,-0.000021,-0.163499,-0.039212,0.000950,0.476903,0.022036,-0.000770,-0.104127,0.000000,0.000000,-0.000315,-0.000106,0.001361,-0.000393,0.517741,0.517741,-0.511652,-0.511652,0.533176,0.532380,-0.482325,-0.483436,0.234832,-0.234832,0.234832,-0.234832,0.224166,-0.225089,0.229644,-0.231701,0.505700,0.190271,0.000000,0.000000,0.000000
7.980000,-0.000001,0.000001,0.593700,0.000000,0.000000,0.000000,-0.000315,0.000000,-0.035929,0.000025,0.450000,0.030447,-0.000021,-0.139499,-0.038900,0.000941,0.475708,0.027032,-0.000764,-0.097190,0.000000,0.000000,-0.000315,-0.000106,0.001268,-0.000392,0.516981,0.516981,-0.510891,-0.510891,0.532080,0.531389,-0.484144,-0.485187,0.234832,-0.234832,0.234832,-0.234832,0.224179,-0.225083,0.229657,-0.231692,0.508937,0.190760,0.000000,0.000000,0.000000
7.992000,-0.000001,0.000001,0.593700,0.000000,0.000000,0.000000,-0.000315,0.000000,-0.035565,0.000025,0.450000,0.030162,-0.000021,-0.115499,-0.038547,0.000932,0.474593,0.029758,-0.000749,-0.091110,0.000000,0.000000,-0.000315,-0.000107,0.001178,-0.000393,0.515932,0.515932,-0.509843,-0.509843,0.530698,0.530114,-0.485666,-0.486636,0.234832,-0.234832,0.234832,-0.234832,0.224192,-0.225076,0.229669,-0.231683,0.511784,0.191217,0.000000,0.000000,0.000000
8.002000,-0.000001,0.000001,0.593700,0.000000,0.000000,0.000000,-0.000315,0.000000,-0.035265,0.000025,0.450000,0.029912,-0.000020,-0.095499,-0.038235,0.000925,0.473716,0.030935,-0.000739,-0.086620,0.000000,0.000000,-0.000315,-0.000107,0.001114,-0.000395,0.514839,0.514839,-0.508749,-0.508749,0.529323,0.528828,-0.486680,-0.487592,0.234832,-0.234832,0.234832,-0.234832,0.224203,-0.225069,0.229677,-0.231676,0.513848,0.191577,0.000000,0.000000,0.000000
8.014000,-0.000001,0.000001,0.593700,0.000000,0.000000,0.000000,-0.000315,0.000000,-0.034908,0.000024,0.450000,0.029611,-0.000020,-0.071499,-0.037851,0.000916,0.472722,0.031478,-0.000728,-0.081618,0.000000,0.000000,-0.000315,-0.000107,0.001055,-0.000397,0.513262,0.513262,-0.507173,-0.507173,0.527395,0.527004,-0.487567,-0.488412,0.234832,-0.234832,0.234832,-0.234832,0.224216,-0.225061,0.229687,-0.231668,0.515934,0.191986,0.000000,0.000000,0.000000
8.024000,-0.000001,0.000001,0.593700,0.000000,0.000000,0.000000,-0.000315,0.000000,-0.034613,0.000024,0.450000,0.029361,-0.000020,-0.051499,-0.037530,0.000909,0.471937,0.031435,-0.000755,-0.078377,0.000000,0.000000,-0.000315,-0.000107,0.001022,-0.000402,0.511729,0.511729,-0.505639,-0.505639,0.525556,0.525240,-0.488015,-0.488807,0.234832,-0.234832,0.234832,-0.234832,0.224227,-0.225052,0.229695,-0.231663,0.517334,0.192311,0.000000,0.000000,0.000000
8.036000,-0.000001,0.000001,0.593700,0.000000,0.000000,0.000000,-0.000315,0.000000,-0.034262,0.000024,0.450000,0.029064,-0.000020,-0.027499,-0.037145,0.000899,0.471017,0.030360,-0.000742,-0.075296,0.000000,0.000000,-0.000315,-0.000105,0.000995,-0.000411,0.509624,0.509624,-0.503535,-0.503535,0.523218,0.522865,-0.488195,-0.488919,0.234832,-0.234832,0.234832,-0.234832,0.224243,-0.225041,0.229700,-0.231659,0.518586,0.192702,0.000000,0.000000,0.000000
8.048000,-0.000001,0.000001,0.593700,0.000000,0.000000,0.000000,-0.000315,0.000000,-0.033915,0.000024,0.450000,0.028769,-0.000020,-0.003499,-0.036765,0.000891,0.470156,0.029486,-0.000738,-0.069992,0.000000,0.000000,-0.000315,-0.000104,0.000973,-0.000408,0.507232,0.507232,-0.501143,-0.501143,0.520807,0.520393,-0.487975,-0.488636,0.234832,-0.234832,0.234832,-0.234832,0.224254,-0.225036,0.229711,-0.231650,0.519341,0.193060,0.000000,0.000000,0.000000
8.060000,-0.000001,0.000001,0.593700,0.000000,0.000000,0.000000,-0.000315,0.000000,-0.033572,0.000024,0.450105,0.028478,-0.000019,0.020501,-0.036386,0.000882,0.469361,0.029344,-0.000759,-0.065182,0.000000,0.000000,-0.000315,-0.000103,0.000948,-0.000399,0.504577,0.504577,-0.498488,-0.498488,0.518345,0.517865,-0.487362,-0.487965,0.234832,-0.234832,0.234832,-0.234832,0.224261,-0.225032,0.229724,-0.231638,0.519627,0.193395,0.000000,0.000000,0.000000
8.072000,-0.000001,0.000001,0.593700,0.000000,0.000000,0.000000,-0.000315,0.000000,-0.033232,0.000023,0.450495,0.028190,-0.000019,0.044501,-0.036004,0.000873,0.468612,0.030182,-0.000721,-0.061488,0.000000,0.000000,-0.000315,-0.000103,0.000921,-0.000383,0.501828,0.501828,-0.495738,-0.495738,0.515804,0.515297,-0.486420,-0.486976,0.234832,-0.234832,0.234832,-0.234832,0.224266,-0.225032,0.229742,-0.231622,0.519505,0.193716,0.000000,0.000000,0.000000
8.084000,-0.000001,0.000001,0.593700,0.000000,0.000000,0.000000,-0.000315,0.000000,-0.032895,0.000023,0.451173,0.027904,-0.000019,0.068501,-0.035621,0.000864,0.467912,0.031155,-0.000706,-0.056152,0.000000,0.000000,-0.000315,-0.000104,0.000902,-0.000375,0.499101,0.499101,-0.493011,-0.493011,0.513110,0.512624,-0.485260,-0.485786,0.234832,-0.234832,0.234832,-0.234832,0.224274,-0.225028,0.229757,-0.231609,0.519058,0.194015,0.000000,0.000000,0.000000
8.096000,-0.000001,0.000001,0.593700,0.000000,0.000000,0.000000,-0.000315,0.000000,-0.032562,0.000023,0.452139,0.027621,-0.000019,0.092501,-0.035242,0.000856,0.467295,0.031107,-0.000662,-0.049355,0.000000,0.000000,-0.000315,-0.000105,0.000895,-0.000369,0.496422,0.496422,-0.490332,-0.490332,0.510242,0.509801,-0.483976,-0.484465,0.234832,-0.234832,0.234832,-0.234832,0.224282,-0.225023,0.229769,-0.231597,0.518377,0.194278,0.000000,0.000000,0.000000
8.108000,-0.000001,0.000001,0.593700,0.000000,0.000000,0.000000,-0.000315,0.000000,-0.032232,0.000023,0.453393,0.027342,-0.000019,0.116501,-0.034876,0.000848,0.466749,0.029656,-0.000714,-0.043730,0.000000,0.000000,-0.000315,-0.000106,0.000906,-0.000366,0.493794,0.493794,-0.487704,-0.487704,0.507229,0.506823,-0.482550,-0.482964,0.234832,-0.234832,0.234832,-0.234832,0.224289,-0.225015,0.229781,-0.231586,0.517484,0.194514,0.000000,0.000000,0.000000
8.120000,-0.000001,0.000001,0.593700,0.000000,0.000000,0.000000,-0.000315,0.000000,-0.031906,0.000022,0.454935,0.027065,-0.000018,0.140501,-0.034521,0.000840,0.466233,0.027817,-0.000636,-0.037467,0.000000,0.000000,-0.000315,-0.000105,0.000923,-0.000368,0.491216,0.491216,-0.485126,-0.485126,0.504352,0.503897,-0.480947,-0.481318,0.234832,-0.234832,0.234832,-0.234832,0.224301,-0.225008,0.229790,-0.231579,0.516340,0.194740,0.000000,0.000000,0.000000
8.132000,-0.000001,0.000001,0.593700,0.000000,0.000000,0.000000,-0.000315,0.000000,-0.031583,0.000022,0.456765,0.026791,-0.000018,0.164501,-0.034172,0.000833,0.465864,0.027294,-0.000622,-0.025972,0.000000,0.000000,-0.000315,-0.000106,0.000935,-0.000365,0.488687,0.488687,-0.482598,-0.482598,0.501694,0.501169,-0.479291,-0.479634,0.234832,-0.234832,0.234832,-0.234832,0.224308,-0.225001,0.229800,-0.231570,0.514994,0.194903,0.000000,0.000000,0.000000
8.144000,-0.000001,0.000001,0.593700,0.000000,0.000000,0.000000,-0.000315,0.000000,-0.031263,0.000022,0.458883,0.026519,-0.000018,0.187987,-0.033824,0.000825,0.465620,0.027479,-0.000580,-0.016325,0.000000,0.000000,-0.000315,-0.000106,0.000935,-0.000350,0.486207,0.486207,-0.480118,-0.480118,0.499221,0.498650,-0.477589,-0.477908,0.234832,-0.234832,0.234832,-0.234832,0.224312,-0.224999,0.229814,-0.231556,0.513464,0.195018,0.000000,0.000000,0.000000
8.156000,-0.000001,0.000001,0.593700,0.000000,0.000000,0.000000,-0.000315,0.000000,-0.030946,0.000022,0.461208,0.026251,-0.000018,0.197099,-0.033477,0.000818,0.465489,0.028160,-0.000521,-0.006050,0.000000,0.000000,-0.000315,-0.000108,0.000930,-0.000345,0.483775,0.483775,-0.477685,-0.477685,0.496777,0.496219,-0.475843,-0.476135,0.234832,-0.234832,0.234832,-0.234832,0.224319,-0.224995,0.229826,-0.231545,0.511729,0.195085,0.000000,0.000000,0.000000
8.168000,-0.000001,0.000001,0.593700,0.000000,0.000000,0.000000,-0.000315,0.000000,-0.030633,0.000022,0.463580,0.025985,-0.000018,0.197642,-0.033132,0.000812,0.465497,0.028612,-0.000471,0.005569,0.000000,0.000000,-0.000315,-0.000110,0.000928,-0.000336,0.481389,0.481389,-0.475299,-0.475299,0.494262,0.493759,-0.474078,-0.474357,0.234832,-0.234832,0.234832,-0.234832,0.224323,-0.224990,0.229836,-0.231534,0.509828,0.195091,0.000000,0.000000,0.000000
8.180000,-0.000001,0.000001,0.593700,0.000000,0.000000,0.000000,-0.000315,0.000000,-0.030323,0.000021,0.465943,0.025722,-0.000018,0.196025,-0.032796,0.000807,0.465652,0.028177,-0.000410,0.016667,0.000000,0.000000,-0.000315,-0.000112,0.000934,-0.000327,0.479049,0.479049,-0.472959,-0.472959,0.491628,0.491201,-0.472315,-0.472595,0.234832,-0.234832,0.234832,-0.234832,0.224323,-0.224986,0.229847,-0.231522,0.507783,0.195032,0.000000,0.000000,0.000000
8.192000,-0.000001,0.000001,0.593700,0.000000,0.000000,0.000000,-0.000315,0.000000,-0.030015,0.000021,0.468283,0.025461,-0.000017,0.193879,-0.032474,0.000801,0.465886,0.025698,-0.000436,0.023770,0.000000,0.000000,-0.000315,-0.000112,0.000947,-0.000332,0.476753,0.476753,-0.470664,-0.470664,0.489035,0.488576,-0.470527,-0.470748,0.234832,-0.234832,0.234832,-0.234832,0.224331,-0.224977,0.229852,-0.231517,0.505596,0.194949,0.000000,0.000000,0.000000
8.204000,-0.000001,0.000001,0.593700,0.000000,0.000000,0.000000,-0.000315,0.000000,-0.029711,0.000021,0.470596,0.025203,-0.000017,0.191619,-0.032162,0.000796,0.466222,0.024743,-0.000415,0.032887,0.000000,0.000000,-0.000315,-0.000112,0.000959,-0.000335,0.474502,0.474502,-0.468413,-0.468413,0.486602,0.486084,-0.468631,-0.468818,0.234832,-0.234832,0.234832,-0.234832,0.224338,-0.224969,0.229856,-0.231512,0.503203,0.194815,0.000000,0.000000,0.000000
8.216000,-0.000001,0.000001,0.593700,0.000000,0.000000,0.000000,-0.000315,0.000000,-0.029411,0.000021,0.472882,0.024948,-0.000017,0.189350,-0.031852,0.000791,0.466699,0.024685,-0.000416,0.043803,0.000000,0.000000,-0.000315,-0.000112,0.000962,-0.000335,0.472294,0.472294,-0.466204,-0.466204,0.484344,0.483761,-0.466739,-0.466909,0.234832,-0.234832,0.234832,-0.234832,0.224341,-0.224961,0.229861,-0.231506,0.500689,0.194624,0.000000,0.000000,0.000000
8.226000,-0.000001,0.000001,0.593700,0.000000,0.000000,0.000000,-0.000315,0.000000,-0.029162,0.000021,0.474766,0.024737,-0.000017,0.187473,-0.031594,0.000787,0.467187,0.024761,-0.000389,0.050816,0.000000,0.000000,-0.000315,-0.000112,0.000953,-0.000322,0.470486,0.470486,-0.464396,-0.464396,0.482580,0.481957,-0.465161,-0.465318,0.234832,-0.234832,0.234832,-0.234832,0.224340,-0.224959,0.229870,-0.231496,0.498501,0.194429,0.000000,0.000000,0.000000
8.238000,-0.000001,0.000001,0.593700,0.000000,0.000000,0.000000,-0.000315,0.000000,-0.028867,0.000020,0.477002,0.024487,-0.000017,0.185243,-0.031284,0.000783,0.467849,0.025370,-0.000343,0.057937,0.000000,0.000000,-0.000315,-0.000114,0.000938,-0.000319,0.468355,0.468355,-0.462265,-0.462265,0.480490,0.479878,-0.463258,-0.463400,0.234832,-0.234832,0.234832,-0.234832,0.224343,-0.224954,0.229877,-0.231487,0.495766,0.194167,0.000000,0.000000,0.000000
8.250000,-0.000001,0.000001,0.593700,0.000000,0.000000,0.000000,-0.000315,0.000000,-0.028574,0.000020,0.479212,0.024239,-0.000017,0.183039,-0.030975,0.000779,0.468601,0.025948,-0.000313,0.065471,0.000000,0.000000,-0.000315,-0.000114,0.000924,-0.000316,0.466264,0.466264,-0.460175,-0.460175,0.478342,0.477786,-0.461365,-0.461511,0.234832,-0.234832,0.234832,-0.234832,0.224345,-0.224947,0.229882,-0.231480,0.492949,0.193864,0.000000,0.000000,0.000000
8.262000,-0.000001,0.000001,0.593700,0.000000,0.000000,0.000000,-0.000315,0.000000,-0.028285,0.000020,0.481395,0.023993,-0.000016,0.180860,-0.030671,0.000775,0.469450,0.025685,-0.000265,0.072500,0.000000,0.000000,-0.000315,-0.000116,0.000917,-0.000307,0.464214,0.464214,-0.458124,-0.458124,0.476094,0.475618,-0.459507,-0.459665,0.234832,-0.234832,0.234832,-0.234832,0.224343,-0.224943,0.229889,-0.231471,0.490081,0.193518,0.000000,0.000000,0.000000
8.274000,-0.000001,0.000001,0.593700,0.000000,0.000000,0.000000,-0.000315,0.000000,-0.027999,0.000020,0.483552,0.023750,-0.000016,0.178708,-0.030377,0.000772,0.470365,0.024261,-0.000317,0.077176,0.000000,0.000000,-0.000315,-0.000117,0.000921,-0.000307,0.462203,0.462203,-0.456113,-0.456113,0.473753,0.473344,-0.457649,-0.457756,0.234832,-0.234832,0.234832,-0.234832,0.224343,-0.224935,0.229894,-0.231463,0.487156,0.193148,0.000000,0.000000,0.000000
8.286000,-0.000001,0.000001,0.593700,0.000000,0.000000,0.000000,-0.000315,0.000000,-0.027715,0.000020,0.485684,0.023510,-0.000016,0.176581,-0.030093,0.000768,0.471301,0.022922,-0.000291,0.080467,0.000000,0.000000,-0.000315,-0.000115,0.000931,-0.000320,0.460230,0.460230,-0.454141,-0.454141,0.471511,0.471040,-0.455702,-0.455795,0.234832,-0.234832,0.234832,-0.234832,0.224350,-0.224923,0.229891,-0.231464,0.484128,0.192772,0.000000,0.000000,0.000000
8.298000,-0.000001,0.000001,0.593700,0.000000,0.000000,0.000000,-0.000315,0.000000,-0.027434,0.000019,0.487790,0.023272,-0.000016,0.174480,-0.029814,0.000765,0.472320,0.022569,-0.000299,0.087844,0.000000,0.000000,-0.000315,-0.000114,0.000937,-0.000323,0.458295,0.458295,-0.452206,-0.452206,0.469428,0.468883,-0.453785,-0.453893,0.234832,-0.234832,0.234832,-0.234832,0.224353,-0.224915,0.229892,-0.231461,0.481069,0.192363,0.000000,0.000000,0.000000
8.310000,-0.000001,0.000001,0.593700,0.000000,0.000000,0.000000,-0.000315,0.000000,-0.027156,0.000019,0.489872,0.023036,-0.000016,0.172403,-0.029536,0.000761,0.473429,0.022282,-0.000292,0.093986,0.000000,0.000000,-0.000315,-0.000114,0.000930,-0.000321,0.456398,0.456398,-0.450309,-0.450309,0.467514,0.466890,-0.451909,-0.452018,0.234832,-0.234832,0.234832,-0.234832,0.224352,-0.224908,0.229895,-0.231455,0.477973,0.191917,0.000000,0.000000,0.000000
8.322000,-0.000001,0.000001,0.593700,0.000000,0.000000,0.000000,-0.000315,0.000000,-0.026881,0.000019,0.491928,0.022803,-0.000016,0.170351,-0.029257,0.000757,0.474600,0.022501,-0.000280,0.098247,0.000000,0.000000,-0.000315,-0.000113,0.000911,-0.000314,0.454539,0.454539,-0.448450,-0.448450,0.465747,0.465065,-0.450057,-0.450172,0.234832,-0.234832,0.234832,-0.234832,0.224351,-0.224902,0.229900,-0.231447,0.474853,0.191449,0.000000,0.000000,0.000000
8.334000,-0.000001,0.000001,0.593700,0.000000,0.000000,0.000000,-0.000315,0.000000,-0.026609,0.000019,0.493960,0.022572,-0.000015,0.168324,-0.028976,0.000754,0.475807,0.023352,-0.000253,0.101818,0.000000,0.000000,-0.000315,-0.000114,0.000889,-0.000308,0.452722,0.452722,-0.446633,-0.446633,0.464021,0.463351,-0.448256,-0.448399,0.234832,-0.234832,0.234832,-0.234832,0.224349,-0.224898,0.229905,-0.231439,0.471759,0.190974,0.000000,0.000000,0.000000
8.346000,-0.000001,0.000001,0.593700,0.000000,0.000000,0.000000,-0.000315,0.000000,-0.026340,0.000019,0.495968,0.022343,-0.000015,0.166320,-0.028697,0.000751,0.477060,0.023466,-0.000225,0.105539,0.000000,0.000000,-0.000315,-0.000115,0.000869,-0.000305,0.450952,0.450952,-0.444862,-0.444862,0.462259,0.461643,-0.446531,-0.446689,0.234832,-0.234832,0.234832,-0.234832,0.224349,-0.224891,0.229908,-0.231432,0.468696,0.190476,0.000000,0.000000,0.000000
8.358000,-0.000001,0.000001,0.593700,0.000000,0.000000,0.000000,-0.000315,0.000000,-0.026073,0.000018,0.497952,0.022117,-0.000015,0.164341,-0.028424,0.000749,0.478355,0.022593,-0.000224,0.108899,0.000000,0.000000,-0.000315,-0.000116,0.000858,-0.000304,0.449230,0.449230,-0.443141,-0.443141,0.460422,0.459889,-0.444831,-0.444937,0.234832,-0.234832,0.234832,-0.234832,0.224348,-0.224885,0.229912,-0.231425,0.465629,0.189963,0.000000,0.000000,0.000000
8.370000,-0.000001,0.000001,0.593700,0.000000,0.000000,0.000000,-0.000315,0.000000,-0.025809,0.000018,0.499912,0.021893,-0.000015,0.162385,-0.028158,0.000746,0.479664,0.022681,-0.000196,0.110251,0.000000,0.000000,-0.000315,-0.000117,0.000858,-0.000308,0.447563,0.447563,-0.441473,-0.441473,0.458498,0.458067,-0.443078,-0.443236,0.234832,-0.234832,0.234832,-0.234832,0.224349,-0.224875,0.229912,-0.231423,0.462585,0.189440,0.000000,0.000000,0.000000
8.382000,-0.000001,0.000001,0.593700,0.000000,0.000000,0.000000,-0.000315,0.000000,-0.025548,0.000018,0.501849,0.021671,-0.000015,0.160453,-0.027900,0.000744,0.481009,0.022175,-0.000206,0.113230,0.000000,0.000000,-0.000315,-0.000117,0.000870,-0.000308,0.445951,0.445951,-0.439862,-0.439862,0.456512,0.456166,-0.441442,-0.441657,0.234832,-0.234832,0.234832,-0.234832,0.224347,-0.224867,0.229915,-0.231418,0.459663,0.188917,0.000000,0.000000,0.000000
8.394000,-0.000001,0.000001,0.593700,0.000000,0.000000,0.000000,-0.000315,0.000000,-0.025289,0.000018,0.503763,0.021452,-0.000015,0.158543,-0.027654,0.000741,0.482383,0.020332,-0.000185,0.116089,0.000000,0.000000,-0.000315,-0.000116,0.000884,-0.000314,0.444396,0.444396,-0.438307,-0.438307,0.454635,0.454254,-0.439913,-0.440144,0.234832,-0.234832,0.234832,-0.234832,0.224349,-0.224858,0.229914,-0.231417,0.456790,0.188386,0.000000,0.000000,0.000000
8.406000,-0.000001,0.000001,0.593700,0.000000,0.000000,0.000000,-0.000315,0.000000,-0.025033,0.000018,0.505654,0.021234,-0.000015,0.156656,-0.027416,0.000739,0.483810,0.019276,-0.000185,0.119801,0.000000,0.000000,-0.000315,-0.000115,0.000896,-0.000317,0.442897,0.442897,-0.436808,-0.436808,0.452917,0.452467,-0.438441,-0.438681,0.234832,-0.234832,0.234832,-0.234832,0.224349,-0.224851,0.229914,-0.231415,0.453928,0.187832,0.000000,0.000000,0.000000
8.418000,-0.000001,0.000001,0.593700,0.000000,0.000000,0.000000,-0.000315,0.000000,-0.024779,0.000018,0.507523,0.021019,-0.000014,0.154792,-0.027181,0.000737,0.485281,0.019035,-0.000195,0.122652,0.000000,0.000000,-0.000315,-0.000114,0.000898,-0.000318,0.441451,0.441451,-0.435361,-0.435361,0.451358,0.450828,-0.437018,-0.437269,0.234832,-0.234832,0.234832,-0.234832,0.224347,-0.224844,0.229914,-0.231411,0.451089,0.187264,0.000000,0.000000,0.000000
8.430000,-0.000001,0.000001,0.593700,0.000000,0.000000,0.000000,-0.000315,0.000000,-0.024528,0.000017,0.509370,0.020806,-0.000014,0.152949,-0.026945,0.000735,0.486778,0.018997,-0.000187,0.124414,0.000000,0.000000,-0.000315,-0.000113,0.000890,-0.000317,0.440056,0.440056,-0.433966,-0.433966,0.449949,0.449340,-0.435650,-0.435897,0.234832,-0.234832,0.234832,-0.234832,0.224345,-0.224837,0.229915,-0.231407,0.448296,0.186688,0.000000,0.000000,0.000000
8.442000,-0.000001,0.000001,0.593700,0.000000,0.000000,0.000000,-0.000315,0.000000,-0.024280,0.000017,0.511194,0.020596,-0.000014,0.151129,-0.026707,0.000732,0.488285,0.018944,-0.000206,0.125470,0.000000,0.000000,-0.000315,-0.000113,0.000875,-0.000314,0.438709,0.438709,-0.432620,-0.432620,0.448668,0.447993,-0.434309,-0.434493,0.234832,-0.234832,0.234832,-0.234832,0.224343,-0.224830,0.229917,-0.231402,0.445529,0.186113,0.000000,0.000000,0.000000
8.454000,-0.000001,0.000001,0.593700,0.000000,0.000000,0.000000,-0.000315,0.000000,-0.024034,0.000017,0.512997,0.020387,-0.000014,0.149330,-0.026465,0.000730,0.489802,0.019388,-0.000170,0.126674,0.000000,0.000000,-0.000315,-0.000114,0.000856,-0.000306,0.437410,0.437410,-0.431321,-0.431321,0.447449,0.446767,-0.432921,-0.433021,0.234832,-0.234832,0.234832,-0.234832,0.224339,-0.224826,0.229922,-0.231393,0.442714,0.185542,0.000000,0.000000,0.000000
8.466000,-0.000001,0.000001,0.593700,0.000000,0.000000,0.000000,-0.000315,0.000000,-0.023790,0.000017,0.514778,0.020181,-0.000014,0.147553,-0.026218,0.000728,0.491337,0.020153,-0.000133,0.128319,0.000000,0.000000,-0.000315,-0.000115,0.000835,-0.000305,0.436156,0.436156,-0.430067,-0.430067,0.446220,0.445592,-0.431463,-0.431467,0.234832,-0.234832,0.234832,-0.234832,0.224338,-0.224819,0.229924,-0.231388,0.439804,0.184967,0.000000,0.000000,0.000000
8.476000,-0.000001,0.000001,0.593700,0.000000,0.000000,0.000000,-0.000315,0.000000,-0.023590,0.000017,0.516246,0.020010,-0.000014,0.146088,-0.026007,0.000727,0.492634,0.020725,-0.000088,0.129298,0.000000,0.000000,-0.000315,-0.000116,0.000817,-0.000308,0.435145,0.435145,-0.429056,-0.429056,0.445162,0.444604,-0.430187,-0.430110,0.234832,-0.234832,0.234832,-0.234832,0.224337,-0.224813,0.229923,-0.231385,0.437303,0.184483,0.000000,0.000000,0.000000
8.488000,-0.000001,0.000001,0.593700,0.000000,0.000000,0.000000,-0.000315,0.000000,-0.023351,0.000017,0.517989,0.019808,-0.000014,0.144350,-0.025750,0.000726,0.494191,0.021747,-0.000086,0.129867,0.000000,0.000000,-0.000315,-0.000117,0.000796,-0.000314,0.433971,0.433971,-0.427881,-0.427881,0.443839,0.443381,-0.428605,-0.428526,0.234832,-0.234832,0.234832,-0.234832,0.224338,-0.224804,0.229921,-0.231383,0.434313,0.183900,0.000000,0.000000,0.000000
8.500000,-0.000001,0.000001,0.593700,0.000000,0.000000,0.000000,-0.000315,0.000000,-0.023114,0.000016,0.519711,0.019607,-0.000013,0.142623,-0.025494,0.000725,0.495769,0.022002,-0.000066,0.131502,0.000000,0.000000,-0.000315,-0.000117,0.000782,-0.000316,0.432837,0.432837,-0.426748,-0.426748,0.442455,0.442107,-0.427088,-0.427037,0.234832,-0.234832,0.234832,-0.234832,0.224336,-0.224796,0.229920,-0.231381,0.431394,0.183315,0.000000,0.000000,0.000000
8.512000,-0.000001,0.000001,0.593700,0.000000,0.000000,0.000000,-0.000315,0.000000,-0.022880,0.000016,0.521411,0.019408,-0.000013,0.140776,-0.025242,0.000724,0.497365,0.021577,-0.000048,0.132499,0.000000,0.000000,-0.000315,-0.000118,0.000774,-0.000318,0.431743,0.431743,-0.425654,-0.425654,0.441014,0.440780,-0.425646,-0.425638,0.234832,-0.234832,0.234832,-0.234832,0.224334,-0.224790,0.229918,-0.231378,0.428554,0.182725,0.000000,0.000000,0.000000
8.524000,-0.000001,0.000001,0.593700,0.000000,0.000000,0.000000,-0.000315,0.000000,-0.022648,0.000016,0.523086,0.019212,-0.000013,0.138234,-0.024999,0.000724,0.498972,0.020911,-0.000007,0.132912,0.000000,0.000000,-0.000315,-0.000118,0.000776,-0.000320,0.430688,0.430688,-0.424598,-0.424598,0.439523,0.439405,-0.424279,-0.424323,0.234832,-0.234832,0.234832,-0.234832,0.224331,-0.224783,0.229917,-0.231375,0.425799,0.182134,0.000000,0.000000,0.000000
8.536000,-0.000001,0.000001,0.593700,0.000000,0.000000,0.000000,-0.000315,0.000000,-0.022419,0.000016,0.524727,0.019017,-0.000013,0.135166,-0.024763,0.000723,0.500561,0.019948,-0.000077,0.132142,0.000000,0.000000,-0.000315,-0.000117,0.000785,-0.000334,0.429669,0.429669,-0.423579,-0.423579,0.438086,0.437987,-0.422991,-0.423110,0.234832,-0.234832,0.234832,-0.234832,0.224333,-0.224773,0.229910,-0.231377,0.423155,0.181559,0.000000,0.000000,0.000000
8.548000,-0.000001,0.000001,0.593700,0.000000,0.000000,0.000000,-0.000315,0.000000,-0.022192,0.000016,0.526330,0.018825,-0.000013,0.132040,-0.024536,0.000722,0.502145,0.018914,-0.000097,0.131389,0.000000,0.000000,-0.000315,-0.000114,0.000796,-0.000342,0.428686,0.428686,-0.422596,-0.422596,0.436770,0.436563,-0.421805,-0.422013,0.234832,-0.234832,0.234832,-0.234832,0.224333,-0.224764,0.229903,-0.231379,0.420636,0.180988,0.000000,0.000000,0.000000
8.560000,-0.000001,0.000001,0.593700,0.000000,0.000000,0.000000,-0.000315,0.000000,-0.021967,0.000016,0.527896,0.018634,-0.000013,0.128970,-0.024316,0.000721,0.503719,0.017862,-0.000117,0.131469,0.000000,0.000000,-0.000315,-0.000113,0.000805,-0.000339,0.427737,0.427737,-0.421647,-0.421647,0.435588,0.435257,-0.420726,-0.420956,0.234832,-0.234832,0.234832,-0.234832,0.224330,-0.224760,0.229903,-0.231375,0.418225,0.180416,0.000000,0.000000,0.000000
8.572000,-0.000001,0.000001,0.593700,0.000000,0.000000,0.000000,-0.000315,0.000000,-0.021745,0.000015,0.529426,0.018445,-0.000013,0.125972,-0.024099,0.000719,0.505296,0.017219,-0.000155,0.131606,0.000000,0.000000,-0.000315,-0.000112,0.000809,-0.000337,0.426821,0.426821,-0.420732,-0.420732,0.434530,0.434083,-0.419684,-0.419867,0.234832,-0.234832,0.234832,-0.234832,0.224327,-0.224755,0.229904,-0.231371,0.415857,0.179851,0.000000,0.000000,0.000000
8.584000,-0.000001,0.000001,0.593700,0.000000,0.000000,0.000000,-0.000315,0.000000,-0.021524,0.000015,0.530920,0.018258,-0.000012,0.123043,-0.023881,0.000718,0.506860,0.017722,-0.000171,0.130719,0.000000,0.000000,-0.000315,-0.000112,0.000805,-0.000340,0.425938,0.425938,-0.419848,-0.419848,0.433579,0.433033,-0.418621,-0.418834,0.234832,-0.234832,0.234832,-0.234832,0.224326,-0.224748,0.229903,-0.231369,0.413535,0.179289,0.000000,0.000000,0.000000
8.596000,-0.000001,0.000001,0.593700,0.000000,0.000000,0.000000,-0.000315,0.000000,-0.021306,0.000015,0.532379,0.018073,-0.000012,0.120183,-0.023661,0.000716,0.508426,0.018305,-0.000184,0.131112,0.000000,0.000000,-0.000315,-0.000110,0.000794,-0.000340,0.425085,0.425085,-0.418996,-0.418996,0.432718,0.432090,-0.417641,-0.417929,0.234832,-0.234832,0.234832,-0.234832,0.224324,-0.224741,0.229903,-0.231366,0.411338,0.178739,0.000000,0.000000,0.000000
8.608000,-0.000001,0.000001,0.593700,0.000000,0.000000,0.000000,-0.000315,0.000000,-0.021091,0.000015,0.533804,0.017890,-0.000012,0.117389,-0.023443,0.000713,0.510001,0.018138,-0.000192,0.131238,0.000000,0.000000,-0.000315,-0.000109,0.000778,-0.000338,0.424262,0.424262,-0.418173,-0.418173,0.431934,0.431240,-0.416774,-0.417121,0.234832,-0.234832,0.234832,-0.234832,0.224321,-0.224736,0.229905,-0.231361,0.409249,0.178187,0.000000,0.000000,0.000000
8.620000,-0.000001,0.000001,0.593700,0.000000,0.000000,0.000000,-0.000315,0.000000,-0.020877,0.000015,0.535196,0.017709,-0.000012,0.114661,-0.023228,0.000711,0.511577,0.017774,-0.000186,0.130932,0.000000,0.000000,-0.000315,-0.000109,0.000760,-0.000335,0.423468,0.423468,-0.417379,-0.417379,0.431218,0.430473,-0.415993,-0.416375,0.234832,-0.234832,0.234832,-0.234832,0.224318,-0.224730,0.229908,-0.231356,0.407247,0.177638,0.000000,0.000000,0.000000
8.632000,-0.000001,0.000001,0.593700,0.000000,0.000000,0.000000,-0.000315,0.000000,-0.020666,0.000015,0.536556,0.017530,-0.000012,0.111996,-0.023017,0.000709,0.513148,0.017445,-0.000182,0.130282,0.000000,0.000000,-0.000315,-0.000108,0.000742,-0.000334,0.422702,0.422702,-0.416612,-0.416612,0.430561,0.429778,-0.415272,-0.415676,0.234832,-0.234832,0.234832,-0.234832,0.224316,-0.224724,0.229909,-0.231352,0.405315,0.177094,0.000000,0.000000,0.000000
8.644000,-0.000001,0.000001,0.593700,0.000000,0.000000,0.000000,-0.000315,0.000000,-0.020456,0.000015,0.537885,0.017352,-0.000012,0.109392,-0.022808,0.000707,0.514709,0.017239,-0.000178,0.129386,0.000000,0.000000,-0.000315,-0.000108,0.000725,-0.000332,0.421962,0.421962,-0.415873,-0.415873,0.429954,0.429144,-0.414596,-0.415017,0.234832,-0.234832,0.234832,-0.234832,0.224314,-0.224717,0.229911,-0.231348,0.403441,0.176557,0.000000,0.000000,0.000000
8.656000,-0.000001,0.000001,0.593700,0.000000,0.000000,0.000000,-0.000315,0.000000,-0.020249,0.000014,0.539182,0.017177,-0.000012,0.106850,-0.022602,0.000705,0.516257,0.017146,-0.000163,0.128284,0.000000,0.000000,-0.000315,-0.000108,0.000709,-0.000328,0.421248,0.421248,-0.415159,-0.415159,0.429368,0.428561,-0.413956,-0.414395,0.234832,-0.234832,0.234832,-0.234832,0.224312,-0.224712,0.229913,-0.231342,0.401621,0.176029,0.000000,0.000000,0.000000
8.668000,-0.000001,0.000001,0.593700,0.000000,0.000000,0.000000,-0.000315,0.000000,-0.020044,0.000014,0.540449,0.017003,-0.000012,0.104366,-0.022398,0.000703,0.517792,0.017006,-0.000136,0.127187,0.000000,0.000000,-0.000315,-0.000108,0.000695,-0.000323,0.420559,0.420559,-0.414470,-0.414470,0.428775,0.428020,-0.413349,-0.413808,0.234832,-0.234832,0.234832,-0.234832,0.224309,-0.224707,0.229916,-0.231337,0.399851,0.175509,0.000000,0.000000,0.000000
8.680000,-0.000001,0.000001,0.593700,0.000000,0.000000,0.000000,-0.000315,0.000000,-0.019841,0.000014,0.541687,0.016830,-0.000011,0.101940,-0.022197,0.000701,0.519311,0.016854,-0.000105,0.125890,0.000000,0.000000,-0.000315,-0.000109,0.000684,-0.000320,0.419895,0.419895,-0.413805,-0.413805,0.428165,0.427505,-0.412775,-0.413254,0.234832,-0.234832,0.234832,-0.234832,0.224306,-0.224703,0.229918,-0.231331,0.398130,0.174996,0.000000,0.000000,0.000000
8.692000,-0.000001,0.000001,0.593700,0.000000,0.000000,0.000000,-0.000315,0.000000,-0.019640,0.000014,0.542896,0.016660,-0.000011,0.099570,-0.021999,0.000700,0.520816,0.016638,-0.000077,0.124618,0.000000,0.000000,-0.000315,-0.000110,0.000676,-0.000317,0.419253,0.419253,-0.413164,-0.413164,0.427532,0.426990,-0.412230,-0.412730,0.234832,-0.234832,0.234832,-0.234832,0.224304,-0.224698,0.229919,-0.231327,0.396456,0.174489,0.000000,0.000000,0.000000
8.704000,-0.000001,0.000001,0.593700,0.000000,0.000000,0.000000,-0.000315,0.000000,-0.019441,0.000014,0.544077,0.016491,-0.000011,0.097256,-0.021805,0.000699,0.522302,0.016270,-0.000043,0.123101,0.000000,0.000000,-0.000315,-0.000110,0.000671,-0.000314,0.418634,0.418634,-0.412545,-0.412545,0.426876,0.426463,-0.411711,-0.412218,0.234832,-0.234832,0.234832,-0.234832,0.224301,-0.224694,0.229920,-0.231323,0.394827,0.173990,0.000000,0.000000,0.000000
8.716000,-0.000001,0.000001,0.593700,0.000000,0.000000,0.000000,-0.000315,0.000000,-0.019244,0.000014,0.545230,0.016324,-0.000011,0.094995,-0.021614,0.000699,0.523770,0.015881,-0.000012,0.121629,0.000000,0.000000,-0.000315,-0.000112,0.000671,-0.000309,0.418037,0.418037,-0.411947,-0.411947,0.426197,0.425918,-0.411215,-0.411681,0.234832,-0.234832,0.234832,-0.234832,0.224297,-0.224691,0.229922,-0.231318,0.393224,0.173498,0.000000,0.000000,0.000000
8.726000,-0.000001,0.000001,0.593700,0.000000,0.000000,0.000000,-0.000315,0.000000,-0.019082,0.000014,0.546171,0.016186,-0.000011,0.093152,-0.021458,0.000699,0.524979,0.015590,0.000015,0.120352,0.000000,0.000000,-0.000315,-0.000113,0.000673,-0.000305,0.417555,0.417555,-0.411466,-0.411466,0.425615,0.425448,-0.410796,-0.411199,0.234832,-0.234832,0.234832,-0.234832,0.224293,-0.224688,0.229923,-0.231315,0.391894,0.173095,0.000000,0.000000,0.000000
8.738000,-0.000001,0.000001,0.593700,0.000000,0.000000,0.000000,-0.000315,0.000000,-0.018889,0.000014,0.547276,0.016022,-0.000011,0.090986,-0.021272,0.000699,0.526415,0.015417,0.000049,0.118990,0.000000,0.000000,-0.000315,-0.000114,0.000677,-0.000301,0.416995,0.416995,-0.410906,-0.410906,0.424895,0.424865,-0.410264,-0.410576,0.234832,-0.234832,0.234832,-0.234832,0.224289,-0.224686,0.229924,-0.231311,0.390284,0.172619,0.000000,0.000000,0.000000
8.750000,-0.000001,0.000001,0.593700,0.000000,0.000000,0.000000,-0.000315,0.000000,-0.018697,0.000013,0.548355,0.015860,-0.000011,0.088872,-0.021085,0.000700,0.527835,0.015415,0.000080,0.117635,0.000000,0.000000,-0.000315,-0.000115,0.000681,-0.000296,0.416455,0.416455,-0.410366,-0.410366,0.424151,0.424259,-0.409687,-0.409902,0.234832,-0.234832,0.234832,-0.234832,0.224284,-0.224683,0.229924,-0.231308,0.388648,0.172151,0.000000,0.000000,0.000000
8.762000,-0.000001,0.000001,0.593700,0.000000,0.000000,0.000000,-0.000315,0.000000,-0.018508,0.000013,0.549409,0.015700,-0.000011,0.086806,-0.020898,0.000701,0.529240,0.015514,0.000110,0.116230,0.000000,0.000000,-0.000315,-0.000116,0.000686,-0.000292,0.415934,0.415934,-0.409845,-0.409845,0.423384,0.423629,-0.409065,-0.409180,0.234832,-0.234832,0.234832,-0.234832,0.224279,-0.224682,0.229924,-0.231305,0.386986,0.171690,0.000000,0.000000,0.000000
8.774000,-0.000001,0.000001,0.593700,0.000000,0.000000,0.000000,-0.000315,0.000000,-0.018321,0.000013,0.550439,0.015541,-0.000011,0.084788,-0.020709,0.000702,0.530628,0.015659,0.000138,0.114766,0.000000,0.000000,-0.000315,-0.000118,0.000690,-0.000288,0.415431,0.415431,-0.409342,-0.409342,0.422592,0.422976,-0.408396,-0.408411,0.234832,-0.234832,0.234832,-0.234832,0.224273,-0.224681,0.229924,-0.231303,0.385299,0.171237,0.000000,0.000000,0.000000
8.786000,-0.000001,0.000001,0.593700,0.000000,0.000000,0.000000,-0.000315,0.000000,-0.018135,0.000013,0.551444,0.015383,-0.000011,0.082817,-0.020518,0.000704,0.531999,0.015823,0.000163,0.113253,0.000000,0.000000,-0.000315,-0.000119,0.000695,-0.000284,0.414946,0.414946,-0.408856,-0.408856,0.421777,0.422299,-0.407681,-0.407599,0.234832,-0.234832,0.234832,-0.234832,0.224267,-0.224680,0.229923,-0.231301,0.383590,0.170791,0.000000,0.000000,0.000000
8.798000,-0.000001,0.000001,0.593700,0.000000,0.000000,0.000000,-0.000315,0.000000,-0.017951,0.000013,0.552426,0.015227,-0.000010,0.080892,-0.020325,0.000706,0.533352,0.015993,0.000187,0.111703,0.000000,0.000000,-0.000315,-0.000120,0.000699,-0.000279,0.414477,0.414477,-0.408388,-0.408388,0.420940,0.421599,-0.406923,-0.406743,0.234832,-0.234832,0.234832,-0.234832,0.224261,-0.224679,0.229921,-0.231299,0.381859,0.170353,0.000000,0.000000,0.000000
8.810000,-0.000001,0.000001,0.593700,0.000000,0.000000,0.000000,-0.000315,0.000000,-0.017770,0.000013,0.553386,0.015073,-0.000010,0.079012,-0.020130,0.000708,0.534675,0.016439,0.000211,0.109462,0.000000,0.000000,-0.000315,-0.000121,0.000704,-0.000280,0.414025,0.414025,-0.407936,-0.407936,0.420080,0.420880,-0.406122,-0.405907,0.234832,-0.234832,0.234832,-0.234832,0.224255,-0.224678,0.229918,-0.231299,0.380146,0.169923,0.000000,0.000000,0.000000
8.822000,-0.000001,0.000001,0.593700,0.000000,0.000000,0.000000,-0.000315,0.000000,-0.017590,0.000013,0.554323,0.014920,-0.000010,0.077175,-0.019934,0.000711,0.535971,0.016453,0.000171,0.107026,0.000000,0.000000,-0.000315,-0.000121,0.000709,-0.000286,0.413589,0.413589,-0.407499,-0.407499,0.419226,0.420144,-0.405290,-0.405182,0.234832,-0.234832,0.234832,-0.234832,0.224252,-0.224675,0.229913,-0.231302,0.378491,0.169505,0.000000,0.000000,0.000000
8.834000,-0.000001,0.000001,0.593700,0.000000,0.000000,0.000000,-0.000315,0.000000,-0.017411,0.000013,0.555238,0.014769,-0.000010,0.075381,-0.019741,0.000712,0.537244,0.016402,0.000139,0.105918,0.000000,0.000000,-0.000315,-0.000120,0.000713,-0.000294,0.413168,0.413168,-0.407078,-0.407078,0.418448,0.419395,-0.404535,-0.404557,0.234832,-0.234832,0.234832,-0.234832,0.224250,-0.224671,0.229906,-0.231307,0.376938,0.169103,0.000000,0.000000,0.000000
8.846000,-0.000001,0.000001,0.593700,0.000000,0.000000,0.000000,-0.000315,0.000000,-0.017235,0.000012,0.556132,0.014620,-0.000010,0.073629,-0.019551,0.000714,0.538507,0.016043,0.000098,0.104652,0.000000,0.000000,-0.000315,-0.000118,0.000717,-0.000303,0.412761,0.412761,-0.406672,-0.406672,0.417751,0.418635,-0.403875,-0.404018,0.234832,-0.234832,0.234832,-0.234832,0.224248,-0.224667,0.229899,-0.231311,0.375482,0.168705,0.000000,0.000000,0.000000
8.858000,-0.000001,0.000001,0.593700,0.000000,0.000000,0.000000,-0.000315,0.000000,-0.017061,0.000012,0.557005,0.014472,-0.000010,0.071918,-0.019366,0.000715,0.539755,0.015603,0.000045,0.103134,0.000000,0.000000,-0.000315,-0.000116,0.000721,-0.000313,0.412369,0.412369,-0.406280,-0.406280,0.417130,0.417867,-0.403301,-0.403552,0.234832,-0.234832,0.234832,-0.234832,0.224247,-0.224662,0.229892,-0.231316,0.374119,0.168314,0.000000,0.000000,0.000000
8.870000,-0.000001,0.000001,0.593700,0.000000,0.000000,0.000000,-0.000315,0.000000,-0.016888,0.000012,0.557858,0.014325,-0.000010,0.070246,-0.019185,0.000715,0.540984,0.015163,-0.000027,0.101447,0.000000,0.000000,-0.000315,-0.000113,0.000725,-0.000322,0.411991,0.411991,-0.405901,-0.405901,0.416578,0.417092,-0.402802,-0.403150,0.234832,-0.234832,0.234832,-0.234832,0.224246,-0.224657,0.229886,-0.231320,0.372840,0.167931,0.000000,0.000000,0.000000
8.882000,-0.000001,0.000001,0.593700,0.000000,0.000000,0.000000,-0.000315,0.000000,-0.016717,0.000012,0.558691,0.014180,-0.000010,0.068613,-0.019009,0.000715,0.542184,0.014529,-0.000054,0.099367,0.000000,0.000000,-0.000315,-0.000110,0.000728,-0.000326,0.411626,0.411626,-0.405536,-0.405536,0.416090,0.416361,-0.402366,-0.402801,0.234832,-0.234832,0.234832,-0.234832,0.224244,-0.224654,0.229881,-0.231322,0.371636,0.167556,0.000000,0.000000,0.000000
8.894000,-0.000001,0.000001,0.593700,0.000000,0.000000,0.000000,-0.000315,0.000000,-0.016547,0.000012,0.559505,0.014036,-0.000010,0.067018,-0.018838,0.000714,0.543366,0.014129,-0.000097,0.097812,0.000000,0.000000,-0.000315,-0.000108,0.000730,-0.000327,0.411273,0.411273,-0.405184,-0.405184,0.415655,0.415707,-0.401985,-0.402497,0.234832,-0.234832,0.234832,-0.234832,0.224242,-0.224651,0.229879,-0.231322,0.370496,0.167189,0.000000,0.000000,0.000000
8.906000,-0.000001,0.000001,0.593700,0.000000,0.000000,0.000000,-0.000315,0.000000,-0.016380,0.000012,0.560300,0.013894,-0.000009,0.065461,-0.018670,0.000713,0.544530,0.013885,-0.000130,0.096205,0.000000,0.000000,-0.000315,-0.000106,0.000730,-0.000328,0.410933,0.410933,-0.404844,-0.404844,0.415265,0.415126,-0.401652,-0.402233,0.234832,-0.234832,0.234832,-0.234832,0.224240,-0.224647,0.229878,-0.231320,0.369415,0.166830,0.000000,0.000000,0.000000
8.918000,-0.000001,0.000001,0.593700,0.000000,0.000000,0.000000,-0.000315,0.000000,-0.016214,0.000012,0.561076,0.013754,-0.000009,0.063939,-0.018503,0.000711,0.545674,0.013700,-0.000153,0.094564,0.000000,0.000000,-0.000315,-0.000105,0.000728,-0.000329,0.410605,0.410605,-0.404516,-0.404516,0.414910,0.414613,-0.401363,-0.402004,0.234832,-0.234832,0.234832,-0.234832,0.224239,-0.224643,0.229878,-0.231318,0.368390,0.166478,0.000000,0.000000,0.000000
8.930000,-0.000001,0.000001,0.593700,0.000000,0.000000,0.000000,-0.000315,0.000000,-0.016050,0.000012,0.561835,0.013614,-0.000009,0.062453,-0.018339,0.000710,0.546798,0.013526,-0.000170,0.092909,0.000000,0.000000,-0.000315,-0.000103,0.000724,-0.000330,0.410288,0.410288,-0.404199,-0.404199,0.414586,0.414158,-0.401112,-0.401805,0.234832,-0.234832,0.234832,-0.234832,0.224239,-0.224639,0.229878,-0.231316,0.367414,0.166135,0.000000,0.000000,0.000000
8.942000,-0.000001,0.000001,0.593700,0.000000,0.000000,0.000000,-0.000315,0.000000,-0.015887,0.000011,0.562575,0.013476,-0.000009,0.061001,-0.018178,0.000708,0.547902,0.013349,-0.000180,0.091256,0.000000,0.000000,-0.000315,-0.000102,0.000719,-0.000331,0.409983,0.409983,-0.403893,-0.403893,0.414285,0.413753,-0.400895,-0.401632,0.234832,-0.234832,0.234832,-0.234832,0.224239,-0.224634,0.229879,-0.231313,0.366484,0.165799,0.000000,0.000000,0.000000
8.954000,-0.000001,0.000001,0.593700,0.000000,0.000000,0.000000,-0.000315,0.000000,-0.015726,0.000011,0.563299,0.013340,-0.000009,0.059583,-0.018018,0.000705,0.548986,0.013169,-0.000185,0.089612,0.000000,0.000000,-0.000315,-0.000102,0.000714,-0.000331,0.409688,0.409688,-0.403598,-0.403598,0.414005,0.413389,-0.400705,-0.401482,0.234832,-0.234832,0.234832,-0.234832,0.224239,-0.224629,0.229879,-0.231310,0.365595,0.165471,0.000000,0.000000,0.000000
8.966000,-0.000001,0.000001,0.593700,0.000000,0.000000,0.000000,-0.000315,0.000000,-0.015567,0.000011,0.564006,0.013205,-0.000009,0.058198,-0.017861,0.000703,0.550049,0.012940,-0.000183,0.087875,0.000000,0.000000,-0.000315,-0.000101,0.000709,-0.000332,0.409403,0.409403,-0.403314,-0.403314,0.413743,0.413060,-0.400540,-0.401342,0.234832,-0.234832,0.234832,-0.234832,0.224239,-0.224624,0.229880,-0.231307,0.364742,0.165150,0.000000,0.000000,0.000000
8.976000,-0.000001,0.000001,0.593700,0.000000,0.000000,0.000000,-0.000315,0.000000,-0.015436,0.000011,0.564582,0.013093,-0.000009,0.057069,-0.017732,0.000701,0.550919,0.012765,-0.000178,0.086524,0.000000,0.000000,-0.000315,-0.000101,0.000705,-0.000332,0.409173,0.409173,-0.403084,-0.403084,0.413536,0.412809,-0.400419,-0.401216,0.234832,-0.234832,0.234832,-0.234832,0.224240,-0.224620,0.229881,-0.231304,0.364051,0.164888,0.000000,0.000000,0.000000
8.988000,-0.000001,0.000001,0.593700,0.000000,0.000000,0.000000,-0.000315,0.000000,-0.015279,0.000011,0.565259,0.012961,-0.000009,0.055742,-0.017578,0.000699,0.551946,0.012620,-0.000166,0.084985,0.000000,0.000000,-0.000315,-0.000101,0.000701,-0.000332,0.408907,0.408907,-0.402817,-0.402817,0.413300,0.412529,-0.400289,-0.401044,0.234832,-0.234832,0.234832,-0.234832,0.224240,-0.224616,0.229883,-0.231301,0.363233,0.164579,0.000000,0.000000,0.000000
9.000000,-0.000001,0.000001,0.593700,0.000000,0.000000,0.000000,-0.000315,0.000000,-0.015125,0.000011,0.565920,0.012829,-0.000009,0.054446,-0.017426,0.000697,0.552954,0.012487,-0.000152,0.083368,0.000000,0.000000,-0.000315,-0.000101,0.000696,-0.000331,0.408649,0.408649,-0.402560,-0.402560,0.413075,0.412270,-0.400167,-0.400845,0.234832,-0.234832,0.234832,-0.234832,0.224240,-0.224611,0.229885,-0.231297,0.362426,0.164277,0.000000,0.000000,0.000000
9.012000,-0.000001,0.000001,0.593700,0.000000,0.000000,0.000000,-0.000315,0.000000,-0.014971,0.000011,0.566565,0.012699,-0.000009,0.053181,-0.017274,0.000696,0.553942,0.012410,-0.000135,0.081864,0.000000,0.000000,-0.000315,-0.000101,0.000691,-0.000331,0.408401,0.408401,-0.402312,-0.402312,0.412858,0.412026,-0.400033,-0.400618,0.234832,-0.234832,0.234832,-0.234832,0.224240,-0.224607,0.229886,-0.231294,0.361619,0.163983,0.000000,0.000000,0.000000
9.024000,-0.000001,0.000001,0.593700,0.000000,0.000000,0.000000,-0.000315,0.000000,-0.014820,0.000011,0.567196,0.012571,-0.000009,0.051945,-0.017122,0.000694,0.554914,0.012409,-0.000118,0.080419,0.000000,0.000000,-0.000315,-0.000101,0.000686,-0.000330,0.408161,0.408161,-0.402072,-0.402072,0.412648,0.411796,-0.399878,-0.400362,0.234832,-0.234832,0.234832,-0.234832,0.224240,-0.224603,0.229888,-0.231291,0.360804,0.163695,0.000000,0.000000,0.000000
9.036000,-0.000001,0.000001,0.593700,0.000000,0.000000,0.000000,-0.000315,0.000000,-0.014670,0.000011,0.567812,0.012444,-0.000008,0.050737,-0.016970,0.000693,0.555869,0.012457,-0.000101,0.078986,0.000000,0.000000,-0.000315,-0.000102,0.000681,-0.000329,0.407930,0.407930,-0.401841,-0.401841,0.412444,0.411575,-0.399698,-0.400079,0.234832,-0.234832,0.234832,-0.234832,0.224239,-0.224599,0.229889,-0.231288,0.359979,0.163413,0.000000,0.000000,0.000000
9.048000,-0.000001,0.000001,0.593700,0.000000,0.000000,0.000000,-0.000315,0.000000,-0.014521,0.000011,0.568414,0.012317,-0.000008,0.049558,-0.016818,0.000691,0.556807,0.012527,-0.000085,0.077554,0.000000,0.000000,-0.000315,-0.000102,0.000675,-0.000329,0.407707,0.407707,-0.401617,-0.401617,0.412244,0.411363,-0.399493,-0.399770,0.234832,-0.234832,0.234832,-0.234832,0.224239,-0.224595,0.229890,-0.231285,0.359144,0.163137,0.000000,0.000000,0.000000
9.060000,-0.000001,0.000001,0.593700,0.000000,0.000000,0.000000,-0.000315,0.000000,-0.014374,0.000010,0.569002,0.012193,-0.000008,0.048406,-0.016664,0.000690,0.557728,0.012606,-0.000070,0.076127,0.000000,0.000000,-0.000315,-0.000102,0.000670,-0.000328,0.407491,0.407491,-0.401402,-0.401402,0.412047,0.411156,-0.399263,-0.399436,0.234832,-0.234832,0.234832,-0.234832,0.224238,-0.224592,0.229891,-0.231282,0.358300,0.162866,0.000000,0.000000,0.000000
9.072000,-0.000001,0.000001,0.593700,0.000000,0.000000,0.000000,-0.000315,0.000000,-0.014228,0.000010,0.569576,0.012069,-0.000008,0.047281,-0.016509,0.000690,0.558632,0.012686,-0.000056,0.074709,0.000000,0.000000,-0.000315,-0.000103,0.000664,-0.000327,0.407284,0.407284,-0.401194,-0.401194,0.411853,0.410955,-0.399008,-0.399078,0.234832,-0.234832,0.234832,-0.234832,0.224237,-0.224589,0.229891,-0.231280,0.357448,0.162602,0.000000,0.000000,0.000000
9.084000,-0.000001,0.000001,0.593700,0.000000,0.000000,0.000000,-0.000315,0.000000,-0.014084,0.000010,0.570137,0.011947,-0.000008,0.046182,-0.016354,0.000689,0.559519,0.012768,-0.000042,0.073306,0.000000,0.000000,-0.000315,-0.000103,0.000658,-0.000326,0.407083,0.407083,-0.400994,-0.400994,0.411662,0.410758,-0.398729,-0.398696,0.234832,-0.234832,0.234832,-0.234832,0.224236,-0.224587,0.229892,-0.231278,0.356586,0.162343,0.000000,0.000000,0.000000
9.096000,-0.000001,0.000001,0.593700,0.000000,0.000000,0.000000,-0.000315,0.000000,-0.013942,0.000010,0.570684,0.011826,-0.000008,0.045108,-0.016198,0.000689,0.560390,0.012849,-0.000030,0.071919,0.000000,0.000000,-0.000315,-0.000104,0.000652,-0.000325,0.406889,0.406889,-0.400800,-0.400800,0.411473,0.410565,-0.398425,-0.398291,0.234832,-0.234832,0.234832,-0.234832,0.224235,-0.224584,0.229892,-0.231276,0.355716,0.162090,0.000000,0.000000,0.000000
9.108000,-0.000001,0.000001,0.593700,0.000000,0.000000,0.000000,-0.000315,0.000000,-0.013801,0.000010,0.571219,0.011706,-0.000008,0.044060,-0.016041,0.000688,0.561244,0.012931,-0.000018,0.070550,0.000000,0.000000,-0.000315,-0.000104,0.000646,-0.000324,0.406703,0.406703,-0.400613,-0.400613,0.411287,0.410376,-0.398098,-0.397863,0.234832,-0.234832,0.234832,-0.234832,0.224233,-0.224582,0.229892,-0.231274,0.354837,0.161843,0.000000,0.000000,0.000000
9.120000,-0.000001,0.000001,0.593700,0.000000,0.000000,0.000000,-0.000315,0.000000,-0.013661,0.000010,0.571742,0.011588,-0.000008,0.043036,-0.015883,0.000688,0.562082,0.013015,-0.000007,0.069200,0.000000,0.000000,-0.000315,-0.000104,0.000640,-0.000323,0.406522,0.406522,-0.400433,-0.400433,0.411103,0.410190,-0.397748,-0.397413,0.234832,-0.234832,0.234832,-0.234832,0.224232,-0.224580,0.229892,-0.231272,0.353950,0.161601,0.000000,0.000000,0.000000
9.132000,-0.000001,0.000001,0.593700,0.000000,0.000000,0.000000,-0.000315,0.000000,-0.013522,0.000010,0.572252,0.011470,-0.000008,0.042035,-0.015724,0.000688,0.562904,0.013099,0.000003,0.067869,0.000000,0.000000,-0.000315,-0.000105,0.000634,-0.000322,0.406348,0.406348,-0.400259,-0.400259,0.410921,0.410006,-0.397376,-0.396941,0.234832,-0.234832,0.234832,-0.234832,0.224230,-0.224578,0.229892,-0.231270,0.353055,0.161364,0.000000,0.000000,0.000000
9.144000,-0.000001,0.000001,0.593700,0.000000,0.000000,0.000000,-0.000315,0.000000,-0.013385,0.000010,0.572751,0.011354,-0.000008,0.041058,-0.015564,0.000688,0.563709,0.013197,0.000023,0.066327,0.000000,0.000000,-0.000315,-0.000105,0.000628,-0.000321,0.406180,0.406180,-0.400091,-0.400091,0.410741,0.409826,-0.396981,-0.396450,0.234832,-0.234832,0.234832,-0.234832,0.224228,-0.224577,0.229892,-0.231269,0.352153,0.161134,0.000000,0.000000,0.000000
9.156000,-0.000001,0.000001,0.593700,0.000000,0.000000,0.000000,-0.000315,0.000000,-0.013250,0.000010,0.573238,0.011239,-0.000008,0.040104,-0.015403,0.000688,0.564491,0.013488,0.000018,0.064894,0.000000,0.000000,-0.000315,-0.000105,0.000622,-0.000324,0.406018,0.406018,-0.399929,-0.399929,0.410562,0.409649,-0.396565,-0.396006,0.234832,-0.234832,0.234832,-0.234832,0.224228,-0.224574,0.229890,-0.231269,0.351279,0.160907,0.000000,0.000000,0.000000
9.168000,-0.000001,0.000001,0.593700,0.000000,0.000000,0.000000,-0.000315,0.000000,-0.013116,0.000010,0.573713,0.011125,-0.000008,0.039172,-0.015242,0.000688,0.565262,0.013457,0.000002,0.063784,0.000000,0.000000,-0.000315,-0.000105,0.000617,-0.000327,0.405862,0.405862,-0.399772,-0.399772,0.410386,0.409476,-0.396126,-0.395640,0.234832,-0.234832,0.234832,-0.234832,0.224227,-0.224571,0.229888,-0.231270,0.350437,0.160684,0.000000,0.000000,0.000000
9.180000,-0.000001,0.000001,0.593700,0.000000,0.000000,0.000000,-0.000315,0.000000,-0.012983,0.000010,0.574178,0.011013,-0.000008,0.038261,-0.015083,0.000688,0.566019,0.013283,-0.000023,0.062578,0.000000,0.000000,-0.000315,-0.000104,0.000613,-0.000332,0.405711,0.405711,-0.399622,-0.399622,0.410214,0.409308,-0.395664,-0.395340,0.234832,-0.234832,0.234832,-0.234832,0.224227,-0.224568,0.229885,-0.231271,0.349624,0.160466,0.000000,0.000000,0.000000
9.192000,-0.000001,0.000001,0.593700,0.000000,0.000000,0.000000,-0.000315,0.000000,-0.012851,0.000009,0.574632,0.010901,-0.000007,0.037372,-0.014926,0.000688,0.566754,0.013295,-0.000057,0.060946,0.000000,0.000000,-0.000315,-0.000103,0.000609,-0.000333,0.405565,0.405565,-0.399476,-0.399476,0.410048,0.409145,-0.395226,-0.395098,0.234832,-0.234832,0.234832,-0.234832,0.224226,-0.224566,0.229884,-0.231271,0.348863,0.160258,0.000000,0.000000,0.000000
9.204000,-0.000001,0.000001,0.593700,0.000000,0.000000,0.000000,-0.000315,0.000000,-0.012721,0.000009,0.575075,0.010791,-0.000007,0.036503,-0.014772,0.000687,0.567477,0.013054,-0.000075,0.059841,0.000000,0.000000,-0.000315,-0.000102,0.000606,-0.000334,0.405425,0.405425,-0.399335,-0.399335,0.409889,0.408988,-0.394857,-0.394902,0.234832,-0.234832,0.234832,-0.234832,0.224225,-0.224564,0.229883,-0.231271,0.348161,0.160054,0.000000,0.000000,0.000000
9.216000,-0.000001,0.000001,0.593700,0.000000,0.000000,0.000000,-0.000315,0.000000,-0.012592,0.000009,0.575508,0.010681,-0.000007,0.035655,-0.014621,0.000686,0.568187,0.012680,-0.000088,0.058650,0.000000,0.000000,-0.000315,-0.000101,0.000604,-0.000334,0.405289,0.405289,-0.399200,-0.399200,0.409737,0.408837,-0.394549,-0.394744,0.234832,-0.234832,0.234832,-0.234832,0.224224,-0.224562,0.229883,-0.231270,0.347513,0.159854,0.000000,0.000000,0.000000
9.228000,-0.000001,0.000001,0.593700,0.000000,0.000000,0.000000,-0.000315,0.000000,-0.012465,0.000009,0.575931,0.010573,-0.000007,0.034826,-0.014475,0.000685,0.568883,0.012294,-0.000098,0.057406,0.000000,0.000000,-0.000315,-0.000100,0.000603,-0.000334,0.405158,0.405158,-0.399069,-0.399069,0.409593,0.408695,-0.394292,-0.394615,0.234832,-0.234832,0.234832,-0.234832,0.224224,-0.224559,0.229883,-0.231268,0.346911,0.159659,0.000000,0.000000,0.000000
9.240000,-0.000001,0.000001,0.593700,0.000000,0.000000,0.000000,-0.000315,0.000000,-0.012339,0.000009,0.576344,0.010466,-0.000007,0.034016,-0.014333,0.000684,0.569563,0.011938,-0.000104,0.056149,0.000000,0.000000,-0.000315,-0.000099,0.000603,-0.000334,0.405032,0.405032,-0.398943,-0.398943,0.409457,0.408559,-0.394079,-0.394511,0.234832,-0.234832,0.234832,-0.234832,0.224224,-0.224557,0.229883,-0.231267,0.346350,0.159468,0.000000,0.000000,0.000000
9.252000,-0.000001,0.000001,0.593700,0.000000,0.000000,0.000000,-0.000315,0.000000,-0.012214,0.000009,0.576747,0.010360,-0.000007,0.033226,-0.014194,0.000683,0.570228,0.011619,-0.000109,0.054904,0.000000,0.000000,-0.000315,-0.000099,0.000603,-0.000335,0.404910,0.404910,-0.398821,-0.398821,0.409327,0.408430,-0.393903,-0.394426,0.234832,-0.234832,0.234832,-0.234832,0.224223,-0.224554,0.229884,-0.231265,0.345825,0.159282,0.000000,0.000000,0.000000
9.264000,-0.000001,0.000001,0.593700,0.000000,0.000000,0.000000,-0.000315,0.000000,-0.012090,0.000009,0.577141,0.010255,-0.000007,0.032453,-0.014059,0.000681,0.570879,0.011332,-0.000111,0.053683,0.000000,0.000000,-0.000315,-0.000098,0.000603,-0.000335,0.404792,0.404792,-0.398703,-0.398703,0.409203,0.408306,-0.393757,-0.394358,0.234832,-0.234832,0.234832,-0.234832,0.224224,-0.224551,0.229884,-0.231263,0.345332,0.159100,0.000000,0.000000,0.000000
9.274000,-0.000001,0.000001,0.593700,0.000000,0.000000,0.000000,-0.000315,0.000000,-0.011988,0.000009,0.577463,0.010169,-0.000007,0.031823,-0.013948,0.000680,0.571409,0.011114,-0.000112,0.052689,0.000000,0.000000,-0.000315,-0.000098,0.000604,-0.000335,0.404697,0.404697,-0.398608,-0.398608,0.409104,0.408207,-0.393657,-0.394312,0.234832,-0.234832,0.234832,-0.234832,0.224224,-0.224549,0.229885,-0.231262,0.344942,0.158952,0.000000,0.000000,0.000000
9.286000,-0.000001,0.000001,0.593700,0.000000,0.000000,0.000000,-0.000315,0.000000,-0.011866,0.000009,0.577840,0.010066,-0.000007,0.031084,-0.013818,0.000679,0.572033,0.010873,-0.000112,0.051522,0.000000,0.000000,-0.000315,-0.000097,0.000605,-0.000336,0.404587,0.404587,-0.398498,-0.398498,0.408989,0.408092,-0.393557,-0.394267,0.234832,-0.234832,0.234832,-0.234832,0.224224,-0.224546,0.229886,-0.231260,0.344498,0.158778,0.000000,0.000000,0.000000
9.298000,-0.000001,0.000001,0.593700,0.000000,0.000000,0.000000,-0.000315,0.000000,-0.011746,0.000009,0.578209,0.009964,-0.000007,0.030361,-0.013690,0.000678,0.572644,0.010651,-0.000111,0.050384,0.000000,0.000000,-0.000315,-0.000097,0.000606,-0.000336,0.404481,0.404481,-0.398392,-0.398392,0.408878,0.407981,-0.393476,-0.394233,0.234832,-0.234832,0.234832,-0.234832,0.224224,-0.224543,0.229886,-0.231258,0.344076,0.158609,0.000000,0.000000,0.000000
9.310000,-0.000001,0.000001,0.593700,0.000000,0.000000,0.000000,-0.000315,0.000000,-0.011627,0.000009,0.578569,0.009863,-0.000007,0.029656,-0.013565,0.000676,0.573240,0.010446,-0.000109,0.049273,0.000000,0.000000,-0.000315,-0.000097,0.000607,-0.000336,0.404378,0.404378,-0.398289,-0.398289,0.408770,0.407873,-0.393411,-0.394207,0.234832,-0.234832,0.234832,-0.234832,0.224224,-0.224541,0.229887,-0.231257,0.343674,0.158443,0.000000,0.000000,0.000000
9.322000,-0.000001,0.000001,0.593700,0.000000,0.000000,0.000000,-0.000315,0.000000,-0.011510,0.000009,0.578921,0.009763,-0.000007,0.028966,-0.013442,0.000675,0.573824,0.010255,-0.000106,0.048187,0.000000,0.000000,-0.000315,-0.000097,0.000608,-0.000337,0.404279,0.404279,-0.398190,-0.398190,0.408665,0.407767,-0.393360,-0.394188,0.234832,-0.234832,0.234832,-0.234832,0.224225,-0.224538,0.229888,-0.231255,0.343290,0.158282,0.000000,0.000000,0.000000
9.334000,-0.000001,0.000001,0.593700,0.000000,0.000000,0.000000,-0.000315,0.000000,-0.011393,0.000008,0.579264,0.009664,-0.000007,0.028293,-0.013321,0.000674,0.574394,0.010077,-0.000104,0.047125,0.000000,0.000000,-0.000315,-0.000096,0.000609,-0.000337,0.404184,0.404184,-0.398094,-0.398094,0.408563,0.407665,-0.393320,-0.394175,0.234832,-0.234832,0.234832,-0.234832,0.224225,-0.224535,0.229888,-0.231253,0.342922,0.158124,0.000000,0.000000,0.000000
9.346000,-0.000001,0.000001,0.593700,0.000000,0.000000,0.000000,-0.000315,0.000000,-0.011278,0.000008,0.579600,0.009566,-0.000007,0.027635,-0.013201,0.000672,0.574952,0.009909,-0.000101,0.046086,0.000000,0.000000,-0.000315,-0.000096,0.000610,-0.000337,0.404091,0.404091,-0.398002,-0.398002,0.408463,0.407565,-0.393290,-0.394168,0.234832,-0.234832,0.234832,-0.234832,0.224225,-0.224533,0.229889,-0.231251,0.342570,0.157970,0.000000,0.000000,0.000000
9.358000,-0.000001,0.000001,0.593700,0.000000,0.000000,0.000000,-0.000315,0.000000,-0.011163,0.000008,0.579927,0.009469,-0.000006,0.026993,-0.013084,0.000671,0.575498,0.009751,-0.000098,0.045069,0.000000,0.000000,-0.000315,-0.000096,0.000611,-0.000337,0.404002,0.404002,-0.397913,-0.397913,0.408365,0.407467,-0.393268,-0.394165,0.234832,-0.234832,0.234832,-0.234832,0.224226,-0.224530,0.229890,-0.231250,0.342231,0.157820,0.000000,0.000000,0.000000
9.370000,-0.000001,0.000001,0.593700,0.000000,0.000000,0.000000,-0.000315,0.000000,-0.011050,0.000008,0.580248,0.009373,-0.000006,0.026365,-0.012969,0.000670,0.576032,0.009602,-0.000094,0.044074,0.000000,0.000000,-0.000315,-0.000096,0.000611,-0.000338,0.403916,0.403916,-0.397827,-0.397827,0.408270,0.407371,-0.393253,-0.394167,0.234832,-0.234832,0.234832,-0.234832,0.224226,-0.224528,0.229890,-0.231248,0.341905,0.157673,0.000000,0.000000,0.000000
9.382000,-0.000001,0.000001,0.593700,0.000000,0.000000,0.000000,-0.000315,0.000000,-0.010938,0.000008,0.580560,0.009278,-0.000006,0.025753,-0.012855,0.000669,0.576554,0.009460,-0.000091,0.043100,0.000000,0.000000,-0.000315,-0.000096,0.000612,-0.000338,0.403834,0.403834,-0.397744,-0.397744,0.408176,0.407277,-0.393244,-0.394171,0.234832,-0.234832,0.234832,-0.234832,0.224226,-0.224525,0.229891,-0.231246,0.341590,0.157530,0.000000,0.000000,0.000000
9.394000,-0.000001,0.000001,0.593700,0.000000,0.000000,0.000000,-0.000315,0.000000,-0.010828,0.000008,0.580866,0.009184,-0.000006,0.025154,-0.012742,0.000668,0.577064,0.009325,-0.000088,0.042147,0.000000,0.000000,-0.000315,-0.000095,0.000613,-0.000338,0.403754,0.403754,-0.397664,-0.397664,0.408084,0.407184,-0.393240,-0.394179,0.234832,-0.234832,0.234832,-0.234832,0.224227,-0.224523,0.229891,-0.231245,0.341287,0.157390,0.000000,0.000000,0.000000
9.406000,-0.000001,0.000001,0.593700,0.000000,0.000000,0.000000,-0.000315,0.000000,-0.010718,0.000008,0.581164,0.009091,-0.000006,0.024569,-0.012632,0.000667,0.577563,0.009196,-0.000085,0.041213,0.000000,0.000000,-0.000315,-0.000095,0.000614,-0.000338,0.403676,0.403676,-0.397587,-0.397587,0.407994,0.407094,-0.393240,-0.394189,0.234832,-0.234832,0.234832,-0.234832,0.224227,-0.224521,0.229892,-0.231243,0.340994,0.157254,0.000000,0.000000,0.000000
9.418000,-0.000001,0.000001,0.593700,0.000000,0.000000,0.000000,-0.000315,0.000000,-0.010610,0.000008,0.581455,0.008999,-0.000006,0.023998,-0.012522,0.000666,0.578051,0.009072,-0.000082,0.040299,0.000000,0.000000,-0.000315,-0.000095,0.000614,-0.000339,0.403602,0.403602,-0.397512,-0.397512,0.407905,0.407005,-0.393244,-0.394201,0.234832,-0.234832,0.234832,-0.234832,0.224227,-0.224518,0.229893,-0.231242,0.340710,0.157120,0.000000,0.000000,0.000000
9.430000,-0.000001,0.000001,0.593700,0.000000,0.000000,0.000000,-0.000315,0.000000,-0.010502,0.000008,0.581740,0.008908,-0.000006,0.023440,-0.012414,0.000665,0.578528,0.008952,-0.000079,0.039404,0.000000,0.000000,-0.000315,-0.000095,0.000615,-0.000339,0.403530,0.403530,-0.397440,-0.397440,0.407819,0.406918,-0.393251,-0.394215,0.234832,-0.234832,0.234832,-0.234832,0.224227,-0.224516,0.229893,-0.231240,0.340436,0.156990,0.000000,0.000000,0.000000
9.442000,-0.000001,0.000001,0.593700,0.000000,0.000000,0.000000,-0.000315,0.000000,-0.010396,0.000008,0.582018,0.008818,-0.000006,0.022896,-0.012308,0.000664,0.578995,0.008837,-0.000076,0.038528,0.000000,0.000000,-0.000315,-0.000095,0.000616,-0.000339,0.403460,0.403460,-0.397371,-0.397371,0.407733,0.406832,-0.393260,-0.394231,0.234832,-0.234832,0.234832,-0.234832,0.224227,-0.224514,0.229894,-0.231239,0.340170,0.156863,0.000000,0.000000,0.000000
9.454000,-0.000001,0.000001,0.593700,0.000000,0.000000,0.000000,-0.000315,0.000000,-0.010290,0.000008,0.582290,0.008729,-0.000006,0.022363,-0.012203,0.000663,0.579451,0.008725,-0.000073,0.037670,0.000000,0.000000,-0.000315,-0.000095,0.000616,-0.000339,0.403394,0.403394,-0.397304,-0.397304,0.407650,0.406748,-0.393272,-0.394248,0.234832,-0.234832,0.234832,-0.234832,0.224227,-0.224512,0.229894,-0.231238,0.339913,0.156739,0.000000,0.000000,0.000000
9.466000,-0.000001,0.000001,0.593700,0.000000,0.000000,0.000000,-0.000315,0.000000,-0.010186,0.000008,0.582555,0.008640,-0.000006,0.021844,-0.012099,0.000662,0.579897,0.008616,-0.000070,0.036830,0.000000,0.000000,-0.000315,-0.000095,0.000617,-0.000339,0.403329,0.403329,-0.397239,-0.397239,0.407568,0.406665,-0.393286,-0.394267,0.234832,-0.234832,0.234832,-0.234832,0.224228,-0.224510,0.229895,-0.231236,0.339663,0.156618,0.000000,0.000000,0.000000
9.478000,-0.000001,0.000001,0.593700,0.000000,0.000000,0.000000,-0.000315,0.000000,-0.010083,0.000008,0.582814,0.008553,-0.000006,0.021336,-0.011996,0.000661,0.580333,0.008511,-0.000068,0.036008,0.000000,0.000000,-0.000315,-0.000095,0.000617,-0.000339,0.403267,0.403267,-0.397177,-0.397177,0.407487,0.406584,-0.393301,-0.394286,0.234832,-0.234832,0.234832,-0.234832,0.224228,-0.224508,0.229895,-0.231235,0.339420,0.156500,0.000000,0.000000,0.000000
9.490000,-0.000001,0.000001,0.593700,0.000000,0.000000,0.000000,-0.000315,0.000000,-0.009981,0.000007,0.583067,0.008466,-0.000006,0.020840,-0.011895,0.000660,0.580759,0.008408,-0.000065,0.035203,0.000000,0.000000,-0.000315,-0.000094,0.000618,-0.000339,0.403206,0.403206,-0.397117,-0.397117,0.407408,0.406505,-0.393318,-0.394307,0.234832,-0.234832,0.234832,-0.234832,0.224228,-0.224506,0.229895,-0.231234,0.339185,0.156385,0.000000,0.000000,0.000000
9.502000,-0.000001,0.000001,0.593700,0.000000,0.000000,0.000000,-0.000315,0.000000,-0.009880,0.000007,0.583314,0.008380,-0.000006,0.020355,-0.011795,0.000660,0.581176,0.008308,-0.000063,0.034415,0.000000,0.000000,-0.000315,-0.000094,0.000618,-0.000340,0.403148,0.403148,-0.397059,-0.397059,0.407330,0.406427,-0.393336,-0.394328,0.234832,-0.234832,0.234832,-0.234832,0.224228,-0.224505,0.229896,-0.231233,0.338957,0.156272,0.000000,0.000000,0.000000
9.514000,-0.000001,0.000001,0.593700,0.000000,0.000000,0.000000,-0.000315,0.000000,-0.009780,0.000007,0.583555,0.008296,-0.000006,0.019882,-0.011696,0.000659,0.581583,0.008210,-0.000061,0.033644,0.000000,0.000000,-0.000315,-0.000094,0.000619,-0.000340,0.403092,0.403092,-0.397003,-0.397003,0.407254,0.406350,-0.393356,-0.394351,0.234832,-0.234832,0.234832,-0.234832,0.224228,-0.224503,0.229896,-0.231232,0.338735,0.156162,0.000000,0.000000,0.000000
9.524000,-0.000001,0.000001,0.593700,0.000000,0.000000,0.000000,-0.000315,0.000000,-0.009697,0.000007,0.583752,0.008225,-0.000006,0.019496,-0.011614,0.000658,0.581915,0.008130,-0.000059,0.033013,0.000000,0.000000,-0.000315,-0.000094,0.000619,-0.000340,0.403047,0.403047,-0.396958,-0.396958,0.407191,0.406287,-0.393373,-0.394370,0.234832,-0.234832,0.234832,-0.234832,0.224228,-0.224502,0.229896,-0.231231,0.338556,0.156072,0.000000,0.000000,0.000000
9.536000,-0.000001,0.000001,0.593700,0.000000,0.000000,0.000000,-0.000315,0.000000,-0.009599,0.000007,0.583984,0.008142,-0.000006,0.019043,-0.011517,0.000658,0.582306,0.008036,-0.000057,0.032271,0.000000,0.000000,-0.000315,-0.000094,0.000619,-0.000340,0.402994,0.402994,-0.396905,-0.396905,0.407117,0.406213,-0.393393,-0.394393,0.234832,-0.234832,0.234832,-0.234832,0.224228,-0.224500,0.229897,-0.231230,0.338346,0.155967,0.000000,0.000000,0.000000
9.548000,-0.000001,0.000001,0.593700,0.000000,0.000000,0.000000,-0.000315,0.000000,-0.009502,0.000007,0.584209,0.008060,-0.000006,0.018601,-0.011421,0.000657,0.582688,0.007944,-0.000055,0.031545,0.000000,0.000000,-0.000315,-0.000094,0.000620,-0.000340,0.402944,0.402944,-0.396854,-0.396854,0.407045,0.406140,-0.393415,-0.394417,0.234832,-0.234832,0.234832,-0.234832,0.224228,-0.224498,0.229897,-0.231228,0.338141,0.155864,0.000000,0.000000,0.000000
9.560000,-0.000001,0.000001,0.593700,0.000000,0.000000,0.000000,-0.000315,0.000000,-0.009406,0.000007,0.584430,0.007978,-0.000005,0.018168,-0.011327,0.000656,0.583061,0.007854,-0.000053,0.030835,0.000000,0.000000,-0.000315,-0.000094,0.000620,-0.000340,0.402895,0.402895,-0.396805,-0.396805,0.406973,0.406068,-0.393437,-0.394441,0.234832,-0.234832,0.234832,-0.234832,0.224228,-0.224497,0.229897,-0.231227,0.337943,0.155764,0.000000,0.000000,0.000000
9.572000,-0.000001,0.000001,0.593700,0.000000,0.000000,0.000000,-0.000315,0.000000,-0.009310,0.000007,0.584645,0.007897,-0.000005,0.017746,-0.011233,0.000656,0.583426,0.007765,-0.000051,0.030139,0.000000,0.000000,-0.000315,-0.000094,0.000621,-0.000340,0.402848,0.402848,-0.396758,-0.396758,0.406903,0.405998,-0.393460,-0.394466,0.234832,-0.234832,0.234832,-0.234832,0.224228,-0.224495,0.229898,-0.231226,0.337750,0.155666,0.000000,0.000000,0.000000
9.584000,-0.000001,0.000001,0.593700,0.000000,0.000000,0.000000,-0.000315,0.000000,-0.009216,0.000007,0.584856,0.007817,-0.000005,0.017333,-0.011140,0.000655,0.583783,0.007678,-0.000049,0.029459,0.000000,0.000000,-0.000315,-0.000094,0.000621,-0.000340,0.402802,0.402802,-0.396713,-0.396713,0.406835,0.405929,-0.393484,-0.394491,0.234832,-0.234832,0.234832,-0.234832,0.224228,-0.224494,0.229898,-0.231225,0.337563,0.155570,0.000000,0.000000,0.000000
9.596000,-0.000001,0.000001,0.593700,0.000000,0.000000,0.000000,-0.000315,0.000000,-0.009123,0.000007,0.585062,0.007738,-0.000005,0.016931,-0.011049,0.000654,0.584132,0.007592,-0.000048,0.028793,0.000000,0.000000,-0.000315,-0.000094,0.000622,-0.000340,0.402758,0.402758,-0.396669,-0.396669,0.406767,0.405861,-0.393508,-0.394517,0.234832,-0.234832,0.234832,-0.234832,0.224228,-0.224492,0.229898,-0.231225,0.337381,0.155477,0.000000,0.000000,0.000000
9.608000,-0.000001,0.000001,0.593700,0.000000,0.000000,0.000000,-0.000315,0.000000,-0.009030,0.000007,0.585262,0.007660,-0.000005,0.016537,-0.010958,0.000654,0.584473,0.007508,-0.000046,0.028142,0.000000,0.000000,-0.000315,-0.000093,0.000622,-0.000340,0.402716,0.402716,-0.396626,-0.396626,0.406701,0.405794,-0.393532,-0.394543,0.234832,-0.234832,0.234832,-0.234832,0.224228,-0.224491,0.229898,-0.231224,0.337204,0.155386,0.000000,0.000000,0.000000
9.620000,-0.000001,0.000001,0.593700,0.000000,0.000000,0.000000,-0.000315,0.000000,-0.008939,0.000007,0.585458,0.007582,-0.000005,0.016153,-0.010869,0.000653,0.584806,0.007425,-0.000045,0.027504,0.000000,0.000000,-0.000315,-0.000093,0.000622,-0.000340,0.402675,0.402675,-0.396585,-0.396585,0.406636,0.405728,-0.393557,-0.394569,0.234832,-0.234832,0.234832,-0.234832,0.224228,-0.224490,0.229899,-0.231223,0.337032,0.155297,0.000000,0.000000,0.000000
9.632000,-0.000001,0.000001,0.593700,0.000000,0.000000,0.000000,-0.000315,0.000000,-0.008848,0.000007,0.585650,0.007505,-0.000005,0.015777,-0.010780,0.000653,0.585131,0.007344,-0.000043,0.026880,0.000000,0.000000,-0.000315,-0.000093,0.000623,-0.000340,0.402635,0.402635,-0.396546,-0.396546,0.406571,0.405664,-0.393581,-0.394595,0.234832,-0.234832,0.234832,-0.234832,0.224227,-0.224488,0.229899,-0.231222,0.336865,0.155210,0.000000,0.000000,0.000000
9.644000,-0.000001,0.000001,0.593700,0.000000,0.000000,0.000000,-0.000315,0.000000,-0.008759,0.000007,0.585837,0.007429,-0.000005,0.015410,-0.010693,0.000652,0.585449,0.007264,-0.000042,0.026270,0.000000,0.000000,-0.000315,-0.000093,0.000623,-0.000340,0.402597,0.402597,-0.396508,-0.396508,0.406509,0.405601,-0.393607,-0.394622,0.234832,-0.234832,0.234832,-0.234832,0.224227,-0.224487,0.229899,-0.231221,0.336702,0.155125,0.000000,0.000000,0.000000
9.656000,-0.000001,0.000001,0.593700,0.000000,0.000000,0.000000,-0.000315,0.000000,-0.008670,0.000007,0.586020,0.007354,-0.000005,0.015052,-0.010606,0.000652,0.585760,0.007184,-0.000041,0.025673,0.000000,0.000000,-0.000315,-0.000093,0.000624,-0.000340,0.402560,0.402560,-0.396471,-0.396471,0.406447,0.405539,-0.393632,-0.394649,0.234832,-0.234832,0.234832,-0.234832,0.224227,-0.224486,0.229899,-0.231220,0.336544,0.155042,0.000000,0.000000,0.000000
9.668000,-0.000001,0.000001,0.593700,0.000000,0.000000,0.000000,-0.000315,0.000000,-0.008582,0.000007,0.586198,0.007280,-0.000005,0.014702,-0.010520,0.000651,0.586064,0.007107,-0.000039,0.025089,0.000000,0.000000,-0.000315,-0.000093,0.000624,-0.000340,0.402525,0.402525,-0.396435,-0.396435,0.406386,0.405477,-0.393658,-0.394676,0.234832,-0.234832,0.234832,-0.234832,0.224227,-0.224485,0.229899,-0.231219,0.336390,0.154961,0.000000,0.000000,0.000000
9.680000,-0.000001,0.000001,0.593700,0.000000,0.000000,0.000000,-0.000315,0.000000,-0.008495,0.000006,0.586373,0.007206,-0.000005,0.014361,-0.010435,0.000651,0.586361,0.007030,-0.000038,0.024518,0.000000,0.000000,-0.000315,-0.000093,0.000625,-0.000340,0.402491,0.402491,-0.396401,-0.396401,0.406326,0.405417,-0.393684,-0.394703,0.234832,-0.234832,0.234832,-0.234832,0.224227,-0.224484,0.229900,-0.231219,0.336241,0.154882,0.000000,0.000000,0.000000
9.692000,-0.000001,0.000001,0.593700,0.000000,0.000000,0.000000,-0.000315,0.000000,-0.008409,0.000006,0.586543,0.007133,-0.000005,0.014027,-0.010352,0.000650,0.586651,0.006954,-0.000037,0.023959,0.000000,0.000000,-0.000315,-0.000093,0.000625,-0.000340,0.402458,0.402458,-0.396368,-0.396368,0.406268,0.405358,-0.393709,-0.394730,0.234832,-0.234832,0.234832,-0.234832,0.224227,-0.224483,0.229900,-0.231218,0.336096,0.154805,0.000000,0.000000,0.000000
9.704000,-0.000001,0.000001,0.593700,0.000000,0.000000,0.000000,-0.000315,0.000000,-0.008324,0.000006,0.586709,0.007061,-0.000005,0.013701,-0.010269,0.000650,0.586934,0.006879,-0.000036,0.023413,0.000000,0.000000,-0.000315,-0.000093,0.000626,-0.000341,0.402426,0.402426,-0.396336,-0.396336,0.406210,0.405300,-0.393736,-0.394757,0.234832,-0.234832,0.234832,-0.234832,0.224227,-0.224481,0.229900,-0.231217,0.335955,0.154730,0.000000,0.000000,0.000000
9.716000,-0.000001,0.000001,0.593700,0.000000,0.000000,0.000000,-0.000315,0.000000,-0.008240,0.000006,0.586872,0.006989,-0.000005,0.013382,-0.010186,0.000650,0.587211,0.006806,-0.000035,0.022878,0.000000,0.000000,-0.000315,-0.000093,0.000626,-0.000341,0.402395,0.402395,-0.396305,-0.396305,0.406153,0.405243,-0.393762,-0.394784,0.234832,-0.234832,0.234832,-0.234832,0.224227,-0.224480,0.229900,-0.231216,0.335818,0.154656,0.000000,0.000000,0.000000
9.728000,-0.000001,0.000001,0.593700,0.000000,0.000000,0.000000,-0.000315,0.000000,-0.008156,0.000006,0.587031,0.006918,-0.000005,0.013071,-0.010105,0.000649,0.587482,0.006733,-0.000033,0.022355,0.000000,0.000000,-0.000315,-0.000093,0.000626,-0.000341,0.402365,0.402365,-0.396276,-0.396276,0.406097,0.405187,-0.393788,-0.394812,0.234832,-0.234832,0.234832,-0.234832,0.224227,-0.224479,0.229900,-0.231216,0.335684,0.154584,0.000000,0.000000,0.000000
9.740000,-0.000001,0.000001,0.593700,0.000000,0.000000,0.000000,-0.000315,0.000000,-0.008074,0.000006,0.587186,0.006848,-0.000005,0.012767,-0.010025,0.000649,0.587747,0.006661,-0.000032,0.021844,0.000000,0.000000,-0.000315,-0.000093,0.000627,-0.000341,0.402336,0.402336,-0.396247,-0.396247,0.406042,0.405132,-0.393814,-0.394839,0.234832,-0.234832,0.234832,-0.234832,0.224227,-0.224478,0.229900,-0.231215,0.335555,0.154514,0.000000,0.000000,0.000000
9.752000,-0.000001,0.000001,0.593700,0.000000,0.000000,0.000000,-0.000315,0.000000,-0.007992,0.000006,0.587337,0.006779,-0.000005,0.012471,-0.009945,0.000648,0.588005,0.006591,-0.000031,0.021344,0.000000,0.000000,-0.000315,-0.000092,0.000627,-0.000341,0.402309,0.402309,-0.396219,-0.396219,0.405988,0.405077,-0.393841,-0.394867,0.234832,-0.234832,0.234832,-0.234832,0.224226,-0.224477,0.229900,-0.231214,0.335429,0.154446,0.000000,0.000000,0.000000
9.764000,-0.000001,0.000001,0.593700,0.000000,0.000000,0.000000,-0.000315,0.000000,-0.007911,0.000006,0.587485,0.006710,-0.000005,0.012181,-0.009867,0.000648,0.588258,0.006521,-0.000030,0.020855,0.000000,0.000000,-0.000315,-0.000092,0.000628,-0.000341,0.402282,0.402282,-0.396193,-0.396193,0.405935,0.405024,-0.393867,-0.394894,0.234832,-0.234832,0.234832,-0.234832,0.224226,-0.224476,0.229900,-0.231214,0.335306,0.154379,0.000000,0.000000,0.000000
9.774000,-0.000001,0.000001,0.593700,0.000000,0.000000,0.000000,-0.000315,0.000000,-0.007844,0.000006,0.587606,0.006654,-0.000005,0.011944,-0.009802,0.000648,0.588464,0.006463,-0.000030,0.020456,0.000000,0.000000,-0.000315,-0.000092,0.000628,-0.000341,0.402261,0.402261,-0.396171,-0.396171,0.405892,0.404980,-0.393889,-0.394917,0.234832,-0.234832,0.234832,-0.234832,0.224226,-0.224476,0.229901,-0.231213,0.335207,0.154325,0.000000,0.000000,0.000000
9.786000,-0.000001,0.000001,0.593700,0.000000,0.000000,0.000000,-0.000315,0.000000,-0.007765,0.000006,0.587747,0.006586,-0.000004,0.011667,-0.009725,0.000647,0.588706,0.006395,-0.000029,0.019987,0.000000,0.000000,-0.000315,-0.000092,0.000629,-0.000341,0.402235,0.402235,-0.396146,-0.396146,0.405840,0.404928,-0.393916,-0.394945,0.234832,-0.234832,0.234832,-0.234832,0.224226,-0.224475,0.229901,-0.231213,0.335091,0.154261,0.000000,0.000000,0.000000
9.798000,-0.000001,0.000001,0.593700,0.000000,0.000000,0.000000,-0.000315,0.000000,-0.007686,0.000006,0.587886,0.006520,-0.000004,0.011395,-0.009648,0.000647,0.588942,0.006323,-0.000028,0.019516,0.000000,0.000000,-0.000315,-0.000092,0.000629,-0.000341,0.402211,0.402211,-0.396122,-0.396122,0.405790,0.404877,-0.393942,-0.394972,0.234832,-0.234832,0.234832,-0.234832,0.224226,-0.224474,0.229901,-0.231212,0.334978,0.154198,0.000000,0.000000,0.000000
9.810000,-0.000001,0.000001,0.593700,0.000000,0.000000,0.000000,-0.000315,0.000000,-0.007608,0.000006,0.588021,0.006453,-0.000004,0.011131,-0.009573,0.000647,0.589173,0.006246,-0.000026,0.019058,0.000000,0.000000,-0.000315,-0.000092,0.000630,-0.000341,0.402188,0.402188,-0.396099,-0.396099,0.405740,0.404827,-0.393969,-0.394994,0.234832,-0.234832,0.234832,-0.234832,0.224226,-0.224473,0.229901,-0.231211,0.334867,0.154137,0.000000,0.000000,0.000000
9.822000,-0.000001,0.000001,0.593700,0.000000,0.000000,0.000000,-0.000315,0.000000,-0.007531,0.000006,0.588153,0.006388,-0.000004,0.010872,-0.009498,0.000646,0.589398,0.006182,-0.000024,0.018628,0.000000,0.000000,-0.000315,-0.000092,0.000630,-0.000341,0.402166,0.402166,-0.396076,-0.396076,0.405691,0.404778,-0.393996,-0.395010,0.234832,-0.234832,0.234832,-0.234832,0.224226,-0.224472,0.229901,-0.231211,0.334757,0.154078,0.000000,0.000000,0.000000
9.834000,-0.000001,0.000001,0.593700,0.000000,0.000000,0.000000,-0.000315,0.000000,-0.007455,0.000006,0.588282,0.006323,-0.000004,0.010619,-0.009424,0.000646,0.589618,0.006130,-0.000020,0.018211,0.000000,0.000000,-0.000315,-0.000092,0.000631,-0.000342,0.402144,0.402144,-0.396054,-0.396054,0.405642,0.404729,-0.394022,-0.395019,0.234832,-0.234832,0.234832,-0.234832,0.224226,-0.224471,0.229901,-0.231210,0.334646,0.154019,0.000000,0.000000,0.000000
9.846000,-0.000001,0.000001,0.593700,0.000000,0.000000,0.000000,-0.000315,0.000000,-0.007380,0.000006,0.588408,0.006259,-0.000004,0.010372,-0.009350,0.000646,0.589834,0.006085,-0.000016,0.017803,0.000000,0.000000,-0.000315,-0.000092,0.000631,-0.000342,0.402123,0.402123,-0.396034,-0.396034,0.405594,0.404681,-0.394049,-0.395019,0.234832,-0.234832,0.234832,-0.234832,0.224226,-0.224470,0.229901,-0.231210,0.334536,0.153962,0.000000,0.000000,0.000000
9.858000,-0.000001,0.000001,0.593700,0.000000,0.000000,0.000000,-0.000315,0.000000,-0.007305,0.000006,0.588531,0.006196,-0.000004,0.010131,-0.009277,0.000646,0.590045,0.006044,-0.000011,0.017403,0.000000,0.000000,-0.000315,-0.000092,0.000632,-0.000342,0.402103,0.402103,-0.396013,-0.396013,0.405546,0.404633,-0.394076,-0.395011,0.234832,-0.234832,0.234832,-0.234832,0.224226,-0.224469,0.229901,-0.231209,0.334424,0.153907,0.000000,0.000000,0.000000
9.870000,-0.000001,0.000001,0.593700,0.000000,0.000000,0.000000,-0.000315,0.000000,-0.007231,0.000006,0.588651,0.006133,-0.000004,0.009896,-0.009205,0.000646,0.590250,0.006005,-0.000005,0.017010,0.000000,0.000000,-0.000315,-0.000093,0.000632,-0.000341,0.402083,0.402083,-0.395994,-0.395994,0.405499,0.404585,-0.394104,-0.394995,0.234832,-0.234832,0.234832,-0.234832,0.224225,-0.224469,0.229901,-0.231209,0.334313,0.153852,0.000000,0.000000,0.000000
9.882000,-0.000001,0.000001,0.593700,0.000000,0.000000,0.000000,-0.000315,0.000000,-0.007158,0.000006,0.588768,0.006071,-0.000004,0.009666,-0.009133,0.000646,0.590452,0.005967,0.000002,0.016626,0.000000,0.000000,-0.000315,-0.000093,0.000632,-0.000341,0.402064,0.402064,-0.395975,-0.395975,0.405453,0.404538,-0.394132,-0.394972,0.234832,-0.234832,0.234832,-0.234832,0.224225,-0.224468,0.229901,-0.231208,0.334201,0.153799,0.000000,0.000000,0.000000
9.894000,-0.000001,0.000001,0.593700,0.000000,0.000000,0.000000,-0.000315,0.000000,-0.007085,0.000005,0.588883,0.006010,-0.000004,0.009441,-0.009061,0.000646,0.590648,0.005930,0.000009,0.016251,0.000000,0.000000,-0.000315,-0.000093,0.000632,-0.000341,0.402046,0.402046,-0.395957,-0.395957,0.405406,0.404491,-0.394160,-0.394940,0.234832,-0.234832,0.234832,-0.234832,0.224225,-0.224468,0.229901,-0.231208,0.334088,0.153747,0.000000,0.000000,0.000000
9.906000,-0.000001,0.000001,0.593700,0.000000,0.000000,0.000000,-0.000315,0.000000,-0.007013,0.000005,0.588995,0.005949,-0.000004,0.009222,-0.008990,0.000646,0.590841,0.005894,0.000017,0.015884,0.000000,0.000000,-0.000315,-0.000093,0.000633,-0.000340,0.402029,0.402029,-0.395939,-0.395939,0.405361,0.404445,-0.394188,-0.394901,0.234832,-0.234832,0.234832,-0.234832,0.224224,-0.224467,0.229901,-0.231207,0.333975,0.153696,0.000000,0.000000,0.000000
9.918000,-0.000001,0.000001,0.593700,0.000000,0.000000,0.000000,-0.000315,0.000000,-0.006942,0.000005,0.589104,0.005889,-0.000004,0.009007,-0.008919,0.000646,0.591029,0.005859,0.000026,0.015525,0.000000,0.000000,-0.000315,-0.000094,0.000633,-0.000339,0.402012,0.402012,-0.395922,-0.395922,0.405315,0.404398,-0.394217,-0.394854,0.234832,-0.234832,0.234832,-0.234832,0.224223,-0.224467,0.229901,-0.231207,0.333861,0.153646,0.000000,0.000000,0.000000
9.930000,-0.000001,0.000001,0.593700,0.000000,0.000000,0.000000,-0.000315,0.000000,-0.006872,0.000005,0.589211,0.005829,-0.000004,0.008798,-0.008848,0.000646,0.591212,0.005825,0.000035,0.015175,0.000000,0.000000,-0.000315,-0.000094,0.000633,-0.000338,0.401995,0.401995,-0.395906,-0.395906,0.405270,0.404352,-0.394245,-0.394800,0.234832,-0.234832,0.234832,-0.234832,0.224222,-0.224467,0.229901,-0.231206,0.333747,0.153597,0.000000,0.000000,0.000000
9.942000,-0.000001,0.000001,0.593700,0.000000,0.000000,0.000000,-0.000315,0.000000,-0.006802,0.000005,0.589315,0.005770,-0.000004,0.008593,-0.008778,0.000647,0.591392,0.005792,0.000045,0.014833,0.000000,0.000000,-0.000315,-0.000095,0.000633,-0.000338,0.401980,0.401980,-0.395890,-0.395890,0.405225,0.404307,-0.394274,-0.394738,0.234832,-0.234832,0.234832,-0.234832,0.224221,-0.224467,0.229901,-0.231206,0.333632,0.153549,0.000000,0.000000,0.000000
9.954000,-0.000001,0.000001,0.593700,0.000000,0.000000,0.000000,-0.000315,0.000000,-0.006734,0.000005,0.589417,0.005711,-0.000004,0.008394,-0.008709,0.000647,0.591567,0.005759,0.000054,0.014494,0.000000,0.000000,-0.000315,-0.000095,0.000634,-0.000336,0.401964,0.401964,-0.395875,-0.395875,0.405181,0.404262,-0.394303,-0.394669,0.234832,-0.234832,0.234832,-0.234832,0.224220,-0.224468,0.229901,-0.231206,0.333516,0.153502,0.000000,0.000000,0.000000
9.966000,-0.000001,0.000001,0.593700,0.000000,0.000000,0.000000,-0.000315,0.000000,-0.006665,0.000005,0.589517,0.005654,-0.000004,0.008199,-0.008640,0.000648,0.591739,0.005718,0.000066,0.014154,0.000000,0.000000,-0.000315,-0.000096,0.000634,-0.000335,0.401950,0.401950,-0.395860,-0.395860,0.405137,0.404217,-0.394330,-0.394593,0.234832,-0.234832,0.234832,-0.234832,0.224219,-0.224468,0.229900,-0.231206,0.333400,0.153456,0.000000,0.000000,0.000000
9.978000,-0.000001,0.000001,0.593700,0.000000,0.000000,0.000000,-0.000315,0.000000,-0.006598,0.000005,0.589614,0.005596,-0.000004,0.008008,-0.008571,0.000649,0.591906,0.005687,0.000076,0.013840,0.000000,0.000000,-0.000315,-0.000096,0.000634,-0.000333,0.401936,0.401936,-0.395846,-0.395846,0.405094,0.404172,-0.394352,-0.394509,0.234832,-0.234832,0.234832,-0.234832,0.224217,-0.224469,0.229900,-0.231205,0.333280,0.153412,0.000000,0.000000,0.000000
9.990000,-0.000001,0.000001,0.593700,0.000000,0.000000,0.000000,-0.000315,0.000000,-0.006531,0.000005,0.589709,0.005540,-0.000004,0.007822,-0.008502,0.000650,0.592070,0.005666,0.000085,0.013538,0.000000,0.000000,-0.000315,-0.000097,0.000634,-0.000332,0.401922,0.401922,-0.395833,-0.395833,0.405050,0.404128,-0.394367,-0.394419,0.234832,-0.234832,0.234832,-0.234832,0.224216,-0.224470,0.229900,-0.231205,0.333157,0.153368,0.000000,0.000000,0.000000
