time,Prx,Pry,Prz,Vrx,Vry,Vrz,Yawr,vYawr,Pcx,Pcy,Pcz,Vcx,Vcy,Vcz,Pbx,Pby,Pbz,Vbx,Vby,Vbz,Pf0rx,Pf1rx,Pf2rx,Pf3rx,Pf0cx,Pf1cx,Pf2cx,Pf3cx,Pf0ry,Pf1ry,Pf2ry,Pf3ry,Pf0cy,Pf1cy,Pf2cy,Pf3cy,ux,uy
1.000000,0.000000,0.000000,0.593700,0.000000,0.000000,0.000000,-0.000448,0.000000,0.000000,-0.000000,0.593700,0.000000,-0.000000,-0.000000,-0.003238,0.002806,0.593709,0.008379,-0.005664,0.022396,0.401545,0.401545,-0.395455,-0.395455,0.397700,0.389631,-0.388496,-0.389762,0.234832,-0.234832,0.234832,-0.234832,0.230309,-0.232793,0.234224,-0.237482,0.431158,0.169865
1.010000,0.014000,-0.000006,0.593700,2.000000,-0.000860,0.000000,-0.000416,0.600000,0.000112,0.000002,0.593700,0.028195,0.000376,-0.000000,-0.003134,0.002755,0.593980,0.008686,-0.005612,0.037448,0.401545,0.401545,-0.395455,-0.395455,0.397850,0.389732,-0.388774,-0.390784,0.234832,-0.234832,0.234832,-0.234832,0.230326,-0.232708,0.234283,-0.237174,0.439450,0.172196
1.020000,0.034000,-0.000014,0.593700,2.000000,-0.000644,0.000000,-0.000288,0.600000,0.000579,0.000007,0.593700,0.065555,0.000686,-0.000056,-0.003017,0.002687,0.594399,0.010819,-0.007818,0.047811,0.401546,0.401546,-0.395456,-0.395456,0.397919,0.389945,-0.388927,-0.392032,0.234832,-0.234832,0.234832,-0.234832,0.230406,-0.232608,0.234360,-0.236845,0.445641,0.173794
1.030000,0.054000,-0.000018,0.593700,2.000000,-0.000230,0.000000,-0.000062,0.600000,0.001432,0.000015,0.593698,0.105305,0.001028,-0.000330,-0.002850,0.002590,0.594920,0.018305,-0.011689,0.053514,0.401561,0.401561,-0.395472,-0.395472,0.397722,0.390228,-0.388852,-0.393650,0.234832,-0.234832,0.234832,-0.234832,0.230477,-0.232522,0.234430,-0.236615,0.448748,0.174427
1.040000,0.074000,-0.000018,0.593700,2.000000,0.000381,0.000000,0.000263,0.600000,0.002685,0.000028,0.593693,0.145306,0.001505,-0.000619,-0.002565,0.002452,0.595486,0.030607,-0.016818,0.054312,0.401602,0.401602,-0.395512,-0.395512,0.397029,0.390428,-0.388557,-0.395786,0.234832,-0.234832,0.234832,-0.234832,0.230427,-0.232452,0.234488,-0.236632,0.448387,0.173983
1.050000,0.094000,-0.000010,0.593700,2.000000,0.001190,0.000000,0.000688,0.600000,0.004338,0.000046,0.593686,0.185306,0.002143,-0.000924,-0.002139,0.002268,0.596040,0.043973,-0.022525,0.050023,0.401667,0.401667,-0.395578,-0.395578,0.395913,0.390543,-0.388002,-0.398243,0.234832,-0.234832,0.234832,-0.234832,0.230144,-0.232388,0.234551,-0.237021,0.444574,0.172499
1.060000,0.114000,0.000007,0.593700,1.999999,0.002200,0.000000,0.001213,0.600000,0.006391,0.000071,0.593675,0.225307,0.002936,-0.001278,-0.001562,0.002055,0.596546,0.060376,-0.026621,0.043009,0.401762,0.401762,-0.395672,-0.395672,0.394470,0.390420,-0.387148,-0.400804,0.234832,-0.234832,0.234832,-0.234832,0.229570,-0.232303,0.234657,-0.237859,0.436605,0.170116
1.070000,0.134000,0.000035,0.593700,1.999997,0.003414,0.000000,0.001840,0.600000,0.008844,0.000105,0.593660,0.265308,0.003889,-0.001701,-0.000823,0.001753,0.596908,0.075478,-0.036595,0.027725,0.401891,0.401891,-0.395802,-0.395802,0.392968,0.390124,-0.386061,-0.403078,0.234832,-0.234832,0.234832,-0.234832,0.228882,-0.232017,0.234978,-0.239014,0.426986,0.167232
1.080000,0.154000,0.000076,0.593700,1.999994,0.004833,0.000000,0.002571,0.600000,0.011697,0.000150,0.593640,0.305308,0.004996,-0.002192,0.000806,0.001315,0.597113,0.141259,-0.047830,0.015596,0.402064,0.402064,-0.395975,-0.395975,0.391522,0.389834,-0.385005,-0.404977,0.234832,-0.234832,0.234832,-0.234832,0.227754,-0.231778,0.235388,-0.240722,0.417298,0.164193
1.090000,0.174000,0.000132,0.593700,1.999989,0.006463,0.000000,0.003407,0.600000,0.014950,0.000206,0.593616,0.345309,0.006243,-0.002748,0.002031,0.000935,0.597267,0.128408,-0.049522,0.004670,0.402289,0.402289,-0.396199,-0.396199,0.390217,0.389042,-0.384294,-0.406363,0.234832,-0.234832,0.234832,-0.234832,0.226277,-0.231399,0.235864,-0.242958,0.407313,0.160924
1.100000,0.194000,0.000206,0.593700,1.999982,0.008307,0.000000,0.004351,0.600000,0.018604,0.000275,0.593584,0.385310,0.007654,-0.003889,0.003062,0.000426,0.597214,0.119709,-0.059537,-0.015751,0.402571,0.402571,-0.396482,-0.396482,0.391186,0.388769,-0.382835,-0.405037,0.234832,-0.234832,0.234832,-0.234832,0.224930,-0.230858,0.236523,-0.245196,0.400786,0.158274
1.110000,0.213999,0.000299,0.593700,1.999972,0.010372,0.000000,0.005405,0.600000,0.022657,0.000359,0.593533,0.425310,0.009175,-0.006436,0.005893,-0.000410,0.597091,0.226623,-0.085340,-0.021478,0.402914,0.402914,-0.396824,-0.396824,0.391685,0.387804,-0.381776,-0.404198,0.234832,-0.234832,0.234832,-0.234832,0.223204,-0.230360,0.237523,-0.247783,0.394963,0.156303
1.120000,0.233999,0.000414,0.593700,1.999957,0.012664,0.000000,0.006575,0.600000,0.027110,0.000459,0.593451,0.465310,0.010752,-0.010130,0.007625,-0.001248,0.596835,0.200630,-0.093016,-0.023654,0.403316,0.403316,-0.397227,-0.397227,0.391828,0.386113,-0.380958,-0.402398,0.234832,-0.234832,0.234832,-0.234832,0.221996,-0.230074,0.238128,-0.250317,0.391760,0.155305
1.130000,0.253999,0.000553,0.593700,1.999938,0.015203,0.000000,0.007871,0.600000,0.031952,0.000574,0.593351,0.501993,0.012413,-0.008450,0.009095,-0.002339,0.596541,0.169145,-0.110084,-0.011625,0.403775,0.403775,-0.397686,-0.397686,0.392997,0.384718,-0.379400,-0.397476,0.234832,-0.234832,0.234832,-0.234832,0.221836,-0.230234,0.238324,-0.251826,0.391335,0.156372
1.140000,0.273998,0.000719,0.593700,1.999906,0.017990,0.000000,0.009295,0.600000,0.037130,0.000707,0.593281,0.533065,0.014149,-0.005881,0.010556,-0.003190,0.596323,0.171342,-0.111258,-0.010163,0.404253,0.404253,-0.398164,-0.398164,0.394681,0.383939,-0.377282,-0.393169,0.234832,-0.234832,0.234832,-0.234832,0.221780,-0.230307,0.238769,-0.253786,0.387552,0.157198
1.150000,0.293997,0.000914,0.593700,1.999865,0.021061,0.000000,0.010860,0.600000,0.042615,0.000858,0.593147,0.563569,0.015882,-0.018138,0.012448,-0.004108,0.596120,0.193187,-0.105780,0.006517,0.404695,0.404695,-0.398605,-0.398605,0.395830,0.383679,-0.375375,-0.390413,0.234832,-0.234832,0.234832,-0.234832,0.222793,-0.229329,0.240402,-0.252115,0.385275,0.157708
1.162000,0.317995,0.001191,0.593700,1.999795,0.025143,0.000000,0.012948,0.600000,0.049578,0.001060,0.592981,0.596597,0.017718,-0.011506,0.015068,-0.005348,0.596087,0.233637,-0.092797,0.019236,0.405181,0.405181,-0.399092,-0.399092,0.397889,0.384123,-0.372875,-0.386907,0.234832,-0.234832,0.234832,-0.234832,0.223848,-0.228319,0.242681,-0.249774,0.382067,0.158824
1.172000,0.337992,0.001461,0.593700,1.999713,0.028939,0.000000,0.014889,0.600000,0.055687,0.001244,0.592796,0.625811,0.019128,-0.027526,0.017595,-0.006250,0.596140,0.266076,-0.078688,0.020367,0.405527,0.405527,-0.399437,-0.399437,0.399858,0.384891,-0.370535,-0.383736,0.234832,-0.234832,0.234832,-0.234832,0.224150,-0.228036,0.244262,-0.248157,0.379009,0.158135
1.182000,0.357989,0.001771,0.593700,1.999609,0.033118,0.000000,0.017025,0.600000,0.062107,0.001443,0.592421,0.658605,0.020721,-0.047526,0.020566,-0.007024,0.596186,0.302756,-0.064465,0.020476,0.405807,0.405807,-0.399718,-0.399718,0.401817,0.385696,-0.368040,-0.380984,0.234832,-0.234832,0.234832,-0.234832,0.224053,-0.228170,0.245547,-0.246833,0.376022,0.157563
1.192000,0.377984,0.002124,0.593700,1.999477,0.037704,0.000000,0.019361,0.600000,0.068863,0.001659,0.591846,0.692651,0.022634,-0.067526,0.024224,-0.007679,0.596183,0.356332,-0.050988,0.021444,0.406046,0.406046,-0.399957,-0.399957,0.403596,0.386417,-0.365067,-0.378723,0.234832,-0.234832,0.234832,-0.234832,0.223671,-0.228583,0.246635,-0.245720,0.373043,0.157148
1.202000,0.397978,0.002526,0.593700,1.999324,0.042700,0.000000,0.021902,0.600000,0.075959,0.001897,0.591070,0.726659,0.024991,-0.087526,0.028505,-0.008207,0.596217,0.421865,-0.039096,0.023603,0.406252,0.406252,-0.400162,-0.400162,0.404991,0.387201,-0.361603,-0.377290,0.234832,-0.234832,0.234832,-0.234832,0.223135,-0.229133,0.247585,-0.244736,0.370146,0.156822
1.212000,0.417971,0.002980,0.593700,1.999151,0.048026,0.000000,0.024600,0.600000,0.083404,0.002160,0.590095,0.762969,0.027781,-0.107526,0.033099,-0.008432,0.596177,0.474014,-0.010851,0.006100,0.406435,0.406435,-0.400345,-0.400345,0.405935,0.387817,-0.358695,-0.376368,0.234832,-0.234832,0.234832,-0.234832,0.222628,-0.229598,0.248638,-0.243625,0.367537,0.156715
1.222000,0.437961,0.003487,0.593700,1.998976,0.053575,0.000000,0.027413,0.600000,0.091232,0.002454,0.588920,0.802751,0.030971,-0.127526,0.038045,-0.008492,0.595996,0.522633,0.015043,-0.013649,0.406632,0.406632,-0.400543,-0.400543,0.406572,0.387425,-0.358111,-0.376086,0.234832,-0.234832,0.234832,-0.234832,0.222022,-0.229874,0.249084,-0.242572,0.366566,0.156671
1.232000,0.457950,0.004052,0.593700,1.998778,0.059349,0.000000,0.030343,0.600000,0.099459,0.002781,0.587545,0.842693,0.034480,-0.147526,0.043540,-0.008286,0.595517,0.572999,0.043392,-0.043199,0.406861,0.406861,-0.400772,-0.400772,0.406791,0.385701,-0.359894,-0.376277,0.234832,-0.234832,0.234832,-0.234832,0.221211,-0.230059,0.249075,-0.241639,0.367688,0.156967
1.242000,0.477937,0.004675,0.593700,1.998550,0.065361,0.000000,0.033397,0.600000,0.108086,0.003144,0.585969,0.882622,0.038265,-0.167526,0.049543,-0.007803,0.594768,0.619240,0.072382,-0.068473,0.407121,0.407121,-0.401031,-0.401031,0.406641,0.382708,-0.363712,-0.376853,0.234832,-0.234832,0.234832,-0.234832,0.220075,-0.230180,0.248788,-0.240914,0.371077,0.157792
1.252000,0.497921,0.005360,0.593700,1.998303,0.071637,0.000000,0.036580,0.600000,0.117112,0.003547,0.584194,0.922536,0.042362,-0.187526,0.056006,-0.007037,0.593921,0.659375,0.100223,-0.075879,0.407407,0.407407,-0.401318,-0.401318,0.406407,0.378853,-0.369058,-0.377926,0.234832,-0.234832,0.234832,-0.234832,0.218622,-0.229935,0.248378,-0.240425,0.376909,0.159203
1.262000,0.517903,0.006109,0.593700,1.998024,0.078180,0.000000,0.039900,0.600000,0.126537,0.003993,0.582219,0.962434,0.046744,-0.207526,0.062859,-0.006000,0.593086,0.690918,0.125366,-0.076955,0.407714,0.407714,-0.401625,-0.401625,0.406388,0.374757,-0.375323,-0.379125,0.234832,-0.234832,0.234832,-0.234832,0.216819,-0.228927,0.247997,-0.240145,0.384983,0.161162
1.272000,0.537882,0.006925,0.593700,1.997721,0.085016,0.000000,0.043363,0.600000,0.136359,0.004483,0.580044,1.001959,0.051494,-0.227526,0.070029,-0.004724,0.592286,0.720182,0.147748,-0.065978,0.408033,0.408033,-0.401944,-0.401944,0.406745,0.370983,-0.382195,-0.380500,0.234832,-0.234832,0.234832,-0.234832,0.214739,-0.226632,0.247647,-0.240112,0.395296,0.163044
1.282000,0.557857,0.007810,0.593700,1.997392,0.092153,0.000000,0.046972,0.600000,0.146573,0.005024,0.577668,1.040841,0.056635,-0.247526,0.077483,-0.003223,0.591815,0.743617,0.167202,-0.044191,0.408346,0.408346,-0.402257,-0.402257,0.407623,0.367882,-0.389407,-0.381787,0.234832,-0.234832,0.234832,-0.234832,0.212359,-0.222829,0.247516,-0.240288,0.407392,0.164257
1.292000,0.577829,0.008769,0.593700,1.997032,0.099597,0.000000,0.050728,0.600000,0.157179,0.005618,0.575093,1.080466,0.062284,-0.267526,0.085231,-0.001544,0.591421,0.772788,0.184365,-0.031878,0.408642,0.408642,-0.402553,-0.402553,0.408954,0.365524,-0.397101,-0.383053,0.234832,-0.234832,0.234832,-0.234832,0.209790,-0.217268,0.247627,-0.240663,0.420526,0.165728
1.302000,0.597798,0.009803,0.593700,1.996654,0.107359,0.000000,0.054629,0.600000,0.168183,0.006271,0.572339,1.120258,0.068441,-0.278389,0.095043,0.000767,0.591505,0.889508,0.208076,-0.012601,0.408923,0.408923,-0.402833,-0.402833,0.409337,0.363418,-0.405692,-0.384855,0.234832,-0.234832,0.234832,-0.234832,0.206802,-0.209643,0.248725,-0.241023,0.434035,0.166770
1.312000,0.617762,0.010917,0.593700,1.996217,0.115395,0.000000,0.058677,0.600000,0.179584,0.006987,0.569580,1.160026,0.074830,-0.272516,0.103462,0.002551,0.591116,0.850052,0.203805,-0.022140,0.409238,0.409238,-0.403148,-0.403148,0.409818,0.363557,-0.412675,-0.386676,0.234832,-0.234832,0.234832,-0.234832,0.203522,-0.201191,0.250021,-0.241944,0.446264,0.168495
1.322000,0.637722,0.012112,0.593700,1.995718,0.123723,0.000000,0.062879,0.600000,0.191383,0.007768,0.566899,1.199771,0.081358,-0.263594,0.111666,0.004557,0.590872,0.831387,0.208583,-0.025869,0.409610,0.409610,-0.403521,-0.403521,0.411439,0.367105,-0.417049,-0.387651,0.234832,-0.234832,0.234832,-0.234832,0.199887,-0.192557,0.250177,-0.243002,0.454122,0.167601
1.332000,0.657676,0.013392,0.593700,1.995132,0.132327,0.000000,0.067241,0.600000,0.203580,0.008615,0.564315,1.239491,0.088036,-0.253003,0.120852,0.006797,0.590397,0.909773,0.230846,-0.033996,0.410041,0.410041,-0.403952,-0.403952,0.413129,0.371020,-0.422305,-0.388415,0.234832,-0.234832,0.234832,-0.234832,0.195873,-0.183428,0.249391,-0.244112,0.458387,0.164830
1.342000,0.677624,0.014760,0.593700,1.994511,0.141294,0.000000,0.071770,0.600000,0.216173,0.009530,0.561841,1.279184,0.094876,-0.241822,0.129890,0.009026,0.590285,0.907140,0.234838,-0.018292,0.410533,0.410533,-0.404443,-0.404443,0.414389,0.374525,-0.428823,-0.389740,0.234832,-0.234832,0.234832,-0.234832,0.191863,-0.173829,0.248116,-0.245082,0.460857,0.160214
1.352000,0.697566,0.016219,0.593700,1.993840,0.150586,0.000000,0.076455,0.600000,0.229163,0.010513,0.559479,1.318846,0.101890,-0.230691,0.138822,0.011429,0.590424,0.900091,0.243132,-0.005893,0.411084,0.411084,-0.404994,-0.404994,0.416325,0.380295,-0.433213,-0.390535,0.234832,-0.234832,0.234832,-0.234832,0.187583,-0.164307,0.246099,-0.246054,0.458850,0.154793
1.362000,0.717501,0.017773,0.593700,1.993108,0.160165,0.000000,0.081278,0.600000,0.242550,0.011568,0.557225,1.358475,0.109092,-0.220259,0.149016,0.014166,0.591247,0.992643,0.273470,0.034953,0.411695,0.411695,-0.405605,-0.405605,0.417933,0.386305,-0.437441,-0.390835,0.234832,-0.234832,0.234832,-0.234832,0.182816,-0.154947,0.243628,-0.246922,0.454105,0.148827
1.372000,0.737428,0.019423,0.593700,1.992450,0.170151,0.000000,0.086216,0.600000,0.256333,0.012696,0.555070,1.398066,0.116494,-0.210876,0.159051,0.017170,0.591969,0.995394,0.288386,-0.003333,0.412366,0.412366,-0.406277,-0.406277,0.418300,0.391239,-0.442241,-0.391526,0.234832,-0.234832,0.234832,-0.234832,0.178407,-0.145283,0.242013,-0.247115,0.448923,0.142589
1.382000,0.757349,0.021175,0.593700,1.991592,0.180181,0.000000,0.091261,0.600000,0.270511,0.013899,0.553003,1.437617,0.124113,-0.202669,0.168543,0.019715,0.591132,0.965592,0.276893,-0.079817,0.413097,0.413097,-0.407008,-0.407008,0.419576,0.398766,-0.442888,-0.391968,0.234832,-0.234832,0.234832,-0.234832,0.174399,-0.136426,0.240689,-0.247011,0.441986,0.136197
1.392000,0.777260,0.023028,0.593700,1.990670,0.190412,0.000000,0.096404,0.600000,0.285085,0.015179,0.550980,1.477123,0.131959,-0.208253,0.178110,0.022835,0.590547,0.978650,0.316050,-0.090332,0.413877,0.413877,-0.407787,-0.407787,0.421957,0.406620,-0.441991,-0.392126,0.234832,-0.234832,0.234832,-0.234832,0.170056,-0.129857,0.238046,-0.246983,0.434261,0.131638
1.402000,0.797162,0.024984,0.593700,1.989695,0.200847,0.000000,0.101643,0.600000,0.300053,0.016539,0.548798,1.516580,0.140045,-0.228253,0.188195,0.026178,0.589968,1.024738,0.344780,-0.099287,0.414636,0.414636,-0.408547,-0.408547,0.424252,0.411555,-0.442546,-0.392737,0.234832,-0.234832,0.234832,-0.234832,0.166111,-0.124162,0.236846,-0.246090,0.428950,0.127975
1.414000,0.821031,0.027470,0.593700,1.988450,0.213610,0.000000,0.108052,0.600000,0.318536,0.018279,0.545915,1.563859,0.150085,-0.252253,0.201271,0.030732,0.589277,1.084451,0.388115,-0.107637,0.415507,0.415507,-0.409418,-0.409418,0.425959,0.414927,-0.443332,-0.394108,0.234832,-0.234832,0.234832,-0.234832,0.161409,-0.118207,0.237392,-0.244555,0.426398,0.125087
1.424000,0.840910,0.029660,0.593700,1.987358,0.224347,0.000000,0.113489,0.600000,0.334371,0.019823,0.543292,1.603195,0.158745,-0.272253,0.212721,0.034067,0.587288,1.132903,0.366156,-0.218790,0.416202,0.416202,-0.410112,-0.410112,0.426950,0.417254,-0.441885,-0.395867,0.234832,-0.234832,0.234832,-0.234832,0.156757,-0.115273,0.238268,-0.244009,0.427098,0.123086
1.434000,0.860778,0.031958,0.593700,1.986115,0.235251,0.000000,0.119009,0.600000,0.350598,0.021456,0.540470,1.641107,0.168612,-0.292253,0.224875,0.038525,0.584326,1.195483,0.436854,-0.222027,0.416866,0.416866,-0.410776,-0.410776,0.427892,0.419146,-0.438970,-0.397829,0.234832,-0.234832,0.234832,-0.234832,0.152515,-0.120174,0.239028,-0.243800,0.431070,0.126363
1.444000,0.880632,0.034366,0.593700,1.984772,0.246331,0.000000,0.124604,0.600000,0.367141,0.023197,0.537447,1.665454,0.178880,-0.312253,0.236575,0.042411,0.581783,1.188156,0.422379,-0.210299,0.417423,0.417423,-0.411333,-0.411333,0.428782,0.421079,-0.434646,-0.399836,0.234832,-0.234832,0.234832,-0.234832,0.148548,-0.124380,0.239754,-0.243385,0.433500,0.128989
1.454000,0.900473,0.036885,0.593700,1.983348,0.257546,0.000000,0.130269,0.600000,0.383894,0.025028,0.534278,1.685037,0.187307,-0.312727,0.248519,0.046436,0.579495,1.224898,0.398196,-0.175716,0.417796,0.417796,-0.411706,-0.411706,0.429579,0.424120,-0.429545,-0.401514,0.234832,-0.234832,0.234832,-0.234832,0.143659,-0.129504,0.239082,-0.244180,0.433881,0.128091
1.464000,0.920299,0.039517,0.593700,1.981841,0.268882,0.000000,0.135995,0.600000,0.400839,0.026942,0.531130,1.704007,0.195512,-0.322571,0.261472,0.050431,0.577840,1.296068,0.382618,-0.136892,0.418021,0.418021,-0.411932,-0.411932,0.430007,0.427581,-0.424899,-0.402846,0.234832,-0.234832,0.234832,-0.234832,0.139637,-0.133925,0.238667,-0.244629,0.433394,0.126653
1.474000,0.940109,0.042263,0.593700,1.980251,0.280321,0.000000,0.141774,0.600000,0.417992,0.028947,0.527804,1.728278,0.206078,-0.342571,0.274159,0.054272,0.576327,1.309144,0.372213,-0.132974,0.418055,0.418055,-0.411966,-0.411966,0.429982,0.430805,-0.420653,-0.403778,0.234832,-0.234832,0.234832,-0.234832,0.136253,-0.137784,0.238775,-0.244573,0.432886,0.125262
1.484000,0.959903,0.045124,0.593700,1.978584,0.291853,0.000000,0.147603,0.600000,0.435435,0.031076,0.524278,1.761142,0.219894,-0.362571,0.286742,0.058182,0.574393,1.308772,0.367553,-0.147749,0.417959,0.417959,-0.411870,-0.411870,0.430633,0.433387,-0.416715,-0.405898,0.234832,-0.234832,0.234832,-0.234832,0.133238,-0.141213,0.239367,-0.244140,0.434048,0.123875
1.494000,0.979681,0.048100,0.593700,1.976844,0.303450,0.000000,0.153479,0.600000,0.453218,0.033344,0.520553,1.795075,0.233854,-0.382571,0.299386,0.062196,0.572672,1.323975,0.367806,-0.136593,0.417782,0.417782,-0.411692,-0.411692,0.431723,0.434811,-0.413462,-0.407844,0.234832,-0.234832,0.234832,-0.234832,0.130990,-0.143809,0.240856,-0.242777,0.435991,0.122496
1.504000,0.999440,0.051193,0.593700,1.975019,0.315118,0.000000,0.159401,0.600000,0.471333,0.035755,0.516627,1.828135,0.248318,-0.402571,0.312431,0.066049,0.571005,1.365775,0.362950,-0.129075,0.417516,0.417516,-0.411427,-0.411427,0.433122,0.434992,-0.411181,-0.409266,0.234832,-0.234832,0.234832,-0.234832,0.129202,-0.145904,0.242899,-0.240863,0.437885,0.121422
1.514000,1.019181,0.054403,0.593700,1.973112,0.326843,0.000000,0.165363,0.600000,0.489798,0.038299,0.512501,1.865660,0.259891,-0.422571,0.325923,0.069680,0.569769,1.418691,0.352762,-0.130468,0.417176,0.417176,-0.411087,-0.411087,0.432806,0.434123,-0.409798,-0.412039,0.234832,-0.234832,0.234832,-0.234832,0.127571,-0.147621,0.245056,-0.238856,0.440738,0.120494
1.524000,1.038902,0.057730,0.593700,1.971120,0.338655,0.000000,0.171349,0.600000,0.508630,0.040965,0.508175,1.898724,0.274867,-0.442571,0.340095,0.073258,0.568155,1.477843,0.343260,-0.162760,0.416794,0.416794,-0.410705,-0.410705,0.428977,0.432352,-0.409218,-0.417737,0.234830,-0.234830,0.234830,-0.234830,0.126393,-0.149347,0.247352,-0.236914,0.445183,0.119688
1.534000,1.058603,0.061176,0.593700,1.969053,0.350472,0.000000,0.177347,0.600000,0.527757,0.043807,0.503650,1.926717,0.293638,-0.462571,0.355044,0.076741,0.565273,1.576058,0.330146,-0.258963,0.416386,0.416386,-0.410296,-0.410296,0.420965,0.429781,-0.411931,-0.426596,0.234841,-0.234841,0.234841,-0.234841,0.126520,-0.150917,0.249494,-0.235588,0.449377,0.119538
1.544000,1.078283,0.064739,0.593700,1.966920,0.362219,0.000000,0.183347,0.600000,0.547162,0.046837,0.498924,1.952884,0.311917,-0.482571,0.370832,0.079846,0.562340,1.661224,0.301359,-0.270543,0.415967,0.415967,-0.409877,-0.409877,0.409638,0.426419,-0.420089,-0.437318,0.234873,-0.234873,0.234873,-0.234873,0.127911,-0.152651,0.251407,-0.233887,0.442882,0.120266
1.554000,1.097941,0.068420,0.593700,1.964710,0.373990,0.000000,0.189347,0.600000,0.566754,0.050033,0.494001,1.963290,0.326954,-0.500000,0.387256,0.082842,0.559417,1.688784,0.279126,-0.291296,0.415549,0.415549,-0.409460,-0.409460,0.396167,0.422513,-0.430524,-0.449689,0.234916,-0.234916,0.234916,-0.234916,0.130957,-0.154660,0.253210,-0.233157,0.436676,0.122036
1.564000,1.117577,0.072219,0.593700,1.962425,0.385747,0.000000,0.195347,0.600000,0.586399,0.053375,0.489001,1.964861,0.341449,-0.500000,0.404036,0.085592,0.556316,1.683919,0.255546,-0.304963,0.415139,0.415139,-0.409050,-0.409050,0.382297,0.418263,-0.441451,-0.461304,0.234972,-0.234972,0.234972,-0.234972,0.135907,-0.156546,0.255035,-0.233535,0.433247,0.125508
1.574000,1.137189,0.076135,0.593700,1.960064,0.397495,0.000000,0.201347,0.600000,0.606042,0.056860,0.484001,1.963635,0.355331,-0.500000,0.421129,0.088247,0.553022,1.668895,0.244157,-0.311770,0.414741,0.414741,-0.408651,-0.408651,0.370386,0.413851,-0.451081,-0.469087,0.235041,-0.235041,0.235041,-0.235041,0.142410,-0.158402,0.256919,-0.235288,0.434571,0.130730
1.584000,1.156778,0.080169,0.593700,1.957629,0.409235,0.000000,0.207347,0.600000,0.625669,0.060476,0.479014,1.961770,0.367392,-0.493189,0.437541,0.090755,0.549588,1.615928,0.238546,-0.318077,0.414354,0.414354,-0.408264,-0.408264,0.362189,0.409085,-0.458499,-0.470838,0.235118,-0.235118,0.235118,-0.235118,0.150273,-0.160232,0.258956,-0.238384,0.442692,0.137747
1.594000,1.176342,0.084320,0.593700,1.955111,0.420963,0.000000,0.213347,0.600000,0.645277,0.064206,0.474133,1.959733,0.378466,-0.484419,0.453420,0.093245,0.546182,1.552597,0.238905,-0.306158,0.413979,0.413979,-0.407889,-0.407889,0.358508,0.403962,-0.463481,-0.465533,0.235205,-0.235205,0.235205,-0.235205,0.159672,-0.161908,0.261073,-0.242666,0.454599,0.146174
1.604000,1.195880,0.088588,0.593700,1.952516,0.432686,0.000000,0.219347,0.600000,0.664864,0.068043,0.469336,1.957665,0.388887,-0.471626,0.468651,0.095687,0.543032,1.494739,0.239028,-0.285445,0.413615,0.413615,-0.407526,-0.407526,0.359001,0.399009,-0.465263,-0.453873,0.235289,-0.235289,0.235289,-0.235289,0.170771,-0.163574,0.263365,-0.247801,0.468034,0.155790
1.614000,1.215392,0.092974,0.593700,1.949866,0.444397,0.000000,0.225347,0.600000,0.684429,0.071988,0.464719,1.955255,0.400607,-0.451626,0.483462,0.098075,0.540475,1.473987,0.238342,-0.253089,0.413262,0.413262,-0.407173,-0.407173,0.361168,0.394660,-0.464146,-0.439381,0.235377,-0.235377,0.235377,-0.235377,0.183504,-0.165278,0.265784,-0.253610,0.478577,0.166045
1.624000,1.234877,0.097476,0.593700,1.947163,0.456091,0.000000,0.231347,0.600000,0.703968,0.076060,0.460302,1.952448,0.413955,-0.432735,0.498306,0.100486,0.538234,1.495126,0.237886,-0.223010,0.412920,0.412920,-0.406830,-0.406830,0.361213,0.391264,-0.461498,-0.427017,0.235482,-0.235482,0.235482,-0.235482,0.197455,-0.167074,0.268312,-0.260031,0.482577,0.176142
1.634000,1.254335,0.102095,0.593700,1.944423,0.467767,0.000000,0.237347,0.600000,0.723473,0.080289,0.455917,1.948520,0.432259,-0.447775,0.513383,0.102828,0.537082,1.527968,0.235960,-0.145357,0.412587,0.412587,-0.406498,-0.406498,0.357079,0.388987,-0.457531,-0.419723,0.235606,-0.235606,0.235606,-0.235606,0.211759,-0.168802,0.271124,-0.267161,0.479849,0.185485
1.644000,1.273765,0.106831,0.593700,1.941607,0.479429,0.000000,0.243347,0.600000,0.742937,0.084709,0.451339,1.944204,0.451788,-0.467775,0.529066,0.105355,0.534989,1.592862,0.242923,-0.211655,0.412265,0.412265,-0.406175,-0.406175,0.347955,0.386882,-0.453476,-0.418926,0.235739,-0.235739,0.235739,-0.235739,0.225554,-0.170405,0.273845,-0.275224,0.470574,0.190919
1.654000,1.293167,0.111684,0.593700,1.938692,0.491068,0.000000,0.249347,0.600000,0.762357,0.089324,0.450000,1.939750,0.471140,-0.485856,0.545581,0.107697,0.533422,1.647892,0.226893,-0.167764,0.411952,0.411952,-0.405862,-0.405862,0.334205,0.384365,-0.450083,-0.422841,0.235882,-0.235882,0.235882,-0.235882,0.237701,-0.172327,0.276514,-0.284172,0.454761,0.191070
1.664000,1.312539,0.116653,0.593700,1.935729,0.502707,0.000000,0.255347,0.600000,0.781736,0.094113,0.450000,1.936124,0.486216,-0.469006,0.564278,0.110205,0.532805,1.792916,0.211729,-0.091716,0.411648,0.411648,-0.405558,-0.405558,0.320370,0.381712,-0.446874,-0.425255,0.236041,-0.236041,0.236041,-0.236041,0.246716,-0.174972,0.280216,-0.294652,0.435293,0.191031
1.676000,1.335746,0.122769,0.593700,1.932091,0.516694,0.000000,0.262547,0.600000,0.804944,0.100049,0.450000,1.932025,0.502660,-0.445553,0.588551,0.112477,0.533859,1.850566,0.239896,0.003774,0.411294,0.411294,-0.405205,-0.405205,0.307156,0.378847,-0.446315,-0.422896,0.236259,-0.236259,0.236259,-0.236259,0.247139,-0.181095,0.282122,-0.314921,0.417152,0.192224
1.686000,1.355051,0.127995,0.593700,1.928884,0.528509,0.000000,0.268547,0.600000,0.824246,0.105146,0.450000,1.928438,0.516508,-0.463687,0.605782,0.116943,0.534917,1.743073,0.309393,0.050503,0.411010,0.411010,-0.404920,-0.404920,0.308674,0.377987,-0.444700,-0.408581,0.236424,-0.236424,0.236424,-0.236424,0.248230,-0.178898,0.289176,-0.324494,0.405369,0.198758
1.696000,1.374321,0.133335,0.593700,1.924841,0.539564,0.000000,0.274547,0.600000,0.843513,0.110374,0.450000,1.924782,0.528793,-0.483687,0.629444,0.122367,0.534778,2.153023,0.489705,-0.057455,0.410733,0.410733,-0.404644,-0.404644,0.317286,0.376036,-0.443647,-0.392703,0.236526,-0.236526,0.236526,-0.236526,0.252883,-0.179700,0.295663,-0.324732,0.403638,0.199365
1.706000,1.393553,0.138790,0.593700,1.921553,0.551226,0.000000,0.280547,0.600000,0.862742,0.115719,0.450000,1.921289,0.539893,-0.479305,0.647112,0.125235,0.532765,1.954556,0.310364,-0.190524,0.410465,0.410465,-0.404375,-0.404375,0.327358,0.372120,-0.442890,-0.377735,0.236568,-0.236568,0.236568,-0.236568,0.263507,-0.177732,0.302246,-0.320489,0.402379,0.197610
1.716000,1.412753,0.144359,0.593700,1.918291,0.562694,0.000000,0.286547,0.600000,0.881939,0.121175,0.450000,1.917921,0.551432,-0.459305,0.662952,0.126787,0.529646,1.698296,0.239402,-0.274861,0.410204,0.410204,-0.404115,-0.404115,0.344849,0.370296,-0.439814,-0.355743,0.236589,-0.236589,0.236589,-0.236589,0.267694,-0.180938,0.304117,-0.321975,0.408156,0.196288
1.726000,1.431919,0.150046,0.593700,1.915034,0.574756,0.000000,0.292547,0.600000,0.901101,0.126748,0.450000,1.914533,0.563390,-0.442466,0.677823,0.128635,0.526128,1.628404,0.167455,-0.331351,0.409951,0.409951,-0.403862,-0.403862,0.360230,0.370429,-0.434739,-0.335264,0.236601,-0.236601,0.236601,-0.236601,0.266421,-0.181892,0.308164,-0.324211,0.421448,0.198077
1.736000,1.451051,0.155849,0.593700,1.911445,0.586031,0.000000,0.298557,0.600000,0.920228,0.132443,0.450000,1.910982,0.575365,-0.462466,0.693633,0.130535,0.523139,1.665330,0.169010,-0.256524,0.409705,0.409705,-0.403616,-0.403616,0.366692,0.370512,-0.429820,-0.336860,0.236600,-0.236600,0.236600,-0.236600,0.261810,-0.183716,0.312110,-0.321788,0.430027,0.198553
1.746000,1.470147,0.161767,0.593700,1.907851,0.597592,0.000000,0.304581,0.600000,0.939325,0.138239,0.450000,1.908739,0.582655,-0.482466,0.710482,0.132911,0.520776,1.714280,0.191062,-0.185972,0.409467,0.409467,-0.403378,-0.403378,0.367711,0.369895,-0.426674,-0.345651,0.236580,-0.236580,0.236580,-0.236580,0.261320,-0.184033,0.317744,-0.322908,0.432711,0.200305
1.756000,1.489208,0.167801,0.593700,1.904260,0.609148,0.000000,0.310632,0.600000,0.958402,0.144100,0.450000,1.906365,0.590348,-0.496689,0.728006,0.134939,0.518561,1.748949,0.209507,-0.194132,0.409235,0.409235,-0.403146,-0.403146,0.368302,0.368643,-0.424276,-0.355504,0.236545,-0.236545,0.236545,-0.236545,0.263856,-0.181854,0.325884,-0.314831,0.433169,0.198223
1.766000,1.508232,0.173950,0.593700,1.900546,0.620736,0.000000,0.316687,0.600000,0.977447,0.150063,0.450000,1.902316,0.603400,-0.479956,0.746443,0.137426,0.516855,1.819108,0.249383,-0.171040,0.409011,0.409011,-0.402921,-0.402921,0.368678,0.366787,-0.421907,-0.362653,0.236505,-0.236505,0.236505,-0.236505,0.266414,-0.180045,0.333171,-0.307735,0.432536,0.195659
1.776000,1.527219,0.180215,0.593700,1.896731,0.632262,0.000000,0.322742,0.600000,0.996444,0.156178,0.450000,1.897342,0.619028,-0.471259,0.765248,0.140057,0.515027,1.880177,0.272495,-0.177720,0.408793,0.408793,-0.402703,-0.402703,0.368971,0.364498,-0.419717,-0.367987,0.236479,-0.236479,0.236479,-0.236479,0.268603,-0.177643,0.339924,-0.301383,0.432274,0.193018
1.786000,1.546166,0.186595,0.593700,1.892832,0.643748,0.000000,0.328797,0.600000,1.015396,0.162436,0.450000,1.892958,0.632337,-0.463800,0.784995,0.143102,0.512803,1.957471,0.309627,-0.184350,0.408581,0.408581,-0.402491,-0.402491,0.369004,0.362605,-0.418161,-0.373369,0.236461,-0.236461,0.236461,-0.236461,0.270419,-0.175280,0.346013,-0.295309,0.431984,0.190408
1.796000,1.565076,0.193090,0.593700,1.889066,0.655170,0.000000,0.334852,0.600000,1.034305,0.168821,0.450000,1.888959,0.644388,-0.466656,0.806379,0.147275,0.511312,2.064839,0.381224,-0.135360,0.408375,0.408375,-0.402286,-0.402286,0.368141,0.361334,-0.416605,-0.379440,0.236438,-0.236438,0.236438,-0.236438,0.271293,-0.173207,0.351644,-0.289654,0.430860,0.187704
1.806000,1.583947,0.199699,0.593700,1.885120,0.666629,0.000000,0.340907,0.600000,1.053175,0.175323,0.450000,1.885040,0.656016,-0.467888,0.827839,0.152024,0.511612,2.128384,0.450475,-0.042373,0.408176,0.408176,-0.402086,-0.402086,0.366249,0.360269,-0.414969,-0.385509,0.236406,-0.236406,0.236406,-0.236406,0.271043,-0.171461,0.356935,-0.284548,0.429593,0.184706
1.816000,1.602778,0.206422,0.593700,1.881181,0.678018,0.000000,0.346962,0.600000,1.072006,0.181940,0.450000,1.881115,0.667481,-0.475362,0.849054,0.156837,0.511169,2.166460,0.476629,-0.098499,0.407982,0.407982,-0.401893,-0.401893,0.363941,0.357519,-0.416214,-0.391500,0.236367,-0.236367,0.236367,-0.236367,0.270459,-0.170429,0.361618,-0.280152,0.429352,0.182132
1.826000,1.621569,0.213259,0.593700,1.876966,0.689265,0.000000,0.353017,0.600000,1.090797,0.188672,0.450000,1.877062,0.678820,-0.494673,0.871232,0.161494,0.508822,2.233746,0.507612,-0.142428,0.407794,0.407794,-0.401705,-0.401705,0.361202,0.350762,-0.422680,-0.398468,0.236326,-0.236326,0.236326,-0.236326,0.271467,-0.169253,0.366447,-0.275427,0.426149,0.179157
1.836000,1.640317,0.220207,0.593700,1.872703,0.700375,0.000000,0.359072,0.600000,1.109546,0.195516,0.450000,1.872888,0.690019,-0.500000,0.894201,0.167009,0.507331,2.292634,0.569964,-0.161519,0.407611,0.407611,-0.401522,-0.401522,0.357913,0.339257,-0.434476,-0.405064,0.236283,-0.236283,0.236283,-0.236283,0.271592,-0.169924,0.369623,-0.271685,0.420287,0.176867
1.846000,1.659023,0.227266,0.593700,1.868371,0.711453,0.000000,0.365127,0.600000,1.128254,0.202472,0.450000,1.868628,0.701137,-0.500000,0.916944,0.172368,0.504677,2.303505,0.579770,-0.269992,0.407434,0.407434,-0.401345,-0.401345,0.354426,0.323044,-0.451766,-0.412115,0.236240,-0.236240,0.236240,-0.236240,0.272396,-0.171919,0.367631,-0.268213,0.412157,0.175926
1.856000,1.677685,0.234437,0.593700,1.864001,0.722623,0.000000,0.371181,0.600000,1.146919,0.209539,0.450000,1.864304,0.712234,-0.500000,0.939374,0.177787,0.499388,2.295136,0.588630,-0.383406,0.407262,0.407262,-0.401173,-0.401173,0.350241,0.302225,-0.474616,-0.418923,0.236199,-0.236199,0.236199,-0.236199,0.272885,-0.174924,0.360985,-0.264912,0.400166,0.176434
1.866000,1.696303,0.241719,0.593700,1.859567,0.733821,0.000000,0.377234,0.600000,1.165541,0.216715,0.450000,1.860285,0.722417,-0.500000,0.961977,0.183583,0.494224,2.275106,0.591327,-0.377684,0.407095,0.407095,-0.401006,-0.401006,0.344971,0.277698,-0.500720,-0.426632,0.236159,-0.236159,0.236159,-0.236159,0.273138,-0.178499,0.351014,-0.261492,0.384518,0.177900
1.876000,1.714876,0.249113,0.593700,1.855068,0.745052,0.000000,0.383287,0.600000,1.184132,0.223965,0.450000,1.858293,0.727026,-0.487704,0.984510,0.189574,0.489896,2.227416,0.590578,-0.319836,0.406933,0.406933,-0.400843,-0.400843,0.339598,0.254117,-0.524406,-0.434742,0.236120,-0.236120,0.236120,-0.236120,0.273437,-0.182435,0.337932,-0.257645,0.369240,0.180914
1.886000,1.733404,0.256620,0.593700,1.850501,0.756293,0.000000,0.389341,0.600000,1.202709,0.231250,0.450000,1.856989,0.729848,-0.500000,1.006652,0.195588,0.486660,2.147828,0.569800,-0.237761,0.406775,0.406775,-0.400686,-0.400686,0.336063,0.237405,-0.539764,-0.441873,0.236082,-0.236082,0.236082,-0.236082,0.274063,-0.186519,0.321507,-0.253162,0.361434,0.185989
1.896000,1.751886,0.264239,0.593700,1.845858,0.767476,0.000000,0.395394,0.600000,1.221270,0.238567,0.450000,1.855203,0.733994,-0.500000,1.027975,0.201206,0.483850,2.075352,0.522728,-0.202860,0.406623,0.406623,-0.400533,-0.400533,0.334232,0.231630,-0.543878,-0.447126,0.236046,-0.236046,0.236046,-0.236046,0.274734,-0.190804,0.301332,-0.248355,0.366474,0.192852
1.906000,1.770321,0.271969,0.593700,1.841137,0.778605,0.000000,0.401447,0.600000,1.239810,0.245938,0.450000,1.852541,0.740401,-0.500000,1.048514,0.206400,0.481862,2.020930,0.484793,-0.139435,0.406474,0.406474,-0.400385,-0.400385,0.333817,0.237096,-0.538222,-0.450655,0.236010,-0.236010,0.236010,-0.236010,0.275328,-0.196010,0.277053,-0.243470,0.383951,0.200674
1.916000,1.788708,0.279811,0.593700,1.836345,0.789712,0.000000,0.407501,0.600000,1.258320,0.253378,0.450000,1.849498,0.747690,-0.500000,1.068542,0.211305,0.480660,2.000829,0.467491,-0.060294,0.406330,0.406330,-0.400241,-0.400241,0.334328,0.251351,-0.527793,-0.452776,0.235976,-0.235976,0.235976,-0.235976,0.276375,-0.202970,0.249153,-0.238446,0.409881,0.208550
1.928000,1.810709,0.289367,0.593700,1.830489,0.802979,0.000000,0.414764,0.600000,1.280488,0.262411,0.450000,1.844954,0.758493,-0.486923,1.092416,0.217106,0.480158,2.003548,0.474630,-0.000847,0.406163,0.406163,-0.400073,-0.400073,0.336016,0.274656,-0.515621,-0.454270,0.235936,-0.235936,0.235936,-0.235936,0.278479,-0.214985,0.214511,-0.231928,0.442508,0.217172
1.938000,1.828989,0.297452,0.593700,1.825543,0.814007,0.000000,0.420805,0.600000,1.298912,0.270056,0.450000,1.839597,0.771136,-0.467723,1.112413,0.221929,0.480273,2.021390,0.482076,0.045477,0.406028,0.406028,-0.399939,-0.399939,0.337926,0.295154,-0.507627,-0.455081,0.235904,-0.235904,0.235904,-0.235904,0.280815,-0.227267,0.187327,-0.226060,0.462840,0.221840
1.948000,1.847220,0.305647,0.593700,1.820524,0.824943,0.000000,0.426829,0.600000,1.317276,0.277843,0.450000,1.833076,0.786328,-0.457487,1.132580,0.226760,0.480705,2.036529,0.490346,0.064596,0.405897,0.405897,-0.399808,-0.399808,0.340134,0.315329,-0.501061,-0.455694,0.235872,-0.235872,0.235872,-0.235872,0.283244,-0.240427,0.162782,-0.220249,0.474921,0.217983
1.958000,1.865371,0.313975,0.593700,1.809587,0.840802,0.000000,0.432829,0.600000,1.335568,0.285783,0.450000,1.824555,0.801844,-0.450297,1.153705,0.230135,0.481801,2.090643,0.397493,0.102685,0.405770,0.405770,-0.399680,-0.399680,0.342092,0.334925,-0.494703,-0.456691,0.235852,-0.235852,0.235852,-0.235852,0.283547,-0.254973,0.139143,-0.216549,0.478543,0.212219
1.968000,1.883449,0.322433,0.593700,1.811445,0.847725,0.000000,0.438827,0.600000,1.353768,0.293890,0.450000,1.816484,0.819135,-0.462297,1.174698,0.235952,0.482811,2.083683,0.548531,0.100857,0.405646,0.405646,-0.399557,-0.399557,0.342945,0.354664,-0.485773,-0.459014,0.235842,-0.235842,0.235842,-0.235842,0.278571,-0.275823,0.109881,-0.218532,0.478442,0.199283
1.978000,1.901537,0.330966,0.593700,1.806215,0.858739,0.000000,0.444826,0.600000,1.371912,0.302159,0.450000,1.811533,0.835610,-0.456622,1.197983,0.242160,0.485114,2.262670,0.545677,0.151457,0.405527,0.405527,-0.399437,-0.399437,0.340624,0.376810,-0.471047,-0.460848,0.235846,-0.235846,0.235846,-0.235846,0.281749,-0.285656,0.094418,-0.212429,0.476664,0.188713
1.988000,1.919574,0.339606,0.593700,1.801085,0.869476,0.000000,0.450823,0.600000,1.389990,0.310607,0.450000,1.804120,0.853688,-0.475442,1.219628,0.246925,0.486423,2.194446,0.501769,0.108745,0.405410,0.405410,-0.399321,-0.399321,0.335328,0.402960,-0.449876,-0.463033,0.235867,-0.235867,0.235867,-0.235867,0.282407,-0.295718,0.081911,-0.209241,0.472949,0.182053
1.998000,1.937559,0.348355,0.593700,1.795860,0.880224,0.000000,0.456807,0.600000,1.408000,0.319215,0.450000,1.797831,0.867652,-0.474926,1.239990,0.251460,0.487594,2.076461,0.443822,0.077481,0.405297,0.405297,-0.399208,-0.399208,0.332117,0.435161,-0.422264,-0.464471,0.235900,-0.235900,0.235900,-0.235900,0.284366,-0.306801,0.072783,-0.205109,0.476332,0.174136
2.008000,1.955492,0.357209,0.593700,1.790686,0.890753,0.000000,0.462776,0.600000,1.425949,0.327953,0.450000,1.792087,0.879798,-0.494131,1.259461,0.256374,0.484865,2.047430,0.476147,-0.285241,0.405188,0.405188,-0.399098,-0.399098,0.330562,0.467796,-0.390496,-0.466315,0.235926,-0.235926,0.235926,-0.235926,0.286919,-0.316825,0.068692,-0.199858,0.485834,0.167245
2.018000,1.973336,0.366170,0.593700,1.776924,0.901731,0.000000,0.468745,0.600000,1.443833,0.336807,0.450000,1.783205,0.890848,-0.500000,1.278997,0.262867,0.479607,2.060901,0.559140,-0.396155,0.405081,0.405081,-0.398992,-0.398992,0.324249,0.494469,-0.362845,-0.471218,0.235932,-0.235932,0.235932,-0.235932,0.292968,-0.318844,0.074659,-0.190796,0.468101,0.162100
2.030000,1.994614,0.377071,0.593700,1.771709,0.914511,0.000000,0.475906,0.600000,1.465165,0.347570,0.450000,1.774036,0.901856,-0.500000,1.304644,0.266979,0.473393,2.144199,0.334100,-0.407865,0.404958,0.404958,-0.398868,-0.398868,0.312360,0.525083,-0.347566,-0.479432,0.235919,-0.235919,0.235919,-0.235919,0.305111,-0.309651,0.096700,-0.174574,0.467091,0.175713
2.042000,2.015911,0.388118,0.593700,1.772032,0.926897,0.000000,0.483049,0.600000,1.486463,0.358438,0.450000,1.775443,0.908211,-0.500000,1.330016,0.270423,0.469713,2.100241,0.318517,-0.179742,0.404838,0.404838,-0.398749,-0.398749,0.298402,0.549469,-0.328426,-0.486913,0.235893,-0.235893,0.235893,-0.235893,0.305388,-0.314102,0.098600,-0.172111,0.456747,0.185164
2.054000,2.037137,0.399316,0.593700,1.765605,0.939422,0.000000,0.490139,0.600000,1.507765,0.369358,0.450000,1.774702,0.911812,-0.500000,1.353661,0.274673,0.469289,1.976445,0.333097,0.029486,0.404723,0.404723,-0.398634,-0.398634,0.290205,0.573107,-0.315160,-0.491027,0.235859,-0.235859,0.235859,-0.235859,0.313074,-0.319434,0.102584,-0.161070,0.424904,0.183923
2.064000,2.054766,0.408762,0.593700,1.760069,0.949819,0.000000,0.496044,0.600000,1.525506,0.378490,0.450000,1.773353,0.914583,-0.500000,1.372837,0.277790,0.471116,1.901308,0.329630,0.153427,0.404630,0.404630,-0.398541,-0.398541,0.290348,0.590603,-0.311642,-0.492156,0.235830,-0.235830,0.235830,-0.235830,0.319332,-0.317801,0.113272,-0.149936,0.422657,0.179368
2.076000,2.075846,0.420235,0.593700,1.753279,0.962276,0.000000,0.503141,0.600000,1.546755,0.389526,0.450000,1.767043,0.926994,-0.500000,1.396027,0.281843,0.475495,1.904206,0.350641,0.270713,0.404522,0.404522,-0.398433,-0.398433,0.294063,0.601114,-0.311694,-0.496184,0.235794,-0.235794,0.235794,-0.235794,0.325772,-0.315716,0.123820,-0.137525,0.420082,0.169873
2.088000,2.096844,0.431857,0.593700,1.746294,0.974779,0.000000,0.510274,0.600000,1.567896,0.400773,0.450000,1.756808,0.946820,-0.499988,1.421280,0.287864,0.485101,2.027568,0.445892,0.523827,0.404418,0.404418,-0.398329,-0.398329,0.299737,0.600218,-0.314958,-0.497915,0.235781,-0.235781,0.235781,-0.235781,0.331814,-0.314079,0.135040,-0.124155,0.419395,0.161983
2.100000,2.117757,0.443629,0.593700,1.739100,0.987386,0.000000,0.517524,0.600000,1.588930,0.412227,0.450000,1.749007,0.961424,-0.487213,1.447329,0.293392,0.491827,2.170578,0.495931,0.450397,0.404318,0.404318,-0.398228,-0.398228,0.305994,0.590923,-0.320686,-0.497948,0.235802,-0.235802,0.235802,-0.235802,0.337708,-0.311012,0.147768,-0.108348,0.426172,0.154111
2.112000,2.138579,0.455556,0.593700,1.731401,1.000290,0.000000,0.524933,0.600000,1.609856,0.423875,0.450000,1.738712,0.979888,-0.500000,1.471278,0.297470,0.495150,2.165973,0.488220,0.170252,0.404221,0.404221,-0.398131,-0.398131,0.311618,0.576410,-0.327392,-0.494498,0.235857,-0.235857,0.235857,-0.235857,0.340658,-0.308794,0.159651,-0.099244,0.437330,0.147007
2.124000,2.159310,0.467637,0.593700,1.723811,1.013203,0.000000,0.532411,0.600000,1.630664,0.435734,0.450000,1.730066,0.995053,-0.492000,1.495107,0.302124,0.495864,2.160098,0.472706,0.003569,0.404127,0.404127,-0.398038,-0.398038,0.311713,0.558654,-0.337772,-0.495596,0.235947,-0.235947,0.235947,-0.235947,0.343065,-0.304369,0.172569,-0.095101,0.455552,0.144420
2.136000,2.179950,0.479873,0.593700,1.716217,1.026087,0.000000,0.539912,0.600000,1.651384,0.447744,0.450000,1.723292,1.006726,-0.468000,1.520031,0.307120,0.495890,2.163864,0.454778,-0.062725,0.404037,0.404037,-0.397948,-0.397948,0.304896,0.538266,-0.350829,-0.504149,0.236064,-0.236064,0.236064,-0.236064,0.343889,-0.299698,0.185411,-0.092499,0.477456,0.143961
2.148000,2.200499,0.492263,0.593700,1.708555,1.038933,0.000000,0.547422,0.600000,1.672023,0.459895,0.450000,1.716449,1.018430,-0.444000,1.545471,0.312308,0.495607,2.141848,0.437987,-0.074604,0.403950,0.403950,-0.397861,-0.397861,0.290687,0.516574,-0.364621,-0.520380,0.236206,-0.236206,0.236206,-0.236206,0.342795,-0.294572,0.197747,-0.092481,0.491420,0.145480
2.160000,2.220955,0.504807,0.593700,1.700883,1.051712,0.000000,0.554932,0.600000,1.692578,0.472188,0.450000,1.709151,1.030811,-0.423673,1.571201,0.317528,0.494830,2.104351,0.409483,-0.105357,0.403866,0.403866,-0.397776,-0.397776,0.271532,0.494936,-0.378657,-0.541512,0.236372,-0.236372,0.236372,-0.236372,0.337595,-0.289344,0.209083,-0.097029,0.474220,0.149260
2.172000,2.241319,0.517504,0.593700,1.693096,1.064433,0.000000,0.562442,0.600000,1.713029,0.484656,0.450000,1.699212,1.047480,-0.447380,1.596454,0.322629,0.493844,1.998567,0.370864,-0.130218,0.403785,0.403785,-0.397695,-0.397695,0.255687,0.474329,-0.391473,-0.557543,0.236556,-0.236556,0.236556,-0.236556,0.326033,-0.284681,0.219407,-0.108563,0.459255,0.155828
2.184000,2.261589,0.530353,0.593700,1.685132,1.077103,0.000000,0.569951,0.600000,1.733360,0.497324,0.450000,1.689437,1.063481,-0.471380,1.619978,0.327218,0.492679,1.831510,0.321598,-0.142852,0.403706,0.403706,-0.397617,-0.397617,0.251985,0.456595,-0.401461,-0.556836,0.236748,-0.236748,0.236748,-0.236748,0.307975,-0.279135,0.229353,-0.130687,0.455092,0.166293
2.196000,2.281762,0.543354,0.593700,1.676983,1.089738,0.000000,0.577472,0.600000,1.753579,0.510172,0.450000,1.680517,1.077658,-0.495380,1.641211,0.331252,0.491163,1.684958,0.285695,-0.146268,0.403631,0.403631,-0.397541,-0.397541,0.264464,0.442945,-0.406382,-0.535737,0.236908,-0.236908,0.236908,-0.236908,0.283376,-0.272344,0.239866,-0.164017,0.466672,0.182114
2.208000,2.301836,0.556507,0.593700,1.668639,1.102365,0.000000,0.585016,0.600000,1.773694,0.523184,0.450000,1.672179,1.090535,-0.492000,1.661190,0.334903,0.489982,1.640235,0.287244,-0.117157,0.403558,0.403558,-0.397469,-0.397469,0.286378,0.433201,-0.406803,-0.503330,0.237004,-0.237004,0.237004,-0.237004,0.255477,-0.264285,0.251973,-0.204386,0.490535,0.202602
2.220000,2.321791,0.569828,0.593700,1.657312,1.117574,0.000000,0.592561,0.600000,1.793705,0.536350,0.450000,1.662609,1.104046,-0.475930,1.680455,0.340497,0.489419,1.641497,0.393369,-0.046410,0.403488,0.403488,-0.397398,-0.397398,0.305377,0.424865,-0.406071,-0.474512,0.237069,-0.237069,0.237069,-0.237069,0.231506,-0.250556,0.269666,-0.244587,0.507876,0.229445
2.232000,2.341629,0.583313,0.593700,1.649246,1.129883,0.000000,0.600108,0.600000,1.813597,0.549683,0.450000,1.653018,1.117942,-0.461126,1.701327,0.344692,0.489223,1.695824,0.374791,-0.030438,0.403420,0.403420,-0.397330,-0.397330,0.319843,0.416761,-0.406520,-0.452370,0.237105,-0.237105,0.237105,-0.237105,0.212399,-0.232947,0.291526,-0.278371,0.519122,0.226552
2.244000,2.361371,0.596945,0.593700,1.641087,1.142014,0.000000,0.607681,0.600000,1.833380,0.563178,0.450000,1.644148,1.131208,-0.468860,1.721915,0.350020,0.488983,1.683903,0.440790,-0.042488,0.403354,0.403354,-0.397265,-0.397265,0.334264,0.410401,-0.406486,-0.430485,0.237114,-0.237114,0.237114,-0.237114,0.191310,-0.217280,0.310916,-0.314994,0.524184,0.212532
2.256000,2.381015,0.610721,0.593700,1.632941,1.153965,0.000000,0.615304,0.600000,1.853059,0.576828,0.450000,1.635717,1.143661,-0.492860,1.742133,0.354238,0.488604,1.675264,0.388884,-0.060793,0.403291,0.403291,-0.397201,-0.397201,0.349628,0.405655,-0.405831,-0.407936,0.237088,-0.237088,0.237088,-0.237088,0.174266,-0.202966,0.329649,-0.346470,0.526145,0.201583
2.268000,2.400558,0.624642,0.593700,1.624017,1.166387,0.000000,0.622924,0.600000,1.872637,0.590625,0.450000,1.627195,1.155902,-0.500000,1.761699,0.358584,0.487929,1.652742,0.392138,-0.109309,0.403230,0.403230,-0.397140,-0.397140,0.364814,0.402053,-0.403808,-0.385465,0.237034,-0.237034,0.237034,-0.237034,0.158985,-0.192547,0.345129,-0.375982,0.523314,0.192211
2.280000,2.419991,0.638714,0.593700,1.614809,1.178850,0.000000,0.630532,0.600000,1.892110,0.604570,0.450000,1.618203,1.168305,-0.489903,1.781331,0.362739,0.486551,1.670380,0.373409,-0.165239,0.403171,0.403171,-0.397081,-0.397081,0.376586,0.399010,-0.401325,-0.366047,0.236966,-0.236966,0.236966,-0.236966,0.149662,-0.183463,0.359436,-0.400948,0.516174,0.187179
2.292000,2.439313,0.652934,0.593700,1.605657,1.191104,0.000000,0.638079,0.600000,1.911474,0.618664,0.450000,1.609129,1.180569,-0.469339,1.801306,0.366796,0.484743,1.688480,0.345230,-0.171884,0.403114,0.403114,-0.397025,-0.397025,0.385026,0.395289,-0.401264,-0.349144,0.236894,-0.236894,0.236894,-0.236894,0.144825,-0.175874,0.372437,-0.421213,0.495574,0.185589
2.304000,2.458530,0.667296,0.593700,1.599516,1.200182,0.000000,0.645483,0.600000,1.930729,0.632903,0.450000,1.600524,1.192240,-0.450865,1.821799,0.369578,0.482452,1.725092,0.209327,-0.215310,0.403059,0.403059,-0.396970,-0.396970,0.395632,0.391106,-0.402447,-0.329746,0.236827,-0.236827,0.236827,-0.236827,0.145005,-0.169604,0.384512,-0.435490,0.474066,0.190818
2.316000,2.477663,0.681780,0.593700,1.589744,1.213187,0.000000,0.652754,0.600000,1.949891,0.647273,0.450000,1.592735,1.203179,-0.441020,1.841677,0.371272,0.480198,1.650666,0.220838,-0.185274,0.403006,0.403006,-0.396917,-0.396917,0.409094,0.387475,-0.403262,-0.308651,0.236762,-0.236762,0.236762,-0.236762,0.137018,-0.175480,0.386131,-0.458260,0.452075,0.202697
2.326000,2.493525,0.693959,0.593700,1.582573,1.222677,0.000000,0.658811,0.600000,1.963839,0.654278,0.450000,1.585657,1.212747,-0.453370,1.857112,0.373905,0.478552,1.589147,0.251817,-0.158843,0.402964,0.402964,-0.396874,-0.396874,0.418398,0.385866,-0.401891,-0.307145,0.236708,-0.236708,0.236708,-0.236708,0.131748,-0.177878,0.389501,-0.453133,0.450615,0.207454
2.338000,2.512463,0.708699,0.593700,1.573832,1.233999,0.000000,0.666066,0.600000,1.979133,0.658989,0.450000,1.577030,1.224102,-0.438183,1.876265,0.377177,0.477036,1.613718,0.281088,-0.134792,0.402914,0.402914,-0.396825,-0.396825,0.421764,0.384220,-0.401287,-0.310193,0.236644,-0.236644,0.236644,-0.236644,0.131195,-0.177254,0.395716,-0.443946,0.452593,0.214102
2.350000,2.531296,0.723575,0.593700,1.564968,1.245290,0.000000,0.673316,0.600000,1.994686,0.664414,0.450000,1.568253,1.235414,-0.422639,1.895799,0.381181,0.475667,1.591658,0.353869,-0.071834,0.402866,0.402866,-0.396777,-0.396777,0.418959,0.381916,-0.405002,-0.320453,0.236581,-0.236581,0.236581,-0.236581,0.133350,-0.174384,0.403520,-0.434918,0.463328,0.218402
2.362000,2.550022,0.738586,0.593700,1.555959,1.256555,0.000000,0.680555,0.600000,2.010420,0.670389,0.450000,1.561399,1.243970,-0.446639,1.914921,0.385996,0.475127,1.534264,0.441417,0.005647,0.402820,0.402820,-0.396730,-0.396730,0.417379,0.380600,-0.409043,-0.334131,0.236520,-0.236520,0.236520,-0.236520,0.137034,-0.169502,0.411509,-0.426256,0.476804,0.222361
2.374000,2.568639,0.753732,0.593700,1.546946,1.267646,0.000000,0.687686,0.600000,2.026515,0.677443,0.450000,1.555552,1.251008,-0.470639,1.933687,0.392166,0.475509,1.503096,0.543159,0.066419,0.402775,0.402775,-0.396686,-0.396686,0.415767,0.381064,-0.411253,-0.350597,0.236461,-0.236461,0.236461,-0.236461,0.142078,-0.163732,0.419009,-0.418529,0.490602,0.225422
2.386000,2.587149,0.769008,0.593700,1.538086,1.278372,0.000000,0.694615,0.600000,2.043108,0.686188,0.450000,1.545802,1.263037,-0.494639,1.953473,0.399891,0.475501,1.563723,0.654152,0.058050,0.402732,0.402732,-0.396643,-0.396643,0.414131,0.382794,-0.414716,-0.366649,0.236404,-0.236404,0.236404,-0.236404,0.147553,-0.158380,0.424199,-0.411827,0.493119,0.228225
2.398000,2.605554,0.784411,0.593700,1.529409,1.288762,0.000000,0.701321,0.600000,2.060025,0.696315,0.450000,1.534018,1.277609,-0.500000,1.974210,0.408851,0.475102,1.616813,0.738243,0.063081,0.402691,0.402691,-0.396601,-0.396601,0.412752,0.380596,-0.417126,-0.380444,0.236349,-0.236349,0.236349,-0.236349,0.152002,-0.155230,0.427470,-0.405950,0.492314,0.222946
2.410000,2.623855,0.799937,0.593700,1.520769,1.298869,0.000000,0.707846,0.600000,2.077082,0.707274,0.450000,1.524349,1.289229,-0.500000,1.994914,0.418747,0.475764,1.655145,0.806493,0.091364,0.402651,0.402651,-0.396561,-0.396561,0.411752,0.375155,-0.417696,-0.391248,0.236296,-0.236296,0.236296,-0.236296,0.156553,-0.151664,0.431405,-0.399641,0.490175,0.218308
2.422000,2.642054,0.815582,0.593700,1.512402,1.308527,0.000000,0.714155,0.600000,2.094085,0.718345,0.450000,1.515569,1.299491,-0.500000,2.015362,0.428858,0.475754,1.694583,0.885389,0.053487,0.402612,0.402612,-0.396523,-0.396523,0.410367,0.367200,-0.423845,-0.400630,0.236244,-0.236244,0.236244,-0.236244,0.161571,-0.147535,0.435062,-0.393736,0.486040,0.213389
2.434000,2.660154,0.831340,0.593700,1.504331,1.317778,0.000000,0.720248,0.600000,2.111130,0.729886,0.450000,1.507272,1.309079,-0.500000,2.035458,0.439586,0.475780,1.705717,0.968658,0.030106,0.402575,0.402575,-0.396485,-0.396485,0.407688,0.356254,-0.436007,-0.414684,0.236195,-0.236195,0.236195,-0.236195,0.165898,-0.144995,0.436295,-0.388109,0.478244,0.208343
2.446000,2.678159,0.847208,0.593700,1.496449,1.326702,0.000000,0.726167,0.600000,2.128304,0.742252,0.450000,1.499249,1.318241,-0.500000,2.055521,0.451214,0.475668,1.686278,1.031649,0.006116,0.402539,0.402539,-0.396449,-0.396449,0.404044,0.342239,-0.453420,-0.430097,0.236147,-0.236147,0.236147,-0.236147,0.169565,-0.145919,0.434437,-0.382689,0.469440,0.205350
2.458000,2.696069,0.863180,0.593700,1.488686,1.335387,0.000000,0.731963,0.600000,2.145574,0.755368,0.450000,1.491403,1.327091,-0.500000,2.075530,0.463660,0.475212,1.643809,1.073692,-0.014984,0.402504,0.402504,-0.396415,-0.396415,0.400189,0.325848,-0.473905,-0.446068,0.236101,-0.236101,0.236101,-0.236101,0.172411,-0.149178,0.428614,-0.377419,0.462243,0.204690
2.470000,2.713887,0.879256,0.593700,1.480964,1.343918,0.000000,0.737692,0.600000,2.162895,0.769092,0.450000,1.483654,1.335726,-0.500000,2.095427,0.476777,0.474233,1.599428,1.098199,-0.048523,0.402470,0.402470,-0.396381,-0.396381,0.396951,0.309929,-0.492435,-0.460749,0.236057,-0.236057,0.236057,-0.236057,0.174294,-0.153612,0.417860,-0.372184,0.460465,0.206635
2.482000,2.731612,0.895434,0.593700,1.473206,1.352385,0.000000,0.743410,0.600000,2.180213,0.783226,0.450000,1.475922,1.344236,-0.500000,2.115058,0.490387,0.473178,1.566550,1.121580,-0.047550,0.402438,0.402438,-0.396349,-0.396349,0.394423,0.297837,-0.504032,-0.472256,0.236014,-0.236014,0.236014,-0.236014,0.174935,-0.157888,0.401445,-0.366875,0.466634,0.210701
2.494000,2.749244,0.911713,0.593700,1.465410,1.360798,0.000000,0.749127,0.600000,2.197479,0.797579,0.450000,1.468160,1.352677,-0.500000,2.134312,0.504305,0.472613,1.536415,1.127237,-0.020084,0.402407,0.402407,-0.396317,-0.396317,0.392717,0.291934,-0.507042,-0.480732,0.235973,-0.235973,0.235973,-0.235973,0.174372,-0.159797,0.378163,-0.361451,0.482260,0.215242
2.506000,2.766782,0.928093,0.593700,1.457595,1.369142,0.000000,0.754845,0.600000,2.214649,0.811970,0.450000,1.460371,1.361054,-0.489174,2.153160,0.518339,0.472799,1.565173,1.162829,0.032870,0.402377,0.402377,-0.396287,-0.396287,0.391967,0.292387,-0.504503,-0.488116,0.235933,-0.235933,0.235933,-0.235933,0.172921,-0.158724,0.347804,-0.356104,0.505495,0.218516
2.518000,2.784226,0.944573,0.593700,1.449737,1.377434,0.000000,0.760555,0.600000,2.231813,0.826828,0.450000,1.452552,1.369370,-0.465174,2.172184,0.532814,0.473408,1.549495,1.171875,0.055433,0.402348,0.402348,-0.396258,-0.396258,0.391416,0.300211,-0.498368,-0.495177,0.235895,-0.235895,0.235895,-0.235895,0.171393,-0.155995,0.310505,-0.350594,0.532938,0.213270
2.530000,2.801577,0.961151,0.593700,1.442033,1.385539,0.000000,0.766237,0.600000,2.248968,0.842157,0.450000,1.444785,1.377568,-0.441174,2.191378,0.547736,0.474388,1.577754,1.219972,0.126706,0.402320,0.402320,-0.396230,-0.396230,0.389302,0.316248,-0.489585,-0.498894,0.235857,-0.235857,0.235857,-0.235857,0.170117,-0.154585,0.269777,-0.345609,0.552136,0.201887
2.542000,2.818834,0.977825,0.593700,1.434264,1.393617,0.000000,0.771957,0.600000,2.266143,0.858131,0.450000,1.437053,1.385664,-0.417174,2.210758,0.563288,0.477383,1.602184,1.262046,0.222966,0.402292,0.402292,-0.396203,-0.396203,0.386634,0.338706,-0.481171,-0.501008,0.235822,-0.235822,0.235822,-0.235822,0.168604,-0.154676,0.230046,-0.340455,0.561083,0.187775
2.554000,2.835998,0.994598,0.593700,1.426298,1.401809,0.000000,0.777763,0.600000,2.282916,0.872476,0.450000,1.429221,1.393779,-0.393174,2.230009,0.577178,0.477182,1.605670,1.184128,0.004039,0.402266,0.402266,-0.396177,-0.396177,0.384450,0.365755,-0.473645,-0.501688,0.235787,-0.235787,0.235787,-0.235787,0.165699,-0.155961,0.191489,-0.335006,0.557525,0.173602
2.566000,2.853064,1.011469,0.593700,1.418044,1.410145,0.000000,0.783682,0.600000,2.299538,0.886515,0.450000,1.421152,1.402018,-0.369174,2.248394,0.590907,0.476182,1.571371,1.164246,-0.048082,0.402241,0.402241,-0.396152,-0.396152,0.381967,0.395244,-0.466438,-0.500353,0.235754,-0.235754,0.235754,-0.235754,0.161657,-0.162759,0.153152,-0.330651,0.544998,0.155718
2.576000,2.867209,1.025606,0.593700,1.410906,1.417256,0.000000,0.788795,0.600000,2.313312,0.898193,0.450000,1.414254,1.408959,-0.349174,2.263690,0.602326,0.475135,1.568495,1.164200,-0.086062,0.402221,0.402221,-0.396131,-0.396131,0.379180,0.418060,-0.460876,-0.498421,0.235727,-0.235727,0.235727,-0.235727,0.158897,-0.170840,0.126118,-0.325907,0.533777,0.141658
2.588000,2.884086,1.042666,0.593700,1.401839,1.426151,0.000000,0.795243,0.600000,2.329826,0.912682,0.450000,1.405679,1.417455,-0.330160,2.281931,0.616530,0.474203,1.553491,1.204845,-0.077612,0.402197,0.402197,-0.396108,-0.396108,0.376467,0.440528,-0.454068,-0.496147,0.235701,-0.235701,0.235701,-0.235701,0.156257,-0.181120,0.099252,-0.319193,0.525085,0.125963
2.600000,2.900851,1.059836,0.593700,1.392140,1.435476,0.000000,0.802057,0.600000,2.346360,0.927980,0.450000,1.396403,1.426492,-0.334451,2.300303,0.631536,0.473592,1.563471,1.271534,-0.077905,0.402174,0.402174,-0.396085,-0.396085,0.375091,0.455203,-0.447339,-0.495078,0.235687,-0.235687,0.235687,-0.235687,0.155230,-0.188772,0.082301,-0.310373,0.520915,0.113796
2.612000,2.917496,1.077121,0.593700,1.381927,1.445774,0.000000,0.809219,0.600000,2.362839,0.943694,0.450000,1.386625,1.436044,-0.358119,2.319811,0.646795,0.473221,1.623939,1.301610,-0.034935,0.402152,0.402152,-0.396063,-0.396063,0.374126,0.461805,-0.441765,-0.494985,0.235678,-0.235678,0.235678,-0.235678,0.153860,-0.193948,0.081395,-0.301631,0.518727,0.110946
2.624000,2.934014,1.094531,0.593700,1.371091,1.456028,0.000000,0.816760,0.600000,2.379387,0.960739,0.450000,1.377525,1.444978,-0.382119,2.339468,0.663793,0.471260,1.647292,1.433684,-0.130702,0.402131,0.402131,-0.396042,-0.396042,0.372567,0.462179,-0.439417,-0.502010,0.235674,-0.235674,0.235674,-0.235674,0.149491,-0.201666,0.085852,-0.296264,0.514010,0.112784
2.636000,2.950399,1.112067,0.593700,1.359659,1.466564,0.000000,0.824587,0.600000,2.395881,0.978113,0.450000,1.371604,1.450496,-0.391402,2.358965,0.680710,0.469282,1.621138,1.389450,-0.108700,0.402111,0.402111,-0.396021,-0.396021,0.370959,0.468882,-0.430299,-0.511595,0.235664,-0.235664,0.235664,-0.235664,0.148404,-0.206739,0.092774,-0.289263,0.512374,0.115185
2.648000,2.966644,1.129729,0.593700,1.347636,1.477170,0.000000,0.832585,0.600000,2.412262,0.995190,0.450000,1.365627,1.455831,-0.380509,2.377449,0.697217,0.468495,1.558780,1.370688,-0.030081,0.402091,0.402091,-0.396001,-0.396001,0.370797,0.481677,-0.415782,-0.516859,0.235645,-0.235645,0.235645,-0.235645,0.148257,-0.211962,0.101317,-0.281516,0.512125,0.116825
2.660000,2.982738,1.147520,0.593700,1.335224,1.488095,0.000000,0.840696,0.600000,2.428534,1.011999,0.450000,1.359526,1.460921,-0.388509,2.396400,0.713766,0.469223,1.550531,1.436080,0.075200,0.402072,0.402072,-0.395982,-0.395982,0.370937,0.491582,-0.408116,-0.520800,0.235621,-0.235621,0.235621,-0.235621,0.147002,-0.213490,0.105363,-0.275563,0.510446,0.118641
2.672000,2.998693,1.165444,0.593700,1.323697,1.499237,0.000000,0.848864,0.600000,2.444806,1.029570,0.450000,1.351884,1.468339,-0.412509,2.414770,0.731953,0.470920,1.540422,1.522856,0.097865,0.402053,0.402053,-0.395964,-0.395964,0.368889,0.491310,-0.407583,-0.526228,0.235594,-0.235594,0.235594,-0.235594,0.144347,-0.215804,0.105867,-0.271618,0.499672,0.116146
2.684000,3.014501,1.183500,0.593700,1.310501,1.509987,0.000000,0.857039,0.600000,2.460962,1.047253,0.450000,1.340371,1.478852,-0.436509,2.433260,0.752022,0.473500,1.556006,1.643326,0.111119,0.402035,0.402035,-0.395946,-0.395946,0.364504,0.485258,-0.410387,-0.530938,0.235576,-0.235576,0.235576,-0.235576,0.144513,-0.215597,0.108708,-0.266527,0.488179,0.113312
2.696000,3.030150,1.201682,0.593700,1.297780,1.520426,0.000000,0.865213,0.600000,2.476971,1.065061,0.450000,1.327889,1.489265,-0.460509,2.451433,0.770594,0.472530,1.565143,1.670341,-0.024294,0.402018,0.402018,-0.395929,-0.395929,0.357212,0.474484,-0.414604,-0.536036,0.235585,-0.235585,0.235585,-0.235585,0.148160,-0.213890,0.116952,-0.258304,0.483572,0.115556
2.708000,3.045650,1.219990,0.593700,1.285517,1.530890,0.000000,0.873387,0.600000,2.492834,1.082994,0.450000,1.316050,1.499499,-0.484509,2.468372,0.787921,0.473792,1.524949,1.634455,-0.020967,0.402002,0.402002,-0.395912,-0.395912,0.351670,0.457876,-0.419845,-0.538553,0.235620,-0.235620,0.235620,-0.235620,0.150117,-0.213558,0.122499,-0.252066,0.479243,0.118038
2.720000,3.061001,1.238423,0.593700,1.273088,1.541225,0.000000,0.881560,0.600000,2.508552,1.101053,0.450000,1.303343,1.510433,-0.500000,2.485488,0.805891,0.474592,1.504116,1.607719,-0.041654,0.401986,0.401986,-0.395896,-0.395896,0.346508,0.437541,-0.426379,-0.542587,0.235676,-0.235676,0.235676,-0.235676,0.151320,-0.213925,0.127304,-0.249761,0.474668,0.120509
2.732000,3.076204,1.256979,0.593700,1.260589,1.551480,0.000000,0.889717,0.600000,2.524140,1.119222,0.450000,1.294627,1.517809,-0.476000,2.502677,0.824132,0.474744,1.482789,1.578926,-0.078766,0.401970,0.401970,-0.395881,-0.395881,0.339442,0.416666,-0.435404,-0.552110,0.235757,-0.235757,0.235757,-0.235757,0.151604,-0.214517,0.132288,-0.248360,0.466165,0.122804
2.744000,3.091255,1.275658,0.593700,1.248071,1.561607,0.000000,0.897828,0.600000,2.539622,1.137481,0.450000,1.285709,1.525314,-0.452000,2.519985,0.842603,0.474318,1.459285,1.553015,-0.109681,0.401956,0.401956,-0.395866,-0.395866,0.328484,0.396534,-0.445606,-0.569164,0.235859,-0.235859,0.235859,-0.235859,0.152053,-0.215219,0.137472,-0.246917,0.453929,0.125601
2.756000,3.106158,1.294457,0.593700,1.235678,1.571543,0.000000,0.905848,0.600000,2.554996,1.155830,0.450000,1.276523,1.533017,-0.428000,2.537440,0.861209,0.473406,1.437660,1.524282,-0.127911,0.401941,0.401941,-0.395852,-0.395852,0.313080,0.378900,-0.455801,-0.591371,0.235983,-0.235983,0.235983,-0.235983,0.153869,-0.215873,0.142623,-0.245920,0.439417,0.129838
2.768000,3.120912,1.313374,0.593700,1.223400,1.581291,0.000000,0.913789,0.600000,2.570257,1.174274,0.450000,1.266699,1.541197,-0.406160,2.554792,0.879616,0.471792,1.414467,1.505774,-0.162292,0.401927,0.401927,-0.395838,-0.395838,0.295851,0.362534,-0.466909,-0.611156,0.236128,-0.236128,0.236128,-0.236128,0.157642,-0.216608,0.147452,-0.246371,0.425706,0.136364
2.780000,3.135520,1.332408,0.593700,1.211249,1.591004,0.000000,0.921628,0.600000,2.585398,1.192818,0.450000,1.257348,1.549018,-0.427737,2.571550,0.897449,0.470084,1.317860,1.425436,-0.137164,0.401914,0.401914,-0.395825,-0.395825,0.282767,0.350849,-0.481186,-0.617227,0.236264,-0.236264,0.236264,-0.236264,0.163218,-0.217744,0.151592,-0.249175,0.418948,0.145223
2.792000,3.149982,1.351557,0.593700,1.198988,1.600544,0.000000,0.929334,0.600000,2.600438,1.211446,0.450000,1.249220,1.555773,-0.451737,2.587104,0.914388,0.469049,1.196539,1.326492,-0.094106,0.401901,0.401901,-0.395812,-0.395812,0.279673,0.345336,-0.491350,-0.601138,0.236325,-0.236325,0.236325,-0.236325,0.170212,-0.219310,0.154780,-0.253982,0.427071,0.155819
2.804000,3.164296,1.370819,0.593700,1.186772,1.609767,0.000000,0.936885,0.600000,2.615373,1.230161,0.450000,1.239587,1.563527,-0.475737,2.601671,0.930619,0.468355,1.154317,1.308513,-0.066322,0.401889,0.401889,-0.395799,-0.395799,0.282767,0.344954,-0.495187,-0.570379,0.236320,-0.236320,0.236320,-0.236320,0.178766,-0.221090,0.158047,-0.259453,0.445479,0.167337
2.816000,3.178464,1.390190,0.593700,1.174693,1.618669,0.000000,0.944264,0.600000,2.630084,1.246857,0.450000,1.228092,1.572595,-0.497184,2.616386,0.947170,0.467603,1.209061,1.378807,-0.075139,0.401877,0.401877,-0.395787,-0.395787,0.281847,0.346715,-0.496599,-0.543010,0.236282,-0.236282,0.236282,-0.236282,0.189248,-0.223513,0.161584,-0.266454,0.458188,0.179339
2.826000,3.190162,1.406413,0.593700,1.164752,1.625833,0.000000,0.950305,0.600000,2.642260,1.261392,0.450000,1.218345,1.580165,-0.500000,2.628926,0.961689,0.467218,1.256662,1.462068,-0.027467,0.401867,0.401867,-0.395777,-0.395777,0.275684,0.347814,-0.499225,-0.527449,0.236241,-0.236241,0.236241,-0.236241,0.199538,-0.226016,0.164360,-0.274567,0.457965,0.189159
2.838000,3.204066,1.425974,0.593700,1.152672,1.634291,0.000000,0.957507,0.600000,2.656772,1.279571,0.450000,1.205780,1.589723,-0.487456,2.644305,0.979830,0.468719,1.255469,1.484707,0.094545,0.401856,0.401856,-0.395766,-0.395766,0.266860,0.348911,-0.502058,-0.510731,0.236190,-0.236190,0.236190,-0.236190,0.213285,-0.229121,0.166969,-0.286407,0.450452,0.200649
2.850000,3.217824,1.445635,0.593700,1.140160,1.642558,0.000000,0.964707,0.600000,2.671126,1.298148,0.450000,1.190162,1.601183,-0.463456,2.659802,0.998599,0.471309,1.250116,1.537074,0.155028,0.401845,0.401845,-0.395755,-0.395755,0.262688,0.350164,-0.501739,-0.490692,0.236163,-0.236163,0.236163,-0.236163,0.225734,-0.232799,0.168509,-0.299397,0.443490,0.210265
2.862000,3.231433,1.465395,0.593700,1.128158,1.650714,0.000000,0.971907,0.600000,2.685311,1.317432,0.450000,1.173935,1.612861,-0.439456,2.674918,1.020098,0.471766,1.237395,1.718826,-0.004643,0.401834,0.401834,-0.395745,-0.395745,0.262854,0.347658,-0.501360,-0.470416,0.236172,-0.236172,0.236172,-0.236172,0.238321,-0.236395,0.169443,-0.309088,0.431794,0.215296
2.874000,3.244903,1.485253,0.593700,1.117101,1.658833,0.000000,0.979108,0.600000,2.699291,1.336865,0.450000,1.155763,1.626323,-0.445637,2.689227,1.039613,0.471960,1.183748,1.569526,0.034379,0.401824,0.401824,-0.395735,-0.395735,0.276737,0.343939,-0.499393,-0.439229,0.236207,-0.236207,0.236207,-0.236207,0.258096,-0.239947,0.172903,-0.309105,0.425485,0.222518
2.886000,3.258239,1.505206,0.593700,1.105535,1.666671,0.000000,0.986325,0.600000,2.713057,1.356458,0.450000,1.137797,1.639498,-0.459260,2.702852,1.058210,0.473034,1.154602,1.593224,0.058653,0.401814,0.401814,-0.395725,-0.395725,0.301202,0.341920,-0.493910,-0.399739,0.236219,-0.236219,0.236219,-0.236219,0.272805,-0.244736,0.175407,-0.314420,0.426531,0.225512
2.898000,3.271434,1.525252,0.593700,1.093757,1.674188,0.000000,0.993560,0.600000,2.726593,1.376215,0.450000,1.118132,1.653257,-0.473143,2.716620,1.077193,0.475613,1.184757,1.650475,0.122704,0.401805,0.401805,-0.395716,-0.395716,0.320227,0.341384,-0.488914,-0.371668,0.236231,-0.236231,0.236231,-0.236231,0.280319,-0.247738,0.179450,-0.322945,0.426549,0.223431
2.910000,3.284487,1.545387,0.593700,1.081606,1.681777,0.000000,1.000842,0.600000,2.739862,1.395286,0.450000,1.098158,1.666563,-0.493285,2.729781,1.095455,0.478783,1.142766,1.569967,0.140327,0.401796,0.401796,-0.395706,-0.395706,0.332224,0.340585,-0.485968,-0.355646,0.236227,-0.236227,0.236227,-0.236227,0.282726,-0.249458,0.185127,-0.330951,0.426104,0.219589
2.922000,3.297392,1.565616,0.593700,1.069199,1.689692,0.000000,1.008222,0.600000,2.752771,1.410829,0.450000,1.081149,1.677727,-0.469285,2.741038,1.111059,0.482740,1.014867,1.401099,0.187503,0.401787,0.401787,-0.395698,-0.395698,0.345000,0.339750,-0.479760,-0.341838,0.236236,-0.236236,0.236236,-0.236236,0.280111,-0.251360,0.190010,-0.338762,0.427094,0.214886
2.934000,3.310143,1.585925,0.593700,1.056074,1.695681,0.000000,1.015763,0.600000,2.765519,1.427755,0.450000,1.064751,1.686948,-0.454616,2.754368,1.127963,0.482664,1.146257,1.407826,-0.032304,0.401779,0.401779,-0.395689,-0.395689,0.349276,0.338482,-0.473288,-0.340240,0.236274,-0.236274,0.236274,-0.236274,0.276637,-0.249739,0.198811,-0.341873,0.427479,0.213000
2.946000,3.322727,1.606354,0.593700,1.042467,1.706244,0.000000,1.023521,0.600000,2.778173,1.447056,0.450000,1.050363,1.696956,-0.440657,2.768492,1.147569,0.482802,1.104872,1.566267,0.060844,0.401770,0.401770,-0.395681,-0.395681,0.344623,0.336021,-0.471533,-0.355927,0.236304,-0.236304,0.236304,-0.236304,0.269678,-0.253751,0.203802,-0.341660,0.417059,0.212058
2.958000,3.335157,1.626880,0.593700,1.029301,1.714650,0.000000,1.031344,0.600000,2.790705,1.467436,0.450000,1.038633,1.704563,-0.454712,2.782438,1.167549,0.483789,1.101855,1.623315,0.062175,0.401762,0.401762,-0.395673,-0.395673,0.341798,0.333818,-0.471768,-0.375570,0.236321,-0.236321,0.236321,-0.236321,0.274144,-0.249523,0.214165,-0.332057,0.408885,0.215478
2.970000,3.347429,1.647504,0.593700,1.015920,1.722683,0.000000,1.039167,0.600000,2.803076,1.487630,0.450000,1.024110,1.713612,-0.478712,2.795710,1.187721,0.482274,1.079035,1.689245,-0.072878,0.401755,0.401755,-0.395665,-0.395665,0.340498,0.332930,-0.471214,-0.393851,0.236310,-0.236310,0.236310,-0.236310,0.277219,-0.246212,0.221083,-0.325160,0.409131,0.218030
2.982000,3.359540,1.668224,0.593700,1.002526,1.730565,0.000000,1.046991,0.600000,2.815280,1.508242,0.450000,1.010113,1.722005,-0.500000,2.809012,1.209972,0.478740,1.079232,1.860299,-0.146902,0.401748,0.401748,-0.395658,-0.395658,0.338158,0.332931,-0.469488,-0.410036,0.236276,-0.236276,0.236276,-0.236276,0.276845,-0.244272,0.226740,-0.319795,0.411880,0.221037
2.994000,3.371489,1.689037,0.593700,0.988997,1.738344,0.000000,1.054814,0.600000,2.827338,1.528943,0.450000,1.001378,1.727105,-0.500000,2.821309,1.230952,0.473375,1.048135,1.903000,-0.182238,0.401740,0.401740,-0.395651,-0.395651,0.335762,0.333203,-0.466839,-0.425071,0.236232,-0.236232,0.236232,-0.236232,0.276916,-0.243547,0.231355,-0.315359,0.416337,0.223281
3.006000,3.383275,1.709943,0.593700,0.975419,1.746012,0.000000,1.062637,0.600000,2.839331,1.549681,0.450000,0.997577,1.729239,-0.500000,2.833181,1.252114,0.468807,1.009092,1.885551,-0.153518,0.401734,0.401734,-0.395644,-0.395644,0.334348,0.332924,-0.464937,-0.438506,0.236184,-0.236184,0.236184,-0.236184,0.275517,-0.244252,0.234719,-0.311987,0.418432,0.224922
3.018000,3.394899,1.730941,0.593700,0.961740,1.753539,0.000000,1.070461,0.600000,2.851272,1.570449,0.450000,0.990873,1.732998,-0.500000,2.845790,1.275450,0.466702,1.031026,1.959461,-0.065479,0.401727,0.401727,-0.395638,-0.395638,0.331859,0.328439,-0.469183,-0.449311,0.236137,-0.236137,0.236137,-0.236137,0.272799,-0.245729,0.236234,-0.309857,0.414773,0.225961
3.030000,3.406357,1.752028,0.593700,0.947952,1.760951,0.000000,1.078284,0.600000,2.863052,1.591307,0.450000,0.971471,1.743841,-0.500000,2.858443,1.299875,0.465577,1.049704,2.036053,-0.068127,0.401721,0.401721,-0.395631,-0.395631,0.329635,0.317063,-0.481168,-0.459304,0.236090,-0.236090,0.236090,-0.236090,0.269611,-0.246655,0.236667,-0.308874,0.409589,0.225872
3.042000,3.417649,1.773204,0.593700,0.934149,1.768371,0.000000,1.086107,0.600000,2.874584,1.612303,0.450000,0.950453,1.755428,-0.500000,2.870847,1.323735,0.465032,1.035794,2.034860,-0.022483,0.401714,0.401714,-0.395625,-0.395625,0.328790,0.299070,-0.501101,-0.467950,0.236046,-0.236046,0.236046,-0.236046,0.266506,-0.246549,0.236764,-0.307569,0.398803,0.225114
3.054000,3.428776,1.794468,0.593700,0.920311,1.775666,0.000000,1.093931,0.600000,2.885866,1.633435,0.450000,0.930629,1.766189,-0.500000,2.883295,1.348531,0.465338,1.028306,2.078245,0.011643,0.401709,0.401709,-0.395619,-0.395619,0.329043,0.274839,-0.528884,-0.474429,0.236003,-0.236003,0.236003,-0.236003,0.263810,-0.244781,0.237062,-0.306266,0.385722,0.225346
3.066000,3.439737,1.815818,0.593700,0.906404,1.782722,0.000000,1.101754,0.600000,2.896937,1.654680,0.450000,0.914908,1.774399,-0.500000,2.896539,1.375763,0.465908,1.088432,2.203009,-0.053591,0.401703,0.401703,-0.395613,-0.395613,0.327771,0.244286,-0.561850,-0.479314,0.235962,-0.235962,0.235962,-0.235962,0.260982,-0.240650,0.237774,-0.304183,0.369522,0.226508
3.078000,3.450529,1.837253,0.593700,0.892346,1.789713,0.000000,1.109572,0.600000,2.907829,1.676017,0.450000,0.900496,1.781716,-0.482893,2.909686,1.404292,0.465337,1.081468,2.305332,-0.005322,0.401697,0.401697,-0.395608,-0.395608,0.324503,0.211140,-0.593306,-0.486136,0.235923,-0.235923,0.235923,-0.235923,0.257285,-0.234304,0.238105,-0.301291,0.349390,0.226124
3.088000,3.459392,1.855178,0.593700,0.880323,1.795357,0.000000,1.116074,0.600000,2.916774,1.693863,0.450000,0.888572,1.787522,-0.486121,2.920791,1.426591,0.465495,1.069864,2.205145,0.034249,0.401693,0.401693,-0.395603,-0.395603,0.322686,0.189818,-0.609638,-0.491267,0.235891,-0.235891,0.235891,-0.235891,0.256821,-0.226581,0.238219,-0.298275,0.338575,0.226163
3.100000,3.469869,1.876763,0.593700,0.865836,1.802051,0.000000,1.123858,0.600000,2.927351,1.715354,0.450000,0.874145,1.794306,-0.500000,2.933378,1.453175,0.464678,1.012983,2.133670,-0.102104,0.401688,0.401688,-0.395598,-0.395598,0.322695,0.179769,-0.611578,-0.495727,0.235854,-0.235854,0.235854,-0.235854,0.256641,-0.217084,0.235338,-0.294209,0.343115,0.225955
3.112000,3.480170,1.898417,0.593700,0.846406,1.797750,0.000000,1.131586,0.600000,2.937755,1.736925,0.450000,0.859144,1.799130,-0.500000,2.944621,1.477752,0.463040,0.949618,2.031138,-0.042781,0.401683,0.401683,-0.395593,-0.395593,0.323515,0.188746,-0.596292,-0.497610,0.235818,-0.235818,0.235818,-0.235818,0.256249,-0.207619,0.230655,-0.290042,0.362495,0.225685
3.124000,3.490235,1.920010,0.593700,0.831501,1.801514,0.000000,1.139209,0.600000,2.947990,1.758479,0.450000,0.848173,1.793933,-0.500000,2.955405,1.501551,0.462666,0.960735,1.968913,0.034506,0.401678,0.401678,-0.395588,-0.395588,0.324685,0.213501,-0.574232,-0.497174,0.235784,-0.235784,0.235784,-0.235784,0.261154,-0.194342,0.229308,-0.281539,0.395906,0.223826
3.136000,3.500135,1.941664,0.593700,0.818482,1.807457,0.000000,1.146643,0.600000,2.958127,1.780000,0.450000,0.841087,1.793784,-0.496943,2.967225,1.525146,0.462615,0.996735,1.993785,0.077035,0.401673,0.401673,-0.395584,-0.395584,0.326293,0.244096,-0.552888,-0.495960,0.235750,-0.235750,0.235750,-0.235750,0.264547,-0.188205,0.226377,-0.274697,0.428356,0.221962
3.148000,3.509879,1.963387,0.593700,0.805597,1.812842,0.000000,1.153827,0.600000,2.968158,1.801547,0.450000,0.829766,1.797916,-0.483683,2.978703,1.548564,0.462901,0.983469,1.985313,0.064661,0.401669,0.401669,-0.395579,-0.395579,0.327651,0.274828,-0.533369,-0.494661,0.235718,-0.235718,0.235718,-0.235718,0.268070,-0.188624,0.222847,-0.267864,0.449598,0.217081
3.160000,3.519475,1.985175,0.593700,0.793879,1.818600,0.000000,1.160934,0.600000,2.978018,1.823165,0.450000,0.813141,1.805461,-0.459683,2.990280,1.572445,0.463766,0.987823,1.996834,0.112446,0.401664,0.401664,-0.395575,-0.395575,0.327123,0.306866,-0.511991,-0.492886,0.235692,-0.235692,0.235692,-0.235692,0.270967,-0.189030,0.220842,-0.260771,0.458760,0.211267
3.172000,3.528935,2.007034,0.593700,0.782656,1.824533,0.000000,1.168035,0.600000,2.987671,1.844882,0.450000,0.795694,1.814132,-0.435683,3.002499,1.596608,0.465796,1.015432,2.030383,0.157550,0.401660,0.401660,-0.395571,-0.395571,0.326052,0.340837,-0.488038,-0.491120,0.235695,-0.235695,0.235695,-0.235695,0.272664,-0.186742,0.217789,-0.254174,0.463776,0.205165
3.184000,3.538260,2.028964,0.593700,0.771543,1.830461,0.000000,1.175135,0.600000,2.997121,1.866702,0.450000,0.780026,1.822169,-0.411683,3.014813,1.620939,0.468380,1.033500,2.039542,0.166005,0.401656,0.401656,-0.395567,-0.395567,0.325270,0.375989,-0.462816,-0.491398,0.235728,-0.235728,0.235728,-0.235728,0.272930,-0.182689,0.210803,-0.248838,0.469139,0.197699
3.196000,3.547450,2.050963,0.593700,0.760128,1.836115,0.000000,1.182236,0.600000,3.006403,1.888608,0.450000,0.767276,1.828660,-0.387683,3.027242,1.645057,0.470154,1.052267,2.040845,0.114583,0.401652,0.401652,-0.395563,-0.395563,0.325084,0.411764,-0.435966,-0.492529,0.235762,-0.235762,0.235762,-0.235762,0.271916,-0.178508,0.201576,-0.244278,0.477766,0.189883
3.208000,3.556502,2.073029,0.593700,0.748223,1.841266,0.000000,1.189337,0.600000,3.015539,1.910587,0.450000,0.755273,1.834415,-0.374913,3.039283,1.668740,0.468465,1.036518,2.034201,-0.135614,0.401648,0.401648,-0.395559,-0.395559,0.325417,0.444246,-0.411318,-0.493403,0.235778,-0.235778,0.235778,-0.235778,0.269845,-0.175227,0.190976,-0.240545,0.490363,0.182271
3.220000,3.565404,2.095166,0.593700,0.733453,1.860642,0.000000,1.196438,0.600000,3.024528,1.932632,0.450000,0.742754,1.841763,-0.397230,3.052692,1.692675,0.466358,1.136121,2.011400,-0.157871,0.401645,0.401645,-0.395555,-0.395555,0.325465,0.460087,-0.394906,-0.493396,0.235773,-0.235773,0.235773,-0.235773,0.268785,-0.172660,0.185654,-0.236025,0.500927,0.179423
3.232000,3.574124,2.117525,0.593700,0.720174,1.865804,0.000000,1.203538,0.600000,3.033362,1.954826,0.450000,0.731126,1.854697,-0.421230,3.065669,1.718393,0.463726,1.055938,2.190017,-0.142417,0.401641,0.401641,-0.395552,-0.395552,0.323180,0.453072,-0.389905,-0.500272,0.235759,-0.235759,0.235759,-0.235759,0.260786,-0.183387,0.178911,-0.240050,0.496336,0.180659
3.244000,3.582688,2.139945,0.593700,0.707098,1.870825,0.000000,1.210639,0.600000,3.042117,1.977103,0.450000,0.728138,1.857644,-0.445230,3.078088,1.744793,0.462521,1.033048,2.206496,-0.039179,0.401638,0.401638,-0.395549,-0.395549,0.319939,0.451307,-0.381305,-0.517986,0.235738,-0.235738,0.235738,-0.235738,0.257161,-0.188669,0.177787,-0.238962,0.488982,0.180174
3.256000,3.591094,2.162424,0.593700,0.693866,1.875566,0.000000,1.217740,0.600000,3.050827,1.999407,0.450000,0.722241,1.860115,-0.469230,3.089701,1.770734,0.462146,0.937187,2.162839,-0.001109,0.401635,0.401635,-0.395545,-0.395545,0.319366,0.447890,-0.372496,-0.531373,0.235711,-0.235711,0.235711,-0.235711,0.252806,-0.194457,0.178828,-0.237831,0.485699,0.179392
3.268000,3.599340,2.184958,0.593700,0.680469,1.880137,0.000000,1.224841,0.600000,3.059422,2.021755,0.450000,0.709629,1.864778,-0.493230,3.100531,1.796816,0.462203,0.882824,2.165706,0.016937,0.401632,0.401632,-0.395542,-0.395542,0.318802,0.435990,-0.368665,-0.540378,0.235682,-0.235682,0.235682,-0.235682,0.248801,-0.198647,0.179607,-0.236083,0.477554,0.177887
3.280000,3.607425,2.207546,0.593700,0.666999,1.884612,0.000000,1.231941,0.600000,3.067843,2.044167,0.450000,0.693232,1.870744,-0.500000,3.111014,1.823007,0.462937,0.855845,2.196561,0.044825,0.401629,0.401629,-0.395539,-0.395539,0.318487,0.421260,-0.370381,-0.546888,0.235652,-0.235652,0.235652,-0.235652,0.245604,-0.202310,0.181054,-0.233528,0.468128,0.176735
3.292000,3.615348,2.230189,0.593700,0.653539,1.889130,0.000000,1.239042,0.600000,3.076045,2.066658,0.450000,0.673219,1.878048,-0.500000,3.121185,1.849149,0.464831,0.839897,2.218748,0.077547,0.401626,0.401626,-0.395536,-0.395536,0.318229,0.407426,-0.375580,-0.552502,0.235624,-0.235624,0.235624,-0.235624,0.242380,-0.205922,0.182988,-0.230404,0.460840,0.176586
3.304000,3.623110,2.252886,0.593700,0.640103,1.893702,0.000000,1.246143,0.600000,3.083991,2.089243,0.450000,0.651808,1.885816,-0.500000,3.130611,1.874346,0.467350,0.803842,2.180664,0.080964,0.401623,0.401623,-0.395533,-0.395533,0.317830,0.394383,-0.382854,-0.556217,0.235615,-0.235615,0.235615,-0.235615,0.238309,-0.209509,0.185034,-0.227792,0.454640,0.176577
3.316000,3.630711,2.275637,0.593700,0.626641,1.898138,0.000000,1.253244,0.600000,3.091713,2.111908,0.450000,0.635758,1.891359,-0.495593,3.139723,1.899315,0.469195,0.778577,2.145076,0.027289,0.401620,0.401620,-0.395531,-0.395531,0.315614,0.382246,-0.390967,-0.560507,0.235614,-0.235614,0.235614,-0.235614,0.236066,-0.212636,0.187230,-0.226146,0.447402,0.176932
3.328000,3.638149,2.298441,0.593700,0.613151,1.902503,0.000000,1.260345,0.600000,3.099258,2.134632,0.450000,0.621832,1.895970,-0.471593,3.148769,1.924495,0.470183,0.762799,2.130849,-0.017153,0.401617,0.401617,-0.395528,-0.395528,0.308137,0.370379,-0.400511,-0.570240,0.235614,-0.235614,0.235614,-0.235614,0.235329,-0.215501,0.189661,-0.224940,0.436147,0.178201
3.340000,3.645426,2.321297,0.593700,0.599604,1.906859,0.000000,1.267471,0.600000,3.106638,2.157411,0.450000,0.608143,1.900424,-0.447593,3.157676,1.949789,0.470415,0.743950,2.120766,-0.061581,0.401615,0.401615,-0.395525,-0.395525,0.294754,0.359047,-0.411503,-0.587653,0.235618,-0.235618,0.235618,-0.235618,0.235531,-0.218248,0.192327,-0.223314,0.422006,0.180849
3.350000,3.651365,2.340383,0.593700,0.588217,1.910361,0.000000,1.273445,0.600000,3.112662,2.176433,0.450000,0.596750,1.904050,-0.427593,3.164911,1.970937,0.469485,0.719780,2.113493,-0.121482,0.401613,0.401613,-0.395523,-0.395523,0.278928,0.349289,-0.421198,-0.608064,0.235621,-0.235621,0.235621,-0.235621,0.236488,-0.220602,0.194680,-0.221890,0.408576,0.184504
3.362000,3.658341,2.363332,0.593700,0.574463,1.914469,0.000000,1.280641,0.600000,3.119740,2.199307,0.450000,0.582916,1.908270,-0.422342,3.173314,1.996248,0.468482,0.673454,2.063961,-0.106806,0.401610,0.401610,-0.395521,-0.395521,0.255759,0.337548,-0.432860,-0.634366,0.235619,-0.235619,0.235619,-0.235619,0.238993,-0.223091,0.197527,-0.220605,0.389945,0.190795
3.374000,3.665152,2.386332,0.593700,0.560684,1.918812,0.000000,1.287841,0.600000,3.126652,2.222231,0.450000,0.569112,1.912502,-0.446342,3.181336,2.021005,0.466681,0.627872,2.002040,-0.143611,0.401608,0.401608,-0.395519,-0.395519,0.234081,0.328066,-0.445911,-0.652279,0.235608,-0.235608,0.235608,-0.235608,0.242811,-0.225584,0.200262,-0.220448,0.375275,0.199965
3.386000,3.671798,2.409384,0.593700,0.546871,1.923174,0.000000,1.295041,0.600000,3.133399,2.245207,0.450000,0.555362,1.916837,-0.470342,3.188692,2.044807,0.465177,0.554746,1.876658,-0.105810,0.401606,0.401606,-0.395517,-0.395517,0.221942,0.322531,-0.457318,-0.650752,0.235588,-0.235588,0.235588,-0.235588,0.247617,-0.228374,0.202251,-0.221783,0.371777,0.209544
3.398000,3.678277,2.432487,0.593700,0.533016,1.927397,0.000000,1.302241,0.600000,3.139985,2.268234,0.450000,0.542160,1.920929,-0.494342,3.195260,2.067325,0.464581,0.497636,1.780289,-0.032409,0.401604,0.401604,-0.395514,-0.395514,0.222444,0.321915,-0.464087,-0.627427,0.235564,-0.235564,0.235564,-0.235564,0.253584,-0.231505,0.203947,-0.223995,0.383778,0.214786
3.410000,3.684590,2.455640,0.593700,0.519113,1.931414,0.000000,1.309441,0.600000,3.146405,2.291311,0.450000,0.527850,1.925224,-0.500000,3.201669,2.089190,0.464116,0.511321,1.804598,-0.022940,0.401602,0.401602,-0.395512,-0.395512,0.228330,0.324729,-0.467025,-0.594422,0.235539,-0.235539,0.235539,-0.235539,0.260972,-0.235008,0.205252,-0.227685,0.404133,0.220537
3.422000,3.690735,2.478840,0.593700,0.505168,1.935136,0.000000,1.316641,0.600000,3.152655,2.314438,0.450000,0.513826,1.929166,-0.491967,3.208003,2.111815,0.464231,0.524832,1.877654,0.033013,0.401600,0.401600,-0.395510,-0.395510,0.231276,0.326424,-0.468812,-0.564674,0.235514,-0.235514,0.235514,-0.235514,0.269692,-0.239452,0.206202,-0.234423,0.415946,0.226960
3.434000,3.696714,2.502082,0.593700,0.491189,1.938549,0.000000,1.323841,0.600000,3.158737,2.337610,0.450000,0.499862,1.932782,-0.480221,3.214478,2.135620,0.466301,0.525219,1.964269,0.112534,0.401598,0.401598,-0.395508,-0.395508,0.232670,0.327291,-0.469021,-0.537909,0.235490,-0.235490,0.235490,-0.235490,0.278829,-0.244436,0.206366,-0.243844,0.420354,0.232240
3.446000,3.702461,2.525329,0.593700,0.467832,1.936591,0.000000,1.331041,0.600000,3.164631,2.360811,0.450000,0.480920,1.933194,-0.460112,3.219096,2.160017,0.469299,0.461259,1.975685,0.236396,0.401596,0.401596,-0.395507,-0.395507,0.235762,0.325129,-0.469691,-0.512376,0.235470,-0.235470,0.235470,-0.235470,0.292746,-0.244998,0.211768,-0.249679,0.413165,0.240361
3.458000,3.708075,2.548639,0.593700,0.463147,1.945577,0.000000,1.338243,0.600000,3.170329,2.384038,0.450000,0.469830,1.938554,-0.479050,3.225944,2.184979,0.473397,0.476823,2.025986,0.301133,0.401594,0.401594,-0.395505,-0.395505,0.250912,0.322033,-0.468620,-0.477214,0.235458,-0.235458,0.235458,-0.235458,0.305506,-0.248647,0.215815,-0.255878,0.412868,0.240455
3.470000,3.713548,2.572006,0.593700,0.449100,1.948866,0.000000,1.345461,0.600000,3.175894,2.407328,0.450000,0.457371,1.942880,-0.492119,3.231137,2.208011,0.476600,0.440132,1.940355,0.235682,0.401592,0.401592,-0.395503,-0.395503,0.273361,0.319207,-0.466528,-0.437718,0.235445,-0.235445,0.235445,-0.235445,0.315325,-0.251773,0.219755,-0.266007,0.410247,0.243652
3.482000,3.718852,2.595412,0.593700,0.434868,1.952047,0.000000,1.352764,0.600000,3.181301,2.430664,0.450000,0.443662,1.946372,-0.468119,3.235614,2.230535,0.479122,0.381574,1.919134,0.165887,0.401591,0.401591,-0.395501,-0.395501,0.297735,0.318695,-0.463538,-0.398027,0.235428,-0.235428,0.235428,-0.235428,0.325344,-0.255207,0.223776,-0.276882,0.408149,0.245354
3.494000,3.723984,2.618855,0.593700,0.420347,1.955117,0.000000,1.360204,0.600000,3.186540,2.454039,0.450000,0.429441,1.949572,-0.480549,3.238862,2.256536,0.482582,0.290759,2.163628,0.212460,0.401589,0.401589,-0.395500,-0.395500,0.313930,0.319350,-0.462373,-0.368055,0.235409,-0.235409,0.235409,-0.235409,0.337928,-0.257188,0.225992,-0.284404,0.402988,0.244807
3.506000,3.728940,2.642330,0.593700,0.405617,1.957398,0.000000,1.367799,0.600000,3.191606,2.477451,0.450000,0.414904,1.952252,-0.495336,3.243393,2.282658,0.483121,0.434921,2.162224,-0.030247,0.401588,0.401588,-0.395498,-0.395498,0.324256,0.318603,-0.467089,-0.346655,0.235389,-0.235389,0.235389,-0.235389,0.359248,-0.257212,0.231871,-0.279082,0.398110,0.238345
3.518000,3.733689,2.665822,0.593700,0.390648,1.961364,0.000000,1.375544,0.600000,3.196486,2.500889,0.450000,0.398190,1.954066,-0.487029,3.248698,2.305670,0.481379,0.431680,1.964856,-0.101378,0.401586,0.401586,-0.395497,-0.395497,0.341537,0.318334,-0.469079,-0.322070,0.235370,-0.235370,0.235370,-0.235370,0.355864,-0.263040,0.234133,-0.278470,0.406116,0.233518
3.530000,3.738284,2.689375,0.593700,0.375284,1.964302,0.000000,1.383389,0.600000,3.201184,2.524365,0.450000,0.384523,1.958369,-0.500000,3.253073,2.328459,0.479616,0.363422,1.954904,-0.106120,0.401585,0.401585,-0.395495,-0.395495,0.359932,0.317482,-0.469776,-0.307600,0.235352,-0.235352,0.235352,-0.235352,0.343208,-0.271198,0.233107,-0.280621,0.417765,0.234535
3.542000,3.742695,2.712964,0.593700,0.359764,1.967087,0.000000,1.391272,0.600000,3.205709,2.547885,0.450000,0.369550,1.961596,-0.495141,3.257166,2.351796,0.478465,0.349915,1.988823,-0.062859,0.401583,0.401583,-0.395494,-0.395494,0.374562,0.315160,-0.471176,-0.303451,0.235335,-0.235335,0.235335,-0.235335,0.331787,-0.277998,0.232812,-0.281716,0.426017,0.235313
3.554000,3.746919,2.736586,0.593700,0.344284,1.969886,0.000000,1.399159,0.600000,3.210052,2.571442,0.450000,0.354199,1.964512,-0.471141,3.261225,2.375758,0.477667,0.335323,2.000654,-0.055665,0.401582,0.401582,-0.395492,-0.395492,0.385347,0.311957,-0.475062,-0.305482,0.235318,-0.235318,0.235318,-0.235318,0.323568,-0.282107,0.233789,-0.281522,0.427773,0.235708
3.566000,3.750957,2.760240,0.593700,0.328788,1.972561,0.000000,1.407045,0.600000,3.214210,2.595033,0.450000,0.338764,1.967265,-0.457258,3.265096,2.399682,0.477052,0.305153,1.999946,-0.040403,0.401581,0.401581,-0.395491,-0.395491,0.393828,0.310183,-0.476665,-0.311176,0.235301,-0.235301,0.235301,-0.235301,0.319992,-0.285756,0.234509,-0.281459,0.428824,0.236045
3.578000,3.754810,2.783926,0.593700,0.313248,1.975052,0.000000,1.414931,0.600000,3.218182,2.618656,0.450000,0.323284,1.969885,-0.480368,3.268626,2.423552,0.476130,0.277777,2.021138,-0.059062,0.401579,0.401579,-0.395490,-0.395490,0.400671,0.308312,-0.476953,-0.319086,0.235285,-0.235285,0.235285,-0.235285,0.315392,-0.289167,0.235134,-0.281438,0.432177,0.236625
3.590000,3.758474,2.807643,0.593700,0.297559,1.977644,0.000000,1.422817,0.600000,3.221968,2.642310,0.450000,0.307702,1.972451,-0.500000,3.271533,2.446834,0.475244,0.247235,2.045849,-0.052167,0.401578,0.401578,-0.395489,-0.395489,0.405398,0.304035,-0.476698,-0.329125,0.235269,-0.235269,0.235269,-0.235269,0.310557,-0.291920,0.235837,-0.281269,0.435616,0.238810
3.600000,3.761385,2.827429,0.593700,0.284505,1.979633,0.000000,1.429389,0.600000,3.224980,2.662045,0.450000,0.294679,1.974518,-0.500000,3.273442,2.465324,0.475313,0.218645,2.034929,-0.011083,0.401577,0.401577,-0.395488,-0.395488,0.407545,0.299951,-0.476211,-0.338794,0.235256,-0.235256,0.235256,-0.235256,0.306664,-0.294020,0.236766,-0.280796,0.436744,0.239462
3.612000,3.764705,2.851198,0.593700,0.268848,1.981844,0.000000,1.437275,0.600000,3.228422,2.685753,0.450000,0.279048,1.976851,-0.498919,3.275978,2.489894,0.474637,0.208991,2.095573,-0.032406,0.401576,0.401576,-0.395487,-0.395487,0.407945,0.294697,-0.476672,-0.350983,0.235241,-0.235241,0.235241,-0.235241,0.303853,-0.295647,0.238800,-0.279286,0.437931,0.237946
3.624000,3.767837,2.874993,0.593700,0.253206,1.983896,0.000000,1.445161,0.600000,3.231677,2.709488,0.450000,0.263428,1.979006,-0.500000,3.278482,2.515116,0.473497,0.196785,2.163178,-0.048581,0.401575,0.401575,-0.395486,-0.395486,0.405671,0.287005,-0.482280,-0.363789,0.235227,-0.235227,0.235227,-0.235227,0.301351,-0.296712,0.240495,-0.277738,0.434501,0.237165
3.636000,3.770782,2.898811,0.593700,0.237546,1.985824,0.000000,1.453047,0.600000,3.234744,2.733249,0.450000,0.247802,1.981021,-0.500000,3.280844,2.541158,0.472222,0.183870,2.218087,-0.071085,0.401574,0.401574,-0.395484,-0.395484,0.401258,0.274420,-0.494891,-0.377645,0.235213,-0.235213,0.235213,-0.235213,0.299034,-0.296234,0.241291,-0.276422,0.425327,0.236341
3.648000,3.773538,2.922652,0.593700,0.221867,1.987624,0.000000,1.460934,0.600000,3.237624,2.757032,0.450000,0.232162,1.982905,-0.500000,3.282981,2.567968,0.470405,0.164995,2.259767,-0.115749,0.401573,0.401573,-0.395483,-0.395483,0.394923,0.255278,-0.514925,-0.392654,0.235200,-0.235200,0.235200,-0.235200,0.296431,-0.294001,0.242364,-0.275083,0.411074,0.236509
3.660000,3.776106,2.946514,0.593700,0.206173,1.989296,0.000000,1.468817,0.600000,3.240316,2.780838,0.450000,0.216506,1.984662,-0.490994,3.284946,2.595281,0.468549,0.151998,2.260322,-0.112451,0.401572,0.401572,-0.395482,-0.395482,0.387695,0.232037,-0.539427,-0.408060,0.235187,-0.235187,0.235187,-0.235187,0.293724,-0.288947,0.243556,-0.273683,0.393840,0.237700
3.672000,3.778486,2.970395,0.593700,0.190489,1.990830,0.000000,1.476677,0.600000,3.242820,2.804664,0.450000,0.200842,1.986286,-0.477243,3.286696,2.622588,0.466555,0.137746,2.228762,-0.118262,0.401571,0.401571,-0.395482,-0.395482,0.379079,0.211625,-0.560874,-0.422212,0.235175,-0.235175,0.235175,-0.235175,0.290738,-0.280151,0.244309,-0.272136,0.379245,0.239904
3.684000,3.780679,2.994293,0.593700,0.174964,1.992227,0.000000,1.484440,0.600000,3.245137,2.828508,0.450000,0.185253,1.987774,-0.500000,3.288307,2.649325,0.464932,0.131117,2.151483,-0.084835,0.401570,0.401570,-0.395481,-0.395481,0.369959,0.203039,-0.570220,-0.433220,0.235163,-0.235163,0.235163,-0.235163,0.287572,-0.267345,0.243599,-0.270492,0.374768,0.242718
3.696000,3.782687,3.018207,0.593700,0.159705,1.993483,0.000000,1.492060,0.600000,3.247267,2.852370,0.450000,0.169858,1.989122,-0.500000,3.289898,2.674939,0.463555,0.143462,2.056510,-0.047750,0.401569,0.401569,-0.395480,-0.395480,0.359950,0.212407,-0.561868,-0.441089,0.235151,-0.235151,0.235151,-0.235151,0.284103,-0.251332,0.240299,-0.268709,0.386986,0.245759
3.708000,3.784513,3.042136,0.593700,0.144746,1.994600,0.000000,1.499526,0.600000,3.249217,2.876246,0.450000,0.155762,1.990233,-0.500000,3.291484,2.699293,0.462817,0.153229,1.978703,0.004307,0.401568,0.401568,-0.395479,-0.395479,0.348881,0.240553,-0.535898,-0.446010,0.235140,-0.235140,0.235140,-0.235140,0.280590,-0.233689,0.232888,-0.266431,0.418584,0.247741
3.720000,3.786162,3.066077,0.593700,0.130054,1.995561,0.000000,1.506846,0.600000,3.251036,2.900132,0.450000,0.148658,1.990622,-0.500000,3.293386,2.723385,0.462399,0.176989,1.969523,0.063898,0.401567,0.401567,-0.395478,-0.395478,0.337431,0.282522,-0.500303,-0.449901,0.235129,-0.235129,0.235129,-0.235129,0.277483,-0.216607,0.220242,-0.263123,0.462920,0.241307
3.732000,3.787635,3.090029,0.593700,0.115560,1.996407,0.000000,1.514076,0.600000,3.252792,2.924021,0.450000,0.143917,1.990819,-0.500000,3.295061,2.746308,0.463916,0.174012,1.902414,0.188477,0.401567,0.401567,-0.395477,-0.395477,0.326390,0.331505,-0.462637,-0.452713,0.235119,-0.235119,0.235119,-0.235119,0.275103,-0.202700,0.203315,-0.259079,0.504055,0.233639
3.744000,3.788936,3.113991,0.593700,0.101196,1.997205,0.000000,1.521277,0.600000,3.254453,2.947915,0.450000,0.130172,1.991743,-0.498609,3.297298,2.769033,0.466625,0.197814,1.874159,0.216209,0.401566,0.401566,-0.395476,-0.395476,0.317516,0.383257,-0.428562,-0.454840,0.235109,-0.235109,0.235109,-0.235109,0.273101,-0.191997,0.185064,-0.254752,0.525952,0.222624
3.756000,3.790064,3.137962,0.593700,0.086833,1.997904,0.000000,1.528477,0.600000,3.255885,2.971824,0.450000,0.108859,1.993095,-0.479861,3.299687,2.791733,0.469490,0.219170,1.887881,0.194387,0.401565,0.401565,-0.395476,-0.395476,0.311790,0.433356,-0.402813,-0.457057,0.235119,-0.235119,0.235119,-0.235119,0.270883,-0.185568,0.168188,-0.250951,0.527190,0.210798
3.768000,3.791020,3.161940,0.593700,0.072482,1.998519,0.000000,1.535678,0.600000,3.257065,2.995749,0.450000,0.087569,1.994259,-0.471883,3.302718,2.814998,0.471789,0.242950,1.949403,0.123262,0.401564,0.401564,-0.395475,-0.395475,0.309887,0.476016,-0.385899,-0.460842,0.235166,-0.235166,0.235166,-0.235166,0.267895,-0.183199,0.151670,-0.246833,0.521269,0.199362
3.780000,3.791804,3.185926,0.593700,0.058142,1.999073,0.000000,1.542910,0.600000,3.258001,3.019685,0.450000,0.069208,1.995121,-0.495883,3.304972,2.837817,0.472603,0.221413,1.960892,0.024324,0.401564,0.401564,-0.395474,-0.395474,0.309827,0.509447,-0.376295,-0.466033,0.235219,-0.235219,0.235219,-0.235219,0.265976,-0.182901,0.133740,-0.241263,0.514168,0.191596
3.792000,3.792414,3.209917,0.593700,0.043595,1.999462,0.000000,1.550205,0.600000,3.258737,3.043630,0.450000,0.053752,1.995661,-0.500000,3.307412,2.861104,0.471851,0.210398,1.983423,-0.096969,0.401563,0.401563,-0.395474,-0.395474,0.309484,0.533565,-0.372023,-0.469246,0.235248,-0.235248,0.235248,-0.235248,0.264828,-0.182539,0.117973,-0.234660,0.509651,0.178133
3.804000,3.792850,3.233913,0.593700,0.028931,1.999786,0.000000,1.557567,0.600000,3.259293,3.067581,0.450000,0.038944,1.996054,-0.500000,3.309242,2.885549,0.468290,0.170006,2.089433,-0.236113,0.401562,0.401562,-0.395473,-0.395473,0.308214,0.547979,-0.373139,-0.474388,0.235253,-0.235253,0.235253,-0.235253,0.263696,-0.183372,0.107673,-0.226828,0.509090,0.166867
3.816000,3.793108,3.257911,0.593700,0.014039,1.999943,0.000000,1.565007,0.600000,3.259676,3.091535,0.450000,0.025618,1.996306,-0.482447,3.311296,2.910795,0.465006,0.183862,2.114119,-0.205237,0.401562,0.401562,-0.395472,-0.395472,0.304219,0.554386,-0.369208,-0.485338,0.235249,-0.235249,0.235249,-0.235249,0.262474,-0.185140,0.104545,-0.219392,0.498991,0.162662
3.828000,3.793187,3.281911,0.593700,-0.000888,1.999919,0.000000,1.572500,0.600000,3.259930,3.115491,0.450000,0.016887,1.996419,-0.478816,3.313545,2.935388,0.462948,0.195816,2.038434,-0.127164,0.401561,0.401561,-0.395472,-0.395472,0.299306,0.559605,-0.351339,-0.496392,0.235248,-0.235248,0.235248,-0.235248,0.261346,-0.189875,0.106307,-0.212606,0.469279,0.161909
3.840000,3.793086,3.305909,0.593700,-0.015910,1.999741,0.000000,1.580013,0.600000,3.260064,3.139449,0.450000,0.004223,1.996427,-0.469557,3.315889,2.959206,0.461901,0.200763,2.001048,-0.094472,0.401561,0.401561,-0.395471,-0.395471,0.297458,0.564044,-0.326026,-0.506248,0.235245,-0.235245,0.235245,-0.235245,0.260012,-0.199377,0.110418,-0.206606,0.437271,0.162468
3.850000,3.792864,3.325905,0.593700,-0.028431,1.999492,0.000000,1.586276,0.600000,3.260042,3.159412,0.450000,-0.008582,1.996315,-0.449977,3.317824,2.979001,0.461514,0.188854,1.978512,-0.019813,0.401560,0.401560,-0.395471,-0.395471,0.298064,0.561930,-0.307550,-0.512914,0.235257,-0.235257,0.235257,-0.235257,0.259559,-0.208323,0.114254,-0.201520,0.417008,0.163445
3.862000,3.792433,3.349898,0.593700,-0.043408,1.999500,0.000000,1.593791,0.600000,3.259853,3.183367,0.450000,-0.022431,1.996261,-0.448437,3.319784,3.002896,0.461896,0.159480,1.981439,0.028634,0.401560,0.401560,-0.395470,-0.395470,0.300696,0.556449,-0.293240,-0.517407,0.235286,-0.235286,0.235286,-0.235286,0.260355,-0.210035,0.120099,-0.195966,0.402812,0.164466
3.874000,3.791821,3.373890,0.593700,-0.058559,1.998995,0.000000,1.601307,0.600000,3.259495,3.207322,0.450000,-0.038190,1.996081,-0.471584,3.321858,3.027496,0.462364,0.139035,2.050875,0.036921,0.401559,0.401559,-0.395470,-0.395470,0.302886,0.549910,-0.293178,-0.518580,0.235301,-0.235301,0.235301,-0.235301,0.261373,-0.209731,0.126089,-0.190963,0.412704,0.165867
3.886000,3.791029,3.397874,0.593700,-0.073543,1.998258,0.000000,1.608818,0.600000,3.258926,3.231271,0.450000,-0.056925,1.995425,-0.495584,3.323476,3.053628,0.463643,0.107537,2.193881,0.068473,0.401559,0.401559,-0.395469,-0.395469,0.304251,0.540185,-0.299992,-0.517689,0.235301,-0.235301,0.235301,-0.235301,0.260734,-0.210406,0.129098,-0.186742,0.424952,0.162391
3.898000,3.790056,3.421848,0.593700,-0.088513,1.997503,0.000000,1.616317,0.600000,3.258123,3.255211,0.450000,-0.076313,1.994573,-0.500000,3.324978,3.080945,0.464411,0.091132,2.314588,0.037145,0.401558,0.401558,-0.395469,-0.395469,0.305105,0.526581,-0.311042,-0.518727,0.235301,-0.235301,0.235301,-0.235301,0.259287,-0.211156,0.131875,-0.183330,0.441110,0.159816
3.910000,3.788905,3.445814,0.593700,-0.103452,1.996952,0.000000,1.623800,0.600000,3.257108,3.279142,0.450000,-0.092624,1.993857,-0.500000,3.325778,3.107339,0.465298,0.049164,2.329625,0.016259,0.401558,0.401558,-0.395468,-0.395468,0.305629,0.509800,-0.325330,-0.522147,0.235300,-0.235300,0.235300,-0.235300,0.258123,-0.211539,0.134781,-0.180108,0.458383,0.158731
3.922000,3.787573,3.469774,0.593700,-0.118377,1.996242,0.000000,1.631266,0.600000,3.255904,3.303064,0.450000,-0.107883,1.993244,-0.500000,3.326346,3.133651,0.465521,0.023262,2.300501,-0.026825,0.401557,0.401557,-0.395468,-0.395468,0.302194,0.491169,-0.342475,-0.528952,0.235292,-0.235292,0.235292,-0.235292,0.258173,-0.211401,0.138213,-0.178334,0.477429,0.158679
3.934000,3.786064,3.493724,0.593700,-0.133266,1.995332,0.000000,1.638720,0.600000,3.254520,3.326979,0.450000,-0.122853,1.992442,-0.500000,3.326579,3.158679,0.465233,0.000936,2.180054,-0.059780,0.401557,0.401557,-0.395467,-0.395467,0.293237,0.472031,-0.360622,-0.540870,0.235280,-0.235280,0.235280,-0.235280,0.258444,-0.211764,0.141520,-0.177640,0.466848,0.159271
3.946000,3.784375,3.517662,0.593700,-0.148135,1.994296,0.000000,1.646171,0.600000,3.252956,3.350882,0.450000,-0.137731,1.991497,-0.500000,3.326684,3.185156,0.464478,-0.003058,2.171687,-0.081432,0.401556,0.401556,-0.395467,-0.395467,0.278584,0.454013,-0.378287,-0.558807,0.235266,-0.235266,0.235266,-0.235266,0.258699,-0.212333,0.144751,-0.177730,0.454732,0.160384
3.958000,3.782508,3.541586,0.593700,-0.163000,1.993160,0.000000,1.653622,0.600000,3.251215,3.374774,0.450000,-0.152396,1.990449,-0.487469,3.326565,3.211673,0.463827,-0.014892,2.139649,-0.064975,0.401556,0.401556,-0.395467,-0.395467,0.259268,0.436718,-0.394286,-0.579095,0.235252,-0.235252,0.235252,-0.235252,0.258764,-0.213046,0.147495,-0.179511,0.440969,0.162540
3.970000,3.780463,3.565497,0.593700,-0.177864,1.991944,0.000000,1.661071,0.600000,3.249297,3.398653,0.450000,-0.167341,1.989285,-0.497690,3.326153,3.237864,0.463529,-0.031354,2.080157,-0.044136,0.401556,0.401556,-0.395466,-0.395466,0.240825,0.421156,-0.407380,-0.593968,0.235245,-0.235245,0.235245,-0.235245,0.258262,-0.213894,0.149905,-0.183548,0.430034,0.166190
3.982000,3.778240,3.589393,0.593700,-0.192650,1.990640,0.000000,1.668479,0.600000,3.247199,3.422517,0.450000,-0.182211,1.988040,-0.500000,3.325493,3.263173,0.463534,-0.048039,1.996529,-0.020647,0.401555,0.401555,-0.395466,-0.395466,0.229795,0.408470,-0.416742,-0.595569,0.235238,-0.235238,0.235238,-0.235238,0.257212,-0.214629,0.152410,-0.190474,0.427733,0.171679
3.994000,3.775840,3.613272,0.593700,-0.207240,1.989234,0.000000,1.675825,0.600000,3.244925,3.446365,0.450000,-0.196911,1.986707,-0.500000,3.324407,3.287652,0.464475,-0.075615,1.944880,0.048880,0.401555,0.401555,-0.395465,-0.395465,0.229357,0.399099,-0.422305,-0.581084,0.235229,-0.235229,0.235229,-0.235229,0.256207,-0.214843,0.155256,-0.200487,0.435961,0.179360
4.004000,3.774142,3.629181,0.593700,-0.219044,1.987813,0.000000,1.681885,0.600000,3.242907,3.466205,0.450000,-0.205198,1.979156,-0.493696,3.323233,3.307868,0.466403,-0.095494,1.946644,0.119359,0.401558,0.401558,-0.395469,-0.395469,0.235609,0.393428,-0.425269,-0.559750,0.235219,-0.235219,0.235219,-0.235219,0.256275,-0.214106,0.158393,-0.210555,0.448581,0.187178
4.016000,3.771431,3.653023,0.593700,-0.232755,1.985777,0.000000,1.689058,0.600000,3.240343,3.489978,0.450000,-0.221746,1.982031,-0.469696,3.321878,3.331042,0.463928,-0.106589,1.920618,-0.100160,0.401568,0.401568,-0.395479,-0.395479,0.248318,0.387241,-0.427602,-0.528635,0.235215,-0.235215,0.235215,-0.235215,0.257880,-0.212509,0.164817,-0.223782,0.465237,0.198778
4.028000,3.768555,3.676840,0.593700,-0.246633,1.983868,0.000000,1.696177,0.600000,3.237601,3.513760,0.450000,-0.233819,1.981554,-0.445696,3.320736,3.353623,0.462770,-0.109985,1.888044,-0.056530,0.401571,0.401571,-0.395482,-0.395482,0.266369,0.381408,-0.427650,-0.494331,0.235214,-0.235214,0.235214,-0.235214,0.259810,-0.210234,0.172215,-0.238850,0.477904,0.209097
4.040000,3.765514,3.700634,0.593700,-0.260293,1.981742,0.000000,1.703277,0.600000,3.234743,3.537532,0.450000,-0.243877,1.980264,-0.423092,3.319409,3.376342,0.462356,-0.115877,1.894786,-0.013014,0.401572,0.401572,-0.395482,-0.395482,0.287876,0.376647,-0.426417,-0.461650,0.235208,-0.235208,0.235208,-0.235208,0.261359,-0.207692,0.179771,-0.254765,0.486745,0.218305
4.052000,3.762308,3.724402,0.593700,-0.273988,1.979569,0.000000,1.710374,0.600000,3.231716,3.561282,0.450000,-0.261194,1.977865,-0.402925,3.318089,3.399316,0.462718,-0.116024,1.930909,0.028506,0.401571,0.401571,-0.395481,-0.395481,0.309527,0.373636,-0.424909,-0.434362,0.235201,-0.235201,0.235201,-0.235201,0.262824,-0.205139,0.187246,-0.270466,0.491483,0.217669
4.064000,3.758937,3.748144,0.593700,-0.287810,1.977413,0.000000,1.717472,0.600000,3.228483,3.585002,0.450000,-0.277160,1.975504,-0.385912,3.316773,3.422802,0.463552,-0.112066,1.965511,0.040733,0.401570,0.401570,-0.395480,-0.395480,0.328753,0.371178,-0.424726,-0.413012,0.235195,-0.235195,0.235195,-0.235195,0.263719,-0.202797,0.194367,-0.285605,0.491275,0.212441
4.076000,3.755398,3.771861,0.593700,-0.301942,1.975409,0.000000,1.724570,0.600000,3.225070,3.608695,0.450000,-0.291676,1.973391,-0.361912,3.315393,3.446501,0.463693,-0.117934,1.962547,-0.034862,0.401569,0.401569,-0.395479,-0.395479,0.347903,0.368535,-0.426094,-0.391569,0.235188,-0.235188,0.235188,-0.235188,0.263188,-0.201124,0.200819,-0.299702,0.489503,0.207434
4.088000,3.751695,3.795550,0.593700,-0.315273,1.972680,0.000000,1.731672,0.600000,3.221486,3.632362,0.450000,-0.305472,1.970991,-0.337912,3.313835,3.469731,0.463358,-0.118737,1.939995,-0.030423,0.401568,0.401568,-0.395478,-0.395478,0.369268,0.366281,-0.427410,-0.365607,0.235178,-0.235178,0.235178,-0.235178,0.261835,-0.199246,0.207517,-0.309974,0.490247,0.202030
4.100000,3.747836,3.819202,0.593700,-0.327779,1.969173,0.000000,1.738789,0.600000,3.217742,3.655996,0.450000,-0.318530,1.967996,-0.313912,3.312195,3.493007,0.462579,-0.124879,1.971443,-0.056044,0.401567,0.401567,-0.395478,-0.395478,0.389497,0.364319,-0.427977,-0.340499,0.235167,-0.235167,0.235167,-0.235167,0.260578,-0.196882,0.214849,-0.315941,0.493152,0.197352
4.110000,3.744480,3.838897,0.593700,-0.343722,1.970239,0.000000,1.744731,0.600000,3.214497,3.675667,0.450000,-0.331236,1.966946,-0.293912,3.311869,3.513160,0.461584,-0.068132,2.012422,-0.037690,0.401566,0.401566,-0.395477,-0.395477,0.401207,0.360947,-0.429669,-0.331246,0.235159,-0.235159,0.235159,-0.235159,0.259493,-0.195738,0.220548,-0.312298,0.492337,0.197229
4.122000,3.740275,3.862518,0.593700,-0.357501,1.967077,0.000000,1.751878,0.600000,3.210447,3.699264,0.450000,-0.341932,1.965915,-0.294030,3.309942,3.537473,0.461457,-0.131449,2.000102,0.037757,0.401565,0.401565,-0.395476,-0.395476,0.410575,0.355319,-0.434127,-0.321689,0.235158,-0.235158,0.235158,-0.235158,0.257139,-0.197417,0.223898,-0.312856,0.491646,0.198791
4.134000,3.735900,3.886109,0.593700,-0.371626,1.964741,0.000000,1.759038,0.600000,3.206283,3.722846,0.450000,-0.354228,1.964004,-0.290416,3.308323,3.560898,0.461740,-0.141504,1.952726,0.018547,0.401565,0.401565,-0.395475,-0.395475,0.423196,0.350894,-0.437080,-0.309342,0.235155,-0.235155,0.235155,-0.235155,0.255325,-0.198810,0.227747,-0.311335,0.494038,0.201006
4.146000,3.731356,3.909671,0.593700,-0.385700,1.962184,0.000000,1.766199,0.600000,3.201921,3.746396,0.450000,-0.372616,1.960926,-0.266416,3.306510,3.584079,0.462129,-0.155476,1.951431,0.033304,0.401564,0.401564,-0.395475,-0.395475,0.432463,0.347573,-0.438645,-0.301801,0.235174,-0.235174,0.235174,-0.235174,0.253412,-0.200064,0.231907,-0.309287,0.486200,0.202730
4.158000,3.726642,3.933202,0.593700,-0.399977,1.959591,0.000000,1.773360,0.600000,3.197351,3.769909,0.450000,-0.388782,1.958052,-0.257568,3.304478,3.607572,0.462858,-0.195223,1.954208,0.060622,0.401563,0.401563,-0.395474,-0.395474,0.437322,0.344394,-0.439912,-0.300235,0.235209,-0.235209,0.235209,-0.235209,0.251868,-0.200840,0.236669,-0.307750,0.474946,0.205070
4.170000,3.721757,3.956699,0.593700,-0.414134,1.956638,0.000000,1.780522,0.600000,3.192596,3.793389,0.450000,-0.403570,1.955203,-0.281568,3.301893,3.631159,0.463596,-0.246626,1.972894,0.054291,0.401563,0.401563,-0.395473,-0.395473,0.440703,0.342662,-0.439848,-0.301043,0.235230,-0.235230,0.235230,-0.235230,0.247868,-0.203573,0.240197,-0.305405,0.471166,0.206705
4.182000,3.716704,3.980161,0.593700,-0.428181,1.953582,0.000000,1.787685,0.600000,3.187668,3.816834,0.450000,-0.417785,1.952241,-0.305568,3.298725,3.655563,0.463781,-0.301856,2.033880,0.025229,0.401562,0.401562,-0.395473,-0.395473,0.441945,0.341726,-0.440985,-0.306845,0.235234,-0.235234,0.235234,-0.235234,0.243970,-0.206664,0.243426,-0.302964,0.474857,0.208773
4.194000,3.711481,4.003584,0.593700,-0.442186,1.950319,0.000000,1.794849,0.600000,3.182570,3.840242,0.450000,-0.431851,1.949105,-0.329568,3.294919,3.680982,0.464228,-0.363287,2.139011,0.023264,0.401561,0.401561,-0.395472,-0.395472,0.440211,0.340802,-0.443633,-0.317507,0.235227,-0.235227,0.235227,-0.235227,0.239648,-0.210083,0.244927,-0.301029,0.484650,0.210520
4.206000,3.706092,4.026968,0.593700,-0.456071,1.946909,0.000000,1.802029,0.600000,3.177304,3.863612,0.450000,-0.445792,1.945806,-0.353568,3.290736,3.706259,0.464678,-0.405585,2.198873,0.016301,0.401561,0.401561,-0.395472,-0.395472,0.435327,0.338992,-0.446896,-0.332174,0.235215,-0.235215,0.235215,-0.235215,0.235377,-0.213566,0.246622,-0.299649,0.485422,0.212324
4.218000,3.700536,4.050310,0.593700,-0.469942,1.943376,0.000000,1.809231,0.600000,3.171871,3.886941,0.450000,-0.459658,1.942359,-0.377568,3.285575,3.732856,0.465426,-0.461644,2.272408,-0.000333,0.401560,0.401560,-0.395471,-0.395471,0.428147,0.334064,-0.452947,-0.347574,0.235201,-0.235201,0.235201,-0.235201,0.231001,-0.215439,0.247345,-0.299342,0.477616,0.213463
4.230000,3.694813,4.073609,0.593700,-0.483835,1.939834,0.000000,1.816433,0.600000,3.166272,3.910228,0.450000,-0.473521,1.938851,-0.401568,3.280225,3.759471,0.465383,-0.489684,2.294632,-0.045326,0.401560,0.401560,-0.395470,-0.395470,0.419618,0.323061,-0.464170,-0.364181,0.235188,-0.235188,0.235188,-0.235188,0.226698,-0.216290,0.247283,-0.298840,0.465314,0.210469
4.242000,3.688924,4.096865,0.593700,-0.497697,1.936127,0.000000,1.823635,0.600000,3.160506,3.933473,0.450000,-0.487377,1.935243,-0.425568,3.274017,3.787396,0.464731,-0.529128,2.338275,-0.088798,0.401559,0.401559,-0.395470,-0.395470,0.410132,0.305907,-0.480922,-0.381674,0.235175,-0.235175,0.235175,-0.235175,0.222378,-0.216881,0.246933,-0.298461,0.450023,0.208538
4.254000,3.682869,4.120075,0.593700,-0.511438,1.932270,0.000000,1.830837,0.600000,3.154575,3.956673,0.450000,-0.501170,1.931507,-0.449568,3.267591,3.815164,0.463937,-0.556364,2.322759,-0.095423,0.401559,0.401559,-0.395469,-0.395469,0.400072,0.283061,-0.502538,-0.398537,0.235163,-0.235163,0.235163,-0.235163,0.218260,-0.217165,0.245647,-0.297902,0.431895,0.207826
4.266000,3.676650,4.143238,0.593700,-0.524932,1.928166,0.000000,1.838039,0.600000,3.148479,3.979828,0.450000,-0.514795,1.927572,-0.473568,3.260747,3.843118,0.463003,-0.575026,2.290259,-0.092732,0.401558,0.401558,-0.395469,-0.395469,0.390098,0.258033,-0.524375,-0.414211,0.235152,-0.235152,0.235152,-0.235152,0.214136,-0.217012,0.242874,-0.297354,0.413874,0.208799
4.278000,3.670272,4.166350,0.593700,-0.537997,1.923672,0.000000,1.845241,0.600000,3.142221,4.002934,0.450000,-0.528108,1.923336,-0.486958,3.253702,3.870793,0.462357,-0.579444,2.233822,-0.058319,0.401558,0.401558,-0.395468,-0.395468,0.381084,0.238207,-0.539379,-0.427556,0.235140,-0.235140,0.235140,-0.235140,0.209789,-0.216253,0.238240,-0.297111,0.403068,0.211667
4.290000,3.663735,4.189409,0.593700,-0.551700,1.919655,0.000000,1.852443,0.600000,3.135804,4.025988,0.450000,-0.541453,1.919093,-0.500000,3.246520,3.897784,0.461819,-0.576339,2.167457,-0.043778,0.401557,0.401557,-0.395468,-0.395468,0.374270,0.230535,-0.542226,-0.437563,0.235130,-0.235130,0.235130,-0.235130,0.205225,-0.214443,0.231642,-0.297151,0.407482,0.216506
4.302000,3.657031,4.212422,0.593700,-0.565588,1.915711,0.000000,1.859645,0.600000,3.129225,4.048993,0.450000,-0.555182,1.915086,-0.496786,3.239432,3.924013,0.462057,-0.568978,2.128906,0.012427,0.401557,0.401557,-0.395467,-0.395467,0.369693,0.237090,-0.533429,-0.444540,0.235119,-0.235119,0.235119,-0.235119,0.200986,-0.211530,0.223617,-0.296985,0.429273,0.218072
4.314000,3.650161,4.235385,0.593700,-0.579325,1.911285,0.000000,1.866847,0.600000,3.122480,4.071950,0.450000,-0.568950,1.910935,-0.472786,3.232486,3.949926,0.460743,-0.564220,2.141262,-0.035124,0.401556,0.401556,-0.395467,-0.395467,0.364521,0.255056,-0.518046,-0.449421,0.235109,-0.235109,0.235109,-0.235109,0.197385,-0.208947,0.213740,-0.296515,0.461216,0.219041
4.326000,3.643127,4.258314,0.593700,-0.592639,1.909060,0.000000,1.874049,0.600000,3.115590,4.094869,0.450000,-0.577637,1.909426,-0.486137,3.224227,3.974915,0.461373,-0.579265,2.094061,0.111613,0.401556,0.401556,-0.395467,-0.395467,0.359525,0.282787,-0.498388,-0.452584,0.235099,-0.235099,0.235099,-0.235099,0.199575,-0.203029,0.206663,-0.290628,0.499231,0.213741
4.338000,3.635911,4.281199,0.593700,-0.608852,1.904964,0.000000,1.881235,0.600000,3.108613,4.117774,0.450000,-0.586836,1.907508,-0.492272,3.218082,4.000919,0.463441,-0.563437,2.135356,0.146802,0.401556,0.401556,-0.395466,-0.395466,0.356493,0.316565,-0.476644,-0.455502,0.235090,-0.235090,0.235090,-0.235090,0.200470,-0.204096,0.198841,-0.286680,0.528411,0.212299
4.350000,3.628523,4.304032,0.593700,-0.622513,1.900561,0.000000,1.888399,0.600000,3.101463,4.140633,0.450000,-0.605142,1.902161,-0.468272,3.211111,4.026003,0.465944,-0.558807,2.107086,0.176025,0.401555,0.401555,-0.395466,-0.395466,0.354929,0.352080,-0.455928,-0.458834,0.235094,-0.235094,0.235094,-0.235094,0.201162,-0.211544,0.189650,-0.282601,0.540724,0.205142
4.362000,3.620971,4.326812,0.593700,-0.636074,1.896095,0.000000,1.895542,0.600000,3.094093,4.163425,0.450000,-0.622882,1.896615,-0.444272,3.204736,4.051696,0.468066,-0.557280,2.151442,0.113879,0.401555,0.401555,-0.395466,-0.395466,0.354878,0.387588,-0.436234,-0.463439,0.235131,-0.235131,0.235131,-0.235131,0.200643,-0.218850,0.181040,-0.278453,0.540040,0.197589
4.374000,3.613260,4.349539,0.593700,-0.649152,1.891653,0.000000,1.902679,0.600000,3.086526,4.186155,0.450000,-0.637849,1.891750,-0.420272,3.197284,4.077983,0.469682,-0.587368,2.197392,0.089178,0.401555,0.401555,-0.395465,-0.395465,0.355246,0.421362,-0.416721,-0.469337,0.235188,-0.235188,0.235188,-0.235188,0.201661,-0.223943,0.172776,-0.272488,0.531806,0.186106
4.384000,3.606715,4.368436,0.593700,-0.659864,1.887515,0.000000,1.908625,0.600000,3.080091,4.205052,0.450000,-0.649026,1.887783,-0.400272,3.190938,4.100846,0.471346,-0.620748,2.261010,0.079561,0.401554,0.401554,-0.395465,-0.395465,0.354709,0.447109,-0.400341,-0.475019,0.235236,-0.235236,0.235236,-0.235236,0.203145,-0.224641,0.166771,-0.266266,0.522596,0.176627
4.396000,3.598720,4.391053,0.593700,-0.672580,1.882088,0.000000,1.915759,0.600000,3.072226,4.227676,0.450000,-0.661814,1.882676,-0.376272,3.183427,4.127204,0.470308,-0.622404,2.217690,-0.112589,0.401554,0.401554,-0.395465,-0.395465,0.352780,0.476147,-0.378221,-0.481483,0.235293,-0.235293,0.235293,-0.235293,0.206734,-0.222728,0.161256,-0.257738,0.512972,0.166216
4.408000,3.590571,4.413608,0.593700,-0.685717,1.877143,0.000000,1.922893,0.600000,3.064208,4.250237,0.450000,-0.674523,1.877591,-0.352272,3.176293,4.153241,0.468975,-0.592152,2.212192,-0.124271,0.401554,0.401554,-0.395464,-0.395464,0.350890,0.501930,-0.355302,-0.486817,0.235355,-0.235355,0.235355,-0.235355,0.210628,-0.218399,0.160018,-0.248688,0.507871,0.158494
4.420000,3.582485,4.435986,0.593700,-0.678001,1.861019,0.000000,1.930028,0.600000,3.056132,4.272682,0.450000,-0.673513,1.864453,-0.361451,3.167810,4.178801,0.467644,-0.619224,2.225635,-0.104243,0.401553,0.401553,-0.395464,-0.395464,0.349420,0.519357,-0.342948,-0.490733,0.235416,-0.235416,0.235416,-0.235416,0.218670,-0.205556,0.171504,-0.235467,0.499265,0.157736
4.432000,3.574065,4.458390,0.593700,-0.713977,1.867441,0.000000,1.937162,0.600000,3.047972,4.295069,0.450000,-0.687256,1.867987,-0.385451,3.161957,4.206539,0.467714,-0.630535,2.301020,0.018956,0.401553,0.401553,-0.395464,-0.395464,0.347032,0.519393,-0.339142,-0.493747,0.235446,-0.235446,0.235446,-0.235446,0.219713,-0.208420,0.176328,-0.229450,0.497324,0.162912
4.444000,3.565421,4.480765,0.593700,-0.726864,1.861881,0.000000,1.944297,0.600000,3.039652,4.317484,0.450000,-0.699139,1.867059,-0.409451,3.153116,4.234555,0.468937,-0.709904,2.339126,0.098959,0.401553,0.401553,-0.395463,-0.395463,0.341984,0.510262,-0.343228,-0.499306,0.235448,-0.235448,0.235448,-0.235448,0.220541,-0.213734,0.176522,-0.224109,0.496961,0.160662
4.456000,3.556618,4.503078,0.593700,-0.740228,1.857028,0.000000,1.951431,0.600000,3.031169,4.339860,0.450000,-0.715984,1.861699,-0.433451,3.144810,4.261765,0.471491,-0.708480,2.273493,0.166205,0.401552,0.401552,-0.395463,-0.395463,0.336498,0.498486,-0.348929,-0.504600,0.235436,-0.235436,0.235436,-0.235436,0.220496,-0.219527,0.175813,-0.218410,0.488271,0.158939
4.468000,3.547657,4.525333,0.593700,-0.753248,1.851906,0.000000,1.958566,0.600000,3.022452,4.362157,0.450000,-0.735835,1.854663,-0.449078,3.136519,4.288397,0.474302,-0.696604,2.214133,0.125922,0.401552,0.401552,-0.395463,-0.395463,0.331831,0.487667,-0.354375,-0.506906,0.235447,-0.235447,0.235447,-0.235447,0.218846,-0.221644,0.176093,-0.212403,0.481728,0.157761
4.480000,3.538535,4.547526,0.593700,-0.766778,1.846705,0.000000,1.965700,0.600000,3.013518,4.384375,0.450000,-0.753505,1.848125,-0.457905,3.127921,4.315296,0.473609,-0.732335,2.218940,-0.003470,0.401552,0.401552,-0.395462,-0.395462,0.328066,0.476915,-0.360282,-0.510752,0.235490,-0.235490,0.235490,-0.235490,0.216693,-0.224265,0.179611,-0.207952,0.475781,0.160008
4.492000,3.529254,4.569653,0.593700,-0.780028,1.841163,0.000000,1.972835,0.600000,3.004381,4.406515,0.450000,-0.768902,1.841943,-0.481905,3.118957,4.342496,0.474310,-0.773112,2.239586,0.053812,0.401552,0.401552,-0.395462,-0.395462,0.325055,0.466145,-0.367349,-0.517021,0.235531,-0.235531,0.235531,-0.235531,0.214698,-0.226664,0.183007,-0.203266,0.469515,0.161864
4.504000,3.519815,4.591713,0.593700,-0.793240,1.835396,0.000000,1.979969,0.600000,2.995071,4.428583,0.450000,-0.782664,1.836145,-0.500000,3.109642,4.369846,0.475265,-0.798565,2.264065,0.067528,0.401551,0.401551,-0.395462,-0.395462,0.322271,0.454676,-0.375931,-0.525446,0.235545,-0.235545,0.235545,-0.235545,0.212091,-0.229374,0.186291,-0.199066,0.462688,0.163513
4.516000,3.510217,4.613703,0.593700,-0.806370,1.829553,0.000000,1.987104,0.600000,2.985599,4.450582,0.450000,-0.795973,1.830331,-0.500000,3.100326,4.395587,0.472851,-0.820079,2.230441,-0.102663,0.401551,0.401551,-0.395462,-0.395462,0.318302,0.442275,-0.385842,-0.533593,0.235538,-0.235538,0.235538,-0.235538,0.210237,-0.232092,0.189242,-0.195969,0.458664,0.165706
4.528000,3.500462,4.635622,0.593700,-0.819362,1.823704,0.000000,1.994239,0.600000,2.975968,4.472511,0.450000,-0.809048,1.824511,-0.500000,3.090806,4.420783,0.470282,-0.840927,2.181694,-0.122077,0.401551,0.401551,-0.395462,-0.395462,0.309860,0.427500,-0.397877,-0.544082,0.235519,-0.235519,0.235519,-0.235519,0.209085,-0.234248,0.192246,-0.193063,0.449152,0.167515
4.540000,3.490552,4.657471,0.593700,-0.832343,1.817746,0.000000,2.001393,0.600000,2.966182,4.494370,0.450000,-0.822032,1.818620,-0.500000,3.080956,4.445851,0.467894,-0.851773,2.127724,-0.130264,0.401551,0.401551,-0.395461,-0.395461,0.296429,0.411503,-0.411495,-0.559723,0.235496,-0.235496,0.235496,-0.235496,0.208816,-0.236052,0.195297,-0.191970,0.435311,0.169723
4.552000,3.480486,4.679247,0.593700,-0.845256,1.811523,0.000000,2.008569,0.600000,2.956240,4.516157,0.450000,-0.834967,1.812569,-0.500000,3.070830,4.470651,0.465761,-0.853527,2.054013,-0.127723,0.401551,0.401551,-0.395461,-0.395461,0.277911,0.395266,-0.425573,-0.580231,0.235473,-0.235473,0.235473,-0.235473,0.209961,-0.237644,0.198397,-0.192254,0.418512,0.173236
4.564000,3.470267,4.700946,0.593700,-0.857979,1.804761,0.000000,2.015765,0.600000,2.946143,4.537870,0.450000,-0.847792,1.806160,-0.500000,3.060515,4.494780,0.463986,-0.847461,1.942701,-0.107101,0.401550,0.401550,-0.395461,-0.395461,0.257708,0.379711,-0.438832,-0.599697,0.235450,-0.235450,0.235450,-0.235450,0.213108,-0.238943,0.201617,-0.193529,0.402511,0.178804
4.576000,3.459895,4.722560,0.593700,-0.870737,1.797992,0.000000,2.022965,0.600000,2.935893,4.559503,0.450000,-0.860482,1.799358,-0.500000,3.050290,4.517698,0.462502,-0.825061,1.807817,-0.073948,0.401550,0.401550,-0.395461,-0.395461,0.242150,0.365989,-0.449808,-0.608978,0.235428,-0.235428,0.235428,-0.235428,0.218742,-0.239800,0.205158,-0.195645,0.393923,0.187211
4.588000,3.449368,4.744099,0.593700,-0.883707,1.791728,0.000000,2.030165,0.600000,2.925490,4.581057,0.450000,-0.873357,1.792934,-0.500000,3.040360,4.539176,0.461276,-0.799588,1.682070,-0.049797,0.401550,0.401550,-0.395461,-0.395461,0.236392,0.356100,-0.455875,-0.601510,0.235407,-0.235407,0.235407,-0.235407,0.226283,-0.240879,0.208509,-0.199234,0.398715,0.198511
4.600000,3.438687,4.765561,0.593700,-0.896562,1.785335,0.000000,2.037365,0.600000,2.914933,4.602534,0.450000,-0.886227,1.786573,-0.500000,3.030572,4.559546,0.460572,-0.797823,1.626162,-0.015653,0.401550,0.401550,-0.395460,-0.395460,0.238838,0.349976,-0.456735,-0.580223,0.235387,-0.235387,0.235387,-0.235387,0.235838,-0.242141,0.211825,-0.204149,0.413986,0.211374
4.612000,3.427851,4.786946,0.593700,-0.909338,1.778835,0.000000,2.044565,0.600000,2.904221,4.623934,0.450000,-0.899029,1.780144,-0.489191,3.020673,4.579643,0.460316,-0.823450,1.651875,0.008879,0.401550,0.401550,-0.395460,-0.395460,0.242614,0.346436,-0.454726,-0.555560,0.235367,-0.235367,0.235367,-0.235367,0.247549,-0.243603,0.215214,-0.210319,0.429125,0.224293
4.624000,3.416863,4.808253,0.593700,-0.922096,1.772261,0.000000,2.051765,0.600000,2.893356,4.645257,0.450000,-0.911786,1.773634,-0.478947,3.010401,4.600143,0.460438,-0.862625,1.701943,0.029356,0.401549,0.401549,-0.395460,-0.395460,0.242726,0.343898,-0.452709,-0.535589,0.235349,-0.235349,0.235349,-0.235349,0.261198,-0.245410,0.218599,-0.218243,0.434996,0.236057
4.634000,3.407588,4.825948,0.593700,-0.932734,1.766731,0.000000,2.057765,0.600000,2.884185,4.662966,0.450000,-0.922405,1.768153,-0.461754,3.001533,4.617479,0.460831,-0.884886,1.710319,0.040120,0.401549,0.401549,-0.395460,-0.395460,0.241522,0.341692,-0.451642,-0.521515,0.235334,-0.235334,0.235334,-0.235334,0.273471,-0.247217,0.221325,-0.226151,0.433022,0.244418
4.646000,3.396318,4.847109,0.593700,-0.945742,1.760138,0.000000,2.064965,0.600000,2.873040,4.684144,0.450000,-0.935235,1.761549,-0.450507,2.990741,4.638649,0.459582,-0.905924,1.715089,-0.015374,0.401549,0.401549,-0.395460,-0.395460,0.244920,0.338986,-0.452761,-0.500723,0.235316,-0.235316,0.235316,-0.235316,0.287847,-0.250054,0.224574,-0.236768,0.429220,0.250954
4.658000,3.384891,4.868191,0.593700,-0.958733,1.753469,0.000000,2.072165,0.600000,2.861739,4.705243,0.450000,-0.948219,1.754954,-0.472251,2.979832,4.658829,0.459282,-0.899634,1.636584,0.023254,0.401549,0.401549,-0.395460,-0.395460,0.262015,0.337210,-0.453645,-0.466928,0.235299,-0.235299,0.235299,-0.235299,0.300502,-0.253538,0.227170,-0.247575,0.431685,0.254889
4.670000,3.373309,4.889192,0.593700,-0.971506,1.746623,0.000000,2.079365,0.600000,2.850283,4.726262,0.450000,-0.961075,1.748215,-0.469136,2.969168,4.677998,0.459594,-0.903882,1.609420,0.037808,0.401549,0.401549,-0.395459,-0.395459,0.287623,0.337120,-0.451835,-0.427588,0.235283,-0.235283,0.235283,-0.235283,0.311985,-0.257486,0.229602,-0.257041,0.439608,0.256180
4.682000,3.361576,4.910109,0.593700,-0.984087,1.739600,0.000000,2.086565,0.600000,2.838674,4.747199,0.450000,-0.973757,1.741317,-0.459431,2.958348,4.697048,0.460803,-0.917270,1.625989,0.064411,0.401549,0.401549,-0.395459,-0.395459,0.309787,0.336985,-0.449108,-0.395873,0.235267,-0.235267,0.235267,-0.235267,0.321537,-0.261554,0.231744,-0.265106,0.441991,0.253711
4.694000,3.349691,4.930942,0.593700,-0.996672,1.732509,0.000000,2.093765,0.600000,2.826913,4.768053,0.450000,-0.986346,1.734300,-0.448328,2.947175,4.716681,0.461630,-0.936415,1.648564,0.025535,0.401549,0.401549,-0.395459,-0.395459,0.327184,0.334901,-0.447480,-0.372850,0.235252,-0.235252,0.235252,-0.235252,0.327318,-0.266200,0.233494,-0.271729,0.439048,0.250849
4.706000,3.337656,4.951689,0.593700,-1.009189,1.725304,0.000000,2.100965,0.600000,2.815002,4.788822,0.450000,-0.998884,1.727182,-0.424328,2.935788,4.736338,0.461903,-0.944738,1.639313,-0.004972,0.401548,0.401548,-0.395459,-0.395459,0.344818,0.331212,-0.446889,-0.352643,0.235237,-0.235237,0.235237,-0.235237,0.328582,-0.270960,0.235258,-0.277163,0.436946,0.247550
4.718000,3.325470,4.972349,0.593700,-1.021782,1.718060,0.000000,2.108165,0.600000,2.802940,4.809505,0.450000,-1.011420,1.719985,-0.400328,2.924145,4.755895,0.460491,-0.969368,1.634714,-0.082935,0.401548,0.401548,-0.395459,-0.395459,0.364632,0.327020,-0.448782,-0.333162,0.235223,-0.235223,0.235223,-0.235223,0.325759,-0.275441,0.236893,-0.280823,0.438393,0.244576
4.730000,3.313135,4.992929,0.593700,-1.034106,1.711576,0.000000,2.115365,0.600000,2.790728,4.830105,0.450000,-1.023865,1.713286,-0.376328,2.913061,4.775403,0.458312,-0.956903,1.637183,-0.130850,0.401548,0.401548,-0.395459,-0.395459,0.383527,0.321216,-0.450641,-0.314237,0.235209,-0.235209,0.235209,-0.235209,0.317504,-0.280852,0.237402,-0.283429,0.448297,0.245006
4.742000,3.300652,5.013423,0.593700,-1.046322,1.704019,0.000000,2.122565,0.600000,2.778369,4.850622,0.450000,-1.035717,1.706340,-0.352328,2.901577,4.794302,0.457129,-0.954940,1.595015,-0.045639,0.401548,0.401548,-0.395459,-0.395459,0.406217,0.311151,-0.450801,-0.298637,0.235196,-0.235196,0.235196,-0.235196,0.306809,-0.285136,0.238855,-0.283253,0.454968,0.241118
4.754000,3.288026,5.033826,0.593700,-1.058016,1.696566,0.000000,2.129765,0.600000,2.765888,4.871065,0.450000,-1.045055,1.700445,-0.328328,2.890395,4.813292,0.457006,-0.956450,1.569378,0.016367,0.401548,0.401548,-0.395458,-0.395458,0.428307,0.302561,-0.449394,-0.293247,0.235183,-0.235183,0.235183,-0.235183,0.295517,-0.288301,0.240295,-0.282286,0.459212,0.236699
4.766000,3.275253,5.054141,0.593700,-1.070708,1.689195,0.000000,2.136965,0.600000,2.753265,4.891421,0.450000,-1.059035,1.692099,-0.345018,2.878723,4.832189,0.457412,-0.987852,1.557697,0.045682,0.401548,0.401548,-0.395458,-0.395458,0.445118,0.297736,-0.445966,-0.295579,0.235171,-0.235171,0.235171,-0.235171,0.290827,-0.292211,0.240248,-0.282724,0.463002,0.232475
4.778000,3.262331,5.074365,0.593700,-1.082888,1.681411,0.000000,2.144165,0.600000,2.740476,4.911677,0.450000,-1.072342,1.683935,-0.352169,2.866052,4.851809,0.459222,-1.043013,1.602180,0.095907,0.401548,0.401548,-0.395458,-0.395458,0.455468,0.294857,-0.445118,-0.302636,0.235159,-0.235159,0.235159,-0.235159,0.287678,-0.294744,0.240352,-0.282191,0.465385,0.227471
4.790000,3.249264,5.094494,0.593700,-1.094864,1.673388,0.000000,2.151365,0.600000,2.727533,4.931836,0.450000,-1.084668,1.675932,-0.331103,2.853438,4.871056,0.460965,-1.083306,1.641824,0.070950,0.401548,0.401548,-0.395458,-0.395458,0.460215,0.291755,-0.444352,-0.313919,0.235148,-0.235148,0.235148,-0.235148,0.285227,-0.296485,0.241692,-0.280967,0.465886,0.223733
4.802000,3.236054,5.114527,0.593700,-1.106828,1.665357,0.000000,2.158565,0.600000,2.714445,4.951900,0.450000,-1.096713,1.667928,-0.309531,2.840988,4.889218,0.462928,-1.120166,1.635623,0.066583,0.401547,0.401547,-0.395458,-0.395458,0.459856,0.288547,-0.441258,-0.327955,0.235137,-0.235137,0.235137,-0.235137,0.282704,-0.299799,0.242242,-0.279832,0.463026,0.219311
4.814000,3.222705,5.134462,0.593700,-1.117925,1.657147,0.000000,2.165762,0.600000,2.701213,4.971866,0.450000,-1.108273,1.659818,-0.295282,2.827732,4.907329,0.464916,-1.158231,1.626726,0.020249,0.401547,0.401547,-0.395458,-0.395458,0.456109,0.285702,-0.438378,-0.341829,0.235126,-0.235126,0.235126,-0.235126,0.281474,-0.302432,0.244140,-0.277788,0.459497,0.215449
4.826000,3.209218,5.154299,0.593700,-1.129934,1.649063,0.000000,2.172948,0.600000,2.687845,4.991736,0.450000,-1.119911,1.651719,-0.280497,2.814120,4.926503,0.465888,-1.190829,1.646267,-0.028347,0.401547,0.401547,-0.395458,-0.395458,0.449435,0.280136,-0.442483,-0.355835,0.235116,-0.235116,0.235116,-0.235116,0.280563,-0.302313,0.245763,-0.275384,0.453756,0.214340
4.838000,3.195586,5.174039,0.593700,-1.141941,1.640920,0.000000,2.180131,0.600000,2.674335,5.011507,0.450000,-1.131792,1.643600,-0.297807,2.799804,4.946164,0.466174,-1.233141,1.657553,-0.057275,0.401547,0.401547,-0.395458,-0.395458,0.441100,0.269900,-0.453793,-0.370475,0.235106,-0.235106,0.235106,-0.235106,0.278868,-0.300666,0.246924,-0.273298,0.445922,0.213737
4.850000,3.181811,5.193681,0.593700,-1.153981,1.632704,0.000000,2.187314,0.600000,2.660681,5.031182,0.450000,-1.143770,1.635439,-0.321807,2.784847,4.966205,0.466101,-1.273891,1.666406,-0.068943,0.401547,0.401547,-0.395458,-0.395458,0.432027,0.253768,-0.472044,-0.385967,0.235096,-0.235096,0.235096,-0.235096,0.276017,-0.297026,0.248127,-0.271558,0.435143,0.214020
4.862000,3.167891,5.213224,0.593700,-1.166029,1.624451,0.000000,2.194497,0.600000,2.646884,5.050758,0.450000,-1.155789,1.627230,-0.345807,2.769402,4.986512,0.465791,-1.289232,1.652199,-0.078558,0.401547,0.401547,-0.395458,-0.395458,0.422625,0.234386,-0.494492,-0.401056,0.235087,-0.235087,0.235087,-0.235087,0.271911,-0.290243,0.248828,-0.270492,0.422515,0.215388
4.874000,3.153827,5.232668,0.593700,-1.177894,1.616223,0.000000,2.201680,0.600000,2.632943,5.070235,0.450000,-1.167740,1.619000,-0.369807,2.753569,5.006806,0.464315,-1.301223,1.637502,-0.127277,0.401547,0.401547,-0.395458,-0.395458,0.410317,0.218496,-0.514309,-0.414137,0.235078,-0.235078,0.235078,-0.235078,0.266120,-0.279514,0.248384,-0.270503,0.411855,0.218120
4.884000,3.142000,5.248796,0.593700,-1.187419,1.609359,0.000000,2.207665,0.600000,2.621216,5.086391,0.450000,-1.177480,1.612157,-0.389807,2.740647,5.023366,0.463667,-1.260567,1.592264,-0.064345,0.401547,0.401547,-0.395457,-0.395457,0.398025,0.214590,-0.522007,-0.422351,0.235071,-0.235071,0.235071,-0.235071,0.260210,-0.267856,0.246960,-0.271709,0.408516,0.221122
4.896000,3.127686,5.268059,0.593700,-1.198038,1.601122,0.000000,2.214848,0.600000,2.607019,5.105687,0.450000,-1.188616,1.603937,-0.413807,2.724830,5.044145,0.464830,-1.252217,1.638437,0.085433,0.401547,0.401547,-0.395457,-0.395457,0.381916,0.227171,-0.514356,-0.429123,0.235063,-0.235063,0.235063,-0.235063,0.251534,-0.252551,0.243290,-0.274717,0.417505,0.225605
4.908000,3.113254,5.287222,0.593700,-1.207042,1.592826,0.000000,2.222031,0.600000,2.592695,5.124885,0.450000,-1.198562,1.595697,-0.437807,2.710424,5.062980,0.466796,-1.180425,1.548973,0.140944,0.401547,0.401547,-0.395457,-0.395457,0.368375,0.257100,-0.489684,-0.434572,0.235055,-0.235055,0.235055,-0.235055,0.241031,-0.238411,0.235619,-0.280024,0.449290,0.230701
4.920000,3.098710,5.306284,0.593700,-1.217234,1.583950,0.000000,2.229214,0.600000,2.578255,5.143983,0.450000,-1.208193,1.587201,-0.448832,2.696295,5.081102,0.470066,-1.153615,1.503846,0.276367,0.401547,0.401547,-0.395457,-0.395457,0.356432,0.298654,-0.456658,-0.438903,0.235047,-0.235047,0.235047,-0.235047,0.230208,-0.226444,0.224383,-0.286760,0.488725,0.233404
4.932000,3.084057,5.325238,0.593700,-1.222509,1.575442,0.000000,2.236396,0.600000,2.563700,5.162977,0.450000,-1.216691,1.578471,-0.426949,2.683067,5.099114,0.472854,-1.075934,1.496029,0.177176,0.401547,0.401547,-0.395457,-0.395457,0.347686,0.343251,-0.425011,-0.441592,0.235039,-0.235039,0.235039,-0.235039,0.220709,-0.218438,0.213853,-0.293159,0.518773,0.229388
4.944000,3.069328,5.344089,0.593700,-1.232779,1.566321,0.000000,2.243556,0.600000,2.549058,5.181867,0.450000,-1.224288,1.569709,-0.402949,2.670139,5.116665,0.473588,-1.079516,1.489770,0.074745,0.401547,0.401547,-0.395457,-0.395457,0.341491,0.385419,-0.401643,-0.442906,0.235032,-0.235032,0.235032,-0.235032,0.208431,-0.219190,0.200374,-0.302678,0.526887,0.219002
4.956000,3.054464,5.362828,0.593700,-1.244077,1.556941,0.000000,2.250660,0.600000,2.534305,5.200648,0.450000,-1.234693,1.560555,-0.410921,2.657103,5.134385,0.474035,-1.082990,1.520475,0.019832,0.401546,0.401546,-0.395457,-0.395457,0.336202,0.422687,-0.387608,-0.443294,0.235025,-0.235025,0.235025,-0.235025,0.198453,-0.222300,0.188372,-0.310022,0.521497,0.209294
4.968000,3.039473,5.381455,0.593700,-1.254477,1.547545,0.000000,2.257708,0.600000,2.519426,5.219319,0.450000,-1.245158,1.551223,-0.434921,2.643781,5.152400,0.474077,-1.114670,1.545140,-0.038796,0.401546,0.401546,-0.395457,-0.395457,0.332743,0.454282,-0.381300,-0.443477,0.235018,-0.235018,0.235018,-0.235018,0.190111,-0.227835,0.175837,-0.315011,0.515506,0.202465
4.980000,3.024357,5.399969,0.593700,-1.264818,1.538040,0.000000,2.264741,0.600000,2.504421,5.237877,0.450000,-1.255538,1.541812,-0.458921,2.630090,5.170747,0.474131,-1.154322,1.571256,-0.047668,0.401546,0.401546,-0.395457,-0.395457,0.331443,0.479384,-0.382221,-0.444071,0.235012,-0.235012,0.235012,-0.235012,0.183685,-0.233490,0.161860,-0.316961,0.512781,0.197779
4.992000,3.009117,5.418368,0.593700,-1.275281,1.528521,0.000000,2.271774,0.600000,2.489293,5.256322,0.450000,-1.265931,1.532330,-0.482921,2.615598,5.189562,0.474154,-1.225673,1.600945,-0.039203,0.401546,0.401546,-0.395457,-0.395457,0.332257,0.497326,-0.390448,-0.445427,0.235006,-0.235006,0.235006,-0.235006,0.178869,-0.236640,0.146355,-0.316225,0.512682,0.191654
5.004000,2.993711,5.436656,0.593700,-1.298625,1.519614,0.000000,2.278807,0.600000,2.474030,5.274654,0.450000,-1.280537,1.523170,-0.500000,2.600200,5.208916,0.473980,-1.295418,1.633180,-0.023380,0.401546,0.401546,-0.395457,-0.395457,0.333651,0.507782,-0.402901,-0.447985,0.235000,-0.235000,0.235000,-0.235000,0.175098,-0.236552,0.140546,-0.313592,0.512216,0.184935
5.016000,2.978063,5.454838,0.593700,-1.309269,1.510670,0.000000,2.285844,0.600000,2.458554,5.292880,0.450000,-1.297378,1.514376,-0.491545,2.584140,5.229105,0.474227,-1.307540,1.707202,0.015700,0.401546,0.401546,-0.395457,-0.395457,0.335150,0.510864,-0.415524,-0.451017,0.235002,-0.235002,0.235002,-0.235002,0.177226,-0.229728,0.148844,-0.305391,0.510303,0.185181
5.028000,2.962289,5.472911,0.593700,-1.319703,1.501554,0.000000,2.292892,0.600000,2.442913,5.311000,0.450000,-1.309334,1.505417,-0.471174,2.567874,5.250925,0.477133,-1.347531,1.795158,0.225188,0.401546,0.401546,-0.395457,-0.395457,0.336550,0.505974,-0.423593,-0.454719,0.235013,-0.235013,0.235013,-0.235013,0.175725,-0.229221,0.154213,-0.299975,0.503483,0.181997
5.040000,2.946389,5.490879,0.593700,-1.330608,1.493044,0.000000,2.299942,0.600000,2.427134,5.329010,0.450000,-1.320566,1.496502,-0.447174,2.550592,5.273202,0.481027,-1.417897,1.840833,0.276757,0.401546,0.401546,-0.395457,-0.395457,0.336318,0.493540,-0.425337,-0.459683,0.235027,-0.235027,0.235027,-0.235027,0.172551,-0.232996,0.158184,-0.295665,0.492133,0.180674
5.052000,2.930357,5.508739,0.593700,-1.341159,1.483605,0.000000,2.306992,0.600000,2.411221,5.346914,0.450000,-1.331493,1.487392,-0.443275,2.532418,5.294256,0.483417,-1.474055,1.801272,0.132302,0.401546,0.401546,-0.395457,-0.395457,0.335353,0.479309,-0.421952,-0.464900,0.235038,-0.235038,0.235038,-0.235038,0.175291,-0.231931,0.166984,-0.286745,0.483568,0.181791
5.064000,2.914201,5.526485,0.593700,-1.351559,1.474122,0.000000,2.314042,0.600000,2.395180,5.364707,0.450000,-1.342040,1.478007,-0.428038,2.515063,5.315440,0.483182,-1.466745,1.783583,-0.025214,0.401546,0.401546,-0.395457,-0.395457,0.334881,0.469055,-0.420423,-0.469731,0.235043,-0.235043,0.235043,-0.235043,0.182660,-0.226779,0.180012,-0.273832,0.482528,0.182944
5.076000,2.897921,5.544118,0.593700,-1.361786,1.464529,0.000000,2.321091,0.600000,2.379013,5.382386,0.450000,-1.352405,1.468496,-0.426999,2.497980,5.336012,0.481497,-1.458882,1.723697,-0.084075,0.401546,0.401546,-0.395457,-0.395457,0.334351,0.459982,-0.419641,-0.475906,0.235042,-0.235042,0.235042,-0.235042,0.188697,-0.222485,0.191329,-0.261529,0.481302,0.183787
5.088000,2.881519,5.561634,0.593700,-1.371830,1.454866,0.000000,2.328141,0.600000,2.362723,5.399950,0.450000,-1.362555,1.458898,-0.450999,2.481755,5.354435,0.480848,-1.433843,1.611771,-0.030440,0.401546,0.401546,-0.395456,-0.395456,0.333678,0.449769,-0.418815,-0.482723,0.235038,-0.235038,0.235038,-0.235038,0.194142,-0.218586,0.200199,-0.250546,0.478972,0.183510
5.100000,2.864998,5.579034,0.593700,-1.381629,1.445144,0.000000,2.335191,0.600000,2.346312,5.417399,0.450000,-1.372496,1.449233,-0.474999,2.466132,5.370620,0.480928,-1.402177,1.489808,0.010398,0.401546,0.401546,-0.395456,-0.395456,0.333105,0.438608,-0.417758,-0.488956,0.235031,-0.235031,0.235031,-0.235031,0.198673,-0.215084,0.207438,-0.240274,0.475942,0.182376
5.112000,2.848360,5.596317,0.593700,-1.391344,1.435321,0.000000,2.342241,0.600000,2.329783,5.434732,0.450000,-1.382281,1.439495,-0.479090,2.450719,5.387700,0.480242,-1.344796,1.469707,-0.032724,0.401546,0.401546,-0.395456,-0.395456,0.332463,0.427253,-0.416625,-0.493504,0.235024,-0.235024,0.235024,-0.235024,0.201541,-0.213010,0.213055,-0.232554,0.474209,0.182829
5.124000,2.831606,5.613483,0.593700,-1.401238,1.425521,0.000000,2.349291,0.600000,2.313138,5.451947,0.450000,-1.391999,1.429746,-0.455090,2.434006,5.407037,0.477044,-1.376601,1.568209,-0.041483,0.401546,0.401546,-0.395456,-0.395456,0.328610,0.416333,-0.417492,-0.499738,0.235018,-0.235018,0.235018,-0.235018,0.204634,-0.210190,0.220956,-0.226410,0.468637,0.184289
5.134000,2.817551,5.627696,0.593700,-1.409747,1.417093,0.000000,2.355168,0.600000,2.299177,5.466203,0.450000,-1.400383,1.421449,-0.435090,2.420661,5.422757,0.474725,-1.374979,1.590393,-0.147822,0.401546,0.401546,-0.395456,-0.395456,0.321233,0.408258,-0.421289,-0.508568,0.235012,-0.235012,0.235012,-0.235012,0.206095,-0.208337,0.226868,-0.222158,0.460245,0.184684
5.146000,2.800574,5.644641,0.593700,-1.419811,1.407017,0.000000,2.362249,0.600000,2.282311,5.483201,0.450000,-1.410473,1.411429,-0.411090,2.403666,5.442466,0.471366,-1.416250,1.654177,-0.150682,0.401546,0.401546,-0.395456,-0.395456,0.306914,0.395369,-0.427827,-0.525800,0.235006,-0.235006,0.235006,-0.235006,0.206859,-0.206583,0.233742,-0.220012,0.446410,0.185901
5.158000,2.783476,5.661463,0.593700,-1.429683,1.396645,0.000000,2.369388,0.600000,2.265326,5.500077,0.450000,-1.420441,1.401246,-0.387090,2.386593,5.462477,0.468640,-1.398119,1.652872,-0.118079,0.401546,0.401546,-0.395456,-0.395456,0.287210,0.382105,-0.435641,-0.548512,0.235000,-0.235000,0.235000,-0.235000,0.208572,-0.204797,0.240432,-0.220590,0.429075,0.187821
5.170000,2.766263,5.678158,0.593700,-1.439294,1.385896,0.000000,2.376579,0.600000,2.248222,5.516829,0.450000,-1.430146,1.390730,-0.395735,2.369776,5.482273,0.465847,-1.355474,1.602871,-0.168584,0.401546,0.401546,-0.395456,-0.395456,0.265428,0.370428,-0.443937,-0.569880,0.234994,-0.234994,0.234994,-0.234994,0.211715,-0.203112,0.246882,-0.223358,0.413930,0.190986
5.182000,2.748930,5.694726,0.593700,-1.449513,1.375373,0.000000,2.383778,0.600000,2.231002,5.533456,0.450000,-1.439497,1.380772,-0.419735,2.353583,5.501122,0.461109,-1.307436,1.533068,-0.219171,0.401546,0.401546,-0.395456,-0.395456,0.247977,0.359020,-0.455159,-0.580224,0.234988,-0.234988,0.234988,-0.234988,0.215696,-0.202357,0.252458,-0.228777,0.405216,0.196542
5.194000,2.731475,5.711167,0.593700,-1.459588,1.364813,0.000000,2.390978,0.600000,2.213697,5.549991,0.450000,-1.444024,1.375775,-0.443735,2.338178,5.518910,0.456923,-1.208100,1.403785,-0.204574,0.401546,0.401546,-0.395456,-0.395456,0.244252,0.350503,-0.463976,-0.568919,0.234983,-0.234983,0.234983,-0.234983,0.219656,-0.202187,0.257195,-0.235791,0.411681,0.203658
5.206000,2.713900,5.727481,0.593700,-1.469494,1.354228,0.000000,2.398178,0.600000,2.196342,5.566471,0.450000,-1.448694,1.370646,-0.467735,2.323793,5.535107,0.453703,-1.159693,1.299047,-0.155851,0.401546,0.401546,-0.395456,-0.395456,0.255107,0.345551,-0.466838,-0.537602,0.234977,-0.234977,0.234977,-0.234977,0.223645,-0.202079,0.262004,-0.244275,0.435308,0.213361
5.218000,2.696208,5.743668,0.593700,-1.479209,1.343631,0.000000,2.405378,0.600000,2.178924,5.582882,0.450000,-1.454243,1.364588,-0.467240,2.309808,5.550300,0.452072,-1.180157,1.266147,-0.040487,0.401546,0.401546,-0.395456,-0.395456,0.269911,0.343107,-0.465002,-0.504746,0.234972,-0.234972,0.234972,-0.234972,0.229159,-0.201431,0.267667,-0.253611,0.461600,0.224245
5.230000,2.678400,5.759728,0.593700,-1.488844,1.332957,0.000000,2.412578,0.600000,2.161439,5.599220,0.450000,-1.460369,1.357881,-0.485711,2.295494,5.565782,0.451661,-1.217078,1.304260,0.034399,0.401545,0.401545,-0.395456,-0.395456,0.279043,0.341744,-0.461495,-0.481963,0.234967,-0.234967,0.234967,-0.234967,0.237530,-0.200440,0.273724,-0.263343,0.474858,0.232560
5.242000,2.660476,5.775659,0.593700,-1.498439,1.322177,0.000000,2.419778,0.600000,2.143852,5.615447,0.450000,-1.472014,1.345308,-0.500000,2.280598,5.581832,0.451738,-1.264055,1.350259,0.050495,0.401545,0.401545,-0.395456,-0.395456,0.281229,0.341157,-0.457885,-0.469555,0.234963,-0.234963,0.234963,-0.234963,0.246491,-0.200259,0.279008,-0.274324,0.474241,0.236895
5.254000,2.642438,5.791460,0.593700,-1.507882,1.311373,0.000000,2.426978,0.600000,2.126092,5.631486,0.450000,-1.487911,1.327991,-0.494098,2.265196,5.598426,0.453455,-1.285244,1.371202,0.130738,0.401545,0.401545,-0.395456,-0.395456,0.278761,0.340285,-0.455031,-0.464666,0.234960,-0.234960,0.234960,-0.234960,0.254022,-0.200636,0.284041,-0.286752,0.463706,0.237682
5.266000,2.624287,5.807132,0.593700,-1.517195,1.300507,0.000000,2.434178,0.600000,2.108148,5.647323,0.450000,-1.502797,1.311412,-0.470098,2.249421,5.615152,0.455086,-1.292206,1.364908,0.127104,0.401545,0.401545,-0.395456,-0.395456,0.278557,0.339436,-0.452389,-0.457544,0.234987,-0.234987,0.234987,-0.234987,0.259217,-0.201301,0.289105,-0.299579,0.452135,0.237681
5.278000,2.606026,5.822672,0.593700,-1.526352,1.289566,0.000000,2.441378,0.600000,2.090032,5.662966,0.450000,-1.515901,1.296395,-0.455433,2.233410,5.631448,0.457441,-1.289441,1.331147,0.160379,0.401545,0.401545,-0.395456,-0.395456,0.285746,0.338970,-0.450080,-0.441579,0.235045,-0.235045,0.235045,-0.235045,0.262572,-0.201602,0.294241,-0.310072,0.444421,0.237793
5.290000,2.587655,5.838081,0.593700,-1.535335,1.278980,0.000000,2.448578,0.600000,2.071778,5.678448,0.450000,-1.526126,1.284298,-0.440556,2.218029,5.647045,0.458537,-1.271390,1.306062,0.007980,0.401545,0.401545,-0.395456,-0.395456,0.300196,0.339884,-0.447247,-0.417910,0.235091,-0.235091,0.235091,-0.235091,0.266081,-0.201173,0.300187,-0.316631,0.443565,0.237933
5.302000,2.569176,5.853362,0.593700,-1.544445,1.267900,0.000000,2.455778,0.600000,2.053408,5.693793,0.450000,-1.535473,1.273207,-0.416556,2.200766,5.663439,0.457696,-1.389169,1.368710,-0.050581,0.401545,0.401545,-0.395456,-0.395456,0.315228,0.341362,-0.446150,-0.395326,0.235111,-0.235111,0.235111,-0.235111,0.269706,-0.200478,0.305447,-0.321155,0.443099,0.237736
5.314000,2.550589,5.868509,0.593700,-1.553528,1.256645,0.000000,2.462978,0.600000,2.034928,5.709005,0.450000,-1.544608,1.262080,-0.392556,2.186362,5.678940,0.456328,-1.255034,1.306540,-0.070232,0.401545,0.401545,-0.395456,-0.395456,0.332446,0.340734,-0.445403,-0.373620,0.235114,-0.235114,0.235114,-0.235114,0.272274,-0.200694,0.311298,-0.323084,0.443621,0.234975
5.326000,2.531880,5.883526,0.593700,-1.564382,1.246069,0.000000,2.470178,0.600000,2.016334,5.724085,0.450000,-1.554651,1.251248,-0.378645,2.173027,5.694438,0.455058,-1.159243,1.284021,-0.037570,0.401545,0.401545,-0.395456,-0.395456,0.340989,0.340088,-0.442746,-0.358046,0.235108,-0.235108,0.235108,-0.235108,0.269757,-0.202693,0.314294,-0.321063,0.451141,0.232851
5.338000,2.513054,5.898411,0.593700,-1.573314,1.234771,0.000000,2.477378,0.600000,1.997623,5.739038,0.450000,-1.562937,1.241826,-0.354645,2.159078,5.708991,0.454345,-1.184354,1.255640,-0.012381,0.401545,0.401545,-0.395456,-0.395456,0.349066,0.339896,-0.439489,-0.353251,0.235099,-0.235099,0.235099,-0.235099,0.265699,-0.206171,0.316123,-0.318626,0.459267,0.232740
5.350000,2.494121,5.913160,0.593700,-1.582166,1.223415,0.000000,2.484578,0.600000,1.978825,5.753887,0.450000,-1.570148,1.232846,-0.330645,2.143971,5.723922,0.453397,-1.282072,1.278815,0.007805,0.401545,0.401545,-0.395456,-0.395456,0.354758,0.339500,-0.447012,-0.354630,0.235089,-0.235089,0.235089,-0.235089,0.263602,-0.207609,0.319066,-0.314426,0.463279,0.231817
5.362000,2.475083,5.927773,0.593700,-1.590906,1.212012,0.000000,2.491778,0.600000,1.959949,5.768637,0.450000,-1.575509,1.225865,-0.330022,2.128387,5.739325,0.453337,-1.331227,1.251831,0.061651,0.401545,0.401545,-0.395456,-0.395456,0.358544,0.339831,-0.456329,-0.359092,0.235079,-0.235079,0.235079,-0.235079,0.262658,-0.207883,0.322689,-0.310242,0.465606,0.228170
5.374000,2.455940,5.942248,0.593700,-1.599553,1.200545,0.000000,2.498978,0.600000,1.941001,5.783293,0.450000,-1.583361,1.215616,-0.354022,2.112081,5.754410,0.453511,-1.371064,1.227268,0.064111,0.401545,0.401545,-0.395456,-0.395456,0.361716,0.340529,-0.465506,-0.364012,0.235070,-0.235070,0.235070,-0.235070,0.259439,-0.209960,0.324634,-0.307943,0.468046,0.225623
5.386000,2.436693,5.956586,0.593700,-1.608170,1.188988,0.000000,2.506178,0.600000,1.921928,5.797786,0.450000,-1.595990,1.199163,-0.378022,2.093041,5.770533,0.455406,-1.497356,1.270903,0.161272,0.401545,0.401545,-0.395456,-0.395456,0.362435,0.341337,-0.472476,-0.369877,0.235062,-0.235062,0.235062,-0.235062,0.255193,-0.212290,0.326875,-0.305538,0.466351,0.223451
5.398000,2.417344,5.970784,0.593700,-1.616706,1.177372,0.000000,2.513378,0.600000,1.902706,5.812083,0.450000,-1.607175,1.184328,-0.381064,2.075301,5.786092,0.456579,-1.522650,1.292536,0.167393,0.401545,0.401545,-0.395456,-0.395456,0.362346,0.342404,-0.476633,-0.377237,0.235054,-0.235054,0.235054,-0.235054,0.252928,-0.214088,0.330179,-0.301939,0.466148,0.221002
5.408000,2.401142,5.982509,0.593700,-1.623737,1.167656,0.000000,2.519378,0.600000,1.886595,5.823873,0.450000,-1.614853,1.173898,-0.374067,2.060412,5.799141,0.457174,-1.540058,1.310466,0.146950,0.401545,0.401545,-0.395456,-0.395456,0.362582,0.342889,-0.478855,-0.384313,0.235047,-0.235047,0.235047,-0.235047,0.251129,-0.215524,0.333243,-0.298655,0.465319,0.218657
5.420000,2.381607,5.996451,0.593700,-1.632115,1.155927,0.000000,2.526578,0.600000,1.867165,5.837888,0.450000,-1.623472,1.161978,-0.375154,2.041073,5.815394,0.457852,-1.617430,1.344892,0.134329,0.401545,0.401545,-0.395456,-0.395456,0.362305,0.339234,-0.484233,-0.392671,0.235040,-0.235040,0.235040,-0.235040,0.248803,-0.216877,0.336563,-0.294961,0.461171,0.215810
5.432000,2.361971,6.010251,0.593700,-1.640406,1.144138,0.000000,2.533778,0.600000,1.847633,5.851761,0.450000,-1.631859,1.150186,-0.398865,2.021460,5.831379,0.459034,-1.675534,1.343068,0.147736,0.401545,0.401545,-0.395456,-0.395456,0.361195,0.328561,-0.494479,-0.400530,0.235033,-0.235033,0.235033,-0.235033,0.246652,-0.217205,0.338242,-0.291665,0.451902,0.212850
5.444000,2.342237,6.023910,0.593700,-1.648599,1.132299,0.000000,2.540978,0.600000,1.828001,5.865492,0.450000,-1.640117,1.138387,-0.422865,2.000823,5.847479,0.460631,-1.741486,1.345788,0.141869,0.401545,0.401545,-0.395456,-0.395456,0.359344,0.311981,-0.510472,-0.407372,0.235026,-0.235026,0.235026,-0.235026,0.244428,-0.217038,0.337440,-0.288699,0.440082,0.210800
5.456000,2.322405,6.037426,0.593700,-1.656721,1.120389,0.000000,2.548178,0.600000,1.808270,5.879082,0.450000,-1.648281,1.126539,-0.437893,1.979257,5.863654,0.462216,-1.814251,1.352640,0.139561,0.401545,0.401545,-0.395456,-0.395456,0.356679,0.289455,-0.532552,-0.415578,0.235019,-0.235019,0.235019,-0.235019,0.242471,-0.216482,0.334405,-0.285698,0.425875,0.210438
5.468000,2.302476,6.050799,0.593700,-1.664759,1.108408,0.000000,2.555378,0.600000,1.788442,5.892529,0.450000,-1.656361,1.114628,-0.435220,1.957222,5.879802,0.461889,-1.835718,1.339199,-0.064687,0.401545,0.401545,-0.395456,-0.395456,0.353503,0.261367,-0.556837,-0.425357,0.235012,-0.235012,0.235012,-0.235012,0.241164,-0.215880,0.328872,-0.282463,0.410538,0.212632
5.480000,2.282451,6.064027,0.593700,-1.672691,1.096338,0.000000,2.562578,0.600000,1.768518,5.905833,0.450000,-1.664348,1.102628,-0.451267,1.935346,5.895759,0.457126,-1.812706,1.298144,-0.188255,0.401545,0.401545,-0.395456,-0.395456,0.350715,0.233436,-0.575285,-0.435994,0.235006,-0.235006,0.235006,-0.235006,0.240755,-0.215602,0.320213,-0.278749,0.394837,0.216351
5.492000,2.262332,6.077111,0.593700,-1.680513,1.084227,0.000000,2.569778,0.600000,1.748514,5.919015,0.450000,-1.668387,1.096186,-0.474186,1.913666,5.911130,0.452954,-1.758540,1.242843,-0.161305,0.401545,0.401545,-0.395456,-0.395456,0.348421,0.216342,-0.579390,-0.446853,0.235000,-0.235000,0.235000,-0.235000,0.240245,-0.213788,0.307222,-0.274742,0.388125,0.220668
5.504000,2.242119,6.090049,0.593700,-1.688270,1.072094,0.000000,2.576978,0.600000,1.728481,5.932147,0.450000,-1.670573,1.092427,-0.498186,1.892906,5.925835,0.448838,-1.678032,1.199186,-0.174730,0.401545,0.401545,-0.395456,-0.395456,0.345042,0.219001,-0.564666,-0.455269,0.234994,-0.234994,0.234994,-0.234994,0.239631,-0.209998,0.289861,-0.270591,0.400493,0.224781
5.516000,2.221814,6.102841,0.593700,-1.695979,1.059960,0.000000,2.584178,0.600000,1.708420,5.945233,0.450000,-1.672869,1.088634,-0.500000,1.873391,5.940001,0.446907,-1.589110,1.182245,-0.041212,0.401545,0.401545,-0.395456,-0.395456,0.341180,0.242191,-0.535882,-0.459726,0.234988,-0.234988,0.234988,-0.234988,0.238597,-0.205663,0.267491,-0.266902,0.434383,0.227753
5.528000,2.201417,6.115489,0.593700,-1.703380,1.048067,0.000000,2.591378,0.600000,1.688330,5.958272,0.450000,-1.675409,1.084525,-0.500000,1.854063,5.953089,0.447940,-1.591502,1.131694,0.186630,0.401545,0.401545,-0.395456,-0.395456,0.338004,0.278353,-0.505950,-0.460681,0.234983,-0.234983,0.234983,-0.234983,0.238468,-0.204092,0.241973,-0.263106,0.482420,0.233142
5.540000,2.180930,6.127990,0.593700,-1.711234,1.035193,0.000000,2.598573,0.600000,1.668210,5.971260,0.450000,-1.678546,1.079347,-0.500000,1.835205,5.966871,0.450917,-1.574781,1.176453,0.257666,0.401545,0.401545,-0.395456,-0.395456,0.336121,0.315256,-0.483768,-0.459140,0.234978,-0.234978,0.234978,-0.234978,0.244784,-0.202602,0.223421,-0.253599,0.517492,0.234327
5.552000,2.160349,6.140334,0.593700,-1.718834,1.022384,0.000000,2.605748,0.600000,1.648015,5.984129,0.450000,-1.688495,1.063404,-0.500000,1.816350,5.980996,0.452986,-1.604251,1.197608,0.233457,0.401545,0.401545,-0.395456,-0.395456,0.336169,0.347344,-0.471904,-0.457542,0.234973,-0.234973,0.234973,-0.234973,0.249580,-0.208851,0.205723,-0.245545,0.529062,0.230978
5.564000,2.139679,6.152528,0.593700,-1.726164,1.009896,0.000000,2.612901,0.600000,1.627677,5.996768,0.450000,-1.701158,1.043013,-0.500000,1.796916,5.995516,0.456102,-1.644431,1.239045,0.255878,0.401545,0.401545,-0.395456,-0.395456,0.337919,0.373550,-0.469461,-0.456207,0.234968,-0.234968,0.234968,-0.234968,0.254321,-0.216557,0.190708,-0.237409,0.527243,0.217957
5.576000,2.118922,6.164573,0.593700,-1.733270,0.997753,0.000000,2.620050,0.600000,1.607188,6.009161,0.450000,-1.713729,1.022566,-0.500000,1.776364,6.010762,0.459646,-1.706446,1.263916,0.205684,0.401545,0.401545,-0.395456,-0.395456,0.340335,0.393512,-0.473160,-0.456417,0.234963,-0.234963,0.234963,-0.234963,0.258918,-0.223390,0.177380,-0.229494,0.519933,0.204046
5.588000,2.098080,6.176471,0.593700,-1.740433,0.985139,0.000000,2.627199,0.600000,1.586558,6.021324,0.450000,-1.723922,1.005589,-0.482683,1.754897,6.026075,0.460181,-1.765875,1.290552,0.058928,0.401545,0.401545,-0.395456,-0.395456,0.342258,0.408386,-0.473328,-0.457530,0.234977,-0.234977,0.234977,-0.234977,0.264218,-0.225800,0.167688,-0.219426,0.512986,0.191482
5.600000,2.077152,6.188216,0.593700,-1.747525,0.972378,0.000000,2.634349,0.600000,1.565818,6.033300,0.450000,-1.732697,0.990517,-0.458683,1.734278,6.041657,0.459841,-1.727679,1.288532,-0.021864,0.401545,0.401545,-0.395456,-0.395456,0.344128,0.421448,-0.462122,-0.458887,0.235024,-0.235024,0.235024,-0.235024,0.268897,-0.223452,0.159116,-0.209828,0.509101,0.182155
5.612000,2.056140,6.199807,0.593700,-1.754693,0.959299,0.000000,2.641500,0.600000,1.544976,6.045100,0.450000,-1.740891,0.976075,-0.434683,1.714266,6.056895,0.459228,-1.689481,1.283906,-0.024750,0.401545,0.401545,-0.395456,-0.395456,0.347113,0.433608,-0.446905,-0.459555,0.235102,-0.235102,0.235102,-0.235102,0.272359,-0.219251,0.156330,-0.200771,0.509626,0.175986
5.624000,2.035042,6.211243,0.593700,-1.761487,0.946661,0.000000,2.648658,0.600000,1.524036,6.056725,0.450000,-1.749052,0.961458,-0.411075,1.692875,6.072783,0.458502,-1.790567,1.334909,-0.025846,0.401545,0.401545,-0.395456,-0.395456,0.349257,0.439704,-0.441283,-0.460251,0.235209,-0.235209,0.235209,-0.235209,0.274269,-0.214555,0.157191,-0.193214,0.509098,0.177873
5.636000,2.013873,6.222549,0.593700,-1.767411,0.936035,0.000000,2.655817,0.600000,1.503011,6.068198,0.450000,-1.754637,0.951505,-0.435075,1.671712,6.090807,0.458367,-1.836192,1.373742,0.067599,0.401545,0.401545,-0.395456,-0.395456,0.348545,0.439337,-0.436249,-0.463949,0.235320,-0.235320,0.235320,-0.235320,0.267959,-0.222037,0.156301,-0.194489,0.508567,0.186084
5.648000,1.992623,6.233705,0.593700,-1.774136,0.923271,0.000000,2.662976,0.600000,1.481929,6.079566,0.450000,-1.759587,0.942194,-0.459075,1.649375,6.106820,0.458903,-1.881429,1.347271,0.057525,0.401545,0.401545,-0.395456,-0.395456,0.346526,0.440366,-0.427008,-0.469113,0.235382,-0.235382,0.235382,-0.235382,0.262874,-0.227724,0.155839,-0.195205,0.505343,0.187832
5.658000,1.974855,6.242884,0.593700,-1.779624,0.912653,0.000000,2.668942,0.600000,1.464297,6.088921,0.450000,-1.767159,0.928188,-0.477693,1.630601,6.119760,0.459750,-1.896375,1.295069,0.089649,0.401545,0.401545,-0.395456,-0.395456,0.345039,0.439685,-0.423601,-0.472495,0.235400,-0.235400,0.235400,-0.235400,0.258139,-0.233537,0.156097,-0.194953,0.501449,0.188475
5.670000,1.953460,6.253759,0.593700,-1.786118,0.899877,0.000000,2.676101,0.600000,1.443031,6.099947,0.450000,-1.776974,0.909778,-0.500000,1.607707,6.135120,0.460746,-1.908808,1.258457,0.084244,0.401545,0.401545,-0.395456,-0.395456,0.343585,0.435214,-0.424683,-0.477152,0.235406,-0.235406,0.235406,-0.235406,0.253278,-0.238845,0.156700,-0.193993,0.497336,0.185994
5.682000,1.931988,6.264481,0.593700,-1.792527,0.887043,0.000000,2.683260,0.600000,1.421659,6.110772,0.450000,-1.784619,0.894922,-0.500000,1.584138,6.150225,0.461616,-1.954130,1.232958,0.086611,0.401545,0.401545,-0.395456,-0.395456,0.342540,0.427166,-0.428393,-0.482106,0.235400,-0.235400,0.235400,-0.235400,0.248736,-0.243432,0.158137,-0.192099,0.491761,0.184097
5.694000,1.910440,6.275048,0.593700,-1.798845,0.874156,0.000000,2.690419,0.600000,1.400203,6.121431,0.450000,-1.791286,0.881573,-0.500000,1.560694,6.164478,0.462976,-1.982249,1.197031,0.111040,0.401545,0.401545,-0.395455,-0.395455,0.342080,0.416211,-0.433028,-0.486801,0.235386,-0.235386,0.235386,-0.235386,0.245050,-0.247227,0.160172,-0.189404,0.485036,0.182699
5.706000,1.888816,6.285461,0.593700,-1.805057,0.861253,0.000000,2.697577,0.600000,1.378670,6.131931,0.450000,-1.797631,0.868579,-0.500000,1.537879,6.177547,0.464475,-1.966332,1.134633,0.125983,0.401545,0.401545,-0.395455,-0.395455,0.342088,0.403422,-0.437226,-0.490436,0.235369,-0.235369,0.235369,-0.235369,0.242190,-0.250142,0.162693,-0.186025,0.478341,0.181887
5.718000,1.867119,6.295718,0.593700,-1.811171,0.848323,0.000000,2.704736,0.600000,1.357061,6.142277,0.450000,-1.803818,0.855661,-0.500000,1.515283,6.190127,0.465615,-1.946319,1.082370,0.106753,0.401545,0.401545,-0.395455,-0.395455,0.339633,0.390378,-0.441007,-0.495201,0.235350,-0.235350,0.235350,-0.235350,0.240967,-0.251742,0.165680,-0.182288,0.471088,0.181582
5.730000,1.845348,6.305820,0.593700,-1.817195,0.835341,0.000000,2.711895,0.600000,1.335379,6.152467,0.450000,-1.809900,0.842725,-0.498906,1.493453,6.202150,0.466185,-1.885432,1.034740,0.041713,0.401545,0.401545,-0.395455,-0.395455,0.331351,0.377551,-0.444145,-0.504691,0.235332,-0.235332,0.235332,-0.235332,0.240288,-0.252659,0.168296,-0.179873,0.460638,0.182185
5.742000,1.823506,6.315766,0.593700,-1.823125,0.822322,0.000000,2.719061,0.600000,1.313624,6.162502,0.450000,-1.815882,0.829758,-0.485077,1.469826,6.215055,0.463792,-1.942685,1.045067,-0.100931,0.401545,0.401545,-0.395455,-0.395455,0.317256,0.365361,-0.448556,-0.521195,0.235314,-0.235314,0.235314,-0.235314,0.240522,-0.252615,0.172886,-0.179220,0.448128,0.184839
5.754000,1.801594,6.325555,0.593700,-1.828985,0.809203,0.000000,2.726250,0.600000,1.291798,6.172381,0.450000,-1.821785,0.816719,-0.500000,1.447613,6.226931,0.460807,-1.880492,0.974937,-0.127953,0.401545,0.401545,-0.395455,-0.395455,0.297474,0.353560,-0.455080,-0.544949,0.235297,-0.235297,0.235297,-0.235297,0.240634,-0.252751,0.177917,-0.180495,0.434012,0.188734
5.766000,1.779611,6.335187,0.593700,-1.834770,0.796003,0.000000,2.733457,0.600000,1.269902,6.182104,0.450000,-1.827364,0.804107,-0.500000,1.424245,6.239133,0.458070,-1.883966,0.960952,-0.121209,0.401545,0.401545,-0.395455,-0.395455,0.273825,0.342403,-0.463186,-0.570985,0.235281,-0.235281,0.235281,-0.235281,0.241548,-0.252922,0.182750,-0.183504,0.414772,0.194078
5.778000,1.757560,6.344659,0.593700,-1.840461,0.782752,0.000000,2.740667,0.600000,1.247944,6.191685,0.450000,-1.832279,0.792666,-0.500000,1.401360,6.250667,0.455913,-1.829023,0.899430,-0.090362,0.401545,0.401545,-0.395455,-0.395455,0.252178,0.332920,-0.470512,-0.589135,0.235265,-0.235265,0.235265,-0.235265,0.243824,-0.253600,0.186914,-0.189028,0.401245,0.200592
5.790000,1.735440,6.353973,0.593700,-1.846056,0.769462,0.000000,2.747876,0.600000,1.225926,6.201126,0.450000,-1.837368,0.780658,-0.500000,1.379332,6.261274,0.454589,-1.749358,0.822893,-0.033367,0.401545,0.401545,-0.395455,-0.395455,0.238400,0.326693,-0.474003,-0.591154,0.235250,-0.235250,0.235250,-0.235250,0.247453,-0.254595,0.190649,-0.196699,0.397787,0.208414
5.802000,1.713255,6.363126,0.593700,-1.851556,0.756134,0.000000,2.755086,0.600000,1.203844,6.210413,0.450000,-1.843205,0.766820,-0.500000,1.358092,6.271100,0.453827,-1.710897,0.778176,-0.002024,0.401545,0.401545,-0.395455,-0.395455,0.232340,0.323984,-0.472991,-0.577979,0.235235,-0.235235,0.235235,-0.235235,0.252551,-0.255716,0.194375,-0.206118,0.404335,0.217385
5.814000,1.691003,6.372120,0.593700,-1.856958,0.742769,0.000000,2.762292,0.600000,1.181687,6.219523,0.450000,-1.849567,0.751551,-0.492274,1.337004,6.280588,0.453510,-1.741863,0.774122,0.036366,0.401545,0.401545,-0.395455,-0.395455,0.228222,0.323406,-0.469642,-0.558988,0.235221,-0.235221,0.235221,-0.235221,0.259030,-0.256985,0.198259,-0.217158,0.412079,0.226766
5.826000,1.668688,6.380953,0.593700,-1.862258,0.729381,0.000000,2.769492,0.600000,1.159458,6.228456,0.450000,-1.855264,0.737472,-0.468274,1.315520,6.289991,0.453711,-1.789830,0.773998,0.064315,0.401545,0.401545,-0.395455,-0.395455,0.222306,0.323487,-0.466366,-0.541676,0.235208,-0.235208,0.235208,-0.235208,0.266646,-0.258467,0.202282,-0.230016,0.413763,0.235734
5.838000,1.646362,6.389647,0.593700,-1.856948,0.720665,0.000000,2.776692,0.600000,1.137177,6.237231,0.450000,-1.855785,0.725998,-0.444274,1.292730,6.297611,0.454449,-1.857785,0.669763,0.124190,0.401545,0.401545,-0.395455,-0.395455,0.217349,0.322803,-0.464198,-0.525375,0.235194,-0.235194,0.235194,-0.235194,0.277450,-0.257429,0.209018,-0.241937,0.405718,0.248191
5.850000,1.623975,6.398183,0.593700,-1.872414,0.702684,0.000000,2.783892,0.600000,1.114882,6.245866,0.450000,-1.862518,0.712205,-0.448805,1.271359,6.308136,0.454943,-1.778620,0.746566,0.109397,0.401545,0.401545,-0.395455,-0.395455,0.222437,0.319762,-0.463228,-0.501949,0.235182,-0.235182,0.235182,-0.235182,0.291916,-0.254831,0.218016,-0.249192,0.403838,0.248480
5.862000,1.601476,6.406534,0.593700,-1.877488,0.689097,0.000000,2.791092,0.600000,1.092486,6.254327,0.450000,-1.869654,0.698263,-0.472805,1.249102,6.315715,0.456018,-1.830313,0.639897,0.168465,0.401545,0.401545,-0.395455,-0.395455,0.245216,0.310836,-0.461024,-0.463704,0.235170,-0.235170,0.235170,-0.235170,0.297437,-0.255599,0.222483,-0.263526,0.402252,0.256866
5.874000,1.578917,6.414722,0.593700,-1.882428,0.675537,0.000000,2.798292,0.600000,1.070019,6.262630,0.450000,-1.875053,0.684953,-0.496805,1.229287,6.323085,0.458368,-1.697209,0.591842,0.226642,0.401545,0.401545,-0.395455,-0.395455,0.279406,0.298209,-0.457635,-0.415659,0.235158,-0.235158,0.235158,-0.235158,0.306476,-0.255799,0.228342,-0.268722,0.405529,0.257291
5.886000,1.556298,6.422747,0.593700,-1.887254,0.661957,0.000000,2.805493,0.600000,1.047485,6.270761,0.450000,-1.880468,0.670406,-0.500000,1.210364,6.329306,0.460757,-1.565409,0.481408,0.224217,0.401545,0.401545,-0.395455,-0.395455,0.321486,0.287440,-0.452468,-0.361499,0.235146,-0.235146,0.235146,-0.235146,0.314353,-0.258246,0.232315,-0.272769,0.409443,0.250129
5.898000,1.533623,6.430608,0.593700,-1.892004,0.648289,0.000000,2.812729,0.600000,1.024889,6.278722,0.450000,-1.885401,0.656553,-0.500000,1.191688,6.335208,0.463618,-1.569975,0.497771,0.185012,0.401545,0.401545,-0.395455,-0.395455,0.367340,0.279962,-0.446184,-0.309630,0.235135,-0.235135,0.235135,-0.235135,0.324720,-0.260032,0.237657,-0.273850,0.417807,0.244042
5.908000,1.514683,6.437032,0.593700,-1.895968,0.636348,0.000000,2.818826,0.600000,1.006015,6.285230,0.450000,-1.889405,0.644873,-0.500000,1.176689,6.339768,0.464683,-1.587518,0.476039,0.070597,0.401545,0.401545,-0.395455,-0.395455,0.396447,0.277383,-0.440085,-0.279363,0.235127,-0.235127,0.235127,-0.235127,0.331767,-0.262863,0.240707,-0.276633,0.424546,0.240458
5.920000,1.491903,6.444582,0.593700,-1.900583,0.621953,0.000000,2.826230,0.600000,0.983314,6.292883,0.450000,-1.894095,0.630649,-0.500000,1.157412,6.345625,0.464692,-1.659738,0.514658,-0.045504,0.401545,0.401545,-0.395455,-0.395455,0.413160,0.278166,-0.433032,-0.260345,0.235116,-0.235116,0.235116,-0.235116,0.336907,-0.265278,0.244865,-0.279172,0.431443,0.238237
5.932000,1.469115,6.451996,0.593700,-1.904874,0.608128,0.000000,2.833677,0.600000,0.960583,6.300385,0.450000,-1.896325,0.618302,-0.500000,1.136687,6.352503,0.464244,-1.738860,0.642328,-0.006355,0.401545,0.401545,-0.395455,-0.395455,0.408666,0.278716,-0.429797,-0.255655,0.235106,-0.235106,0.235106,-0.235106,0.334159,-0.265327,0.250913,-0.275624,0.427324,0.239463
5.944000,1.446231,6.459209,0.593700,-1.909318,0.593930,0.000000,2.841166,0.600000,0.937789,6.307712,0.450000,-1.902382,0.602975,-0.489164,1.114871,6.359844,0.462535,-1.825938,0.619654,-0.056442,0.401545,0.401545,-0.395455,-0.395455,0.398160,0.277465,-0.430758,-0.260884,0.235097,-0.235097,0.235097,-0.235097,0.323940,-0.271957,0.249840,-0.279665,0.428732,0.240124
5.956000,1.423292,6.466250,0.593700,-1.913749,0.579649,0.000000,2.848659,0.600000,0.914933,6.314867,0.450000,-1.906457,0.590898,-0.465164,1.092450,6.367065,0.461883,-1.848529,0.580507,0.002815,0.401545,0.401545,-0.395455,-0.395455,0.390654,0.276267,-0.433255,-0.269241,0.235087,-0.235087,0.235087,-0.235087,0.318204,-0.276049,0.250202,-0.280195,0.423071,0.239977
5.968000,1.400301,6.473120,0.593700,-1.918073,0.565318,0.000000,2.856152,0.600000,0.892036,6.321897,0.450000,-1.910150,0.579120,-0.473703,1.070103,6.373857,0.462057,-1.872636,0.549259,0.037122,0.401545,0.401545,-0.395455,-0.395455,0.387773,0.277330,-0.433545,-0.277743,0.235079,-0.235079,0.235079,-0.235079,0.312837,-0.280120,0.250822,-0.280421,0.422075,0.239521
5.980000,1.377259,6.479818,0.593700,-1.922251,0.550911,0.000000,2.863644,0.600000,0.869081,6.328736,0.450000,-1.915561,0.561198,-0.497703,1.047244,6.380422,0.463032,-1.935362,0.535259,0.051659,0.401545,0.401545,-0.395455,-0.395455,0.387007,0.278087,-0.432227,-0.286429,0.235070,-0.235070,0.235070,-0.235070,0.307602,-0.284044,0.251618,-0.280630,0.422002,0.238256
5.992000,1.354168,6.486342,0.593700,-1.926292,0.536439,0.000000,2.871137,0.600000,0.846067,6.335377,0.450000,-1.920032,0.545706,-0.500000,1.024150,6.386559,0.464360,-1.996228,0.515670,0.047505,0.401545,0.401545,-0.395455,-0.395455,0.386487,0.277206,-0.430715,-0.296669,0.235062,-0.235062,0.235062,-0.235062,0.302538,-0.287969,0.252380,-0.280716,0.421116,0.236416
6.004000,1.331029,6.492692,0.593700,-1.930177,0.521975,0.000000,2.878630,0.600000,0.823002,6.341837,0.450000,-1.924103,0.531008,-0.500000,1.000930,6.391747,0.466651,-2.026121,0.461603,0.066736,0.401545,0.401545,-0.395455,-0.395455,0.385448,0.275400,-0.430419,-0.308654,0.235054,-0.235054,0.235054,-0.235054,0.297714,-0.291831,0.250759,-0.280903,0.419371,0.232333
6.016000,1.307845,6.498867,0.593700,-1.933805,0.507246,0.000000,2.886123,0.600000,0.799889,6.348121,0.450000,-1.927916,0.516344,-0.496404,0.975282,6.397538,0.469587,-2.133992,0.463849,0.074889,0.401545,0.401545,-0.395455,-0.395455,0.383954,0.272771,-0.431123,-0.321766,0.235046,-0.235046,0.235046,-0.235046,0.294008,-0.293728,0.251783,-0.280748,0.417926,0.231070
6.028000,1.284618,6.504868,0.593700,-1.937375,0.492785,0.000000,2.893616,0.600000,0.776733,6.354230,0.450000,-1.931510,0.501815,-0.488208,0.951319,6.402795,0.469320,-2.126116,0.449555,-0.060662,0.401545,0.401545,-0.395455,-0.395455,0.381453,0.265606,-0.437392,-0.336639,0.235038,-0.235038,0.235038,-0.235038,0.289742,-0.294599,0.252503,-0.280289,0.413874,0.230796
6.040000,1.261348,6.510694,0.593700,-1.940962,0.478323,0.000000,2.901108,0.600000,0.753533,6.360165,0.450000,-1.935129,0.487352,-0.500000,0.926351,6.408019,0.468550,-2.164972,0.432589,-0.104501,0.401545,0.401545,-0.395455,-0.395455,0.375657,0.251848,-0.450486,-0.352435,0.235031,-0.235031,0.235031,-0.235031,0.285621,-0.294248,0.252962,-0.280122,0.404070,0.230876
6.052000,1.238035,6.516348,0.593700,-1.944499,0.463938,0.000000,2.908601,0.600000,0.730290,6.365926,0.450000,-1.938685,0.472940,-0.500000,0.900544,6.413116,0.467567,-2.191775,0.412156,-0.117841,0.401545,0.401545,-0.395455,-0.395455,0.365834,0.231315,-0.470351,-0.368666,0.235024,-0.235024,0.235024,-0.235024,0.281281,-0.292210,0.253255,-0.280279,0.387724,0.231531
6.064000,1.214680,6.521829,0.593700,-1.948017,0.449649,0.000000,2.916094,0.600000,0.707005,6.371516,0.450000,-1.942219,0.458615,-0.500000,0.874262,6.418124,0.466346,-2.176658,0.394345,-0.126375,0.401545,0.401545,-0.395455,-0.395455,0.352416,0.208779,-0.492587,-0.384484,0.235017,-0.235017,0.235017,-0.235017,0.276749,-0.287373,0.253040,-0.280971,0.368002,0.233104
6.076000,1.191283,6.527139,0.593700,-1.951447,0.435394,0.000000,2.923587,0.600000,0.683677,6.376933,0.450000,-1.945688,0.444358,-0.500000,0.848206,6.423017,0.465281,-2.086724,0.371479,-0.083935,0.401545,0.401545,-0.395455,-0.395455,0.340217,0.194239,-0.508475,-0.397999,0.235011,-0.235011,0.235011,-0.235011,0.271455,-0.279376,0.251852,-0.282556,0.354546,0.235576
6.088000,1.167845,6.532278,0.593700,-1.954818,0.421045,0.000000,2.931078,0.600000,0.660308,6.382180,0.450000,-1.949101,0.430082,-0.500000,0.823104,6.427690,0.464477,-1.988074,0.359169,-0.062399,0.401545,0.401545,-0.395455,-0.395455,0.332358,0.195499,-0.511885,-0.408111,0.235005,-0.235005,0.235005,-0.235005,0.264847,-0.268451,0.249060,-0.285359,0.357240,0.238860
6.100000,1.144368,6.537244,0.593700,-1.958007,0.406633,0.000000,2.938521,0.600000,0.636899,6.387255,0.450000,-1.952388,0.415736,-0.500000,0.799033,6.432263,0.464128,-1.935078,0.361691,-0.020817,0.401545,0.401545,-0.395455,-0.395455,0.327995,0.212224,-0.504774,-0.415214,0.234999,-0.234999,0.234999,-0.234999,0.256887,-0.255579,0.243796,-0.289587,0.377077,0.242654
6.112000,1.120854,6.542037,0.593700,-1.960985,0.392296,0.000000,2.945872,0.600000,0.613452,6.392158,0.450000,-1.955511,0.401371,-0.480889,0.775344,6.436725,0.464156,-1.948103,0.363543,0.015066,0.401545,0.401545,-0.395455,-0.395455,0.327426,0.237949,-0.494274,-0.420674,0.234993,-0.234993,0.234993,-0.234993,0.247813,-0.242047,0.235270,-0.294662,0.409089,0.245127
6.124000,1.097306,6.546660,0.593700,-1.963668,0.378214,0.000000,2.953142,0.600000,0.589968,6.396889,0.450000,-1.958363,0.387185,-0.469800,0.751274,6.440914,0.464450,-2.008527,0.361599,0.022680,0.401545,0.401545,-0.395455,-0.395455,0.329103,0.265082,-0.488118,-0.425561,0.234987,-0.234987,0.234987,-0.234987,0.239080,-0.227968,0.224547,-0.299121,0.443196,0.242414
6.136000,1.073727,6.551115,0.593700,-1.966175,0.364248,0.000000,2.960372,0.600000,0.566452,6.401451,0.450000,-1.960997,0.373157,-0.493697,0.726523,6.445187,0.465153,-2.068485,0.365911,0.050018,0.401545,0.401545,-0.395455,-0.395455,0.331625,0.290396,-0.488557,-0.430414,0.234982,-0.234982,0.234982,-0.234982,0.231306,-0.214180,0.212981,-0.302347,0.470747,0.231543
6.148000,1.050118,6.555402,0.593700,-1.968567,0.350298,0.000000,2.967572,0.600000,0.542905,6.405845,0.450000,-1.963477,0.359202,-0.491259,0.701217,6.449503,0.465856,-2.105588,0.367451,0.059785,0.401545,0.401545,-0.395455,-0.395455,0.334268,0.315274,-0.491566,-0.435116,0.234977,-0.234977,0.234977,-0.234977,0.224571,-0.202344,0.200776,-0.304212,0.489286,0.219173
6.158000,1.030423,6.558847,0.593700,-1.970508,0.338605,0.000000,2.973572,0.600000,0.523260,6.409379,0.450000,-1.965462,0.347562,-0.471259,0.679928,6.453033,0.466304,-2.110901,0.361363,0.035184,0.401545,0.401545,-0.395455,-0.395455,0.336595,0.337794,-0.491192,-0.438952,0.234972,-0.234972,0.234972,-0.234972,0.219531,-0.194490,0.190070,-0.304890,0.500134,0.209196
6.170000,1.006764,6.562827,0.593700,-1.972636,0.324661,0.000000,2.980772,0.600000,0.499661,6.413466,0.450000,-1.967707,0.333612,-0.447259,0.654498,6.457217,0.466971,-2.109342,0.357347,0.031483,0.401545,0.401545,-0.395455,-0.395455,0.339708,0.368131,-0.482542,-0.443296,0.234967,-0.234967,0.234967,-0.234967,0.214048,-0.187164,0.176852,-0.304775,0.509138,0.197806
6.182000,0.983080,6.566639,0.593700,-1.974602,0.310719,0.000000,2.987972,0.600000,0.476036,6.417385,0.450000,-1.969790,0.319678,-0.423259,0.629207,6.461385,0.467536,-2.124554,0.359122,-0.002824,0.401545,0.401545,-0.395455,-0.395455,0.343106,0.399584,-0.466418,-0.447187,0.234963,-0.234963,0.234963,-0.234963,0.208806,-0.181821,0.163067,-0.303924,0.515569,0.187653
6.194000,0.959374,6.570284,0.593700,-1.976376,0.296794,0.000000,2.995172,0.600000,0.452387,6.421138,0.450000,-1.971692,0.305763,-0.402103,0.603678,6.465475,0.467739,-2.163874,0.353885,-0.030389,0.401545,0.401545,-0.395455,-0.395455,0.346410,0.428603,-0.448112,-0.450828,0.234958,-0.234958,0.234958,-0.234958,0.203733,-0.179200,0.149638,-0.302404,0.520597,0.179661
6.206000,0.935649,6.573762,0.593700,-1.977819,0.282972,0.000000,3.002372,0.600000,0.428716,6.424724,0.450000,-1.973325,0.291918,-0.412465,0.577563,6.469293,0.466973,-2.198031,0.335445,-0.097170,0.401545,0.401545,-0.395455,-0.395455,0.349260,0.452250,-0.430736,-0.454453,0.234954,-0.234954,0.234954,-0.234954,0.199263,-0.179236,0.138414,-0.299754,0.526060,0.174789
6.218000,0.911906,6.577035,0.593700,-1.979595,0.264677,0.000000,3.009572,0.600000,0.405028,6.428129,0.450000,-1.974796,0.275432,-0.408602,0.550242,6.472643,0.466136,-2.292641,0.313339,-0.041554,0.401545,0.401545,-0.395455,-0.395455,0.350407,0.468621,-0.422211,-0.459176,0.234954,-0.234954,0.234954,-0.234954,0.197341,-0.181134,0.143940,-0.295107,0.527165,0.173678
6.230000,0.888142,6.580125,0.593700,-1.981115,0.250250,0.000000,3.016772,0.600000,0.381320,6.431343,0.450000,-1.976500,0.260507,-0.432602,0.522514,6.477232,0.465769,-2.342039,0.388406,-0.027392,0.401545,0.401545,-0.395455,-0.395455,0.351097,0.478697,-0.411635,-0.463460,0.234961,-0.234961,0.234961,-0.234961,0.198521,-0.184867,0.151415,-0.287139,0.529110,0.172487
6.242000,0.864361,6.583040,0.593700,-1.982302,0.235621,0.000000,3.023972,0.600000,0.357593,6.434378,0.450000,-1.977946,0.245375,-0.446201,0.493872,6.481309,0.466017,-2.407076,0.372512,0.025403,0.401545,0.401545,-0.395455,-0.395455,0.350883,0.482454,-0.401050,-0.467741,0.234966,-0.234966,0.234966,-0.234966,0.197937,-0.195457,0.157436,-0.280658,0.526761,0.176002
6.254000,0.840566,6.585778,0.593700,-1.983218,0.220595,0.000000,3.031173,0.600000,0.333850,6.437233,0.450000,-1.979151,0.230471,-0.470201,0.465178,6.485605,0.465657,-2.403803,0.373746,-0.018895,0.401545,0.401545,-0.395455,-0.395455,0.349629,0.481757,-0.395483,-0.472133,0.234967,-0.234967,0.234967,-0.234967,0.203306,-0.191852,0.168125,-0.269595,0.525856,0.177223
6.266000,0.816712,6.588368,0.593700,-1.988977,0.208823,0.000000,3.038364,0.600000,0.310072,6.439926,0.450000,-1.983295,0.218721,-0.470201,0.435790,6.490721,0.465805,-2.433485,0.368726,0.064290,0.401545,0.401545,-0.395455,-0.395455,0.344227,0.468964,-0.397446,-0.483341,0.234964,-0.234964,0.234964,-0.234964,0.204551,-0.191333,0.172380,-0.265236,0.516328,0.173689
6.278000,0.792835,6.590788,0.593700,-1.990484,0.194544,0.000000,3.045434,0.600000,0.286260,6.442485,0.450000,-1.985341,0.206881,-0.494201,0.406405,6.495251,0.466419,-2.443904,0.359038,0.062090,0.401545,0.401545,-0.395455,-0.395455,0.338039,0.448459,-0.402624,-0.499713,0.234960,-0.234960,0.234960,-0.234960,0.205977,-0.190520,0.174559,-0.262892,0.500773,0.171524
6.290000,0.768941,6.593039,0.593700,-1.991812,0.180678,0.000000,3.052318,0.600000,0.262424,6.444868,0.450000,-1.987238,0.190677,-0.500000,0.378077,6.499396,0.466771,-2.417810,0.335725,0.043408,0.401545,0.401545,-0.395455,-0.395455,0.332191,0.423042,-0.408369,-0.510365,0.234956,-0.234956,0.234956,-0.234956,0.206760,-0.190042,0.176281,-0.260930,0.483021,0.169620
6.302000,0.745032,6.595125,0.593700,-1.992993,0.167198,0.000000,3.059049,0.600000,0.238568,6.447069,0.450000,-1.988643,0.176353,-0.500000,0.351860,6.503073,0.466714,-2.310071,0.300154,0.028313,0.401545,0.401545,-0.395455,-0.395455,0.327087,0.397283,-0.414160,-0.517466,0.234951,-0.234951,0.234951,-0.234951,0.206646,-0.189931,0.178096,-0.258584,0.464835,0.167785
6.314000,0.721110,6.597052,0.593700,-1.994056,0.153990,0.000000,3.065658,0.600000,0.214697,6.449104,0.450000,-1.989819,0.162822,-0.500000,0.326127,6.506466,0.466117,-2.215328,0.269787,-0.012166,0.401545,0.401545,-0.395455,-0.395455,0.323005,0.373681,-0.419882,-0.522948,0.234947,-0.234947,0.234947,-0.234947,0.206233,-0.190500,0.179507,-0.257211,0.448097,0.166684
6.326000,0.697175,6.598822,0.593700,-1.995012,0.141007,0.000000,3.072159,0.600000,0.190813,6.450978,0.450000,-1.990858,0.149656,-0.496929,0.300494,6.509439,0.465003,-2.165186,0.243998,-0.061231,0.401545,0.401545,-0.395455,-0.395455,0.316538,0.351320,-0.426549,-0.530689,0.234943,-0.234943,0.234943,-0.234943,0.205907,-0.190831,0.181418,-0.255845,0.430763,0.166348
6.338000,0.673230,6.600437,0.593700,-1.995874,0.128176,0.000000,3.078584,0.600000,0.166917,6.452697,0.450000,-1.991786,0.136727,-0.478060,0.275069,6.512221,0.463786,-2.132096,0.225673,-0.081352,0.401545,0.401545,-0.395455,-0.395455,0.306653,0.329114,-0.434042,-0.542609,0.234939,-0.234939,0.234939,-0.234939,0.206009,-0.191062,0.183791,-0.254784,0.412421,0.166530
6.350000,0.649275,6.601899,0.593700,-1.996651,0.115433,0.000000,3.084962,0.600000,0.143010,6.454260,0.450000,-1.992621,0.123935,-0.454060,0.249824,6.514849,0.462210,-2.089263,0.209695,-0.091180,0.401545,0.401545,-0.395455,-0.395455,0.292597,0.307579,-0.441950,-0.559486,0.234935,-0.234935,0.234935,-0.234935,0.206955,-0.191402,0.186465,-0.253836,0.393493,0.167162
6.362000,0.625311,6.603208,0.593700,-1.997344,0.102748,0.000000,3.091310,0.600000,0.119094,6.455671,0.450000,-1.993371,0.111226,-0.456668,0.224947,6.517303,0.460729,-2.018862,0.189627,-0.082477,0.401545,0.401545,-0.395455,-0.395455,0.276141,0.287390,-0.448976,-0.577462,0.234932,-0.234932,0.234932,-0.234932,0.209253,-0.191841,0.188941,-0.253122,0.375978,0.168305
6.374000,0.601339,6.604365,0.593700,-1.997954,0.090142,0.000000,3.097606,0.600000,0.095170,6.456930,0.450000,-1.994037,0.098586,-0.480668,0.200787,6.519546,0.459353,-1.933646,0.166108,-0.076254,0.401545,0.401545,-0.395455,-0.395455,0.261730,0.267147,-0.453020,-0.589086,0.234928,-0.234928,0.234928,-0.234928,0.212979,-0.192263,0.190836,-0.252826,0.362167,0.170092
6.386000,0.577360,6.605372,0.593700,-1.998478,0.077724,0.000000,3.103796,0.600000,0.071238,6.458038,0.450000,-1.994619,0.086071,-0.500000,0.177639,6.521539,0.458392,-1.825004,0.137268,-0.028821,0.401545,0.401545,-0.395455,-0.395455,0.254804,0.247438,-0.453174,-0.587170,0.234925,-0.234925,0.234925,-0.234925,0.216975,-0.193024,0.191633,-0.252487,0.354261,0.172408
6.398000,0.553376,6.606231,0.593700,-1.998915,0.065605,0.000000,3.109826,0.600000,0.047300,6.459002,0.450000,-1.994976,0.075286,-0.500000,0.155675,6.523120,0.458213,-1.723873,0.107110,0.040520,0.401545,0.401545,-0.395455,-0.395455,0.258258,0.231026,-0.450314,-0.569667,0.234922,-0.234922,0.234922,-0.234922,0.220723,-0.194099,0.191537,-0.250811,0.354282,0.175591
6.410000,0.529387,6.606948,0.593700,-1.999266,0.053872,0.000000,3.115657,0.600000,0.023360,6.459860,0.450000,-1.994942,0.068165,-0.500000,0.134668,6.524426,0.459123,-1.694671,0.083866,0.137629,0.401545,0.401545,-0.395455,-0.395455,0.269684,0.215596,-0.446062,-0.542281,0.234919,-0.234919,0.234919,-0.234919,0.224347,-0.195179,0.190752,-0.247643,0.356173,0.179053
6.422000,0.505394,6.607526,0.593700,-1.999536,0.042643,0.000000,3.121228,0.600000,-0.000578,6.460644,0.450000,-1.994711,0.062731,-0.500000,0.114314,6.525369,0.460974,-1.635298,0.052742,0.211552,0.401545,0.401545,-0.395455,-0.395455,0.288546,0.200966,-0.442006,-0.510702,0.234916,-0.234916,0.234916,-0.234916,0.227333,-0.196245,0.189514,-0.241998,0.354331,0.182294
6.432000,0.485397,6.607908,0.593700,-1.999707,0.033718,0.000000,3.125647,0.600000,-0.020524,6.461250,0.450000,-1.994475,0.058381,-0.500000,0.098317,6.525831,0.463417,-1.584230,0.024669,0.292305,0.401545,0.401545,-0.395455,-0.395455,0.309958,0.190815,-0.438828,-0.483947,0.234913,-0.234913,0.234913,-0.234913,0.229996,-0.197177,0.188091,-0.235678,0.350497,0.184258
6.444000,0.461400,6.608251,0.593700,-1.999852,0.023620,0.000000,3.130638,0.600000,-0.044457,6.461912,0.450000,-1.994343,0.051188,-0.500000,0.079393,6.526155,0.467178,-1.534527,0.003177,0.343798,0.401545,0.401545,-0.395455,-0.395455,0.339301,0.179667,-0.435294,-0.455288,0.234910,-0.234910,0.234910,-0.234910,0.233347,-0.198333,0.185959,-0.226045,0.338739,0.184404
6.456000,0.437401,6.608478,0.593700,-1.999940,0.014273,0.000000,3.135244,0.600000,-0.068390,6.462456,0.450000,-1.994729,0.038284,-0.500000,0.061066,6.526174,0.471410,-1.502551,-0.024078,0.365894,0.401545,0.401545,-0.395455,-0.395455,0.369987,0.171234,-0.431798,-0.431646,0.234908,-0.234908,0.234908,-0.234908,0.236131,-0.199796,0.183078,-0.215266,0.323763,0.181445
6.468000,0.413402,6.608597,0.593700,-1.999981,0.005778,0.000000,3.139425,0.600000,-0.092333,6.462800,0.450000,-1.995792,0.018663,-0.500000,0.042922,6.525956,0.475679,-1.508501,-0.041076,0.341690,0.401545,0.401545,-0.395455,-0.395455,0.397123,0.165672,-0.428548,-0.416024,0.234905,-0.234905,0.234905,-0.234905,0.237627,-0.201428,0.179722,-0.203134,0.309811,0.174886
6.480000,0.389402,6.608620,0.593700,-1.999986,-0.001950,0.000000,3.143231,0.600000,-0.116287,6.462936,0.450000,-1.996321,0.005194,-0.500000,0.024805,6.525494,0.479484,-1.520247,-0.059674,0.297772,0.401545,0.401545,-0.395455,-0.395455,0.416964,0.162290,-0.425411,-0.409249,0.234902,-0.234902,0.234902,-0.234902,0.237378,-0.203445,0.175480,-0.189441,0.299369,0.165797
6.492000,0.365402,6.608554,0.593700,-1.999940,-0.008838,0.000000,3.146626,0.600000,-0.140243,6.462943,0.450000,-1.996434,-0.003570,-0.500000,0.006474,6.524810,0.482708,-1.535905,-0.074972,0.244271,0.401545,0.401545,-0.395455,-0.395455,0.427934,0.161641,-0.421694,-0.410112,0.234900,-0.234900,0.234900,-0.234900,0.235904,-0.205516,0.170955,-0.174285,0.294048,0.156697
6.504000,0.341403,6.608411,0.593700,-1.999885,-0.014762,0.000000,3.149501,0.600000,-0.164200,6.462857,0.450000,-1.996420,-0.010456,-0.500000,-0.012164,6.524241,0.485369,-1.563275,-0.072274,0.190056,0.401545,0.401545,-0.395455,-0.395455,0.429689,0.162422,-0.417504,-0.417754,0.234898,-0.234898,0.234898,-0.234898,0.233326,-0.207825,0.165677,-0.159373,0.291890,0.149014
6.516000,0.317405,6.608205,0.593700,-1.999819,-0.019457,0.000000,3.151741,0.600000,-0.188157,6.462697,0.450000,-1.996371,-0.016027,-0.500000,-0.031097,6.523454,0.487394,-1.603177,-0.087589,0.145260,0.401545,0.401545,-0.395455,-0.395455,0.424087,0.164435,-0.413338,-0.431710,0.234895,-0.234895,0.234895,-0.234895,0.228546,-0.211064,0.158830,-0.146839,0.292845,0.144499
6.528000,0.293408,6.607950,0.593700,-1.999748,-0.022729,0.000000,3.153251,0.600000,-0.212113,6.462478,0.450000,-1.996304,-0.020250,-0.500000,-0.050368,6.522499,0.488756,-1.614786,-0.104944,0.096466,0.401545,0.401545,-0.395455,-0.395455,0.413881,0.167252,-0.410547,-0.450228,0.234893,-0.234893,0.234893,-0.234893,0.223522,-0.214351,0.151455,-0.135821,0.294653,0.142608
6.540000,0.269415,6.607672,0.593700,-1.998826,-0.023188,0.000000,3.153936,0.600000,-0.236067,6.462219,0.450000,-1.995844,-0.022395,-0.500000,-0.069732,6.520001,0.489916,-1.598958,-0.202672,0.106787,0.401545,0.401545,-0.395455,-0.395455,0.403792,0.171138,-0.409583,-0.464012,0.234891,-0.234891,0.234891,-0.234891,0.222707,-0.215253,0.146442,-0.133249,0.299105,0.146686
6.552000,0.245428,6.607392,0.593700,-1.998888,-0.023008,0.000000,3.153777,0.600000,-0.260015,6.461945,0.450000,-1.995537,-0.023026,-0.500000,-0.088323,6.520060,0.491525,-1.585138,-0.094271,0.193243,0.401545,0.401545,-0.395455,-0.395455,0.393697,0.177698,-0.408475,-0.469027,0.234889,-0.234889,0.234889,-0.234889,0.217932,-0.219107,0.138045,-0.136869,0.300670,0.144448
6.564000,0.221432,6.607110,0.593700,-1.999850,-0.022720,0.000000,3.152747,0.600000,-0.283965,6.461666,0.450000,-1.996111,-0.023252,-0.500000,-0.107308,6.518150,0.494164,-1.581561,-0.126063,0.231596,0.401545,0.401545,-0.395455,-0.395455,0.377763,0.189330,-0.406315,-0.468310,0.234887,-0.234887,0.234887,-0.234887,0.207266,-0.226710,0.126430,-0.149976,0.309737,0.148057
6.576000,0.197433,6.606854,0.593700,-1.999861,-0.019737,0.000000,3.151203,0.600000,-0.307920,6.461396,0.450000,-1.996305,-0.021409,-0.494948,-0.125831,6.516157,0.497614,-1.585334,-0.153712,0.249340,0.401545,0.401545,-0.395455,-0.395455,0.366183,0.203280,-0.403375,-0.464010,0.234885,-0.234885,0.234885,-0.234885,0.201848,-0.232293,0.121398,-0.155562,0.318745,0.142479
6.588000,0.173435,6.606637,0.593700,-1.999759,-0.016442,0.000000,3.149631,0.600000,-0.331876,6.461156,0.450000,-1.996316,-0.018528,-0.470948,-0.144919,6.515618,0.499636,-1.625816,-0.084036,0.108242,0.401545,0.401545,-0.395455,-0.395455,0.356855,0.216215,-0.400231,-0.457800,0.234883,-0.234883,0.234883,-0.234883,0.200199,-0.238392,0.119528,-0.158055,0.326439,0.140180
6.600000,0.149439,6.606458,0.593700,-1.999697,-0.013473,0.000000,3.148222,0.600000,-0.355831,6.460952,0.450000,-1.996238,-0.015461,-0.447355,-0.172398,6.514455,0.502120,-1.943505,-0.112599,0.056637,0.401545,0.401545,-0.395455,-0.395455,0.347921,0.226420,-0.396966,-0.451357,0.234881,-0.234881,0.234881,-0.234881,0.194725,-0.244945,0.119111,-0.159280,0.331504,0.136121
6.612000,0.125442,6.606311,0.593700,-1.999743,-0.011093,0.000000,3.147033,0.600000,-0.379786,6.460783,0.450000,-1.996234,-0.012766,-0.423355,-0.198545,6.511790,0.506259,-2.088201,-0.157150,0.032496,0.401545,0.401545,-0.395455,-0.395455,0.337248,0.233407,-0.393850,-0.445164,0.234880,-0.234880,0.234880,-0.234880,0.186835,-0.249931,0.119639,-0.159114,0.334674,0.131020
6.624000,0.101445,6.606190,0.593700,-1.999818,-0.009300,0.000000,3.146147,0.600000,-0.403741,6.460644,0.450000,-1.996285,-0.010588,-0.400109,-0.223023,6.509014,0.509679,-2.082652,-0.180243,0.019319,0.401545,0.401545,-0.395455,-0.395455,0.326538,0.232331,-0.396465,-0.440409,0.234878,-0.234878,0.234878,-0.234878,0.179083,-0.251865,0.120588,-0.158293,0.333732,0.126338
6.636000,0.077447,6.606086,0.593700,-1.999868,-0.008153,0.000000,3.145611,0.600000,-0.427697,6.460527,0.450000,-1.996344,-0.009013,-0.376109,-0.241343,6.506340,0.510471,-1.773920,-0.200539,-0.090654,0.401545,0.401545,-0.395455,-0.395455,0.320944,0.223358,-0.407019,-0.438778,0.234876,-0.234876,0.234876,-0.234876,0.173086,-0.251780,0.121606,-0.157315,0.328065,0.123242
6.648000,0.053449,6.605992,0.593700,-1.999775,-0.007699,0.000000,3.145472,0.600000,-0.451653,6.460425,0.450000,-1.996301,-0.008078,-0.352927,-0.261306,6.503559,0.510437,-1.725433,-0.225335,-0.151851,0.401545,0.401545,-0.395455,-0.395455,0.319673,0.207012,-0.424655,-0.440231,0.234875,-0.234875,0.234875,-0.234875,0.167686,-0.248511,0.123137,-0.156064,0.322140,0.120004
6.660000,0.029452,6.605898,0.593700,-1.999717,-0.008057,0.000000,3.145739,0.600000,-0.475608,6.460330,0.450000,-1.996265,-0.007916,-0.366401,-0.281935,6.501044,0.508529,-1.744112,-0.221117,-0.232564,0.401545,0.401545,-0.395455,-0.395455,0.319912,0.183063,-0.449546,-0.443142,0.234873,-0.234873,0.234873,-0.234873,0.163338,-0.241525,0.127780,-0.155032,0.312977,0.118629
6.672000,0.005456,6.605794,0.593700,-1.999666,-0.009333,0.000000,3.146473,0.600000,-0.499563,6.460232,0.450000,-1.996211,-0.008578,-0.390401,-0.303523,6.498540,0.506546,-1.785851,-0.226257,-0.224964,0.401545,0.401545,-0.395455,-0.395455,0.320711,0.152533,-0.479878,-0.447923,0.234872,-0.234872,0.234872,-0.234872,0.158437,-0.231179,0.136845,-0.154805,0.299478,0.119202
6.682000,-0.014541,6.605692,0.593700,-1.999674,-0.011248,0.000000,3.147497,0.600000,-0.519525,6.460140,0.450000,-1.996193,-0.009886,-0.410401,-0.322056,6.496392,0.505236,-1.789517,-0.235459,-0.197586,0.401545,0.401545,-0.395455,-0.395455,0.322332,0.128960,-0.504541,-0.452251,0.234871,-0.234871,0.234871,-0.234871,0.154120,-0.219528,0.147703,-0.155140,0.289013,0.121057
6.694000,-0.038537,6.605538,0.593700,-1.999757,-0.014697,0.000000,3.149284,0.600000,-0.543479,6.460007,0.450000,-1.996219,-0.012499,-0.434401,-0.344227,6.493381,0.505073,-1.750635,-0.263994,-0.097083,0.401545,0.401545,-0.395455,-0.395455,0.326315,0.113638,-0.527074,-0.455881,0.234869,-0.234869,0.234869,-0.234869,0.147707,-0.202707,0.164750,-0.156262,0.288134,0.124550
6.706000,-0.062535,6.605334,0.593700,-1.999814,-0.019453,0.000000,3.151753,0.600000,-0.567435,6.459835,0.450000,-1.996300,-0.016376,-0.458401,-0.365644,6.490604,0.504470,-1.715722,-0.236470,-0.133396,0.401545,0.401545,-0.395455,-0.395455,0.331334,0.117495,-0.540935,-0.455851,0.234868,-0.234868,0.234868,-0.234868,0.141262,-0.181706,0.185289,-0.157001,0.304091,0.130419
6.718000,-0.086532,6.605065,0.593700,-1.999734,-0.025661,0.000000,3.154991,0.600000,-0.591390,6.459608,0.450000,-1.996281,-0.021595,-0.456586,-0.386611,6.487908,0.502885,-1.729029,-0.231677,-0.153412,0.401545,0.401545,-0.395455,-0.395455,0.336005,0.138351,-0.550866,-0.453282,0.234867,-0.234867,0.234867,-0.234867,0.133750,-0.158857,0.202187,-0.158923,0.334247,0.135576
6.730000,-0.110528,6.604711,0.593700,-1.999614,-0.033534,0.000000,3.159071,0.600000,-0.615345,6.459310,0.450000,-1.996197,-0.028353,-0.432586,-0.407793,6.485098,0.502018,-1.765424,-0.227190,-0.091634,0.401545,0.401545,-0.395455,-0.395455,0.339644,0.168456,-0.559390,-0.449945,0.234866,-0.234866,0.234866,-0.234866,0.125943,-0.136096,0.214924,-0.160635,0.376827,0.137983
6.742000,-0.134523,6.604253,0.593700,-1.999399,-0.043195,0.000000,3.164057,0.600000,-0.639299,6.458921,0.450000,-1.996038,-0.036800,-0.408586,-0.429327,6.482362,0.501409,-1.799708,-0.223689,-0.045516,0.401545,0.401545,-0.395455,-0.395455,0.342477,0.203559,-0.563986,-0.446365,0.234864,-0.234864,0.234864,-0.234864,0.117807,-0.114618,0.222342,-0.162173,0.427460,0.137409
6.754000,-0.158514,6.603667,0.593700,-1.999110,-0.054700,0.000000,3.169976,0.600000,-0.663250,6.458423,0.450000,-1.995777,-0.046131,-0.384586,-0.451197,6.479512,0.501500,-1.820394,-0.222741,-0.009195,0.401545,0.401545,-0.395455,-0.395455,0.344126,0.241684,-0.562034,-0.443043,0.234863,-0.234863,0.234863,-0.234863,0.109821,-0.095288,0.224767,-0.162971,0.483228,0.122656
6.766000,-0.182501,6.602932,0.593700,-1.998675,-0.068170,0.000000,3.176865,0.600000,-0.687197,6.457810,0.450000,-1.995389,-0.056167,-0.360586,-0.472992,6.476677,0.501889,-1.817805,-0.223018,0.001674,0.401545,0.401545,-0.395455,-0.395455,0.345094,0.282822,-0.551731,-0.440178,0.234866,-0.234866,0.234866,-0.234866,0.101795,-0.079153,0.222620,-0.163441,0.531933,0.109067
6.778000,-0.206481,6.602026,0.593700,-1.998065,-0.083010,0.000000,3.184375,0.600000,-0.711138,6.457078,0.450000,-1.994866,-0.065763,-0.336586,-0.494526,6.473790,0.502167,-1.806338,-0.231797,-0.021556,0.401545,0.401545,-0.395455,-0.395455,0.345913,0.325902,-0.534501,-0.437732,0.234884,-0.234884,0.234884,-0.234884,0.093776,-0.067316,0.217129,-0.163662,0.543157,0.097932
6.790000,-0.230453,6.600938,0.593700,-1.997267,-0.098388,0.000000,3.192134,0.600000,-0.735073,6.456235,0.450000,-1.994267,-0.074499,-0.312586,-0.516014,6.470742,0.502240,-1.817532,-0.245699,-0.051426,0.401545,0.401545,-0.395455,-0.395455,0.347151,0.368932,-0.513775,-0.435417,0.234919,-0.234919,0.234919,-0.234919,0.085857,-0.060206,0.210647,-0.163586,0.499219,0.090391
6.802000,-0.254414,6.599664,0.593700,-1.996151,-0.113924,0.000000,3.200060,0.600000,-0.759000,6.455285,0.450000,-1.993547,-0.084780,-0.311877,-0.537714,6.467321,0.500757,-1.852100,-0.280514,-0.203607,0.401545,0.401545,-0.395455,-0.395455,0.348901,0.407539,-0.494059,-0.433357,0.234970,-0.234970,0.234970,-0.234970,0.077730,-0.058383,0.204649,-0.164100,0.435097,0.087217
6.814000,-0.278367,6.598200,0.593700,-1.995708,-0.130066,0.000000,3.208119,0.600000,-0.782920,6.454195,0.450000,-1.993173,-0.096949,-0.335877,-0.560941,6.464318,0.498141,-1.968534,-0.280528,-0.202710,0.401545,0.401545,-0.395455,-0.395455,0.348466,0.435535,-0.487588,-0.434026,0.235042,-0.235042,0.235042,-0.235042,0.067138,-0.065544,0.202962,-0.167325,0.394259,0.086460
6.826000,-0.302308,6.596540,0.593700,-1.994179,-0.146835,0.000000,3.216322,0.600000,-0.806836,6.452971,0.450000,-1.992665,-0.106406,-0.333066,-0.584924,6.460621,0.496329,-2.034978,-0.286993,-0.151208,0.401545,0.401545,-0.395455,-0.395455,0.344674,0.454297,-0.473562,-0.435838,0.235132,-0.235132,0.235132,-0.235132,0.057611,-0.077067,0.202329,-0.168496,0.370188,0.089967
6.838000,-0.326230,6.594680,0.593700,-1.992907,-0.163282,0.000000,3.224673,0.600000,-0.830744,6.451644,0.450000,-1.992056,-0.114931,-0.335581,-0.609088,6.457289,0.496132,-2.053366,-0.274855,-0.042186,0.401545,0.401545,-0.395455,-0.395455,0.332230,0.469741,-0.454595,-0.437483,0.235214,-0.235214,0.235214,-0.235214,0.049671,-0.091553,0.203125,-0.167449,0.336820,0.094503
6.850000,-0.350137,6.592620,0.593700,-1.991483,-0.180014,0.000000,3.233163,0.600000,-0.854646,6.450209,0.450000,-1.991551,-0.124326,-0.344541,-0.632246,6.453333,0.495504,-2.007294,-0.297021,-0.055721,0.401545,0.401545,-0.395455,-0.395455,0.314624,0.488616,-0.433727,-0.437608,0.235295,-0.235295,0.235295,-0.235295,0.044417,-0.104277,0.205319,-0.165107,0.295869,0.097890
6.862000,-0.374026,6.590360,0.593700,-1.989974,-0.196816,0.000000,3.241718,0.600000,-0.878541,6.448660,0.450000,-1.991078,-0.133699,-0.368541,-0.655383,6.449637,0.494447,-1.983970,-0.290859,-0.064007,0.401545,0.401545,-0.395455,-0.395455,0.297417,0.500278,-0.421548,-0.437165,0.235351,-0.235351,0.235351,-0.235351,0.042836,-0.108654,0.209377,-0.160820,0.261504,0.094766
6.874000,-0.397895,6.587895,0.593700,-1.988211,-0.213983,0.000000,3.250277,0.600000,-0.902431,6.446999,0.450000,-1.990486,-0.143277,-0.392541,-0.678549,6.446409,0.493967,-1.945045,-0.265970,-0.036361,0.401545,0.401545,-0.395455,-0.395455,0.283717,0.505921,-0.414734,-0.436881,0.235384,-0.235384,0.235384,-0.235384,0.042210,-0.110523,0.212994,-0.156946,0.240302,0.092483
6.886000,-0.421743,6.585224,0.593700,-1.986318,-0.231122,0.000000,3.258835,0.600000,-0.926312,6.445218,0.450000,-1.989746,-0.153520,-0.416541,-0.701489,6.443104,0.492999,-1.940559,-0.261163,-0.045055,0.401545,0.401545,-0.395455,-0.395455,0.271668,0.506163,-0.411710,-0.436587,0.235402,-0.235402,0.235402,-0.235402,0.040717,-0.114797,0.215332,-0.154573,0.225622,0.090324
6.898000,-0.445567,6.582348,0.593700,-1.984328,-0.248205,0.000000,3.267394,0.600000,-0.950185,6.443312,0.450000,-1.988946,-0.164282,-0.440541,-0.725115,6.439815,0.491712,-2.029402,-0.265672,-0.061423,0.401545,0.401545,-0.395455,-0.395455,0.262330,0.500488,-0.412013,-0.436242,0.235416,-0.235416,0.235416,-0.235416,0.039427,-0.118862,0.217565,-0.152296,0.218412,0.088600
6.910000,-0.469366,6.579267,0.593700,-1.982157,-0.265232,0.000000,3.275953,0.600000,-0.974047,6.441272,0.450000,-1.987994,-0.176003,-0.464541,-0.749275,6.436667,0.490088,-2.109769,-0.255145,-0.078882,0.401545,0.401545,-0.395455,-0.395455,0.255106,0.490020,-0.414992,-0.436470,0.235436,-0.235436,0.235436,-0.235436,0.037759,-0.123355,0.219359,-0.150561,0.216813,0.087464
6.922000,-0.493138,6.575983,0.593700,-1.979829,-0.282179,0.000000,3.284511,0.600000,-0.997896,6.439086,0.450000,-1.986886,-0.188290,-0.488541,-0.774205,6.433592,0.488055,-2.178784,-0.236885,-0.114828,0.401545,0.401545,-0.395455,-0.395455,0.248250,0.476515,-0.419814,-0.440964,0.235476,-0.235476,0.235476,-0.235476,0.036829,-0.127555,0.221175,-0.148824,0.218949,0.086832
6.932000,-0.512926,6.573090,0.593700,-1.977782,-0.296281,0.000000,3.291643,0.600000,-1.017760,6.437152,0.450000,-1.985899,-0.198500,-0.500000,-0.796369,6.431817,0.486394,-2.258590,-0.152351,-0.120332,0.401545,0.401545,-0.395455,-0.395455,0.240678,0.463776,-0.424884,-0.449820,0.235527,-0.235527,0.235527,-0.235527,0.036844,-0.130654,0.224583,-0.147606,0.221258,0.087152
6.944000,-0.536644,6.569434,0.593700,-1.975211,-0.313152,0.000000,3.300195,0.600000,-1.041583,6.434696,0.450000,-1.984599,-0.210833,-0.500000,-0.823046,6.430029,0.483960,-2.300935,-0.135272,-0.175462,0.401545,0.401545,-0.395455,-0.395455,0.227547,0.447762,-0.433941,-0.467106,0.235607,-0.235607,0.235607,-0.235607,0.038417,-0.133555,0.228987,-0.148045,0.222441,0.087750
6.956000,-0.560330,6.565575,0.593700,-1.972474,-0.329975,0.000000,3.308695,0.600000,-1.065389,6.432092,0.450000,-1.983106,-0.223176,-0.500000,-0.850302,6.427961,0.481096,-2.314630,-0.136954,-0.189312,0.401545,0.401545,-0.395455,-0.395455,0.210572,0.430677,-0.446866,-0.490850,0.235710,-0.235710,0.235710,-0.235710,0.042670,-0.135083,0.232315,-0.150936,0.224733,0.089048
6.968000,-0.583983,6.561515,0.593700,-1.969615,-0.346608,0.000000,3.317091,0.600000,-1.089178,6.429348,0.450000,-1.981668,-0.233705,-0.500000,-0.877756,6.426027,0.478173,-2.273797,-0.126873,-0.183413,0.401545,0.401545,-0.395455,-0.395455,0.195504,0.413054,-0.460867,-0.514319,0.235824,-0.235824,0.235824,-0.235824,0.050232,-0.135802,0.235443,-0.157100,0.236606,0.093379
6.980000,-0.607601,6.557258,0.593700,-1.966668,-0.362927,0.000000,3.325328,0.600000,-1.112950,6.426489,0.450000,-1.980290,-0.242704,-0.500000,-0.904544,6.424237,0.475493,-2.155297,-0.120800,-0.164226,0.401545,0.401545,-0.395455,-0.395455,0.191137,0.396060,-0.472662,-0.526277,0.235919,-0.235919,0.235919,-0.235919,0.061108,-0.135995,0.238558,-0.167300,0.269798,0.103131
6.992000,-0.631183,6.552807,0.593700,-1.963662,-0.378832,0.000000,3.333359,0.600000,-1.136705,6.423527,0.450000,-1.978911,-0.250968,-0.500000,-0.929971,6.422597,0.473312,-2.015043,-0.119838,-0.121179,0.401545,0.401545,-0.395455,-0.395455,0.203477,0.379176,-0.478685,-0.518663,0.235968,-0.235968,0.235968,-0.235968,0.074868,-0.135883,0.241721,-0.181639,0.335110,0.119474
7.004000,-0.648846,6.549345,0.593700,0.000000,0.000000,0.000000,3.341153,0.000000,-1.160429,6.420471,0.450000,-1.970485,-0.257446,-0.500000,-0.953995,6.421005,0.472299,-1.936023,-0.125806,-0.016015,0.401545,0.401545,-0.395455,-0.395455,0.229958,0.363336,-0.479980,-0.493137,0.235969,-0.235969,0.235969,-0.235969,0.091479,-0.135550,0.245001,-0.199370,0.426964,0.140536
7.016000,-0.648846,6.549345,0.593700,0.000000,0.000000,0.000000,3.348526,0.000000,-1.183956,6.417363,0.450000,-1.951331,-0.260321,-0.496558,-0.977303,6.419914,0.472142,-1.917058,-0.088681,0.054720,0.401545,0.401545,-0.395455,-0.395455,0.262674,0.348509,-0.478363,-0.459023,0.235942,-0.235942,0.235942,-0.235942,0.110420,-0.134976,0.248563,-0.218598,0.510762,0.151397
7.028000,-0.648846,6.549345,0.593700,0.000000,0.000000,0.000000,3.355357,0.000000,-1.207285,6.414228,0.450000,-1.936874,-0.262153,-0.500000,-1.000227,6.419104,0.473332,-1.881773,-0.160720,0.159481,0.401545,0.401545,-0.395455,-0.395455,0.296162,0.334791,-0.475932,-0.425660,0.235905,-0.235905,0.235905,-0.235905,0.120419,-0.143780,0.241981,-0.247561,0.547282,0.161256
7.040000,-0.648846,6.549345,0.593700,0.000000,0.000000,0.000000,3.361598,0.000000,-1.230383,6.411062,0.450000,-1.907921,-0.266014,-0.485812,-1.022953,6.416777,0.475419,-1.865350,-0.139832,0.182303,0.401545,0.401545,-0.395455,-0.395455,0.329484,0.323875,-0.473576,-0.396974,0.235866,-0.235866,0.235866,-0.235866,0.137323,-0.143896,0.244140,-0.264803,0.533688,0.168685
7.052000,-0.648846,6.549345,0.593700,0.000000,0.000000,0.000000,3.367323,0.000000,-1.252989,6.407883,0.450000,-1.859637,-0.263839,-0.474925,-1.044930,6.415140,0.477332,-1.832831,-0.156374,0.148209,0.401563,0.401563,-0.395474,-0.395474,0.361488,0.317874,-0.470606,-0.374836,0.235829,-0.235829,0.235829,-0.235829,0.152129,-0.146118,0.245018,-0.280780,0.500329,0.169973
7.064000,-0.648846,6.549345,0.593700,0.000000,0.000000,0.000000,3.372693,0.000000,-1.275015,6.404731,0.450000,-1.811364,-0.261432,-0.463068,-1.067082,6.413064,0.478820,-1.862526,-0.148878,0.089803,0.401658,0.401658,-0.395569,-0.395569,0.388372,0.315502,-0.467998,-0.360120,0.235793,-0.235793,0.235793,-0.235793,0.167946,-0.145661,0.249349,-0.296366,0.467497,0.170244
7.076000,-0.648846,6.549345,0.593700,0.000000,0.000000,0.000000,3.377798,0.000000,-1.296461,6.401610,0.450000,-1.763104,-0.258765,-0.482782,-1.089301,6.411090,0.479374,-1.898102,-0.156861,-0.005923,0.401750,0.401750,-0.395661,-0.395661,0.409395,0.314690,-0.466308,-0.352737,0.235759,-0.235759,0.235759,-0.235759,0.182586,-0.145402,0.253583,-0.313766,0.443174,0.169881
7.088000,-0.648846,6.549345,0.593700,0.000000,0.000000,0.000000,3.382705,0.000000,-1.317329,6.398522,0.450000,-1.714864,-0.255776,-0.500000,-1.112417,6.409326,0.478948,-1.967766,-0.134256,-0.075544,0.401792,0.401792,-0.395702,-0.395702,0.423981,0.314198,-0.467069,-0.352674,0.235726,-0.235726,0.235726,-0.235726,0.195478,-0.145280,0.258764,-0.332198,0.427921,0.169740
7.100000,-0.648846,6.549345,0.593700,0.000000,0.000000,0.000000,3.387477,0.000000,-1.337618,6.395472,0.450000,-1.666647,-0.252428,-0.500000,-1.136338,6.409453,0.477032,-1.980482,-0.082344,-0.091986,0.401821,0.401821,-0.395732,-0.395732,0.432005,0.313028,-0.471170,-0.349228,0.235695,-0.235695,0.235695,-0.235695,0.199850,-0.149717,0.259146,-0.335159,0.416921,0.165289
7.112000,-0.648846,6.549345,0.593700,0.000000,0.000000,0.000000,3.392004,0.000000,-1.357402,6.392410,0.450000,-1.633856,-0.257998,-0.500000,-1.159626,6.406756,0.476090,-1.963791,-0.207585,-0.032965,0.401853,0.401853,-0.395764,-0.395764,0.437844,0.308831,-0.473955,-0.336989,0.235665,-0.235665,0.235665,-0.235665,0.193245,-0.155332,0.256393,-0.337561,0.409960,0.165999
7.124000,-0.648846,6.549345,0.593700,0.000000,0.000000,0.000000,3.396188,0.000000,-1.376817,6.389279,0.450000,-1.598457,-0.263434,-0.500000,-1.184846,6.404366,0.477005,-2.056692,-0.214010,0.052675,0.401861,0.401861,-0.395772,-0.395772,0.445592,0.302046,-0.476479,-0.322286,0.235636,-0.235636,0.235636,-0.235636,0.187566,-0.157751,0.257499,-0.337251,0.400372,0.164092
7.136000,-0.648846,6.549345,0.593700,0.000000,0.000000,0.000000,3.400018,0.000000,-1.395752,6.386078,0.450000,-1.556292,-0.268524,-0.487208,-1.207589,6.399741,0.478359,-1.939231,-0.283118,0.058655,0.401883,0.401883,-0.395794,-0.395794,0.451465,0.295085,-0.478758,-0.307711,0.235614,-0.235614,0.235614,-0.235614,0.192953,-0.152397,0.266018,-0.329970,0.394613,0.166829
7.148000,-0.648846,6.549345,0.593700,0.000000,0.000000,0.000000,3.403507,0.000000,-1.414148,6.382865,0.450000,-1.509491,-0.266419,-0.500000,-1.230505,6.396459,0.477908,-1.921644,-0.268588,-0.017635,0.401950,0.401950,-0.395861,-0.395861,0.457825,0.290564,-0.480282,-0.298295,0.235594,-0.235594,0.235594,-0.235594,0.200889,-0.144229,0.278064,-0.320077,0.388713,0.165550
7.160000,-0.648846,6.549345,0.593700,0.000000,0.000000,0.000000,3.406780,0.000000,-1.431973,6.379695,0.450000,-1.461365,-0.261951,-0.500000,-1.253685,6.393280,0.477361,-1.922395,-0.261088,-0.045135,0.402073,0.402073,-0.395983,-0.395983,0.458745,0.287492,-0.481914,-0.299248,0.235570,-0.235570,0.235570,-0.235570,0.206758,-0.137610,0.289899,-0.310191,0.384353,0.163222
7.172000,-0.648846,6.549345,0.593700,0.000000,0.000000,0.000000,3.409940,0.000000,-1.449221,6.376580,0.450000,-1.413274,-0.257116,-0.500000,-1.277140,6.390060,0.476674,-1.936308,-0.262895,-0.064082,0.402281,0.402281,-0.396192,-0.396192,0.456201,0.284463,-0.483613,-0.307051,0.235545,-0.235545,0.235545,-0.235545,0.211680,-0.132187,0.301373,-0.300557,0.382123,0.160832
7.182000,-0.648846,6.549345,0.593700,0.000000,0.000000,0.000000,3.412508,0.000000,-1.463154,6.374030,0.450000,-1.373291,-0.252919,-0.500000,-1.297496,6.387321,0.475677,-1.999156,-0.269050,-0.067231,0.402521,0.402521,-0.396432,-0.396432,0.451378,0.280537,-0.485146,-0.317446,0.235524,-0.235524,0.235524,-0.235524,0.215864,-0.127894,0.310619,-0.292629,0.380485,0.158528
7.194000,-0.648846,6.549345,0.593700,0.000000,0.000000,0.000000,3.415464,0.000000,-1.479363,6.370998,0.450000,-1.329390,-0.254158,-0.498554,-1.322239,6.384281,0.474537,-2.073639,-0.268937,-0.046877,0.402883,0.402883,-0.396793,-0.396793,0.441830,0.269762,-0.487654,-0.333407,0.235500,-0.235500,0.235500,-0.235500,0.220950,-0.122378,0.320123,-0.284095,0.369737,0.153768
7.206000,-0.648846,6.549345,0.593700,0.000000,0.000000,0.000000,3.418209,0.000000,-1.495077,6.367910,0.450000,-1.290078,-0.260439,-0.500000,-1.345889,6.381981,0.473141,-2.051122,-0.234128,-0.032881,0.403233,0.403233,-0.397144,-0.397144,0.429304,0.255974,-0.490698,-0.351791,0.235476,-0.235476,0.235476,-0.235476,0.225266,-0.117824,0.327615,-0.277231,0.353437,0.147636
7.218000,-0.648846,6.549345,0.593700,0.000000,0.000000,0.000000,3.420882,0.000000,-1.510319,6.364749,0.450000,-1.249589,-0.265998,-0.500000,-1.368843,6.379407,0.471721,-1.992273,-0.223130,-0.050464,0.403515,0.403515,-0.397426,-0.397426,0.415308,0.246280,-0.494909,-0.370617,0.235453,-0.235453,0.235453,-0.235453,0.229046,-0.115145,0.332910,-0.271619,0.342532,0.143121
7.230000,-0.648846,6.549345,0.593700,0.000000,0.000000,0.000000,3.423488,0.000000,-1.525051,6.361551,0.450000,-1.205295,-0.266186,-0.500000,-1.391578,6.376870,0.470212,-1.921206,-0.209059,-0.069024,0.403813,0.403813,-0.397724,-0.397724,0.400649,0.239371,-0.502608,-0.388921,0.235432,-0.235432,0.235432,-0.235432,0.233523,-0.113859,0.334948,-0.265800,0.336688,0.140433
7.242000,-0.648846,6.549345,0.593700,0.000000,0.000000,0.000000,3.426054,0.000000,-1.539242,6.358367,0.450000,-1.159843,-0.264369,-0.500000,-1.413907,6.374511,0.468569,-1.853524,-0.192457,-0.088306,0.404191,0.404191,-0.398101,-0.398101,0.386258,0.233699,-0.513468,-0.406550,0.235411,-0.235411,0.235411,-0.235411,0.238022,-0.114150,0.334530,-0.259788,0.335102,0.139487
7.254000,-0.648846,6.549345,0.593700,0.000000,0.000000,0.000000,3.428542,0.000000,-1.552891,6.355201,0.450000,-1.115144,-0.263680,-0.500000,-1.435747,6.372310,0.466969,-1.787166,-0.174447,-0.090319,0.404639,0.404639,-0.398550,-0.398550,0.372637,0.228547,-0.526579,-0.423643,0.235390,-0.235390,0.235390,-0.235390,0.242125,-0.116619,0.331591,-0.253839,0.337530,0.140666
7.266000,-0.648846,6.549345,0.593700,0.000000,0.000000,0.000000,3.430930,0.000000,-1.566015,6.352027,0.450000,-1.072982,-0.265217,-0.500000,-1.456925,6.370295,0.465304,-1.708172,-0.149464,-0.090356,0.405106,0.405106,-0.399017,-0.399017,0.360240,0.225720,-0.537588,-0.439774,0.235371,-0.235371,0.235371,-0.235371,0.245730,-0.122051,0.325121,-0.248002,0.346386,0.144940
7.278000,-0.648846,6.549345,0.593700,0.000000,0.000000,0.000000,3.433212,0.000000,-1.578661,6.348855,0.450000,-1.035067,-0.262875,-0.500000,-1.477240,6.368536,0.463970,-1.616736,-0.117030,-0.069083,0.405535,0.405535,-0.399446,-0.399446,0.350138,0.228730,-0.540384,-0.453046,0.235352,-0.235352,0.235352,-0.235352,0.248862,-0.131042,0.313888,-0.242116,0.365720,0.153314
7.290000,-0.648846,6.549345,0.593700,0.000000,0.000000,0.000000,3.435356,0.000000,-1.590860,6.345725,0.450000,-0.998027,-0.258680,-0.500000,-1.496639,6.367079,0.462894,-1.542824,-0.085593,-0.041198,0.405873,0.405873,-0.399784,-0.399784,0.343024,0.239560,-0.531991,-0.463141,0.235334,-0.235334,0.235334,-0.235334,0.251734,-0.143555,0.296691,-0.236096,0.396343,0.165532
7.302000,-0.648846,6.549345,0.593700,0.000000,0.000000,0.000000,3.437340,0.000000,-1.602607,6.342651,0.450000,-0.959542,-0.253612,-0.500000,-1.515289,6.365946,0.462094,-1.515404,-0.064126,-0.021906,0.406102,0.406102,-0.400013,-0.400013,0.338747,0.256626,-0.515292,-0.469726,0.235316,-0.235316,0.235316,-0.235316,0.254657,-0.159119,0.273124,-0.229828,0.432838,0.179944
7.314000,-0.648846,6.549345,0.593700,0.000000,0.000000,0.000000,3.439307,0.000000,-1.613875,6.339644,0.450000,-0.917524,-0.247102,-0.500000,-1.533760,6.365015,0.462042,-1.521532,-0.055234,0.013551,0.406231,0.406231,-0.400141,-0.400141,0.336013,0.276078,-0.497188,-0.474650,0.235299,-0.235299,0.235299,-0.235299,0.257936,-0.177945,0.244566,-0.223276,0.464292,0.194380
7.326000,-0.648846,6.549345,0.593700,0.000000,0.000000,0.000000,3.441308,0.000000,-1.624606,6.336729,0.450000,-0.870632,-0.238599,-0.496506,-1.552247,6.364225,0.462337,-1.529511,-0.046657,0.030268,0.406312,0.406312,-0.400223,-0.400223,0.333673,0.296577,-0.481768,-0.478638,0.235283,-0.235283,0.235283,-0.235283,0.261877,-0.199858,0.213744,-0.216358,0.484642,0.207463
7.338000,-0.648846,6.549345,0.593700,0.000000,0.000000,0.000000,3.443333,0.000000,-1.634770,6.333921,0.450000,-0.823426,-0.229177,-0.480314,-1.570652,6.363669,0.462716,-1.518143,-0.029860,0.035371,0.406433,0.406433,-0.400344,-0.400344,0.331140,0.319513,-0.468595,-0.481946,0.235267,-0.235267,0.235267,-0.235267,0.266492,-0.224261,0.183698,-0.209051,0.494249,0.217988
7.350000,-0.648846,6.549345,0.593700,0.000000,0.000000,0.000000,3.445301,0.000000,-1.644370,6.331233,0.450000,-0.776520,-0.218652,-0.500000,-1.588223,6.362256,0.463682,-1.479322,-0.017492,0.071828,0.406532,0.406532,-0.400442,-0.400442,0.329145,0.347570,-0.454126,-0.484044,0.235252,-0.235252,0.235252,-0.235252,0.277379,-0.244222,0.162955,-0.196288,0.499444,0.215264
7.362000,-0.648846,6.549345,0.593700,0.000000,0.000000,0.000000,3.447036,0.000000,-1.653408,6.328677,0.450000,-0.729832,-0.207345,-0.486323,-1.606526,6.364193,0.464175,-1.498643,0.040120,0.035896,0.406559,0.406559,-0.400470,-0.400470,0.327757,0.376962,-0.437050,-0.487980,0.235237,-0.235237,0.235237,-0.235237,0.280718,-0.273277,0.140587,-0.191348,0.498276,0.209862
7.374000,-0.648846,6.549345,0.593700,0.000000,0.000000,0.000000,3.448457,0.000000,-1.661886,6.326258,0.450000,-0.683211,-0.195785,-0.500000,-1.623940,6.364555,0.464224,-1.433355,0.080787,0.004381,0.406583,0.406583,-0.400493,-0.400493,0.325136,0.408159,-0.413327,-0.493673,0.235223,-0.235223,0.235223,-0.235223,0.282296,-0.306846,0.117181,-0.188195,0.494124,0.197742
7.386000,-0.648846,6.549345,0.593700,0.000000,0.000000,0.000000,3.449575,0.000000,-1.669805,6.323978,0.450000,-0.636612,-0.184136,-0.500000,-1.640579,6.365992,0.464170,-1.393771,0.129962,-0.029998,0.406537,0.406537,-0.400447,-0.400447,0.322108,0.441710,-0.383067,-0.496751,0.235210,-0.235210,0.235210,-0.235210,0.283034,-0.333689,0.098856,-0.185648,0.493051,0.187575
7.398000,-0.648846,6.549345,0.593700,0.000000,0.000000,0.000000,3.450491,0.000000,-1.677165,6.321839,0.450000,-0.590052,-0.172334,-0.500000,-1.657084,6.367660,0.463730,-1.423254,0.161193,-0.074905,0.406420,0.406420,-0.400330,-0.400330,0.318739,0.469122,-0.356283,-0.500727,0.235196,-0.235196,0.235196,-0.235196,0.284787,-0.353547,0.082453,-0.182042,0.493039,0.176853
7.410000,-0.648846,6.549345,0.593700,0.000000,0.000000,0.000000,3.451308,0.000000,-1.683966,6.319844,0.450000,-0.543590,-0.160185,-0.500000,-1.673845,6.369747,0.462305,-1.417310,0.218988,-0.128444,0.406266,0.406266,-0.400177,-0.400177,0.313983,0.490818,-0.332637,-0.507717,0.235184,-0.235184,0.235184,-0.235184,0.287385,-0.368229,0.068381,-0.177973,0.447259,0.168059
7.422000,-0.648846,6.549345,0.593700,0.000000,0.000000,0.000000,3.452110,0.000000,-1.690211,6.317994,0.450000,-0.497892,-0.148439,-0.500000,-1.690823,6.373257,0.460427,-1.394767,0.287011,-0.128550,0.406103,0.406103,-0.400013,-0.400013,0.307710,0.500411,-0.310984,-0.514789,0.235171,-0.235171,0.235171,-0.235171,0.288001,-0.366814,0.057436,-0.174706,0.380050,0.163316
7.434000,-0.648846,6.549345,0.593700,0.000000,0.000000,0.000000,3.453037,0.000000,-1.696012,6.316251,0.450000,-0.470429,-0.142403,-0.500000,-1.706527,6.374683,0.459451,-1.349858,0.229205,-0.070586,0.405944,0.405944,-0.399855,-0.399855,0.301892,0.511736,-0.303820,-0.521275,0.235160,-0.235160,0.235160,-0.235160,0.293698,-0.361007,0.062174,-0.166263,0.370982,0.166219
7.446000,-0.648846,6.549345,0.593700,0.000000,0.000000,0.000000,3.453992,0.000000,-1.701476,6.314588,0.450000,-0.439352,-0.134403,-0.500000,-1.721971,6.377395,0.458439,-1.303110,0.243151,-0.046382,0.405792,0.405792,-0.399702,-0.399702,0.298160,0.519735,-0.300326,-0.523935,0.235148,-0.235148,0.235148,-0.235148,0.303896,-0.351209,0.067803,-0.154475,0.360458,0.168761
7.456000,-0.648846,6.549345,0.593700,0.000000,0.000000,0.000000,3.454807,0.000000,-1.705748,6.313275,0.450000,-0.417620,-0.128900,-0.495149,-1.734655,6.379839,0.458249,-1.252097,0.192878,0.038827,0.405668,0.405668,-0.399579,-0.399579,0.295105,0.517807,-0.304742,-0.526548,0.235139,-0.235139,0.235139,-0.235139,0.314194,-0.341703,0.080022,-0.142246,0.371324,0.176138
7.468000,-0.648846,6.549345,0.593700,0.000000,0.000000,0.000000,3.455819,0.000000,-1.710696,6.311739,0.450000,-0.407361,-0.127264,-0.500000,-1.749489,6.382024,0.458950,-1.204996,0.127928,0.100587,0.405525,0.405525,-0.399435,-0.399435,0.293026,0.506904,-0.315215,-0.532163,0.235128,-0.235128,0.235128,-0.235128,0.324199,-0.332751,0.092207,-0.129715,0.390969,0.185223
7.480000,-0.648846,6.549345,0.593700,0.000000,0.000000,0.000000,3.456806,0.000000,-1.715470,6.310239,0.450000,-0.385154,-0.121555,-0.500000,-1.763867,6.383657,0.460164,-1.197174,0.076734,0.122020,0.405386,0.405386,-0.399296,-0.399296,0.291625,0.493413,-0.326852,-0.540314,0.235118,-0.235118,0.235118,-0.235118,0.332602,-0.325052,0.102029,-0.119359,0.410392,0.182640
7.492000,-0.648846,6.549345,0.593700,0.000000,0.000000,0.000000,3.457685,0.000000,-1.719879,6.308843,0.450000,-0.348307,-0.110685,-0.500000,-1.777866,6.384886,0.461563,-1.185134,0.041912,0.132414,0.405251,0.405251,-0.399162,-0.399162,0.289644,0.480007,-0.339112,-0.551557,0.235108,-0.235108,0.235108,-0.235108,0.340058,-0.318727,0.110332,-0.110761,0.427653,0.178730
7.504000,-0.648846,6.549345,0.593700,0.000000,0.000000,0.000000,3.458423,0.000000,-1.723800,6.307593,0.450000,-0.304260,-0.097241,-0.500000,-1.791004,6.386619,0.463094,-1.128957,0.052098,0.127344,0.405122,0.405122,-0.399033,-0.399033,0.286621,0.465856,-0.351965,-0.561788,0.235098,-0.235098,0.235098,-0.235098,0.346386,-0.312967,0.117463,-0.103314,0.445758,0.174558
7.516000,-0.648846,6.549345,0.593700,0.000000,0.000000,0.000000,3.459025,0.000000,-1.727176,6.306512,0.450000,-0.258421,-0.082993,-0.500000,-1.803084,6.387574,0.464509,-1.033842,0.031341,0.101388,0.404997,0.404997,-0.398907,-0.398907,0.284745,0.451810,-0.365255,-0.567758,0.235089,-0.235089,0.235089,-0.235089,0.349749,-0.308196,0.123174,-0.098373,0.463804,0.171859
7.528000,-0.648846,6.549345,0.593700,0.000000,0.000000,0.000000,3.459507,0.000000,-1.730002,6.305602,0.450000,-0.212640,-0.068564,-0.500000,-1.814564,6.388199,0.465507,-0.948333,0.016775,0.070549,0.404876,0.404876,-0.398787,-0.398787,0.283409,0.438154,-0.378680,-0.569188,0.235080,-0.235080,0.235080,-0.235080,0.350754,-0.303000,0.129265,-0.096756,0.464846,0.170756
7.540000,-0.648846,6.549345,0.593700,0.000000,0.000000,0.000000,3.459900,0.000000,-1.732279,6.304867,0.450000,-0.166890,-0.054039,-0.500000,-1.824786,6.388706,0.466238,-0.829330,0.006849,0.048985,0.404760,0.404760,-0.398670,-0.398670,0.283110,0.425014,-0.391762,-0.567209,0.235071,-0.235071,0.235071,-0.235071,0.349701,-0.298223,0.134979,-0.097663,0.459222,0.171158
7.552000,-0.648846,6.549345,0.593700,0.000000,0.000000,0.000000,3.460250,0.000000,-1.734008,6.304306,0.450000,-0.121168,-0.039422,-0.500000,-1.834535,6.388769,0.466629,-0.740246,-0.010727,0.028138,0.404647,0.404647,-0.398558,-0.398558,0.285830,0.412784,-0.403095,-0.560753,0.235063,-0.235063,0.235063,-0.235063,0.346646,-0.294197,0.139929,-0.101110,0.457779,0.173035
7.564000,-0.648846,6.549345,0.593700,0.000000,0.000000,0.000000,3.460599,0.000000,-1.735187,6.303921,0.450000,-0.075489,-0.024677,-0.500000,-1.843325,6.388689,0.466863,-0.657418,-0.025633,0.022275,0.404539,0.404539,-0.398449,-0.398449,0.292825,0.401921,-0.413365,-0.548880,0.235055,-0.235055,0.235055,-0.235055,0.341322,-0.291009,0.144234,-0.107709,0.462064,0.176659
7.576000,-0.648846,6.549345,0.593700,0.000000,0.000000,0.000000,3.460948,0.000000,-1.735820,6.303714,0.450000,-0.030250,-0.009917,-0.500000,-1.851053,6.388387,0.467101,-0.572928,-0.041306,0.029160,0.404434,0.404434,-0.398345,-0.398345,0.304610,0.392635,-0.422119,-0.531348,0.235047,-0.235047,0.235047,-0.235047,0.333586,-0.288587,0.147833,-0.117709,0.472414,0.182310
7.588000,-0.648846,6.549345,0.593700,0.000000,0.000000,0.000000,3.461297,0.000000,-1.736019,6.303649,0.450000,-0.007632,-0.002501,-0.500000,-1.857785,6.387861,0.467470,-0.502068,-0.057144,0.042998,0.404333,0.404333,-0.398244,-0.398244,0.320529,0.384625,-0.429222,-0.509361,0.235039,-0.235039,0.235039,-0.235039,0.323907,-0.286725,0.150953,-0.130804,0.487620,0.190047
7.600000,-0.648846,6.549345,0.593700,0.000000,0.000000,0.000000,3.461640,0.000000,-1.736068,6.303633,0.450000,-0.001899,-0.000622,-0.500000,-1.863741,6.387122,0.468039,-0.448330,-0.072481,0.059293,0.404236,0.404236,-0.398146,-0.398146,0.338668,0.377681,-0.434774,-0.484990,0.235032,-0.235032,0.235032,-0.235032,0.313167,-0.285200,0.153783,-0.146263,0.504681,0.199528
7.612000,-0.648846,6.549345,0.593700,0.000000,0.000000,0.000000,3.461982,0.000000,-1.736081,6.303629,0.450000,-0.000472,-0.000155,-0.500000,-1.869160,6.386166,0.468832,-0.412008,-0.089742,0.074748,0.404142,0.404142,-0.398052,-0.398052,0.357060,0.371599,-0.438817,-0.460523,0.235025,-0.235025,0.235025,-0.235025,0.302173,-0.283854,0.156430,-0.162976,0.519976,0.209878
7.624000,-0.648846,6.549345,0.593700,0.000000,0.000000,0.000000,3.462287,0.000000,-1.736084,6.303628,0.450000,-0.000118,-0.000038,-0.500000,-1.874245,6.384977,0.469823,-0.389549,-0.110635,0.085680,0.404051,0.404051,-0.397961,-0.397961,0.374138,0.366154,-0.441574,-0.437907,0.235018,-0.235018,0.235018,-0.235018,0.291535,-0.282605,0.158918,-0.179596,0.530356,0.219689
7.636000,-0.648846,6.549345,0.593700,0.000000,0.000000,0.000000,3.462467,0.000000,-1.736085,6.303627,0.450000,-0.000029,-0.000010,-0.500000,-1.877998,6.383335,0.471054,-0.320662,-0.141792,0.108013,0.403963,0.403963,-0.397874,-0.397874,0.389558,0.361930,-0.443464,-0.417587,0.235012,-0.235012,0.235012,-0.235012,0.282753,-0.281441,0.161789,-0.193556,0.534865,0.216691
7.648000,-0.648846,6.549345,0.593700,0.000000,0.000000,0.000000,3.462629,0.000000,-1.736085,6.303627,0.450000,-0.000007,-0.000002,-0.500000,-1.882427,6.381783,0.472409,-0.334612,-0.153226,0.104751,0.403879,0.403879,-0.397789,-0.397789,0.401610,0.357912,-0.445021,-0.400966,0.235006,-0.235006,0.235006,-0.235006,0.276506,-0.280349,0.164336,-0.203974,0.532469,0.210252
7.660000,-0.648846,6.549345,0.593700,0.000000,0.000000,0.000000,3.462742,0.000000,-1.736085,6.303627,0.450000,-0.000002,-0.000001,-0.500000,-1.886623,6.379911,0.473635,-0.314756,-0.171755,0.091759,0.403797,0.403797,-0.397708,-0.397708,0.411315,0.353878,-0.446194,-0.386320,0.235000,-0.235000,0.235000,-0.235000,0.271098,-0.279951,0.165860,-0.213102,0.524748,0.202961
7.672000,-0.648846,6.549345,0.593700,0.000000,0.000000,0.000000,3.462776,0.000000,-1.736085,6.303627,0.450000,-0.000000,-0.000000,-0.500000,-1.890396,6.377924,0.474701,-0.288079,-0.183136,0.070487,0.403718,0.403718,-0.397629,-0.397629,0.419956,0.350190,-0.446663,-0.372789,0.234994,-0.234994,0.234994,-0.234994,0.267066,-0.279929,0.166923,-0.219391,0.515476,0.195832
7.684000,-0.648846,6.549345,0.593700,0.000000,0.000000,0.000000,3.462777,0.000000,-1.736085,6.303627,0.450000,-0.000000,-0.000000,-0.500000,-1.893822,6.375881,0.475433,-0.268446,-0.190762,0.034632,0.403642,0.403642,-0.397553,-0.397553,0.426537,0.347014,-0.446716,-0.361839,0.234988,-0.234988,0.234988,-0.234988,0.264598,-0.280603,0.167149,-0.223043,0.505962,0.189744
7.696000,-0.648846,6.549345,0.593700,0.000000,0.000000,0.000000,3.462777,0.000000,-1.736085,6.303627,0.450000,-0.000000,-0.000000,-0.500000,-1.897019,6.373680,0.475633,-0.252812,-0.202567,-0.006131,0.403569,0.403569,-0.397480,-0.397480,0.430370,0.344290,-0.447241,-0.354924,0.234983,-0.234983,0.234983,-0.234983,0.263282,-0.282101,0.166430,-0.224178,0.496966,0.184926
7.706000,-0.648846,6.549345,0.593700,0.000000,0.000000,0.000000,3.462777,0.000000,-1.736085,6.303627,0.450000,-0.000000,-0.000000,-0.500000,-1.899265,6.370702,0.475395,-0.214484,-0.280801,-0.008120,0.403510,0.403510,-0.397421,-0.397421,0.431876,0.342328,-0.448946,-0.351915,0.234978,-0.234978,0.234978,-0.234978,0.264927,-0.281903,0.166684,-0.223139,0.490291,0.179857
7.718000,-0.648846,6.549345,0.593700,0.000000,0.000000,0.000000,3.462777,0.000000,-1.736085,6.303627,0.450000,-0.000000,-0.000000,-0.500000,-1.901994,6.367497,0.475386,-0.188557,-0.292111,0.013503,0.403441,0.403441,-0.397352,-0.397352,0.434222,0.339981,-0.451129,-0.350821,0.234973,-0.234973,0.234973,-0.234973,0.270853,-0.279187,0.169906,-0.219993,0.483239,0.177107
7.730000,-0.648846,6.549345,0.593700,0.000000,0.000000,0.000000,3.462777,0.000000,-1.736085,6.303627,0.450000,-0.000000,-0.000000,-0.500000,-1.904054,6.363753,0.475684,-0.159171,-0.330861,0.049676,0.403375,0.403375,-0.397286,-0.397286,0.435758,0.338143,-0.451866,-0.351316,0.234968,-0.234968,0.234968,-0.234968,0.272585,-0.277420,0.172663,-0.217419,0.484095,0.174336
7.742000,-0.648846,6.549345,0.593700,0.000000,0.000000,0.000000,3.462777,0.000000,-1.736085,6.303627,0.450000,-0.000000,-0.000000,-0.500000,-1.906031,6.359619,0.476515,-0.152435,-0.356768,0.094041,0.403311,0.403311,-0.397222,-0.397222,0.432394,0.336589,-0.452925,-0.355265,0.234963,-0.234963,0.234963,-0.234963,0.275196,-0.274472,0.176237,-0.213918,0.481437,0.171134
7.754000,-0.648846,6.549345,0.593700,0.000000,0.000000,0.000000,3.462777,0.000000,-1.736085,6.303627,0.450000,-0.000000,-0.000000,-0.500000,-1.908185,6.356875,0.477722,-0.122789,-0.297963,0.088904,0.403249,0.403249,-0.397160,-0.397160,0.428066,0.335447,-0.453455,-0.359804,0.234959,-0.234959,0.234959,-0.234959,0.271389,-0.278092,0.173447,-0.216829,0.477151,0.171262
7.766000,-0.648846,6.549345,0.593700,0.000000,0.000000,0.000000,3.462777,0.000000,-1.736085,6.303627,0.450000,-0.000000,-0.000000,-0.498310,-1.909272,6.353377,0.478570,-0.062566,-0.284043,0.068541,0.403190,0.403190,-0.397100,-0.397100,0.424639,0.334795,-0.452280,-0.362723,0.234954,-0.234954,0.234954,-0.234954,0.266012,-0.283429,0.168908,-0.221398,0.475073,0.168065
7.778000,-0.648846,6.549345,0.593700,0.000000,0.000000,0.000000,3.462777,0.000000,-1.736085,6.303627,0.450000,-0.000000,-0.000000,-0.500000,-1.909689,6.350064,0.479149,-0.021653,-0.273228,0.050549,0.403132,0.403132,-0.397043,-0.397043,0.421617,0.334283,-0.450337,-0.364595,0.234950,-0.234950,0.234950,-0.234950,0.261387,-0.288046,0.165005,-0.225365,0.473528,0.164919
7.790000,-0.648846,6.549345,0.593700,0.000000,0.000000,0.000000,3.462777,0.000000,-1.736085,6.303627,0.450000,-0.000000,-0.000000,-0.498274,-1.909207,6.347039,0.479347,0.029077,-0.261436,0.042086,0.403077,0.403077,-0.396987,-0.396987,0.418820,0.333602,-0.448206,-0.365837,0.234946,-0.234946,0.234946,-0.234946,0.257293,-0.292181,0.161247,-0.229212,0.472131,0.161855
7.802000,-0.648846,6.549345,0.593700,0.000000,0.000000,0.000000,3.462777,0.000000,-1.736085,6.303627,0.450000,-0.000000,-0.000000,-0.495883,-1.907603,6.344368,0.478894,0.101146,-0.237156,0.020738,0.403023,0.403023,-0.396934,-0.396934,0.416283,0.332951,-0.446172,-0.366575,0.234942,-0.234942,0.234942,-0.234942,0.253634,-0.295938,0.157244,-0.233234,0.470849,0.158822
7.814000,-0.648846,6.549345,0.593700,0.000000,0.000000,0.000000,3.462777,0.000000,-1.736085,6.303627,0.450000,-0.000000,-0.000000,-0.477288,-1.905626,6.341955,0.477878,0.147005,-0.197168,-0.020624,0.402971,0.402971,-0.396882,-0.396882,0.414027,0.333108,-0.444403,-0.366969,0.234938,-0.234938,0.234938,-0.234938,0.250347,-0.299272,0.153344,-0.237270,0.470410,0.156088
7.826000,-0.648846,6.549345,0.593700,0.000000,0.000000,0.000000,3.462777,0.000000,-1.736085,6.303627,0.450000,-0.000000,-0.000000,-0.477336,-1.903428,6.339973,0.476425,0.190171,-0.152978,-0.059473,0.402922,0.402922,-0.396832,-0.396832,0.412119,0.334606,-0.442786,-0.367098,0.234934,-0.234934,0.234934,-0.234934,0.246936,-0.300751,0.151351,-0.241537,0.471503,0.154754
7.838000,-0.648846,6.549345,0.593700,0.000000,0.000000,0.000000,3.462777,0.000000,-1.736085,6.303627,0.450000,-0.000000,-0.000000,-0.498805,-1.900786,6.338358,0.474660,0.234156,-0.113938,-0.091721,0.402873,0.402873,-0.396784,-0.396784,0.410659,0.337545,-0.440699,-0.366839,0.234931,-0.234931,0.234931,-0.234931,0.243404,-0.300493,0.151262,-0.246028,0.475256,0.155014
7.850000,-0.648846,6.549345,0.593700,0.000000,0.000000,0.000000,3.462777,0.000000,-1.736085,6.303627,0.450000,-0.000000,-0.000000,-0.500000,-1.897671,6.337084,0.472718,0.276944,-0.084608,-0.105638,0.402827,0.402827,-0.396738,-0.396738,0.409622,0.341627,-0.437829,-0.366103,0.234927,-0.234927,0.234927,-0.234927,0.240143,-0.298737,0.153130,-0.250243,0.482306,0.156899
7.862000,-0.648846,6.549345,0.593700,0.000000,0.000000,0.000000,3.462777,0.000000,-1.736085,6.303627,0.450000,-0.000000,-0.000000,-0.497693,-1.894118,6.336098,0.470788,0.314437,-0.063948,-0.103179,0.402782,0.402782,-0.396693,-0.396693,0.409456,0.346278,-0.434370,-0.364818,0.234924,-0.234924,0.234924,-0.234924,0.237329,-0.295446,0.157135,-0.253941,0.493185,0.160529
7.874000,-0.648846,6.549345,0.593700,0.000000,0.000000,0.000000,3.462777,0.000000,-1.736085,6.303627,0.450000,0.000000,-0.000000,-0.474698,-1.890204,6.335335,0.468993,0.340997,-0.051265,-0.091761,0.402739,0.402739,-0.396649,-0.396649,0.410240,0.350563,-0.431114,-0.363118,0.234921,-0.234921,0.234921,-0.234921,0.234935,-0.290344,0.163635,-0.257144,0.507619,0.166052
7.886000,-0.648846,6.549345,0.593700,0.000000,0.000000,0.000000,3.462777,0.000000,-1.736085,6.303627,0.450000,0.000000,0.000000,-0.450698,-1.886057,6.334713,0.467501,0.356901,-0.045560,-0.069708,0.402697,0.402697,-0.396608,-0.396608,0.411636,0.353545,-0.429062,-0.361046,0.234918,-0.234918,0.234918,-0.234918,0.232806,-0.283082,0.172920,-0.259973,0.524263,0.173410
7.898000,-0.648846,6.549345,0.593700,0.000000,0.000000,0.000000,3.462777,0.000000,-1.736085,6.303627,0.450000,0.000000,-0.000000,-0.426698,-1.881776,6.334172,0.466366,0.367259,-0.043294,-0.045905,0.402657,0.402657,-0.396567,-0.396567,0.413325,0.354768,-0.428838,-0.358766,0.234915,-0.234915,0.234915,-0.234915,0.230776,-0.273484,0.184972,-0.262630,0.541303,0.182167
7.910000,-0.648846,6.549345,0.593700,0.000000,0.000000,0.000000,3.462777,0.000000,-1.736085,6.303627,0.450000,0.000000,-0.000000,-0.402698,-1.877406,6.333663,0.465599,0.373432,-0.044048,-0.021903,0.402618,0.402618,-0.396529,-0.396529,0.415183,0.354325,-0.430463,-0.356230,0.234912,-0.234912,0.234912,-0.234912,0.228658,-0.261741,0.199426,-0.265316,0.556704,0.191533
7.922000,-0.648846,6.549345,0.593700,0.000000,0.000000,0.000000,3.462777,0.000000,-1.736085,6.303627,0.450000,0.000000,-0.000000,-0.378698,-1.872984,6.333153,0.465169,0.376832,-0.045458,-0.002162,0.402580,0.402580,-0.396491,-0.396491,0.417158,0.352581,-0.433568,-0.353763,0.234909,-0.234909,0.234909,-0.234909,0.226340,-0.248469,0.215613,-0.268216,0.568091,0.200573
7.934000,-0.648846,6.549345,0.593700,0.000000,0.000000,0.000000,3.462777,0.000000,-1.736085,6.303627,0.450000,0.000000,0.000000,-0.354698,-1.868513,6.332638,0.464997,0.379972,-0.045563,0.011220,0.402544,0.402544,-0.396455,-0.396455,0.419329,0.350282,-0.437139,-0.351310,0.234906,-0.234906,0.234906,-0.234906,0.223724,-0.234678,0.232614,-0.271394,0.571366,0.208424
7.946000,-0.648846,6.549345,0.593700,0.000000,0.000000,0.000000,3.462777,0.000000,-1.736085,6.303627,0.450000,0.000000,-0.000000,-0.330698,-1.864006,6.332102,0.464982,0.380125,-0.046805,0.015641,0.402509,0.402509,-0.396420,-0.396420,0.421794,0.347923,-0.440600,-0.348774,0.234904,-0.234904,0.234904,-0.234904,0.220814,-0.221319,0.249126,-0.274829,0.566146,0.214223
7.956000,-0.648846,6.549345,0.593700,0.000000,0.000000,0.000000,3.462777,0.000000,-1.736085,6.303627,0.450000,0.000000,-0.000000,-0.310698,-1.860238,6.331612,0.465010,0.378160,-0.050484,0.013903,0.402481,0.402481,-0.396392,-0.396392,0.424023,0.346011,-0.443341,-0.346646,0.234902,-0.234902,0.234902,-0.234902,0.218257,-0.211069,0.261642,-0.277820,0.558682,0.217057
7.968000,-0.648846,6.549345,0.593700,0.000000,0.000000,0.000000,3.462777,0.000000,-1.736085,6.303627,0.450000,0.000000,-0.000000,-0.286698,-1.855699,6.330963,0.465014,0.378988,-0.056129,0.005837,0.402448,0.402448,-0.396359,-0.396359,0.426757,0.344088,-0.446044,-0.344169,0.234899,-0.234899,0.234899,-0.234899,0.215163,-0.200387,0.274607,-0.281413,0.547452,0.218105
7.980000,-0.648846,6.549345,0.593700,0.000000,0.000000,0.000000,3.462777,0.000000,-1.736085,6.303627,0.450000,0.000000,-0.000000,-0.262698,-1.851067,6.330235,0.464905,0.386249,-0.064036,-0.007935,0.402417,0.402417,-0.396327,-0.396327,0.429513,0.343252,-0.447374,-0.341760,0.234897,-0.234897,0.234897,-0.234897,0.212158,-0.191743,0.284975,-0.284906,0.532622,0.217082
7.992000,-0.648846,6.549345,0.593700,0.000000,0.000000,0.000000,3.462777,0.000000,-1.736085,6.303627,0.450000,0.000000,-0.000000,-0.238698,-1.846267,6.329425,0.464584,0.400800,-0.073421,-0.027051,0.402386,0.402386,-0.396297,-0.396297,0.432235,0.344015,-0.446860,-0.339405,0.234895,-0.234895,0.234895,-0.234895,0.209303,-0.185162,0.292808,-0.288237,0.515962,0.214771
8.002000,-0.648846,6.549345,0.593700,0.000000,0.000000,0.000000,3.462777,0.000000,-1.736085,6.303627,0.450000,0.000000,-0.000000,-0.218698,-1.842101,6.328663,0.464140,0.415716,-0.085101,-0.042348,0.402362,0.402362,-0.396272,-0.396272,0.434434,0.345975,-0.445106,-0.337254,0.234893,-0.234893,0.234893,-0.234893,0.207016,-0.181019,0.297485,-0.290882,0.504952,0.212314
8.014000,-0.648846,6.549345,0.593700,0.000000,0.000000,0.000000,3.462777,0.000000,-1.736085,6.303627,0.450000,0.000000,-0.000000,-0.195286,-1.836893,6.327587,0.463434,0.435023,-0.103550,-0.058561,0.402333,0.402333,-0.396244,-0.396244,0.436815,0.349502,-0.442046,-0.334672,0.234891,-0.234891,0.234891,-0.234891,0.204377,-0.177239,0.301219,-0.293952,0.496287,0.209160
8.024000,-0.648846,6.549345,0.593700,0.000000,0.000000,0.000000,3.462777,0.000000,-1.736085,6.303627,0.450000,-0.000000,0.000000,-0.188519,-1.832518,6.326674,0.462758,0.437061,-0.107999,-0.050135,0.402310,0.402310,-0.396221,-0.396221,0.438379,0.353214,-0.437287,-0.332800,0.234889,-0.234889,0.234889,-0.234889,0.201781,-0.175329,0.299705,-0.296866,0.492470,0.207724
8.036000,-0.648846,6.549345,0.593700,0.000000,0.000000,0.000000,3.462777,0.000000,-1.736085,6.303627,0.450000,0.000000,-0.000000,-0.166442,-1.827168,6.325329,0.462023,0.445044,-0.115253,-0.040119,0.402283,0.402283,-0.396194,-0.396194,0.440110,0.359420,-0.431382,-0.330743,0.234887,-0.234887,0.234887,-0.234887,0.198553,-0.176477,0.296206,-0.300318,0.496640,0.205330
8.048000,-0.648846,6.549345,0.593700,0.000000,0.000000,0.000000,3.462777,0.000000,-1.736085,6.303627,0.450000,-0.000000,0.000000,-0.142442,-1.821764,6.324048,0.461478,0.443344,-0.113963,-0.022695,0.402258,0.402258,-0.396168,-0.396168,0.441877,0.366193,-0.425785,-0.329206,0.234885,-0.234885,0.234885,-0.234885,0.194865,-0.177924,0.292239,-0.304194,0.494179,0.203178
8.060000,-0.648846,6.549345,0.593700,0.000000,0.000000,0.000000,3.462777,0.000000,-1.736085,6.303627,0.450000,-0.000000,0.000000,-0.118442,-1.816620,6.322702,0.461102,0.413181,-0.103223,-0.018663,0.402233,0.402233,-0.396143,-0.396143,0.443770,0.372743,-0.420245,-0.327573,0.234883,-0.234883,0.234883,-0.234883,0.191001,-0.180859,0.287886,-0.308259,0.490954,0.200344
8.072000,-0.648846,6.549345,0.593700,0.000000,0.000000,0.000000,3.462777,0.000000,-1.736085,6.303627,0.450000,0.000000,-0.000000,-0.113974,-1.811769,6.321460,0.460951,0.390143,-0.090316,-0.015484,0.402209,0.402209,-0.396119,-0.396119,0.445960,0.378928,-0.414966,-0.325620,0.234881,-0.234881,0.234881,-0.234881,0.187849,-0.184060,0.284226,-0.311786,0.487134,0.197842
8.084000,-0.648846,6.549345,0.593700,0.000000,0.000000,0.000000,3.462777,0.000000,-1.736085,6.303627,0.450000,0.000000,-0.000000,-0.118745,-1.807273,6.320270,0.461017,0.373308,-0.080339,-0.014320,0.402185,0.402185,-0.396096,-0.396096,0.448367,0.384826,-0.410169,-0.323163,0.234880,-0.234880,0.234880,-0.234880,0.185202,-0.186746,0.281058,-0.314873,0.483217,0.195559
8.096000,-0.648846,6.549345,0.593700,0.000000,0.000000,0.000000,3.462777,0.000000,-1.736085,6.303627,0.450000,0.000000,0.000000,-0.111722,-1.803615,6.318893,0.461353,0.327891,-0.084114,-0.011229,0.402163,0.402163,-0.396074,-0.396074,0.450948,0.390324,-0.405650,-0.320077,0.234878,-0.234878,0.234878,-0.234878,0.182930,-0.189066,0.278271,-0.317617,0.478963,0.193486
8.108000,-0.648846,6.549345,0.593700,0.000000,0.000000,0.000000,3.462777,0.000000,-1.736085,6.303627,0.450000,-0.000000,0.000000,-0.100039,-1.800435,6.317479,0.461951,0.277571,-0.088885,-0.012811,0.402141,0.402141,-0.396052,-0.396052,0.453407,0.395355,-0.401314,-0.316906,0.234876,-0.234876,0.234876,-0.234876,0.180952,-0.191079,0.275869,-0.319974,0.474525,0.191568
8.120000,-0.648846,6.549345,0.593700,0.000000,0.000000,0.000000,3.462777,0.000000,-1.736085,6.303627,0.450000,-0.000000,0.000000,-0.092744,-1.797518,6.316322,0.462338,0.231986,-0.084302,-0.034704,0.402120,0.402120,-0.396031,-0.396031,0.454962,0.399681,-0.397696,-0.314950,0.234875,-0.234875,0.234875,-0.234875,0.179543,-0.192850,0.273679,-0.321448,0.471636,0.190236
8.132000,-0.648846,6.549345,0.593700,0.000000,0.000000,0.000000,3.462777,0.000000,-1.736085,6.303627,0.450000,-0.000000,0.000000,-0.080231,-1.794855,6.315309,0.462300,0.204839,-0.076355,-0.057337,0.402100,0.402100,-0.396011,-0.396011,0.455699,0.403269,-0.394560,-0.314245,0.234873,-0.234873,0.234873,-0.234873,0.179135,-0.194688,0.271468,-0.321336,0.470693,0.189820
8.144000,-0.648846,6.549345,0.593700,0.000000,0.000000,0.000000,3.462777,0.000000,-1.736085,6.303627,0.450000,-0.000000,0.000000,-0.064002,-1.792417,6.314408,0.461883,0.185263,-0.066588,-0.074181,0.402081,0.402081,-0.395992,-0.395992,0.455541,0.406154,-0.391680,-0.314738,0.234872,-0.234872,0.234872,-0.234872,0.179853,-0.196450,0.269383,-0.319786,0.472591,0.190649
8.156000,-0.648846,6.549345,0.593700,0.000000,0.000000,0.000000,3.462777,0.000000,-1.736085,6.303627,0.450000,0.000000,0.000000,-0.050789,-1.790185,6.313633,0.461253,0.169409,-0.055496,-0.077412,0.402062,0.402062,-0.395973,-0.395973,0.454192,0.408273,-0.388976,-0.316776,0.234870,-0.234870,0.234870,-0.234870,0.181824,-0.198021,0.267569,-0.316575,0.478092,0.192912
8.168000,-0.648846,6.549345,0.593700,0.000000,0.000000,0.000000,3.462777,0.000000,-1.736085,6.303627,0.450000,0.000000,-0.000000,-0.035667,-1.788137,6.312999,0.460588,0.157437,-0.043786,-0.069797,0.402044,0.402044,-0.395955,-0.395955,0.451397,0.409848,-0.386436,-0.320709,0.234869,-0.234869,0.234869,-0.234869,0.185146,-0.199366,0.266088,-0.311468,0.487629,0.196689
8.180000,-0.648846,6.549345,0.593700,0.000000,0.000000,0.000000,3.462777,0.000000,-1.736085,6.303627,0.450000,-0.000000,0.000000,-0.012570,-1.786241,6.312506,0.460021,0.148471,-0.033216,-0.054505,0.402027,0.402027,-0.395937,-0.395937,0.447036,0.411066,-0.384068,-0.326730,0.234868,-0.234868,0.234868,-0.234868,0.189827,-0.200503,0.264894,-0.304436,0.501038,0.201834
8.192000,-0.648846,6.549345,0.593700,0.000000,0.000000,0.000000,3.462777,0.000000,-1.736085,6.303627,0.450033,-0.000000,0.000000,0.011430,-1.784463,6.312133,0.459642,0.142560,-0.024917,-0.035322,0.402010,0.402010,-0.395920,-0.395920,0.441183,0.412065,-0.381875,-0.334834,0.234867,-0.234867,0.234867,-0.234867,0.195722,-0.201486,0.263897,-0.295634,0.517360,0.207899
8.204000,-0.648846,6.549345,0.593700,0.000000,0.000000,0.000000,3.462777,0.000000,-1.736085,6.303627,0.450314,-0.000000,0.000000,0.035430,-1.782760,6.311851,0.459488,0.139365,-0.019401,-0.015743,0.401994,0.401994,-0.395904,-0.395904,0.434072,0.412920,-0.379840,-0.344809,0.234865,-0.234865,0.234865,-0.234865,0.202594,-0.202380,0.263000,-0.285356,0.534815,0.214176
8.216000,-0.648846,6.549345,0.593700,0.000000,0.000000,0.000000,3.462777,0.000000,-1.736085,6.303627,0.450883,-0.000000,0.000000,0.059430,-1.781093,6.311629,0.459566,0.138975,-0.016273,0.002447,0.401978,0.401978,-0.395888,-0.395888,0.426033,0.413677,-0.377932,-0.356254,0.234864,-0.234864,0.234864,-0.234864,0.210196,-0.203243,0.262112,-0.273982,0.551064,0.219858
8.226000,-0.648846,6.549345,0.593700,0.000000,0.000000,0.000000,3.462777,0.000000,-1.736085,6.303627,0.451577,0.000000,-0.000000,0.079430,-1.779706,6.311472,0.459791,0.140144,-0.015092,0.015095,0.401965,0.401965,-0.395876,-0.395876,0.418863,0.414288,-0.376402,-0.366550,0.234863,-0.234863,0.234863,-0.234863,0.216904,-0.203975,0.261328,-0.263978,0.561980,0.223619
8.238000,-0.648846,6.549345,0.593700,0.000000,0.000000,0.000000,3.462777,0.000000,-1.736085,6.303627,0.452674,-0.000000,0.000000,0.103430,-1.778025,6.311296,0.460211,0.142408,-0.014985,0.026307,0.401950,0.401950,-0.395861,-0.395861,0.409908,0.415055,-0.374609,-0.379363,0.234862,-0.234862,0.234862,-0.234862,0.225145,-0.204906,0.260294,-0.251791,0.570389,0.226551
8.250000,-0.648846,6.549345,0.593700,0.000000,0.000000,0.000000,3.462777,0.000000,-1.736085,6.303627,0.454060,-0.000000,0.000000,0.127430,-1.776317,6.311118,0.460739,0.145264,-0.015818,0.032540,0.401936,0.401936,-0.395847,-0.395847,0.400799,0.415903,-0.372840,-0.392110,0.234861,-0.234861,0.234861,-0.234861,0.233263,-0.205918,0.259142,-0.239989,0.572881,0.227622
8.262000,-0.648846,6.549345,0.593700,0.000000,0.000000,0.000000,3.462777,0.000000,-1.736085,6.303627,0.455731,0.000000,-0.000000,0.150077,-1.774568,6.310924,0.461308,0.149174,-0.017097,0.033887,0.401923,0.401923,-0.395833,-0.395833,0.391903,0.416857,-0.371057,-0.404054,0.234860,-0.234860,0.234860,-0.234860,0.240852,-0.207019,0.257881,-0.229242,0.569594,0.219098
8.274000,-0.648846,6.549345,0.593700,0.000000,0.000000,0.000000,3.462777,0.000000,-1.736085,6.303627,0.457591,0.000000,0.000000,0.158056,-1.772756,6.310712,0.461858,0.154340,-0.018248,0.030681,0.401909,0.401909,-0.395820,-0.395820,0.383733,0.417934,-0.369212,-0.414415,0.234859,-0.234859,0.234859,-0.234859,0.247504,-0.208190,0.256540,-0.220151,0.556621,0.210303
8.286000,-0.648846,6.549345,0.593700,0.000000,0.000000,0.000000,3.462777,0.000000,-1.736085,6.303627,0.459498,-0.000000,0.000000,0.159140,-1.770864,6.310488,0.462328,0.160289,-0.018587,0.023102,0.401897,0.401897,-0.395807,-0.395807,0.376836,0.419131,-0.367269,-0.422560,0.234858,-0.234858,0.234858,-0.234858,0.252860,-0.209399,0.255154,-0.213139,0.538180,0.202302
8.298000,-0.648846,6.549345,0.593700,0.000000,0.000000,0.000000,3.462777,0.000000,-1.736085,6.303627,0.461404,-0.000000,0.000000,0.158461,-1.768880,6.310267,0.462665,0.166622,-0.017400,0.012733,0.401884,0.401884,-0.395795,-0.395795,0.371714,0.420417,-0.365237,-0.428105,0.234857,-0.234857,0.234857,-0.234857,0.256628,-0.210615,0.253752,-0.208407,0.522823,0.195665
8.310000,-0.648846,6.549345,0.593700,0.000000,0.000000,0.000000,3.462777,0.000000,-1.736085,6.303627,0.463299,-0.000000,0.000000,0.157336,-1.767018,6.310151,0.462881,0.154447,-0.000749,0.005965,0.401872,0.401872,-0.395783,-0.395783,0.368752,0.421688,-0.363117,-0.430910,0.234856,-0.234856,0.234856,-0.234856,0.258666,-0.211702,0.252715,-0.205939,0.511436,0.190605
8.322000,-0.648846,6.549345,0.593700,0.000000,0.000000,0.000000,3.462777,0.000000,-1.736085,6.303627,0.465180,-0.000000,0.000000,0.156104,-1.764757,6.310198,0.462873,0.181030,0.005620,0.002454,0.401861,0.401861,-0.395772,-0.395772,0.368852,0.422999,-0.360741,-0.430987,0.234856,-0.234856,0.234856,-0.234856,0.257069,-0.213615,0.250456,-0.207013,0.509636,0.187447
8.334000,-0.648846,6.549345,0.593700,0.000000,0.000000,0.000000,3.462777,0.000000,-1.736085,6.303627,0.467044,0.000000,-0.000000,0.153813,-1.762333,6.310463,0.462947,0.191848,0.038079,0.009190,0.401850,0.401850,-0.395761,-0.395761,0.370825,0.424365,-0.358257,-0.428638,0.234855,-0.234855,0.234855,-0.234855,0.255197,-0.215474,0.248408,-0.210237,0.509278,0.186155
8.346000,-0.648846,6.549345,0.593700,0.000000,0.000000,0.000000,3.462777,0.000000,-1.736085,6.303627,0.468746,0.000000,-0.000000,0.129813,-1.759911,6.310929,0.463115,0.191367,0.060839,0.025669,0.401839,0.401839,-0.395750,-0.395750,0.373289,0.425385,-0.355835,-0.424921,0.234854,-0.234854,0.234854,-0.234854,0.253716,-0.216937,0.246902,-0.213674,0.502929,0.186595
8.358000,-0.648846,6.549345,0.593700,0.000000,0.000000,0.000000,3.462777,0.000000,-1.736085,6.303627,0.470251,0.000000,-0.000000,0.132220,-1.758078,6.311478,0.463524,0.149967,0.041613,0.049321,0.401829,0.401829,-0.395740,-0.395740,0.376051,0.426152,-0.353482,-0.421072,0.234853,-0.234853,0.234853,-0.234853,0.252275,-0.218164,0.245957,-0.214763,0.498727,0.186377
8.370000,-0.648846,6.549345,0.593700,0.000000,0.000000,0.000000,3.462777,0.000000,-1.736085,6.303627,0.471941,-0.000000,0.000000,0.146258,-1.756277,6.311888,0.464167,0.135539,0.026633,0.058945,0.401819,0.401819,-0.395730,-0.395730,0.378829,0.427050,-0.351465,-0.417541,0.234852,-0.234852,0.234852,-0.234852,0.250845,-0.219411,0.244843,-0.215895,0.494624,0.186316
8.382000,-0.648846,6.549345,0.593700,0.000000,0.000000,0.000000,3.462777,0.000000,-1.736085,6.303627,0.473718,-0.000000,0.000000,0.148985,-1.754644,6.312142,0.464962,0.128982,0.017007,0.065257,0.401809,0.401809,-0.395720,-0.395720,0.381319,0.428059,-0.349721,-0.414116,0.234852,-0.234852,0.234852,-0.234852,0.249569,-0.220632,0.243727,-0.217027,0.490678,0.186316
8.394000,-0.648846,6.549345,0.593700,0.000000,0.000000,0.000000,3.462777,0.000000,-1.736085,6.303627,0.475506,-0.000000,0.000000,0.148785,-1.753359,6.312199,0.465957,0.114456,0.006679,0.074020,0.401800,0.401800,-0.395711,-0.395711,0.383635,0.429155,-0.348174,-0.410659,0.234851,-0.234851,0.234851,-0.234851,0.248383,-0.221791,0.242650,-0.218115,0.486793,0.186329
8.406000,-0.648846,6.549345,0.593700,0.000000,0.000000,0.000000,3.462777,0.000000,-1.736085,6.303627,0.477286,0.000000,-0.000000,0.147840,-1.752351,6.312035,0.467171,0.093741,-0.006255,0.073543,0.401791,0.401791,-0.395702,-0.395702,0.385728,0.430271,-0.346666,-0.407318,0.234850,-0.234850,0.234850,-0.234850,0.247375,-0.222771,0.241837,-0.218990,0.482828,0.186466
8.418000,-0.648846,6.549345,0.593700,0.000000,0.000000,0.000000,3.462777,0.000000,-1.736085,6.303627,0.479053,0.000000,-0.000000,0.146712,-1.751426,6.311914,0.468277,0.072775,-0.012504,0.055416,0.401783,0.401783,-0.395693,-0.395693,0.387251,0.431210,-0.345405,-0.404445,0.234850,-0.234850,0.234850,-0.234850,0.246579,-0.223208,0.241381,-0.219679,0.479920,0.186608
8.430000,-0.648846,6.549345,0.593700,0.000000,0.000000,0.000000,3.462777,0.000000,-1.736085,6.303627,0.480807,0.000000,-0.000000,0.145543,-1.750583,6.311753,0.469097,0.057868,-0.017621,0.037679,0.401774,0.401774,-0.395685,-0.395685,0.388122,0.431864,-0.344643,-0.402128,0.234849,-0.234849,0.234849,-0.234849,0.245800,-0.223165,0.241021,-0.220338,0.478542,0.186931
8.442000,-0.648846,6.549345,0.593700,0.000000,0.000000,0.000000,3.462777,0.000000,-1.736085,6.303627,0.482546,0.000000,-0.000000,0.144371,-1.749843,6.311548,0.469687,0.049260,-0.021210,0.027192,0.401766,0.401766,-0.395677,-0.395677,0.388339,0.432106,-0.344463,-0.400278,0.234848,-0.234848,0.234848,-0.234848,0.245049,-0.223030,0.240747,-0.220931,0.479884,0.187928
8.454000,-0.648846,6.549345,0.593700,0.000000,0.000000,0.000000,3.462777,0.000000,-1.736085,6.303627,0.484272,-0.000000,-0.000000,0.143205,-1.749188,6.311300,0.470138,0.045568,-0.023492,0.025867,0.401759,0.401759,-0.395669,-0.395669,0.388164,0.431808,-0.345063,-0.398804,0.234848,-0.234848,0.234848,-0.234848,0.244346,-0.222945,0.240497,-0.221451,0.484810,0.189863
8.466000,-0.648846,6.549345,0.593700,0.000000,0.000000,0.000000,3.462777,0.000000,-1.736085,6.303627,0.485983,0.000000,-0.000000,0.142047,-1.748593,6.311025,0.470570,0.045338,-0.024326,0.033607,0.401751,0.401751,-0.395662,-0.395662,0.387983,0.430890,-0.346651,-0.397609,0.234847,-0.234847,0.234847,-0.234847,0.243704,-0.222899,0.240239,-0.221912,0.493739,0.192757
8.476000,-0.648846,6.549345,0.593700,0.000000,0.000000,0.000000,3.462777,0.000000,-1.736085,6.303627,0.487399,0.000000,-0.000000,0.141041,-1.748129,6.310782,0.471023,0.044283,-0.025061,0.046946,0.401745,0.401745,-0.395656,-0.395656,0.387918,0.429553,-0.348917,-0.396764,0.234847,-0.234847,0.234847,-0.234847,0.243198,-0.222858,0.240040,-0.222269,0.504087,0.195747
8.488000,-0.648846,6.549345,0.593700,0.000000,0.000000,0.000000,3.462777,0.000000,-1.736085,6.303627,0.489082,0.000000,-0.000000,0.139510,-1.747613,6.310479,0.471761,0.042358,-0.025529,0.067304,0.401738,0.401738,-0.395649,-0.395649,0.387929,0.427162,-0.352957,-0.395902,0.234846,-0.234846,0.234846,-0.234846,0.242603,-0.222753,0.239849,-0.222683,0.519088,0.199660
8.500000,-0.648846,6.549345,0.593700,0.000000,0.000000,0.000000,3.462777,0.000000,-1.736085,6.303627,0.490745,0.000000,0.000000,0.137470,-1.747138,6.310173,0.472761,0.040313,-0.025165,0.089037,0.401731,0.401731,-0.395642,-0.395642,0.388051,0.423939,-0.358461,-0.395176,0.234846,-0.234846,0.234846,-0.234846,0.242000,-0.222579,0.239726,-0.223111,0.534946,0.203350
8.512000,-0.648846,6.549345,0.593700,0.000000,0.000000,0.000000,3.462777,0.000000,-1.736085,6.303627,0.492381,-0.000000,0.000000,0.135314,-1.746700,6.309872,0.474018,0.037706,-0.024177,0.108266,0.401725,0.401725,-0.395635,-0.395635,0.388250,0.419997,-0.365269,-0.394546,0.234845,-0.234845,0.234845,-0.234845,0.241364,-0.222410,0.239660,-0.223570,0.549021,0.206167
8.524000,-0.648846,6.549345,0.593700,0.000000,0.000000,0.000000,3.462777,0.000000,-1.736085,6.303627,0.493992,0.000000,-0.000000,0.133168,-1.746292,6.309585,0.475509,0.035943,-0.022135,0.124100,0.401718,0.401718,-0.395629,-0.395629,0.388471,0.415563,-0.373010,-0.393967,0.234845,-0.234845,0.234845,-0.234845,0.240688,-0.222359,0.239558,-0.224065,0.558792,0.207563
8.536000,-0.648846,6.549345,0.593700,0.000000,0.000000,0.000000,3.462777,0.000000,-1.736085,6.303627,0.495577,0.000000,-0.000000,0.131052,-1.745898,6.309322,0.477168,0.034597,-0.019372,0.133497,0.401712,0.401712,-0.395623,-0.395623,0.388796,0.410876,-0.381154,-0.393371,0.234844,-0.234844,0.234844,-0.234844,0.239987,-0.222573,0.239319,-0.224585,0.562568,0.207258
8.548000,-0.648846,6.549345,0.593700,0.000000,0.000000,0.000000,3.462777,0.000000,-1.736085,6.303627,0.497138,0.000000,-0.000000,0.128968,-1.745517,6.309085,0.478908,0.032731,-0.016629,0.136410,0.401707,0.401707,-0.395617,-0.395617,0.389226,0.405993,-0.389273,-0.392718,0.234844,-0.234844,0.234844,-0.234844,0.239292,-0.223165,0.238861,-0.225101,0.559977,0.205309
8.560000,-0.648846,6.549345,0.593700,0.000000,0.000000,0.000000,3.462777,0.000000,-1.736085,6.303627,0.498673,0.000000,-0.000000,0.126918,-1.745149,6.308877,0.480653,0.031560,-0.013669,0.133504,0.401701,0.401701,-0.395611,-0.395611,0.389707,0.401012,-0.396873,-0.392006,0.234844,-0.234844,0.234844,-0.234844,0.238649,-0.224184,0.238163,-0.225569,0.548427,0.202078
8.572000,-0.648846,6.549345,0.593700,0.000000,0.000000,0.000000,3.462777,0.000000,-1.736085,6.303627,0.500184,0.000000,0.000000,0.124900,-1.744767,6.308706,0.482327,0.032598,-0.010132,0.125191,0.401695,0.401695,-0.395606,-0.395606,0.390209,0.396261,-0.403333,-0.391224,0.234843,-0.234843,0.234843,-0.234843,0.238099,-0.225585,0.237270,-0.225950,0.531210,0.198120
8.584000,-0.648846,6.549345,0.593700,0.000000,0.000000,0.000000,3.462777,0.000000,-1.736085,6.303627,0.501671,-0.000000,0.000000,0.122914,-1.744341,6.308584,0.483865,0.036038,-0.006414,0.112404,0.401690,0.401690,-0.395601,-0.395601,0.390717,0.392189,-0.408146,-0.390348,0.234843,-0.234843,0.234843,-0.234843,0.237670,-0.227246,0.236278,-0.226226,0.513980,0.194044
8.596000,-0.648846,6.549345,0.593700,0.000000,0.000000,0.000000,3.462777,0.000000,-1.736085,6.303627,0.503134,-0.000000,-0.000000,0.120960,-1.743845,6.308512,0.485216,0.041108,-0.003273,0.096664,0.401685,0.401685,-0.395596,-0.395596,0.391216,0.389176,-0.411082,-0.389373,0.234842,-0.234842,0.234842,-0.234842,0.237369,-0.228989,0.235332,-0.226397,0.498935,0.190369
8.608000,-0.648846,6.549345,0.593700,0.000000,0.000000,0.000000,3.462777,0.000000,-1.736085,6.303627,0.504574,0.000000,-0.000000,0.119036,-1.743273,6.308482,0.486351,0.046841,-0.001307,0.079875,0.401680,0.401680,-0.395591,-0.395591,0.391678,0.387461,-0.412171,-0.388315,0.234842,-0.234842,0.234842,-0.234842,0.237181,-0.230615,0.234584,-0.226479,0.487412,0.187433
8.620000,-0.648846,6.549345,0.593700,0.000000,0.000000,0.000000,3.462777,0.000000,-1.736085,6.303627,0.505991,0.000000,-0.000000,0.117144,-1.742842,6.308761,0.487254,0.037467,0.010308,0.085868,0.401675,0.401675,-0.395586,-0.395586,0.391927,0.387129,-0.410707,-0.387374,0.234842,-0.234842,0.234842,-0.234842,0.236204,-0.232664,0.233814,-0.227434,0.479222,0.184690
8.632000,-0.648846,6.549345,0.593700,0.000000,0.000000,0.000000,3.462777,0.000000,-1.736085,6.303627,0.507385,-0.000000,0.000000,0.115281,-1.742366,6.308747,0.488345,0.034425,0.004483,0.105210,0.401671,0.401671,-0.395581,-0.395581,0.392219,0.388339,-0.408826,-0.386421,0.234841,-0.234841,0.234841,-0.234841,0.235128,-0.233782,0.232760,-0.228567,0.479483,0.184808
8.644000,-0.648846,6.549345,0.593700,0.000000,0.000000,0.000000,3.462777,0.000000,-1.736085,6.303627,0.508758,0.000000,0.000000,0.113448,-1.741937,6.308753,0.489623,0.029014,0.000581,0.107743,0.401666,0.401666,-0.395577,-0.395577,0.392603,0.389946,-0.406999,-0.385585,0.234841,-0.234841,0.234841,-0.234841,0.234343,-0.234557,0.231999,-0.229358,0.479586,0.184584
8.656000,-0.648846,6.549345,0.593700,0.000000,0.000000,0.000000,3.462777,0.000000,-1.736085,6.303627,0.510108,-0.000000,0.000000,0.111645,-1.741557,6.308750,0.490937,0.026862,-0.002259,0.117675,0.401662,0.401662,-0.395573,-0.395573,0.392942,0.391446,-0.405532,-0.384994,0.234841,-0.234841,0.234841,-0.234841,0.234032,-0.234856,0.231611,-0.229723,0.479541,0.184194
8.668000,-0.648846,6.549345,0.593700,0.000000,0.000000,0.000000,3.462777,0.000000,-1.736085,6.303627,0.511437,0.000000,0.000000,0.109870,-1.741216,6.308714,0.492341,0.027384,-0.004369,0.121807,0.401658,0.401658,-0.395569,-0.395569,0.393203,0.392731,-0.404252,-0.384653,0.234840,-0.234840,0.234840,-0.234840,0.233767,-0.235121,0.231209,-0.230088,0.479067,0.183779
8.680000,-0.648846,6.549345,0.593700,0.000000,0.000000,0.000000,3.462777,0.000000,-1.736085,6.303627,0.512745,0.000000,-0.000000,0.108123,-1.740849,6.308660,0.493732,0.031851,-0.004728,0.122802,0.401654,0.401654,-0.395565,-0.395565,0.393380,0.393940,-0.402934,-0.384330,0.234840,-0.234840,0.234840,-0.234840,0.233539,-0.235351,0.230842,-0.230429,0.478507,0.183404
8.692000,-0.648846,6.549345,0.593700,0.000000,0.000000,0.000000,3.462777,0.000000,-1.736085,6.303627,0.514032,0.000000,-0.000000,0.106404,-1.740526,6.308564,0.495002,0.032752,-0.005970,0.125372,0.401650,0.401650,-0.395561,-0.395561,0.393449,0.395170,-0.401516,-0.383889,0.234840,-0.234840,0.234840,-0.234840,0.233358,-0.235535,0.230509,-0.230734,0.477901,0.183061
8.704000,-0.648846,6.549345,0.593700,0.000000,0.000000,0.000000,3.462777,0.000000,-1.736085,6.303627,0.515299,0.000000,-0.000000,0.104712,-1.740347,6.308510,0.496060,0.023896,-0.002634,0.122945,0.401647,0.401647,-0.395557,-0.395557,0.393447,0.396419,-0.400225,-0.383300,0.234840,-0.234840,0.234840,-0.234840,0.233230,-0.235658,0.230345,-0.231004,0.477241,0.182619
8.716000,-0.648846,6.549345,0.593700,0.000000,0.000000,0.000000,3.462777,0.000000,-1.736085,6.303627,0.516545,0.000000,-0.000000,0.103047,-1.740016,6.308352,0.496865,0.021267,-0.009399,0.099092,0.401643,0.401643,-0.395554,-0.395554,0.394662,0.397604,-0.399056,-0.382659,0.234839,-0.234839,0.234839,-0.234839,0.232655,-0.235676,0.230061,-0.231132,0.476254,0.182545
8.726000,-0.648846,6.549345,0.593700,0.000000,0.000000,0.000000,3.462777,0.000000,-1.736085,6.303627,0.517569,0.000000,-0.000000,0.101680,-1.739801,6.308256,0.497306,0.018187,-0.010138,0.080173,0.401640,0.401640,-0.395551,-0.395551,0.395321,0.398513,-0.398170,-0.382179,0.234839,-0.234839,0.234839,-0.234839,0.232452,-0.235680,0.229789,-0.231074,0.475203,0.182510
8.738000,-0.648846,6.549345,0.593700,0.000000,0.000000,0.000000,3.462777,0.000000,-1.736085,6.303627,0.518780,0.000000,-0.000000,0.100063,-1.739583,6.308140,0.497678,0.015196,-0.010243,0.064611,0.401637,0.401637,-0.395547,-0.395547,0.395843,0.399514,-0.397133,-0.381709,0.234839,-0.234839,0.234839,-0.234839,0.232416,-0.235721,0.229414,-0.230947,0.475369,0.182987
8.750000,-0.648846,6.549345,0.593700,0.000000,0.000000,0.000000,3.462777,0.000000,-1.736085,6.303627,0.519971,0.000000,-0.000000,0.098472,-1.739404,6.308025,0.497965,0.012172,-0.010004,0.058634,0.401634,0.401634,-0.395544,-0.395544,0.396034,0.400397,-0.396102,-0.381616,0.234839,-0.234839,0.234839,-0.234839,0.232474,-0.235808,0.229015,-0.230818,0.477877,0.184302
8.762000,-0.648846,6.549345,0.593700,0.000000,0.000000,0.000000,3.462777,0.000000,-1.736085,6.303627,0.521143,-0.000000,-0.000000,0.096907,-1.739264,6.307910,0.498285,0.009151,-0.009674,0.064028,0.401631,0.401631,-0.395541,-0.395541,0.395791,0.401042,-0.395082,-0.382225,0.234838,-0.234838,0.234838,-0.234838,0.232504,-0.235934,0.228633,-0.230713,0.483454,0.186593
8.774000,-0.648846,6.549345,0.593700,0.000000,0.000000,0.000000,3.462777,0.000000,-1.736085,6.303627,0.522297,0.000000,-0.000000,0.095366,-1.739154,6.307798,0.498776,0.008026,-0.009097,0.078777,0.401628,0.401628,-0.395538,-0.395538,0.395104,0.401480,-0.394100,-0.383692,0.234838,-0.234838,0.234838,-0.234838,0.232440,-0.236076,0.228285,-0.230685,0.492348,0.189814
8.786000,-0.648846,6.549345,0.593700,0.000000,0.000000,0.000000,3.462777,0.000000,-1.736085,6.303627,0.523432,0.000000,-0.000000,0.093850,-1.739053,6.307686,0.499531,0.008537,-0.008662,0.098708,0.401625,0.401625,-0.395535,-0.395535,0.394083,0.401805,-0.393158,-0.386000,0.234838,-0.234838,0.234838,-0.234838,0.232267,-0.236209,0.227987,-0.230779,0.503905,0.193685
8.798000,-0.648846,6.549345,0.593700,0.000000,0.000000,0.000000,3.462777,0.000000,-1.736085,6.303627,0.524549,0.000000,-0.000000,0.092357,-1.738949,6.307574,0.500585,0.009793,-0.008585,0.119442,0.401622,0.401622,-0.395532,-0.395532,0.392878,0.402097,-0.392227,-0.389036,0.234838,-0.234838,0.234838,-0.234838,0.232013,-0.236313,0.227757,-0.231012,0.516464,0.197662
8.810000,-0.648846,6.549345,0.593700,0.000000,0.000000,0.000000,3.462777,0.000000,-1.736085,6.303627,0.525649,-0.000000,0.000000,0.090889,-1.738840,6.307457,0.501931,0.010137,-0.009509,0.138014,0.401619,0.401619,-0.395530,-0.395530,0.391578,0.402399,-0.391276,-0.392669,0.234838,-0.234838,0.234838,-0.234838,0.231763,-0.236374,0.227604,-0.231392,0.527640,0.201047
8.822000,-0.648846,6.549345,0.593700,0.000000,0.000000,0.000000,3.462777,0.000000,-1.736085,6.303627,0.526731,-0.000000,-0.000000,0.089444,-1.738735,6.307323,0.503526,0.009660,-0.011519,0.152023,0.401617,0.401617,-0.395527,-0.395527,0.390251,0.402718,-0.390364,-0.396707,0.234837,-0.234837,0.234837,-0.234837,0.231602,-0.236391,0.227515,-0.231866,0.535118,0.203162
8.834000,-0.648846,6.549345,0.593700,0.000000,0.000000,0.000000,3.462777,0.000000,-1.736085,6.303627,0.527795,0.000000,-0.000000,0.088022,-1.738633,6.307167,0.505293,0.009569,-0.014133,0.159379,0.401614,0.401614,-0.395525,-0.395525,0.389071,0.403067,-0.389507,-0.400750,0.234837,-0.234837,0.234837,-0.234837,0.231619,-0.236379,0.227462,-0.232328,0.537200,0.203541
8.846000,-0.648846,6.549345,0.593700,0.000000,0.000000,0.000000,3.462777,0.000000,-1.736085,6.303627,0.528843,0.000000,-0.000000,0.086622,-1.738523,6.306985,0.507142,0.009902,-0.017087,0.159973,0.401612,0.401612,-0.395522,-0.395522,0.388192,0.403498,-0.388688,-0.404369,0.234837,-0.234837,0.234837,-0.234837,0.231873,-0.236369,0.227412,-0.232667,0.533310,0.202046
8.858000,-0.648846,6.549345,0.593700,0.000000,0.000000,0.000000,3.462777,0.000000,-1.736085,6.303627,0.529874,-0.000000,0.000000,0.085245,-1.738400,6.306777,0.508980,0.010006,-0.019927,0.153595,0.401609,0.401609,-0.395520,-0.395520,0.387635,0.404004,-0.387913,-0.407285,0.234837,-0.234837,0.234837,-0.234837,0.232373,-0.236396,0.227321,-0.232816,0.522664,0.198871
8.870000,-0.648846,6.549345,0.593700,0.000000,0.000000,0.000000,3.462777,0.000000,-1.736085,6.303627,0.530889,0.000000,-0.000000,0.083890,-1.738262,6.306547,0.510719,0.010975,-0.022150,0.141626,0.401607,0.401607,-0.395518,-0.395518,0.387481,0.404543,-0.387277,-0.409247,0.234837,-0.234837,0.234837,-0.234837,0.233028,-0.236498,0.227137,-0.232758,0.508525,0.194497
8.882000,-0.648846,6.549345,0.593700,0.000000,0.000000,0.000000,3.462777,0.000000,-1.736085,6.303627,0.531888,-0.000000,0.000000,0.082556,-1.738085,6.306306,0.512288,0.014501,-0.022839,0.125193,0.401605,0.401605,-0.395515,-0.395515,0.388019,0.405092,-0.386757,-0.409904,0.234836,-0.234836,0.234836,-0.234836,0.233691,-0.236705,0.226839,-0.232535,0.494112,0.189589
8.894000,-0.648846,6.549345,0.593700,0.000000,0.000000,0.000000,3.462777,0.000000,-1.736085,6.303627,0.532871,-0.000000,0.000000,0.081243,-1.737849,6.306061,0.513641,0.017481,-0.022757,0.106021,0.401603,0.401603,-0.395513,-0.395513,0.389306,0.405634,-0.386203,-0.409244,0.234836,-0.234836,0.234836,-0.234836,0.234255,-0.237016,0.226436,-0.232306,0.481501,0.184841
8.906000,-0.648846,6.549345,0.593700,0.000000,0.000000,0.000000,3.462777,0.000000,-1.736085,6.303627,0.533838,0.000000,-0.000000,0.079952,-1.737591,6.305817,0.514746,0.018501,-0.021852,0.086452,0.401601,0.401601,-0.395511,-0.395511,0.391075,0.406081,-0.385710,-0.407672,0.234836,-0.234836,0.234836,-0.234836,0.234607,-0.237409,0.225948,-0.232207,0.471712,0.180777
8.918000,-0.648846,6.549345,0.593700,0.000000,0.000000,0.000000,3.462777,0.000000,-1.736085,6.303627,0.534789,0.000000,-0.000000,0.078680,-1.737321,6.305578,0.515615,0.019296,-0.020412,0.068581,0.401599,0.401599,-0.395509,-0.395509,0.393275,0.406388,-0.385232,-0.405348,0.234836,-0.234836,0.234836,-0.234836,0.234662,-0.237858,0.225410,-0.232363,0.463817,0.177738
8.930000,-0.648846,6.549345,0.593700,0.000000,0.000000,0.000000,3.462777,0.000000,-1.736085,6.303627,0.535726,0.000000,-0.000000,0.077430,-1.737052,6.305211,0.516259,0.019852,-0.032471,0.069714,0.401597,0.401597,-0.395507,-0.395507,0.395337,0.406519,-0.384775,-0.402149,0.234836,-0.234836,0.234836,-0.234836,0.234403,-0.238258,0.224918,-0.232704,0.458831,0.176695
8.942000,-0.648846,6.549345,0.593700,0.000000,0.000000,0.000000,3.462777,0.000000,-1.736085,6.303627,0.536648,0.000000,-0.000000,0.076198,-1.736942,6.304953,0.517058,0.009807,-0.027463,0.082328,0.401595,0.401595,-0.395506,-0.395506,0.396575,0.406519,-0.384366,-0.399524,0.234836,-0.234836,0.234836,-0.234836,0.234178,-0.238450,0.224713,-0.232761,0.456626,0.176733
8.954000,-0.648846,6.549345,0.593700,0.000000,0.000000,0.000000,3.462777,0.000000,-1.736085,6.303627,0.537555,0.000000,-0.000000,0.074987,-1.736877,6.304667,0.518110,0.005610,-0.024175,0.107434,0.401593,0.401593,-0.395504,-0.395504,0.397535,0.406416,-0.384052,-0.398011,0.234836,-0.234836,0.234836,-0.234836,0.233827,-0.238725,0.224511,-0.232927,0.454329,0.176463
8.966000,-0.648846,6.549345,0.593700,0.000000,0.000000,0.000000,3.462777,0.000000,-1.736085,6.303627,0.538448,0.000000,-0.000000,0.073795,-1.736804,6.304398,0.519443,0.006171,-0.020387,0.119054,0.401592,0.401592,-0.395502,-0.395502,0.397302,0.406330,-0.383860,-0.396999,0.234835,-0.234835,0.234835,-0.234835,0.233410,-0.239121,0.224286,-0.233186,0.452359,0.176232
8.976000,-0.648846,6.549345,0.593700,0.000000,0.000000,0.000000,3.462777,0.000000,-1.736085,6.303627,0.539181,0.000000,-0.000000,0.072816,-1.736741,6.304196,0.520715,0.006199,-0.018073,0.121685,0.401590,0.401590,-0.395501,-0.395501,0.396510,0.406304,-0.383633,-0.396419,0.234835,-0.234835,0.234835,-0.234835,0.233101,-0.239423,0.224162,-0.233329,0.450855,0.176019
8.988000,-0.648846,6.549345,0.593700,0.000000,0.000000,0.000000,3.462777,0.000000,-1.736085,6.303627,0.540047,0.000000,-0.000000,0.071658,-1.736644,6.303983,0.522377,0.007168,-0.015480,0.121458,0.401589,0.401589,-0.395499,-0.395499,0.395615,0.406393,-0.383211,-0.395865,0.234835,-0.234835,0.234835,-0.234835,0.232792,-0.239733,0.224050,-0.233455,0.449042,0.175734
9.000000,-0.648846,6.549345,0.593700,0.000000,0.000000,0.000000,3.462777,0.000000,-1.736085,6.303627,0.540901,0.000000,0.000000,0.070519,-1.736499,6.303809,0.524241,0.011339,-0.012220,0.120891,0.401587,0.401587,-0.395498,-0.395498,0.395105,0.406631,-0.382609,-0.395366,0.234835,-0.234835,0.234835,-0.234835,0.232520,-0.240006,0.223943,-0.233573,0.447172,0.175421
9.012000,-0.648846,6.549345,0.593700,0.000000,0.000000,0.000000,3.462777,0.000000,-1.736085,6.303627,0.541740,0.000000,0.000000,0.069397,-1.736321,6.303669,0.526131,0.013413,-0.010668,0.097558,0.401586,0.401586,-0.395496,-0.395496,0.394854,0.407034,-0.381888,-0.394883,0.234835,-0.234835,0.234835,-0.234835,0.232282,-0.240201,0.223946,-0.233686,0.445484,0.175183
9.024000,-0.648846,6.549345,0.593700,0.000000,0.000000,0.000000,3.462777,0.000000,-1.736085,6.303627,0.542566,0.000000,0.000000,0.068294,-1.736149,6.303539,0.527604,0.013373,-0.010636,0.070234,0.401584,0.401584,-0.395495,-0.395495,0.394627,0.407489,-0.381328,-0.394482,0.234835,-0.234835,0.234835,-0.234835,0.232025,-0.240140,0.223833,-0.233831,0.444607,0.175097
9.036000,-0.648846,6.549345,0.593700,0.000000,0.000000,0.000000,3.462777,0.000000,-1.736085,6.303627,0.543379,-0.000000,0.000000,0.067208,-1.735971,6.303408,0.528681,0.013425,-0.011086,0.048901,0.401583,0.401583,-0.395493,-0.395493,0.394399,0.408020,-0.380835,-0.394166,0.234835,-0.234835,0.234835,-0.234835,0.231769,-0.239927,0.223741,-0.233950,0.445196,0.175444
9.048000,-0.648846,6.549345,0.593700,0.000000,0.000000,0.000000,3.462777,0.000000,-1.736085,6.303627,0.544179,0.000000,-0.000000,0.066140,-1.735791,6.303272,0.529471,0.013950,-0.011813,0.037111,0.401581,0.401581,-0.395492,-0.395492,0.394159,0.408551,-0.380444,-0.393926,0.234835,-0.234835,0.234835,-0.234835,0.231529,-0.239625,0.223786,-0.234034,0.448053,0.176481
9.060000,-0.648846,6.549345,0.593700,0.000000,0.000000,0.000000,3.462777,0.000000,-1.736085,6.303627,0.544967,0.000000,-0.000000,0.065088,-1.735609,6.303128,0.530110,0.015177,-0.012475,0.035942,0.401580,0.401580,-0.395491,-0.395491,0.393963,0.408940,-0.380316,-0.393745,0.234835,-0.234835,0.234835,-0.234835,0.231313,-0.239210,0.224009,-0.234092,0.453817,0.178322
9.072000,-0.648846,6.549345,0.593700,0.000000,0.000000,0.000000,3.462777,0.000000,-1.736085,6.303627,0.545741,0.000000,-0.000000,0.064053,-1.735426,6.302975,0.530748,0.016367,-0.013044,0.044577,0.401579,0.401579,-0.395490,-0.395490,0.393868,0.409015,-0.380662,-0.393607,0.234835,-0.234835,0.234835,-0.234835,0.231113,-0.238641,0.224437,-0.234145,0.462729,0.180915
9.084000,-0.648846,6.549345,0.593700,0.000000,0.000000,0.000000,3.462777,0.000000,-1.736085,6.303627,0.546504,0.000000,-0.000000,0.063035,-1.735244,6.302817,0.531507,0.017043,-0.013399,0.059854,0.401578,0.401578,-0.395488,-0.395488,0.393900,0.408621,-0.381682,-0.393496,0.234834,-0.234834,0.234834,-0.234834,0.230908,-0.237898,0.225085,-0.234215,0.474298,0.184000
9.096000,-0.648846,6.549345,0.593700,0.000000,0.000000,0.000000,3.462777,0.000000,-1.736085,6.303627,0.547254,0.000000,-0.000000,0.062033,-1.735070,6.302655,0.532459,0.016989,-0.013433,0.077928,0.401577,0.401577,-0.395487,-0.395487,0.394066,0.407668,-0.383507,-0.393399,0.234834,-0.234834,0.234834,-0.234834,0.230673,-0.237009,0.225947,-0.234327,0.487076,0.187104
9.108000,-0.648846,6.549345,0.593700,0.000000,0.000000,0.000000,3.462777,0.000000,-1.736085,6.303627,0.547993,-0.000000,-0.000000,0.061046,-1.734907,6.302494,0.533628,0.016179,-0.013116,0.095118,0.401575,0.401575,-0.395486,-0.395486,0.394353,0.406148,-0.386146,-0.393301,0.234834,-0.234834,0.234834,-0.234834,0.230387,-0.236053,0.226977,-0.234502,0.498866,0.189640
9.120000,-0.648846,6.549345,0.593700,0.000000,0.000000,0.000000,3.462777,0.000000,-1.736085,6.303627,0.548719,0.000000,-0.000000,0.060076,-1.734758,6.302335,0.534990,0.014913,-0.012416,0.108425,0.401574,0.401574,-0.395485,-0.395485,0.394729,0.404144,-0.389465,-0.393178,0.234834,-0.234834,0.234834,-0.234834,0.230040,-0.235150,0.228089,-0.234746,0.505017,0.191054
9.132000,-0.648846,6.549345,0.593700,0.000000,0.000000,0.000000,3.462777,0.000000,-1.736085,6.303627,0.549435,0.000000,-0.000000,0.059121,-1.734621,6.302185,0.536486,0.013665,-0.011267,0.116083,0.401573,0.401573,-0.395484,-0.395484,0.395173,0.401810,-0.393199,-0.393003,0.234834,-0.234834,0.234834,-0.234834,0.229644,-0.234419,0.229154,-0.235046,0.505176,0.190985
9.144000,-0.648846,6.549345,0.593700,0.000000,0.000000,0.000000,3.462777,0.000000,-1.736085,6.303627,0.550138,0.000000,0.000000,0.058181,-1.734488,6.302046,0.538041,0.012779,-0.009856,0.117361,0.401572,0.401572,-0.395483,-0.395483,0.395650,0.399324,-0.397013,-0.392750,0.234834,-0.234834,0.234834,-0.234834,0.229222,-0.233964,0.230045,-0.235375,0.499926,0.189368
9.156000,-0.648846,6.549345,0.593700,0.000000,0.000000,0.000000,3.462777,0.000000,-1.736085,6.303627,0.550831,0.000000,-0.000000,0.057256,-1.734347,6.301924,0.539576,0.012876,-0.008202,0.112447,0.401571,0.401571,-0.395482,-0.395482,0.396114,0.396897,-0.400524,-0.392411,0.234834,-0.234834,0.234834,-0.234834,0.228813,-0.233841,0.230679,-0.235696,0.490027,0.186445
9.168000,-0.648846,6.549345,0.593700,0.000000,0.000000,0.000000,3.462777,0.000000,-1.736085,6.303627,0.551513,0.000000,0.000000,0.056345,-1.734179,6.301824,0.541013,0.014560,-0.006362,0.101873,0.401570,0.401570,-0.395481,-0.395481,0.396535,0.394804,-0.403340,-0.391990,0.234834,-0.234834,0.234834,-0.234834,0.228452,-0.234039,0.231031,-0.235973,0.477244,0.182691
9.180000,-0.648846,6.549345,0.593700,0.000000,0.000000,0.000000,3.462777,0.000000,-1.736085,6.303627,0.552183,0.000000,-0.000000,0.055449,-1.733965,6.301750,0.542284,0.017805,-0.004653,0.086763,0.401570,0.401570,-0.395480,-0.395480,0.396896,0.393320,-0.405158,-0.391497,0.234834,-0.234834,0.234834,-0.234834,0.228163,-0.234485,0.231140,-0.236181,0.463799,0.178684
9.192000,-0.648846,6.549345,0.593700,0.000000,0.000000,0.000000,3.462777,0.000000,-1.736085,6.303627,0.552843,0.000000,-0.000000,0.054568,-1.733691,6.301700,0.543337,0.022039,-0.003533,0.068743,0.401569,0.401569,-0.395479,-0.395479,0.397189,0.392646,-0.405840,-0.390959,0.234834,-0.234834,0.234834,-0.234834,0.227954,-0.235065,0.231097,-0.236314,0.451736,0.174964
9.204000,-0.648846,6.549345,0.593700,0.000000,0.000000,0.000000,3.462777,0.000000,-1.736085,6.303627,0.553493,0.000000,0.000000,0.053700,-1.733355,6.301666,0.544143,0.026511,-0.003375,0.049722,0.401568,0.401568,-0.395478,-0.395478,0.397407,0.392870,-0.405408,-0.390412,0.234834,-0.234834,0.234834,-0.234834,0.227818,-0.235643,0.231021,-0.236381,0.442429,0.171917
9.216000,-0.648846,6.549345,0.593700,0.000000,0.000000,0.000000,3.462777,0.000000,-1.736085,6.303627,0.554132,0.000000,-0.000000,0.052846,-1.732963,6.301634,0.544697,0.033798,-0.003993,0.026847,0.401567,0.401567,-0.395478,-0.395478,0.397549,0.393966,-0.404002,-0.389889,0.234834,-0.234834,0.234834,-0.234834,0.227729,-0.236097,0.231023,-0.236406,0.436398,0.169717
9.228000,-0.648846,6.549345,0.593700,0.000000,0.000000,0.000000,3.462777,0.000000,-1.736085,6.303627,0.554761,0.000000,-0.000000,0.052006,-1.732493,6.301551,0.545156,0.032753,-0.009767,0.058113,0.401566,0.401566,-0.395477,-0.395477,0.397671,0.396580,-0.400596,-0.389355,0.234834,-0.234834,0.234834,-0.234834,0.227786,-0.235975,0.231242,-0.236328,0.437294,0.169683
9.240000,-0.648846,6.549345,0.593700,0.000000,0.000000,0.000000,3.462777,0.000000,-1.736085,6.303627,0.555381,0.000000,0.000000,0.051179,-1.732108,6.301431,0.545892,0.030106,-0.012857,0.068229,0.401565,0.401565,-0.395476,-0.395476,0.397775,0.398452,-0.398168,-0.389034,0.234834,-0.234834,0.234834,-0.234834,0.227874,-0.235885,0.231405,-0.236210,0.436623,0.169667
9.252000,-0.648846,6.549345,0.593700,0.000000,0.000000,0.000000,3.462777,0.000000,-1.736085,6.303627,0.555990,0.000000,0.000000,0.050366,-1.731825,6.301319,0.546707,0.024438,-0.011139,0.075040,0.401565,0.401565,-0.395475,-0.395475,0.397893,0.399764,-0.396518,-0.388926,0.234833,-0.234833,0.234833,-0.234833,0.227709,-0.236053,0.231217,-0.236364,0.435112,0.169526
9.264000,-0.648846,6.549345,0.593700,0.000000,0.000000,0.000000,3.462777,0.000000,-1.736085,6.303627,0.556589,0.000000,-0.000000,0.049565,-1.731578,6.301181,0.547603,0.018882,-0.008861,0.078718,0.401564,0.401564,-0.395475,-0.395475,0.398237,0.400701,-0.395044,-0.388753,0.234833,-0.234833,0.234833,-0.234833,0.227582,-0.236184,0.230961,-0.236515,0.433349,0.169405
9.274000,-0.648846,6.549345,0.593700,0.000000,0.000000,0.000000,3.462777,0.000000,-1.736085,6.303627,0.557082,0.000000,-0.000000,0.048907,-1.731414,6.301092,0.548357,0.014967,-0.006647,0.077898,0.401564,0.401564,-0.395474,-0.395474,0.398549,0.401358,-0.393955,-0.388571,0.234833,-0.234833,0.234833,-0.234833,0.227560,-0.236207,0.230859,-0.236587,0.431945,0.169273
9.286000,-0.648846,6.549345,0.593700,0.000000,0.000000,0.000000,3.462777,0.000000,-1.736085,6.303627,0.557664,-0.000000,0.000000,0.048130,-1.731314,6.300993,0.549182,0.008972,-0.005082,0.077953,0.401563,0.401563,-0.395473,-0.395473,0.398807,0.402036,-0.392959,-0.388323,0.234833,-0.234833,0.234833,-0.234833,0.227591,-0.236176,0.230793,-0.236640,0.430508,0.169091
9.298000,-0.648846,6.549345,0.593700,0.000000,0.000000,0.000000,3.462777,0.000000,-1.736085,6.303627,0.558237,-0.000000,-0.000000,0.047364,-1.731365,6.300879,0.549847,-0.000358,-0.005633,0.080809,0.401562,0.401562,-0.395473,-0.395473,0.398901,0.402608,-0.392240,-0.388064,0.234833,-0.234833,0.234833,-0.234833,0.227641,-0.236128,0.230746,-0.236678,0.429260,0.168877
9.310000,-0.648846,6.549345,0.593700,0.000000,0.000000,0.000000,3.462777,0.000000,-1.736085,6.303627,0.558801,0.000000,-0.000000,0.046611,-1.731464,6.300750,0.550405,-0.007206,-0.008713,0.069179,0.401562,0.401562,-0.395472,-0.395472,0.398960,0.402998,-0.391636,-0.387789,0.234833,-0.234833,0.234833,-0.234833,0.227679,-0.236084,0.230665,-0.236722,0.428149,0.168696
9.322000,-0.648846,6.549345,0.593700,0.000000,0.000000,0.000000,3.462777,0.000000,-1.736085,6.303627,0.559356,0.000000,-0.000000,0.045870,-1.731572,6.300633,0.550649,-0.011340,-0.010110,0.044005,0.401561,0.401561,-0.395472,-0.395472,0.399186,0.403203,-0.391019,-0.387486,0.234833,-0.234833,0.234833,-0.234833,0.227596,-0.236019,0.230579,-0.236663,0.427405,0.168650
9.334000,-0.648846,6.549345,0.593700,0.000000,0.000000,0.000000,3.462777,0.000000,-1.736085,6.303627,0.559902,0.000000,0.000000,0.045141,-1.731703,6.300512,0.550652,-0.013995,-0.010688,0.024123,0.401560,0.401560,-0.395471,-0.395471,0.399587,0.403252,-0.390385,-0.387129,0.234833,-0.234833,0.234833,-0.234833,0.227486,-0.235945,0.230460,-0.236555,0.427513,0.168971
9.346000,-0.648846,6.549345,0.593700,0.000000,0.000000,0.000000,3.462777,0.000000,-1.736085,6.303627,0.560439,0.000000,-0.000000,0.044423,-1.731865,6.300392,0.550502,-0.016215,-0.010336,0.013470,0.401560,0.401560,-0.395470,-0.395470,0.400049,0.403159,-0.389718,-0.386828,0.234833,-0.234833,0.234833,-0.234833,0.227448,-0.235862,0.230321,-0.236425,0.429162,0.169930
9.358000,-0.648846,6.549345,0.593700,0.000000,0.000000,0.000000,3.462777,0.000000,-1.736085,6.303627,0.560968,0.000000,-0.000000,0.043717,-1.732061,6.300278,0.550315,-0.018111,-0.009362,0.013810,0.401559,0.401559,-0.395470,-0.395470,0.400380,0.402940,-0.389021,-0.386809,0.234833,-0.234833,0.234833,-0.234833,0.227484,-0.235781,0.230182,-0.236240,0.433049,0.171680
9.370000,-0.648846,6.549345,0.593700,0.000000,0.000000,0.000000,3.462777,0.000000,-1.736085,6.303627,0.561488,0.000000,-0.000000,0.043022,-1.732285,6.300174,0.550217,-0.019161,-0.008216,0.024032,0.401559,0.401559,-0.395469,-0.395469,0.400414,0.402642,-0.388307,-0.387284,0.234833,-0.234833,0.234833,-0.234833,0.227549,-0.235708,0.230063,-0.235990,0.439670,0.174259
9.382000,-0.648846,6.549345,0.593700,0.000000,0.000000,0.000000,3.462777,0.000000,-1.736085,6.303627,0.562000,0.000000,-0.000000,0.042338,-1.732527,6.300078,0.550328,-0.019494,-0.007456,0.041598,0.401558,0.401558,-0.395469,-0.395469,0.400066,0.402324,-0.387604,-0.388367,0.234833,-0.234833,0.234833,-0.234833,0.227618,-0.235635,0.229976,-0.235718,0.448913,0.177521
9.394000,-0.648846,6.549345,0.593700,0.000000,0.000000,0.000000,3.462777,0.000000,-1.736085,6.303627,0.562504,0.000000,-0.000000,0.041665,-1.732774,6.299984,0.550714,-0.019120,-0.007440,0.062102,0.401558,0.401558,-0.395468,-0.395468,0.399365,0.402022,-0.386943,-0.390054,0.234833,-0.234833,0.234833,-0.234833,0.227689,-0.235547,0.229931,-0.235476,0.459763,0.181082
9.406000,-0.648846,6.549345,0.593700,0.000000,0.000000,0.000000,3.462777,0.000000,-1.736085,6.303627,0.563000,0.000000,-0.000000,0.041002,-1.733014,6.299885,0.551391,-0.018055,-0.008216,0.081721,0.401557,0.401557,-0.395468,-0.395468,0.398447,0.401798,-0.386351,-0.392208,0.234833,-0.234833,0.234833,-0.234833,0.227800,-0.235431,0.229930,-0.235282,0.470351,0.184351
9.418000,-0.648846,6.549345,0.593700,0.000000,0.000000,0.000000,3.462777,0.000000,-1.736085,6.303627,0.563488,0.000000,0.000000,0.040350,-1.733239,6.299772,0.552333,-0.016911,-0.009763,0.097428,0.401557,0.401557,-0.395468,-0.395468,0.397463,0.401702,-0.385836,-0.394643,0.234833,-0.234833,0.234833,-0.234833,0.228022,-0.235288,0.229975,-0.235104,0.478490,0.186676
9.430000,-0.648846,6.549345,0.593700,0.000000,0.000000,0.000000,3.462777,0.000000,-1.736085,6.303627,0.563969,0.000000,-0.000000,0.039709,-1.733449,6.299642,0.553474,-0.016040,-0.011869,0.107195,0.401557,0.401557,-0.395467,-0.395467,0.396517,0.401746,-0.385402,-0.397146,0.234833,-0.234833,0.234833,-0.234833,0.228455,-0.235132,0.230047,-0.234909,0.482352,0.187534
9.442000,-0.648846,6.549345,0.593700,0.000000,0.000000,0.000000,3.462777,0.000000,-1.736085,6.303627,0.564442,-0.000000,-0.000000,0.039077,-1.733646,6.299491,0.554728,-0.015234,-0.014239,0.110110,0.401556,0.401556,-0.395467,-0.395467,0.395684,0.401914,-0.385032,-0.399482,0.234833,-0.234833,0.234833,-0.234833,0.229158,-0.234993,0.230113,-0.234660,0.481013,0.186685
9.454000,-0.648846,6.549345,0.593700,0.000000,0.000000,0.000000,3.462777,0.000000,-1.736085,6.303627,0.564907,-0.000000,-0.000000,0.038456,-1.733826,6.299317,0.556004,-0.014156,-0.016529,0.106198,0.401556,0.401556,-0.395466,-0.395466,0.395030,0.402173,-0.384696,-0.401416,0.234833,-0.234833,0.234833,-0.234833,0.230128,-0.234906,0.230135,-0.234337,0.474686,0.184229
9.466000,-0.648846,6.549345,0.593700,0.000000,0.000000,0.000000,3.462777,0.000000,-1.736085,6.303627,0.565365,-0.000000,0.000000,0.037845,-1.733985,6.299122,0.557214,-0.012706,-0.018457,0.096230,0.401555,0.401555,-0.395466,-0.395466,0.394599,0.402483,-0.384346,-0.402778,0.234833,-0.234833,0.234833,-0.234833,0.231292,-0.234899,0.230082,-0.233949,0.464620,0.180568
9.478000,-0.648846,6.549345,0.593700,0.000000,0.000000,0.000000,3.462777,0.000000,-1.736085,6.303627,0.565815,-0.000000,0.000000,0.037243,-1.734119,6.298909,0.558268,-0.011862,-0.020018,0.080499,0.401555,0.401555,-0.395466,-0.395466,0.394402,0.402802,-0.384021,-0.403506,0.234833,-0.234833,0.234833,-0.234833,0.232530,-0.234980,0.229940,-0.233542,0.452761,0.176302
9.490000,-0.648846,6.549345,0.593700,0.000000,0.000000,0.000000,3.462777,0.000000,-1.736085,6.303627,0.566258,0.000000,-0.000000,0.036651,-1.734226,6.298684,0.559110,-0.008175,-0.020523,0.062547,0.401555,0.401555,-0.395465,-0.395465,0.394684,0.403098,-0.383841,-0.403414,0.234833,-0.234833,0.234833,-0.234833,0.233635,-0.235163,0.229694,-0.233146,0.441220,0.172061
9.502000,-0.648846,6.549345,0.593700,0.000000,0.000000,0.000000,3.462777,0.000000,-1.736085,6.303627,0.566695,0.000000,-0.000000,0.036068,-1.734267,6.298457,0.559712,-0.004893,-0.020342,0.042932,0.401554,0.401554,-0.395465,-0.395465,0.395668,0.403413,-0.383645,-0.402357,0.234833,-0.234833,0.234833,-0.234833,0.234513,-0.235413,0.229379,-0.232838,0.431235,0.168396
9.514000,-0.648846,6.549345,0.593700,0.000000,0.000000,0.000000,3.462777,0.000000,-1.736085,6.303627,0.567124,0.000000,-0.000000,0.035495,-1.734284,6.298230,0.560072,-0.003916,-0.019954,0.024615,0.401554,0.401554,-0.395465,-0.395465,0.397076,0.403683,-0.383428,-0.400764,0.234833,-0.234833,0.234833,-0.234833,0.235078,-0.235710,0.229017,-0.232683,0.423705,0.165607
9.524000,-0.648846,6.549345,0.593700,0.000000,0.000000,0.000000,3.462777,0.000000,-1.736085,6.303627,0.567477,0.000000,0.000000,0.035024,-1.734290,6.298003,0.560179,-0.001856,-0.023447,0.016096,0.401554,0.401554,-0.395464,-0.395464,0.398394,0.403818,-0.383239,-0.399021,0.234833,-0.234833,0.234833,-0.234833,0.235206,-0.235982,0.228691,-0.232771,0.419388,0.164102
9.536000,-0.648846,6.549345,0.593700,0.000000,0.000000,0.000000,3.462777,0.000000,-1.736085,6.303627,0.567894,-0.000000,0.000000,0.034467,-1.734361,6.297759,0.560391,-0.008126,-0.023017,0.039179,0.401553,0.401553,-0.395464,-0.395464,0.399528,0.403859,-0.383025,-0.396624,0.234833,-0.234833,0.234833,-0.234833,0.234867,-0.236248,0.228406,-0.233022,0.418147,0.164384
9.548000,-0.648846,6.549345,0.593700,0.000000,0.000000,0.000000,3.462777,0.000000,-1.736085,6.303627,0.568304,0.000000,-0.000000,0.033919,-1.734502,6.297510,0.560826,-0.011255,-0.020667,0.053613,0.401553,0.401553,-0.395464,-0.395464,0.400222,0.403796,-0.382932,-0.395235,0.234833,-0.234833,0.234833,-0.234833,0.234590,-0.236499,0.228181,-0.233258,0.417077,0.164433
9.560000,-0.648846,6.549345,0.593700,0.000000,0.000000,0.000000,3.462777,0.000000,-1.736085,6.303627,0.568708,0.000000,-0.000000,0.033380,-1.734623,6.297298,0.561492,-0.009093,-0.014832,0.067778,0.401553,0.401553,-0.395463,-0.395463,0.399888,0.403728,-0.382910,-0.394577,0.234833,-0.234833,0.234833,-0.234833,0.234263,-0.236800,0.228024,-0.233461,0.416076,0.164332
9.572000,-0.648846,6.549345,0.593700,0.000000,0.000000,0.000000,3.462777,0.000000,-1.736085,6.303627,0.569105,-0.000000,0.000000,0.032849,-1.734722,6.297135,0.562357,-0.007497,-0.010320,0.071210,0.401552,0.401552,-0.395463,-0.395463,0.398681,0.403668,-0.382849,-0.394242,0.234833,-0.234833,0.234833,-0.234833,0.233996,-0.237058,0.227964,-0.233561,0.415244,0.164198
9.584000,-0.648846,6.549345,0.593700,0.000000,0.000000,0.000000,3.462777,0.000000,-1.736085,6.303627,0.569496,0.000000,-0.000000,0.032327,-1.734788,6.297017,0.563322,-0.005896,-0.006687,0.070730,0.401552,0.401552,-0.395463,-0.395463,0.397524,0.403682,-0.382520,-0.394060,0.234833,-0.234833,0.234833,-0.234833,0.233809,-0.237245,0.227988,-0.233567,0.414361,0.164036
9.596000,-0.648846,6.549345,0.593700,0.000000,0.000000,0.000000,3.462777,0.000000,-1.736085,6.303627,0.569881,0.000000,0.000000,0.031813,-1.734759,6.296955,0.564447,0.000404,-0.002281,0.071856,0.401552,0.401552,-0.395463,-0.395463,0.396860,0.403820,-0.381960,-0.393922,0.234833,-0.234833,0.234833,-0.234833,0.233682,-0.237372,0.228036,-0.233541,0.413350,0.163838
9.608000,-0.648846,6.549345,0.593700,0.000000,0.000000,0.000000,3.462777,0.000000,-1.736085,6.303627,0.570260,0.000000,0.000000,0.031307,-1.734680,6.296946,0.565670,0.005418,0.001146,0.061270,0.401552,0.401552,-0.395462,-0.395462,0.396586,0.404101,-0.381235,-0.393765,0.234833,-0.234833,0.234833,-0.234833,0.233587,-0.237466,0.228125,-0.233510,0.412257,0.163621
9.620000,-0.648846,6.549345,0.593700,0.000000,0.000000,0.000000,3.462777,0.000000,-1.736085,6.303627,0.570632,0.000000,-0.000000,0.030809,-1.734599,6.296964,0.566627,0.006763,0.002060,0.034836,0.401551,0.401551,-0.395462,-0.395462,0.396336,0.404492,-0.380591,-0.393538,0.234833,-0.234833,0.234833,-0.234833,0.233474,-0.237465,0.228188,-0.233525,0.411652,0.163511
9.632000,-0.648846,6.549345,0.593700,0.000000,0.000000,0.000000,3.462777,0.000000,-1.736085,6.303627,0.570999,0.000000,-0.000000,0.030319,-1.734507,6.296979,0.567169,0.006665,0.001593,0.010207,0.401551,0.401551,-0.395462,-0.395462,0.396063,0.405015,-0.380107,-0.393311,0.234832,-0.234832,0.234832,-0.234832,0.233371,-0.237316,0.228103,-0.233523,0.411971,0.163699
9.644000,-0.648846,6.549345,0.593700,0.000000,0.000000,0.000000,3.462777,0.000000,-1.736085,6.303627,0.571360,0.000000,-0.000000,0.029837,-1.734412,6.296992,0.567401,0.006787,0.000899,-0.005166,0.401551,0.401551,-0.395462,-0.395462,0.395764,0.405635,-0.379724,-0.393160,0.234832,-0.234832,0.234832,-0.234832,0.233289,-0.237131,0.228027,-0.233478,0.414007,0.164459
9.656000,-0.648846,6.549345,0.593700,0.000000,0.000000,0.000000,3.462777,0.000000,-1.736085,6.303627,0.571715,0.000000,-0.000000,0.029363,-1.734316,6.296999,0.567448,0.008048,0.000342,-0.009783,0.401551,0.401551,-0.395461,-0.395461,0.395525,0.406227,-0.379539,-0.393077,0.234832,-0.234832,0.234832,-0.234832,0.233233,-0.236925,0.228007,-0.233399,0.418438,0.165965
9.668000,-0.648846,6.549345,0.593700,0.000000,0.000000,0.000000,3.462777,0.000000,-1.736085,6.303627,0.572065,0.000000,-0.000000,0.028896,-1.734217,6.296999,0.567461,0.009434,-0.000225,-0.003616,0.401551,0.401551,-0.395461,-0.395461,0.395401,0.406603,-0.379745,-0.393038,0.234832,-0.234832,0.234832,-0.234832,0.233199,-0.236672,0.228051,-0.233304,0.425735,0.168261
9.680000,-0.648846,6.549345,0.593700,0.000000,0.000000,0.000000,3.462777,0.000000,-1.736085,6.303627,0.572409,0.000000,-0.000000,0.028436,-1.734116,6.296991,0.567576,0.010517,-0.000632,0.010703,0.401550,0.401550,-0.395461,-0.395461,0.395413,0.406573,-0.380562,-0.393016,0.234832,-0.234832,0.234832,-0.234832,0.233171,-0.236350,0.228173,-0.233212,0.435835,0.171205
9.692000,-0.648846,6.549345,0.593700,0.000000,0.000000,0.000000,3.462777,0.000000,-1.736085,6.303627,0.572747,0.000000,0.000000,0.027984,-1.734016,6.296979,0.567885,0.010988,-0.000746,0.029338,0.401550,0.401550,-0.395461,-0.395461,0.395570,0.406000,-0.382162,-0.392988,0.234832,-0.234832,0.234832,-0.234832,0.233130,-0.235966,0.228384,-0.233143,0.447800,0.174429
9.704000,-0.648846,6.549345,0.593700,0.000000,0.000000,0.000000,3.462777,0.000000,-1.736085,6.303627,0.573080,-0.000000,0.000000,0.027539,-1.733923,6.296966,0.568431,0.010722,-0.000518,0.048310,0.401550,0.401550,-0.395461,-0.395461,0.395853,0.404826,-0.384613,-0.392935,0.234832,-0.234832,0.234832,-0.234832,0.233058,-0.235563,0.228683,-0.233116,0.459815,0.177390
9.716000,-0.648846,6.549345,0.593700,0.000000,0.000000,0.000000,3.462777,0.000000,-1.736085,6.303627,0.573408,0.000000,-0.000000,0.027102,-1.733837,6.296956,0.569202,0.009970,0.000119,0.064275,0.401550,0.401550,-0.395460,-0.395460,0.396224,0.403102,-0.387832,-0.392841,0.234832,-0.234832,0.234832,-0.234832,0.232944,-0.235217,0.229041,-0.233139,0.469632,0.179509
9.728000,-0.648846,6.549345,0.593700,0.000000,0.000000,0.000000,3.462777,0.000000,-1.736085,6.303627,0.573731,0.000000,-0.000000,0.026671,-1.733757,6.296955,0.570148,0.009368,0.001274,0.074834,0.401550,0.401550,-0.395460,-0.395460,0.396651,0.400988,-0.391566,-0.392690,0.234832,-0.234832,0.234832,-0.234832,0.232790,-0.235012,0.229396,-0.233207,0.475241,0.180331
9.740000,-0.648846,6.549345,0.593700,0.000000,0.000000,0.000000,3.462777,0.000000,-1.736085,6.303627,0.574048,-0.000000,-0.000000,0.026247,-1.733672,6.296970,0.571193,0.009194,0.002861,0.078840,0.401549,0.401549,-0.395460,-0.395460,0.397118,0.398705,-0.395460,-0.392470,0.234832,-0.234832,0.234832,-0.234832,0.232613,-0.235015,0.229670,-0.233303,0.472541,0.179656
9.752000,-0.648846,6.549345,0.593700,0.000000,0.000000,0.000000,3.462777,0.000000,-1.736085,6.303627,0.574361,0.000000,-0.000000,0.025829,-1.733571,6.297003,0.572251,0.009845,0.004729,0.076121,0.401549,0.401549,-0.395460,-0.395460,0.397582,0.396488,-0.399127,-0.392177,0.234832,-0.234832,0.234832,-0.234832,0.232439,-0.235257,0.229799,-0.233398,0.465109,0.177592
9.764000,-0.648846,6.549345,0.593700,0.000000,0.000000,0.000000,3.462777,0.000000,-1.736085,6.303627,0.574668,0.000000,-0.000000,0.025419,-1.733440,6.297063,0.573240,0.011695,0.006805,0.067382,0.401549,0.401549,-0.395460,-0.395460,0.398007,0.394607,-0.402170,-0.391797,0.234832,-0.234832,0.234832,-0.234832,0.232297,-0.235713,0.229765,-0.233463,0.454366,0.174508
9.774000,-0.648846,6.549345,0.593700,0.000000,0.000000,0.000000,3.462777,0.000000,-1.736085,6.303627,0.574921,0.000000,-0.000000,0.025081,-1.733297,6.297133,0.573959,0.014003,0.008433,0.056340,0.401549,0.401549,-0.395460,-0.395460,0.398315,0.393469,-0.404008,-0.391427,0.234832,-0.234832,0.234832,-0.234832,0.232222,-0.236210,0.229631,-0.233476,0.444330,0.171542
9.786000,-0.648846,6.549345,0.593700,0.000000,0.000000,0.000000,3.462777,0.000000,-1.736085,6.303627,0.575219,0.000000,0.000000,0.024683,-1.733078,6.297243,0.574645,0.017468,0.010040,0.039799,0.401549,0.401549,-0.395459,-0.395459,0.398622,0.392790,-0.405207,-0.390958,0.234832,-0.234832,0.234832,-0.234832,0.232191,-0.236858,0.229408,-0.233434,0.432768,0.167989
9.798000,-0.648846,6.549345,0.593700,0.000000,0.000000,0.000000,3.462777,0.000000,-1.736085,6.303627,0.575513,-0.000000,0.000000,0.024290,-1.732804,6.297375,0.575102,0.021197,0.010975,0.021354,0.401549,0.401549,-0.395459,-0.395459,0.398861,0.392985,-0.405231,-0.390508,0.234832,-0.234832,0.234832,-0.234832,0.232223,-0.237456,0.229203,-0.233330,0.423276,0.164879
9.810000,-0.648846,6.549345,0.593700,0.000000,0.000000,0.000000,3.462777,0.000000,-1.736085,6.303627,0.575802,0.000000,-0.000000,0.023904,-1.732480,6.297521,0.575311,0.024614,0.010956,0.002648,0.401549,0.401549,-0.395459,-0.395459,0.399031,0.394085,-0.404132,-0.390119,0.234832,-0.234832,0.234832,-0.234832,0.232302,-0.237902,0.229109,-0.233181,0.416746,0.162488
9.822000,-0.648846,6.549345,0.593700,0.000000,0.000000,0.000000,3.462777,0.000000,-1.736085,6.303627,0.576087,-0.000000,-0.000000,0.023524,-1.732190,6.297634,0.575309,0.024169,-0.003319,0.017069,0.401548,0.401548,-0.395459,-0.395459,0.399066,0.396387,-0.400941,-0.389865,0.234832,-0.234832,0.234832,-0.234832,0.231819,-0.238570,0.228424,-0.233593,0.414868,0.161477
9.834000,-0.648846,6.549345,0.593700,0.000000,0.000000,0.000000,3.462777,0.000000,-1.736085,6.303627,0.576367,0.000000,-0.000000,0.023150,-1.731934,6.297761,0.575562,0.019031,0.000041,0.033372,0.401548,0.401548,-0.395459,-0.395459,0.399171,0.398874,-0.397767,-0.389651,0.234832,-0.234832,0.234832,-0.234832,0.231817,-0.238552,0.228498,-0.233570,0.414307,0.161411
9.846000,-0.648846,6.549345,0.593700,0.000000,0.000000,0.000000,3.462777,0.000000,-1.736085,6.303627,0.576643,-0.000000,-0.000000,0.022782,-1.731780,6.297906,0.575970,0.012484,0.004846,0.036036,0.401548,0.401548,-0.395459,-0.395459,0.399308,0.400816,-0.395410,-0.389642,0.234832,-0.234832,0.234832,-0.234832,0.231807,-0.238562,0.228548,-0.233552,0.412709,0.161163
9.858000,-0.648846,6.549345,0.593700,0.000000,0.000000,0.000000,3.462777,0.000000,-1.736085,6.303627,0.576914,0.000000,-0.000000,0.022420,-1.731682,6.297956,0.576404,0.009198,0.004947,0.041783,0.401548,0.401548,-0.395459,-0.395459,0.399470,0.402131,-0.393885,-0.389741,0.234832,-0.234832,0.234832,-0.234832,0.231727,-0.238646,0.228397,-0.233654,0.411604,0.161009
9.870000,-0.648846,6.549345,0.593700,0.000000,0.000000,0.000000,3.462777,0.000000,-1.736085,6.303627,0.577181,0.000000,0.000000,0.022063,-1.731592,6.298013,0.576863,0.007390,0.006214,0.041461,0.401548,0.401548,-0.395459,-0.395459,0.399800,0.403098,-0.392873,-0.389694,0.234832,-0.234832,0.234832,-0.234832,0.231740,-0.238634,0.228303,-0.233722,0.410632,0.160849
9.882000,-0.648846,6.549345,0.593700,0.000000,0.000000,0.000000,3.462777,0.000000,-1.736085,6.303627,0.577443,0.000000,-0.000000,0.021712,-1.731541,6.298076,0.577278,0.004889,0.007026,0.041305,0.401548,0.401548,-0.395458,-0.395458,0.400095,0.403775,-0.392064,-0.389539,0.234832,-0.234832,0.234832,-0.234832,0.231813,-0.238563,0.228269,-0.233742,0.409751,0.160685
9.894000,-0.648846,6.549345,0.593700,0.000000,0.000000,0.000000,3.462777,0.000000,-1.736085,6.303627,0.577702,0.000000,-0.000000,0.021367,-1.731606,6.298111,0.577580,-0.001745,0.005907,0.045086,0.401548,0.401548,-0.395458,-0.395458,0.400265,0.404226,-0.391355,-0.389300,0.234832,-0.234832,0.234832,-0.234832,0.231922,-0.238455,0.228273,-0.233721,0.408905,0.160508
9.906000,-0.648846,6.549345,0.593700,0.000000,0.000000,0.000000,3.462777,0.000000,-1.736085,6.303627,0.577956,0.000000,-0.000000,0.021027,-1.731725,6.298138,0.577745,-0.007766,0.003703,0.043210,0.401548,0.401548,-0.395458,-0.395458,0.400328,0.404490,-0.390711,-0.389004,0.234832,-0.234832,0.234832,-0.234832,0.232037,-0.238342,0.228287,-0.233688,0.408033,0.160311
9.918000,-0.648846,6.549345,0.593700,0.000000,0.000000,0.000000,3.462777,0.000000,-1.736085,6.303627,0.578206,-0.000000,0.000000,0.020693,-1.731856,6.298144,0.577744,-0.010774,0.000876,0.022208,0.401547,0.401547,-0.395458,-0.395458,0.400480,0.404639,-0.390032,-0.388670,0.234832,-0.234832,0.234832,-0.234832,0.232100,-0.238201,0.228280,-0.233612,0.407395,0.160240
9.930000,-0.648846,6.549345,0.593700,0.000000,0.000000,0.000000,3.462777,0.000000,-1.736085,6.303627,0.578453,0.000000,-0.000000,0.020364,-1.731999,6.298141,0.577429,-0.012946,-0.000941,-0.001269,0.401547,0.401547,-0.395458,-0.395458,0.400793,0.404712,-0.389251,-0.388356,0.234832,-0.234832,0.234832,-0.234832,0.232017,-0.238033,0.228267,-0.233509,0.407260,0.160413
9.942000,-0.648846,6.549345,0.593700,0.000000,0.000000,0.000000,3.462777,0.000000,-1.736085,6.303627,0.578695,0.000000,-0.000000,0.020040,-1.732166,6.298124,0.576931,-0.015202,-0.002039,-0.015744,0.401547,0.401547,-0.395458,-0.395458,0.401205,0.404690,-0.388351,-0.388077,0.234832,-0.234832,0.234832,-0.234832,0.231909,-0.237841,0.228236,-0.233452,0.408229,0.161119
9.954000,-0.648846,6.549345,0.593700,0.000000,0.000000,0.000000,3.462777,0.000000,-1.736085,6.303627,0.578934,0.000000,-0.000000,0.019722,-1.732364,6.298101,0.576339,-0.018586,-0.002624,-0.020625,0.401547,0.401547,-0.395458,-0.395458,0.401493,0.404577,-0.387403,-0.388043,0.234832,-0.234832,0.234832,-0.234832,0.231790,-0.237637,0.228203,-0.233425,0.411029,0.162551
9.966000,-0.648846,6.549345,0.593700,0.000000,0.000000,0.000000,3.462777,0.000000,-1.736085,6.303627,0.579169,-0.000000,0.000000,0.019408,-1.732597,6.298078,0.575771,-0.021939,-0.003111,-0.014299,0.401547,0.401547,-0.395458,-0.395458,0.401446,0.404378,-0.386709,-0.388484,0.234832,-0.234832,0.234832,-0.234832,0.231599,-0.237433,0.228173,-0.233405,0.416482,0.164799
9.978000,-0.648846,6.549345,0.593700,0.000000,0.000000,0.000000,3.462777,0.000000,-1.736085,6.303627,0.579400,0.000000,-0.000000,0.019100,-1.732845,6.298050,0.575377,-0.020621,-0.002846,0.001998,0.401547,0.401547,-0.395458,-0.395458,0.401144,0.404139,-0.386360,-0.389348,0.234832,-0.234832,0.234832,-0.234832,0.231266,-0.237244,0.228139,-0.233377,0.424805,0.167810
9.990000,-0.648846,6.549345,0.593700,0.000000,0.000000,0.000000,3.462777,0.000000,-1.736085,6.303627,0.579627,0.000000,-0.000000,0.018796,-1.733061,6.298022,0.575258,-0.017025,-0.002569,0.022880,0.401547,0.401547,-0.395458,-0.395458,0.400771,0.403954,-0.386033,-0.390455,0.234832,-0.234832,0.234832,-0.234832,0.230828,-0.237065,0.228130,-0.233392,0.435060,0.171334
