time,Prx,Pry,Prz,Vrx,Vry,Vrz,Yawr,vYawr,Pcx,Pcy,Pcz,Vcx,Vcy,Vcz,Pbx,Pby,Pbz,Vbx,Vby,Vbz,Pf0rx,Pf1rx,Pf2rx,Pf3rx,Pf0cx,Pf1cx,Pf2cx,Pf3cx,Pf0ry,Pf1ry,Pf2ry,Pf3ry,Pf0cy,Pf1cy,Pf2cy,Pf3cy,ux,uy
1.000000,0.000000,0.000000,0.593700,0.000000,0.000000,0.000000,0.000128,0.000000,0.000000,0.000000,0.593700,-0.000000,-0.000000,-0.000000,-0.001380,0.004616,0.594055,0.009582,-0.003892,0.022493,0.401545,0.401545,-0.395455,-0.395455,0.409740,0.403444,-0.393545,-0.388024,0.234832,-0.234832,0.234832,-0.234832,0.228573,-0.230610,0.236131,-0.238237,0.432861,0.169444
1.010000,0.014000,0.000002,0.593700,2.000000,0.000291,0.000000,0.000159,0.600000,0.000113,0.000001,0.593700,0.028490,0.000154,-0.000000,-0.001270,0.004580,0.594338,0.009477,-0.004102,0.037194,0.401545,0.401545,-0.395455,-0.395455,0.408562,0.403402,-0.393542,-0.389269,0.234832,-0.234832,0.234832,-0.234832,0.228835,-0.230511,0.236171,-0.237691,0.441122,0.171793
1.020000,0.034000,0.000006,0.593700,2.000000,0.000502,0.000000,0.000284,0.600000,0.000585,0.000003,0.593700,0.066210,0.000416,-0.000074,-0.001142,0.004526,0.594764,0.011764,-0.006606,0.047271,0.401546,0.401546,-0.395457,-0.395457,0.407103,0.403528,-0.393404,-0.390869,0.234832,-0.234832,0.234832,-0.234832,0.229153,-0.230405,0.236225,-0.237132,0.447296,0.173442
1.030000,0.054000,0.000013,0.593700,2.000000,0.000906,0.000000,0.000505,0.600000,0.001446,0.000009,0.593698,0.106094,0.000802,-0.000349,-0.000952,0.004440,0.595291,0.019618,-0.010726,0.052920,0.401564,0.401564,-0.395474,-0.395474,0.405118,0.403904,-0.393043,-0.393051,0.234832,-0.234832,0.234832,-0.234832,0.229453,-0.230320,0.236269,-0.236699,0.450428,0.174164
1.040000,0.074000,0.000024,0.593700,1.999999,0.001506,0.000000,0.000825,0.600000,0.002707,0.000020,0.593693,0.146094,0.001328,-0.000621,-0.000624,0.004311,0.595870,0.033875,-0.016157,0.054239,0.401605,0.401605,-0.395515,-0.395515,0.402221,0.404477,-0.392524,-0.396155,0.234832,-0.234832,0.234832,-0.234832,0.229626,-0.230260,0.236307,-0.236562,0.450230,0.173846
1.050000,0.094000,0.000043,0.593700,1.999999,0.002303,0.000000,0.001243,0.600000,0.004367,0.000036,0.593685,0.186094,0.001998,-0.000908,-0.000114,0.004133,0.596453,0.050913,-0.022127,0.051408,0.401670,0.401670,-0.395580,-0.395580,0.398350,0.405169,-0.391919,-0.400134,0.234832,-0.234832,0.234832,-0.234832,0.229573,-0.230213,0.236352,-0.236870,0.446937,0.172516
1.060000,0.114000,0.000071,0.593700,1.999997,0.003300,0.000000,0.001762,0.600000,0.006428,0.000060,0.593675,0.226094,0.002803,-0.001235,0.000571,0.003901,0.596983,0.067267,-0.028541,0.043648,0.401761,0.401761,-0.395672,-0.395672,0.393846,0.405960,-0.391163,-0.404529,0.234832,-0.234832,0.234832,-0.234832,0.229242,-0.230152,0.236440,-0.237698,0.441108,0.170340
1.070000,0.134000,0.000110,0.593700,1.999995,0.004503,0.000000,0.002384,0.600000,0.008889,0.000093,0.593660,0.266094,0.003728,-0.001615,0.001412,0.003605,0.597409,0.083232,-0.036146,0.031820,0.401884,0.401884,-0.395795,-0.395795,0.389056,0.406880,-0.390119,-0.408935,0.234832,-0.234832,0.234832,-0.234832,0.228627,-0.230053,0.236608,-0.239065,0.433589,0.167594
1.080000,0.154000,0.000162,0.593700,1.999991,0.005916,0.000000,0.003112,0.600000,0.011750,0.000135,0.593642,0.306094,0.004768,-0.002059,0.002424,0.003250,0.597660,0.102444,-0.045191,0.016318,0.402045,0.402045,-0.395956,-0.395956,0.384086,0.407986,-0.388945,-0.413259,0.234832,-0.234832,0.234832,-0.234832,0.227820,-0.229813,0.236960,-0.240879,0.423350,0.164565
1.090000,0.174000,0.000229,0.593700,1.999986,0.007548,0.000000,0.003950,0.600000,0.015011,0.000189,0.593619,0.346094,0.005908,-0.002575,0.003627,0.002781,0.597798,0.120321,-0.054840,0.003359,0.402252,0.402252,-0.396163,-0.396163,0.379252,0.409297,-0.387752,-0.417232,0.234832,-0.234832,0.234832,-0.234832,0.226730,-0.229548,0.237399,-0.243190,0.412496,0.161642
1.100000,0.194000,0.000314,0.593700,1.999978,0.009406,0.000000,0.004903,0.600000,0.018672,0.000254,0.593590,0.386093,0.007147,-0.003271,0.004994,0.002191,0.597814,0.137988,-0.068924,-0.010009,0.402514,0.402514,-0.396425,-0.396425,0.374975,0.410896,-0.386475,-0.420480,0.234832,-0.234832,0.234832,-0.234832,0.225372,-0.229184,0.238002,-0.245997,0.403244,0.159046
1.110000,0.213999,0.000418,0.593700,1.999967,0.011499,0.000000,0.005973,0.600000,0.022733,0.000332,0.593547,0.426091,0.008496,-0.005835,0.006549,0.001529,0.597593,0.159729,-0.079378,-0.028935,0.402836,0.402836,-0.396746,-0.396746,0.371367,0.412553,-0.385161,-0.422989,0.234832,-0.234832,0.234832,-0.234832,0.223778,-0.228765,0.238729,-0.249204,0.396049,0.156898
1.120000,0.233999,0.000545,0.593700,1.999952,0.013839,0.000000,0.007169,0.600000,0.027194,0.000424,0.593462,0.466089,0.009910,-0.012810,0.009274,0.000301,0.597293,0.231002,-0.129251,-0.028733,0.403213,0.403213,-0.397123,-0.397123,0.368881,0.413587,-0.384272,-0.424587,0.234832,-0.234832,0.234832,-0.234832,0.222435,-0.228256,0.239824,-0.251772,0.390650,0.155888
1.130000,0.253998,0.000696,0.593700,1.999932,0.016440,0.000000,0.008495,0.600000,0.032041,0.000531,0.593342,0.501912,0.011533,-0.009631,0.011298,-0.000269,0.596983,0.213828,-0.078061,-0.010186,0.403638,0.403638,-0.397549,-0.397549,0.369417,0.414713,-0.383497,-0.423430,0.234832,-0.234832,0.234832,-0.234832,0.220807,-0.228591,0.239884,-0.253687,0.391711,0.155930
1.140000,0.273998,0.000874,0.593700,1.999907,0.019294,0.000000,0.009949,0.600000,0.037214,0.000655,0.593258,0.532623,0.013373,-0.007002,0.013265,-0.001875,0.596809,0.216589,-0.154971,-0.013584,0.404075,0.404075,-0.397986,-0.397986,0.371719,0.416505,-0.382263,-0.420650,0.234832,-0.234832,0.234832,-0.234832,0.219810,-0.227688,0.241245,-0.253584,0.393700,0.156727
1.150000,0.293996,0.001082,0.593700,1.999874,0.022413,0.000000,0.011535,0.600000,0.042704,0.000799,0.593138,0.565531,0.015432,-0.014365,0.015512,-0.002484,0.596739,0.244049,-0.109471,0.010152,0.404489,0.404489,-0.398399,-0.398399,0.374018,0.418247,-0.380974,-0.418093,0.234832,-0.234832,0.234832,-0.234832,0.220916,-0.226632,0.242810,-0.251969,0.395688,0.156673
1.162000,0.317995,0.001376,0.593700,1.999823,0.026537,0.000000,0.013636,0.600000,0.049723,0.000998,0.592983,0.603907,0.017629,-0.016296,0.018712,-0.003805,0.596906,0.292718,-0.098881,0.022706,0.404975,0.404975,-0.398886,-0.398886,0.377398,0.419844,-0.379156,-0.414909,0.234832,-0.234832,0.234832,-0.234832,0.222554,-0.225094,0.245515,-0.249170,0.398238,0.157764
1.172000,0.337993,0.001660,0.593700,1.999769,0.030357,0.000000,0.015584,0.600000,0.055930,0.001182,0.592722,0.638359,0.019264,-0.036058,0.021795,-0.004785,0.597141,0.327185,-0.086311,0.024586,0.405330,0.405330,-0.399241,-0.399241,0.380394,0.420961,-0.377267,-0.411993,0.234832,-0.234832,0.234832,-0.234832,0.223279,-0.224439,0.247443,-0.247175,0.396555,0.157053
1.182000,0.357990,0.001984,0.593700,1.999701,0.034560,0.000000,0.017725,0.600000,0.062502,0.001384,0.592261,0.676392,0.021030,-0.056058,0.025317,-0.005657,0.597500,0.358090,-0.074302,0.029194,0.405653,0.405653,-0.399563,-0.399563,0.383333,0.422056,-0.375167,-0.409158,0.234832,-0.234832,0.234832,-0.234832,0.223565,-0.224229,0.249038,-0.245496,0.394185,0.156243
1.192000,0.377987,0.002352,0.593700,1.999616,0.039158,0.000000,0.020064,0.600000,0.069462,0.001604,0.591601,0.715531,0.023150,-0.076058,0.030317,-0.006364,0.597649,0.436517,-0.059469,0.023136,0.405967,0.405967,-0.399878,-0.399878,0.386131,0.423147,-0.372890,-0.406697,0.234832,-0.234832,0.234832,-0.234832,0.223466,-0.224390,0.250285,-0.244116,0.392576,0.155661
1.202000,0.397982,0.002769,0.593700,1.999511,0.044158,0.000000,0.022606,0.600000,0.076812,0.001848,0.590740,0.754526,0.025670,-0.096058,0.035310,-0.007030,0.598110,0.497150,-0.050326,0.031032,0.406279,0.406279,-0.400189,-0.400189,0.388762,0.424356,-0.370400,-0.405137,0.234832,-0.234832,0.234832,-0.234832,0.223240,-0.224672,0.251509,-0.242802,0.389726,0.155046
1.212000,0.417977,0.003237,0.593700,1.999387,0.049511,0.000000,0.025308,0.600000,0.084557,0.002119,0.589680,0.794487,0.028604,-0.116058,0.040556,-0.007429,0.598182,0.540870,-0.026646,0.000257,0.406595,0.406595,-0.400505,-0.400505,0.391369,0.425234,-0.368510,-0.403823,0.234832,-0.234832,0.234832,-0.234832,0.222947,-0.225008,0.252766,-0.241476,0.388054,0.154750
1.222000,0.437970,0.003760,0.593700,1.999241,0.055102,0.000000,0.028129,0.600000,0.092701,0.002421,0.588419,0.834437,0.031868,-0.136058,0.046220,-0.007590,0.598221,0.587358,0.000184,-0.019263,0.406921,0.406921,-0.400832,-0.400832,0.393973,0.424364,-0.368874,-0.402830,0.234832,-0.234832,0.234832,-0.234832,0.222567,-0.225237,0.253491,-0.240150,0.387684,0.154625
1.232000,0.457961,0.004340,0.593700,1.999071,0.060937,0.000000,0.031072,0.600000,0.101245,0.002758,0.586959,0.874374,0.035482,-0.156058,0.052403,-0.007519,0.597711,0.642665,0.027446,-0.055120,0.407258,0.407258,-0.401169,-0.401169,0.396349,0.421424,-0.371706,-0.402471,0.234832,-0.234832,0.234832,-0.234832,0.222130,-0.225344,0.253635,-0.238837,0.389516,0.154836
1.242000,0.477951,0.004979,0.593700,1.998877,0.067021,0.000000,0.034141,0.600000,0.110189,0.003132,0.585298,0.914297,0.039404,-0.176058,0.059134,-0.007181,0.597156,0.692871,0.053984,-0.075185,0.407604,0.407604,-0.401515,-0.401515,0.398539,0.416491,-0.376699,-0.402709,0.234832,-0.234832,0.234832,-0.234832,0.221493,-0.225422,0.253450,-0.237602,0.393705,0.155512
1.252000,0.497939,0.005681,0.593700,1.998654,0.073366,0.000000,0.037342,0.600000,0.119531,0.003547,0.583437,0.954204,0.043660,-0.196058,0.066340,-0.006595,0.596263,0.738276,0.077161,-0.084820,0.407953,0.407953,-0.401864,-0.401864,0.400400,0.410030,-0.383381,-0.403624,0.234832,-0.234832,0.234832,-0.234832,0.220668,-0.225154,0.253071,-0.236484,0.400397,0.156688
1.262000,0.517924,0.006448,0.593700,1.998400,0.079979,0.000000,0.040679,0.600000,0.129273,0.004006,0.581377,0.994093,0.048267,-0.216058,0.073949,-0.005788,0.595354,0.771003,0.097551,-0.091850,0.408300,0.408300,-0.402211,-0.402211,0.402036,0.402792,-0.391025,-0.404713,0.234832,-0.234832,0.234832,-0.234832,0.219612,-0.224240,0.252600,-0.235494,0.409320,0.158306
1.272000,0.537907,0.007282,0.593700,1.998113,0.086867,0.000000,0.044153,0.600000,0.139413,0.004514,0.579116,1.033944,0.053270,-0.236058,0.081873,-0.004790,0.594362,0.799085,0.115529,-0.086692,0.408635,0.408635,-0.402545,-0.402545,0.403443,0.395543,-0.399063,-0.405889,0.234832,-0.234832,0.234832,-0.234832,0.218340,-0.222298,0.252001,-0.234677,0.419033,0.160217
1.282000,0.557886,0.008186,0.593700,1.997788,0.094031,0.000000,0.047767,0.600000,0.149945,0.005073,0.576656,1.072071,0.058615,-0.256058,0.090068,-0.003615,0.593413,0.822311,0.132242,-0.080235,0.408942,0.408942,-0.402852,-0.402852,0.404736,0.388919,-0.406952,-0.406883,0.234832,-0.234832,0.234832,-0.234832,0.216783,-0.219177,0.251367,-0.234030,0.425500,0.162206
1.292000,0.577862,0.009163,0.593700,1.997424,0.101477,0.000000,0.051523,0.600000,0.160851,0.005687,0.573995,1.108980,0.064327,-0.276058,0.098503,-0.002277,0.592573,0.846263,0.147976,-0.074228,0.409195,0.409195,-0.403106,-0.403106,0.406152,0.383321,-0.414527,-0.407725,0.234832,-0.234832,0.234832,-0.234832,0.214955,-0.214663,0.250642,-0.233597,0.433939,0.163961
1.302000,0.597835,0.010216,0.593700,1.997016,0.109206,0.000000,0.055422,0.600000,0.172125,0.006361,0.571135,1.146071,0.070439,-0.296058,0.107193,-0.000793,0.591848,0.869641,0.161494,-0.061169,0.409384,0.409384,-0.403294,-0.403294,0.407648,0.378825,-0.421777,-0.408387,0.234832,-0.234832,0.234832,-0.234832,0.212796,-0.208810,0.249904,-0.233357,0.443316,0.165054
1.312000,0.617803,0.011348,0.593700,1.996562,0.117226,0.000000,0.059468,0.600000,0.183775,0.007098,0.568093,1.184046,0.076990,-0.310045,0.116124,0.000817,0.591267,0.894121,0.172447,-0.052161,0.409511,0.409511,-0.403421,-0.403421,0.409198,0.375507,-0.428691,-0.408990,0.234832,-0.234832,0.234832,-0.234832,0.210264,-0.201749,0.249061,-0.233376,0.452550,0.165106
1.322000,0.637766,0.012562,0.593700,1.996056,0.125543,0.000000,0.063664,0.600000,0.195811,0.007901,0.564983,1.223359,0.083733,-0.309472,0.125276,0.002550,0.590887,0.914805,0.182851,-0.034674,0.409622,0.409622,-0.403533,-0.403533,0.410655,0.373554,-0.435044,-0.409363,0.234832,-0.234832,0.234832,-0.234832,0.207346,-0.193719,0.247965,-0.233603,0.460194,0.163830
1.332000,0.657724,0.013860,0.593700,1.995494,0.134171,0.000000,0.068021,0.600000,0.208243,0.008772,0.561944,1.263070,0.090466,-0.297933,0.134602,0.004365,0.590534,0.930577,0.189512,-0.030795,0.409777,0.409777,-0.403688,-0.403688,0.412078,0.373174,-0.440552,-0.409561,0.234832,-0.234832,0.234832,-0.234832,0.204097,-0.185026,0.246451,-0.233957,0.465201,0.161121
1.342000,0.677675,0.015246,0.593700,1.994871,0.143137,0.000000,0.072548,0.600000,0.221072,0.009711,0.559026,1.302753,0.097362,-0.285553,0.144070,0.006308,0.590192,0.948337,0.199353,-0.037526,0.409992,0.409992,-0.403902,-0.403902,0.413520,0.374391,-0.445073,-0.409537,0.234832,-0.234832,0.234832,-0.234832,0.200554,-0.176100,0.244351,-0.234429,0.467016,0.157158
1.352000,0.697621,0.016724,0.593700,1.994182,0.152435,0.000000,0.077243,0.600000,0.234298,0.010720,0.556233,1.342405,0.104434,-0.273282,0.153687,0.008340,0.589913,0.963078,0.208741,-0.047043,0.410266,0.410266,-0.404177,-0.404177,0.414976,0.376967,-0.448647,-0.409192,0.234832,-0.234832,0.234832,-0.234832,0.196797,-0.167316,0.241717,-0.234872,0.465022,0.152201
1.362000,0.717559,0.018296,0.593700,1.993425,0.162031,0.000000,0.082082,0.600000,0.247920,0.011801,0.553558,1.382023,0.111693,-0.261813,0.163476,0.010491,0.589489,0.982721,0.220270,-0.049763,0.410601,0.410601,-0.404511,-0.404511,0.416419,0.380502,-0.451450,-0.408710,0.234832,-0.234832,0.234832,-0.234832,0.192970,-0.158922,0.238713,-0.235148,0.459072,0.146649
1.372000,0.737489,0.019965,0.593700,1.992601,0.171870,0.000000,0.087042,0.600000,0.261938,0.012955,0.550992,1.421604,0.119152,-0.251754,0.173463,0.012793,0.588803,1.004383,0.235325,-0.080836,0.410995,0.410995,-0.404906,-0.404906,0.417936,0.384771,-0.453376,-0.408181,0.234832,-0.234832,0.234832,-0.234832,0.189035,-0.151223,0.235495,-0.235307,0.450836,0.141087
1.382000,0.757411,0.021734,0.593700,1.991708,0.181921,0.000000,0.092108,0.600000,0.276352,0.014184,0.548506,1.461144,0.126824,-0.247287,0.183684,0.015255,0.587997,1.028291,0.253976,-0.099861,0.411446,0.411446,-0.405357,-0.405357,0.419488,0.389530,-0.454320,-0.407775,0.234832,-0.234832,0.234832,-0.234832,0.185044,-0.144310,0.232453,-0.235273,0.441544,0.135866
1.392000,0.777323,0.023605,0.593700,1.990745,0.192171,0.000000,0.097276,0.600000,0.291161,0.015492,0.545973,1.500640,0.134721,-0.262452,0.194137,0.017877,0.586902,1.053986,0.273508,-0.122623,0.411911,0.411911,-0.405822,-0.405822,0.421109,0.394739,-0.453968,-0.407560,0.234832,-0.234832,0.234832,-0.234832,0.181009,-0.138313,0.229950,-0.235062,0.433036,0.131363
1.402000,0.797225,0.025578,0.593700,1.989709,0.202613,0.000000,0.102541,0.600000,0.306365,0.016880,0.543248,1.540088,0.142853,-0.282452,0.205615,0.020821,0.585445,1.135851,0.303859,-0.152723,0.412346,0.412346,-0.406257,-0.406257,0.422548,0.400132,-0.452330,-0.407859,0.234832,-0.234832,0.234832,-0.234832,0.176871,-0.133368,0.228320,-0.234679,0.427184,0.127966
1.414000,0.821094,0.028086,0.593700,1.988369,0.215378,0.000000,0.108980,0.600000,0.325130,0.018654,0.539715,1.587358,0.152934,-0.306452,0.219122,0.024526,0.583599,1.136017,0.327005,-0.177205,0.412830,0.412830,-0.406741,-0.406741,0.423847,0.407209,-0.447878,-0.409041,0.234832,-0.234832,0.234832,-0.234832,0.171861,-0.129021,0.227897,-0.234099,0.423944,0.125197
1.424000,0.840972,0.030294,0.593700,1.987168,0.226196,0.000000,0.114439,0.600000,0.341200,0.020226,0.536551,1.626692,0.161604,-0.326452,0.230560,0.028006,0.581769,1.157217,0.349652,-0.178964,0.413205,0.413205,-0.407116,-0.407116,0.425261,0.413833,-0.441978,-0.409734,0.234832,-0.234832,0.234832,-0.234832,0.168053,-0.131544,0.229023,-0.233314,0.428486,0.126484
1.434000,0.860837,0.032611,0.593700,1.985887,0.237168,0.000000,0.119978,0.600000,0.357663,0.021887,0.533186,1.665413,0.170955,-0.346452,0.242254,0.031778,0.579858,1.194813,0.385099,-0.177333,0.413549,0.413549,-0.407459,-0.407459,0.426616,0.418871,-0.436086,-0.410451,0.234832,-0.234832,0.234832,-0.234832,0.164545,-0.135108,0.230030,-0.232515,0.434240,0.129229
1.444000,0.880689,0.035038,0.593700,1.984528,0.248282,0.000000,0.125591,0.600000,0.374493,0.023658,0.529621,1.700870,0.183101,-0.366452,0.254493,0.035331,0.578247,1.230226,0.384320,-0.155045,0.413834,0.413834,-0.407744,-0.407744,0.427641,0.421906,-0.430715,-0.411580,0.234832,-0.234832,0.234832,-0.234832,0.160567,-0.139176,0.230753,-0.232146,0.437868,0.131102
1.454000,0.900527,0.037577,0.593700,1.983090,0.259526,0.000000,0.131271,0.600000,0.391674,0.025555,0.525883,1.734815,0.196575,-0.373179,0.267162,0.039138,0.576642,1.277913,0.374454,-0.138074,0.414051,0.414051,-0.407962,-0.407962,0.428199,0.424852,-0.425744,-0.412744,0.234833,-0.234833,0.234833,-0.234833,0.155133,-0.144735,0.229450,-0.233484,0.439137,0.129884
1.464000,0.920351,0.040229,0.593700,1.981570,0.270888,0.000000,0.137015,0.600000,0.409184,0.027591,0.522197,1.767277,0.210607,-0.371141,0.280158,0.042933,0.575252,1.314348,0.365517,-0.129486,0.414266,0.414266,-0.408176,-0.408176,0.428513,0.428018,-0.420745,-0.413283,0.234838,-0.234838,0.234838,-0.234838,0.150410,-0.149624,0.228657,-0.234313,0.438091,0.128373
1.474000,0.940158,0.042995,0.593700,1.979968,0.282356,0.000000,0.142815,0.600000,0.427035,0.029759,0.518385,1.803954,0.222229,-0.391141,0.293303,0.046645,0.573970,1.334228,0.358959,-0.131137,0.414423,0.414423,-0.408333,-0.408333,0.429046,0.430960,-0.416038,-0.413127,0.234844,-0.234844,0.234844,-0.234844,0.146306,-0.153878,0.228516,-0.234463,0.436557,0.127048
1.484000,0.959950,0.045876,0.593700,1.978284,0.293921,0.000000,0.148669,0.600000,0.445270,0.032031,0.514385,1.842978,0.232198,-0.407592,0.306531,0.050325,0.572718,1.347905,0.355173,-0.133819,0.414540,0.414540,-0.408451,-0.408451,0.429951,0.433267,-0.411834,-0.412176,0.234846,-0.234846,0.234846,-0.234846,0.142657,-0.157709,0.228784,-0.234193,0.434731,0.125909
1.494000,0.979724,0.048873,0.593700,1.976519,0.305570,0.000000,0.154569,0.600000,0.463894,0.034404,0.510236,1.881729,0.242540,-0.422345,0.320237,0.054097,0.571360,1.391978,0.358132,-0.140329,0.414640,0.414640,-0.408550,-0.408550,0.431295,0.434472,-0.408469,-0.410488,0.234844,-0.234844,0.234844,-0.234844,0.139255,-0.161255,0.229296,-0.233672,0.433177,0.124904
1.504000,0.999480,0.051988,0.593700,1.974671,0.317290,0.000000,0.160509,0.600000,0.482870,0.036908,0.505939,1.912422,0.259070,-0.437112,0.334198,0.057848,0.570062,1.444462,0.357537,-0.148874,0.414691,0.414691,-0.408601,-0.408601,0.432955,0.434512,-0.405984,-0.408207,0.234838,-0.234838,0.234838,-0.234838,0.135959,-0.164725,0.229960,-0.233012,0.431497,0.124055
1.514000,1.019217,0.055219,0.593700,1.972743,0.329066,0.000000,0.166480,0.600000,0.502137,0.039590,0.501471,1.940618,0.277548,-0.456755,0.348710,0.061454,0.568588,1.513778,0.345115,-0.173828,0.414632,0.414632,-0.408543,-0.408543,0.432961,0.433473,-0.404444,-0.408231,0.234844,-0.234844,0.234844,-0.234844,0.132840,-0.168037,0.230687,-0.232376,0.431484,0.123411
1.524000,1.038934,0.058569,0.593700,1.970737,0.340874,0.000000,0.172472,0.600000,0.521664,0.042458,0.496804,1.961903,0.295570,-0.476755,0.363971,0.064933,0.566631,1.591333,0.328548,-0.207221,0.414448,0.414448,-0.408359,-0.408359,0.429295,0.431264,-0.404157,-0.412556,0.234871,-0.234871,0.234871,-0.234871,0.130486,-0.171214,0.231534,-0.231575,0.434397,0.123098
1.534000,1.058631,0.062037,0.593700,1.968657,0.352690,0.000000,0.178472,0.600000,0.541321,0.045493,0.491936,1.967932,0.311265,-0.496755,0.380219,0.068163,0.564528,1.669139,0.305370,-0.243255,0.414169,0.414169,-0.408080,-0.408080,0.421412,0.427944,-0.404879,-0.421394,0.234919,-0.234919,0.234919,-0.234919,0.129357,-0.174039,0.232513,-0.230746,0.440834,0.123316
1.544000,1.078307,0.065623,0.593700,1.966505,0.364496,0.000000,0.184472,0.600000,0.561004,0.048681,0.486940,1.968169,0.326153,-0.500000,0.397113,0.071266,0.561819,1.738804,0.284607,-0.279881,0.413838,0.413838,-0.407748,-0.407748,0.409454,0.423843,-0.406398,-0.435188,0.234990,-0.234990,0.234990,-0.234990,0.130304,-0.176848,0.233623,-0.230250,0.444334,0.124664
1.554000,1.097961,0.069327,0.593700,1.964283,0.376288,0.000000,0.190472,0.600000,0.580678,0.052016,0.481940,1.966479,0.340975,-0.500000,0.414783,0.074135,0.558923,1.801277,0.261798,-0.306915,0.413487,0.413487,-0.407398,-0.407398,0.393580,0.419235,-0.408674,-0.453498,0.235083,-0.235083,0.235083,-0.235083,0.133070,-0.179280,0.234915,-0.230351,0.438090,0.127248
1.564000,1.117593,0.073149,0.593700,1.961990,0.388066,0.000000,0.196472,0.600000,0.600331,0.055501,0.476940,1.964057,0.356074,-0.500000,0.433131,0.076823,0.555607,1.850090,0.241835,-0.326309,0.413136,0.413136,-0.407046,-0.407046,0.374719,0.414319,-0.411553,-0.474136,0.235198,-0.235198,0.235198,-0.235198,0.137259,-0.181438,0.236315,-0.231590,0.431863,0.131093
1.574000,1.137201,0.077088,0.593700,1.959626,0.399831,0.000000,0.202472,0.600000,0.619958,0.059137,0.471940,1.961379,0.370972,-0.500000,0.451914,0.079381,0.552205,1.871722,0.228287,-0.333956,0.412792,0.412792,-0.406703,-0.406703,0.355048,0.409450,-0.414735,-0.493333,0.235334,-0.235334,0.235334,-0.235334,0.142487,-0.183212,0.237844,-0.234344,0.427282,0.136127
1.584000,1.156785,0.081145,0.593700,1.957189,0.411583,0.000000,0.208472,0.600000,0.639558,0.062918,0.466940,1.958674,0.385126,-0.500000,0.470834,0.081802,0.548762,1.863106,0.219356,-0.332510,0.412460,0.412460,-0.406370,-0.406370,0.337379,0.404930,-0.417769,-0.506783,0.235481,-0.235481,0.235481,-0.235481,0.148445,-0.184518,0.239606,-0.238777,0.426176,0.142376
1.594000,1.176344,0.085320,0.593700,1.954683,0.423319,0.000000,0.214470,0.600000,0.659132,0.066837,0.461943,1.956040,0.398287,-0.496282,0.489449,0.084217,0.545429,1.826536,0.221651,-0.313840,0.412139,0.412139,-0.406049,-0.406049,0.324432,0.400930,-0.420058,-0.510988,0.235626,-0.235626,0.235626,-0.235626,0.154938,-0.185359,0.241746,-0.244703,0.429835,0.149490
1.604000,1.195878,0.089611,0.593700,1.952108,0.435033,0.000000,0.220465,0.600000,0.678680,0.070879,0.457078,1.953552,0.410211,-0.477173,0.507564,0.086608,0.542108,1.782814,0.227488,-0.315983,0.411828,0.411828,-0.405738,-0.405738,0.317622,0.397642,-0.421262,-0.504835,0.235784,-0.235784,0.235784,-0.235784,0.162236,-0.185782,0.244373,-0.251597,0.438343,0.157365
1.614000,1.215386,0.094020,0.593700,1.949467,0.446725,0.000000,0.226459,0.600000,0.698202,0.075042,0.452406,1.950894,0.422605,-0.457173,0.525235,0.088954,0.539002,1.758249,0.230307,-0.290840,0.411527,0.411527,-0.405437,-0.405437,0.316621,0.394826,-0.421445,-0.490374,0.235961,-0.235961,0.235961,-0.235961,0.170738,-0.185917,0.247371,-0.259036,0.448632,0.165627
1.624000,1.234867,0.098546,0.593700,1.946754,0.458404,0.000000,0.232454,0.600000,0.717697,0.079332,0.450000,1.948079,0.435406,-0.437173,0.542716,0.091278,0.536267,1.756664,0.233449,-0.271884,0.411235,0.411235,-0.405146,-0.405146,0.319899,0.392400,-0.420973,-0.472235,0.236156,-0.236156,0.236156,-0.236156,0.180491,-0.186195,0.250509,-0.267093,0.457997,0.173870
1.634000,1.254321,0.103188,0.593700,1.943974,0.470062,0.000000,0.238449,0.600000,0.737163,0.083753,0.450000,1.945019,0.449006,-0.417173,0.560244,0.093649,0.533663,1.770580,0.237324,-0.261458,0.410952,0.410952,-0.404863,-0.404863,0.325363,0.390157,-0.420160,-0.453371,0.236370,-0.236370,0.236370,-0.236370,0.191432,-0.186426,0.253809,-0.275835,0.463070,0.181487
1.644000,1.273747,0.107947,0.593700,1.941122,0.481707,0.000000,0.244443,0.600000,0.756597,0.088314,0.450000,1.941760,0.463126,-0.397173,0.577929,0.096004,0.531342,1.787720,0.237995,-0.242846,0.410677,0.410677,-0.404588,-0.404588,0.332119,0.388060,-0.419321,-0.434755,0.236606,-0.236606,0.236606,-0.236606,0.202687,-0.186707,0.257181,-0.285154,0.463695,0.188104
1.654000,1.293143,0.112822,0.593700,1.938201,0.493333,0.000000,0.250438,0.600000,0.775998,0.093017,0.450000,1.938372,0.477395,-0.377173,0.595691,0.098528,0.528989,1.800420,0.247066,-0.234880,0.410410,0.410410,-0.404321,-0.404321,0.340036,0.386154,-0.418480,-0.416245,0.236863,-0.236863,0.236863,-0.236863,0.213407,-0.187114,0.260738,-0.294915,0.460738,0.193152
1.664000,1.312510,0.117814,0.593700,1.935209,0.504943,0.000000,0.256433,0.600000,0.795365,0.097857,0.450000,1.935180,0.490350,-0.357173,0.613655,0.100832,0.526715,1.820426,0.231505,-0.223039,0.410151,0.410151,-0.404062,-0.404062,0.348782,0.384357,-0.417694,-0.397644,0.237132,-0.237132,0.237132,-0.237132,0.223512,-0.187433,0.264627,-0.304788,0.456377,0.197327
1.676000,1.335711,0.123957,0.593700,1.931526,0.518851,0.000000,0.263626,0.600000,0.818565,0.103828,0.450000,1.931492,0.504756,-0.333173,0.635537,0.103686,0.523604,1.851358,0.226361,-0.268380,0.409850,0.409850,-0.403761,-0.403761,0.359710,0.381931,-0.416913,-0.375440,0.237451,-0.237451,0.237451,-0.237451,0.232891,-0.188385,0.269043,-0.317947,0.450404,0.199409
1.686000,1.355011,0.129203,0.593700,1.928381,0.530420,0.000000,0.269621,0.600000,0.837865,0.108935,0.450000,1.928321,0.516801,-0.322798,0.654118,0.105937,0.521121,1.880114,0.210883,-0.267027,0.409608,0.409608,-0.403518,-0.403518,0.369275,0.379445,-0.416523,-0.357235,0.237703,-0.237703,0.237703,-0.237703,0.237810,-0.189169,0.272969,-0.329266,0.445892,0.200909
1.696000,1.374278,0.134565,0.593700,1.925167,0.541971,0.000000,0.275615,0.600000,0.857131,0.114166,0.450000,1.924934,0.529402,-0.341433,0.672993,0.108103,0.518504,1.915693,0.192592,-0.260001,0.409372,0.409372,-0.403283,-0.403283,0.379496,0.376637,-0.416485,-0.339598,0.237905,-0.237905,0.237905,-0.237905,0.239467,-0.189750,0.277242,-0.340542,0.443012,0.202732
1.706000,1.393514,0.140042,0.593700,1.921882,0.553502,0.000000,0.281610,0.600000,0.876363,0.119522,0.450000,1.921511,0.541796,-0.361433,0.692180,0.110268,0.515589,1.953932,0.181283,-0.284141,0.409144,0.409144,-0.403054,-0.403054,0.390072,0.373574,-0.416728,-0.323321,0.238032,-0.238032,0.238032,-0.238032,0.237909,-0.190008,0.282109,-0.351254,0.437418,0.205183
1.716000,1.412716,0.145635,0.593700,1.918530,0.565014,0.000000,0.287607,0.600000,0.895561,0.125002,0.450000,1.918091,0.553848,-0.376722,0.712161,0.111534,0.512607,2.007243,0.136182,-0.287474,0.408922,0.408922,-0.402832,-0.402832,0.399738,0.370101,-0.417830,-0.311856,0.238083,-0.238083,0.238083,-0.238083,0.234147,-0.190284,0.286992,-0.347171,0.430793,0.203985
1.726000,1.431884,0.151342,0.593700,1.915107,0.576507,0.000000,0.293604,0.600000,0.914726,0.130596,0.450000,1.914836,0.564981,-0.360341,0.731940,0.113945,0.509947,2.005013,0.202862,-0.240628,0.408706,0.408706,-0.402617,-0.402617,0.408514,0.366618,-0.419386,-0.302099,0.238085,-0.238085,0.238085,-0.238085,0.228045,-0.191447,0.290654,-0.343906,0.425948,0.203852
1.736000,1.451018,0.157165,0.593700,1.911615,0.587981,0.000000,0.299601,0.600000,0.933857,0.136303,0.450000,1.911392,0.576531,-0.340341,0.752042,0.115487,0.507691,2.020206,0.179839,-0.200933,0.408497,0.408497,-0.402407,-0.402407,0.417442,0.362915,-0.421077,-0.295391,0.238071,-0.238071,0.238071,-0.238071,0.225634,-0.191665,0.295262,-0.339787,0.422075,0.201585
1.746000,1.470116,0.163102,0.593700,1.908051,0.599438,0.000000,0.305598,0.600000,0.952953,0.142128,0.450000,1.907787,0.588379,-0.324973,0.772059,0.118118,0.505537,2.025974,0.216554,-0.193230,0.408294,0.408294,-0.402204,-0.402204,0.424846,0.359020,-0.423145,-0.292314,0.238043,-0.238043,0.238043,-0.238043,0.223050,-0.190041,0.301667,-0.334002,0.421325,0.200942
1.756000,1.489178,0.169154,0.593700,1.904422,0.610871,0.000000,0.311595,0.600000,0.972013,0.148070,0.450000,1.904179,0.599966,-0.304973,0.792562,0.120456,0.503705,2.050950,0.250740,-0.169126,0.408096,0.408096,-0.402007,-0.402007,0.429040,0.355060,-0.425431,-0.295690,0.238001,-0.238001,0.238001,-0.238001,0.226343,-0.186228,0.309993,-0.326275,0.424299,0.198133
1.766000,1.508204,0.175319,0.593700,1.900725,0.622280,0.000000,0.317592,0.600000,0.991036,0.154127,0.450000,1.900473,0.611627,-0.308973,0.813211,0.123078,0.502081,2.067538,0.287029,-0.158746,0.407905,0.407905,-0.401816,-0.401816,0.431131,0.351622,-0.427025,-0.302470,0.237950,-0.237950,0.237950,-0.237950,0.228588,-0.183039,0.317511,-0.319242,0.429660,0.194924
1.776000,1.527193,0.181599,0.593700,1.896959,0.633668,0.000000,0.323589,0.600000,1.010022,0.160302,0.450000,1.896725,0.623169,-0.328973,0.834376,0.126085,0.500446,2.106594,0.325937,-0.161424,0.407719,0.407719,-0.401630,-0.401630,0.431478,0.348623,-0.428044,-0.310643,0.237885,-0.237885,0.237885,-0.237885,0.230588,-0.180565,0.324419,-0.312832,0.436290,0.191755
1.786000,1.546143,0.187993,0.593700,1.893126,0.645031,0.000000,0.329586,0.600000,1.028970,0.166590,0.450000,1.892939,0.634582,-0.348973,0.856428,0.129657,0.498836,2.182432,0.379933,-0.160268,0.407539,0.407539,-0.401449,-0.401449,0.429798,0.345730,-0.428490,-0.320499,0.237810,-0.237810,0.237810,-0.237810,0.231973,-0.178640,0.330984,-0.306824,0.443730,0.188890
1.796000,1.565055,0.194500,0.593700,1.889223,0.656376,0.000000,0.335586,0.600000,1.047881,0.172993,0.450000,1.889095,0.645938,-0.368973,0.878737,0.133842,0.497286,2.244530,0.446013,-0.153240,0.407364,0.407364,-0.401274,-0.401274,0.426228,0.342955,-0.428415,-0.332480,0.237730,-0.237730,0.237730,-0.237730,0.232813,-0.176886,0.337188,-0.300989,0.442313,0.186085
1.806000,1.583927,0.201120,0.593700,1.885250,0.667704,0.000000,0.341588,0.600000,1.066752,0.179509,0.450000,1.885185,0.657266,-0.388973,0.901615,0.137904,0.495710,2.306521,0.470573,-0.159018,0.407194,0.407194,-0.401104,-0.401104,0.421257,0.340248,-0.428232,-0.345998,0.237647,-0.237647,0.237647,-0.237647,0.233808,-0.175495,0.342787,-0.295645,0.439621,0.182916
1.816000,1.602760,0.207854,0.593700,1.881206,0.679008,0.000000,0.347590,0.600000,1.085584,0.186138,0.450000,1.881205,0.668570,-0.408973,0.924337,0.142626,0.494019,2.336417,0.511715,-0.172399,0.407029,0.407029,-0.400939,-0.400939,0.415078,0.336286,-0.430701,-0.360008,0.237565,-0.237565,0.237565,-0.237565,0.234557,-0.174504,0.347373,-0.290981,0.436214,0.180360
1.826000,1.621551,0.214700,0.593700,1.877097,0.690287,0.000000,0.353592,0.600000,1.104376,0.192880,0.450000,1.877159,0.679849,-0.428973,0.947405,0.147709,0.492315,2.354360,0.548147,-0.183974,0.406868,0.406868,-0.400779,-0.400779,0.407701,0.328980,-0.437696,-0.374475,0.237485,-0.237485,0.237485,-0.237485,0.235372,-0.173628,0.350985,-0.286544,0.429569,0.177679
1.836000,1.640301,0.221659,0.593700,1.872920,0.701541,0.000000,0.359595,0.600000,1.123127,0.199735,0.450000,1.873044,0.691104,-0.448973,0.970714,0.153275,0.490493,2.360707,0.582761,-0.197711,0.406713,0.406713,-0.400623,-0.400623,0.399452,0.317504,-0.449786,-0.389069,0.237407,-0.237407,0.237407,-0.237407,0.236375,-0.173267,0.351629,-0.282082,0.419842,0.175536
1.846000,1.659009,0.228731,0.593700,1.868675,0.712770,0.000000,0.365597,0.600000,1.141837,0.206702,0.450000,1.868862,0.702334,-0.468973,0.994193,0.159180,0.488684,2.358027,0.609631,-0.192171,0.406562,0.406562,-0.400472,-0.400472,0.390511,0.301833,-0.467042,-0.403522,0.237332,-0.237332,0.237332,-0.237332,0.237473,-0.173547,0.349876,-0.277600,0.407607,0.174100
1.856000,1.677675,0.235915,0.593700,1.864363,0.723975,0.000000,0.371599,0.600000,1.160504,0.213782,0.450000,1.864613,0.713540,-0.488973,1.017784,0.165404,0.486714,2.344563,0.629681,-0.193430,0.406415,0.406415,-0.400326,-0.400326,0.381114,0.282203,-0.488288,-0.417667,0.237258,-0.237258,0.237258,-0.237258,0.238477,-0.174586,0.345874,-0.273127,0.393376,0.173761
1.866000,1.696296,0.243210,0.593700,1.859984,0.735154,0.000000,0.377602,0.600000,1.179129,0.220973,0.450000,1.860296,0.724720,-0.500000,1.041298,0.171836,0.484663,2.305778,0.633539,-0.191335,0.406273,0.406273,-0.400184,-0.400184,0.371851,0.261254,-0.509596,-0.430632,0.237187,-0.237187,0.237187,-0.237187,0.239311,-0.176386,0.339293,-0.268602,0.379423,0.174803
1.876000,1.714874,0.250618,0.593700,1.855538,0.746305,0.000000,0.383604,0.600000,1.197710,0.228276,0.450000,1.855912,0.735874,-0.500000,1.064440,0.178306,0.482737,2.244577,0.622017,-0.178556,0.406135,0.406135,-0.400045,-0.400045,0.363671,0.243688,-0.525943,-0.441496,0.237119,-0.237119,0.237119,-0.237119,0.239955,-0.178780,0.329518,-0.263963,0.370447,0.177643
1.886000,1.733407,0.258136,0.593700,1.851025,0.757430,0.000000,0.389606,0.600000,1.216247,0.235690,0.450000,1.851462,0.747001,-0.500000,1.086987,0.184632,0.481110,2.176427,0.596931,-0.148081,0.406001,0.406001,-0.399911,-0.399911,0.357495,0.233763,-0.533705,-0.449807,0.237052,-0.237052,0.237052,-0.237052,0.240450,-0.181605,0.315854,-0.259214,0.370948,0.182360
1.896000,1.751894,0.265766,0.593700,1.846445,0.768527,0.000000,0.395609,0.600000,1.234739,0.243216,0.450000,1.846945,0.758101,-0.500000,1.108834,0.190684,0.479760,2.124581,0.569376,-0.119727,0.405871,0.405871,-0.399781,-0.399781,0.353210,0.233437,-0.532498,-0.455742,0.236987,-0.236987,0.236987,-0.236987,0.240886,-0.184997,0.297857,-0.254416,0.382690,0.188523
1.906000,1.770336,0.273507,0.593700,1.841798,0.779597,0.000000,0.401611,0.600000,1.253185,0.250852,0.450000,1.842361,0.769174,-0.497201,1.130148,0.196502,0.478913,2.096064,0.553167,-0.066039,0.405744,0.405744,-0.399655,-0.399655,0.350369,0.241962,-0.524877,-0.459884,0.236924,-0.236924,0.236924,-0.236924,0.241432,-0.189568,0.275717,-0.249555,0.403553,0.195385
1.916000,1.788730,0.281358,0.593700,1.837086,0.790634,0.000000,0.407611,0.600000,1.271586,0.258599,0.450000,1.837711,0.780217,-0.477201,1.151178,0.202240,0.478447,2.089502,0.553416,-0.032877,0.405621,0.405621,-0.399532,-0.399532,0.348561,0.257142,-0.514455,-0.462727,0.236863,-0.236863,0.236863,-0.236863,0.242328,-0.195928,0.250528,-0.244528,0.428764,0.202233
1.928000,1.810741,0.290925,0.593700,1.831345,0.803840,0.000000,0.414811,0.600000,1.293604,0.268041,0.450000,1.832044,0.793430,-0.453201,1.176303,0.209126,0.478297,2.097076,0.565219,-0.006625,0.405479,0.405479,-0.399390,-0.399390,0.347258,0.280815,-0.502300,-0.465047,0.236792,-0.236792,0.236792,-0.236792,0.243982,-0.206153,0.219158,-0.238160,0.456513,0.209007
1.938000,1.829030,0.299018,0.593700,1.826488,0.814813,0.000000,0.420811,0.600000,1.311901,0.276031,0.450000,1.827250,0.804407,-0.433201,1.197278,0.214894,0.478492,2.106464,0.574458,0.016804,0.405364,0.405364,-0.399275,-0.399275,0.346698,0.303335,-0.493822,-0.466438,0.236735,-0.236735,0.236735,-0.236735,0.245807,-0.216295,0.194334,-0.232620,0.472793,0.212382
1.948000,1.847270,0.307221,0.593700,1.821566,0.825756,0.000000,0.426811,0.600000,1.330149,0.284129,0.450000,1.822390,0.815355,-0.413201,1.218280,0.220686,0.478738,2.111223,0.580896,0.008855,0.405252,0.405252,-0.399163,-0.399163,0.346583,0.327568,-0.486254,-0.467592,0.236679,-0.236679,0.236679,-0.236679,0.247674,-0.227157,0.171954,-0.227105,0.482504,0.206799
1.958000,1.865461,0.315533,0.593700,1.816578,0.836670,0.000000,0.432811,0.600000,1.348348,0.292338,0.450000,1.817465,0.826274,-0.393201,1.239302,0.226480,0.479084,2.117745,0.579955,0.014252,0.405144,0.405144,-0.399055,-0.399055,0.346771,0.352525,-0.478112,-0.468765,0.236625,-0.236625,0.236625,-0.236625,0.249586,-0.237542,0.152400,-0.221460,0.486446,0.197719
1.968000,1.883602,0.323954,0.593700,1.811525,0.847553,0.000000,0.438811,0.600000,1.366498,0.300655,0.450000,1.812474,0.837163,-0.373201,1.260357,0.232279,0.479359,2.123088,0.582670,-0.004288,0.405039,0.405039,-0.398949,-0.398949,0.347193,0.377363,-0.467523,-0.469923,0.236573,-0.236573,0.236573,-0.236573,0.251270,-0.247082,0.134915,-0.215965,0.487550,0.188311
1.978000,1.901691,0.332484,0.593700,1.806407,0.858406,0.000000,0.444811,0.600000,1.384598,0.309081,0.450000,1.807418,0.848022,-0.353201,1.281419,0.238185,0.479179,2.135980,0.589707,-0.048065,0.404937,0.404937,-0.398847,-0.398847,0.347696,0.400964,-0.454339,-0.471052,0.236522,-0.236522,0.236522,-0.236522,0.253087,-0.254956,0.119518,-0.209983,0.488002,0.178613
1.988000,1.919730,0.341122,0.593700,1.801223,0.869227,0.000000,0.450811,0.600000,1.402646,0.317615,0.450000,1.802326,0.858783,-0.333939,1.302615,0.244101,0.478779,2.156146,0.597911,-0.077764,0.404838,0.404838,-0.398748,-0.398748,0.348089,0.422486,-0.439727,-0.472161,0.236473,-0.236473,0.236473,-0.236473,0.255073,-0.260724,0.106025,-0.203588,0.488990,0.169150
1.998000,1.937716,0.349869,0.593700,1.795975,0.880019,0.000000,0.456811,0.600000,1.420644,0.326257,0.450000,1.797120,0.869623,-0.324260,1.324097,0.250224,0.478027,2.182725,0.616700,-0.112133,0.404741,0.404741,-0.398652,-0.398652,0.348187,0.441208,-0.424983,-0.473593,0.236428,-0.236428,0.236428,-0.236428,0.257297,-0.264317,0.094265,-0.196693,0.490654,0.160312
2.008000,1.955649,0.358723,0.593700,1.790663,0.890779,0.000000,0.462811,0.600000,1.438589,0.335007,0.450000,1.791926,0.880269,-0.314259,1.345924,0.256522,0.476872,2.215755,0.631853,-0.127225,0.404648,0.404648,-0.398559,-0.398559,0.347674,0.456943,-0.410652,-0.475702,0.236384,-0.236384,0.236384,-0.236384,0.259723,-0.265832,0.085128,-0.189320,0.493126,0.153022
2.018000,1.973529,0.367684,0.593700,1.785209,0.901523,0.000000,0.468824,0.600000,1.456482,0.343861,0.450000,1.786766,0.890646,-0.294311,1.368307,0.262820,0.475337,2.246698,0.627152,-0.139137,0.404557,0.404557,-0.398468,-0.398468,0.346829,0.469204,-0.402114,-0.478889,0.236350,-0.236350,0.236350,-0.236350,0.261375,-0.266643,0.084030,-0.181527,0.495455,0.150325
2.030000,1.994913,0.378580,0.593700,1.778680,0.914491,0.000000,0.476109,0.600000,1.477886,0.354625,0.450000,1.780436,0.903244,-0.270311,1.395390,0.270529,0.473630,2.271935,0.649631,-0.110214,0.404452,0.404452,-0.398363,-0.398363,0.345600,0.480092,-0.399382,-0.482426,0.236331,-0.236331,0.236331,-0.236331,0.262899,-0.262983,0.082344,-0.173394,0.502056,0.152708
2.042000,2.016217,0.389632,0.593700,1.771972,0.927423,0.000000,0.483395,0.600000,1.499216,0.365531,0.450000,1.774470,0.914844,-0.246311,1.422522,0.278548,0.472326,2.296562,0.662263,-0.115617,0.404350,0.404350,-0.398261,-0.398261,0.344682,0.486969,-0.392961,-0.486011,0.236327,-0.236327,0.236327,-0.236327,0.265420,-0.261975,0.083483,-0.164337,0.507005,0.153325
2.054000,2.037439,0.400838,0.593700,1.765163,0.940310,0.000000,0.490683,0.600000,1.520472,0.376583,0.450000,1.768411,0.926445,-0.236997,1.449596,0.286724,0.471517,2.256590,0.714287,-0.026488,0.404252,0.404252,-0.398163,-0.398163,0.343503,0.487588,-0.391002,-0.490026,0.236341,-0.236341,0.236341,-0.236341,0.268786,-0.260115,0.093283,-0.154479,0.508683,0.158338
2.064000,2.055062,0.410295,0.593700,1.759418,0.951013,0.000000,0.496757,0.600000,1.538139,0.385879,0.450000,1.765130,0.932484,-0.256997,1.472019,0.294055,0.471363,2.224338,0.756125,0.010152,0.404173,0.404173,-0.398084,-0.398084,0.342130,0.483584,-0.394774,-0.495254,0.236346,-0.236346,0.236346,-0.236346,0.270636,-0.258423,0.100273,-0.147382,0.507134,0.162777
2.076000,2.076134,0.421784,0.593700,1.752444,0.963814,0.000000,0.504046,0.600000,1.559288,0.397128,0.450000,1.759316,0.943307,-0.280997,1.499296,0.303440,0.471471,2.229146,0.799880,0.020087,0.404081,0.404081,-0.397992,-0.397992,0.340666,0.474804,-0.402415,-0.502512,0.236328,-0.236328,0.236328,-0.236328,0.272893,-0.256801,0.107731,-0.139518,0.503033,0.164085
2.088000,2.097121,0.433426,0.593700,1.745373,0.976562,0.000000,0.511334,0.600000,1.580353,0.408535,0.450000,1.751253,0.958259,-0.304997,1.527435,0.313686,0.471833,2.283282,0.860372,0.023690,0.403993,0.403993,-0.397903,-0.397903,0.339508,0.462556,-0.411656,-0.509948,0.236291,-0.236291,0.236291,-0.236291,0.274266,-0.255400,0.114815,-0.132005,0.496152,0.160974
2.100000,2.118022,0.445221,0.593700,1.738208,0.989258,0.000000,0.518623,0.600000,1.601316,0.420130,0.450000,1.742494,0.974234,-0.328997,1.555210,0.324021,0.471971,2.293747,0.898276,0.022523,0.403907,0.403907,-0.397818,-0.397818,0.339078,0.447356,-0.421365,-0.516168,0.236245,-0.236245,0.236245,-0.236245,0.276009,-0.254168,0.121904,-0.124512,0.489396,0.158192
2.112000,2.138837,0.457168,0.593700,1.730952,1.001899,0.000000,0.525912,0.600000,1.622172,0.431917,0.450000,1.733622,0.990090,-0.352997,1.581786,0.334317,0.472381,2.255004,0.919943,0.011119,0.403825,0.403825,-0.397735,-0.397735,0.338286,0.430857,-0.431232,-0.521042,0.236197,-0.236197,0.236197,-0.236197,0.276041,-0.253586,0.128057,-0.119019,0.481458,0.156116
2.124000,2.159565,0.469266,0.593700,1.723600,1.014487,0.000000,0.533200,0.600000,1.642927,0.443882,0.450000,1.725774,1.003770,-0.376997,1.607696,0.344913,0.472181,2.210168,0.935537,-0.028514,0.403745,0.403745,-0.397655,-0.397655,0.333134,0.413761,-0.443452,-0.528757,0.236149,-0.236149,0.236149,-0.236149,0.276949,-0.252384,0.134762,-0.116461,0.470272,0.156080
2.136000,2.180203,0.481515,0.593700,1.716158,1.027022,0.000000,0.540489,0.600000,1.663592,0.456005,0.450000,1.718265,1.016588,-0.400997,1.633278,0.355839,0.471737,2.150287,0.946564,-0.056036,0.403668,0.403668,-0.397579,-0.397579,0.322276,0.396939,-0.457405,-0.542459,0.236103,-0.236103,0.236103,-0.236103,0.277070,-0.251330,0.141704,-0.115338,0.455951,0.157423
2.148000,2.200752,0.493915,0.593700,1.708628,1.039504,0.000000,0.547778,0.600000,1.684166,0.468279,0.450000,1.710773,1.029151,-0.424997,1.658504,0.367069,0.471038,2.077121,0.951341,-0.070314,0.403594,0.403594,-0.397504,-0.397504,0.305707,0.380933,-0.471235,-0.563146,0.236058,-0.236058,0.236058,-0.236058,0.276414,-0.250440,0.148435,-0.116179,0.439656,0.160303
2.160000,2.221210,0.506463,0.593700,1.701008,1.051930,0.000000,0.555066,0.600000,1.704650,0.480704,0.450000,1.703219,1.041610,-0.448997,1.683147,0.378544,0.470158,1.986091,0.951101,-0.071750,0.403522,0.403522,-0.397433,-0.397433,0.283867,0.366015,-0.483542,-0.586848,0.236015,-0.236015,0.236015,-0.236015,0.275235,-0.249716,0.154511,-0.120228,0.422013,0.164997
2.172000,2.241576,0.519161,0.593700,1.693298,1.064302,0.000000,0.562355,0.600000,1.725043,0.493278,0.450000,1.695582,1.054002,-0.472997,1.706786,0.390071,0.469265,1.859868,0.933477,-0.069065,0.403453,0.403453,-0.397364,-0.397364,0.261273,0.352769,-0.492365,-0.605187,0.235974,-0.235974,0.235974,-0.235974,0.273435,-0.249221,0.159843,-0.128210,0.406168,0.171351
2.184000,2.261849,0.532006,0.593700,1.685496,1.076617,0.000000,0.569644,0.600000,1.745343,0.506000,0.450000,1.687855,1.066335,-0.496997,1.728975,0.401421,0.468404,1.729044,0.906972,-0.066827,0.403386,0.403386,-0.397297,-0.397297,0.243874,0.342078,-0.496418,-0.610444,0.235934,-0.235934,0.235934,-0.235934,0.271072,-0.248987,0.164546,-0.140116,0.397063,0.179171
2.196000,2.282027,0.544999,0.593700,1.677604,1.088873,0.000000,0.576932,0.600000,1.765551,0.518869,0.450000,1.680038,1.078609,-0.500000,1.749710,0.412531,0.467771,1.632338,0.892028,-0.049413,0.403322,0.403322,-0.397232,-0.397232,0.234130,0.335237,-0.496340,-0.601047,0.235895,-0.235895,0.235895,-0.235895,0.268702,-0.248940,0.168881,-0.155351,0.396809,0.188100
2.208000,2.302111,0.558139,0.593700,1.669619,1.101067,0.000000,0.584221,0.600000,1.785664,0.531886,0.450000,1.672131,1.090824,-0.500000,1.769480,0.423501,0.467423,1.593355,0.894734,-0.032384,0.403260,0.403260,-0.397170,-0.397170,0.229456,0.332069,-0.493576,-0.582818,0.235858,-0.235858,0.235858,-0.235858,0.267201,-0.248967,0.173374,-0.173304,0.402262,0.197963
2.220000,2.322098,0.571425,0.593700,1.661560,1.113185,0.000000,0.591484,0.600000,1.805682,0.545049,0.450000,1.664134,1.102975,-0.497908,1.788937,0.434582,0.467563,1.595838,0.920117,0.004913,0.403200,0.403200,-0.397110,-0.397110,0.225362,0.331108,-0.489831,-0.564098,0.235822,-0.235822,0.235822,-0.235822,0.266966,-0.249076,0.178049,-0.193849,0.406244,0.208035
2.232000,2.341978,0.584864,0.593700,1.649769,1.128175,0.000000,0.598686,0.600000,1.825601,0.558358,0.450000,1.655057,1.115754,-0.480620,1.807499,0.447436,0.467618,1.532676,1.053079,0.052520,0.403142,0.403142,-0.397053,-0.397053,0.220760,0.330262,-0.486475,-0.548619,0.235788,-0.235788,0.235788,-0.235788,0.268906,-0.248187,0.183881,-0.215345,0.401564,0.221817
2.244000,2.361732,0.598466,0.593700,1.644465,1.137227,0.000000,0.605889,0.600000,1.845401,0.571828,0.450000,1.645892,1.128342,-0.475818,1.827591,0.458283,0.468521,1.613386,0.890652,0.105885,0.403086,0.403086,-0.396997,-0.396997,0.221033,0.328504,-0.484994,-0.531114,0.235758,-0.235758,0.235758,-0.235758,0.281971,-0.238851,0.198511,-0.226017,0.397079,0.225456
2.256000,2.381419,0.612183,0.593700,1.636735,1.148946,0.000000,0.613089,0.600000,1.865110,0.585432,0.450000,1.638864,1.139250,-0.499818,1.845623,0.470207,0.469778,1.477606,0.992458,0.110233,0.403032,0.403032,-0.396943,-0.396943,0.234286,0.329073,-0.481173,-0.502797,0.235729,-0.235729,0.235729,-0.235729,0.281383,-0.239928,0.202961,-0.251072,0.397427,0.235243
2.268000,2.401011,0.626040,0.593700,1.628502,1.160586,0.000000,0.620289,0.600000,1.884731,0.599172,0.450000,1.631166,1.150692,-0.492000,1.863809,0.481819,0.471515,1.512410,0.976103,0.147197,0.402980,0.402980,-0.396891,-0.396891,0.249470,0.331048,-0.475898,-0.475506,0.235700,-0.235700,0.235700,-0.235700,0.287495,-0.237381,0.211885,-0.268147,0.399167,0.233114
2.280000,2.420502,0.640037,0.593700,1.619959,1.172202,0.000000,0.627491,0.600000,1.904256,0.613049,0.450000,1.622881,1.162255,-0.500000,1.881711,0.493373,0.473083,1.519859,1.000141,0.100058,0.402930,0.402930,-0.396841,-0.396841,0.260019,0.333621,-0.468833,-0.453753,0.235670,-0.235670,0.235670,-0.235670,0.294367,-0.237752,0.218402,-0.284572,0.396188,0.228972
2.292000,2.439890,0.654173,0.593700,1.611301,1.183751,0.000000,0.634716,0.600000,1.923679,0.627066,0.450000,1.614360,1.173808,-0.500000,1.900368,0.505430,0.474076,1.567908,1.020931,0.027076,0.402882,0.402882,-0.396792,-0.396792,0.264759,0.336071,-0.462597,-0.438998,0.235641,-0.235641,0.235641,-0.235641,0.300741,-0.239029,0.224123,-0.298710,0.390277,0.226571
2.304000,2.459173,0.668447,0.593700,1.602563,1.195330,0.000000,0.642004,0.600000,1.943000,0.641221,0.450000,1.605715,1.185355,-0.486812,1.918774,0.517504,0.474377,1.544143,1.022305,-0.023737,0.402835,0.402835,-0.396745,-0.396745,0.269544,0.337593,-0.457216,-0.425523,0.235613,-0.235613,0.235613,-0.235613,0.304054,-0.242207,0.228491,-0.310844,0.385957,0.225301
2.316000,2.478351,0.682861,0.593700,1.593610,1.206943,0.000000,0.649374,0.600000,1.962216,0.655514,0.450000,1.596900,1.196923,-0.462812,1.936850,0.529605,0.473843,1.516128,1.018483,-0.075149,0.402790,0.402790,-0.396700,-0.396700,0.278484,0.338346,-0.451827,-0.410319,0.235586,-0.235586,0.235586,-0.235586,0.304666,-0.245499,0.232790,-0.317212,0.387181,0.224518
2.326000,2.494256,0.694984,0.593700,1.586902,1.217267,0.000000,0.655579,0.600000,1.978151,0.667534,0.450000,1.589973,1.206983,-0.448420,1.952401,0.539398,0.473392,1.527769,1.019182,-0.036364,0.402753,0.402753,-0.396664,-0.396664,0.287928,0.337789,-0.447880,-0.398880,0.235564,-0.235564,0.235564,-0.235564,0.299916,-0.250158,0.234230,-0.315917,0.392325,0.226000
2.338000,2.513244,0.709662,0.593700,1.577770,1.229079,0.000000,0.663045,0.600000,1.997178,0.682089,0.450000,1.581147,1.218858,-0.439276,1.970145,0.551991,0.472798,1.486986,1.047546,-0.041072,0.402711,0.402711,-0.396622,-0.396622,0.302546,0.335738,-0.444624,-0.386923,0.235538,-0.235538,0.235538,-0.235538,0.294001,-0.254334,0.236045,-0.313751,0.399713,0.225208
2.350000,2.532122,0.724482,0.593700,1.568550,1.240822,0.000000,0.670510,0.600000,2.016097,0.696786,0.450000,1.572061,1.230637,-0.416008,1.987919,0.564611,0.472326,1.484650,1.071674,-0.021586,0.402670,0.402670,-0.396581,-0.396581,0.320148,0.333862,-0.441484,-0.378246,0.235513,-0.235513,0.235513,-0.235513,0.289514,-0.257463,0.238753,-0.311455,0.409461,0.224584
2.362000,2.550889,0.739442,0.593700,1.559242,1.252497,0.000000,0.677975,0.600000,2.034907,0.711624,0.450000,1.562843,1.242341,-0.433029,2.005759,0.577713,0.472172,1.480540,1.118156,-0.009434,0.402631,0.402631,-0.396542,-0.396542,0.332876,0.333030,-0.438708,-0.377275,0.235490,-0.235490,0.235490,-0.235490,0.286584,-0.260243,0.240917,-0.309678,0.416918,0.224966
2.374000,2.569544,0.754542,0.593700,1.549846,1.264101,0.000000,0.685441,0.600000,2.053605,0.726602,0.450000,1.553528,1.253974,-0.457029,2.023510,0.591327,0.472030,1.476346,1.165622,-0.019749,0.402593,0.402593,-0.396504,-0.396504,0.342325,0.333203,-0.435991,-0.380173,0.235467,-0.235467,0.235467,-0.235467,0.283596,-0.263045,0.242743,-0.308131,0.422828,0.225131
2.386000,2.588085,0.769780,0.593700,1.540367,1.275636,0.000000,0.692906,0.600000,2.072191,0.741719,0.450000,1.544123,1.265536,-0.481029,2.041427,0.605713,0.471790,1.493859,1.228994,-0.027605,0.402556,0.402556,-0.396467,-0.396467,0.349481,0.333062,-0.433524,-0.386116,0.235444,-0.235444,0.235444,-0.235444,0.280372,-0.265988,0.244364,-0.306689,0.427272,0.224885
2.398000,2.606512,0.785156,0.593700,1.530803,1.287099,0.000000,0.700371,0.600000,2.090664,0.756975,0.450000,1.534634,1.277028,-0.500000,2.059317,0.620632,0.471327,1.504195,1.289984,-0.051287,0.402521,0.402521,-0.396432,-0.396432,0.354747,0.332758,-0.431085,-0.393314,0.235423,-0.235423,0.235423,-0.235423,0.277256,-0.268810,0.245655,-0.305206,0.430734,0.224671
2.410000,2.624824,0.800670,0.593700,1.521153,1.298492,0.000000,0.707837,0.600000,2.109022,0.772368,0.450000,1.525059,1.288449,-0.500000,2.077377,0.636810,0.471545,1.533675,1.365044,-0.042968,0.402487,0.402487,-0.396398,-0.396398,0.357920,0.331565,-0.429894,-0.401047,0.235402,-0.235402,0.235402,-0.235402,0.273573,-0.271349,0.247035,-0.303846,0.432822,0.223722
2.422000,2.643020,0.816320,0.593700,1.511419,1.309812,0.000000,0.715302,0.600000,2.127265,0.787897,0.450000,1.515400,1.299798,-0.500000,2.095566,0.653121,0.470888,1.560328,1.411228,-0.079255,0.402454,0.402454,-0.396365,-0.396365,0.359318,0.325911,-0.434415,-0.409563,0.235382,-0.235382,0.235382,-0.235382,0.270245,-0.272536,0.247854,-0.302621,0.431495,0.223118
2.434000,2.661098,0.832105,0.593700,1.501599,1.321058,0.000000,0.722767,0.600000,2.145391,0.803562,0.450000,1.505655,1.311075,-0.498916,2.114118,0.669919,0.469683,1.577845,1.444206,-0.111308,0.402422,0.402422,-0.396333,-0.396333,0.358986,0.314572,-0.446474,-0.419070,0.235363,-0.235363,0.235363,-0.235363,0.267546,-0.273994,0.248153,-0.301357,0.425926,0.222743
2.446000,2.679058,0.848025,0.593700,1.491695,1.332231,0.000000,0.730233,0.600000,2.163400,0.819363,0.450000,1.495826,1.322278,-0.488118,2.133028,0.687267,0.468532,1.590882,1.474231,-0.107686,0.402392,0.402392,-0.396302,-0.396302,0.357281,0.296875,-0.465691,-0.429261,0.235345,-0.235345,0.235345,-0.235345,0.264892,-0.273287,0.248156,-0.300070,0.416408,0.222800
2.458000,2.696898,0.864079,0.593700,1.481708,1.343330,0.000000,0.737698,0.600000,2.181290,0.835297,0.450000,1.485914,1.333408,-0.464999,2.152125,0.705124,0.466986,1.592955,1.498783,-0.122106,0.402362,0.402362,-0.396273,-0.396273,0.354524,0.273024,-0.491420,-0.439808,0.235327,-0.235327,0.235327,-0.235327,0.262062,-0.270282,0.248010,-0.298714,0.403864,0.223768
2.470000,2.714618,0.880265,0.593700,1.471640,1.354353,0.000000,0.745163,0.600000,2.199062,0.851364,0.450000,1.475919,1.344463,-0.440999,2.171321,0.723268,0.465719,1.572079,1.491888,-0.094336,0.402333,0.402333,-0.396244,-0.396244,0.351245,0.246010,-0.519125,-0.449975,0.235309,-0.235309,0.235309,-0.235309,0.259221,-0.264550,0.247178,-0.297266,0.389075,0.225211
2.482000,2.732217,0.896583,0.593700,1.461492,1.365298,0.000000,0.752625,0.600000,2.216712,0.867564,0.450000,1.465842,1.355443,-0.436383,2.190244,0.741331,0.464456,1.528934,1.460386,-0.079586,0.402306,0.402306,-0.396216,-0.396216,0.348748,0.223445,-0.541195,-0.458092,0.235293,-0.235293,0.235293,-0.235293,0.256308,-0.256030,0.245097,-0.295724,0.378876,0.227216
2.494000,2.749694,0.913031,0.593700,1.451294,1.376134,0.000000,0.760057,0.600000,2.234242,0.883894,0.450000,1.455699,1.366331,-0.460383,2.208717,0.758998,0.463570,1.489629,1.419649,-0.049267,0.402279,0.402279,-0.396190,-0.396190,0.348023,0.211869,-0.552366,-0.463031,0.235277,-0.235277,0.235277,-0.235277,0.253363,-0.245240,0.241159,-0.294145,0.379260,0.229303
2.506000,2.767048,0.929609,0.593700,1.441101,1.386805,0.000000,0.767422,0.600000,2.251649,0.900355,0.450000,1.445527,1.377088,-0.459872,2.226731,0.776233,0.463158,1.472994,1.399201,-0.013044,0.402253,0.402253,-0.396164,-0.396164,0.348936,0.212884,-0.553220,-0.465393,0.235261,-0.235261,0.235261,-0.235261,0.250262,-0.233372,0.235140,-0.292653,0.392063,0.230905
2.518000,2.784280,0.946314,0.593700,1.430947,1.397280,0.000000,0.774702,0.600000,2.268934,0.916944,0.450000,1.435371,1.387672,-0.435872,2.244580,0.793268,0.463227,1.478972,1.404258,0.011604,0.402229,0.402229,-0.396139,-0.396139,0.350841,0.224151,-0.548202,-0.466251,0.235246,-0.235246,0.235246,-0.235246,0.247231,-0.221768,0.226890,-0.291137,0.414195,0.230808
2.530000,2.801391,0.963143,0.593700,1.420827,1.407569,0.000000,0.781911,0.600000,2.286098,0.933658,0.450000,1.425249,1.398068,-0.411872,2.262404,0.810418,0.463628,1.492393,1.425833,0.041332,0.402205,0.402205,-0.396115,-0.396115,0.353125,0.242587,-0.540912,-0.466495,0.235232,-0.235232,0.235232,-0.235232,0.244495,-0.211762,0.217598,-0.289405,0.439698,0.228350
2.542000,2.818380,0.980095,0.593700,1.410656,1.417763,0.000000,0.789111,0.600000,2.303140,0.950497,0.450000,1.415120,1.408319,-0.387872,2.280331,0.827739,0.464118,1.504403,1.445773,0.040298,0.402182,0.402182,-0.396092,-0.396092,0.355449,0.266242,-0.531839,-0.466632,0.235218,-0.235218,0.235218,-0.235218,0.242075,-0.203530,0.208454,-0.287225,0.463564,0.223775
2.554000,2.835247,0.997169,0.593700,1.400410,1.427883,0.000000,0.796311,0.600000,2.320061,0.967458,0.450000,1.404937,1.418478,-0.363872,2.299723,0.846264,0.465063,1.583245,1.516139,0.043017,0.402159,0.402159,-0.396070,-0.396070,0.357672,0.293327,-0.520335,-0.468635,0.235204,-0.235204,0.235204,-0.235204,0.239567,-0.197099,0.199175,-0.284926,0.481137,0.217361
2.566000,2.851990,1.014364,0.593700,1.390094,1.437928,0.000000,0.803511,0.600000,2.336858,0.984540,0.450000,1.394686,1.428559,-0.339872,2.317947,0.864112,0.465558,1.542524,1.483446,0.050702,0.402138,0.402138,-0.396049,-0.396049,0.359658,0.326177,-0.501127,-0.471136,0.235191,-0.235191,0.235191,-0.235191,0.237374,-0.192956,0.190304,-0.282247,0.492139,0.209022
2.576000,2.865847,1.028785,0.593700,1.381441,1.446243,0.000000,0.809511,0.600000,2.350762,0.998867,0.450000,1.386089,1.436901,-0.319872,2.333573,0.878927,0.465925,1.551979,1.490217,-0.004917,0.402121,0.402121,-0.396031,-0.396031,0.361560,0.356880,-0.480808,-0.473492,0.235181,-0.235181,0.235181,-0.235181,0.235071,-0.190872,0.183142,-0.280227,0.501073,0.202392
2.588000,2.882362,1.046199,0.593700,1.370992,1.456152,0.000000,0.816711,0.600000,2.367333,1.016170,0.450000,1.375707,1.446844,-0.295872,2.352118,0.896857,0.466089,1.570302,1.504662,-0.012125,0.402101,0.402101,-0.396011,-0.396011,0.363539,0.394466,-0.454778,-0.475947,0.235168,-0.235168,0.235168,-0.235168,0.232544,-0.189785,0.175059,-0.277092,0.507965,0.193237
2.600000,2.898751,1.063732,0.593700,1.360471,1.465986,0.000000,0.823911,0.600000,2.383779,1.033591,0.450000,1.365254,1.456712,-0.271872,2.369919,0.914445,0.465581,1.536766,1.504742,-0.052356,0.402081,0.402081,-0.395992,-0.395992,0.364216,0.428586,-0.430972,-0.478370,0.235157,-0.235157,0.235157,-0.235157,0.230060,-0.188855,0.167023,-0.273630,0.513789,0.183969
2.612000,2.915013,1.081383,0.593700,1.349881,1.475743,0.000000,0.831111,0.600000,2.400099,1.051131,0.450000,1.354759,1.466475,-0.247872,2.387948,0.932368,0.464621,1.539776,1.530485,-0.091104,0.402062,0.402062,-0.395973,-0.395973,0.363512,0.457702,-0.409589,-0.481277,0.235145,-0.235145,0.235145,-0.235145,0.227988,-0.187477,0.160427,-0.269283,0.519903,0.175883
2.624000,2.931148,1.099150,0.593700,1.339203,1.485401,0.000000,0.838312,0.600000,2.416293,1.068786,0.450000,1.344242,1.476103,-0.223872,2.406220,0.950774,0.463404,1.547742,1.549332,-0.073779,0.402044,0.402044,-0.395955,-0.395955,0.361623,0.476184,-0.392481,-0.485285,0.235138,-0.235138,0.235138,-0.235138,0.226548,-0.189176,0.160372,-0.264054,0.526267,0.172114
2.636000,2.947154,1.117033,0.593700,1.328485,1.495032,0.000000,0.845517,0.600000,2.432361,1.086557,0.450000,1.333921,1.485427,-0.199872,2.424757,0.969602,0.462584,1.554278,1.584603,-0.046190,0.402027,0.402027,-0.395937,-0.395937,0.358791,0.488691,-0.379641,-0.489956,0.235137,-0.235137,0.235137,-0.235137,0.224470,-0.191538,0.162876,-0.259804,0.528179,0.172758
2.648000,2.963031,1.135030,0.593700,1.317677,1.504562,0.000000,0.852721,0.600000,2.448309,1.104434,0.450000,1.323786,1.494446,-0.175872,2.443232,0.988724,0.462053,1.542442,1.597773,-0.012524,0.402010,0.402010,-0.395921,-0.395921,0.355522,0.496535,-0.369392,-0.494261,0.235139,-0.235139,0.235139,-0.235139,0.223043,-0.194077,0.166530,-0.255082,0.527732,0.172919
2.660000,2.978778,1.153142,0.593700,1.306807,1.514019,0.000000,0.859926,0.600000,2.464133,1.122421,0.450000,1.313785,1.503220,-0.174256,2.461412,1.007771,0.462045,1.489141,1.591180,0.026838,0.401994,0.401994,-0.395904,-0.395904,0.351948,0.499229,-0.365272,-0.498406,0.235142,-0.235142,0.235142,-0.235142,0.221969,-0.196193,0.170240,-0.250623,0.524462,0.173836
2.672000,2.994394,1.171366,0.593700,1.295865,1.523395,0.000000,0.867130,0.600000,2.479833,1.140518,0.450000,1.302229,1.513263,-0.198256,2.479064,1.026813,0.462307,1.441004,1.586938,0.023786,0.401978,0.401978,-0.395889,-0.395889,0.348923,0.497781,-0.364979,-0.502708,0.235141,-0.235141,0.235141,-0.235141,0.220522,-0.198669,0.173254,-0.246897,0.520373,0.174428
2.684000,3.009878,1.189703,0.593700,1.284856,1.532692,0.000000,0.874335,0.600000,2.495387,1.158739,0.450000,1.290402,1.523396,-0.222256,2.496314,1.045926,0.462676,1.416810,1.606087,0.024349,0.401963,0.401963,-0.395873,-0.395873,0.347027,0.492409,-0.367701,-0.507073,0.235135,-0.235135,0.235135,-0.235135,0.218747,-0.201303,0.175884,-0.243504,0.515616,0.174732
2.696000,3.025230,1.208151,0.593700,1.273780,1.541910,0.000000,0.881540,0.600000,2.510804,1.177076,0.450000,1.279167,1.532855,-0.246256,2.513029,1.064880,0.463325,1.405782,1.632261,0.033679,0.401948,0.401948,-0.395859,-0.395859,0.346183,0.482910,-0.372876,-0.511362,0.235126,-0.235126,0.235126,-0.235126,0.216849,-0.203956,0.178144,-0.240442,0.510469,0.174680
2.708000,3.040449,1.226708,0.593700,1.262637,1.551047,0.000000,0.888744,0.600000,2.526088,1.195526,0.450000,1.268034,1.542081,-0.270256,2.528826,1.083168,0.463739,1.376791,1.623956,0.015695,0.401934,0.401934,-0.395845,-0.395845,0.346005,0.470053,-0.379654,-0.514981,0.235116,-0.235116,0.235116,-0.235116,0.214830,-0.206617,0.180016,-0.237961,0.505861,0.174686
2.720000,3.055533,1.245375,0.593700,1.251431,1.560103,0.000000,0.895949,0.600000,2.541237,1.214086,0.450000,1.256877,1.551189,-0.286709,2.544190,1.101504,0.463779,1.341492,1.611093,-0.017821,0.401920,0.401920,-0.395831,-0.395831,0.343267,0.455183,-0.388468,-0.520045,0.235106,-0.235106,0.235106,-0.235106,0.213253,-0.209124,0.181714,-0.236322,0.499009,0.174826
2.732000,3.070483,1.264151,0.593700,1.240159,1.569078,0.000000,0.903153,0.600000,2.556253,1.232754,0.450000,1.245700,1.560178,-0.268650,2.559538,1.120081,0.463456,1.303904,1.587597,-0.053611,0.401907,0.401907,-0.395818,-0.395818,0.335607,0.439376,-0.398819,-0.529704,0.235097,-0.235097,0.235097,-0.235097,0.212574,-0.211491,0.183536,-0.235440,0.488545,0.175831
2.744000,3.085297,1.283033,0.593700,1.228822,1.577972,0.000000,0.910358,0.600000,2.571134,1.251530,0.450000,1.234440,1.569102,-0.244650,2.574774,1.138733,0.462869,1.271540,1.561398,-0.068723,0.401895,0.401895,-0.395805,-0.395805,0.322850,0.423683,-0.409931,-0.545374,0.235090,-0.235090,0.235090,-0.235090,0.212800,-0.213962,0.185536,-0.234500,0.475860,0.178225
2.756000,3.099974,1.302022,0.593700,1.217421,1.586784,0.000000,0.917562,0.600000,2.585879,1.270413,0.450000,1.223075,1.577978,-0.220650,2.589825,1.157369,0.461935,1.232911,1.530210,-0.072796,0.401882,0.401882,-0.395793,-0.395793,0.305337,0.408978,-0.421080,-0.565299,0.235085,-0.235085,0.235085,-0.235085,0.214439,-0.216520,0.187577,-0.233803,0.462134,0.182593
2.768000,3.114515,1.321115,0.593700,1.205955,1.595513,0.000000,0.924767,0.600000,2.600487,1.289401,0.450000,1.211658,1.586761,-0.217543,2.604534,1.175765,0.460877,1.180111,1.482907,-0.075398,0.401871,0.401871,-0.395781,-0.395781,0.286440,0.396171,-0.430883,-0.583007,0.235079,-0.235079,0.235079,-0.235079,0.217773,-0.219102,0.189562,-0.233777,0.450703,0.189399
2.780000,3.128917,1.340313,0.593700,1.194425,1.604158,0.000000,0.931971,0.600000,2.614958,1.308495,0.450000,1.200188,1.595451,-0.241543,2.618666,1.193697,0.460004,1.117379,1.425417,-0.066058,0.401859,0.401859,-0.395770,-0.395770,0.270969,0.386209,-0.437202,-0.590692,0.235072,-0.235072,0.235072,-0.235072,0.222700,-0.221644,0.191401,-0.234836,0.445998,0.198528
2.792000,3.143181,1.359615,0.593700,1.182835,1.612721,0.000000,0.939176,0.600000,2.629291,1.327692,0.450000,1.188659,1.604056,-0.258421,2.632145,1.211123,0.459403,1.069776,1.389961,-0.039353,0.401848,0.401848,-0.395759,-0.395759,0.261465,0.379415,-0.439388,-0.584981,0.235064,-0.235064,0.235064,-0.235064,0.228846,-0.224132,0.193260,-0.237010,0.449601,0.206067
2.804000,3.157305,1.379018,0.593700,1.171186,1.621201,0.000000,0.946380,0.600000,2.643486,1.346992,0.450000,1.177071,1.612578,-0.236010,2.645201,1.228258,0.459159,1.056979,1.391236,-0.014233,0.401838,0.401838,-0.395748,-0.395748,0.256459,0.375131,-0.438291,-0.569193,0.235057,-0.235057,0.235057,-0.235057,0.236078,-0.226525,0.195364,-0.240306,0.457844,0.212843
2.816000,3.171289,1.398523,0.593700,1.159481,1.629600,0.000000,0.953585,0.600000,2.657541,1.366393,0.450000,1.165424,1.621017,-0.212010,2.658174,1.245504,0.459223,1.070289,1.424037,0.011563,0.401827,0.401827,-0.395738,-0.395738,0.252752,0.372466,-0.435779,-0.549740,0.235049,-0.235049,0.235049,-0.235049,0.244498,-0.228945,0.197737,-0.245088,0.464033,0.219814
2.826000,3.182835,1.414854,0.593700,1.149678,1.636530,0.000000,0.959586,0.600000,2.669146,1.382638,0.450000,1.155673,1.627985,-0.192010,2.669124,1.260116,0.459660,1.087032,1.454796,0.042891,0.401819,0.401819,-0.395730,-0.395730,0.249757,0.370946,-0.433755,-0.533461,0.235042,-0.235042,0.235042,-0.235042,0.252573,-0.231005,0.199954,-0.250573,0.464977,0.224958
2.838000,3.196560,1.434542,0.593700,1.137866,1.644765,0.000000,0.966786,0.600000,2.682944,1.402224,0.450000,1.143920,1.636266,-0.168010,2.682259,1.277948,0.459949,1.084163,1.476280,0.025934,0.401810,0.401810,-0.395720,-0.395720,0.248438,0.369362,-0.431746,-0.512856,0.235035,-0.235035,0.235035,-0.235035,0.262899,-0.233672,0.202700,-0.259023,0.462187,0.230635
2.850000,3.210143,1.454328,0.593700,1.125994,1.652915,0.000000,0.973986,0.600000,2.696600,1.421908,0.450000,1.132108,1.644460,-0.144010,2.695204,1.295817,0.460763,1.065485,1.475416,0.061353,0.401800,0.401800,-0.395711,-0.395711,0.253992,0.367993,-0.429682,-0.487572,0.235028,-0.235028,0.235028,-0.235028,0.273162,-0.236443,0.205569,-0.268466,0.459013,0.234918
2.862000,3.223584,1.474212,0.593700,1.114063,1.660979,0.000000,0.981186,0.600000,2.710114,1.441690,0.450000,1.120238,1.652568,-0.120010,2.707877,1.313515,0.461577,1.054591,1.474176,0.041576,0.401791,0.401791,-0.395702,-0.395702,0.267526,0.367462,-0.427172,-0.457845,0.235021,-0.235021,0.235021,-0.235021,0.282654,-0.239361,0.208690,-0.278258,0.458976,0.237919
2.874000,3.236881,1.494191,0.593700,1.102080,1.668958,0.000000,0.988386,0.600000,2.723486,1.461570,0.450000,1.108313,1.660591,-0.096010,2.720374,1.331222,0.462274,1.051211,1.485492,0.037430,0.401783,0.401783,-0.395693,-0.395693,0.284475,0.367072,-0.424535,-0.428259,0.235014,-0.235014,0.235014,-0.235014,0.290502,-0.242374,0.211913,-0.288478,0.457866,0.239512
2.886000,3.250033,1.514266,0.593700,1.090033,1.676850,0.000000,0.995586,0.600000,2.736714,1.481544,0.450000,1.096329,1.668528,-0.072010,2.732908,1.349049,0.462559,1.055074,1.494785,0.011545,0.401774,0.401774,-0.395685,-0.395685,0.302895,0.365895,-0.422381,-0.400903,0.235008,-0.235008,0.235008,-0.235008,0.295664,-0.245412,0.215236,-0.297663,0.455853,0.239516
2.898000,3.263041,1.534435,0.593700,1.077934,1.684654,0.000000,1.002786,0.600000,2.749797,1.501614,0.450000,1.084289,1.676378,-0.048010,2.745380,1.366948,0.462461,1.054576,1.499863,-0.012066,0.401766,0.401766,-0.395677,-0.395677,0.323291,0.363659,-0.420788,-0.375149,0.235002,-0.235002,0.235002,-0.235002,0.297346,-0.248460,0.218683,-0.305225,0.455392,0.238851
2.910000,3.275903,1.554697,0.593700,1.065777,1.692371,0.000000,1.009986,0.600000,2.762736,1.521777,0.450000,1.072191,1.684141,-0.024010,2.757803,1.384845,0.461936,1.053971,1.502816,-0.059474,0.401759,0.401759,-0.395669,-0.395669,0.345099,0.360695,-0.419588,-0.351355,0.234996,-0.234996,0.234996,-0.234996,0.295614,-0.251377,0.222318,-0.310931,0.458352,0.234362
2.922000,3.288620,1.575052,0.593700,1.053556,1.700006,0.000000,1.017193,0.600000,2.775530,1.542033,0.450000,1.060034,1.691819,-0.000010,2.770446,1.403006,0.461212,1.063405,1.522194,-0.033661,0.401751,0.401751,-0.395662,-0.395662,0.364990,0.356631,-0.419125,-0.334499,0.234990,-0.234990,0.234990,-0.234990,0.292103,-0.253785,0.226413,-0.309860,0.462895,0.231489
2.934000,3.301189,1.595497,0.593700,1.041266,1.707561,0.000000,1.024406,0.600000,2.788177,1.562380,0.450144,1.047811,1.699417,0.023990,2.783047,1.421381,0.460659,1.062184,1.540406,-0.021594,0.401744,0.401744,-0.395655,-0.395655,0.381274,0.352650,-0.419057,-0.323542,0.234985,-0.234985,0.234985,-0.234985,0.287225,-0.256322,0.229888,-0.307007,0.470355,0.231115
2.946000,3.313610,1.616033,0.593700,1.028923,1.715026,0.000000,1.031619,0.600000,2.800677,1.582819,0.450576,1.035528,1.706929,0.047990,2.795447,1.440139,0.460339,1.044936,1.567276,0.002313,0.401737,0.401737,-0.395648,-0.395648,0.394789,0.348152,-0.419632,-0.317494,0.234979,-0.234979,0.234979,-0.234979,0.282315,-0.258382,0.233706,-0.303829,0.475570,0.229973
2.958000,3.325882,1.636658,0.593700,1.016526,1.722404,0.000000,1.038832,0.600000,2.813029,1.603346,0.451291,1.023190,1.714354,0.068219,2.807972,1.459213,0.460446,1.021535,1.601241,0.023543,0.401730,0.401730,-0.395641,-0.395641,0.404062,0.344256,-0.420565,-0.317290,0.234974,-0.234974,0.234974,-0.234974,0.281304,-0.259034,0.238084,-0.300067,0.477022,0.230498
2.970000,3.338006,1.657370,0.593700,1.004075,1.729691,0.000000,1.046045,0.600000,2.825233,1.623963,0.451986,1.010798,1.721690,0.046032,2.820154,1.478558,0.460751,0.996760,1.631214,0.024398,0.401724,0.401724,-0.395634,-0.395634,0.410659,0.342061,-0.420748,-0.320586,0.234969,-0.234969,0.234969,-0.234969,0.279683,-0.260136,0.241653,-0.297059,0.478632,0.230657
2.982000,3.349980,1.678170,0.593700,0.991573,1.736889,0.000000,1.053258,0.600000,2.837288,1.644667,0.452394,0.998353,1.728936,0.022032,2.832142,1.498384,0.461033,0.985691,1.681187,0.018514,0.401717,0.401717,-0.395628,-0.395628,0.414965,0.340673,-0.420666,-0.326041,0.234964,-0.234964,0.234964,-0.234964,0.277476,-0.261743,0.244177,-0.294613,0.479809,0.230334
2.994000,3.361804,1.699055,0.593700,0.979019,1.743996,0.000000,1.060471,0.600000,2.849194,1.665457,0.452514,0.985857,1.736092,-0.001968,2.843974,1.518602,0.461339,0.988578,1.747421,0.021001,0.401711,0.401711,-0.395622,-0.395622,0.416640,0.339072,-0.420271,-0.334234,0.234960,-0.234960,0.234960,-0.234960,0.274794,-0.263944,0.246634,-0.292582,0.480089,0.230001
3.006000,3.373476,1.720025,0.593700,0.966414,1.751012,0.000000,1.067684,0.600000,2.860949,1.686332,0.452347,0.973309,1.743158,-0.025968,2.855445,1.539114,0.461539,0.986702,1.805583,0.005644,0.401706,0.401706,-0.395616,-0.395616,0.415778,0.337379,-0.419576,-0.345152,0.234955,-0.234955,0.234955,-0.234955,0.271963,-0.266125,0.248668,-0.290593,0.479110,0.229144
3.018000,3.384997,1.741079,0.593700,0.953760,1.757936,0.000000,1.074897,0.600000,2.872553,1.707292,0.451891,0.960710,1.750132,-0.049968,2.866963,1.560221,0.461365,0.989973,1.857694,-0.028499,0.401700,0.401700,-0.395611,-0.395611,0.412951,0.333140,-0.422172,-0.357806,0.234951,-0.234951,0.234951,-0.234951,0.269096,-0.267208,0.250231,-0.288749,0.476193,0.228627
3.030000,3.396366,1.762215,0.593700,0.941055,1.764770,0.000000,1.082110,0.600000,2.884006,1.728335,0.451149,0.948062,1.757016,-0.073083,2.878569,1.582279,0.461063,0.984630,1.900467,-0.038741,0.401695,0.401695,-0.395605,-0.395605,0.408508,0.323418,-0.431163,-0.372149,0.234947,-0.234947,0.234947,-0.234947,0.265994,-0.267460,0.250984,-0.287021,0.468340,0.227747
3.042000,3.407583,1.783433,0.593700,0.928301,1.771511,0.000000,1.089323,0.600000,2.895306,1.749460,0.450191,0.935364,1.763808,-0.084092,2.890185,1.605064,0.460255,0.973638,1.935777,-0.067655,0.401689,0.401689,-0.395600,-0.395600,0.402890,0.307676,-0.446410,-0.387372,0.234943,-0.234943,0.234943,-0.234943,0.262731,-0.266683,0.251615,-0.285237,0.457116,0.227309
3.054000,3.418645,1.804731,0.593700,0.915499,1.778161,0.000000,1.096536,0.600000,2.906454,1.770666,0.450000,0.922617,1.770509,-0.079313,2.901791,1.628393,0.459283,0.960867,1.955982,-0.073980,0.401684,0.401684,-0.395595,-0.395595,0.396152,0.286141,-0.467560,-0.402887,0.234939,-0.234939,0.234939,-0.234939,0.259521,-0.264157,0.251965,-0.283428,0.442682,0.227536
3.066000,3.429554,1.826109,0.593700,0.902649,1.784717,0.000000,1.103749,0.600000,2.917449,1.791952,0.450000,0.909822,1.777117,-0.057920,2.913289,1.652005,0.458316,0.936007,1.941037,-0.065966,0.401679,0.401679,-0.395590,-0.395590,0.388899,0.262468,-0.490564,-0.417453,0.234935,-0.234935,0.234935,-0.234935,0.256422,-0.259253,0.251634,-0.281623,0.427574,0.228415
3.078000,3.440309,1.847564,0.593700,0.889750,1.791181,0.000000,1.110963,0.600000,2.928290,1.813317,0.450000,0.896979,1.783633,-0.043700,2.924529,1.675455,0.457524,0.902061,1.893766,-0.046311,0.401675,0.401675,-0.395585,-0.395585,0.382321,0.243748,-0.508716,-0.429179,0.234932,-0.234932,0.234932,-0.234932,0.253424,-0.251743,0.250200,-0.279850,0.418176,0.229909
3.088000,3.449152,1.865503,0.593700,0.878967,1.796496,0.000000,1.116973,0.600000,2.937206,1.831180,0.450000,0.886241,1.788992,-0.056371,2.933631,1.694614,0.457046,0.877119,1.849438,-0.027721,0.401671,0.401671,-0.395581,-0.395581,0.378222,0.236391,-0.516404,-0.436075,0.234929,-0.234929,0.234929,-0.234929,0.250912,-0.243740,0.247879,-0.278446,0.419363,0.231516
3.100000,3.459622,1.887098,0.593700,0.865985,1.802789,0.000000,1.124186,0.600000,2.947763,1.852686,0.450000,0.873312,1.795337,-0.052373,2.944255,1.717074,0.456803,0.862930,1.817391,0.003759,0.401666,0.401666,-0.395577,-0.395577,0.375026,0.238934,-0.516590,-0.441588,0.234925,-0.234925,0.234925,-0.234925,0.247772,-0.232685,0.243424,-0.276869,0.433353,0.233308
3.112000,3.469936,1.908769,0.593700,0.852959,1.808988,0.000000,1.131399,0.600000,2.958165,1.874267,0.450000,0.860340,1.801589,-0.028373,2.954698,1.739204,0.457066,0.861648,1.815923,0.038236,0.401662,0.401662,-0.395573,-0.395573,0.373191,0.251784,-0.510452,-0.445130,0.234922,-0.234922,0.234922,-0.234922,0.244565,-0.221086,0.236817,-0.275304,0.458101,0.233850
3.124000,3.480093,1.930514,0.593700,0.839904,1.815088,0.000000,1.138603,0.600000,2.968411,1.895924,0.450000,0.847328,1.807746,-0.004373,2.965071,1.761379,0.457860,0.865504,1.838868,0.077347,0.401658,0.401658,-0.395569,-0.395569,0.372313,0.271441,-0.502244,-0.447467,0.234919,-0.234919,0.234919,-0.234919,0.241519,-0.209737,0.228215,-0.273499,0.487088,0.231897
3.136000,3.490093,1.952331,0.593700,0.826814,1.821088,0.000000,1.145803,0.600000,2.978501,1.917653,0.450096,0.834286,1.813803,0.019627,2.975951,1.784650,0.458721,0.905044,1.923372,0.080534,0.401654,0.401654,-0.395565,-0.395565,0.372051,0.295198,-0.494509,-0.449460,0.234916,-0.234916,0.234916,-0.234916,0.238584,-0.199104,0.218255,-0.271262,0.513613,0.227139
3.148000,3.499936,1.974219,0.593700,0.813683,1.826995,0.000000,1.153003,0.600000,2.988434,1.939454,0.450476,0.821205,1.819763,0.043627,2.986738,1.807832,0.459738,0.903312,1.937427,0.086979,0.401650,0.401650,-0.395561,-0.395561,0.371111,0.322093,-0.487232,-0.452175,0.234913,-0.234913,0.234913,-0.234913,0.235641,-0.190084,0.207230,-0.269018,0.529829,0.219749
3.160000,3.509622,1.996178,0.593700,0.800505,1.832805,0.000000,1.160203,0.600000,2.998210,1.961327,0.451143,0.808080,1.825628,0.067627,2.997224,1.830472,0.460664,0.884750,1.894460,0.058910,0.401647,0.401647,-0.395557,-0.395557,0.370493,0.354660,-0.473741,-0.454550,0.234910,-0.234910,0.234910,-0.234910,0.232978,-0.183040,0.196273,-0.266334,0.540776,0.210846
3.172000,3.519148,2.018206,0.593700,0.787291,1.838522,0.000000,1.167403,0.600000,3.007828,1.983269,0.452099,0.794916,1.831399,0.091627,3.007854,1.853436,0.461248,0.894368,1.926259,0.019054,0.401643,0.401643,-0.395554,-0.395554,0.370426,0.390319,-0.455110,-0.456307,0.234907,-0.234907,0.234907,-0.234907,0.229981,-0.177631,0.185464,-0.263712,0.544041,0.201215
3.184000,3.528516,2.040302,0.593700,0.774033,1.844142,0.000000,1.174603,0.600000,3.017287,2.005280,0.453342,0.781710,1.837075,0.115627,3.018312,1.876418,0.461334,0.889630,1.949951,-0.011050,0.401640,0.401640,-0.395550,-0.395550,0.369695,0.423360,-0.437217,-0.458276,0.234905,-0.234905,0.234905,-0.234905,0.226968,-0.173487,0.175660,-0.260839,0.541296,0.190915
3.196000,3.537725,2.062465,0.593700,0.760734,1.849667,0.000000,1.181803,0.600000,3.026588,2.027359,0.454874,0.768462,1.842656,0.139627,3.028811,1.899877,0.461225,0.889693,1.981334,-0.023412,0.401636,0.401636,-0.395547,-0.395547,0.368686,0.452499,-0.418929,-0.461287,0.234902,-0.234902,0.234902,-0.234902,0.224198,-0.170689,0.167566,-0.257355,0.538167,0.181081
3.208000,3.546774,2.084694,0.593700,0.747397,1.855097,0.000000,1.189003,0.600000,3.035730,2.049503,0.456665,0.755177,1.848140,0.155644,3.039319,1.923790,0.460549,0.890881,2.019767,-0.048352,0.401633,0.401633,-0.395544,-0.395544,0.367015,0.476554,-0.400407,-0.465462,0.234900,-0.234900,0.234900,-0.234900,0.221630,-0.169466,0.161382,-0.253365,0.537224,0.172824
3.220000,3.555662,2.106987,0.593700,0.734010,1.860433,0.000000,1.196213,0.600000,3.044712,2.071714,0.458559,0.741847,1.853530,0.158995,3.050165,1.948067,0.459782,0.908882,2.038918,-0.039626,0.401630,0.401630,-0.395541,-0.395541,0.364495,0.494075,-0.383750,-0.470899,0.234898,-0.234898,0.234898,-0.234898,0.218734,-0.171602,0.161145,-0.249050,0.537653,0.169554
3.232000,3.564390,2.129344,0.593700,0.720547,1.865689,0.000000,1.203440,0.600000,3.053536,2.093987,0.460468,0.729160,1.858546,0.158894,3.060750,1.972904,0.459412,0.900056,2.079352,0.005753,0.401627,0.401627,-0.395538,-0.395538,0.361341,0.504905,-0.370444,-0.476500,0.234895,-0.234895,0.234895,-0.234895,0.215944,-0.176625,0.161471,-0.245505,0.532684,0.168899
3.244000,3.572955,2.151764,0.593700,0.707045,1.870851,0.000000,1.210666,0.600000,3.062219,2.116315,0.462369,0.717342,1.863113,0.157914,3.071405,1.997936,0.459419,0.901449,2.096851,0.018992,0.401624,0.401624,-0.395535,-0.395535,0.357665,0.510885,-0.358674,-0.481913,0.234893,-0.234893,0.234893,-0.234893,0.213756,-0.180678,0.163935,-0.241383,0.520224,0.168382
3.256000,3.581359,2.174244,0.593700,0.693507,1.875913,0.000000,1.217893,0.600000,3.070752,2.138702,0.464257,0.705066,1.867778,0.156715,3.081989,2.022877,0.459868,0.866747,2.072859,0.069556,0.401621,0.401621,-0.395532,-0.395532,0.353522,0.512718,-0.353152,-0.487124,0.234891,-0.234891,0.234891,-0.234891,0.212927,-0.182468,0.167740,-0.236753,0.513693,0.168980
3.268000,3.589599,2.196785,0.593700,0.679932,1.880876,0.000000,1.225120,0.600000,3.079144,2.161140,0.466069,0.693131,1.872212,0.140302,3.092109,2.047439,0.460841,0.820520,2.035890,0.088724,0.401619,0.401619,-0.395529,-0.395529,0.349089,0.510867,-0.352533,-0.491849,0.234889,-0.234889,0.234889,-0.234889,0.211963,-0.184351,0.170798,-0.232929,0.512910,0.169466
3.280000,3.597677,2.219385,0.593700,0.666321,1.885740,0.000000,1.232347,0.600000,3.087369,2.183641,0.467609,0.677105,1.878094,0.116302,3.101772,2.071668,0.462000,0.785097,2.019815,0.095387,0.401616,0.401616,-0.395527,-0.395527,0.345737,0.505900,-0.355134,-0.496178,0.234887,-0.234887,0.234887,-0.234887,0.210618,-0.186299,0.173439,-0.229465,0.515783,0.169601
3.292000,3.605591,2.242042,0.593700,0.652676,1.890506,0.000000,1.239574,0.600000,3.095398,2.206213,0.468860,0.661509,1.883681,0.092302,3.111091,2.095725,0.463162,0.767244,2.041480,0.093287,0.401614,0.401614,-0.395524,-0.395524,0.343862,0.497328,-0.360448,-0.500116,0.234885,-0.234885,0.234885,-0.234885,0.209180,-0.188481,0.175905,-0.226209,0.511003,0.169716
3.304000,3.613341,2.264757,0.593700,0.638996,1.895174,0.000000,1.246801,0.600000,3.103251,2.228847,0.469824,0.647366,1.888603,0.068302,3.119830,2.118840,0.464364,0.745376,2.028099,0.084268,0.401611,0.401611,-0.395522,-0.395522,0.343126,0.485292,-0.367763,-0.503781,0.234883,-0.234883,0.234883,-0.234883,0.207375,-0.190850,0.178217,-0.223239,0.505528,0.169570
3.316000,3.620927,2.287526,0.593700,0.625283,1.899741,0.000000,1.254028,0.600000,3.110937,2.251538,0.470518,0.633573,1.893279,0.052884,3.128049,2.141484,0.465376,0.721615,2.005334,0.061187,0.401609,0.401609,-0.395519,-0.395519,0.341199,0.470294,-0.377112,-0.507676,0.234882,-0.234882,0.234882,-0.234882,0.206213,-0.192971,0.180096,-0.221520,0.499893,0.169713
3.328000,3.628348,2.310350,0.593700,0.611537,1.904208,0.000000,1.261255,0.600000,3.118458,2.274285,0.471285,0.620021,1.897756,0.075788,3.136202,2.164379,0.465904,0.701502,1.977213,0.025332,0.401607,0.401607,-0.395517,-0.395517,0.334874,0.453495,-0.388301,-0.515627,0.234882,-0.234882,0.234882,-0.234882,0.205659,-0.194728,0.182115,-0.220668,0.489984,0.170355
3.340000,3.635603,2.333227,0.593700,0.597760,1.908578,0.000000,1.268482,0.600000,3.125816,2.297084,0.472338,0.606349,1.902166,0.099788,3.144312,2.187381,0.466140,0.681672,1.935715,0.001025,0.401604,0.401604,-0.395515,-0.395515,0.323754,0.436629,-0.400200,-0.529188,0.234892,-0.234892,0.234892,-0.234892,0.205551,-0.196539,0.184335,-0.219813,0.477459,0.171995
3.350000,3.641524,2.352330,0.593700,0.586255,1.912143,0.000000,1.274504,0.600000,3.131823,2.316124,0.473436,0.594917,1.905770,0.119788,3.151015,2.206533,0.466133,0.669477,1.908934,-0.000876,0.401603,0.401603,-0.395513,-0.395513,0.310521,0.422764,-0.410439,-0.544772,0.234906,-0.234906,0.234906,-0.234906,0.206269,-0.198007,0.186251,-0.219357,0.465460,0.174580
3.362000,3.648476,2.375301,0.593700,0.572421,1.916332,0.000000,1.281731,0.600000,3.138879,2.339019,0.475009,0.581015,1.910058,0.140202,3.158943,2.229339,0.465968,0.645539,1.852417,-0.007507,0.401601,0.401601,-0.395511,-0.395511,0.292090,0.407891,-0.421733,-0.564482,0.234927,-0.234927,0.234927,-0.234927,0.208370,-0.199843,0.188625,-0.219554,0.452030,0.178961
3.374000,3.655262,2.398322,0.593700,0.558557,1.920420,0.000000,1.288958,0.600000,3.145767,2.361965,0.476653,0.567068,1.914250,0.127486,3.166603,2.251673,0.465942,0.609523,1.775469,0.003293,0.401599,0.401599,-0.395509,-0.395509,0.275298,0.395550,-0.430083,-0.577926,0.234943,-0.234943,0.234943,-0.234943,0.211906,-0.201722,0.190871,-0.221307,0.443815,0.182419
3.386000,3.661881,2.421391,0.593700,0.544664,1.924407,0.000000,1.296185,0.600000,3.152489,2.384960,0.478040,0.553187,1.918310,0.104561,3.173874,2.273282,0.466184,0.578370,1.712176,0.037783,0.401597,0.401597,-0.395507,-0.395507,0.263998,0.386776,-0.434507,-0.579287,0.234949,-0.234949,0.234949,-0.234949,0.216796,-0.203539,0.193222,-0.224891,0.444348,0.187424
3.398000,3.668333,2.444507,0.593700,0.530742,1.928293,0.000000,1.303412,0.600000,3.159044,2.408004,0.479336,0.539301,1.922260,0.118024,3.180791,2.294297,0.466656,0.558244,1.690784,0.060340,0.401595,0.401595,-0.395506,-0.395506,0.258223,0.381123,-0.435283,-0.568786,0.234950,-0.234950,0.234950,-0.234950,0.222820,-0.205247,0.195784,-0.230486,0.452145,0.193873
3.410000,3.674619,2.467670,0.593700,0.516793,1.932076,0.000000,1.310639,0.600000,3.165432,2.431094,0.480884,0.525393,1.926106,0.137296,3.187530,2.315139,0.467697,0.554803,1.708472,0.092936,0.401593,0.401593,-0.395504,-0.395504,0.255245,0.377364,-0.433816,-0.551622,0.234947,-0.234947,0.234947,-0.234947,0.229890,-0.206755,0.198749,-0.237845,0.460717,0.201053
3.422000,3.680736,2.490877,0.593700,0.502835,1.935755,0.000000,1.317852,0.600000,3.171653,2.454230,0.482569,0.511464,1.929851,0.142249,3.194280,2.336167,0.468881,0.559790,1.745891,0.117865,0.401592,0.401592,-0.395502,-0.395502,0.253080,0.374711,-0.432056,-0.532538,0.234943,-0.234943,0.234943,-0.234943,0.238018,-0.208281,0.202076,-0.247109,0.464755,0.207943
3.434000,3.686687,2.514127,0.593700,0.488885,1.939324,0.000000,1.325052,0.600000,3.177707,2.477410,0.484281,0.497540,1.933487,0.142657,3.200955,2.357427,0.470300,0.551868,1.760096,0.119295,0.401590,0.401590,-0.395501,-0.395501,0.253359,0.372502,-0.430694,-0.511589,0.234939,-0.234939,0.234939,-0.234939,0.246967,-0.209915,0.205606,-0.258157,0.464175,0.214178
3.446000,3.692469,2.537420,0.593700,0.474909,1.942795,0.000000,1.332252,0.600000,3.183594,2.500633,0.485989,0.483601,1.937021,0.141904,3.207540,2.378940,0.472154,0.537460,1.764799,0.144836,0.401588,0.401588,-0.395499,-0.395499,0.259968,0.370825,-0.429728,-0.486055,0.234935,-0.234935,0.234935,-0.234935,0.255981,-0.211684,0.209155,-0.270225,0.462171,0.219240
3.458000,3.698084,2.560754,0.593700,0.460909,1.946165,0.000000,1.339452,0.600000,3.189313,2.523898,0.487685,0.469641,1.940453,0.140793,3.213876,2.400103,0.474011,0.523266,1.756771,0.150331,0.401587,0.401587,-0.395497,-0.395497,0.274906,0.369892,-0.428574,-0.455602,0.234931,-0.234931,0.234931,-0.234931,0.264479,-0.213601,0.212866,-0.282230,0.462110,0.222938
3.470000,3.703531,2.584128,0.593700,0.446885,1.949430,0.000000,1.346652,0.600000,3.194865,2.547204,0.489366,0.455658,1.943783,0.139179,3.219991,2.420694,0.475773,0.515532,1.736652,0.128629,0.401585,0.401585,-0.395496,-0.395496,0.294695,0.369460,-0.426905,-0.424138,0.234928,-0.234928,0.234928,-0.234928,0.271878,-0.215610,0.216767,-0.293796,0.461382,0.224891
3.482000,3.708809,2.607540,0.593700,0.432838,1.952597,0.000000,1.353852,0.600000,3.200249,2.570549,0.491023,0.441651,1.947012,0.137106,3.226096,2.441338,0.477351,0.520109,1.743406,0.115534,0.401584,0.401584,-0.395495,-0.395495,0.315230,0.368624,-0.425271,-0.395430,0.234924,-0.234924,0.234924,-0.234924,0.276950,-0.217775,0.220717,-0.304628,0.458559,0.225163
3.494000,3.713919,2.630990,0.593700,0.418769,1.955658,0.000000,1.361052,0.600000,3.205465,2.593932,0.492656,0.427622,1.950137,0.134949,3.232245,2.462156,0.478670,0.527877,1.750610,0.089356,0.401583,0.401583,-0.395493,-0.395493,0.335378,0.366735,-0.424280,-0.370018,0.234921,-0.234921,0.234921,-0.234921,0.279073,-0.219935,0.224860,-0.314195,0.455086,0.224504
3.506000,3.718860,2.654475,0.593700,0.404677,1.958627,0.000000,1.368252,0.600000,3.210512,2.617351,0.494262,0.413570,1.953167,0.132807,3.238438,2.483035,0.479505,0.532331,1.754150,0.052828,0.401581,0.401581,-0.395492,-0.395492,0.355760,0.363978,-0.424180,-0.346831,0.234918,-0.234918,0.234918,-0.234918,0.277935,-0.222044,0.229161,-0.322252,0.453798,0.221128
3.518000,3.723631,2.677996,0.593700,0.390559,1.961494,0.000000,1.375452,0.600000,3.215390,2.640807,0.495843,0.399495,1.956097,0.130697,3.244726,2.504019,0.480113,0.538423,1.765958,0.052741,0.401580,0.401580,-0.395491,-0.395491,0.375941,0.360411,-0.424876,-0.326944,0.234915,-0.234915,0.234915,-0.234915,0.273709,-0.223775,0.233809,-0.325098,0.454724,0.217462
3.530000,3.728233,2.701551,0.593700,0.376424,1.964251,0.000000,1.382652,0.600000,3.220100,2.664297,0.497399,0.385398,1.958924,0.128619,3.251256,2.525169,0.480654,0.540800,1.777688,0.071476,0.401579,0.401579,-0.395489,-0.395489,0.392796,0.356396,-0.425946,-0.312135,0.234912,-0.234912,0.234912,-0.234912,0.268479,-0.225846,0.237636,-0.322339,0.459558,0.217358
3.542000,3.732665,2.725138,0.593700,0.362269,1.966909,0.000000,1.389852,0.600000,3.224640,2.687821,0.498930,0.371279,1.961645,0.126574,3.257341,2.546567,0.481624,0.523826,1.793746,0.098305,0.401578,0.401578,-0.395488,-0.395488,0.406728,0.352075,-0.427629,-0.303444,0.234909,-0.234909,0.234909,-0.234909,0.259894,-0.227298,0.241953,-0.318915,0.457648,0.215336
3.554000,3.736928,2.748756,0.593700,0.348107,1.969472,0.000000,1.397052,0.600000,3.229010,2.711377,0.500437,0.357150,1.964271,0.124561,3.263344,2.568381,0.482870,0.485603,1.814052,0.124517,0.401576,0.401576,-0.395487,-0.395487,0.416575,0.347707,-0.429700,-0.301767,0.234907,-0.234907,0.234907,-0.234907,0.254692,-0.226912,0.247498,-0.314167,0.454909,0.212870
3.566000,3.741020,2.772405,0.593700,0.333915,1.971923,0.000000,1.404252,0.600000,3.233211,2.734963,0.501831,0.342999,1.966791,0.104600,3.268983,2.590204,0.484646,0.439196,1.829678,0.151573,0.401575,0.401575,-0.395486,-0.395486,0.423997,0.345155,-0.430256,-0.305099,0.234904,-0.234904,0.234904,-0.234904,0.252479,-0.227040,0.252364,-0.310094,0.454401,0.213341
3.578000,3.744942,2.796082,0.593700,0.319711,1.974281,0.000000,1.411452,0.600000,3.237242,2.758579,0.502943,0.328831,1.969210,0.080600,3.273877,2.612041,0.486628,0.394305,1.847937,0.147564,0.401574,0.401574,-0.395485,-0.395485,0.430394,0.343734,-0.429724,-0.310546,0.234901,-0.234901,0.234901,-0.234901,0.248631,-0.227860,0.256671,-0.306567,0.455467,0.212070
3.590000,3.748693,2.819787,0.593700,0.305488,1.976528,0.000000,1.418652,0.600000,3.241103,2.782224,0.503766,0.314645,1.971527,0.056600,3.278910,2.634901,0.488688,0.386951,1.930200,0.158374,0.401573,0.401573,-0.395484,-0.395484,0.433870,0.342706,-0.428553,-0.318794,0.234899,-0.234899,0.234899,-0.234899,0.246391,-0.229141,0.260471,-0.303422,0.457305,0.212136
3.600000,3.751688,2.839561,0.593700,0.293623,1.978327,0.000000,1.424652,0.600000,3.244190,2.801948,0.504232,0.302810,1.973380,0.036600,3.283161,2.655394,0.490114,0.388462,2.040738,0.136241,0.401572,0.401572,-0.395483,-0.395483,0.433679,0.341781,-0.427480,-0.328211,0.234897,-0.234897,0.234897,-0.234897,0.244567,-0.230414,0.263279,-0.300915,0.457813,0.211050
3.612000,3.755126,2.863314,0.593700,0.279372,1.980392,0.000000,1.431852,0.600000,3.247739,2.825642,0.504527,0.288594,1.975510,0.012600,3.287794,2.679914,0.491540,0.374489,2.138897,0.090661,0.401571,0.401571,-0.395482,-0.395482,0.430137,0.339645,-0.427609,-0.341839,0.234895,-0.234895,0.234895,-0.234895,0.242491,-0.231549,0.266142,-0.297938,0.454588,0.209552
3.624000,3.758393,2.887090,0.593700,0.265105,1.982350,0.000000,1.439052,0.600000,3.251117,2.849360,0.504534,0.274363,1.977537,-0.011400,3.292128,2.705153,0.492652,0.350953,2.192634,0.067625,0.401570,0.401570,-0.395481,-0.395481,0.423903,0.332638,-0.433859,-0.356994,0.234893,-0.234893,0.234893,-0.234893,0.240450,-0.231880,0.267683,-0.295246,0.447127,0.207899
3.636000,3.761489,2.910890,0.593700,0.250826,1.984208,0.000000,1.446252,0.600000,3.254324,2.873102,0.504253,0.260117,1.979460,-0.035400,3.296141,2.731155,0.493254,0.324319,2.224597,0.028495,0.401570,0.401570,-0.395480,-0.395480,0.415924,0.319500,-0.446740,-0.373391,0.234891,-0.234891,0.234891,-0.234891,0.238207,-0.231795,0.268356,-0.292638,0.435759,0.206752
3.648000,3.764413,2.934711,0.593700,0.236533,1.985963,0.000000,1.453452,0.600000,3.257359,2.896867,0.503685,0.245859,1.981282,-0.059400,3.299873,2.757726,0.493658,0.297995,2.238857,0.013523,0.401569,0.401569,-0.395479,-0.395479,0.406869,0.300113,-0.466423,-0.390179,0.234888,-0.234888,0.234888,-0.234888,0.235865,-0.230910,0.268451,-0.290073,0.421061,0.206160
3.660000,3.767166,2.958552,0.593700,0.222229,1.987615,0.000000,1.460652,0.600000,3.260224,2.920652,0.502832,0.231588,1.983002,-0.080958,3.303314,2.784687,0.493746,0.272563,2.228218,0.000127,0.401568,0.401568,-0.395478,-0.395478,0.397388,0.275988,-0.490165,-0.406686,0.234886,-0.234886,0.234886,-0.234886,0.233501,-0.228728,0.267621,-0.287471,0.404274,0.206266
3.672000,3.769746,2.982413,0.593700,0.207913,1.989164,0.000000,1.467852,0.600000,3.262917,2.944458,0.501869,0.217304,1.984618,-0.075654,3.306516,2.811586,0.493925,0.251777,2.177654,0.019530,0.401567,0.401567,-0.395478,-0.395478,0.388406,0.253483,-0.511274,-0.421088,0.234885,-0.234885,0.234885,-0.234885,0.231079,-0.225021,0.265112,-0.284935,0.390377,0.207079
3.684000,3.772155,3.006292,0.593700,0.193585,1.990609,0.000000,1.475052,0.600000,3.265439,2.968283,0.500870,0.203010,1.986131,-0.094417,3.309513,2.837956,0.494123,0.237957,2.111680,0.025314,0.401566,0.401566,-0.395477,-0.395477,0.381393,0.240124,-0.522963,-0.431459,0.234883,-0.234883,0.234883,-0.234883,0.228583,-0.219845,0.260383,-0.282457,0.386903,0.208713
3.696000,3.774392,3.030187,0.593700,0.179248,1.991951,0.000000,1.482252,0.600000,3.267790,2.992125,0.499601,0.188704,1.987541,-0.114178,3.312370,2.863578,0.494783,0.234453,2.063100,0.061913,0.401565,0.401565,-0.395476,-0.395476,0.376692,0.239558,-0.523468,-0.438529,0.234881,-0.234881,0.234881,-0.234881,0.226043,-0.213689,0.252993,-0.280075,0.397242,0.209061
3.708000,3.776457,3.054098,0.593700,0.164902,1.993190,0.000000,1.489452,0.600000,3.269968,3.015983,0.498318,0.174389,1.988848,-0.095724,3.315131,2.888626,0.495659,0.231622,2.048805,0.083814,0.401565,0.401565,-0.395475,-0.395475,0.373782,0.250770,-0.516003,-0.443090,0.234879,-0.234879,0.234879,-0.234879,0.223513,-0.207516,0.242838,-0.277685,0.419621,0.208560
3.720000,3.778350,3.078023,0.593700,0.150547,1.994326,0.000000,1.496652,0.600000,3.271975,3.039857,0.497313,0.160065,1.990052,-0.071724,3.317775,2.913555,0.496766,0.224984,2.065023,0.092751,0.401564,0.401564,-0.395475,-0.395475,0.371832,0.270158,-0.505704,-0.446323,0.234878,-0.234878,0.234878,-0.234878,0.221277,-0.201968,0.230485,-0.274908,0.447089,0.206144
3.732000,3.780070,3.101962,0.593700,0.136184,1.995358,0.000000,1.503852,0.600000,3.273810,3.063744,0.496597,0.145733,1.991153,-0.047724,3.320370,2.938553,0.498363,0.221506,2.079358,0.123695,0.401563,0.401563,-0.395474,-0.395474,0.370395,0.295116,-0.495380,-0.449018,0.234876,-0.234876,0.234876,-0.234876,0.219287,-0.197233,0.216830,-0.271852,0.471978,0.201309
3.744000,3.781618,3.125912,0.593700,0.121814,1.996287,0.000000,1.511052,0.600000,3.275473,3.087644,0.496168,0.131393,1.992151,-0.023724,3.322954,2.963535,0.499883,0.219640,2.081871,0.117598,0.401563,0.401563,-0.395473,-0.395473,0.369432,0.324731,-0.484593,-0.451672,0.234874,-0.234874,0.234874,-0.234874,0.217358,-0.193707,0.202784,-0.268652,0.489991,0.194373
3.756000,3.782994,3.149872,0.593700,0.107437,1.997112,0.000000,1.518252,0.600000,3.276963,3.111555,0.496027,0.117046,1.993045,0.000276,3.325498,2.988462,0.501463,0.215775,2.080714,0.118137,0.401562,0.401562,-0.395473,-0.395473,0.368738,0.357522,-0.471281,-0.454324,0.234873,-0.234873,0.234873,-0.234873,0.215426,-0.191534,0.189026,-0.265299,0.498098,0.185853
3.768000,3.784197,3.173842,0.593700,0.093054,1.997833,0.000000,1.525452,0.600000,3.278282,3.135477,0.496175,0.102728,1.993833,0.024276,3.327994,3.013342,0.502522,0.212226,2.090011,0.066152,0.401562,0.401562,-0.395472,-0.395472,0.368169,0.391205,-0.454475,-0.456674,0.234872,-0.234872,0.234872,-0.234872,0.213405,-0.190210,0.175856,-0.261772,0.498180,0.176419
3.780000,3.785227,3.197820,0.593700,0.078667,1.998451,0.000000,1.532652,0.600000,3.279429,3.159407,0.496610,0.088549,1.994508,0.048276,3.330328,3.038460,0.503181,0.197997,2.121264,0.015678,0.401561,0.401561,-0.395472,-0.395472,0.367363,0.422905,-0.436267,-0.458773,0.234874,-0.234874,0.234874,-0.234874,0.211347,-0.189310,0.163692,-0.257928,0.494069,0.166416
3.792000,3.786085,3.221804,0.593700,0.064276,1.998965,0.000000,1.539852,0.600000,3.280407,3.183345,0.497333,0.074452,1.995078,0.072276,3.332497,3.064114,0.503467,0.182526,2.165636,-0.010523,0.401560,0.401560,-0.395471,-0.395471,0.365974,0.450310,-0.418269,-0.461627,0.234888,-0.234888,0.234888,-0.234888,0.209640,-0.188233,0.153596,-0.253434,0.489119,0.156854
3.804000,3.786770,3.245794,0.593700,0.049882,1.999376,0.000000,1.547052,0.600000,3.281216,3.207288,0.498344,0.060429,1.995545,0.096276,3.334563,3.090234,0.503280,0.172646,2.201082,-0.035130,0.401560,0.401560,-0.395470,-0.395470,0.363965,0.473363,-0.399899,-0.465731,0.234921,-0.234921,0.234921,-0.234921,0.208116,-0.187406,0.146465,-0.248519,0.485905,0.149047
3.816000,3.787282,3.269789,0.593700,0.035486,1.999684,0.000000,1.554252,0.600000,3.281858,3.231237,0.499632,0.046334,1.995918,0.115953,3.336519,3.116695,0.502761,0.163701,2.229943,-0.055440,0.401559,0.401559,-0.395470,-0.395470,0.361240,0.492394,-0.381128,-0.470829,0.234978,-0.234978,0.234978,-0.234978,0.206650,-0.187631,0.142470,-0.243424,0.484422,0.143577
3.828000,3.787621,3.293786,0.593700,0.021076,1.999883,0.000000,1.561463,0.600000,3.282327,3.255190,0.501065,0.032000,1.996196,0.121316,3.338404,3.143569,0.502172,0.158307,2.257518,-0.016624,0.401559,0.401559,-0.395469,-0.395469,0.358094,0.505286,-0.367143,-0.476854,0.235053,-0.235053,0.235053,-0.235053,0.205023,-0.190230,0.145494,-0.238128,0.477036,0.143294
3.840000,3.787788,3.317786,0.593700,0.006638,1.999988,0.000000,1.568681,0.600000,3.282640,3.279145,0.502523,0.020542,1.996316,0.121253,3.340105,3.170822,0.502057,0.146239,2.287066,0.003199,0.401558,0.401558,-0.395469,-0.395469,0.354355,0.512993,-0.356192,-0.482694,0.235118,-0.235118,0.235118,-0.235118,0.203585,-0.193714,0.148461,-0.233301,0.467967,0.143835
3.850000,3.787794,3.337786,0.593700,-0.005391,1.999992,0.000000,1.574695,0.600000,3.282794,3.299109,0.503729,0.010475,1.996372,0.119999,3.341400,3.193733,0.502262,0.130355,2.290040,0.048517,0.401558,0.401558,-0.395468,-0.395468,0.350806,0.515262,-0.350194,-0.487329,0.235149,-0.235149,0.235149,-0.235149,0.202819,-0.196208,0.151763,-0.229163,0.461237,0.144353
3.862000,3.787643,3.361785,0.593700,-0.019827,1.999902,0.000000,1.581913,0.600000,3.282855,3.323065,0.505119,0.000077,1.996357,0.106247,3.342807,3.220972,0.502896,0.094785,2.251098,0.083873,0.401557,0.401557,-0.395468,-0.395468,0.346086,0.514175,-0.348994,-0.492493,0.235165,-0.235165,0.235165,-0.235165,0.202271,-0.197868,0.155610,-0.224717,0.460621,0.145604
3.874000,3.787318,3.385783,0.593700,-0.034261,1.999706,0.000000,1.589130,0.600000,3.282786,3.347021,0.506250,-0.012390,1.996281,0.082247,3.343831,3.247848,0.504004,0.063999,2.219425,0.092752,0.401557,0.401557,-0.395468,-0.395468,0.341964,0.509670,-0.351575,-0.497244,0.235164,-0.235164,0.235164,-0.235164,0.201447,-0.199586,0.158621,-0.220998,0.463722,0.146435
3.886000,3.786820,3.409778,0.593700,-0.048692,1.999404,0.000000,1.596347,0.600000,3.282541,3.370976,0.507093,-0.028878,1.996110,0.058247,3.344545,3.274648,0.505146,0.037719,2.234596,0.089707,0.401557,0.401557,-0.395467,-0.395467,0.338913,0.501613,-0.356890,-0.501677,0.235155,-0.235155,0.235155,-0.235155,0.200158,-0.201458,0.161298,-0.217613,0.460254,0.146976
3.898000,3.786150,3.433768,0.593700,-0.063121,1.998998,0.000000,1.603565,0.600000,3.282088,3.394927,0.507648,-0.046676,1.995804,0.034247,3.345002,3.300773,0.506277,0.012951,2.243719,0.091970,0.401556,0.401556,-0.395467,-0.395467,0.336832,0.489427,-0.364417,-0.505898,0.235145,-0.235145,0.235145,-0.235145,0.198861,-0.203404,0.163674,-0.214507,0.454618,0.147348
3.910000,3.785306,3.457753,0.593700,-0.077546,1.998492,0.000000,1.610782,0.600000,3.281418,3.418874,0.507915,-0.064994,1.995351,0.010247,3.345142,3.325759,0.507433,-0.006268,2.208032,0.071417,0.401556,0.401556,-0.395466,-0.395466,0.335191,0.474142,-0.373351,-0.509523,0.235139,-0.235139,0.235139,-0.235139,0.197256,-0.205416,0.165666,-0.212120,0.449086,0.147495
3.922000,3.784288,3.481732,0.593700,-0.091969,1.997882,0.000000,1.618000,0.600000,3.280538,3.442815,0.507901,-0.081329,1.994798,-0.009551,3.345036,3.350679,0.508110,-0.020158,2.168210,0.028031,0.401555,0.401555,-0.395466,-0.395466,0.330619,0.457237,-0.384178,-0.515540,0.235137,-0.235137,0.235137,-0.235137,0.196480,-0.207202,0.167744,-0.210957,0.441405,0.148080
3.934000,3.783098,3.505702,0.593700,-0.106386,1.997168,0.000000,1.625217,0.600000,3.279473,3.466749,0.507783,-0.095980,1.994157,-0.006511,3.344697,3.375656,0.508396,-0.035321,2.122193,0.006665,0.401555,0.401555,-0.395466,-0.395466,0.321551,0.439527,-0.396687,-0.526476,0.235136,-0.235136,0.235136,-0.235136,0.196187,-0.209055,0.169980,-0.210117,0.430662,0.149259
3.946000,3.781735,3.529663,0.593700,-0.120797,1.996348,0.000000,1.632434,0.600000,3.278237,3.490675,0.507811,-0.110090,1.993423,0.013179,3.344221,3.400550,0.508395,-0.045451,2.069772,-0.012538,0.401555,0.401555,-0.395465,-0.395465,0.307247,0.422688,-0.409640,-0.543576,0.235146,-0.235146,0.235146,-0.235146,0.196705,-0.210976,0.172426,-0.209479,0.417893,0.151641
3.958000,3.780199,3.553614,0.593700,-0.135202,1.995421,0.000000,1.639652,0.600000,3.276830,3.514591,0.508102,-0.124566,1.992571,0.031151,3.343642,3.425253,0.508261,-0.052492,2.011429,-0.015681,0.401554,0.401554,-0.395465,-0.395465,0.288707,0.407371,-0.422134,-0.564054,0.235178,-0.235178,0.235178,-0.235178,0.198722,-0.212882,0.174825,-0.209794,0.404476,0.155848
3.970000,3.778490,3.577553,0.593700,-0.149598,1.994390,0.000000,1.646869,0.600000,3.275246,3.538496,0.508365,-0.139375,1.991598,0.010278,3.342872,3.449443,0.507814,-0.065919,1.933572,-0.028835,0.401554,0.401554,-0.395465,-0.395465,0.270355,0.394143,-0.432367,-0.580804,0.235211,-0.235211,0.235211,-0.235211,0.202358,-0.214950,0.177019,-0.211546,0.394548,0.162157
3.982000,3.776609,3.601479,0.593700,-0.163987,1.993255,0.000000,1.654087,0.600000,3.273486,3.562389,0.508344,-0.153856,1.990532,-0.013722,3.341941,3.472793,0.507562,-0.078540,1.845725,-0.015839,0.401554,0.401554,-0.395464,-0.395464,0.257314,0.384197,-0.438722,-0.586388,0.235225,-0.235225,0.235225,-0.235225,0.207675,-0.217044,0.179190,-0.215051,0.392479,0.170479
3.994000,3.774555,3.625391,0.593700,-0.178369,1.992019,0.000000,1.661304,0.600000,3.271553,3.586268,0.508042,-0.168245,1.989366,-0.033135,3.340849,3.495268,0.507484,-0.091343,1.793854,0.007251,0.401553,0.401553,-0.395464,-0.395464,0.251281,0.377600,-0.440820,-0.578652,0.235225,-0.235225,0.235225,-0.235225,0.214540,-0.219048,0.181520,-0.220420,0.398871,0.178024
4.004000,3.773087,3.641323,0.593700,-0.190342,1.990912,0.000000,1.667310,0.600000,3.269827,3.606140,0.507797,-0.175169,1.983400,-0.014645,3.339833,3.513612,0.507790,-0.100608,1.789690,0.028545,0.401556,0.401556,-0.395467,-0.395467,0.249744,0.374089,-0.440264,-0.565118,0.235219,-0.235219,0.235219,-0.235219,0.221348,-0.220617,0.183660,-0.226279,0.407231,0.183573
4.016000,3.770717,3.665205,0.593700,-0.204640,1.989498,0.000000,1.674493,0.600000,3.267620,3.629960,0.507766,-0.192540,1.985760,0.009355,3.338512,3.535662,0.508535,-0.108998,1.820449,0.051952,0.401569,0.401569,-0.395479,-0.395479,0.248891,0.371321,-0.438489,-0.545931,0.235231,-0.235231,0.235231,-0.235231,0.230739,-0.222436,0.186544,-0.234978,0.415096,0.190415
4.028000,3.768176,3.689070,0.593700,-0.218908,1.987978,0.000000,1.681664,0.600000,3.265214,3.653787,0.508022,-0.208132,1.985236,0.033355,3.337085,3.558034,0.509323,-0.120804,1.852608,0.072438,0.401573,0.401573,-0.395483,-0.395483,0.248235,0.369144,-0.437111,-0.526345,0.235257,-0.235257,0.235257,-0.235257,0.241210,-0.224395,0.189690,-0.245738,0.417334,0.196731
4.040000,3.765464,3.712917,0.593700,-0.233147,1.986359,0.000000,1.688830,0.600000,3.262628,3.677602,0.508566,-0.222840,1.983906,0.057355,3.335434,3.580475,0.510358,-0.138673,1.848976,0.090106,0.401572,0.401572,-0.395482,-0.395482,0.251445,0.367191,-0.435907,-0.503791,0.235277,-0.235277,0.235277,-0.235277,0.252037,-0.226539,0.192865,-0.258170,0.415974,0.202310
4.052000,3.762580,3.736743,0.593700,-0.247374,1.984636,0.000000,1.695996,0.600000,3.259868,3.701400,0.509398,-0.237196,1.982309,0.081355,3.333701,3.602618,0.511312,-0.148831,1.829026,0.066966,0.401570,0.401570,-0.395481,-0.395481,0.262347,0.365885,-0.434163,-0.475621,0.235281,-0.235281,0.235281,-0.235281,0.262579,-0.228871,0.196183,-0.270982,0.416001,0.206749
4.064000,3.759527,3.760547,0.593700,-0.261591,1.982816,0.000000,1.703161,0.600000,3.256936,3.725177,0.510508,-0.251431,1.980573,0.101489,3.331829,3.624415,0.512608,-0.155651,1.824732,0.084058,0.401568,0.401568,-0.395479,-0.395479,0.279122,0.365229,-0.431962,-0.445081,0.235274,-0.235274,0.235274,-0.235274,0.272100,-0.231181,0.199767,-0.283486,0.416364,0.209728
4.076000,3.756302,3.784330,0.593700,-0.275792,1.980893,0.000000,1.710327,0.600000,3.253834,3.748933,0.511771,-0.265627,1.978726,0.107281,3.329881,3.646260,0.513317,-0.160683,1.835175,0.050907,0.401567,0.401567,-0.395478,-0.395478,0.297660,0.364229,-0.429861,-0.416187,0.235262,-0.235262,0.235262,-0.235262,0.279616,-0.233617,0.203506,-0.295142,0.415039,0.211277
4.088000,3.752908,3.808088,0.593700,-0.289979,1.978866,0.000000,1.717493,0.600000,3.250561,3.772666,0.513061,-0.279801,1.976774,0.107267,3.327900,3.668203,0.514049,-0.161942,1.839407,0.054647,0.401566,0.401566,-0.395477,-0.395477,0.317430,0.362344,-0.428414,-0.389076,0.235247,-0.235247,0.235247,-0.235247,0.284181,-0.236106,0.207339,-0.305468,0.413006,0.209360
4.100000,3.749343,3.831822,0.593700,-0.304151,1.976738,0.000000,1.724658,0.600000,3.247118,3.796375,0.514340,-0.293959,1.974719,0.105908,3.325830,3.690085,0.514256,-0.165685,1.839947,0.002524,0.401565,0.401565,-0.395476,-0.395476,0.338752,0.359914,-0.427241,-0.363312,0.235232,-0.235232,0.235232,-0.235232,0.285349,-0.238584,0.211359,-0.314025,0.413500,0.205899
4.110000,3.746242,3.851580,0.593700,-0.315949,1.974886,0.000000,1.730630,0.600000,3.244120,3.816113,0.515393,-0.305745,1.972928,0.104566,3.324085,3.708360,0.514332,-0.167457,1.850795,-0.007616,0.401565,0.401565,-0.395475,-0.395475,0.356223,0.357420,-0.426632,-0.344365,0.235220,-0.235220,0.235220,-0.235220,0.284012,-0.240459,0.214965,-0.319428,0.415267,0.203110
4.122000,3.742366,3.875265,0.593700,-0.330099,1.972568,0.000000,1.737800,0.600000,3.240366,3.839775,0.516638,-0.319877,1.970686,0.102920,3.321952,3.730771,0.514157,-0.182009,1.875282,0.004246,0.401564,0.401564,-0.395475,-0.395475,0.373758,0.353556,-0.426752,-0.328437,0.235207,-0.235207,0.235207,-0.235207,0.280675,-0.242477,0.219403,-0.317748,0.418170,0.201200
4.134000,3.738320,3.898922,0.593700,-0.344242,1.970148,0.000000,1.744973,0.600000,3.236443,3.863409,0.517863,-0.334001,1.968340,0.101287,3.319634,3.753163,0.514338,-0.201595,1.880390,0.035150,0.401563,0.401563,-0.395474,-0.395474,0.387634,0.349526,-0.427231,-0.317370,0.235193,-0.235193,0.235193,-0.235193,0.273828,-0.244765,0.223238,-0.314861,0.423449,0.200585
4.146000,3.734104,3.922548,0.593700,-0.358361,1.967632,0.000000,1.752145,0.600000,3.232350,3.887015,0.519069,-0.348110,1.965895,0.099677,3.317223,3.775780,0.514922,-0.198213,1.889628,0.061486,0.401563,0.401563,-0.395473,-0.395473,0.399101,0.345353,-0.428227,-0.311943,0.235181,-0.235181,0.235181,-0.235181,0.267375,-0.245907,0.227912,-0.311010,0.425358,0.198678
4.158000,3.729719,3.946144,0.593700,-0.372465,1.965012,0.000000,1.759318,0.600000,3.228088,3.910590,0.520251,-0.362200,1.963349,0.094355,3.314476,3.798612,0.515714,-0.249766,1.893801,0.088124,0.401562,0.401562,-0.395473,-0.395473,0.407108,0.341547,-0.429392,-0.312001,0.235169,-0.235169,0.235169,-0.235169,0.266425,-0.246326,0.232672,-0.307055,0.425232,0.199018
4.170000,3.725165,3.969708,0.593700,-0.386549,1.962289,0.000000,1.766490,0.600000,3.223657,3.934135,0.521240,-0.376272,1.960701,0.070355,3.311201,3.821765,0.516763,-0.295264,1.917853,0.087253,0.401562,0.401562,-0.395472,-0.395472,0.412883,0.338912,-0.429687,-0.316716,0.235157,-0.235157,0.235157,-0.235157,0.264812,-0.247467,0.236602,-0.303706,0.425091,0.199310
4.182000,3.720442,3.993239,0.593700,-0.400613,1.959467,0.000000,1.773663,0.600000,3.219058,3.957647,0.521940,-0.390325,1.957952,0.046355,3.307426,3.845074,0.517890,-0.341052,1.954985,0.087402,0.401561,0.401561,-0.395472,-0.395472,0.416403,0.337357,-0.430088,-0.323970,0.235145,-0.235145,0.235145,-0.235145,0.262550,-0.249006,0.239547,-0.300797,0.425106,0.199088
4.194000,3.715551,4.016735,0.593700,-0.414657,1.956543,0.000000,1.780835,0.600000,3.214290,3.981125,0.522352,-0.404359,1.955102,0.022355,3.303365,3.868562,0.518848,-0.381673,2.008255,0.077110,0.401560,0.401560,-0.395471,-0.395471,0.417322,0.336061,-0.430246,-0.333999,0.235135,-0.235135,0.235135,-0.235135,0.260148,-0.250797,0.242652,-0.298079,0.424339,0.198768
4.206000,3.710491,4.040195,0.593700,-0.428697,1.953514,0.000000,1.788022,0.600000,3.209353,4.004569,0.522476,-0.418375,1.952151,-0.001645,3.298801,3.891956,0.519973,-0.421829,2.044416,0.070722,0.401560,0.401560,-0.395470,-0.395470,0.415721,0.334482,-0.430420,-0.346311,0.235124,-0.235124,0.235124,-0.235124,0.257754,-0.252624,0.245012,-0.295530,0.422547,0.198162
4.218000,3.705262,4.063619,0.593700,-0.442764,1.950374,0.000000,1.795229,0.600000,3.204249,4.027976,0.522313,-0.432408,1.949090,-0.025645,3.293844,3.915778,0.520566,-0.453069,2.077420,0.028730,0.401559,0.401559,-0.395470,-0.395470,0.412283,0.330371,-0.433611,-0.359646,0.235114,-0.235114,0.235114,-0.235114,0.255438,-0.253935,0.246695,-0.293116,0.419073,0.197353
4.230000,3.699864,4.087004,0.593700,-0.456808,1.947133,0.000000,1.802435,0.600000,3.198976,4.051347,0.521861,-0.446437,1.945925,-0.049645,3.288254,3.940439,0.520794,-0.494206,2.108436,-0.000306,0.401559,0.401559,-0.395469,-0.395469,0.407198,0.320469,-0.442637,-0.374228,0.235104,-0.235104,0.235104,-0.235104,0.252890,-0.254447,0.248024,-0.290957,0.411432,0.196739
4.242000,3.694298,4.110350,0.593700,-0.470829,1.943790,0.000000,1.809642,0.600000,3.193534,4.074678,0.521121,-0.460448,1.942657,-0.073645,3.282188,3.965717,0.520732,-0.527690,2.134443,-0.009429,0.401558,0.401558,-0.395469,-0.395469,0.400941,0.304021,-0.458070,-0.389378,0.235094,-0.235094,0.235094,-0.235094,0.250240,-0.253760,0.248839,-0.288798,0.400038,0.196198
4.254000,3.688565,4.133655,0.593700,-0.484824,1.940347,0.000000,1.816849,0.600000,3.187925,4.097970,0.520095,-0.474435,1.939289,-0.096762,3.275686,3.991480,0.520236,-0.554425,2.146819,-0.032477,0.401558,0.401558,-0.395468,-0.395468,0.393596,0.281265,-0.479598,-0.404652,0.235085,-0.235085,0.235085,-0.235085,0.247505,-0.251457,0.249181,-0.286658,0.385390,0.196113
4.266000,3.682663,4.156918,0.593700,-0.498794,1.936802,0.000000,1.824056,0.600000,3.182148,4.121221,0.518905,-0.488398,1.935819,-0.095193,3.268895,4.017442,0.519705,-0.563260,2.124919,-0.018333,0.401557,0.401557,-0.395468,-0.395468,0.385966,0.256413,-0.502851,-0.419430,0.235076,-0.235076,0.235076,-0.235076,0.244815,-0.247071,0.248711,-0.284503,0.370023,0.196444
4.278000,3.676594,4.180137,0.593700,-0.512737,1.933153,0.000000,1.831262,0.600000,3.176203,4.144429,0.517841,-0.502335,1.932247,-0.092403,3.262013,4.043115,0.519200,-0.558403,2.068373,-0.026107,0.401557,0.401557,-0.395468,-0.395468,0.379354,0.237400,-0.520691,-0.431386,0.235068,-0.235068,0.235068,-0.235068,0.242159,-0.240606,0.246999,-0.282401,0.360792,0.197290
4.290000,3.670357,4.203313,0.593700,-0.526655,1.929407,0.000000,1.838469,0.600000,3.170092,4.167594,0.516588,-0.516246,1.928575,-0.116403,3.255248,4.068131,0.519020,-0.541792,2.008717,0.010221,0.401556,0.401556,-0.395467,-0.395467,0.374573,0.230558,-0.528072,-0.439816,0.235060,-0.235060,0.235060,-0.235060,0.239465,-0.232575,0.243650,-0.280413,0.363232,0.198532
4.302000,3.663954,4.226443,0.593700,-0.540546,1.925561,0.000000,1.845676,0.600000,3.163814,4.190715,0.515070,-0.530131,1.924803,-0.130097,3.248688,4.092417,0.519248,-0.527362,1.970998,0.033017,0.401556,0.401556,-0.395467,-0.395467,0.371780,0.237370,-0.525145,-0.445111,0.235052,-0.235052,0.235052,-0.235052,0.236668,-0.223850,0.238203,-0.278563,0.379249,0.199658
4.314000,3.657384,4.249526,0.593700,-0.554408,1.921616,0.000000,1.852882,0.600000,3.157369,4.213789,0.513653,-0.543988,1.920932,-0.106097,3.242151,4.116345,0.519859,-0.535221,1.972666,0.062319,0.401556,0.401556,-0.395466,-0.395466,0.370399,0.254443,-0.516607,-0.448487,0.235044,-0.235044,0.235044,-0.235044,0.233975,-0.215361,0.230521,-0.276673,0.404174,0.199565
4.326000,3.650648,4.272561,0.593700,-0.568232,1.917577,0.000000,1.860082,0.600000,3.150758,4.236817,0.512524,-0.557813,1.916966,-0.082097,3.235521,4.140345,0.520664,-0.549679,1.999185,0.078458,0.401555,0.401555,-0.395466,-0.395466,0.369595,0.277398,-0.507034,-0.450744,0.235037,-0.235037,0.235037,-0.235037,0.231514,-0.207692,0.221506,-0.274569,0.430225,0.197571
4.338000,3.643747,4.295547,0.593700,-0.582025,1.913437,0.000000,1.867282,0.600000,3.143981,4.259796,0.511682,-0.571603,1.912901,-0.058097,3.228789,4.164569,0.521734,-0.559905,2.021047,0.088113,0.401555,0.401555,-0.395466,-0.395466,0.369068,0.303870,-0.497694,-0.452736,0.235029,-0.235029,0.235029,-0.235029,0.228981,-0.201038,0.211971,-0.272392,0.451308,0.193475
4.350000,3.636680,4.318483,0.593700,-0.595787,1.909198,0.000000,1.874482,0.600000,3.137040,4.282726,0.511129,-0.585362,1.908737,-0.034097,3.221932,4.188956,0.522885,-0.567932,2.033110,0.088833,0.401555,0.401555,-0.395465,-0.395465,0.368521,0.333363,-0.486748,-0.454990,0.235022,-0.235022,0.235022,-0.235022,0.226455,-0.195246,0.201964,-0.269971,0.464883,0.187342
4.362000,3.629448,4.341368,0.593700,-0.609517,1.904858,0.000000,1.881682,0.600000,3.129933,4.305605,0.510864,-0.599088,1.904473,-0.010097,3.215025,4.213339,0.523834,-0.572421,2.034779,0.051611,0.401554,0.401554,-0.395465,-0.395465,0.368020,0.365357,-0.471078,-0.457304,0.235016,-0.235016,0.235016,-0.235016,0.223896,-0.190192,0.191495,-0.267293,0.471283,0.179867
4.374000,3.622052,4.364199,0.593700,-0.623218,1.900421,0.000000,1.888882,0.600000,3.122662,4.328433,0.510887,-0.612672,1.900144,0.013903,3.207873,4.238097,0.524357,-0.594155,2.076363,0.013308,0.401554,0.401554,-0.395464,-0.395464,0.367329,0.398007,-0.451660,-0.459333,0.235011,-0.235011,0.235011,-0.235011,0.221349,-0.185714,0.180913,-0.264177,0.472275,0.171200
4.384000,3.615762,4.383185,0.593700,-0.634609,1.896647,0.000000,1.894882,0.600000,3.116479,4.347416,0.511126,-0.623900,1.896483,0.033903,3.201871,4.258654,0.524279,-0.606727,2.082827,-0.024716,0.401554,0.401554,-0.395464,-0.395464,0.366160,0.423739,-0.434809,-0.461279,0.235012,-0.235012,0.235012,-0.235012,0.219398,-0.182379,0.172443,-0.261150,0.470290,0.163827
4.396000,3.608065,4.405917,0.593700,-0.648249,1.892029,0.000000,1.902082,0.600000,3.108912,4.370147,0.511677,-0.637276,1.892023,0.057903,3.194442,4.283508,0.523872,-0.627024,2.100835,-0.049675,0.401553,0.401553,-0.395464,-0.395464,0.364552,0.452526,-0.413622,-0.464339,0.235026,-0.235026,0.235026,-0.235026,0.217214,-0.179418,0.163358,-0.257032,0.468470,0.155253
4.408000,3.600205,4.428593,0.593700,-0.661854,1.887313,0.000000,1.909282,0.600000,3.101185,4.392824,0.512516,-0.650531,1.887499,0.081903,3.186769,4.308667,0.523000,-0.648042,2.125881,-0.075590,0.401553,0.401553,-0.395464,-0.395464,0.362307,0.477290,-0.393048,-0.468611,0.235061,-0.235061,0.235061,-0.235061,0.215223,-0.177750,0.156440,-0.252432,0.467931,0.148141
4.420000,3.592181,4.451212,0.593700,-0.675430,1.882491,0.000000,1.916490,0.600000,3.093299,4.415447,0.513620,-0.663980,1.882806,0.099336,3.179088,4.334446,0.521933,-0.659843,2.163883,-0.067954,0.401553,0.401553,-0.395463,-0.395463,0.359261,0.496003,-0.375758,-0.474269,0.235120,-0.235120,0.235120,-0.235120,0.212387,-0.179653,0.156083,-0.248286,0.467892,0.146168
4.432000,3.583994,4.473773,0.593700,-0.689001,1.877572,0.000000,1.923705,0.600000,3.085257,4.438014,0.514845,-0.675746,1.878586,0.103590,3.170873,4.360386,0.521436,-0.674941,2.181384,-0.025209,0.401552,0.401552,-0.395463,-0.395463,0.355635,0.507773,-0.361154,-0.479701,0.235186,-0.235186,0.235186,-0.235186,0.210338,-0.184210,0.157398,-0.244007,0.459484,0.145449
4.444000,3.575645,4.496273,0.593700,-0.702529,1.872551,0.000000,1.930921,0.600000,3.077083,4.460533,0.516088,-0.687009,1.874456,0.103265,3.162616,4.386665,0.521028,-0.690235,2.207328,-0.001861,0.401552,0.401552,-0.395463,-0.395463,0.351432,0.513985,-0.349788,-0.485302,0.235225,-0.235225,0.235225,-0.235225,0.208241,-0.188900,0.160520,-0.239932,0.449584,0.146063
4.456000,3.567134,4.518713,0.593700,-0.716023,1.867434,0.000000,1.938136,0.600000,3.068774,4.483002,0.517320,-0.697493,1.870534,0.101929,3.154161,4.412739,0.521149,-0.706990,2.159405,0.034604,0.401552,0.401552,-0.395463,-0.395463,0.346688,0.516247,-0.345141,-0.490531,0.235241,-0.235241,0.235241,-0.235241,0.207348,-0.191208,0.164224,-0.235363,0.445060,0.146705
4.468000,3.558461,4.541091,0.593700,-0.729478,1.862220,0.000000,1.945351,0.600000,3.060344,4.505426,0.518429,-0.707960,1.866544,0.080906,3.145632,4.438276,0.521793,-0.721232,2.107720,0.060253,0.401552,0.401552,-0.395462,-0.395462,0.342277,0.514590,-0.345283,-0.495570,0.235240,-0.235240,0.235240,-0.235240,0.206463,-0.193053,0.167422,-0.231280,0.445381,0.147256
4.480000,3.549626,4.563406,0.593700,-0.742896,1.856908,0.000000,1.952567,0.600000,3.051766,4.527793,0.519256,-0.722292,1.861038,0.056906,3.136906,4.463235,0.522675,-0.741756,2.072330,0.065383,0.401551,0.401551,-0.395462,-0.395462,0.338920,0.509046,-0.347987,-0.500353,0.235230,-0.235230,0.235230,-0.235230,0.205071,-0.195069,0.169944,-0.227502,0.448269,0.147496
4.492000,3.540631,4.585657,0.593700,-0.756274,1.851499,0.000000,1.959782,0.600000,3.042999,4.550086,0.519795,-0.739222,1.854426,0.032906,3.128039,4.488130,0.523628,-0.768587,2.091092,0.061979,0.401551,0.401551,-0.395462,-0.395462,0.336563,0.499563,-0.353317,-0.504934,0.235219,-0.235219,0.235219,-0.235219,0.203765,-0.197236,0.172684,-0.223841,0.443747,0.147730
4.504000,3.531476,4.607842,0.593700,-0.769614,1.845994,0.000000,1.966998,0.600000,3.034025,4.572298,0.520046,-0.756361,1.847578,0.008906,3.119276,4.512001,0.524480,-0.784256,2.078430,0.054157,0.401551,0.401551,-0.395462,-0.395462,0.334944,0.486368,-0.361177,-0.509195,0.235215,-0.235215,0.235215,-0.235215,0.202286,-0.199573,0.175185,-0.220530,0.439130,0.148032
4.516000,3.522161,4.629960,0.593700,-0.782910,1.840392,0.000000,1.974213,0.600000,3.024853,4.594430,0.520009,-0.771759,1.841253,-0.014554,3.110448,4.535105,0.525188,-0.785892,2.037414,0.030454,0.401551,0.401551,-0.395461,-0.395461,0.332438,0.470556,-0.370907,-0.513532,0.235216,-0.235216,0.235216,-0.235216,0.201118,-0.201535,0.177410,-0.218845,0.433483,0.148241
4.528000,3.512686,4.652011,0.593700,-0.796167,1.834695,0.000000,1.981428,0.600000,3.015511,4.616491,0.519866,-0.785008,1.835648,-0.003102,3.101407,4.558345,0.525340,-0.781373,1.995283,-0.011206,0.401551,0.401551,-0.395461,-0.395461,0.325814,0.453463,-0.382255,-0.521727,0.235217,-0.235217,0.235217,-0.235217,0.200604,-0.203151,0.179844,-0.217953,0.424957,0.148953
4.540000,3.503053,4.673993,0.593700,-0.809384,1.828903,0.000000,1.988644,0.600000,3.006014,4.638486,0.519973,-0.797895,1.830073,0.020898,3.092244,4.581592,0.525267,-0.771824,1.950446,-0.029668,0.401550,0.401550,-0.395461,-0.395461,0.314121,0.436486,-0.394183,-0.535720,0.235241,-0.235241,0.235241,-0.235241,0.200718,-0.204843,0.182432,-0.217030,0.413729,0.150534
4.552000,3.493261,4.695904,0.593700,-0.822561,1.823016,0.000000,1.995859,0.600000,2.996361,4.660412,0.520368,-0.810943,1.824322,0.044898,3.083042,4.604780,0.525022,-0.761110,1.909311,-0.033249,0.401550,0.401550,-0.395461,-0.395461,0.296871,0.419940,-0.406406,-0.555370,0.235290,-0.235290,0.235290,-0.235290,0.202010,-0.206510,0.184974,-0.216525,0.400160,0.153601
4.564000,3.483312,4.717745,0.593700,-0.835695,1.817034,0.000000,2.003074,0.600000,2.986547,4.682267,0.520919,-0.824839,1.818104,0.037761,3.073844,4.627614,0.524403,-0.746156,1.844457,-0.038253,0.401550,0.401550,-0.395461,-0.395461,0.277349,0.404667,-0.417964,-0.575232,0.235353,-0.235353,0.235353,-0.235353,0.204672,-0.208341,0.187339,-0.216995,0.387452,0.158563
4.576000,3.473205,4.739513,0.593700,-0.848785,1.810957,0.000000,2.010290,0.600000,2.976568,4.704048,0.521228,-0.838265,1.811966,0.013761,3.064768,4.649686,0.523788,-0.724337,1.751823,-0.038470,0.401550,0.401550,-0.395460,-0.395460,0.261452,0.392041,-0.426463,-0.586745,0.235393,-0.235393,0.235393,-0.235393,0.208769,-0.210263,0.189457,-0.219121,0.380912,0.164517
4.588000,3.462941,4.761207,0.593700,-0.861829,1.804785,0.000000,2.017505,0.600000,2.966430,4.725755,0.521249,-0.851400,1.805836,-0.010239,3.055885,4.670715,0.523430,-0.707872,1.665654,-0.019282,0.401550,0.401550,-0.395460,-0.395460,0.253539,0.382932,-0.430851,-0.584245,0.235403,-0.235403,0.235403,-0.235403,0.214202,-0.212096,0.191662,-0.222872,0.384029,0.169357
4.600000,3.452521,4.782827,0.593700,-0.874829,1.798520,0.000000,2.024720,0.600000,2.956135,4.747387,0.521018,-0.864347,1.799673,-0.018520,3.047156,4.690896,0.523425,-0.707071,1.625700,0.017145,0.401549,0.401549,-0.395460,-0.395460,0.252986,0.376546,-0.431562,-0.569047,0.235394,-0.235394,0.235394,-0.235394,0.220975,-0.213757,0.194139,-0.228269,0.394423,0.175370
4.612000,3.441945,4.804371,0.593700,-0.887779,1.792161,0.000000,2.031936,0.600000,2.945685,4.768946,0.520940,-0.877298,1.793394,0.005480,3.037819,4.711662,0.523606,-0.744992,1.668845,0.029376,0.401549,0.401549,-0.395460,-0.395460,0.255853,0.371102,-0.430878,-0.547511,0.235383,-0.235383,0.235383,-0.235383,0.229404,-0.215486,0.197273,-0.234914,0.405101,0.182216
4.624000,3.431214,4.825839,0.593700,-0.900670,1.785718,0.000000,2.039138,0.600000,2.935080,4.790428,0.521149,-0.890278,1.786988,0.029480,3.028988,4.731523,0.524264,-0.739968,1.648134,0.062737,0.401549,0.401549,-0.395460,-0.395460,0.261413,0.367439,-0.429564,-0.522261,0.235370,-0.235370,0.235370,-0.235370,0.239464,-0.217166,0.200446,-0.243330,0.413074,0.188357
4.634000,3.422154,4.843669,0.593700,-0.911367,1.780282,0.000000,2.045138,0.600000,2.926123,4.808271,0.521544,-0.901006,1.781603,0.049480,3.021541,4.748029,0.524859,-0.745892,1.650965,0.067042,0.401549,0.401549,-0.395460,-0.395460,0.267730,0.365498,-0.428242,-0.499941,0.235358,-0.235358,0.235358,-0.235358,0.248289,-0.218690,0.203172,-0.252154,0.416845,0.193180
4.646000,3.411141,4.864993,0.593700,-0.924162,1.773674,0.000000,2.052338,0.600000,2.915234,4.829612,0.522282,-0.913818,1.775066,0.073480,3.012466,4.767934,0.525631,-0.757043,1.658400,0.062481,0.401549,0.401549,-0.395459,-0.395459,0.276822,0.363878,-0.426975,-0.473363,0.235342,-0.235342,0.235342,-0.235342,0.258616,-0.220696,0.206545,-0.264247,0.416998,0.197819
4.658000,3.399975,4.886236,0.593700,-0.936909,1.766974,0.000000,2.059538,0.600000,2.904192,4.850873,0.523270,-0.926577,1.768440,0.088417,3.003296,4.787822,0.526730,-0.761645,1.653773,0.085677,0.401549,0.401549,-0.395459,-0.395459,0.289098,0.362551,-0.425983,-0.445951,0.235325,-0.235325,0.235325,-0.235325,0.267843,-0.222869,0.209998,-0.277152,0.414339,0.201004
4.670000,3.388655,4.907400,0.593700,-0.949607,1.760183,0.000000,2.066738,0.600000,2.892996,4.872054,0.524355,-0.939286,1.761722,0.091412,2.994113,4.807525,0.527343,-0.764133,1.650227,0.042445,0.401549,0.401549,-0.395459,-0.395459,0.304973,0.361457,-0.424792,-0.417610,0.235308,-0.235308,0.235308,-0.235308,0.275295,-0.225173,0.213637,-0.289862,0.411774,0.203098
4.682000,3.377184,4.928481,0.593700,-0.962254,1.753300,0.000000,2.073938,0.600000,2.881649,4.893154,0.525451,-0.951946,1.754914,0.090914,2.984891,4.827199,0.528099,-0.766465,1.652772,0.045089,0.401548,0.401548,-0.395459,-0.395459,0.322500,0.360021,-0.423850,-0.390198,0.235291,-0.235291,0.235291,-0.235291,0.280301,-0.227570,0.217423,-0.301690,0.408761,0.204134
4.694000,3.365561,4.949478,0.593700,-0.974854,1.746327,0.000000,2.081138,0.600000,2.870150,4.914171,0.526535,-0.964557,1.748014,0.089660,2.975637,4.846901,0.528421,-0.770639,1.659072,0.012908,0.401548,0.401548,-0.395459,-0.395459,0.340882,0.358090,-0.423447,-0.364521,0.235275,-0.235275,0.235275,-0.235275,0.282448,-0.230013,0.221401,-0.312162,0.406937,0.203278
4.706000,3.353788,4.970392,0.593700,-0.987403,1.739263,0.000000,2.088338,0.600000,2.858500,4.935106,0.527602,-0.977117,1.741024,0.088271,2.966368,4.866667,0.528528,-0.770823,1.667549,-0.009243,0.401548,0.401548,-0.395459,-0.395459,0.359563,0.355421,-0.423675,-0.341364,0.235259,-0.235259,0.235259,-0.235259,0.281733,-0.232238,0.225737,-0.320664,0.406758,0.200569
4.718000,3.341864,4.991220,0.593700,-0.999897,1.732091,0.000000,2.095541,0.600000,2.846699,4.955956,0.528653,-0.989628,1.733941,0.086875,2.957033,4.886653,0.528380,-0.779819,1.684985,-0.009515,0.401548,0.401548,-0.395459,-0.395459,0.377791,0.351840,-0.424572,-0.323494,0.235244,-0.235244,0.235244,-0.235244,0.278109,-0.234275,0.230489,-0.323622,0.407998,0.198174
4.730000,3.329790,5.011962,0.593700,-1.012372,1.724848,0.000000,2.102756,0.600000,2.834749,4.976720,0.529687,-1.002100,1.726764,0.085495,2.947601,4.906904,0.528304,-0.790582,1.692959,0.025217,0.401548,0.401548,-0.395459,-0.395459,0.392312,0.348033,-0.425840,-0.312350,0.235230,-0.235230,0.235230,-0.235230,0.273937,-0.236298,0.234515,-0.322471,0.411637,0.198380
4.742000,3.317567,5.032616,0.593700,-1.024786,1.717493,0.000000,2.109970,0.600000,2.822649,4.997397,0.530705,-1.014528,1.719490,0.084136,2.937776,4.927053,0.528536,-0.810126,1.696045,0.040689,0.401548,0.401548,-0.395458,-0.395458,0.404167,0.344224,-0.427286,-0.306466,0.235216,-0.235216,0.235216,-0.235216,0.266472,-0.237830,0.239001,-0.319770,0.414645,0.197175
4.754000,3.305196,5.053182,0.593700,-1.037155,1.710061,0.000000,2.117185,0.600000,2.810400,5.017987,0.531707,-1.026907,1.712128,0.082798,2.927607,4.947430,0.528967,-0.856266,1.686307,0.063530,0.401548,0.401548,-0.395458,-0.395458,0.412027,0.340358,-0.429127,-0.305566,0.235203,-0.235203,0.235203,-0.235203,0.263474,-0.238125,0.244054,-0.315382,0.414389,0.196562
4.766000,3.292676,5.073657,0.593700,-1.049463,1.702534,0.000000,2.124400,0.600000,2.798004,5.038488,0.532563,-1.039233,1.704676,0.059438,2.917165,4.967735,0.529941,-0.898337,1.679160,0.084703,0.401548,0.401548,-0.395458,-0.395458,0.417560,0.338178,-0.429649,-0.308928,0.235190,-0.235190,0.235190,-0.235190,0.262191,-0.238656,0.248555,-0.311666,0.414105,0.197338
4.778000,3.280009,5.094042,0.593700,-1.061719,1.694918,0.000000,2.131614,0.600000,2.785459,5.058899,0.533132,-1.051504,1.697134,0.035438,2.906096,4.988153,0.530937,-0.953088,1.696030,0.080247,0.401547,0.401547,-0.395458,-0.395458,0.421113,0.336829,-0.429163,-0.315022,0.235177,-0.235177,0.235177,-0.235177,0.260184,-0.239912,0.252431,-0.308514,0.414060,0.197694
4.790000,3.267195,5.114335,0.593700,-1.073919,1.687214,0.000000,2.138829,0.600000,2.772768,5.079219,0.533414,-1.063720,1.689504,0.011438,2.894267,5.008957,0.532036,-1.024162,1.743369,0.077151,0.401547,0.401547,-0.395458,-0.395458,0.422213,0.335205,-0.428344,-0.324133,0.235165,-0.235165,0.235165,-0.235165,0.257583,-0.241677,0.255746,-0.305740,0.412579,0.197595
4.802000,3.254235,5.134535,0.593700,-1.086064,1.679422,0.000000,2.146044,0.600000,2.759930,5.099447,0.533407,-1.075881,1.681785,-0.012562,2.882031,5.029517,0.533044,-1.086528,1.768786,0.066615,0.401547,0.401547,-0.395458,-0.395458,0.420866,0.333616,-0.427190,-0.336212,0.235153,-0.235153,0.235153,-0.235153,0.254709,-0.243618,0.258759,-0.303143,0.411010,0.197406
4.814000,3.241130,5.154641,0.593700,-1.098153,1.671543,0.000000,2.153259,0.600000,2.746947,5.119581,0.533112,-1.087987,1.673980,-0.036562,2.869144,5.050219,0.534084,-1.136503,1.797653,0.039417,0.401547,0.401547,-0.395458,-0.395458,0.417438,0.331314,-0.427424,-0.349762,0.235142,-0.235142,0.235142,-0.235142,0.252018,-0.245162,0.261221,-0.300632,0.408212,0.196693
4.826000,3.227879,5.174652,0.593700,-1.110183,1.663576,0.000000,2.160473,0.600000,2.733819,5.139622,0.532529,-1.100036,1.666086,-0.060562,2.855518,5.071641,0.534216,-1.189298,1.824554,-0.011742,0.401547,0.401547,-0.395458,-0.395458,0.412027,0.324543,-0.433410,-0.364111,0.235131,-0.235131,0.235131,-0.235131,0.249590,-0.246020,0.262388,-0.298392,0.402796,0.196173
4.838000,3.214485,5.194566,0.593700,-1.122155,1.655523,0.000000,2.167688,0.600000,2.720546,5.159567,0.531659,-1.112027,1.658106,-0.084562,2.841197,5.093401,0.534130,-1.235202,1.843017,-0.031963,0.401547,0.401547,-0.395458,-0.395458,0.405214,0.311652,-0.445772,-0.379729,0.235121,-0.235121,0.235121,-0.235121,0.246949,-0.245979,0.262771,-0.296172,0.393500,0.195445
4.850000,3.200948,5.214384,0.593700,-1.134070,1.647384,0.000000,2.174903,0.600000,2.707130,5.179416,0.530500,-1.123960,1.650040,-0.108562,2.826269,5.115449,0.533802,-1.267582,1.845809,-0.043229,0.401547,0.401547,-0.395458,-0.395458,0.397466,0.292117,-0.464722,-0.396035,0.235111,-0.235111,0.235111,-0.235111,0.244165,-0.244609,0.262615,-0.293954,0.380673,0.194951
4.862000,3.187268,5.234103,0.593700,-1.145929,1.639160,0.000000,2.182118,0.600000,2.693571,5.199168,0.529069,-1.135837,1.641889,-0.125869,2.810881,5.137675,0.533482,-1.275480,1.824211,-0.045674,0.401547,0.401547,-0.395457,-0.395457,0.389134,0.268504,-0.487523,-0.411815,0.235101,-0.235101,0.235101,-0.235101,0.241440,-0.241384,0.261532,-0.291782,0.365929,0.194760
4.874000,3.173446,5.253723,0.593700,-1.157726,1.630849,0.000000,2.189332,0.600000,2.679870,5.218821,0.527627,-1.147655,1.633651,-0.114480,2.795371,5.159714,0.532846,-1.260722,1.781650,-0.047817,0.401547,0.401547,-0.395457,-0.395457,0.380947,0.247632,-0.507723,-0.425015,0.235092,-0.235092,0.235092,-0.235092,0.238759,-0.236327,0.259218,-0.289665,0.354582,0.195100
4.884000,3.161820,5.269997,0.593700,-1.167510,1.623858,0.000000,2.195345,0.600000,2.668345,5.235123,0.526403,-1.157456,1.626721,-0.132048,2.782613,5.177713,0.532585,-1.232710,1.736402,-0.015509,0.401547,0.401547,-0.395457,-0.395457,0.375338,0.237655,-0.517870,-0.433421,0.235084,-0.235084,0.235084,-0.235084,0.236519,-0.230884,0.256026,-0.287947,0.352196,0.195680
4.896000,3.147739,5.289432,0.593700,-1.179196,1.615393,0.000000,2.202559,0.600000,2.654385,5.254593,0.524674,-1.169163,1.618327,-0.156048,2.767712,5.198702,0.532367,-1.197278,1.695294,-0.006017,0.401547,0.401547,-0.395457,-0.395457,0.370444,0.238041,-0.519895,-0.440505,0.235075,-0.235075,0.235075,-0.235075,0.233688,-0.223391,0.250054,-0.285975,0.361382,0.196650
4.908000,3.133519,5.308766,0.593700,-1.190819,1.606844,0.000000,2.209774,0.600000,2.640285,5.273963,0.522750,-1.180808,1.609850,-0.154528,2.753210,5.219137,0.532539,-1.179994,1.672920,0.023722,0.401547,0.401547,-0.395457,-0.395457,0.367102,0.251054,-0.513179,-0.445255,0.235067,-0.235067,0.235067,-0.235067,0.230782,-0.215815,0.241306,-0.284162,0.381930,0.196930
4.920000,3.119160,5.327996,0.593700,-1.202376,1.598215,0.000000,2.216983,0.600000,2.626046,5.293230,0.521040,-1.192391,1.601291,-0.130528,2.738843,5.239262,0.533058,-1.184640,1.668361,0.042388,0.401547,0.401547,-0.395457,-0.395457,0.364967,0.273134,-0.502100,-0.448431,0.235059,-0.235059,0.235059,-0.235059,0.228080,-0.209179,0.230334,-0.282288,0.408393,0.195624
4.932000,3.104663,5.347123,0.593700,-1.213851,1.589517,0.000000,2.224183,0.600000,2.611668,5.312393,0.519617,-1.203898,1.592658,-0.106528,2.724456,5.259323,0.533872,-1.197779,1.676857,0.061390,0.401546,0.401546,-0.395457,-0.395457,0.363706,0.300234,-0.490337,-0.450777,0.235051,-0.235051,0.235051,-0.235051,0.225730,-0.203836,0.218712,-0.280034,0.432704,0.192245
4.944000,3.090028,5.366144,0.593700,-1.225262,1.580735,0.000000,2.231383,0.600000,2.597153,5.331453,0.518483,-1.215335,1.583947,-0.082528,2.709951,5.279475,0.534633,-1.215001,1.691024,0.054015,0.401546,0.401546,-0.395457,-0.395457,0.363127,0.329623,-0.479387,-0.452817,0.235043,-0.235043,0.235043,-0.235043,0.223462,-0.199447,0.206853,-0.277487,0.449636,0.186684
4.956000,3.075257,5.385060,0.593700,-1.236610,1.571871,0.000000,2.238583,0.600000,2.582500,5.350408,0.517637,-1.226702,1.575157,-0.058528,2.695163,5.299779,0.535242,-1.235205,1.702685,0.018584,0.401546,0.401546,-0.395457,-0.395457,0.362612,0.359552,-0.468502,-0.454853,0.235036,-0.235036,0.235036,-0.235036,0.221394,-0.195296,0.195104,-0.274377,0.457458,0.179204
4.968000,3.060349,5.403869,0.593700,-1.247894,1.562926,0.000000,2.245783,0.600000,2.567712,5.369257,0.517078,-1.237907,1.566360,-0.034528,2.680141,5.320243,0.535691,-1.258596,1.712549,0.008283,0.401546,0.401546,-0.395457,-0.395457,0.361903,0.389444,-0.455233,-0.457007,0.235030,-0.235030,0.235030,-0.235030,0.219323,-0.190832,0.183109,-0.270849,0.458418,0.170413
4.980000,3.045307,5.422570,0.593700,-1.259116,1.553902,0.000000,2.252983,0.600000,2.552791,5.388000,0.516808,-1.248976,1.557540,-0.010528,2.664831,5.340825,0.535566,-1.286654,1.726721,-0.033464,0.401546,0.401546,-0.395457,-0.395457,0.361100,0.418440,-0.438926,-0.459661,0.235033,-0.235033,0.235033,-0.235033,0.217319,-0.186145,0.171515,-0.266866,0.456595,0.161229
4.992000,3.030131,5.441162,0.593700,-1.270270,1.544795,0.000000,2.260183,0.600000,2.537738,5.406638,0.516826,-1.259920,1.548691,0.013472,2.649215,5.361560,0.535072,-1.314027,1.742818,-0.062606,0.401546,0.401546,-0.395457,-0.395457,0.360000,0.445542,-0.420505,-0.463255,0.235051,-0.235051,0.235051,-0.235051,0.215295,-0.181918,0.161480,-0.262543,0.454430,0.152616
5.004000,3.014821,5.459645,0.593700,-1.281361,1.535611,0.000000,2.267383,0.600000,2.522554,5.425169,0.517131,-1.270637,1.539896,0.037472,2.633298,5.382429,0.534314,-1.340497,1.757021,-0.086968,0.401546,0.401546,-0.395457,-0.395457,0.358419,0.470054,-0.400860,-0.467781,0.235092,-0.235092,0.235092,-0.235092,0.213202,-0.178998,0.153709,-0.257969,0.453531,0.145359
5.016000,2.999379,5.478017,0.593700,-1.292384,1.526345,0.000000,2.274583,0.600000,2.507244,5.443596,0.517725,-1.280866,1.531373,0.061472,2.617034,5.403471,0.533239,-1.365334,1.774340,-0.113869,0.401546,0.401546,-0.395457,-0.395457,0.356150,0.490737,-0.381672,-0.473328,0.235158,-0.235158,0.235158,-0.235158,0.211131,-0.177986,0.148674,-0.253142,0.453773,0.139989
5.028000,2.983804,5.496277,0.593700,-1.303350,1.516997,0.000000,2.281788,0.600000,2.491814,5.461922,0.518605,-1.290886,1.522913,0.084498,2.600458,5.424859,0.532123,-1.393605,1.789024,-0.063767,0.401546,0.401546,-0.395457,-0.395457,0.353057,0.502302,-0.367929,-0.479266,0.235247,-0.235247,0.235247,-0.235247,0.209005,-0.181649,0.151963,-0.248478,0.453305,0.140025
5.040000,2.968098,5.514424,0.593700,-1.314246,1.507567,0.000000,2.288993,0.600000,2.476271,5.480152,0.519696,-1.299444,1.515561,0.094897,2.583681,5.446387,0.531565,-1.401883,1.808693,-0.042145,0.401546,0.401546,-0.395457,-0.395457,0.349681,0.509539,-0.356134,-0.484949,0.235341,-0.235341,0.235341,-0.235341,0.207489,-0.186105,0.155534,-0.243581,0.443777,0.140590
5.052000,2.952262,5.532458,0.593700,-1.325074,1.498058,0.000000,2.296198,0.600000,2.460621,5.498290,0.520847,-1.308731,1.507512,0.096309,2.566508,5.467914,0.531018,-1.422561,1.788864,-0.011958,0.401546,0.401546,-0.395457,-0.395457,0.345601,0.512578,-0.349118,-0.490712,0.235415,-0.235415,0.235415,-0.235415,0.206152,-0.188810,0.159235,-0.238961,0.438384,0.141287
5.064000,2.936297,5.550377,0.593700,-1.335834,1.488472,0.000000,2.303403,0.600000,2.444869,5.516339,0.521959,-1.316522,1.500648,0.083898,2.549480,5.489123,0.531143,-1.417302,1.739545,0.030245,0.401546,0.401546,-0.395456,-0.395456,0.341209,0.511856,-0.347800,-0.495986,0.235460,-0.235460,0.235460,-0.235460,0.205443,-0.190670,0.162973,-0.234458,0.438395,0.142292
5.076000,2.920203,5.568181,0.593700,-1.346522,1.478808,0.000000,2.310608,0.600000,2.429017,5.534299,0.522822,-1.326013,1.492219,0.059898,2.532502,5.509816,0.531554,-1.416551,1.699596,0.034559,0.401546,0.401546,-0.395456,-0.395456,0.337420,0.507455,-0.350037,-0.500709,0.235471,-0.235471,0.235471,-0.235471,0.204494,-0.192740,0.165988,-0.230569,0.439200,0.143069
5.088000,2.903981,5.585868,0.593700,-1.357141,1.469068,0.000000,2.317814,0.600000,2.413034,5.552142,0.523397,-1.338129,1.481368,0.035898,2.515511,5.530219,0.531937,-1.440850,1.696024,0.027092,0.401546,0.401546,-0.395456,-0.395456,0.334854,0.499155,-0.355183,-0.505120,0.235463,-0.235463,0.235463,-0.235463,0.203323,-0.194833,0.168711,-0.227038,0.434759,0.143849
5.100000,2.887632,5.603438,0.593700,-1.367690,1.459252,0.000000,2.325019,0.600000,2.396901,5.569850,0.523684,-1.350571,1.470062,0.011898,2.498877,5.549662,0.532406,-1.453271,1.671470,0.040567,0.401546,0.401546,-0.395456,-0.395456,0.333609,0.486816,-0.362683,-0.509361,0.235449,-0.235449,0.235449,-0.235449,0.201819,-0.197137,0.171072,-0.223890,0.430168,0.144141
5.112000,2.871156,5.620890,0.593700,-1.378168,1.449360,0.000000,2.332224,0.600000,2.380617,5.587420,0.523682,-1.363708,1.457950,-0.012102,2.482798,5.568253,0.533131,-1.439156,1.638117,0.031381,0.401546,0.401546,-0.395456,-0.395456,0.332262,0.471867,-0.371734,-0.513044,0.235434,-0.235434,0.235434,-0.235434,0.200577,-0.199270,0.173003,-0.221699,0.426097,0.144651
5.124000,2.854556,5.638223,0.593700,-1.388577,1.439392,0.000000,2.339429,0.600000,2.364171,5.604839,0.523456,-1.376722,1.445760,-0.018364,2.466389,5.586696,0.532957,-1.425941,1.596002,-0.016578,0.401546,0.401546,-0.395456,-0.395456,0.327058,0.454954,-0.382588,-0.519664,0.235439,-0.235439,0.235439,-0.235439,0.199933,-0.201163,0.175009,-0.220515,0.418540,0.145318
5.134000,2.840627,5.652575,0.593700,-1.397194,1.431029,0.000000,2.345433,0.600000,2.350359,5.619254,0.523337,-1.385439,1.437414,-0.002979,2.452600,5.602057,0.532693,-1.406517,1.560687,-0.043608,0.401546,0.401546,-0.395456,-0.395456,0.319093,0.440659,-0.392381,-0.529027,0.235466,-0.235466,0.235466,-0.235466,0.199672,-0.202710,0.176867,-0.219767,0.410010,0.146351
5.146000,2.823799,5.669687,0.593700,-1.407469,1.420924,0.000000,2.352639,0.600000,2.333674,5.636445,0.523445,-1.395353,1.427769,0.021021,2.435988,5.620409,0.532049,-1.387145,1.529665,-0.058761,0.401546,0.401546,-0.395456,-0.395456,0.304340,0.423739,-0.404718,-0.546022,0.235521,-0.235521,0.235521,-0.235521,0.200150,-0.204562,0.179245,-0.219219,0.397526,0.148621
5.158000,2.806848,5.686677,0.593700,-1.417669,1.410747,0.000000,2.359844,0.600000,2.316868,5.653518,0.523832,-1.405922,1.417369,0.039425,2.419400,5.638595,0.531272,-1.354000,1.481596,-0.072195,0.401546,0.401546,-0.395456,-0.395456,0.285373,0.408227,-0.416767,-0.566444,0.235600,-0.235600,0.235600,-0.235600,0.201831,-0.206516,0.181617,-0.219356,0.384302,0.152528
5.170000,2.789775,5.703544,0.593700,-1.427794,1.400497,0.000000,2.367049,0.600000,2.299925,5.670455,0.524188,-1.417675,1.405695,0.017893,2.403060,5.656317,0.530525,-1.305818,1.412529,-0.061194,0.401546,0.401546,-0.395456,-0.395456,0.266968,0.394981,-0.426757,-0.582995,0.235686,-0.235686,0.235686,-0.235686,0.205031,-0.208562,0.183882,-0.220836,0.374680,0.158450
5.182000,2.772581,5.720288,0.593700,-1.437845,1.390174,0.000000,2.374254,0.600000,2.282849,5.687258,0.524258,-1.428292,1.394939,-0.006107,2.387191,5.673280,0.529948,-1.256551,1.339382,-0.027565,0.401546,0.401546,-0.395456,-0.395456,0.254391,0.385013,-0.433108,-0.588217,0.235733,-0.235733,0.235733,-0.235733,0.209809,-0.210603,0.186115,-0.224139,0.373127,0.163730
5.194000,2.755267,5.736908,0.593700,-1.447824,1.379778,0.000000,2.381459,0.600000,2.265648,5.703935,0.524043,-1.438439,1.384484,-0.027787,2.371812,5.689448,0.529525,-1.227676,1.289850,-0.009623,0.401546,0.401546,-0.395456,-0.395456,0.249373,0.378565,-0.435195,-0.579933,0.235740,-0.235740,0.235740,-0.235740,0.216048,-0.212498,0.188600,-0.229252,0.380563,0.169287
5.206000,2.737834,5.753403,0.593700,-1.457730,1.369310,0.000000,2.388664,0.600000,2.248329,5.720488,0.523825,-1.448150,1.374309,-0.006410,2.356683,5.705164,0.529376,-1.235035,1.283748,0.003687,0.401545,0.401545,-0.395456,-0.395456,0.248917,0.374606,-0.434597,-0.562714,0.235730,-0.235730,0.235730,-0.235730,0.223568,-0.214200,0.191433,-0.236092,0.391698,0.175713
5.218000,2.720282,5.769771,0.593700,-1.467560,1.358770,0.000000,2.395869,0.600000,2.230892,5.736917,0.523892,-1.458089,1.363764,0.017590,2.341410,5.720856,0.529709,-1.263941,1.300293,0.034880,0.401545,0.401545,-0.395456,-0.395456,0.249517,0.371913,-0.433066,-0.542546,0.235722,-0.235722,0.235722,-0.235722,0.232123,-0.215852,0.194582,-0.244728,0.399682,0.182265
5.230000,2.702613,5.786013,0.593700,-1.477306,1.348167,0.000000,2.403069,0.600000,2.213335,5.753218,0.524247,-1.467962,1.353137,0.041590,2.325923,5.736747,0.530345,-1.284520,1.314297,0.052108,0.401545,0.401545,-0.395456,-0.395456,0.250965,0.369821,-0.431739,-0.521377,0.235714,-0.235714,0.235714,-0.235714,0.241575,-0.217520,0.198048,-0.255350,0.402832,0.188146
5.242000,2.684827,5.802127,0.593700,-1.486973,1.337496,0.000000,2.410269,0.600000,2.195661,5.769392,0.524890,-1.477744,1.342453,0.065590,2.310275,5.752554,0.531007,-1.292164,1.303411,0.055994,0.401545,0.401545,-0.395456,-0.395456,0.256390,0.368100,-0.430558,-0.497049,0.235700,-0.235700,0.235700,-0.235700,0.251173,-0.219399,0.201585,-0.267718,0.402860,0.193306
5.254000,2.666926,5.818113,0.593700,-1.496566,1.326755,0.000000,2.417469,0.600000,2.177870,5.785437,0.525800,-1.487394,1.331755,0.083364,2.294749,5.768066,0.531807,-1.288746,1.286626,0.061475,0.401545,0.401545,-0.395456,-0.395456,0.268850,0.366898,-0.428797,-0.467809,0.235679,-0.235679,0.235679,-0.235679,0.260232,-0.221345,0.205295,-0.280553,0.403108,0.197402
5.266000,2.648910,5.833969,0.593700,-1.506082,1.315944,0.000000,2.424669,0.600000,2.159964,5.801354,0.526835,-1.496951,1.321004,0.087713,2.278726,5.783838,0.532341,-1.325470,1.312520,0.030983,0.401545,0.401545,-0.395456,-0.395456,0.285859,0.365633,-0.426964,-0.437509,0.235653,-0.235653,0.235653,-0.235653,0.268138,-0.223352,0.209357,-0.292903,0.402880,0.200305
5.278000,2.630780,5.849695,0.593700,-1.515517,1.305067,0.000000,2.431869,0.600000,2.141943,5.817141,0.527888,-1.506426,1.310190,0.087578,2.263201,5.799191,0.532952,-1.303302,1.284593,0.034883,0.401545,0.401545,-0.395456,-0.395456,0.306011,0.363658,-0.425837,-0.407082,0.235625,-0.235625,0.235625,-0.235625,0.273977,-0.225574,0.213389,-0.304447,0.401192,0.201586
5.290000,2.612538,5.865290,0.593700,-1.524875,1.294121,0.000000,2.439069,0.600000,2.123810,5.832798,0.528933,-1.515822,1.299309,0.086441,2.247838,5.814224,0.533463,-1.292845,1.278415,0.015688,0.401545,0.401545,-0.395456,-0.395456,0.329513,0.361909,-0.424317,-0.376304,0.235597,-0.235597,0.235597,-0.235597,0.277151,-0.227602,0.217737,-0.314493,0.402126,0.200970
5.302000,2.594183,5.880754,0.593700,-1.534155,1.283108,0.000000,2.446269,0.600000,2.105564,5.848324,0.529962,-1.525138,1.288361,0.085116,2.232329,5.829404,0.533363,-1.307702,1.294900,-0.026352,0.401545,0.401545,-0.395456,-0.395456,0.351232,0.359597,-0.423253,-0.350388,0.235570,-0.235570,0.235570,-0.235570,0.277464,-0.229646,0.222286,-0.322844,0.403561,0.197995
5.314000,2.575718,5.896085,0.593700,-1.543353,1.272029,0.000000,2.453470,0.600000,2.087207,5.863718,0.530976,-1.534375,1.277347,0.083772,2.216472,5.844878,0.533171,-1.329644,1.306324,-0.021219,0.401545,0.401545,-0.395456,-0.395456,0.370240,0.355939,-0.423342,-0.330912,0.235544,-0.235544,0.235544,-0.235544,0.274870,-0.231599,0.227164,-0.327556,0.404577,0.195325
5.326000,2.557143,5.911282,0.593700,-1.552493,1.260859,0.000000,2.460689,0.600000,2.068739,5.878980,0.531973,-1.543542,1.266255,0.082442,2.200586,5.860777,0.532924,-1.336828,1.315358,-0.004476,0.401545,0.401545,-0.395456,-0.395456,0.386026,0.351967,-0.423823,-0.318571,0.235519,-0.235519,0.235519,-0.235519,0.271628,-0.233479,0.231678,-0.326221,0.408464,0.195823
5.338000,2.538459,5.926345,0.593700,-1.561553,1.249616,0.000000,2.467909,0.600000,2.050162,5.894108,0.532954,-1.552639,1.255083,0.081132,2.184566,5.876572,0.533021,-1.340663,1.331351,0.018269,0.401545,0.401545,-0.395456,-0.395456,0.399330,0.347782,-0.424636,-0.310807,0.235495,-0.235495,0.235495,-0.235495,0.268487,-0.235244,0.236206,-0.324184,0.411699,0.196654
5.350000,2.519666,5.941272,0.593700,-1.570536,1.238311,0.000000,2.475129,0.600000,2.031476,5.909102,0.533920,-1.561658,1.243841,0.079842,2.167956,5.892005,0.533643,-1.373526,1.296343,0.063449,0.401545,0.401545,-0.395456,-0.395456,0.408953,0.343350,-0.425830,-0.307663,0.235472,-0.235472,0.235472,-0.235472,0.264717,-0.236214,0.241205,-0.320084,0.412262,0.195930
5.362000,2.500766,5.956064,0.593700,-1.579435,1.226940,0.000000,2.482348,0.600000,2.012683,5.923960,0.534848,-1.570599,1.232536,0.069670,2.151199,5.907543,0.534354,-1.412086,1.271727,0.076128,0.401545,0.401545,-0.395456,-0.395456,0.415548,0.340105,-0.426722,-0.309165,0.235450,-0.235450,0.235450,-0.235450,0.264525,-0.235944,0.246557,-0.315531,0.411821,0.197063
5.374000,2.481760,5.970719,0.593700,-1.588252,1.215505,0.000000,2.489568,0.600000,1.993782,5.938682,0.535540,-1.579456,1.221165,0.045670,2.133947,5.922858,0.535299,-1.459958,1.258157,0.079201,0.401545,0.401545,-0.395456,-0.395456,0.420087,0.338373,-0.427019,-0.313481,0.235428,-0.235428,0.235428,-0.235428,0.263704,-0.236300,0.250714,-0.311741,0.411780,0.197577
5.386000,2.462648,5.985236,0.593700,-1.596986,1.204006,0.000000,2.496788,0.600000,1.974776,5.953268,0.535944,-1.588231,1.209729,0.021670,2.115982,5.938252,0.536336,-1.530513,1.268333,0.078669,0.401545,0.401545,-0.395456,-0.395456,0.422235,0.337168,-0.427147,-0.320762,0.235407,-0.235407,0.235407,-0.235407,0.262157,-0.237252,0.254325,-0.308484,0.411085,0.197584
5.398000,2.443433,5.999615,0.593700,-1.605637,1.192444,0.000000,2.504007,0.600000,1.955665,5.967716,0.536060,-1.596923,1.198231,-0.002330,2.097427,5.953678,0.537383,-1.610518,1.292899,0.074124,0.401545,0.401545,-0.395456,-0.395456,0.421711,0.336008,-0.426984,-0.331350,0.235387,-0.235387,0.235387,-0.235387,0.260217,-0.238677,0.257348,-0.305544,0.410056,0.196508
5.408000,2.427341,6.011491,0.593700,-1.612782,1.182763,0.000000,2.510024,0.600000,1.939660,5.979650,0.535936,-1.604104,1.188602,-0.022330,2.081616,5.966170,0.538002,-1.668464,1.296736,0.052027,0.401545,0.401545,-0.395456,-0.395456,0.419414,0.334716,-0.427099,-0.342224,0.235371,-0.235371,0.235371,-0.235371,0.258522,-0.239857,0.259537,-0.303163,0.408346,0.195914
5.420000,2.407936,6.025614,0.593700,-1.621280,1.171089,0.000000,2.517244,0.600000,1.920359,5.993843,0.535524,-1.612644,1.176990,-0.046330,2.061657,5.981381,0.538209,-1.741268,1.299545,0.002523,0.401545,0.401545,-0.395456,-0.395456,0.414786,0.329664,-0.431156,-0.356404,0.235352,-0.235352,0.235352,-0.235352,0.256374,-0.240604,0.261917,-0.300646,0.404180,0.195245
5.432000,2.388430,6.039597,0.593700,-1.629692,1.159353,0.000000,2.524463,0.600000,1.900957,6.007897,0.534824,-1.621099,1.165317,-0.070330,2.041062,5.996740,0.538268,-1.782216,1.297613,-0.015095,0.401545,0.401545,-0.395456,-0.395456,0.408714,0.318350,-0.441572,-0.371840,0.235334,-0.235334,0.235334,-0.235334,0.254264,-0.240758,0.263106,-0.298050,0.395513,0.194431
5.444000,2.368824,6.053438,0.593700,-1.638020,1.147556,0.000000,2.531683,0.600000,1.881453,6.021811,0.533836,-1.629470,1.153582,-0.094330,2.019667,6.012168,0.537860,-1.821218,1.291047,-0.040217,0.401545,0.401545,-0.395456,-0.395456,0.401738,0.300264,-0.458638,-0.387970,0.235316,-0.235316,0.235316,-0.235316,0.251913,-0.240094,0.263451,-0.295467,0.383371,0.194044
5.456000,2.349118,6.067138,0.593700,-1.646262,1.135702,0.000000,2.538903,0.600000,1.861850,6.035583,0.532560,-1.637756,1.141788,-0.118330,1.997607,6.027643,0.537189,-1.840726,1.274837,-0.055190,0.401545,0.401545,-0.395456,-0.395456,0.394046,0.276227,-0.481363,-0.404039,0.235299,-0.235299,0.235299,-0.235299,0.249454,-0.237973,0.262964,-0.292944,0.368049,0.194090
5.468000,2.329314,6.080695,0.593700,-1.654418,1.123789,0.000000,2.546122,0.600000,1.842147,6.049213,0.531054,-1.645957,1.129936,-0.125551,1.975238,6.043018,0.536536,-1.825032,1.244531,-0.052577,0.401545,0.401545,-0.395456,-0.395456,0.386364,0.251606,-0.504502,-0.418576,0.235283,-0.235283,0.235283,-0.235283,0.246990,-0.234006,0.261311,-0.290486,0.353356,0.194572
5.480000,2.309412,6.094108,0.593700,-1.662486,1.111816,0.000000,2.553342,0.600000,1.822347,6.062701,0.529571,-1.654070,1.118024,-0.131139,1.953066,6.058085,0.535958,-1.784804,1.207990,-0.038716,0.401545,0.401545,-0.395456,-0.395456,0.379883,0.234287,-0.521071,-0.429759,0.235267,-0.235267,0.235267,-0.235267,0.244498,-0.228315,0.258102,-0.288124,0.345999,0.195747
5.492000,2.289415,6.107378,0.593700,-1.670469,1.099785,0.000000,2.560562,0.600000,1.802450,6.076046,0.527853,-1.662097,1.106054,-0.155139,1.931409,6.072741,0.535640,-1.739973,1.180581,-0.015008,0.401545,0.401545,-0.395456,-0.395456,0.375391,0.229775,-0.527071,-0.437530,0.235252,-0.235252,0.235252,-0.235252,0.241904,-0.221432,0.252773,-0.285919,0.351073,0.197395
5.504000,2.269321,6.120503,0.593700,-1.678366,1.087696,0.000000,2.567781,0.600000,1.782457,6.089246,0.525902,-1.670039,1.094026,-0.161100,1.910309,6.086990,0.535686,-1.713611,1.165433,0.013752,0.401545,0.401545,-0.395456,-0.395456,0.372476,0.238770,-0.523390,-0.442742,0.235237,-0.235237,0.235237,-0.235237,0.239193,-0.214252,0.244947,-0.283840,0.369033,0.198158
5.516000,2.249134,6.133483,0.593700,-1.686175,1.075552,0.000000,2.574997,0.600000,1.762370,6.102302,0.524113,-1.677894,1.081941,-0.137100,1.889090,6.101430,0.535768,-1.742294,1.191734,0.023290,0.401545,0.401545,-0.395456,-0.395456,0.370780,0.258329,-0.513956,-0.446720,0.235223,-0.235223,0.235223,-0.235223,0.236602,-0.207642,0.234584,-0.281412,0.395298,0.197449
5.528000,2.228854,6.146316,0.593700,-1.693877,1.063382,0.000000,2.582197,0.600000,1.742188,6.115213,0.522612,-1.685652,1.069814,-0.113100,1.867678,6.115764,0.536580,-1.766474,1.190241,0.077058,0.401545,0.401545,-0.395456,-0.395456,0.369583,0.284661,-0.502444,-0.450839,0.235210,-0.235210,0.235210,-0.235210,0.234284,-0.202379,0.222012,-0.278686,0.422366,0.194160
5.540000,2.208481,6.159004,0.593700,-1.701490,1.051157,0.000000,2.589397,0.600000,1.721914,6.127977,0.521399,-1.693315,1.057646,-0.089100,1.846802,6.129667,0.537089,-1.743609,1.172696,0.046737,0.401545,0.401545,-0.395456,-0.395456,0.369014,0.317110,-0.487582,-0.454041,0.235196,-0.235196,0.235196,-0.235196,0.232540,-0.197706,0.208984,-0.275382,0.446352,0.189020
5.552000,2.188018,6.171544,0.593700,-1.709014,1.038878,0.000000,2.596597,0.600000,1.701549,6.140596,0.520474,-1.700887,1.045424,-0.065100,1.826018,6.143543,0.537755,-1.748649,1.169752,0.026326,0.401545,0.401545,-0.395456,-0.395456,0.368847,0.351676,-0.470553,-0.456554,0.235184,-0.235184,0.235184,-0.235184,0.230643,-0.193738,0.195907,-0.272088,0.461745,0.182010
5.564000,2.167465,6.183936,0.593700,-1.716449,1.026542,0.000000,2.603797,0.600000,1.681094,6.153068,0.519836,-1.708329,1.033212,-0.041100,1.804693,6.157627,0.538083,-1.795111,1.182992,0.005312,0.401545,0.401545,-0.395456,-0.395456,0.368162,0.384838,-0.453607,-0.458716,0.235172,-0.235172,0.235172,-0.235172,0.228618,-0.190604,0.183331,-0.268543,0.465615,0.173400
5.576000,2.146824,6.196181,0.593700,-1.723796,1.014159,0.000000,2.610997,0.600000,1.660550,6.165393,0.519487,-1.715620,1.021049,-0.017100,1.783082,6.171702,0.537800,-1.819827,1.186044,-0.036946,0.401545,0.401545,-0.395456,-0.395456,0.366430,0.415560,-0.436616,-0.461492,0.235166,-0.235166,0.235166,-0.235166,0.226827,-0.187450,0.171896,-0.264458,0.463682,0.164152
5.588000,2.126095,6.208276,0.593700,-1.731054,1.001722,0.000000,2.618197,0.600000,1.639919,6.177573,0.519426,-1.722784,1.008902,0.006900,1.761288,6.185764,0.537239,-1.832818,1.182188,-0.070721,0.401545,0.401545,-0.395456,-0.395456,0.364584,0.445487,-0.416627,-0.464888,0.235173,-0.235173,0.235173,-0.235173,0.224999,-0.184750,0.162046,-0.260128,0.460947,0.155384
5.600000,2.105279,6.220222,0.593700,-1.738221,0.989233,0.000000,2.625397,0.600000,1.619203,6.189607,0.519653,-1.729807,0.996797,0.030900,1.739259,6.199791,0.536463,-1.861918,1.185207,-0.082419,0.401545,0.401545,-0.395456,-0.395456,0.362651,0.472551,-0.395769,-0.468805,0.235201,-0.235201,0.235201,-0.235201,0.223171,-0.182945,0.154241,-0.255510,0.459695,0.147760
5.612000,2.084378,6.232017,0.593700,-1.745298,0.976691,0.000000,2.632597,0.600000,1.598405,6.201498,0.520168,-1.736502,0.985053,0.054900,1.716779,6.213874,0.535378,-1.892155,1.192795,-0.107506,0.401545,0.401545,-0.395456,-0.395456,0.360003,0.494226,-0.376808,-0.473610,0.235254,-0.235254,0.235254,-0.235254,0.221370,-0.182444,0.148951,-0.250630,0.459034,0.141937
5.624000,2.063392,6.243662,0.593700,-1.752315,0.964050,0.000000,2.639836,0.600000,1.577528,6.213249,0.520970,-1.743037,0.973416,0.078552,1.693652,6.228484,0.534171,-1.937285,1.210076,-0.074411,0.401545,0.401545,-0.395456,-0.395456,0.356631,0.508621,-0.367136,-0.479849,0.235331,-0.235331,0.235331,-0.235331,0.218454,-0.185485,0.149133,-0.246074,0.451867,0.141587
5.636000,2.042323,6.255154,0.593700,-1.759256,0.951324,0.000000,2.647084,0.600000,1.556578,6.224868,0.522003,-1.748523,0.963449,0.091026,1.670391,6.242916,0.533464,-1.948159,1.219722,-0.047089,0.401545,0.401545,-0.395456,-0.395456,0.352499,0.517616,-0.357469,-0.485644,0.235416,-0.235416,0.235416,-0.235416,0.216596,-0.188823,0.149466,-0.241556,0.442754,0.140885
5.648000,2.021170,6.266493,0.593700,-1.766104,0.938550,0.000000,2.654331,0.600000,1.535559,6.236363,0.523112,-1.754637,0.952231,0.093049,1.646850,6.257273,0.532968,-1.964426,1.209842,-0.014884,0.401545,0.401545,-0.395456,-0.395456,0.348003,0.521097,-0.349099,-0.491515,0.235485,-0.235485,0.235485,-0.235485,0.215101,-0.192641,0.153514,-0.236715,0.436144,0.141749
5.658000,2.003481,6.275826,0.593700,-1.771741,0.927866,0.000000,2.660371,0.600000,1.517990,6.245842,0.524041,-1.759062,0.943977,0.092670,1.627409,6.269141,0.532928,-1.937417,1.168551,0.021042,0.401545,0.401545,-0.395456,-0.395456,0.344073,0.521088,-0.346451,-0.495908,0.235526,-0.235526,0.235526,-0.235526,0.214787,-0.194100,0.157032,-0.232517,0.433511,0.142752
5.670000,1.982180,6.286883,0.593700,-1.778419,0.915000,0.000000,2.667619,0.600000,1.496852,6.257115,0.525044,-1.764139,0.934361,0.071815,1.604309,6.282930,0.533333,-1.912095,1.122007,0.043104,0.401545,0.401545,-0.395455,-0.395455,0.339739,0.517804,-0.347328,-0.500733,0.235546,-0.235546,0.235546,-0.235546,0.214262,-0.195735,0.160405,-0.228287,0.434828,0.143876
5.682000,1.960799,6.297785,0.593700,-1.785004,0.902086,0.000000,2.674866,0.600000,1.475642,6.268252,0.525762,-1.770989,0.921266,0.047815,1.581318,6.296334,0.533988,-1.916898,1.095698,0.050256,0.401545,0.401545,-0.395455,-0.395455,0.336688,0.510950,-0.351254,-0.505218,0.235540,-0.235540,0.235540,-0.235540,0.213372,-0.197440,0.163498,-0.224419,0.439164,0.144790
5.694000,1.939340,6.308533,0.593700,-1.791495,0.889126,0.000000,2.682114,0.600000,1.454343,6.279216,0.526192,-1.778950,0.905830,0.023815,1.558463,6.309389,0.534788,-1.948703,1.087894,0.047686,0.401545,0.401545,-0.395455,-0.395455,0.334943,0.500209,-0.357857,-0.509486,0.235525,-0.235525,0.235525,-0.235525,0.212456,-0.199232,0.166338,-0.220783,0.436059,0.145573
5.706000,1.917804,6.319124,0.593700,-1.797892,0.876119,0.000000,2.689362,0.600000,1.432946,6.289988,0.526333,-1.787320,0.889306,-0.000185,1.536543,6.321662,0.535585,-1.938821,1.061050,0.040690,0.401545,0.401545,-0.395455,-0.395455,0.334131,0.485728,-0.366252,-0.513136,0.235514,-0.235514,0.235514,-0.235514,0.211381,-0.201048,0.168757,-0.217688,0.431944,0.146244
5.718000,1.896191,6.329559,0.593700,-1.804195,0.863065,0.000000,2.696609,0.600000,1.411447,6.300556,0.526187,-1.795753,0.872332,-0.024109,1.514862,6.333500,0.536100,-1.911523,1.029472,0.014434,0.401545,0.401545,-0.395455,-0.395455,0.331487,0.469178,-0.376260,-0.517667,0.235520,-0.235520,0.235520,-0.235520,0.210511,-0.202670,0.170988,-0.215794,0.426557,0.147043
5.730000,1.874504,6.339838,0.593700,-1.810403,0.849966,0.000000,2.703857,0.600000,1.389856,6.310939,0.525899,-1.802441,0.858485,-0.019520,1.492870,6.345220,0.536103,-1.878897,0.995387,-0.017955,0.401545,0.401545,-0.395455,-0.395455,0.323955,0.451735,-0.387712,-0.526611,0.235537,-0.235537,0.235537,-0.235537,0.210123,-0.204076,0.173308,-0.214991,0.417318,0.148192
5.742000,1.852742,6.349958,0.593700,-1.816515,0.836822,0.000000,2.711105,0.600000,1.368191,6.321164,0.525798,-1.808449,0.845737,0.003565,1.470839,6.356821,0.535771,-1.847095,0.967066,-0.053918,0.401545,0.401545,-0.395455,-0.395455,0.310944,0.434490,-0.399567,-0.541706,0.235576,-0.235576,0.235576,-0.235576,0.210291,-0.205381,0.175898,-0.214390,0.405529,0.150256
5.754000,1.830908,6.359921,0.593700,-1.822532,0.823635,0.000000,2.718352,0.600000,1.346454,6.331235,0.525984,-1.814481,0.832702,0.026094,1.448830,6.368281,0.535201,-1.807542,0.936860,-0.059437,0.401545,0.401545,-0.395455,-0.395455,0.292599,0.417881,-0.411276,-0.561994,0.235639,-0.235639,0.235639,-0.235639,0.211289,-0.206783,0.178558,-0.214296,0.391597,0.153697
5.766000,1.809002,6.369725,0.593700,-1.828454,0.810405,0.000000,2.725600,0.600000,1.324640,6.341142,0.526219,-1.820988,0.818450,0.008479,1.427132,6.379414,0.534414,-1.746510,0.890988,-0.066182,0.401545,0.401545,-0.395455,-0.395455,0.272858,0.403050,-0.422014,-0.581162,0.235708,-0.235708,0.235708,-0.235708,0.213509,-0.208398,0.181097,-0.215512,0.379328,0.156982
5.778000,1.787025,6.379371,0.593700,-1.834279,0.797132,0.000000,2.732848,0.600000,1.302752,6.350881,0.526177,-1.827035,0.804891,-0.015521,1.406106,6.390000,0.533724,-1.665995,0.833531,-0.057292,0.401545,0.401545,-0.395455,-0.395455,0.257757,0.391143,-0.429714,-0.590661,0.235742,-0.235742,0.235742,-0.235742,0.217030,-0.210122,0.183472,-0.218528,0.373916,0.160694
5.790000,1.764979,6.388856,0.593700,-1.840008,0.783817,0.000000,2.740095,0.600000,1.280792,6.360460,0.525847,-1.832862,0.791544,-0.039521,1.385935,6.399905,0.533259,-1.600219,0.781964,-0.034851,0.401545,0.401545,-0.395455,-0.395455,0.251079,0.382563,-0.433170,-0.585639,0.235741,-0.235741,0.235741,-0.235741,0.221816,-0.211743,0.185950,-0.223329,0.378099,0.165819
5.802000,1.742865,6.398182,0.593700,-1.845641,0.770460,0.000000,2.747343,0.600000,1.258764,6.369879,0.525285,-1.838485,0.778382,-0.043031,1.366404,6.409281,0.532944,-1.579835,0.756154,-0.017008,0.401545,0.401545,-0.395455,-0.395455,0.251476,0.376785,-0.432961,-0.568552,0.235721,-0.235721,0.235721,-0.235721,0.227799,-0.213243,0.188808,-0.229701,0.388902,0.172087
5.814000,1.720684,6.407347,0.593700,-1.851176,0.757062,0.000000,2.754589,0.600000,1.236669,6.379140,0.524913,-1.844070,0.765051,-0.019031,1.347009,6.418454,0.533125,-1.601788,0.757378,0.026348,0.401545,0.401545,-0.395455,-0.395455,0.254370,0.372954,-0.431136,-0.546290,0.235701,-0.235701,0.235701,-0.235701,0.235171,-0.214627,0.192077,-0.237852,0.399407,0.178803
5.826000,1.698438,6.416352,0.593700,-1.856586,0.743696,0.000000,2.761792,0.600000,1.214507,6.388240,0.524828,-1.849598,0.751596,0.004969,1.327354,6.427712,0.533321,-1.636046,0.770078,0.026814,0.401545,0.401545,-0.395455,-0.395455,0.257049,0.370211,-0.429325,-0.523830,0.235684,-0.235684,0.235684,-0.235684,0.243654,-0.216039,0.195714,-0.247997,0.404843,0.185175
5.838000,1.676127,6.425196,0.593700,-1.861892,0.730310,0.000000,2.768992,0.600000,1.192279,6.397178,0.525032,-1.854996,0.738179,0.028969,1.307422,6.437002,0.534029,-1.650445,0.765258,0.058258,0.401545,0.401545,-0.395455,-0.395455,0.261035,0.368065,-0.428414,-0.500702,0.235665,-0.235665,0.235665,-0.235665,0.252457,-0.217726,0.199315,-0.260391,0.405215,0.190630
5.850000,1.653753,6.433879,0.593700,-1.867102,0.716885,0.000000,2.776192,0.600000,1.169987,6.405956,0.525524,-1.860272,0.724783,0.052969,1.287566,6.446065,0.534553,-1.639982,0.747684,0.038534,0.401545,0.401545,-0.395455,-0.395455,0.270646,0.366496,-0.427251,-0.473394,0.235641,-0.235641,0.235641,-0.235641,0.260862,-0.219556,0.203079,-0.273751,0.404575,0.195305
5.862000,1.631317,6.442401,0.593700,-1.872215,0.703424,0.000000,2.783392,0.600000,1.147633,6.414573,0.526302,-1.865444,0.711365,0.075863,1.267990,6.454906,0.535239,-1.636903,0.739680,0.042210,0.401545,0.401545,-0.395455,-0.395455,0.286098,0.365621,-0.425467,-0.442993,0.235615,-0.235615,0.235615,-0.235615,0.268382,-0.221515,0.207013,-0.287017,0.404559,0.198666
5.874000,1.608820,6.450761,0.593700,-1.877231,0.689924,0.000000,2.790592,0.600000,1.125217,6.423029,0.527283,-1.870518,0.697914,0.085390,1.248389,6.463730,0.535629,-1.645214,0.743543,0.018521,0.401545,0.401545,-0.395455,-0.395455,0.303436,0.364628,-0.423829,-0.413770,0.235588,-0.235588,0.235588,-0.235588,0.274247,-0.223611,0.211094,-0.299640,0.402964,0.200672
5.886000,1.586263,6.458959,0.593700,-1.882150,0.676392,0.000000,2.797792,0.600000,1.102741,6.431323,0.528319,-1.875494,0.684428,0.086638,1.228683,6.472588,0.535980,-1.650576,0.746840,0.010192,0.401545,0.401545,-0.395455,-0.395455,0.321810,0.363062,-0.422812,-0.386311,0.235562,-0.235562,0.235562,-0.235562,0.277581,-0.225857,0.215227,-0.311333,0.400736,0.200174
5.898000,1.563649,6.466994,0.593700,-1.886971,0.662824,0.000000,2.804992,0.600000,1.080205,6.439455,0.529354,-1.880373,0.670908,0.085806,1.208957,6.481422,0.535999,-1.655072,0.749393,-0.012188,0.401545,0.401545,-0.395455,-0.395455,0.341424,0.360905,-0.422270,-0.360544,0.235536,-0.235536,0.235536,-0.235536,0.277955,-0.228108,0.219522,-0.321434,0.400190,0.197211
5.908000,1.544759,6.473566,0.593700,-1.890914,0.651491,0.000000,2.810992,0.600000,1.061382,6.446108,0.530207,-1.884365,0.659614,0.084767,1.192496,6.488826,0.535902,-1.661215,0.757838,-0.027573,0.401545,0.401545,-0.395455,-0.395455,0.357905,0.358647,-0.422183,-0.341354,0.235516,-0.235516,0.235516,-0.235516,0.276192,-0.229786,0.223389,-0.328098,0.401277,0.194914
5.920000,1.522040,6.481302,0.593700,-1.895549,0.637858,0.000000,2.818198,0.600000,1.038741,6.453941,0.531216,-1.889061,0.646030,0.083446,1.172366,6.497804,0.535363,-1.693037,0.758014,-0.040049,0.401545,0.401545,-0.395455,-0.395455,0.376350,0.354929,-0.422949,-0.324825,0.235492,-0.235492,0.235492,-0.235492,0.271713,-0.231668,0.228370,-0.328856,0.403186,0.192570
5.932000,1.499266,6.488874,0.593700,-1.900113,0.624155,0.000000,2.825417,0.600000,1.016045,6.461612,0.532210,-1.893674,0.632392,0.082125,1.152150,6.506841,0.534945,-1.702321,0.742572,-0.002993,0.401545,0.401545,-0.395455,-0.395455,0.391804,0.351092,-0.424101,-0.313834,0.235469,-0.235469,0.235469,-0.235469,0.267172,-0.233903,0.232326,-0.327195,0.408553,0.193270
5.944000,1.476438,6.496282,0.593700,-1.904567,0.610425,0.000000,2.832635,0.600000,0.993293,6.469119,0.533187,-1.898188,0.618710,0.080820,1.131742,6.515810,0.535139,-1.707901,0.746687,0.029903,0.401545,0.401545,-0.395455,-0.395455,0.404376,0.347220,-0.425601,-0.307521,0.235446,-0.235446,0.235446,-0.235446,0.259949,-0.235024,0.237131,-0.323426,0.411512,0.192560
5.956000,1.453557,6.503524,0.593700,-1.908926,0.596660,0.000000,2.839853,0.600000,0.970488,6.476461,0.534146,-1.902606,0.604993,0.075748,1.110839,6.524525,0.535398,-1.742105,0.706271,0.050828,0.401545,0.401545,-0.395455,-0.395455,0.412684,0.343695,-0.427265,-0.307492,0.235425,-0.235425,0.235425,-0.235425,0.258633,-0.234755,0.242603,-0.318715,0.411944,0.192778
5.968000,1.430624,6.510601,0.593700,-1.913183,0.582865,0.000000,2.847072,0.600000,0.947631,6.483638,0.534911,-1.906924,0.591243,0.051748,1.089638,6.532878,0.536340,-1.776921,0.668276,0.075783,0.401545,0.401545,-0.395455,-0.395455,0.419249,0.341418,-0.427707,-0.311531,0.235404,-0.235404,0.235404,-0.235404,0.257025,-0.235480,0.247139,-0.314892,0.411856,0.193433
5.980000,1.407641,6.517513,0.593700,-1.917340,0.569038,0.000000,2.854290,0.600000,0.924723,6.490651,0.535388,-1.911142,0.577462,0.027748,1.067944,6.540974,0.537240,-1.828433,0.650355,0.071949,0.401545,0.401545,-0.395455,-0.395455,0.423750,0.339948,-0.427308,-0.318030,0.235384,-0.235384,0.235384,-0.235384,0.255225,-0.236703,0.250969,-0.311624,0.412077,0.193918
5.992000,1.384608,6.524258,0.593700,-1.921398,0.555185,0.000000,2.861509,0.600000,0.901764,6.497497,0.535577,-1.915261,0.563652,0.003748,1.045218,6.549030,0.538317,-1.924303,0.648163,0.071021,0.401545,0.401545,-0.395455,-0.395455,0.424890,0.338431,-0.426770,-0.327400,0.235365,-0.235365,0.235365,-0.235365,0.252981,-0.238500,0.254131,-0.308806,0.411133,0.194148
6.004000,1.361528,6.530837,0.593700,-1.925355,0.541302,0.000000,2.868727,0.600000,0.878757,6.504178,0.535478,-1.919279,0.549813,-0.020252,1.022289,6.556710,0.539026,-1.999077,0.635290,0.052936,0.401545,0.401545,-0.395455,-0.395455,0.422975,0.336260,-0.425828,-0.339861,0.235346,-0.235346,0.235346,-0.235346,0.250440,-0.240768,0.257309,-0.306029,0.409016,0.194226
6.016000,1.338400,6.537249,0.593700,-1.929212,0.527390,0.000000,2.875945,0.600000,0.855702,6.510693,0.535091,-1.923198,0.535945,-0.044252,0.998536,6.563862,0.539599,-2.064952,0.612236,0.011640,0.401545,0.401545,-0.395455,-0.395455,0.418834,0.333007,-0.427000,-0.354280,0.235328,-0.235328,0.235328,-0.235328,0.247962,-0.241804,0.259715,-0.303576,0.405991,0.193808
6.028000,1.315227,6.543494,0.593700,-1.932968,0.513451,0.000000,2.883164,0.600000,0.832600,6.517041,0.534415,-1.927016,0.522050,-0.068252,0.974268,6.570903,0.539828,-2.101458,0.585441,-0.015173,0.401545,0.401545,-0.395455,-0.395455,0.413055,0.324926,-0.434246,-0.369705,0.235311,-0.235311,0.235311,-0.235311,0.245563,-0.242167,0.260851,-0.301125,0.399392,0.193113
6.040000,1.292009,6.549572,0.593700,-1.936624,0.499485,0.000000,2.890382,0.600000,0.809454,6.523222,0.533452,-1.930734,0.508126,-0.092252,0.949161,6.577742,0.539576,-2.138890,0.561481,-0.039777,0.401545,0.401545,-0.395455,-0.395455,0.406225,0.310830,-0.447686,-0.385779,0.235294,-0.235294,0.235294,-0.235294,0.243037,-0.241953,0.261187,-0.298663,0.389544,0.192346
6.052000,1.268749,6.555482,0.593700,-1.940180,0.485492,0.000000,2.897601,0.600000,0.786263,6.529236,0.532201,-1.934352,0.494176,-0.116252,0.923345,6.584378,0.538945,-2.167298,0.539890,-0.058415,0.401545,0.401545,-0.395455,-0.395455,0.398265,0.290246,-0.467479,-0.401760,0.235278,-0.235278,0.235278,-0.235278,0.240405,-0.240575,0.260911,-0.296275,0.376256,0.191917
6.064000,1.245446,6.561224,0.593700,-1.943634,0.471473,0.000000,2.904819,0.600000,0.763030,6.535082,0.530664,-1.937869,0.480200,-0.139073,0.897091,6.590831,0.538207,-2.163910,0.519722,-0.061320,0.401545,0.401545,-0.395455,-0.395455,0.389688,0.266687,-0.490191,-0.417091,0.235262,-0.235262,0.235262,-0.235262,0.237786,-0.237444,0.259794,-0.293983,0.361711,0.191860
6.076000,1.222102,6.566797,0.593700,-1.946986,0.457430,0.000000,2.912038,0.600000,0.739755,6.540760,0.529009,-1.941285,0.466198,-0.135866,0.870916,6.597062,0.537443,-2.120803,0.498527,-0.051964,0.401545,0.401545,-0.395455,-0.395455,0.381651,0.247454,-0.508990,-0.430257,0.235247,-0.235247,0.235247,-0.235247,0.235145,-0.232380,0.257402,-0.291756,0.351803,0.192279
6.088000,1.198718,6.572202,0.593700,-1.950236,0.443364,0.000000,2.919256,0.600000,0.716439,6.546271,0.527241,-1.944599,0.452172,-0.159249,0.845312,6.603076,0.536936,-2.051904,0.482650,-0.036081,0.401545,0.401545,-0.395455,-0.395455,0.375517,0.239640,-0.517783,-0.439807,0.235233,-0.235233,0.235233,-0.235233,0.232435,-0.225780,0.253141,-0.289707,0.352977,0.193189
6.100000,1.175297,6.577438,0.593700,-1.953385,0.429275,0.000000,2.926474,0.600000,0.693085,6.551612,0.525188,-1.947811,0.438123,-0.181457,0.820537,6.608898,0.536683,-2.004410,0.477195,-0.008892,0.401545,0.401545,-0.395455,-0.395455,0.371346,0.245407,-0.515792,-0.446096,0.235219,-0.235219,0.235219,-0.235219,0.229597,-0.218566,0.246553,-0.287836,0.367406,0.194133
6.112000,1.151838,6.582505,0.593700,-1.956433,0.415163,0.000000,2.933693,0.600000,0.669692,6.556785,0.523099,-1.950923,0.424052,-0.162766,0.796263,6.614521,0.536915,-1.992836,0.469256,0.020581,0.401545,0.401545,-0.395455,-0.395455,0.368506,0.262067,-0.507017,-0.450162,0.235205,-0.235205,0.235205,-0.235205,0.226815,-0.211624,0.237444,-0.285861,0.391236,0.194044
6.124000,1.128343,6.587402,0.593700,-1.959377,0.401050,0.000000,2.940899,0.600000,0.646263,6.561790,0.521290,-1.953933,0.409965,-0.138766,0.772088,6.620056,0.537364,-2.008327,0.465546,0.043883,0.401545,0.401545,-0.395455,-0.395455,0.366686,0.285455,-0.496263,-0.452967,0.235192,-0.235192,0.235192,-0.235192,0.224427,-0.205147,0.226376,-0.283323,0.417116,0.191951
6.136000,1.104813,6.592130,0.593700,-1.962214,0.386933,0.000000,2.948098,0.600000,0.622798,6.566625,0.519769,-1.956836,0.395878,-0.114766,0.747774,6.625612,0.538026,-2.029107,0.467674,0.047717,0.401545,0.401545,-0.395455,-0.395455,0.365652,0.312482,-0.486474,-0.455205,0.235180,-0.235180,0.235180,-0.235180,0.222204,-0.198986,0.213691,-0.280366,0.439000,0.187405
6.148000,1.081250,6.596688,0.593700,-1.964949,0.372796,0.000000,2.955298,0.600000,0.599299,6.571291,0.518535,-1.959636,0.381777,-0.090766,0.723211,6.631147,0.538740,-2.051183,0.465251,0.035376,0.401545,0.401545,-0.395455,-0.395455,0.364905,0.341514,-0.477745,-0.457498,0.235168,-0.235168,0.235168,-0.235168,0.219983,-0.193603,0.200144,-0.277275,0.452483,0.180497
6.158000,1.061589,6.600357,0.593700,-1.967150,0.360999,0.000000,2.961298,0.600000,0.579692,6.575050,0.517728,-1.961876,0.370086,-0.070766,0.702545,6.635717,0.539311,-2.063346,0.460057,0.023204,0.401545,0.401545,-0.395455,-0.395455,0.364185,0.366611,-0.469210,-0.459545,0.235158,-0.235158,0.235158,-0.235158,0.218162,-0.189837,0.189025,-0.274434,0.457290,0.173567
6.170000,1.037968,6.604604,0.593700,-1.969698,0.346827,0.000000,2.968498,0.600000,0.556134,6.579407,0.517022,-1.964452,0.356133,-0.046766,0.677686,6.641163,0.539453,-2.078061,0.456097,-0.023764,0.401545,0.401545,-0.395455,-0.395455,0.363399,0.397203,-0.454628,-0.461847,0.235153,-0.235153,0.235153,-0.235153,0.215940,-0.185900,0.176286,-0.270747,0.457708,0.164817
6.182000,1.014317,6.608681,0.593700,-1.972144,0.332637,0.000000,2.975698,0.600000,0.532545,6.583597,0.516605,-1.966913,0.342244,-0.022766,0.652125,6.646518,0.539227,-2.145672,0.447866,-0.031184,0.401545,0.401545,-0.395455,-0.395455,0.362338,0.426146,-0.437098,-0.464258,0.235160,-0.235160,0.235160,-0.235160,0.213622,-0.182649,0.164601,-0.266764,0.454369,0.155723
6.194000,0.990637,6.612587,0.593700,-1.974488,0.318429,0.000000,2.982898,0.600000,0.508928,6.587621,0.516476,-1.969256,0.328449,0.001234,0.626470,6.651800,0.538356,-2.166265,0.445782,-0.090050,0.401545,0.401545,-0.395455,-0.395455,0.360543,0.451703,-0.418645,-0.467711,0.235188,-0.235188,0.235188,-0.235188,0.211612,-0.180038,0.155443,-0.262286,0.451603,0.147719
6.206000,0.966930,6.616323,0.593700,-1.976730,0.304202,0.000000,2.990098,0.600000,0.485284,6.591482,0.516635,-1.971412,0.315148,0.025234,0.600563,6.656957,0.537465,-2.179407,0.435388,-0.080668,0.401545,0.401545,-0.395455,-0.395455,0.358552,0.475168,-0.397998,-0.472143,0.235240,-0.235240,0.235240,-0.235240,0.209535,-0.179291,0.148918,-0.257690,0.450178,0.141153
6.218000,0.943196,6.619888,0.593700,-1.978869,0.289963,0.000000,2.997298,0.600000,0.461615,6.595187,0.517082,-1.973397,0.302329,0.049234,0.574386,6.662175,0.535929,-2.204546,0.446947,-0.110761,0.401545,0.401545,-0.395455,-0.395455,0.356405,0.492744,-0.379105,-0.476823,0.235316,-0.235316,0.235316,-0.235316,0.207874,-0.180740,0.146712,-0.252615,0.451579,0.136907
6.230000,0.919437,6.623282,0.593700,-1.980904,0.275702,0.000000,3.004500,0.600000,0.437923,6.598739,0.517816,-1.975195,0.290162,0.073234,0.547537,6.667200,0.534756,-2.248405,0.429572,-0.057730,0.401545,0.401545,-0.395455,-0.395455,0.353267,0.501470,-0.367502,-0.482301,0.235414,-0.235414,0.235414,-0.235414,0.205967,-0.184911,0.150670,-0.247906,0.450813,0.137970
6.242000,0.895655,6.626505,0.593700,-1.982839,0.261431,0.000000,3.011701,0.600000,0.414213,6.602164,0.518822,-1.976581,0.280254,0.091754,0.520416,6.672103,0.533850,-2.270663,0.414360,-0.050090,0.401545,0.401545,-0.395455,-0.395455,0.349640,0.506357,-0.357916,-0.487799,0.235507,-0.235507,0.235507,-0.235507,0.204330,-0.188939,0.154526,-0.243286,0.444061,0.138730
6.254000,0.871850,6.629556,0.593700,-1.984671,0.247146,0.000000,3.018903,0.600000,0.390485,6.605461,0.519960,-1.978061,0.269367,0.096544,0.493379,6.676965,0.533629,-2.240235,0.391938,0.002153,0.401545,0.401545,-0.395455,-0.395455,0.345506,0.507392,-0.352824,-0.492858,0.235578,-0.235578,0.235578,-0.235578,0.203785,-0.191222,0.158811,-0.238251,0.439950,0.139662
6.266000,0.848023,6.632436,0.593700,-1.986399,0.232848,0.000000,3.026104,0.600000,0.366740,6.608631,0.521020,-1.979464,0.258557,0.076942,0.466717,6.681516,0.533800,-2.203122,0.356684,0.027391,0.401545,0.401545,-0.395455,-0.395455,0.341232,0.505141,-0.352434,-0.497473,0.235614,-0.235614,0.235614,-0.235614,0.203006,-0.192994,0.161964,-0.234201,0.439946,0.140682
6.278000,0.824176,6.635145,0.593700,-1.988025,0.218537,0.000000,3.033306,0.600000,0.342976,6.611653,0.521799,-1.981222,0.244502,0.052942,0.440848,6.685527,0.534066,-2.160939,0.319617,0.021591,0.401545,0.401545,-0.395455,-0.395455,0.338049,0.500156,-0.354701,-0.501388,0.235616,-0.235616,0.235616,-0.235616,0.201601,-0.195122,0.164638,-0.230736,0.435414,0.141197
6.290000,0.800311,6.637681,0.593700,-1.989547,0.204215,0.000000,3.040507,0.600000,0.319190,6.614488,0.522290,-1.983188,0.227993,0.028942,0.414883,6.689339,0.534335,-2.182721,0.299353,0.020574,0.401545,0.401545,-0.395455,-0.395455,0.336091,0.491897,-0.359811,-0.505131,0.235604,-0.235604,0.235604,-0.235604,0.199866,-0.197183,0.167267,-0.227448,0.431363,0.141616
6.302000,0.776428,6.640046,0.593700,-1.990965,0.189881,0.000000,3.047709,0.600000,0.295380,6.617125,0.522493,-1.985015,0.211603,0.004942,0.389804,6.692832,0.534461,-2.178232,0.275458,0.023914,0.401545,0.401545,-0.395455,-0.395455,0.335108,0.479904,-0.367152,-0.509088,0.235589,-0.235589,0.235589,-0.235589,0.198174,-0.199482,0.169655,-0.224287,0.427582,0.141970
6.314000,0.752528,6.642238,0.593700,-1.992281,0.175539,0.000000,3.054910,0.600000,0.271549,6.619562,0.522409,-1.986814,0.194275,-0.019058,0.365593,6.695893,0.534821,-2.137920,0.255957,0.009286,0.401545,0.401545,-0.395455,-0.395455,0.333806,0.465261,-0.375873,-0.512536,0.235571,-0.235571,0.235571,-0.235571,0.196696,-0.201720,0.171548,-0.222320,0.423740,0.142301
6.326000,0.728613,6.644259,0.593700,-1.993494,0.161187,0.000000,3.062112,0.600000,0.247697,6.621783,0.522083,-1.988503,0.176692,-0.027063,0.341246,6.698742,0.534687,-2.101014,0.240473,-0.023318,0.401545,0.401545,-0.395455,-0.395455,0.328770,0.449075,-0.386291,-0.518790,0.235571,-0.235571,0.235571,-0.235571,0.196136,-0.203567,0.173502,-0.221540,0.416859,0.143043
6.338000,0.704685,6.646107,0.593700,-1.994603,0.146827,0.000000,3.069313,0.600000,0.223828,6.623821,0.521892,-1.989640,0.163136,-0.003931,0.316862,6.701430,0.534190,-2.059320,0.224411,-0.054541,0.401545,0.401545,-0.395455,-0.395455,0.319209,0.432884,-0.397904,-0.529933,0.235599,-0.235599,0.235599,-0.235599,0.196096,-0.205500,0.175701,-0.220767,0.407386,0.144465
6.350000,0.680743,6.647782,0.593700,-1.995609,0.132459,0.000000,3.076515,0.600000,0.199946,6.625697,0.521989,-1.990685,0.149499,0.020069,0.292513,6.704025,0.533441,-2.018510,0.212174,-0.067688,0.401545,0.401545,-0.395455,-0.395455,0.304353,0.417188,-0.409913,-0.546819,0.235650,-0.235650,0.235650,-0.235650,0.197049,-0.207415,0.178025,-0.220264,0.395835,0.147128
6.362000,0.656790,6.649286,0.593700,-1.996511,0.118084,0.000000,3.083716,0.600000,0.176051,6.627405,0.522353,-1.991784,0.134190,0.034580,0.268349,6.706513,0.532457,-1.964210,0.199168,-0.070924,0.401545,0.401545,-0.395455,-0.395455,0.286166,0.402733,-0.421159,-0.565724,0.235727,-0.235727,0.235727,-0.235727,0.199514,-0.209337,0.180339,-0.220619,0.384332,0.151585
6.374000,0.632827,6.650616,0.593700,-1.997309,0.103701,0.000000,3.090918,0.600000,0.152142,6.628909,0.522636,-1.992942,0.116886,0.011646,0.244717,6.708794,0.531473,-1.886629,0.178513,-0.069880,0.401545,0.401545,-0.395455,-0.395455,0.269560,0.391032,-0.430053,-0.579319,0.235814,-0.235814,0.235814,-0.235814,0.203519,-0.211479,0.182551,-0.222390,0.377440,0.158058
6.386000,0.608855,6.651775,0.593700,-1.998003,0.089314,0.000000,3.098119,0.600000,0.128221,6.630215,0.522632,-1.993876,0.100708,-0.012354,0.221895,6.710811,0.530681,-1.812213,0.157441,-0.053627,0.401545,0.401545,-0.395455,-0.395455,0.258810,0.382557,-0.435188,-0.581284,0.235871,-0.235871,0.235871,-0.235871,0.209301,-0.213601,0.184800,-0.226011,0.378547,0.166425
6.398000,0.584876,6.652760,0.593700,-1.998595,0.074923,0.000000,3.105321,0.600000,0.104290,6.631331,0.522383,-1.994599,0.085701,-0.019231,0.199826,6.712601,0.530202,-1.775573,0.141506,-0.020450,0.401545,0.401545,-0.395455,-0.395455,0.254435,0.377047,-0.436653,-0.571061,0.235889,-0.235889,0.235889,-0.235889,0.216588,-0.215550,0.187238,-0.231406,0.386621,0.172613
6.410000,0.560890,6.653573,0.593700,-1.999083,0.060530,0.000000,3.112522,0.600000,0.080352,6.632272,0.522296,-1.995184,0.071062,0.004769,0.178071,6.714240,0.530213,-1.783136,0.134675,0.015211,0.401545,0.401545,-0.395455,-0.395455,0.253580,0.373497,-0.435797,-0.553400,0.235901,-0.235901,0.235901,-0.235901,0.225083,-0.217353,0.190002,-0.238374,0.396357,0.179085
6.422000,0.536898,6.654213,0.593700,-1.999468,0.046134,0.000000,3.119723,0.600000,0.056406,6.633037,0.522497,-1.995659,0.056459,0.028769,0.156178,6.715794,0.530524,-1.812214,0.128455,0.030675,0.401545,0.401545,-0.395455,-0.395455,0.253684,0.371089,-0.434314,-0.533222,0.235917,-0.235917,0.235917,-0.235917,0.234566,-0.219201,0.193022,-0.247112,0.402747,0.185444
6.432000,0.516902,6.654614,0.593700,-1.999708,0.034136,0.000000,3.125723,0.600000,0.036448,6.633541,0.522885,-1.995969,0.044352,0.048769,0.137748,6.717058,0.530840,-1.831386,0.123261,0.037512,0.401545,0.401545,-0.395455,-0.395455,0.254823,0.369481,-0.433234,-0.515388,0.235928,-0.235928,0.235928,-0.235928,0.242971,-0.220805,0.195683,-0.255882,0.404200,0.190173
6.444000,0.492904,6.654937,0.593700,-1.999902,0.019737,0.000000,3.132923,0.600000,0.012495,6.633986,0.523614,-1.996245,0.029816,0.072769,0.115605,6.718412,0.531581,-1.827331,0.111158,0.058565,0.401545,0.401545,-0.395455,-0.395455,0.260363,0.367757,-0.431926,-0.490955,0.235934,-0.235934,0.235934,-0.235934,0.252990,-0.222855,0.198962,-0.267624,0.403503,0.194993
6.456000,0.468905,6.655088,0.593700,-1.999993,0.005339,0.000000,3.140123,0.600000,-0.011461,6.634256,0.524590,-1.996417,0.015223,0.087020,0.093763,6.719575,0.532037,-1.816442,0.096939,0.040411,0.401545,0.401545,-0.395455,-0.395455,0.273010,0.366562,-0.430065,-0.462035,0.235927,-0.235927,0.235927,-0.235927,0.262406,-0.225106,0.202415,-0.279709,0.403358,0.198798
6.468000,0.444905,6.655065,0.593700,-1.999979,-0.009061,0.000000,3.147323,0.600000,-0.035419,6.634352,0.525656,-1.996477,0.000789,0.089759,0.072101,6.720683,0.532788,-1.817047,0.094015,0.032016,0.401545,0.401545,-0.395455,-0.395455,0.290116,0.365618,-0.427869,-0.432112,0.235906,-0.235906,0.235906,-0.235906,0.270745,-0.227307,0.206160,-0.291477,0.403045,0.201127
6.480000,0.420906,6.654870,0.593700,-1.999862,-0.023460,0.000000,3.154523,0.600000,-0.059376,6.634275,0.526731,-1.996432,-0.013601,0.089220,0.050331,6.721782,0.533356,-1.826801,0.097031,0.025216,0.401545,0.401545,-0.395455,-0.395455,0.308781,0.364134,-0.426122,-0.403809,0.235875,-0.235875,0.235875,-0.235875,0.276835,-0.229574,0.210074,-0.302548,0.401171,0.202138
6.492000,0.396909,6.654502,0.593700,-1.999641,-0.037859,0.000000,3.161723,0.600000,-0.083333,6.634026,0.527795,-1.996282,-0.027979,0.087980,0.028509,6.722789,0.533456,-1.831781,0.092911,-0.010255,0.401545,0.401545,-0.395455,-0.395455,0.328870,0.362040,-0.424951,-0.376919,0.235840,-0.235840,0.235840,-0.235840,0.279782,-0.231948,0.214092,-0.312656,0.400229,0.200283
6.504000,0.372915,6.653962,0.593700,-1.999316,-0.052256,0.000000,3.168923,0.600000,-0.107287,6.633604,0.528842,-1.996028,-0.042352,0.086615,0.006681,6.723790,0.533450,-1.839663,0.093325,-0.009320,0.401545,0.401545,-0.395455,-0.395455,0.349796,0.359295,-0.424255,-0.352041,0.235805,-0.235805,0.235805,-0.235805,0.279749,-0.234076,0.218500,-0.320838,0.401142,0.197265
6.516000,0.348926,6.653248,0.593700,-1.998888,-0.066649,0.000000,3.176124,0.600000,-0.131237,6.633009,0.529874,-1.995671,-0.056723,0.085245,-0.015375,6.724695,0.533048,-1.860946,0.084208,-0.049372,0.401545,0.401545,-0.395455,-0.395455,0.369827,0.355984,-0.424136,-0.331957,0.235770,-0.235770,0.235770,-0.235770,0.276787,-0.235984,0.223316,-0.325103,0.403715,0.194531
6.528000,0.324942,6.652362,0.593700,-1.998357,-0.081060,0.000000,3.183336,0.600000,-0.155182,6.632242,0.530888,-1.995210,-0.071098,0.083891,-0.037816,6.725995,0.532863,-1.879290,0.084212,0.010363,0.401545,0.401545,-0.395455,-0.395455,0.385807,0.351888,-0.424729,-0.319991,0.235737,-0.235737,0.235737,-0.235737,0.273778,-0.238296,0.227391,-0.323371,0.408242,0.195206
6.540000,0.300966,6.651303,0.593700,-1.997718,-0.095470,0.000000,3.190548,0.600000,-0.179122,6.631303,0.531887,-1.994646,-0.085483,0.082557,-0.060351,6.726945,0.533090,-1.890807,0.081231,0.024803,0.401545,0.401545,-0.395455,-0.395455,0.399639,0.347473,-0.425503,-0.312522,0.235706,-0.235706,0.235706,-0.235706,0.269606,-0.240053,0.231795,-0.321498,0.411573,0.195506
6.552000,0.276997,6.650071,0.593700,-1.996979,-0.109877,0.000000,3.197761,0.600000,-0.203053,6.630191,0.532870,-1.993979,-0.099866,0.081244,-0.083215,6.727500,0.533422,-1.901510,0.039075,0.058952,0.401545,0.401545,-0.395455,-0.395455,0.409644,0.342973,-0.426774,-0.309904,0.235675,-0.235675,0.235675,-0.235675,0.268155,-0.240317,0.237173,-0.316923,0.412247,0.195598
6.564000,0.253038,6.648666,0.593700,-1.996134,-0.124278,0.000000,3.204973,0.600000,-0.226977,6.628906,0.533742,-1.993207,-0.114245,0.061028,-0.106369,6.727740,0.534173,-1.925245,-0.006813,0.074075,0.401545,0.401545,-0.395455,-0.395455,0.416567,0.340003,-0.427528,-0.312367,0.235646,-0.235646,0.235646,-0.235646,0.267113,-0.240557,0.241856,-0.312815,0.412291,0.196110
6.576000,0.229090,6.647088,0.593700,-1.995185,-0.138671,0.000000,3.212186,0.600000,-0.250890,6.627449,0.534331,-1.992330,-0.128619,0.037028,-0.129579,6.727422,0.535215,-1.948581,-0.052208,0.080292,0.401545,0.401545,-0.395455,-0.395455,0.421274,0.338264,-0.427755,-0.317830,0.235617,-0.235617,0.235617,-0.235617,0.264809,-0.241541,0.245881,-0.309379,0.412380,0.196218
6.588000,0.205154,6.645338,0.593700,-1.994133,-0.153058,0.000000,3.219399,0.600000,-0.274792,6.625819,0.534631,-1.991351,-0.142985,0.013028,-0.153268,6.726626,0.536189,-2.005498,-0.093289,0.072401,0.401545,0.401545,-0.395455,-0.395455,0.423574,0.337010,-0.427956,-0.326064,0.235590,-0.235590,0.235590,-0.235590,0.262335,-0.242906,0.249368,-0.306155,0.412369,0.195947
6.600000,0.181232,6.643415,0.593700,-1.992977,-0.167437,0.000000,3.226611,0.600000,-0.298682,6.624017,0.534643,-1.990267,-0.157344,-0.010972,-0.176912,6.725377,0.537110,-2.052191,-0.132629,0.060326,0.401545,0.401545,-0.395455,-0.395455,0.423197,0.335739,-0.427997,-0.337351,0.235563,-0.235563,0.235563,-0.235563,0.259546,-0.244444,0.252824,-0.303052,0.410833,0.195677
6.612000,0.157323,6.641319,0.593700,-1.991716,-0.181809,0.000000,3.233824,0.600000,-0.322558,6.622043,0.534368,-1.989081,-0.171696,-0.034972,-0.201580,6.723804,0.537792,-2.125562,-0.158624,0.023831,0.401545,0.401545,-0.395455,-0.395455,0.420353,0.333546,-0.429074,-0.350121,0.235538,-0.235538,0.235538,-0.235538,0.257417,-0.245655,0.255028,-0.300110,0.409126,0.195148
6.624000,0.133431,6.639051,0.593700,-1.990352,-0.196169,0.000000,3.241036,0.600000,-0.346420,6.619897,0.533804,-1.987789,-0.186038,-0.058972,-0.226962,6.721880,0.538162,-2.181095,-0.188865,0.002818,0.401545,0.401545,-0.395455,-0.395455,0.415216,0.326379,-0.435738,-0.363941,0.235513,-0.235513,0.235513,-0.235513,0.255618,-0.246022,0.255732,-0.297301,0.403326,0.194105
6.636000,0.109555,6.636611,0.593700,-1.988885,-0.210519,0.000000,3.248249,0.600000,-0.370265,6.617578,0.532952,-1.986395,-0.200370,-0.082972,-0.253036,6.719485,0.537806,-2.219938,-0.222112,-0.046200,0.401545,0.401545,-0.395455,-0.395455,0.408579,0.312774,-0.448509,-0.379059,0.235489,-0.235489,0.235489,-0.235489,0.253505,-0.245915,0.256420,-0.294590,0.393576,0.193382
6.648000,0.085698,6.633999,0.593700,-1.987315,-0.224859,0.000000,3.255461,0.600000,-0.394093,6.615088,0.531813,-1.984898,-0.214692,-0.106972,-0.279660,6.716712,0.537352,-2.239637,-0.248420,-0.055746,0.401545,0.401545,-0.395455,-0.395455,0.400865,0.292371,-0.467802,-0.395224,0.235466,-0.235466,0.235466,-0.235466,0.251169,-0.244737,0.257135,-0.291956,0.379981,0.193152
6.660000,0.061860,6.631215,0.593700,-1.985642,-0.239187,0.000000,3.262674,0.600000,-0.417902,6.612426,0.530397,-1.983298,-0.229003,-0.125794,-0.306687,6.713611,0.536729,-2.229797,-0.266549,-0.050264,0.401545,0.401545,-0.395455,-0.395455,0.392527,0.267234,-0.491170,-0.411157,0.235444,-0.235444,0.235444,-0.235444,0.248738,-0.241867,0.257201,-0.289458,0.363845,0.193374
6.672000,0.038043,6.628258,0.593700,-1.983867,-0.253503,0.000000,3.269886,0.600000,-0.441691,6.609592,0.528937,-1.981596,-0.243302,-0.116252,-0.333667,6.710320,0.536018,-2.184745,-0.272481,-0.040800,0.401545,0.401545,-0.395455,-0.395455,0.384517,0.244258,-0.512293,-0.424790,0.235423,-0.235423,0.235423,-0.235423,0.246324,-0.237120,0.255936,-0.287116,0.350534,0.194072
6.682000,0.018212,6.625664,0.593700,-1.982308,-0.265422,0.000000,3.275897,0.600000,-0.461500,6.607099,0.527692,-1.980099,-0.255208,-0.134331,-0.355757,6.707531,0.535497,-2.132045,-0.270042,-0.031226,0.401545,0.401545,-0.395455,-0.395455,0.379018,0.232411,-0.523345,-0.433243,0.235405,-0.235405,0.235405,-0.235405,0.244251,-0.231978,0.253561,-0.285277,0.346512,0.195032
6.694000,-0.005564,6.622393,0.593700,-1.980342,-0.279713,0.000000,3.283109,0.600000,-0.485250,6.603951,0.525936,-1.978207,-0.269483,-0.158331,-0.381566,6.704248,0.535209,-2.078182,-0.260059,-0.003757,0.401545,0.401545,-0.395455,-0.395455,0.374298,0.230719,-0.526529,-0.440364,0.235385,-0.235385,0.235385,-0.235385,0.241655,-0.224888,0.248605,-0.283247,0.353761,0.196328
6.706000,-0.029316,6.618951,0.593700,-1.978272,-0.293990,0.000000,3.290322,0.600000,-0.508976,6.600632,0.523976,-1.976212,-0.283744,-0.158228,-0.406698,6.701040,0.534981,-2.053684,-0.255423,0.000828,0.401545,0.401545,-0.395455,-0.395455,0.371213,0.242203,-0.520773,-0.445040,0.235366,-0.235366,0.235366,-0.235366,0.239017,-0.217660,0.241047,-0.281254,0.373223,0.197134
6.718000,-0.053042,6.615337,0.593700,-1.976100,-0.308249,0.000000,3.297532,0.600000,-0.532678,6.597141,0.522221,-1.974113,-0.297990,-0.134228,-0.431538,6.697788,0.535534,-2.054731,-0.263633,0.057104,0.401545,0.401545,-0.395455,-0.395455,0.369201,0.263363,-0.510423,-0.448350,0.235347,-0.235347,0.235347,-0.235347,0.236618,-0.210973,0.231122,-0.279068,0.399453,0.196200
6.730000,-0.076742,6.611553,0.593700,-1.973828,-0.322470,0.000000,3.304732,0.600000,-0.556355,6.593480,0.520754,-1.971913,-0.312209,-0.110228,-0.456386,6.694499,0.536067,-2.070661,-0.270619,0.059892,0.401545,0.401545,-0.395455,-0.395455,0.367846,0.290538,-0.498732,-0.450877,0.235329,-0.235329,0.235329,-0.235329,0.234497,-0.205065,0.219836,-0.276516,0.425746,0.193326
6.742000,-0.100413,6.607598,0.593700,-1.971452,-0.336672,0.000000,3.311932,0.600000,-0.580004,6.589648,0.519575,-1.969612,-0.326401,-0.086228,-0.481266,6.691183,0.536879,-2.082603,-0.274547,0.064822,0.401545,0.401545,-0.395455,-0.395455,0.367079,0.321057,-0.486512,-0.453231,0.235312,-0.235312,0.235312,-0.235312,0.232228,-0.200216,0.207918,-0.273959,0.445678,0.188314
6.754000,-0.124056,6.603473,0.593700,-1.968974,-0.350856,0.000000,3.319132,0.600000,-0.603625,6.585646,0.518685,-1.967207,-0.340573,-0.062228,-0.506713,6.687656,0.537827,-2.120460,-0.288548,0.059467,0.401545,0.401545,-0.395455,-0.395455,0.366177,0.352980,-0.472844,-0.455697,0.235295,-0.235295,0.235295,-0.235295,0.229755,-0.196083,0.195597,-0.271221,0.456766,0.181201
6.766000,-0.147668,6.599178,0.593700,-1.966395,-0.365022,0.000000,3.326332,0.600000,-0.627217,6.581475,0.518082,-1.964715,-0.354646,-0.038228,-0.531807,6.684213,0.538235,-2.106971,-0.287368,0.020411,0.401545,0.401545,-0.395455,-0.395455,0.364926,0.385709,-0.455737,-0.458345,0.235280,-0.235280,0.235280,-0.235280,0.227477,-0.192170,0.183317,-0.268011,0.459869,0.172979
6.778000,-0.171249,6.594712,0.593700,-1.963716,-0.379171,0.000000,3.333532,0.600000,-0.650778,6.577135,0.517767,-1.962141,-0.368591,-0.014228,-0.556804,6.680605,0.538184,-2.114432,-0.303136,-0.032138,0.401545,0.401545,-0.395455,-0.395455,0.364141,0.418659,-0.435268,-0.460559,0.235270,-0.235270,0.235270,-0.235270,0.225233,-0.188899,0.171154,-0.264370,0.460243,0.163803
6.790000,-0.194797,6.590078,0.593700,-1.960931,-0.393297,0.000000,3.340732,0.600000,-0.674307,6.572628,0.517720,-1.959426,-0.382742,0.002621,-0.582243,6.676749,0.537790,-2.153344,-0.328244,-0.074621,0.401545,0.401545,-0.395455,-0.395455,0.363021,0.447610,-0.415951,-0.463375,0.235273,-0.235273,0.235273,-0.235273,0.223304,-0.185841,0.160340,-0.260056,0.458609,0.154654
6.802000,-0.218311,6.585273,0.593700,-1.958050,-0.407407,0.000000,3.347932,0.600000,-0.697804,6.567953,0.517847,-1.956709,-0.396342,0.021718,-0.608214,6.672633,0.536947,-2.187697,-0.346989,-0.081019,0.401545,0.401545,-0.395455,-0.395455,0.361045,0.471832,-0.397782,-0.467967,0.235284,-0.235284,0.235284,-0.235284,0.221598,-0.183436,0.152166,-0.255219,0.456736,0.146806
6.814000,-0.241790,6.580300,0.593700,-1.955065,-0.421494,0.000000,3.355132,0.600000,-0.721268,6.563117,0.518252,-1.953980,-0.409506,0.045718,-0.634485,6.668657,0.535656,-2.211674,-0.323747,-0.120345,0.401545,0.401545,-0.395455,-0.395455,0.358486,0.492854,-0.379034,-0.473440,0.235318,-0.235318,0.235318,-0.235318,0.219924,-0.182553,0.148556,-0.250070,0.457022,0.141768
6.826000,-0.265232,6.575158,0.593700,-1.951993,-0.435567,0.000000,3.362335,0.600000,-0.744699,6.558125,0.518944,-1.951189,-0.422544,0.069718,-0.661296,6.664257,0.534427,-2.250740,-0.364886,-0.074202,0.401545,0.401545,-0.395455,-0.395455,0.355216,0.507629,-0.362972,-0.479584,0.235376,-0.235376,0.235376,-0.235376,0.216808,-0.186333,0.150852,-0.246537,0.448000,0.142465
6.838000,-0.288637,6.569846,0.593700,-1.948807,-0.449613,0.000000,3.369538,0.600000,-0.768098,6.552985,0.519913,-1.948683,-0.433810,0.089407,-0.688358,6.659642,0.533633,-2.279981,-0.375520,-0.050014,0.401545,0.401545,-0.395455,-0.395455,0.351452,0.516065,-0.349640,-0.485707,0.235448,-0.235448,0.235448,-0.235448,0.214884,-0.191115,0.153985,-0.242243,0.436708,0.142999
6.850000,-0.312003,6.564367,0.593700,-1.945518,-0.463639,0.000000,3.376741,0.600000,-0.791466,6.547706,0.521028,-1.945918,-0.445938,0.094882,-0.715695,6.654727,0.533143,-2.277451,-0.401419,-0.010843,0.401545,0.401545,-0.395455,-0.395455,0.346945,0.519101,-0.341004,-0.491826,0.235508,-0.235508,0.235508,-0.235508,0.213432,-0.194938,0.157493,-0.237755,0.429218,0.143615
6.862000,-0.335329,6.558719,0.593700,-1.942126,-0.477639,0.000000,3.383944,0.600000,-0.814802,6.542292,0.522154,-1.943535,-0.455990,0.087270,-0.742696,6.649809,0.533173,-2.227737,-0.424085,0.030532,0.401545,0.401545,-0.395455,-0.395455,0.342313,0.517855,-0.338970,-0.497266,0.235544,-0.235544,0.235544,-0.235544,0.212992,-0.196470,0.161205,-0.233174,0.427571,0.144680
6.874000,-0.358614,6.552904,0.593700,-1.938636,-0.491616,0.000000,3.391147,0.600000,-0.838109,6.536755,0.523057,-1.940718,-0.467646,0.063270,-0.769135,6.644583,0.533671,-2.183775,-0.449417,0.041807,0.401545,0.401545,-0.395455,-0.395455,0.338538,0.512925,-0.340855,-0.502253,0.235549,-0.235549,0.235549,-0.235549,0.212092,-0.198302,0.164022,-0.229158,0.429906,0.145300
6.886000,-0.381856,6.546921,0.593700,-1.935044,-0.505567,0.000000,3.398350,0.600000,-0.861375,6.531051,0.523673,-1.936852,-0.483408,0.039270,-0.795642,6.639104,0.534342,-2.201265,-0.477724,0.047891,0.401545,0.401545,-0.395455,-0.395455,0.335871,0.504066,-0.345595,-0.506962,0.235536,-0.235536,0.235536,-0.235536,0.211044,-0.200198,0.166920,-0.225363,0.435103,0.145987
6.898000,-0.405055,6.540770,0.593700,-1.931352,-0.519493,0.000000,3.405553,0.600000,-0.884591,6.525147,0.524000,-1.932484,-0.500731,0.015270,-0.821504,6.633470,0.535138,-2.216597,-0.504370,0.046443,0.401545,0.401545,-0.395455,-0.395455,0.334008,0.491071,-0.353321,-0.511571,0.235520,-0.235520,0.235520,-0.235520,0.209845,-0.202045,0.169578,-0.221829,0.432532,0.146375
6.910000,-0.428208,6.534453,0.593700,-1.927560,-0.533391,0.000000,3.412756,0.600000,-0.907753,6.519031,0.524039,-1.927759,-0.518893,-0.008730,-0.846239,6.627920,0.535902,-2.180679,-0.512510,0.040556,0.401545,0.401545,-0.395455,-0.395455,0.332634,0.475146,-0.362826,-0.515434,0.235511,-0.235511,0.235511,-0.235511,0.208515,-0.204044,0.171772,-0.219126,0.427487,0.146844
6.922000,-0.451316,6.527969,0.593700,-1.923665,-0.547262,0.000000,3.419959,0.600000,-0.930858,6.512700,0.523799,-1.923245,-0.535620,-0.027358,-0.870822,6.622003,0.536012,-2.132997,-0.520030,-0.000491,0.401545,0.401545,-0.395455,-0.395455,0.328368,0.457771,-0.374032,-0.521492,0.235513,-0.235513,0.235513,-0.235513,0.207693,-0.205698,0.174003,-0.217872,0.420365,0.147442
6.932000,-0.470536,6.522439,0.593700,-1.920345,-0.558799,0.000000,3.425961,0.600000,-0.950074,6.507283,0.523542,-1.919907,-0.547508,-0.021130,-0.891365,6.616987,0.535818,-2.093291,-0.519689,-0.040609,0.401545,0.401545,-0.395455,-0.395455,0.321107,0.443096,-0.384213,-0.530210,0.235519,-0.235519,0.235519,-0.235519,0.207454,-0.206929,0.176095,-0.217137,0.412128,0.148483
6.944000,-0.493555,6.515650,0.593700,-1.916267,-0.572618,0.000000,3.433164,0.600000,-0.973089,6.500631,0.523414,-1.915974,-0.561089,0.001017,-0.915950,6.610809,0.535320,-2.049645,-0.519397,-0.059201,0.401545,0.401545,-0.395455,-0.395455,0.307115,0.425700,-0.396734,-0.546710,0.235543,-0.235543,0.235543,-0.235543,0.207825,-0.208498,0.178685,-0.216399,0.399692,0.150621
6.956000,-0.516526,6.508696,0.593700,-1.912095,-0.586404,0.000000,3.440367,0.600000,-0.996056,6.493815,0.523550,-1.911804,-0.575160,0.015044,-0.940378,6.604539,0.534568,-1.993597,-0.518386,-0.073795,0.401545,0.401545,-0.395455,-0.395455,0.287977,0.409159,-0.409081,-0.567710,0.235591,-0.235591,0.235591,-0.235591,0.209419,-0.210079,0.181198,-0.216262,0.385501,0.154344
6.968000,-0.539445,6.501576,0.593700,-1.907826,-0.600161,0.000000,3.447570,0.600000,-1.018972,6.486827,0.523586,-1.907445,-0.589523,-0.008956,-0.964199,6.598248,0.533802,-1.902112,-0.511508,-0.071019,0.401545,0.401545,-0.395455,-0.395455,0.268405,0.394437,-0.420400,-0.585994,0.235633,-0.235633,0.235633,-0.235633,0.212349,-0.211783,0.183513,-0.217188,0.373580,0.159177
6.980000,-0.562313,6.494292,0.593700,-1.903455,-0.613887,0.000000,3.454773,0.600000,-1.041835,6.479669,0.523335,-1.903108,-0.603404,-0.032956,-0.986939,6.591983,0.533099,-1.790216,-0.501449,-0.051386,0.401545,0.401545,-0.395455,-0.395455,0.254816,0.382886,-0.428549,-0.592802,0.235645,-0.235645,0.235645,-0.235645,0.216670,-0.213621,0.185631,-0.219623,0.369499,0.163068
6.992000,-0.585128,6.486843,0.593700,-1.898984,-0.627582,0.000000,3.461976,0.600000,-1.064646,6.472345,0.522795,-1.898702,-0.617135,-0.056956,-1.008457,6.585772,0.532574,-1.702699,-0.498054,-0.030965,0.401545,0.401545,-0.395455,-0.395455,0.250429,0.375046,-0.432138,-0.584259,0.235635,-0.235635,0.235635,-0.235635,0.222448,-0.215470,0.187822,-0.223595,0.375708,0.168352
7.004000,-0.602204,6.481149,0.593700,0.000000,0.000000,0.000000,3.469168,0.000000,-1.087386,6.464884,0.522048,-1.885517,-0.617481,-0.056711,-1.029174,6.579577,0.532281,-1.679002,-0.505487,-0.017064,0.401548,0.401548,-0.395459,-0.395459,0.252483,0.370069,-0.432016,-0.564658,0.235614,-0.235614,0.235614,-0.235614,0.229810,-0.217236,0.190357,-0.228983,0.387775,0.174649
7.016000,-0.602204,6.481149,0.593700,0.000000,0.000000,0.000000,3.476200,0.000000,-1.109821,6.457630,0.521492,-1.853251,-0.591730,-0.036267,-1.049819,6.573309,0.532429,-1.707735,-0.520295,0.018780,0.401605,0.401605,-0.395515,-0.395515,0.255634,0.366787,-0.430582,-0.541951,0.235607,-0.235607,0.235607,-0.235607,0.238768,-0.218979,0.193253,-0.236067,0.397752,0.181096
7.028000,-0.602204,6.481149,0.593700,0.000000,0.000000,0.000000,3.483057,0.000000,-1.131849,6.450672,0.521155,-1.817464,-0.569592,-0.020211,-1.070757,6.566841,0.532528,-1.736202,-0.540763,0.015705,0.401732,0.401732,-0.395643,-0.395643,0.257980,0.364256,-0.430016,-0.519980,0.235597,-0.235597,0.235597,-0.235597,0.248821,-0.220916,0.196364,-0.245400,0.401608,0.187189
7.040000,-0.602204,6.481149,0.593700,0.000000,0.000000,0.000000,3.489768,0.000000,-1.153412,6.443893,0.520990,-1.775372,-0.561804,-0.008223,-1.091717,6.560248,0.533088,-1.721407,-0.550256,0.042826,0.401935,0.401935,-0.395845,-0.395845,0.263491,0.361912,-0.430332,-0.495485,0.235579,-0.235579,0.235579,-0.235579,0.259344,-0.223003,0.199533,-0.256526,0.401573,0.192255
7.052000,-0.602204,6.481149,0.593700,0.000000,0.000000,0.000000,3.496359,0.000000,-1.174442,6.437187,0.520922,-1.729260,-0.554854,-0.004911,-1.112117,6.553544,0.533592,-1.681336,-0.557359,0.030114,0.402216,0.402216,-0.396127,-0.396127,0.277295,0.360148,-0.430315,-0.464338,0.235556,-0.235556,0.235556,-0.235556,0.269432,-0.225355,0.202757,-0.268110,0.402815,0.196657
7.064000,-0.602204,6.481149,0.593700,0.000000,0.000000,0.000000,3.502857,0.000000,-1.194910,6.430588,0.520855,-1.681942,-0.545000,-0.006054,-1.132285,6.546646,0.534180,-1.675179,-0.570054,0.028193,0.402583,0.402583,-0.396493,-0.396493,0.297225,0.358784,-0.430278,-0.430131,0.235531,-0.235531,0.235531,-0.235531,0.279090,-0.227644,0.206178,-0.278813,0.404443,0.199659
7.076000,-0.602204,6.481149,0.593700,0.000000,0.000000,0.000000,3.509286,0.000000,-1.214809,6.424109,0.520777,-1.634710,-0.534743,-0.006933,-1.151892,6.539925,0.534475,-1.645319,-0.572498,0.008884,0.403036,0.403036,-0.396947,-0.396947,0.320098,0.356843,-0.430491,-0.395974,0.235506,-0.235506,0.235506,-0.235506,0.287212,-0.230416,0.209519,-0.288532,0.404777,0.200985
7.088000,-0.602204,6.481149,0.593700,0.000000,0.000000,0.000000,3.515658,0.000000,-1.234143,6.417756,0.520689,-1.587569,-0.524076,-0.007768,-1.171212,6.533098,0.534627,-1.624706,-0.574970,-0.008942,0.403576,0.403576,-0.397486,-0.397486,0.344894,0.354018,-0.431252,-0.363139,0.235482,-0.235482,0.235482,-0.235482,0.292670,-0.233185,0.212953,-0.296632,0.405033,0.201374
7.100000,-0.602204,6.481149,0.593700,0.000000,0.000000,0.000000,3.521984,0.000000,-1.252911,6.411533,0.520592,-1.540524,-0.512992,-0.008357,-1.190314,6.526213,0.534444,-1.607823,-0.580912,-0.048129,0.404202,0.404202,-0.398112,-0.398112,0.370506,0.350380,-0.432800,-0.332898,0.235459,-0.235459,0.235459,-0.235459,0.295073,-0.236014,0.216369,-0.302585,0.406504,0.200636
7.112000,-0.602204,6.481149,0.593700,0.000000,0.000000,0.000000,3.528268,0.000000,-1.271116,6.405446,0.520491,-1.493580,-0.501488,-0.008307,-1.209268,6.519243,0.533868,-1.596282,-0.584455,-0.055770,0.404914,0.404914,-0.398825,-0.398825,0.395530,0.345804,-0.435398,-0.306896,0.235437,-0.235437,0.235437,-0.235437,0.294643,-0.238644,0.220038,-0.305843,0.408974,0.198120
7.124000,-0.602204,6.481149,0.593700,0.000000,0.000000,0.000000,3.534501,0.000000,-1.288759,6.399497,0.520399,-1.447304,-0.490871,-0.005171,-1.228411,6.512154,0.533076,-1.602454,-0.595010,-0.048858,0.405713,0.405713,-0.399623,-0.399623,0.417185,0.340758,-0.439118,-0.287612,0.235416,-0.235416,0.235416,-0.235416,0.292210,-0.240630,0.223825,-0.302733,0.409477,0.197148
7.136000,-0.602204,6.481149,0.593700,0.000000,0.000000,0.000000,3.540643,0.000000,-1.305882,6.393604,0.520443,-1.407526,-0.492325,0.013599,-1.246211,6.504557,0.532628,-1.522791,-0.625582,-0.027324,0.406573,0.406573,-0.400483,-0.400483,0.434796,0.335529,-0.443212,-0.275349,0.235399,-0.235399,0.235399,-0.235399,0.286799,-0.242875,0.227502,-0.299599,0.401875,0.195369
7.148000,-0.602204,6.481149,0.593700,0.000000,0.000000,0.000000,3.546685,0.000000,-1.322538,6.387679,0.520750,-1.368247,-0.495156,0.037599,-1.264935,6.497102,0.532439,-1.533159,-0.629883,0.005663,0.407463,0.407463,-0.401373,-0.401373,0.448443,0.330915,-0.447435,-0.270445,0.235398,-0.235398,0.235398,-0.235398,0.284185,-0.245000,0.230983,-0.296719,0.398088,0.195671
7.160000,-0.602204,6.481149,0.593700,0.000000,0.000000,0.000000,3.552570,0.000000,-1.338722,6.381721,0.521269,-1.329424,-0.497780,0.039257,-1.283531,6.489415,0.532475,-1.511581,-0.644265,0.015257,0.408371,0.408371,-0.402282,-0.402282,0.455829,0.326240,-0.451878,-0.272519,0.235414,-0.235414,0.235414,-0.235414,0.281363,-0.247104,0.233439,-0.295292,0.399798,0.195733
7.172000,-0.602204,6.481149,0.593700,0.000000,0.000000,0.000000,3.558244,0.000000,-1.354427,6.375755,0.521623,-1.287083,-0.494440,0.018027,-1.301645,6.481628,0.532733,-1.480205,-0.655024,0.022337,0.409183,0.409183,-0.403093,-0.403093,0.459210,0.322038,-0.455188,-0.279233,0.235421,-0.235421,0.235421,-0.235421,0.278633,-0.249119,0.235524,-0.294120,0.404520,0.195538
7.182000,-0.602204,6.481149,0.593700,0.000000,0.000000,0.000000,3.562795,0.000000,-1.367108,6.370856,0.521719,-1.248972,-0.484610,0.002994,-1.316560,6.475026,0.533028,-1.479872,-0.671490,0.025332,0.409821,0.409821,-0.403732,-0.403732,0.459292,0.318711,-0.457254,-0.287836,0.235415,-0.235415,0.235415,-0.235415,0.276348,-0.250764,0.237050,-0.293241,0.410316,0.195296
7.194000,-0.602204,6.481149,0.593700,0.000000,0.000000,0.000000,3.568031,0.000000,-1.381818,6.365123,0.521739,-1.202623,-0.470902,0.001895,-1.333935,6.467210,0.533536,-1.493082,-0.686209,0.034687,0.410627,0.410627,-0.404538,-0.404538,0.456226,0.314382,-0.459320,-0.301802,0.235400,-0.235400,0.235400,-0.235400,0.273735,-0.252670,0.238819,-0.292186,0.410988,0.194774
7.206000,-0.602204,6.481149,0.593700,0.000000,0.000000,0.000000,3.573030,0.000000,-1.395972,6.359553,0.521769,-1.156477,-0.457295,0.002638,-1.350211,6.459752,0.534048,-1.467014,-0.669287,0.024128,0.411517,0.411517,-0.405428,-0.405428,0.450172,0.309760,-0.461280,-0.318172,0.235381,-0.235381,0.235381,-0.235381,0.271409,-0.254306,0.240243,-0.291132,0.406009,0.194334
7.218000,-0.602204,6.481149,0.593700,0.000000,0.000000,0.000000,3.577895,0.000000,-1.409573,6.354150,0.521793,-1.110258,-0.443155,0.001236,-1.366291,6.452499,0.534222,-1.433432,-0.638983,-0.008105,0.412494,0.412494,-0.406405,-0.406405,0.441444,0.305488,-0.464362,-0.335517,0.235361,-0.235361,0.235361,-0.235361,0.269486,-0.255249,0.241309,-0.290244,0.400729,0.194189
7.230000,-0.602204,6.481149,0.593700,0.000000,0.000000,0.000000,3.582583,0.000000,-1.422619,6.348918,0.521791,-1.064093,-0.428842,-0.001963,-1.382530,6.445221,0.533918,-1.386781,-0.611513,-0.035686,0.413557,0.413557,-0.407468,-0.407468,0.431219,0.299648,-0.470102,-0.352998,0.235342,-0.235342,0.235342,-0.235342,0.267767,-0.255255,0.241775,-0.289308,0.394135,0.194356
7.242000,-0.602204,6.481149,0.593700,0.000000,0.000000,0.000000,3.587063,0.000000,-1.435111,6.343859,0.521738,-1.017983,-0.414353,-0.007179,-1.398633,6.438102,0.533434,-1.337496,-0.583186,-0.054610,0.414706,0.414706,-0.408617,-0.408617,0.421110,0.292847,-0.477067,-0.369793,0.235324,-0.235324,0.235324,-0.235324,0.266215,-0.254763,0.242024,-0.288169,0.388042,0.195066
7.254000,-0.602204,6.481149,0.593700,0.000000,0.000000,0.000000,3.591303,0.000000,-1.447051,6.338974,0.521612,-0.971925,-0.399698,-0.014061,-1.414442,6.431185,0.532649,-1.294345,-0.557567,-0.064384,0.415942,0.415942,-0.409853,-0.409853,0.410979,0.285683,-0.484358,-0.385364,0.235306,-0.235306,0.235306,-0.235306,0.264893,-0.253738,0.241699,-0.286920,0.383511,0.196504
7.266000,-0.602204,6.481149,0.593700,0.000000,0.000000,0.000000,3.595273,0.000000,-1.458442,6.334255,0.521398,-0.927094,-0.388034,-0.024467,-1.429859,6.424537,0.531942,-1.241315,-0.523954,-0.054080,0.417256,0.417256,-0.411166,-0.411166,0.402128,0.280341,-0.489636,-0.399485,0.235290,-0.235290,0.235290,-0.235290,0.263715,-0.252195,0.240502,-0.285458,0.382595,0.198514
7.278000,-0.602204,6.481149,0.593700,0.000000,0.000000,0.000000,3.598949,0.000000,-1.469309,6.329639,0.520960,-0.884469,-0.382092,-0.048467,-1.444717,6.418259,0.531095,-1.190899,-0.489197,-0.051396,0.418556,0.418556,-0.412466,-0.412466,0.394473,0.280262,-0.489882,-0.411828,0.235274,-0.235274,0.235274,-0.235274,0.262747,-0.250082,0.237742,-0.283869,0.388169,0.200982
7.290000,-0.602204,6.481149,0.593700,0.000000,0.000000,0.000000,3.602312,0.000000,-1.479676,6.325066,0.520235,-0.843538,-0.380592,-0.072408,-1.458930,6.412435,0.530632,-1.137806,-0.451346,-0.025900,0.419764,0.419764,-0.413674,-0.413674,0.388655,0.288143,-0.482849,-0.421999,0.235258,-0.235258,0.235258,-0.235258,0.261954,-0.247816,0.233198,-0.282121,0.402075,0.203542
7.302000,-0.602204,6.481149,0.593700,0.000000,0.000000,0.000000,3.605353,0.000000,-1.489561,6.320526,0.519355,-0.804195,-0.374292,-0.065749,-1.472553,6.407017,0.530399,-1.104735,-0.425302,-0.004253,0.420886,0.420886,-0.414797,-0.414797,0.384402,0.304022,-0.469481,-0.429793,0.235243,-0.235243,0.235243,-0.235243,0.261343,-0.245760,0.226605,-0.280256,0.423125,0.205666
7.314000,-0.602204,6.481149,0.593700,0.000000,0.000000,0.000000,3.608058,0.000000,-1.498974,6.316111,0.518701,-0.764163,-0.360895,-0.043966,-1.485829,6.401858,0.530444,-1.093132,-0.412317,0.010703,0.422060,0.422060,-0.415970,-0.415970,0.381550,0.325299,-0.453320,-0.436363,0.235229,-0.235229,0.235229,-0.235229,0.260912,-0.244375,0.218405,-0.278180,0.446399,0.206497
7.326000,-0.602204,6.481149,0.593700,0.000000,0.000000,0.000000,3.610442,0.000000,-1.507885,6.311881,0.518272,-0.720525,-0.343668,-0.028352,-1.498978,6.396871,0.530852,-1.087108,-0.400212,0.029861,0.423313,0.423313,-0.417224,-0.417224,0.379174,0.349559,-0.437341,-0.442498,0.235215,-0.235215,0.235215,-0.235215,0.260781,-0.243877,0.209209,-0.275915,0.466041,0.205371
7.338000,-0.602204,6.481149,0.593700,0.000000,0.000000,0.000000,3.612530,0.000000,-1.516265,6.307867,0.518028,-0.676120,-0.325244,-0.011817,-1.512013,6.392088,0.531215,-1.080018,-0.383765,0.031312,0.424652,0.424652,-0.418563,-0.418563,0.377028,0.375766,-0.421563,-0.448811,0.235202,-0.235202,0.235202,-0.235202,0.260931,-0.244405,0.199583,-0.273426,0.479277,0.202107
7.350000,-0.602204,6.481149,0.593700,0.000000,0.000000,0.000000,3.614336,0.000000,-1.524113,6.304076,0.517996,-0.631898,-0.306424,0.006668,-1.524818,6.387564,0.531643,-1.064233,-0.361411,0.017190,0.426078,0.426078,-0.419989,-0.419989,0.375212,0.403436,-0.404286,-0.455067,0.235189,-0.235189,0.235189,-0.235189,0.261305,-0.246144,0.189858,-0.270750,0.486072,0.196852
7.362000,-0.602204,6.481149,0.593700,0.000000,0.000000,0.000000,3.615916,0.000000,-1.531431,6.300514,0.518191,-0.587828,-0.287276,0.025750,-1.537403,6.383327,0.531923,-1.050844,-0.338952,0.003379,0.427590,0.427590,-0.421501,-0.421501,0.373531,0.430972,-0.385694,-0.461368,0.235176,-0.235176,0.235176,-0.235176,0.261878,-0.249145,0.180431,-0.267869,0.487475,0.189976
7.374000,-0.602204,6.481149,0.593700,0.000000,0.000000,0.000000,3.617314,0.000000,-1.538221,6.297183,0.518564,-0.543904,-0.267818,0.033468,-1.549846,6.379373,0.532044,-1.043129,-0.315859,-0.010266,0.429167,0.429167,-0.423078,-0.423078,0.371607,0.456651,-0.366718,-0.467877,0.235164,-0.235164,0.235164,-0.235164,0.262787,-0.253220,0.171464,-0.264730,0.485576,0.182049
7.386000,-0.602204,6.481149,0.593700,0.000000,0.000000,0.000000,3.618549,0.000000,-1.544485,6.294087,0.518906,-0.500114,-0.248076,0.019984,-1.562166,6.375688,0.531773,-1.037346,-0.291098,-0.032161,0.430725,0.430725,-0.424635,-0.424635,0.369474,0.479363,-0.347955,-0.474844,0.235153,-0.235153,0.235153,-0.235153,0.264123,-0.258162,0.163311,-0.261188,0.473762,0.173936
7.398000,-0.602204,6.481149,0.593700,0.000000,0.000000,0.000000,3.619625,0.000000,-1.550225,6.291230,0.519002,-0.456473,-0.228025,-0.004016,-1.574411,6.372314,0.531238,-1.034180,-0.267339,-0.062676,0.432197,0.432197,-0.426108,-0.426108,0.367019,0.498009,-0.330372,-0.482034,0.235141,-0.235141,0.235141,-0.235141,0.265840,-0.264048,0.156411,-0.257363,0.439004,0.166671
7.410000,-0.602204,6.481149,0.593700,0.000000,0.000000,0.000000,3.620559,0.000000,-1.555441,6.288616,0.518810,-0.412986,-0.207658,-0.028016,-1.586686,6.369249,0.530556,-1.035077,-0.238287,-0.067836,0.433614,0.433614,-0.427525,-0.427525,0.364096,0.511412,-0.315540,-0.489636,0.235131,-0.235131,0.235131,-0.235131,0.268082,-0.270508,0.151223,-0.253179,0.409484,0.161107
7.422000,-0.602204,6.481149,0.593700,0.000000,0.000000,0.000000,3.621397,0.000000,-1.560139,6.286247,0.518330,-0.370921,-0.187732,-0.052016,-1.599149,6.366942,0.529462,-1.046212,-0.189495,-0.060433,0.435015,0.435015,-0.428926,-0.428926,0.360655,0.518869,-0.305032,-0.497380,0.235120,-0.235120,0.235120,-0.235120,0.269940,-0.271984,0.150508,-0.249148,0.393521,0.160529
7.434000,-0.602204,6.481149,0.593700,0.000000,0.000000,0.000000,3.622185,0.000000,-1.564393,6.284086,0.517606,-0.339485,-0.173013,-0.060728,-1.611417,6.364306,0.528878,-1.031455,-0.191747,-0.036682,0.436351,0.436351,-0.430262,-0.430262,0.357308,0.521143,-0.300903,-0.505150,0.235110,-0.235110,0.235110,-0.235110,0.271612,-0.270695,0.148597,-0.245431,0.389204,0.161042
7.446000,-0.602204,6.481149,0.593700,0.000000,0.000000,0.000000,3.622911,0.000000,-1.568282,6.282097,0.516867,-0.307978,-0.158053,-0.070889,-1.623488,6.361698,0.528446,-0.996073,-0.195882,-0.001406,0.437619,0.437619,-0.431529,-0.431529,0.353710,0.518376,-0.300836,-0.512636,0.235100,-0.235100,0.235100,-0.235100,0.274254,-0.268446,0.151064,-0.240501,0.388574,0.162122
7.456000,-0.602204,6.481149,0.593700,0.000000,0.000000,0.000000,3.623474,0.000000,-1.571259,6.280566,0.516230,-0.289037,-0.149091,-0.059982,-1.633114,6.360048,0.528745,-0.925141,-0.181807,0.071726,0.438603,0.438603,-0.432514,-0.432514,0.351275,0.514480,-0.303767,-0.517497,0.235093,-0.235093,0.235093,-0.235093,0.278472,-0.264553,0.156355,-0.234950,0.392443,0.165070
7.468000,-0.602204,6.481149,0.593700,0.000000,0.000000,0.000000,3.624080,0.000000,-1.574632,6.278821,0.515384,-0.271779,-0.140878,-0.082319,-1.643983,6.357893,0.529697,-0.869564,-0.190346,0.096673,0.439575,0.439575,-0.433485,-0.433485,0.348896,0.507837,-0.310224,-0.522673,0.235083,-0.235083,0.235083,-0.235083,0.282291,-0.261004,0.161239,-0.229742,0.400130,0.168300
7.480000,-0.602204,6.481149,0.593700,0.000000,0.000000,0.000000,3.624617,0.000000,-1.577708,6.277224,0.514252,-0.238221,-0.124024,-0.106319,-1.654513,6.355531,0.530911,-0.860857,-0.219769,0.098633,0.440321,0.440321,-0.434231,-0.434231,0.347188,0.499662,-0.318792,-0.527825,0.235075,-0.235075,0.235075,-0.235075,0.285332,-0.258228,0.165374,-0.225243,0.409546,0.171224
7.492000,-0.602204,6.481149,0.593700,0.000000,0.000000,0.000000,3.625089,0.000000,-1.580314,6.275864,0.512833,-0.195855,-0.102380,-0.130319,-1.664537,6.353222,0.532133,-0.860761,-0.244898,0.096100,0.440999,0.440999,-0.434910,-0.434910,0.345417,0.490199,-0.329524,-0.533603,0.235066,-0.235066,0.235066,-0.235066,0.287652,-0.256132,0.168618,-0.221707,0.420741,0.173713
7.504000,-0.602204,6.481149,0.593700,0.000000,0.000000,0.000000,3.625499,0.000000,-1.582408,6.274768,0.511125,-0.153217,-0.080333,-0.154319,-1.673421,6.351294,0.533335,-0.805227,-0.236823,0.082987,0.441643,0.441643,-0.435554,-0.435554,0.342884,0.479977,-0.342005,-0.540168,0.235058,-0.235058,0.235058,-0.235058,0.289380,-0.254516,0.170916,-0.219208,0.433476,0.171472
7.516000,-0.602204,6.481149,0.593700,0.000000,0.000000,0.000000,3.625852,0.000000,-1.583991,6.273937,0.509129,-0.110676,-0.058100,-0.178319,-1.681476,6.349143,0.534263,-0.720910,-0.227127,0.042692,0.442235,0.442235,-0.436145,-0.436145,0.341038,0.469947,-0.355752,-0.543897,0.235050,-0.235050,0.235050,-0.235050,0.290471,-0.252892,0.172464,-0.217906,0.446906,0.170039
7.528000,-0.602204,6.481149,0.593700,0.000000,0.000000,0.000000,3.626156,0.000000,-1.585064,6.273374,0.506845,-0.068179,-0.035783,-0.202319,-1.689180,6.346854,0.534627,-0.643084,-0.214098,0.007776,0.442758,0.442758,-0.436668,-0.436668,0.339858,0.460278,-0.370069,-0.544770,0.235042,-0.235042,0.235042,-0.235042,0.290739,-0.250974,0.174077,-0.217671,0.445977,0.169414
7.540000,-0.602204,6.481149,0.593700,0.000000,0.000000,0.000000,3.626415,0.000000,-1.585659,6.273062,0.504273,-0.034483,-0.018095,-0.226319,-1.696258,6.344509,0.534623,-0.562843,-0.202353,-0.025271,0.443177,0.443177,-0.437088,-0.437088,0.340092,0.451092,-0.384605,-0.542924,0.235035,-0.235035,0.235035,-0.235035,0.290160,-0.249239,0.175955,-0.217627,0.444127,0.169748
7.552000,-0.602204,6.481149,0.593700,0.000000,0.000000,0.000000,3.626632,0.000000,-1.585921,6.272924,0.501413,-0.010993,-0.005769,-0.250319,-1.702540,6.342315,0.534148,-0.472762,-0.183190,-0.051809,0.443335,0.443335,-0.437246,-0.437246,0.343183,0.442570,-0.397982,-0.536926,0.235028,-0.235028,0.235028,-0.235028,0.288728,-0.247997,0.178218,-0.217862,0.446262,0.171095
7.564000,-0.602204,6.481149,0.593700,0.000000,0.000000,0.000000,3.626812,0.000000,-1.585993,6.272886,0.498266,-0.002743,-0.001439,-0.274319,-1.707820,6.340237,0.533511,-0.381915,-0.168912,-0.060909,0.443205,0.443205,-0.437116,-0.437116,0.349910,0.434992,-0.409620,-0.525319,0.235021,-0.235021,0.235021,-0.235021,0.286713,-0.247312,0.180235,-0.219201,0.453386,0.173852
7.576000,-0.602204,6.481149,0.593700,0.000000,0.000000,0.000000,3.626958,0.000000,-1.586011,6.272877,0.494830,-0.000682,-0.000358,-0.298319,-1.712103,6.338304,0.532699,-0.297747,-0.155311,-0.068427,0.442788,0.442788,-0.436698,-0.436698,0.360105,0.428454,-0.418839,-0.508228,0.235015,-0.235015,0.235015,-0.235015,0.284491,-0.247003,0.181990,-0.221239,0.465353,0.177953
7.588000,-0.602204,6.481149,0.593700,0.000000,0.000000,0.000000,3.627073,0.000000,-1.586015,6.272875,0.491106,-0.000170,-0.000089,-0.322319,-1.715512,6.336427,0.531883,-0.235183,-0.153129,-0.066025,0.442082,0.442082,-0.435992,-0.435992,0.372191,0.422867,-0.425626,-0.487780,0.235008,-0.235008,0.235008,-0.235008,0.282239,-0.246934,0.183444,-0.223215,0.480122,0.182987
7.600000,-0.602204,6.481149,0.593700,0.000000,0.000000,0.000000,3.627165,0.000000,-1.586016,6.272874,0.487094,-0.000042,-0.000022,-0.346319,-1.718334,6.334573,0.531131,-0.194914,-0.154662,-0.061591,0.441095,0.441095,-0.435006,-0.435006,0.384155,0.418000,-0.430693,-0.466696,0.235002,-0.235002,0.235002,-0.235002,0.280133,-0.247044,0.184621,-0.224386,0.494584,0.188087
7.612000,-0.602204,6.481149,0.593700,0.000000,0.000000,0.000000,3.627244,0.000000,-1.586017,6.272874,0.482795,-0.000011,-0.000006,-0.369504,-1.720737,6.332677,0.530435,-0.165565,-0.159179,-0.060304,0.439903,0.439903,-0.433814,-0.433814,0.394825,0.413667,-0.434440,-0.446607,0.234996,-0.234996,0.234996,-0.234996,0.278184,-0.247456,0.185402,-0.224557,0.506118,0.192456
7.624000,-0.602204,6.481149,0.593700,0.000000,0.000000,0.000000,3.627307,0.000000,-1.586017,6.272874,0.478277,-0.000003,-0.000001,-0.381486,-1.722796,6.330722,0.529743,-0.140772,-0.165052,-0.064020,0.438623,0.438623,-0.432533,-0.432533,0.403698,0.409839,-0.437081,-0.428267,0.234990,-0.234990,0.234990,-0.234990,0.276496,-0.248145,0.185758,-0.223775,0.513091,0.195373
7.636000,-0.602204,6.481149,0.593700,0.000000,0.000000,0.000000,3.627342,0.000000,-1.586017,6.272874,0.473685,-0.000001,-0.000000,-0.382552,-1.724527,6.328684,0.529030,-0.117878,-0.172065,-0.068162,0.437334,0.437334,-0.431245,-0.431245,0.410571,0.406516,-0.438844,-0.412227,0.234985,-0.234985,0.234985,-0.234985,0.275141,-0.248973,0.185791,-0.221908,0.514831,0.195435
7.648000,-0.602204,6.481149,0.593700,0.000000,0.000000,0.000000,3.627352,0.000000,-1.586017,6.272874,0.469119,-0.000000,-0.000000,-0.377882,-1.725975,6.326601,0.528248,-0.096519,-0.176967,-0.077572,0.436076,0.436076,-0.429987,-0.429987,0.415471,0.403663,-0.439987,-0.398877,0.234979,-0.234979,0.234979,-0.234979,0.274043,-0.249924,0.185475,-0.218865,0.511633,0.192943
7.660000,-0.602204,6.481149,0.593700,0.000000,0.000000,0.000000,3.627352,0.000000,-1.586017,6.272874,0.464626,-0.000000,-0.000000,-0.370506,-1.727146,6.324486,0.527301,-0.074669,-0.179975,-0.095863,0.434862,0.434862,-0.428773,-0.428773,0.418681,0.401248,-0.440720,-0.388366,0.234974,-0.234974,0.234974,-0.234974,0.272978,-0.251105,0.184718,-0.214841,0.504753,0.189422
7.672000,-0.602204,6.481149,0.593700,0.000000,0.000000,0.000000,3.627352,0.000000,-1.586017,6.272874,0.460233,-0.000000,-0.000000,-0.361598,-1.728034,6.322355,0.526068,-0.051659,-0.181507,-0.124324,0.433693,0.433693,-0.427604,-0.427604,0.420515,0.399256,-0.441182,-0.380694,0.234969,-0.234969,0.234969,-0.234969,0.271909,-0.252604,0.183478,-0.210276,0.495935,0.185349
7.684000,-0.602204,6.481149,0.593700,0.000000,0.000000,0.000000,3.627352,0.000000,-1.586017,6.272874,0.455943,-0.000000,-0.000000,-0.353898,-1.728630,6.320219,0.524401,-0.027810,-0.182673,-0.164578,0.432567,0.432567,-0.426478,-0.426478,0.421127,0.397670,-0.441503,-0.375846,0.234965,-0.234965,0.234965,-0.234965,0.270971,-0.254504,0.181736,-0.205760,0.486879,0.181324
7.696000,-0.602204,6.481149,0.593700,0.000000,0.000000,0.000000,3.627352,0.000000,-1.586017,6.272874,0.451718,-0.000000,-0.000000,-0.351823,-1.728872,6.318017,0.522241,0.002500,-0.188147,-0.201492,0.431482,0.431482,-0.425393,-0.425393,0.420628,0.396479,-0.441940,-0.373603,0.234960,-0.234960,0.234960,-0.234960,0.270582,-0.256731,0.179617,-0.201751,0.477804,0.177339
7.706000,-0.602204,6.481149,0.593700,0.000000,0.000000,0.000000,3.627352,0.000000,-1.586017,6.272874,0.450000,-0.000000,-0.000000,-0.362323,-1.728749,6.316163,0.520119,0.032765,-0.192084,-0.227761,0.430607,0.430607,-0.424518,-0.424518,0.419626,0.395824,-0.442332,-0.373343,0.234956,-0.234956,0.234956,-0.234956,0.271086,-0.258640,0.177727,-0.198650,0.469331,0.174784
7.718000,-0.602204,6.481149,0.593700,0.000000,0.000000,0.000000,3.627352,0.000000,-1.586017,6.272874,0.450000,-0.000000,-0.000000,-0.386323,-1.727944,6.313576,0.517214,0.081978,-0.217552,-0.228802,0.429592,0.429592,-0.423502,-0.423502,0.418530,0.395491,-0.442760,-0.373158,0.234952,-0.234952,0.234952,-0.234952,0.272118,-0.260255,0.175922,-0.198250,0.467739,0.173228
7.730000,-0.602204,6.481149,0.593700,0.000000,0.000000,0.000000,3.627352,0.000000,-1.586017,6.272874,0.450000,-0.000000,-0.000000,-0.408500,-1.726828,6.311079,0.514519,0.111515,-0.222061,-0.204012,0.428611,0.428611,-0.422522,-0.422522,0.416939,0.395383,-0.442818,-0.375453,0.234948,-0.234948,0.234948,-0.234948,0.273181,-0.261608,0.174523,-0.199662,0.472082,0.172765
7.742000,-0.602204,6.481149,0.593700,0.000000,0.000000,0.000000,3.627352,0.000000,-1.586017,6.272874,0.450000,-0.000000,-0.000000,-0.417263,-1.725378,6.308376,0.512112,0.136772,-0.227859,-0.188660,0.427665,0.427665,-0.421576,-0.421576,0.413618,0.395394,-0.442486,-0.380655,0.234944,-0.234944,0.234944,-0.234944,0.272159,-0.262603,0.173401,-0.200790,0.473713,0.170908
7.754000,-0.602204,6.481149,0.593700,0.000000,0.000000,0.000000,3.627352,0.000000,-1.586017,6.272874,0.450000,-0.000000,-0.000000,-0.441263,-1.723871,6.306285,0.509932,0.181741,-0.191828,-0.178216,0.426752,0.426752,-0.420663,-0.420663,0.410241,0.395571,-0.441593,-0.385288,0.234940,-0.234940,0.234940,-0.234940,0.268196,-0.266466,0.169313,-0.204972,0.473795,0.170222
7.766000,-0.602204,6.481149,0.593700,0.000000,0.000000,0.000000,3.627352,0.000000,-1.586017,6.272874,0.450000,-0.000000,-0.000000,-0.461940,-1.721371,6.304099,0.507766,0.240420,-0.167669,-0.178615,0.425871,0.425871,-0.419781,-0.419781,0.408736,0.396418,-0.439380,-0.386304,0.234936,-0.234936,0.234936,-0.234936,0.263845,-0.270743,0.164912,-0.209452,0.475459,0.167966
7.778000,-0.602204,6.481149,0.593700,0.000000,0.000000,0.000000,3.627352,0.000000,-1.586017,6.272874,0.450000,-0.000000,-0.000000,-0.476202,-1.718232,6.302180,0.505609,0.286203,-0.147268,-0.181079,0.425020,0.425020,-0.418931,-0.418931,0.408720,0.397660,-0.436446,-0.385549,0.234932,-0.234932,0.234932,-0.234932,0.259884,-0.274649,0.160768,-0.213635,0.478327,0.165625
7.790000,-0.602204,6.481149,0.593700,0.000000,0.000000,0.000000,3.627352,0.000000,-1.586017,6.272874,0.450000,-0.000000,-0.000000,-0.474096,-1.714444,6.300553,0.503463,0.328092,-0.126744,-0.179582,0.424200,0.424200,-0.418110,-0.418110,0.410017,0.399289,-0.433295,-0.384137,0.234929,-0.234929,0.234929,-0.234929,0.256243,-0.278250,0.156651,-0.217774,0.482251,0.163185
7.802000,-0.602204,6.481149,0.593700,0.000000,0.000000,0.000000,3.627352,0.000000,-1.586017,6.272874,0.450000,-0.000000,-0.000000,-0.452756,-1.709962,6.299031,0.501373,0.366084,-0.116716,-0.172868,0.423408,0.423408,-0.417318,-0.417318,0.412428,0.401572,-0.430061,-0.382775,0.234925,-0.234925,0.234925,-0.234925,0.252837,-0.281625,0.152546,-0.221876,0.487247,0.160325
7.814000,-0.602204,6.481149,0.593700,0.000000,0.000000,0.000000,3.627352,0.000000,-1.586017,6.272874,0.450000,-0.000000,-0.000000,-0.428756,-1.705393,6.298009,0.499375,0.375220,-0.091010,-0.175840,0.422644,0.422644,-0.416554,-0.416554,0.415572,0.403710,-0.427421,-0.381639,0.234922,-0.234922,0.234922,-0.234922,0.250155,-0.284265,0.149263,-0.225202,0.487654,0.158066
7.826000,-0.602204,6.481149,0.593700,0.000000,0.000000,0.000000,3.627352,0.000000,-1.586017,6.272874,0.450000,-0.000000,-0.000000,-0.404756,-1.700780,6.297080,0.497156,0.382434,-0.070835,-0.191330,0.421906,0.421906,-0.415817,-0.415817,0.418983,0.405502,-0.425494,-0.380547,0.234919,-0.234919,0.234919,-0.234919,0.247363,-0.286175,0.146648,-0.228485,0.488587,0.156053
7.838000,-0.602204,6.481149,0.593700,0.000000,0.000000,0.000000,3.627352,0.000000,-1.586017,6.272874,0.450000,-0.000000,0.000000,-0.380756,-1.696144,6.296345,0.494747,0.387179,-0.057276,-0.205825,0.421194,0.421194,-0.415105,-0.415105,0.422553,0.407338,-0.423595,-0.379318,0.234916,-0.234916,0.234916,-0.234916,0.244263,-0.285885,0.146829,-0.231884,0.490275,0.155610
7.850000,-0.602204,6.481149,0.593700,0.000000,0.000000,0.000000,3.627352,0.000000,-1.586017,6.272874,0.450000,0.000000,-0.000000,-0.356756,-1.691457,6.295704,0.492210,0.389228,-0.051938,-0.210666,0.420507,0.420507,-0.414418,-0.414418,0.426167,0.409060,-0.421552,-0.377948,0.234913,-0.234913,0.234913,-0.234913,0.241063,-0.283641,0.149543,-0.235281,0.493669,0.156930
7.862000,-0.602204,6.481149,0.593700,0.000000,0.000000,0.000000,3.627352,0.000000,-1.586017,6.272874,0.450000,0.000000,-0.000000,-0.332756,-1.686744,6.295093,0.489623,0.390635,-0.051617,-0.205922,0.419844,0.419844,-0.413755,-0.413755,0.429674,0.410080,-0.419683,-0.376498,0.234910,-0.234910,0.234910,-0.234910,0.237925,-0.279440,0.154787,-0.238539,0.499934,0.160148
7.874000,-0.602204,6.481149,0.593700,0.000000,0.000000,0.000000,3.627352,0.000000,-1.586017,6.272874,0.450000,0.000000,0.000000,-0.308756,-1.682032,6.294475,0.487178,0.390874,-0.054647,-0.187530,0.419205,0.419205,-0.413115,-0.413115,0.432943,0.409779,-0.418480,-0.374891,0.234907,-0.234907,0.234907,-0.234907,0.234912,-0.273070,0.162804,-0.241617,0.509419,0.165419
7.886000,-0.602204,6.481149,0.593700,0.000000,0.000000,0.000000,3.627352,0.000000,-1.586017,6.272874,0.450000,0.000000,-0.000000,-0.284756,-1.677335,6.293829,0.484990,0.390456,-0.059491,-0.162062,0.418587,0.418587,-0.412498,-0.412498,0.435888,0.407767,-0.418333,-0.373324,0.234905,-0.234905,0.234905,-0.234905,0.231968,-0.264349,0.173814,-0.244614,0.521524,0.172732
7.898000,-0.602204,6.481149,0.593700,0.000000,0.000000,0.000000,3.627352,0.000000,-1.586017,6.272874,0.450000,0.000000,-0.000000,-0.260756,-1.672649,6.293148,0.483173,0.391668,-0.063865,-0.132068,0.417992,0.417992,-0.411902,-0.411902,0.438503,0.404174,-0.419154,-0.371980,0.234902,-0.234902,0.234902,-0.234902,0.228976,-0.253347,0.187847,-0.247706,0.534299,0.181762
7.910000,-0.602204,6.481149,0.593700,0.000000,0.000000,0.000000,3.627352,0.000000,-1.586017,6.272874,0.450000,0.000000,-0.000000,-0.236756,-1.667953,6.292437,0.481752,0.394297,-0.067120,-0.103225,0.417417,0.417417,-0.411327,-0.411327,0.440897,0.399533,-0.420462,-0.370773,0.234900,-0.234900,0.234900,-0.234900,0.225778,-0.240514,0.204574,-0.251088,0.544995,0.191842
7.922000,-0.602204,6.481149,0.593700,0.000000,0.000000,0.000000,3.627352,0.000000,-1.586017,6.272874,0.450000,-0.000000,0.000000,-0.212756,-1.663253,6.291685,0.480674,0.394208,-0.070980,-0.080400,0.416862,0.416862,-0.410772,-0.410772,0.443157,0.394264,-0.421950,-0.369548,0.234897,-0.234897,0.234897,-0.234897,0.222235,-0.226600,0.223188,-0.254898,0.551294,0.201995
7.934000,-0.602204,6.481149,0.593700,0.000000,0.000000,0.000000,3.627352,0.000000,-1.586017,6.272874,0.450000,-0.000000,0.000000,-0.188756,-1.658585,6.290862,0.479858,0.390090,-0.076299,-0.064151,0.416326,0.416326,-0.410237,-0.410237,0.445194,0.388597,-0.423561,-0.368202,0.234895,-0.234895,0.234895,-0.234895,0.218290,-0.212475,0.242426,-0.259159,0.552039,0.211010
7.946000,-0.602204,6.481149,0.593700,0.000000,0.000000,0.000000,3.627352,0.000000,-1.586017,6.272874,0.450000,0.000000,0.000000,-0.164756,-1.653964,6.289945,0.479158,0.384832,-0.082852,-0.058618,0.415810,0.415810,-0.409720,-0.409720,0.446981,0.382868,-0.425114,-0.366615,0.234893,-0.234893,0.234893,-0.234893,0.214015,-0.198997,0.260868,-0.263755,0.547287,0.217457
7.956000,-0.602204,6.481149,0.593700,0.000000,0.000000,0.000000,3.627352,0.000000,-1.586017,6.272874,0.450000,0.000000,-0.000000,-0.144756,-1.650136,6.289093,0.478624,0.381893,-0.089583,-0.059139,0.415393,0.415393,-0.409304,-0.409304,0.448299,0.378309,-0.426223,-0.365190,0.234891,-0.234891,0.234891,-0.234891,0.210338,-0.188779,0.274760,-0.267702,0.539974,0.211697
7.968000,-0.602204,6.481149,0.593700,0.000000,0.000000,0.000000,3.627352,0.000000,-1.586017,6.272874,0.450000,0.000000,-0.000000,-0.120756,-1.645529,6.287972,0.477963,0.382724,-0.098719,-0.064220,0.414909,0.414909,-0.408819,-0.408819,0.449859,0.373520,-0.427025,-0.363414,0.234889,-0.234889,0.234889,-0.234889,0.205945,-0.178259,0.289066,-0.272433,0.528635,0.204351
7.980000,-0.602204,6.481149,0.593700,0.000000,0.000000,0.000000,3.627352,0.000000,-1.586017,6.272874,0.450000,0.000000,-0.000000,-0.096756,-1.640854,6.286731,0.477215,0.389145,-0.109902,-0.074697,0.414442,0.414442,-0.408352,-0.408352,0.451407,0.369763,-0.427156,-0.361658,0.234887,-0.234887,0.234887,-0.234887,0.201687,-0.169976,0.300574,-0.277059,0.516393,0.197560
7.992000,-0.602204,6.481149,0.593700,0.000000,0.000000,0.000000,3.627352,0.000000,-1.586017,6.272874,0.450000,0.000000,-0.000000,-0.072756,-1.636040,6.285366,0.476320,0.402739,-0.122199,-0.087781,0.413991,0.413991,-0.407901,-0.407901,0.452931,0.367416,-0.426411,-0.360005,0.234885,-0.234885,0.234885,-0.234885,0.197621,-0.164000,0.309379,-0.281543,0.504890,0.192202
8.002000,-0.602204,6.481149,0.593700,0.000000,0.000000,0.000000,3.627352,0.000000,-1.586017,6.272874,0.450000,-0.000000,-0.000000,-0.052756,-1.631861,6.284133,0.475441,0.419693,-0.133023,-0.099504,0.413627,0.413627,-0.407538,-0.407538,0.454160,0.366822,-0.424939,-0.358728,0.234884,-0.234884,0.234884,-0.234884,0.194363,-0.160648,0.314813,-0.285195,0.496569,0.189240
8.014000,-0.602204,6.481149,0.593700,0.000000,0.000000,0.000000,3.627352,0.000000,-1.586017,6.272874,0.450000,-0.000000,-0.000000,-0.042957,-1.626583,6.282536,0.474216,0.449060,-0.147732,-0.113713,0.413205,0.413205,-0.407115,-0.407115,0.455477,0.367923,-0.422059,-0.357337,0.234882,-0.234882,0.234882,-0.234882,0.190537,-0.158262,0.319303,-0.289531,0.488407,0.187661
8.024000,-0.602204,6.481149,0.593700,0.000000,0.000000,0.000000,3.627352,0.000000,-1.586017,6.272874,0.450000,-0.000000,0.000000,-0.036604,-1.621922,6.280957,0.473021,0.462594,-0.155234,-0.096169,0.412864,0.412864,-0.406775,-0.406775,0.456240,0.370979,-0.417641,-0.355977,0.234880,-0.234880,0.234880,-0.234880,0.187651,-0.160281,0.316770,-0.292812,0.486494,0.190514
8.036000,-0.602204,6.481149,0.593700,0.000000,0.000000,0.000000,3.627352,0.000000,-1.586017,6.272874,0.450000,-0.000000,-0.000000,-0.012604,-1.616204,6.279143,0.471830,0.474382,-0.158210,-0.081867,0.412468,0.412468,-0.406379,-0.406379,0.457153,0.375385,-0.413176,-0.354352,0.234879,-0.234879,0.234879,-0.234879,0.184548,-0.163420,0.313480,-0.296424,0.484236,0.195538
8.048000,-0.602204,6.481149,0.593700,0.000000,0.000000,0.000000,3.627352,0.000000,-1.586017,6.272874,0.450032,-0.000000,-0.000000,0.011396,-1.610665,6.277545,0.470948,0.459602,-0.139184,-0.054833,0.412087,0.412087,-0.405997,-0.405997,0.458019,0.379617,-0.409447,-0.353152,0.234877,-0.234877,0.234877,-0.234877,0.180470,-0.167553,0.308871,-0.300915,0.483076,0.199568
8.060000,-0.602204,6.481149,0.593700,0.000000,0.000000,0.000000,3.627352,0.000000,-1.586017,6.272874,0.450294,-0.000000,0.000000,0.023832,-1.605519,6.275791,0.470391,0.407100,-0.122112,-0.030691,0.411718,0.411718,-0.405629,-0.405629,0.459281,0.383441,-0.405325,-0.351519,0.234875,-0.234875,0.234875,-0.234875,0.175564,-0.172559,0.303638,-0.306105,0.481272,0.203298
8.072000,-0.602204,6.481149,0.593700,0.000000,0.000000,0.000000,3.627352,0.000000,-1.586017,6.272874,0.450436,-0.000000,0.000000,-0.000168,-1.600900,6.274274,0.470037,0.358987,-0.107134,-0.031118,0.411362,0.411362,-0.405273,-0.405273,0.461217,0.387206,-0.400750,-0.349634,0.234874,-0.234874,0.234874,-0.234874,0.171785,-0.176396,0.299450,-0.310296,0.478130,0.200274
8.084000,-0.602204,6.481149,0.593700,0.000000,0.000000,0.000000,3.627352,0.000000,-1.586017,6.272874,0.450290,-0.000000,0.000000,-0.024168,-1.596899,6.272832,0.469661,0.315942,-0.094104,-0.035772,0.411019,0.411019,-0.404930,-0.404930,0.463407,0.390882,-0.396128,-0.347813,0.234872,-0.234872,0.234872,-0.234872,0.168573,-0.179640,0.295901,-0.313834,0.474901,0.197695
8.096000,-0.602204,6.481149,0.593700,0.000000,0.000000,0.000000,3.627352,0.000000,-1.586017,6.272874,0.450000,-0.000000,0.000000,-0.048168,-1.593862,6.271136,0.469257,0.253438,-0.097745,-0.037741,0.410688,0.410688,-0.404599,-0.404599,0.465637,0.394393,-0.391936,-0.345908,0.234871,-0.234871,0.234871,-0.234871,0.165790,-0.182445,0.292917,-0.316807,0.471869,0.195445
8.108000,-0.602204,6.481149,0.593700,0.000000,0.000000,0.000000,3.627352,0.000000,-1.586017,6.272874,0.450000,-0.000000,0.000000,-0.072168,-1.591550,6.269402,0.468819,0.183640,-0.104211,-0.043259,0.410368,0.410368,-0.404279,-0.404279,0.467581,0.397600,-0.388563,-0.344223,0.234870,-0.234870,0.234870,-0.234870,0.163481,-0.184767,0.290500,-0.319215,0.469359,0.193513
8.120000,-0.602204,6.481149,0.593700,0.000000,0.000000,0.000000,3.627352,0.000000,-1.586017,6.272874,0.450000,0.000000,-0.000000,-0.096168,-1.589833,6.267939,0.468145,0.118143,-0.100705,-0.066158,0.410060,0.410060,-0.403971,-0.403971,0.468496,0.400556,-0.386425,-0.343423,0.234868,-0.234868,0.234868,-0.234868,0.161800,-0.186731,0.288420,-0.320878,0.468517,0.192239
8.132000,-0.602204,6.481149,0.593700,0.000000,0.000000,0.000000,3.627352,0.000000,-1.586017,6.272874,0.450000,0.000000,-0.000000,-0.120168,-1.588618,6.266686,0.467251,0.072973,-0.092019,-0.083353,0.409762,0.409762,-0.403673,-0.403673,0.468431,0.403163,-0.385433,-0.343388,0.234867,-0.234867,0.234867,-0.234867,0.161408,-0.188663,0.286397,-0.320829,0.469615,0.192066
8.144000,-0.602204,6.481149,0.593700,0.000000,0.000000,0.000000,3.627352,0.000000,-1.586017,6.272874,0.450000,0.000000,-0.000000,-0.144168,-1.587807,6.265587,0.466096,0.040162,-0.081287,-0.097272,0.409475,0.409475,-0.403386,-0.403386,0.467472,0.405092,-0.385231,-0.343933,0.234866,-0.234866,0.234866,-0.234866,0.162352,-0.190443,0.284537,-0.319342,0.473344,0.193349
8.156000,-0.602204,6.481149,0.593700,0.000000,0.000000,0.000000,3.627352,0.000000,-1.586017,6.272874,0.450000,-0.000000,0.000000,-0.168168,-1.587306,6.264648,0.464854,0.019117,-0.067453,-0.096023,0.409198,0.409198,-0.403108,-0.403108,0.465667,0.406093,-0.385568,-0.345044,0.234865,-0.234865,0.234865,-0.234865,0.164624,-0.191957,0.282981,-0.316395,0.480121,0.196239
8.168000,-0.602204,6.481149,0.593700,0.000000,0.000000,0.000000,3.627352,0.000000,-1.586017,6.272874,0.450000,0.000000,-0.000000,-0.190394,-1.587011,6.263894,0.463677,0.008679,-0.051514,-0.084494,0.408930,0.408930,-0.402841,-0.402841,0.463174,0.406493,-0.386195,-0.346613,0.234864,-0.234864,0.234864,-0.234864,0.168211,-0.193164,0.281788,-0.311934,0.490021,0.200766
8.180000,-0.602204,6.481149,0.593700,0.000000,0.000000,0.000000,3.627352,0.000000,-1.586017,6.272874,0.450000,0.000000,-0.000000,-0.193184,-1.586839,6.263326,0.462692,0.003933,-0.036614,-0.065698,0.408672,0.408672,-0.402583,-0.402583,0.460113,0.406577,-0.386903,-0.348611,0.234862,-0.234862,0.234862,-0.234862,0.173030,-0.194067,0.280940,-0.306019,0.502667,0.206698
8.192000,-0.602204,6.481149,0.593700,0.000000,0.000000,0.000000,3.627352,0.000000,-1.586017,6.272874,0.450000,0.000000,-0.000000,-0.173022,-1.586748,6.262919,0.461967,0.000798,-0.025123,-0.044317,0.408423,0.408423,-0.402334,-0.402334,0.456472,0.406541,-0.387619,-0.351207,0.234861,-0.234861,0.234861,-0.234861,0.178885,-0.194700,0.280370,-0.298819,0.517205,0.213484
8.204000,-0.602204,6.481149,0.593700,0.000000,0.000000,0.000000,3.627352,0.000000,-1.586017,6.272874,0.450000,0.000000,-0.000000,-0.149022,-1.586724,6.262631,0.461515,-0.002148,-0.017465,-0.023573,0.408182,0.408182,-0.402093,-0.402093,0.452180,0.406485,-0.388363,-0.354636,0.234860,-0.234860,0.234860,-0.234860,0.185507,-0.195133,0.280001,-0.290574,0.532193,0.220337
8.216000,-0.602204,6.481149,0.593700,0.000000,0.000000,0.000000,3.627352,0.000000,-1.586017,6.272874,0.450000,-0.000000,-0.000000,-0.125022,-1.586754,6.262426,0.461332,-0.004289,-0.012802,-0.005466,0.407950,0.407950,-0.401861,-0.401861,0.447221,0.406460,-0.389173,-0.358958,0.234859,-0.234859,0.234859,-0.234859,0.192667,-0.195444,0.279737,-0.281600,0.545677,0.226422
8.226000,-0.602204,6.481149,0.593700,0.000000,0.000000,0.000000,3.627352,0.000000,-1.586017,6.272874,0.450000,-0.000000,-0.000000,-0.105022,-1.586805,6.262297,0.461350,-0.005004,-0.010327,0.005909,0.407763,0.407763,-0.401674,-0.401674,0.442618,0.406491,-0.389890,-0.363141,0.234859,-0.234859,0.234859,-0.234859,0.198905,-0.195665,0.279532,-0.273804,0.554299,0.230408
8.238000,-0.602204,6.481149,0.593700,0.000000,0.000000,0.000000,3.627352,0.000000,-1.586017,6.272874,0.450000,-0.000000,0.000000,-0.081022,-1.586875,6.262179,0.461513,-0.004266,-0.008093,0.013888,0.407546,0.407546,-0.401457,-0.401457,0.436573,0.406609,-0.390757,-0.368651,0.234858,-0.234858,0.234858,-0.234858,0.206537,-0.195948,0.279241,-0.264391,0.560184,0.227559
8.250000,-0.602204,6.481149,0.593700,0.000000,0.000000,0.000000,3.627352,0.000000,-1.586017,6.272874,0.450000,0.000000,-0.000000,-0.057022,-1.586931,6.262090,0.461747,-0.002133,-0.006085,0.015470,0.407336,0.407336,-0.401247,-0.401247,0.429962,0.406809,-0.391493,-0.374449,0.234857,-0.234857,0.234857,-0.234857,0.214110,-0.196304,0.278869,-0.255368,0.560541,0.221169
8.262000,-0.602204,6.481149,0.593700,0.000000,0.000000,0.000000,3.627352,0.000000,-1.586017,6.272874,0.450000,-0.000000,-0.000000,-0.033022,-1.586959,6.262026,0.461974,0.001143,-0.003859,0.011332,0.407134,0.407134,-0.401044,-0.401044,0.422791,0.407064,-0.392078,-0.380322,0.234856,-0.234856,0.234856,-0.234856,0.221289,-0.196757,0.278398,-0.247269,0.555862,0.213620
8.274000,-0.602204,6.481149,0.593700,0.000000,0.000000,0.000000,3.627352,0.000000,-1.586017,6.272874,0.450000,-0.000000,0.000000,-0.009022,-1.586932,6.261989,0.462119,0.006732,-0.000528,0.002166,0.406938,0.406938,-0.400849,-0.400849,0.415379,0.407359,-0.392491,-0.385915,0.234855,-0.234855,0.234855,-0.234855,0.227649,-0.197300,0.277846,-0.240544,0.547562,0.205812
8.286000,-0.602204,6.481149,0.593700,0.000000,0.000000,0.000000,3.627352,0.000000,-1.586017,6.272874,0.450056,-0.000000,-0.000000,0.014978,-1.586814,6.261996,0.462121,0.014480,0.004518,-0.011085,0.406750,0.406750,-0.400660,-0.400660,0.408299,0.407708,-0.392691,-0.390836,0.234854,-0.234854,0.234854,-0.234854,0.232782,-0.197898,0.277261,-0.235513,0.537525,0.198622
8.298000,-0.602204,6.481149,0.593700,0.000000,0.000000,0.000000,3.627352,0.000000,-1.586017,6.272874,0.450380,-0.000000,0.000000,0.038978,-1.586583,6.262069,0.461937,0.022917,0.011550,-0.026431,0.406568,0.406568,-0.400478,-0.400478,0.402119,0.408124,-0.392649,-0.394859,0.234853,-0.234853,0.234853,-0.234853,0.236378,-0.198496,0.276700,-0.232334,0.527662,0.192716
8.310000,-0.602204,6.481149,0.593700,0.000000,0.000000,0.000000,3.627352,0.000000,-1.586017,6.272874,0.450991,-0.000000,0.000000,0.062978,-1.586240,6.262230,0.461551,0.030626,0.020661,-0.041524,0.406392,0.406392,-0.400303,-0.400303,0.397251,0.408598,-0.392373,-0.397927,0.234853,-0.234853,0.234853,-0.234853,0.238277,-0.199031,0.276225,-0.231002,0.519447,0.188475
8.322000,-0.602204,6.481149,0.593700,0.000000,0.000000,0.000000,3.627352,0.000000,-1.586017,6.272874,0.451891,0.000000,-0.000000,0.086978,-1.585757,6.262483,0.460959,0.039572,0.030765,-0.037135,0.406223,0.406223,-0.400133,-0.400133,0.394597,0.409144,-0.391889,-0.399231,0.234852,-0.234852,0.234852,-0.234852,0.238497,-0.199333,0.275952,-0.231066,0.515260,0.186698
8.334000,-0.602204,6.481149,0.593700,0.000000,0.000000,0.000000,3.627352,0.000000,-1.586017,6.272874,0.453079,-0.000000,-0.000000,0.110978,-1.585318,6.262963,0.460564,0.032792,0.044902,-0.016602,0.406059,0.406059,-0.399970,-0.399970,0.393603,0.409728,-0.391280,-0.399980,0.234851,-0.234851,0.234851,-0.234851,0.237083,-0.199587,0.275750,-0.231271,0.515932,0.186633
8.346000,-0.602204,6.481149,0.593700,0.000000,0.000000,0.000000,3.627352,0.000000,-1.586017,6.272874,0.454554,-0.000000,-0.000000,0.134978,-1.584838,6.263364,0.460409,0.037098,0.043373,-0.004037,0.405901,0.405901,-0.399812,-0.399812,0.392928,0.410267,-0.390710,-0.401001,0.234851,-0.234851,0.234851,-0.234851,0.236824,-0.199838,0.275544,-0.231481,0.516568,0.186879
8.358000,-0.602204,6.481149,0.593700,0.000000,0.000000,0.000000,3.627352,0.000000,-1.586017,6.272874,0.456305,-0.000000,0.000000,0.154020,-1.584459,6.263887,0.460378,0.027631,0.045407,0.009290,0.405749,0.405749,-0.399660,-0.399660,0.392961,0.410853,-0.390124,-0.401107,0.234850,-0.234850,0.234850,-0.234850,0.237623,-0.199069,0.276373,-0.230625,0.516462,0.186541
8.370000,-0.602204,6.481149,0.593700,0.000000,0.000000,0.000000,3.627352,0.000000,-1.586017,6.272874,0.458189,0.000000,0.000000,0.158765,-1.584160,6.264430,0.460539,0.020887,0.044213,0.019102,0.405602,0.405602,-0.399513,-0.399513,0.393699,0.411562,-0.389473,-0.400321,0.234849,-0.234849,0.234849,-0.234849,0.238281,-0.198424,0.277102,-0.229891,0.515263,0.186090
8.382000,-0.602204,6.481149,0.593700,0.000000,0.000000,0.000000,3.627352,0.000000,-1.586017,6.272874,0.460098,-0.000000,0.000000,0.159020,-1.583929,6.264957,0.460835,0.017905,0.043579,0.027297,0.405460,0.405460,-0.399371,-0.399371,0.394815,0.412292,-0.388862,-0.399178,0.234849,-0.234849,0.234849,-0.234849,0.238833,-0.197877,0.277725,-0.229271,0.513751,0.185619
8.394000,-0.602204,6.481149,0.593700,0.000000,0.000000,0.000000,3.627352,0.000000,-1.586017,6.272874,0.462001,-0.000000,0.000000,0.158130,-1.583842,6.265415,0.461264,0.012532,0.040964,0.038043,0.405323,0.405323,-0.399234,-0.399234,0.396136,0.413006,-0.388289,-0.397964,0.234848,-0.234848,0.234848,-0.234848,0.239315,-0.197397,0.278266,-0.228736,0.512142,0.185117
8.406000,-0.602204,6.481149,0.593700,0.000000,0.000000,0.000000,3.627352,0.000000,-1.586017,6.272874,0.463892,-0.000000,0.000000,0.156954,-1.583882,6.265807,0.461841,0.003930,0.034972,0.041182,0.405191,0.405191,-0.399102,-0.399102,0.397517,0.413684,-0.387745,-0.396843,0.234848,-0.234848,0.234848,-0.234848,0.239741,-0.196973,0.278749,-0.228256,0.510494,0.184588
8.418000,-0.602204,6.481149,0.593700,0.000000,0.000000,0.000000,3.627352,0.000000,-1.586017,6.272874,0.465768,0.000000,-0.000000,0.155711,-1.583923,6.266148,0.462282,-0.002312,0.027644,0.024106,0.405064,0.405064,-0.398974,-0.398974,0.398861,0.414251,-0.387283,-0.395874,0.234847,-0.234847,0.234847,-0.234847,0.240158,-0.196571,0.279046,-0.227787,0.509287,0.184258
8.430000,-0.602204,6.481149,0.593700,0.000000,0.000000,0.000000,3.627352,0.000000,-1.586017,6.272874,0.467629,0.000000,-0.000000,0.154459,-1.583959,6.266458,0.462460,-0.005511,0.021974,0.007037,0.404941,0.404941,-0.398851,-0.398851,0.400069,0.414669,-0.386833,-0.395104,0.234847,-0.234847,0.234847,-0.234847,0.240591,-0.196300,0.278932,-0.227289,0.509006,0.184366
8.442000,-0.602204,6.481149,0.593700,0.000000,0.000000,0.000000,3.627352,0.000000,-1.586017,6.272874,0.469475,-0.000000,0.000000,0.153212,-1.584000,6.266724,0.462450,-0.005877,0.017018,-0.002059,0.404822,0.404822,-0.398733,-0.398733,0.401129,0.414871,-0.386420,-0.394525,0.234846,-0.234846,0.234846,-0.234846,0.240976,-0.196420,0.278402,-0.226820,0.510619,0.185373
8.454000,-0.602204,6.481149,0.593700,0.000000,0.000000,0.000000,3.627352,0.000000,-1.586017,6.272874,0.471306,-0.000000,0.000000,0.151974,-1.584039,6.266934,0.462369,-0.004551,0.012295,-0.000503,0.404708,0.404708,-0.398618,-0.398618,0.402055,0.414692,-0.386266,-0.394094,0.234846,-0.234846,0.234846,-0.234846,0.241279,-0.197109,0.277264,-0.226433,0.514882,0.187569
8.466000,-0.602204,6.481149,0.593700,0.000000,0.000000,0.000000,3.627352,0.000000,-1.586017,6.272874,0.473122,0.000000,-0.000000,0.150746,-1.584070,6.267085,0.462325,-0.003211,0.007952,0.010427,0.404597,0.404597,-0.398508,-0.398508,0.402774,0.413974,-0.386612,-0.393767,0.234845,-0.234845,0.234845,-0.234845,0.241489,-0.198464,0.275332,-0.226146,0.522280,0.191035
8.476000,-0.602204,6.481149,0.593700,0.000000,0.000000,0.000000,3.627352,0.000000,-1.586017,6.272874,0.474625,0.000000,-0.000000,0.149730,-1.584087,6.267173,0.462446,-0.001406,0.005841,0.027383,0.404508,0.404508,-0.398418,-0.398418,0.403236,0.412948,-0.387358,-0.393543,0.234845,-0.234845,0.234845,-0.234845,0.241597,-0.200113,0.273049,-0.225977,0.530801,0.194771
8.488000,-0.602204,6.481149,0.593700,0.000000,0.000000,0.000000,3.627352,0.000000,-1.586017,6.272874,0.476414,0.000000,-0.000000,0.148519,-1.584096,6.267250,0.462855,0.000486,0.005084,0.051799,0.404404,0.404404,-0.398315,-0.398315,0.403738,0.411286,-0.388803,-0.393298,0.234844,-0.234844,0.234844,-0.234844,0.241661,-0.202670,0.269525,-0.225837,0.543168,0.199890
8.500000,-0.602204,6.481149,0.593700,0.000000,0.000000,0.000000,3.627352,0.000000,-1.586017,6.272874,0.478189,0.000000,0.000000,0.147319,-1.584100,6.267316,0.463591,0.000693,0.005618,0.076787,0.404304,0.404304,-0.398215,-0.398215,0.404262,0.409243,-0.390857,-0.393060,0.234844,-0.234844,0.234844,-0.234844,0.241672,-0.205783,0.265232,-0.225744,0.556363,0.205057
8.512000,-0.602204,6.481149,0.593700,0.000000,0.000000,0.000000,3.627352,0.000000,-1.586017,6.272874,0.479950,-0.000000,-0.000000,0.146128,-1.584118,6.267381,0.464639,-0.001153,0.006876,0.098775,0.404208,0.404208,-0.398118,-0.398118,0.404839,0.406889,-0.393513,-0.392820,0.234843,-0.234843,0.234843,-0.234843,0.241656,-0.209381,0.260307,-0.225666,0.568204,0.209509
8.524000,-0.602204,6.481149,0.593700,0.000000,0.000000,0.000000,3.627352,0.000000,-1.586017,6.272874,0.481696,-0.000000,-0.000000,0.144947,-1.584167,6.267455,0.465950,-0.004546,0.008607,0.115720,0.404115,0.404115,-0.398025,-0.398025,0.405469,0.404287,-0.396658,-0.392574,0.234843,-0.234843,0.234843,-0.234843,0.241651,-0.213404,0.254919,-0.225566,0.576377,0.212593
8.536000,-0.602204,6.481149,0.593700,0.000000,0.000000,0.000000,3.627352,0.000000,-1.586017,6.272874,0.483429,0.000000,-0.000000,0.143775,-1.584254,6.267546,0.467453,-0.008361,0.010886,0.126546,0.404025,0.404025,-0.397935,-0.397935,0.406133,0.401516,-0.400028,-0.392324,0.234843,-0.234843,0.234843,-0.234843,0.241700,-0.217788,0.249283,-0.225399,0.579112,0.213929
8.548000,-0.602204,6.481149,0.593700,0.000000,0.000000,0.000000,3.627352,0.000000,-1.586017,6.272874,0.485147,-0.000000,-0.000000,0.142613,-1.584373,6.267667,0.469063,-0.011305,0.014026,0.130750,0.403938,0.403938,-0.397849,-0.397849,0.406811,0.398710,-0.403218,-0.392067,0.234842,-0.234842,0.234842,-0.234842,0.241846,-0.222421,0.243668,-0.225129,0.575656,0.213484
8.560000,-0.602204,6.481149,0.593700,0.000000,0.000000,0.000000,3.627352,0.000000,-1.586017,6.272874,0.486851,-0.000000,-0.000000,0.141438,-1.584505,6.267835,0.470692,-0.012560,0.018171,0.128388,0.403854,0.403854,-0.397765,-0.397765,0.407494,0.396071,-0.405793,-0.391783,0.234842,-0.234842,0.234842,-0.234842,0.242118,-0.227099,0.238380,-0.224735,0.566457,0.211530
8.572000,-0.602204,6.481149,0.593700,0.000000,0.000000,0.000000,3.627352,0.000000,-1.586017,6.272874,0.488541,0.000000,0.000000,0.140080,-1.584629,6.268064,0.472259,-0.012003,0.022981,0.120238,0.403774,0.403774,-0.397684,-0.397684,0.408172,0.393823,-0.407444,-0.391448,0.234842,-0.234842,0.234842,-0.234842,0.242525,-0.231558,0.233722,-0.224217,0.553046,0.208546
8.584000,-0.602204,6.481149,0.593700,0.000000,0.000000,0.000000,3.627352,0.000000,-1.586017,6.272874,0.490211,0.000000,-0.000000,0.138154,-1.584729,6.268362,0.473694,-0.009973,0.027828,0.107512,0.403696,0.403696,-0.397606,-0.397606,0.408829,0.392164,-0.408061,-0.391046,0.234841,-0.234841,0.234841,-0.234841,0.243058,-0.235510,0.229951,-0.223592,0.537663,0.205084
8.596000,-0.602204,6.481149,0.593700,0.000000,0.000000,0.000000,3.627352,0.000000,-1.586017,6.272874,0.491856,0.000000,-0.000000,0.136011,-1.584795,6.268725,0.474942,-0.007073,0.032040,0.091570,0.403621,0.403621,-0.397531,-0.397531,0.409442,0.391237,-0.407717,-0.390573,0.234841,-0.234841,0.234841,-0.234841,0.243692,-0.238693,0.227239,-0.222892,0.522668,0.201639
8.608000,-0.602204,6.481149,0.593700,0.000000,0.000000,0.000000,3.627352,0.000000,-1.586017,6.272874,0.493475,0.000000,-0.000000,0.133858,-1.584827,6.269141,0.475966,-0.004143,0.035015,0.074969,0.403548,0.403548,-0.397459,-0.397459,0.409983,0.391126,-0.406564,-0.390126,0.234841,-0.234841,0.234841,-0.234841,0.244386,-0.240933,0.225661,-0.222160,0.509941,0.198569
8.620000,-0.602204,6.481149,0.593700,0.000000,0.000000,0.000000,3.627352,0.000000,-1.586017,6.272874,0.495069,-0.000000,-0.000000,0.131731,-1.584896,6.269725,0.476764,-0.005810,0.053104,0.059958,0.403478,0.403478,-0.397389,-0.397389,0.410449,0.391931,-0.404298,-0.389751,0.234840,-0.234840,0.234840,-0.234840,0.245097,-0.242157,0.225340,-0.221410,0.500288,0.195752
8.632000,-0.602204,6.481149,0.593700,0.000000,0.000000,0.000000,3.627352,0.000000,-1.586017,6.272874,0.496637,-0.000000,-0.000000,0.129637,-1.584873,6.270141,0.477558,-0.005393,0.035904,0.085736,0.403410,0.403410,-0.397321,-0.397321,0.410891,0.394071,-0.400907,-0.389370,0.234840,-0.234840,0.234840,-0.234840,0.245343,-0.241881,0.225452,-0.221159,0.496991,0.195025
8.644000,-0.602204,6.481149,0.593700,0.000000,0.000000,0.000000,3.627352,0.000000,-1.586017,6.272874,0.498180,-0.000000,-0.000000,0.127576,-1.584971,6.270561,0.478592,-0.010945,0.032175,0.097136,0.403345,0.403345,-0.397256,-0.397256,0.411167,0.395880,-0.398685,-0.389100,0.234840,-0.234840,0.234840,-0.234840,0.245814,-0.241415,0.225891,-0.220718,0.494375,0.194166
8.656000,-0.602204,6.481149,0.593700,0.000000,0.000000,0.000000,3.627352,0.000000,-1.586017,6.272874,0.499699,0.000000,-0.000000,0.125547,-1.585100,6.270910,0.479823,-0.009376,0.026559,0.117024,0.403282,0.403282,-0.397193,-0.397193,0.411292,0.397173,-0.397341,-0.388953,0.234839,-0.234839,0.234839,-0.234839,0.246211,-0.241027,0.226216,-0.220378,0.492106,0.193255
8.668000,-0.602204,6.481149,0.593700,0.000000,0.000000,0.000000,3.627352,0.000000,-1.586017,6.272874,0.501193,0.000000,-0.000000,0.123551,-1.585203,6.271218,0.481261,-0.005702,0.023151,0.124811,0.403222,0.403222,-0.397132,-0.397132,0.411335,0.398166,-0.396427,-0.388844,0.234839,-0.234839,0.234839,-0.234839,0.246558,-0.240690,0.226481,-0.220102,0.489944,0.192311
8.680000,-0.602204,6.481149,0.593700,0.000000,0.000000,0.000000,3.627352,0.000000,-1.586017,6.272874,0.502664,-0.000000,0.000000,0.121587,-1.585252,6.271492,0.482779,-0.000354,0.021441,0.126470,0.403163,0.403163,-0.397074,-0.397074,0.411390,0.399051,-0.395694,-0.388633,0.234839,-0.234839,0.234839,-0.234839,0.246859,-0.240399,0.226700,-0.219873,0.487830,0.191431
8.692000,-0.602204,6.481149,0.593700,0.000000,0.000000,0.000000,3.627352,0.000000,-1.586017,6.272874,0.504112,0.000000,-0.000000,0.119654,-1.585316,6.271718,0.484326,0.000864,0.018821,0.129079,0.403106,0.403106,-0.397017,-0.397017,0.411536,0.399891,-0.395035,-0.388249,0.234839,-0.234839,0.234839,-0.234839,0.247132,-0.240134,0.226896,-0.219666,0.485668,0.190600
8.704000,-0.602204,6.481149,0.593700,0.000000,0.000000,0.000000,3.627352,0.000000,-1.586017,6.272874,0.505536,0.000000,-0.000000,0.117751,-1.585398,6.271906,0.485897,-0.000901,0.015425,0.124006,0.403052,0.403052,-0.396962,-0.396962,0.411779,0.400699,-0.394397,-0.387695,0.234838,-0.234838,0.234838,-0.234838,0.247378,-0.239897,0.227071,-0.219481,0.483371,0.189790
8.716000,-0.602204,6.481149,0.593700,0.000000,0.000000,0.000000,3.627352,0.000000,-1.586017,6.272874,0.506938,-0.000000,0.000000,0.115879,-1.585433,6.272067,0.487324,-0.002236,0.011496,0.102214,0.402999,0.402999,-0.396910,-0.396910,0.412115,0.401389,-0.393788,-0.387115,0.234838,-0.234838,0.234838,-0.234838,0.247445,-0.239663,0.227257,-0.219274,0.481591,0.189236
8.726000,-0.602204,6.481149,0.593700,0.000000,0.000000,0.000000,3.627352,0.000000,-1.586017,6.272874,0.508089,-0.000000,0.000000,0.114342,-1.585449,6.272190,0.488193,-0.002918,0.009254,0.080525,0.402957,0.402957,-0.396867,-0.396867,0.412460,0.401865,-0.393318,-0.386692,0.234838,-0.234838,0.234838,-0.234838,0.247299,-0.239467,0.227405,-0.219129,0.480822,0.189028
8.738000,-0.602204,6.481149,0.593700,0.000000,0.000000,0.000000,3.627352,0.000000,-1.586017,6.272874,0.509450,0.000000,-0.000000,0.112524,-1.585460,6.272323,0.488982,-0.003692,0.007277,0.063703,0.402907,0.402907,-0.396818,-0.396818,0.412876,0.402334,-0.392951,-0.386223,0.234838,-0.234838,0.234838,-0.234838,0.246982,-0.239261,0.227528,-0.219109,0.481571,0.189398
8.750000,-0.602204,6.481149,0.593700,0.000000,0.000000,0.000000,3.627352,0.000000,-1.586017,6.272874,0.510789,-0.000000,-0.000000,0.110735,-1.585470,6.272437,0.489617,-0.003422,0.006484,0.057560,0.402860,0.402860,-0.396770,-0.396770,0.413135,0.402689,-0.392774,-0.385889,0.234838,-0.234838,0.234838,-0.234838,0.246517,-0.239103,0.227581,-0.219305,0.484897,0.190691
8.762000,-0.602204,6.481149,0.593700,0.000000,0.000000,0.000000,3.627352,0.000000,-1.586017,6.272874,0.512108,-0.000000,-0.000000,0.108974,-1.585479,6.272538,0.490232,-0.002293,0.006495,0.062162,0.402814,0.402814,-0.396724,-0.396724,0.413079,0.402949,-0.392730,-0.385834,0.234837,-0.234837,0.234837,-0.234837,0.245851,-0.238995,0.227578,-0.219736,0.491414,0.193037
8.774000,-0.602204,6.481149,0.593700,0.000000,0.000000,0.000000,3.627352,0.000000,-1.586017,6.272874,0.513405,0.000000,-0.000000,0.107242,-1.585482,6.272627,0.490961,-0.000547,0.006823,0.075645,0.402769,0.402769,-0.396680,-0.396680,0.412613,0.403154,-0.392745,-0.386183,0.234837,-0.234837,0.234837,-0.234837,0.244928,-0.238919,0.227545,-0.220420,0.501239,0.196393
8.786000,-0.602204,6.481149,0.593700,0.000000,0.000000,0.000000,3.627352,0.000000,-1.586017,6.272874,0.514682,0.000000,-0.000000,0.105536,-1.585478,6.272706,0.491900,0.001093,0.006821,0.094391,0.402726,0.402726,-0.396637,-0.396637,0.411691,0.403357,-0.392747,-0.387040,0.234837,-0.234837,0.234837,-0.234837,0.243735,-0.238843,0.227518,-0.221370,0.513623,0.200475
8.798000,-0.602204,6.481149,0.593700,0.000000,0.000000,0.000000,3.627352,0.000000,-1.586017,6.272874,0.515938,-0.000000,-0.000000,0.103858,-1.585471,6.272769,0.493099,0.001772,0.005909,0.114446,0.402685,0.402685,-0.396596,-0.396596,0.410288,0.403592,-0.392686,-0.388507,0.234837,-0.234837,0.234837,-0.234837,0.242316,-0.238736,0.227532,-0.222568,0.526813,0.204731
8.810000,-0.602204,6.481149,0.593700,0.000000,0.000000,0.000000,3.627352,0.000000,-1.586017,6.272874,0.517174,-0.000000,-0.000000,0.102207,-1.585474,6.272808,0.494557,0.001135,0.003815,0.132404,0.402645,0.402645,-0.396556,-0.396556,0.408392,0.403863,-0.392540,-0.390646,0.234837,-0.234837,0.234837,-0.234837,0.240776,-0.238576,0.227610,-0.223955,0.538364,0.208429
8.822000,-0.602204,6.481149,0.593700,0.000000,0.000000,0.000000,3.627352,0.000000,-1.586017,6.272874,0.518391,-0.000000,0.000000,0.100582,-1.585497,6.272815,0.496233,-0.000358,0.000741,0.145743,0.402607,0.402607,-0.396517,-0.396517,0.406043,0.404162,-0.392309,-0.393391,0.234837,-0.234837,0.234837,-0.234837,0.239266,-0.238358,0.227755,-0.225427,0.545827,0.210091
8.834000,-0.602204,6.481149,0.593700,0.000000,0.000000,0.000000,3.627352,0.000000,-1.586017,6.272874,0.519588,-0.000000,0.000000,0.098983,-1.585543,6.272787,0.498058,-0.001955,-0.002848,0.153109,0.402570,0.402570,-0.396480,-0.396480,0.403356,0.404484,-0.391994,-0.396512,0.234836,-0.234836,0.234836,-0.234836,0.237954,-0.238101,0.227947,-0.226843,0.547500,0.209169
8.846000,-0.602204,6.481149,0.593700,0.000000,0.000000,0.000000,3.627352,0.000000,-1.586017,6.272874,0.520767,0.000000,-0.000000,0.097409,-1.585604,6.272726,0.499952,-0.002890,-0.006317,0.153932,0.402534,0.402534,-0.396444,-0.396444,0.400504,0.404828,-0.391609,-0.399662,0.234836,-0.234836,0.234836,-0.234836,0.236981,-0.237842,0.228147,-0.228060,0.542927,0.206591
8.858000,-0.602204,6.481149,0.593700,0.000000,0.000000,0.000000,3.627352,0.000000,-1.586017,6.272874,0.521926,0.000000,-0.000000,0.095860,-1.585661,6.272640,0.501826,-0.002547,-0.009014,0.148338,0.402499,0.402499,-0.396410,-0.396410,0.397716,0.405199,-0.391172,-0.402448,0.234836,-0.234836,0.234836,-0.234836,0.236426,-0.237626,0.228306,-0.228973,0.532939,0.202701
8.870000,-0.602204,6.481149,0.593700,0.000000,0.000000,0.000000,3.627352,0.000000,-1.586017,6.272874,0.523067,0.000000,-0.000000,0.094336,-1.585694,6.272541,0.503601,-0.000756,-0.010495,0.137183,0.402466,0.402466,-0.396377,-0.396377,0.395259,0.405599,-0.390703,-0.404535,0.234836,-0.234836,0.234836,-0.234836,0.236285,-0.237498,0.228383,-0.229554,0.519330,0.198049
8.882000,-0.602204,6.481149,0.593700,0.000000,0.000000,0.000000,3.627352,0.000000,-1.586017,6.272874,0.524190,0.000000,-0.000000,0.092836,-1.585684,6.272442,0.505210,0.002229,-0.010584,0.121721,0.402434,0.402434,-0.396344,-0.396344,0.393397,0.406022,-0.390227,-0.405709,0.234836,-0.234836,0.234836,-0.234836,0.236484,-0.237486,0.228354,-0.229858,0.504345,0.193256
8.894000,-0.602204,6.481149,0.593700,0.000000,0.000000,0.000000,3.627352,0.000000,-1.586017,6.272874,0.525296,-0.000000,0.000000,0.091360,-1.585620,6.272353,0.506603,0.005873,-0.009425,0.103596,0.402403,0.402403,-0.396313,-0.396313,0.392356,0.406443,-0.389771,-0.405883,0.234836,-0.234836,0.234836,-0.234836,0.236899,-0.237597,0.228216,-0.229997,0.490094,0.188871
8.906000,-0.602204,6.481149,0.593700,0.000000,0.000000,0.000000,3.627352,0.000000,-1.586017,6.272874,0.526383,-0.000000,0.000000,0.089908,-1.585499,6.272284,0.507755,0.009539,-0.007286,0.084748,0.402373,0.402373,-0.396283,-0.396283,0.392281,0.406840,-0.389353,-0.405080,0.234836,-0.234836,0.234836,-0.234836,0.237385,-0.237811,0.227990,-0.230096,0.478056,0.185266
8.918000,-0.602204,6.481149,0.593700,0.000000,0.000000,0.000000,3.627352,0.000000,-1.586017,6.272874,0.527453,-0.000000,-0.000000,0.088478,-1.585331,6.272239,0.508668,0.012206,-0.004734,0.067274,0.402344,0.402344,-0.396254,-0.396254,0.393167,0.407195,-0.388987,-0.403454,0.234835,-0.234835,0.234835,-0.234835,0.237806,-0.238095,0.227710,-0.230258,0.468858,0.182596
8.930000,-0.602204,6.481149,0.593700,0.000000,0.000000,0.000000,3.627352,0.000000,-1.586017,6.272874,0.528507,0.000000,-0.000000,0.087072,-1.585115,6.272155,0.509434,0.011879,-0.008490,0.083974,0.402316,0.402316,-0.396226,-0.396226,0.395430,0.407528,-0.388688,-0.400481,0.234835,-0.234835,0.234835,-0.234835,0.237690,-0.238262,0.227514,-0.230260,0.465091,0.181548
8.942000,-0.602204,6.481149,0.593700,0.000000,0.000000,0.000000,3.627352,0.000000,-1.586017,6.272874,0.529543,-0.000000,-0.000000,0.085687,-1.585004,6.272070,0.510428,0.005793,-0.009248,0.091916,0.402289,0.402289,-0.396199,-0.396199,0.397599,0.407718,-0.388503,-0.398253,0.234835,-0.234835,0.234835,-0.234835,0.237574,-0.238381,0.227400,-0.230369,0.462736,0.181031
8.954000,-0.602204,6.481149,0.593700,0.000000,0.000000,0.000000,3.627352,0.000000,-1.586017,6.272874,0.530563,-0.000000,0.000000,0.084325,-1.584954,6.271969,0.511571,0.003893,-0.008313,0.110062,0.402263,0.402263,-0.396173,-0.396173,0.399294,0.407754,-0.388457,-0.396743,0.234835,-0.234835,0.234835,-0.234835,0.237361,-0.238594,0.227213,-0.230551,0.460743,0.180503
8.966000,-0.602204,6.481149,0.593700,0.000000,0.000000,0.000000,3.627352,0.000000,-1.586017,6.272874,0.531567,-0.000000,0.000000,0.082984,-1.584903,6.271879,0.512920,0.004838,-0.005774,0.119225,0.402238,0.402238,-0.396148,-0.396148,0.400387,0.407753,-0.388423,-0.395785,0.234835,-0.234835,0.234835,-0.234835,0.237162,-0.238794,0.227062,-0.230695,0.458853,0.179904
8.976000,-0.602204,6.481149,0.593700,0.000000,0.000000,0.000000,3.627352,0.000000,-1.586017,6.272874,0.532392,-0.000000,0.000000,0.081883,-1.584845,6.271829,0.514129,0.006847,-0.003137,0.120336,0.402217,0.402217,-0.396128,-0.396128,0.401020,0.407776,-0.388339,-0.395182,0.234835,-0.234835,0.234835,-0.234835,0.237016,-0.238942,0.226962,-0.230791,0.457352,0.179402
8.988000,-0.602204,6.481149,0.593700,0.000000,0.000000,0.000000,3.627352,0.000000,-1.586017,6.272874,0.533366,0.000000,0.000000,0.080581,-1.584788,6.271779,0.515620,0.007109,-0.001559,0.120989,0.402194,0.402194,-0.396105,-0.396105,0.401594,0.407874,-0.388114,-0.394590,0.234835,-0.234835,0.234835,-0.234835,0.236864,-0.239097,0.226865,-0.230883,0.455589,0.178820
9.000000,-0.602204,6.481149,0.593700,0.000000,0.000000,0.000000,3.627352,0.000000,-1.586017,6.272874,0.534326,0.000000,-0.000000,0.079300,-1.584768,6.271718,0.517127,0.004390,-0.002125,0.121863,0.402171,0.402171,-0.396082,-0.396082,0.402057,0.408055,-0.387766,-0.394093,0.234835,-0.234835,0.234835,-0.234835,0.236733,-0.239230,0.226788,-0.230954,0.453824,0.178258
9.012000,-0.602204,6.481149,0.593700,0.000000,0.000000,0.000000,3.627352,0.000000,-1.586017,6.272874,0.535270,-0.000000,-0.000000,0.078039,-1.584710,6.271686,0.518586,0.003865,-0.002233,0.100298,0.402149,0.402149,-0.396060,-0.396060,0.402478,0.408348,-0.387338,-0.393665,0.234835,-0.234835,0.234835,-0.234835,0.236638,-0.239301,0.226726,-0.230999,0.452170,0.177766
9.024000,-0.602204,6.481149,0.593700,0.000000,0.000000,0.000000,3.627352,0.000000,-1.586017,6.272874,0.536199,-0.000000,0.000000,0.076798,-1.584641,6.271668,0.519654,0.004495,-0.002129,0.073785,0.402128,0.402128,-0.396039,-0.396039,0.402876,0.408766,-0.386853,-0.393295,0.234834,-0.234834,0.234834,-0.234834,0.236537,-0.239182,0.226589,-0.231049,0.451177,0.177504
9.036000,-0.602204,6.481149,0.593700,0.000000,0.000000,0.000000,3.627352,0.000000,-1.586017,6.272874,0.537113,0.000000,0.000000,0.075577,-1.584562,6.271648,0.520402,0.005490,-0.002640,0.053938,0.402108,0.402108,-0.396018,-0.396018,0.403260,0.409270,-0.386297,-0.392968,0.234834,-0.234834,0.234834,-0.234834,0.236424,-0.238978,0.226506,-0.231081,0.451521,0.177766
9.048000,-0.602204,6.481149,0.593700,0.000000,0.000000,0.000000,3.627352,0.000000,-1.586017,6.272874,0.538013,0.000000,0.000000,0.074376,-1.584475,6.271617,0.520940,0.006512,-0.003858,0.044032,0.402088,0.402088,-0.395999,-0.395999,0.403626,0.409685,-0.385843,-0.392674,0.234834,-0.234834,0.234834,-0.234834,0.236315,-0.238712,0.226543,-0.231092,0.453978,0.178807
9.060000,-0.602204,6.481149,0.593700,0.000000,0.000000,0.000000,3.627352,0.000000,-1.586017,6.272874,0.538898,-0.000000,0.000000,0.073193,-1.584385,6.271566,0.521405,0.007427,-0.005455,0.045192,0.402069,0.402069,-0.395980,-0.395980,0.403958,0.409779,-0.385751,-0.392411,0.234834,-0.234834,0.234834,-0.234834,0.236219,-0.238332,0.226734,-0.231085,0.459238,0.180765
9.072000,-0.602204,6.481149,0.593700,0.000000,0.000000,0.000000,3.627352,0.000000,-1.586017,6.272874,0.539769,-0.000000,0.000000,0.072030,-1.584293,6.271497,0.521936,0.008380,-0.006767,0.055883,0.402051,0.402051,-0.395961,-0.395961,0.404244,0.409370,-0.386230,-0.392187,0.234834,-0.234834,0.234834,-0.234834,0.236135,-0.237767,0.227119,-0.231071,0.467618,0.183648
9.084000,-0.602204,6.481149,0.593700,0.000000,0.000000,0.000000,3.627352,0.000000,-1.586017,6.272874,0.540627,-0.000000,0.000000,0.070884,-1.584197,6.271416,0.522641,0.009591,-0.007220,0.072753,0.402033,0.402033,-0.395944,-0.395944,0.404484,0.408410,-0.387357,-0.392000,0.234834,-0.234834,0.234834,-0.234834,0.236044,-0.236975,0.227740,-0.231068,0.478657,0.187254
9.096000,-0.602204,6.481149,0.593700,0.000000,0.000000,0.000000,3.627352,0.000000,-1.586017,6.272874,0.541471,0.000000,0.000000,0.069757,-1.584090,6.271335,0.523585,0.010946,-0.006725,0.092001,0.402016,0.402016,-0.395927,-0.395927,0.404697,0.406987,-0.389076,-0.391822,0.234834,-0.234834,0.234834,-0.234834,0.235921,-0.235965,0.228611,-0.231103,0.490885,0.191128
9.108000,-0.602204,6.481149,0.593700,0.000000,0.000000,0.000000,3.627352,0.000000,-1.586017,6.272874,0.542301,-0.000000,0.000000,0.068648,-1.583972,6.271263,0.524782,0.011867,-0.005682,0.110020,0.402000,0.402000,-0.395910,-0.395910,0.404902,0.405247,-0.391262,-0.391623,0.234834,-0.234834,0.234834,-0.234834,0.235743,-0.234809,0.229692,-0.231197,0.502087,0.194627
9.120000,-0.602204,6.481149,0.593700,0.000000,0.000000,0.000000,3.627352,0.000000,-1.586017,6.272874,0.543118,-0.000000,0.000000,0.067557,-1.583847,6.271202,0.526201,0.012036,-0.004474,0.123883,0.401984,0.401984,-0.395894,-0.395894,0.405110,0.403336,-0.393756,-0.391386,0.234834,-0.234834,0.234834,-0.234834,0.235500,-0.233628,0.230897,-0.231362,0.509924,0.197072
9.132000,-0.602204,6.481149,0.593700,0.000000,0.000000,0.000000,3.627352,0.000000,-1.586017,6.272874,0.543922,-0.000000,0.000000,0.066483,-1.583718,6.271153,0.527778,0.011595,-0.003246,0.131753,0.401968,0.401968,-0.395879,-0.395879,0.405328,0.401381,-0.396356,-0.391107,0.234834,-0.234834,0.234834,-0.234834,0.235203,-0.232558,0.232110,-0.231585,0.512639,0.197942
9.144000,-0.602204,6.481149,0.593700,0.000000,0.000000,0.000000,3.627352,0.000000,-1.586017,6.272874,0.544714,0.000000,0.000000,0.065426,-1.583588,6.271115,0.529428,0.011067,-0.002020,0.132858,0.401953,0.401953,-0.395864,-0.395864,0.405563,0.399499,-0.398828,-0.390787,0.234834,-0.234834,0.234834,-0.234834,0.234879,-0.231707,0.233213,-0.231835,0.509562,0.196559
9.156000,-0.602204,6.481149,0.593700,0.000000,0.000000,0.000000,3.627352,0.000000,-1.586017,6.272874,0.545493,-0.000000,0.000000,0.064385,-1.583452,6.271091,0.531061,0.011068,-0.000750,0.127207,0.401939,0.401939,-0.395850,-0.395850,0.405826,0.397801,-0.400939,-0.390428,0.234834,-0.234834,0.234834,-0.234834,0.234566,-0.231129,0.234118,-0.232075,0.501255,0.193271
9.168000,-0.602204,6.481149,0.593700,0.000000,0.000000,0.000000,3.627352,0.000000,-1.586017,6.272874,0.546259,-0.000000,0.000000,0.063362,-1.583301,6.271082,0.532594,0.011921,0.000325,0.115893,0.401925,0.401925,-0.395836,-0.395836,0.406124,0.396375,-0.402519,-0.390034,0.234834,-0.234834,0.234834,-0.234834,0.234298,-0.230824,0.234803,-0.232274,0.489298,0.189109
9.180000,-0.602204,6.481149,0.593700,0.000000,0.000000,0.000000,3.627352,0.000000,-1.586017,6.272874,0.547013,-0.000000,-0.000000,0.062354,-1.583127,6.271086,0.533958,0.013834,0.001079,0.100203,0.401912,0.401912,-0.395823,-0.395823,0.406437,0.395303,-0.403473,-0.389613,0.234834,-0.234834,0.234834,-0.234834,0.234100,-0.230737,0.235314,-0.232408,0.475819,0.184678
9.192000,-0.602204,6.481149,0.593700,0.000000,0.000000,0.000000,3.627352,0.000000,-1.586017,6.272874,0.547756,-0.000000,0.000000,0.061363,-1.583023,6.271076,0.535108,0.011242,0.000510,0.081408,0.401899,0.401899,-0.395810,-0.395810,0.406735,0.394661,-0.403784,-0.389192,0.234834,-0.234834,0.234834,-0.234834,0.233995,-0.230793,0.235718,-0.232480,0.462901,0.180511
9.204000,-0.602204,6.481149,0.593700,0.000000,0.000000,0.000000,3.627352,0.000000,-1.586017,6.272874,0.548486,-0.000000,-0.000000,0.060387,-1.582777,6.271095,0.535989,0.019303,0.001089,0.061790,0.401887,0.401887,-0.395797,-0.395797,0.407022,0.394598,-0.403378,-0.388784,0.234833,-0.234833,0.234833,-0.234833,0.233938,-0.230985,0.236029,-0.232518,0.452087,0.177134
9.216000,-0.602204,6.481149,0.593700,0.000000,0.000000,0.000000,3.627352,0.000000,-1.586017,6.272874,0.549205,-0.000000,0.000000,0.059427,-1.582468,6.271136,0.536627,0.024639,0.000951,0.043814,0.401875,0.401875,-0.395786,-0.395786,0.407363,0.395218,-0.402246,-0.388385,0.234833,-0.234833,0.234833,-0.234833,0.233941,-0.231081,0.236488,-0.232497,0.443869,0.174616
9.228000,-0.602204,6.481149,0.593700,0.000000,0.000000,0.000000,3.627352,0.000000,-1.586017,6.272874,0.549912,0.000000,0.000000,0.058482,-1.582164,6.271206,0.537096,0.023021,0.002692,0.059601,0.401863,0.401863,-0.395774,-0.395774,0.407708,0.396722,-0.399643,-0.388052,0.234833,-0.234833,0.234833,-0.234833,0.233858,-0.231044,0.236513,-0.232558,0.440365,0.173778
9.240000,-0.602204,6.481149,0.593700,0.000000,0.000000,0.000000,3.627352,0.000000,-1.586017,6.272874,0.550609,0.000000,0.000000,0.057552,-1.581839,6.271129,0.537810,0.022762,-0.004470,0.070661,0.401852,0.401852,-0.395763,-0.395763,0.407935,0.397958,-0.397757,-0.387831,0.234833,-0.234833,0.234833,-0.234833,0.233937,-0.230915,0.236590,-0.232486,0.438558,0.173753
9.252000,-0.602204,6.481149,0.593700,0.000000,0.000000,0.000000,3.627352,0.000000,-1.586017,6.272874,0.551294,0.000000,-0.000000,0.056637,-1.581615,6.271080,0.538674,0.018825,-0.004385,0.084632,0.401841,0.401841,-0.395752,-0.395752,0.407970,0.398865,-0.396645,-0.387738,0.234833,-0.234833,0.234833,-0.234833,0.233784,-0.231068,0.236406,-0.232661,0.437266,0.173529
9.264000,-0.602204,6.481149,0.593700,0.000000,0.000000,0.000000,3.627352,0.000000,-1.586017,6.272874,0.551968,-0.000000,0.000000,0.055737,-1.581421,6.271030,0.539702,0.013783,-0.002703,0.091331,0.401831,0.401831,-0.395742,-0.395742,0.407983,0.399617,-0.395842,-0.387554,0.234833,-0.234833,0.234833,-0.234833,0.233656,-0.231196,0.236221,-0.232841,0.435858,0.173250
9.274000,-0.602204,6.481149,0.593700,0.000000,0.000000,0.000000,3.627352,0.000000,-1.586017,6.272874,0.552522,-0.000000,0.000000,0.054997,-1.581292,6.271006,0.540613,0.011022,-0.000812,0.091165,0.401823,0.401823,-0.395733,-0.395733,0.408011,0.400215,-0.395293,-0.387379,0.234833,-0.234833,0.234833,-0.234833,0.233592,-0.231258,0.236104,-0.232956,0.434698,0.172873
9.286000,-0.602204,6.481149,0.593700,0.000000,0.000000,0.000000,3.627353,0.000000,-1.586017,6.272874,0.553176,-0.000000,0.000000,0.054123,-1.581191,6.270984,0.541726,0.008021,0.000840,0.091568,0.401813,0.401813,-0.395724,-0.395724,0.408087,0.400901,-0.394754,-0.387110,0.234833,-0.234833,0.234833,-0.234833,0.233562,-0.231287,0.236010,-0.233050,0.433362,0.172455
9.298000,-0.602204,6.481149,0.593700,0.000000,0.000000,0.000000,3.627353,0.000000,-1.586017,6.272874,0.553821,-0.000000,0.000000,0.053262,-1.581198,6.270934,0.542844,0.001908,-0.000007,0.093290,0.401804,0.401804,-0.395714,-0.395714,0.408218,0.401564,-0.394326,-0.386763,0.234833,-0.234833,0.234833,-0.234833,0.233565,-0.231282,0.235953,-0.233106,0.432069,0.172078
9.310000,-0.602204,6.481149,0.593700,0.000000,0.000000,0.000000,3.627353,0.000000,-1.586017,6.272874,0.554455,-0.000000,-0.000000,0.052416,-1.581246,6.270886,0.543925,-0.004211,-0.002268,0.078516,0.401795,0.401795,-0.395705,-0.395705,0.408413,0.402108,-0.393991,-0.386352,0.234833,-0.234833,0.234833,-0.234833,0.233569,-0.231270,0.235910,-0.233150,0.430929,0.171761
9.322000,-0.602204,6.481149,0.593700,0.000000,0.000000,0.000000,3.627353,0.000000,-1.586017,6.272874,0.555079,0.000000,-0.000000,0.051582,-1.581314,6.270852,0.544674,-0.008525,-0.003382,0.052473,0.401786,0.401786,-0.395696,-0.395696,0.408682,0.402465,-0.393689,-0.386006,0.234833,-0.234833,0.234833,-0.234833,0.233445,-0.231251,0.235884,-0.233076,0.430311,0.171612
9.334000,-0.602204,6.481149,0.593700,0.000000,0.000000,0.000000,3.627353,0.000000,-1.586017,6.272874,0.555693,-0.000000,0.000000,0.050762,-1.581405,6.270822,0.545106,-0.011463,-0.003523,0.031232,0.401777,0.401777,-0.395688,-0.395688,0.409047,0.402662,-0.393462,-0.385661,0.234833,-0.234833,0.234833,-0.234833,0.233270,-0.231228,0.235838,-0.232978,0.430751,0.171885
9.346000,-0.602204,6.481149,0.593700,0.000000,0.000000,0.000000,3.627353,0.000000,-1.586017,6.272874,0.556297,-0.000000,-0.000000,0.049955,-1.581525,6.270797,0.545318,-0.013432,-0.002684,0.019404,0.401769,0.401769,-0.395680,-0.395680,0.409417,0.402724,-0.393319,-0.385350,0.234833,-0.234833,0.234833,-0.234833,0.233110,-0.231202,0.235772,-0.232921,0.432990,0.172854
9.358000,-0.602204,6.481149,0.593700,0.000000,0.000000,0.000000,3.627353,0.000000,-1.586017,6.272874,0.556892,-0.000000,-0.000000,0.049161,-1.581671,6.270780,0.545436,-0.014538,-0.001238,0.018456,0.401761,0.401761,-0.395672,-0.395672,0.409633,0.402675,-0.393243,-0.385217,0.234833,-0.234833,0.234833,-0.234833,0.232955,-0.231174,0.235703,-0.232897,0.437683,0.174659
9.370000,-0.602204,6.481149,0.593700,0.000000,0.000000,0.000000,3.627353,0.000000,-1.586017,6.272874,0.557477,0.000000,-0.000000,0.048379,-1.581833,6.270774,0.545601,-0.014648,0.000381,0.027821,0.401754,0.401754,-0.395664,-0.395664,0.409557,0.402548,-0.393214,-0.385407,0.234833,-0.234833,0.234833,-0.234833,0.232767,-0.231135,0.235646,-0.232898,0.445221,0.177228
9.382000,-0.602204,6.481149,0.593700,0.000000,0.000000,0.000000,3.627353,0.000000,-1.586017,6.272874,0.558053,-0.000000,0.000000,0.047610,-1.582001,6.270780,0.545935,-0.013806,0.001776,0.044299,0.401747,0.401747,-0.395657,-0.395657,0.409126,0.402406,-0.393214,-0.386013,0.234833,-0.234833,0.234833,-0.234833,0.232521,-0.231071,0.235620,-0.232936,0.455375,0.180443
9.394000,-0.602204,6.481149,0.593700,0.000000,0.000000,0.000000,3.627353,0.000000,-1.586017,6.272874,0.558620,0.000000,-0.000000,0.046853,-1.582164,6.270793,0.546507,-0.012589,0.002497,0.063812,0.401739,0.401739,-0.395650,-0.395650,0.408334,0.402307,-0.393227,-0.387086,0.234833,-0.234833,0.234833,-0.234833,0.232223,-0.230963,0.235641,-0.233022,0.467022,0.183920
9.406000,-0.602204,6.481149,0.593700,0.000000,0.000000,0.000000,3.627353,0.000000,-1.586017,6.272874,0.559177,0.000000,-0.000000,0.046108,-1.582320,6.270807,0.547342,-0.011576,0.002336,0.082656,0.401733,0.401733,-0.395643,-0.395643,0.407211,0.402286,-0.393245,-0.388638,0.234833,-0.234833,0.234833,-0.234833,0.231924,-0.230799,0.235724,-0.233145,0.478246,0.186880
9.418000,-0.602204,6.481149,0.593700,0.000000,0.000000,0.000000,3.627353,0.000000,-1.586017,6.272874,0.559726,0.000000,0.000000,0.045375,-1.582469,6.270816,0.548415,-0.010958,0.001373,0.097687,0.401726,0.401726,-0.395637,-0.395637,0.405814,0.402358,-0.393267,-0.390614,0.234833,-0.234833,0.234833,-0.234833,0.231704,-0.230581,0.235865,-0.233271,0.486820,0.188818
9.430000,-0.602204,6.481149,0.593700,0.000000,0.000000,0.000000,3.627353,0.000000,-1.586017,6.272874,0.560266,-0.000000,0.000000,0.044654,-1.582615,6.270816,0.549663,-0.010547,-0.000087,0.106864,0.401720,0.401720,-0.395630,-0.395630,0.404223,0.402522,-0.393291,-0.392873,0.234833,-0.234833,0.234833,-0.234833,0.231647,-0.230329,0.236044,-0.233350,0.490890,0.189319
9.442000,-0.602204,6.481149,0.593700,0.000000,0.000000,0.000000,3.627353,0.000000,-1.586017,6.272874,0.560798,-0.000000,0.000000,0.043944,-1.582754,6.270804,0.551000,-0.009892,-0.001552,0.109068,0.401714,0.401714,-0.395624,-0.395624,0.402546,0.402769,-0.393300,-0.395198,0.234833,-0.234833,0.234833,-0.234833,0.231813,-0.230072,0.236229,-0.233331,0.489529,0.188257
9.454000,-0.602204,6.481149,0.593700,0.000000,0.000000,0.000000,3.627353,0.000000,-1.586017,6.272874,0.561321,0.000000,-0.000000,0.043245,-1.582881,6.270784,0.552337,-0.008921,-0.002714,0.104725,0.401708,0.401708,-0.395618,-0.395618,0.400886,0.403078,-0.393253,-0.397368,0.234833,-0.234833,0.234833,-0.234833,0.232207,-0.229850,0.236382,-0.233189,0.482979,0.185807
9.466000,-0.602204,6.481149,0.593700,0.000000,0.000000,0.000000,3.627353,0.000000,-1.586017,6.272874,0.561836,0.000000,-0.000000,0.042557,-1.582989,6.270759,0.553595,-0.007626,-0.003303,0.094629,0.401702,0.401702,-0.395613,-0.395613,0.399319,0.403420,-0.393151,-0.399213,0.234833,-0.234833,0.234833,-0.234833,0.232790,-0.229694,0.236473,-0.232944,0.472587,0.182394
9.478000,-0.602204,6.481149,0.593700,0.000000,0.000000,0.000000,3.627353,0.000000,-1.586017,6.272874,0.562343,-0.000000,0.000000,0.041881,-1.583071,6.270734,0.554700,-0.005600,-0.003011,0.079909,0.401697,0.401697,-0.395607,-0.395607,0.397988,0.403774,-0.393006,-0.400557,0.234833,-0.234833,0.234833,-0.234833,0.233483,-0.229622,0.236486,-0.232662,0.460335,0.178576
9.490000,-0.602204,6.481149,0.593700,0.000000,0.000000,0.000000,3.627353,0.000000,-1.586017,6.272874,0.562841,-0.000000,0.000000,0.041215,-1.583116,6.270721,0.555599,-0.003011,-0.001771,0.062155,0.401691,0.401691,-0.395602,-0.395602,0.397069,0.404130,-0.392828,-0.401254,0.234833,-0.234833,0.234833,-0.234833,0.234185,-0.229635,0.236425,-0.232427,0.448243,0.174599
9.502000,-0.602204,6.481149,0.593700,0.000000,0.000000,0.000000,3.627353,0.000000,-1.586017,6.272874,0.563332,-0.000000,0.000000,0.040560,-1.583121,6.270726,0.556257,-0.000580,0.000153,0.043057,0.401686,0.401686,-0.395597,-0.395597,0.396686,0.404474,-0.392633,-0.401265,0.234833,-0.234833,0.234833,-0.234833,0.234798,-0.229715,0.236309,-0.232323,0.437879,0.170959
9.514000,-0.602204,6.481149,0.593700,0.000000,0.000000,0.000000,3.627353,0.000000,-1.586017,6.272874,0.563815,-0.000000,0.000000,0.039915,-1.583094,6.270753,0.556663,0.001329,0.002602,0.024491,0.401681,0.401681,-0.395592,-0.395592,0.396895,0.404773,-0.392423,-0.400630,0.234833,-0.234833,0.234833,-0.234833,0.235240,-0.229835,0.236168,-0.232409,0.430036,0.168222
9.524000,-0.602204,6.481149,0.593700,0.000000,0.000000,0.000000,3.627353,0.000000,-1.586017,6.272874,0.564211,-0.000000,-0.000000,0.039385,-1.583013,6.270706,0.556809,0.005503,-0.004082,0.028008,0.401677,0.401677,-0.395588,-0.395588,0.397914,0.404980,-0.392218,-0.399133,0.234833,-0.234833,0.234833,-0.234833,0.235368,-0.229877,0.236093,-0.232514,0.426476,0.167300
9.536000,-0.602204,6.481149,0.593700,0.000000,0.000000,0.000000,3.627353,0.000000,-1.586017,6.272874,0.564680,-0.000000,-0.000000,0.038759,-1.583016,6.270757,0.557174,-0.000596,-0.002809,0.046395,0.401673,0.401673,-0.395583,-0.395583,0.399261,0.405144,-0.391986,-0.397383,0.234833,-0.234833,0.234833,-0.234833,0.235078,-0.229917,0.236043,-0.232564,0.425211,0.167207
9.548000,-0.602204,6.481149,0.593700,0.000000,0.000000,0.000000,3.627353,0.000000,-1.586017,6.272874,0.565141,-0.000000,0.000000,0.038143,-1.583095,6.270797,0.557716,-0.005311,0.001176,0.057174,0.401668,0.401668,-0.395579,-0.395579,0.400188,0.405169,-0.391924,-0.396327,0.234833,-0.234833,0.234833,-0.234833,0.235121,-0.229854,0.236107,-0.232497,0.424280,0.166992
9.560000,-0.602204,6.481149,0.593700,0.000000,0.000000,0.000000,3.627353,0.000000,-1.586017,6.272874,0.565595,-0.000000,0.000000,0.037536,-1.583160,6.270817,0.558415,-0.004575,0.002557,0.068092,0.401664,0.401664,-0.395574,-0.395574,0.400733,0.405182,-0.391846,-0.395614,0.234833,-0.234833,0.234833,-0.234833,0.235150,-0.229824,0.236193,-0.232406,0.423200,0.166681
9.572000,-0.602204,6.481149,0.593700,0.000000,0.000000,0.000000,3.627353,0.000000,-1.586017,6.272874,0.566042,-0.000000,-0.000000,0.036939,-1.583207,6.270852,0.559242,-0.003286,0.003869,0.069933,0.401660,0.401660,-0.395570,-0.395570,0.401070,0.405228,-0.391710,-0.395099,0.234832,-0.234832,0.234832,-0.234832,0.235169,-0.229804,0.236282,-0.232315,0.422199,0.166386
9.584000,-0.602204,6.481149,0.593700,0.000000,0.000000,0.000000,3.627353,0.000000,-1.586017,6.272874,0.566482,-0.000000,0.000000,0.036352,-1.583249,6.270897,0.560111,-0.002655,0.004720,0.069896,0.401656,0.401656,-0.395566,-0.395566,0.401303,0.405328,-0.391496,-0.394733,0.234832,-0.234832,0.234832,-0.234832,0.235197,-0.229777,0.236380,-0.232218,0.421245,0.166085
9.596000,-0.602204,6.481149,0.593700,0.000000,0.000000,0.000000,3.627353,0.000000,-1.586017,6.272874,0.566915,-0.000000,-0.000000,0.035774,-1.583304,6.270939,0.561017,-0.003539,0.004515,0.071884,0.401652,0.401652,-0.395562,-0.395562,0.401499,0.405501,-0.391189,-0.394471,0.234832,-0.234832,0.234832,-0.234832,0.235230,-0.229743,0.236475,-0.232122,0.420301,0.165782
9.608000,-0.602204,6.481149,0.593700,0.000000,0.000000,0.000000,3.627353,0.000000,-1.586017,6.272874,0.567341,0.000000,-0.000000,0.035205,-1.583341,6.270997,0.561943,-0.003962,0.004332,0.063270,0.401648,0.401648,-0.395559,-0.395559,0.401703,0.405756,-0.390792,-0.394292,0.234832,-0.234832,0.234832,-0.234832,0.235266,-0.229708,0.236564,-0.232032,0.419360,0.165484
9.620000,-0.602204,6.481149,0.593700,0.000000,0.000000,0.000000,3.627353,0.000000,-1.586017,6.272874,0.567760,0.000000,-0.000000,0.034646,-1.583369,6.271055,0.562615,-0.003687,0.003616,0.037256,0.401644,0.401644,-0.395555,-0.395555,0.401958,0.406097,-0.390386,-0.394227,0.234832,-0.234832,0.234832,-0.234832,0.235292,-0.229590,0.236543,-0.231966,0.418847,0.165321
9.632000,-0.602204,6.481149,0.593700,0.000000,0.000000,0.000000,3.627353,0.000000,-1.586017,6.272874,0.568172,-0.000000,0.000000,0.034095,-1.583390,6.271102,0.562924,-0.003118,0.002461,0.013909,0.401641,0.401641,-0.395551,-0.395551,0.402242,0.406555,-0.389927,-0.394273,0.234832,-0.234832,0.234832,-0.234832,0.235313,-0.229445,0.236438,-0.231890,0.419189,0.165503
9.644000,-0.602204,6.481149,0.593700,0.000000,0.000000,0.000000,3.627353,0.000000,-1.586017,6.272874,0.568578,0.000000,-0.000000,0.033553,-1.583404,6.271134,0.562973,-0.002169,0.000903,-0.000367,0.401638,0.401638,-0.395548,-0.395548,0.402550,0.407072,-0.389428,-0.394430,0.234832,-0.234832,0.234832,-0.234832,0.235326,-0.229365,0.236324,-0.231801,0.421071,0.166318
9.656000,-0.602204,6.481149,0.593700,0.000000,0.000000,0.000000,3.627353,0.000000,-1.586017,6.272874,0.568977,-0.000000,0.000000,0.033019,-1.583412,6.271143,0.562892,-0.000864,-0.000853,-0.003465,0.401634,0.401634,-0.395545,-0.395545,0.402868,0.407482,-0.389043,-0.394686,0.234832,-0.234832,0.234832,-0.234832,0.235336,-0.229353,0.236194,-0.231709,0.425164,0.167937
9.668000,-0.602204,6.481149,0.593700,0.000000,0.000000,0.000000,3.627353,0.000000,-1.586017,6.272874,0.569371,-0.000000,0.000000,0.032494,-1.583411,6.271131,0.562824,0.000858,-0.002261,0.004092,0.401631,0.401631,-0.395542,-0.395542,0.403175,0.407612,-0.388944,-0.395006,0.234832,-0.234832,0.234832,-0.234832,0.235344,-0.229371,0.236037,-0.231621,0.431964,0.170400
9.680000,-0.602204,6.481149,0.593700,0.000000,0.000000,0.000000,3.627353,0.000000,-1.586017,6.272874,0.569757,-0.000000,-0.000000,0.031978,-1.583396,6.271103,0.562898,0.002867,-0.002890,0.019553,0.401628,0.401628,-0.395539,-0.395539,0.403463,0.407356,-0.389252,-0.395334,0.234832,-0.234832,0.234832,-0.234832,0.235341,-0.229381,0.235873,-0.231549,0.441429,0.173546
9.692000,-0.602204,6.481149,0.593700,0.000000,0.000000,0.000000,3.627353,0.000000,-1.586017,6.272874,0.570138,-0.000000,0.000000,0.031469,-1.583366,6.271070,0.563200,0.004718,-0.002734,0.038990,0.401625,0.401625,-0.395536,-0.395536,0.403725,0.406695,-0.390021,-0.395604,0.234832,-0.234832,0.234832,-0.234832,0.235313,-0.229364,0.235732,-0.231504,0.452645,0.176984
9.704000,-0.602204,6.481149,0.593700,0.000000,0.000000,0.000000,3.627353,0.000000,-1.586017,6.272874,0.570513,-0.000000,-0.000000,0.030969,-1.583322,6.271039,0.563761,0.005885,-0.002125,0.058369,0.401622,0.401622,-0.395533,-0.395533,0.403956,0.405660,-0.391261,-0.395759,0.234832,-0.234832,0.234832,-0.234832,0.235245,-0.229338,0.235633,-0.231501,0.463837,0.180141
9.716000,-0.602204,6.481149,0.593700,0.000000,0.000000,0.000000,3.627353,0.000000,-1.586017,6.272874,0.570881,0.000000,-0.000000,0.030476,-1.583271,6.271014,0.564560,0.006232,-0.001333,0.074112,0.401620,0.401620,-0.395530,-0.395530,0.404155,0.404304,-0.392936,-0.395772,0.234832,-0.234832,0.234832,-0.234832,0.235129,-0.229348,0.235569,-0.231545,0.472807,0.182416
9.728000,-0.602204,6.481149,0.593700,0.000000,0.000000,0.000000,3.627353,0.000000,-1.586017,6.272874,0.571244,-0.000000,0.000000,0.029992,-1.583219,6.270995,0.565540,0.005862,-0.000485,0.084322,0.401617,0.401617,-0.395528,-0.395528,0.404369,0.402691,-0.394959,-0.395642,0.234832,-0.234832,0.234832,-0.234832,0.234974,-0.229448,0.235504,-0.231628,0.477611,0.183342
9.740000,-0.602204,6.481149,0.593700,0.000000,0.000000,0.000000,3.627353,0.000000,-1.586017,6.272874,0.571601,-0.000000,0.000000,0.029515,-1.583172,6.270981,0.566629,0.004881,0.000119,0.088186,0.401615,0.401615,-0.395525,-0.395525,0.404621,0.400852,-0.397228,-0.395402,0.234832,-0.234832,0.234832,-0.234832,0.234800,-0.229685,0.235405,-0.231730,0.477205,0.182725
9.752000,-0.602204,6.481149,0.593700,0.000000,0.000000,0.000000,3.627353,0.000000,-1.586017,6.272874,0.571953,-0.000000,-0.000000,0.029046,-1.583132,6.270973,0.567739,0.004217,0.000906,0.085394,0.401612,0.401612,-0.395523,-0.395523,0.404913,0.398880,-0.399540,-0.395095,0.234832,-0.234832,0.234832,-0.234832,0.234639,-0.230073,0.235264,-0.231823,0.471720,0.180680
9.764000,-0.602204,6.481149,0.593700,0.000000,0.000000,0.000000,3.627353,0.000000,-1.586017,6.272874,0.572298,0.000000,-0.000000,0.028584,-1.583084,6.270979,0.568784,0.004725,0.002149,0.076453,0.401610,0.401610,-0.395520,-0.395520,0.405251,0.396979,-0.401595,-0.394749,0.234832,-0.234832,0.234832,-0.234832,0.234517,-0.230594,0.235091,-0.231880,0.462327,0.177586
9.774000,-0.602204,6.481149,0.593700,0.000000,0.000000,0.000000,3.627353,0.000000,-1.586017,6.272874,0.572582,0.000000,0.000000,0.028205,-1.583026,6.270999,0.569550,0.006147,0.003383,0.065152,0.401608,0.401608,-0.395518,-0.395518,0.405575,0.395613,-0.402918,-0.394444,0.234832,-0.234832,0.234832,-0.234832,0.234457,-0.231090,0.234949,-0.231891,0.452837,0.174591
9.786000,-0.602204,6.481149,0.593700,0.000000,0.000000,0.000000,3.627353,0.000000,-1.586017,6.272874,0.572918,-0.000000,0.000000,0.027756,-1.582923,6.271046,0.570291,0.008788,0.004763,0.048389,0.401606,0.401606,-0.395516,-0.395516,0.406011,0.394401,-0.403897,-0.394081,0.234832,-0.234832,0.234832,-0.234832,0.234444,-0.231693,0.234829,-0.231856,0.441198,0.170981
9.798000,-0.602204,6.481149,0.593700,0.000000,0.000000,0.000000,3.627353,0.000000,-1.586017,6.272874,0.573248,0.000000,-0.000000,0.027315,-1.582778,6.271114,0.570804,0.012023,0.005691,0.029895,0.401603,0.401603,-0.395514,-0.395514,0.406489,0.393790,-0.404146,-0.393741,0.234832,-0.234832,0.234832,-0.234832,0.234486,-0.232222,0.234829,-0.231777,0.430873,0.167792
9.810000,-0.602204,6.481149,0.593700,0.000000,0.000000,0.000000,3.627353,0.000000,-1.586017,6.272874,0.573574,0.000000,-0.000000,0.026881,-1.582591,6.271196,0.571075,0.015325,0.005840,0.011606,0.401601,0.401601,-0.395512,-0.395512,0.406991,0.393859,-0.403672,-0.393450,0.234832,-0.234832,0.234832,-0.234832,0.234567,-0.232597,0.235006,-0.231675,0.422860,0.165120
9.822000,-0.602204,6.481149,0.593700,0.000000,0.000000,0.000000,3.627353,0.000000,-1.586017,6.272874,0.573894,0.000000,-0.000000,0.026453,-1.582363,6.271286,0.571086,0.017270,0.004547,0.009651,0.401599,0.401599,-0.395510,-0.395510,0.407507,0.394987,-0.401950,-0.393233,0.234832,-0.234832,0.234832,-0.234832,0.234618,-0.232731,0.235247,-0.231590,0.418011,0.163579
9.834000,-0.602204,6.481149,0.593700,0.000000,0.000000,0.000000,3.627353,0.000000,-1.586017,6.272874,0.574208,0.000000,-0.000000,0.026033,-1.582168,6.271321,0.571241,0.015247,0.000102,0.029443,0.401598,0.401598,-0.395508,-0.395508,0.407902,0.396678,-0.399976,-0.393124,0.234832,-0.234832,0.234832,-0.234832,0.234679,-0.232665,0.235267,-0.231528,0.416982,0.163552
9.846000,-0.602204,6.481149,0.593700,0.000000,0.000000,0.000000,3.627353,0.000000,-1.586017,6.272874,0.574518,-0.000000,0.000000,0.025619,-1.582006,6.271368,0.571585,0.013384,0.000861,0.035827,0.401596,0.401596,-0.395506,-0.395506,0.408210,0.398100,-0.398279,-0.393099,0.234832,-0.234832,0.234832,-0.234832,0.234760,-0.232582,0.235347,-0.231450,0.415775,0.163451
9.858000,-0.602204,6.481149,0.593700,0.000000,0.000000,0.000000,3.627353,0.000000,-1.586017,6.272874,0.574823,0.000000,-0.000000,0.025211,-1.581881,6.271374,0.572039,0.010010,0.000941,0.047575,0.401594,0.401594,-0.395505,-0.395505,0.408448,0.399097,-0.397135,-0.393084,0.234832,-0.234832,0.234832,-0.234832,0.234684,-0.232661,0.235224,-0.231565,0.414811,0.163243
9.870000,-0.602204,6.481149,0.593700,0.000000,0.000000,0.000000,3.627353,0.000000,-1.586017,6.272874,0.575123,-0.000000,-0.000000,0.024811,-1.581775,6.271388,0.572621,0.007641,0.002047,0.050296,0.401592,0.401592,-0.395503,-0.395503,0.408707,0.399875,-0.396157,-0.392937,0.234832,-0.234832,0.234832,-0.234832,0.234655,-0.232690,0.235129,-0.231657,0.413738,0.163014
9.882000,-0.602204,6.481149,0.593700,0.000000,0.000000,0.000000,3.627353,0.000000,-1.586017,6.272874,0.575419,-0.000000,-0.000000,0.024416,-1.581701,6.271408,0.573228,0.006008,0.003295,0.049723,0.401591,0.401591,-0.395501,-0.395501,0.409001,0.400540,-0.395268,-0.392721,0.234832,-0.234832,0.234832,-0.234832,0.234666,-0.232678,0.235074,-0.231711,0.412706,0.162820
9.894000,-0.602204,6.481149,0.593700,0.000000,0.000000,0.000000,3.627353,0.000000,-1.586017,6.272874,0.575710,-0.000000,-0.000000,0.024028,-1.581728,6.271395,0.573851,0.000626,0.002085,0.052436,0.401589,0.401589,-0.395500,-0.395500,0.409359,0.401142,-0.394562,-0.392476,0.234832,-0.234832,0.234832,-0.234832,0.234699,-0.232644,0.235047,-0.231737,0.411781,0.162651
9.906000,-0.602204,6.481149,0.593700,0.000000,0.000000,0.000000,3.627353,0.000000,-1.586017,6.272874,0.575996,0.000000,-0.000000,0.023646,-1.581809,6.271374,0.574472,-0.005476,-0.000015,0.047771,0.401587,0.401587,-0.395498,-0.395498,0.409780,0.401681,-0.394026,-0.392219,0.234832,-0.234832,0.234832,-0.234832,0.234735,-0.232608,0.235029,-0.231756,0.410913,0.162494
9.918000,-0.602204,6.481149,0.593700,0.000000,0.000000,0.000000,3.627353,0.000000,-1.586017,6.272874,0.576277,-0.000000,0.000000,0.023270,-1.581884,6.271365,0.574946,-0.010041,-0.002198,0.025640,0.401586,0.401586,-0.395496,-0.395496,0.410181,0.402046,-0.393666,-0.391911,0.234832,-0.234832,0.234832,-0.234832,0.234701,-0.232579,0.235009,-0.231730,0.410384,0.162443
9.930000,-0.602204,6.481149,0.593700,0.000000,0.000000,0.000000,3.627353,0.000000,-1.586017,6.272874,0.576554,-0.000000,0.000000,0.022900,-1.581980,6.271353,0.575061,-0.012553,-0.003055,0.001700,0.401584,0.401584,-0.395495,-0.395495,0.410528,0.402242,-0.393468,-0.391550,0.234832,-0.234832,0.234832,-0.234832,0.234553,-0.232549,0.234975,-0.231647,0.410585,0.162633
9.942000,-0.602204,6.481149,0.593700,0.000000,0.000000,0.000000,3.627353,0.000000,-1.586017,6.272874,0.576827,-0.000000,0.000000,0.022536,-1.582099,6.271337,0.574910,-0.013895,-0.002867,-0.014239,0.401583,0.401583,-0.395494,-0.395494,0.410844,0.402296,-0.393409,-0.391114,0.234832,-0.234832,0.234832,-0.234832,0.234389,-0.232515,0.234922,-0.231613,0.412182,0.163360
9.954000,-0.602204,6.481149,0.593700,0.000000,0.000000,0.000000,3.627353,0.000000,-1.586017,6.272874,0.577095,-0.000000,-0.000000,0.022178,-1.582239,6.271321,0.574608,-0.014329,-0.001932,-0.019413,0.401582,0.401582,-0.395492,-0.395492,0.411045,0.402238,-0.393451,-0.390705,0.234832,-0.234832,0.234832,-0.234832,0.234217,-0.232481,0.234861,-0.231633,0.415829,0.164812
9.966000,-0.602204,6.481149,0.593700,0.000000,0.000000,0.000000,3.627353,0.000000,-1.586017,6.272874,0.577359,0.000000,-0.000000,0.021825,-1.582392,6.271311,0.574300,-0.013830,-0.000615,-0.013459,0.401580,0.401580,-0.395491,-0.395491,0.411016,0.402108,-0.393543,-0.390458,0.234832,-0.234832,0.234832,-0.234832,0.234010,-0.232446,0.234804,-0.231687,0.422046,0.167061
9.978000,-0.602204,6.481149,0.593700,0.000000,0.000000,0.000000,3.627353,0.000000,-1.586017,6.272874,0.577619,0.000000,-0.000000,0.021478,-1.582547,6.271306,0.574121,-0.012609,0.000574,0.001261,0.401579,0.401579,-0.395490,-0.395490,0.410661,0.401959,-0.393641,-0.390488,0.234832,-0.234832,0.234832,-0.234832,0.233745,-0.232398,0.234767,-0.231774,0.430916,0.170000
9.990000,-0.602204,6.481149,0.593700,0.000000,0.000000,0.000000,3.627353,0.000000,-1.586017,6.272874,0.577874,-0.000000,0.000000,0.021137,-1.582696,6.271307,0.574166,-0.011146,0.001262,0.020752,0.401578,0.401578,-0.395489,-0.395489,0.409922,0.401846,-0.393712,-0.390892,0.234832,-0.234832,0.234832,-0.234832,0.233429,-0.232317,0.234766,-0.231897,0.441723,0.173299
