time,Prx,Pry,Prz,Vrx,Vry,Vrz,Yawr,vYawr,Pbx,Pby,Pbz,Vbx,Vby,Vbz,Pwx,Pwy,Pwz,Vwx,Vwy,Vwz
1.000000,0.000000,0.000000,0.593700,0.000000,0.000000,0.000000,0.000128,0.000000,-0.000126,0.000758,0.596303,-0.005093,0.000948,0.013624,0.008335,-0.001132,0.000006,-0.004268,-0.000104,-0.000000
1.010000,0.007000,0.000001,0.593700,1.000000,0.000128,0.000000,0.000128,0.000000,-0.000150,0.000768,0.596469,-0.024371,0.001059,0.026356,0.008641,-0.001133,0.000004,0.071845,-0.000086,-0.000286
1.020000,0.017000,0.000002,0.593700,1.000000,0.000128,0.000000,0.000128,0.000000,0.000668,0.000774,0.596766,0.021253,0.000656,0.033193,0.012219,-0.001133,-0.000001,0.352105,0.000143,0.000663
1.030000,0.027000,0.000003,0.593700,1.000000,0.000128,0.000000,0.000128,0.000000,0.000943,0.000781,0.597107,0.023855,0.000740,0.036335,0.017020,-0.001133,-0.000002,0.506966,0.000088,0.000643
1.040000,0.037000,0.000005,0.593700,1.000000,0.000128,0.000000,0.000128,0.000000,0.001572,0.000806,0.597493,0.073723,0.001711,0.042216,0.022913,-0.001133,-0.000000,0.594442,-0.000013,-0.001659
1.050000,0.047000,0.000006,0.593700,1.000000,0.000128,0.000000,0.000128,0.000000,0.002710,0.000820,0.597900,0.132237,0.001517,0.035708,0.029278,-0.001133,-0.000007,0.639619,0.000055,0.000869
1.060000,0.057000,0.000007,0.593700,0.999999,0.000128,0.000000,0.000128,0.000000,0.005477,0.000842,0.598199,0.273144,0.001908,0.037351,0.036540,-0.001133,0.000002,0.673794,0.000010,-0.002064
1.070000,0.067000,0.000009,0.593700,0.999999,0.000128,0.000000,0.000128,0.000000,0.007932,0.000855,0.598681,0.284299,0.001285,0.038826,0.042757,-0.001133,-0.000011,0.635109,0.000172,-0.001714
1.080000,0.077000,0.000010,0.593700,0.999999,0.000128,0.000000,0.000128,0.000000,0.010781,0.000868,0.598868,0.322589,0.001294,0.024128,0.048926,-0.001132,-0.000003,0.615994,0.000128,0.000821
1.090000,0.087000,0.000011,0.593700,0.999999,0.000129,0.000000,0.000128,0.000000,0.014123,0.000881,0.599200,0.367961,0.001315,0.031188,0.054915,-0.001131,-0.000004,0.600692,0.000094,-0.001923
1.100000,0.097000,0.000012,0.593700,0.999999,0.000128,0.000000,0.000128,0.000000,0.018621,0.000893,0.599421,0.479782,0.001599,0.017947,0.061374,-0.001129,-0.000007,0.669721,-0.000034,0.002242
1.110000,0.107000,0.000014,0.593700,0.999999,0.000129,0.000000,0.000128,0.000000,0.023311,0.000898,0.599661,0.519309,0.000177,0.023709,0.066992,-0.001128,-0.000002,0.562830,0.000004,-0.000418
1.120000,0.117000,0.000015,0.593700,0.999999,0.000129,0.000000,0.000128,0.000000,0.028372,0.000897,0.599911,0.542878,-0.000019,0.021105,0.072353,-0.001126,-0.000003,0.541809,0.000155,-0.000807
1.130000,0.127000,0.000016,0.593700,0.999999,0.000129,0.000000,0.000128,0.000000,0.034396,0.000902,0.600048,0.627002,0.000743,0.011904,0.078059,-0.001126,-0.000004,0.554633,0.000171,0.001650
1.140000,0.137000,0.000018,0.593700,0.999999,0.000129,0.000000,0.000128,0.000000,0.040467,0.000914,0.600181,0.644379,0.000875,0.013995,0.083165,-0.001125,0.000003,0.522575,0.000121,-0.001069
1.150000,0.147000,0.000019,0.593700,0.999999,0.000129,0.000000,0.000128,0.000000,0.046954,0.000918,0.600313,0.680512,0.000457,0.012998,0.088363,-0.001123,0.000003,0.522942,0.000167,-0.001434
1.162000,0.159000,0.000020,0.593700,0.999999,0.000129,0.000000,0.000128,0.000000,0.055947,0.000923,0.600420,0.780602,0.000682,0.002703,0.095115,-0.001121,-0.000003,0.556361,0.000123,0.001886
1.172000,0.169000,0.000022,0.593700,0.999999,0.000129,0.000000,0.000128,0.000000,0.063600,0.000933,0.600365,0.802049,0.000769,-0.000686,0.100317,-0.001120,0.000009,0.529338,0.000165,0.000293
1.182000,0.179000,0.000023,0.593700,0.999999,0.000129,0.000000,0.000128,0.000000,0.071681,0.000938,0.600436,0.835940,0.000463,0.002734,0.105650,-0.001118,0.000004,0.540021,0.000221,-0.000514
1.192000,0.189000,0.000024,0.593700,0.999999,0.000129,0.000000,0.000128,0.000000,0.080216,0.000942,0.600402,0.877601,0.000461,-0.002805,0.111227,-0.001116,0.000007,0.564686,0.000180,0.000175
1.202000,0.199000,0.000026,0.593700,0.999999,0.000129,0.000000,0.000128,0.000000,0.089218,0.000943,0.600364,0.925690,0.000397,-0.002847,0.117056,-0.001114,0.000009,0.585354,0.000177,-0.000842
1.212000,0.209000,0.000027,0.593700,0.999999,0.000129,0.000000,0.000128,0.000000,0.098708,0.000946,0.600361,0.972329,0.000284,-0.005420,0.123062,-0.001112,0.000005,0.605906,0.000308,-0.000183
1.222000,0.219000,0.000028,0.593700,0.999999,0.000129,0.000000,0.000128,0.000000,0.108679,0.000950,0.600193,1.018744,0.000394,-0.012803,0.129322,-0.001110,0.000010,0.628202,0.000267,0.000883
1.232000,0.229000,0.000029,0.593700,0.999999,0.000129,0.000000,0.000128,0.000000,0.119090,0.000956,0.600150,1.059578,0.000583,-0.007536,0.135723,-0.001108,0.000006,0.643764,0.000237,-0.000754
1.242000,0.239000,0.000031,0.593700,0.999999,0.000129,0.000000,0.000128,0.000000,0.129881,0.000965,0.599981,1.094593,0.000843,-0.016245,0.142369,-0.001106,0.000008,0.668473,0.000201,0.000954
1.252000,0.249000,0.000032,0.593700,0.999999,0.000129,0.000000,0.000128,0.000000,0.141017,0.000970,0.599853,1.127627,0.000543,-0.013820,0.149177,-0.001104,0.000007,0.683803,0.000317,-0.000294
1.262000,0.259000,0.000033,0.593700,0.999999,0.000129,0.000000,0.000128,0.000000,0.152432,0.000979,0.599690,1.149827,0.000734,-0.016966,0.156224,-0.001102,0.000005,0.709496,0.000217,0.001112
1.272000,0.269000,0.000035,0.593700,0.999999,0.000129,0.000000,0.000128,0.000000,0.164051,0.000987,0.599582,1.167587,0.000823,-0.011976,0.163494,-0.001099,0.000003,0.729519,0.000183,0.000345
1.282000,0.279000,0.000036,0.593700,1.000000,0.000128,0.000000,0.000128,0.000000,0.175824,0.000989,0.599437,1.178329,0.000761,-0.008203,0.170959,-0.001096,0.000008,0.750460,0.000066,-0.000900
1.292000,0.289000,0.000037,0.593700,1.000000,0.000128,0.000000,0.000128,0.000000,0.187684,0.000991,0.599400,1.185563,-0.000140,-0.005446,0.178668,-0.001095,0.000000,0.773487,0.000605,-0.000386
1.302000,0.299000,0.000038,0.593700,1.000000,0.000128,0.000000,0.000128,0.000000,0.199615,0.000982,0.599408,1.189043,0.000214,0.002219,0.186575,-0.001091,-0.000001,0.795098,0.000047,-0.002439
1.312000,0.309000,0.000040,0.593700,1.000000,0.000128,0.000000,0.000128,0.000000,0.211560,0.000987,0.599292,1.191027,0.000550,-0.012573,0.194749,-0.001090,-0.000005,0.818297,0.000154,0.002978
1.322000,0.319000,0.000041,0.593700,1.000000,0.000128,0.000000,0.000128,0.000000,0.223507,0.000995,0.599250,1.189141,0.000755,-0.001571,0.203106,-0.001088,-0.000000,0.840431,0.000139,-0.001128
1.332000,0.329000,0.000042,0.593700,1.000000,0.000128,0.000000,0.000128,0.000000,0.235501,0.000997,0.599208,1.192148,-0.000071,-0.005976,0.211739,-0.001085,-0.000007,0.863691,0.000563,0.001579
1.342000,0.339000,0.000044,0.593700,1.000000,0.000128,0.000000,0.000128,0.000000,0.247401,0.000993,0.599152,1.184568,-0.000097,-0.002521,0.220507,-0.001081,-0.000003,0.880811,0.000407,0.000077
1.352000,0.349000,0.000045,0.593700,1.000000,0.000128,0.000000,0.000128,0.000000,0.259255,0.001001,0.599104,1.178813,0.000813,-0.000531,0.229493,-0.001078,0.000001,0.902557,0.000107,-0.000891
1.362000,0.359000,0.000046,0.593700,1.000000,0.000128,0.000000,0.000128,0.000000,0.271060,0.001008,0.599112,1.173977,0.000702,0.000943,0.238725,-0.001076,-0.000001,0.925995,0.000311,-0.000939
1.372000,0.369000,0.000047,0.593700,1.000000,0.000128,0.000000,0.000128,0.000000,0.282821,0.001023,0.599134,1.168975,0.001312,0.001587,0.248197,-0.001073,-0.000005,0.950976,0.000056,-0.000627
1.382000,0.379000,0.000049,0.593700,1.000000,0.000128,0.000000,0.000128,0.000000,0.294541,0.001032,0.599181,1.165619,0.001078,0.004841,0.257864,-0.001071,-0.000005,0.968888,0.000199,-0.001786
1.392000,0.389000,0.000050,0.593700,1.000000,0.000128,0.000000,0.000128,0.000000,0.306214,0.001042,0.599195,1.161666,0.001075,-0.003099,0.267710,-0.001068,-0.000011,0.985522,0.000202,0.001469
1.402000,0.399000,0.000051,0.593700,1.000000,0.000128,0.000000,0.000128,0.000000,0.317841,0.001052,0.599178,1.156693,0.000967,-0.003487,0.277695,-0.001065,-0.000010,1.001016,0.000245,0.001404
1.414000,0.411000,0.000053,0.593700,1.000000,0.000128,0.000000,0.000128,0.000000,0.331726,0.001062,0.599152,1.150823,0.000697,0.002412,0.289826,-0.001061,-0.000003,1.014584,0.000390,-0.001294
1.424000,0.421000,0.000054,0.593700,1.000000,0.000128,0.000000,0.000128,0.000000,0.343239,0.001070,0.599112,1.146393,0.000766,-0.000255,0.300051,-0.001058,-0.000003,1.023487,0.000382,-0.000184
1.434000,0.431000,0.000055,0.593700,1.000000,0.000128,0.000000,0.000128,0.000000,0.354697,0.001079,0.599125,1.140845,0.000668,-0.000114,0.310399,-0.001054,-0.000004,1.035858,0.000426,0.000017
1.444000,0.441000,0.000057,0.593700,1.000000,0.000128,0.000000,0.000128,0.000000,0.366103,0.001087,0.599168,1.135301,0.000697,0.004923,0.320853,-0.001051,-0.000003,1.048147,0.000362,-0.001735
1.454000,0.451000,0.000058,0.593700,1.000000,0.000128,0.000000,0.000128,0.000000,0.377462,0.001096,0.599145,1.131442,0.000907,-0.000070,0.331417,-0.001047,-0.000003,1.057380,0.000279,-0.000064
1.464000,0.461000,0.000059,0.593700,1.000000,0.000128,0.000000,0.000128,0.000000,0.388775,0.001102,0.599140,1.127607,0.000752,-0.000192,0.342054,-0.001043,-0.000004,1.063669,0.000340,0.000071
1.474000,0.471000,0.000060,0.593700,1.000000,0.000128,0.000000,0.000128,0.000000,0.400040,0.001108,0.599174,1.122482,0.000438,-0.000558,0.352767,-0.001040,-0.000007,1.072606,0.000469,0.000699
1.484000,0.481000,0.000062,0.593700,1.000000,0.000128,0.000000,0.000128,0.000000,0.411264,0.001114,0.599210,1.118230,0.000392,0.004448,0.363549,-0.001036,-0.000004,1.079652,0.000512,-0.001466
1.494000,0.491000,0.000063,0.593700,1.000000,0.000128,0.000000,0.000128,0.000000,0.422443,0.001121,0.599206,1.114767,0.000593,-0.000346,0.374394,-0.001031,-0.000005,1.084653,0.000371,0.000232
1.504000,0.501000,0.000064,0.593700,1.000000,0.000128,0.000000,0.000128,0.000000,0.433582,0.001125,0.599238,1.110722,0.000406,0.003247,0.385278,-0.001027,-0.000005,1.088687,0.000472,-0.001062
1.514000,0.511000,0.000066,0.593700,1.000000,0.000128,0.000000,0.000128,0.000000,0.444682,0.001134,0.599266,1.106618,0.000816,0.003471,0.396210,-0.001023,-0.000005,1.093955,0.000253,-0.001123
1.524000,0.521000,0.000067,0.593700,1.000000,0.000128,0.000000,0.000128,0.000000,0.455747,0.001136,0.599246,1.103631,0.000232,-0.000172,0.407171,-0.001019,-0.000004,1.096156,0.000600,-0.000032
1.534000,0.531000,0.000068,0.593700,1.000000,0.000128,0.000000,0.000128,0.000000,0.466773,0.001142,0.599242,1.100376,0.000509,0.001053,0.418126,-0.001014,-0.000003,1.095156,0.000444,-0.000458
1.544000,0.541000,0.000069,0.593700,1.000000,0.000128,0.000000,0.000128,0.000000,0.477759,0.001146,0.599296,1.096000,0.000283,0.001448,0.429116,-0.001010,-0.000006,1.099171,0.000517,-0.000224
1.554000,0.551000,0.000071,0.593700,1.000000,0.000128,0.000000,0.000128,0.000000,0.488713,0.001153,0.599351,1.092165,0.000717,0.004464,0.440140,-0.001005,-0.000008,1.103510,0.000248,-0.001213
1.564000,0.561000,0.000072,0.593700,1.000000,0.000128,0.000000,0.000128,0.000000,0.499635,0.001154,0.599335,1.089842,0.000186,-0.001614,0.451194,-0.001001,-0.000008,1.105186,0.000565,0.000671
1.574000,0.571000,0.000073,0.593700,1.000000,0.000128,0.000000,0.000128,0.000000,0.510535,0.001134,0.599300,1.088167,-0.002620,0.000204,0.462210,-0.000999,-0.000003,1.100288,0.001862,-0.000454
1.584000,0.581000,0.000075,0.593700,1.000000,0.000128,0.000000,0.000128,0.000000,0.521405,0.001145,0.599341,1.084538,0.000459,0.000469,0.473221,-0.000992,-0.000006,1.100476,0.000156,0.000033
1.594000,0.591000,0.000076,0.593700,1.000000,0.000128,0.000000,0.000128,0.000000,0.532235,0.001151,0.599385,1.080374,0.000971,0.003509,0.484232,-0.000988,-0.000007,1.102065,0.000009,-0.000945
1.604000,0.601000,0.000077,0.593700,1.000000,0.000128,0.000000,0.000128,0.000000,0.543033,0.001152,0.599373,1.077658,0.000337,-0.000985,0.495258,-0.000985,-0.000007,1.102384,0.000383,0.000397
1.614000,0.611000,0.000078,0.593700,1.000000,0.000129,0.000000,0.000128,0.000000,0.553807,0.001151,0.599342,1.075952,-0.000020,-0.002633,0.506264,-0.000981,-0.000004,1.099091,0.000549,0.000633
1.624000,0.621000,0.000080,0.593700,1.000000,0.000128,0.000000,0.000128,0.000000,0.564541,0.001162,0.599326,1.072189,0.000564,-0.005196,0.517235,-0.000976,-0.000005,1.097387,0.000269,0.001655
1.634000,0.631000,0.000081,0.593700,1.000000,0.000128,0.000000,0.000128,0.000000,0.575250,0.001145,0.599306,1.069364,-0.000521,0.005292,0.528195,-0.000970,0.000002,1.096017,0.000558,-0.002552
1.644000,0.641000,0.000082,0.593700,1.000000,0.000128,0.000000,0.000128,0.000000,0.585933,0.001147,0.599435,1.066226,0.000562,0.009280,0.539162,-0.000964,-0.000005,1.097249,-0.000042,-0.002775
1.654000,0.651000,0.000084,0.593700,1.000000,0.000128,0.000000,0.000128,0.000000,0.596595,0.001175,0.599335,1.064160,0.003786,-0.006480,0.550168,-0.000960,-0.000003,1.099488,-0.001091,0.001914
1.664000,0.661000,0.000085,0.593700,1.000000,0.000128,0.000000,0.000128,0.000000,0.607218,0.001180,0.599354,1.061065,0.001176,-0.003326,0.561181,-0.000959,-0.000007,1.102327,0.000386,0.001285
1.676000,0.673000,0.000086,0.593700,1.000000,0.000128,0.000000,0.000128,0.000000,0.619958,0.001191,0.599363,1.059316,0.001165,-0.002167,0.574392,-0.000954,-0.000009,1.101841,0.000262,0.001497
1.686000,0.683000,0.000088,0.593700,1.000000,0.000128,0.000000,0.000128,0.000000,0.630553,0.001200,0.599390,1.058260,0.000967,0.010551,0.585372,-0.000951,0.000003,1.097256,0.000235,-0.004303
1.696000,0.693000,0.000089,0.593700,1.000000,0.000128,0.000000,0.000128,0.000000,0.641129,0.001203,0.599269,1.056608,0.000566,-0.009338,0.596360,-0.000948,-0.000000,1.096784,0.000355,0.002826
1.706000,0.703000,0.000090,0.593700,1.000000,0.000128,0.000000,0.000128,0.000000,0.651685,0.001207,0.599344,1.053862,0.000196,0.004348,0.607317,-0.000945,-0.000002,1.096339,0.000462,-0.001381
1.716000,0.713000,0.000091,0.593700,1.000000,0.000128,0.000000,0.000128,0.000000,0.662218,0.001212,0.599427,1.051878,0.000396,-0.006756,0.618266,-0.000941,-0.000018,1.095618,0.000183,0.004343
1.726000,0.723000,0.000093,0.593700,1.000000,0.000128,0.000000,0.000128,0.000000,0.672743,0.001217,0.599306,1.051812,0.000612,0.003885,0.629144,-0.000938,0.000009,1.086069,0.000172,-0.002859
1.736000,0.733000,0.000094,0.593700,1.000000,0.000128,0.000000,0.000128,0.000000,0.683237,0.001218,0.599288,1.048344,0.000414,-0.003079,0.640006,-0.000935,-0.000000,1.085410,0.000223,0.001034
1.746000,0.743000,0.000095,0.593700,1.000000,0.000128,0.000000,0.000128,0.000000,0.693709,0.001218,0.599347,1.045593,-0.000274,-0.002763,0.650864,-0.000932,-0.000007,1.086461,0.000475,0.001838
1.756000,0.753000,0.000097,0.593700,1.000000,0.000128,0.000000,0.000128,0.000000,0.704164,0.001218,0.599346,1.044645,-0.000129,0.003496,0.661702,-0.000929,0.000002,1.083007,0.000401,-0.001571
1.766000,0.763000,0.000098,0.593700,1.000000,0.000128,0.000000,0.000128,0.000000,0.714598,0.001222,0.599349,1.042679,0.000296,0.001038,0.672514,-0.000926,-0.000000,1.080586,0.000144,-0.000489
1.776000,0.773000,0.000099,0.593700,1.000000,0.000128,0.000000,0.000128,0.000000,0.725017,0.001220,0.599273,1.041708,0.000299,-0.008386,0.683295,-0.000923,-0.000001,1.076234,0.000149,0.002862
1.786000,0.783000,0.000100,0.593700,1.000000,0.000128,0.000000,0.000128,0.000000,0.735417,0.001222,0.599362,1.038814,0.000382,0.007052,0.694016,-0.000920,-0.000000,1.073113,0.000023,-0.002375
1.796000,0.793000,0.000102,0.593700,1.000000,0.000128,0.000000,0.000128,0.000000,0.745793,0.001218,0.599353,1.036747,-0.000388,-0.000837,0.704750,-0.000919,-0.000003,1.073219,0.000507,0.000470
1.806000,0.803000,0.000103,0.593700,1.000000,0.000128,0.000000,0.000128,0.000000,0.756156,0.001220,0.599255,1.036359,0.000063,-0.002660,0.715437,-0.000916,0.000005,1.066819,0.000258,0.000138
1.816000,0.813000,0.000104,0.593700,1.000000,0.000128,0.000000,0.000128,0.000000,0.766501,0.001218,0.599253,1.034216,-0.000155,-0.004000,0.726085,-0.000914,0.000002,1.064051,0.000325,0.001191
1.826000,0.823000,0.000106,0.593700,1.000000,0.000128,0.000000,0.000128,0.000000,0.776829,0.001223,0.599274,1.031956,0.000434,0.000934,0.736688,-0.000911,-0.000000,1.060985,-0.000065,-0.000148
1.836000,0.833000,0.000107,0.593700,1.000000,0.000128,0.000000,0.000128,0.000000,0.787137,0.001222,0.599254,1.030560,0.000266,0.005211,0.747263,-0.000909,0.000008,1.056851,0.000065,-0.002502
1.846000,0.843000,0.000108,0.593700,1.000000,0.000128,0.000000,0.000128,0.000000,0.797427,0.001220,0.599235,1.028536,-0.000281,-0.007959,0.757844,-0.000907,-0.000003,1.057577,0.000337,0.003200
1.856000,0.853000,0.000109,0.593700,1.000000,0.000128,0.000000,0.000128,0.000000,0.807705,0.001218,0.599214,1.027503,-0.000437,-0.005666,0.768396,-0.000905,-0.000001,1.055067,0.000355,0.002139
1.866000,0.863000,0.000111,0.593700,1.000000,0.000128,0.000000,0.000128,0.000000,0.817968,0.001218,0.599226,1.025970,-0.000299,0.004773,0.778905,-0.000903,0.000005,1.051229,0.000330,-0.001985
1.876000,0.873000,0.000112,0.593700,1.000000,0.000128,0.000000,0.000128,0.000000,0.828213,0.001218,0.599179,1.024575,-0.000703,-0.004830,0.789419,-0.000901,0.000004,1.050395,0.000490,0.001448
1.886000,0.883000,0.000113,0.593700,1.000000,0.000128,0.000000,0.000128,0.000000,0.838447,0.001244,0.599165,1.023496,0.001694,-0.004143,0.799907,-0.000899,0.000003,1.048180,-0.000200,0.001146
1.896000,0.893000,0.000115,0.593700,1.000000,0.000128,0.000000,0.000128,0.000000,0.848665,0.001245,0.599204,1.021829,0.000648,0.007170,0.810356,-0.000896,0.000006,1.045768,0.000073,-0.002943
1.906000,0.903000,0.000116,0.593700,1.000000,0.000128,0.000000,0.000128,0.000000,0.858879,0.001218,0.599139,1.021605,-0.001147,0.001710,0.820794,-0.000894,0.000009,1.042499,0.000272,-0.001316
1.916000,0.913000,0.000117,0.593700,1.000000,0.000128,0.000000,0.000128,0.000000,0.869076,0.001210,0.599105,1.020232,-0.003472,-0.007956,0.831213,-0.000895,0.000001,1.041228,0.001888,0.002965
1.928000,0.925000,0.000119,0.593700,1.000000,0.000128,0.000000,0.000128,0.000000,0.881300,0.001230,0.599110,1.018456,0.000417,-0.003450,0.843670,-0.000890,0.000002,1.038416,0.000213,0.001321
1.938000,0.935000,0.000120,0.593700,1.000000,0.000128,0.000000,0.000128,0.000000,0.891478,0.001237,0.599173,1.017051,0.003340,0.010087,0.854024,-0.000884,0.000005,1.036793,-0.001607,-0.003635
1.948000,0.945000,0.000121,0.593700,1.000000,0.000128,0.000000,0.000128,0.000000,0.901635,0.001232,0.599060,1.016810,0.000581,-0.000794,0.864374,-0.000885,0.000010,1.033527,0.000021,-0.000716
1.958000,0.955000,0.000122,0.593700,1.000000,0.000128,0.000000,0.000128,0.000000,0.911789,0.001223,0.599067,1.015857,-0.000854,0.000564,0.874689,-0.000884,0.000007,1.031097,0.000646,-0.000624
1.968000,0.965000,0.000124,0.593700,1.000000,0.000128,0.000000,0.000128,0.000000,0.921941,0.001231,0.599156,1.014602,0.002912,0.003719,0.884995,-0.000878,-0.000003,1.031374,-0.001531,-0.000370
1.978000,0.975000,0.000125,0.593700,1.000000,0.000128,0.000000,0.000128,0.000000,0.932084,0.001204,0.599200,1.014545,-0.000680,0.002463,0.895286,-0.000879,-0.000002,1.028811,0.000298,-0.000463
1.988000,0.985000,0.000126,0.593700,1.000000,0.000128,0.000000,0.000128,0.000000,0.942221,0.001205,0.599160,1.014290,0.000093,-0.005279,0.905539,-0.000877,-0.000003,1.024730,0.000054,0.001944
1.998000,0.995000,0.000128,0.593700,1.000000,0.000128,0.000000,0.000128,0.000000,0.952350,0.001205,0.599116,1.013695,-0.000209,-0.002426,0.915748,-0.000875,0.000002,1.020167,0.000287,0.000360
2.008000,1.005000,0.000129,0.593700,1.000000,0.000128,0.000000,0.000128,0.000000,0.962470,0.001206,0.599078,1.012421,0.000076,-0.000189,0.925927,-0.000873,0.000006,1.017964,0.000253,-0.000705
2.018000,1.015000,0.000130,0.593700,1.000000,0.000128,0.000000,0.000128,0.000000,0.972578,0.001210,0.599032,1.011510,0.000332,-0.005571,0.936087,-0.000871,0.000003,1.015908,0.000140,0.001590
2.030000,1.027000,0.000132,0.593700,1.000000,0.000128,0.000000,0.000128,0.000000,0.984698,0.001213,0.599008,1.010591,0.000462,-0.003131,0.948241,-0.000868,0.000003,1.012299,0.000131,0.000976
2.042000,1.039000,0.000133,0.593700,1.000000,0.000128,0.000000,0.000128,0.000000,0.996808,0.001215,0.599051,1.009514,0.000179,0.002818,0.960391,-0.000865,0.000003,1.012378,0.000312,-0.001084
2.054000,1.051000,0.000135,0.593700,1.000000,0.000128,0.000000,0.000128,0.000000,1.008909,0.001220,0.599123,1.008845,0.000349,-0.000334,0.972531,-0.000862,-0.000005,1.012008,0.000179,0.000772
2.064000,1.061000,0.000136,0.593700,1.000000,0.000128,0.000000,0.000128,0.000000,1.018991,0.001224,0.599139,1.008087,0.000564,0.003898,0.982630,-0.000859,0.000001,1.010938,0.000116,-0.001787
2.076000,1.073000,0.000138,0.593700,1.000000,0.000128,0.000000,0.000128,0.000000,1.031090,0.001225,0.599037,1.009108,0.000253,-0.000149,0.994719,-0.000856,0.000006,1.005337,0.000345,-0.001090
2.088000,1.085000,0.000139,0.593700,1.000000,0.000128,0.000000,0.000128,0.000000,1.043177,0.001230,0.599042,1.007604,0.000325,-0.005620,1.006816,-0.000852,-0.000002,1.007676,0.000336,0.001868
2.100000,1.097000,0.000141,0.593700,1.000000,0.000128,0.000000,0.000128,0.000000,1.055346,0.001237,0.599053,1.011173,0.000653,-0.010069,1.018966,-0.000848,-0.000006,1.007937,0.000215,0.003895
2.112000,1.109000,0.000142,0.593700,1.000000,0.000128,0.000000,0.000128,0.000000,1.067421,0.001243,0.599016,1.006419,0.000547,-0.003197,1.031012,-0.000844,-0.000001,1.005768,0.000263,0.001016
2.124000,1.121000,0.000144,0.593700,1.000000,0.000128,0.000000,0.000128,0.000000,1.079478,0.001246,0.599042,1.004219,0.000173,0.004746,1.043077,-0.000840,0.000002,1.007842,0.000467,-0.001973
2.136000,1.133000,0.000145,0.593700,1.000000,0.000128,0.000000,0.000128,0.000000,1.091536,0.001250,0.599019,1.004980,0.000286,0.004133,1.055172,-0.000834,0.000004,1.007926,0.000397,-0.002051
2.148000,1.145000,0.000147,0.593700,1.000000,0.000128,0.000000,0.000128,0.000000,1.103595,0.001253,0.599003,1.005589,0.000268,-0.001331,1.067292,-0.000829,0.000002,1.008963,0.000457,0.000079
2.160000,1.157000,0.000148,0.593700,1.000000,0.000128,0.000000,0.000128,0.000000,1.115659,0.001256,0.599046,1.005629,0.000406,-0.002052,1.079433,-0.000823,-0.000004,1.011543,0.000397,0.000961
2.172000,1.169000,0.000150,0.593700,1.000000,0.000128,0.000000,0.000128,0.000000,1.127729,0.001258,0.599061,1.005854,0.000148,-0.002574,1.091591,-0.000818,-0.000005,1.013887,0.000557,0.001055
2.184000,1.181000,0.000151,0.593700,1.000000,0.000128,0.000000,0.000128,0.000000,1.139805,0.001261,0.599087,1.006005,-0.000054,0.002863,1.103741,-0.000812,-0.000004,1.013785,0.000644,-0.000926
2.196000,1.193000,0.000153,0.593700,1.000000,0.000128,0.000000,0.000128,0.000000,1.151883,0.001265,0.599061,1.006478,0.000185,0.001922,1.115881,-0.000805,-0.000001,1.011843,0.000518,-0.001024
2.208000,1.205000,0.000155,0.593700,1.000000,0.000128,0.000000,0.000128,0.000000,1.164018,0.001252,0.599130,1.012580,0.000071,0.013120,1.128047,-0.000797,0.000005,1.015866,0.000072,-0.005474
2.220000,1.217000,0.000156,0.593700,1.000000,0.000128,0.000000,0.000128,0.000000,1.176111,0.001261,0.599046,1.009284,-0.000137,-0.001636,1.140131,-0.000794,0.000001,1.004164,0.000528,-0.000088
2.232000,1.229000,0.000158,0.593700,1.000000,0.000128,0.000000,0.000128,0.000000,1.188172,0.001289,0.599074,1.005217,0.000941,-0.004385,1.152211,-0.000789,-0.000006,1.007520,0.000504,0.001649
2.244000,1.241000,0.000159,0.593700,1.000000,0.000128,0.000000,0.000128,0.000000,1.200230,0.001291,0.599107,1.004393,0.000256,-0.000941,1.164324,-0.000783,-0.000006,1.011036,0.000560,0.000504
2.256000,1.253000,0.000161,0.593700,1.000000,0.000128,0.000000,0.000128,0.000000,1.212309,0.001275,0.599161,1.004920,0.000115,0.008379,1.176452,-0.000777,-0.000003,1.012731,0.000247,-0.002934
2.268000,1.265000,0.000162,0.593700,1.000000,0.000128,0.000000,0.000128,0.000000,1.224367,0.001295,0.599137,1.005095,0.000520,0.003113,1.188627,-0.000772,-0.000001,1.014757,0.000524,-0.001700
2.280000,1.277000,0.000164,0.593700,1.000000,0.000128,0.000000,0.000128,0.000000,1.236489,0.001294,0.599153,1.011728,-0.000075,0.009033,1.200841,-0.000766,0.000004,1.017975,0.000716,-0.004385
2.292000,1.289000,0.000165,0.593700,1.000000,0.000128,0.000000,0.000128,0.000000,1.248590,0.001289,0.599096,1.009460,-0.000636,-0.005955,1.212996,-0.000760,-0.000004,1.010022,0.000585,0.001944
2.304000,1.301000,0.000167,0.593700,1.000000,0.000129,0.000000,0.000128,0.000000,1.260679,0.001282,0.599018,1.006818,-0.001145,-0.008142,1.225091,-0.000756,-0.000001,1.008080,0.000952,0.002347
2.316000,1.313000,0.000168,0.593700,1.000000,0.000128,0.000000,0.000128,0.000000,1.272795,0.001315,0.599119,1.007203,0.001747,0.001819,1.237234,-0.000753,-0.000007,1.012358,0.000274,0.000056
2.326000,1.323000,0.000170,0.593700,1.000000,0.000128,0.000000,0.000128,0.000000,1.282836,0.001328,0.599161,1.004305,0.000938,0.009014,1.247315,-0.000747,-0.000000,1.009272,0.000464,-0.003417
2.338000,1.335000,0.000171,0.593700,1.000000,0.000128,0.000000,0.000128,0.000000,1.294886,0.001326,0.599046,1.004127,0.000107,-0.002503,1.259460,-0.000742,0.000003,1.010899,0.000596,0.000001
2.350000,1.347000,0.000173,0.593700,1.000000,0.000128,0.000000,0.000128,0.000000,1.306940,0.001299,0.599062,1.004135,-0.003763,-0.004820,1.271656,-0.000738,-0.000004,1.016717,0.002216,0.001831
2.362000,1.359000,0.000174,0.593700,1.000000,0.000128,0.000000,0.000128,0.000000,1.318996,0.001322,0.599155,1.003474,0.000252,-0.002289,1.283896,-0.000729,-0.000012,1.023122,0.000384,0.002005
2.374000,1.371000,0.000176,0.593700,1.000000,0.000128,0.000000,0.000128,0.000000,1.331064,0.001316,0.599154,1.004902,-0.001003,0.002254,1.296153,-0.000725,-0.000007,1.022398,0.000923,-0.000365
2.386000,1.383000,0.000177,0.593700,1.000000,0.000128,0.000000,0.000128,0.000000,1.343141,0.001318,0.599033,1.006137,0.000033,0.008187,1.308383,-0.000718,0.000010,1.017828,0.000344,-0.004211
2.398000,1.395000,0.000179,0.593700,1.000000,0.000128,0.000000,0.000128,0.000000,1.355207,0.001313,0.599139,1.005067,-0.000179,0.006319,1.320650,-0.000713,-0.000002,1.021876,0.000438,-0.001791
2.410000,1.407000,0.000180,0.593700,1.000000,0.000128,0.000000,0.000128,0.000000,1.367282,0.001310,0.599064,1.006597,-0.000166,-0.013518,1.332937,-0.000708,-0.000005,1.021836,0.000403,0.004779
2.422000,1.419000,0.000182,0.593700,1.000000,0.000128,0.000000,0.000128,0.000000,1.379358,0.001305,0.599071,1.005823,-0.000390,-0.002891,1.345172,-0.000704,-0.000002,1.020249,0.000478,0.001115
2.434000,1.431000,0.000183,0.593700,1.000000,0.000128,0.000000,0.000128,0.000000,1.391429,0.001305,0.599109,1.004967,-0.000237,-0.001708,1.357401,-0.000699,-0.000009,1.020721,0.000306,0.001772
2.446000,1.443000,0.000185,0.593700,1.000000,0.000128,0.000000,0.000128,0.000000,1.403496,0.001303,0.599124,1.005093,-0.000355,0.009010,1.369605,-0.000696,0.000002,1.016978,0.000332,-0.003232
2.458000,1.455000,0.000187,0.593700,1.000000,0.000128,0.000000,0.000128,0.000000,1.415559,0.001301,0.599115,1.004976,0.000117,0.004306,1.381813,-0.000692,0.000003,1.016370,0.000146,-0.001813
2.470000,1.467000,0.000188,0.593700,1.000000,0.000128,0.000000,0.000128,0.000000,1.427619,0.001297,0.599074,1.005079,-0.000112,-0.005322,1.394020,-0.000689,0.000000,1.015664,0.000287,0.001737
2.482000,1.479000,0.000190,0.593700,1.000000,0.000128,0.000000,0.000128,0.000000,1.439676,0.001295,0.599050,1.004978,0.000103,-0.007064,1.406188,-0.000685,-0.000002,1.012929,0.000146,0.002639
2.494000,1.491000,0.000191,0.593700,1.000000,0.000128,0.000000,0.000128,0.000000,1.451726,0.001293,0.599072,1.003800,-0.000251,-0.005191,1.418325,-0.000683,-0.000004,1.012302,0.000263,0.002435
2.506000,1.503000,0.000193,0.593700,1.000000,0.000128,0.000000,0.000128,0.000000,1.463767,0.001292,0.599154,1.002703,-0.000188,0.008376,1.430460,-0.000680,0.000001,1.012697,0.000224,-0.002864
2.518000,1.515000,0.000194,0.593700,1.000000,0.000128,0.000000,0.000128,0.000000,1.475805,0.001289,0.599069,1.003185,-0.000345,0.000314,1.442607,-0.000678,0.000003,1.011222,0.000360,-0.000492
2.530000,1.527000,0.000196,0.593700,1.000000,0.000128,0.000000,0.000128,0.000000,1.487839,0.001289,0.599017,1.003230,0.000024,0.000471,1.454718,-0.000675,0.000008,1.007595,0.000198,-0.000889
2.542000,1.539000,0.000197,0.593700,1.000000,0.000128,0.000000,0.000128,0.000000,1.499869,0.001287,0.598960,1.003170,-0.000643,-0.007612,1.466812,-0.000673,0.000005,1.005555,0.000499,0.002260
2.554000,1.551000,0.000199,0.593700,1.000000,0.000128,0.000000,0.000128,0.000000,1.511889,0.001280,0.599010,1.001606,-0.003353,-0.002115,1.478865,-0.000674,0.000002,1.005026,0.002172,0.000953
2.566000,1.563000,0.000200,0.593700,1.000000,0.000128,0.000000,0.000128,0.000000,1.523902,0.001285,0.599032,1.000718,-0.000311,-0.001131,1.490917,-0.000667,-0.000002,1.005452,0.000153,0.001137
2.576000,1.573000,0.000202,0.593700,1.000000,0.000128,0.000000,0.000128,0.000000,1.533908,0.001286,0.599028,1.000724,0.000154,0.008063,1.500950,-0.000665,0.000009,1.003392,0.000038,-0.003473
2.588000,1.585000,0.000203,0.593700,1.000000,0.000128,0.000000,0.000128,0.000000,1.545906,0.001306,0.598939,1.000868,0.000476,-0.001566,1.512991,-0.000663,0.000010,1.001278,0.000219,-0.000328
2.600000,1.597000,0.000205,0.593700,1.000000,0.000128,0.000000,0.000128,0.000000,1.557908,0.001286,0.598951,1.000564,-0.000926,-0.004445,1.525016,-0.000658,0.000002,1.001367,0.000124,0.001766
2.612000,1.609000,0.000206,0.593700,1.000000,0.000128,0.000000,0.000128,0.000000,1.569903,0.001297,0.598969,0.999532,0.000421,-0.003696,1.537029,-0.000658,0.000000,1.001876,0.000158,0.001611
2.624000,1.621000,0.000208,0.593700,1.000000,0.000128,0.000000,0.000128,0.000000,1.581889,0.001301,0.599003,0.998877,0.000280,0.003755,1.549032,-0.000655,0.000001,1.002047,0.000196,-0.000889
2.636000,1.633000,0.000209,0.593700,1.000000,0.000128,0.000000,0.000128,0.000000,1.593887,0.001300,0.598960,0.999544,0.003030,0.005248,1.561030,-0.000649,0.000006,0.999497,-0.001663,-0.002092
2.648000,1.645000,0.000211,0.593700,1.000000,0.000128,0.000000,0.000128,0.000000,1.605877,0.001271,0.598919,0.999724,-0.000553,0.002724,1.573003,-0.000649,0.000009,0.996544,0.000132,-0.001383
2.660000,1.657000,0.000212,0.593700,1.000000,0.000128,0.000000,0.000128,0.000000,1.617848,0.001285,0.598887,0.998648,-0.000310,-0.006579,1.584994,-0.000649,0.000005,0.998386,0.000569,0.002001
2.672000,1.669000,0.000214,0.593700,1.000000,0.000128,0.000000,0.000128,0.000000,1.629824,0.001285,0.599038,0.998293,-0.001074,0.005908,1.596986,-0.000647,-0.000001,1.000089,0.000872,-0.001409
2.684000,1.681000,0.000216,0.593700,1.000000,0.000128,0.000000,0.000128,0.000000,1.641820,0.001265,0.599044,0.999885,-0.000753,-0.001532,1.608967,-0.000643,-0.000004,0.997334,0.000197,0.001100
2.696000,1.693000,0.000217,0.593700,1.000000,0.000128,0.000000,0.000128,0.000000,1.653809,0.001267,0.598967,0.999901,0.000274,-0.000918,1.620878,-0.000640,0.000004,0.991519,-0.000042,-0.000393
2.708000,1.705000,0.000219,0.593700,1.000000,0.000128,0.000000,0.000128,0.000000,1.665787,0.001266,0.598925,0.998671,0.000032,0.000056,1.632726,-0.000638,0.000005,0.987785,0.000249,-0.000487
2.720000,1.717000,0.000220,0.593700,1.000000,0.000128,0.000000,0.000128,0.000000,1.677757,0.001268,0.598910,0.997795,0.000237,-0.001902,1.644576,-0.000636,0.000003,0.987528,0.000242,0.000511
2.732000,1.729000,0.000222,0.593700,1.000000,0.000128,0.000000,0.000128,0.000000,1.689723,0.001273,0.598895,0.997627,0.000451,-0.005069,1.656453,-0.000633,0.000001,0.989547,0.000120,0.001873
2.744000,1.741000,0.000223,0.593700,1.000000,0.000128,0.000000,0.000128,0.000000,1.701689,0.001275,0.598946,0.997506,0.000168,0.003277,1.668337,-0.000630,0.000001,0.990853,0.000299,-0.001016
2.756000,1.753000,0.000225,0.593700,1.000000,0.000128,0.000000,0.000128,0.000000,1.713655,0.001280,0.599003,0.997722,0.000396,-0.001434,1.680223,-0.000627,-0.000006,0.991055,0.000150,0.001305
2.768000,1.765000,0.000226,0.593700,1.000000,0.000128,0.000000,0.000128,0.000000,1.725696,0.001286,0.599030,1.003001,0.000632,-0.002142,1.692129,-0.000624,-0.000009,0.991588,0.000115,0.001645
2.780000,1.777000,0.000228,0.593700,1.000000,0.000128,0.000000,0.000128,0.000000,1.737670,0.001297,0.598931,0.998720,0.000679,0.001730,1.703895,-0.000622,0.000006,0.980485,0.000262,-0.001565
2.792000,1.789000,0.000229,0.593700,1.000000,0.000128,0.000000,0.000128,0.000000,1.749624,0.001302,0.598875,0.997141,0.000329,-0.003785,1.715686,-0.000618,0.000005,0.981173,0.000369,0.000594
2.804000,1.801000,0.000231,0.593700,1.000000,0.000128,0.000000,0.000128,0.000000,1.761571,0.001304,0.598917,0.995683,0.000288,-0.004015,1.727518,-0.000614,-0.000003,0.987564,0.000334,0.001743
2.816000,1.813000,0.000232,0.593700,1.000000,0.000128,0.000000,0.000128,0.000000,1.773525,0.001305,0.598935,0.996060,0.000250,-0.002255,1.739403,-0.000609,-0.000004,0.992282,0.000341,0.001135
2.826000,1.823000,0.000234,0.593700,1.000000,0.000128,0.000000,0.000128,0.000000,1.783497,0.001307,0.598923,0.997269,0.000145,0.006163,1.749297,-0.000605,0.000006,0.990052,0.000388,-0.002845
2.838000,1.835000,0.000235,0.593700,1.000000,0.000128,0.000000,0.000128,0.000000,1.795461,0.001308,0.598919,0.997641,0.000114,-0.001627,1.761224,-0.000600,0.000001,0.993296,0.000456,0.000369
2.850000,1.847000,0.000237,0.593700,1.000000,0.000128,0.000000,0.000128,0.000000,1.807439,0.001310,0.598900,0.999145,0.000187,-0.004163,1.773163,-0.000594,-0.000000,0.993382,0.000477,0.001277
2.862000,1.859000,0.000238,0.593700,1.000000,0.000128,0.000000,0.000128,0.000000,1.819423,0.001310,0.598934,0.998921,-0.000030,-0.002381,1.785098,-0.000589,-0.000003,0.995154,0.000575,0.000979
2.874000,1.871000,0.000240,0.593700,1.000000,0.000128,0.000000,0.000128,0.000000,1.831409,0.001312,0.598985,0.998443,-0.000162,0.003377,1.797032,-0.000583,-0.000004,0.996576,0.000592,-0.000855
2.886000,1.883000,0.000241,0.593700,1.000000,0.000128,0.000000,0.000128,0.000000,1.843402,0.001315,0.598973,0.999177,0.000119,0.003036,1.808987,-0.000577,-0.000001,0.996742,0.000440,-0.001250
2.898000,1.895000,0.000243,0.593700,1.000000,0.000128,0.000000,0.000128,0.000000,1.855401,0.001316,0.598971,1.000070,0.000240,0.002832,1.820935,-0.000571,-0.000000,0.995024,0.000457,-0.001233
2.910000,1.907000,0.000244,0.593700,1.000000,0.000128,0.000000,0.000128,0.000000,1.867401,0.001318,0.598981,1.000254,0.000178,-0.004116,1.832932,-0.000566,-0.000005,0.999136,0.000487,0.001526
2.922000,1.919000,0.000246,0.593700,1.000000,0.000128,0.000000,0.000128,0.000000,1.879494,0.001324,0.598997,1.005081,0.000690,-0.009346,1.844980,-0.000560,-0.000008,0.998733,0.000263,0.003645
2.934000,1.931000,0.000248,0.593700,1.000000,0.000128,0.000000,0.000128,0.000000,1.891688,0.001302,0.599259,1.016020,-0.002943,0.009636,1.857049,-0.000557,-0.000027,1.007188,0.001780,-0.000465
2.946000,1.943000,0.000249,0.593700,1.000000,0.000128,0.000000,0.000128,0.000000,1.903708,0.001330,0.598984,1.001921,0.000986,-0.000248,1.868857,-0.000552,0.000005,0.986480,0.000314,-0.001433
2.958000,1.955000,0.000251,0.593700,1.000000,0.000128,0.000000,0.000128,0.000000,1.915658,0.001347,0.598956,0.995972,0.003465,0.000720,1.880729,-0.000543,0.000004,0.991652,-0.001243,-0.001066
2.970000,1.967000,0.000252,0.593700,1.000000,0.000128,0.000000,0.000128,0.000000,1.927608,0.001326,0.598987,0.996262,-0.000946,0.001505,1.892687,-0.000541,-0.000001,0.996670,0.000747,-0.000658
2.982000,1.979000,0.000254,0.593700,1.000000,0.000128,0.000000,0.000128,0.000000,1.939571,0.001323,0.599044,0.996827,-0.002877,-0.004035,1.904744,-0.000539,-0.000009,1.006156,0.002077,0.001979
2.994000,1.991000,0.000255,0.593700,1.000000,0.000128,0.000000,0.000128,0.000000,1.951564,0.001343,0.599057,0.999071,0.000706,-0.001374,1.916836,-0.000531,-0.000006,1.008367,0.000387,0.000662
3.006000,2.003000,0.000257,0.593700,1.000000,0.000128,0.000000,0.000128,0.000000,1.963578,0.001325,0.599027,1.001070,-0.000076,-0.005008,1.928927,-0.000524,-0.000006,1.007620,0.000343,0.001826
3.018000,2.015000,0.000258,0.593700,1.000000,0.000128,0.000000,0.000128,0.000000,1.975591,0.001349,0.598961,1.000771,0.004483,0.006284,1.940970,-0.000515,0.000007,1.003796,-0.001632,-0.003200
3.030000,2.027000,0.000260,0.593700,1.000000,0.000128,0.000000,0.000128,0.000000,1.987594,0.001348,0.599081,1.000540,0.000572,0.003149,1.953104,-0.000514,-0.000005,1.010991,0.000484,-0.000428
3.042000,2.039000,0.000261,0.593700,1.000000,0.000128,0.000000,0.000128,0.000000,1.999697,0.001330,0.598981,1.006288,-0.000794,-0.014050,1.965276,-0.000507,-0.000003,1.007520,0.000483,0.004568
3.054000,2.051000,0.000263,0.593700,1.000000,0.000128,0.000000,0.000128,0.000000,2.011719,0.001348,0.599002,1.001509,0.000454,-0.001959,1.977328,-0.000503,-0.000003,1.006786,0.000468,0.000861
3.066000,2.063000,0.000264,0.593700,1.000000,0.000128,0.000000,0.000128,0.000000,2.023733,0.001342,0.599091,1.000150,-0.000879,0.005285,1.989424,-0.000498,-0.000005,1.010878,0.000768,-0.001259
3.078000,2.075000,0.000266,0.593700,1.000000,0.000128,0.000000,0.000128,0.000000,2.035757,0.001343,0.599077,1.001586,0.000145,0.007349,2.001575,-0.000492,0.000003,1.012097,0.000156,-0.003292
3.088000,2.085000,0.000267,0.593700,1.000000,0.000128,0.000000,0.000128,0.000000,2.045793,0.001318,0.598948,1.003283,-0.001378,-0.009820,2.011717,-0.000487,-0.000000,1.012338,0.000570,0.003170
3.100000,2.097000,0.000269,0.593700,1.000000,0.000128,0.000000,0.000128,0.000000,2.057823,0.001337,0.599033,1.001821,0.000229,0.002885,2.023886,-0.000485,-0.000002,1.015836,0.000401,-0.000591
3.112000,2.109000,0.000270,0.593700,1.000000,0.000128,0.000000,0.000128,0.000000,2.069857,0.001337,0.599113,1.002217,0.000090,-0.005704,2.036092,-0.000480,-0.000014,1.018575,0.000303,0.003568
3.124000,2.121000,0.000272,0.593700,1.000000,0.000128,0.000000,0.000128,0.000000,2.081905,0.001339,0.599058,1.003115,-0.000182,0.008464,2.048245,-0.000477,0.000003,1.013150,0.000337,-0.003380
3.136000,2.133000,0.000273,0.593700,1.000000,0.000128,0.000000,0.000128,0.000000,2.093944,0.001339,0.599051,1.002911,0.000254,0.004714,2.060426,-0.000473,0.000004,1.014452,0.000142,-0.001970
3.148000,2.145000,0.000275,0.593700,1.000000,0.000128,0.000000,0.000128,0.000000,2.105984,0.001336,0.599025,1.003428,-0.000015,-0.004636,2.072623,-0.000470,-0.000000,1.014908,0.000285,0.001633
3.160000,2.157000,0.000277,0.593700,1.000000,0.000128,0.000000,0.000128,0.000000,2.118028,0.001336,0.599012,1.003749,0.000187,-0.006601,2.084785,-0.000467,-0.000003,1.012490,0.000136,0.002638
3.172000,2.169000,0.000278,0.593700,1.000000,0.000128,0.000000,0.000128,0.000000,2.130067,0.001334,0.599040,1.003030,-0.000213,-0.005236,2.096916,-0.000464,-0.000005,1.011440,0.000267,0.002568
3.184000,2.181000,0.000280,0.593700,1.000000,0.000128,0.000000,0.000128,0.000000,2.142100,0.001333,0.599120,1.002063,-0.000142,0.008759,2.109027,-0.000461,0.000001,1.010511,0.000216,-0.002983
3.196000,2.193000,0.000281,0.593700,1.000000,0.000128,0.000000,0.000128,0.000000,2.154129,0.001331,0.599059,1.002314,-0.000343,0.001436,2.121152,-0.000459,0.000002,1.009580,0.000363,-0.000703
3.208000,2.205000,0.000283,0.593700,1.000000,0.000128,0.000000,0.000128,0.000000,2.166156,0.001331,0.599016,1.002479,0.000020,0.000838,2.133252,-0.000456,0.000006,1.006652,0.000198,-0.000932
3.220000,2.217000,0.000284,0.593700,1.000000,0.000128,0.000000,0.000128,0.000000,2.178178,0.001330,0.599005,1.001993,0.000165,-0.003967,2.145343,-0.000453,0.000002,1.006371,0.000095,0.001320
3.232000,2.229000,0.000286,0.593700,1.000000,0.000128,0.000000,0.000128,0.000000,2.190194,0.001327,0.599009,1.001353,-0.000261,-0.003509,2.157417,-0.000451,0.000001,1.006008,0.000324,0.001294
3.244000,2.241000,0.000287,0.593700,1.000000,0.000128,0.000000,0.000128,0.000000,2.202206,0.001328,0.599021,1.000698,-0.000112,-0.001827,2.169469,-0.000449,-0.000003,1.005225,0.000187,0.001334
3.256000,2.253000,0.000289,0.593700,1.000000,0.000128,0.000000,0.000128,0.000000,2.214212,0.001327,0.599033,1.000203,-0.000362,0.007726,2.181494,-0.000447,0.000005,1.002738,0.000342,-0.002866
3.268000,2.265000,0.000290,0.593700,1.000000,0.000128,0.000000,0.000128,0.000000,2.226212,0.001330,0.598995,1.000015,-0.000104,0.005431,2.193511,-0.000444,0.000007,1.000921,0.000081,-0.002328
3.280000,2.277000,0.000292,0.593700,1.000000,0.000128,0.000000,0.000128,0.000000,2.238206,0.001326,0.598945,0.999975,-0.000761,-0.002561,2.205529,-0.000442,0.000005,1.000151,0.000448,0.000633
3.292000,2.289000,0.000293,0.593700,1.000000,0.000128,0.000000,0.000128,0.000000,2.250193,0.001349,0.598945,0.999112,0.001189,-0.010063,2.217563,-0.000440,-0.000002,1.002921,0.000021,0.003972
3.304000,2.301000,0.000295,0.593700,1.000000,0.000128,0.000000,0.000128,0.000000,2.262179,0.001349,0.598973,0.998642,0.000222,-0.002950,2.229578,-0.000438,-0.000002,1.002713,0.000463,0.001621
3.316000,2.313000,0.000297,0.593700,1.000000,0.000128,0.000000,0.000128,0.000000,2.274169,0.001344,0.598947,0.999024,0.000705,0.001896,2.241565,-0.000436,0.000003,0.999383,0.000054,-0.000467
3.328000,2.325000,0.000298,0.593700,1.000000,0.000128,0.000000,0.000128,0.000000,2.286153,0.001322,0.598953,0.998762,-0.000346,0.009663,2.253522,-0.000432,0.000010,0.996302,0.000012,-0.003841
3.340000,2.337000,0.000300,0.593700,1.000000,0.000128,0.000000,0.000128,0.000000,2.298118,0.001341,0.598884,0.998262,0.000400,-0.000407,2.265493,-0.000430,0.000010,0.996138,0.000155,-0.000579
3.350000,2.347000,0.000301,0.593700,1.000000,0.000128,0.000000,0.000128,0.000000,2.308098,0.001309,0.598921,0.998229,-0.005017,-0.002570,2.275475,-0.000432,0.000002,0.997940,0.002622,0.001171
3.362000,2.359000,0.000302,0.593700,1.000000,0.000128,0.000000,0.000128,0.000000,2.320074,0.001337,0.598967,0.997154,0.001197,-0.001444,2.287445,-0.000426,-0.000006,0.999948,-0.000287,0.001678
3.374000,2.371000,0.000304,0.593700,1.000000,0.000128,0.000000,0.000128,0.000000,2.332035,0.001338,0.598975,0.997242,0.000502,0.010887,2.299426,-0.000423,0.000007,0.999108,-0.000010,-0.004249
3.386000,2.383000,0.000305,0.593700,1.000000,0.000128,0.000000,0.000128,0.000000,2.344016,0.001309,0.599018,0.998826,-0.001607,0.000154,2.311425,-0.000421,-0.000003,0.998707,0.000447,0.000547
3.398000,2.395000,0.000307,0.593700,1.000000,0.000128,0.000000,0.000128,0.000000,2.356004,0.001307,0.598952,0.999859,-0.000072,-0.004040,2.323348,-0.000418,0.000002,0.991811,0.000025,0.001124
3.410000,2.407000,0.000309,0.593700,1.000000,0.000128,0.000000,0.000128,0.000000,2.367979,0.001307,0.598910,0.998758,0.000196,-0.004919,2.335198,-0.000416,0.000001,0.986863,0.000078,0.001712
3.422000,2.419000,0.000310,0.593700,1.000000,0.000128,0.000000,0.000128,0.000000,2.379944,0.001308,0.598913,0.997488,0.000101,-0.001908,2.347036,-0.000414,0.000001,0.986923,0.000189,0.000796
3.434000,2.431000,0.000312,0.593700,1.000000,0.000128,0.000000,0.000128,0.000000,2.391903,0.001313,0.598906,0.996964,0.000563,0.002177,2.358879,-0.000411,0.000005,0.987282,0.000029,-0.001172
3.446000,2.443000,0.000313,0.593700,1.000000,0.000128,0.000000,0.000128,0.000000,2.403859,0.001314,0.598899,0.996472,0.000234,0.002286,2.370724,-0.000409,0.000005,0.988130,0.000257,-0.001015
3.458000,2.455000,0.000315,0.593700,1.000000,0.000128,0.000000,0.000128,0.000000,2.415815,0.001318,0.598971,0.996803,0.000311,0.004447,2.382598,-0.000406,0.000001,0.989230,0.000241,-0.001450
3.470000,2.467000,0.000316,0.593700,1.000000,0.000128,0.000000,0.000128,0.000000,2.427811,0.001326,0.599007,1.001709,0.001046,0.004906,2.394493,-0.000402,0.000003,0.990414,-0.000127,-0.002298
3.482000,2.479000,0.000318,0.593700,1.000000,0.000128,0.000000,0.000128,0.000000,2.439783,0.001322,0.598928,0.999189,0.000202,-0.006257,2.406309,-0.000399,-0.000000,0.983431,0.000289,0.001829
3.494000,2.491000,0.000319,0.593700,1.000000,0.000128,0.000000,0.000128,0.000000,2.451741,0.001325,0.598927,0.996510,0.000408,-0.002738,2.418104,-0.000395,-0.000002,0.985072,0.000244,0.001051
3.506000,2.503000,0.000321,0.593700,1.000000,0.000128,0.000000,0.000128,0.000000,2.463696,0.001329,0.598901,0.996076,0.000102,0.000992,2.429896,-0.000391,0.000001,0.984283,0.000424,-0.000411
3.518000,2.515000,0.000322,0.593700,1.000000,0.000128,0.000000,0.000128,0.000000,2.475650,0.001335,0.598905,0.996059,0.000429,0.004047,2.441720,-0.000387,0.000004,0.985784,0.000343,-0.001838
3.530000,2.527000,0.000324,0.593700,1.000000,0.000128,0.000000,0.000128,0.000000,2.487610,0.001340,0.598867,0.997644,0.000367,-0.003351,2.453594,-0.000383,0.000003,0.987558,0.000379,0.000688
3.542000,2.539000,0.000325,0.593700,1.000000,0.000128,0.000000,0.000128,0.000000,2.499572,0.001345,0.598929,0.996871,0.000479,-0.003428,2.465493,-0.000378,-0.000005,0.992842,0.000327,0.001781
3.554000,2.551000,0.000327,0.593700,1.000000,0.000128,0.000000,0.000128,0.000000,2.511544,0.001348,0.598930,0.997763,0.000342,-0.001294,2.477422,-0.000373,-0.000003,0.994829,0.000401,0.000550
3.566000,2.563000,0.000329,0.593700,1.000000,0.000128,0.000000,0.000128,0.000000,2.523523,0.001351,0.598955,0.998018,-0.000104,0.002939,2.489339,-0.000369,-0.000003,0.994840,0.000597,-0.000782
3.578000,2.575000,0.000330,0.593700,1.000000,0.000128,0.000000,0.000128,0.000000,2.535508,0.001356,0.598949,0.998768,0.000311,0.005421,2.501260,-0.000364,0.000002,0.993395,0.000377,-0.002334
3.590000,2.587000,0.000332,0.593700,1.000000,0.000128,0.000000,0.000128,0.000000,2.547494,0.001359,0.598932,0.999406,0.000320,-0.001411,2.513210,-0.000359,-0.000000,0.994705,0.000401,0.000233
3.600000,2.597000,0.000333,0.593700,1.000000,0.000128,0.000000,0.000128,0.000000,2.557490,0.001360,0.598950,0.999817,0.000099,-0.000529,2.523172,-0.000355,-0.000002,0.995618,0.000513,0.000083
3.612000,2.609000,0.000334,0.593700,1.000000,0.000128,0.000000,0.000128,0.000000,2.569484,0.001365,0.598996,0.999036,0.000277,-0.000909,2.535124,-0.000350,-0.000008,0.998178,0.000365,0.000992
3.624000,2.621000,0.000336,0.593700,1.000000,0.000128,0.000000,0.000128,0.000000,2.581485,0.001368,0.599009,0.999560,0.000136,0.005217,2.547090,-0.000345,-0.000002,0.998019,0.000400,-0.001977
3.636000,2.633000,0.000338,0.593700,1.000000,0.000128,0.000000,0.000128,0.000000,2.593491,0.001352,0.599017,1.000271,-0.000677,0.002656,2.559086,-0.000339,-0.000002,0.999471,0.000309,-0.001062
3.648000,2.645000,0.000339,0.593700,1.000000,0.000128,0.000000,0.000128,0.000000,2.605503,0.001373,0.598999,1.001445,0.000370,-0.004455,2.571128,-0.000335,-0.000004,1.001881,0.000451,0.001407
3.660000,2.657000,0.000341,0.593700,1.000000,0.000128,0.000000,0.000128,0.000000,2.617526,0.001351,0.599012,1.001980,-0.003342,-0.004295,2.583163,-0.000333,-0.000007,1.002533,0.002110,0.001812
3.672000,2.669000,0.000342,0.593700,1.000000,0.000128,0.000000,0.000128,0.000000,2.629554,0.001375,0.599019,1.001829,0.000945,-0.001666,2.595176,-0.000326,-0.000005,1.001664,0.000283,0.000806
3.684000,2.681000,0.000344,0.593700,1.000000,0.000128,0.000000,0.000128,0.000000,2.641583,0.001362,0.599077,1.001245,0.000381,0.005577,2.607186,-0.000320,-0.000004,1.002599,0.000174,-0.001831
3.696000,2.693000,0.000345,0.593700,1.000000,0.000128,0.000000,0.000128,0.000000,2.653598,0.001386,0.599049,1.001408,0.000810,0.003817,2.619215,-0.000316,0.000000,1.002279,0.000472,-0.001937
3.708000,2.705000,0.000347,0.593700,1.000000,0.000128,0.000000,0.000128,0.000000,2.665630,0.001365,0.599056,1.002546,-0.001231,-0.000644,2.631264,-0.000310,-0.000004,1.002815,0.000812,0.000292
3.720000,2.717000,0.000348,0.593700,1.000000,0.000128,0.000000,0.000128,0.000000,2.677673,0.001366,0.598927,1.003579,0.000007,-0.008635,2.643301,-0.000304,0.000002,1.001153,0.000313,0.002256
3.732000,2.729000,0.000350,0.593700,1.000000,0.000128,0.000000,0.000128,0.000000,2.689685,0.001395,0.599080,0.999827,0.001432,0.009342,2.655345,-0.000300,-0.000004,1.007914,0.000346,-0.002763
3.744000,2.741000,0.000351,0.593700,1.000000,0.000128,0.000000,0.000128,0.000000,2.701709,0.001399,0.599109,1.001560,0.000089,-0.001087,2.667476,-0.000295,-0.000009,1.011481,0.000685,0.001032
3.756000,2.753000,0.000353,0.593700,1.000000,0.000128,0.000000,0.000128,0.000000,2.713796,0.001416,0.599130,1.006469,0.004543,0.012760,2.679605,-0.000286,-0.000000,1.010722,-0.001877,-0.004750
3.768000,2.765000,0.000354,0.593700,1.000000,0.000128,0.000000,0.000128,0.000000,2.725835,0.001422,0.598985,1.004002,0.000898,-0.000735,2.691685,-0.000286,0.000006,1.004568,0.000483,-0.000811
3.780000,2.777000,0.000356,0.593700,1.000000,0.000128,0.000000,0.000128,0.000000,2.737863,0.001425,0.598995,1.002379,0.000209,-0.007644,2.703790,-0.000281,-0.000003,1.008269,0.000514,0.002799
3.792000,2.789000,0.000358,0.593700,1.000000,0.000128,0.000000,0.000128,0.000000,2.749891,0.001422,0.599036,1.001426,-0.000135,-0.004347,2.715904,-0.000275,-0.000006,1.011345,0.000479,0.002055
3.804000,2.801000,0.000359,0.593700,1.000000,0.000128,0.000000,0.000128,0.000000,2.761922,0.001420,0.599038,1.001396,-0.000290,0.008543,2.728043,-0.000271,0.000004,1.013250,0.000463,-0.003291
3.816000,2.813000,0.000361,0.593700,1.000000,0.000128,0.000000,0.000128,0.000000,2.773951,0.001421,0.599174,1.001669,0.000100,0.014801,2.740229,-0.000266,-0.000001,1.015747,0.000148,-0.004931
3.828000,2.825000,0.000362,0.593700,1.000000,0.000128,0.000000,0.000128,0.000000,2.785993,0.001414,0.599024,1.003678,-0.000139,-0.003200,2.752424,-0.000262,0.000004,1.013650,0.000342,0.000295
3.840000,2.837000,0.000364,0.593700,1.000000,0.000128,0.000000,0.000128,0.000000,2.798033,0.001411,0.599029,1.002933,0.000026,-0.004456,2.764614,-0.000257,-0.000002,1.015613,0.000213,0.001668
3.850000,2.847000,0.000365,0.593700,1.000000,0.000128,0.000000,0.000128,0.000000,2.808066,0.001408,0.599087,1.002526,-0.000314,-0.000439,2.774777,-0.000254,-0.000007,1.017273,0.000309,0.001042
3.862000,2.859000,0.000366,0.593700,1.000000,0.000128,0.000000,0.000128,0.000000,2.820106,0.001405,0.599081,1.003184,-0.000280,0.006157,2.786954,-0.000251,0.000003,1.014256,0.000282,-0.002458
3.874000,2.871000,0.000368,0.593700,1.000000,0.000128,0.000000,0.000128,0.000000,2.832145,0.001404,0.599071,1.003212,0.000040,0.009555,2.799088,-0.000248,0.000007,1.010075,0.000143,-0.003909
3.886000,2.883000,0.000370,0.593700,1.000000,0.000128,0.000000,0.000128,0.000000,2.844177,0.001399,0.599038,1.002843,-0.000152,0.000177,2.811209,-0.000245,0.000003,1.008483,0.000262,-0.000222
3.898000,2.895000,0.000371,0.593700,1.000000,0.000128,0.000000,0.000128,0.000000,2.856206,0.001397,0.599029,1.002401,0.000093,-0.004893,2.823317,-0.000241,-0.000001,1.008027,0.000113,0.001871
3.910000,2.907000,0.000373,0.593700,1.000000,0.000128,0.000000,0.000128,0.000000,2.868228,0.001393,0.599058,1.001473,-0.000358,-0.003368,2.835408,-0.000239,-0.000003,1.008201,0.000338,0.001635
3.922000,2.919000,0.000374,0.593700,1.000000,0.000128,0.000000,0.000128,0.000000,2.880249,0.001392,0.599033,1.001590,-0.000208,-0.003102,2.847475,-0.000236,-0.000003,1.005671,0.000202,0.001622
3.934000,2.931000,0.000376,0.593700,1.000000,0.000128,0.000000,0.000128,0.000000,2.892262,0.001391,0.599068,1.000459,-0.000260,0.005355,2.859513,-0.000234,0.000002,1.004164,0.000236,-0.001768
3.946000,2.943000,0.000377,0.593700,1.000000,0.000128,0.000000,0.000128,0.000000,2.904270,0.001391,0.599023,1.000704,0.000204,0.003122,2.871558,-0.000231,0.000007,1.002780,0.000061,-0.001661
3.958000,2.955000,0.000379,0.593700,1.000000,0.000128,0.000000,0.000128,0.000000,2.916274,0.001388,0.598964,1.000850,-0.000035,-0.005860,2.883597,-0.000229,0.000004,1.001630,0.000214,0.001767
3.970000,2.967000,0.000380,0.593700,1.000000,0.000128,0.000000,0.000128,0.000000,2.928273,0.001408,0.598981,0.999999,0.000888,-0.002689,2.895619,-0.000228,0.000004,1.001659,0.000261,0.000763
3.982000,2.979000,0.000382,0.593700,1.000000,0.000128,0.000000,0.000128,0.000000,2.940266,0.001406,0.598988,0.999296,0.000702,-0.004522,2.907635,-0.000225,-0.000002,1.002307,0.000152,0.002218
3.994000,2.991000,0.000383,0.593700,1.000000,0.000128,0.000000,0.000128,0.000000,2.952256,0.001411,0.599011,0.998994,0.003699,0.006464,2.919637,-0.000218,0.000006,1.000927,-0.001755,-0.002488
4.004000,2.997000,0.000384,0.593700,-1.000000,-0.000128,0.000000,0.000128,0.000000,2.962245,0.001386,0.598929,0.999442,-0.000403,0.011578,2.929627,-0.000220,0.000009,0.997664,0.000223,-0.000717
4.016000,2.985000,0.000383,0.593700,-1.000000,-0.000128,0.000000,0.000128,0.000000,2.974422,0.001416,0.599718,1.134880,0.001905,0.091407,2.937333,-0.000219,-0.000029,0.475105,0.000249,0.000470
4.028000,2.973000,0.000381,0.593700,-1.000000,-0.000128,0.000000,0.000128,0.000000,2.987372,0.001433,0.600937,1.126788,0.002737,0.113285,2.938229,-0.000221,-0.000040,0.011236,-0.000152,0.003286
4.040000,2.961000,0.000380,0.593700,-0.999999,-0.000128,0.000000,0.000128,0.000000,2.999701,0.001460,0.602250,1.028199,0.002118,0.109037,2.936334,-0.000222,-0.000037,-0.166408,-0.000030,0.001153
4.052000,2.949000,0.000378,0.593700,-0.999999,-0.000128,0.000000,0.000128,0.000000,3.011005,0.001516,0.603616,0.914273,0.008097,0.114933,2.933559,-0.000220,-0.000042,-0.235564,-0.002285,-0.000713
4.064000,2.937000,0.000376,0.593700,-0.999999,-0.000127,0.000000,0.000128,0.000000,3.021044,0.001543,0.605173,0.810977,0.004515,0.130594,2.930670,-0.000230,-0.000057,-0.209221,-0.000230,-0.000472
4.076000,2.925000,0.000375,0.593700,-0.999999,-0.000127,0.000000,0.000128,0.000000,3.030970,0.001596,0.606782,0.779601,0.004862,0.136574,2.928678,-0.000235,-0.000061,-0.168861,-0.000479,-0.000204
4.088000,2.913000,0.000373,0.593700,-0.999998,-0.000127,0.000000,0.000128,0.000000,3.040277,0.001657,0.608545,0.728021,0.005130,0.153344,2.927000,-0.000241,-0.000069,-0.137166,-0.000419,0.000066
4.100000,2.901000,0.000372,0.593700,-0.999998,-0.000127,0.000000,0.000128,0.000000,3.048883,0.001717,0.610531,0.668247,0.005406,0.175655,2.925787,-0.000246,-0.000075,-0.096068,-0.000416,0.000345
4.110000,2.891000,0.000371,0.593700,-0.999998,-0.000127,0.000000,0.000128,0.000000,3.055496,0.001772,0.612401,0.617900,0.005850,0.197069,2.925166,-0.000251,-0.000080,-0.060908,-0.000471,0.000321
4.122000,2.879000,0.000369,0.593700,-0.999998,-0.000127,0.000000,0.000128,0.000000,3.062692,0.001843,0.614913,0.558709,0.006271,0.212307,2.924885,-0.000258,-0.000085,-0.011881,-0.000520,0.000101
4.134000,2.867000,0.000368,0.593700,-0.999998,-0.000127,0.000000,0.000128,0.000000,3.069157,0.001920,0.617505,0.506713,0.006596,0.210337,2.925364,-0.000265,-0.000084,0.055174,-0.000580,-0.000243
4.146000,2.855000,0.000366,0.593700,-0.999999,-0.000127,0.000000,0.000128,0.000000,3.075053,0.001998,0.620039,0.462758,0.006660,0.203387,2.926606,-0.000272,-0.000081,0.115591,-0.000604,-0.000337
4.158000,2.843000,0.000365,0.593700,-0.999999,-0.000128,0.000000,0.000128,0.000000,3.080444,0.002077,0.622444,0.422848,0.006574,0.193497,2.928433,-0.000280,-0.000075,0.159887,-0.000622,0.000197
4.170000,2.831000,0.000363,0.593700,-0.999999,-0.000128,0.000000,0.000128,0.000000,3.085343,0.002156,0.624739,0.383747,0.006824,0.185144,2.930645,-0.000288,-0.000067,0.188618,-0.000754,0.000370
4.182000,2.819000,0.000361,0.593700,-0.999999,-0.000128,0.000000,0.000128,0.000000,3.089753,0.002240,0.626958,0.344065,0.007054,0.179939,2.933078,-0.000297,-0.000059,0.205674,-0.000741,-0.000309
4.194000,2.807000,0.000360,0.593700,-1.000000,-0.000128,0.000000,0.000128,0.000000,3.093673,0.002324,0.629106,0.303208,0.006945,0.173665,2.935687,-0.000305,-0.000052,0.220768,-0.000678,-0.000419
4.206000,2.795000,0.000358,0.593700,-1.000000,-0.000128,0.000000,0.000128,0.000000,3.097100,0.002405,0.631153,0.262226,0.006714,0.164926,2.938484,-0.000314,-0.000046,0.235279,-0.000656,0.000259
4.218000,2.783000,0.000357,0.593700,-1.000000,-0.000128,0.000000,0.000128,0.000000,3.100029,0.002485,0.633120,0.221271,0.006663,0.159093,2.941399,-0.000323,-0.000039,0.243909,-0.000714,0.000084
4.230000,2.771000,0.000355,0.593700,-1.000000,-0.000128,0.000000,0.000128,0.000000,3.102463,0.002570,0.635026,0.181053,0.006931,0.153913,2.944333,-0.000332,-0.000033,0.243632,-0.000792,-0.000069
4.242000,2.759000,0.000354,0.593700,-1.000000,-0.000128,0.000000,0.000128,0.000000,3.104401,0.002652,0.636848,0.139352,0.006752,0.148155,2.947225,-0.000341,-0.000027,0.240319,-0.000698,-0.000221
4.254000,2.747000,0.000352,0.593700,-1.000000,-0.000128,0.000000,0.000128,0.000000,3.105832,0.002731,0.638586,0.097031,0.006658,0.139299,2.950111,-0.000350,-0.000023,0.239939,-0.000750,0.000987
4.266000,2.735000,0.000351,0.593700,-1.000000,-0.000128,0.000000,0.000128,0.000000,3.106745,0.002788,0.640222,0.053329,0.004920,0.135168,2.952948,-0.000358,-0.000014,0.235854,-0.000456,-0.000005
4.278000,2.723000,0.000349,0.593700,-1.000000,-0.000128,0.000000,0.000128,0.000000,3.107133,0.002867,0.641815,0.010195,0.006382,0.131158,2.955727,-0.000368,-0.000010,0.229576,-0.000931,-0.000243
4.290000,2.711000,0.000348,0.593700,-1.000000,-0.000128,0.000000,0.000128,0.000000,3.107011,0.002968,0.643396,-0.032738,0.007712,0.128405,2.958416,-0.000379,-0.000008,0.221963,-0.000838,-0.000629
4.302000,2.699000,0.000346,0.593700,-1.000000,-0.000128,0.000000,0.000128,0.000000,3.106371,0.003051,0.644918,-0.076161,0.006790,0.121803,2.961028,-0.000387,-0.000007,0.216504,-0.000650,0.000146
4.314000,2.687000,0.000345,0.593700,-1.000000,-0.000128,0.000000,0.000128,0.000000,3.105200,0.003127,0.646345,-0.120793,0.006380,0.115834,2.963586,-0.000396,-0.000004,0.211681,-0.000698,0.000225
4.326000,2.675000,0.000343,0.593700,-1.000000,-0.000128,0.000000,0.000128,0.000000,3.103488,0.003181,0.647682,-0.165538,0.005454,0.109117,2.966042,-0.000405,-0.000000,0.202297,-0.000865,0.000675
4.338000,2.663000,0.000342,0.593700,-1.000000,-0.000128,0.000000,0.000128,0.000000,3.101229,0.003254,0.648969,-0.212060,0.005976,0.106264,2.968379,-0.000415,0.000004,0.192708,-0.000878,-0.000034
4.350000,2.651000,0.000340,0.593700,-1.000000,-0.000128,0.000000,0.000128,0.000000,3.098413,0.003328,0.650226,-0.258365,0.006190,0.102889,2.970601,-0.000425,0.000005,0.182259,-0.000856,-0.000275
4.362000,2.639000,0.000338,0.593700,-1.000000,-0.000128,0.000000,0.000128,0.000000,3.095040,0.003404,0.651463,-0.304718,0.006241,0.100009,2.972689,-0.000435,0.000004,0.171506,-0.000798,-0.000612
4.374000,2.627000,0.000337,0.593700,-1.000000,-0.000128,0.000000,0.000128,0.000000,3.091107,0.003482,0.652600,-0.351934,0.006471,0.092628,2.974638,-0.000444,0.000005,0.159290,-0.000826,0.000044
4.384000,2.617000,0.000336,0.593700,-1.000000,-0.000128,0.000000,0.000128,0.000000,3.087390,0.003549,0.653519,-0.391923,0.006801,0.089679,2.976144,-0.000452,0.000006,0.148722,-0.000886,-0.000329
4.396000,2.605000,0.000334,0.593700,-1.000000,-0.000128,0.000000,0.000128,0.000000,3.082395,0.003629,0.654520,-0.441113,0.006909,0.082031,2.977800,-0.000462,0.000007,0.134503,-0.000873,0.000275
4.408000,2.593000,0.000333,0.593700,-1.000000,-0.000128,0.000000,0.000128,0.000000,3.076812,0.003725,0.655505,-0.487847,0.007404,0.080630,2.979246,-0.000472,0.000007,0.114678,-0.000798,-0.000430
4.420000,2.581000,0.000331,0.593700,-1.000000,-0.000128,0.000000,0.000128,0.000000,3.070677,0.003808,0.656480,-0.530720,0.006800,0.078714,2.980336,-0.000481,0.000005,0.082699,-0.000666,-0.000519
4.432000,2.569000,0.000329,0.593700,-1.000000,-0.000128,0.000000,0.000128,0.000000,3.064009,0.003888,0.657387,-0.573041,0.006518,0.073300,2.980936,-0.000488,0.000004,0.039700,-0.000619,0.000162
4.444000,2.557000,0.000328,0.593700,-1.000000,-0.000128,0.000000,0.000128,0.000000,3.056561,0.003961,0.658254,-0.638661,0.005490,0.069438,2.980737,-0.000495,0.000003,-0.032375,-0.000169,-0.000095
4.456000,2.545000,0.000326,0.593700,-1.000000,-0.000128,0.000000,0.000128,0.000000,3.048687,0.004041,0.659060,-0.674934,0.006378,0.064821,2.980237,-0.000500,0.000003,-0.054035,-0.000473,-0.000162
4.468000,2.533000,0.000325,0.593700,-1.000000,-0.000128,0.000000,0.000128,0.000000,3.040353,0.004119,0.659830,-0.712113,0.006629,0.062321,2.979093,-0.000506,0.000002,-0.109356,-0.000426,-0.000229
4.480000,2.521000,0.000323,0.593700,-1.000000,-0.000128,0.000000,0.000128,0.000000,3.031475,0.004229,0.660536,-0.757657,0.011282,0.057669,2.977269,-0.000507,0.000002,-0.164296,-0.002446,0.000121
4.492000,2.509000,0.000322,0.593700,-1.000000,-0.000128,0.000000,0.000128,0.000000,3.022021,0.004306,0.661187,-0.806660,0.007288,0.052195,2.974781,-0.000515,0.000003,-0.217934,-0.000202,0.000615
4.504000,2.497000,0.000320,0.593700,-1.000000,-0.000128,0.000000,0.000128,0.000000,3.011964,0.004353,0.661807,-0.857326,0.002051,0.050291,2.971697,-0.000521,0.000004,-0.267237,0.001852,-0.000250
4.516000,2.485000,0.000319,0.593700,-1.000000,-0.000128,0.000000,0.000128,0.000000,3.001303,0.004438,0.662424,-0.906659,0.005873,0.048920,2.967987,-0.000520,0.000002,-0.321239,-0.000329,-0.000899
4.528000,2.473000,0.000317,0.593700,-1.000000,-0.000128,0.000000,0.000128,0.000000,2.990046,0.004537,0.662974,-0.957539,0.007756,0.041061,2.963621,-0.000521,-0.000001,-0.374495,-0.000553,0.000408
4.540000,2.461000,0.000316,0.593700,-1.000000,-0.000128,0.000000,0.000128,0.000000,2.978160,0.004606,0.663417,-1.011182,0.005621,0.032284,2.958647,-0.000522,0.000001,-0.422704,0.000204,0.001042
4.552000,2.449000,0.000314,0.593700,-1.000000,-0.000128,0.000000,0.000128,0.000000,2.965626,0.004672,0.663810,-1.063214,0.005499,0.030512,2.953099,-0.000521,0.000004,-0.474256,0.000003,-0.001155
4.564000,2.437000,0.000313,0.593700,-1.000000,-0.000128,0.000000,0.000128,0.000000,2.952467,0.004740,0.664113,-1.116374,0.005496,0.018712,2.946913,-0.000520,0.000001,-0.524971,0.000183,0.000750
4.576000,2.425000,0.000311,0.593700,-1.000000,-0.000128,0.000000,0.000128,0.000000,2.938651,0.004774,0.664271,-1.170797,0.002965,0.009174,2.940166,-0.000517,0.000007,-0.571953,0.000580,-0.000176
4.588000,2.413000,0.000310,0.593700,-1.000000,-0.000128,0.000000,0.000128,0.000000,2.924198,0.004870,0.664380,-1.223067,0.009892,0.000299,2.932763,-0.000511,0.000005,-0.627126,-0.001957,0.000210
4.600000,2.401000,0.000308,0.593700,-1.000000,-0.000128,0.000000,0.000128,0.000000,2.909102,0.004932,0.664264,-1.277447,0.006340,-0.015327,2.924759,-0.000513,0.000012,-0.676379,0.000389,-0.000016
4.612000,2.389000,0.000306,0.593700,-1.000000,-0.000128,0.000000,0.000128,0.000000,2.893353,0.005022,0.664072,-1.330654,0.011022,-0.024282,2.916122,-0.000507,0.000012,-0.729817,-0.001849,-0.000879
4.624000,2.377000,0.000305,0.593700,-1.000000,-0.000128,0.000000,0.000128,0.000000,2.876946,0.005092,0.663632,-1.384958,0.008664,-0.037215,2.906899,-0.000508,0.000020,-0.781349,-0.000272,-0.002870
4.634000,2.367000,0.000304,0.593700,-1.000000,-0.000128,0.000000,0.000128,0.000000,2.862760,0.005172,0.663144,-1.433156,0.009023,-0.055793,2.898723,-0.000510,0.000014,-0.822216,-0.000111,0.001138
4.646000,2.355000,0.000302,0.593700,-1.000000,-0.000128,0.000000,0.000128,0.000000,2.844450,0.005267,0.662434,-1.527801,0.008557,-0.067012,2.887960,-0.000509,0.000018,-0.874175,0.000048,0.000679
4.658000,2.343000,0.000301,0.593700,-1.000000,-0.000128,0.000000,0.000128,0.000000,2.825387,0.005386,0.661555,-1.589029,0.011333,-0.068889,2.876904,-0.000512,0.000030,-0.911954,-0.000564,-0.004938
4.670000,2.331000,0.000299,0.593700,-1.000000,-0.000128,0.000000,0.000128,0.000000,2.806231,0.005518,0.660488,-1.616940,0.010993,-0.086580,2.865619,-0.000518,0.000027,-0.958789,-0.000477,-0.000120
4.682000,2.319000,0.000297,0.593700,-1.000000,-0.000128,0.000000,0.000128,0.000000,2.786631,0.005655,0.659506,-1.657179,0.010743,-0.077148,2.853533,-0.000523,0.000023,-1.023742,-0.000532,-0.000330
4.694000,2.307000,0.000296,0.593700,-1.000000,-0.000128,0.000000,0.000128,0.000000,2.766431,0.005783,0.658595,-1.708621,0.010263,-0.072940,2.840695,-0.000528,0.000015,-1.083394,-0.000506,0.001594
4.706000,2.295000,0.000294,0.593700,-1.000000,-0.000128,0.000000,0.000128,0.000000,2.745583,0.005896,0.657770,-1.761327,0.007618,-0.070382,2.827157,-0.000535,0.000009,-1.140272,0.000268,0.002463
4.718000,2.283000,0.000293,0.593700,-1.000000,-0.000128,0.000000,0.000128,0.000000,2.724157,0.006020,0.656905,-1.805566,0.008395,-0.072050,2.812947,-0.000538,0.000019,-1.198219,-0.000663,-0.000229
4.730000,2.271000,0.000291,0.593700,-1.000000,-0.000128,0.000000,0.000128,0.000000,2.702216,0.006098,0.655992,-1.845599,0.005016,-0.085325,2.798018,-0.000541,0.000016,-1.256448,0.000072,0.000530
4.742000,2.259000,0.000290,0.593700,-0.999999,-0.000128,0.000000,0.000128,0.000000,2.679729,0.006150,0.654942,-1.889781,0.002846,-0.096070,2.782309,-0.000543,0.000021,-1.326183,0.000217,-0.001693
4.754000,2.247000,0.000288,0.593700,-0.999999,-0.000127,0.000000,0.000128,0.000000,2.656879,0.006195,0.653729,-1.917787,0.003424,-0.112723,2.765914,-0.000542,0.000020,-1.381056,-0.000626,-0.002243
4.766000,2.235000,0.000287,0.593700,-0.999998,-0.000128,0.000000,0.000128,0.000000,2.633637,0.006204,0.652183,-1.950231,0.000363,-0.132110,2.748822,-0.000543,0.000027,-1.439869,0.000194,-0.003580
4.778000,2.223000,0.000285,0.593700,-0.999998,-0.000127,0.000000,0.000128,0.000000,2.609888,0.006207,0.650244,-1.994521,-0.001028,-0.171456,2.731008,-0.000543,0.000031,-1.502032,0.000409,0.001562
4.790000,2.211000,0.000284,0.593700,-0.999997,-0.000128,0.000000,0.000128,0.000000,2.585777,0.006191,0.648126,-2.022141,-0.002448,-0.193128,2.712594,-0.000542,0.000035,-1.544191,0.000300,0.000337
4.802000,2.199000,0.000282,0.593700,-0.999997,-0.000128,0.000000,0.000128,0.000000,2.561289,0.006162,0.645734,-2.038252,-0.004606,-0.210173,2.693643,-0.000540,0.000034,-1.584727,0.000752,0.001820
4.814000,2.187000,0.000281,0.593700,-1.000000,-0.000128,0.000000,0.000128,0.000000,2.536691,0.006107,0.643165,-2.037826,-0.006119,-0.212903,2.674348,-0.000536,0.000040,-1.610602,0.000999,0.000553
4.826000,2.175000,0.000279,0.593700,-1.000000,-0.000128,0.000000,0.000128,0.000000,2.512262,0.006061,0.640682,-2.017311,-0.004952,-0.195347,2.654790,-0.000528,0.000048,-1.636054,0.000543,-0.005587
4.838000,2.163000,0.000278,0.593700,-1.000000,-0.000128,0.000000,0.000128,0.000000,2.488143,0.006001,0.638141,-1.991218,-0.005748,-0.206855,2.634961,-0.000518,0.000034,-1.655342,0.000764,0.001852
4.850000,2.151000,0.000276,0.593700,-1.000000,-0.000128,0.000000,0.000128,0.000000,2.464586,0.005930,0.635894,-1.940896,-0.006052,-0.183240,2.615024,-0.000505,0.000021,-1.663463,0.001021,-0.001547
4.862000,2.139000,0.000274,0.593700,-1.000000,-0.000128,0.000000,0.000128,0.000000,2.441181,0.005866,0.633458,-1.926541,-0.005965,-0.179490,2.594609,-0.000492,0.000031,-1.705821,0.001161,-0.001516
4.874000,2.127000,0.000273,0.593700,-1.000000,-0.000128,0.000000,0.000128,0.000000,2.418177,0.005790,0.631490,-1.894425,-0.006626,-0.161400,2.573923,-0.000475,0.000012,-1.730125,0.001580,-0.002324
4.884000,2.117000,0.000272,0.593700,-1.000000,-0.000128,0.000000,0.000128,0.000000,2.399312,0.005723,0.629679,-1.867272,-0.007353,-0.173425,2.556493,-0.000459,0.000013,-1.740605,0.001891,0.003056
4.896000,2.105000,0.000270,0.593700,-1.000000,-0.000128,0.000000,0.000128,0.000000,2.377200,0.005639,0.627909,-1.828563,-0.006604,-0.155063,2.535419,-0.000437,-0.000004,-1.765540,0.001462,0.002003
4.908000,2.093000,0.000269,0.593700,-1.000000,-0.000128,0.000000,0.000128,0.000000,2.355409,0.005541,0.626242,-1.797277,-0.008327,-0.143404,2.514042,-0.000417,-0.000015,-1.786605,0.002129,0.001479
4.920000,2.081000,0.000267,0.593700,-1.000000,-0.000128,0.000000,0.000128,0.000000,2.333962,0.005449,0.624527,-1.762626,-0.008832,-0.129271,2.492497,-0.000395,0.000001,-1.785323,0.002573,-0.004125
4.932000,2.069000,0.000265,0.593700,-1.000000,-0.000128,0.000000,0.000128,0.000000,2.312644,0.005368,0.622907,-1.754224,-0.007244,-0.128724,2.470702,-0.000372,-0.000010,-1.814487,0.001577,-0.000738
4.944000,2.057000,0.000264,0.593700,-1.000000,-0.000128,0.000000,0.000128,0.000000,2.291877,0.005272,0.621459,-1.722977,-0.007128,-0.122344,2.449031,-0.000349,-0.000019,-1.815724,0.001597,0.000466
4.956000,2.045000,0.000262,0.593700,-1.000000,-0.000128,0.000000,0.000128,0.000000,2.271406,0.005180,0.620135,-1.691168,-0.007839,-0.111804,2.427308,-0.000327,-0.000026,-1.812557,0.002094,-0.000422
4.968000,2.033000,0.000261,0.593700,-1.000000,-0.000128,0.000000,0.000128,0.000000,2.251187,0.005088,0.618815,-1.669238,-0.008317,-0.107351,2.405561,-0.000304,-0.000023,-1.806299,0.002535,-0.000787
4.980000,2.021000,0.000259,0.593700,-1.000000,-0.000128,0.000000,0.000128,0.000000,2.231395,0.005020,0.617591,-1.643826,-0.007081,-0.111182,2.383993,-0.000281,-0.000038,-1.803501,0.002049,0.004558
4.992000,2.009000,0.000258,0.593700,-1.000000,-0.000128,0.000000,0.000128,0.000000,2.211573,0.004933,0.616283,-1.634415,-0.007331,-0.104129,2.362263,-0.000258,-0.000024,-1.805105,0.002065,0.001515
5.004000,1.997000,0.000256,0.593700,-1.000000,-0.000128,0.000000,0.000128,0.000000,2.192218,0.004849,0.615237,-1.602076,-0.007559,-0.096218,2.340768,-0.000236,-0.000035,-1.792579,0.002233,0.002334
5.016000,1.985000,0.000255,0.593700,-1.000000,-0.000128,0.000000,0.000128,0.000000,2.173231,0.004782,0.614167,-1.571300,-0.005855,-0.076676,2.319501,-0.000216,-0.000023,-1.774238,0.001227,-0.003701
5.028000,1.973000,0.000253,0.593700,-1.000000,-0.000128,0.000000,0.000128,0.000000,2.154368,0.004694,0.613240,-1.556694,-0.006489,-0.080698,2.298215,-0.000195,-0.000035,-1.765150,0.001388,0.000640
5.040000,1.961000,0.000252,0.593700,-1.000000,-0.000128,0.000000,0.000128,0.000000,2.136396,0.004629,0.612442,-1.478784,-0.003761,-0.049129,2.277637,-0.000177,-0.000021,-1.690843,-0.000342,-0.010423
5.052000,1.949000,0.000250,0.593700,-1.000000,-0.000128,0.000000,0.000128,0.000000,2.118031,0.004516,0.611304,-1.510861,-0.007766,-0.075190,2.256700,-0.000159,-0.000025,-1.735356,0.001656,0.001467
5.064000,1.937000,0.000249,0.593700,-1.000000,-0.000128,0.000000,0.000128,0.000000,2.100164,0.004422,0.610600,-1.479635,-0.005800,-0.067281,2.236198,-0.000141,-0.000032,-1.694713,0.000360,0.000835
5.076000,1.925000,0.000247,0.593700,-1.000000,-0.000128,0.000000,0.000128,0.000000,2.082596,0.004341,0.609776,-1.442577,-0.006741,-0.060908,2.216030,-0.000128,-0.000018,-1.651801,0.001188,-0.001969
5.088000,1.913000,0.000246,0.593700,-1.000000,-0.000128,0.000000,0.000128,0.000000,2.065044,0.004269,0.609077,-1.446118,-0.006015,-0.062308,2.195861,-0.000115,-0.000029,-1.668419,0.000967,0.002189
5.100000,1.901000,0.000244,0.593700,-1.000000,-0.000128,0.000000,0.000128,0.000000,2.047540,0.004190,0.608402,-1.446142,-0.006760,-0.067594,2.175784,-0.000102,-0.000037,-1.660796,0.001388,0.005361
5.112000,1.889000,0.000242,0.593700,-1.000000,-0.000128,0.000000,0.000128,0.000000,2.030292,0.004120,0.607663,-1.427763,-0.006017,-0.063342,2.156129,-0.000090,-0.000027,-1.628969,0.000819,0.003746
5.124000,1.877000,0.000241,0.593700,-1.000000,-0.000128,0.000000,0.000128,0.000000,2.013321,0.004039,0.606970,-1.408444,-0.005929,-0.054897,2.136823,-0.000078,-0.000016,-1.605433,0.000791,0.001288
5.134000,1.867000,0.000240,0.593700,-1.000000,-0.000128,0.000000,0.000128,0.000000,1.999391,0.003976,0.606546,-1.386927,-0.006152,-0.044750,2.120947,-0.000069,-0.000019,-1.585894,0.000824,-0.000277
5.146000,1.855000,0.000238,0.593700,-1.000000,-0.000128,0.000000,0.000128,0.000000,1.982950,0.003902,0.605984,-1.363593,-0.005941,-0.047490,2.102157,-0.000059,-0.000026,-1.561647,0.000815,0.003102
5.158000,1.843000,0.000237,0.593700,-1.000000,-0.000128,0.000000,0.000128,0.000000,1.966624,0.003834,0.605458,-1.352341,-0.005689,-0.038784,2.083497,-0.000050,-0.000014,-1.550466,0.000653,-0.000087
5.170000,1.831000,0.000235,0.593700,-1.000000,-0.000128,0.000000,0.000128,0.000000,1.950561,0.003764,0.605035,-1.332358,-0.005793,-0.028912,2.065107,-0.000042,-0.000012,-1.530601,0.000852,-0.002406
5.182000,1.819000,0.000233,0.593700,-1.000000,-0.000128,0.000000,0.000128,0.000000,1.934664,0.003698,0.604689,-1.318504,-0.005407,-0.032266,2.046841,-0.000032,-0.000020,-1.518138,0.000602,0.000677
5.194000,1.807000,0.000232,0.593700,-1.000000,-0.000128,0.000000,0.000128,0.000000,1.918949,0.003628,0.604308,-1.305327,-0.005555,-0.033559,2.028835,-0.000024,-0.000027,-1.495143,0.000723,0.002764
5.206000,1.795000,0.000230,0.593700,-1.000000,-0.000128,0.000000,0.000128,0.000000,1.903484,0.003563,0.603853,-1.283716,-0.004644,-0.023430,2.011180,-0.000014,-0.000004,-1.466918,0.000142,-0.002415
5.218000,1.783000,0.000229,0.593700,-1.000000,-0.000128,0.000000,0.000128,0.000000,1.888132,0.003493,0.603613,-1.275106,-0.005631,-0.024942,1.993647,-0.000007,-0.000014,-1.455897,0.000779,0.000294
5.230000,1.771000,0.000227,0.593700,-1.000000,-0.000128,0.000000,0.000128,0.000000,1.872929,0.003429,0.603400,-1.263079,-0.005360,-0.022493,1.976307,0.000001,-0.000015,-1.440621,0.000777,-0.000152
5.242000,1.759000,0.000226,0.593700,-1.000000,-0.000128,0.000000,0.000128,0.000000,1.857879,0.003367,0.603093,-1.250542,-0.005060,-0.015078,1.959211,0.000011,-0.000008,-1.422657,0.000745,-0.003028
5.254000,1.747000,0.000224,0.593700,-1.000000,-0.000128,0.000000,0.000128,0.000000,1.842989,0.003278,0.602790,-1.239216,-0.008799,-0.032522,1.942345,0.000016,-0.000021,-1.399991,0.002642,0.005166
5.266000,1.735000,0.000223,0.593700,-1.000000,-0.000128,0.000000,0.000128,0.000000,1.828294,0.003232,0.602603,-1.223889,-0.005255,-0.021087,1.925742,0.000031,-0.000019,-1.382410,0.000598,0.001962
5.278000,1.723000,0.000221,0.593700,-1.000000,-0.000128,0.000000,0.000128,0.000000,1.813667,0.003197,0.602384,-1.216219,-0.004352,-0.019963,1.909243,0.000039,-0.000013,-1.371258,0.000828,0.001150
5.290000,1.711000,0.000220,0.593700,-1.000000,-0.000128,0.000000,0.000128,0.000000,1.799165,0.003111,0.602245,-1.205736,-0.006564,-0.015229,1.892897,0.000049,-0.000014,-1.360438,0.001256,-0.000070
5.302000,1.699000,0.000218,0.593700,-1.000000,-0.000128,0.000000,0.000128,0.000000,1.784773,0.003074,0.602039,-1.197319,-0.004165,-0.017573,1.876705,0.000057,-0.000012,-1.345742,0.001030,0.000629
5.314000,1.687000,0.000217,0.593700,-1.000000,-0.000128,0.000000,0.000128,0.000000,1.770488,0.003024,0.601900,-1.187794,-0.004593,-0.010478,1.860670,0.000069,-0.000011,-1.334694,0.001119,-0.001442
5.326000,1.675000,0.000215,0.593700,-1.000000,-0.000128,0.000000,0.000128,0.000000,1.756308,0.002971,0.601700,-1.180188,-0.004346,-0.016418,1.844799,0.000080,-0.000012,-1.318894,0.000865,0.000925
5.338000,1.663000,0.000213,0.593700,-1.000000,-0.000128,0.000000,0.000128,0.000000,1.742227,0.002916,0.601596,-1.171383,-0.004394,-0.010903,1.829069,0.000091,-0.000013,-1.308506,0.000897,-0.000332
5.350000,1.651000,0.000212,0.593700,-1.000000,-0.000128,0.000000,0.000128,0.000000,1.728236,0.002862,0.601475,-1.163602,-0.004271,-0.006477,1.813490,0.000102,-0.000009,-1.296242,0.000828,-0.002136
5.362000,1.639000,0.000210,0.593700,-1.000000,-0.000128,0.000000,0.000128,0.000000,1.714340,0.002810,0.601355,-1.156307,-0.004179,-0.011924,1.798038,0.000113,-0.000012,-1.285048,0.000792,0.000097
5.374000,1.627000,0.000209,0.593700,-1.000000,-0.000128,0.000000,0.000128,0.000000,1.700519,0.002759,0.601255,-1.149745,-0.003996,-0.008754,1.782709,0.000123,-0.000012,-1.275167,0.000761,-0.000772
5.386000,1.615000,0.000207,0.593700,-1.000000,-0.000128,0.000000,0.000128,0.000000,1.686776,0.002708,0.601167,-1.142769,-0.004039,-0.003601,1.767532,0.000133,-0.000011,-1.264407,0.000812,-0.002361
5.398000,1.603000,0.000206,0.593700,-1.000000,-0.000128,0.000000,0.000128,0.000000,1.673170,0.002656,0.601093,-1.131239,-0.004720,-0.001499,1.752539,0.000142,-0.000013,-1.248081,0.001223,-0.002717
5.408000,1.593000,0.000205,0.593700,-1.000000,-0.000128,0.000000,0.000128,0.000000,1.661838,0.002603,0.600997,-1.130445,-0.004622,-0.004661,1.740078,0.000152,-0.000012,-1.245138,0.000849,-0.001669
5.420000,1.581000,0.000203,0.593700,-1.000000,-0.000128,0.000000,0.000128,0.000000,1.648387,0.002552,0.600866,-1.123732,-0.004097,-0.012568,1.725283,0.000161,-0.000012,-1.234466,0.000690,0.001146
5.432000,1.569000,0.000201,0.593700,-1.000000,-0.000128,0.000000,0.000128,0.000000,1.634882,0.002506,0.600803,-1.122794,-0.003528,-0.002845,1.710533,0.000170,-0.000010,-1.226554,0.000567,-0.002105
5.444000,1.557000,0.000200,0.593700,-1.000000,-0.000128,0.000000,0.000128,0.000000,1.621439,0.002465,0.600723,-1.117972,-0.003301,-0.005924,1.695907,0.000178,-0.000010,-1.216558,0.000573,-0.001021
5.456000,1.545000,0.000198,0.593700,-1.000000,-0.000128,0.000000,0.000128,0.000000,1.608058,0.002436,0.600662,-1.112759,-0.001528,-0.006042,1.681378,0.000187,-0.000013,-1.208686,-0.000186,-0.000674
5.468000,1.533000,0.000197,0.593700,-0.999999,-0.000128,0.000000,0.000128,0.000000,1.594729,0.002399,0.600457,-1.108835,-0.002395,-0.017368,1.666953,0.000193,-0.000009,-1.198588,0.000421,0.002766
5.480000,1.521000,0.000195,0.593700,-1.000000,-0.000128,0.000000,0.000128,0.000000,1.581495,0.002347,0.600331,-1.101986,-0.003291,-0.008159,1.652612,0.000200,-0.000005,-1.193843,0.000542,0.000024
5.492000,1.509000,0.000194,0.593700,-1.000000,-0.000128,0.000000,0.000128,0.000000,1.568306,0.002309,0.600307,-1.097246,-0.003176,-0.008115,1.638309,0.000206,-0.000012,-1.190421,0.000545,0.001271
5.504000,1.497000,0.000192,0.593700,-1.000000,-0.000128,0.000000,0.000128,0.000000,1.555167,0.002271,0.600286,-1.092915,-0.003338,-0.004931,1.624054,0.000211,-0.000011,-1.186579,0.000648,-0.000124
5.516000,1.485000,0.000191,0.593700,-1.000000,-0.000128,0.000000,0.000128,0.000000,1.542074,0.002235,0.600206,-1.089671,-0.003426,-0.008423,1.609881,0.000217,-0.000010,-1.178760,0.000644,0.000874
5.528000,1.473000,0.000189,0.593700,-1.000000,-0.000128,0.000000,0.000128,0.000000,1.529028,0.002202,0.600188,-1.084851,-0.002958,-0.000653,1.595798,0.000222,-0.000008,-1.173667,0.000385,-0.001935
5.540000,1.461000,0.000188,0.593700,-0.999999,-0.000128,0.000000,0.000128,0.000000,1.516009,0.002185,0.599983,-1.082817,-0.002912,-0.006016,1.581831,0.000225,0.000001,-1.162988,0.000718,-0.001168
5.552000,1.449000,0.000186,0.593700,-0.999999,-0.000129,0.000000,0.000128,0.000000,1.503052,0.002159,0.599936,-1.077892,-0.002041,-0.005119,1.567939,0.000231,-0.000006,-1.156734,0.000118,0.000016
5.564000,1.437000,0.000185,0.593700,-1.000000,-0.000128,0.000000,0.000128,0.000000,1.490160,0.002118,0.599852,-1.073816,-0.002804,-0.009324,1.554130,0.000235,-0.000006,-1.148782,0.000360,0.001771
5.576000,1.425000,0.000183,0.593700,-1.000000,-0.000129,0.000000,0.000128,0.000000,1.477304,0.002090,0.599801,-1.070363,-0.002386,-0.008268,1.540390,0.000239,-0.000006,-1.142581,0.000217,0.001519
5.588000,1.413000,0.000181,0.593700,-1.000000,-0.000128,0.000000,0.000128,0.000000,1.464500,0.002034,0.599771,-1.066211,-0.003661,-0.008326,1.526738,0.000244,-0.000011,-1.135946,0.000240,0.002285
5.600000,1.401000,0.000180,0.593700,-1.000000,-0.000128,0.000000,0.000128,0.000000,1.451733,0.002000,0.599749,-1.061792,-0.003193,0.006911,1.513181,0.000247,0.000003,-1.131264,0.000194,-0.004454
5.612000,1.389000,0.000178,0.593700,-1.000000,-0.000128,0.000000,0.000128,0.000000,1.439003,0.001961,0.599690,-1.059327,-0.005976,-0.000978,1.499690,0.000246,-0.000001,-1.123918,0.002000,-0.001287
5.624000,1.377000,0.000177,0.593700,-1.000000,-0.000128,0.000000,0.000128,0.000000,1.426313,0.001928,0.599591,-1.056943,-0.005877,-0.003766,1.486292,0.000247,-0.000000,-1.115508,0.002066,-0.000173
5.636000,1.365000,0.000175,0.593700,-1.000000,-0.000128,0.000000,0.000128,0.000000,1.413655,0.001898,0.599538,-1.054181,-0.006370,-0.005106,1.472955,0.000249,-0.000001,-1.109185,0.002395,0.000534
5.648000,1.353000,0.000174,0.593700,-1.000000,-0.000128,0.000000,0.000128,0.000000,1.401037,0.001874,0.599515,-1.050900,-0.002709,-0.001072,1.459677,0.000256,0.000001,-1.105276,0.000184,-0.000872
5.658000,1.343000,0.000172,0.593700,-1.000000,-0.000128,0.000000,0.000128,0.000000,1.390543,0.001852,0.599406,-1.050121,-0.002515,-0.011269,1.448681,0.000257,-0.000001,-1.096917,0.000223,0.002916
5.670000,1.331000,0.000171,0.593700,-1.000000,-0.000128,0.000000,0.000128,0.000000,1.377979,0.001829,0.599404,-1.046461,-0.001959,-0.002911,1.435561,0.000259,-0.000001,-1.092394,0.000012,0.000483
5.682000,1.319000,0.000169,0.593700,-1.000000,-0.000128,0.000000,0.000128,0.000000,1.365449,0.001804,0.599343,-1.043933,-0.001762,-0.004980,1.422519,0.000260,-0.000001,-1.085777,-0.000015,0.001298
5.694000,1.307000,0.000168,0.593700,-1.000000,-0.000128,0.000000,0.000128,0.000000,1.352952,0.001778,0.599349,-1.040485,-0.002256,0.000729,1.409527,0.000261,0.000001,-1.082960,0.000293,-0.000665
5.706000,1.295000,0.000166,0.593700,-1.000000,-0.000128,0.000000,0.000128,0.000000,1.340486,0.001757,0.599345,-1.037825,-0.001832,0.002502,1.396572,0.000262,0.000002,-1.080283,0.000081,-0.001471
5.718000,1.283000,0.000165,0.593700,-1.000000,-0.000128,0.000000,0.000128,0.000000,1.328045,0.001734,0.599254,-1.036739,-0.001852,-0.002723,1.383688,0.000263,0.000004,-1.072820,0.000108,0.000267
5.730000,1.271000,0.000163,0.593700,-1.000000,-0.000128,0.000000,0.000128,0.000000,1.315630,0.001713,0.599229,-1.034729,-0.001598,-0.004089,1.370851,0.000265,0.000000,-1.067998,-0.000022,0.001368
5.742000,1.259000,0.000162,0.593700,-1.000000,-0.000128,0.000000,0.000128,0.000000,1.303241,0.001690,0.599243,-1.032019,-0.002092,0.001252,1.358051,0.000265,0.000003,-1.066386,0.000295,-0.000727
5.754000,1.247000,0.000160,0.593700,-1.000000,-0.000128,0.000000,0.000128,0.000000,1.290873,0.001671,0.599151,-1.031452,-0.001900,-0.004113,1.345327,0.000266,0.000005,-1.058508,0.000185,0.000938
5.766000,1.235000,0.000159,0.593700,-1.000000,-0.000128,0.000000,0.000128,0.000000,1.278530,0.001652,0.599232,-1.028202,-0.001619,0.003442,1.332638,0.000267,-0.000000,-1.057651,0.000062,-0.000707
5.778000,1.223000,0.000157,0.593700,-1.000000,-0.000128,0.000000,0.000128,0.000000,1.266208,0.001634,0.599226,-1.028626,-0.001504,-0.010619,1.319976,0.000268,-0.000006,-1.050733,-0.000004,0.004262
5.790000,1.211000,0.000156,0.593700,-1.000000,-0.000128,0.000000,0.000128,0.000000,1.253901,0.001614,0.599186,-1.024319,-0.001416,0.007512,1.307442,0.000269,0.000010,-1.047847,-0.000018,-0.003536
5.802000,1.199000,0.000154,0.593700,-1.000000,-0.000128,0.000000,0.000128,0.000000,1.241624,0.001595,0.599262,-1.022796,-0.001475,0.005616,1.294880,0.000269,0.000000,-1.047240,0.000036,-0.001547
5.814000,1.187000,0.000152,0.593700,-1.000000,-0.000128,0.000000,0.000128,0.000000,1.229356,0.001574,0.599277,-1.021746,-0.001760,0.009966,1.282401,0.000270,0.000005,-1.041395,0.000197,-0.003798
5.826000,1.175000,0.000151,0.593700,-1.000000,-0.000128,0.000000,0.000128,0.000000,1.217063,0.001555,0.599295,-1.024473,-0.001722,0.013837,1.269913,0.000271,0.000013,-1.044707,0.000235,-0.006356
5.838000,1.163000,0.000149,0.593700,-1.000000,-0.000128,0.000000,0.000128,0.000000,1.204785,0.001547,0.599219,-1.024492,-0.000984,0.008388,1.257531,0.000271,0.000015,-1.034660,0.000032,-0.004770
5.850000,1.151000,0.000148,0.593700,-1.000000,-0.000128,0.000000,0.000128,0.000000,1.192574,0.001552,0.599242,-1.018479,-0.000387,0.001950,1.245226,0.000270,0.000002,-1.025691,-0.000055,-0.000714
5.862000,1.139000,0.000146,0.593700,-1.000000,-0.000128,0.000000,0.000128,0.000000,1.180393,0.001536,0.599179,-1.016162,-0.001221,-0.009766,1.232939,0.000271,-0.000002,-1.023219,0.000159,0.003791
5.874000,1.127000,0.000145,0.593700,-1.000000,-0.000128,0.000000,0.000128,0.000000,1.168224,0.001488,0.599249,-1.012926,-0.005704,0.009880,1.220622,0.000269,0.000004,-1.029925,0.002070,-0.003267
5.886000,1.115000,0.000143,0.593700,-1.000000,-0.000128,0.000000,0.000128,0.000000,1.156066,0.001472,0.599293,-1.013350,-0.002731,0.005020,1.208276,0.000275,-0.000000,-1.029388,0.000345,-0.001191
5.898000,1.103000,0.000142,0.593700,-1.000000,-0.000128,0.000000,0.000128,0.000000,1.143900,0.001471,0.599298,-1.014403,-0.000695,0.001660,1.195948,0.000275,-0.000001,-1.027009,0.000053,-0.000203
5.908000,1.093000,0.000140,0.593700,-1.000000,-0.000128,0.000000,0.000128,0.000000,1.133757,0.001461,0.599299,-1.014493,-0.000504,0.000877,1.185683,0.000277,0.000001,-1.026647,-0.000088,-0.000284
5.920000,1.081000,0.000139,0.593700,-1.000000,-0.000128,0.000000,0.000128,0.000000,1.121592,0.001440,0.599273,-1.014667,-0.001059,-0.001991,1.173397,0.000277,0.000000,-1.023008,0.000118,0.000771
5.932000,1.069000,0.000137,0.593700,-1.000000,-0.000128,0.000000,0.000128,0.000000,1.109430,0.001425,0.599309,-1.013422,-0.001520,0.002622,1.161130,0.000279,-0.000000,-1.022786,0.000338,-0.000676
5.944000,1.057000,0.000136,0.593700,-1.000000,-0.000128,0.000000,0.000128,0.000000,1.097274,0.001410,0.599300,-1.013131,-0.001334,0.002482,1.148890,0.000282,0.000003,-1.020139,0.000169,-0.000981
5.956000,1.045000,0.000134,0.593700,-1.000000,-0.000128,0.000000,0.000128,0.000000,1.085127,0.001393,0.599331,-1.012195,-0.001237,0.002887,1.136661,0.000284,-0.000000,-1.019248,0.000112,-0.000712
5.968000,1.033000,0.000133,0.593700,-1.000000,-0.000128,0.000000,0.000128,0.000000,1.072985,0.001374,0.599341,-1.011839,-0.001543,0.001726,1.124434,0.000287,0.000001,-1.018729,0.000278,-0.000582
5.980000,1.021000,0.000131,0.593700,-1.000000,-0.000128,0.000000,0.000128,0.000000,1.060845,0.001359,0.599364,-1.011635,-0.001315,0.002534,1.112211,0.000289,0.000001,-1.018958,0.000155,-0.000941
5.992000,1.009000,0.000130,0.593700,-1.000000,-0.000128,0.000000,0.000128,0.000000,1.048711,0.001342,0.599416,-1.011076,-0.001261,0.000327,1.099966,0.000292,-0.000006,-1.020916,0.000149,0.000540
6.004000,0.997000,0.000128,0.593700,-1.000000,-0.000128,0.000000,0.000128,0.000000,1.036579,0.001324,0.599447,-1.010775,-0.001532,0.000727,1.087691,0.000293,-0.000005,-1.023649,0.000323,0.000079
6.016000,0.985000,0.000127,0.593700,-1.000000,-0.000128,0.000000,0.000128,0.000000,1.024421,0.001321,0.599461,-1.012802,-0.000001,-0.001979,1.075395,0.000295,-0.000006,-1.023248,-0.000314,0.000940
6.028000,0.973000,0.000125,0.593700,-1.000000,-0.000128,0.000000,0.000128,0.000000,1.012284,0.001313,0.599413,-1.011615,-0.000741,0.001351,1.063194,0.000296,-0.000001,-1.017005,0.000176,-0.000821
6.040000,0.961000,0.000124,0.593700,-1.000000,-0.000128,0.000000,0.000128,0.000000,1.000154,0.001297,0.599410,-1.010692,-0.001368,0.001422,1.051003,0.000298,0.000001,-1.015653,0.000331,-0.000835
6.052000,0.949000,0.000122,0.593700,-1.000000,-0.000128,0.000000,0.000128,0.000000,0.988033,0.001282,0.599488,-1.009215,-0.001274,0.002202,1.038775,0.000301,-0.000006,-1.020389,0.000169,-0.000196
6.064000,0.937000,0.000120,0.593700,-1.000000,-0.000128,0.000000,0.000128,0.000000,0.975885,0.001278,0.599453,-1.011676,-0.000480,-0.005998,1.026517,0.000302,-0.000004,-1.018122,0.000033,0.001831
6.076000,0.925000,0.000119,0.593700,-1.000000,-0.000128,0.000000,0.000128,0.000000,0.963766,0.001265,0.599491,-1.009549,-0.001140,0.000460,1.014291,0.000304,-0.000005,-1.019492,0.000333,-0.000167
6.088000,0.913000,0.000117,0.593700,-1.000000,-0.000128,0.000000,0.000128,0.000000,0.951612,0.001256,0.599531,-1.012061,-0.000400,0.000090,1.002024,0.000306,-0.000010,-1.021653,-0.000110,0.000443
6.100000,0.901000,0.000116,0.593700,-1.000000,-0.000128,0.000000,0.000128,0.000000,0.939493,0.001248,0.599446,-1.009944,-0.000769,0.000730,0.989864,0.000307,-0.000000,-1.013878,0.000180,-0.000875
6.112000,0.889000,0.000114,0.593700,-1.000000,-0.000128,0.000000,0.000128,0.000000,0.927388,0.001232,0.599496,-1.007983,-0.001438,-0.000012,0.977653,0.000309,-0.000005,-1.018221,0.000382,0.000119
6.124000,0.877000,0.000113,0.593700,-1.000000,-0.000128,0.000000,0.000128,0.000000,0.915279,0.001218,0.599446,-1.009003,-0.001216,-0.004860,0.965432,0.000312,-0.000004,-1.018105,0.000175,0.001415
6.136000,0.865000,0.000111,0.593700,-1.000000,-0.000128,0.000000,0.000128,0.000000,0.903173,0.001200,0.599397,-1.007561,-0.001500,0.001579,0.953208,0.000314,0.000003,-1.020818,0.000299,-0.001332
6.148000,0.853000,0.000110,0.593700,-1.000000,-0.000128,0.000000,0.000128,0.000000,0.891073,0.001185,0.599395,-1.007899,-0.001358,-0.000228,0.940925,0.000316,-0.000000,-1.023666,0.000217,-0.000095
6.158000,0.843000,0.000108,0.593700,-1.000000,-0.000128,0.000000,0.000128,0.000000,0.880983,0.001173,0.599447,-1.008293,-0.001271,0.001023,0.930657,0.000318,-0.000006,-1.026572,0.000202,0.000046
6.170000,0.831000,0.000107,0.593700,-1.000000,-0.000128,0.000000,0.000128,0.000000,0.868873,0.001160,0.599510,-1.008036,-0.001022,0.003437,0.918303,0.000319,-0.000005,-1.030737,0.000095,-0.001178
6.182000,0.819000,0.000105,0.593700,-1.000000,-0.000128,0.000000,0.000128,0.000000,0.856755,0.001139,0.599437,-1.009867,-0.003794,-0.002485,0.905977,0.000316,-0.000002,-1.026365,0.001853,0.000213
6.194000,0.807000,0.000104,0.593700,-1.000000,-0.000128,0.000000,0.000128,0.000000,0.844630,0.001154,0.599458,-1.009441,-0.000937,0.000843,0.893664,0.000321,-0.000002,-1.025653,0.000389,-0.000932
6.206000,0.795000,0.000102,0.593700,-1.000000,-0.000128,0.000000,0.000128,0.000000,0.832524,0.001150,0.599349,-1.009663,0.002486,-0.009926,0.881391,0.000327,-0.000002,-1.020965,-0.001795,0.002863
6.218000,0.783000,0.000101,0.593700,-1.000000,-0.000128,0.000000,0.000128,0.000000,0.820402,0.001128,0.599296,-1.008986,-0.001115,-0.002290,0.869145,0.000324,0.000003,-1.019896,0.000292,0.000026
6.230000,0.771000,0.000099,0.593700,-1.000000,-0.000129,0.000000,0.000128,0.000000,0.808303,0.001122,0.599313,-1.007833,-0.000535,-0.001558,0.856872,0.000325,0.000001,-1.021664,-0.000027,0.000195
6.242000,0.759000,0.000098,0.593700,-1.000000,-0.000128,0.000000,0.000128,0.000000,0.796227,0.001108,0.599308,-1.007441,0.001695,-0.007657,0.844581,0.000330,-0.000004,-1.022079,-0.001588,0.002816
6.254000,0.747000,0.000096,0.593700,-1.000000,-0.000128,0.000000,0.000128,0.000000,0.784146,0.001071,0.599337,-1.006741,-0.001390,-0.003214,0.832303,0.000328,-0.000004,-1.022315,-0.000072,0.001371
6.266000,0.735000,0.000095,0.593700,-1.000000,-0.000128,0.000000,0.000128,0.000000,0.772061,0.001060,0.599348,-1.006162,-0.001681,-0.000578,0.820037,0.000328,-0.000003,-1.022507,0.000210,0.000057
6.278000,0.723000,0.000093,0.593700,-1.000000,-0.000128,0.000000,0.000128,0.000000,0.759979,0.001043,0.599310,-1.006214,-0.003633,0.000490,0.807799,0.000324,0.000002,-1.019830,0.001518,-0.000831
6.290000,0.711000,0.000091,0.593700,-1.000000,-0.000128,0.000000,0.000128,0.000000,0.747903,0.001056,0.599256,-1.006812,-0.000771,-0.005592,0.795577,0.000326,0.000000,-1.015951,0.000342,0.001430
6.302000,0.699000,0.000090,0.593700,-1.000000,-0.000128,0.000000,0.000128,0.000000,0.735836,0.001052,0.599269,-1.005584,0.000297,0.000008,0.783380,0.000327,0.000001,-1.015845,-0.000247,-0.000339
6.314000,0.687000,0.000088,0.593700,-1.000000,-0.000128,0.000000,0.000128,0.000000,0.723780,0.001020,0.599235,-1.004816,-0.001289,-0.002605,0.771194,0.000328,0.000003,-1.014908,-0.000148,0.000252
6.326000,0.675000,0.000087,0.593700,-1.000000,-0.000128,0.000000,0.000128,0.000000,0.711728,0.001009,0.599229,-1.004535,-0.000717,-0.004388,0.759018,0.000328,-0.000003,-1.014051,-0.000226,0.001719
6.338000,0.663000,0.000085,0.593700,-1.000000,-0.000128,0.000000,0.000128,0.000000,0.699676,0.001000,0.599236,-1.003318,-0.000592,0.005901,0.746865,0.000326,0.000006,-1.014348,-0.000124,-0.002778
6.350000,0.651000,0.000084,0.593700,-1.000000,-0.000128,0.000000,0.000128,0.000000,0.687631,0.000993,0.599152,-1.003925,-0.000538,-0.000943,0.734757,0.000325,0.000006,-1.008585,-0.000087,-0.000301
6.362000,0.639000,0.000082,0.593700,-1.000000,-0.000128,0.000000,0.000128,0.000000,0.675592,0.000985,0.599182,-1.002805,-0.000701,0.003295,0.722655,0.000324,0.000004,-1.008572,0.000022,-0.001349
6.374000,0.627000,0.000081,0.593700,-1.000000,-0.000128,0.000000,0.000128,0.000000,0.663561,0.000981,0.599143,-1.003056,-0.000650,-0.004144,0.710559,0.000323,0.000002,-1.006743,0.000008,0.001439
6.386000,0.615000,0.000079,0.593700,-1.000000,-0.000128,0.000000,0.000128,0.000000,0.651534,0.000977,0.599114,-1.002679,-0.000338,-0.002319,0.698489,0.000323,0.000004,-1.005030,-0.000152,0.000564
6.398000,0.603000,0.000078,0.593700,-1.000000,-0.000128,0.000000,0.000128,0.000000,0.639514,0.000971,0.599125,-1.001776,-0.000375,-0.000487,0.686453,0.000322,-0.000000,-1.003266,-0.000097,0.000774
6.410000,0.591000,0.000076,0.593700,-1.000000,-0.000128,0.000000,0.000128,0.000000,0.627501,0.000967,0.599128,-1.000622,-0.000261,0.003860,0.674422,0.000321,0.000007,-1.003539,-0.000188,-0.001620
6.422000,0.579000,0.000075,0.593700,-1.000000,-0.000128,0.000000,0.000128,0.000000,0.615494,0.000961,0.599114,-1.000795,-0.000255,-0.000868,0.662392,0.000320,0.000002,-1.001949,-0.000170,0.000549
6.432000,0.569000,0.000073,0.593700,-1.000000,-0.000128,0.000000,0.000128,0.000000,0.605490,0.000956,0.599078,-1.001303,-0.000648,-0.003616,0.652381,0.000319,0.000003,-0.999708,0.000032,0.001371
6.444000,0.557000,0.000072,0.593700,-1.000000,-0.000128,0.000000,0.000128,0.000000,0.593491,0.000952,0.599093,-1.000466,-0.000411,-0.001804,0.640391,0.000318,0.000002,-0.998615,-0.000063,0.001172
6.456000,0.545000,0.000070,0.593700,-1.000000,-0.000128,0.000000,0.000128,0.000000,0.581498,0.000945,0.599148,-0.999004,-0.000668,0.002192,0.628380,0.000317,0.000001,-1.001944,0.000057,-0.000140
6.468000,0.533000,0.000069,0.593700,-1.000000,-0.000128,0.000000,0.000128,0.000000,0.569507,0.000941,0.599233,-0.999442,-0.000355,0.005182,0.616356,0.000317,-0.000002,-1.002012,-0.000095,-0.001142
6.480000,0.521000,0.000067,0.593700,-1.000000,-0.000128,0.000000,0.000128,0.000000,0.557512,0.000936,0.599054,-1.000605,-0.000271,-0.003911,0.604465,0.000316,0.000008,-0.990455,-0.000168,0.000721
6.492000,0.509000,0.000066,0.593700,-1.000000,-0.000128,0.000000,0.000128,0.000000,0.545531,0.000930,0.599149,-0.997990,-0.000600,0.007973,0.592538,0.000315,0.000005,-0.995363,-0.000009,-0.002426
6.504000,0.497000,0.000064,0.593700,-1.000000,-0.000128,0.000000,0.000128,0.000000,0.533555,0.000924,0.599178,-0.999458,-0.000616,-0.005265,0.580581,0.000314,-0.000003,-0.993798,0.000013,0.002650
6.516000,0.485000,0.000063,0.593700,-1.000000,-0.000128,0.000000,0.000128,0.000000,0.521574,0.000919,0.599186,-0.999228,-0.000636,-0.002550,0.568664,0.000314,-0.000002,-0.992451,0.000059,0.001527
6.528000,0.473000,0.000061,0.593700,-1.000000,-0.000128,0.000000,0.000128,0.000000,0.509597,0.000914,0.599227,-0.997661,-0.000423,0.003649,0.556745,0.000314,-0.000000,-0.995303,-0.000058,-0.000826
6.540000,0.461000,0.000059,0.593700,-1.000000,-0.000128,0.000000,0.000128,0.000000,0.497621,0.000907,0.599194,-0.998040,-0.000398,0.005038,0.544839,0.000314,0.000005,-0.993397,-0.000071,-0.001792
6.552000,0.449000,0.000058,0.593700,-1.000000,-0.000128,0.000000,0.000128,0.000000,0.485650,0.000902,0.599227,-0.999002,0.000619,-0.001228,0.532933,0.000314,-0.000003,-0.990371,-0.000426,0.001272
6.564000,0.437000,0.000056,0.593700,-1.000000,-0.000128,0.000000,0.000128,0.000000,0.473670,0.000896,0.599141,-0.999135,-0.000323,-0.004204,0.521072,0.000313,0.000005,-0.987821,0.000069,0.001237
6.576000,0.425000,0.000055,0.593700,-1.000000,-0.000128,0.000000,0.000128,0.000000,0.461684,0.000888,0.599214,-0.998695,-0.000762,0.004476,0.509187,0.000314,0.000002,-0.990268,0.000127,-0.001032
6.588000,0.413000,0.000053,0.593700,-1.000000,-0.000128,0.000000,0.000128,0.000000,0.449665,0.000871,0.599242,-1.001693,0.000171,-0.007953,0.497297,0.000314,-0.000005,-0.984685,-0.000675,0.003828
6.600000,0.401000,0.000052,0.593700,-1.000000,-0.000128,0.000000,0.000128,0.000000,0.437698,0.000874,0.599280,-0.997050,-0.000526,0.004079,0.485504,0.000313,0.000001,-0.984592,-0.000079,-0.001153
6.612000,0.389000,0.000050,0.593700,-1.000000,-0.000128,0.000000,0.000128,0.000000,0.425737,0.000887,0.599306,-0.996497,0.000023,0.001817,0.473661,0.000312,-0.000002,-0.988056,0.000032,0.000000
6.624000,0.377000,0.000049,0.593700,-1.000000,-0.000128,0.000000,0.000128,0.000000,0.413772,0.000881,0.599299,-0.997041,-0.000588,0.001536,0.461780,0.000312,0.000001,-0.990964,0.000196,-0.000333
6.636000,0.365000,0.000047,0.593700,-1.000000,-0.000128,0.000000,0.000128,0.000000,0.401803,0.000877,0.599305,-0.998093,0.000307,0.000094,0.449876,0.000313,-0.000000,-0.992321,-0.000257,0.000339
6.648000,0.353000,0.000046,0.593700,-1.000000,-0.000128,0.000000,0.000128,0.000000,0.389829,0.000876,0.599311,-0.998757,0.002546,-0.001377,0.437969,0.000317,-0.000002,-0.991939,-0.001708,0.001070
6.660000,0.341000,0.000044,0.593700,-1.000000,-0.000128,0.000000,0.000128,0.000000,0.377842,0.000867,0.599364,-0.998334,-0.000185,0.004925,0.426042,0.000313,0.000001,-0.995217,0.000032,-0.001451
6.672000,0.329000,0.000043,0.593700,-1.000000,-0.000128,0.000000,0.000128,0.000000,0.365856,0.000861,0.599384,-0.998894,-0.000352,0.001481,0.414079,0.000314,-0.000002,-0.997446,0.000052,-0.000143
6.682000,0.319000,0.000041,0.593700,-1.000000,-0.000128,0.000000,0.000128,0.000000,0.355859,0.000856,0.599367,-1.000263,-0.000590,-0.001848,0.404101,0.000315,-0.000001,-0.996687,0.000139,0.000770
6.694000,0.307000,0.000040,0.593700,-1.000000,-0.000128,0.000000,0.000128,0.000000,0.343858,0.000851,0.599365,-1.000882,-0.000485,-0.001894,0.392151,0.000315,-0.000001,-0.994859,0.000087,0.000766
6.706000,0.295000,0.000038,0.593700,-1.000000,-0.000128,0.000000,0.000128,0.000000,0.331856,0.000844,0.599431,-0.999832,-0.000679,0.003242,0.380188,0.000316,-0.000003,-0.998131,0.000188,-0.000762
6.718000,0.283000,0.000037,0.593700,-1.000000,-0.000128,0.000000,0.000128,0.000000,0.319853,0.000840,0.599456,-1.000021,-0.000301,0.002745,0.368203,0.000317,-0.000003,-0.999513,-0.000040,-0.000775
6.730000,0.271000,0.000035,0.593700,-1.000000,-0.000128,0.000000,0.000128,0.000000,0.307841,0.000834,0.599432,-1.001177,-0.000313,0.000535,0.356231,0.000317,-0.000001,-0.997033,-0.000025,-0.000317
6.742000,0.259000,0.000034,0.593700,-1.000000,-0.000128,0.000000,0.000128,0.000000,0.295827,0.000828,0.599467,-1.000929,-0.000591,0.001125,0.344244,0.000317,-0.000003,-0.999166,0.000112,-0.000326
6.754000,0.247000,0.000032,0.593700,-1.000000,-0.000128,0.000000,0.000128,0.000000,0.283812,0.000824,0.599494,-1.001252,-0.000348,-0.002044,0.332211,0.000318,-0.000005,-1.002556,-0.000009,0.000851
6.766000,0.235000,0.000030,0.593700,-1.000000,-0.000128,0.000000,0.000128,0.000000,0.271792,0.000819,0.599485,-1.002158,-0.000266,-0.003188,0.320179,0.000319,-0.000006,-1.001902,-0.000037,0.001209
6.778000,0.223000,0.000029,0.593700,-1.000000,-0.000128,0.000000,0.000128,0.000000,0.259764,0.000815,0.599515,-1.001513,-0.000224,0.003058,0.308138,0.000319,-0.000002,-1.004419,-0.000075,-0.001331
6.790000,0.211000,0.000027,0.593700,-1.000000,-0.000128,0.000000,0.000128,0.000000,0.247734,0.000810,0.599519,-1.002111,-0.000175,0.000197,0.296072,0.000319,-0.000005,-1.005419,-0.000077,-0.000138
6.802000,0.199000,0.000026,0.593700,-1.000000,-0.000128,0.000000,0.000128,0.000000,0.235699,0.000804,0.599494,-1.002711,-0.000471,-0.000080,0.284011,0.000319,-0.000001,-1.004418,0.000078,-0.000570
6.814000,0.187000,0.000024,0.593700,-1.000000,-0.000128,0.000000,0.000128,0.000000,0.223659,0.000802,0.599485,-1.003035,-0.000280,0.000746,0.271966,0.000319,0.000000,-1.003710,-0.000035,-0.000897
6.826000,0.175000,0.000023,0.593700,-1.000000,-0.000128,0.000000,0.000128,0.000000,0.211620,0.000797,0.599445,-1.003845,-0.000297,-0.007721,0.259934,0.000319,-0.000005,-1.000996,0.000015,0.002647
6.838000,0.163000,0.000021,0.593700,-1.000000,-0.000128,0.000000,0.000128,0.000000,0.199582,0.000792,0.599406,-1.001988,-0.000828,-0.000576,0.247910,0.000319,0.000002,-1.003384,0.000244,-0.000341
6.850000,0.151000,0.000020,0.593700,-1.000000,-0.000128,0.000000,0.000128,0.000000,0.187553,0.000790,0.599415,-1.001751,-0.000251,-0.000275,0.235811,0.000319,0.000000,-1.008563,-0.000077,-0.000143
6.862000,0.139000,0.000018,0.593700,-1.000000,-0.000128,0.000000,0.000128,0.000000,0.175514,0.000785,0.599459,-1.002604,-0.000397,0.000352,0.223673,0.000319,-0.000005,-1.011627,0.000029,0.000284
6.874000,0.127000,0.000017,0.593700,-1.000000,-0.000128,0.000000,0.000128,0.000000,0.163471,0.000784,0.599516,-1.002568,-0.000149,0.003406,0.211499,0.000319,-0.000004,-1.015705,-0.000114,-0.001153
6.886000,0.115000,0.000015,0.593700,-1.000000,-0.000128,0.000000,0.000128,0.000000,0.151425,0.000779,0.599495,-1.003627,-0.000056,-0.000867,0.199312,0.000318,-0.000005,-1.015613,-0.000137,0.000057
6.898000,0.103000,0.000014,0.593700,-1.000000,-0.000128,0.000000,0.000128,0.000000,0.139374,0.000774,0.599493,-1.003576,-0.000475,0.002764,0.187132,0.000317,-0.000001,-1.015549,0.000097,-0.001665
6.910000,0.091000,0.000012,0.593700,-1.000000,-0.000128,0.000000,0.000128,0.000000,0.127320,0.000778,0.599426,-1.003976,0.000213,-0.003423,0.174980,0.000318,-0.000001,-1.012590,-0.000341,0.000433
6.922000,0.079000,0.000010,0.593700,-1.000000,-0.000129,0.000000,0.000128,0.000000,0.115257,0.000794,0.599357,-1.003913,0.001234,0.001311,0.162837,0.000316,0.000005,-1.012731,-0.000301,-0.001608
6.932000,0.069000,0.000009,0.593700,-1.000000,-0.000129,0.000000,0.000128,0.000000,0.105211,0.000791,0.599325,-1.003823,0.000318,-0.001255,0.152702,0.000317,0.000004,-1.013199,-0.000163,-0.000451
6.944000,0.057000,0.000008,0.593700,-1.000000,-0.000128,0.000000,0.000128,0.000000,0.093170,0.000784,0.599387,-1.002558,-0.000188,0.000600,0.140518,0.000317,-0.000006,-1.016130,-0.000072,0.000296
6.956000,0.045000,0.000006,0.593700,-1.000000,-0.000128,0.000000,0.000128,0.000000,0.081138,0.000752,0.599416,-1.001154,-0.004145,0.006111,0.128321,0.000314,-0.000000,-1.019026,0.001632,-0.002473
6.968000,0.033000,0.000005,0.593700,-1.000000,-0.000128,0.000000,0.000128,0.000000,0.069109,0.000745,0.599351,-1.002240,-0.003648,0.001680,0.116141,0.000313,0.000001,-1.015414,0.001534,-0.001247
6.980000,0.021000,0.000003,0.593700,-1.000000,-0.000128,0.000000,0.000128,0.000000,0.057077,0.000762,0.599329,-1.002663,0.000523,0.001229,0.103975,0.000315,0.000002,-1.013363,-0.000206,-0.001172
6.992000,0.009000,0.000002,0.593700,-1.000000,-0.000128,0.000000,0.000128,0.000000,0.045050,0.000737,0.599293,-1.002810,-0.000993,-0.004407,0.091825,0.000315,-0.000001,-1.011177,-0.000012,0.001281
7.004000,0.000000,0.000000,0.593700,0.000000,0.000000,0.000000,0.000128,0.000000,0.033020,0.000734,0.599293,-1.003098,-0.000433,0.000179,0.079696,0.000314,-0.000002,-1.010051,-0.000169,0.001080
7.016000,0.000000,0.000000,0.593700,0.000000,0.000000,0.000000,0.000128,0.000000,0.020938,0.000731,0.599472,-1.044708,-0.000700,0.023531,0.070146,0.000313,-0.000004,-0.714611,0.000133,-0.001695
7.028000,0.000000,0.000000,0.593700,0.000000,0.000000,0.000000,0.000128,0.000000,0.009045,0.000754,0.599656,-1.001065,0.000700,0.020077,0.064016,0.000312,-0.000006,-0.476961,-0.000003,0.000847
7.040000,0.000000,0.000000,0.593700,0.000000,0.000000,0.000000,0.000128,0.000000,-0.002187,0.000753,0.599956,-0.921128,0.000322,0.023029,0.059485,0.000312,-0.000010,-0.368396,0.000002,0.000263
7.052000,0.000000,0.000000,0.593700,0.000000,0.000000,0.000000,0.000128,0.000000,-0.012080,0.000758,0.600251,-0.784260,0.000661,0.027430,0.055886,0.000311,-0.000006,-0.270953,-0.000149,-0.002396
7.064000,0.000000,0.000000,0.593700,0.000000,0.000000,0.000000,0.000128,0.000000,-0.021606,0.000763,0.600468,-0.742992,0.000843,0.021647,0.051835,0.000310,-0.000009,-0.334134,-0.000105,0.000722
7.076000,0.000000,0.000000,0.593700,0.000000,0.000000,0.000000,0.000128,0.000000,-0.030393,0.000779,0.600810,-0.690079,0.001374,0.028957,0.047666,0.000308,-0.000012,-0.346267,-0.000236,-0.000118
7.088000,0.000000,0.000000,0.593700,0.000000,0.000000,0.000000,0.000128,0.000000,-0.038414,0.000793,0.601160,-0.626435,0.001240,0.033221,0.043370,0.000305,-0.000013,-0.358163,-0.000099,0.000648
7.100000,0.000000,0.000000,0.593700,0.000000,0.000000,0.000000,0.000128,0.000000,-0.045631,0.000808,0.601607,-0.559451,0.001444,0.044507,0.038949,0.000303,-0.000012,-0.369499,-0.000199,-0.000595
7.112000,0.000000,0.000000,0.593700,0.000000,0.000000,0.000000,0.000128,0.000000,-0.052003,0.000827,0.602235,-0.493359,0.001761,0.051622,0.034324,0.000300,-0.000021,-0.389244,-0.000264,0.000919
7.124000,0.000000,0.000000,0.593700,0.000000,0.000000,0.000000,0.000128,0.000000,-0.057591,0.000852,0.602854,-0.431595,0.002007,0.049209,0.029422,0.000297,-0.000020,-0.413680,-0.000254,0.001620
7.136000,0.000000,0.000000,0.593700,0.000000,0.000000,0.000000,0.000128,0.000000,-0.062472,0.000871,0.603461,-0.374508,0.001677,0.049993,0.024283,0.000293,-0.000014,-0.431604,-0.000189,-0.000887
7.148000,0.000000,0.000000,0.593700,0.000000,0.000000,0.000000,0.000128,0.000000,-0.066691,0.000895,0.604066,-0.320997,0.002081,0.040798,0.018938,0.000290,-0.000018,-0.447336,-0.000365,0.000857
7.160000,0.000000,0.000000,0.593700,0.000000,0.000000,0.000000,0.000128,0.000000,-0.070262,0.000921,0.604462,-0.267417,0.002153,0.028243,0.013507,0.000286,-0.000010,-0.452160,-0.000301,0.001080
7.172000,0.000000,0.000000,0.593700,0.000000,0.000000,0.000000,0.000128,0.000000,-0.073170,0.000942,0.604826,-0.213224,0.001815,0.026546,0.008123,0.000283,-0.000005,-0.447144,-0.000246,-0.001421
7.182000,0.000000,0.000000,0.593700,0.000000,0.000000,0.000000,0.000128,0.000000,-0.075088,0.000963,0.605044,-0.168154,0.002129,0.014450,0.003683,0.000280,-0.000006,-0.442595,-0.000360,0.000578
7.194000,0.000000,0.000000,0.593700,0.000000,0.000000,0.000000,0.000128,0.000000,-0.076779,0.000990,0.605107,-0.112015,0.002224,0.002292,-0.001525,0.000276,0.000004,-0.432022,-0.000354,-0.000131
7.206000,0.000000,0.000000,0.593700,0.000000,0.000000,0.000000,0.000128,0.000000,-0.077784,0.000997,0.605128,-0.056646,0.000630,-0.002936,-0.006548,0.000273,0.000006,-0.414658,0.000094,-0.001614
7.218000,0.000000,0.000000,0.593700,0.000000,0.000000,0.000000,0.000128,0.000000,-0.078115,0.001022,0.604968,-0.001651,0.001721,-0.020785,-0.011360,0.000269,0.000006,-0.397928,-0.000389,0.000516
7.230000,0.000000,0.000000,0.593700,0.000000,0.000000,0.000000,0.000128,0.000000,-0.077846,0.001045,0.604621,0.046794,0.001750,-0.028448,-0.015934,0.000265,0.000015,-0.375562,-0.000344,-0.000414
7.242000,0.000000,0.000000,0.593700,0.000000,0.000000,0.000000,0.000128,0.000000,-0.077032,0.001067,0.604292,0.088654,0.001786,-0.031034,-0.020239,0.000262,0.000012,-0.351292,-0.000339,0.000027
7.254000,0.000000,0.000000,0.593700,0.000000,0.000000,0.000000,0.000128,0.000000,-0.075725,0.001087,0.603888,0.126188,0.001518,-0.034778,-0.024167,0.000259,0.000012,-0.319911,-0.000240,0.000498
7.266000,0.000000,0.000000,0.593700,0.000000,0.000000,0.000000,0.000128,0.000000,-0.073981,0.001104,0.603464,0.158683,0.001157,-0.033286,-0.027712,0.000256,0.000014,-0.289251,-0.000207,-0.000215
7.278000,0.000000,0.000000,0.593700,0.000000,0.000000,0.000000,0.000128,0.000000,-0.071908,0.001118,0.603059,0.180801,0.000875,-0.029525,-0.030924,0.000254,0.000012,-0.262634,-0.000202,-0.000247
7.290000,0.000000,0.000000,0.593700,0.000000,0.000000,0.000000,0.000128,0.000000,-0.069618,0.001129,0.602732,0.194205,0.000204,-0.025031,-0.033851,0.000253,0.000009,-0.238072,-0.000106,-0.000178
7.302000,0.000000,0.000000,0.593700,0.000000,0.000000,0.000000,0.000128,0.000000,-0.067194,0.001134,0.602436,0.201231,0.000311,-0.021903,-0.036428,0.000251,0.000006,-0.208754,-0.000141,-0.000035
7.314000,0.000000,0.000000,0.593700,0.000000,0.000000,0.000000,0.000128,0.000000,-0.064702,0.001138,0.602205,0.204801,0.000180,-0.018141,-0.038669,0.000250,0.000003,-0.181586,-0.000093,-0.000178
7.326000,0.000000,0.000000,0.593700,0.000000,0.000000,0.000000,0.000128,0.000000,-0.062187,0.001141,0.601989,0.204801,0.000064,-0.018141,-0.040615,0.000250,-0.000000,-0.156759,-0.000065,0.000664
7.338000,0.000000,0.000000,0.593700,0.000000,0.000000,0.000000,0.000128,0.000000,-0.059688,0.001141,0.601790,0.201922,-0.000009,-0.014734,-0.042222,0.000249,-0.000000,-0.128258,-0.000042,-0.000067
7.350000,0.000000,0.000000,0.593700,0.000000,0.000000,0.000000,0.000128,0.000000,-0.057225,0.001142,0.601640,0.198135,-0.000014,-0.012143,-0.043493,0.000249,-0.000003,-0.100730,-0.000039,-0.000260
7.362000,0.000000,0.000000,0.593700,0.000000,0.000000,0.000000,0.000128,0.000000,-0.054815,0.001141,0.601490,0.192869,-0.000044,-0.011580,-0.044413,0.000249,-0.000004,-0.070854,-0.000012,-0.000028
7.374000,0.000000,0.000000,0.593700,0.000000,0.000000,0.000000,0.000128,0.000000,-0.052465,0.001141,0.601362,0.187964,-0.000051,-0.010387,-0.044995,0.000249,-0.000005,-0.043865,-0.000006,-0.000012
7.386000,0.000000,0.000000,0.593700,0.000000,0.000000,0.000000,0.000128,0.000000,-0.050183,0.001140,0.601248,0.182741,-0.000082,-0.009269,-0.045298,0.000249,-0.000006,-0.021480,-0.000000,-0.000046
7.398000,0.000000,0.000000,0.593700,0.000000,0.000000,0.000000,0.000128,0.000000,-0.047974,0.001139,0.601147,0.176911,-0.000131,-0.008352,-0.045369,0.000249,-0.000006,-0.002749,0.000006,-0.000064
7.410000,0.000000,0.000000,0.593700,0.000000,0.000000,0.000000,0.000128,0.000000,-0.045845,0.001137,0.601056,0.170638,-0.000188,-0.007664,-0.045243,0.000249,-0.000007,0.013130,0.000014,-0.000067
7.422000,0.000000,0.000000,0.593700,0.000000,0.000000,0.000000,0.000128,0.000000,-0.043799,0.001135,0.600973,0.164131,-0.000246,-0.007137,-0.044950,0.000250,-0.000007,0.026666,0.000023,-0.000069
7.434000,0.000000,0.000000,0.593700,0.000000,0.000000,0.000000,0.000128,0.000000,-0.041836,0.001132,0.600893,0.157475,-0.000301,-0.006909,-0.044513,0.000250,-0.000007,0.038434,0.000032,-0.000005
7.446000,0.000000,0.000000,0.593700,0.000000,0.000000,0.000000,0.000128,0.000000,-0.039956,0.001128,0.600813,0.150721,-0.000356,-0.006669,-0.043940,0.000250,-0.000007,0.049723,0.000041,0.000005
7.456000,0.000000,0.000000,0.593700,0.000000,0.000000,0.000000,0.000128,0.000000,-0.038452,0.001124,0.600750,0.145268,-0.000405,-0.006254,-0.043364,0.000251,-0.000006,0.058672,0.000048,-0.000038
7.468000,0.000000,0.000000,0.593700,0.000000,0.000000,0.000000,0.000128,0.000000,-0.036720,0.001119,0.600682,0.138949,-0.000468,-0.005833,-0.042561,0.000252,-0.000006,0.068765,0.000056,-0.000040
7.480000,0.000000,0.000000,0.593700,0.000000,0.000000,0.000000,0.000128,0.000000,-0.035063,0.001113,0.600612,0.132796,-0.000523,-0.006009,-0.041635,0.000252,-0.000006,0.078977,0.000063,0.000139
7.492000,0.000000,0.000000,0.593700,0.000000,0.000000,0.000000,0.000128,0.000000,-0.033479,0.001107,0.600544,0.127184,-0.000587,-0.005321,-0.040604,0.000253,-0.000005,0.087192,0.000072,-0.000020
7.504000,0.000000,0.000000,0.593700,0.000000,0.000000,0.000000,0.000128,0.000000,-0.031965,0.001099,0.600482,0.121814,-0.000653,-0.005471,-0.039489,0.000254,-0.000005,0.093767,0.000074,0.000226
7.516000,0.000000,0.000000,0.593700,0.000000,0.000000,0.000000,0.000128,0.000000,-0.030519,0.001092,0.600422,0.116846,-0.000675,-0.004520,-0.038338,0.000255,-0.000004,0.095848,0.000084,-0.000054
7.528000,0.000000,0.000000,0.593700,0.000000,0.000000,0.000000,0.000128,0.000000,-0.029141,0.001084,0.600378,0.111413,-0.000649,-0.003909,-0.037178,0.000256,-0.000004,0.096694,0.000088,-0.000108
7.540000,0.000000,0.000000,0.593700,0.000000,0.000000,0.000000,0.000128,0.000000,-0.027830,0.001076,0.600329,0.106068,-0.000584,-0.004683,-0.036005,0.000258,-0.000005,0.097568,0.000092,0.000236
7.552000,0.000000,0.000000,0.593700,0.000000,0.000000,0.000000,0.000128,0.000000,-0.026582,0.001069,0.600275,0.101320,-0.000534,-0.004128,-0.034853,0.000259,-0.000003,0.095338,0.000086,-0.000020
7.564000,0.000000,0.000000,0.593700,0.000000,0.000000,0.000000,0.000128,0.000000,-0.025397,0.001063,0.600233,0.096367,-0.000512,-0.003688,-0.033734,0.000259,-0.000003,0.092573,0.000080,-0.000099
7.576000,0.000000,0.000000,0.593700,0.000000,0.000000,0.000000,0.000128,0.000000,-0.024272,0.001057,0.600184,0.091124,-0.000527,-0.004197,-0.032633,0.000260,-0.000003,0.091971,0.000079,0.000071
7.588000,0.000000,0.000000,0.593700,0.000000,0.000000,0.000000,0.000128,0.000000,-0.023203,0.001050,0.600135,0.086322,-0.000570,-0.003918,-0.031510,0.000261,-0.000003,0.094207,0.000078,-0.000023
7.600000,0.000000,0.000000,0.593700,0.000000,0.000000,0.000000,0.000128,0.000000,-0.022184,0.001043,0.600095,0.082224,-0.000648,-0.003386,-0.030345,0.000262,-0.000003,0.097812,0.000081,-0.000116
7.612000,0.000000,0.000000,0.593700,0.000000,0.000000,0.000000,0.000128,0.000000,-0.021209,0.001035,0.600051,0.078653,-0.000750,-0.004191,-0.029128,0.000263,-0.000003,0.102219,0.000083,0.000267
7.624000,0.000000,0.000000,0.593700,0.000000,0.000000,0.000000,0.000128,0.000000,-0.020274,0.001026,0.600003,0.075662,-0.000827,-0.003350,-0.027877,0.000265,-0.000002,0.104552,0.000094,-0.000017
7.636000,0.000000,0.000000,0.593700,0.000000,0.000000,0.000000,0.000128,0.000000,-0.019377,0.001015,0.599970,0.072557,-0.000901,-0.003054,-0.026600,0.000266,-0.000002,0.106721,0.000114,0.000098
7.648000,0.000000,0.000000,0.593700,0.000000,0.000000,0.000000,0.000128,0.000000,-0.018518,0.001005,0.599936,0.069941,-0.000864,-0.002426,-0.025323,0.000267,-0.000002,0.105938,0.000106,-0.000084
7.660000,0.000000,0.000000,0.593700,0.000000,0.000000,0.000000,0.000128,0.000000,-0.017696,0.000995,0.599903,0.067347,-0.000784,-0.002739,-0.024077,0.000268,-0.000002,0.102596,0.000108,0.000095
7.672000,0.000000,0.000000,0.593700,0.000000,0.000000,0.000000,0.000128,0.000000,-0.016912,0.000986,0.599879,0.064350,-0.000689,-0.001926,-0.022900,0.000270,-0.000002,0.096828,0.000102,-0.000121
7.684000,0.000000,0.000000,0.593700,0.000000,0.000000,0.000000,0.000128,0.000000,-0.016169,0.000978,0.599855,0.061055,-0.000570,-0.002641,-0.021791,0.000271,-0.000002,0.091186,0.000096,0.000199
7.696000,0.000000,0.000000,0.593700,0.000000,0.000000,0.000000,0.000128,0.000000,-0.015465,0.000972,0.599821,0.057935,-0.000472,-0.002481,-0.020760,0.000272,-0.000001,0.084640,0.000084,0.000032
7.706000,0.000000,0.000000,0.593700,0.000000,0.000000,0.000000,0.000128,0.000000,-0.014908,0.000967,0.599799,0.055233,-0.000418,-0.002217,-0.019955,0.000272,-0.000001,0.079837,0.000074,-0.000046
7.718000,0.000000,0.000000,0.593700,0.000000,0.000000,0.000000,0.000128,0.000000,-0.014274,0.000962,0.599777,0.052160,-0.000381,-0.002055,-0.019045,0.000273,-0.000001,0.074895,0.000065,-0.000088
7.730000,0.000000,0.000000,0.593700,0.000000,0.000000,0.000000,0.000128,0.000000,-0.013673,0.000958,0.599751,0.049180,-0.000378,-0.002356,-0.018183,0.000274,-0.000001,0.071400,0.000059,0.000002
7.742000,0.000000,0.000000,0.593700,0.000000,0.000000,0.000000,0.000128,0.000000,-0.013104,0.000953,0.599720,0.046342,-0.000410,-0.002572,-0.017340,0.000274,-0.000001,0.070328,0.000058,0.000040
7.754000,0.000000,0.000000,0.593700,0.000000,0.000000,0.000000,0.000128,0.000000,-0.012562,0.000948,0.599691,0.043980,-0.000467,-0.002328,-0.016491,0.000275,-0.000001,0.070988,0.000058,-0.000020
7.766000,0.000000,0.000000,0.593700,0.000000,0.000000,0.000000,0.000128,0.000000,-0.012043,0.000942,0.599667,0.042058,-0.000546,-0.001965,-0.015626,0.000276,-0.000001,0.072421,0.000063,-0.000072
7.778000,0.000000,0.000000,0.593700,0.000000,0.000000,0.000000,0.000128,0.000000,-0.011544,0.000935,0.599639,0.040674,-0.000646,-0.002507,-0.014746,0.000277,-0.000001,0.073160,0.000069,0.000174
7.790000,0.000000,0.000000,0.593700,0.000000,0.000000,0.000000,0.000128,0.000000,-0.011064,0.000927,0.599610,0.039247,-0.000719,-0.002066,-0.013877,0.000278,-0.000000,0.072099,0.000077,0.000038
7.802000,0.000000,0.000000,0.593700,0.000000,0.000000,0.000000,0.000128,0.000000,-0.010603,0.000918,0.599589,0.037531,-0.000771,-0.001553,-0.013018,0.000279,-0.000000,0.071577,0.000084,-0.000040
7.814000,0.000000,0.000000,0.593700,0.000000,0.000000,0.000000,0.000128,0.000000,-0.010163,0.000909,0.599576,0.035874,-0.000795,-0.001127,-0.012159,0.000280,-0.000001,0.071604,0.000084,-0.000090
7.826000,0.000000,0.000000,0.593700,0.000000,0.000000,0.000000,0.000128,0.000000,-0.009740,0.000899,0.599555,0.034699,-0.000800,-0.001379,-0.011313,0.000281,-0.000001,0.069931,0.000093,0.000010
7.838000,0.000000,0.000000,0.593700,0.000000,0.000000,0.000000,0.000128,0.000000,-0.009335,0.000890,0.599543,0.033263,-0.000755,-0.000954,-0.010496,0.000282,-0.000001,0.067618,0.000101,-0.000069
7.850000,0.000000,0.000000,0.593700,0.000000,0.000000,0.000000,0.000128,0.000000,-0.008948,0.000881,0.599523,0.032085,-0.000662,-0.001280,-0.009723,0.000283,-0.000000,0.063320,0.000090,0.000034
7.862000,0.000000,0.000000,0.593700,0.000000,0.000000,0.000000,0.000128,0.000000,-0.008580,0.000874,0.599511,0.030486,-0.000572,-0.000961,-0.009008,0.000284,-0.000000,0.058566,0.000082,-0.000038
7.874000,0.000000,0.000000,0.593700,0.000000,0.000000,0.000000,0.000128,0.000000,-0.008233,0.000867,0.599502,0.028749,-0.000475,-0.000829,-0.008347,0.000285,-0.000001,0.054304,0.000073,-0.000060
7.886000,0.000000,0.000000,0.593700,0.000000,0.000000,0.000000,0.000128,0.000000,-0.007906,0.000862,0.599495,0.027056,-0.000372,-0.000813,-0.007731,0.000286,-0.000001,0.050677,0.000062,-0.000062
7.898000,0.000000,0.000000,0.593700,0.000000,0.000000,0.000000,0.000128,0.000000,-0.007597,0.000858,0.599487,0.025478,-0.000269,-0.000866,-0.007153,0.000286,-0.000001,0.047646,0.000055,-0.000054
7.910000,0.000000,0.000000,0.593700,0.000000,0.000000,0.000000,0.000128,0.000000,-0.007305,0.000855,0.599466,0.024239,-0.000160,-0.001539,-0.006616,0.000287,-0.000000,0.043917,0.000040,0.000104
7.922000,0.000000,0.000000,0.593700,0.000000,0.000000,0.000000,0.000128,0.000000,-0.007029,0.000853,0.599447,0.022892,-0.000090,-0.001335,-0.006125,0.000287,-0.000000,0.040181,0.000029,0.000025
7.934000,0.000000,0.000000,0.593700,0.000000,0.000000,0.000000,0.000128,0.000000,-0.006769,0.000852,0.599432,0.021554,-0.000044,-0.001195,-0.005674,0.000287,-0.000000,0.036980,0.000020,-0.000009
7.946000,0.000000,0.000000,0.593700,0.000000,0.000000,0.000000,0.000128,0.000000,-0.006523,0.000852,0.599419,0.020318,-0.000020,-0.001139,-0.005257,0.000287,-0.000000,0.034286,0.000014,-0.000021
7.956000,0.000000,0.000000,0.593700,0.000000,0.000000,0.000000,0.000128,0.000000,-0.006329,0.000852,0.599408,0.019376,-0.000013,-0.001134,-0.004931,0.000288,-0.000000,0.032373,0.000011,-0.000023
7.968000,0.000000,0.000000,0.593700,0.000000,0.000000,0.000000,0.000128,0.000000,-0.006107,0.000851,0.599395,0.018343,-0.000019,-0.001146,-0.004562,0.000288,-0.000000,0.030414,0.000008,-0.000020
7.980000,0.000000,0.000000,0.593700,0.000000,0.000000,0.000000,0.000128,0.000000,-0.005896,0.000851,0.599382,0.017403,-0.000037,-0.001158,-0.004213,0.000288,-0.000000,0.028768,0.000008,-0.000017
7.992000,0.000000,0.000000,0.593700,0.000000,0.000000,0.000000,0.000128,0.000000,-0.005695,0.000851,0.599369,0.016543,-0.000065,-0.001159,-0.003882,0.000288,-0.000000,0.027390,0.000009,-0.000015
8.002000,0.000000,0.000000,0.593700,0.000000,0.000000,0.000000,0.000128,0.000000,-0.005535,0.000850,0.599358,0.015880,-0.000094,-0.001148,-0.003616,0.000288,-0.000000,0.026417,0.000011,-0.000014
8.014000,0.000000,0.000000,0.593700,0.000000,0.000000,0.000000,0.000128,0.000000,-0.005351,0.000849,0.599345,0.015142,-0.000134,-0.001123,-0.003309,0.000288,-0.000000,0.025432,0.000014,-0.000013
8.024000,0.000000,0.000000,0.593700,0.000000,0.000000,0.000000,0.000128,0.000000,-0.005203,0.000847,0.599334,0.014568,-0.000170,-0.001105,-0.003061,0.000288,-0.000000,0.024753,0.000017,-0.000009
8.036000,0.000000,0.000000,0.593700,0.000000,0.000000,0.000000,0.000128,0.000000,-0.005034,0.000845,0.599320,0.013859,-0.000221,-0.001184,-0.002768,0.000289,-0.000000,0.024438,0.000022,0.000025
8.048000,0.000000,0.000000,0.593700,0.000000,0.000000,0.000000,0.000128,0.000000,-0.004871,0.000842,0.599305,0.013238,-0.000271,-0.001102,-0.002473,0.000289,-0.000000,0.024676,0.000027,0.000011
8.060000,0.000000,0.000000,0.593700,0.000000,0.000000,0.000000,0.000128,0.000000,-0.004715,0.000839,0.599293,0.012733,-0.000325,-0.000963,-0.002172,0.000289,-0.000000,0.025184,0.000033,-0.000004
8.072000,0.000000,0.000000,0.593700,0.000000,0.000000,0.000000,0.000128,0.000000,-0.004563,0.000834,0.599278,0.012430,-0.000383,-0.001268,-0.001866,0.000290,-0.000000,0.025332,0.000038,0.000129
8.084000,0.000000,0.000000,0.593700,0.000000,0.000000,0.000000,0.000128,0.000000,-0.004416,0.000830,0.599263,0.012158,-0.000421,-0.000987,-0.001573,0.000290,0.000000,0.024081,0.000043,0.000034
8.096000,0.000000,0.000000,0.593700,0.000000,0.000000,0.000000,0.000128,0.000000,-0.004275,0.000825,0.599252,0.011642,-0.000449,-0.000763,-0.001297,0.000291,0.000000,0.022781,0.000048,0.000003
8.108000,0.000000,0.000000,0.593700,0.000000,0.000000,0.000000,0.000128,0.000000,-0.004141,0.000819,0.599244,0.011067,-0.000468,-0.000631,-0.001034,0.000292,0.000000,0.021693,0.000051,-0.000010
8.120000,0.000000,0.000000,0.593700,0.000000,0.000000,0.000000,0.000128,0.000000,-0.004014,0.000814,0.599237,0.010507,-0.000480,-0.000562,-0.000783,0.000292,0.000000,0.020841,0.000054,-0.000013
8.132000,0.000000,0.000000,0.593700,0.000000,0.000000,0.000000,0.000128,0.000000,-0.003892,0.000808,0.599231,0.009987,-0.000486,-0.000525,-0.000539,0.000293,-0.000000,0.020190,0.000055,-0.000013
8.144000,0.000000,0.000000,0.593700,0.000000,0.000000,0.000000,0.000128,0.000000,-0.003776,0.000802,0.599225,0.009508,-0.000488,-0.000497,-0.000302,0.000294,-0.000000,0.019697,0.000056,-0.000011
8.156000,0.000000,0.000000,0.593700,0.000000,0.000000,0.000000,0.000128,0.000000,-0.003665,0.000796,0.599220,0.009069,-0.000487,-0.000469,-0.000069,0.000294,-0.000000,0.019331,0.000056,-0.000010
8.168000,0.000000,0.000000,0.593700,0.000000,0.000000,0.000000,0.000128,0.000000,-0.003559,0.000790,0.599215,0.008664,-0.000483,-0.000436,0.000160,0.000295,-0.000000,0.019066,0.000056,-0.000009
8.180000,0.000000,0.000000,0.593700,0.000000,0.000000,0.000000,0.000128,0.000000,-0.003458,0.000785,0.599210,0.008290,-0.000477,-0.000398,0.000387,0.000296,-0.000000,0.018884,0.000056,-0.000009
8.192000,0.000000,0.000000,0.593700,0.000000,0.000000,0.000000,0.000128,0.000000,-0.003361,0.000779,0.599206,0.007943,-0.000470,-0.000356,0.000613,0.000296,-0.000000,0.018769,0.000055,-0.000009
8.204000,0.000000,0.000000,0.593700,0.000000,0.000000,0.000000,0.000128,0.000000,-0.003267,0.000773,0.599202,0.007623,-0.000462,-0.000311,0.000838,0.000297,-0.000000,0.018711,0.000055,-0.000009
8.216000,0.000000,0.000000,0.593700,0.000000,0.000000,0.000000,0.000128,0.000000,-0.003178,0.000768,0.599199,0.007326,-0.000454,-0.000264,0.001062,0.000298,-0.000000,0.018698,0.000054,-0.000010
8.226000,0.000000,0.000000,0.593700,0.000000,0.000000,0.000000,0.000128,0.000000,-0.003105,0.000763,0.599197,0.007094,-0.000447,-0.000224,0.001249,0.000298,-0.000000,0.018718,0.000053,-0.000010
8.238000,0.000000,0.000000,0.593700,0.000000,0.000000,0.000000,0.000128,0.000000,-0.003022,0.000758,0.599195,0.006835,-0.000439,-0.000176,0.001474,0.000299,-0.000000,0.018770,0.000052,-0.000011
8.250000,0.000000,0.000000,0.593700,0.000000,0.000000,0.000000,0.000128,0.000000,-0.002941,0.000753,0.599194,0.006594,-0.000431,-0.000128,0.001700,0.000299,-0.000000,0.018849,0.000051,-0.000012
8.262000,0.000000,0.000000,0.593700,0.000000,0.000000,0.000000,0.000128,0.000000,-0.002863,0.000747,0.599193,0.006370,-0.000424,-0.000079,0.001927,0.000300,-0.000000,0.018950,0.000050,-0.000012
8.274000,0.000000,0.000000,0.593700,0.000000,0.000000,0.000000,0.000128,0.000000,-0.002787,0.000742,0.599193,0.006161,-0.000417,-0.000032,0.002156,0.000301,-0.000000,0.019069,0.000049,-0.000013
8.286000,0.000000,0.000000,0.593700,0.000000,0.000000,0.000000,0.000128,0.000000,-0.002714,0.000737,0.599193,0.005967,-0.000410,0.000015,0.002386,0.000301,-0.000000,0.019203,0.000048,-0.000014
8.298000,0.000000,0.000000,0.593700,0.000000,0.000000,0.000000,0.000128,0.000000,-0.002643,0.000733,0.599190,0.005897,-0.000404,-0.000251,0.002615,0.000302,-0.000000,0.018840,0.000048,0.000074
8.310000,0.000000,0.000000,0.593700,0.000000,0.000000,0.000000,0.000128,0.000000,-0.002574,0.000728,0.599188,0.005747,-0.000411,-0.000061,0.002830,0.000302,-0.000000,0.017700,0.000047,0.000012
8.322000,0.000000,0.000000,0.593700,0.000000,0.000000,0.000000,0.000128,0.000000,-0.002509,0.000723,0.599188,0.005452,-0.000426,0.000054,0.003032,0.000303,-0.000000,0.016609,0.000048,-0.000006
8.334000,0.000000,0.000000,0.593700,0.000000,0.000000,0.000000,0.000128,0.000000,-0.002447,0.000717,0.599187,0.005203,-0.000450,-0.000149,0.003221,0.000303,-0.000000,0.015428,0.000049,0.000070
8.346000,0.000000,0.000000,0.593700,0.000000,0.000000,0.000000,0.000128,0.000000,-0.002389,0.000712,0.599185,0.004984,-0.000464,-0.000055,0.003389,0.000304,0.000000,0.013585,0.000050,0.000017
8.358000,0.000000,0.000000,0.593700,0.000000,0.000000,0.000000,0.000128,0.000000,-0.002335,0.000706,0.599184,0.004652,-0.000472,0.000012,0.003534,0.000305,0.000000,0.011789,0.000052,-0.000002
8.370000,0.000000,0.000000,0.593700,0.000000,0.000000,0.000000,0.000128,0.000000,-0.002284,0.000701,0.599185,0.004298,-0.000474,0.000017,0.003660,0.000305,0.000000,0.010208,0.000053,-0.000009
8.382000,0.000000,0.000000,0.593700,0.000000,0.000000,0.000000,0.000128,0.000000,-0.002238,0.000695,0.599185,0.003966,-0.000472,-0.000012,0.003769,0.000306,0.000000,0.008861,0.000053,-0.000009
8.394000,0.000000,0.000000,0.593700,0.000000,0.000000,0.000000,0.000128,0.000000,-0.002195,0.000689,0.599185,0.003669,-0.000466,-0.000054,0.003865,0.000307,0.000000,0.007720,0.000053,-0.000008
8.406000,0.000000,0.000000,0.593700,0.000000,0.000000,0.000000,0.000128,0.000000,-0.002154,0.000684,0.599184,0.003405,-0.000458,-0.000096,0.003948,0.000307,0.000000,0.006752,0.000052,-0.000006
8.418000,0.000000,0.000000,0.593700,0.000000,0.000000,0.000000,0.000128,0.000000,-0.002117,0.000678,0.599183,0.003170,-0.000448,-0.000131,0.004020,0.000308,0.000000,0.005925,0.000052,-0.000004
8.430000,0.000000,0.000000,0.593700,0.000000,0.000000,0.000000,0.000128,0.000000,-0.002082,0.000673,0.599182,0.002960,-0.000437,-0.000159,0.004085,0.000308,-0.000000,0.005217,0.000051,-0.000003
8.442000,0.000000,0.000000,0.593700,0.000000,0.000000,0.000000,0.000128,0.000000,-0.002049,0.000668,0.599180,0.002770,-0.000425,-0.000180,0.004141,0.000309,0.000000,0.004609,0.000049,-0.000002
8.454000,0.000000,0.000000,0.593700,0.000000,0.000000,0.000000,0.000128,0.000000,-0.002018,0.000663,0.599177,0.002597,-0.000412,-0.000195,0.004191,0.000310,0.000000,0.004087,0.000048,-0.000002
8.466000,0.000000,0.000000,0.593700,0.000000,0.000000,0.000000,0.000128,0.000000,-0.001988,0.000658,0.599175,0.002439,-0.000400,-0.000205,0.004236,0.000310,0.000000,0.003637,0.000047,-0.000001
8.476000,0.000000,0.000000,0.593700,0.000000,0.000000,0.000000,0.000128,0.000000,-0.001965,0.000654,0.599173,0.002317,-0.000389,-0.000210,0.004269,0.000311,0.000000,0.003310,0.000045,-0.000001
8.488000,0.000000,0.000000,0.593700,0.000000,0.000000,0.000000,0.000128,0.000000,-0.001939,0.000649,0.599170,0.002182,-0.000376,-0.000215,0.004306,0.000311,0.000000,0.002967,0.000044,-0.000001
8.500000,0.000000,0.000000,0.593700,0.000000,0.000000,0.000000,0.000128,0.000000,-0.001914,0.000645,0.599168,0.002056,-0.000364,-0.000216,0.004338,0.000312,0.000000,0.002671,0.000043,-0.000000
8.512000,0.000000,0.000000,0.593700,0.000000,0.000000,0.000000,0.000128,0.000000,-0.001891,0.000640,0.599165,0.001939,-0.000352,-0.000216,0.004368,0.000312,0.000000,0.002413,0.000041,-0.000000
8.524000,0.000000,0.000000,0.593700,0.000000,0.000000,0.000000,0.000128,0.000000,-0.001869,0.000636,0.599163,0.001830,-0.000341,-0.000215,0.004395,0.000313,0.000000,0.002189,0.000040,-0.000000
8.536000,0.000000,0.000000,0.593700,0.000000,0.000000,0.000000,0.000128,0.000000,-0.001848,0.000632,0.599160,0.001726,-0.000330,-0.000219,0.004419,0.000313,0.000000,0.002007,0.000039,0.000002
8.548000,0.000000,0.000000,0.593700,0.000000,0.000000,0.000000,0.000128,0.000000,-0.001828,0.000628,0.599157,0.001627,-0.000319,-0.000214,0.004442,0.000313,0.000000,0.001872,0.000037,0.000001
8.560000,0.000000,0.000000,0.593700,0.000000,0.000000,0.000000,0.000128,0.000000,-0.001809,0.000625,0.599155,0.001539,-0.000308,-0.000206,0.004463,0.000314,0.000000,0.001767,0.000036,0.000001
8.572000,0.000000,0.000000,0.593700,0.000000,0.000000,0.000000,0.000128,0.000000,-0.001791,0.000621,0.599152,0.001457,-0.000297,-0.000197,0.004484,0.000314,0.000000,0.001681,0.000035,0.000000
8.584000,0.000000,0.000000,0.593700,0.000000,0.000000,0.000000,0.000128,0.000000,-0.001775,0.000617,0.599150,0.001382,-0.000286,-0.000189,0.004503,0.000315,0.000000,0.001609,0.000034,0.000000
8.596000,0.000000,0.000000,0.593700,0.000000,0.000000,0.000000,0.000128,0.000000,-0.001758,0.000614,0.599148,0.001311,-0.000275,-0.000181,0.004522,0.000315,0.000000,0.001547,0.000032,0.000000
8.608000,0.000000,0.000000,0.593700,0.000000,0.000000,0.000000,0.000128,0.000000,-0.001743,0.000611,0.599146,0.001244,-0.000265,-0.000173,0.004540,0.000315,0.000000,0.001494,0.000031,0.000000
8.620000,0.000000,0.000000,0.593700,0.000000,0.000000,0.000000,0.000128,0.000000,-0.001729,0.000608,0.599144,0.001181,-0.000254,-0.000165,0.004557,0.000316,-0.000000,0.001448,0.000030,0.000000
8.632000,0.000000,0.000000,0.593700,0.000000,0.000000,0.000000,0.000128,0.000000,-0.001715,0.000605,0.599142,0.001121,-0.000244,-0.000158,0.004574,0.000316,-0.000000,0.001408,0.000029,0.000000
8.644000,0.000000,0.000000,0.593700,0.000000,0.000000,0.000000,0.000128,0.000000,-0.001702,0.000602,0.599140,0.001064,-0.000233,-0.000150,0.004591,0.000317,-0.000000,0.001374,0.000028,0.000000
8.656000,0.000000,0.000000,0.593700,0.000000,0.000000,0.000000,0.000128,0.000000,-0.001690,0.000599,0.599138,0.001010,-0.000223,-0.000143,0.004607,0.000317,-0.000000,0.001344,0.000026,0.000000
8.668000,0.000000,0.000000,0.593700,0.000000,0.000000,0.000000,0.000128,0.000000,-0.001678,0.000596,0.599136,0.000960,-0.000213,-0.000135,0.004623,0.000317,-0.000000,0.001317,0.000025,0.000000
8.680000,0.000000,0.000000,0.593700,0.000000,0.000000,0.000000,0.000128,0.000000,-0.001667,0.000594,0.599135,0.000912,-0.000204,-0.000128,0.004639,0.000317,-0.000000,0.001294,0.000024,0.000000
8.692000,0.000000,0.000000,0.593700,0.000000,0.000000,0.000000,0.000128,0.000000,-0.001656,0.000591,0.599133,0.000866,-0.000194,-0.000121,0.004654,0.000318,-0.000000,0.001274,0.000023,0.000000
8.704000,0.000000,0.000000,0.593700,0.000000,0.000000,0.000000,0.000128,0.000000,-0.001646,0.000589,0.599132,0.000823,-0.000185,-0.000114,0.004669,0.000318,-0.000000,0.001255,0.000022,0.000000
8.716000,0.000000,0.000000,0.593700,0.000000,0.000000,0.000000,0.000128,0.000000,-0.001636,0.000587,0.599131,0.000782,-0.000175,-0.000108,0.004684,0.000318,-0.000000,0.001238,0.000021,0.000000
8.726000,0.000000,0.000000,0.593700,0.000000,0.000000,0.000000,0.000128,0.000000,-0.001629,0.000585,0.599130,0.000750,-0.000168,-0.000102,0.004696,0.000318,-0.000000,0.001226,0.000020,0.000000
8.738000,0.000000,0.000000,0.593700,0.000000,0.000000,0.000000,0.000128,0.000000,-0.001620,0.000583,0.599128,0.000713,-0.000159,-0.000096,0.004711,0.000319,-0.000000,0.001212,0.000019,0.000000
8.750000,0.000000,0.000000,0.593700,0.000000,0.000000,0.000000,0.000128,0.000000,-0.001611,0.000581,0.599127,0.000678,-0.000150,-0.000090,0.004725,0.000319,-0.000000,0.001199,0.000018,0.000000
8.762000,0.000000,0.000000,0.593700,0.000000,0.000000,0.000000,0.000128,0.000000,-0.001603,0.000579,0.599126,0.000645,-0.000142,-0.000084,0.004739,0.000319,-0.000000,0.001188,0.000017,0.000000
8.774000,0.000000,0.000000,0.593700,0.000000,0.000000,0.000000,0.000128,0.000000,-0.001596,0.000578,0.599125,0.000614,-0.000133,-0.000078,0.004754,0.000319,-0.000000,0.001177,0.000016,0.000000
8.786000,0.000000,0.000000,0.593700,0.000000,0.000000,0.000000,0.000128,0.000000,-0.001589,0.000576,0.599124,0.000584,-0.000125,-0.000073,0.004768,0.000319,-0.000000,0.001167,0.000015,0.000000
8.798000,0.000000,0.000000,0.593700,0.000000,0.000000,0.000000,0.000128,0.000000,-0.001582,0.000575,0.599124,0.000557,-0.000117,-0.000067,0.004782,0.000320,-0.000000,0.001158,0.000014,0.000000
8.810000,0.000000,0.000000,0.593700,0.000000,0.000000,0.000000,0.000128,0.000000,-0.001575,0.000573,0.599123,0.000530,-0.000109,-0.000062,0.004795,0.000320,-0.000000,0.001150,0.000013,0.000000
8.822000,0.000000,0.000000,0.593700,0.000000,0.000000,0.000000,0.000128,0.000000,-0.001569,0.000572,0.599122,0.000505,-0.000101,-0.000057,0.004809,0.000320,-0.000000,0.001142,0.000012,0.000000
8.834000,0.000000,0.000000,0.593700,0.000000,0.000000,0.000000,0.000128,0.000000,-0.001563,0.000571,0.599121,0.000481,-0.000094,-0.000052,0.004823,0.000320,-0.000000,0.001134,0.000012,0.000000
8.846000,0.000000,0.000000,0.593700,0.000000,0.000000,0.000000,0.000128,0.000000,-0.001558,0.000570,0.599121,0.000459,-0.000086,-0.000048,0.004836,0.000320,-0.000000,0.001128,0.000011,0.000000
8.858000,0.000000,0.000000,0.593700,0.000000,0.000000,0.000000,0.000128,0.000000,-0.001552,0.000569,0.599120,0.000438,-0.000079,-0.000043,0.004850,0.000320,-0.000000,0.001121,0.000010,-0.000000
8.870000,0.000000,0.000000,0.593700,0.000000,0.000000,0.000000,0.000128,0.000000,-0.001547,0.000568,0.599120,0.000418,-0.000072,-0.000039,0.004863,0.000320,-0.000000,0.001115,0.000009,-0.000000
8.882000,0.000000,0.000000,0.593700,0.000000,0.000000,0.000000,0.000128,0.000000,-0.001542,0.000567,0.599119,0.000399,-0.000065,-0.000035,0.004877,0.000320,-0.000000,0.001109,0.000008,-0.000000
8.894000,0.000000,0.000000,0.593700,0.000000,0.000000,0.000000,0.000128,0.000000,-0.001538,0.000566,0.599119,0.000381,-0.000058,-0.000030,0.004890,0.000321,-0.000000,0.001104,0.000008,-0.000000
8.906000,0.000000,0.000000,0.593700,0.000000,0.000000,0.000000,0.000128,0.000000,-0.001533,0.000566,0.599119,0.000364,-0.000051,-0.000027,0.004903,0.000321,-0.000000,0.001099,0.000007,-0.000000
8.918000,0.000000,0.000000,0.593700,0.000000,0.000000,0.000000,0.000128,0.000000,-0.001529,0.000565,0.599118,0.000348,-0.000045,-0.000023,0.004916,0.000321,-0.000000,0.001095,0.000006,-0.000000
8.930000,0.000000,0.000000,0.593700,0.000000,0.000000,0.000000,0.000128,0.000000,-0.001525,0.000564,0.599118,0.000332,-0.000038,-0.000019,0.004929,0.000321,-0.000000,0.001090,0.000005,-0.000000
8.942000,0.000000,0.000000,0.593700,0.000000,0.000000,0.000000,0.000128,0.000000,-0.001521,0.000564,0.599118,0.000318,-0.000032,-0.000016,0.004942,0.000321,-0.000000,0.001086,0.000005,-0.000000
8.954000,0.000000,0.000000,0.593700,0.000000,0.000000,0.000000,0.000128,0.000000,-0.001517,0.000564,0.599118,0.000304,-0.000026,-0.000012,0.004955,0.000321,-0.000000,0.001083,0.000004,-0.000000
8.966000,0.000000,0.000000,0.593700,0.000000,0.000000,0.000000,0.000128,0.000000,-0.001513,0.000563,0.599118,0.000292,-0.000020,-0.000009,0.004968,0.000321,-0.000000,0.001079,0.000003,-0.000000
8.976000,0.000000,0.000000,0.593700,0.000000,0.000000,0.000000,0.000128,0.000000,-0.001511,0.000563,0.599118,0.000281,-0.000015,-0.000007,0.004979,0.000321,-0.000000,0.001076,0.000003,-0.000000
8.988000,0.000000,0.000000,0.593700,0.000000,0.000000,0.000000,0.000128,0.000000,-0.001507,0.000563,0.599117,0.000270,-0.000009,-0.000004,0.004992,0.000321,-0.000000,0.001073,0.000002,-0.000000
9.000000,0.000000,0.000000,0.593700,0.000000,0.000000,0.000000,0.000128,0.000000,-0.001504,0.000563,0.599117,0.000259,-0.000004,-0.000001,0.005005,0.000321,-0.000000,0.001070,0.000001,-0.000000
9.012000,0.000000,0.000000,0.593700,0.000000,0.000000,0.000000,0.000128,0.000000,-0.001501,0.000563,0.599117,0.000248,0.000002,0.000002,0.005018,0.000321,-0.000000,0.001068,0.000001,-0.000000
9.024000,0.000000,0.000000,0.593700,0.000000,0.000000,0.000000,0.000128,0.000000,-0.001498,0.000563,0.599118,0.000239,0.000007,0.000005,0.005030,0.000321,-0.000000,0.001065,0.000000,-0.000000
9.036000,0.000000,0.000000,0.593700,0.000000,0.000000,0.000000,0.000128,0.000000,-0.001495,0.000563,0.599118,0.000229,0.000012,0.000007,0.005043,0.000321,-0.000000,0.001063,-0.000001,-0.000000
9.048000,0.000000,0.000000,0.593700,0.000000,0.000000,0.000000,0.000128,0.000000,-0.001493,0.000563,0.599118,0.000220,0.000018,0.000010,0.005056,0.000321,-0.000000,0.001061,-0.000001,-0.000000
9.060000,0.000000,0.000000,0.593700,0.000000,0.000000,0.000000,0.000128,0.000000,-0.001490,0.000563,0.599118,0.000212,0.000023,0.000012,0.005069,0.000321,-0.000000,0.001059,-0.000002,-0.000000
9.072000,0.000000,0.000000,0.593700,0.000000,0.000000,0.000000,0.000128,0.000000,-0.001488,0.000564,0.599118,0.000204,0.000028,0.000014,0.005081,0.000321,-0.000000,0.001057,-0.000002,-0.000000
9.084000,0.000000,0.000000,0.593700,0.000000,0.000000,0.000000,0.000128,0.000000,-0.001485,0.000564,0.599118,0.000197,0.000032,0.000017,0.005094,0.000321,-0.000000,0.001055,-0.000003,-0.000000
9.096000,0.000000,0.000000,0.593700,0.000000,0.000000,0.000000,0.000128,0.000000,-0.001483,0.000564,0.599118,0.000190,0.000037,0.000019,0.005107,0.000321,-0.000000,0.001054,-0.000003,-0.000000
9.108000,0.000000,0.000000,0.593700,0.000000,0.000000,0.000000,0.000128,0.000000,-0.001481,0.000565,0.599119,0.000183,0.000042,0.000021,0.005119,0.000321,-0.000000,0.001052,-0.000004,-0.000000
9.120000,0.000000,0.000000,0.593700,0.000000,0.000000,0.000000,0.000128,0.000000,-0.001478,0.000565,0.599119,0.000177,0.000046,0.000023,0.005132,0.000321,-0.000000,0.001051,-0.000004,-0.000000
9.132000,0.000000,0.000000,0.593700,0.000000,0.000000,0.000000,0.000128,0.000000,-0.001477,0.000566,0.599119,0.000015,0.000001,-0.000008,0.005144,0.000321,-0.000000,0.001056,-0.000005,-0.000000
9.144000,0.000000,0.000000,0.593700,0.000000,0.000000,0.000000,0.000128,0.000000,-0.001477,0.000566,0.599119,0.000009,0.000013,-0.000007,0.005157,0.000321,-0.000000,0.001092,-0.000007,-0.000000
9.156000,0.000000,0.000000,0.593700,0.000000,0.000000,0.000000,0.000128,0.000000,-0.001477,0.000566,0.599119,0.000011,0.000042,-0.000006,0.005171,0.000321,-0.000000,0.001106,-0.000021,-0.000000
9.168000,0.000000,0.000000,0.593700,0.000000,0.000000,0.000000,0.000128,0.000000,-0.001477,0.000566,0.599119,0.000014,0.000132,-0.000004,0.005184,0.000321,-0.000000,0.001102,-0.000068,0.000000
9.180000,0.000000,0.000000,0.593700,0.000000,0.000000,0.000000,0.000128,0.000000,-0.001476,0.000568,0.599119,0.000016,0.000427,0.000001,0.005197,0.000321,-0.000000,0.001089,-0.000220,0.000000
9.192000,0.000000,0.000000,0.593700,0.000000,0.000000,0.000000,0.000128,0.000000,-0.001476,0.000573,0.599119,0.000015,0.001390,0.000014,0.005210,0.000322,-0.000000,0.001075,-0.000720,0.000002
9.204000,0.000000,0.000000,0.593700,0.000000,0.000000,0.000000,0.000128,0.000000,-0.001476,0.000566,0.599119,0.000053,0.000028,0.000020,0.005223,0.000321,-0.000000,0.001058,-0.000006,0.000001
9.216000,0.000000,0.000000,0.593700,0.000000,0.000000,0.000000,0.000128,0.000000,-0.001475,0.000566,0.599119,0.000089,0.000027,0.000033,0.005235,0.000321,-0.000000,0.001033,0.000000,0.000000
9.228000,0.000000,0.000000,0.593700,0.000000,0.000000,0.000000,0.000128,0.000000,-0.001474,0.000566,0.599120,0.000113,0.000040,0.000041,0.005247,0.000321,-0.000000,0.001008,-0.000002,-0.000000
9.240000,0.000000,0.000000,0.593700,0.000000,0.000000,0.000000,0.000128,0.000000,-0.001473,0.000567,0.599120,0.000128,0.000052,0.000045,0.005259,0.000321,-0.000000,0.000989,-0.000004,-0.000000
9.252000,0.000000,0.000000,0.593700,0.000000,0.000000,0.000000,0.000128,0.000000,-0.001471,0.000568,0.599121,0.000137,0.000063,0.000048,0.005271,0.000320,-0.000000,0.000979,-0.000005,-0.000000
9.264000,0.000000,0.000000,0.593700,0.000000,0.000000,0.000000,0.000128,0.000000,-0.001469,0.000568,0.599121,0.000142,0.000072,0.000050,0.005283,0.000320,-0.000000,0.000975,-0.000006,-0.000000
9.274000,0.000000,0.000000,0.593700,0.000000,0.000000,0.000000,0.000128,0.000000,-0.001468,0.000569,0.599122,0.000145,0.000080,0.000051,0.005292,0.000320,-0.000000,0.000976,-0.000007,-0.000000
9.286000,0.000000,0.000000,0.593700,0.000000,0.000000,0.000000,0.000128,0.000000,-0.001466,0.000570,0.599122,0.000146,0.000088,0.000052,0.005304,0.000320,-0.000000,0.000979,-0.000008,-0.000000
9.298000,0.000000,0.000000,0.593700,0.000000,0.000000,0.000000,0.000128,0.000000,-0.001465,0.000571,0.599123,0.000147,0.000095,0.000053,0.005316,0.000320,-0.000000,0.000984,-0.000009,-0.000000
9.310000,0.000000,0.000000,0.593700,0.000000,0.000000,0.000000,0.000128,0.000000,-0.001463,0.000572,0.599124,0.000146,0.000102,0.000054,0.005328,0.000320,-0.000000,0.000991,-0.000010,-0.000000
9.322000,0.000000,0.000000,0.593700,0.000000,0.000000,0.000000,0.000128,0.000000,-0.001461,0.000573,0.599124,0.000145,0.000107,0.000054,0.005340,0.000320,-0.000000,0.000997,-0.000011,-0.000000
9.334000,0.000000,0.000000,0.593700,0.000000,0.000000,0.000000,0.000128,0.000000,-0.001459,0.000575,0.599125,0.000143,0.000113,0.000055,0.005352,0.000320,-0.000000,0.001004,-0.000012,-0.000000
9.346000,0.000000,0.000000,0.593700,0.000000,0.000000,0.000000,0.000128,0.000000,-0.001458,0.000576,0.599126,0.000141,0.000118,0.000056,0.005364,0.000320,-0.000000,0.001010,-0.000012,-0.000000
9.358000,0.000000,0.000000,0.593700,0.000000,0.000000,0.000000,0.000128,0.000000,-0.001456,0.000578,0.599126,0.000138,0.000122,0.000056,0.005376,0.000319,-0.000000,0.001016,-0.000013,-0.000000
9.370000,0.000000,0.000000,0.593700,0.000000,0.000000,0.000000,0.000128,0.000000,-0.001454,0.000579,0.599127,0.000136,0.000127,0.000057,0.005388,0.000319,-0.000000,0.001022,-0.000013,-0.000000
9.382000,0.000000,0.000000,0.593700,0.000000,0.000000,0.000000,0.000128,0.000000,-0.001453,0.000581,0.599128,0.000133,0.000130,0.000057,0.005401,0.000319,-0.000000,0.001027,-0.000014,-0.000000
9.394000,0.000000,0.000000,0.593700,0.000000,0.000000,0.000000,0.000128,0.000000,-0.001451,0.000582,0.599128,0.000130,0.000134,0.000057,0.005413,0.000319,-0.000000,0.001032,-0.000014,-0.000000
9.406000,0.000000,0.000000,0.593700,0.000000,0.000000,0.000000,0.000128,0.000000,-0.001449,0.000584,0.599129,0.000127,0.000137,0.000058,0.005426,0.000319,-0.000000,0.001036,-0.000015,-0.000000
9.418000,0.000000,0.000000,0.593700,0.000000,0.000000,0.000000,0.000128,0.000000,-0.001448,0.000585,0.599130,0.000125,0.000141,0.000058,0.005438,0.000318,-0.000000,0.001040,-0.000015,-0.000000
9.430000,0.000000,0.000000,0.593700,0.000000,0.000000,0.000000,0.000128,0.000000,-0.001446,0.000587,0.599131,0.000122,0.000144,0.000058,0.005451,0.000318,-0.000000,0.001043,-0.000015,-0.000000
9.442000,0.000000,0.000000,0.593700,0.000000,0.000000,0.000000,0.000128,0.000000,-0.001445,0.000589,0.599131,0.000120,0.000146,0.000059,0.005463,0.000318,-0.000000,0.001047,-0.000016,-0.000000
9.454000,0.000000,0.000000,0.593700,0.000000,0.000000,0.000000,0.000128,0.000000,-0.001444,0.000591,0.599132,0.000117,0.000149,0.000059,0.005476,0.000318,-0.000000,0.001050,-0.000016,-0.000000
9.466000,0.000000,0.000000,0.593700,0.000000,0.000000,0.000000,0.000128,0.000000,-0.001442,0.000592,0.599133,0.000115,0.000152,0.000059,0.005488,0.000318,-0.000000,0.001052,-0.000016,-0.000000
9.478000,0.000000,0.000000,0.593700,0.000000,0.000000,0.000000,0.000128,0.000000,-0.001441,0.000594,0.599133,0.000112,0.000154,0.000060,0.005501,0.000318,-0.000000,0.001055,-0.000017,-0.000000
9.490000,0.000000,0.000000,0.593700,0.000000,0.000000,0.000000,0.000128,0.000000,-0.001439,0.000596,0.599134,0.000110,0.000156,0.000060,0.005514,0.000317,-0.000000,0.001057,-0.000017,-0.000000
9.502000,0.000000,0.000000,0.593700,0.000000,0.000000,0.000000,0.000128,0.000000,-0.001438,0.000598,0.599135,0.000108,0.000159,0.000060,0.005526,0.000317,-0.000000,0.001059,-0.000017,-0.000000
9.514000,0.000000,0.000000,0.593700,0.000000,0.000000,0.000000,0.000128,0.000000,-0.001437,0.000600,0.599136,0.000106,0.000161,0.000060,0.005539,0.000317,-0.000000,0.001061,-0.000018,-0.000000
9.524000,0.000000,0.000000,0.593700,0.000000,0.000000,0.000000,0.000128,0.000000,-0.001436,0.000602,0.599136,0.000105,0.000162,0.000061,0.005550,0.000317,-0.000000,0.001063,-0.000018,-0.000000
9.536000,0.000000,0.000000,0.593700,0.000000,0.000000,0.000000,0.000128,0.000000,-0.001434,0.000603,0.599137,0.000103,0.000165,0.000061,0.005562,0.000316,-0.000000,0.001065,-0.000018,-0.000000
9.548000,0.000000,0.000000,0.593700,0.000000,0.000000,0.000000,0.000128,0.000000,-0.001433,0.000605,0.599138,0.000101,0.000166,0.000061,0.005575,0.000316,-0.000000,0.001067,-0.000018,-0.000000
9.560000,0.000000,0.000000,0.593700,0.000000,0.000000,0.000000,0.000128,0.000000,-0.001432,0.000607,0.599138,0.000099,0.000168,0.000061,0.005588,0.000316,-0.000000,0.001069,-0.000018,-0.000000
9.572000,0.000000,0.000000,0.593700,0.000000,0.000000,0.000000,0.000128,0.000000,-0.001431,0.000610,0.599139,0.000098,0.000170,0.000062,0.005601,0.000316,-0.000000,0.001071,-0.000019,-0.000000
9.584000,0.000000,0.000000,0.593700,0.000000,0.000000,0.000000,0.000128,0.000000,-0.001430,0.000612,0.599140,0.000097,0.000172,0.000062,0.005614,0.000316,-0.000000,0.001073,-0.000019,-0.000000
9.596000,0.000000,0.000000,0.593700,0.000000,0.000000,0.000000,0.000128,0.000000,-0.001429,0.000614,0.599141,0.000095,0.000174,0.000062,0.005627,0.000315,-0.000000,0.001075,-0.000019,-0.000000
9.608000,0.000000,0.000000,0.593700,0.000000,0.000000,0.000000,0.000128,0.000000,-0.001427,0.000616,0.599141,0.000094,0.000176,0.000063,0.005640,0.000315,-0.000000,0.001076,-0.000019,-0.000000
9.620000,0.000000,0.000000,0.593700,0.000000,0.000000,0.000000,0.000128,0.000000,-0.001426,0.000618,0.599142,0.000093,0.000177,0.000063,0.005653,0.000315,-0.000000,0.001078,-0.000019,-0.000000
9.632000,0.000000,0.000000,0.593700,0.000000,0.000000,0.000000,0.000128,0.000000,-0.001425,0.000620,0.599143,0.000091,0.000179,0.000063,0.005665,0.000315,-0.000000,0.001080,-0.000020,-0.000000
9.644000,0.000000,0.000000,0.593700,0.000000,0.000000,0.000000,0.000128,0.000000,-0.001424,0.000622,0.599144,0.000090,0.000180,0.000063,0.005678,0.000314,-0.000000,0.001082,-0.000020,-0.000000
9.656000,0.000000,0.000000,0.593700,0.000000,0.000000,0.000000,0.000128,0.000000,-0.001423,0.000624,0.599144,0.000089,0.000182,0.000064,0.005691,0.000314,-0.000000,0.001084,-0.000020,-0.000000
9.668000,0.000000,0.000000,0.593700,0.000000,0.000000,0.000000,0.000128,0.000000,-0.001422,0.000626,0.599145,0.000088,0.000184,0.000064,0.005704,0.000314,-0.000000,0.001086,-0.000020,-0.000000
9.680000,0.000000,0.000000,0.593700,0.000000,0.000000,0.000000,0.000128,0.000000,-0.001421,0.000629,0.599146,0.000087,0.000185,0.000064,0.005718,0.000314,-0.000000,0.001088,-0.000020,-0.000000
9.692000,0.000000,0.000000,0.593700,0.000000,0.000000,0.000000,0.000128,0.000000,-0.001420,0.000631,0.599147,0.000087,0.000187,0.000064,0.005731,0.000313,-0.000000,0.001090,-0.000021,-0.000000
9.704000,0.000000,0.000000,0.593700,0.000000,0.000000,0.000000,0.000128,0.000000,-0.001419,0.000633,0.599148,0.000086,0.000188,0.000065,0.005744,0.000313,-0.000000,0.001092,-0.000021,-0.000000
9.716000,0.000000,0.000000,0.593700,0.000000,0.000000,0.000000,0.000128,0.000000,-0.001418,0.000635,0.599148,0.000085,0.000189,0.000065,0.005757,0.000313,-0.000000,0.001094,-0.000021,-0.000000
9.728000,0.000000,0.000000,0.593700,0.000000,0.000000,0.000000,0.000128,0.000000,-0.001417,0.000638,0.599149,0.000084,0.000191,0.000065,0.005770,0.000313,-0.000000,0.001096,-0.000021,-0.000000
9.740000,0.000000,0.000000,0.593700,0.000000,0.000000,0.000000,0.000128,0.000000,-0.001416,0.000640,0.599150,0.000084,0.000192,0.000065,0.005783,0.000312,-0.000000,0.001098,-0.000021,-0.000000
9.752000,0.000000,0.000000,0.593700,0.000000,0.000000,0.000000,0.000128,0.000000,-0.001415,0.000642,0.599151,0.000083,0.000194,0.000066,0.005796,0.000312,-0.000000,0.001100,-0.000021,-0.000000
9.764000,0.000000,0.000000,0.593700,0.000000,0.000000,0.000000,0.000128,0.000000,-0.001414,0.000645,0.599151,0.000083,0.000195,0.000066,0.005810,0.000312,-0.000000,0.001102,-0.000021,-0.000000
9.774000,0.000000,0.000000,0.593700,0.000000,0.000000,0.000000,0.000128,0.000000,-0.001413,0.000647,0.599152,0.000082,0.000196,0.000066,0.005821,0.000312,-0.000000,0.001104,-0.000022,-0.000000
9.786000,0.000000,0.000000,0.593700,0.000000,0.000000,0.000000,0.000128,0.000000,-0.001412,0.000649,0.599153,0.000082,0.000197,0.000066,0.005834,0.000311,-0.000000,0.001106,-0.000022,-0.000000
9.798000,0.000000,0.000000,0.593700,0.000000,0.000000,0.000000,0.000128,0.000000,-0.001411,0.000651,0.599154,0.000081,0.000199,0.000067,0.005847,0.000311,-0.000000,0.001108,-0.000022,-0.000000
9.810000,0.000000,0.000000,0.593700,0.000000,0.000000,0.000000,0.000128,0.000000,-0.001410,0.000654,0.599155,0.000081,0.000200,0.000067,0.005860,0.000311,-0.000000,0.001110,-0.000022,-0.000000
9.822000,0.000000,0.000000,0.593700,0.000000,0.000000,0.000000,0.000128,0.000000,-0.001409,0.000656,0.599155,0.000080,0.000201,0.000067,0.005874,0.000311,-0.000000,0.001112,-0.000022,-0.000000
9.834000,0.000000,0.000000,0.593700,0.000000,0.000000,0.000000,0.000128,0.000000,-0.001408,0.000659,0.599156,0.000080,0.000202,0.000067,0.005887,0.000310,-0.000000,0.001114,-0.000022,-0.000000
9.846000,0.000000,0.000000,0.593700,0.000000,0.000000,0.000000,0.000128,0.000000,-0.001407,0.000661,0.599157,0.000079,0.000204,0.000067,0.005901,0.000310,-0.000000,0.001117,-0.000022,-0.000000
9.858000,0.000000,0.000000,0.593700,0.000000,0.000000,0.000000,0.000128,0.000000,-0.001406,0.000663,0.599158,0.000079,0.000205,0.000068,0.005914,0.000310,-0.000000,0.001119,-0.000023,-0.000000
9.870000,0.000000,0.000000,0.593700,0.000000,0.000000,0.000000,0.000128,0.000000,-0.001405,0.000666,0.599159,0.000079,0.000206,0.000068,0.005927,0.000310,-0.000000,0.001121,-0.000023,-0.000000
9.882000,0.000000,0.000000,0.593700,0.000000,0.000000,0.000000,0.000128,0.000000,-0.001404,0.000668,0.599159,0.000079,0.000207,0.000068,0.005941,0.000309,-0.000000,0.001124,-0.000023,-0.000000
9.894000,0.000000,0.000000,0.593700,0.000000,0.000000,0.000000,0.000128,0.000000,-0.001403,0.000671,0.599160,0.000078,0.000208,0.000068,0.005954,0.000309,-0.000000,0.001126,-0.000023,-0.000000
9.906000,0.000000,0.000000,0.593700,0.000000,0.000000,0.000000,0.000128,0.000000,-0.001402,0.000673,0.599161,0.000078,0.000210,0.000069,0.005968,0.000309,-0.000000,0.001129,-0.000023,-0.000000
9.918000,0.000000,0.000000,0.593700,0.000000,0.000000,0.000000,0.000128,0.000000,-0.001401,0.000676,0.599162,0.000078,0.000211,0.000069,0.005982,0.000308,-0.000000,0.001131,-0.000023,-0.000000
9.930000,0.000000,0.000000,0.593700,0.000000,0.000000,0.000000,0.000128,0.000000,-0.001400,0.000678,0.599163,0.000078,0.000212,0.000069,0.005995,0.000308,-0.000000,0.001133,-0.000023,-0.000000
9.942000,0.000000,0.000000,0.593700,0.000000,0.000000,0.000000,0.000128,0.000000,-0.001399,0.000681,0.599164,0.000077,0.000213,0.000069,0.006009,0.000308,-0.000000,0.001136,-0.000023,-0.000000
9.954000,0.000000,0.000000,0.593700,0.000000,0.000000,0.000000,0.000128,0.000000,-0.001399,0.000683,0.599164,0.000077,0.000214,0.000070,0.006022,0.000308,-0.000000,0.001138,-0.000024,-0.000000
9.966000,0.000000,0.000000,0.593700,0.000000,0.000000,0.000000,0.000128,0.000000,-0.001398,0.000686,0.599165,0.000077,0.000215,0.000070,0.006036,0.000307,-0.000000,0.001141,-0.000024,-0.000000
9.978000,0.000000,0.000000,0.593700,0.000000,0.000000,0.000000,0.000128,0.000000,-0.001397,0.000689,0.599166,0.000077,0.000216,0.000070,0.006050,0.000307,-0.000000,0.001143,-0.000024,-0.000000
9.990000,0.000000,0.000000,0.593700,0.000000,0.000000,0.000000,0.000128,0.000000,-0.001396,0.000691,0.599167,0.000077,0.000217,0.000070,0.006064,0.000307,-0.000000,0.001146,-0.000024,-0.000000
