time,Prx,Pry,Prz,Vrx,Vry,Vrz,Yawr,vYawr,Pcx,Pcy,Pcz,Vcx,Vcy,Vcz,Pbx,Pby,Pbz,Vbx,Vby,Vbz,Rollt,Pitcht,Yawt,Rollc,Pitchc,Yawc,ux,uy,Forcex,Forcey,Forcez
1.000000,0.000000,0.000000,0.593700,0.000000,0.000000,0.000000,-0.000315,0.000000,0.000000,0.000000,0.593700,-0.000000,-0.000000,-0.000000,-0.003574,0.005135,0.594162,0.016615,-0.005393,0.022047,0.000000,0.000000,-0.000315,-0.000393,-0.000178,-0.000375,0.434723,0.169493,0.000000,0.000000,0.000000
1.010000,0.000000,0.000000,0.593700,0.000000,0.000000,0.000000,-0.000315,0.000000,0.000000,0.000000,0.593700,0.000000,-0.000000,-0.000000,-0.003397,0.005088,0.594441,0.015773,-0.004821,0.037232,0.000000,0.000000,-0.000315,-0.000460,0.000003,-0.000457,0.442846,0.171823,0.000000,0.000000,0.000000
1.020000,0.000000,0.000000,0.593700,0.000000,0.000000,0.000000,-0.000315,0.000000,0.000000,0.000000,0.593700,-0.000000,0.000000,-0.000000,-0.003226,0.005045,0.594877,0.015262,-0.003940,0.049028,0.000000,0.000000,-0.000315,-0.000577,0.000245,-0.000539,0.448929,0.173417,0.000000,0.000000,0.000000
1.030000,0.000000,0.000000,0.593700,0.000000,0.000000,0.000000,-0.000315,0.000000,0.000000,0.000000,0.593700,-0.000000,0.000000,-0.000000,-0.003061,0.005009,0.595427,0.014935,-0.002873,0.056471,0.000000,0.000000,-0.000315,-0.000723,0.000531,-0.000620,0.452032,0.174061,0.000000,0.000000,0.000000
1.040000,0.000000,0.000000,0.593700,0.000000,0.000000,0.000000,-0.000315,0.000000,0.000000,0.000000,0.593700,-0.000000,-0.000000,-0.000000,-0.002902,0.004980,0.596043,0.014495,-0.001739,0.059005,0.000000,0.000000,-0.000315,-0.000875,0.000836,-0.000702,0.451669,0.173681,0.000000,0.000000,0.000000
1.050000,0.000000,0.000000,0.593700,0.000000,0.000000,0.000000,-0.000315,0.000000,0.000000,0.000000,0.593700,-0.000000,-0.000000,-0.000000,-0.002755,0.004961,0.596666,0.013645,-0.000630,0.056575,0.000000,0.000000,-0.000315,-0.001004,0.001129,-0.000782,0.447888,0.172347,0.000000,0.000000,0.000000
1.060000,0.000000,0.000000,0.593700,0.000000,0.000000,0.000000,-0.000315,0.000000,0.000000,0.000000,0.593700,-0.000000,-0.000000,-0.000000,-0.002621,0.004950,0.597251,0.012575,0.000290,0.050003,0.000000,0.000000,-0.000315,-0.001088,0.001373,-0.000859,0.441266,0.170257,0.000000,0.000000,0.000000
1.070000,0.000000,0.000000,0.593700,0.000000,0.000000,0.000000,-0.000315,0.000000,0.000000,0.000000,0.593700,-0.000000,-0.000000,-0.000000,-0.002504,0.004947,0.597753,0.011222,0.000964,0.039778,0.000000,0.000000,-0.000315,-0.001108,0.001547,-0.000930,0.432793,0.167690,0.000000,0.000000,0.000000
1.080000,0.000000,0.000000,0.593700,0.000000,0.000000,0.000000,-0.000315,0.000000,0.000000,0.000000,0.593700,-0.000000,-0.000000,-0.000000,-0.002408,0.004951,0.598133,0.009397,0.001395,0.026749,0.000000,0.000000,-0.000315,-0.001060,0.001647,-0.000992,0.423614,0.164386,0.000000,0.000000,0.000000
1.090000,0.000000,0.000000,0.593700,0.000000,0.000000,0.000000,-0.000315,0.000000,0.000000,0.000000,0.593700,0.000000,0.000000,-0.000000,-0.002336,0.004960,0.598365,0.007248,0.001491,0.011929,0.000000,0.000000,-0.000315,-0.000950,0.001664,-0.001046,0.414810,0.161250,0.000000,0.000000,0.000000
1.100000,0.000000,0.000000,0.593700,0.000000,0.000000,0.000000,-0.000315,0.000000,0.000000,0.000000,0.593700,0.000000,0.000000,-0.000000,-0.002291,0.004972,0.598432,0.005169,0.001206,-0.003631,0.000000,0.000000,-0.000315,-0.000791,0.001591,-0.001087,0.407207,0.158556,0.000000,0.000000,0.000000
1.110000,0.000000,0.000000,0.593700,0.000000,0.000000,0.000000,-0.000315,0.000000,0.000000,0.000000,0.593700,-0.000000,-0.000000,-0.000000,-0.002268,0.004981,0.598327,0.003398,0.000489,-0.018979,0.000000,0.000000,-0.000315,-0.000599,0.001424,-0.001116,0.401247,0.156470,0.000000,0.000000,0.000000
1.120000,0.000000,0.000000,0.593700,0.000000,0.000000,0.000000,-0.000315,0.000000,0.000000,0.000000,0.593700,-0.000000,-0.000000,-0.000000,-0.002263,0.005009,0.598040,0.003004,0.002366,-0.025840,0.000000,0.000000,-0.000315,-0.000434,0.001137,-0.001172,0.396995,0.155083,0.000000,0.000000,0.000000
1.130000,0.000000,0.000000,0.593700,0.000000,0.000000,0.000000,-0.000315,0.000000,0.000000,0.000000,0.593700,-0.000000,-0.000000,-0.000000,-0.002210,0.005002,0.597826,0.007689,-0.001439,-0.000897,0.000000,0.000000,-0.000315,-0.000406,0.000775,-0.001202,0.396736,0.155297,0.000000,0.000000,0.000000
1.140000,0.000000,0.000000,0.593700,0.000000,0.000000,0.000000,-0.000315,0.000000,0.000000,0.000000,0.593700,-0.000000,-0.000000,-0.000000,-0.002108,0.004988,0.597795,0.010794,-0.002449,0.005465,0.000000,0.000000,-0.000315,-0.000336,0.000593,-0.001236,0.396296,0.155283,0.000000,0.000000,0.000000
1.150000,0.000000,0.000000,0.593700,0.000000,0.000000,0.000000,-0.000315,0.000000,0.000000,0.000000,0.593700,-0.000000,-0.000000,-0.000000,-0.001998,0.004990,0.597840,0.010092,-0.002220,0.013710,0.000000,0.000000,-0.000315,-0.000369,0.000522,-0.001226,0.395994,0.155294,0.000000,0.000000,0.000000
1.162000,0.000000,0.000000,0.593700,0.000000,0.000000,0.000000,-0.000315,0.000000,0.000000,0.000000,0.593700,-0.000000,0.000000,-0.000000,-0.001893,0.004957,0.598012,0.007234,-0.003832,0.021157,0.000000,0.000000,-0.000315,-0.000372,0.000502,-0.001157,0.395660,0.155195,0.000000,0.000000,0.000000
1.172000,0.000000,0.000000,0.593700,0.000000,0.000000,0.000000,-0.000315,0.000000,0.000000,0.000000,0.593700,-0.000000,-0.000000,-0.000000,-0.001832,0.004915,0.598231,0.004618,-0.005078,0.021531,0.000000,0.000000,-0.000315,-0.000375,0.000492,-0.001092,0.395429,0.155100,0.000000,0.000000,0.000000
1.182000,0.000000,0.000000,0.593700,0.000000,0.000000,0.000000,-0.000315,0.000000,0.000000,0.000000,0.593700,-0.000000,-0.000000,-0.000000,-0.001790,0.004862,0.598466,0.002513,-0.006138,0.021040,0.000000,0.000000,-0.000315,-0.000371,0.000488,-0.001031,0.395219,0.154999,0.000000,0.000000,0.000000
1.192000,0.000000,0.000000,0.593700,0.000000,0.000000,0.000000,-0.000315,0.000000,0.000000,0.000000,0.593700,-0.000000,-0.000000,-0.000000,-0.001737,0.004803,0.598711,0.002838,-0.006861,0.022632,0.000000,0.000000,-0.000315,-0.000358,0.000491,-0.000976,0.395003,0.154893,0.000000,0.000000,0.000000
1.202000,0.000000,0.000000,0.593700,0.000000,0.000000,0.000000,-0.000315,0.000000,0.000000,0.000000,0.593700,-0.000000,-0.000000,-0.000000,-0.001689,0.004738,0.598969,0.003680,-0.007360,0.024707,0.000000,0.000000,-0.000315,-0.000344,0.000498,-0.000927,0.394760,0.154783,0.000000,0.000000,0.000000
1.212000,0.000000,0.000000,0.593700,0.000000,0.000000,0.000000,-0.000315,0.000000,0.000000,0.000000,0.593700,0.000000,-0.000000,-0.000000,-0.001671,0.004662,0.599236,0.003912,-0.007536,0.011523,0.000000,0.000000,-0.000315,-0.000290,0.000469,-0.000886,0.394543,0.154684,0.000000,0.000000,0.000000
1.222000,0.000000,0.000000,0.593700,0.000000,0.000000,0.000000,-0.000315,0.000000,0.000000,0.000000,0.593700,-0.000000,-0.000000,-0.000000,-0.001656,0.004593,0.599259,0.003721,-0.007126,-0.010120,0.000000,0.000000,-0.000315,-0.000256,0.000401,-0.000847,0.394535,0.154678,0.000000,0.000000,0.000000
1.232000,0.000000,0.000000,0.593700,0.000000,0.000000,0.000000,-0.000315,0.000000,0.000000,0.000000,0.593700,-0.000000,0.000000,-0.000000,-0.001643,0.004528,0.599052,0.003621,-0.006364,-0.029229,0.000000,0.000000,-0.000315,-0.000244,0.000283,-0.000781,0.395017,0.154904,0.000000,0.000000,0.000000
1.242000,0.000000,0.000000,0.593700,0.000000,0.000000,0.000000,-0.000315,0.000000,0.000000,0.000000,0.593700,-0.000000,-0.000000,-0.000000,-0.001629,0.004470,0.598657,0.003523,-0.005163,-0.042522,0.000000,0.000000,-0.000315,-0.000259,0.000113,-0.000694,0.396376,0.155520,0.000000,0.000000,0.000000
1.252000,0.000000,0.000000,0.593700,0.000000,0.000000,0.000000,-0.000315,0.000000,0.000000,0.000000,0.593700,-0.000000,-0.000000,-0.000000,-0.001610,0.004425,0.598155,0.003306,-0.003641,-0.047645,0.000000,0.000000,-0.000315,-0.000302,-0.000090,-0.000599,0.398994,0.156634,0.000000,0.000000,0.000000
1.262000,0.000000,0.000000,0.593700,0.000000,0.000000,0.000000,-0.000315,0.000000,0.000000,0.000000,0.593700,-0.000000,-0.000000,-0.000000,-0.001588,0.004394,0.597630,0.002748,-0.002056,-0.044767,0.000000,0.000000,-0.000315,-0.000369,-0.000292,-0.000504,0.403228,0.158306,0.000000,0.000000,0.000000
1.272000,0.000000,0.000000,0.593700,0.000000,0.000000,0.000000,-0.000315,0.000000,0.000000,0.000000,0.593700,0.000000,-0.000000,-0.000000,-0.001566,0.004376,0.597166,0.001694,-0.000683,-0.034974,0.000000,0.000000,-0.000315,-0.000451,-0.000452,-0.000412,0.409277,0.160521,0.000000,0.000000,0.000000
1.282000,0.000000,0.000000,0.593700,0.000000,0.000000,0.000000,-0.000315,0.000000,0.000000,0.000000,0.593700,0.000000,-0.000000,-0.000000,-0.001549,0.004369,0.596831,0.000232,0.000276,-0.020265,0.000000,0.000000,-0.000315,-0.000529,-0.000542,-0.000322,0.417011,0.163159,0.000000,0.000000,0.000000
1.292000,0.000000,0.000000,0.593700,0.000000,0.000000,0.000000,-0.000315,0.000000,0.000000,0.000000,0.593700,0.000000,0.000000,-0.000000,-0.001542,0.004368,0.596669,-0.001307,0.000754,-0.003084,0.000000,0.000000,-0.000315,-0.000581,-0.000547,-0.000234,0.425856,0.165983,0.000000,0.000000,0.000000
1.302000,0.000000,0.000000,0.593700,0.000000,0.000000,0.000000,-0.000315,0.000000,0.000000,0.000000,0.593700,-0.000000,0.000000,-0.000000,-0.001545,0.004370,0.596698,-0.002542,0.000790,0.014134,0.000000,0.000000,-0.000315,-0.000591,-0.000470,-0.000146,0.434829,0.168669,0.000000,0.000000,0.000000
1.312000,0.000000,0.000000,0.593700,0.000000,0.000000,0.000000,-0.000315,0.000000,0.000000,0.000000,0.593700,-0.000000,-0.000000,-0.000000,-0.001555,0.004371,0.596910,-0.003267,0.000467,0.029285,0.000000,0.000000,-0.000315,-0.000550,-0.000316,-0.000061,0.442715,0.170869,0.000000,0.000000,0.000000
1.322000,0.000000,0.000000,0.593700,0.000000,0.000000,0.000000,-0.000315,0.000000,0.000000,0.000000,0.593700,-0.000000,0.000000,-0.000000,-0.001570,0.004371,0.597274,-0.003579,-0.000120,0.040691,0.000000,0.000000,-0.000315,-0.000463,-0.000098,0.000023,0.448336,0.172284,0.000000,0.000000,0.000000
1.332000,0.000000,0.000000,0.593700,0.000000,0.000000,0.000000,-0.000315,0.000000,0.000000,0.000000,0.593700,-0.000000,0.000000,-0.000000,-0.001588,0.004366,0.597746,-0.003773,-0.000895,0.047598,0.000000,0.000000,-0.000315,-0.000342,0.000169,0.000103,0.450820,0.172719,0.000000,0.000000,0.000000
1.342000,0.000000,0.000000,0.593700,0.000000,0.000000,0.000000,-0.000315,0.000000,0.000000,0.000000,0.593700,0.000000,-0.000000,-0.000000,-0.001613,0.004355,0.598277,-0.004091,-0.001738,0.049682,0.000000,0.000000,-0.000315,-0.000207,0.000461,0.000180,0.449793,0.172127,0.000000,0.000000,0.000000
1.352000,0.000000,0.000000,0.593700,0.000000,0.000000,0.000000,-0.000315,0.000000,0.000000,0.000000,0.593700,0.000000,-0.000000,-0.000000,-0.001648,0.004340,0.598814,-0.004813,-0.002531,0.047017,0.000000,0.000000,-0.000315,-0.000086,0.000748,0.000251,0.445441,0.170605,0.000000,0.000000,0.000000
1.362000,0.000000,0.000000,0.593700,0.000000,0.000000,0.000000,-0.000315,0.000000,0.000000,0.000000,0.593700,0.000000,-0.000000,-0.000000,-0.001699,0.004318,0.599306,-0.006089,-0.003191,0.040022,0.000000,0.000000,-0.000315,0.000002,0.001001,0.000315,0.438447,0.168373,0.000000,0.000000,0.000000
1.372000,0.000000,0.000000,0.593700,0.000000,0.000000,0.000000,-0.000315,0.000000,0.000000,0.000000,0.593700,-0.000000,-0.000000,-0.000000,-0.001772,0.004291,0.599709,-0.007869,-0.003580,0.029432,0.000000,0.000000,-0.000315,0.000039,0.001190,0.000371,0.429832,0.165730,0.000000,0.000000,0.000000
1.382000,0.000000,0.000000,0.593700,0.000000,0.000000,0.000000,-0.000315,0.000000,0.000000,0.000000,0.593700,0.000000,-0.000000,-0.000000,-0.001870,0.004261,0.599985,-0.009928,-0.003639,0.016113,0.000000,0.000000,-0.000315,0.000017,0.001291,0.000416,0.420746,0.162992,0.000000,0.000000,0.000000
1.392000,0.000000,0.000000,0.593700,0.000000,0.000000,0.000000,-0.000315,0.000000,0.000000,0.000000,0.593700,-0.000000,-0.000000,-0.000000,-0.001995,0.004231,0.600110,-0.012046,-0.003292,0.001307,0.000000,0.000000,-0.000315,-0.000064,0.001297,0.000450,0.412238,0.160446,0.000000,0.000000,0.000000
1.402000,0.000000,0.000000,0.593700,0.000000,0.000000,0.000000,-0.000315,0.000000,0.000000,0.000000,0.593700,-0.000000,-0.000000,-0.000000,-0.002143,0.004203,0.600070,-0.013934,-0.002586,-0.014032,0.000000,0.000000,-0.000315,-0.000193,0.001204,0.000474,0.405058,0.158296,0.000000,0.000000,0.000000
1.414000,0.000000,0.000000,0.593700,0.000000,0.000000,0.000000,-0.000315,0.000000,0.000000,0.000000,0.593700,-0.000000,0.000000,-0.000000,-0.002346,0.004177,0.599808,-0.015496,-0.001211,-0.031291,0.000000,0.000000,-0.000315,-0.000391,0.000977,0.000490,0.398672,0.156381,0.000000,0.000000,0.000000
1.424000,0.000000,0.000000,0.593700,0.000000,0.000000,0.000000,-0.000315,0.000000,0.000000,0.000000,0.593700,-0.000000,-0.000000,-0.000000,-0.002528,0.004183,0.599423,-0.013972,0.000982,-0.018690,-0.001470,-0.000646,-0.000316,-0.000646,0.000648,0.000537,0.396245,0.155887,0.000000,0.000000,0.000000
1.434000,0.000000,0.000000,0.593700,0.000000,0.000000,0.000000,-0.000315,0.000000,0.000000,0.000000,0.593700,-0.000000,0.000000,-0.000000,-0.002653,0.004197,0.599241,-0.010180,0.003715,-0.003431,-0.000932,-0.000369,-0.000315,-0.000927,0.000284,0.000557,0.395687,0.155866,0.000000,0.000000,0.000000
1.444000,0.000000,0.000000,0.593700,0.000000,0.000000,0.000000,-0.000315,0.000000,0.000000,0.000000,0.593700,-0.000000,-0.000000,-0.000000,-0.002743,0.004163,0.599197,-0.008225,0.001212,0.002232,0.000000,0.000000,-0.000315,-0.000938,0.000075,0.000573,0.395155,0.155804,0.000000,0.000000,0.000000
1.454000,0.000000,0.000000,0.593700,0.000000,0.000000,0.000000,-0.000315,0.000000,0.000000,0.000000,0.593700,-0.000000,-0.000000,-0.000000,-0.002800,0.004166,0.599224,-0.005988,0.000545,0.011566,0.000000,0.000000,-0.000315,-0.000815,0.000103,0.000541,0.394762,0.155783,0.000000,0.000000,0.000000
1.464000,0.000000,0.000000,0.593700,0.000000,0.000000,0.000000,-0.000315,0.000000,0.000000,0.000000,0.593700,-0.000000,-0.000000,-0.000000,-0.002854,0.004170,0.599346,-0.004863,-0.000456,0.015380,0.000000,0.000000,-0.000315,-0.000734,0.000195,0.000488,0.394356,0.155738,0.000000,0.000000,0.000000
1.474000,0.000000,0.000000,0.593700,0.000000,0.000000,0.000000,-0.000315,0.000000,0.000000,0.000000,0.593700,-0.000000,-0.000000,-0.000000,-0.002904,0.004164,0.599503,-0.004848,-0.001580,0.014723,0.000000,0.000000,-0.000315,-0.000675,0.000260,0.000423,0.394025,0.155688,0.000000,0.000000,0.000000
1.484000,0.000000,0.000000,0.593700,0.000000,0.000000,0.000000,-0.000315,0.000000,0.000000,0.000000,0.593700,-0.000000,-0.000000,-0.000000,-0.002938,0.004148,0.599672,-0.004720,-0.002563,0.014968,0.000000,0.000000,-0.000315,-0.000633,0.000302,0.000356,0.393747,0.155636,0.000000,0.000000,0.000000
1.494000,0.000000,0.000000,0.593700,0.000000,0.000000,0.000000,-0.000315,0.000000,0.000000,0.000000,0.593700,-0.000000,-0.000000,-0.000000,-0.002912,0.004126,0.599865,-0.001747,-0.003364,0.017835,0.000000,0.000000,-0.000315,-0.000604,0.000328,0.000290,0.393487,0.155576,0.000000,0.000000,0.000000
1.504000,0.000000,0.000000,0.593700,0.000000,0.000000,0.000000,-0.000315,0.000000,0.000000,0.000000,0.593700,-0.000000,-0.000000,-0.000000,-0.002851,0.004097,0.600093,0.002058,-0.003691,0.017279,0.000000,0.000000,-0.000315,-0.000569,0.000346,0.000226,0.393205,0.155503,0.000000,0.000000,0.000000
1.514000,0.000000,0.000000,0.593700,0.000000,0.000000,0.000000,-0.000315,0.000000,0.000000,0.000000,0.593700,-0.000000,-0.000000,-0.000000,-0.002789,0.004059,0.600226,0.005357,-0.003878,0.000232,0.000000,0.000000,-0.000315,-0.000534,0.000351,0.000162,0.393072,0.155494,0.000000,0.000000,0.000000
1.524000,0.000000,0.000000,0.593700,0.000000,0.000000,0.000000,-0.000315,0.000000,0.000000,0.000000,0.593700,-0.000000,0.000000,-0.000000,-0.002726,0.004022,0.600095,0.008425,-0.003855,-0.020349,0.000000,0.000000,-0.000315,-0.000500,0.000322,0.000089,0.393102,0.155556,0.000000,0.000000,0.000000
1.534000,0.000000,0.000000,0.593700,0.000000,0.000000,0.000000,-0.000315,0.000000,0.000000,0.000000,0.593700,0.000000,0.000000,-0.000000,-0.002656,0.003981,0.599751,0.011233,-0.004149,-0.038358,0.000000,0.000000,-0.000315,-0.000450,0.000239,-0.000002,0.393710,0.155845,0.000000,0.000000,0.000000
1.544000,0.000000,0.000000,0.593700,0.000000,0.000000,0.000000,-0.000315,0.000000,0.000000,0.000000,0.593700,-0.000000,0.000000,-0.000000,-0.002569,0.003937,0.599257,0.013176,-0.004595,-0.048937,0.000000,0.000000,-0.000315,-0.000379,0.000107,-0.000101,0.395336,0.156511,0.000000,0.000000,0.000000
1.554000,0.000000,0.000000,0.593700,0.000000,0.000000,0.000000,-0.000315,0.000000,0.000000,0.000000,0.593700,-0.000000,0.000000,-0.000000,-0.002468,0.003889,0.598684,0.013583,-0.005120,-0.051742,0.000000,0.000000,-0.000315,-0.000286,-0.000044,-0.000199,0.398363,0.157666,0.000000,0.000000,0.000000
1.564000,0.000000,0.000000,0.593700,0.000000,0.000000,0.000000,-0.000315,0.000000,0.000000,0.000000,0.593700,-0.000000,0.000000,-0.000000,-0.002361,0.003837,0.598114,0.012596,-0.005585,-0.046826,0.000000,0.000000,-0.000315,-0.000181,-0.000176,-0.000291,0.403109,0.159378,0.000000,0.000000,0.000000
1.574000,0.000000,0.000000,0.593700,0.000000,0.000000,0.000000,-0.000315,0.000000,0.000000,0.000000,0.593700,-0.000000,-0.000000,-0.000000,-0.002255,0.003782,0.597627,0.010719,-0.005868,-0.035457,0.000000,0.000000,-0.000315,-0.000080,-0.000263,-0.000376,0.409689,0.161648,0.000000,0.000000,0.000000
1.584000,0.000000,0.000000,0.593700,0.000000,0.000000,0.000000,-0.000315,0.000000,0.000000,0.000000,0.593700,-0.000000,-0.000000,-0.000000,-0.002157,0.003728,0.597285,0.008731,-0.005913,-0.019726,0.000000,0.000000,-0.000315,-0.000002,-0.000295,-0.000457,0.417862,0.164369,0.000000,0.000000,0.000000
1.594000,0.000000,0.000000,0.593700,0.000000,0.000000,0.000000,-0.000315,0.000000,0.000000,0.000000,0.593700,-0.000000,0.000000,-0.000000,-0.002065,0.003674,0.597125,0.007392,-0.005718,-0.002080,0.000000,0.000000,-0.000315,0.000031,-0.000275,-0.000534,0.426948,0.167303,0.000000,0.000000,0.000000
1.604000,0.000000,0.000000,0.593700,0.000000,0.000000,0.000000,-0.000315,0.000000,0.000000,0.000000,0.593700,-0.000000,-0.000000,-0.000000,-0.001973,0.003624,0.597160,0.007090,-0.005281,0.015106,0.000000,0.000000,-0.000315,0.000008,-0.000203,-0.000610,0.435889,0.170106,0.000000,0.000000,0.000000
1.614000,0.000000,0.000000,0.593700,0.000000,0.000000,0.000000,-0.000315,0.000000,0.000000,0.000000,0.593700,-0.000000,0.000000,-0.000000,-0.001872,0.003578,0.597376,0.007705,-0.004589,0.029845,0.000000,0.000000,-0.000315,-0.000073,-0.000071,-0.000683,0.443451,0.172165,0.000000,0.000000,0.000000
1.624000,0.000000,0.000000,0.593700,0.000000,0.000000,0.000000,-0.000315,0.000000,0.000000,0.000000,0.593700,0.000000,0.000000,-0.000000,-0.001760,0.003538,0.597741,0.008746,-0.003646,0.040698,0.000000,0.000000,-0.000315,-0.000206,0.000127,-0.000754,0.448507,0.173258,0.000000,0.000000,0.000000
1.634000,0.000000,0.000000,0.593700,0.000000,0.000000,0.000000,-0.000315,0.000000,0.000000,0.000000,0.593700,0.000000,-0.000000,-0.000000,-0.001639,0.003506,0.598206,0.009629,-0.002510,0.046781,0.000000,0.000000,-0.000315,-0.000377,0.000390,-0.000822,0.450294,0.173354,0.000000,0.000000,0.000000
1.644000,0.000000,0.000000,0.593700,0.000000,0.000000,0.000000,-0.000315,0.000000,0.000000,0.000000,0.593700,-0.000000,-0.000000,-0.000000,-0.001516,0.003482,0.598720,0.009943,-0.001283,0.047902,0.000000,0.000000,-0.000315,-0.000563,0.000697,-0.000886,0.448572,0.172440,0.000000,0.000000,0.000000
1.654000,0.000000,0.000000,0.593700,0.000000,0.000000,0.000000,-0.000315,0.000000,0.000000,0.000000,0.593700,0.000000,0.000000,-0.000000,-0.001401,0.003468,0.599230,0.009552,-0.000106,0.044420,0.000000,0.000000,-0.000315,-0.000737,0.001017,-0.000946,0.443657,0.170645,0.000000,0.000000,0.000000
1.664000,0.000000,0.000000,0.593700,0.000000,0.000000,0.000000,-0.000315,0.000000,0.000000,0.000000,0.593700,-0.000000,0.000000,-0.000000,-0.001303,0.003463,0.599687,0.008356,0.000923,0.036862,0.000000,0.000000,-0.000315,-0.000875,0.001319,-0.000998,0.436330,0.168212,0.000000,0.000000,0.000000
1.676000,0.000000,0.000000,0.593700,0.000000,0.000000,0.000000,-0.000315,0.000000,0.000000,0.000000,0.593700,-0.000000,-0.000000,-0.000000,-0.001220,0.003468,0.600110,0.005794,0.001858,0.023397,0.000000,0.000000,-0.000315,-0.000966,0.001618,-0.001049,0.425844,0.164888,0.000000,0.000000,0.000000
1.686000,0.000000,0.000000,0.593700,0.000000,0.000000,0.000000,-0.000315,0.000000,0.000000,0.000000,0.593700,0.000000,0.000000,-0.000000,-0.001189,0.003480,0.600317,0.003002,0.002273,0.009606,0.000000,0.000000,-0.000315,-0.000969,0.001783,-0.001080,0.416977,0.162152,0.000000,0.000000,0.000000
1.696000,0.000000,0.000000,0.593700,0.000000,0.000000,0.000000,-0.000315,0.000000,0.000000,0.000000,0.593700,-0.000000,-0.000000,-0.000000,-0.001196,0.003496,0.600369,0.000095,0.002282,-0.005364,0.000000,0.000000,-0.000315,-0.000907,0.001848,-0.001100,0.408971,0.159726,0.000000,0.000000,0.000000
1.706000,0.000000,0.000000,0.593700,0.000000,0.000000,0.000000,-0.000315,0.000000,0.000000,0.000000,0.593700,-0.000000,-0.000000,-0.000000,-0.001237,0.003513,0.600259,-0.002457,0.001850,-0.020384,0.000000,0.000000,-0.000315,-0.000788,0.001801,-0.001109,0.402403,0.157778,0.000000,0.000000,0.000000
1.716000,0.000000,0.000000,0.593700,0.000000,0.000000,0.000000,-0.000315,0.000000,0.000000,0.000000,0.593700,0.000000,-0.000000,-0.000000,-0.001305,0.003527,0.599988,-0.004293,0.000991,-0.034445,0.000000,0.000000,-0.000315,-0.000626,0.001646,-0.001108,0.397471,0.156162,0.000000,0.000000,0.000000
1.726000,0.000000,0.000000,0.593700,0.000000,0.000000,0.000000,-0.000315,0.000000,0.000000,0.000000,0.593700,0.000000,0.000000,-0.000000,-0.001368,0.003554,0.599609,-0.001903,0.000310,-0.014218,0.000000,0.000000,-0.000315,-0.000605,0.001370,-0.001161,0.395802,0.155922,0.000000,0.000000,0.000000
1.736000,0.000000,0.000000,0.593700,0.000000,0.000000,0.000000,-0.000315,0.000000,0.000000,0.000000,0.593700,-0.000000,0.000000,-0.000000,-0.001380,0.003577,0.599455,0.000928,0.000320,-0.003768,0.000000,0.000000,-0.000315,-0.000636,0.001167,-0.001190,0.395127,0.155973,0.000000,0.000000,0.000000
1.746000,0.000000,0.000000,0.593700,0.000000,0.000000,0.000000,-0.000315,0.000000,0.000000,0.000000,0.593700,-0.000000,-0.000000,-0.000000,-0.001380,0.003581,0.599409,0.002309,-0.000063,0.003578,0.000000,0.000000,-0.000315,-0.000573,0.000957,-0.001200,0.394348,0.155979,0.000000,0.000000,0.000000
1.756000,0.000000,0.000000,0.593700,0.000000,0.000000,0.000000,-0.000315,0.000000,0.000000,0.000000,0.593700,-0.000000,-0.000000,-0.000000,-0.001353,0.003576,0.599442,0.002035,-0.001183,0.012423,0.000000,0.000000,-0.000315,-0.000537,0.000829,-0.001163,0.393846,0.155950,0.000000,0.000000,0.000000
1.766000,0.000000,0.000000,0.593700,0.000000,0.000000,0.000000,-0.000315,0.000000,0.000000,0.000000,0.593700,-0.000000,0.000000,-0.000000,-0.001337,0.003562,0.599574,0.000559,-0.002124,0.015569,0.000000,0.000000,-0.000315,-0.000504,0.000747,-0.001111,0.393450,0.155894,0.000000,0.000000,0.000000
1.776000,0.000000,0.000000,0.593700,0.000000,0.000000,0.000000,-0.000315,0.000000,0.000000,0.000000,0.593700,-0.000000,-0.000000,-0.000000,-0.001335,0.003539,0.599735,-0.001279,-0.002959,0.014684,0.000000,0.000000,-0.000315,-0.000471,0.000686,-0.001057,0.393128,0.155831,0.000000,0.000000,0.000000
1.786000,0.000000,0.000000,0.593700,0.000000,0.000000,0.000000,-0.000315,0.000000,0.000000,0.000000,0.593700,-0.000000,-0.000000,-0.000000,-0.001320,0.003510,0.599908,-0.001008,-0.003575,0.015184,0.000000,0.000000,-0.000315,-0.000435,0.000646,-0.001004,0.392845,0.155765,0.000000,0.000000,0.000000
1.796000,0.000000,0.000000,0.593700,0.000000,0.000000,0.000000,-0.000315,0.000000,0.000000,0.000000,0.593700,0.000000,0.000000,-0.000000,-0.001278,0.003478,0.600102,0.001383,-0.003922,0.017849,0.000000,0.000000,-0.000315,-0.000400,0.000621,-0.000952,0.392557,0.155696,0.000000,0.000000,0.000000
1.806000,0.000000,0.000000,0.593700,0.000000,0.000000,0.000000,-0.000315,0.000000,0.000000,0.000000,0.593700,-0.000000,-0.000000,-0.000000,-0.001261,0.003440,0.600337,0.002699,-0.004133,0.014237,0.000000,0.000000,-0.000315,-0.000363,0.000581,-0.000903,0.392233,0.155620,0.000000,0.000000,0.000000
1.816000,0.000000,0.000000,0.593700,0.000000,0.000000,0.000000,-0.000315,0.000000,0.000000,0.000000,0.593700,-0.000000,0.000000,-0.000000,-0.001256,0.003401,0.600434,0.003068,-0.003996,-0.003770,0.000000,0.000000,-0.000315,-0.000322,0.000489,-0.000864,0.392048,0.155599,0.000000,0.000000,0.000000
1.826000,0.000000,0.000000,0.593700,0.000000,0.000000,0.000000,-0.000315,0.000000,0.000000,0.000000,0.593700,-0.000000,-0.000000,-0.000000,-0.001250,0.003367,0.600294,0.003151,-0.003441,-0.024103,0.000000,0.000000,-0.000315,-0.000295,0.000367,-0.000808,0.392163,0.155688,0.000000,0.000000,0.000000
1.836000,0.000000,0.000000,0.593700,0.000000,0.000000,0.000000,-0.000315,0.000000,0.000000,0.000000,0.593700,-0.000000,-0.000000,-0.000000,-0.001241,0.003338,0.599948,0.003227,-0.002585,-0.040675,0.000000,0.000000,-0.000315,-0.000293,0.000205,-0.000728,0.392956,0.156070,0.000000,0.000000,0.000000
1.846000,0.000000,0.000000,0.593700,0.000000,0.000000,0.000000,-0.000315,0.000000,0.000000,0.000000,0.593700,-0.000000,-0.000000,-0.000000,-0.001228,0.003318,0.599451,0.003332,-0.001384,-0.050315,0.000000,0.000000,-0.000315,-0.000322,0.000007,-0.000632,0.394819,0.156882,0.000000,0.000000,0.000000
1.856000,0.000000,0.000000,0.593700,0.000000,0.000000,0.000000,-0.000315,0.000000,0.000000,0.000000,0.593700,-0.000000,-0.000000,-0.000000,-0.001209,0.003310,0.598879,0.003043,-0.000024,-0.052131,0.000000,0.000000,-0.000315,-0.000381,-0.000204,-0.000536,0.398136,0.158211,0.000000,0.000000,0.000000
1.866000,0.000000,0.000000,0.593700,0.000000,0.000000,0.000000,-0.000315,0.000000,0.000000,0.000000,0.593700,-0.000000,0.000000,-0.000000,-0.001187,0.003313,0.598322,0.002249,0.001272,-0.045966,0.000000,0.000000,-0.000315,-0.000464,-0.000394,-0.000444,0.403219,0.160088,0.000000,0.000000,0.000000
1.876000,0.000000,0.000000,0.593700,0.000000,0.000000,0.000000,-0.000315,0.000000,0.000000,0.000000,0.593700,-0.000000,-0.000000,-0.000000,-0.001168,0.003327,0.597858,0.000989,0.002293,-0.033585,0.000000,0.000000,-0.000315,-0.000556,-0.000529,-0.000355,0.410152,0.162458,0.000000,0.000000,0.000000
1.886000,0.000000,0.000000,0.593700,0.000000,0.000000,0.000000,-0.000315,0.000000,0.000000,0.000000,0.593700,-0.000000,0.000000,-0.000000,-0.001156,0.003347,0.597549,-0.000565,0.002907,-0.017260,0.000000,0.000000,-0.000315,-0.000635,-0.000587,-0.000269,0.418621,0.165155,0.000000,0.000000,0.000000
1.896000,0.000000,0.000000,0.593700,0.000000,0.000000,0.000000,-0.000315,0.000000,0.000000,0.000000,0.593700,-0.000000,0.000000,-0.000000,-0.001155,0.003371,0.597426,-0.002099,0.003100,0.000484,0.000000,0.000000,-0.000315,-0.000678,-0.000559,-0.000184,0.427854,0.167902,0.000000,0.000000,0.000000
1.906000,0.000000,0.000000,0.593700,0.000000,0.000000,0.000000,-0.000315,0.000000,0.000000,0.000000,0.593700,-0.000000,-0.000000,-0.000000,-0.001165,0.003395,0.597495,-0.003341,0.002939,0.017219,0.000000,0.000000,-0.000315,-0.000670,-0.000448,-0.000100,0.436724,0.170361,0.000000,0.000000,0.000000
1.916000,0.000000,0.000000,0.593700,0.000000,0.000000,0.000000,-0.000315,0.000000,0.000000,0.000000,0.593700,-0.000000,-0.000000,-0.000000,-0.001183,0.003418,0.597739,-0.004100,0.002503,0.031195,0.000000,0.000000,-0.000315,-0.000606,-0.000264,-0.000016,0.443981,0.172195,0.000000,0.000000,0.000000
1.928000,0.000000,0.000000,0.593700,0.000000,0.000000,0.000000,-0.000315,0.000000,0.000000,0.000000,0.593700,-0.000000,-0.000000,-0.000000,-0.001212,0.003441,0.598211,-0.004482,0.001743,0.042549,0.000000,0.000000,-0.000315,-0.000467,0.000031,0.000082,0.449069,0.173211,0.000000,0.000000,0.000000
1.938000,0.000000,0.000000,0.593700,0.000000,0.000000,0.000000,-0.000315,0.000000,0.000000,0.000000,0.593700,-0.000000,0.000000,-0.000000,-0.001242,0.003456,0.598698,-0.004803,0.000989,0.046776,0.000000,0.000000,-0.000315,-0.000319,0.000323,0.000161,0.449563,0.172932,0.000000,0.000000,0.000000
1.948000,0.000000,0.000000,0.593700,0.000000,0.000000,0.000000,-0.000315,0.000000,0.000000,0.000000,0.593700,-0.000000,0.000000,-0.000000,-0.001281,0.003466,0.599214,-0.005519,0.000232,0.046099,0.000000,0.000000,-0.000315,-0.000168,0.000630,0.000236,0.446591,0.171666,0.000000,0.000000,0.000000
1.958000,0.000000,0.000000,0.593700,0.000000,0.000000,0.000000,-0.000315,0.000000,0.000000,0.000000,0.593700,-0.000000,0.000000,-0.000000,-0.001336,0.003471,0.599706,-0.006745,-0.000393,0.040829,0.000000,0.000000,-0.000315,-0.000037,0.000918,0.000305,0.440660,0.169595,0.000000,0.000000,0.000000
1.968000,0.000000,0.000000,0.593700,0.000000,0.000000,0.000000,-0.000315,0.000000,0.000000,0.000000,0.593700,-0.000000,-0.000000,-0.000000,-0.001413,0.003472,0.600125,-0.008439,-0.000765,0.031629,0.000000,0.000000,-0.000315,0.000051,0.001152,0.000368,0.432685,0.166995,0.000000,0.000000,0.000000
1.978000,0.000000,0.000000,0.593700,0.000000,0.000000,0.000000,-0.000315,0.000000,0.000000,0.000000,0.593700,-0.000000,-0.000000,-0.000000,-0.001514,0.003471,0.600433,-0.010488,-0.000803,0.019390,0.000000,0.000000,-0.000315,0.000082,0.001305,0.000423,0.423790,0.164185,0.000000,0.000000,0.000000
1.988000,0.000000,0.000000,0.593700,0.000000,0.000000,0.000000,-0.000315,0.000000,0.000000,0.000000,0.593700,-0.000000,-0.000000,-0.000000,-0.001642,0.003471,0.600597,-0.012673,-0.000436,0.005048,0.000000,0.000000,-0.000315,0.000050,0.001361,0.000468,0.415081,0.161474,0.000000,0.000000,0.000000
1.998000,0.000000,0.000000,0.593700,0.000000,0.000000,0.000000,-0.000315,0.000000,0.000000,0.000000,0.593700,0.000000,0.000000,-0.000000,-0.001795,0.003473,0.600601,-0.014730,0.000345,-0.010183,0.000000,0.000000,-0.000315,-0.000042,0.001316,0.000502,0.407437,0.159106,0.000000,0.000000,0.000000
2.008000,0.000000,0.000000,0.593700,0.000000,0.000000,0.000000,-0.000315,0.000000,0.000000,0.000000,0.593700,0.000000,0.000000,-0.000000,-0.001971,0.003483,0.600440,-0.016470,0.001861,-0.025060,0.000000,0.000000,-0.000315,-0.000182,0.001177,0.000527,0.401369,0.157230,0.000000,6.282524,0.000000
2.018000,0.000000,0.000000,0.593700,0.000000,0.000000,0.000000,-0.000315,0.000000,0.000000,0.000000,0.593700,0.000000,0.000000,-0.000000,-0.002138,0.003345,0.600112,-0.014046,-0.013455,-0.037023,0.000000,0.000000,-0.000315,-0.000053,0.000991,0.000578,0.397045,0.155630,0.000000,14.129634,0.000000
2.030000,0.000000,0.000000,0.593700,0.000000,0.000000,0.000000,-0.000315,0.000000,0.000000,0.000000,0.593700,-0.000000,-0.000000,-0.000000,-0.002356,0.003441,0.599743,-0.013918,-0.006563,-0.009603,-0.000937,-0.000418,-0.000316,-0.000403,0.000668,0.000611,0.395999,0.155750,0.000000,23.527078,0.000000
2.042000,0.000000,0.000000,0.593700,0.000000,0.000000,0.000000,-0.000315,0.000000,0.000000,0.000000,0.593700,0.000000,-0.000000,-0.000000,-0.002523,0.003641,0.599635,-0.012620,0.004191,-0.000518,-0.001145,-0.000404,-0.000316,-0.001218,0.000277,0.000630,0.395167,0.155970,0.000000,32.891090,0.000000
2.054000,0.000000,0.000000,0.593700,0.000000,0.000000,0.000000,-0.000315,0.000000,0.000000,0.000000,0.593700,0.000000,0.000000,-0.000000,-0.002635,0.003824,0.599643,-0.009312,0.015082,0.010053,0.000000,0.000000,-0.000315,-0.001070,0.000208,0.000617,0.394598,0.155853,0.000000,42.208361,0.000000
2.064000,0.000000,0.000000,0.593700,0.000000,0.000000,0.000000,-0.000315,0.000000,0.000000,0.000000,0.593700,0.000000,-0.000000,-0.000000,-0.002720,0.003989,0.599746,-0.007767,0.018305,0.013457,0.000000,0.000000,-0.000315,-0.001000,0.000304,0.000577,0.394064,0.155671,0.000000,49.927495,0.000000
2.076000,0.000000,0.000000,0.593700,0.000000,0.000000,0.000000,-0.000315,0.000000,0.000000,0.000000,0.593700,-0.000000,-0.000000,-0.000000,-0.002814,0.004224,0.599909,-0.007533,0.021982,0.012413,0.000000,0.000000,-0.000315,-0.000978,0.000375,0.000521,0.393553,0.155445,0.000000,59.124749,0.000000
2.088000,0.000000,0.000000,0.593700,0.000000,0.000000,0.000000,-0.000315,0.000000,0.000000,0.000000,0.593700,-0.000000,0.000000,-0.000000,-0.002868,0.004512,0.600087,-0.005787,0.026141,0.013488,-0.001072,-0.000284,-0.000316,-0.001165,0.000362,0.000463,0.393128,0.155165,0.000000,68.237984,0.000000
2.100000,0.000000,0.000000,0.593700,0.000000,0.000000,0.000000,-0.000315,0.000000,0.000000,0.000000,0.593700,0.000000,-0.000000,-0.000000,-0.002823,0.004824,0.600291,0.000220,0.030236,0.017127,-0.001078,-0.000261,-0.000316,-0.001395,0.000270,0.000418,0.392762,0.154886,0.000000,77.254249,0.000000
2.112000,0.000000,0.000000,0.593700,0.000000,0.000000,0.000000,-0.000315,0.000000,0.000000,0.000000,0.593700,-0.000000,0.000000,-0.000000,-0.002687,0.005196,0.600532,0.009491,0.037650,0.004340,0.000000,0.000000,-0.000315,-0.001696,0.000325,0.000381,0.392598,0.154603,0.000000,86.160731,0.000000
2.124000,0.000000,0.000000,0.593700,0.000000,0.000000,0.000000,-0.000315,0.000000,0.000000,0.000000,0.593700,-0.000000,0.000000,-0.000000,-0.002507,0.005703,0.600359,0.018364,0.049293,-0.023401,0.000000,0.000000,-0.000315,-0.001886,0.000470,0.000354,0.392729,0.154345,0.000000,94.944774,0.000000
2.136000,0.000000,0.000000,0.593700,0.000000,0.000000,0.000000,-0.000315,0.000000,0.000000,0.000000,0.593700,-0.000000,0.000000,-0.000000,-0.002257,0.006327,0.599910,0.026970,0.060726,-0.043339,0.000000,0.000000,-0.000315,-0.002106,0.000583,0.000301,0.393725,0.154433,0.000000,103.593895,0.000000
2.148000,0.000000,0.000000,0.593700,0.000000,0.000000,0.000000,-0.000315,0.000000,0.000000,0.000000,0.593700,-0.000000,0.000000,-0.000000,-0.001914,0.007117,0.599250,0.034992,0.074360,-0.054114,-0.001044,-0.000243,-0.000316,-0.002527,0.000652,0.000233,0.396288,0.155077,0.000000,112.095804,0.000000
2.160000,0.000000,0.000000,0.593700,0.000000,0.000000,0.000000,-0.000315,0.000000,0.000000,0.000000,0.593700,0.000000,0.000000,-0.000000,-0.001465,0.008030,0.598514,0.042569,0.085914,-0.053251,-0.001073,-0.000259,-0.000317,-0.003145,0.000722,0.000172,0.401083,0.156541,0.000000,120.438419,0.000000
2.172000,0.000000,0.000000,0.593700,0.000000,0.000000,0.000000,-0.000315,0.000000,0.000000,0.000000,0.593700,0.000000,0.000000,-0.000000,-0.000910,0.009090,0.597848,0.049755,0.098426,-0.041985,-0.001071,-0.000257,-0.000317,-0.003892,0.000903,0.000126,0.408555,0.158895,0.000000,128.609883,0.000000
2.184000,0.000000,0.000000,0.593700,0.000000,0.000000,0.000000,-0.000315,0.000000,0.000000,0.000000,0.593700,0.000000,-0.000000,-0.000000,-0.000255,0.010299,0.597372,0.056862,0.111599,-0.023757,-0.001052,-0.000246,-0.000317,-0.004734,0.001242,0.000093,0.418584,0.162076,0.000000,136.598587,0.000000
2.196000,0.000000,0.000000,0.593700,0.000000,0.000000,0.000000,-0.000315,0.000000,0.000000,0.000000,0.593700,0.000000,-0.000000,-0.000000,0.000498,0.011663,0.597156,0.064545,0.125638,-0.002687,-0.001034,-0.000234,-0.000318,-0.005611,0.001734,0.000074,0.430219,0.165765,0.000000,144.393176,0.000000
2.208000,0.000000,0.000000,0.593700,0.000000,0.000000,0.000000,-0.000315,0.000000,0.000000,0.000000,0.593700,-0.000000,-0.000000,-0.000000,0.001354,0.013194,0.597218,0.073096,0.140776,0.017231,-0.001015,-0.000223,-0.000319,-0.006453,0.002350,0.000069,0.441731,0.169438,0.000000,151.982574,0.000000
2.220000,0.000000,0.000000,0.593700,0.000000,0.000000,0.000000,-0.000315,0.000000,0.000000,0.000000,0.593694,-0.000000,0.000000,-0.002167,0.002313,0.014906,0.597524,0.081987,0.157284,0.032783,-0.001000,-0.000215,-0.000320,-0.007201,0.003064,0.000083,0.450985,0.172522,0.000000,159.355997,0.000000
2.232000,0.000000,0.000000,0.593700,0.000000,0.000000,0.000000,-0.000315,0.000000,0.000000,0.000000,0.593609,0.000000,0.000000,-0.013938,0.003783,0.016825,0.598015,0.117523,0.176282,0.042768,-0.001067,-0.000255,-0.000321,-0.007823,0.003759,0.000110,0.453978,0.173080,0.000000,166.502967,0.000000
2.244000,0.000000,0.000000,0.593700,0.000000,0.000000,0.000000,-0.000315,0.000000,0.000000,0.000000,0.593306,0.000000,0.000000,-0.037240,0.005050,0.018958,0.598580,0.105175,0.197650,0.043671,0.000000,0.000000,-0.000315,-0.008172,0.004898,0.000191,0.449595,0.170501,0.000000,173.413326,0.000000
2.256000,0.000000,0.000000,0.593700,0.000000,0.000000,0.000000,-0.000315,0.000000,0.000000,0.000000,0.592715,0.000000,0.000000,-0.061240,0.006126,0.021377,0.599125,0.100558,0.219113,0.036157,0.000000,0.000000,-0.000315,-0.008482,0.005683,0.000292,0.442808,0.166376,0.000000,180.077256,0.000000
2.268000,0.000000,0.000000,0.593700,0.000000,0.000000,0.000000,-0.000315,0.000000,0.000000,0.000000,0.591836,0.000000,-0.000000,-0.085240,0.007362,0.024055,0.599570,0.113765,0.241389,0.023950,-0.001185,-0.000325,-0.000325,-0.008737,0.005794,0.000405,0.433593,0.161096,0.000000,186.485286,0.000000
2.280000,0.000000,0.000000,0.593700,0.000000,0.000000,0.000000,-0.000315,0.000000,0.000000,0.000000,0.590669,0.000000,-0.000000,-0.109240,0.008825,0.026995,0.599793,0.126457,0.267070,0.003344,-0.001129,-0.000292,-0.000324,-0.008801,0.005993,0.000549,0.423600,0.155514,0.000000,192.628311,0.000000
2.292000,0.000000,0.000000,0.593700,0.000000,0.000000,0.000000,-0.000315,0.000000,0.000000,0.000000,0.589214,-0.000000,0.000000,-0.133240,0.010411,0.030271,0.599737,0.136208,0.296276,-0.019872,-0.001050,-0.000246,-0.000324,-0.009006,0.006438,0.000735,0.411327,0.150548,0.000000,198.497600,0.000000
2.304000,0.000000,0.000000,0.593700,0.000000,0.000000,0.000000,-0.000315,0.000000,0.000000,0.000000,0.587471,-0.000000,-0.000000,-0.157240,0.012100,0.033907,0.599379,0.148429,0.328837,-0.045090,-0.001092,-0.000271,-0.000325,-0.009414,0.006863,0.000950,0.400061,0.146730,0.000000,204.084813,0.000000
2.316000,0.000000,0.000000,0.593700,0.000000,0.000000,0.000000,-0.000315,0.000000,0.000000,0.000000,0.585440,-0.000000,-0.000000,-0.181240,0.013979,0.037927,0.598700,0.165968,0.364816,-0.069923,-0.001147,-0.000303,-0.000326,-0.010090,0.007214,0.001190,0.392216,0.144332,0.000000,209.382010,0.000000
2.326000,0.000000,0.000000,0.593700,0.000000,0.000000,0.000000,-0.000315,0.000000,0.000000,0.000000,0.583528,0.000000,-0.000000,-0.201240,0.015757,0.041771,0.597946,0.190890,0.372651,-0.051652,-0.003384,-0.000059,-0.000341,-0.013536,0.007377,0.001030,0.390735,0.145818,0.000000,213.569358,0.000000
2.338000,0.000000,0.000000,0.593700,0.000000,0.000000,0.000000,-0.000315,0.000000,0.000000,0.000000,0.580976,0.000000,-0.000000,-0.218628,0.018263,0.046773,0.597223,0.219675,0.406602,-0.049772,-0.003812,-0.000138,-0.000348,-0.019158,0.008027,0.000760,0.391106,0.149138,0.000000,218.315614,0.000000
2.350000,0.000000,0.000000,0.593700,0.000000,0.000000,0.000000,-0.000315,0.000000,0.000000,0.000000,0.578212,-0.000000,0.000000,-0.239255,0.020906,0.051146,0.596692,0.219425,0.387857,-0.021413,-0.001068,-0.000704,-0.000336,-0.018441,0.007927,0.000769,0.391345,0.151765,0.000000,222.751631,0.000000
2.362000,0.000000,0.000000,0.593700,0.000000,0.000000,0.000000,-0.000315,0.000000,0.000000,0.000000,0.575421,-0.000000,0.000000,-0.221962,0.023262,0.055912,0.596611,0.186511,0.379230,0.016073,-0.002079,-0.000665,-0.000338,-0.017449,0.005660,0.001080,0.392720,0.154261,0.000000,226.871106,0.000000
2.374000,0.000000,0.000000,0.593700,0.000000,0.000000,0.000000,-0.000315,0.000000,0.000000,0.000000,0.572680,-0.000000,0.000000,-0.232063,0.025266,0.060496,0.596872,0.148729,0.372659,0.026468,-0.002439,-0.000396,-0.000331,-0.017883,0.003743,0.001733,0.394777,0.150899,0.000000,230.668185,0.000000
2.386000,0.000000,0.000000,0.593700,0.000000,0.000000,0.000000,-0.000315,0.000000,0.000000,0.000000,0.569929,0.000000,0.000000,-0.225792,0.026774,0.065020,0.597172,0.111763,0.372714,0.021174,-0.002512,-0.000271,-0.000326,-0.018675,0.002545,0.002365,0.396658,0.147687,0.000000,234.137472,0.000000
2.398000,0.000000,0.000000,0.593700,0.000000,0.000000,0.000000,-0.000315,0.000000,0.000000,0.000000,0.567278,-0.000000,-0.000000,-0.215651,0.027683,0.069564,0.597391,0.070422,0.375362,0.011864,-0.002642,-0.000183,-0.000324,-0.019561,0.001944,0.003056,0.398287,0.144485,0.000000,237.274036,0.000000
2.410000,0.000000,0.000000,0.593700,0.000000,0.000000,0.000000,-0.000315,0.000000,0.000000,0.000000,0.564776,-0.000000,-0.000000,-0.199461,0.027807,0.074321,0.597431,0.015625,0.383760,-0.020689,-0.002747,-0.000353,-0.000325,-0.021764,0.000827,0.003722,0.399097,0.141048,0.000000,240.073421,0.000000
2.422000,0.000000,0.000000,0.593700,0.000000,0.000000,0.000000,-0.000315,0.000000,0.000000,0.000000,0.562518,-0.000000,0.000000,-0.176824,0.027521,0.078805,0.597057,-0.031995,0.379395,-0.056580,-0.002383,-0.000555,-0.000324,-0.023418,-0.001326,0.004452,0.399490,0.138085,0.000000,242.531649,0.000000
2.434000,0.000000,0.000000,0.593700,0.000000,0.000000,0.000000,-0.000315,0.000000,0.000000,0.000000,0.560498,0.000000,-0.000000,-0.161241,0.026788,0.083324,0.596218,-0.075104,0.380791,-0.090601,-0.002145,-0.000672,-0.000323,-0.024508,-0.003637,0.005254,0.399946,0.136231,0.000000,244.645226,0.000000
2.446000,0.000000,0.000000,0.593700,0.000000,0.000000,0.000000,-0.000315,0.000000,0.000000,0.000000,0.558627,-0.000000,-0.000000,-0.151310,0.025570,0.087895,0.594979,-0.116975,0.384726,-0.115320,-0.002105,-0.000673,-0.000319,-0.025522,-0.005890,0.005940,0.401526,0.135732,0.000000,246.411149,0.000000
2.458000,0.000000,0.000000,0.593700,0.000000,0.000000,0.000000,-0.000315,0.000000,0.000000,0.000000,0.556851,-0.000000,-0.000000,-0.145396,0.023855,0.092525,0.593435,-0.162675,0.389767,-0.133288,-0.002156,-0.000616,-0.000314,-0.026790,-0.007942,0.006481,0.405346,0.136827,0.000000,247.826908,0.000000
2.470000,0.000000,0.000000,0.593700,0.000000,0.000000,0.000000,-0.000315,0.000000,0.000000,0.000000,0.555133,-0.000000,0.000000,-0.140065,0.021603,0.097197,0.591713,-0.210660,0.395113,-0.135085,-0.002101,-0.000614,-0.000311,-0.028309,-0.009824,0.006918,0.411869,0.139858,0.000000,248.890491,0.000000
2.482000,0.000000,0.000000,0.593700,0.000000,0.000000,0.000000,-0.000315,0.000000,0.000000,0.000000,0.553525,-0.000000,-0.000000,-0.127381,0.017868,0.101879,0.590079,-0.313264,0.400821,-0.127212,-0.002003,-0.000627,-0.000310,-0.029820,-0.011525,0.007231,0.421076,0.145080,0.000000,249.600388,0.000000
2.494000,0.000000,0.000000,0.593700,0.000000,0.000000,0.000000,-0.000315,0.000000,0.000000,0.000000,0.552085,-0.000000,-0.000000,-0.117813,0.014540,0.106683,0.588596,-0.306274,0.414510,-0.114382,-0.001562,-0.000833,-0.000319,-0.031053,-0.013453,0.007480,0.430955,0.152191,0.000000,249.955588,0.000000
2.506000,0.000000,0.000000,0.593700,0.000000,0.000000,0.000000,-0.000315,0.000000,0.000000,0.000000,0.550560,-0.000000,-0.000000,-0.138506,0.011154,0.111627,0.587293,-0.309738,0.429149,-0.098258,-0.001639,-0.000754,-0.000314,-0.031868,-0.014893,0.007592,0.440983,0.160601,0.000000,249.955588,0.000000
2.518000,0.000000,0.000000,0.593700,0.000000,0.000000,0.000000,-0.000315,0.000000,0.000000,0.000000,0.548754,0.000000,0.000000,-0.162506,0.007425,0.116691,0.586192,-0.336883,0.440477,-0.085462,-0.001812,-0.000631,-0.000307,-0.031830,-0.015254,0.007633,0.447752,0.169448,0.000000,249.600388,0.000000
2.530000,0.000000,0.000000,0.593700,0.000000,0.000000,0.000000,-0.000315,0.000000,0.000000,0.000000,0.546660,-0.000000,-0.000000,-0.186506,0.003255,0.121932,0.585248,-0.366142,0.455924,-0.080589,-0.001815,-0.000610,-0.000306,-0.030836,-0.015141,0.007604,0.449937,0.175799,0.000000,248.890491,0.000000
2.542000,0.000000,0.000000,0.593700,0.000000,0.000000,0.000000,-0.000315,0.000000,0.000000,0.000000,0.544278,0.000000,0.000000,-0.210506,-0.001244,0.127415,0.584297,-0.387926,0.476105,-0.086098,-0.001808,-0.000613,-0.000305,-0.029194,-0.014969,0.007494,0.448020,0.167970,0.000000,247.826908,0.000000
2.554000,0.000000,0.000000,0.593700,0.000000,0.000000,0.000000,-0.000315,0.000000,0.000000,0.000000,0.541608,0.000000,-0.000000,-0.234506,-0.005965,0.133177,0.583267,-0.406741,0.499462,-0.098919,-0.001778,-0.000634,-0.000306,-0.027267,-0.014674,0.007332,0.443318,0.158617,0.000000,246.411149,0.000000
2.566000,0.000000,0.000000,0.593700,0.000000,0.000000,0.000000,-0.000315,0.000000,0.000000,0.000000,0.538650,-0.000000,-0.000000,-0.258506,-0.010947,0.139282,0.582025,-0.428922,0.529270,-0.119265,-0.001713,-0.000682,-0.000307,-0.025342,-0.014195,0.007002,0.437060,0.148798,0.000000,244.645226,0.000000
2.576000,0.000000,0.000000,0.593700,0.000000,0.000000,0.000000,-0.000315,0.000000,0.000000,0.000000,0.535965,-0.000000,0.000000,-0.278506,-0.015348,0.144665,0.580792,-0.449919,0.556736,-0.139699,-0.001639,-0.000736,-0.000309,-0.024137,-0.013957,0.006642,0.431527,0.141122,0.000000,242.907933,0.000000
2.588000,0.000000,0.000000,0.593700,0.000000,0.000000,0.000000,-0.000315,0.000000,0.000000,0.000000,0.532479,-0.000000,0.000000,-0.302506,-0.020952,0.151521,0.579031,-0.478749,0.594766,-0.167899,-0.001544,-0.000805,-0.000312,-0.023344,-0.014072,0.006133,0.407977,0.133425,0.000000,240.506918,0.000000
2.600000,0.000000,0.000000,0.593700,0.000000,0.000000,0.000000,-0.000315,0.000000,0.000000,0.000000,0.528705,-0.000000,0.000000,-0.326506,-0.026979,0.158856,0.576912,-0.513858,0.636846,-0.198484,-0.002190,-0.000529,-0.000295,-0.023559,-0.014604,0.005637,0.380982,0.128164,0.000000,237.764129,0.000000
2.612000,0.000000,0.000000,0.593700,0.000000,0.000000,0.000000,-0.000315,0.000000,0.000000,0.000000,0.524643,-0.000000,0.000000,-0.350506,-0.033527,0.166709,0.574359,-0.558652,0.684346,-0.235267,-0.002376,-0.000463,-0.000289,-0.024800,-0.015470,0.005108,0.360127,0.125805,0.000000,234.683464,0.000000
2.624000,0.000000,0.000000,0.593700,0.000000,0.000000,0.000000,-0.000315,0.000000,0.000000,0.000000,0.520292,-0.000000,-0.000000,-0.374506,-0.040614,0.176022,0.571335,-0.597288,0.763227,-0.228033,-0.004074,-0.000153,-0.000252,-0.032310,-0.016653,0.004763,0.360874,0.132007,0.000000,231.269302,0.000000
2.636000,0.000000,0.000000,0.593700,0.000000,0.000000,0.000000,-0.000315,0.000000,0.000000,0.000000,0.515678,-0.000000,-0.000000,-0.390506,-0.048148,0.184721,0.568640,-0.625579,0.759317,-0.218857,-0.004646,-0.000932,-0.000261,-0.039814,-0.019115,0.005141,0.369588,0.139779,0.000000,227.526493,0.000000
2.648000,0.000000,0.000000,0.593700,0.000000,0.000000,0.000000,-0.000315,0.000000,0.000000,0.000000,0.510848,-0.000000,-0.000000,-0.414506,-0.055695,0.192770,0.566214,-0.629099,0.706266,-0.184487,0.000000,0.000000,-0.000315,-0.040080,-0.020318,0.006194,0.377576,0.146076,0.000000,223.460356,0.000000
2.660000,0.000000,0.000000,0.593700,0.000000,0.000000,0.000000,-0.000315,0.000000,0.000000,0.000000,0.505951,-0.000000,0.000000,-0.402611,-0.062826,0.201348,0.564171,-0.593255,0.677529,-0.136838,-0.002827,0.000156,-0.000259,-0.037896,-0.017800,0.007702,0.388536,0.154639,0.000000,219.076670,0.000000
2.672000,0.000000,0.000000,0.593700,0.000000,0.000000,0.000000,-0.000315,0.000000,0.000000,0.000000,0.500976,-0.000000,0.000000,-0.426611,-0.069476,0.209487,0.562755,-0.551781,0.640247,-0.088496,-0.004140,0.000319,-0.000249,-0.038771,-0.013010,0.008600,0.399398,0.161908,0.000000,214.381664,0.000000
2.684000,0.000000,0.000000,0.593700,0.000000,0.000000,0.000000,-0.000315,0.000000,0.000000,0.000000,0.495713,0.000000,0.000000,-0.450611,-0.075533,0.217271,0.561736,-0.513250,0.622210,-0.075850,-0.004659,0.000363,-0.000266,-0.040600,-0.007548,0.008595,0.409759,0.157216,0.000000,209.382010,0.000000
2.696000,0.000000,0.000000,0.593700,0.000000,0.000000,0.000000,-0.000315,0.000000,0.000000,0.000000,0.490161,0.000000,-0.000000,-0.474611,-0.080661,0.224981,0.560673,-0.455885,0.616236,-0.085102,-0.005064,0.000241,-0.000289,-0.042544,-0.003265,0.008095,0.406075,0.152810,0.000000,204.084813,0.000000
2.708000,0.000000,0.000000,0.593700,0.000000,0.000000,0.000000,-0.000315,0.000000,0.000000,0.000000,0.484354,-0.000000,-0.000000,-0.494577,-0.085174,0.232835,0.559703,-0.380826,0.615153,-0.097303,-0.005571,-0.000183,-0.000321,-0.046312,-0.000425,0.007347,0.402586,0.148195,0.000000,198.497600,0.000000
2.720000,0.000000,0.000000,0.593700,0.000000,0.000000,0.000000,-0.000315,0.000000,0.000000,0.000000,0.478362,-0.000000,-0.000000,-0.500000,-0.089013,0.240151,0.558268,-0.309825,0.593171,-0.137645,-0.005077,-0.000017,-0.000327,-0.049865,0.002156,0.006364,0.401074,0.143788,0.000000,192.628311,0.000000
2.732000,0.000000,0.000000,0.593700,0.000000,0.000000,0.000000,-0.000315,0.000000,0.000000,0.000000,0.472362,-0.000000,-0.000000,-0.500000,-0.092235,0.247029,0.556428,-0.245901,0.559380,-0.179482,-0.004663,0.000172,-0.000329,-0.052223,0.004865,0.004969,0.401067,0.140530,0.000000,186.485286,0.000000
2.744000,0.000000,0.000000,0.593700,0.000000,0.000000,0.000000,-0.000315,0.000000,0.000000,0.000000,0.466362,-0.000000,-0.000000,-0.500000,-0.094779,0.253610,0.554119,-0.179850,0.529623,-0.216264,-0.004564,0.000195,-0.000338,-0.053802,0.007275,0.003635,0.403138,0.139566,0.000000,180.077256,0.000000
2.756000,0.000000,0.000000,0.593700,0.000000,0.000000,0.000000,-0.000315,0.000000,0.000000,0.000000,0.460362,-0.000000,0.000000,-0.500000,-0.096552,0.259839,0.551377,-0.109647,0.498305,-0.245714,-0.004585,0.000147,-0.000350,-0.055083,0.009249,0.002578,0.407958,0.141020,0.000000,173.413326,0.000000
2.768000,0.000000,0.000000,0.593700,0.000000,0.000000,0.000000,-0.000315,0.000000,0.000000,0.000000,0.454362,-0.000000,-0.000000,-0.500000,-0.096736,0.265671,0.548199,0.002321,0.464745,-0.268269,-0.004407,0.000192,-0.000353,-0.056096,0.010979,0.001628,0.416758,0.144994,0.000000,166.502967,0.000000
2.780000,0.000000,0.000000,0.593700,0.000000,0.000000,0.000000,-0.000315,0.000000,0.000000,0.000000,0.450000,-0.000000,0.000000,-0.500000,-0.096730,0.271123,0.544899,0.038441,0.439791,-0.274698,-0.003793,0.000430,-0.000341,-0.056748,0.013160,0.000832,0.428759,0.151626,0.000000,159.355997,0.000000
2.792000,0.000000,0.000000,0.593700,0.000000,0.000000,0.000000,-0.000315,0.000000,0.000000,0.000000,0.450000,-0.000000,-0.000000,-0.500000,-0.096266,0.276279,0.541612,0.070671,0.420228,-0.266179,-0.003412,0.000556,-0.000337,-0.056927,0.015280,0.000192,0.442456,0.160757,0.000000,151.982574,0.000000
2.804000,0.000000,0.000000,0.593700,0.000000,0.000000,0.000000,-0.000315,0.000000,0.000000,0.000000,0.450000,0.000000,-0.000000,-0.485145,-0.095316,0.281200,0.538509,0.106189,0.406007,-0.248396,-0.003133,0.000640,-0.000334,-0.056434,0.017113,-0.000331,0.457331,0.171634,0.000000,144.393176,0.000000
2.816000,0.000000,0.000000,0.593700,0.000000,0.000000,0.000000,-0.000315,0.000000,-0.000310,0.000942,0.450000,-0.000000,0.000000,-0.462286,-0.093888,0.285974,0.535661,0.141368,0.398190,-0.228133,-0.002873,0.000727,-0.000330,-0.055162,0.018709,-0.000782,0.472294,0.183214,0.000000,136.598587,0.000000
2.826000,0.000000,0.000000,0.593700,0.000000,0.000000,0.000000,-0.000315,0.000000,-0.001312,0.004051,0.450000,0.000000,-0.000000,-0.442286,-0.092371,0.289897,0.533490,0.167608,0.395969,-0.212779,-0.002681,0.000800,-0.000327,-0.053496,0.019910,-0.001099,0.483594,0.192594,0.000000,129.954336,0.000000
2.838000,0.000000,0.000000,0.593700,0.000000,0.000000,0.000000,-0.000315,0.000000,-0.002459,0.007735,0.450000,-0.000000,-0.000000,-0.418286,-0.090227,0.294609,0.531058,0.195189,0.397376,-0.200994,-0.002625,0.000822,-0.000330,-0.050917,0.021167,-0.001422,0.493969,0.185373,0.000000,121.812531,0.000000
2.850000,0.000000,0.000000,0.593700,0.000000,0.000000,0.000000,-0.000315,0.000000,-0.003561,0.011430,0.450000,0.000000,-0.000000,-0.394286,-0.087783,0.299365,0.528737,0.217570,0.401057,-0.195295,-0.002748,0.000777,-0.000340,-0.047939,0.022226,-0.001633,0.498921,0.175179,0.000000,113.497625,0.000000
2.862000,0.000000,0.000000,0.593700,0.000000,0.000000,0.000000,-0.000315,0.000000,-0.004631,0.015194,0.450000,-0.000000,-0.000000,-0.370286,-0.085101,0.304201,0.526437,0.238327,0.406605,-0.198478,-0.002943,0.000715,-0.000352,-0.044853,0.022971,-0.001719,0.496666,0.164825,0.000000,105.021432,0.000000
2.874000,0.000000,0.000000,0.593700,0.000000,0.000000,0.000000,-0.000315,0.000000,-0.005666,0.019028,0.450000,-0.000000,0.000000,-0.346286,-0.082141,0.309117,0.524087,0.261337,0.412310,-0.205900,-0.003106,0.000682,-0.000360,-0.041882,0.023422,-0.001674,0.487432,0.155353,0.000000,96.395998,0.000000
2.886000,0.000000,0.000000,0.593700,0.000000,0.000000,0.000000,-0.000315,0.000000,-0.006669,0.022969,0.450000,0.000000,-0.000000,-0.322286,-0.078901,0.314144,0.521604,0.285267,0.419992,-0.220140,-0.003492,0.000550,-0.000377,-0.039348,0.023710,-0.001482,0.473031,0.147818,0.000000,87.633580,0.000000
2.898000,0.000000,0.000000,0.593700,0.000000,0.000000,0.000000,-0.000315,0.000000,-0.007632,0.027006,0.450000,-0.000000,-0.000000,-0.298286,-0.075321,0.319270,0.518922,0.316982,0.426871,-0.237742,-0.004065,0.000334,-0.000400,-0.037468,0.023712,-0.001154,0.457048,0.142968,0.000000,78.746630,0.000000
2.910000,0.000000,0.000000,0.593700,0.000000,0.000000,0.000000,-0.000315,0.000000,-0.008543,0.031120,0.450000,-0.000000,0.000000,-0.274564,-0.071259,0.324491,0.516017,0.358747,0.432355,-0.255514,-0.004693,0.000090,-0.000422,-0.036424,0.023506,-0.000715,0.443649,0.141269,0.000000,69.747777,0.000000
2.922000,0.000000,0.000000,0.593700,0.000000,0.000000,0.000000,-0.000315,0.000000,-0.009383,0.035268,0.450000,-0.000000,0.000000,-0.255340,-0.066570,0.329767,0.512893,0.407443,0.421724,-0.237977,-0.002273,-0.000627,-0.000391,-0.036623,0.023416,-0.000749,0.440207,0.144571,0.000000,60.649808,0.000000
2.934000,0.000000,0.000000,0.593700,0.000000,0.000000,0.000000,-0.000315,0.000000,-0.010078,0.039086,0.450000,0.000000,0.000000,-0.246644,-0.061265,0.334688,0.510045,0.456523,0.401808,-0.222172,-0.001401,-0.000423,-0.000363,-0.035551,0.023680,-0.000335,0.442372,0.149633,0.000000,51.465652,0.000000
2.946000,0.000000,0.000000,0.593700,0.000000,0.000000,0.000000,-0.000315,0.000000,-0.010694,0.042916,0.450000,0.000000,-0.000000,-0.249240,-0.055584,0.339538,0.507442,0.496718,0.374333,-0.195016,-0.001607,-0.000798,-0.000380,-0.034966,0.023724,0.000032,0.444647,0.154832,0.000000,42.208361,0.000000
2.958000,0.000000,0.000000,0.593700,0.000000,0.000000,0.000000,-0.000315,0.000000,-0.011167,0.046308,0.450000,0.000000,0.000000,-0.273240,-0.049955,0.343790,0.505484,0.478541,0.285876,-0.110762,-0.002270,-0.001869,-0.000420,-0.033999,0.019307,-0.000226,0.447589,0.159633,0.000000,32.891090,0.000000
2.970000,0.000000,0.000000,0.593700,0.000000,0.000000,0.000000,-0.000315,0.000000,-0.011468,0.048828,0.450000,-0.000000,-0.000000,-0.297240,-0.044584,0.346994,0.504522,0.439244,0.206133,-0.049693,-0.002737,-0.001861,-0.000412,-0.034606,0.012959,-0.000749,0.452896,0.163591,0.000000,23.527078,0.000000
2.982000,0.000000,0.000000,0.593700,0.000000,0.000000,0.000000,-0.000315,0.000000,-0.011661,0.050739,0.450000,-0.000000,-0.000000,-0.321240,-0.039653,0.349430,0.504092,0.398762,0.149526,-0.021283,-0.002825,-0.001491,-0.000388,-0.035736,0.007549,-0.000713,0.459328,0.166611,0.000000,14.129634,0.000000
2.994000,0.000000,0.000000,0.593700,0.000000,0.000000,0.000000,-0.000315,0.000000,-0.011802,0.052394,0.450000,-0.000000,0.000000,-0.345240,-0.035422,0.351462,0.504000,0.351718,0.107860,-0.008510,-0.002887,-0.001093,-0.000366,-0.036653,0.004216,-0.000129,0.465678,0.168963,0.000000,4.712110,0.000000
3.006000,0.000000,0.000000,0.593700,0.000000,0.000000,0.000000,-0.000315,0.000000,-0.011887,0.053576,0.450000,0.000000,0.000000,-0.369240,-0.031919,0.352906,0.504032,0.288926,0.069543,-0.026852,-0.002482,-0.000962,-0.000354,-0.036963,0.001914,0.000565,0.465142,0.170550,0.000000,-4.712110,0.000000
3.018000,0.000000,0.000000,0.593700,0.000000,0.000000,0.000000,-0.000315,0.000000,-0.011931,0.054292,0.450000,0.000000,-0.000000,-0.393240,-0.029072,0.353802,0.503734,0.225949,0.030614,-0.065366,-0.002073,-0.001137,-0.000353,-0.036346,-0.000904,0.000659,0.463461,0.171569,0.000000,-14.129634,0.000000
3.030000,0.000000,0.000000,0.593700,0.000000,0.000000,0.000000,-0.000315,0.000000,-0.011944,0.054535,0.450000,-0.000000,-0.000000,-0.417240,-0.026772,0.354168,0.502925,0.169914,-0.011298,-0.104656,-0.001839,-0.001303,-0.000352,-0.035417,-0.004175,0.000689,0.464389,0.172232,0.000000,-23.527078,0.000000
3.042000,0.000000,0.000000,0.593700,0.000000,0.000000,0.000000,-0.000315,0.000000,-0.011944,0.054535,0.450000,-0.000000,-0.000000,-0.441240,-0.025022,0.353989,0.501623,0.120768,-0.056187,-0.131783,-0.001727,-0.001372,-0.000348,-0.034462,-0.007493,0.001002,0.468172,0.173035,0.000000,-32.891090,0.000000
3.054000,0.000000,0.000000,0.593700,0.000000,0.000000,0.000000,-0.000315,0.000000,-0.011944,0.054535,0.450000,-0.000000,-0.000000,-0.465240,-0.023803,0.353239,0.500019,0.073367,-0.102263,-0.146367,-0.001761,-0.001356,-0.000341,-0.033299,-0.010334,0.001473,0.475009,0.174219,0.000000,-42.208361,0.000000
3.066000,0.000000,0.000000,0.593700,0.000000,0.000000,0.000000,-0.000315,0.000000,-0.011944,0.054535,0.450000,0.000000,-0.000000,-0.489240,-0.023132,0.351923,0.498247,0.024728,-0.148246,-0.151151,-0.001846,-0.001300,-0.000332,-0.031815,-0.012534,0.001991,0.484964,0.175909,0.000000,-51.465652,0.000000
3.078000,0.000000,0.000000,0.593700,0.000000,0.000000,0.000000,-0.000315,0.000000,-0.011944,0.054535,0.450000,0.000000,-0.000000,-0.500000,-0.022994,0.350059,0.496483,-0.019377,-0.192373,-0.144215,-0.001960,-0.001218,-0.000323,-0.029990,-0.013936,0.002566,0.497337,0.178127,0.000000,-60.649808,0.000000
3.088000,0.000000,0.000000,0.593700,0.000000,0.000000,0.000000,-0.000315,0.000000,-0.011944,0.054535,0.450000,0.000000,-0.000000,-0.500000,-0.023252,0.348113,0.495110,-0.050610,-0.226563,-0.133437,-0.002041,-0.001153,-0.000317,-0.028269,-0.014505,0.003076,0.508462,0.180318,0.000000,-68.237984,0.000000
3.100000,0.000000,0.000000,0.593700,0.000000,0.000000,0.000000,-0.000315,0.000000,-0.011944,0.054535,0.450000,0.000000,-0.000000,-0.500000,-0.023932,0.345364,0.493630,-0.078577,-0.262119,-0.117872,-0.002110,-0.001091,-0.000312,-0.026198,-0.014620,0.003650,0.521064,0.183175,0.000000,-77.254249,0.000000
3.112000,0.000000,0.000000,0.593700,0.000000,0.000000,0.000000,-0.000315,0.000000,-0.011944,0.054535,0.450000,0.000000,-0.000000,-0.500000,-0.025285,0.342107,0.492365,-0.122508,-0.306417,-0.101176,-0.002152,-0.001048,-0.000309,-0.024381,-0.014266,0.004178,0.531267,0.185775,0.000000,-86.160731,0.000000
3.124000,0.000000,0.000000,0.593700,0.000000,0.000000,0.000000,-0.000315,0.000000,-0.011944,0.054535,0.450000,0.000000,-0.000000,-0.500000,-0.026483,0.338619,0.491317,-0.116542,-0.319226,-0.087065,-0.002150,-0.001034,-0.000308,-0.022840,-0.013572,0.004619,0.535881,0.188337,0.000000,-94.944774,0.000000
3.136000,0.000000,0.000000,0.593700,0.000000,0.000000,0.000000,-0.000315,0.000000,-0.011944,0.054535,0.450000,0.000000,-0.000000,-0.500000,-0.027609,0.334761,0.490394,-0.104966,-0.349577,-0.077977,-0.002243,-0.000988,-0.000307,-0.022109,-0.012850,0.005008,0.534621,0.189820,0.000000,-103.593895,0.000000
3.148000,0.000000,0.000000,0.593700,0.000000,0.000000,0.000000,-0.000315,0.000000,-0.011944,0.054535,0.450000,0.000000,-0.000000,-0.500000,-0.028740,0.330537,0.489568,-0.105745,-0.379411,-0.073090,-0.002516,-0.000857,-0.000303,-0.021514,-0.011600,0.005222,0.528405,0.190152,0.000000,-112.095804,0.000000
3.160000,0.000000,0.000000,0.593700,0.000000,0.000000,0.000000,-0.000315,0.000000,-0.011944,0.054535,0.450000,-0.000000,-0.000000,-0.500000,-0.029978,0.325932,0.488780,-0.108300,-0.410657,-0.073624,-0.002614,-0.000832,-0.000305,-0.021035,-0.010176,0.005261,0.519353,0.189310,0.000000,-120.438419,0.000000
3.172000,0.000000,0.000000,0.593700,0.000000,0.000000,0.000000,-0.000315,0.000000,-0.011944,0.054535,0.450000,-0.000000,-0.000000,-0.500000,-0.031262,0.320947,0.487956,-0.106682,-0.443087,-0.080095,-0.002555,-0.000905,-0.000310,-0.020620,-0.008888,0.005136,0.508834,0.187529,0.000000,-128.609883,0.000000
3.184000,0.000000,0.000000,0.593700,0.000000,0.000000,0.000000,-0.000315,0.000000,-0.011944,0.054535,0.450000,-0.000000,-0.000000,-0.500000,-0.032522,0.315554,0.487023,-0.101470,-0.478566,-0.091367,-0.002399,-0.001039,-0.000316,-0.020175,-0.007766,0.004849,0.498351,0.185074,0.000000,-136.598587,0.000000
3.196000,0.000000,0.000000,0.593700,0.000000,0.000000,0.000000,-0.000315,0.000000,-0.011944,0.054535,0.450000,-0.000000,-0.000000,-0.500000,-0.033714,0.309713,0.485924,-0.092440,-0.517788,-0.106533,-0.002180,-0.001210,-0.000323,-0.019566,-0.006793,0.004414,0.489477,0.182178,0.000000,-144.393176,0.000000
3.208000,0.000000,0.000000,0.593700,0.000000,0.000000,0.000000,-0.000315,0.000000,-0.011944,0.054535,0.450000,0.000000,-0.000000,-0.500000,-0.034776,0.303385,0.484596,-0.077047,-0.560906,-0.125273,-0.001948,-0.001389,-0.000328,-0.018668,-0.005971,0.003852,0.483269,0.179002,0.000000,-151.982574,0.000000
3.220000,0.000000,0.000000,0.593700,0.000000,0.000000,0.000000,-0.000315,0.000000,-0.011944,0.054535,0.450000,0.000000,-0.000000,-0.500000,-0.035650,0.295989,0.482889,-0.058300,-0.640493,-0.130453,0.001536,-0.001662,-0.000350,-0.015478,-0.005477,0.003821,0.482731,0.173763,0.000000,-159.355997,0.000000
3.232000,0.000000,0.000000,0.593700,0.000000,0.000000,0.000000,-0.000315,0.000000,-0.011944,0.054535,0.450000,-0.000000,-0.000000,-0.500000,-0.036076,0.288268,0.481494,-0.020959,-0.663510,-0.101051,0.005894,-0.000936,-0.000349,-0.007505,-0.004115,0.003932,0.485022,0.166723,0.000000,-166.502967,0.000000
3.244000,0.000000,0.000000,0.593700,0.000000,0.000000,0.000000,-0.000315,0.000000,-0.011944,0.054535,0.450000,0.000000,-0.000000,-0.500000,-0.036183,0.280933,0.480663,0.016037,-0.646877,-0.060825,0.003262,-0.000966,-0.000327,-0.001491,-0.002626,0.004303,0.483866,0.160864,0.000000,-173.413326,0.000000
3.256000,0.000000,0.000000,0.593700,0.000000,0.000000,0.000000,-0.000315,0.000000,-0.011944,0.054535,0.450000,0.000000,-0.000000,-0.500000,-0.035956,0.273024,0.479623,0.035801,-0.661758,-0.081528,0.003479,-0.001259,-0.000329,-0.002394,-0.002619,0.004800,0.482868,0.153597,0.000000,-180.077256,0.000000
3.268000,0.000000,0.000000,0.593700,0.000000,0.000000,0.000000,-0.000315,0.000000,-0.011944,0.054535,0.450000,0.000000,-0.000000,-0.484000,-0.035479,0.265057,0.478594,0.043638,-0.663451,-0.082481,0.003897,-0.001216,-0.000331,-0.002498,-0.002759,0.004943,0.482872,0.146763,0.000000,-186.485286,0.000000
3.280000,0.000000,0.000000,0.593700,0.000000,0.000000,0.000000,-0.000315,0.000000,-0.011944,0.054535,0.450000,0.000000,-0.000000,-0.460000,-0.034940,0.257088,0.477498,0.042403,-0.663678,-0.085876,0.004914,-0.001166,-0.000333,-0.001906,-0.002592,0.004736,0.483019,0.140001,0.000000,-192.628311,0.000000
3.292000,0.000000,0.000000,0.593700,0.000000,0.000000,0.000000,-0.000315,0.000000,-0.011944,0.054535,0.450000,0.000000,-0.000000,-0.436000,-0.034299,0.249173,0.476297,0.040806,-0.662398,-0.083506,0.006010,-0.001268,-0.000333,-0.000853,-0.002161,0.004330,0.483090,0.133194,0.000000,-198.497600,0.000000
3.304000,0.000000,0.000000,0.593700,0.000000,0.000000,0.000000,-0.000315,0.000000,-0.011944,0.054535,0.450000,0.000000,-0.000000,-0.412000,-0.033612,0.241002,0.475170,0.035864,-0.667030,-0.075878,0.007937,-0.001141,-0.000331,0.001802,-0.001729,0.003896,0.482748,0.125899,0.000000,-204.084813,0.000000
3.316000,0.000000,0.000000,0.593700,0.000000,0.000000,0.000000,-0.000315,0.000000,-0.011944,0.054535,0.450000,-0.000000,0.000000,-0.388000,-0.033352,0.233220,0.474081,0.018310,-0.644729,-0.081417,0.006641,-0.001362,-0.000326,0.005608,-0.002079,0.003523,0.482447,0.119016,0.000000,-209.382010,0.000000
3.328000,0.000000,0.000000,0.593700,0.000000,0.000000,0.000000,-0.000315,0.000000,-0.011944,0.054535,0.450000,0.000000,-0.000000,-0.368614,-0.033338,0.225751,0.472839,0.000845,-0.622990,-0.096817,0.005521,-0.001584,-0.000323,0.007445,-0.002824,0.002695,0.482566,0.114095,0.000000,-214.381664,0.000000
3.340000,0.000000,0.000000,0.593700,0.000000,0.000000,0.000000,-0.000315,0.000000,-0.011944,0.054535,0.450000,0.000000,0.000000,-0.345734,-0.033471,0.218368,0.471424,-0.010462,-0.611173,-0.111175,0.004798,-0.001659,-0.000323,0.008471,-0.003680,0.001790,0.486216,0.111753,0.000000,-219.076670,0.000000
3.350000,0.000000,0.000000,0.593700,0.000000,0.000000,0.000000,-0.000315,0.000000,-0.011944,0.054535,0.450000,0.000000,-0.000000,-0.325734,-0.033679,0.212275,0.470169,-0.018437,-0.603603,-0.113711,0.004415,-0.001636,-0.000323,0.009518,-0.004485,0.001104,0.494259,0.111949,0.000000,-222.751631,0.000000
3.362000,0.000000,0.000000,0.593700,0.000000,0.000000,0.000000,-0.000315,0.000000,-0.011944,0.054535,0.450000,-0.000000,-0.000000,-0.301734,-0.034054,0.205055,0.468694,-0.032799,-0.596771,-0.106875,0.004067,-0.001563,-0.000323,0.011463,-0.005580,0.000254,0.511195,0.115381,0.000000,-226.871106,0.000000
3.374000,0.000000,0.000000,0.593700,0.000000,0.000000,0.000000,-0.000315,0.000000,-0.011944,0.054535,0.450000,0.000000,-0.000000,-0.277734,-0.034616,0.197930,0.467365,-0.051905,-0.594695,-0.091208,0.003656,-0.001517,-0.000321,0.014123,-0.006856,-0.000636,0.527058,0.123003,0.000000,-230.668185,0.000000
3.386000,0.000000,0.000000,0.593700,0.000000,0.000000,0.000000,-0.000315,0.000000,-0.011944,0.054535,0.450000,-0.000000,-0.000000,-0.253734,-0.035418,0.190849,0.466279,-0.074647,-0.600384,-0.069823,0.003106,-0.001537,-0.000317,0.017051,-0.008350,-0.001447,0.537826,0.135175,0.000000,-234.137472,0.000000
3.398000,0.000000,0.000000,0.593700,0.000000,0.000000,0.000000,-0.000315,0.000000,-0.011944,0.054535,0.450000,-0.000000,0.000000,-0.256670,-0.036481,0.183715,0.465498,-0.098220,-0.616408,-0.046024,0.002457,-0.001616,-0.000310,0.019602,-0.010015,-0.002070,0.550083,0.151643,0.000000,-237.274036,0.000000
3.410000,0.000000,0.000000,0.593700,0.000000,0.000000,0.000000,-0.000315,0.000000,-0.011944,0.054535,0.450000,0.000000,0.000000,-0.280670,-0.037771,0.176407,0.465036,-0.118546,-0.640530,-0.021137,0.001914,-0.001683,-0.000303,0.021092,-0.011561,-0.002317,0.563002,0.171464,0.000000,-240.073421,0.000000
3.422000,0.000000,0.000000,0.593700,0.000000,0.000000,0.000000,-0.000315,0.000000,-0.011944,0.054535,0.450000,0.000000,0.000000,-0.304670,-0.039208,0.168857,0.464899,-0.133241,-0.663893,0.003249,-0.084508,0.033499,-0.001386,0.020761,-0.012401,-0.002179,0.575461,0.193026,0.000000,-242.531649,0.000000
3.434000,0.000000,0.000000,0.593700,0.000000,0.000000,0.000000,-0.000315,0.000000,-0.011944,0.054535,0.450000,-0.000000,0.000000,-0.328670,-0.041012,0.162366,0.465492,-0.169581,-0.671883,0.056402,-0.083149,0.033961,-0.000999,0.002184,-0.009717,-0.001838,0.583351,0.216049,0.000000,-244.645226,0.000000
3.446000,0.000000,0.000000,0.593700,0.000000,0.000000,0.000000,-0.000315,0.000000,-0.011944,0.054535,0.450000,-0.000000,-0.000000,-0.352670,-0.042449,0.154154,0.466020,-0.163603,-0.685387,0.038554,-0.076102,0.034876,-0.001015,-0.012496,-0.002561,-0.001584,0.585976,0.212138,0.000000,-246.411149,0.000000
3.458000,0.000000,0.000000,0.593700,0.000000,0.000000,0.000000,-0.000315,0.000000,-0.011944,0.054535,0.450000,0.000000,0.000000,-0.348246,-0.044009,0.145812,0.466509,-0.143717,-0.712990,0.020061,-0.067287,0.033183,-0.000893,-0.027524,0.005533,-0.001539,0.583896,0.187777,0.000000,-247.826908,0.000000
3.470000,0.000000,0.000000,0.593700,0.000000,0.000000,0.000000,-0.000315,0.000000,-0.011944,0.054535,0.450000,-0.000000,0.000000,-0.357957,-0.045563,0.136830,0.466755,-0.126225,-0.759174,-0.002557,-0.054834,0.029330,-0.000684,-0.038684,0.012731,-0.001411,0.573390,0.165552,0.000000,-248.890491,0.000000
3.482000,0.000000,0.000000,0.593700,0.000000,0.000000,0.000000,-0.000315,0.000000,-0.011944,0.054535,0.450000,-0.000000,0.000000,-0.381957,-0.047085,0.127411,0.466676,-0.119152,-0.805804,-0.026447,-0.054643,0.029356,-0.000728,-0.046233,0.017689,-0.001289,0.548959,0.147285,0.000000,-249.600388,0.000000
3.494000,0.000000,0.000000,0.593700,0.000000,0.000000,0.000000,-0.000315,0.000000,-0.011944,0.054535,0.450000,-0.000000,0.000000,-0.405957,-0.048704,0.117304,0.466284,-0.136617,-0.866644,-0.049466,-0.054333,0.029518,-0.000739,-0.050719,0.020564,-0.001207,0.508395,0.134642,0.000000,-249.955588,0.000000
3.506000,0.000000,0.000000,0.593700,0.000000,0.000000,0.000000,-0.000315,0.000000,-0.011944,0.054535,0.450000,-0.000000,-0.000000,-0.429957,-0.050746,0.106512,0.465582,-0.180256,-0.929726,-0.074350,-0.054053,0.029667,-0.000742,-0.052128,0.021633,-0.001125,0.459908,0.127835,0.000000,-249.955588,0.000000
3.518000,0.000000,0.000000,0.593700,0.000000,0.000000,0.000000,-0.000315,0.000000,-0.011944,0.054535,0.450000,0.000000,0.000000,-0.453957,-0.053433,0.095020,0.464581,-0.243270,-1.007106,-0.102608,-0.053862,0.029746,-0.000726,-0.051009,0.020897,-0.001010,0.419348,0.126560,0.000000,-249.600388,0.000000
3.530000,0.000000,0.000000,0.593700,0.000000,0.000000,0.000000,-0.000315,0.000000,-0.011944,0.054535,0.450000,0.000000,-0.000000,-0.477957,-0.056876,0.081420,0.463107,-0.287189,-1.082851,-0.091168,-0.006222,0.001373,-0.000379,-0.038446,0.018135,-0.000202,0.428869,0.139888,0.000000,-248.890491,0.000000
3.542000,0.000000,0.000000,0.593700,0.000000,0.000000,0.000000,-0.000315,0.000000,-0.011944,0.054535,0.450000,0.000000,0.000000,-0.460622,-0.060914,0.069158,0.462219,-0.336444,-1.039378,-0.058462,-0.003654,0.000178,-0.000351,-0.025173,0.010978,-0.000307,0.440614,0.151698,0.000000,-247.826908,0.000000
3.554000,0.000000,0.000000,0.593700,0.000000,0.000000,0.000000,-0.000315,0.000000,-0.011944,0.054535,0.450000,0.000000,-0.000000,-0.444622,-0.064707,0.056941,0.461937,-0.309277,-0.981972,0.017514,-0.005195,0.000283,-0.000343,-0.020009,0.006263,-0.002262,0.448021,0.163070,0.000000,-246.411149,0.000000
3.566000,0.000000,0.000000,0.593700,0.000000,0.000000,0.000000,-0.000339,0.000000,-0.011944,0.054535,0.450000,0.000000,-0.000000,-0.468622,-0.067998,0.045337,0.462360,-0.258615,-0.911030,0.073848,-0.001959,0.000526,-0.000343,-0.013561,0.005366,-0.005576,0.458340,0.174456,0.000000,-244.645226,0.000000
3.578000,0.000000,0.000000,0.593700,0.000000,0.000000,0.000000,-0.000419,0.000000,-0.011944,0.054535,0.450000,-0.000000,-0.000000,-0.492622,-0.070718,0.034421,0.463380,-0.212971,-0.867182,0.101410,0.000952,0.000511,-0.000409,-0.006402,0.006137,-0.008462,0.469023,0.183782,0.000000,-242.531649,0.000000
3.590000,0.000000,0.000000,0.593700,0.000000,0.000000,0.000000,-0.000514,0.000000,-0.011944,0.054535,0.450000,0.000000,0.000000,-0.500000,-0.072649,0.023817,0.464500,-0.166089,-0.843730,0.102816,0.003467,0.000241,-0.000489,0.001087,0.007145,-0.009891,0.479707,0.174458,0.000000,-240.073421,0.000000
3.600000,0.000000,0.000000,0.593700,0.000000,0.000000,0.000000,-0.000594,0.000000,-0.011944,0.054535,0.450000,0.000000,-0.000000,-0.500000,-0.073451,0.015210,0.465519,-0.116398,-0.826308,0.103156,0.005443,-0.000066,-0.000550,0.007271,0.007957,-0.009873,0.488962,0.166864,0.000000,-237.764129,0.000000
3.612000,0.000000,0.000000,0.593700,0.000000,0.000000,0.000000,-0.000689,0.000000,-0.011944,0.054535,0.450000,0.000000,-0.000000,-0.500000,-0.073525,0.005359,0.466910,-0.051841,-0.782167,0.081951,0.004530,0.000591,-0.000654,0.014922,0.009420,-0.009042,0.499216,0.158247,0.000000,-234.683464,0.000000
3.624000,0.000000,0.000000,0.593700,0.000000,0.000000,0.000000,-0.000785,0.000000,-0.011944,0.054535,0.450000,0.000000,-0.000000,-0.500000,-0.073254,-0.003789,0.467780,0.020836,-0.736793,0.042968,0.004564,0.002404,-0.000775,0.019693,0.011408,-0.007567,0.509417,0.152233,0.000000,-231.269302,0.000000
3.636000,0.000000,0.000000,0.593700,0.000000,0.000000,0.000000,-0.000881,0.000000,-0.011944,0.054535,0.450000,0.000000,-0.000000,-0.500000,-0.072450,-0.012481,0.468301,0.084753,-0.693916,0.012592,0.004325,0.002549,-0.000875,0.023098,0.013611,-0.006030,0.511149,0.148771,0.000000,-227.526493,0.000000
3.648000,0.000000,0.000000,0.593700,0.000000,0.000000,0.000000,-0.000976,0.000000,-0.011944,0.054535,0.450000,0.000000,-0.000000,-0.500000,-0.070969,-0.020706,0.468454,0.145109,-0.650961,-0.013448,0.003938,0.002685,-0.000979,0.026161,0.015819,-0.004772,0.515717,0.148127,0.000000,-223.460356,0.000000
3.660000,0.000000,0.000000,0.593700,0.000000,0.000000,0.000000,-0.001072,0.000000,-0.011944,0.054535,0.450000,0.000000,-0.000000,-0.500000,-0.068843,-0.028379,0.468218,0.209145,-0.605821,-0.035058,0.003917,0.002687,-0.001074,0.029098,0.018159,-0.003510,0.523533,0.150868,0.000000,-219.076670,0.000000
3.672000,0.000000,0.000000,0.593700,0.000000,0.000000,0.000000,-0.001167,0.000000,-0.011944,0.054535,0.450000,-0.000000,-0.000000,-0.500000,-0.066089,-0.035511,0.467846,0.257340,-0.566926,-0.039225,0.003503,0.002770,-0.001178,0.031870,0.020751,-0.002264,0.533905,0.157638,0.000000,-214.381664,0.000000
3.684000,0.000000,0.000000,0.593700,0.000000,0.000000,0.000000,-0.001263,0.000000,-0.011944,0.054535,0.450000,0.000000,-0.000000,-0.500000,-0.062876,-0.042186,0.467414,0.292061,-0.538367,-0.036944,0.003122,0.002836,-0.001283,0.034232,0.023317,-0.000987,0.546261,0.168655,0.000000,-209.382010,0.000000
3.696000,0.000000,0.000000,0.593700,0.000000,0.000000,0.000000,-0.001359,0.000000,-0.011944,0.054535,0.450000,-0.000000,-0.000000,-0.497826,-0.059293,-0.048513,0.467087,0.318960,-0.520229,-0.024721,0.002524,0.002962,-0.001396,0.035882,0.025722,0.000241,0.560031,0.183427,0.000000,-204.084813,0.000000
3.708000,0.000000,0.000000,0.593700,0.000000,0.000000,0.000000,-0.001454,0.000000,-0.011944,0.054535,0.450000,0.000000,-0.000000,-0.473826,-0.055395,-0.054660,0.466935,0.342578,-0.515144,-0.011246,0.002195,0.003011,-0.001500,0.036603,0.027816,0.001316,0.573954,0.200835,0.000000,-198.497600,0.000000
3.720000,0.000000,0.000000,0.593700,0.000000,0.000000,0.000000,-0.001550,0.000000,-0.011944,0.054535,0.450000,0.000000,-0.000000,-0.449826,-0.051193,-0.060771,0.466951,0.369850,-0.519297,0.000163,0.002538,0.002881,-0.001577,0.036379,0.029195,0.002187,0.586747,0.216482,0.000000,-192.628311,0.000000
3.732000,0.000000,0.000000,0.593700,0.000000,0.000000,0.000000,-0.001645,0.000000,-0.011944,0.054535,0.450000,0.000000,0.000000,-0.449608,-0.046756,-0.064963,0.467061,0.395740,-0.418038,0.032396,-0.107411,-0.027551,-0.002582,0.024707,0.028967,0.002760,0.595210,0.198515,0.000000,-186.485286,0.000000
3.744000,0.000000,0.000000,0.593700,0.000000,0.000000,0.000000,-0.001741,0.000000,-0.011944,0.054535,0.450000,-0.000000,-0.000000,-0.473608,-0.042211,-0.071784,0.467808,0.407205,-0.543360,0.050979,-0.092768,-0.028516,-0.002608,0.005387,0.025396,0.003076,0.585194,0.185554,0.000000,-180.077256,0.000000
3.756000,0.000000,0.000000,0.593700,0.000000,0.000000,0.000000,-0.001836,0.000000,-0.011944,0.054535,0.450000,0.000000,0.000000,-0.468578,-0.037423,-0.078067,0.468486,0.425214,-0.536879,0.041187,-0.079193,-0.027360,-0.002531,-0.008616,0.019610,0.003518,0.572560,0.167652,0.000000,-173.413326,0.000000
3.768000,0.000000,0.000000,0.593700,0.000000,0.000000,0.000000,-0.001898,0.000000,-0.011944,0.054535,0.450000,0.000000,0.000000,-0.444578,-0.032159,-0.084625,0.469086,0.448767,-0.547942,0.035924,-0.064067,-0.024616,-0.002460,-0.021195,0.013040,0.003701,0.557327,0.150363,0.000000,-166.502967,0.000000
3.780000,0.000000,0.000000,0.593700,0.000000,0.000000,0.000000,-0.001908,0.000000,-0.011944,0.054535,0.450000,-0.000000,0.000000,-0.420578,-0.027001,-0.091497,0.469594,0.431454,-0.572372,0.028944,-0.061349,-0.024204,-0.002395,-0.031231,0.007794,0.003260,0.542276,0.136705,0.000000,-159.355997,0.000000
3.792000,0.000000,0.000000,0.593700,0.000000,0.000000,0.000000,-0.001908,0.000000,-0.011944,0.054535,0.450000,0.000000,0.000000,-0.396578,-0.022235,-0.098750,0.469909,0.401764,-0.606260,0.002368,-0.060697,-0.024869,-0.002336,-0.038147,0.003901,0.002165,0.529435,0.127814,0.000000,-151.982574,0.000000
3.804000,0.000000,0.000000,0.593700,0.000000,0.000000,0.000000,-0.001908,0.000000,-0.011944,0.054535,0.450000,0.000000,-0.000000,-0.372578,-0.017565,-0.106273,0.469825,0.411157,-0.628874,-0.033595,-0.059740,-0.025897,-0.002191,-0.041687,-0.000377,0.000611,0.489553,0.123262,0.000000,-144.393176,0.000000
3.816000,0.000000,0.000000,0.593700,0.000000,0.000000,0.000000,-0.001908,0.000000,-0.011944,0.054535,0.450000,0.000000,-0.000000,-0.352175,-0.012377,-0.114046,0.469298,0.444579,-0.655340,-0.071229,-0.059337,-0.026352,-0.002003,-0.043255,-0.004469,-0.000878,0.456915,0.123120,0.000000,-136.598587,0.000000
3.828000,0.000000,0.000000,0.593700,0.000000,0.000000,0.000000,-0.001908,0.000000,-0.011944,0.054535,0.450000,0.000000,-0.000000,-0.341174,-0.006469,-0.122917,0.468303,0.487879,-0.740549,-0.073672,0.000436,-0.001077,-0.001955,-0.040271,-0.006158,-0.001935,0.456124,0.132097,0.000000,-128.609883,0.000000
3.840000,0.000000,0.000000,0.593700,0.000000,0.000000,0.000000,-0.001908,0.000000,-0.011944,0.054535,0.450000,0.000000,0.000000,-0.346847,0.000024,-0.131244,0.467793,0.533242,-0.675384,-0.033010,0.001990,0.000359,-0.001906,-0.027811,-0.003803,-0.004082,0.460229,0.140579,0.000000,-120.438419,0.000000
3.850000,0.000000,0.000000,0.593700,0.000000,0.000000,0.000000,-0.001909,0.000000,-0.011944,0.054535,0.450000,0.000000,-0.000000,-0.366847,0.005447,-0.137956,0.467502,0.542071,-0.638741,0.005050,0.001439,0.000148,-0.001907,-0.019527,-0.000434,-0.005627,0.461905,0.147185,0.000000,-113.497625,0.000000
3.862000,0.000000,0.000000,0.593700,0.000000,0.000000,0.000000,-0.001909,0.000000,-0.011944,0.054535,0.450000,-0.000000,0.000000,-0.390847,0.011524,-0.145176,0.467900,0.499238,-0.533832,0.076850,0.002042,-0.000217,-0.001912,-0.010937,0.000251,-0.005217,0.466662,0.154499,0.000000,-105.021432,0.000000
3.874000,0.000000,0.000000,0.593700,0.000000,0.000000,0.000000,-0.001910,0.000000,-0.011944,0.054535,0.450000,0.000000,-0.000000,-0.414847,0.016804,-0.151189,0.469131,0.441039,-0.443247,0.128713,0.002386,-0.000313,-0.001914,-0.003257,-0.000991,-0.003570,0.473107,0.160749,0.000000,-96.395998,0.000000
3.886000,0.000000,0.000000,0.593700,0.000000,0.000000,0.000000,-0.001911,0.000000,-0.011944,0.054535,0.450000,0.000000,-0.000000,-0.438847,0.021751,-0.156514,0.470801,0.408335,-0.386511,0.149871,0.002476,-0.000270,-0.001915,0.003898,-0.001859,-0.002448,0.479468,0.166033,0.000000,-87.633580,0.000000
3.898000,0.000000,0.000000,0.593700,0.000000,0.000000,0.000000,-0.001911,0.000000,-0.011944,0.054535,0.450000,0.000000,0.000000,-0.462847,0.025814,-0.161320,0.472738,0.357862,-0.342620,0.155592,0.002304,-0.000262,-0.001913,0.010074,-0.001922,-0.002367,0.484788,0.170438,0.000000,-78.746630,0.000000
3.910000,0.000000,0.000000,0.593700,0.000000,0.000000,0.000000,-0.001912,0.000000,-0.011944,0.054535,0.450000,0.000000,-0.000000,-0.486847,0.029056,-0.165471,0.474605,0.287852,-0.303790,0.110055,0.001395,-0.000596,-0.001907,0.014738,-0.002465,-0.002582,0.479853,0.174007,0.000000,-69.747777,0.000000
3.922000,0.000000,0.000000,0.593700,0.000000,0.000000,0.000000,-0.001912,0.000000,-0.011944,0.054535,0.450000,0.000000,-0.000000,-0.500000,0.031781,-0.169094,0.476047,0.229030,-0.263522,0.071841,0.000766,-0.000999,-0.001898,0.018031,-0.004258,-0.002733,0.477815,0.176876,0.000000,-60.649808,0.000000
3.934000,0.000000,0.000000,0.593700,0.000000,0.000000,0.000000,-0.001913,0.000000,-0.011944,0.054535,0.450000,-0.000000,-0.000000,-0.500000,0.033947,-0.172220,0.476941,0.172867,-0.221984,0.037460,0.000232,-0.001313,-0.001888,0.020625,-0.006686,-0.003275,0.478801,0.179513,0.000000,-51.465652,0.000000
3.946000,0.000000,0.000000,0.593700,0.000000,0.000000,0.000000,-0.001914,0.000000,-0.011944,0.054535,0.450000,-0.000000,-0.000000,-0.500000,0.035543,-0.174825,0.477349,0.116135,-0.179639,0.010871,0.000092,-0.001409,-0.001883,0.022658,-0.009174,-0.004096,0.483185,0.182095,0.000000,-42.208361,0.000000
3.958000,0.000000,0.000000,0.593700,0.000000,0.000000,0.000000,-0.001914,0.000000,-0.011944,0.054535,0.450000,0.000000,-0.000000,-0.500000,0.036540,-0.176882,0.477481,0.055705,-0.134725,-0.002423,0.000084,-0.001420,-0.001881,0.024221,-0.011279,-0.005007,0.491344,0.184501,0.000000,-32.891090,0.000000
3.970000,0.000000,0.000000,0.593700,0.000000,0.000000,0.000000,-0.001915,0.000000,-0.011944,0.054535,0.450000,0.000000,-0.000000,-0.500000,0.036927,-0.178380,0.477496,0.000951,-0.090557,-0.005177,-0.000001,-0.001457,-0.001878,0.025186,-0.012977,-0.005922,0.503228,0.186510,0.000000,-23.527078,0.000000
3.982000,0.000000,0.000000,0.593700,0.000000,0.000000,0.000000,-0.001915,0.000000,-0.011944,0.054535,0.450000,0.000000,-0.000000,-0.500000,0.036786,-0.179352,0.477490,-0.042315,-0.049696,-0.003294,-0.000141,-0.001515,-0.001875,0.025435,-0.014296,-0.006778,0.517701,0.188046,0.000000,-14.129634,0.000000
3.994000,0.000000,0.000000,0.593700,0.000000,0.000000,0.000000,-0.001916,0.000000,-0.011944,0.054535,0.450000,-0.000000,-0.000000,-0.500000,0.036211,-0.179850,0.477537,-0.073883,-0.012641,0.004120,-0.000190,-0.001522,-0.001875,0.025006,-0.015219,-0.007515,0.532743,0.189014,0.000000,-4.712110,0.000000
4.004000,0.000000,0.000000,0.593700,0.000000,0.000000,0.000000,-0.001916,0.000000,-0.011944,0.054535,0.450000,-0.000000,0.000000,-0.500000,0.035460,-0.179934,0.477672,-0.097509,0.016165,0.011900,-0.000191,-0.001509,-0.001877,0.024227,-0.015587,-0.008050,0.544023,0.189288,0.000000,3.141510,0.000000
4.016000,0.000000,0.000000,0.593700,0.000000,0.000000,0.000000,-0.001917,0.000000,-0.011944,0.054535,0.450000,0.000000,-0.000000,-0.500000,0.034276,-0.179669,0.477935,-0.122251,0.048579,0.018396,-0.000181,-0.001494,-0.001880,0.022916,-0.015593,-0.008662,0.554289,0.188812,0.000000,12.561080,0.000000
4.028000,0.000000,0.000000,0.593700,0.000000,0.000000,0.000000,-0.001918,0.000000,-0.011944,0.054535,0.450000,0.000000,0.000000,-0.500000,0.032846,-0.179038,0.478272,-0.138974,0.079129,0.021066,-0.000141,-0.001475,-0.001884,0.021384,-0.015292,-0.009269,0.559098,0.187333,0.000000,21.962799,0.000000
4.040000,0.000000,0.000000,0.593700,0.000000,0.000000,0.000000,-0.001918,0.000000,-0.011944,0.054535,0.450000,0.000000,-0.000000,-0.500000,0.031235,-0.178050,0.478614,-0.152751,0.109487,0.017604,-0.000024,-0.001431,-0.001889,0.019780,-0.014671,-0.009853,0.557239,0.184914,0.000000,31.333308,0.000000
4.052000,0.000000,0.000000,0.593700,0.000000,0.000000,0.000000,-0.001918,0.000000,-0.011944,0.054535,0.450000,0.000000,0.000000,-0.500000,0.029414,-0.176698,0.478872,-0.171077,0.140864,0.007913,0.000197,-0.001348,-0.001897,0.018100,-0.013593,-0.010368,0.549303,0.181813,0.000000,40.659291,0.000000
4.064000,0.000000,0.000000,0.593700,0.000000,0.000000,0.000000,-0.001918,0.000000,-0.011944,0.054535,0.450000,-0.000000,0.000000,-0.500000,0.027336,-0.174987,0.478990,-0.189905,0.172398,-0.007646,0.000347,-0.001313,-0.001901,0.016545,-0.012282,-0.010728,0.537241,0.178505,0.000000,49.927495,0.000000
4.076000,0.000000,0.000000,0.593700,0.000000,0.000000,0.000000,-0.001918,0.000000,-0.011944,0.054535,0.450000,0.000000,0.000000,-0.500000,0.025018,-0.172906,0.478880,-0.206943,0.204905,-0.028738,0.000429,-0.001322,-0.001903,0.015242,-0.011064,-0.010932,0.522922,0.175558,0.000000,59.124749,0.000000
4.088000,0.000000,0.000000,0.593700,0.000000,0.000000,0.000000,-0.001918,0.000000,-0.011944,0.054535,0.450000,-0.000000,-0.000000,-0.500000,0.022491,-0.170427,0.478503,-0.222509,0.239644,-0.049547,0.000455,-0.001366,-0.001903,0.014329,-0.010087,-0.011067,0.508262,0.173343,0.000000,68.237984,0.000000
4.100000,0.000000,0.000000,0.593700,0.000000,0.000000,0.000000,-0.001918,0.000000,-0.011944,0.054535,0.450000,0.000000,-0.000000,-0.500000,0.019834,-0.167541,0.477872,-0.231791,0.273722,-0.069264,0.000353,-0.001477,-0.001901,0.013720,-0.009328,-0.011068,0.494952,0.171960,0.000000,77.254249,0.000000
4.110000,0.000000,0.000000,0.593700,0.000000,0.000000,0.000000,-0.001918,0.000000,-0.011944,0.054535,0.450000,0.000000,0.000000,-0.500000,0.017582,-0.164806,0.477143,-0.233867,0.303903,-0.085353,0.000214,-0.001596,-0.001899,0.013398,-0.008834,-0.010958,0.485585,0.171383,0.000000,84.684480,0.000000
4.122000,0.000000,0.000000,0.593700,0.000000,0.000000,0.000000,-0.001918,0.000000,-0.011944,0.054535,0.450000,0.000000,-0.000000,-0.500000,0.014765,-0.160555,0.475948,-0.230885,0.362945,-0.078314,-0.003194,-0.002094,-0.001865,0.010263,-0.008754,-0.010989,0.481672,0.169106,0.000000,93.489801,0.000000
4.134000,0.000000,0.000000,0.593700,0.000000,0.000000,0.000000,-0.001918,0.000000,-0.011944,0.054535,0.450000,0.000000,-0.000000,-0.500000,0.012259,-0.156254,0.475061,-0.210020,0.388018,-0.060583,-0.005700,-0.001049,-0.001865,0.005330,-0.007866,-0.010501,0.480073,0.167395,0.000000,102.162269,0.000000
4.146000,0.000000,0.000000,0.593700,0.000000,0.000000,0.000000,-0.001918,0.000000,-0.011944,0.054535,0.450000,0.000000,-0.000000,-0.500000,0.010100,-0.152122,0.474526,-0.183084,0.371767,-0.040445,-0.003417,-0.000731,-0.001895,0.000888,-0.006249,-0.010031,0.478642,0.164826,0.000000,110.689558,0.000000
4.158000,0.000000,0.000000,0.593700,0.000000,0.000000,0.000000,-0.001918,0.000000,-0.011944,0.054535,0.450000,0.000000,-0.000000,-0.500000,0.008058,-0.147364,0.473835,-0.163198,0.424175,-0.054676,-0.003005,-0.000662,-0.001902,0.002135,-0.004456,-0.009290,0.478816,0.160351,0.000000,119.059551,0.000000
4.170000,0.000000,0.000000,0.593700,0.000000,0.000000,0.000000,-0.001918,0.000000,-0.011944,0.054535,0.450000,0.000000,-0.000000,-0.500000,0.006215,-0.142117,0.473138,-0.139516,0.463822,-0.058958,-0.002831,-0.000742,-0.001907,0.002846,-0.002948,-0.008406,0.480639,0.155342,0.000000,127.260354,0.000000
4.182000,0.000000,0.000000,0.593700,0.000000,0.000000,0.000000,-0.001918,0.000000,-0.011944,0.054535,0.450000,0.000000,-0.000000,-0.500000,0.004502,-0.136511,0.472375,-0.132014,0.490445,-0.062365,-0.003249,-0.000819,-0.001909,0.002991,-0.001749,-0.007579,0.483803,0.149833,0.000000,135.280313,0.000000
4.194000,0.000000,0.000000,0.593700,0.000000,0.000000,0.000000,-0.001918,0.000000,-0.011944,0.054535,0.450000,0.000000,0.000000,-0.500000,0.002986,-0.130782,0.471564,-0.133830,0.503092,-0.060763,-0.003703,-0.000832,-0.001912,0.002749,-0.000676,-0.006854,0.484549,0.143991,0.000000,143.108031,0.000000
4.206000,0.000000,0.000000,0.593700,0.000000,0.000000,0.000000,-0.001918,0.000000,-0.011944,0.054535,0.450000,0.000000,0.000000,-0.500000,0.001843,-0.124593,0.470675,-0.118969,0.520182,-0.060661,-0.004492,-0.000919,-0.001916,0.000702,0.000076,-0.006434,0.480508,0.137469,0.000000,150.732385,0.000000
4.218000,0.000000,0.000000,0.593700,0.000000,0.000000,0.000000,-0.001918,0.000000,-0.011944,0.054535,0.450000,-0.000000,0.000000,-0.480987,0.000636,-0.118595,0.469804,-0.102190,0.513222,-0.069634,-0.003866,-0.000911,-0.001918,-0.001979,-0.000102,-0.006145,0.478261,0.131543,0.000000,158.142540,0.000000
4.230000,0.000000,0.000000,0.593700,0.000000,0.000000,0.000000,-0.001918,0.000000,-0.011944,0.054535,0.450000,0.000000,-0.000000,-0.456987,-0.000571,-0.112640,0.468755,-0.090691,0.506216,-0.086827,-0.003364,-0.001043,-0.001918,-0.003343,-0.000642,-0.005489,0.478382,0.127332,0.000000,165.327966,0.000000
4.242000,0.000000,0.000000,0.593700,0.000000,0.000000,0.000000,-0.001918,0.000000,-0.011944,0.054535,0.450000,0.000000,-0.000000,-0.432987,-0.001732,-0.106631,0.467457,-0.084151,0.505989,-0.101536,-0.002913,-0.001154,-0.001917,-0.004231,-0.001349,-0.004687,0.482970,0.125617,0.000000,172.278452,0.000000
4.254000,0.000000,0.000000,0.593700,0.000000,0.000000,0.000000,-0.001918,0.000000,-0.011944,0.054535,0.450000,-0.000000,-0.000000,-0.408987,-0.002881,-0.100560,0.466065,-0.084222,0.509665,-0.103912,-0.002721,-0.001129,-0.001917,-0.005480,-0.002275,-0.003875,0.493694,0.126571,0.000000,178.984121,0.000000
4.266000,0.000000,0.000000,0.593700,0.000000,0.000000,0.000000,-0.001918,0.000000,-0.011944,0.054535,0.450000,0.000000,-0.000000,-0.384987,-0.004088,-0.094434,0.464739,-0.093173,0.516250,-0.093186,-0.002647,-0.001037,-0.001916,-0.007485,-0.003394,-0.003108,0.510931,0.130702,0.000000,185.435443,0.000000
4.278000,0.000000,0.000000,0.593700,0.000000,0.000000,0.000000,-0.001918,0.000000,-0.011944,0.054535,0.450000,0.000000,0.000000,-0.361522,-0.005460,-0.088244,0.463615,-0.112153,0.526985,-0.074125,-0.002523,-0.000973,-0.001915,-0.010103,-0.004650,-0.002396,0.532737,0.138477,0.000000,191.623252,0.000000
4.290000,0.000000,0.000000,0.593700,0.000000,0.000000,0.000000,-0.001918,0.000000,-0.011944,0.054535,0.450000,-0.000000,-0.000000,-0.371648,-0.007082,-0.081946,0.462776,-0.137494,0.543867,-0.050608,-0.002303,-0.000967,-0.001916,-0.012854,-0.006003,-0.001845,0.544980,0.149900,0.000000,197.538753,0.000000
4.302000,0.000000,0.000000,0.593700,0.000000,0.000000,0.000000,-0.001918,0.000000,-0.011944,0.054535,0.450000,-0.000000,-0.000000,-0.395648,-0.008979,-0.075469,0.462263,-0.163092,0.566990,-0.025628,-0.002000,-0.001017,-0.001918,-0.015086,-0.007356,-0.001548,0.558034,0.164396,0.000000,203.173541,0.000000
4.314000,0.000000,0.000000,0.593700,0.000000,0.000000,0.000000,-0.001918,0.000000,-0.011944,0.054535,0.450000,0.000000,-0.000000,-0.419648,-0.011099,-0.068747,0.462065,-0.183373,0.592492,-0.002410,-0.001751,-0.001058,-0.001920,-0.016113,-0.008411,-0.001550,0.571750,0.180781,0.000000,208.519608,0.000000
4.326000,0.000000,0.000000,0.593700,0.000000,0.000000,0.000000,-0.001918,0.000000,-0.011944,0.054535,0.450000,0.000000,-0.000000,-0.443648,-0.013319,-0.062292,0.462219,-0.198315,0.568361,0.034491,0.074230,0.037291,-0.000658,-0.013907,-0.008627,-0.001715,0.584554,0.198434,0.000000,213.569358,0.000000
4.338000,0.000000,0.000000,0.593700,0.000000,0.000000,0.000000,-0.001918,0.000000,-0.011944,0.054535,0.450000,-0.000000,0.000000,-0.467648,-0.015335,-0.055485,0.462946,-0.193381,0.638287,0.056713,0.071808,0.038192,-0.000974,0.002419,-0.004619,-0.002206,0.591607,0.213029,0.000000,218.315614,0.000000
4.350000,0.000000,0.000000,0.593700,0.000000,0.000000,0.000000,-0.001918,0.000000,-0.011944,0.054535,0.450000,0.000000,0.000000,-0.491030,-0.017688,-0.047884,0.463523,-0.224051,0.643482,0.037931,0.065415,0.038257,-0.001021,0.015043,0.003436,-0.002243,0.593767,0.217553,0.000000,222.751631,0.000000
4.362000,0.000000,0.000000,0.593700,0.000000,0.000000,0.000000,-0.001918,0.000000,-0.011944,0.054535,0.450000,0.000000,0.000000,-0.480649,-0.020322,-0.039989,0.463939,-0.225519,0.675140,0.011151,0.057232,0.035217,-0.001222,0.027512,0.011514,-0.002228,0.585886,0.195080,0.000000,226.871106,0.000000
4.374000,0.000000,0.000000,0.593700,0.000000,0.000000,0.000000,-0.001918,0.000000,-0.011944,0.054535,0.450000,0.000000,0.000000,-0.498035,-0.022755,-0.031582,0.464035,-0.192385,0.719235,-0.015721,0.055292,0.034456,-0.001301,0.037026,0.017034,-0.002352,0.574129,0.174611,0.000000,230.668185,0.000000
4.384000,0.000000,0.000000,0.593700,0.000000,0.000000,0.000000,-0.001918,0.000000,-0.011944,0.054535,0.450000,0.000000,0.000000,-0.500000,-0.024597,-0.024097,0.463871,-0.184629,0.766814,-0.029682,0.054885,0.034726,-0.001337,0.042832,0.020357,-0.002267,0.542221,0.160303,0.000000,233.582236,0.000000
4.396000,0.000000,0.000000,0.593700,0.000000,0.000000,0.000000,-0.001918,0.000000,-0.011944,0.054535,0.450000,0.000000,-0.000000,-0.500000,-0.027169,-0.014533,0.463455,-0.228579,0.822434,-0.048780,0.054274,0.035200,-0.001323,0.046848,0.023769,-0.001909,0.485442,0.147709,0.000000,236.774576,0.000000
4.408000,0.000000,0.000000,0.593700,0.000000,0.000000,0.000000,-0.001918,0.000000,-0.011944,0.054535,0.450000,0.000000,-0.000000,-0.500000,-0.030605,-0.004316,0.462725,-0.294490,0.883779,-0.078399,0.053979,0.035379,-0.001291,0.048294,0.025590,-0.001596,0.425581,0.140967,0.000000,239.630447,0.000000
4.420000,0.000000,0.000000,0.593700,0.000000,0.000000,0.000000,-0.001918,0.000000,-0.011944,0.054535,0.450000,0.000000,-0.000000,-0.500000,-0.034959,0.006876,0.461551,-0.365493,0.979178,-0.099003,0.003023,0.002700,-0.001963,0.046423,0.025201,-0.001583,0.389151,0.142172,0.000000,242.145790,0.000000
4.432000,0.000000,0.000000,0.593700,0.000000,0.000000,0.000000,-0.001918,0.000000,-0.011944,0.054535,0.450000,0.000000,0.000000,-0.500000,-0.040260,0.020032,0.460098,-0.426024,1.028220,-0.083627,-0.010700,-0.002044,-0.002069,0.027722,0.020358,-0.001814,0.403909,0.155497,0.000000,244.317031,0.000000
4.444000,0.000000,0.000000,0.593700,0.000000,0.000000,0.000000,-0.001918,0.000000,-0.011944,0.054535,0.450000,0.000000,-0.000000,-0.487438,-0.045779,0.031826,0.459433,-0.455429,1.014855,-0.050816,-0.011240,-0.002504,-0.001999,0.014012,0.011563,-0.001161,0.416001,0.166695,0.000000,246.141084,0.000000
4.456000,0.000000,0.000000,0.593700,0.000000,0.000000,0.000000,-0.001918,0.000000,-0.011944,0.054535,0.450000,-0.000000,-0.000000,-0.471669,-0.050798,0.043623,0.459130,-0.413214,0.952096,0.013858,-0.010888,-0.002953,-0.001949,0.007864,0.006425,0.000767,0.426918,0.178064,0.000000,247.615356,0.000000
4.468000,0.000000,0.000000,0.593700,0.000000,0.000000,0.000000,-0.001907,0.000000,-0.011944,0.054535,0.450000,0.000000,-0.000000,-0.495669,-0.055158,0.054857,0.459528,-0.357924,0.889001,0.071149,-0.013889,-0.002664,-0.001954,0.000395,0.004813,0.003703,0.437819,0.176604,0.000000,248.737754,0.000000
4.480000,0.000000,0.000000,0.593700,0.000000,0.000000,0.000000,-0.001861,0.000000,-0.011944,0.054535,0.450000,-0.000000,0.000000,-0.500000,-0.058782,0.065480,0.460451,-0.297334,0.850620,0.097481,-0.017162,-0.002862,-0.001946,-0.007433,0.005218,0.006369,0.448321,0.167742,0.000000,249.506682,0.000000
4.492000,0.000000,0.000000,0.593700,0.000000,0.000000,0.000000,-0.001804,0.000000,-0.011944,0.054535,0.450000,-0.000000,0.000000,-0.500000,-0.061638,0.075776,0.461431,-0.241505,0.829871,0.098765,-0.020385,-0.003468,-0.001948,-0.015678,0.006188,0.007621,0.459283,0.159143,0.000000,249.921047,0.000000
4.504000,0.000000,0.000000,0.593700,0.000000,0.000000,0.000000,-0.001748,0.000000,-0.011944,0.054535,0.450000,0.000000,0.000000,-0.500000,-0.063886,0.085824,0.462486,-0.189968,0.809085,0.089448,-0.023913,-0.004308,-0.001969,-0.024034,0.007142,0.007377,0.471128,0.150691,0.000000,249.980261,0.000000
4.516000,0.000000,0.000000,0.593700,0.000000,0.000000,0.000000,-0.001692,0.000000,-0.011944,0.054535,0.450000,-0.000000,0.000000,-0.500000,-0.065559,0.095122,0.463428,-0.132366,0.757041,0.062250,-0.021682,-0.003133,-0.001929,-0.031013,0.008083,0.006525,0.482871,0.143292,0.000000,249.684239,0.000000
4.528000,0.000000,0.000000,0.593700,0.000000,0.000000,0.000000,-0.001636,0.000000,-0.011944,0.054535,0.450000,0.000000,-0.000000,-0.500000,-0.066633,0.103944,0.464063,-0.074377,0.711797,0.037102,-0.020111,-0.001492,-0.001860,-0.035470,0.009322,0.005367,0.496640,0.138260,0.000000,249.033402,0.000000
4.540000,0.000000,0.000000,0.593700,0.000000,0.000000,0.000000,-0.001580,0.000000,-0.011944,0.054535,0.450000,-0.000000,0.000000,-0.500000,-0.067053,0.112324,0.464409,-0.008523,0.670174,0.014977,-0.018593,-0.000902,-0.001806,-0.038684,0.010786,0.004096,0.510717,0.135753,0.000000,248.028675,0.000000
4.552000,0.000000,0.000000,0.593700,0.000000,0.000000,0.000000,-0.001524,0.000000,-0.011944,0.054535,0.450000,0.000000,0.000000,-0.500000,-0.066697,0.120245,0.464516,0.060079,0.630301,-0.002253,-0.017250,-0.000420,-0.001753,-0.041440,0.012495,0.002837,0.520950,0.136141,0.000000,246.671486,0.000000
4.564000,0.000000,0.000000,0.593700,0.000000,0.000000,0.000000,-0.001467,0.000000,-0.011944,0.054535,0.450000,-0.000000,0.000000,-0.500000,-0.065577,0.127677,0.464426,0.121206,0.592047,-0.014556,-0.015691,0.000105,-0.001692,-0.044029,0.014557,0.001703,0.528945,0.140170,0.000000,244.963763,0.000000
4.576000,0.000000,0.000000,0.593700,0.000000,0.000000,0.000000,-0.001411,0.000000,-0.011944,0.054535,0.450000,-0.000000,0.000000,-0.500000,-0.063777,0.134660,0.464227,0.173154,0.560663,-0.018910,-0.014478,0.000491,-0.001638,-0.046360,0.016951,0.000710,0.539300,0.148411,0.000000,242.907933,0.000000
4.588000,0.000000,0.000000,0.593700,0.000000,0.000000,0.000000,-0.001355,0.000000,-0.011944,0.054535,0.450000,0.000000,-0.000000,-0.500000,-0.061352,0.141254,0.463974,0.225427,0.538523,-0.021607,-0.012907,0.000994,-0.001566,-0.048131,0.019557,-0.000333,0.551903,0.160960,0.000000,240.506918,0.000000
4.600000,0.000000,0.000000,0.593700,0.000000,0.000000,0.000000,-0.001299,0.000000,-0.011944,0.054535,0.450000,0.000000,-0.000000,-0.484474,-0.058369,0.147618,0.463711,0.266137,0.531630,-0.016968,-0.011157,0.001548,-0.001483,-0.049021,0.022453,-0.001478,0.566243,0.177072,0.000000,237.764129,0.000000
4.612000,0.000000,0.000000,0.593700,0.000000,0.000000,0.000000,-0.001243,0.000000,-0.011944,0.054535,0.450000,-0.000000,-0.000000,-0.460474,-0.055017,0.153951,0.463595,0.293334,0.540477,-0.004916,-0.010130,0.001856,-0.001419,-0.049046,0.025387,-0.002566,0.580588,0.195458,0.000000,234.683464,0.000000
4.624000,0.000000,0.000000,0.593700,0.000000,0.000000,0.000000,-0.001187,0.000000,-0.011944,0.054535,0.450000,0.000000,-0.000000,-0.443435,-0.051397,0.160406,0.463670,0.318944,0.557362,0.006992,0.108474,-0.025361,-0.000796,-0.048245,0.027707,-0.003351,0.593556,0.214562,0.000000,231.269302,0.000000
4.634000,0.000000,0.000000,0.593700,0.000000,0.000000,0.000000,-0.001140,0.000000,-0.011944,0.054535,0.450000,0.000000,0.000000,-0.463435,-0.048256,0.163744,0.464036,0.333775,0.508840,0.049089,0.104651,-0.023435,-0.000084,-0.027601,0.028142,-0.003377,0.592795,0.205953,0.000000,228.172897,0.000000
4.646000,0.000000,0.000000,0.593700,0.000000,0.000000,0.000000,-0.001084,0.000000,-0.011944,0.054535,0.450000,-0.000000,-0.000000,-0.487435,-0.044193,0.171095,0.464613,0.371270,0.585293,0.045550,0.088718,-0.025365,-0.000235,-0.010257,0.025339,-0.003881,0.580181,0.190485,0.000000,224.160259,0.000000
4.658000,0.000000,0.000000,0.593700,0.000000,0.000000,0.000000,-0.001028,0.000000,-0.011944,0.054535,0.450000,-0.000000,0.000000,-0.482258,-0.039648,0.178035,0.465178,0.402397,0.596783,0.037841,0.073922,-0.024783,-0.000382,0.004792,0.019678,-0.004554,0.565578,0.169665,0.000000,219.829078,0.000000
4.670000,0.000000,0.000000,0.593700,0.000000,0.000000,0.000000,-0.000988,0.000000,-0.011944,0.054535,0.450000,-0.000000,0.000000,-0.488261,-0.034670,0.185297,0.465750,0.419283,0.616324,0.038907,0.058812,-0.022598,-0.000467,0.018062,0.013334,-0.004701,0.549745,0.150276,0.000000,215.185507,0.000000
4.682000,0.000000,0.000000,0.593700,0.000000,0.000000,0.000000,-0.000982,0.000000,-0.011944,0.054535,0.450000,-0.000000,0.000000,-0.485467,-0.029540,0.193115,0.466334,0.422594,0.655533,0.036719,0.053562,-0.021823,-0.000544,0.027854,0.007842,-0.004202,0.534504,0.135884,0.000000,210.236146,0.000000
4.694000,0.000000,0.000000,0.593700,0.000000,0.000000,0.000000,-0.000982,0.000000,-0.011944,0.054535,0.450000,0.000000,-0.000000,-0.500000,-0.024447,0.201347,0.466713,0.418312,0.697647,0.011690,0.053138,-0.022328,-0.000610,0.034397,0.003770,-0.002902,0.521569,0.126775,0.000000,204.988027,0.000000
4.706000,0.000000,0.000000,0.593700,0.000000,0.000000,0.000000,-0.000982,0.000000,-0.011944,0.054535,0.450000,-0.000000,0.000000,-0.500000,-0.019320,0.210073,0.466675,0.432505,0.736094,-0.027843,0.052325,-0.023294,-0.000707,0.037187,0.000362,-0.000912,0.500014,0.122947,0.000000,199.448610,0.000000
4.718000,0.000000,0.000000,0.593700,0.000000,0.000000,0.000000,-0.000982,0.000000,-0.011944,0.054535,0.450000,0.000000,-0.000000,-0.500000,-0.013735,0.219343,0.466124,0.472665,0.791078,-0.066016,0.061133,-0.046007,-0.000821,0.037354,-0.002480,0.001282,0.468876,0.124195,0.000000,193.625765,0.000000
4.730000,0.000000,0.000000,0.593700,0.000000,0.000000,0.000000,-0.000980,0.000000,-0.011944,0.054535,0.450000,0.000000,0.000000,-0.495953,-0.007423,0.229839,0.465322,0.525996,0.862039,-0.048942,-0.003620,-0.001313,-0.000924,0.029855,-0.003929,0.003515,0.466714,0.135161,0.000000,187.527767,0.000000
4.742000,0.000000,0.000000,0.593700,0.000000,0.000000,0.000000,-0.000971,0.000000,-0.011944,0.054535,0.450000,0.000000,-0.000000,-0.473032,-0.000365,0.239634,0.464791,0.585859,0.818171,-0.041639,-0.004307,0.000254,-0.000973,0.016831,-0.000720,0.006356,0.468958,0.144509,0.000000,181.163283,0.000000
4.754000,0.000000,0.000000,0.593700,0.000000,0.000000,0.000000,-0.000942,0.000000,-0.011944,0.054535,0.450000,0.000000,-0.000000,-0.496916,0.006544,0.248990,0.464656,0.570962,0.735900,0.034259,-0.002833,-0.000336,-0.000945,0.008008,0.002057,0.007973,0.470480,0.153265,0.000000,174.541355,0.000000
4.766000,0.000000,0.000000,0.593700,0.000000,0.000000,0.000000,-0.000912,0.000000,-0.011944,0.054535,0.450000,0.000000,-0.000000,-0.500000,0.012948,0.257389,0.465405,0.524968,0.638123,0.103014,-0.002948,-0.000597,-0.000917,0.000785,0.002020,0.007638,0.476371,0.161579,0.000000,167.671394,0.000000
4.778000,0.000000,0.000000,0.593700,0.000000,0.000000,0.000000,-0.000882,0.000000,-0.011944,0.054535,0.450000,-0.000000,0.000000,-0.500000,0.018665,0.264857,0.466990,0.470239,0.560043,0.161125,-0.003983,-0.000667,-0.000887,-0.006139,0.000495,0.006378,0.482577,0.169110,0.000000,160.563163,0.000000
4.790000,0.000000,0.000000,0.593700,0.000000,0.000000,0.000000,-0.000852,0.000000,-0.011944,0.054535,0.450000,0.000000,0.000000,-0.500000,0.023409,0.271682,0.469050,0.406070,0.513452,0.181111,-0.004401,-0.000701,-0.000856,-0.012852,-0.000793,0.005365,0.477042,0.175528,0.000000,153.226763,0.000000
4.802000,0.000000,0.000000,0.593700,0.000000,0.000000,0.000000,-0.000822,0.000000,-0.011944,0.054535,0.450000,0.000000,-0.000000,-0.500000,0.027244,0.278015,0.471423,0.335024,0.478134,0.184284,-0.004487,-0.000759,-0.000827,-0.018665,-0.001618,0.004855,0.471488,0.181168,0.000000,145.672620,0.000000
4.814000,0.000000,0.000000,0.593700,0.000000,0.000000,0.000000,-0.000792,0.000000,-0.011944,0.054535,0.450000,-0.000000,0.000000,-0.500000,0.030369,0.283771,0.473650,0.258583,0.438294,0.128846,-0.003779,-0.001025,-0.000803,-0.023593,-0.002935,0.004292,0.467839,0.186051,0.000000,137.911468,0.000000
4.826000,0.000000,0.000000,0.593700,0.000000,0.000000,0.000000,-0.000762,0.000000,-0.011944,0.054535,0.450000,0.000000,0.000000,-0.500000,0.032877,0.288946,0.475373,0.193646,0.396857,0.089639,-0.003260,-0.001400,-0.000780,-0.026878,-0.005421,0.003799,0.467525,0.189939,0.000000,129.954336,0.000000
4.838000,0.000000,0.000000,0.593700,0.000000,0.000000,0.000000,-0.000732,0.000000,-0.011944,0.054535,0.450000,0.000000,0.000000,-0.500000,0.034774,0.293664,0.476516,0.135285,0.357813,0.054197,-0.002730,-0.001715,-0.000757,-0.029497,-0.008529,0.003772,0.470262,0.193391,0.000000,121.812531,0.000000
4.850000,0.000000,0.000000,0.593700,0.000000,0.000000,0.000000,-0.000702,0.000000,-0.011944,0.054535,0.450000,0.000000,0.000000,-0.500000,0.036067,0.297903,0.477224,0.082248,0.319581,0.031765,-0.002506,-0.001867,-0.000730,-0.031765,-0.011794,0.004221,0.475905,0.196492,0.000000,113.497625,0.000000
4.862000,0.000000,0.000000,0.593700,0.000000,0.000000,0.000000,-0.000672,0.000000,-0.011944,0.054535,0.450000,-0.000000,0.000000,-0.500000,0.036775,0.301666,0.477629,0.029987,0.282042,0.016931,-0.002480,-0.001903,-0.000698,-0.033792,-0.014774,0.004856,0.484525,0.199112,0.000000,105.021432,0.000000
4.874000,0.000000,0.000000,0.593700,0.000000,0.000000,0.000000,-0.000642,0.000000,-0.011944,0.054535,0.450000,0.000000,-0.000000,-0.500000,0.036892,0.304950,0.477898,-0.019397,0.245536,0.014926,-0.002565,-0.001871,-0.000662,-0.035451,-0.017293,0.005552,0.495826,0.200903,0.000000,96.395998,0.000000
4.884000,0.000000,0.000000,0.593700,0.000000,0.000000,0.000000,-0.000617,0.000000,-0.011944,0.054535,0.450000,0.000000,-0.000000,-0.500000,0.036577,0.307341,0.478129,-0.056135,0.217949,0.018933,-0.002597,-0.001854,-0.000633,-0.036388,-0.018952,0.006116,0.506632,0.201561,0.000000,89.102970,0.000000
4.896000,0.000000,0.000000,0.593700,0.000000,0.000000,0.000000,-0.000587,0.000000,-0.011944,0.054535,0.450000,-0.000000,-0.000000,-0.500000,0.035740,0.309843,0.478487,-0.096426,0.188820,0.027323,-0.002604,-0.001844,-0.000600,-0.036830,-0.020370,0.006745,0.520136,0.201120,0.000000,80.235902,0.000000
4.908000,0.000000,0.000000,0.593700,0.000000,0.000000,0.000000,-0.000558,0.000000,-0.011944,0.054535,0.450000,0.000000,-0.000000,-0.500000,0.033965,0.311703,0.478944,-0.163751,0.134965,0.033111,-0.002606,-0.001846,-0.000567,-0.036307,-0.021091,0.007297,0.532476,0.198928,0.000000,71.254816,0.000000
4.920000,0.000000,0.000000,0.593700,0.000000,0.000000,0.000000,-0.000528,0.000000,-0.011944,0.054535,0.450000,-0.000000,-0.000000,-0.499058,0.032260,0.313323,0.479478,-0.168410,0.127596,0.037867,-0.002660,-0.001817,-0.000531,-0.034317,-0.021344,0.007733,0.541465,0.195830,0.000000,62.172472,0.000000
4.932000,0.000000,0.000000,0.593700,0.000000,0.000000,0.000000,-0.000500,0.000000,-0.011944,0.054535,0.450000,0.000000,-0.000000,-0.500000,0.030358,0.314971,0.480065,-0.182067,0.113594,0.039845,-0.002992,-0.001672,-0.000490,-0.033377,-0.021177,0.008153,0.543795,0.191538,0.000000,53.001777,0.000000
4.944000,0.000000,0.000000,0.593700,0.000000,0.000000,0.000000,-0.000483,0.000000,-0.011944,0.054535,0.450000,0.000000,0.000000,-0.500000,0.027570,0.316025,0.480647,-0.248275,0.068316,0.037998,-0.003024,-0.001692,-0.000472,-0.031393,-0.020225,0.008525,0.539721,0.185164,0.000000,43.755765,0.000000
4.956000,0.000000,0.000000,0.593700,0.000000,0.000000,0.000000,-0.000483,0.000000,-0.011944,0.054535,0.450000,-0.000000,0.000000,-0.500000,0.024987,0.317076,0.481234,-0.245706,0.074091,0.040027,-0.002959,-0.001742,-0.000472,-0.026471,-0.018279,0.008618,0.530170,0.178587,0.000000,34.447573,0.000000
4.968000,0.000000,0.000000,0.593700,0.000000,0.000000,0.000000,-0.000483,0.000000,-0.011944,0.054535,0.450000,-0.000000,-0.000000,-0.500000,0.022175,0.317949,0.481670,-0.258787,0.042181,0.016120,-0.003625,-0.001521,-0.000457,-0.024026,-0.016289,0.008469,0.514663,0.172136,0.000000,25.090429,0.000000
4.980000,0.000000,0.000000,0.593700,0.000000,0.000000,0.000000,-0.000483,0.000000,-0.011944,0.054535,0.450000,-0.000000,-0.000000,-0.500000,0.019040,0.318527,0.481923,-0.281372,0.030317,0.003117,-0.003521,-0.001602,-0.000463,-0.020195,-0.013963,0.007970,0.496839,0.166693,0.000000,15.697630,0.000000
4.992000,0.000000,0.000000,0.593700,0.000000,0.000000,0.000000,-0.000483,0.000000,-0.011944,0.054535,0.450000,-0.000000,0.000000,-0.500000,0.015444,0.319038,0.481832,-0.312585,0.010202,-0.033512,-0.004166,-0.001401,-0.000455,-0.018926,-0.012220,0.007060,0.480664,0.163540,0.000000,6.282524,0.000000
5.004000,0.000000,0.000000,0.593700,0.000000,0.000000,0.000000,-0.000483,0.000000,-0.011944,0.054535,0.450000,-0.000000,-0.000000,-0.500000,0.011488,0.319207,0.481328,-0.339030,-0.011033,-0.062313,-0.004121,-0.001496,-0.000459,-0.018153,-0.011605,0.005944,0.466960,0.162387,0.000000,-3.141510,0.000000
5.016000,0.000000,0.000000,0.593700,0.000000,0.000000,0.000000,-0.000483,0.000000,-0.011944,0.054535,0.450000,-0.000000,0.000000,-0.500000,0.007104,0.319128,0.480475,-0.383699,-0.041817,-0.088780,-0.004977,-0.002588,-0.000464,-0.018664,-0.012065,0.004964,0.457646,0.163340,0.000000,-12.561080,0.000000
5.028000,0.000000,0.000000,0.593700,0.000000,0.000000,0.000000,-0.000483,0.000000,-0.011944,0.054535,0.450000,-0.000000,0.000000,-0.500000,0.002523,0.318354,0.479513,-0.385041,-0.068374,-0.055013,0.000000,0.000000,-0.000483,-0.015953,-0.012559,0.004345,0.459400,0.163905,0.000000,-21.962799,0.000000
5.040000,0.000000,0.000000,0.593700,0.000000,0.000000,0.000000,-0.000483,0.000000,-0.011944,0.054535,0.450000,0.000000,0.000000,-0.500000,-0.002187,0.317223,0.478742,-0.393049,-0.097974,-0.058211,0.000895,-0.000714,-0.000503,-0.011914,-0.012465,0.004128,0.461356,0.162678,0.000000,-31.333308,0.000000
5.052000,0.000000,0.000000,0.593700,0.000000,0.000000,0.000000,-0.000483,0.000000,-0.011944,0.054535,0.450000,0.000000,0.000000,-0.500000,-0.006809,0.316528,0.478190,-0.380779,-0.118827,-0.028993,-0.001345,-0.000195,-0.000470,-0.013048,-0.011231,0.003758,0.464603,0.162653,0.000000,-40.659291,0.000000
5.064000,0.000000,0.000000,0.593700,0.000000,0.000000,0.000000,-0.000483,0.000000,-0.011944,0.054535,0.450000,0.000000,-0.000000,-0.500000,-0.011092,0.314877,0.477934,-0.337358,-0.182709,-0.009306,-0.002594,-0.000152,-0.000464,-0.014597,-0.008078,0.003449,0.468450,0.161082,0.000000,-49.927495,0.000000
5.076000,0.000000,0.000000,0.593700,0.000000,0.000000,0.000000,-0.000483,0.000000,-0.011944,0.054535,0.450000,0.000000,-0.000000,-0.500000,-0.015039,0.312497,0.477815,-0.310069,-0.240555,-0.011181,-0.002845,-0.000405,-0.000473,-0.016052,-0.005595,0.002823,0.473236,0.158685,0.000000,-59.124749,0.000000
5.088000,0.000000,0.000000,0.593700,0.000000,0.000000,0.000000,-0.000483,0.000000,-0.011944,0.054535,0.450000,0.000000,-0.000000,-0.500000,-0.018651,0.309597,0.477570,-0.298666,-0.290435,-0.019465,-0.002912,-0.000486,-0.000479,-0.017111,-0.004016,0.002101,0.473586,0.155717,0.000000,-68.237984,0.000000
5.100000,0.000000,0.000000,0.593700,0.000000,0.000000,0.000000,-0.000483,0.000000,-0.011944,0.054535,0.450000,0.000000,-0.000000,-0.500000,-0.021382,0.306283,0.477229,-0.254364,-0.334067,-0.023870,-0.002910,-0.000358,-0.000480,-0.017780,-0.002880,0.001436,0.468342,0.152164,0.000000,-77.254249,0.000000
5.112000,0.000000,0.000000,0.593700,0.000000,0.000000,0.000000,-0.000483,0.000000,-0.011944,0.054535,0.450000,0.000000,-0.000000,-0.500000,-0.023497,0.302089,0.476886,-0.195245,-0.372246,-0.046826,-0.001870,-0.000172,-0.000482,-0.015553,-0.001696,0.001157,0.463720,0.147734,0.000000,-86.160731,0.000000
5.124000,0.000000,0.000000,0.593700,0.000000,0.000000,0.000000,-0.000483,0.000000,-0.011944,0.054535,0.450000,0.000000,-0.000000,-0.500000,-0.025273,0.297817,0.475942,-0.135665,-0.393937,-0.089415,-0.002028,-0.000210,-0.000484,-0.013676,-0.000783,0.000922,0.461636,0.144159,0.000000,-94.944774,0.000000
5.134000,0.000000,0.000000,0.593700,0.000000,0.000000,0.000000,-0.000483,0.000000,-0.011944,0.054535,0.450000,0.000000,-0.000000,-0.500000,-0.026348,0.293930,0.474858,-0.081497,-0.419543,-0.112496,-0.001987,-0.000135,-0.000484,-0.012456,-0.000114,0.000433,0.462748,0.142210,0.000000,-102.162269,0.000000
5.146000,0.000000,0.000000,0.593700,0.000000,0.000000,0.000000,-0.000483,0.000000,-0.011944,0.054535,0.450000,-0.000000,0.000000,-0.500000,-0.027132,0.288903,0.473315,-0.029156,-0.446045,-0.129232,-0.002028,-0.000104,-0.000485,-0.010811,0.000430,-0.000332,0.468690,0.141431,0.000000,-110.689558,0.000000
5.158000,0.000000,0.000000,0.593700,0.000000,0.000000,0.000000,-0.000483,0.000000,-0.011944,0.054535,0.450000,-0.000000,-0.000000,-0.500000,-0.027469,0.283544,0.471705,0.004622,-0.469093,-0.124864,-0.002019,-0.000039,-0.000484,-0.008696,0.000548,-0.001147,0.480380,0.142796,0.000000,-119.059551,0.000000
5.170000,0.000000,0.000000,0.593700,0.000000,0.000000,0.000000,-0.000483,0.000000,-0.011944,0.054535,0.450000,-0.000000,-0.000000,-0.500000,-0.027548,0.277911,0.470184,0.015395,-0.490300,-0.111325,-0.001879,0.000105,-0.000483,-0.006046,0.000347,-0.001842,0.497336,0.146843,0.000000,-127.260354,0.000000
5.182000,0.000000,0.000000,0.593700,0.000000,0.000000,0.000000,-0.000483,0.000000,-0.011944,0.054535,0.450000,0.000000,0.000000,-0.500000,-0.027562,0.272051,0.468779,0.012886,-0.511382,-0.093909,-0.001789,0.000212,-0.000482,-0.003142,-0.000028,-0.002437,0.517449,0.153923,0.000000,-135.280313,0.000000
5.194000,0.000000,0.000000,0.593700,0.000000,0.000000,0.000000,-0.000483,0.000000,-0.011944,0.054535,0.450000,0.000000,-0.000000,-0.500000,-0.027666,0.265964,0.467708,-0.004551,-0.533468,-0.065693,-0.001861,0.000218,-0.000482,-0.000532,-0.000441,-0.002788,0.537306,0.163787,0.000000,-143.108031,0.000000
5.206000,0.000000,0.000000,0.593700,0.000000,0.000000,0.000000,-0.000483,0.000000,-0.011944,0.054535,0.450000,-0.000000,-0.000000,-0.500000,-0.027948,0.259629,0.467025,-0.022809,-0.556648,-0.037224,-0.002070,0.000133,-0.000481,0.001187,-0.000934,-0.002944,0.553654,0.175673,0.000000,-150.732385,0.000000
5.218000,0.000000,0.000000,0.593700,0.000000,0.000000,0.000000,-0.000483,0.000000,-0.011944,0.054535,0.450000,-0.000000,0.000000,-0.500000,-0.028529,0.252795,0.466721,-0.045582,-0.592799,-0.014513,-0.002194,0.000088,-0.000480,0.001896,-0.001395,-0.002918,0.564728,0.187847,0.000000,-158.142540,0.000000
5.230000,0.000000,0.000000,0.593700,0.000000,0.000000,0.000000,-0.000483,0.000000,-0.011944,0.054535,0.450000,0.000000,-0.000000,-0.500000,-0.028920,0.246535,0.466753,-0.042231,-0.559479,0.023789,-0.066118,0.042009,-0.001748,-0.000778,-0.001441,-0.002845,0.570520,0.200644,0.000000,-165.327966,0.000000
5.242000,0.000000,0.000000,0.593700,0.000000,0.000000,0.000000,-0.000483,0.000000,-0.011944,0.054535,0.450000,0.000000,-0.000000,-0.500000,-0.028930,0.239623,0.467195,-0.032550,-0.634030,0.025230,-0.064227,0.042654,-0.001435,-0.014391,0.003018,-0.002293,0.573725,0.209016,0.000000,-172.278452,0.000000
5.254000,0.000000,0.000000,0.593700,0.000000,0.000000,0.000000,-0.000483,0.000000,-0.011944,0.054535,0.450000,0.000000,-0.000000,-0.500000,-0.029287,0.232181,0.467504,-0.053498,-0.638468,0.013067,-0.063476,0.043211,-0.001467,-0.025135,0.010968,-0.002179,0.571314,0.215105,0.000000,-178.984121,0.000000
5.266000,0.000000,0.000000,0.593700,0.000000,0.000000,0.000000,-0.000483,0.000000,-0.011944,0.054535,0.450000,0.000000,0.000000,-0.500000,-0.030023,0.224394,0.467589,-0.062320,-0.670078,-0.012760,-0.063164,0.043353,-0.001466,-0.036346,0.018785,-0.002166,0.564073,0.201431,0.000000,-185.435443,0.000000
5.278000,0.000000,0.000000,0.593700,0.000000,0.000000,0.000000,-0.000483,0.000000,-0.011944,0.054535,0.450000,0.000000,-0.000000,-0.500000,-0.030874,0.216076,0.467399,-0.063975,-0.715248,-0.034412,-0.062887,0.043444,-0.001438,-0.045643,0.024937,-0.002238,0.555122,0.185065,0.000000,-191.623252,0.000000
5.290000,0.000000,0.000000,0.593700,0.000000,0.000000,0.000000,-0.000483,0.000000,-0.011944,0.054535,0.450000,0.000000,-0.000000,-0.500000,-0.031815,0.207144,0.466897,-0.079414,-0.769442,-0.056219,-0.062439,0.043676,-0.001405,-0.052267,0.029423,-0.002458,0.546330,0.172258,0.000000,-197.538753,0.000000
5.302000,0.000000,0.000000,0.593700,0.000000,0.000000,0.000000,-0.000483,0.000000,-0.011944,0.054535,0.450000,0.000000,-0.000000,-0.500000,-0.033070,0.197544,0.466119,-0.112828,-0.831049,-0.077018,-0.062092,0.043827,-0.001394,-0.056119,0.032290,-0.002719,0.513566,0.163704,0.000000,-203.173541,0.000000
5.314000,0.000000,0.000000,0.593700,0.000000,0.000000,0.000000,-0.000483,0.000000,-0.011944,0.054535,0.450000,0.000000,-0.000000,-0.500000,-0.034792,0.187262,0.465135,-0.162119,-0.910523,-0.098255,-0.061858,0.043893,-0.001392,-0.057565,0.033512,-0.003010,0.476572,0.159396,0.000000,-208.519608,0.000000
5.326000,0.000000,0.000000,0.593700,0.000000,0.000000,0.000000,-0.000483,0.000000,-0.011944,0.054535,0.450000,0.000000,0.000000,-0.500000,-0.037200,0.174331,0.463532,-0.202212,-1.080583,-0.122047,-0.001457,0.000560,-0.000504,-0.048958,0.033016,-0.002184,0.478726,0.171518,0.000000,-213.569358,0.000000
5.338000,0.000000,0.000000,0.593700,0.000000,0.000000,0.000000,-0.000483,0.000000,-0.011944,0.054535,0.450000,-0.000000,0.000000,-0.488000,-0.040342,0.161833,0.462525,-0.246103,-1.037682,-0.064304,0.006235,-0.001372,-0.000356,-0.027706,0.027058,-0.002537,0.487036,0.183247,0.000000,-218.315614,0.000000
5.350000,0.000000,0.000000,0.593700,0.000000,0.000000,0.000000,-0.000485,0.000000,-0.011944,0.054535,0.450000,0.000000,0.000000,-0.479990,-0.043503,0.150253,0.462292,-0.265724,-0.991328,0.003140,0.005031,-0.000390,-0.000399,-0.018138,0.018689,-0.004819,0.490601,0.175356,0.000000,-222.751631,0.000000
5.362000,0.000000,0.000000,0.593700,0.000000,0.000000,0.000000,-0.000519,0.000000,-0.011944,0.054535,0.450000,0.000000,-0.000000,-0.472637,-0.046291,0.138555,0.462415,-0.219680,-0.931211,0.044845,0.005994,-0.000579,-0.000442,-0.012806,0.014348,-0.008145,0.496234,0.165430,0.000000,-226.871106,0.000000
5.374000,0.000000,0.000000,0.593700,0.000000,0.000000,0.000000,-0.000617,0.000000,-0.011944,0.054535,0.450000,-0.000000,0.000000,-0.496637,-0.048584,0.127469,0.462984,-0.176657,-0.891702,0.060892,0.009510,-0.000790,-0.000511,-0.006215,0.012104,-0.011320,0.504135,0.156076,0.000000,-230.668185,0.000000
5.386000,0.000000,0.000000,0.593700,0.000000,0.000000,0.000000,-0.000748,0.000000,-0.011944,0.054535,0.450000,0.000000,-0.000000,-0.500000,-0.050238,0.116811,0.463535,-0.134448,-0.864437,0.055395,0.013206,-0.000816,-0.000612,0.000816,0.010681,-0.013343,0.512200,0.147031,0.000000,-234.137472,0.000000
5.398000,0.000000,0.000000,0.593700,0.000000,0.000000,0.000000,-0.000880,0.000000,-0.011944,0.054535,0.450000,0.000000,-0.000000,-0.500000,-0.050960,0.106483,0.463989,-0.076540,-0.839603,0.049793,0.016636,-0.000526,-0.000718,0.007958,0.009852,-0.013816,0.514363,0.138052,0.000000,-237.274036,0.000000
5.408000,0.000000,0.000000,0.593700,0.000000,0.000000,0.000000,-0.000990,0.000000,-0.011944,0.054535,0.450000,0.000000,-0.000000,-0.500000,-0.050884,0.098026,0.464447,-0.024997,-0.809010,0.037141,0.017914,-0.000199,-0.000814,0.014823,0.009889,-0.013139,0.513119,0.130574,0.000000,-239.630447,0.000000
5.420000,0.000000,0.000000,0.593700,0.000000,0.000000,0.000000,-0.001122,0.000000,-0.011944,0.054535,0.450000,0.000000,-0.000000,-0.500000,-0.050273,0.088795,0.464777,0.035953,-0.753263,0.011701,0.015010,0.000718,-0.000971,0.020442,0.010794,-0.011551,0.512418,0.123789,0.000000,-242.145790,0.000000
5.432000,0.000000,0.000000,0.593700,0.000000,0.000000,0.000000,-0.001254,0.000000,-0.011944,0.054535,0.450000,-0.000000,0.000000,-0.500000,-0.049154,0.079970,0.464784,0.099268,-0.708679,-0.017391,0.013573,0.001205,-0.001117,0.023908,0.011740,-0.009864,0.513522,0.119658,0.000000,-244.317031,0.000000
5.444000,0.000000,0.000000,0.593700,0.000000,0.000000,0.000000,-0.001387,0.000000,-0.011944,0.054535,0.450000,0.000000,-0.000000,-0.500000,-0.047435,0.071618,0.464448,0.168003,-0.663199,-0.040927,0.013065,0.001396,-0.001250,0.026596,0.012666,-0.008193,0.517103,0.118212,0.000000,-246.141084,0.000000
5.456000,0.000000,0.000000,0.593700,0.000000,0.000000,0.000000,-0.001519,0.000000,-0.011944,0.054535,0.450000,-0.000000,0.000000,-0.500000,-0.045053,0.063800,0.463896,0.227160,-0.619127,-0.054055,0.012107,0.001633,-0.001391,0.029137,0.013733,-0.006566,0.523561,0.120031,0.000000,-247.615356,0.000000
5.468000,0.000000,0.000000,0.593700,0.000000,0.000000,0.000000,-0.001651,0.000000,-0.011944,0.054535,0.450000,0.000000,0.000000,-0.500000,-0.042073,0.056488,0.463209,0.273574,-0.581034,-0.054784,0.011632,0.001725,-0.001525,0.031762,0.014711,-0.005127,0.532219,0.125976,0.000000,-248.737754,0.000000
5.480000,0.000000,0.000000,0.593700,0.000000,0.000000,0.000000,-0.001783,0.000000,-0.011944,0.054535,0.450000,-0.000000,-0.000000,-0.500000,-0.038546,0.049661,0.462631,0.314090,-0.550107,-0.043110,0.011050,0.001815,-0.001664,0.034241,0.015519,-0.003892,0.542540,0.136649,0.000000,-249.506682,0.000000
5.492000,0.000000,0.000000,0.593700,0.000000,0.000000,0.000000,-0.001916,0.000000,-0.011944,0.054535,0.450000,0.000000,0.000000,-0.500000,-0.034572,0.043180,0.462142,0.351778,-0.534118,-0.033479,0.009857,0.002043,-0.001817,0.036249,0.016470,-0.002612,0.554883,0.151895,0.000000,-249.921047,0.000000
5.504000,0.000000,0.000000,0.593700,0.000000,0.000000,0.000000,-0.002048,0.000000,-0.011944,0.054535,0.450000,-0.000000,0.000000,-0.477217,-0.030325,0.036860,0.461827,0.367266,-0.536346,-0.014089,0.008118,0.002383,-0.001981,0.037334,0.018035,-0.001224,0.568637,0.170797,0.000000,-249.980261,0.000000
5.516000,0.000000,0.000000,0.593700,0.000000,0.000000,0.000000,-0.002180,0.000000,-0.011944,0.054535,0.450000,0.000000,-0.000000,-0.460938,-0.025447,0.030453,0.461810,0.407368,-0.555291,0.002649,0.007149,0.002550,-0.002125,0.037547,0.019842,-0.000125,0.581477,0.191873,0.000000,-249.684239,0.000000
5.528000,0.000000,0.000000,0.593700,0.000000,0.000000,0.000000,-0.002312,0.000000,-0.011944,0.054535,0.450000,0.000000,-0.000000,-0.484089,-0.020863,0.024544,0.461946,0.402187,-0.516214,0.030236,-0.106956,-0.028106,-0.002115,0.034932,0.021423,0.000581,0.593061,0.214863,0.000000,-249.033402,0.000000
5.540000,0.000000,0.000000,0.593700,0.000000,0.000000,0.000000,-0.002444,0.000000,-0.011944,0.054535,0.450000,0.000000,-0.000000,-0.500000,-0.016619,0.018549,0.462704,0.385209,-0.607134,0.050213,-0.096051,-0.026623,-0.002844,0.011298,0.020634,0.000622,0.598050,0.213003,0.000000,-248.028675,0.000000
5.552000,0.000000,0.000000,0.593700,0.000000,0.000000,0.000000,-0.002572,0.000000,-0.011944,0.054535,0.450000,-0.000000,-0.000000,-0.500000,-0.012184,0.011136,0.463388,0.402265,-0.624889,0.045624,-0.080441,-0.026234,-0.002907,-0.002961,0.016354,0.000907,0.591142,0.192332,0.000000,-246.671486,0.000000
5.564000,0.000000,0.000000,0.593700,0.000000,0.000000,0.000000,-0.002661,0.000000,-0.011944,0.054535,0.450000,-0.000000,0.000000,-0.500000,-0.007405,0.003508,0.463908,0.418764,-0.653514,0.029660,-0.064633,-0.024072,-0.002956,-0.016739,0.010401,0.001049,0.575360,0.169279,0.000000,-244.963763,0.000000
5.576000,0.000000,0.000000,0.593700,0.000000,0.000000,0.000000,-0.002686,0.000000,-0.011944,0.054535,0.450000,-0.000000,0.000000,-0.500000,-0.002532,-0.004643,0.464420,0.399843,-0.694996,0.030173,-0.049329,-0.020270,-0.003012,-0.027256,0.005550,0.000501,0.559174,0.149229,0.000000,-242.907933,0.000000
5.588000,0.000000,0.000000,0.593700,0.000000,0.000000,0.000000,-0.002686,0.000000,-0.011944,0.054535,0.450000,0.000000,0.000000,-0.500000,0.001961,-0.013414,0.464795,0.367099,-0.745661,0.010301,-0.046403,-0.019940,-0.002999,-0.033564,0.002272,-0.000672,0.538610,0.134288,0.000000,-240.506918,0.000000
5.600000,0.000000,0.000000,0.593700,0.000000,0.000000,0.000000,-0.002686,0.000000,-0.011944,0.054535,0.450000,0.000000,-0.000000,-0.500000,0.006189,-0.022712,0.464803,0.361325,-0.796286,-0.023650,-0.045680,-0.020720,-0.002942,-0.036866,-0.000811,-0.002283,0.487337,0.124277,0.000000,-237.764129,0.000000
5.612000,0.000000,0.000000,0.593700,0.000000,0.000000,0.000000,-0.002686,0.000000,-0.011944,0.054535,0.450000,0.000000,-0.000000,-0.500000,0.010694,-0.032581,0.464372,0.393443,-0.846063,-0.059134,-0.045143,-0.021308,-0.002838,-0.037807,-0.003905,-0.004103,0.438940,0.119565,0.000000,-234.683464,0.000000
5.624000,0.000000,0.000000,0.593700,0.000000,0.000000,0.000000,-0.002686,0.000000,-0.011944,0.054535,0.450000,-0.000000,-0.000000,-0.500000,0.015791,-0.043425,0.463479,0.440407,-0.920608,-0.074427,-0.002890,-0.002281,-0.002746,-0.034747,-0.005606,-0.005682,0.421463,0.125045,0.000000,-231.269302,0.000000
5.636000,0.000000,0.000000,0.593700,0.000000,0.000000,0.000000,-0.002686,0.000000,-0.011944,0.054535,0.450000,-0.000000,0.000000,-0.484000,0.021762,-0.055131,0.462727,0.494213,-0.917199,-0.041402,0.001546,-0.000519,-0.002703,-0.019866,-0.003911,-0.007764,0.429084,0.137328,0.000000,-227.526493,0.000000
5.648000,0.000000,0.000000,0.593700,0.000000,0.000000,0.000000,-0.002686,0.000000,-0.011944,0.054535,0.450000,0.000000,-0.000000,-0.468890,0.028020,-0.065742,0.462239,0.522201,-0.886436,-0.017880,0.000000,0.000000,-0.002686,-0.011114,0.000922,-0.009782,0.436772,0.147493,0.000000,-223.460356,0.000000
5.658000,0.000000,0.000000,0.593700,0.000000,0.000000,0.000000,-0.002686,0.000000,-0.011944,0.054535,0.450000,0.000000,0.000000,-0.476510,0.032925,-0.074469,0.462345,0.482949,-0.817649,0.050030,0.000000,0.000000,-0.002686,-0.005899,0.002481,-0.009617,0.444216,0.156382,0.000000,-219.829078,0.000000
5.670000,0.000000,0.000000,0.593700,0.000000,0.000000,0.000000,-0.002686,0.000000,-0.011944,0.054535,0.450000,0.000000,0.000000,-0.500000,0.038347,-0.083884,0.463292,0.438442,-0.724175,0.123728,0.001052,-0.000840,-0.002686,-0.001491,0.001770,-0.007911,0.453927,0.165934,0.000000,-215.185507,0.000000
5.682000,0.000000,0.000000,0.593700,0.000000,0.000000,0.000000,-0.002686,0.000000,-0.011944,0.054535,0.450000,-0.000000,0.000000,-0.500000,0.043248,-0.092638,0.464953,0.400975,-0.669971,0.162041,0.002747,-0.000658,-0.002684,0.004237,0.000074,-0.005744,0.463480,0.174955,0.000000,-210.236146,0.000000
5.694000,0.000000,0.000000,0.593700,0.000000,0.000000,0.000000,-0.002686,0.000000,-0.011944,0.054535,0.450000,0.000000,-0.000000,-0.500000,0.047359,-0.100909,0.466989,0.352269,-0.635834,0.181810,0.003634,-0.000650,-0.002685,0.010678,-0.001041,-0.004454,0.471605,0.182747,0.000000,-204.988027,0.000000
5.706000,0.000000,0.000000,0.593700,0.000000,0.000000,0.000000,-0.002686,0.000000,-0.011944,0.054535,0.450000,0.000000,-0.000000,-0.500000,0.050582,-0.108757,0.469307,0.288532,-0.608713,0.163581,0.003823,-0.000815,-0.002682,0.016898,-0.001971,-0.004060,0.478451,0.189760,0.000000,-199.448610,0.000000
5.718000,0.000000,0.000000,0.593700,0.000000,0.000000,0.000000,-0.002686,0.000000,-0.011944,0.054535,0.450000,0.000000,-0.000000,-0.500000,0.053084,-0.115922,0.471304,0.226611,-0.569261,0.123273,0.002373,-0.001276,-0.002670,0.021658,-0.004163,-0.004214,0.484984,0.195355,0.000000,-193.625765,0.000000
5.730000,0.000000,0.000000,0.593700,0.000000,0.000000,0.000000,-0.002686,0.000000,-0.011944,0.054535,0.450000,-0.000000,0.000000,-0.500000,0.055004,-0.122691,0.472882,0.168874,-0.537195,0.092694,0.001726,-0.001644,-0.002659,0.025093,-0.007082,-0.005053,0.487899,0.198070,0.000000,-187.527767,0.000000
5.742000,0.000000,0.000000,0.593700,0.000000,0.000000,0.000000,-0.002686,0.000000,-0.011944,0.054535,0.450000,0.000000,-0.000000,-0.500000,0.056364,-0.129110,0.473965,0.105162,-0.507190,0.061738,0.001570,-0.001757,-0.002654,0.028049,-0.010081,-0.006234,0.490731,0.196164,0.000000,-181.163283,0.000000
5.754000,0.000000,0.000000,0.593700,0.000000,0.000000,0.000000,-0.002686,0.000000,-0.011944,0.054535,0.450000,0.000000,-0.000000,-0.500000,0.057140,-0.135144,0.474734,0.039624,-0.475198,0.047076,0.001722,-0.001700,-0.002657,0.031009,-0.012866,-0.007618,0.496893,0.196347,0.000000,-174.541355,0.000000
5.766000,0.000000,0.000000,0.593700,0.000000,0.000000,0.000000,-0.002686,0.000000,-0.011944,0.054535,0.450000,0.000000,-0.000000,-0.500000,0.057286,-0.140763,0.475303,-0.018405,-0.443605,0.037841,0.001618,-0.001746,-0.002654,0.033900,-0.015372,-0.008968,0.506606,0.199223,0.000000,-167.671394,0.000000
5.778000,0.000000,0.000000,0.593700,0.000000,0.000000,0.000000,-0.002686,0.000000,-0.011944,0.054535,0.450000,0.000000,-0.000000,-0.500000,0.056848,-0.145962,0.475816,-0.065980,-0.413695,0.040279,0.001519,-0.001777,-0.002650,0.036368,-0.017597,-0.010157,0.519249,0.205212,0.000000,-160.563163,0.000000
5.790000,0.000000,0.000000,0.593700,0.000000,0.000000,0.000000,-0.002686,0.000000,-0.011944,0.054535,0.450000,0.000000,0.000000,-0.499774,0.055906,-0.150787,0.476402,-0.107722,-0.389317,0.047599,0.001282,-0.001866,-0.002642,0.038040,-0.019486,-0.011206,0.533730,0.213014,0.000000,-153.226763,0.000000
5.802000,0.000000,0.000000,0.593700,0.000000,0.000000,0.000000,-0.002686,0.000000,-0.011944,0.054535,0.450000,0.000000,-0.000000,-0.480335,0.053589,-0.155347,0.477117,-0.204165,-0.372937,0.057946,0.001089,-0.001933,-0.002635,0.038712,-0.020953,-0.012047,0.548364,0.209851,0.000000,-145.672620,0.000000
5.814000,0.000000,0.000000,0.593700,0.000000,0.000000,0.000000,-0.002686,0.000000,-0.011944,0.054535,0.450000,0.000000,-0.000000,-0.456335,0.051785,-0.159675,0.477897,-0.189312,-0.356447,0.059864,0.000726,-0.002094,-0.002623,0.038263,-0.022242,-0.012725,0.561743,0.204123,0.000000,-137.911468,0.000000
5.826000,0.000000,0.000000,0.593700,0.000000,0.000000,0.000000,-0.002686,0.000000,-0.011944,0.054535,0.450000,0.000000,0.000000,-0.432335,0.050077,-0.163904,0.478740,-0.172912,-0.348587,0.063414,0.000926,-0.002007,-0.002635,0.036775,-0.023071,-0.013158,0.568832,0.196276,0.000000,-129.954336,0.000000
5.838000,0.000000,0.000000,0.593700,0.000000,0.000000,0.000000,-0.002686,0.000000,-0.011944,0.054535,0.450000,0.000000,0.000000,-0.408335,0.048231,-0.167987,0.479576,-0.186317,-0.332917,0.059959,0.001375,-0.001829,-0.002656,0.034501,-0.022639,-0.013539,0.569270,0.186576,0.000000,-121.812531,0.000000
5.850000,0.000000,0.000000,0.593700,0.000000,0.000000,0.000000,-0.002686,0.000000,-0.011944,0.054535,0.450000,0.000000,-0.000000,-0.384335,0.046124,-0.171744,0.480382,-0.201627,-0.309688,0.057807,0.001297,-0.001916,-0.002658,0.030231,-0.021509,-0.013767,0.559173,0.175440,0.000000,-113.497625,0.000000
5.862000,0.000000,0.000000,0.593700,0.000000,0.000000,0.000000,-0.002686,0.000000,-0.011944,0.054535,0.450000,0.000000,-0.000000,-0.360335,0.043784,-0.175463,0.481244,-0.219604,-0.302434,0.062252,0.001595,-0.001840,-0.002675,0.024029,-0.019579,-0.013800,0.546785,0.164812,0.000000,-105.021432,0.000000
5.874000,0.000000,0.000000,0.593700,0.000000,0.000000,0.000000,-0.002686,0.000000,-0.011944,0.054535,0.450000,0.000000,0.000000,-0.339729,0.041108,-0.179141,0.482041,-0.246533,-0.293437,0.052644,0.002092,-0.001688,-0.002693,0.018163,-0.016967,-0.013571,0.533745,0.155659,0.000000,-96.395998,0.000000
5.886000,0.000000,0.000000,0.593700,0.000000,0.000000,0.000000,-0.002686,0.000000,-0.011944,0.054535,0.450000,0.000000,-0.000000,-0.335104,0.037989,-0.182828,0.482669,-0.278852,-0.292750,0.033330,0.002567,-0.001549,-0.002705,0.013114,-0.014251,-0.012946,0.512987,0.149111,0.000000,-87.633580,0.000000
5.898000,0.000000,0.000000,0.593700,0.000000,0.000000,0.000000,-0.002686,0.000000,-0.011944,0.054535,0.450000,0.000000,0.000000,-0.348309,0.034395,-0.186537,0.482954,-0.313155,-0.291494,-0.000570,0.002886,-0.001485,-0.002709,0.010269,-0.012399,-0.011786,0.493220,0.145886,0.000000,-78.746630,0.000000
5.908000,0.000000,0.000000,0.593700,0.000000,0.000000,0.000000,-0.002686,0.000000,-0.011944,0.054535,0.450000,0.000000,0.000000,-0.368309,0.031061,-0.189674,0.482827,-0.343697,-0.292778,-0.037972,0.003287,-0.001363,-0.002713,0.010127,-0.011699,-0.010299,0.478911,0.145993,0.000000,-71.254816,0.000000
5.920000,0.000000,0.000000,0.593700,0.000000,0.000000,0.000000,-0.002686,0.000000,-0.011944,0.054535,0.450000,0.000000,0.000000,-0.392309,0.026487,-0.193114,0.482168,-0.396523,-0.269214,-0.064574,0.000000,0.000000,-0.002686,0.011244,-0.012061,-0.008258,0.468073,0.148696,0.000000,-62.172472,0.000000
5.932000,0.000000,0.000000,0.593700,0.000000,0.000000,0.000000,-0.002686,0.000000,-0.011944,0.054535,0.450000,-0.000000,-0.000000,-0.414938,0.021443,-0.196072,0.481438,-0.427658,-0.240892,-0.049519,-0.000110,-0.001007,-0.002676,0.009352,-0.013026,-0.006583,0.466369,0.151877,0.000000,-53.001777,0.000000
5.944000,0.000000,0.000000,0.593700,0.000000,0.000000,0.000000,-0.002686,0.000000,-0.011944,0.054535,0.450000,0.000000,-0.000000,-0.425046,0.015302,-0.199264,0.480887,-0.517615,-0.246427,-0.037830,0.001674,-0.000440,-0.002704,0.008905,-0.012644,-0.005015,0.464846,0.155758,0.000000,-43.755765,0.000000
5.956000,0.000000,0.000000,0.593700,0.000000,0.000000,0.000000,-0.002686,0.000000,-0.011944,0.054535,0.450000,-0.000000,0.000000,-0.449046,0.009736,-0.201855,0.480603,-0.487078,-0.164221,0.010336,0.001952,0.000349,-0.002708,0.011593,-0.009099,-0.004119,0.465820,0.158411,0.000000,-34.447573,0.000000
5.968000,0.000000,0.000000,0.593700,0.000000,0.000000,0.000000,-0.002686,0.000000,-0.011944,0.054535,0.450000,0.000000,-0.000000,-0.473046,0.004359,-0.203616,0.480852,-0.447688,-0.099402,0.026571,0.002246,0.000160,-0.002699,0.015393,-0.004579,-0.003353,0.470284,0.160414,0.000000,-25.090429,0.000000
5.980000,0.000000,0.000000,0.593700,0.000000,0.000000,0.000000,-0.002686,0.000000,-0.011944,0.054535,0.450000,-0.000000,-0.000000,-0.497046,-0.000599,-0.204656,0.481177,-0.411411,-0.043013,0.021964,0.002058,-0.000096,-0.002688,0.018368,-0.001400,-0.002544,0.476309,0.161627,0.000000,-15.697630,0.000000
5.992000,0.000000,0.000000,0.593700,0.000000,0.000000,0.000000,-0.002686,0.000000,-0.011944,0.054535,0.450000,-0.000000,-0.000000,-0.500000,-0.004733,-0.205188,0.481502,-0.363466,0.009693,0.018351,0.001837,-0.000410,-0.002678,0.020145,0.000105,-0.001508,0.470553,0.162285,0.000000,-6.282524,0.000000
6.004000,0.000000,0.000000,0.593700,0.000000,0.000000,0.000000,-0.002686,0.000000,-0.011944,0.054535,0.450000,0.000000,-0.000000,-0.500000,-0.007954,-0.205183,0.481845,-0.296958,0.057907,0.008433,0.001463,-0.000668,-0.002672,0.021274,0.000501,-0.000461,0.464310,0.162334,0.000000,0.000000,0.000000
6.016000,0.000000,0.000000,0.593700,0.000000,0.000000,0.000000,-0.002686,0.000000,-0.011944,0.054535,0.450000,0.000000,0.000000,-0.500000,-0.010545,-0.204581,0.481968,-0.223106,0.092191,-0.027116,0.000828,-0.000570,-0.002673,0.021363,0.001333,-0.000062,0.459672,0.161908,0.000000,0.000000,0.000000
6.028000,0.000000,0.000000,0.593700,0.000000,0.000000,0.000000,-0.002686,0.000000,-0.011944,0.054535,0.450000,-0.000000,0.000000,-0.500000,-0.012608,-0.203505,0.481520,-0.154386,0.129204,-0.069287,0.000000,0.000000,-0.002686,0.021082,0.002644,0.000107,0.457796,0.161479,0.000000,0.000000,0.000000
6.040000,0.000000,0.000000,0.593700,0.000000,0.000000,0.000000,-0.002686,0.000000,-0.011944,0.054535,0.450000,0.000000,0.000000,-0.500000,-0.014041,-0.201897,0.480541,-0.088660,0.172153,-0.104201,0.000000,0.000000,-0.002686,0.020477,0.004118,0.000533,0.459693,0.161453,0.000000,0.000000,0.000000
6.052000,0.000000,0.000000,0.593700,0.000000,0.000000,0.000000,-0.002686,0.000000,-0.011944,0.054535,0.450000,-0.000000,-0.000000,-0.500000,-0.014786,-0.199742,0.479139,-0.026738,0.216279,-0.129795,0.000000,0.000000,-0.002686,0.019095,0.005293,0.001161,0.466006,0.162198,0.000000,0.000000,0.000000
6.064000,0.000000,0.000000,0.593700,0.000000,0.000000,0.000000,-0.002686,0.000000,-0.011944,0.054535,0.450000,0.000000,-0.000000,-0.500000,-0.014904,-0.197091,0.477541,0.023519,0.255291,-0.132616,0.000000,0.000000,-0.002686,0.016995,0.006041,0.001691,0.477037,0.164051,0.000000,0.000000,0.000000
6.076000,0.000000,0.000000,0.593700,0.000000,0.000000,0.000000,-0.002686,0.000000,-0.011944,0.054535,0.450000,0.000000,-0.000000,-0.500000,-0.014654,-0.194040,0.476046,0.049399,0.286769,-0.115785,0.000000,0.000000,-0.002686,0.014643,0.006442,0.002027,0.491994,0.167404,0.000000,0.000000,0.000000
6.088000,0.000000,0.000000,0.593700,0.000000,0.000000,0.000000,-0.002686,0.000000,-0.011944,0.054535,0.450000,0.000000,0.000000,-0.500000,-0.013836,-0.190431,0.474794,0.067581,0.306832,-0.090246,0.000000,0.000000,-0.002686,0.012042,0.006731,0.002173,0.508919,0.172440,0.000000,0.000000,0.000000
6.100000,0.000000,0.000000,0.593700,0.000000,0.000000,0.000000,-0.002686,0.000000,-0.011944,0.054535,0.450000,0.000000,-0.000000,-0.500000,-0.013524,-0.186823,0.473830,0.041667,0.327612,-0.064801,0.000000,0.000000,-0.002686,0.010703,0.007291,0.002174,0.524384,0.179083,0.000000,0.000000,0.000000
6.112000,0.000000,0.000000,0.593700,0.000000,0.000000,0.000000,-0.002686,0.000000,-0.011944,0.054535,0.450000,0.000000,-0.000000,-0.500000,-0.013250,-0.182930,0.473211,0.037496,0.346819,-0.041583,0.000000,0.000000,-0.002686,0.009922,0.007508,0.002124,0.535853,0.186122,0.000000,0.000000,0.000000
6.124000,0.000000,0.000000,0.593700,0.000000,0.000000,0.000000,-0.002686,0.000000,-0.011944,0.054535,0.450000,0.000000,-0.000000,-0.500000,-0.012816,-0.178802,0.472877,0.048708,0.363677,-0.023090,0.000000,0.000000,-0.002686,0.009917,0.007463,0.002036,0.543091,0.192321,0.000000,0.000000,0.000000
6.136000,0.000000,0.000000,0.593700,0.000000,0.000000,0.000000,-0.002686,0.000000,-0.011944,0.054535,0.450000,0.000000,-0.000000,-0.500000,-0.012222,-0.174473,0.472755,0.055117,0.377163,-0.011229,0.000000,0.000000,-0.002686,0.010687,0.007708,0.001956,0.545369,0.196755,0.000000,0.000000,0.000000
6.148000,0.000000,0.000000,0.593700,0.000000,0.000000,0.000000,-0.002686,0.000000,-0.011944,0.054535,0.450000,0.000000,-0.000000,-0.494519,-0.011551,-0.169958,0.472713,0.059758,0.390677,-0.010531,0.000000,0.000000,-0.002686,0.012076,0.008186,0.001946,0.542339,0.199028,0.000000,0.000000,0.000000
6.158000,0.000000,0.000000,0.593700,0.000000,0.000000,0.000000,-0.002686,0.000000,-0.011944,0.054535,0.450000,0.000000,-0.000000,-0.480762,-0.010948,-0.166030,0.472660,0.064271,0.404884,-0.014614,0.000000,0.000000,-0.002686,0.013382,0.008538,0.002000,0.536670,0.199101,0.000000,0.000000,0.000000
6.170000,0.000000,0.000000,0.593700,0.000000,0.000000,0.000000,-0.002686,0.000000,-0.011944,0.054535,0.450000,0.000000,-0.000000,-0.465322,-0.010219,-0.161088,0.472529,0.063768,0.425497,-0.022985,0.000000,0.000000,-0.002686,0.014721,0.008807,0.002148,0.527547,0.197258,0.000000,0.000000,0.000000
6.182000,0.000000,0.000000,0.593700,0.000000,0.000000,0.000000,-0.002686,0.000000,-0.011944,0.054535,0.450000,0.000000,-0.000000,-0.460940,-0.009592,-0.155871,0.472269,0.053960,0.450151,-0.035247,0.000000,0.000000,-0.002686,0.015546,0.008813,0.002357,0.517136,0.193973,0.000000,0.000000,0.000000
6.194000,0.000000,0.000000,0.593700,0.000000,0.000000,0.000000,-0.002686,0.000000,-0.011944,0.054535,0.450000,0.000000,-0.000000,-0.477117,-0.009171,-0.150333,0.471834,0.036436,0.479836,-0.050426,0.000000,0.000000,-0.002686,0.015688,0.008396,0.002556,0.506597,0.189949,0.000000,0.000000,0.000000
6.206000,0.000000,0.000000,0.593700,0.000000,0.000000,0.000000,-0.002686,0.000000,-0.011944,0.054535,0.450000,0.000000,-0.000000,-0.500000,-0.009037,-0.144421,0.471179,0.012140,0.514894,-0.067908,0.000000,0.000000,-0.002686,0.015054,0.007451,0.002658,0.496946,0.185747,0.000000,0.000000,0.000000
6.218000,0.000000,0.000000,0.593700,0.000000,0.000000,0.000000,-0.002686,0.000000,-0.011944,0.054535,0.450000,0.000000,-0.000000,-0.500000,-0.009210,-0.137858,0.470220,-0.018375,0.580879,-0.086298,-0.004892,-0.001642,-0.002691,0.013261,0.006111,0.002449,0.489112,0.181355,0.000000,0.000000,0.000000
6.230000,0.000000,0.000000,0.593700,0.000000,0.000000,0.000000,-0.002686,0.000000,-0.011944,0.054535,0.450000,-0.000000,-0.000000,-0.500000,-0.009836,-0.130830,0.469347,-0.052777,0.582827,-0.051136,-0.007469,-0.001310,-0.002704,0.006961,0.004213,0.001805,0.488643,0.175897,0.000000,0.000000,0.000000
6.242000,0.000000,0.000000,0.593700,0.000000,0.000000,0.000000,-0.002686,0.000000,-0.011944,0.054535,0.450000,-0.000000,-0.000000,-0.479530,-0.010800,-0.124146,0.468873,-0.086553,0.569361,-0.031263,-0.007229,-0.001455,-0.002691,0.002392,0.001797,0.001357,0.488181,0.170674,0.000000,0.000000,0.000000
6.254000,0.000000,0.000000,0.593700,0.000000,0.000000,0.000000,-0.002686,0.000000,-0.011944,0.054535,0.450000,-0.000000,-0.000000,-0.466140,-0.011730,-0.117301,0.468372,-0.089301,0.558106,-0.033843,-0.006546,-0.000919,-0.002688,0.002657,0.001108,0.000891,0.488772,0.164809,0.000000,0.000000,0.000000
6.266000,0.000000,0.000000,0.593700,0.000000,0.000000,0.000000,-0.002686,0.000000,-0.011944,0.054535,0.450000,0.000000,-0.000000,-0.466140,-0.012515,-0.110702,0.467887,-0.069145,0.527145,-0.038993,-0.007024,-0.000939,-0.002692,0.002122,0.001560,0.000589,0.488120,0.159028,0.000000,0.000000,0.000000
6.278000,0.000000,0.000000,0.593700,0.000000,0.000000,0.000000,-0.002686,0.000000,-0.011944,0.054535,0.450000,0.000000,0.000000,-0.490140,-0.013023,-0.104460,0.467351,-0.041579,0.499005,-0.045095,-0.007462,-0.000937,-0.002694,0.000983,0.001649,0.000432,0.487652,0.153597,0.000000,0.000000,0.000000
6.290000,0.000000,0.000000,0.593700,0.000000,0.000000,0.000000,-0.002686,0.000000,-0.011944,0.054535,0.450000,0.000000,-0.000000,-0.500000,-0.013131,-0.098504,0.466690,-0.013531,0.475876,-0.045364,-0.007793,-0.000803,-0.002694,-0.000387,0.001285,0.000356,0.487765,0.148330,0.000000,0.000000,0.000000
6.302000,0.000000,0.000000,0.593700,0.000000,0.000000,0.000000,-0.002686,0.000000,-0.011944,0.054535,0.450000,0.000000,-0.000000,-0.500000,-0.013092,-0.092790,0.465990,0.002801,0.456660,-0.038679,-0.008225,-0.000558,-0.002691,-0.001781,0.000722,0.000288,0.488415,0.143160,0.000000,0.000000,0.000000
6.314000,0.000000,0.000000,0.593700,0.000000,0.000000,0.000000,-0.002686,0.000000,-0.011944,0.054535,0.450000,0.000000,-0.000000,-0.500000,-0.012953,-0.087199,0.465335,0.015514,0.427064,-0.049007,-0.007848,-0.000466,-0.002691,-0.004743,0.000467,0.000175,0.489746,0.138026,0.000000,0.000000,0.000000
6.326000,0.000000,0.000000,0.593700,0.000000,0.000000,0.000000,-0.002686,0.000000,-0.011944,0.054535,0.450000,-0.000000,-0.000000,-0.500000,-0.012786,-0.082313,0.464463,0.016985,0.385708,-0.066455,-0.006733,-0.000193,-0.002690,-0.005774,0.000447,0.000212,0.491279,0.134917,0.000000,0.000000,0.000000
6.338000,0.000000,0.000000,0.593700,0.000000,0.000000,0.000000,-0.002686,0.000000,-0.011944,0.054535,0.450000,0.000000,-0.000000,-0.500000,-0.012662,-0.077820,0.463439,0.012507,0.348130,-0.079168,-0.006006,-0.000077,-0.002688,-0.005733,0.000187,0.000292,0.493739,0.134206,0.000000,0.000000,0.000000
6.350000,0.000000,0.000000,0.593700,0.000000,0.000000,0.000000,-0.002686,0.000000,-0.011944,0.054535,0.450000,0.000000,0.000000,-0.500000,-0.012612,-0.073727,0.462303,0.002914,0.312233,-0.083919,-0.005504,-0.000058,-0.002685,-0.005499,-0.000279,0.000443,0.497774,0.136139,0.000000,0.000000,0.000000
6.362000,0.000000,0.000000,0.593700,0.000000,0.000000,0.000000,-0.002686,0.000000,-0.011944,0.054535,0.450000,0.000000,-0.000000,-0.500000,-0.012663,-0.070046,0.461162,-0.008354,0.278491,-0.079001,-0.005130,-0.000094,-0.002683,-0.005539,-0.000807,0.000650,0.503695,0.141082,0.000000,0.000000,0.000000
6.374000,0.000000,0.000000,0.593700,0.000000,0.000000,0.000000,-0.002686,0.000000,-0.011944,0.054535,0.450000,-0.000000,-0.000000,-0.500000,-0.012805,-0.066766,0.460155,-0.016407,0.249014,-0.064768,-0.004724,-0.000118,-0.002681,-0.005926,-0.001262,0.000825,0.511675,0.149220,0.000000,0.000000,0.000000
6.386000,0.000000,0.000000,0.593700,0.000000,0.000000,0.000000,-0.002686,0.000000,-0.011944,0.054535,0.450000,0.000000,-0.000000,-0.500000,-0.013006,-0.063835,0.459371,-0.021631,0.226514,-0.045820,-0.004259,-0.000109,-0.002680,-0.006487,-0.001534,0.000940,0.521643,0.160272,0.000000,0.000000,0.000000
6.398000,0.000000,0.000000,0.593700,0.000000,0.000000,0.000000,-0.002686,0.000000,-0.011944,0.054535,0.450000,0.000000,-0.000000,-0.499561,-0.013245,-0.061162,0.458843,-0.024393,0.212390,-0.026006,-0.003831,-0.000093,-0.002681,-0.006991,-0.001580,0.000977,0.533045,0.173446,0.000000,0.000000,0.000000
6.410000,0.000000,0.000000,0.593700,0.000000,0.000000,0.000000,-0.002686,0.000000,-0.011944,0.054535,0.450000,-0.000000,-0.000000,-0.477097,-0.013506,-0.058650,0.458581,-0.025543,0.206232,-0.007326,-0.003460,-0.000071,-0.002682,-0.007207,-0.001433,0.000904,0.544814,0.187595,0.000000,0.000000,0.000000
6.422000,0.000000,0.000000,0.593700,0.000000,0.000000,0.000000,-0.002686,0.000000,-0.011944,0.054535,0.450000,0.000000,-0.000000,-0.453097,-0.013785,-0.056210,0.458558,-0.025936,0.206051,0.008489,-0.003164,-0.000043,-0.002683,-0.006907,-0.001207,0.000690,0.555522,0.201445,0.000000,0.000000,0.000000
6.432000,0.000000,0.000000,0.593700,0.000000,0.000000,0.000000,-0.002686,0.000000,-0.011944,0.054535,0.450000,-0.000000,0.000000,-0.433097,-0.014031,-0.054183,0.458691,-0.026190,0.208551,0.019014,-0.002995,-0.000020,-0.002683,-0.006111,-0.001064,0.000391,0.562518,0.211914,0.000000,0.000000,0.000000
6.444000,0.000000,0.000000,0.593700,0.000000,0.000000,0.000000,-0.002686,0.000000,-0.011944,0.054535,0.450000,-0.000000,0.000000,-0.409097,-0.014342,-0.051718,0.458982,-0.027246,0.212966,0.027104,0.094942,-0.036279,-0.004667,-0.004408,-0.001016,-0.000109,0.567407,0.222421,0.000000,0.000000,0.000000
6.456000,0.000000,0.000000,0.593700,0.000000,0.000000,0.000000,-0.002686,0.000000,-0.011944,0.054535,0.450000,0.000000,-0.000000,-0.428131,-0.015004,-0.050604,0.459392,-0.041926,0.217281,0.030203,0.089132,-0.033690,-0.003982,0.016738,-0.003994,-0.000495,0.563746,0.211784,0.000000,0.000000,0.000000
6.468000,0.000000,0.000000,0.593700,0.000000,0.000000,0.000000,-0.002686,0.000000,-0.011944,0.054535,0.450000,0.000000,-0.000000,-0.439475,-0.015438,-0.047961,0.459714,-0.022545,0.205471,0.018841,0.088025,-0.034511,-0.004040,0.030531,-0.010051,-0.001229,0.555658,0.197573,0.000000,0.000000,0.000000
6.480000,0.000000,0.000000,0.593700,0.000000,0.000000,0.000000,-0.002686,0.000000,-0.011944,0.054535,0.450000,0.000000,-0.000000,-0.415475,-0.015694,-0.045413,0.459943,-0.028229,0.216934,0.011371,0.087769,-0.034584,-0.004045,0.045793,-0.016156,-0.002015,0.545418,0.182638,0.000000,0.000000,0.000000
6.492000,0.000000,0.000000,0.593700,0.000000,0.000000,0.000000,-0.002686,0.000000,-0.011944,0.054535,0.450000,0.000000,-0.000000,-0.391475,-0.016639,-0.042648,0.460026,-0.087417,0.226121,-0.002061,0.087619,-0.034466,-0.004003,0.059014,-0.020902,-0.002713,0.534029,0.171234,0.000000,0.000000,0.000000
6.504000,0.000000,0.000000,0.593700,0.000000,0.000000,0.000000,-0.002686,0.000000,-0.011944,0.054535,0.450000,0.000000,-0.000000,-0.367475,-0.017608,-0.039694,0.459882,-0.090014,0.236264,-0.023178,0.086803,-0.034956,-0.003965,0.069806,-0.025233,-0.003395,0.521303,0.164137,0.000000,0.000000,0.000000
6.516000,0.000000,0.000000,0.593700,0.000000,0.000000,0.000000,-0.002686,0.000000,-0.011944,0.054535,0.450000,0.000000,-0.000000,-0.343475,-0.018551,-0.036232,0.459497,-0.077627,0.274861,-0.029653,0.083972,-0.054145,-0.003325,0.075883,-0.029319,-0.004135,0.514158,0.163748,0.000000,0.000000,0.000000
6.528000,0.000000,0.000000,0.593700,0.000000,0.000000,0.000000,-0.002686,0.000000,-0.011944,0.054535,0.450000,-0.000000,-0.000000,-0.319475,-0.019183,-0.032903,0.459058,-0.048377,0.276543,-0.035736,0.084057,-0.054574,-0.003580,0.077519,-0.033515,-0.004165,0.512081,0.167141,0.000000,0.000000,0.000000
6.540000,0.000000,0.000000,0.593700,0.000000,0.000000,0.000000,-0.002686,0.000000,-0.011944,0.054535,0.450000,0.000000,-0.000000,-0.327987,-0.019172,-0.028515,0.459028,-0.005877,0.284052,0.030820,-0.005513,-0.001351,-0.002396,0.067081,-0.035396,-0.003797,0.512682,0.173025,0.000000,0.000000,0.000000
6.552000,0.000000,0.000000,0.593700,0.000000,0.000000,0.000000,-0.002686,0.000000,-0.011944,0.054535,0.450000,0.000000,-0.000000,-0.351987,-0.018725,-0.025116,0.459290,0.022708,0.257784,0.021286,-0.005929,0.000626,-0.002540,0.052853,-0.030576,-0.002438,0.516141,0.176468,0.000000,0.000000,0.000000
6.564000,0.000000,0.000000,0.593700,0.000000,0.000000,0.000000,-0.002686,0.000000,-0.011944,0.054535,0.450000,0.000000,-0.000000,-0.369275,-0.018479,-0.022210,0.459441,0.014532,0.232677,0.007837,-0.005345,0.000943,-0.002601,0.041586,-0.023795,-0.001540,0.517587,0.179000,0.000000,0.000000,0.000000
6.576000,0.000000,0.000000,0.593700,0.000000,0.000000,0.000000,-0.002686,0.000000,-0.011944,0.054535,0.450000,-0.000000,0.000000,-0.351988,-0.018492,-0.019556,0.459508,-0.004046,0.214380,-0.000757,-0.004198,0.000933,-0.002644,0.032599,-0.017849,-0.001163,0.517640,0.181323,0.000000,0.000000,0.000000
6.588000,0.000000,0.000000,0.593700,0.000000,0.000000,0.000000,-0.002686,0.000000,-0.011944,0.054535,0.450000,-0.000000,-0.000000,-0.327988,-0.018734,-0.017134,0.459520,-0.022280,0.198839,-0.003715,-0.003444,0.000540,-0.002656,0.025507,-0.013043,-0.001095,0.516764,0.183469,0.000000,0.000000,0.000000
6.600000,0.000000,0.000000,0.593700,0.000000,0.000000,0.000000,-0.002686,0.000000,-0.011944,0.054535,0.450000,-0.000000,-0.000000,-0.303988,-0.018885,-0.014894,0.459533,-0.023292,0.186174,-0.002284,-0.002803,0.000120,-0.002663,0.019994,-0.009353,-0.001185,0.515174,0.185480,0.000000,0.000000,0.000000
6.612000,0.000000,0.000000,0.593700,0.000000,0.000000,0.000000,-0.002686,0.000000,-0.011944,0.054535,0.450000,0.000000,0.000000,-0.279988,-0.018985,-0.012734,0.459543,-0.011291,0.175102,-0.016477,-0.002426,-0.000163,-0.002667,0.015563,-0.006781,-0.001410,0.513568,0.187522,0.000000,0.000000,0.000000
6.624000,0.000000,0.000000,0.593700,0.000000,0.000000,0.000000,-0.002686,0.000000,-0.011944,0.054535,0.450000,0.000000,-0.000000,-0.255988,-0.019032,-0.010723,0.459186,0.002454,0.160758,-0.040773,-0.002052,-0.000379,-0.002671,0.012079,-0.004928,-0.001708,0.513136,0.189464,0.000000,0.000000,0.000000
6.636000,0.000000,0.000000,0.593700,0.000000,0.000000,0.000000,-0.002686,0.000000,-0.011944,0.054535,0.450000,0.000000,0.000000,-0.231988,-0.019005,-0.008861,0.458590,0.011566,0.146288,-0.058524,-0.001762,-0.000540,-0.002675,0.009391,-0.003560,-0.001932,0.514476,0.191491,0.000000,0.000000,0.000000
6.648000,0.000000,0.000000,0.593700,0.000000,0.000000,0.000000,-0.002686,0.000000,-0.011944,0.054535,0.450000,0.000000,-0.000000,-0.207988,-0.018899,-0.007159,0.457809,0.017933,0.132685,-0.067178,-0.001502,-0.000675,-0.002677,0.007280,-0.002611,-0.002065,0.518581,0.193910,0.000000,0.000000,0.000000
6.660000,0.000000,0.000000,0.593700,0.000000,0.000000,0.000000,-0.002686,0.000000,-0.011944,0.054535,0.450000,-0.000000,0.000000,-0.183988,-0.018713,-0.005612,0.456967,0.023310,0.120723,-0.064737,-0.001267,-0.000789,-0.002679,0.005605,-0.001997,-0.002132,0.526350,0.196848,0.000000,0.000000,0.000000
6.672000,0.000000,0.000000,0.593700,0.000000,0.000000,0.000000,-0.002686,0.000000,-0.011944,0.054535,0.450000,0.000000,-0.000000,-0.159988,-0.018447,-0.004204,0.456205,0.028244,0.110682,-0.052312,-0.001059,-0.000881,-0.002681,0.004289,-0.001602,-0.002163,0.538173,0.200256,0.000000,0.000000,0.000000
6.682000,0.000000,0.000000,0.593700,0.000000,0.000000,0.000000,-0.002686,0.000000,-0.011944,0.054535,0.450000,0.000000,0.000000,-0.139988,-0.018167,-0.003122,0.455716,0.032023,0.103679,-0.036641,-0.000910,-0.000942,-0.002682,0.003449,-0.001346,-0.002177,0.550663,0.203269,0.000000,0.000000,0.000000
6.694000,0.000000,0.000000,0.593700,0.000000,0.000000,0.000000,-0.002686,0.000000,-0.011944,0.054535,0.450000,-0.000000,0.000000,-0.115988,-0.017767,-0.001917,0.455369,0.036168,0.096493,-0.015004,-0.000764,-0.000999,-0.002683,0.002757,-0.001020,-0.002195,0.567162,0.206678,0.000000,0.000000,0.000000
6.706000,0.000000,0.000000,0.593700,0.000000,0.000000,0.000000,-0.002686,0.000000,-0.011944,0.054535,0.450000,0.000000,-0.000000,-0.091988,-0.017308,-0.000800,0.455300,0.039738,0.090063,0.005500,-0.000660,-0.001037,-0.002683,0.002437,-0.000584,-0.002212,0.582631,0.209285,0.000000,0.000000,0.000000
6.718000,0.000000,0.000000,0.593700,0.000000,0.000000,0.000000,-0.002686,0.000000,-0.011944,0.054535,0.450000,0.000000,0.000000,-0.067988,-0.016794,0.000241,0.455471,0.043686,0.083759,0.021781,-0.000645,-0.001034,-0.002684,0.002499,0.000001,-0.002235,0.594016,0.210485,0.000000,0.000000,0.000000
6.730000,0.000000,0.000000,0.593700,0.000000,0.000000,0.000000,-0.002686,0.000000,-0.011944,0.054535,0.450000,0.000000,-0.000000,-0.043988,-0.016214,0.001211,0.455841,0.049318,0.077363,0.033075,-0.000677,-0.001012,-0.002684,0.002915,0.000723,-0.002259,0.599126,0.209901,0.000000,0.000000,0.000000
6.742000,0.000000,0.000000,0.593700,0.000000,0.000000,0.000000,-0.002686,0.000000,-0.011944,0.054535,0.450000,0.000000,-0.000000,-0.019988,-0.015558,0.002116,0.456337,0.055703,0.070982,0.037963,-0.000738,-0.000984,-0.002684,0.003585,0.001551,-0.002265,0.597223,0.207532,0.000000,0.000000,0.000000
6.754000,0.000000,0.000000,0.593700,0.000000,0.000000,0.000000,-0.002686,0.000000,-0.011944,0.054535,0.450004,0.000000,-0.000000,0.004012,-0.014836,0.002961,0.456869,0.061081,0.064949,0.036206,-0.000807,-0.000961,-0.002684,0.004358,0.002413,-0.002239,0.589027,0.203742,0.000000,0.000000,0.000000
6.766000,0.000000,0.000000,0.593700,0.000000,0.000000,0.000000,-0.002686,0.000000,-0.011944,0.054535,0.450196,-0.000000,-0.000000,0.028012,-0.014070,0.003753,0.457322,0.065164,0.059680,0.026978,-0.000926,-0.000919,-0.002684,0.005064,0.003208,-0.002227,0.576450,0.199159,0.000000,0.000000,0.000000
6.778000,0.000000,0.000000,0.593700,0.000000,0.000000,0.000000,-0.002686,0.000000,-0.011944,0.054535,0.450676,0.000000,-0.000000,0.052012,-0.013299,0.004492,0.457652,0.064565,0.054925,0.015187,-0.001083,-0.000860,-0.002685,0.005566,0.003903,-0.002215,0.560219,0.194524,0.000000,0.000000,0.000000
6.790000,0.000000,0.000000,0.593700,0.000000,0.000000,0.000000,-0.002686,0.000000,-0.011944,0.054535,0.451444,-0.000000,-0.000000,0.076012,-0.012578,0.005182,0.457784,0.061798,0.051028,-0.000715,-0.001148,-0.000856,-0.002686,0.005800,0.004374,-0.002236,0.545054,0.190474,0.000000,0.000000,0.000000
6.802000,0.000000,0.000000,0.593700,0.000000,0.000000,0.000000,-0.002686,0.000000,-0.011944,0.054535,0.452501,0.000000,0.000000,0.100012,-0.011920,0.005826,0.457716,0.057057,0.047937,-0.015988,-0.001147,-0.000889,-0.002686,0.005769,0.004553,-0.002292,0.532871,0.187443,0.000000,0.000000,0.000000
6.814000,0.000000,0.000000,0.593700,0.000000,0.000000,0.000000,-0.002686,0.000000,-0.011944,0.054535,0.453845,0.000000,-0.000000,0.124012,-0.011333,0.006428,0.457458,0.052391,0.045567,-0.028951,-0.001089,-0.000950,-0.002686,0.005502,0.004395,-0.002386,0.524326,0.185608,0.000000,0.000000,0.000000
6.826000,0.000000,0.000000,0.593700,0.000000,0.000000,0.000000,-0.002686,0.000000,-0.011944,0.054535,0.455476,0.000000,0.000000,0.147594,-0.010812,0.006911,0.457066,0.049980,0.039195,-0.008837,-0.001277,-0.001308,-0.002683,0.005676,0.003857,-0.002438,0.519533,0.185577,0.000000,0.000000,0.000000
6.838000,0.000000,0.000000,0.593700,0.000000,0.000000,0.000000,-0.002686,0.000000,-0.011944,0.054535,0.457322,0.000000,-0.000000,0.157555,-0.010179,0.007319,0.457003,0.057821,0.033550,0.010036,-0.000847,-0.001182,-0.002681,0.006326,0.003375,-0.002559,0.517574,0.186078,0.000000,0.000000,0.000000
6.850000,0.000000,0.000000,0.593700,0.000000,0.000000,0.000000,-0.002686,0.000000,-0.011944,0.054535,0.459226,0.000000,-0.000000,0.159149,-0.009476,0.007861,0.457180,0.057743,0.039900,0.029087,-0.001600,-0.001297,-0.002683,0.005809,0.002921,-0.002700,0.515949,0.186784,0.000000,0.000000,0.000000
6.862000,0.000000,0.000000,0.593700,0.000000,0.000000,0.000000,-0.002686,0.000000,-0.011944,0.054535,0.461133,0.000000,-0.000000,0.158599,-0.008898,0.008369,0.457596,0.040288,0.050571,0.048318,-0.000896,-0.001149,-0.002682,0.004774,0.001943,-0.002817,0.514915,0.186932,0.000000,0.000000,0.000000
6.874000,0.000000,0.000000,0.593700,0.000000,0.000000,0.000000,-0.002686,0.000000,-0.011944,0.054535,0.463030,0.000000,0.000000,0.157506,-0.008498,0.009001,0.458236,0.023511,0.061439,0.058003,-0.000631,-0.001034,-0.002683,0.004169,0.001175,-0.002851,0.514452,0.187204,0.000000,0.000000,0.000000
6.886000,0.000000,0.000000,0.593700,0.000000,0.000000,0.000000,-0.002686,0.000000,-0.011944,0.054535,0.464913,-0.000000,0.000000,0.156282,-0.008276,0.009727,0.459010,0.011824,0.069237,0.065441,-0.000597,-0.000989,-0.002683,0.003754,0.000736,-0.002844,0.514046,0.187585,0.000000,0.000000,0.000000
6.898000,0.000000,0.000000,0.593700,0.000000,0.000000,0.000000,-0.002686,0.000000,-0.011944,0.054535,0.466781,-0.000000,-0.000000,0.155031,-0.008247,0.010506,0.459875,0.001622,0.073727,0.072521,-0.000633,-0.000977,-0.002683,0.003416,0.000502,-0.002822,0.513493,0.188043,0.000000,0.000000,0.000000
6.910000,0.000000,0.000000,0.593700,0.000000,0.000000,0.000000,-0.002686,0.000000,-0.011944,0.054535,0.468634,0.000000,-0.000000,0.153781,-0.008388,0.011402,0.460805,-0.009249,0.075798,0.063683,-0.000923,-0.000973,-0.002684,0.002707,0.000235,-0.002817,0.512718,0.188666,0.000000,0.000000,0.000000
6.922000,0.000000,0.000000,0.593700,0.000000,0.000000,0.000000,-0.002686,0.000000,-0.011944,0.054535,0.470471,0.000000,0.000000,0.152539,-0.008586,0.012257,0.461460,-0.017871,0.073995,0.042154,-0.000930,-0.000977,-0.002684,0.002127,-0.000104,-0.002818,0.512186,0.189187,0.000000,0.000000,0.000000
6.932000,0.000000,0.000000,0.593700,0.000000,0.000000,0.000000,-0.002686,0.000000,-0.011944,0.054535,0.471992,-0.000000,0.000000,0.151511,-0.008801,0.012972,0.461800,-0.023427,0.072812,0.027757,-0.000920,-0.000970,-0.002684,0.001830,-0.000426,-0.002865,0.512512,0.189840,0.000000,0.000000,0.000000
6.944000,0.000000,0.000000,0.593700,0.000000,0.000000,0.000000,-0.002686,0.000000,-0.011944,0.054535,0.473802,0.000000,-0.000000,0.150286,-0.009113,0.013823,0.462031,-0.027823,0.070931,0.018263,-0.000925,-0.000970,-0.002684,0.001666,-0.000874,-0.002965,0.514780,0.191284,0.000000,0.000000,0.000000
6.956000,0.000000,0.000000,0.593700,0.000000,0.000000,0.000000,-0.002686,0.000000,-0.011944,0.054535,0.475599,0.000000,-0.000000,0.149071,-0.009465,0.014658,0.462194,-0.030328,0.068410,0.020300,-0.000937,-0.000974,-0.002683,0.001662,-0.001368,-0.003082,0.519999,0.193679,0.000000,0.000000,0.000000
6.968000,0.000000,0.000000,0.593700,0.000000,0.000000,0.000000,-0.002686,0.000000,-0.011944,0.054535,0.477380,0.000000,-0.000000,0.147866,-0.009839,0.015466,0.462434,-0.032225,0.065533,0.032780,-0.000932,-0.000967,-0.002683,0.001769,-0.001834,-0.003196,0.528777,0.197080,0.000000,0.000000,0.000000
6.980000,0.000000,0.000000,0.593700,0.000000,0.000000,0.000000,-0.002686,0.000000,-0.011944,0.054535,0.479147,-0.000000,0.000000,0.146671,-0.010227,0.016247,0.462876,-0.033917,0.062798,0.052868,-0.000909,-0.000949,-0.002682,0.001929,-0.002192,-0.003299,0.540941,0.201329,0.000000,0.000000,0.000000
6.992000,0.000000,0.000000,0.593700,0.000000,0.000000,0.000000,-0.002686,0.000000,-0.011944,0.054535,0.480900,-0.000000,0.000000,0.145485,-0.010623,0.017002,0.463600,-0.035007,0.060653,0.076388,-0.000882,-0.000928,-0.002682,0.002075,-0.002383,-0.003393,0.555225,0.206006,0.000000,0.000000,0.000000
7.004000,0.000000,0.000000,0.593700,0.000000,0.000000,0.000000,-0.002686,0.000000,-0.011944,0.054535,0.482639,0.000000,-0.000000,0.144309,-0.011015,0.017740,0.464627,-0.034685,0.059369,0.099313,-0.000856,-0.000909,-0.002682,0.002135,-0.002380,-0.003475,0.569334,0.210466,0.000000,0.000000,0.000000
7.016000,0.000000,0.000000,0.593700,0.000000,0.000000,0.000000,-0.002686,0.000000,-0.011944,0.054535,0.484364,0.000000,-0.000000,0.143143,-0.011390,0.018467,0.465942,-0.032848,0.059073,0.118970,-0.000836,-0.000893,-0.002682,0.002053,-0.002168,-0.003541,0.580470,0.213971,0.000000,0.000000,0.000000
7.028000,0.000000,0.000000,0.593700,0.000000,0.000000,0.000000,-0.002686,0.000000,-0.011944,0.054535,0.486075,0.000000,-0.000000,0.141984,-0.011734,0.019193,0.467488,-0.029981,0.059760,0.133133,-0.000814,-0.000879,-0.002683,0.001813,-0.001758,-0.003594,0.586148,0.215893,0.000000,0.000000,0.000000
7.040000,0.000000,0.000000,0.593700,0.000000,0.000000,0.000000,-0.002686,0.000000,-0.011944,0.054535,0.487771,0.000000,-0.000000,0.140760,-0.012044,0.019924,0.469187,-0.026641,0.061265,0.140660,-0.000793,-0.000867,-0.002684,0.001439,-0.001197,-0.003642,0.584954,0.215870,0.000000,0.000000,0.000000
7.052000,0.000000,0.000000,0.593700,0.000000,0.000000,0.000000,-0.002686,0.000000,-0.011944,0.054535,0.489451,-0.000000,0.000000,0.139086,-0.012323,0.020668,0.470950,-0.023595,0.063255,0.141319,-0.000778,-0.000859,-0.002685,0.001001,-0.000570,-0.003690,0.576922,0.213888,0.000000,0.000000,0.000000
7.064000,0.000000,0.000000,0.593700,0.000000,0.000000,0.000000,-0.002686,0.000000,-0.011944,0.054535,0.491108,-0.000000,-0.000000,0.136997,-0.012584,0.021428,0.472688,-0.021689,0.065300,0.135551,-0.000772,-0.000859,-0.002686,0.000593,0.000020,-0.003742,0.563454,0.210283,0.000000,0.000000,0.000000
7.076000,0.000000,0.000000,0.593700,0.000000,0.000000,0.000000,-0.002686,0.000000,-0.011944,0.054535,0.492739,-0.000000,0.000000,0.134839,-0.012846,0.022204,0.474321,-0.021449,0.066980,0.124374,-0.000781,-0.000870,-0.002686,0.000301,0.000470,-0.003795,0.546870,0.205669,0.000000,0.000000,0.000000
7.088000,0.000000,0.000000,0.593700,0.000000,0.000000,0.000000,-0.002686,0.000000,-0.011944,0.054535,0.494344,0.000000,0.000000,0.132699,-0.013132,0.022996,0.475786,-0.022807,0.067973,0.109347,-0.000808,-0.000891,-0.002687,0.000179,0.000700,-0.003843,0.529768,0.200789,0.000000,0.000000,0.000000
7.100000,0.000000,0.000000,0.593700,0.000000,0.000000,0.000000,-0.002686,0.000000,-0.011944,0.054535,0.495923,-0.000000,-0.000000,0.130590,-0.013452,0.023799,0.477041,-0.025133,0.068109,0.092430,-0.000850,-0.000921,-0.002686,0.000233,0.000673,-0.003879,0.514353,0.196341,0.000000,0.000000,0.000000
7.112000,0.000000,0.000000,0.593700,0.000000,0.000000,0.000000,-0.002686,0.000000,-0.011944,0.054535,0.497478,-0.000000,0.000000,0.128513,-0.013808,0.024606,0.478068,-0.027409,0.067371,0.075397,-0.000906,-0.000959,-0.002686,0.000423,0.000399,-0.003902,0.501966,0.192830,0.000000,0.000000,0.000000
7.124000,0.000000,0.000000,0.593700,0.000000,0.000000,0.000000,-0.002686,0.000000,-0.011944,0.054535,0.499008,0.000000,0.000000,0.126470,-0.014210,0.025419,0.478849,-0.032046,0.066575,0.074760,0.000069,-0.001649,-0.002686,0.000621,-0.000061,-0.003993,0.493939,0.191017,0.000000,0.000000,0.000000
7.136000,0.000000,0.000000,0.593700,0.000000,0.000000,0.000000,-0.002686,0.000000,-0.011944,0.054535,0.500513,-0.000000,-0.000000,0.124459,-0.014552,0.026228,0.479795,-0.023720,0.065643,0.095464,-0.000740,-0.001230,-0.002685,0.000740,-0.000493,-0.003990,0.491606,0.191525,0.000000,0.000000,0.000000
7.148000,0.000000,0.000000,0.593700,0.000000,0.000000,0.000000,-0.002686,0.000000,-0.011944,0.054535,0.501995,0.000000,-0.000000,0.122480,-0.014797,0.027031,0.480952,-0.018095,0.065278,0.110473,-0.000849,-0.001116,-0.002685,0.000698,-0.000751,-0.003960,0.489260,0.191835,0.000000,0.000000,0.000000
7.160000,0.000000,0.000000,0.593700,0.000000,0.000000,0.000000,-0.002686,0.000000,-0.011944,0.054535,0.503453,0.000000,-0.000000,0.120533,-0.014974,0.027817,0.482315,-0.013479,0.065272,0.124992,-0.000901,-0.000970,-0.002685,0.000575,-0.000674,-0.003868,0.486987,0.191957,0.000000,0.000000,0.000000
7.172000,0.000000,0.000000,0.593700,0.000000,0.000000,0.000000,-0.002686,0.000000,-0.011944,0.054535,0.504888,-0.000000,0.000000,0.118617,-0.015122,0.028600,0.483840,-0.011673,0.065225,0.129276,-0.000909,-0.000952,-0.002685,0.000473,-0.000549,-0.003762,0.484737,0.192055,0.000000,0.000000,0.000000
7.182000,0.000000,0.000000,0.593700,0.000000,0.000000,0.000000,-0.002686,0.000000,-0.011944,0.054535,0.506066,-0.000000,-0.000000,0.117043,-0.015226,0.029248,0.485156,-0.011616,0.064903,0.130453,-0.000919,-0.000954,-0.002685,0.000397,-0.000452,-0.003672,0.482903,0.192134,0.000000,0.000000,0.000000
7.194000,0.000000,0.000000,0.593700,0.000000,0.000000,0.000000,-0.002686,0.000000,-0.011944,0.054535,0.507460,0.000000,-0.000000,0.115182,-0.015243,0.030019,0.486770,-0.006830,0.064271,0.133205,-0.000956,-0.000975,-0.002685,0.000314,-0.000345,-0.003564,0.480719,0.191899,0.000000,0.000000,0.000000
7.206000,0.000000,0.000000,0.593700,0.000000,0.000000,0.000000,-0.002686,0.000000,-0.011944,0.054535,0.508831,-0.000000,-0.000000,0.113351,-0.015194,0.030831,0.488403,-0.001101,0.064599,0.124706,-0.001120,-0.001043,-0.002686,0.000014,-0.000289,-0.003469,0.478515,0.190476,0.000000,0.000000,0.000000
7.218000,0.000000,0.000000,0.593700,0.000000,0.000000,0.000000,-0.002686,0.000000,-0.011944,0.054535,0.510180,0.000000,0.000000,0.111549,-0.015200,0.031570,0.489745,0.003186,0.060992,0.099035,-0.000995,-0.001007,-0.002686,-0.000308,-0.000390,-0.003395,0.476859,0.189408,0.000000,0.000000,0.000000
7.230000,0.000000,0.000000,0.593700,0.000000,0.000000,0.000000,-0.002686,0.000000,-0.011944,0.054535,0.511508,0.000000,-0.000000,0.109775,-0.015212,0.032291,0.490764,0.004824,0.059149,0.077334,-0.000982,-0.001010,-0.002686,-0.000466,-0.000562,-0.003281,0.476371,0.188913,0.000000,0.000000,0.000000
7.242000,0.000000,0.000000,0.593700,0.000000,0.000000,0.000000,-0.002686,0.000000,-0.011944,0.054535,0.512815,0.000000,-0.000000,0.108030,-0.015217,0.033004,0.491547,0.004454,0.058412,0.063938,-0.000984,-0.001001,-0.002686,-0.000609,-0.000789,-0.003129,0.477884,0.189286,0.000000,0.000000,0.000000
7.254000,0.000000,0.000000,0.593700,0.000000,0.000000,0.000000,-0.002686,0.000000,-0.011944,0.054535,0.514101,0.000000,-0.000000,0.106312,-0.015220,0.033712,0.492205,0.002762,0.058242,0.060587,-0.000996,-0.000985,-0.002686,-0.000824,-0.001046,-0.002962,0.482159,0.190729,0.000000,0.000000,0.000000
7.266000,0.000000,0.000000,0.593700,0.000000,0.000000,0.000000,-0.002686,0.000000,-0.011944,0.054535,0.515366,-0.000000,-0.000000,0.104622,-0.015228,0.034415,0.492881,0.000370,0.058166,0.068058,-0.000994,-0.000976,-0.002686,-0.001125,-0.001295,-0.002800,0.489670,0.193331,0.000000,0.000000,0.000000
7.278000,0.000000,0.000000,0.593700,0.000000,0.000000,0.000000,-0.002686,0.000000,-0.011944,0.054535,0.516612,0.000000,-0.000000,0.102958,-0.015245,0.035109,0.493702,-0.001759,0.057928,0.083330,-0.000988,-0.000967,-0.002686,-0.001456,-0.001499,-0.002649,0.500280,0.196998,0.000000,0.000000,0.000000
7.290000,0.000000,0.000000,0.593700,0.000000,0.000000,0.000000,-0.002686,0.000000,-0.011944,0.054535,0.517838,-0.000000,-0.000000,0.101321,-0.015266,0.035791,0.494750,-0.003168,0.057397,0.102614,-0.000975,-0.000963,-0.002686,-0.001725,-0.001615,-0.002511,0.512860,0.201367,0.000000,0.000000,0.000000
7.302000,0.000000,0.000000,0.593700,0.000000,0.000000,0.000000,-0.002686,0.000000,-0.011944,0.054535,0.519044,0.000000,0.000000,0.099710,-0.015285,0.036461,0.496059,-0.003431,0.056542,0.122008,-0.000961,-0.000962,-0.002686,-0.001840,-0.001609,-0.002389,0.525325,0.205802,0.000000,0.000000,0.000000
7.314000,0.000000,0.000000,0.593700,0.000000,0.000000,0.000000,-0.002686,0.000000,-0.011944,0.054535,0.520231,0.000000,-0.000000,0.098125,-0.015290,0.037117,0.497609,-0.002431,0.055352,0.138098,-0.000941,-0.000966,-0.002686,-0.001738,-0.001459,-0.002279,0.535162,0.208212,0.000000,0.000000,0.000000
7.326000,0.000000,0.000000,0.593700,0.000000,0.000000,0.000000,-0.002686,0.000000,-0.011944,0.054535,0.521399,0.000000,-0.000000,0.096565,-0.015267,0.037762,0.499349,-0.000096,0.053888,0.149002,-0.000924,-0.000972,-0.002686,-0.001408,-0.001169,-0.002179,0.540233,0.207920,0.000000,0.000000,0.000000
7.338000,0.000000,0.000000,0.593700,0.000000,0.000000,0.000000,-0.002686,0.000000,-0.011944,0.054535,0.522548,0.000000,-0.000000,0.095030,-0.015210,0.038396,0.501206,0.002943,0.052340,0.153734,-0.000927,-0.000970,-0.002686,-0.000904,-0.000763,-0.002081,0.539447,0.205875,0.000000,0.000000,0.000000
7.350000,0.000000,0.000000,0.593700,0.000000,0.000000,0.000000,-0.002686,0.000000,-0.011944,0.054535,0.523680,0.000000,-0.000000,0.093519,-0.015124,0.039022,0.503096,0.005225,0.050927,0.152007,-0.000953,-0.000958,-0.002686,-0.000323,-0.000273,-0.001979,0.532988,0.202283,0.000000,0.000000,0.000000
7.362000,0.000000,0.000000,0.593700,0.000000,0.000000,0.000000,-0.002686,0.000000,-0.011944,0.054535,0.524793,0.000000,-0.000000,0.092032,-0.015034,0.039642,0.504937,0.005591,0.049931,0.144369,-0.000989,-0.000944,-0.002686,0.000222,0.000236,-0.001873,0.522122,0.197624,0.000000,0.000000,0.000000
7.374000,0.000000,0.000000,0.593700,0.000000,0.000000,0.000000,-0.002686,0.000000,-0.011944,0.054535,0.525888,0.000000,0.000000,0.090569,-0.014971,0.040260,0.506655,0.003562,0.049689,0.131723,-0.001018,-0.000936,-0.002686,0.000631,0.000677,-0.001771,0.508771,0.192541,0.000000,0.000000,0.000000
7.386000,0.000000,0.000000,0.593700,0.000000,0.000000,0.000000,-0.002686,0.000000,-0.011944,0.054535,0.526967,0.000000,-0.000000,0.089129,-0.014965,0.040882,0.508191,-0.000701,0.050471,0.115423,-0.001031,-0.000938,-0.002686,0.000840,0.000967,-0.001682,0.494985,0.187682,0.000000,0.000000,0.000000
7.398000,0.000000,0.000000,0.593700,0.000000,0.000000,0.000000,-0.002686,0.000000,-0.011944,0.054535,0.528028,0.000000,-0.000000,0.087712,-0.015037,0.041517,0.509505,-0.006538,0.052436,0.097170,-0.001025,-0.000952,-0.002686,0.000823,0.001048,-0.001617,0.482458,0.183566,0.000000,0.000000,0.000000
7.410000,0.000000,0.000000,0.593700,0.000000,0.000000,0.000000,-0.002686,0.000000,-0.011944,0.054535,0.529072,-0.000000,0.000000,0.086317,-0.015198,0.042175,0.510581,-0.013028,0.055608,0.078854,-0.001005,-0.000973,-0.002686,0.000591,0.000894,-0.001579,0.472212,0.180497,0.000000,0.000000,0.000000
7.422000,0.000000,0.000000,0.593700,0.000000,0.000000,0.000000,-0.002686,0.000000,-0.011944,0.054535,0.530099,0.000000,-0.000000,0.084945,-0.015446,0.042810,0.511402,-0.022078,0.053068,0.065641,-0.002019,-0.001658,-0.002685,0.000312,0.000514,-0.001530,0.464551,0.178438,0.000000,0.000000,0.000000
7.434000,0.000000,0.000000,0.593700,0.000000,0.000000,0.000000,-0.002686,0.000000,-0.011944,0.054535,0.531111,-0.000000,0.000000,0.083594,-0.015697,0.043539,0.512245,-0.018010,0.058982,0.089086,0.000000,0.000000,-0.002686,0.000120,0.000202,-0.001537,0.462816,0.178825,0.000000,0.000000,0.000000
7.446000,0.000000,0.000000,0.593700,0.000000,0.000000,0.000000,-0.002686,0.000000,-0.011944,0.054535,0.532106,-0.000000,-0.000000,0.082265,-0.015931,0.044260,0.513297,-0.017796,0.059682,0.099773,-0.001089,-0.001051,-0.002686,-0.000167,-0.000096,-0.001543,0.460581,0.179121,0.000000,0.000000,0.000000
7.456000,0.000000,0.000000,0.593700,0.000000,0.000000,0.000000,-0.002686,0.000000,-0.011944,0.054535,0.532923,-0.000000,-0.000000,0.081173,-0.016081,0.044843,0.514300,-0.014625,0.054849,0.112277,-0.001125,-0.000993,-0.002686,-0.000242,-0.000091,-0.001597,0.458911,0.179251,0.000000,0.000000,0.000000
7.468000,0.000000,0.000000,0.593700,0.000000,0.000000,0.000000,-0.002686,0.000000,-0.011944,0.054535,0.533889,-0.000000,-0.000000,0.079883,-0.016240,0.045478,0.515663,-0.011654,0.048649,0.117077,-0.001234,-0.001083,-0.002686,-0.000409,-0.000042,-0.001692,0.456748,0.179343,0.000000,0.000000,0.000000
7.480000,0.000000,0.000000,0.593700,0.000000,0.000000,0.000000,-0.002686,0.000000,-0.011944,0.054535,0.534840,-0.000000,0.000000,0.078613,-0.016354,0.046046,0.517081,-0.008806,0.043219,0.116971,-0.001181,-0.001106,-0.002686,-0.000602,-0.000086,-0.001799,0.454724,0.179363,0.000000,0.000000,0.000000
7.492000,0.000000,0.000000,0.593700,0.000000,0.000000,0.000000,-0.002686,0.000000,-0.011944,0.054535,0.535776,-0.000000,-0.000000,0.077363,-0.016343,0.046564,0.518532,-0.001657,0.039004,0.118607,-0.001092,-0.001107,-0.002687,-0.000779,-0.000181,-0.001898,0.452861,0.179328,0.000000,0.000000,0.000000
7.504000,0.000000,0.000000,0.593700,0.000000,0.000000,0.000000,-0.002686,0.000000,-0.011944,0.054535,0.536697,-0.000000,0.000000,0.076133,-0.016250,0.047050,0.520009,0.006506,0.035930,0.112911,-0.001037,-0.001078,-0.002687,-0.000957,-0.000291,-0.001987,0.451133,0.179254,0.000000,0.000000,0.000000
7.516000,0.000000,0.000000,0.593700,0.000000,0.000000,0.000000,-0.002686,0.000000,-0.011944,0.054535,0.537603,-0.000000,0.000000,0.074922,-0.016155,0.047469,0.521302,0.011717,0.031907,0.088975,-0.000733,-0.001122,-0.002687,-0.001058,-0.000414,-0.002061,0.449841,0.179203,0.000000,0.000000,0.000000
7.528000,0.000000,0.000000,0.593700,0.000000,0.000000,0.000000,-0.002686,0.000000,-0.011944,0.054535,0.538495,0.000000,-0.000000,0.073731,-0.016046,0.047841,0.522209,0.013627,0.028144,0.064197,-0.000678,-0.001092,-0.002687,-0.001001,-0.000599,-0.002154,0.449442,0.179275,0.000000,0.000000,0.000000
7.540000,0.000000,0.000000,0.593700,0.000000,0.000000,0.000000,-0.002686,0.000000,-0.011944,0.054535,0.539373,-0.000000,-0.000000,0.072559,-0.015924,0.048170,0.522834,0.013795,0.024259,0.047600,-0.000659,-0.001083,-0.002687,-0.000865,-0.000847,-0.002275,0.450670,0.179751,0.000000,0.000000,0.000000
7.552000,0.000000,0.000000,0.593700,0.000000,0.000000,0.000000,-0.002686,0.000000,-0.011944,0.054535,0.540237,0.000000,-0.000000,0.071405,-0.015796,0.048454,0.523294,0.012746,0.020210,0.041413,-0.000639,-0.001076,-0.002686,-0.000702,-0.001126,-0.002402,0.454189,0.181146,0.000000,0.000000,0.000000
7.564000,0.000000,0.000000,0.593700,0.000000,0.000000,0.000000,-0.002686,0.000000,-0.011944,0.054535,0.541087,-0.000000,-0.000000,0.070270,-0.015669,0.048690,0.523735,0.011133,0.016343,0.046275,-0.000612,-0.001065,-0.002686,-0.000544,-0.001379,-0.002520,0.460496,0.183325,0.000000,0.000000,0.000000
7.576000,0.000000,0.000000,0.593700,0.000000,0.000000,0.000000,-0.002686,0.000000,-0.011944,0.054535,0.541923,0.000000,-0.000000,0.069153,-0.015547,0.048882,0.524288,0.009328,0.013148,0.059640,-0.000577,-0.001050,-0.002686,-0.000414,-0.001551,-0.002630,0.469663,0.186177,0.000000,0.000000,0.000000
7.588000,0.000000,0.000000,0.593700,0.000000,0.000000,0.000000,-0.002686,0.000000,-0.011944,0.054535,0.542746,0.000000,-0.000000,0.068053,-0.015434,0.049041,0.525047,0.007815,0.010995,0.077829,-0.000538,-0.001033,-0.002686,-0.000335,-0.001604,-0.002735,0.480986,0.189464,0.000000,0.000000,0.000000
7.600000,0.000000,0.000000,0.593700,0.000000,0.000000,0.000000,-0.002686,0.000000,-0.011944,0.054535,0.543557,0.000000,0.000000,0.066971,-0.015327,0.049179,0.526055,0.006959,0.009980,0.096902,-0.000503,-0.001018,-0.002686,-0.000333,-0.001522,-0.002839,0.492880,0.192660,0.000000,0.000000,0.000000
7.612000,0.000000,0.000000,0.593700,0.000000,0.000000,0.000000,-0.002686,0.000000,-0.011944,0.054535,0.544354,0.000000,0.000000,0.065906,-0.015220,0.049306,0.527308,0.006983,0.009981,0.113594,-0.000471,-0.001004,-0.002686,-0.000416,-0.001309,-0.002943,0.503163,0.195109,0.000000,0.000000,0.000000
7.624000,0.000000,0.000000,0.593700,0.000000,0.000000,0.000000,-0.002686,0.000000,-0.011944,0.054535,0.545138,0.000000,-0.000000,0.064859,-0.015106,0.049433,0.528762,0.007772,0.010741,0.125422,-0.000442,-0.000989,-0.002686,-0.000569,-0.000986,-0.003047,0.509675,0.196209,0.000000,0.000000,0.000000
7.636000,0.000000,0.000000,0.593700,0.000000,0.000000,0.000000,-0.002686,0.000000,-0.011944,0.054535,0.545910,0.000000,-0.000000,0.063827,-0.014983,0.049567,0.530343,0.008664,0.012028,0.130933,-0.000422,-0.000979,-0.002687,-0.000755,-0.000588,-0.003153,0.510930,0.195596,0.000000,0.000000,0.000000
7.648000,0.000000,0.000000,0.593700,0.000000,0.000000,0.000000,-0.002686,0.000000,-0.011944,0.054535,0.546670,-0.000000,-0.000000,0.062813,-0.014859,0.049712,0.531968,0.009000,0.013548,0.129859,-0.000412,-0.000972,-0.002687,-0.000921,-0.000163,-0.003260,0.506545,0.193247,0.000000,0.000000,0.000000
7.660000,0.000000,0.000000,0.593700,0.000000,0.000000,0.000000,-0.002686,0.000000,-0.011944,0.054535,0.547418,0.000000,-0.000000,0.061814,-0.014746,0.049872,0.533551,0.008227,0.015026,0.122471,-0.000414,-0.000971,-0.002687,-0.001018,0.000225,-0.003362,0.497317,0.189479,0.000000,0.000000,0.000000
7.672000,0.000000,0.000000,0.593700,0.000000,0.000000,0.000000,-0.002686,0.000000,-0.011944,0.054535,0.548154,0.000000,-0.000000,0.060831,-0.014662,0.050047,0.535012,0.006141,0.016191,0.109701,-0.000431,-0.000978,-0.002687,-0.001009,0.000516,-0.003457,0.484953,0.184864,0.000000,0.000000,0.000000
7.684000,0.000000,0.000000,0.593700,0.000000,0.000000,0.000000,-0.002686,0.000000,-0.011944,0.054535,0.548878,0.000000,0.000000,0.059864,-0.014620,0.050235,0.536287,0.003016,0.016793,0.092998,-0.000466,-0.000993,-0.002687,-0.000883,0.000658,-0.003537,0.471574,0.180074,0.000000,0.000000,0.000000
7.696000,0.000000,0.000000,0.593700,0.000000,0.000000,0.000000,-0.002686,0.000000,-0.011944,0.054535,0.549591,0.000000,-0.000000,0.058912,-0.014627,0.050430,0.537333,-0.000556,0.016643,0.074164,-0.000514,-0.001016,-0.002687,-0.000653,0.000620,-0.003599,0.459148,0.175734,0.000000,0.000000,0.000000
7.706000,0.000000,0.000000,0.593700,0.000000,0.000000,0.000000,-0.002686,0.000000,-0.011944,0.054535,0.550176,0.000000,-0.000000,0.058130,-0.014669,0.050594,0.538015,-0.003381,0.015875,0.058258,-0.000559,-0.001037,-0.002687,-0.000406,0.000453,-0.003635,0.450509,0.172785,0.000000,0.000000,0.000000
7.718000,0.000000,0.000000,0.593700,0.000000,0.000000,0.000000,-0.002686,0.000000,-0.011944,0.054535,0.550868,0.000000,-0.000000,0.057206,-0.014765,0.050763,0.538612,-0.009478,0.013000,0.037767,-0.000611,-0.001063,-0.002686,-0.000041,0.000087,-0.003681,0.442650,0.170200,0.000000,0.000000,0.000000
7.730000,0.000000,0.000000,0.593700,0.000000,0.000000,0.000000,-0.002686,0.000000,-0.011944,0.054535,0.551549,0.000000,-0.000000,0.056297,-0.014831,0.050945,0.539084,-0.003917,0.007071,0.060515,-0.000666,-0.001105,-0.002686,-0.000196,-0.000154,-0.003722,0.440469,0.169912,0.000000,0.000000,0.000000
7.742000,0.000000,0.000000,0.593700,0.000000,0.000000,0.000000,-0.002686,0.000000,-0.011944,0.054535,0.552219,-0.000000,-0.000000,0.055402,-0.014867,0.051123,0.539799,-0.001003,0.009900,0.068789,-0.000564,-0.001121,-0.002686,0.000073,-0.000465,-0.003735,0.439148,0.169856,0.000000,0.000000,0.000000
7.754000,0.000000,0.000000,0.593700,0.000000,0.000000,0.000000,-0.002686,0.000000,-0.011944,0.054535,0.552879,0.000000,-0.000000,0.054521,-0.014860,0.051309,0.540640,0.000067,0.011257,0.082653,-0.000736,-0.001016,-0.002686,-0.000108,-0.000563,-0.003697,0.438049,0.169792,0.000000,0.000000,0.000000
7.766000,0.000000,0.000000,0.593700,0.000000,0.000000,0.000000,-0.002686,0.000000,-0.011944,0.054535,0.553528,-0.000000,-0.000000,0.053654,-0.014854,0.051442,0.541654,0.000222,0.010242,0.090028,-0.000916,-0.000913,-0.002686,-0.000258,-0.000512,-0.003606,0.436794,0.169551,0.000000,0.000000,0.000000
7.778000,0.000000,0.000000,0.593700,0.000000,0.000000,0.000000,-0.002686,0.000000,-0.011944,0.054535,0.554166,0.000000,-0.000000,0.052801,-0.014857,0.051561,0.542745,-0.000777,0.009449,0.090324,-0.000882,-0.000945,-0.002686,-0.000371,-0.000456,-0.003510,0.435549,0.169296,0.000000,0.000000,0.000000
7.790000,0.000000,0.000000,0.593700,0.000000,0.000000,0.000000,-0.002686,0.000000,-0.011944,0.054535,0.554795,0.000000,-0.000000,0.051961,-0.014838,0.051673,0.543862,-0.000631,0.008928,0.091478,-0.000857,-0.000968,-0.002686,-0.000441,-0.000415,-0.003418,0.434326,0.169040,0.000000,0.000000,0.000000
7.802000,0.000000,0.000000,0.593700,0.000000,0.000000,0.000000,-0.002686,0.000000,-0.011944,0.054535,0.555413,-0.000000,-0.000000,0.051135,-0.014779,0.051794,0.544976,0.001449,0.009368,0.088650,-0.000850,-0.000989,-0.002686,-0.000503,-0.000388,-0.003331,0.433103,0.168804,0.000000,0.000000,0.000000
7.814000,0.000000,0.000000,0.593700,0.000000,0.000000,0.000000,-0.002686,0.000000,-0.011944,0.054535,0.556022,0.000000,-0.000000,0.050322,-0.014745,0.051905,0.545991,0.002725,0.009374,0.068141,-0.000953,-0.001043,-0.002686,-0.000622,-0.000441,-0.003257,0.432051,0.168662,0.000000,0.000000,0.000000
7.826000,0.000000,0.000000,0.593700,0.000000,0.000000,0.000000,-0.002686,0.000000,-0.011944,0.054535,0.556621,0.000000,0.000000,0.049522,-0.014727,0.052019,0.546618,0.003678,0.009955,0.043018,-0.000984,-0.001025,-0.002686,-0.000733,-0.000587,-0.003168,0.431601,0.168707,0.000000,0.000000,0.000000
7.838000,0.000000,0.000000,0.593700,0.000000,0.000000,0.000000,-0.002686,0.000000,-0.011944,0.054535,0.557211,0.000000,-0.000000,0.048735,-0.014716,0.052143,0.546944,0.004538,0.011125,0.024070,-0.000979,-0.001027,-0.002686,-0.000846,-0.000810,-0.003055,0.432420,0.169246,0.000000,0.000000,0.000000
7.850000,0.000000,0.000000,0.593700,0.000000,0.000000,0.000000,-0.002686,0.000000,-0.011944,0.054535,0.557791,-0.000000,0.000000,0.047960,-0.014699,0.052284,0.547097,0.004419,0.012761,0.016061,-0.000980,-0.001026,-0.002686,-0.000975,-0.001083,-0.002931,0.435213,0.170521,0.000000,0.000000,0.000000
7.862000,0.000000,0.000000,0.593700,0.000000,0.000000,0.000000,-0.002686,0.000000,-0.011944,0.054535,0.558362,-0.000000,0.000000,0.047197,-0.014679,0.052443,0.547207,0.003117,0.014487,0.018990,-0.000995,-0.001017,-0.002686,-0.001126,-0.001341,-0.002811,0.440585,0.172643,0.000000,0.000000,0.000000
7.874000,0.000000,0.000000,0.593700,0.000000,0.000000,0.000000,-0.002686,0.000000,-0.011944,0.054535,0.558924,0.000000,-0.000000,0.046447,-0.014665,0.052620,0.547409,0.001019,0.015870,0.031103,-0.001017,-0.001003,-0.002686,-0.001286,-0.001526,-0.002698,0.448763,0.175546,0.000000,0.000000,0.000000
7.886000,0.000000,0.000000,0.593700,0.000000,0.000000,0.000000,-0.002686,0.000000,-0.011944,0.054535,0.559477,0.000000,-0.000000,0.045708,-0.014661,0.052807,0.547807,-0.001023,0.016640,0.048979,-0.001035,-0.000992,-0.002686,-0.001418,-0.001607,-0.002590,0.459243,0.178938,0.000000,0.000000,0.000000
7.898000,0.000000,0.000000,0.593700,0.000000,0.000000,0.000000,-0.002686,0.000000,-0.011944,0.054535,0.560021,-0.000000,0.000000,0.044982,-0.014663,0.052998,0.548456,-0.002105,0.016748,0.068611,-0.001046,-0.000985,-0.002686,-0.001480,-0.001576,-0.002487,0.470618,0.182309,0.000000,0.000000,0.000000
7.910000,0.000000,0.000000,0.593700,0.000000,0.000000,0.000000,-0.002686,0.000000,-0.011944,0.054535,0.560556,-0.000000,0.000000,0.044267,-0.014662,0.053189,0.549361,-0.001878,0.016264,0.086348,-0.001056,-0.000978,-0.002686,-0.001445,-0.001434,-0.002387,0.480817,0.185047,0.000000,0.000000,0.000000
7.922000,0.000000,0.000000,0.593700,0.000000,0.000000,0.000000,-0.002686,0.000000,-0.011944,0.054535,0.561083,-0.000000,0.000000,0.043563,-0.014647,0.053374,0.550482,-0.000776,0.015290,0.099420,-0.001075,-0.000968,-0.002686,-0.001313,-0.001178,-0.002291,0.487687,0.186604,0.000000,0.000000,0.000000
7.934000,0.000000,0.000000,0.593700,0.000000,0.000000,0.000000,-0.002686,0.000000,-0.011944,0.054535,0.561602,-0.000000,-0.000000,0.042870,-0.014596,0.053550,0.551747,0.001951,0.013981,0.106243,-0.001104,-0.000951,-0.002686,-0.001113,-0.000823,-0.002195,0.489696,0.186651,0.000000,0.000000,0.000000
7.946000,0.000000,0.000000,0.593700,0.000000,0.000000,0.000000,-0.002686,0.000000,-0.011944,0.054535,0.562112,-0.000000,-0.000000,0.042189,-0.014557,0.053714,0.553071,0.001689,0.012448,0.106339,-0.001143,-0.000929,-0.002686,-0.000891,-0.000403,-0.002101,0.486280,0.185155,0.000000,0.000000,0.000000
7.956000,0.000000,0.000000,0.593700,0.000000,0.000000,0.000000,-0.002686,0.000000,-0.011944,0.054535,0.562531,0.000000,-0.000000,0.041629,-0.014544,0.053841,0.554155,0.000079,0.011233,0.101308,-0.001154,-0.000923,-0.002687,-0.000728,-0.000039,-0.002026,0.479774,0.182920,0.000000,0.000000,0.000000
7.968000,0.000000,0.000000,0.593700,0.000000,0.000000,0.000000,-0.002686,0.000000,-0.011944,0.054535,0.563027,-0.000000,0.000000,0.040967,-0.014557,0.053983,0.555366,-0.001694,0.010404,0.090302,-0.001139,-0.000932,-0.002687,-0.000600,0.000298,-0.001944,0.468906,0.179463,0.000000,0.000000,0.000000
7.980000,0.000000,0.000000,0.593700,0.000000,0.000000,0.000000,-0.002686,0.000000,-0.011944,0.054535,0.563514,-0.000000,0.000000,0.040316,-0.014603,0.054118,0.556415,-0.004322,0.010070,0.075094,-0.001128,-0.000940,-0.002687,-0.000587,0.000512,-0.001874,0.456648,0.175695,0.000000,0.000000,0.000000
7.992000,0.000000,0.000000,0.593700,0.000000,0.000000,0.000000,-0.002686,0.000000,-0.011944,0.054535,0.563994,0.000000,-0.000000,0.039675,-0.014700,0.054249,0.557252,-0.008254,0.010301,0.057100,-0.001111,-0.000950,-0.002687,-0.000688,0.000600,-0.001820,0.444892,0.172151,0.000000,0.000000,0.000000
8.002000,0.000000,0.000000,0.593700,0.000000,0.000000,0.000000,-0.002686,0.000000,-0.011944,0.054535,0.564389,0.000000,-0.000000,0.039148,-0.014829,0.054360,0.557768,-0.011787,0.011103,0.041338,-0.001085,-0.000966,-0.002687,-0.000843,0.000552,-0.001788,0.436473,0.169658,0.000000,0.000000,0.000000
8.014000,0.000000,0.000000,0.593700,0.000000,0.000000,0.000000,-0.002686,0.000000,-0.011944,0.054535,0.564855,0.000000,-0.000000,0.038526,-0.015036,0.054503,0.558160,-0.015580,0.012847,0.022930,-0.001035,-0.000995,-0.002687,-0.001093,0.000336,-0.001767,0.428607,0.167392,0.000000,0.000000,0.000000
8.024000,0.000000,0.000000,0.593700,0.000000,0.000000,0.000000,-0.002686,0.000000,-0.011944,0.054535,0.565237,-0.000000,-0.000000,0.038015,-0.015217,0.054514,0.558294,-0.015819,0.003492,0.026760,0.000000,0.000000,-0.002686,-0.000932,0.000127,-0.001711,0.425232,0.166258,0.000000,0.000000,0.000000
8.036000,0.000000,0.000000,0.593700,0.000000,0.000000,0.000000,-0.002686,0.000000,-0.011944,0.054535,0.565690,0.000000,0.000000,0.037410,-0.015423,0.054749,0.558643,-0.013773,0.011612,0.044480,-0.001259,-0.001175,-0.002687,-0.001264,-0.000204,-0.001683,0.423836,0.166485,0.000000,0.000000,0.000000
8.048000,0.000000,0.000000,0.593700,0.000000,0.000000,0.000000,-0.002686,0.000000,-0.011944,0.054535,0.566135,-0.000000,-0.000000,0.036815,-0.015571,0.054948,0.559172,-0.010988,0.015185,0.055872,-0.001002,-0.001061,-0.002687,-0.001370,-0.000505,-0.001671,0.422693,0.166458,0.000000,0.000000,0.000000
8.060000,0.000000,0.000000,0.593700,0.000000,0.000000,0.000000,-0.002686,0.000000,-0.011944,0.054535,0.566573,0.000000,-0.000000,0.036230,-0.015672,0.055120,0.559854,-0.008215,0.013061,0.065825,-0.000963,-0.000947,-0.002687,-0.001299,-0.000474,-0.001722,0.421618,0.166347,0.000000,0.000000,0.000000
8.072000,0.000000,0.000000,0.593700,0.000000,0.000000,0.000000,-0.002686,0.000000,-0.011944,0.054535,0.567005,-0.000000,-0.000000,0.035654,-0.015759,0.055269,0.560654,-0.006623,0.010777,0.067145,-0.001037,-0.000997,-0.002687,-0.001290,-0.000426,-0.001798,0.420523,0.166228,0.000000,0.000000,0.000000
8.084000,0.000000,0.000000,0.593700,0.000000,0.000000,0.000000,-0.002686,0.000000,-0.011944,0.054535,0.567429,0.000000,0.000000,0.035087,-0.015802,0.055395,0.561487,-0.004237,0.008721,0.067157,-0.001037,-0.001032,-0.002687,-0.001313,-0.000426,-0.001881,0.419476,0.166087,0.000000,0.000000,0.000000
8.096000,0.000000,0.000000,0.593700,0.000000,0.000000,0.000000,-0.002686,0.000000,-0.011944,0.054535,0.567847,0.000000,-0.000000,0.034529,-0.015741,0.055500,0.562357,0.001761,0.007055,0.069718,-0.001013,-0.001046,-0.002687,-0.001339,-0.000455,-0.001967,0.418464,0.165924,0.000000,0.000000,0.000000
8.108000,0.000000,0.000000,0.593700,0.000000,0.000000,0.000000,-0.002686,0.000000,-0.011944,0.054535,0.568258,0.000000,-0.000000,0.033980,-0.015651,0.055586,0.563259,0.006879,0.005735,0.062726,-0.000922,-0.001070,-0.002687,-0.001343,-0.000500,-0.002048,0.417476,0.165746,0.000000,0.000000,0.000000
8.120000,0.000000,0.000000,0.593700,0.000000,0.000000,0.000000,-0.002686,0.000000,-0.011944,0.054535,0.568662,0.000000,-0.000000,0.033440,-0.015567,0.055646,0.563868,0.009847,0.004239,0.034601,-0.000721,-0.001148,-0.002687,-0.001264,-0.000624,-0.002117,0.416850,0.165658,0.000000,0.000000,0.000000
8.132000,0.000000,0.000000,0.593700,0.000000,0.000000,0.000000,-0.002686,0.000000,-0.011944,0.054535,0.569060,0.000000,-0.000000,0.032908,-0.015474,0.055693,0.564116,0.012054,0.002864,0.011650,-0.000699,-0.001135,-0.002687,-0.001145,-0.000813,-0.002209,0.417146,0.165843,0.000000,0.000000,0.000000
8.144000,0.000000,0.000000,0.593700,0.000000,0.000000,0.000000,-0.002686,0.000000,-0.011944,0.054535,0.569452,-0.000000,-0.000000,0.032385,-0.015367,0.055723,0.564119,0.012591,0.001337,-0.002264,-0.000685,-0.001127,-0.002687,-0.000998,-0.001043,-0.002324,0.419066,0.166592,0.000000,0.000000,0.000000
8.156000,0.000000,0.000000,0.593700,0.000000,0.000000,0.000000,-0.002686,0.000000,-0.011944,0.054535,0.569838,-0.000000,-0.000000,0.031870,-0.015250,0.055736,0.563999,0.011837,-0.000223,-0.005108,-0.000669,-0.001118,-0.002686,-0.000838,-0.001273,-0.002443,0.423254,0.168096,0.000000,0.000000,0.000000
8.168000,0.000000,0.000000,0.593700,0.000000,0.000000,0.000000,-0.002686,0.000000,-0.011944,0.054535,0.570217,-0.000000,-0.000000,0.031364,-0.015133,0.055732,0.563900,0.010187,-0.001552,0.002615,-0.000652,-0.001108,-0.002686,-0.000684,-0.001450,-0.002556,0.430161,0.170438,0.000000,0.000000,0.000000
8.180000,0.000000,0.000000,0.593700,0.000000,0.000000,0.000000,-0.002686,0.000000,-0.011944,0.054535,0.570591,-0.000000,-0.000000,0.030865,-0.015021,0.055716,0.563946,0.008284,-0.002411,0.018203,-0.000636,-0.001099,-0.002686,-0.000562,-0.001538,-0.002663,0.439714,0.173523,0.000000,0.000000,0.000000
8.192000,0.000000,0.000000,0.593700,0.000000,0.000000,0.000000,-0.002686,0.000000,-0.011944,0.054535,0.570958,0.000000,-0.000000,0.030374,-0.014915,0.055693,0.564222,0.006972,-0.002703,0.037763,-0.000625,-0.001093,-0.002686,-0.000503,-0.001526,-0.002765,0.450988,0.177012,0.000000,0.000000,0.000000
8.204000,0.000000,0.000000,0.593700,0.000000,0.000000,0.000000,-0.002686,0.000000,-0.011944,0.054535,0.571320,-0.000000,0.000000,0.029891,-0.014809,0.055669,0.564761,0.006823,-0.002440,0.057282,-0.000616,-0.001087,-0.002686,-0.000529,-0.001414,-0.002865,0.462219,0.180335,0.000000,0.000000,0.000000
8.216000,0.000000,0.000000,0.593700,0.000000,0.000000,0.000000,-0.002686,0.000000,-0.011944,0.054535,0.571675,0.000000,-0.000000,0.029416,-0.014691,0.055648,0.565545,0.007740,-0.001673,0.073427,-0.000598,-0.001078,-0.002686,-0.000642,-0.001203,-0.002963,0.471227,0.182833,0.000000,0.000000,0.000000
8.226000,0.000000,0.000000,0.593700,0.000000,0.000000,0.000000,-0.002686,0.000000,-0.011944,0.054535,0.571968,0.000000,-0.000000,0.029026,-0.014581,0.055637,0.566345,0.008828,-0.000712,0.082598,-0.000576,-0.001065,-0.002686,-0.000789,-0.000951,-0.003043,0.475623,0.183866,0.000000,0.000000,0.000000
8.238000,0.000000,0.000000,0.593700,0.000000,0.000000,0.000000,-0.002686,0.000000,-0.011944,0.054535,0.572313,-0.000000,-0.000000,0.028564,-0.014439,0.055633,0.567411,0.009842,0.000711,0.087472,-0.000549,-0.001050,-0.002687,-0.000998,-0.000578,-0.003139,0.476162,0.183477,0.000000,0.000000,0.000000
8.250000,0.000000,0.000000,0.593700,0.000000,0.000000,0.000000,-0.002686,0.000000,-0.011944,0.054535,0.572653,0.000000,-0.000000,0.028110,-0.014297,0.055642,0.568508,0.010008,0.002220,0.085467,-0.000523,-0.001035,-0.002687,-0.001200,-0.000173,-0.003233,0.471476,0.181631,0.000000,0.000000,0.000000
8.262000,0.000000,0.000000,0.593700,0.000000,0.000000,0.000000,-0.002686,0.000000,-0.011944,0.054535,0.572988,0.000000,-0.000000,0.027663,-0.014170,0.055665,0.569552,0.009158,0.003571,0.077436,-0.000503,-0.001025,-0.002688,-0.001348,0.000204,-0.003321,0.462572,0.178566,0.000000,0.000000,0.000000
8.274000,0.000000,0.000000,0.593700,0.000000,0.000000,0.000000,-0.002686,0.000000,-0.011944,0.054535,0.573317,-0.000000,-0.000000,0.027223,-0.014072,0.055702,0.570469,0.007081,0.004608,0.064342,-0.000494,-0.001020,-0.002688,-0.001407,0.000502,-0.003399,0.451230,0.174642,0.000000,0.000000,0.000000
8.286000,0.000000,0.000000,0.593700,0.000000,0.000000,0.000000,-0.002686,0.000000,-0.011944,0.054535,0.573641,0.000000,-0.000000,0.026790,-0.014020,0.055750,0.571197,0.003960,0.005173,0.047646,-0.000500,-0.001023,-0.002688,-0.001364,0.000681,-0.003464,0.439446,0.170603,0.000000,0.000000,0.000000
8.298000,0.000000,0.000000,0.593700,0.000000,0.000000,0.000000,-0.002686,0.000000,-0.011944,0.054535,0.573960,0.000000,0.000000,0.026365,-0.014019,0.055805,0.571698,0.000482,0.005111,0.029167,-0.000523,-0.001037,-0.002688,-0.001227,0.000706,-0.003511,0.428912,0.167000,0.000000,0.000000,0.000000
8.310000,0.000000,0.000000,0.593700,0.000000,0.000000,0.000000,-0.002686,0.000000,-0.011944,0.054535,0.574274,0.000000,-0.000000,0.025945,-0.014066,0.055861,0.571957,-0.002607,0.004375,0.010741,-0.000561,-0.001059,-0.002688,-0.001018,0.000567,-0.003541,0.420645,0.164198,0.000000,0.000000,0.000000
8.322000,0.000000,0.000000,0.593700,0.000000,0.000000,0.000000,-0.002686,0.000000,-0.011944,0.054535,0.574583,0.000000,-0.000000,0.025533,-0.014145,0.055935,0.571956,-0.003608,0.004882,0.008776,-0.000580,-0.001194,-0.002687,-0.000914,0.000271,-0.003600,0.415625,0.162725,0.000000,0.000000,0.000000
8.334000,0.000000,0.000000,0.593700,0.000000,0.000000,0.000000,-0.002686,0.000000,-0.011944,0.054535,0.574887,0.000000,-0.000000,0.025127,-0.014162,0.055970,0.572103,0.000680,0.000846,0.028605,-0.001160,-0.000779,-0.002687,-0.000960,0.000058,-0.003601,0.414702,0.162716,0.000000,0.000000,0.000000
8.346000,0.000000,0.000000,0.593700,0.000000,0.000000,0.000000,-0.002686,0.000000,-0.011944,0.054535,0.575186,0.000000,-0.000000,0.024727,-0.014161,0.056035,0.572430,0.002296,0.003133,0.034530,-0.000732,-0.001072,-0.002687,-0.000884,-0.000195,-0.003615,0.413494,0.162640,0.000000,0.000000,0.000000
8.358000,0.000000,0.000000,0.593700,0.000000,0.000000,0.000000,-0.002686,0.000000,-0.011944,0.054535,0.575480,0.000000,-0.000000,0.024334,-0.014127,0.056068,0.572867,0.002047,0.002018,0.046806,-0.000782,-0.000996,-0.002687,-0.000908,-0.000300,-0.003553,0.412603,0.162516,0.000000,0.000000,0.000000
8.370000,0.000000,0.000000,0.593700,0.000000,0.000000,0.000000,-0.002686,0.000000,-0.011944,0.054535,0.575770,0.000000,-0.000000,0.023947,-0.014110,0.056089,0.573445,0.000411,0.001108,0.050348,-0.000828,-0.000981,-0.002687,-0.000933,-0.000338,-0.003470,0.411709,0.162348,0.000000,0.000000,0.000000
8.382000,0.000000,0.000000,0.593700,0.000000,0.000000,0.000000,-0.002686,0.000000,-0.011944,0.054535,0.576055,-0.000000,-0.000000,0.023567,-0.014103,0.056100,0.574065,-0.001047,0.000352,0.050217,-0.000808,-0.001000,-0.002687,-0.000945,-0.000359,-0.003386,0.410850,0.162174,0.000000,0.000000,0.000000
8.394000,0.000000,0.000000,0.593700,0.000000,0.000000,0.000000,-0.002686,0.000000,-0.011944,0.054535,0.576336,-0.000000,-0.000000,0.023192,-0.014050,0.056105,0.574694,0.001085,-0.000087,0.051843,-0.000786,-0.001015,-0.002687,-0.000936,-0.000370,-0.003308,0.410007,0.162002,0.000000,0.000000,0.000000
8.406000,0.000000,0.000000,0.593700,0.000000,0.000000,0.000000,-0.002686,0.000000,-0.011944,0.054535,0.576612,-0.000000,-0.000000,0.022823,-0.013999,0.056112,0.575337,0.003857,0.000133,0.046966,-0.000860,-0.001020,-0.002687,-0.000941,-0.000398,-0.003243,0.409188,0.161843,0.000000,0.000000,0.000000
8.418000,0.000000,0.000000,0.593700,0.000000,0.000000,0.000000,-0.002686,0.000000,-0.011944,0.054535,0.576883,-0.000000,-0.000000,0.022460,-0.013981,0.056119,0.575777,0.004693,0.000563,0.023951,-0.000932,-0.001032,-0.002687,-0.000983,-0.000521,-0.003196,0.408691,0.161803,0.000000,0.000000,0.000000
8.430000,0.000000,0.000000,0.593700,0.000000,0.000000,0.000000,-0.002686,0.000000,-0.011944,0.054535,0.577151,0.000000,-0.000000,0.022103,-0.013967,0.056131,0.575880,0.004359,0.001369,0.000559,-0.000949,-0.001022,-0.002686,-0.001036,-0.000706,-0.003122,0.408905,0.161991,0.000000,0.000000,0.000000
8.442000,0.000000,0.000000,0.593700,0.000000,0.000000,0.000000,-0.002686,0.000000,-0.011944,0.054535,0.577414,0.000000,-0.000000,0.021752,-0.013954,0.056154,0.575722,0.003525,0.002741,-0.015215,-0.000971,-0.001009,-0.002686,-0.001115,-0.000946,-0.003016,0.410480,0.162720,0.000000,0.000000,0.000000
8.454000,0.000000,0.000000,0.593700,0.000000,0.000000,0.000000,-0.002686,0.000000,-0.011944,0.054535,0.577673,0.000000,-0.000000,0.021406,-0.013939,0.056194,0.575417,0.002569,0.004485,-0.020118,-0.000995,-0.000994,-0.002686,-0.001226,-0.001214,-0.002898,0.414071,0.164183,0.000000,0.000000,0.000000
8.466000,0.000000,0.000000,0.593700,0.000000,0.000000,0.000000,-0.002686,0.000000,-0.011944,0.054535,0.577928,0.000000,0.000000,0.021066,-0.013924,0.056254,0.575109,0.001312,0.006186,-0.014063,-0.001022,-0.000978,-0.002686,-0.001364,-0.001454,-0.002782,0.420240,0.166452,0.000000,0.000000,0.000000
8.476000,0.000000,0.000000,0.593700,0.000000,0.000000,0.000000,-0.002686,0.000000,-0.011944,0.054535,0.578137,0.000000,0.000000,0.020786,-0.013914,0.056316,0.574945,-0.000034,0.007276,-0.002269,-0.001041,-0.000965,-0.002686,-0.001484,-0.001592,-0.002689,0.427454,0.168890,0.000000,0.000000,0.000000
8.488000,0.000000,0.000000,0.593700,0.000000,0.000000,0.000000,-0.002686,0.000000,-0.011944,0.054535,0.578384,0.000000,0.000000,0.020456,-0.013912,0.056400,0.574947,-0.001718,0.008002,0.016745,-0.001054,-0.000957,-0.002686,-0.001600,-0.001652,-0.002581,0.438049,0.172196,0.000000,0.000000,0.000000
8.500000,0.000000,0.000000,0.593700,0.000000,0.000000,0.000000,-0.002686,0.000000,-0.011944,0.054535,0.578628,-0.000000,0.000000,0.020130,-0.013919,0.056488,0.575214,-0.002926,0.008097,0.037136,-0.001053,-0.000957,-0.002686,-0.001649,-0.001590,-0.002475,0.449328,0.175434,0.000000,0.000000,0.000000
8.512000,0.000000,0.000000,0.593700,0.000000,0.000000,0.000000,-0.002686,0.000000,-0.011944,0.054535,0.578867,-0.000000,-0.000000,0.019810,-0.013931,0.056575,0.575746,-0.003307,0.007684,0.055201,-0.001046,-0.000960,-0.002686,-0.001607,-0.001412,-0.002371,0.459200,0.178005,0.000000,0.000000,0.000000
8.524000,0.000000,0.000000,0.593700,0.000000,0.000000,0.000000,-0.002686,0.000000,-0.011944,0.054535,0.579103,0.000000,-0.000000,0.019495,-0.013942,0.056659,0.576496,-0.003074,0.006897,0.068192,-0.001044,-0.000961,-0.002686,-0.001480,-0.001130,-0.002270,0.465590,0.179391,0.000000,0.000000,0.000000
8.536000,0.000000,0.000000,0.593700,0.000000,0.000000,0.000000,-0.002686,0.000000,-0.011944,0.054535,0.579335,0.000000,0.000000,0.019185,-0.013952,0.056737,0.577387,-0.002824,0.005893,0.074581,-0.001054,-0.000956,-0.002686,-0.001296,-0.000770,-0.002171,0.467094,0.179297,0.000000,0.000000,0.000000
8.548000,0.000000,0.000000,0.593700,0.000000,0.000000,0.000000,-0.002686,0.000000,-0.011944,0.054535,0.579564,0.000000,-0.000000,0.018880,-0.013968,0.056806,0.578333,-0.003031,0.004873,0.074085,-0.001071,-0.000946,-0.002687,-0.001101,-0.000379,-0.002077,0.463406,0.177729,0.000000,0.000000,0.000000
8.560000,0.000000,0.000000,0.593700,0.000000,0.000000,0.000000,-0.002686,0.000000,-0.011944,0.054535,0.579788,0.000000,-0.000000,0.018580,-0.014001,0.056868,0.579243,-0.004102,0.004029,0.067139,-0.001086,-0.000938,-0.002687,-0.000942,-0.000012,-0.001990,0.455370,0.174980,0.000000,0.000000,0.000000
8.572000,0.000000,0.000000,0.593700,0.000000,0.000000,0.000000,-0.002686,0.000000,-0.011944,0.054535,0.580010,-0.000000,-0.000000,0.018285,-0.014063,0.056923,0.580038,-0.006247,0.003547,0.054775,-0.001092,-0.000935,-0.002687,-0.000858,0.000278,-0.001913,0.444656,0.171546,0.000000,0.000000,0.000000
8.584000,0.000000,0.000000,0.593700,0.000000,0.000000,0.000000,-0.002686,0.000000,-0.011944,0.054535,0.580227,0.000000,-0.000000,0.017994,-0.014169,0.056974,0.580652,-0.009233,0.003608,0.038526,-0.001085,-0.000940,-0.002687,-0.000867,0.000440,-0.001851,0.433254,0.167988,0.000000,0.000000,0.000000
8.596000,0.000000,0.000000,0.593700,0.000000,0.000000,0.000000,-0.002686,0.000000,-0.011944,0.054535,0.580442,0.000000,-0.000000,0.017708,-0.014321,0.057028,0.581044,-0.012500,0.004345,0.020234,-0.001066,-0.000952,-0.002687,-0.000970,0.000445,-0.001806,0.422925,0.164800,0.000000,0.000000,0.000000
8.608000,0.000000,0.000000,0.593700,0.000000,0.000000,0.000000,-0.002686,0.000000,-0.011944,0.054535,0.580652,0.000000,-0.000000,0.017426,-0.014517,0.057089,0.581187,-0.015134,0.005762,0.001475,-0.001023,-0.000978,-0.002687,-0.001149,0.000293,-0.001779,0.414787,0.162300,0.000000,0.000000,0.000000
8.620000,0.000000,0.000000,0.593700,0.000000,0.000000,0.000000,-0.002686,0.000000,-0.011944,0.054535,0.580860,0.000000,-0.000000,0.017149,-0.014747,0.057115,0.581076,-0.017428,0.002186,-0.010152,-0.001685,-0.001471,-0.002687,-0.001273,0.000028,-0.001731,0.409112,0.160520,0.000000,0.000000,0.000000
8.632000,0.000000,0.000000,0.593700,0.000000,0.000000,0.000000,-0.002686,0.000000,-0.011944,0.054535,0.581064,-0.000000,-0.000000,0.016877,-0.014933,0.057210,0.581021,-0.013461,0.006131,0.015679,0.000000,0.000000,-0.002686,-0.001300,-0.000141,-0.001722,0.408409,0.160650,0.000000,0.000000,0.000000
8.644000,0.000000,0.000000,0.593700,0.000000,0.000000,0.000000,-0.002686,0.000000,-0.011944,0.054535,0.581265,-0.000000,-0.000000,0.016608,-0.015112,0.057327,0.581195,-0.012375,0.009166,0.023010,-0.000842,-0.000973,-0.002687,-0.001437,-0.000337,-0.001712,0.407193,0.160707,0.000000,0.000000,0.000000
8.656000,0.000000,0.000000,0.593700,0.000000,0.000000,0.000000,-0.002686,0.000000,-0.011944,0.054535,0.581463,-0.000000,-0.000000,0.016344,-0.015232,0.057421,0.581494,-0.009267,0.007399,0.035231,-0.000865,-0.000908,-0.002687,-0.001349,-0.000390,-0.001757,0.406300,0.160662,0.000000,0.000000,0.000000
8.668000,0.000000,0.000000,0.593700,0.000000,0.000000,0.000000,-0.002686,0.000000,-0.011944,0.054535,0.581657,0.000000,-0.000000,0.016084,-0.015329,0.057503,0.581928,-0.007211,0.005403,0.038311,-0.000889,-0.000915,-0.002687,-0.001312,-0.000359,-0.001830,0.405424,0.160585,0.000000,0.000000,0.000000
8.680000,0.000000,0.000000,0.593700,0.000000,0.000000,0.000000,-0.002686,0.000000,-0.011944,0.054535,0.581849,0.000000,-0.000000,0.015829,-0.015403,0.057563,0.582402,-0.006230,0.003507,0.037632,-0.000915,-0.000964,-0.002687,-0.001317,-0.000362,-0.001910,0.404605,0.160478,0.000000,0.000000,0.000000
8.692000,0.000000,0.000000,0.593700,0.000000,0.000000,0.000000,-0.002686,0.000000,-0.011944,0.054535,0.582037,0.000000,-0.000000,0.015577,-0.015387,0.057606,0.582916,-0.001833,0.001968,0.040097,-0.000916,-0.000996,-0.002687,-0.001338,-0.000390,-0.001989,0.403825,0.160311,0.000000,0.000000,0.000000
8.704000,0.000000,0.000000,0.593700,0.000000,0.000000,0.000000,-0.002686,0.000000,-0.011944,0.054535,0.582222,0.000000,-0.000000,0.015329,-0.015301,0.057626,0.583456,0.004348,0.000541,0.037285,-0.000884,-0.001003,-0.002687,-0.001338,-0.000428,-0.002063,0.403049,0.160168,0.000000,0.000000,0.000000
8.716000,0.000000,0.000000,0.593700,0.000000,0.000000,0.000000,-0.002686,0.000000,-0.011944,0.054535,0.582405,0.000000,-0.000000,0.015086,-0.015231,0.057630,0.583859,0.008748,-0.000349,0.017305,-0.000688,-0.001021,-0.002687,-0.001266,-0.000512,-0.002110,0.402554,0.160158,0.000000,0.000000,0.000000
8.726000,0.000000,0.000000,0.593700,0.000000,0.000000,0.000000,-0.002686,0.000000,-0.011944,0.054535,0.582555,-0.000000,-0.000000,0.014885,-0.015168,0.057626,0.583927,0.010604,-0.001067,-0.003221,-0.000648,-0.000998,-0.002687,-0.001182,-0.000624,-0.002161,0.402586,0.160257,0.000000,0.000000,0.000000
8.738000,0.000000,0.000000,0.593700,0.000000,0.000000,0.000000,-0.002686,0.000000,-0.011944,0.054535,0.582732,-0.000000,-0.000000,0.014649,-0.015078,0.057611,0.583743,0.011865,-0.002106,-0.021965,-0.000643,-0.000995,-0.002687,-0.001061,-0.000805,-0.002253,0.403715,0.160702,0.000000,0.000000,0.000000
8.750000,0.000000,0.000000,0.593700,0.000000,0.000000,0.000000,-0.002686,0.000000,-0.011944,0.054535,0.582906,0.000000,-0.000000,0.014416,-0.014972,0.057582,0.583370,0.012040,-0.003332,-0.030552,-0.000636,-0.000990,-0.002686,-0.000925,-0.001019,-0.002364,0.406659,0.161790,0.000000,0.000000,0.000000
8.762000,0.000000,0.000000,0.593700,0.000000,0.000000,0.000000,-0.002686,0.000000,-0.011944,0.054535,0.583078,-0.000000,0.000000,0.014187,-0.014856,0.057540,0.582943,0.011194,-0.004489,-0.027943,-0.000621,-0.000981,-0.002686,-0.000784,-0.001212,-0.002477,0.412012,0.163665,0.000000,0.000000,0.000000
8.774000,0.000000,0.000000,0.593700,0.000000,0.000000,0.000000,-0.002686,0.000000,-0.011944,0.054535,0.583247,-0.000000,-0.000000,0.013961,-0.014738,0.057487,0.582601,0.009586,-0.005290,-0.015659,-0.000602,-0.000970,-0.002686,-0.000656,-0.001335,-0.002586,0.420058,0.166347,0.000000,0.000000,0.000000
8.786000,0.000000,0.000000,0.593700,0.000000,0.000000,0.000000,-0.002686,0.000000,-0.011944,0.054535,0.583413,0.000000,0.000000,0.013739,-0.014626,0.057429,0.582456,0.007912,-0.005585,0.002873,-0.000588,-0.000961,-0.002686,-0.000573,-0.001362,-0.002692,0.430387,0.169648,0.000000,0.000000,0.000000
8.798000,0.000000,0.000000,0.593700,0.000000,0.000000,0.000000,-0.002686,0.000000,-0.011944,0.054535,0.583577,0.000000,-0.000000,0.013521,-0.014519,0.057369,0.582571,0.007003,-0.005379,0.023493,-0.000582,-0.000957,-0.002686,-0.000561,-0.001294,-0.002796,0.441691,0.173120,0.000000,0.000000,0.000000
8.810000,0.000000,0.000000,0.593700,0.000000,0.000000,0.000000,-0.002686,0.000000,-0.011944,0.054535,0.583738,-0.000000,0.000000,0.013306,-0.014407,0.057313,0.582952,0.007227,-0.004736,0.042333,-0.000576,-0.000954,-0.002686,-0.000634,-0.001134,-0.002897,0.451978,0.175917,0.000000,0.000000,0.000000
8.822000,0.000000,0.000000,0.593700,0.000000,0.000000,0.000000,-0.002686,0.000000,-0.011944,0.054535,0.583896,0.000000,0.000000,0.013094,-0.014283,0.057264,0.583562,0.008219,-0.003708,0.056468,-0.000562,-0.000946,-0.002686,-0.000782,-0.000882,-0.002995,0.459147,0.177562,0.000000,0.000000,0.000000
8.834000,0.000000,0.000000,0.593700,0.000000,0.000000,0.000000,-0.002686,0.000000,-0.011944,0.054535,0.584052,0.000000,-0.000000,0.012886,-0.014147,0.057225,0.584326,0.009160,-0.002402,0.064008,-0.000535,-0.000931,-0.002687,-0.000977,-0.000548,-0.003091,0.461656,0.177785,0.000000,0.000000,0.000000
8.846000,0.000000,0.000000,0.593700,0.000000,0.000000,0.000000,-0.002686,0.000000,-0.011944,0.054535,0.584205,-0.000000,0.000000,0.012681,-0.014009,0.057198,0.585157,0.009494,-0.000972,0.064733,-0.000504,-0.000913,-0.002687,-0.001177,-0.000166,-0.003184,0.458994,0.176535,0.000000,0.000000,0.000000
8.858000,0.000000,0.000000,0.593700,0.000000,0.000000,0.000000,-0.002686,0.000000,-0.011944,0.054535,0.584356,-0.000000,-0.000000,0.012479,-0.013883,0.057184,0.585968,0.008814,0.000377,0.058902,-0.000480,-0.000900,-0.002688,-0.001340,0.000214,-0.003270,0.451810,0.174056,0.000000,0.000000,0.000000
8.870000,0.000000,0.000000,0.593700,0.000000,0.000000,0.000000,-0.002686,0.000000,-0.011944,0.054535,0.584505,-0.000000,-0.000000,0.012281,-0.013785,0.057184,0.586674,0.006968,0.001475,0.047435,-0.000471,-0.000896,-0.002688,-0.001431,0.000539,-0.003345,0.441642,0.170808,0.000000,0.000000,0.000000
8.882000,0.000000,0.000000,0.593700,0.000000,0.000000,0.000000,-0.002686,0.000000,-0.011944,0.054535,0.584651,0.000000,-0.000000,0.012086,-0.013727,0.057195,0.587211,0.004104,0.002158,0.031891,-0.000480,-0.000902,-0.002688,-0.001430,0.000761,-0.003407,0.430428,0.167330,0.000000,0.000000,0.000000
8.894000,0.000000,0.000000,0.593700,0.000000,0.000000,0.000000,-0.002686,0.000000,-0.011944,0.054535,0.584795,-0.000000,0.000000,0.011894,-0.013720,0.057214,0.587533,0.000784,0.002283,0.013944,-0.000509,-0.000919,-0.002688,-0.001338,0.000841,-0.003453,0.419973,0.163758,0.000000,0.000000,0.000000
8.906000,0.000000,0.000000,0.593700,0.000000,0.000000,0.000000,-0.002686,0.000000,-0.011944,0.054535,0.584936,0.000000,0.000000,0.011705,-0.013760,0.057235,0.587616,-0.002217,0.001764,-0.004371,-0.000555,-0.000947,-0.002688,-0.001173,0.000758,-0.003481,0.411502,0.160871,0.000000,0.000000,0.000000
8.918000,0.000000,0.000000,0.593700,0.000000,0.000000,0.000000,-0.002686,0.000000,-0.011944,0.054535,0.585076,-0.000000,-0.000000,0.011518,-0.013839,0.057245,0.587468,-0.005183,0.000609,-0.024822,-0.000609,-0.000979,-0.002687,-0.000948,0.000509,-0.003513,0.405457,0.158854,0.000000,0.000000,0.000000
8.930000,0.000000,0.000000,0.593700,0.000000,0.000000,0.000000,-0.002686,0.000000,-0.011944,0.054535,0.585213,0.000000,-0.000000,0.011335,-0.013890,0.057271,0.587264,-0.000748,-0.000600,0.006434,-0.000411,-0.001179,-0.002687,-0.000903,0.000138,-0.003549,0.404282,0.158842,0.000000,0.000000,0.000000
8.942000,0.000000,0.000000,0.593700,0.000000,0.000000,0.000000,-0.002686,0.000000,-0.011944,0.054535,0.585348,0.000000,-0.000000,0.011155,-0.013891,0.057280,0.587335,0.002109,-0.000914,0.014101,-0.000594,-0.001040,-0.002687,-0.000816,-0.000151,-0.003566,0.403398,0.158833,0.000000,0.000000,0.000000
8.954000,0.000000,0.000000,0.593700,0.000000,0.000000,0.000000,-0.002686,0.000000,-0.011944,0.054535,0.585481,0.000000,-0.000000,0.010978,-0.013856,0.057295,0.587514,0.002673,-0.000726,0.024781,-0.000684,-0.000947,-0.002687,-0.000860,-0.000308,-0.003538,0.402719,0.158805,0.000000,0.000000,0.000000
8.966000,0.000000,0.000000,0.593700,0.000000,0.000000,0.000000,-0.002686,0.000000,-0.011944,0.054535,0.585611,0.000000,-0.000000,0.010803,-0.013828,0.057283,0.587823,0.001278,-0.001650,0.030282,-0.000696,-0.000931,-0.002687,-0.000881,-0.000346,-0.003468,0.402095,0.158682,0.000000,0.000000,0.000000
8.976000,0.000000,0.000000,0.593700,0.000000,0.000000,0.000000,-0.002686,0.000000,-0.011944,0.054535,0.585719,-0.000000,0.000000,0.010660,-0.013820,0.057265,0.588133,-0.000395,-0.002306,0.030135,-0.000709,-0.000937,-0.002687,-0.000893,-0.000361,-0.003403,0.401623,0.158577,0.000000,0.000000,0.000000
8.988000,0.000000,0.000000,0.593700,0.000000,0.000000,0.000000,-0.002686,0.000000,-0.011944,0.054535,0.585846,-0.000000,0.000000,0.010490,-0.013796,0.057236,0.588526,-0.000233,-0.002856,0.031468,-0.000717,-0.000953,-0.002687,-0.000895,-0.000367,-0.003326,0.401088,0.158451,0.000000,0.000000,0.000000
9.000000,0.000000,0.000000,0.593700,0.000000,0.000000,0.000000,-0.002686,0.000000,-0.011944,0.054535,0.585970,0.000000,0.000000,0.010324,-0.013741,0.057205,0.588934,0.002061,-0.003122,0.034400,-0.000725,-0.000962,-0.002687,-0.000891,-0.000370,-0.003253,0.400548,0.158323,0.000000,0.000000,0.000000
9.012000,0.000000,0.000000,0.593700,0.000000,0.000000,0.000000,-0.002686,0.000000,-0.011944,0.054535,0.586093,-0.000000,0.000000,0.010159,-0.013718,0.057173,0.589342,0.002955,-0.002621,0.019425,-0.000751,-0.001034,-0.002687,-0.000895,-0.000436,-0.003193,0.400032,0.158242,0.000000,0.000000,0.000000
9.024000,0.000000,0.000000,0.593700,0.000000,0.000000,0.000000,-0.002686,0.000000,-0.011944,0.054535,0.586214,-0.000000,0.000000,0.009998,-0.013705,0.057147,0.589360,0.003430,-0.001859,-0.007391,-0.000734,-0.001044,-0.002687,-0.000913,-0.000582,-0.003132,0.399869,0.158294,0.000000,0.000000,0.000000
9.036000,0.000000,0.000000,0.593700,0.000000,0.000000,0.000000,-0.002686,0.000000,-0.011944,0.054535,0.586333,0.000000,0.000000,0.009839,-0.013696,0.057130,0.589084,0.003914,-0.000703,-0.027164,-0.000736,-0.001043,-0.002687,-0.000952,-0.000790,-0.003038,0.400659,0.158721,0.000000,0.000000,0.000000
9.048000,0.000000,0.000000,0.593700,0.000000,0.000000,0.000000,-0.002686,0.000000,-0.011944,0.054535,0.586450,0.000000,-0.000000,0.009683,-0.013685,0.057129,0.588610,0.003605,0.000862,-0.037277,-0.000740,-0.001040,-0.002686,-0.001020,-0.001043,-0.002925,0.403073,0.159778,0.000000,0.000000,0.000000
9.060000,0.000000,0.000000,0.593700,0.000000,0.000000,0.000000,-0.002686,0.000000,-0.011944,0.054535,0.586566,0.000000,-0.000000,0.009529,-0.013671,0.057146,0.588069,0.002407,0.002587,-0.036108,-0.000751,-0.001033,-0.002686,-0.001118,-0.001292,-0.002811,0.407744,0.161609,0.000000,0.000000,0.000000
9.072000,0.000000,0.000000,0.593700,0.000000,0.000000,0.000000,-0.002686,0.000000,-0.011944,0.054535,0.586679,0.000000,-0.000000,0.009377,-0.013662,0.057181,0.587600,0.000383,0.004098,-0.024842,-0.000769,-0.001022,-0.002686,-0.001235,-0.001478,-0.002703,0.415065,0.164222,0.000000,0.000000,0.000000
9.084000,0.000000,0.000000,0.593700,0.000000,0.000000,0.000000,-0.002686,0.000000,-0.011944,0.054535,0.586791,-0.000000,-0.000000,0.009228,-0.013665,0.057230,0.587319,-0.001897,0.005122,-0.006715,-0.000784,-0.001013,-0.002686,-0.001342,-0.001569,-0.002599,0.424801,0.167412,0.000000,0.000000,0.000000
9.096000,0.000000,0.000000,0.593700,0.000000,0.000000,0.000000,-0.002686,0.000000,-0.011944,0.054535,0.586901,0.000000,-0.000000,0.009081,-0.013680,0.057287,0.587298,-0.003555,0.005591,0.014131,-0.000793,-0.001007,-0.002686,-0.001404,-0.001559,-0.002497,0.435818,0.170745,0.000000,0.000000,0.000000
9.108000,0.000000,0.000000,0.593700,0.000000,0.000000,0.000000,-0.002686,0.000000,-0.011944,0.054535,0.587009,-0.000000,-0.000000,0.008937,-0.013700,0.057346,0.587552,-0.004047,0.005561,0.033720,-0.000801,-0.001002,-0.002686,-0.001395,-0.001451,-0.002397,0.446226,0.173641,0.000000,0.000000,0.000000
9.120000,0.000000,0.000000,0.593700,0.000000,0.000000,0.000000,-0.002686,0.000000,-0.011944,0.054535,0.587115,0.000000,-0.000000,0.008795,-0.013714,0.057405,0.588047,-0.003558,0.005108,0.048960,-0.000817,-0.000993,-0.002686,-0.001312,-0.001247,-0.002298,0.453901,0.175532,0.000000,0.000000,0.000000
9.132000,0.000000,0.000000,0.593700,0.000000,0.000000,0.000000,-0.002686,0.000000,-0.011944,0.054535,0.587220,0.000000,-0.000000,0.008655,-0.013720,0.057461,0.588713,-0.002823,0.004318,0.057819,-0.000845,-0.000976,-0.002686,-0.001171,-0.000951,-0.002200,0.457184,0.176032,0.000000,0.000000,0.000000
9.144000,0.000000,0.000000,0.593700,0.000000,0.000000,0.000000,-0.002686,0.000000,-0.011944,0.054535,0.587323,0.000000,0.000000,0.008517,-0.013725,0.057509,0.589466,-0.002788,0.003337,0.059863,-0.000866,-0.000964,-0.002687,-0.001004,-0.000587,-0.002102,0.455386,0.175038,0.000000,0.000000,0.000000
9.156000,0.000000,0.000000,0.593700,0.000000,0.000000,0.000000,-0.002686,0.000000,-0.011944,0.054535,0.587424,0.000000,-0.000000,0.008382,-0.013745,0.057551,0.590214,-0.003473,0.002475,0.054987,-0.000876,-0.000959,-0.002687,-0.000850,-0.000222,-0.002012,0.448966,0.172747,0.000000,0.000000,0.000000
9.168000,0.000000,0.000000,0.593700,0.000000,0.000000,0.000000,-0.002686,0.000000,-0.011944,0.054535,0.587524,0.000000,-0.000000,0.008249,-0.013789,0.057585,0.590872,-0.005194,0.001852,0.044516,-0.000891,-0.000951,-0.002687,-0.000752,0.000101,-0.001932,0.439361,0.169596,0.000000,0.000000,0.000000
9.180000,0.000000,0.000000,0.593700,0.000000,0.000000,0.000000,-0.002686,0.000000,-0.011944,0.054535,0.587622,0.000000,-0.000000,0.008118,-0.013875,0.057614,0.591373,-0.008197,0.001595,0.029656,-0.000895,-0.000949,-0.002687,-0.000732,0.000343,-0.001865,0.428451,0.166136,0.000000,0.000000,0.000000
9.192000,0.000000,0.000000,0.593700,0.000000,0.000000,0.000000,-0.002686,0.000000,-0.011944,0.054535,0.587719,0.000000,-0.000000,0.007988,-0.014016,0.057642,0.591667,-0.011818,0.001935,0.012065,-0.000881,-0.000958,-0.002687,-0.000796,0.000456,-0.001814,0.418056,0.162895,0.000000,0.000000,0.000000
9.204000,0.000000,0.000000,0.593700,0.000000,0.000000,0.000000,-0.002686,0.000000,-0.011944,0.054535,0.587814,-0.000000,-0.000000,0.007861,-0.014211,0.057673,0.591726,-0.015316,0.002959,-0.006416,-0.000853,-0.000975,-0.002687,-0.000937,0.000410,-0.001781,0.409479,0.160256,0.000000,0.000000,0.000000
9.216000,0.000000,0.000000,0.593700,0.000000,0.000000,0.000000,-0.002686,0.000000,-0.011944,0.054535,0.587907,0.000000,-0.000000,0.007736,-0.014450,0.057717,0.591545,-0.017973,0.004710,-0.023722,-0.000809,-0.001000,-0.002687,-0.001132,0.000196,-0.001765,0.403250,0.158388,0.000000,0.000000,0.000000
9.228000,0.000000,0.000000,0.593700,0.000000,0.000000,0.000000,-0.002686,0.000000,-0.011944,0.054535,0.588000,0.000000,-0.000000,0.007613,-0.014678,0.057752,0.591241,-0.014726,0.004407,-0.001700,-0.000695,-0.000985,-0.002687,-0.001239,-0.000147,-0.001707,0.401397,0.158064,0.000000,0.000000,0.000000
9.240000,0.000000,0.000000,0.593700,0.000000,0.000000,0.000000,-0.002686,0.000000,-0.011944,0.054535,0.588090,-0.000000,0.000000,0.007492,-0.014858,0.057840,0.591216,-0.012647,0.006794,0.008395,-0.000820,-0.001043,-0.002687,-0.001484,-0.000454,-0.001677,0.400419,0.158139,0.000000,0.000000,0.000000
9.252000,0.000000,0.000000,0.593700,0.000000,0.000000,0.000000,-0.002686,0.000000,-0.011944,0.054535,0.588179,0.000000,-0.000000,0.007373,-0.014986,0.057902,0.591324,-0.009649,0.006175,0.019465,-0.000714,-0.000972,-0.002687,-0.001381,-0.000605,-0.001693,0.399656,0.158112,0.000000,0.000000,0.000000
9.264000,0.000000,0.000000,0.593700,0.000000,0.000000,0.000000,-0.002686,0.000000,-0.011944,0.054535,0.588267,-0.000000,0.000000,0.007256,-0.015085,0.057968,0.591569,-0.007671,0.004406,0.024955,-0.000612,-0.000896,-0.002687,-0.001293,-0.000545,-0.001757,0.398957,0.158009,0.000000,0.000000,0.000000
9.274000,0.000000,0.000000,0.593700,0.000000,0.000000,0.000000,-0.002686,0.000000,-0.011944,0.054535,0.588339,0.000000,0.000000,0.007160,-0.015157,0.058010,0.591823,-0.006810,0.002973,0.024392,-0.000673,-0.000939,-0.002687,-0.001254,-0.000505,-0.001821,0.398415,0.157893,0.000000,0.000000,0.000000
9.286000,0.000000,0.000000,0.593700,0.000000,0.000000,0.000000,-0.002686,0.000000,-0.011944,0.054535,0.588424,0.000000,0.000000,0.007046,-0.015196,0.058045,0.592151,-0.004293,0.001433,0.025048,-0.000700,-0.000969,-0.002687,-0.001240,-0.000492,-0.001900,0.397799,0.157774,0.000000,0.000000,0.000000
9.298000,0.000000,0.000000,0.593700,0.000000,0.000000,0.000000,-0.002686,0.000000,-0.011944,0.054535,0.588508,0.000000,-0.000000,0.006934,-0.015142,0.058064,0.592520,0.001408,0.000182,0.028406,-0.000704,-0.000982,-0.002687,-0.001235,-0.000500,-0.001977,0.397189,0.157676,0.000000,0.000000,0.000000
9.310000,0.000000,0.000000,0.593700,0.000000,0.000000,0.000000,-0.002686,0.000000,-0.011944,0.054535,0.588591,0.000000,-0.000000,0.006824,-0.015071,0.058065,0.592932,0.005955,-0.000669,0.018765,-0.000663,-0.001009,-0.002687,-0.001202,-0.000530,-0.002040,0.396629,0.157623,0.000000,0.000000,0.000000
9.322000,0.000000,0.000000,0.593700,0.000000,0.000000,0.000000,-0.002686,0.000000,-0.011944,0.054535,0.588672,0.000000,-0.000000,0.006715,-0.014994,0.058057,0.593009,0.008945,-0.001332,-0.007323,-0.000636,-0.000994,-0.002687,-0.001143,-0.000615,-0.002085,0.396424,0.157695,0.000000,0.000000,0.000000
9.334000,0.000000,0.000000,0.593700,0.000000,0.000000,0.000000,-0.002686,0.000000,-0.011944,0.054535,0.588752,-0.000000,-0.000000,0.006608,-0.014905,0.058038,0.592768,0.011597,-0.002156,-0.028961,-0.000602,-0.000974,-0.002687,-0.001056,-0.000754,-0.002160,0.397127,0.158073,0.000000,0.000000,0.000000
9.346000,0.000000,0.000000,0.593700,0.000000,0.000000,0.000000,-0.002686,0.000000,-0.011944,0.054535,0.588831,0.000000,-0.000000,0.006503,-0.014797,0.058009,0.592298,0.012947,-0.003127,-0.041122,-0.000593,-0.000969,-0.002687,-0.000946,-0.000938,-0.002263,0.399405,0.159002,0.000000,0.000000,0.000000
9.358000,0.000000,0.000000,0.593700,0.000000,0.000000,0.000000,-0.002686,0.000000,-0.011944,0.054535,0.588908,0.000000,-0.000000,0.006400,-0.014675,0.057968,0.591728,0.012605,-0.004112,-0.042084,-0.000579,-0.000960,-0.002686,-0.000821,-0.001120,-0.002375,0.403880,0.160584,0.000000,0.000000,0.000000
9.370000,0.000000,0.000000,0.593700,0.000000,0.000000,0.000000,-0.002686,0.000000,-0.011944,0.054535,0.588984,0.000000,-0.000000,0.006298,-0.014550,0.057919,0.591201,0.010897,-0.004853,-0.032549,-0.000563,-0.000950,-0.002686,-0.000697,-0.001247,-0.002486,0.410978,0.162976,0.000000,0.000000,0.000000
9.382000,0.000000,0.000000,0.593700,0.000000,0.000000,0.000000,-0.002686,0.000000,-0.011944,0.054535,0.589059,0.000000,-0.000000,0.006198,-0.014432,0.057864,0.590840,0.008720,-0.005189,-0.015428,-0.000553,-0.000943,-0.002686,-0.000603,-0.001293,-0.002594,0.420574,0.166079,0.000000,0.000000,0.000000
9.394000,0.000000,0.000000,0.593700,0.000000,0.000000,0.000000,-0.002686,0.000000,-0.011944,0.054535,0.589133,0.000000,-0.000000,0.006100,-0.014323,0.057809,0.590725,0.007225,-0.005103,0.005230,-0.000552,-0.000942,-0.002686,-0.000569,-0.001257,-0.002700,0.431688,0.169537,0.000000,0.000000,0.000000
9.406000,0.000000,0.000000,0.593700,0.000000,0.000000,0.000000,-0.002686,0.000000,-0.011944,0.054535,0.589206,0.000000,-0.000000,0.006003,-0.014212,0.057755,0.590884,0.007095,-0.004634,0.025345,-0.000551,-0.000941,-0.002686,-0.000613,-0.001145,-0.002804,0.442536,0.172554,0.000000,0.000000,0.000000
9.418000,0.000000,0.000000,0.593700,0.000000,0.000000,0.000000,-0.002686,0.000000,-0.011944,0.054535,0.589277,0.000000,-0.000000,0.005907,-0.014087,0.057707,0.591293,0.008107,-0.003790,0.041592,-0.000539,-0.000934,-0.002686,-0.000731,-0.000951,-0.002906,0.450998,0.174633,0.000000,0.000000,0.000000
9.430000,0.000000,0.000000,0.593700,0.000000,0.000000,0.000000,-0.002686,0.000000,-0.011944,0.054535,0.589347,0.000000,-0.000000,0.005813,-0.013946,0.057668,0.591887,0.009429,-0.002605,0.051811,-0.000514,-0.000920,-0.002687,-0.000904,-0.000667,-0.003006,0.455289,0.175387,0.000000,0.000000,0.000000
9.442000,0.000000,0.000000,0.593700,0.000000,0.000000,0.000000,-0.002686,0.000000,-0.011944,0.054535,0.589417,0.000000,-0.000000,0.005721,-0.013796,0.057640,0.592584,0.010127,-0.001184,0.055111,-0.000481,-0.000901,-0.002687,-0.001099,-0.000305,-0.003103,0.454531,0.174664,0.000000,0.000000,0.000000
9.454000,0.000000,0.000000,0.593700,0.000000,0.000000,0.000000,-0.002686,0.000000,-0.011944,0.054535,0.589485,0.000000,-0.000000,0.005630,-0.013648,0.057614,0.593290,0.009959,-0.000652,0.051778,0.000000,0.000000,-0.002686,-0.001230,0.000113,-0.003193,0.448990,0.172629,0.000000,0.000000,0.000000
9.466000,0.000000,0.000000,0.593700,0.000000,0.000000,0.000000,-0.002686,0.000000,-0.011944,0.054535,0.589552,0.000000,-0.000000,0.005540,-0.013522,0.057618,0.593925,0.008086,0.001879,0.042273,0.000000,0.000000,-0.002686,-0.001252,0.000645,-0.003276,0.439948,0.169619,0.000000,0.000000,0.000000
9.478000,0.000000,0.000000,0.593700,0.000000,0.000000,0.000000,-0.002686,0.000000,-0.011944,0.054535,0.589618,0.000000,-0.000000,0.005452,-0.013454,0.057627,0.594410,0.004803,0.002695,0.027656,0.000000,0.000000,-0.002686,-0.001240,0.001090,-0.003345,0.429142,0.166234,0.000000,0.000000,0.000000
9.490000,0.000000,0.000000,0.593700,0.000000,0.000000,0.000000,-0.002686,0.000000,-0.011944,0.054535,0.589683,-0.000000,-0.000000,0.005366,-0.013435,0.057650,0.594690,0.001889,0.003235,0.010443,0.000000,0.000000,-0.002686,-0.001149,0.001343,-0.003399,0.418543,0.162884,0.000000,0.000000,0.000000
9.502000,0.000000,0.000000,0.593700,0.000000,0.000000,0.000000,-0.002686,0.000000,-0.011944,0.054535,0.589747,0.000000,-0.000000,0.005280,-0.013459,0.057678,0.594740,-0.001156,0.003380,-0.007780,0.000000,0.000000,-0.002686,-0.000977,0.001436,-0.003436,0.409611,0.159826,0.000000,0.000000,0.000000
9.514000,0.000000,0.000000,0.593700,0.000000,0.000000,0.000000,-0.002686,0.000000,-0.011944,0.054535,0.589809,0.000000,-0.000000,0.005196,-0.013537,0.057729,0.594552,-0.004188,0.004718,-0.025703,-0.000538,-0.000940,-0.002688,-0.000839,0.001322,-0.003460,0.402957,0.157630,0.000000,0.000000,0.000000
9.524000,0.000000,0.000000,0.593700,0.000000,0.000000,0.000000,-0.002686,0.000000,-0.011944,0.054535,0.589861,0.000000,0.000000,0.005127,-0.013615,0.057766,0.594222,-0.002587,0.003595,-0.013737,-0.000338,-0.001203,-0.002688,-0.000864,0.000949,-0.003522,0.400420,0.157038,0.000000,0.000000,0.000000
9.536000,0.000000,0.000000,0.593700,0.000000,0.000000,0.000000,-0.002686,0.000000,-0.011944,0.054535,0.589922,0.000000,-0.000000,0.005046,-0.013631,0.057782,0.594083,0.001545,0.001550,0.003611,-0.000461,-0.001095,-0.002687,-0.000849,0.000493,-0.003549,0.399745,0.157124,0.000000,0.000000,0.000000
9.548000,0.000000,0.000000,0.593700,0.000000,0.000000,0.000000,-0.002686,0.000000,-0.011944,0.054535,0.589982,0.000000,-0.000000,0.004966,-0.013602,0.057799,0.594122,0.003526,0.000574,0.012466,-0.000478,-0.001048,-0.002687,-0.000835,0.000163,-0.003550,0.399066,0.157139,0.000000,0.000000,0.000000
9.560000,0.000000,0.000000,0.593700,0.000000,0.000000,0.000000,-0.002686,0.000000,-0.011944,0.054535,0.590041,-0.000000,0.000000,0.004887,-0.013558,0.057805,0.594283,0.002586,-0.000505,0.021062,-0.000748,-0.000851,-0.002687,-0.000859,-0.000012,-0.003489,0.398524,0.157079,0.000000,0.000000,0.000000
9.572000,0.000000,0.000000,0.593700,0.000000,0.000000,0.000000,-0.002686,0.000000,-0.011944,0.054535,0.590099,-0.000000,-0.000000,0.004809,-0.013534,0.057794,0.594537,0.000582,-0.001724,0.021510,-0.000737,-0.000855,-0.002687,-0.000902,-0.000102,-0.003415,0.398064,0.156991,0.000000,0.000000,0.000000
9.584000,0.000000,0.000000,0.593700,0.000000,0.000000,0.000000,-0.002686,0.000000,-0.011944,0.054535,0.590157,-0.000000,0.000000,0.004732,-0.013517,0.057771,0.594810,-0.000339,-0.002681,0.021458,-0.000719,-0.000880,-0.002687,-0.000921,-0.000158,-0.003340,0.397641,0.156898,0.000000,0.000000,0.000000
9.596000,0.000000,0.000000,0.593700,0.000000,0.000000,0.000000,-0.002686,0.000000,-0.011944,0.054535,0.590213,0.000000,-0.000000,0.004657,-0.013469,0.057740,0.595107,0.001505,-0.003257,0.024627,-0.000697,-0.000899,-0.002687,-0.000922,-0.000194,-0.003271,0.397211,0.156798,0.000000,0.000000,0.000000
9.608000,0.000000,0.000000,0.593700,0.000000,0.000000,0.000000,-0.002686,0.000000,-0.011944,0.054535,0.590268,0.000000,-0.000000,0.004583,-0.013441,0.057701,0.595442,0.002645,-0.003507,0.020509,-0.000687,-0.000941,-0.002687,-0.000910,-0.000244,-0.003207,0.396736,0.156692,0.000000,0.000000,0.000000
9.620000,0.000000,0.000000,0.593700,0.000000,0.000000,0.000000,-0.002686,0.000000,-0.011944,0.054535,0.590323,0.000000,-0.000000,0.004510,-0.013437,0.057667,0.595547,0.002830,-0.002964,-0.004509,-0.000674,-0.000984,-0.002687,-0.000906,-0.000384,-0.003158,0.396521,0.156712,0.000000,0.000000,0.000000
9.632000,0.000000,0.000000,0.593700,0.000000,0.000000,0.000000,-0.002686,0.000000,-0.011944,0.054535,0.590377,-0.000000,-0.000000,0.004439,-0.013434,0.057637,0.595311,0.002868,-0.002094,-0.027529,-0.000652,-0.000996,-0.002687,-0.000919,-0.000586,-0.003080,0.396975,0.156989,0.000000,0.000000,0.000000
9.644000,0.000000,0.000000,0.593700,0.000000,0.000000,0.000000,-0.002686,0.000000,-0.011944,0.054535,0.590430,-0.000000,-0.000000,0.004368,-0.013429,0.057620,0.594812,0.003090,-0.000684,-0.042929,-0.000649,-0.000998,-0.002687,-0.000960,-0.000844,-0.002970,0.398770,0.157813,0.000000,0.000000,0.000000
9.656000,0.000000,0.000000,0.593700,0.000000,0.000000,0.000000,-0.002686,0.000000,-0.011944,0.054535,0.590482,0.000000,-0.000000,0.004299,-0.013418,0.057620,0.594173,0.003127,0.000936,-0.046263,-0.000677,-0.000980,-0.002686,-0.001039,-0.001106,-0.002855,0.402613,0.159361,0.000000,0.000000,0.000000
9.668000,0.000000,0.000000,0.593700,0.000000,0.000000,0.000000,-0.002686,0.000000,-0.011944,0.054535,0.590533,0.000000,-0.000000,0.004230,-0.013408,0.057636,0.593562,0.001185,0.002345,-0.038135,-0.000710,-0.000960,-0.002686,-0.001148,-0.001299,-0.002742,0.408995,0.161693,0.000000,0.000000,0.000000
9.680000,0.000000,0.000000,0.593700,0.000000,0.000000,0.000000,-0.002686,0.000000,-0.011944,0.054535,0.590583,0.000000,-0.000000,0.004163,-0.013415,0.057664,0.593105,-0.001925,0.003347,-0.021896,-0.000734,-0.000945,-0.002686,-0.001257,-0.001395,-0.002629,0.417915,0.164693,0.000000,0.000000,0.000000
9.692000,0.000000,0.000000,0.593700,0.000000,0.000000,0.000000,-0.002686,0.000000,-0.011944,0.054535,0.590633,-0.000000,0.000000,0.004097,-0.013442,0.057701,0.592883,-0.004369,0.003951,-0.001845,-0.000734,-0.000944,-0.002686,-0.001333,-0.001408,-0.002514,0.428574,0.168007,0.000000,0.000000,0.000000
9.704000,0.000000,0.000000,0.593700,0.000000,0.000000,0.000000,-0.002686,0.000000,-0.011944,0.054535,0.590681,-0.000000,0.000000,0.004032,-0.013476,0.057742,0.592930,-0.004999,0.004169,0.018509,-0.000741,-0.000938,-0.002686,-0.001349,-0.001349,-0.002400,0.439361,0.171095,0.000000,0.000000,0.000000
9.716000,0.000000,0.000000,0.593700,0.000000,0.000000,0.000000,-0.002686,0.000000,-0.011944,0.054535,0.590729,0.000000,0.000000,0.003968,-0.013503,0.057785,0.593239,-0.004691,0.003879,0.035943,-0.000766,-0.000923,-0.002686,-0.001297,-0.001191,-0.002286,0.448194,0.173369,0.000000,0.000000,0.000000
9.728000,0.000000,0.000000,0.593700,0.000000,0.000000,0.000000,-0.002686,0.000000,-0.011944,0.054535,0.590777,0.000000,-0.000000,0.003904,-0.013524,0.057825,0.593759,-0.004234,0.003180,0.047754,-0.000793,-0.000907,-0.002686,-0.001182,-0.000934,-0.002175,0.453164,0.174369,0.000000,0.000000,0.000000
9.740000,0.000000,0.000000,0.593700,0.000000,0.000000,0.000000,-0.002686,0.000000,-0.011944,0.054535,0.590823,0.000000,-0.000000,0.003842,-0.013543,0.057859,0.594405,-0.003921,0.002328,0.052681,-0.000812,-0.000896,-0.002687,-0.001028,-0.000615,-0.002070,0.453199,0.173896,0.000000,0.000000,0.000000
9.752000,0.000000,0.000000,0.593700,0.000000,0.000000,0.000000,-0.002686,0.000000,-0.011944,0.054535,0.590869,0.000000,0.000000,0.003781,-0.013568,0.057887,0.595085,-0.004133,0.001487,0.050555,-0.000823,-0.000890,-0.002687,-0.000874,-0.000280,-0.001972,0.448372,0.172048,0.000000,0.000000,0.000000
9.764000,0.000000,0.000000,0.593700,0.000000,0.000000,0.000000,-0.002686,0.000000,-0.011944,0.054535,0.590914,0.000000,-0.000000,0.003721,-0.013609,0.057908,0.595710,-0.005278,0.000820,0.042198,-0.000822,-0.000892,-0.002687,-0.000759,0.000026,-0.001886,0.439807,0.169186,0.000000,0.000000,0.000000
9.774000,0.000000,0.000000,0.593700,0.000000,0.000000,0.000000,-0.002686,0.000000,-0.011944,0.054535,0.590951,0.000000,-0.000000,0.003672,-0.013666,0.057921,0.596131,-0.007012,0.000511,0.031289,-0.000803,-0.000904,-0.002687,-0.000712,0.000225,-0.001825,0.431094,0.166398,0.000000,0.000000,0.000000
9.786000,0.000000,0.000000,0.593700,0.000000,0.000000,0.000000,-0.002686,0.000000,-0.011944,0.054535,0.590995,0.000000,-0.000000,0.003613,-0.013770,0.057935,0.596463,-0.009726,0.000597,0.014856,-0.000769,-0.000925,-0.002687,-0.000726,0.000359,-0.001767,0.420424,0.163046,0.000000,0.000000,0.000000
9.798000,0.000000,0.000000,0.593700,0.000000,0.000000,0.000000,-0.002686,0.000000,-0.011944,0.054535,0.591038,0.000000,-0.000000,0.003556,-0.013917,0.057950,0.596561,-0.012324,0.001297,-0.004061,-0.000738,-0.000944,-0.002687,-0.000815,0.000355,-0.001730,0.411055,0.160119,0.000000,0.000000,0.000000
9.810000,0.000000,0.000000,0.593700,0.000000,0.000000,0.000000,-0.002686,0.000000,-0.011944,0.054535,0.591080,-0.000000,0.000000,0.003499,-0.014101,0.057974,0.596417,-0.014878,0.002484,-0.021786,-0.000761,-0.000931,-0.002687,-0.000976,0.000261,-0.001712,0.403975,0.157900,0.000000,0.000000,0.000000
9.822000,0.000000,0.000000,0.593700,0.000000,0.000000,0.000000,-0.002686,0.000000,-0.011944,0.054535,0.591122,-0.000000,0.000000,0.003444,-0.014331,0.058004,0.596030,-0.015939,0.003869,-0.021890,-0.001198,-0.001221,-0.002687,-0.001129,0.000075,-0.001664,0.399822,0.156711,0.000000,0.000000,0.000000
9.834000,0.000000,0.000000,0.593700,0.000000,0.000000,0.000000,-0.002686,0.000000,-0.011944,0.054535,0.591163,-0.000000,0.000000,0.003389,-0.014529,0.058052,0.595804,-0.013856,0.005523,-0.001270,-0.000686,-0.000928,-0.002687,-0.001285,-0.000154,-0.001642,0.399156,0.156864,0.000000,0.000000,0.000000
9.846000,0.000000,0.000000,0.593700,0.000000,0.000000,0.000000,-0.002686,0.000000,-0.011944,0.054535,0.591203,0.000000,-0.000000,0.003335,-0.014704,0.058089,0.595778,-0.012420,0.005252,0.005131,-0.000662,-0.000994,-0.002687,-0.001383,-0.000414,-0.001621,0.398224,0.156873,0.000000,0.000000,0.000000
9.858000,0.000000,0.000000,0.593700,0.000000,0.000000,0.000000,-0.002686,0.000000,-0.011944,0.054535,0.591243,-0.000000,0.000000,0.003282,-0.014820,0.058137,0.595863,-0.009366,0.003889,0.016174,-0.000547,-0.000872,-0.002687,-0.001269,-0.000465,-0.001664,0.397539,0.156845,0.000000,0.000000,0.000000
9.870000,0.000000,0.000000,0.593700,0.000000,0.000000,0.000000,-0.002686,0.000000,-0.011944,0.054535,0.591282,-0.000000,-0.000000,0.003230,-0.014913,0.058171,0.596068,-0.007839,0.002135,0.018649,0.000000,0.000000,-0.002686,-0.001091,-0.000311,-0.001738,0.396934,0.156784,0.000000,0.000000,0.000000
9.882000,0.000000,0.000000,0.593700,0.000000,0.000000,0.000000,-0.002686,0.000000,-0.011944,0.054535,0.591320,0.000000,-0.000000,0.003179,-0.014979,0.058195,0.596312,-0.005887,0.000767,0.018336,0.000000,0.000000,-0.002686,-0.000964,-0.000121,-0.001823,0.396369,0.156746,0.000000,0.000000,0.000000
9.894000,0.000000,0.000000,0.593700,0.000000,0.000000,0.000000,-0.002686,0.000000,-0.011944,0.054535,0.591358,-0.000000,-0.000000,0.003128,-0.014985,0.058222,0.596597,-0.001424,0.000026,0.021222,-0.000617,-0.000891,-0.002687,-0.000983,-0.000097,-0.001911,0.395754,0.156715,0.000000,0.000000,0.000000
9.906000,0.000000,0.000000,0.593700,0.000000,0.000000,0.000000,-0.002686,0.000000,-0.011944,0.054535,0.591395,0.000000,0.000000,0.003078,-0.014932,0.058218,0.596923,0.003422,-0.001056,0.019260,-0.000603,-0.000904,-0.002687,-0.000996,-0.000182,-0.001993,0.395146,0.156638,0.000000,0.000000,0.000000
9.918000,0.000000,0.000000,0.593700,0.000000,0.000000,0.000000,-0.002686,0.000000,-0.011944,0.054535,0.591432,0.000000,0.000000,0.003029,-0.014872,0.058202,0.597116,0.006775,-0.001740,-0.001992,-0.000573,-0.000920,-0.002687,-0.000970,-0.000309,-0.002049,0.394813,0.156641,0.000000,0.000000,0.000000
9.930000,0.000000,0.000000,0.593700,0.000000,0.000000,0.000000,-0.002686,0.000000,-0.011944,0.054535,0.591468,0.000000,-0.000000,0.002981,-0.014792,0.058179,0.596938,0.009430,-0.002458,-0.026418,-0.000592,-0.000932,-0.002687,-0.000922,-0.000487,-0.002123,0.395102,0.156826,0.000000,0.000000,0.000000
9.942000,0.000000,0.000000,0.593700,0.000000,0.000000,0.000000,-0.002686,0.000000,-0.011944,0.054535,0.591503,-0.000000,0.000000,0.002934,-0.014692,0.058145,0.596468,0.012264,-0.003480,-0.043573,-0.000586,-0.000928,-0.002687,-0.000851,-0.000718,-0.002225,0.396710,0.157475,0.000000,0.000000,0.000000
9.954000,0.000000,0.000000,0.593700,0.000000,0.000000,0.000000,-0.002686,0.000000,-0.011944,0.054535,0.591538,-0.000000,-0.000000,0.002887,-0.014567,0.058100,0.595850,0.013495,-0.004465,-0.048376,-0.000555,-0.000910,-0.002686,-0.000751,-0.000955,-0.002338,0.400337,0.158790,0.000000,0.000000,0.000000
9.966000,0.000000,0.000000,0.593700,0.000000,0.000000,0.000000,-0.002686,0.000000,-0.011944,0.054535,0.591573,0.000000,-0.000000,0.002841,-0.014431,0.058045,0.595227,0.012484,-0.005188,-0.042127,-0.000525,-0.000891,-0.002686,-0.000637,-0.001134,-0.002450,0.406490,0.160895,0.000000,0.000000,0.000000
9.978000,0.000000,0.000000,0.593700,0.000000,0.000000,0.000000,-0.002686,0.000000,-0.011944,0.054535,0.591606,-0.000000,-0.000000,0.002796,-0.014300,0.057985,0.594733,0.010272,-0.005509,-0.027085,-0.000502,-0.000877,-0.002686,-0.000538,-0.001220,-0.002557,0.415261,0.163771,0.000000,0.000000,0.000000
9.990000,0.000000,0.000000,0.593700,0.000000,0.000000,0.000000,-0.002686,0.000000,-0.011944,0.054535,0.591640,0.000000,-0.000000,0.002752,-0.014180,0.057925,0.594467,0.008292,-0.005416,-0.007028,0.000000,0.000000,-0.002686,-0.000487,-0.001214,-0.002662,0.425980,0.167158,0.000000,0.000000,0.000000
