time,Prx,Pry,Prz,Vrx,Vry,Vrz,Yawr,vYawr,Pbx,Pby,Pbz,Vbx,Vby,Vbz,Pf0rx,Pf1rx,Pf2rx,Pf3rx,Pf0cx,Pf1cx,Pf2cx,Pf3cx,ux,uy
1.000000,0.000000,0.000000,0.593700,0.000000,0.000000,0.000000,0.000128,0.000000,-0.000126,0.000758,0.596303,-0.005093,0.000948,0.013624,0.401545,0.401545,-0.395455,-0.395455,0.407212,0.408531,-0.390934,-0.391208,0.327970,0.155901
1.010000,0.014000,0.000002,0.593700,2.000000,0.000256,0.000000,0.000128,0.000000,-0.000172,0.000767,0.596434,-0.003792,0.000918,0.012441,0.401545,0.401545,-0.395455,-0.395455,0.407227,0.408547,-0.390925,-0.391198,0.327895,0.155860
1.020000,0.034000,0.000004,0.593700,2.000000,0.000256,0.000000,0.000128,0.000000,-0.000174,0.000777,0.596545,0.001958,0.000881,0.009838,0.401545,0.401545,-0.395455,-0.395455,0.407302,0.408624,-0.390837,-0.391111,0.327788,0.155823
1.030000,0.054000,0.000007,0.593700,2.000000,0.000256,0.000000,0.000128,0.000000,-0.000076,0.000785,0.596630,0.013621,0.000847,0.007203,0.401545,0.401545,-0.395455,-0.395455,0.407482,0.408811,-0.390603,-0.390884,0.327580,0.155793
1.040000,0.074000,0.000009,0.593700,2.000000,0.000256,0.000000,0.000128,0.000000,0.000178,0.000794,0.596691,0.031166,0.000816,0.004939,0.401545,0.401545,-0.395455,-0.395455,0.407744,0.409082,-0.390244,-0.390537,0.327279,0.155769
1.050000,0.094000,0.000012,0.593700,2.000000,0.000256,0.000000,0.000128,0.000000,0.000631,0.000802,0.596734,0.053204,0.000790,0.003168,0.401545,0.401545,-0.395455,-0.395455,0.408034,0.409382,-0.389815,-0.390127,0.326927,0.155749
1.060000,0.114000,0.000015,0.593700,2.000000,0.000256,0.000000,0.000128,0.000000,0.001537,0.000809,0.596768,0.094687,0.000776,0.003086,0.401545,0.401545,-0.395455,-0.395455,0.408211,0.409556,-0.389474,-0.389712,0.326593,0.155726
1.070000,0.134000,0.000017,0.593700,2.000000,0.000256,0.000000,0.000128,0.000000,0.002480,0.000816,0.596782,0.107673,0.000691,-0.000120,0.401545,0.401545,-0.395455,-0.395455,0.408228,0.409597,-0.389207,-0.389347,0.326354,0.155717
1.080000,0.154000,0.000020,0.593700,2.000000,0.000256,0.000000,0.000128,0.000000,0.003649,0.000823,0.596751,0.128447,0.000659,-0.003196,0.401545,0.401545,-0.395455,-0.395455,0.408311,0.409621,-0.388826,-0.388966,0.326093,0.155722
1.090000,0.174000,0.000022,0.593700,2.000000,0.000256,0.000000,0.000128,0.000000,0.005091,0.000830,0.596707,0.155279,0.000613,-0.003914,0.401545,0.401545,-0.395455,-0.395455,0.408456,0.409649,-0.388322,-0.388514,0.325755,0.155727
1.100000,0.194000,0.000025,0.593700,2.000000,0.000256,0.000000,0.000128,0.000000,0.006835,0.000836,0.596653,0.186155,0.000613,-0.006014,0.401545,0.401545,-0.395455,-0.395455,0.408640,0.409686,-0.387768,-0.387979,0.325353,0.155738
1.110000,0.214000,0.000027,0.593700,2.000000,0.000256,0.000000,0.000128,0.000000,0.008897,0.000841,0.596594,0.219231,0.000546,-0.004645,0.401545,0.401545,-0.395455,-0.395455,0.408841,0.409720,-0.387381,-0.387580,0.325084,0.155744
1.120000,0.234000,0.000030,0.593700,2.000000,0.000256,0.000000,0.000128,0.000000,0.011277,0.000847,0.596577,0.251420,0.000574,-0.002353,0.401545,0.401545,-0.395455,-0.395455,0.409053,0.409754,-0.387181,-0.387391,0.324952,0.155736
1.130000,0.254000,0.000033,0.593700,2.000000,0.000256,0.000000,0.000128,0.000000,0.013974,0.000852,0.596564,0.283884,0.000528,-0.003143,0.401545,0.401545,-0.395455,-0.395455,0.409164,0.409788,-0.387183,-0.387413,0.324981,0.155737
1.140000,0.274000,0.000035,0.593700,2.000000,0.000256,0.000000,0.000128,0.000000,0.016989,0.000858,0.596477,0.315558,0.000528,-0.008282,0.401545,0.401545,-0.395455,-0.395455,0.409055,0.409669,-0.387285,-0.387564,0.325167,0.155759
1.150000,0.294000,0.000038,0.593700,2.000000,0.000256,0.000000,0.000128,0.000000,0.020320,0.000863,0.596383,0.345762,0.000479,-0.009110,0.401545,0.401545,-0.395455,-0.395455,0.408847,0.409383,-0.387343,-0.387683,0.325328,0.155777
1.162000,0.318000,0.000041,0.593700,2.000000,0.000256,0.000000,0.000128,0.000000,0.024736,0.000870,0.596259,0.384829,0.000573,-0.007900,0.401545,0.401545,-0.395455,-0.395455,0.408575,0.408967,-0.387604,-0.387875,0.325629,0.155802
1.172000,0.338000,0.000043,0.593700,2.000000,0.000256,0.000000,0.000128,0.000000,0.029165,0.000879,0.596239,0.450415,0.000737,-0.004078,0.401545,0.401545,-0.395455,-0.395455,0.408298,0.408559,-0.388073,-0.388307,0.326058,0.155780
1.182000,0.358000,0.000046,0.593700,2.000000,0.000256,0.000000,0.000128,0.000000,0.033543,0.000884,0.596144,0.458258,0.000492,-0.009740,0.401545,0.401545,-0.395455,-0.395455,0.407699,0.407939,-0.388732,-0.389035,0.326701,0.155812
1.192000,0.378000,0.000048,0.593700,2.000000,0.000256,0.000000,0.000128,0.000000,0.038156,0.000888,0.596046,0.474745,0.000405,-0.010473,0.401545,0.401545,-0.395455,-0.395455,0.407129,0.407289,-0.389155,-0.389532,0.327182,0.155830
1.202000,0.398000,0.000051,0.593700,2.000000,0.000256,0.000000,0.000128,0.000000,0.043062,0.000895,0.595926,0.504462,0.000632,-0.009011,0.401545,0.401545,-0.395455,-0.395455,0.406666,0.406708,-0.389645,-0.390015,0.327691,0.155853
1.212000,0.418000,0.000054,0.593700,2.000000,0.000256,0.000000,0.000128,0.000000,0.048291,0.000900,0.595851,0.535976,0.000545,-0.009430,0.401545,0.401545,-0.395455,-0.395455,0.406204,0.406214,-0.390257,-0.390643,0.328293,0.155877
1.222000,0.438000,0.000056,0.593700,2.000000,0.000256,0.000000,0.000128,0.000000,0.053849,0.000906,0.595693,0.568046,0.000582,-0.014313,0.401545,0.401545,-0.395455,-0.395455,0.405631,0.405668,-0.390763,-0.391172,0.328850,0.155912
1.232000,0.458000,0.000059,0.593700,2.000000,0.000256,0.000000,0.000128,0.000000,0.059743,0.000915,0.595563,0.603320,0.000842,-0.009181,0.401545,0.401545,-0.395455,-0.395455,0.405067,0.405041,-0.391440,-0.391806,0.329509,0.155930
1.242000,0.478000,0.000061,0.593700,2.000000,0.000256,0.000000,0.000128,0.000000,0.065968,0.000924,0.595464,0.635148,0.000959,-0.014102,0.401545,0.401545,-0.395455,-0.395455,0.404481,0.404440,-0.392208,-0.392578,0.330268,0.155961
1.252000,0.498000,0.000064,0.593700,1.999999,0.000257,0.000000,0.000128,0.000000,0.072508,0.000948,0.595295,0.666911,0.001912,-0.017243,0.401545,0.401545,-0.395455,-0.395455,0.403801,0.403758,-0.392834,-0.393190,0.330870,0.155972
1.262000,0.518000,0.000066,0.593700,1.999999,0.000257,0.000000,0.000128,0.000000,0.079389,0.000959,0.595186,0.701657,0.001245,-0.012295,0.401545,0.401545,-0.395455,-0.395455,0.403146,0.403033,-0.393671,-0.393972,0.331670,0.155974
1.272000,0.538000,0.000069,0.593700,1.999999,0.000257,0.000000,0.000128,0.000000,0.086606,0.000967,0.595002,0.733668,0.000856,-0.015594,0.401545,0.401545,-0.395455,-0.395455,0.402399,0.402274,-0.394437,-0.394739,0.332456,0.156033
1.282000,0.558000,0.000072,0.593700,1.999999,0.000257,0.000000,0.000128,0.000000,0.094155,0.000976,0.594849,0.768988,0.001124,-0.013225,0.401545,0.401545,-0.395455,-0.395455,0.401629,0.401435,-0.395332,-0.395516,0.333263,0.156060
1.292000,0.578000,0.000074,0.593700,1.999999,0.000257,0.000000,0.000128,0.000000,0.102042,0.000982,0.594634,0.801029,0.000726,-0.019781,0.401545,0.401545,-0.395455,-0.395455,0.400805,0.400598,-0.396276,-0.396423,0.334225,0.156126
1.302000,0.598000,0.000077,0.593700,1.999999,0.000257,0.000000,0.000128,0.000000,0.110255,0.000993,0.594460,0.835461,0.001165,-0.015598,0.401545,0.401545,-0.395455,-0.395455,0.399948,0.399694,-0.397208,-0.397372,0.335134,0.156148
1.312000,0.618000,0.000079,0.593700,1.999999,0.000257,0.000000,0.000128,0.000000,0.118804,0.000997,0.594264,0.866572,0.000523,-0.020649,0.401545,0.401545,-0.395455,-0.395455,0.399046,0.398826,-0.398210,-0.398406,0.334577,0.156225
1.322000,0.638000,0.000082,0.593700,1.999999,0.000257,0.000000,0.000128,0.000000,0.127678,0.001009,0.594056,0.901275,0.001221,-0.017981,0.401545,0.401545,-0.395455,-0.395455,0.398118,0.397913,-0.399185,-0.399425,0.333861,0.156246
1.332000,0.658000,0.000084,0.593700,1.999999,0.000257,0.000000,0.000128,0.000000,0.136888,0.001015,0.593823,0.932451,0.000763,-0.021824,0.401545,0.401545,-0.395455,-0.395455,0.397184,0.397001,-0.400200,-0.400485,0.333194,0.156320
1.342000,0.678000,0.000087,0.593700,1.999999,0.000257,0.000000,0.000128,0.000000,0.146424,0.001022,0.593607,0.966779,0.000792,-0.022310,0.401545,0.401545,-0.395455,-0.395455,0.396245,0.396043,-0.401294,-0.401456,0.332408,0.156357
1.352000,0.698000,0.000089,0.593700,1.999999,0.000257,0.000000,0.000128,0.000000,0.156293,0.001029,0.593334,0.998797,0.000780,-0.028389,0.401545,0.401545,-0.395455,-0.395455,0.395272,0.395096,-0.402306,-0.402428,0.331787,0.156440
1.362000,0.718000,0.000092,0.593700,1.999999,0.000257,0.000000,0.000128,0.000000,0.166499,0.001039,0.593060,1.033428,0.000859,-0.028437,0.401545,0.401545,-0.395455,-0.395455,0.394289,0.394115,-0.403406,-0.403533,0.330985,0.156515
1.372000,0.738000,0.000095,0.593700,1.999998,0.000257,0.000000,0.000128,0.000000,0.177026,0.001043,0.592835,1.065574,0.000366,-0.024308,0.401545,0.401545,-0.395455,-0.395455,0.393279,0.393117,-0.404440,-0.404483,0.330268,0.156568
1.382000,0.758000,0.000097,0.593700,1.999999,0.000257,0.000000,0.000128,0.000000,0.187888,0.001055,0.592629,1.097460,0.000993,-0.020777,0.401545,0.401545,-0.395455,-0.395455,0.392260,0.392112,-0.405504,-0.405459,0.329429,0.156614
1.392000,0.778000,0.000100,0.593700,1.999999,0.000257,0.000000,0.000128,0.000000,0.199085,0.001066,0.592249,1.132895,0.000872,-0.036598,0.401545,0.401545,-0.395455,-0.395455,0.391219,0.391072,-0.406570,-0.406507,0.328667,0.156703
1.402000,0.798000,0.000102,0.593700,1.999999,0.000257,0.000000,0.000128,0.000000,0.210611,0.001076,0.591932,1.166311,0.000906,-0.033885,0.401545,0.401545,-0.395455,-0.395455,0.390160,0.389978,-0.407629,-0.407575,0.327874,0.156768
1.414000,0.822000,0.000105,0.593700,1.999999,0.000257,0.000000,0.000128,0.000000,0.224877,0.001085,0.591547,1.204787,0.000970,-0.035045,0.401545,0.401545,-0.395455,-0.395455,0.388868,0.388696,-0.408956,-0.408930,0.326948,0.156880
1.424000,0.842000,0.000108,0.593700,1.999999,0.000257,0.000000,0.000128,0.000000,0.237129,0.001092,0.591215,1.237085,0.000760,-0.026747,0.401545,0.401545,-0.395455,-0.395455,0.387782,0.387594,-0.410079,-0.410082,0.326178,0.156965
1.434000,0.862000,0.000111,0.593700,1.999999,0.000257,0.000000,0.000128,0.000000,0.249706,0.001098,0.590785,1.270936,0.000529,-0.038285,0.401545,0.401545,-0.395455,-0.395455,0.386670,0.386477,-0.411191,-0.411230,0.325400,0.157099
1.444000,0.882000,0.000113,0.593700,1.999999,0.000257,0.000000,0.000128,0.000000,0.262604,0.001103,0.590472,1.302677,0.000686,-0.036858,0.401545,0.401545,-0.395455,-0.395455,0.385557,0.385357,-0.412331,-0.412271,0.324544,0.157188
1.454000,0.902000,0.000116,0.593700,1.999998,0.000257,0.000000,0.000128,0.000000,0.275827,0.001109,0.590175,1.334621,0.000293,-0.033333,0.401545,0.401545,-0.395455,-0.395455,0.384441,0.384271,-0.413498,-0.413280,0.323742,0.157262
1.464000,0.922000,0.000118,0.593700,1.999997,0.000257,0.000000,0.000128,0.000000,0.289370,0.001115,0.589753,1.368263,0.000455,-0.044057,0.401545,0.401545,-0.395455,-0.395455,0.383315,0.383186,-0.414746,-0.414312,0.323051,0.157400
1.474000,0.942000,0.000121,0.593700,1.999997,0.000257,0.000000,0.000128,0.000000,0.303249,0.001124,0.589243,1.401751,0.001130,-0.053126,0.401545,0.401545,-0.395455,-0.395455,0.382195,0.382101,-0.416095,-0.415524,0.322321,0.157533
1.484000,0.962000,0.000123,0.593700,1.999998,0.000257,0.000000,0.000128,0.000000,0.317461,0.001134,0.588745,1.433756,0.001047,-0.055149,0.401545,0.401545,-0.395455,-0.395455,0.381098,0.381013,-0.417484,-0.416875,0.321621,0.157649
1.494000,0.982000,0.000126,0.593700,1.999998,0.000257,0.000000,0.000128,0.000000,0.331995,0.001143,0.588307,1.464867,0.000783,-0.048710,0.401545,0.401545,-0.395455,-0.395455,0.380035,0.379903,-0.418871,-0.418246,0.320819,0.157760
1.504000,1.002000,0.000129,0.593700,1.999998,0.000257,0.000000,0.000128,0.000000,0.346850,0.001154,0.587798,1.497352,0.001155,-0.051831,0.401545,0.401545,-0.395455,-0.395455,0.378978,0.378790,-0.420187,-0.419566,0.320082,0.157909
1.514000,1.022000,0.000131,0.593700,1.999997,0.000256,0.000000,0.000128,0.000000,0.363526,0.001162,0.587368,1.651751,0.001585,-0.051757,0.401545,0.401545,-0.395455,-0.395455,0.377590,0.377459,-0.421848,-0.421217,0.319119,0.157966
1.524000,1.042000,0.000134,0.593700,2.000000,0.000256,0.000000,0.000128,0.000000,0.379088,0.001171,0.586641,1.593714,-0.000018,-0.057310,0.401545,0.401545,-0.395455,-0.395455,0.375648,0.375709,-0.423967,-0.423645,0.317896,0.158199
1.534000,1.062000,0.000136,0.593700,2.000000,0.000256,0.000000,0.000128,0.000000,0.394703,0.001184,0.586121,1.576453,0.000888,-0.061082,0.401545,0.401545,-0.395455,-0.395455,0.374159,0.374321,-0.425496,-0.425409,0.316792,0.158345
1.544000,1.082000,0.000139,0.593700,2.000000,0.000256,0.000000,0.000128,0.000000,0.410529,0.001192,0.585524,1.593663,0.000897,-0.063425,0.401545,0.401545,-0.395455,-0.395455,0.373039,0.373263,-0.426547,-0.426590,0.316082,0.158496
1.554000,1.102000,0.000141,0.593700,2.000000,0.000256,0.000000,0.000128,0.000000,0.426671,0.001199,0.584912,1.625233,0.000888,-0.065318,0.401545,0.401545,-0.395455,-0.395455,0.372116,0.372320,-0.427300,-0.427416,0.315527,0.158657
1.564000,1.122000,0.000144,0.593700,2.000000,0.000256,0.000000,0.000128,0.000000,0.443166,0.001207,0.584282,1.661325,0.000873,-0.068224,0.401545,0.401545,-0.395455,-0.395455,0.371273,0.371408,-0.427890,-0.428050,0.315031,0.158825
1.574000,1.142000,0.000146,0.593700,2.000000,0.000256,0.000000,0.000128,0.000000,0.460026,0.001192,0.583511,1.699065,-0.000285,-0.075030,0.401545,0.401545,-0.395455,-0.395455,0.370468,0.370516,-0.428520,-0.428587,0.314714,0.159090
1.584000,1.162000,0.000149,0.593700,2.000000,0.000256,0.000000,0.000128,0.000000,0.477270,0.001217,0.582801,1.736964,0.000621,-0.076667,0.401545,0.401545,-0.395455,-0.395455,0.369612,0.369563,-0.429154,-0.429211,0.314241,0.159235
1.594000,1.182000,0.000152,0.593700,2.000000,0.000256,0.000000,0.000128,0.000000,0.494863,0.001206,0.582106,1.772017,0.000272,-0.081819,0.401545,0.401545,-0.395455,-0.395455,0.368748,0.368590,-0.429847,-0.429821,0.313707,0.159449
1.604000,1.202000,0.000154,0.593700,2.000000,0.000256,0.000000,0.000128,0.000000,0.512826,0.001238,0.581191,1.810256,0.001736,-0.095765,0.401545,0.401545,-0.395455,-0.395455,0.367842,0.367601,-0.430545,-0.430546,0.313299,0.159654
1.614000,1.222000,0.000157,0.593700,2.000000,0.000256,0.000000,0.000128,0.000000,0.531157,0.001220,0.580316,1.847365,-0.002567,-0.085805,0.401545,0.401545,-0.395455,-0.395455,0.366877,0.366565,-0.431371,-0.431344,0.312854,0.159943
1.624000,1.242000,0.000159,0.593700,2.000000,0.000256,0.000000,0.000128,0.000000,0.549834,0.001231,0.579290,1.880099,0.000933,-0.120066,0.401545,0.401545,-0.395455,-0.395455,0.365931,0.365511,-0.432205,-0.432139,0.312475,0.160230
1.634000,1.262000,0.000162,0.593700,2.000000,0.000256,0.000000,0.000128,0.000000,0.569756,0.001263,0.578522,1.965739,0.002076,-0.084646,0.401545,0.401545,-0.395455,-0.395455,0.363881,0.363744,-0.433160,-0.433133,0.311262,0.160307
1.644000,1.282000,0.000164,0.593700,2.000000,0.000257,0.000000,0.000128,0.000000,0.589090,0.001246,0.577249,1.950643,0.000014,-0.099277,0.401545,0.401545,-0.395455,-0.395455,0.361536,0.362039,-0.434414,-0.434445,0.310170,0.160718
1.654000,1.302000,0.000167,0.593700,2.000000,0.000256,0.000000,0.000128,0.000000,0.608434,0.001276,0.576131,1.945739,0.001393,-0.119567,0.401545,0.401545,-0.395455,-0.395455,0.359606,0.360447,-0.435708,-0.435780,0.309226,0.160977
1.664000,1.322000,0.000170,0.593700,2.000000,0.000256,0.000000,0.000128,0.000000,0.627988,0.001264,0.574944,1.962193,-0.001710,-0.121010,0.401545,0.401545,-0.395455,-0.395455,0.357997,0.358869,-0.437117,-0.437139,0.308388,0.161306
1.676000,1.346000,0.000173,0.593700,2.000000,0.000256,0.000000,0.000128,0.000000,0.651689,0.001271,0.573323,1.981836,-0.000124,-0.127106,0.401545,0.401545,-0.395455,-0.395455,0.356131,0.356843,-0.438787,-0.438879,0.307560,0.161754
1.686000,1.366000,0.000175,0.593700,2.000000,0.000256,0.000000,0.000128,0.000000,0.671482,0.001273,0.572140,1.983116,0.000097,-0.130555,0.401545,0.401545,-0.395455,-0.395455,0.354533,0.355149,-0.440257,-0.440427,0.306724,0.162087
1.696000,1.386000,0.000178,0.593700,2.000000,0.000256,0.000000,0.000128,0.000000,0.691361,0.001268,0.570863,1.988524,-0.001112,-0.129297,0.401545,0.401545,-0.395455,-0.395455,0.353055,0.353587,-0.441775,-0.442020,0.306004,0.162391
1.706000,1.406000,0.000180,0.593700,2.000000,0.000256,0.000000,0.000128,0.000000,0.711343,0.001270,0.569308,1.998350,0.000211,-0.147230,0.401545,0.401545,-0.395455,-0.395455,0.351598,0.351980,-0.443217,-0.443539,0.305464,0.162871
1.716000,1.426000,0.000183,0.593700,2.000000,0.000256,0.000000,0.000128,0.000000,0.731361,0.001260,0.568207,1.999583,-0.000032,-0.126142,0.401545,0.401545,-0.395455,-0.395455,0.350125,0.350423,-0.444654,-0.445102,0.304782,0.163215
1.726000,1.446000,0.000185,0.593700,2.000000,0.000256,0.000000,0.000128,0.000000,0.751445,0.001262,0.566895,2.006532,0.000123,-0.105318,0.401545,0.401545,-0.395455,-0.395455,0.348551,0.349024,-0.446115,-0.446664,0.304183,0.163541
1.736000,1.466000,0.000188,0.593700,2.000000,0.000256,0.000000,0.000128,0.000000,0.771497,0.001249,0.565429,2.004992,-0.001442,-0.140594,0.401545,0.401545,-0.395455,-0.395455,0.347116,0.347650,-0.447452,-0.448078,0.303705,0.163957
1.746000,1.486000,0.000191,0.593700,2.000000,0.000256,0.000000,0.000128,0.000000,0.791583,0.001249,0.564240,2.005730,-0.000034,-0.131448,0.401545,0.401545,-0.395455,-0.395455,0.345782,0.346359,-0.448785,-0.449505,0.303229,0.164312
1.756000,1.506000,0.000193,0.593700,2.000000,0.000256,0.000000,0.000128,0.000000,0.811650,0.001245,0.562906,2.006166,-0.002267,-0.119676,0.401545,0.401545,-0.395455,-0.395455,0.344540,0.345145,-0.450042,-0.450833,0.302840,0.164691
1.766000,1.526000,0.000196,0.593700,2.000000,0.000256,0.000000,0.000128,0.000000,0.831739,0.001251,0.561739,2.006828,0.000370,-0.118322,0.401545,0.401545,-0.395455,-0.395455,0.343417,0.344032,-0.451325,-0.451986,0.302515,0.165020
1.776000,1.546000,0.000198,0.593700,2.000000,0.000256,0.000000,0.000128,0.000000,0.851809,0.001264,0.560456,2.006157,0.002758,-0.121999,0.401545,0.401545,-0.395455,-0.395455,0.342402,0.343021,-0.452588,-0.453082,0.302272,0.165397
1.786000,1.566000,0.000201,0.593700,2.000000,0.000256,0.000000,0.000128,0.000000,0.871869,0.001266,0.559336,2.004898,0.003337,-0.115246,0.401545,0.401545,-0.395455,-0.395455,0.341400,0.342138,-0.453718,-0.454117,0.302025,0.165689
1.796000,1.586000,0.000203,0.593700,2.000000,0.000256,0.000000,0.000128,0.000000,0.891912,0.001241,0.558429,2.003313,-0.003451,-0.083506,0.401545,0.401545,-0.395455,-0.395455,0.340519,0.341284,-0.454722,-0.455052,0.301785,0.166044
1.806000,1.606000,0.000206,0.593700,1.999999,0.000257,0.000000,0.000128,0.000000,0.911952,0.001250,0.557305,2.003208,-0.000320,-0.099827,0.401545,0.401545,-0.395455,-0.395455,0.339681,0.340536,-0.455611,-0.455869,0.301720,0.166356
1.816000,1.626000,0.000209,0.593700,1.999999,0.000258,0.000000,0.000128,0.000000,0.932010,0.001273,0.556385,2.004470,0.003728,-0.092336,0.401545,0.401545,-0.395455,-0.395455,0.338920,0.339836,-0.456552,-0.456618,0.301552,0.166577
1.826000,1.646000,0.000211,0.593700,2.000000,0.000257,0.000000,0.000128,0.000000,0.952045,0.001248,0.555778,2.001476,-0.000987,-0.065080,0.401545,0.401545,-0.395455,-0.395455,0.338291,0.339220,-0.457367,-0.457365,0.301294,0.166823
1.836000,1.666000,0.000214,0.593700,2.000000,0.000256,0.000000,0.000128,0.000000,0.972068,0.001221,0.554914,2.001643,-0.002095,-0.072615,0.401545,0.401545,-0.395455,-0.395455,0.337701,0.338638,-0.458151,-0.458023,0.301195,0.167108
1.846000,1.686000,0.000216,0.593700,2.000000,0.000256,0.000000,0.000128,0.000000,0.992076,0.001219,0.554148,2.000847,-0.000523,-0.072840,0.401545,0.401545,-0.395455,-0.395455,0.337097,0.338097,-0.458832,-0.458625,0.301099,0.167408
1.856000,1.706000,0.000219,0.593700,2.000000,0.000256,0.000000,0.000128,0.000000,1.012100,0.001225,0.553540,2.002681,0.001154,-0.054027,0.401545,0.401545,-0.395455,-0.395455,0.336538,0.337591,-0.459509,-0.459129,0.300897,0.167571
1.866000,1.726000,0.000221,0.593700,2.000000,0.000256,0.000000,0.000128,0.000000,1.032126,0.001219,0.552990,2.002878,-0.000639,-0.039904,0.401545,0.401545,-0.395455,-0.395455,0.336031,0.337040,-0.460263,-0.459620,0.300751,0.167716
1.876000,1.746000,0.000224,0.593700,2.000000,0.000256,0.000000,0.000128,0.000000,1.052094,0.001221,0.552549,1.997822,0.000194,-0.047403,0.401545,0.401545,-0.395455,-0.395455,0.335613,0.336564,-0.460896,-0.460045,0.300582,0.167909
1.886000,1.766000,0.000226,0.593700,2.000000,0.000256,0.000000,0.000128,0.000000,1.072056,0.001220,0.552128,1.996863,0.000145,-0.029382,0.401545,0.401545,-0.395455,-0.395455,0.335215,0.336183,-0.461455,-0.460420,0.300475,0.168080
1.896000,1.786000,0.000229,0.593700,2.000000,0.000256,0.000000,0.000128,0.000000,1.092020,0.001220,0.551816,1.996396,-0.000320,-0.031356,0.401545,0.401545,-0.395455,-0.395455,0.334936,0.335841,-0.461899,-0.460782,0.300338,0.168114
1.906000,1.806000,0.000232,0.593700,2.000000,0.000256,0.000000,0.000128,0.000000,1.111995,0.001221,0.551420,1.998325,0.000270,-0.039717,0.401545,0.401545,-0.395455,-0.395455,0.334707,0.335589,-0.462274,-0.461129,0.300202,0.168306
1.916000,1.826000,0.000234,0.593700,2.000000,0.000256,0.000000,0.000128,0.000000,1.131969,0.001226,0.551400,1.996637,0.000659,-0.017849,0.401545,0.401545,-0.395455,-0.395455,0.334546,0.335403,-0.462567,-0.461435,0.300111,0.168297
1.928000,1.850000,0.000237,0.593700,2.000000,0.000256,0.000000,0.000128,0.000000,1.155975,0.001225,0.550983,2.001196,0.000396,-0.025011,0.401545,0.401545,-0.395455,-0.395455,0.334321,0.335126,-0.462821,-0.461734,0.300127,0.168452
1.938000,1.870000,0.000240,0.593700,2.000000,0.000256,0.000000,0.000128,0.000000,1.175996,0.001230,0.550823,2.003445,0.000718,-0.008311,0.401545,0.401545,-0.395455,-0.395455,0.334141,0.334855,-0.463058,-0.462021,0.299901,0.168488
1.948000,1.890000,0.000242,0.593700,2.000000,0.000256,0.000000,0.000128,0.000000,1.196019,0.001209,0.550909,2.001964,-0.001013,-0.002378,0.401545,0.401545,-0.395455,-0.395455,0.333935,0.334652,-0.463204,-0.462237,0.299749,0.168536
1.958000,1.910000,0.000245,0.593700,2.000000,0.000256,0.000000,0.000128,0.000000,1.216069,0.001230,0.550698,2.005055,0.000717,-0.015780,0.401545,0.401545,-0.395455,-0.395455,0.333834,0.334417,-0.463357,-0.462427,0.299575,0.168557
1.968000,1.930000,0.000247,0.593700,2.000000,0.000256,0.000000,0.000128,0.000000,1.236133,0.001235,0.550774,2.005309,0.001447,0.001672,0.401545,0.401545,-0.395455,-0.395455,0.333732,0.334158,-0.463516,-0.462643,0.299357,0.168488
1.978000,1.950000,0.000250,0.593700,1.999999,0.000257,0.000000,0.000128,0.000000,1.256220,0.001214,0.550767,2.007620,-0.001547,0.002393,0.401545,0.401545,-0.395455,-0.395455,0.333559,0.333950,-0.463610,-0.462892,0.299152,0.168568
1.988000,1.970000,0.000253,0.593700,1.999999,0.000257,0.000000,0.000128,0.000000,1.276323,0.001215,0.550753,2.009389,-0.000196,-0.000906,0.401545,0.401545,-0.395455,-0.395455,0.333351,0.333729,-0.463729,-0.463109,0.298925,0.168601
1.998000,1.990000,0.000255,0.593700,1.999999,0.000257,0.000000,0.000128,0.000000,1.296426,0.001229,0.550866,2.008305,0.000843,0.004728,0.401545,0.401545,-0.395455,-0.395455,0.333215,0.333522,-0.463844,-0.463294,0.298748,0.168507
2.008000,2.010000,0.000258,0.593700,1.999999,0.000257,0.000000,0.000128,0.000000,1.316538,0.001227,0.551005,2.009367,-0.001117,0.012108,0.401545,0.401545,-0.395455,-0.395455,0.333058,0.333342,-0.463866,-0.463483,0.298483,0.168469
2.018000,2.030000,0.000260,0.593700,2.000000,0.000257,0.000000,0.000128,0.000000,1.336672,0.001237,0.551096,2.012855,0.000195,0.007925,0.401545,0.401545,-0.395455,-0.395455,0.332896,0.333190,-0.463910,-0.463721,0.298351,0.168447
2.030000,2.054000,0.000263,0.593700,2.000000,0.000256,0.000000,0.000128,0.000000,1.360839,0.001273,0.551172,2.012452,0.002493,0.028746,0.401545,0.401545,-0.395455,-0.395455,0.332731,0.332955,-0.463991,-0.464360,0.298162,0.168349
2.042000,2.078000,0.000266,0.593700,1.999999,0.000257,0.000000,0.000128,0.000000,1.385007,0.001263,0.551209,2.013827,-0.000895,0.015103,0.401545,0.401545,-0.395455,-0.395455,0.332693,0.332680,-0.464078,-0.464688,0.297959,0.168378
2.054000,2.102000,0.000270,0.593700,2.000000,0.000256,0.000000,0.000128,0.000000,1.409180,0.001281,0.551438,2.013808,0.000923,0.006171,0.401545,0.401545,-0.395455,-0.395455,0.332621,0.332410,-0.464198,-0.464798,0.297738,0.168309
2.064000,2.122000,0.000272,0.593700,2.000000,0.000256,0.000000,0.000128,0.000000,1.429308,0.001284,0.551608,2.012242,0.000294,0.016104,0.401545,0.401545,-0.395455,-0.395455,0.332443,0.332317,-0.464328,-0.464889,0.297548,0.168230
2.076000,2.146000,0.000275,0.593700,2.000000,0.000256,0.000000,0.000128,0.000000,1.453464,0.001278,0.552038,2.009964,-0.000960,0.024093,0.401545,0.401545,-0.395455,-0.395455,0.332198,0.332160,-0.464343,-0.464991,0.297119,0.168053
2.088000,2.170000,0.000278,0.593700,2.000000,0.000256,0.000000,0.000128,0.000000,1.477588,0.001286,0.552214,2.009648,0.000526,0.038274,0.401545,0.401545,-0.395455,-0.395455,0.332054,0.332089,-0.464423,-0.465003,0.297010,0.167994
2.100000,2.194000,0.000281,0.593700,2.000000,0.000256,0.000000,0.000128,0.000000,1.501700,0.001279,0.552377,2.008328,0.000380,0.018637,0.401545,0.401545,-0.395455,-0.395455,0.331914,0.332001,-0.464423,-0.464987,0.296834,0.168029
2.112000,2.218000,0.000284,0.593700,2.000000,0.000256,0.000000,0.000128,0.000000,1.525820,0.001301,0.552662,2.008429,0.001244,0.018495,0.401545,0.401545,-0.395455,-0.395455,0.331681,0.331954,-0.464524,-0.464973,0.296647,0.167822
2.124000,2.242000,0.000287,0.593700,2.000000,0.000256,0.000000,0.000128,0.000000,1.549885,0.001291,0.553023,2.004358,0.000917,0.034985,0.401545,0.401545,-0.395455,-0.395455,0.331464,0.331927,-0.464642,-0.464957,0.296304,0.167775
2.136000,2.266000,0.000291,0.593700,2.000000,0.000256,0.000000,0.000128,0.000000,1.573930,0.001284,0.553263,2.002334,0.000352,0.016240,0.401545,0.401545,-0.395455,-0.395455,0.331337,0.332013,-0.464812,-0.464935,0.296177,0.167727
2.148000,2.290000,0.000294,0.593700,2.000000,0.000256,0.000000,0.000128,0.000000,1.597940,0.001289,0.553650,2.000750,0.000507,0.032086,0.401545,0.401545,-0.395455,-0.395455,0.331270,0.332123,-0.464980,-0.464880,0.296065,0.167576
2.160000,2.314000,0.000297,0.593700,2.000000,0.000256,0.000000,0.000128,0.000000,1.621928,0.001280,0.553907,1.999365,-0.002467,0.023580,0.401545,0.401545,-0.395455,-0.395455,0.331368,0.332298,-0.465196,-0.464853,0.296046,0.167525
2.172000,2.338000,0.000300,0.593700,1.999999,0.000257,0.000000,0.000128,0.000000,1.645873,0.001297,0.554300,1.995588,-0.000624,0.025315,0.401545,0.401545,-0.395455,-0.395455,0.331480,0.332450,-0.465221,-0.464832,0.295968,0.167346
2.184000,2.362000,0.000303,0.593700,2.000000,0.000257,0.000000,0.000128,0.000000,1.669834,0.001287,0.554771,1.997589,-0.001451,0.048335,0.401545,0.401545,-0.395455,-0.395455,0.331628,0.332654,-0.465251,-0.464938,0.295838,0.167230
2.196000,2.386000,0.000306,0.593700,2.000000,0.000256,0.000000,0.000128,0.000000,1.693765,0.001258,0.555011,1.996969,-0.001236,0.026205,0.401545,0.401545,-0.395455,-0.395455,0.331625,0.332833,-0.465224,-0.465026,0.295807,0.167265
2.208000,2.410000,0.000309,0.593700,2.000000,0.000256,0.000000,0.000128,0.000000,1.717728,0.001244,0.555486,1.998131,-0.000783,0.026420,0.401545,0.401545,-0.395455,-0.395455,0.331633,0.332947,-0.465234,-0.465192,0.295664,0.167129
2.220000,2.434000,0.000312,0.593700,2.000000,0.000256,0.000000,0.000128,0.000000,1.741605,0.001250,0.556088,1.991246,0.000841,0.051499,0.401545,0.401545,-0.395455,-0.395455,0.331660,0.332986,-0.465247,-0.465302,0.295271,0.166936
2.232000,2.458000,0.000315,0.593700,2.000000,0.000256,0.000000,0.000128,0.000000,1.765437,0.001249,0.556564,1.987064,0.000362,0.036786,0.401545,0.401545,-0.395455,-0.395455,0.331808,0.333144,-0.465233,-0.465199,0.295221,0.166804
2.244000,2.482000,0.000318,0.593700,2.000000,0.000256,0.000000,0.000128,0.000000,1.789284,0.001246,0.556787,1.990203,-0.000481,0.030350,0.401545,0.401545,-0.395455,-0.395455,0.331936,0.333254,-0.465153,-0.465047,0.295241,0.166766
2.256000,2.506000,0.000321,0.593700,2.000000,0.000256,0.000000,0.000128,0.000000,1.813136,0.001257,0.557333,1.989447,0.000588,0.045319,0.401545,0.401545,-0.395455,-0.395455,0.332054,0.333313,-0.465132,-0.464945,0.294972,0.166575
2.268000,2.530000,0.000324,0.593700,2.000000,0.000256,0.000000,0.000128,0.000000,1.837002,0.001258,0.557841,1.990054,0.000516,0.025399,0.401545,0.401545,-0.395455,-0.395455,0.332271,0.333425,-0.465040,-0.464802,0.294809,0.166471
2.280000,2.554000,0.000327,0.593700,2.000000,0.000256,0.000000,0.000128,0.000000,1.860900,0.001264,0.558336,1.993279,0.000681,0.041757,0.401545,0.401545,-0.395455,-0.395455,0.332436,0.333492,-0.465028,-0.464649,0.294627,0.166321
2.292000,2.578000,0.000331,0.593700,2.000000,0.000256,0.000000,0.000128,0.000000,1.884827,0.001266,0.558805,1.995686,0.000406,0.038808,0.401545,0.401545,-0.395455,-0.395455,0.332516,0.333562,-0.464996,-0.464585,0.294330,0.166177
2.304000,2.602000,0.000334,0.593700,2.000000,0.000256,0.000000,0.000128,0.000000,1.908776,0.001266,0.559350,1.997051,-0.000114,0.037709,0.401545,0.401545,-0.395455,-0.395455,0.332663,0.333535,-0.464968,-0.464525,0.294175,0.166059
2.316000,2.626000,0.000337,0.593700,2.000000,0.000256,0.000000,0.000128,0.000000,1.932785,0.001271,0.559937,2.000076,0.002719,0.039288,0.401545,0.401545,-0.395455,-0.395455,0.332658,0.333456,-0.464954,-0.464373,0.293777,0.165826
2.326000,2.646000,0.000339,0.593700,2.000000,0.000257,0.000000,0.000128,0.000000,1.952794,0.001243,0.560368,2.001159,-0.001275,0.047842,0.401545,0.401545,-0.395455,-0.395455,0.332683,0.333297,-0.464991,-0.464293,0.293409,0.165725
2.338000,2.670000,0.000342,0.593700,2.000000,0.000256,0.000000,0.000128,0.000000,1.976803,0.001275,0.560821,2.001700,0.001295,0.050412,0.401545,0.401545,-0.395455,-0.395455,0.332706,0.333161,-0.464877,-0.464315,0.293177,0.165569
2.350000,2.694000,0.000345,0.593700,2.000000,0.000256,0.000000,0.000128,0.000000,2.000842,0.001279,0.561268,2.002479,0.001093,0.028912,0.401545,0.401545,-0.395455,-0.395455,0.332681,0.332964,-0.464759,-0.464307,0.292799,0.165481
2.362000,2.718000,0.000348,0.593700,1.999999,0.000257,0.000000,0.000128,0.000000,2.024944,0.001281,0.561825,2.006237,0.000533,0.015868,0.401545,0.401545,-0.395455,-0.395455,0.332642,0.332782,-0.464690,-0.464315,0.292323,0.165272
2.374000,2.742000,0.000352,0.593700,2.000000,0.000256,0.000000,0.000128,0.000000,2.049020,0.001310,0.562379,2.004511,0.001835,0.051222,0.401545,0.401545,-0.395455,-0.395455,0.332574,0.332515,-0.464675,-0.464338,0.292013,0.165131
2.386000,2.766000,0.000355,0.593700,2.000000,0.000256,0.000000,0.000128,0.000000,2.073113,0.001313,0.562843,2.006203,0.001351,0.043280,0.401545,0.401545,-0.395455,-0.395455,0.332504,0.332441,-0.464628,-0.464380,0.291618,0.164937
2.398000,2.790000,0.000358,0.593700,2.000000,0.000256,0.000000,0.000128,0.000000,2.097202,0.001325,0.563297,2.007381,0.001191,0.055299,0.401545,0.401545,-0.395455,-0.395455,0.332488,0.332412,-0.464568,-0.464432,0.291470,0.164804
2.410000,2.814000,0.000361,0.593700,2.000000,0.000256,0.000000,0.000128,0.000000,2.121306,0.001320,0.563730,2.007702,0.000498,0.029560,0.401545,0.401545,-0.395455,-0.395455,0.332462,0.332279,-0.464422,-0.464401,0.291101,0.164685
2.422000,2.838000,0.000364,0.593700,2.000000,0.000256,0.000000,0.000128,0.000000,2.145426,0.001310,0.564204,2.008679,-0.001307,0.045613,0.401545,0.401545,-0.395455,-0.395455,0.332388,0.332091,-0.464368,-0.464448,0.290828,0.164521
2.434000,2.862000,0.000367,0.593700,2.000000,0.000256,0.000000,0.000128,0.000000,2.169530,0.001316,0.564623,2.008246,-0.000191,0.049978,0.401545,0.401545,-0.395455,-0.395455,0.332290,0.331955,-0.464333,-0.464521,0.290477,0.164394
2.446000,2.886000,0.000370,0.593700,2.000000,0.000256,0.000000,0.000128,0.000000,2.193563,0.001339,0.564945,2.005041,0.004479,0.023025,0.401545,0.401545,-0.395455,-0.395455,0.332293,0.331900,-0.464247,-0.464669,0.290281,0.164259
2.458000,2.910000,0.000373,0.593700,2.000000,0.000256,0.000000,0.000128,0.000000,2.217661,0.001310,0.565437,2.005023,-0.000372,0.023568,0.401545,0.401545,-0.395455,-0.395455,0.332275,0.331894,-0.464237,-0.464891,0.290133,0.164157
2.470000,2.934000,0.000376,0.593700,2.000000,0.000256,0.000000,0.000128,0.000000,2.241710,0.001318,0.565821,2.003257,0.000420,0.032513,0.401545,0.401545,-0.395455,-0.395455,0.332141,0.331955,-0.464357,-0.464976,0.289951,0.164068
2.482000,2.958000,0.000379,0.593700,2.000000,0.000257,0.000000,0.000128,0.000000,2.265718,0.001339,0.566189,2.000377,0.002750,0.022796,0.401545,0.401545,-0.395455,-0.395455,0.332047,0.331985,-0.464373,-0.464947,0.289803,0.163924
2.494000,2.982000,0.000382,0.593700,2.000000,0.000256,0.000000,0.000128,0.000000,2.289703,0.001319,0.566634,1.998773,-0.000393,0.042842,0.401545,0.401545,-0.395455,-0.395455,0.331858,0.332087,-0.464405,-0.464945,0.289586,0.163818
2.506000,3.006000,0.000385,0.593700,2.000000,0.000256,0.000000,0.000128,0.000000,2.313690,0.001348,0.567027,1.999212,0.002804,0.035715,0.401545,0.401545,-0.395455,-0.395455,0.331804,0.332157,-0.464586,-0.464850,0.289251,0.163664
2.518000,3.030000,0.000388,0.593700,1.999999,0.000257,0.000000,0.000128,0.000000,2.337687,0.001345,0.567543,1.998497,-0.000451,0.044413,0.401545,0.401545,-0.395455,-0.395455,0.331804,0.332227,-0.464864,-0.464822,0.289192,0.163491
2.530000,3.054000,0.000392,0.593700,2.000000,0.000257,0.000000,0.000128,0.000000,2.361589,0.001337,0.567895,1.993455,-0.001262,0.046615,0.401545,0.401545,-0.395455,-0.395455,0.331833,0.332317,-0.464958,-0.464824,0.289044,0.163437
2.542000,3.078000,0.000395,0.593700,1.999999,0.000257,0.000000,0.000128,0.000000,2.385446,0.001316,0.568322,1.990476,-0.002419,0.030544,0.401545,0.401545,-0.395455,-0.395455,0.331821,0.332361,-0.464910,-0.464734,0.288867,0.163373
2.554000,3.101999,0.000398,0.593700,2.000000,0.000256,0.000000,0.000128,0.000000,2.409310,0.001282,0.568702,1.989749,-0.002058,0.031587,0.401545,0.401545,-0.395455,-0.395455,0.331720,0.332403,-0.464913,-0.464640,0.288640,0.163315
2.566000,3.125999,0.000401,0.593700,2.000000,0.000256,0.000000,0.000128,0.000000,2.433173,0.001287,0.569164,1.989215,-0.001567,0.037419,0.401545,0.401545,-0.395455,-0.395455,0.331708,0.332448,-0.465010,-0.464533,0.288360,0.163182
2.576000,3.145999,0.000403,0.593700,2.000000,0.000256,0.000000,0.000128,0.000000,2.453027,0.001290,0.569607,1.986335,-0.000553,0.029053,0.401545,0.401545,-0.395455,-0.395455,0.331819,0.332561,-0.465013,-0.464422,0.288208,0.163044
2.588000,3.169999,0.000406,0.593700,2.000000,0.000256,0.000000,0.000128,0.000000,2.476855,0.001297,0.569963,1.987280,0.000448,0.037365,0.401545,0.401545,-0.395455,-0.395455,0.331930,0.332677,-0.465032,-0.464288,0.288169,0.162990
2.600000,3.193999,0.000409,0.593700,2.000000,0.000256,0.000000,0.000128,0.000000,2.500694,0.001302,0.570319,1.988184,0.000687,0.021460,0.401545,0.401545,-0.395455,-0.395455,0.332079,0.332797,-0.465083,-0.464193,0.288053,0.162890
2.612000,3.217999,0.000413,0.593700,2.000000,0.000256,0.000000,0.000128,0.000000,2.524536,0.001308,0.570882,1.988219,0.000639,0.034782,0.401545,0.401545,-0.395455,-0.395455,0.332165,0.332889,-0.465043,-0.464106,0.287854,0.162748
2.624000,3.241999,0.000416,0.593700,2.000000,0.000256,0.000000,0.000128,0.000000,2.548402,0.001314,0.571278,1.990307,0.000677,0.041624,0.401545,0.401545,-0.395455,-0.395455,0.332313,0.332926,-0.465025,-0.464093,0.287605,0.162595
2.636000,3.265999,0.000419,0.593700,2.000000,0.000256,0.000000,0.000128,0.000000,2.572281,0.001316,0.571726,1.991613,-0.000103,0.035167,0.401545,0.401545,-0.395455,-0.395455,0.332476,0.333003,-0.464968,-0.464066,0.287532,0.162497
2.648000,3.289999,0.000422,0.593700,2.000000,0.000256,0.000000,0.000128,0.000000,2.596183,0.001322,0.572179,1.992924,-0.000126,0.034902,0.401545,0.401545,-0.395455,-0.395455,0.332556,0.333070,-0.464919,-0.463994,0.287385,0.162393
2.660000,3.313999,0.000425,0.593700,2.000000,0.000256,0.000000,0.000128,0.000000,2.620121,0.001330,0.572643,1.994599,0.001346,0.032224,0.401545,0.401545,-0.395455,-0.395455,0.332668,0.333094,-0.464920,-0.463969,0.287090,0.162225
2.672000,3.337999,0.000428,0.593700,2.000000,0.000257,0.000000,0.000128,0.000000,2.644082,0.001315,0.573086,1.997853,-0.000671,0.046397,0.401545,0.401545,-0.395455,-0.395455,0.332686,0.333074,-0.464865,-0.463948,0.286886,0.162166
2.684000,3.361999,0.000431,0.593700,2.000000,0.000256,0.000000,0.000128,0.000000,2.668062,0.001342,0.573508,1.997973,0.001322,0.032732,0.401545,0.401545,-0.395455,-0.395455,0.332776,0.333003,-0.464772,-0.463939,0.286673,0.161976
2.696000,3.385999,0.000434,0.593700,1.999999,0.000257,0.000000,0.000128,0.000000,2.692113,0.001319,0.573758,2.003860,-0.001649,0.015144,0.401545,0.401545,-0.395455,-0.395455,0.332756,0.332835,-0.464758,-0.463907,0.286341,0.161970
2.708000,3.409999,0.000437,0.593700,2.000000,0.000257,0.000000,0.000128,0.000000,2.716152,0.001324,0.574168,2.002854,0.001029,0.027340,0.401545,0.401545,-0.395455,-0.395455,0.332627,0.332613,-0.464799,-0.463937,0.286144,0.161838
2.720000,3.433999,0.000440,0.593700,1.999999,0.000257,0.000000,0.000128,0.000000,2.740215,0.001324,0.574822,2.001349,0.000715,0.022853,0.401545,0.401545,-0.395455,-0.395455,0.332570,0.332398,-0.464764,-0.463994,0.285601,0.161639
2.732000,3.457999,0.000443,0.593700,1.999999,0.000257,0.000000,0.000128,0.000000,2.764283,0.001336,0.575190,2.004584,0.000719,0.055912,0.401545,0.401545,-0.395455,-0.395455,0.332473,0.332209,-0.464740,-0.464101,0.285301,0.161517
2.744000,3.481999,0.000446,0.593700,2.000000,0.000256,0.000000,0.000128,0.000000,2.788332,0.001369,0.575445,2.003473,0.001547,0.030873,0.401545,0.401545,-0.395455,-0.395455,0.332590,0.332143,-0.464635,-0.464132,0.285205,0.161378
2.756000,3.505999,0.000449,0.593700,2.000000,0.000256,0.000000,0.000128,0.000000,2.812426,0.001368,0.575856,2.005515,0.000488,0.034388,0.401545,0.401545,-0.395455,-0.395455,0.332536,0.332090,-0.464573,-0.464231,0.284882,0.161243
2.768000,3.529999,0.000453,0.593700,2.000000,0.000256,0.000000,0.000128,0.000000,2.836549,0.001368,0.576232,2.010511,-0.000537,0.053225,0.401545,0.401545,-0.395455,-0.395455,0.332573,0.331940,-0.464596,-0.464397,0.284698,0.161127
2.780000,3.553999,0.000456,0.593700,1.999999,0.000256,0.000000,0.000128,0.000000,2.860666,0.001386,0.576524,2.009406,0.002990,0.035838,0.401545,0.401545,-0.395455,-0.395455,0.332383,0.331849,-0.464592,-0.464532,0.284337,0.161017
2.792000,3.577999,0.000459,0.593700,2.000000,0.000256,0.000000,0.000128,0.000000,2.884735,0.001380,0.576741,2.004793,-0.000511,0.018303,0.401545,0.401545,-0.395455,-0.395455,0.332155,0.331870,-0.464636,-0.464613,0.284270,0.160948
2.804000,3.601999,0.000462,0.593700,2.000000,0.000256,0.000000,0.000128,0.000000,2.908817,0.001382,0.577096,2.006157,0.000719,0.048660,0.401545,0.401545,-0.395455,-0.395455,0.332012,0.331883,-0.464704,-0.464814,0.284135,0.160849
2.816000,3.625999,0.000465,0.593700,2.000000,0.000256,0.000000,0.000128,0.000000,2.932846,0.001384,0.577359,2.001493,0.001381,0.022541,0.401545,0.401545,-0.395455,-0.395455,0.331899,0.331841,-0.464742,-0.464885,0.283923,0.160800
2.826000,3.645999,0.000467,0.593700,2.000000,0.000256,0.000000,0.000128,0.000000,2.952871,0.001401,0.577682,2.001517,0.001756,0.043682,0.401545,0.401545,-0.395455,-0.395455,0.331792,0.331879,-0.464910,-0.464874,0.283779,0.160693
2.838000,3.669999,0.000471,0.593700,2.000000,0.000257,0.000000,0.000128,0.000000,2.976861,0.001431,0.577945,1.997201,0.005101,0.018884,0.401545,0.401545,-0.395455,-0.395455,0.331651,0.331976,-0.464986,-0.464822,0.283675,0.160540
2.850000,3.693999,0.000474,0.593700,2.000000,0.000256,0.000000,0.000128,0.000000,3.000806,0.001428,0.578195,1.994994,0.002339,0.016772,0.401545,0.401545,-0.395455,-0.395455,0.331640,0.332093,-0.464981,-0.464753,0.283608,0.160466
2.862000,3.717999,0.000477,0.593700,2.000000,0.000257,0.000000,0.000128,0.000000,3.024720,0.001422,0.578439,1.992679,-0.000743,0.024704,0.401545,0.401545,-0.395455,-0.395455,0.331647,0.332225,-0.464922,-0.464656,0.283675,0.160441
2.874000,3.741999,0.000480,0.593700,2.000000,0.000257,0.000000,0.000128,0.000000,3.048632,0.001431,0.578559,1.993047,0.000750,0.004770,0.401545,0.401545,-0.395455,-0.395455,0.331700,0.332356,-0.464890,-0.464588,0.283639,0.160414
2.886000,3.765999,0.000483,0.593700,1.999999,0.000257,0.000000,0.000128,0.000000,3.072560,0.001415,0.578946,1.993264,0.000126,0.021626,0.401545,0.401545,-0.395455,-0.395455,0.331704,0.332399,-0.464846,-0.464577,0.283593,0.160325
2.898000,3.789999,0.000486,0.593700,2.000000,0.000256,0.000000,0.000128,0.000000,3.096480,0.001384,0.579290,1.994346,-0.001572,0.024243,0.401545,0.401545,-0.395455,-0.395455,0.331755,0.332480,-0.464899,-0.464699,0.283277,0.160270
2.910000,3.813999,0.000489,0.593700,2.000000,0.000256,0.000000,0.000128,0.000000,3.120404,0.001370,0.579476,1.994147,-0.000755,0.000608,0.401545,0.401545,-0.395455,-0.395455,0.331810,0.332590,-0.464936,-0.464936,0.283248,0.160246
2.922000,3.837999,0.000492,0.593700,2.000000,0.000256,0.000000,0.000128,0.000000,3.144316,0.001377,0.579914,1.994349,0.000373,0.048307,0.401545,0.401545,-0.395455,-0.395455,0.331788,0.332619,-0.465108,-0.465141,0.283071,0.160099
2.934000,3.861999,0.000495,0.593700,2.000000,0.000256,0.000000,0.000128,0.000000,3.168103,0.001381,0.580364,1.983255,0.000732,0.032769,0.401545,0.401545,-0.395455,-0.395455,0.331879,0.332715,-0.465172,-0.465188,0.282954,0.159970
2.946000,3.885999,0.000498,0.593700,2.000000,0.000256,0.000000,0.000128,0.000000,3.191891,0.001378,0.580546,1.984028,-0.000450,0.030944,0.401545,0.401545,-0.395455,-0.395455,0.332008,0.332853,-0.465218,-0.465049,0.283026,0.159949
2.958000,3.909999,0.000501,0.593700,2.000000,0.000256,0.000000,0.000128,0.000000,3.215681,0.001390,0.580805,1.984576,0.000829,0.029171,0.401545,0.401545,-0.395455,-0.395455,0.332149,0.332977,-0.465166,-0.464867,0.282955,0.159880
2.970000,3.933999,0.000504,0.593700,2.000000,0.000256,0.000000,0.000128,0.000000,3.239497,0.001393,0.581178,1.985708,0.000484,0.026221,0.401545,0.401545,-0.395455,-0.395455,0.332256,0.333161,-0.465089,-0.464726,0.282825,0.159780
2.982000,3.957999,0.000507,0.593700,2.000000,0.000256,0.000000,0.000128,0.000000,3.263346,0.001398,0.581376,1.989900,0.000621,0.032899,0.401545,0.401545,-0.395455,-0.395455,0.332355,0.333289,-0.465022,-0.464641,0.282849,0.159746
2.994000,3.981999,0.000511,0.593700,2.000000,0.000256,0.000000,0.000128,0.000000,3.287212,0.001407,0.581746,1.990037,0.000888,0.031593,0.401545,0.401545,-0.395455,-0.395455,0.332497,0.333314,-0.464959,-0.464583,0.282680,0.159647
3.006000,4.005999,0.000514,0.593700,2.000000,0.000256,0.000000,0.000128,0.000000,3.311114,0.001384,0.582078,1.992605,-0.000149,0.020343,0.401545,0.401545,-0.395455,-0.395455,0.332591,0.333412,-0.464940,-0.464488,0.282549,0.159578
3.018000,4.029999,0.000517,0.593700,2.000000,0.000257,0.000000,0.000128,0.000000,3.335041,0.001389,0.582425,1.995329,-0.003177,0.044512,0.401545,0.401545,-0.395455,-0.395455,0.332672,0.333363,-0.464917,-0.464445,0.282368,0.159525
3.030000,4.053999,0.000520,0.593700,2.000000,0.000257,0.000000,0.000128,0.000000,3.359001,0.001403,0.582655,1.997115,0.001336,0.017945,0.401545,0.401545,-0.395455,-0.395455,0.332693,0.333370,-0.464860,-0.464377,0.282211,0.159437
3.042000,4.077999,0.000523,0.593700,2.000000,0.000257,0.000000,0.000128,0.000000,3.382994,0.001405,0.582987,1.999525,0.000276,0.029521,0.401545,0.401545,-0.395455,-0.395455,0.332642,0.333288,-0.464819,-0.464378,0.282054,0.159323
3.054000,4.101999,0.000526,0.593700,1.999999,0.000257,0.000000,0.000128,0.000000,3.407000,0.001418,0.583256,2.000709,0.000183,0.029353,0.401545,0.401545,-0.395455,-0.395455,0.332556,0.333141,-0.464736,-0.464363,0.281755,0.159248
3.066000,4.125999,0.000529,0.593700,2.000000,0.000256,0.000000,0.000128,0.000000,3.431058,0.001439,0.583684,2.003558,-0.000709,0.042570,0.401545,0.401545,-0.395455,-0.395455,0.332553,0.332892,-0.464703,-0.464391,0.281492,0.159032
3.078000,4.149999,0.000532,0.593700,2.000000,0.000256,0.000000,0.000128,0.000000,3.455061,0.001421,0.583652,2.005555,-0.001604,0.018087,0.401545,0.401545,-0.395455,-0.395455,0.332505,0.332618,-0.464621,-0.464272,0.281454,0.159141
3.088000,4.169999,0.000535,0.593700,2.000000,0.000257,0.000000,0.000128,0.000000,3.475130,0.001399,0.584036,2.004963,-0.000950,0.031232,0.401545,0.401545,-0.395455,-0.395455,0.332474,0.332381,-0.464700,-0.464279,0.281005,0.159047
3.100000,4.193999,0.000538,0.593700,2.000000,0.000256,0.000000,0.000128,0.000000,3.499209,0.001442,0.584233,2.006159,0.003256,0.013369,0.401545,0.401545,-0.395455,-0.395455,0.332403,0.332273,-0.464663,-0.464264,0.281000,0.158957
3.112000,4.217999,0.000541,0.593700,2.000000,0.000256,0.000000,0.000128,0.000000,3.523298,0.001449,0.584488,2.005647,0.001750,0.024649,0.401545,0.401545,-0.395455,-0.395455,0.332261,0.332134,-0.464667,-0.464336,0.280589,0.158866
3.124000,4.241999,0.000544,0.593700,2.000000,0.000256,0.000000,0.000128,0.000000,3.547399,0.001451,0.584787,2.007059,-0.000449,0.027073,0.401545,0.401545,-0.395455,-0.395455,0.332097,0.332011,-0.464610,-0.464362,0.280426,0.158751
3.136000,4.265999,0.000547,0.593700,2.000000,0.000256,0.000000,0.000128,0.000000,3.571480,0.001465,0.584918,2.005744,0.000628,0.027060,0.401545,0.401545,-0.395455,-0.395455,0.331929,0.331911,-0.464552,-0.464381,0.280236,0.158729
3.148000,4.289999,0.000550,0.593700,2.000000,0.000256,0.000000,0.000128,0.000000,3.595559,0.001469,0.585108,2.004007,0.000717,0.002122,0.401545,0.401545,-0.395455,-0.395455,0.331877,0.331903,-0.464532,-0.464434,0.280114,0.158678
3.160000,4.313999,0.000553,0.593700,2.000000,0.000256,0.000000,0.000128,0.000000,3.619637,0.001473,0.585314,2.005693,0.000411,0.024668,0.401545,0.401545,-0.395455,-0.395455,0.331766,0.331892,-0.464578,-0.464534,0.280008,0.158581
3.172000,4.337999,0.000556,0.593700,2.000000,0.000256,0.000000,0.000128,0.000000,3.643707,0.001468,0.585430,2.004963,-0.004325,0.017157,0.401545,0.401545,-0.395455,-0.395455,0.331761,0.331811,-0.464690,-0.464668,0.280001,0.158558
3.184000,4.361999,0.000559,0.593700,2.000000,0.000256,0.000000,0.000128,0.000000,3.667738,0.001479,0.585652,2.001533,-0.000491,0.013080,0.401545,0.401545,-0.395455,-0.395455,0.331702,0.331752,-0.464859,-0.464675,0.279793,0.158475
3.196000,4.385999,0.000562,0.593700,2.000000,0.000256,0.000000,0.000128,0.000000,3.691726,0.001492,0.585849,1.998940,0.000615,0.035448,0.401545,0.401545,-0.395455,-0.395455,0.331666,0.331830,-0.465064,-0.464690,0.279830,0.158425
3.208000,4.409999,0.000565,0.593700,2.000000,0.000256,0.000000,0.000128,0.000000,3.715752,0.001496,0.585819,2.000793,-0.002070,0.002721,0.401545,0.401545,-0.395455,-0.395455,0.331629,0.331835,-0.465168,-0.464649,0.279783,0.158473
3.220000,4.433999,0.000568,0.593700,1.999999,0.000257,0.000000,0.000128,0.000000,3.739666,0.001517,0.586079,1.993080,0.001639,0.021280,0.401545,0.401545,-0.395455,-0.395455,0.331502,0.331894,-0.465260,-0.464635,0.279776,0.158326
3.232000,4.457999,0.000572,0.593700,2.000000,0.000256,0.000000,0.000128,0.000000,3.763562,0.001499,0.586240,1.991995,-0.004234,0.024469,0.401545,0.401545,-0.395455,-0.395455,0.331377,0.332018,-0.465232,-0.464528,0.279668,0.158338
3.244000,4.481999,0.000575,0.593700,1.999999,0.000257,0.000000,0.000128,0.000000,3.787424,0.001528,0.586476,1.988411,0.002545,0.010694,0.401545,0.401545,-0.395455,-0.395455,0.331399,0.332213,-0.465225,-0.464458,0.279594,0.158231
3.256000,4.505999,0.000578,0.593700,2.000000,0.000257,0.000000,0.000128,0.000000,3.811333,0.001520,0.586623,1.993801,-0.000333,0.013158,0.401545,0.401545,-0.395455,-0.395455,0.331481,0.332348,-0.465277,-0.464459,0.279608,0.158160
3.268000,4.529999,0.000581,0.593700,2.000000,0.000256,0.000000,0.000128,0.000000,3.835214,0.001496,0.586850,1.990702,-0.003066,0.017689,0.401545,0.401545,-0.395455,-0.395455,0.331534,0.332419,-0.465438,-0.464532,0.279552,0.158180
3.280000,4.553999,0.000584,0.593700,2.000000,0.000256,0.000000,0.000128,0.000000,3.859026,0.001498,0.587001,1.985576,-0.000190,0.003004,0.401545,0.401545,-0.395455,-0.395455,0.331531,0.332565,-0.465447,-0.464485,0.279499,0.158158
3.292000,4.577999,0.000587,0.593700,2.000000,0.000256,0.000000,0.000128,0.000000,3.882821,0.001500,0.587248,1.984597,0.000337,0.014644,0.401545,0.401545,-0.395455,-0.395455,0.331672,0.332695,-0.465400,-0.464400,0.279581,0.158090
3.304000,4.601999,0.000590,0.593700,2.000000,0.000256,0.000000,0.000128,0.000000,3.906631,0.001499,0.587323,1.986241,0.000267,0.007520,0.401545,0.401545,-0.395455,-0.395455,0.331809,0.332834,-0.465346,-0.464323,0.279657,0.158110
3.316000,4.625999,0.000593,0.593700,2.000000,0.000256,0.000000,0.000128,0.000000,3.930456,0.001494,0.587613,1.987147,-0.000752,0.024099,0.401545,0.401545,-0.395455,-0.395455,0.331864,0.332882,-0.465362,-0.464219,0.279538,0.158022
3.328000,4.649999,0.000596,0.593700,2.000000,0.000256,0.000000,0.000128,0.000000,3.954284,0.001500,0.587847,1.987305,-0.000078,0.016625,0.401545,0.401545,-0.395455,-0.395455,0.331993,0.332986,-0.465255,-0.464170,0.279450,0.157972
3.340000,4.673999,0.000599,0.593700,2.000000,0.000256,0.000000,0.000128,0.000000,3.978145,0.001505,0.588005,1.989741,0.000590,0.015107,0.401545,0.401545,-0.395455,-0.395455,0.332114,0.333088,-0.465245,-0.464136,0.279425,0.157939
3.350000,4.693999,0.000602,0.593700,2.000000,0.000256,0.000000,0.000128,0.000000,3.998038,0.001510,0.588270,1.990387,0.000642,0.026331,0.401545,0.401545,-0.395455,-0.395455,0.332227,0.333163,-0.465166,-0.464163,0.279329,0.157863
3.362000,4.717999,0.000605,0.593700,2.000000,0.000256,0.000000,0.000128,0.000000,4.021947,0.001510,0.588369,1.993627,0.000602,0.010715,0.401545,0.401545,-0.395455,-0.395455,0.332304,0.333208,-0.465105,-0.464158,0.279346,0.157886
3.374000,4.741999,0.000608,0.593700,2.000000,0.000256,0.000000,0.000128,0.000000,4.045876,0.001515,0.588681,1.994860,0.001604,0.014911,0.401545,0.401545,-0.395455,-0.395455,0.332357,0.333207,-0.465051,-0.464139,0.279186,0.157775
3.386000,4.765999,0.000611,0.593700,2.000000,0.000256,0.000000,0.000128,0.000000,4.069835,0.001519,0.588894,1.996069,0.001274,0.015043,0.401545,0.401545,-0.395455,-0.395455,0.332473,0.333132,-0.465025,-0.464128,0.279107,0.157706
3.398000,4.789999,0.000614,0.593700,2.000000,0.000257,0.000000,0.000128,0.000000,4.093838,0.001507,0.588978,2.000325,-0.000043,0.001349,0.401545,0.401545,-0.395455,-0.395455,0.332487,0.333008,-0.464981,-0.464155,0.278952,0.157723
3.410000,4.813999,0.000617,0.593700,2.000000,0.000256,0.000000,0.000128,0.000000,4.117843,0.001534,0.589292,1.999840,0.001848,0.009414,0.401545,0.401545,-0.395455,-0.395455,0.332445,0.332815,-0.464889,-0.464177,0.278729,0.157549
3.422000,4.837999,0.000620,0.593700,2.000000,0.000256,0.000000,0.000128,0.000000,4.141877,0.001532,0.589505,2.001407,0.000882,0.024370,0.401545,0.401545,-0.395455,-0.395455,0.332458,0.332620,-0.464846,-0.464231,0.278518,0.157538
3.434000,4.861999,0.000623,0.593700,2.000000,0.000256,0.000000,0.000128,0.000000,4.165937,0.001543,0.589693,2.004085,0.001518,0.035707,0.401545,0.401545,-0.395455,-0.395455,0.332371,0.332449,-0.464790,-0.464306,0.278412,0.157439
3.446000,4.885999,0.000626,0.593700,1.999999,0.000257,0.000000,0.000128,0.000000,4.189994,0.001531,0.589806,2.004022,-0.001874,0.011376,0.401545,0.401545,-0.395455,-0.395455,0.332427,0.332407,-0.464649,-0.464331,0.278286,0.157465
3.458000,4.909999,0.000629,0.593700,1.999999,0.000257,0.000000,0.000128,0.000000,4.214095,0.001533,0.589776,2.007531,-0.001526,-0.009602,0.401545,0.401545,-0.395455,-0.395455,0.332421,0.332363,-0.464622,-0.464386,0.278232,0.157506
3.470000,4.933999,0.000633,0.593700,2.000000,0.000256,0.000000,0.000128,0.000000,4.238196,0.001568,0.589983,2.007037,0.001747,0.005173,0.401545,0.401545,-0.395455,-0.395455,0.332283,0.332243,-0.464670,-0.464456,0.278150,0.157353
3.482000,4.957999,0.000636,0.593700,2.000000,0.000256,0.000000,0.000128,0.000000,4.262298,0.001573,0.590279,2.005302,0.000957,0.016112,0.401545,0.401545,-0.395455,-0.395455,0.332226,0.332156,-0.464787,-0.464573,0.277785,0.157245
3.494000,4.981999,0.000639,0.593700,2.000000,0.000256,0.000000,0.000128,0.000000,4.286375,0.001564,0.590295,2.005120,-0.000967,0.000246,0.401545,0.401545,-0.395455,-0.395455,0.332181,0.332142,-0.464784,-0.464659,0.277833,0.157231
3.506000,5.005999,0.000642,0.593700,2.000000,0.000256,0.000000,0.000128,0.000000,4.310469,0.001570,0.590448,2.007503,0.001580,0.033514,0.401545,0.401545,-0.395455,-0.395455,0.332008,0.332097,-0.464814,-0.464849,0.277819,0.157195
3.518000,5.029999,0.000645,0.593700,2.000000,0.000256,0.000000,0.000128,0.000000,4.334522,0.001561,0.590555,2.002614,0.000467,0.006026,0.401545,0.401545,-0.395455,-0.395455,0.331775,0.331963,-0.464789,-0.464884,0.277544,0.157197
3.530000,5.053999,0.000648,0.593700,2.000000,0.000256,0.000000,0.000128,0.000000,4.358584,0.001564,0.590688,2.003708,-0.000644,0.010295,0.401545,0.401545,-0.395455,-0.395455,0.331661,0.331854,-0.464924,-0.464856,0.277465,0.157080
3.542000,5.077999,0.000651,0.593700,2.000000,0.000256,0.000000,0.000128,0.000000,4.382581,0.001579,0.590705,1.999708,0.001034,0.013985,0.401545,0.401545,-0.395455,-0.395455,0.331558,0.331774,-0.465072,-0.464804,0.277424,0.157126
3.554000,5.101999,0.000654,0.593700,2.000000,0.000257,0.000000,0.000128,0.000000,4.406555,0.001606,0.590723,1.996346,0.004519,-0.008284,0.401545,0.401545,-0.395455,-0.395455,0.331523,0.331798,-0.465235,-0.464746,0.277413,0.157067
3.566000,5.125999,0.000657,0.593700,1.999999,0.000257,0.000000,0.000128,0.000000,4.430470,0.001607,0.590878,1.993068,0.001706,0.006749,0.401545,0.401545,-0.395455,-0.395455,0.331452,0.331845,-0.465222,-0.464635,0.277489,0.157015
3.578000,5.149999,0.000660,0.593700,2.000000,0.000257,0.000000,0.000128,0.000000,4.454406,0.001599,0.591017,1.992913,0.001595,0.010186,0.401545,0.401545,-0.395455,-0.395455,0.331484,0.331842,-0.465210,-0.464573,0.277258,0.156990
3.590000,5.173999,0.000663,0.593700,1.999999,0.000257,0.000000,0.000128,0.000000,4.478293,0.001584,0.590971,1.991599,-0.000589,-0.003101,0.401545,0.401545,-0.395455,-0.395455,0.331553,0.331978,-0.465174,-0.464500,0.277452,0.157018
3.600000,5.193999,0.000666,0.593700,2.000000,0.000257,0.000000,0.000128,0.000000,4.498181,0.001598,0.591185,1.989938,0.001655,0.021729,0.401545,0.401545,-0.395455,-0.395455,0.331619,0.332112,-0.465182,-0.464480,0.277345,0.156947
3.612000,5.217999,0.000669,0.593700,2.000000,0.000256,0.000000,0.000128,0.000000,4.522069,0.001564,0.591226,1.990864,-0.000353,-0.010451,0.401545,0.401545,-0.395455,-0.395455,0.331743,0.332338,-0.465182,-0.464506,0.277536,0.157046
3.624000,5.241999,0.000672,0.593700,2.000000,0.000256,0.000000,0.000128,0.000000,4.545943,0.001569,0.591364,1.990645,0.000459,0.027119,0.401545,0.401545,-0.395455,-0.395455,0.331686,0.332389,-0.465340,-0.464444,0.277509,0.156983
3.636000,5.265999,0.000675,0.593700,2.000000,0.000256,0.000000,0.000128,0.000000,4.569764,0.001567,0.591552,1.985457,0.000359,0.009647,0.401545,0.401545,-0.395455,-0.395455,0.331695,0.332459,-0.465357,-0.464349,0.277407,0.156939
3.648000,5.289999,0.000678,0.593700,2.000000,0.000256,0.000000,0.000128,0.000000,4.593585,0.001563,0.591597,1.987328,-0.000486,0.009040,0.401545,0.401545,-0.395455,-0.395455,0.331726,0.332561,-0.465319,-0.464244,0.277502,0.156958
3.660000,5.313999,0.000681,0.593700,2.000000,0.000256,0.000000,0.000128,0.000000,4.617403,0.001569,0.591757,1.986543,0.000295,0.018816,0.401545,0.401545,-0.395455,-0.395455,0.331759,0.332636,-0.465355,-0.464132,0.277423,0.156927
3.672000,5.337999,0.000684,0.593700,2.000000,0.000256,0.000000,0.000128,0.000000,4.641230,0.001572,0.591917,1.986532,0.000556,-0.000123,0.401545,0.401545,-0.395455,-0.395455,0.331896,0.332784,-0.465327,-0.464062,0.277435,0.156893
3.684000,5.361999,0.000687,0.593700,2.000000,0.000256,0.000000,0.000128,0.000000,4.665178,0.001554,0.591937,1.995727,-0.002020,-0.000160,0.401545,0.401545,-0.395455,-0.395455,0.331933,0.332821,-0.465320,-0.464063,0.277502,0.156928
3.696000,5.385999,0.000690,0.593700,2.000000,0.000256,0.000000,0.000128,0.000000,4.689030,0.001548,0.592289,1.988362,-0.000184,0.024124,0.401545,0.401545,-0.395455,-0.395455,0.331846,0.332771,-0.465280,-0.464081,0.277157,0.156840
3.708000,5.409999,0.000694,0.593700,2.000000,0.000256,0.000000,0.000128,0.000000,4.712895,0.001549,0.592398,1.989538,-0.000086,0.020356,0.401545,0.401545,-0.395455,-0.395455,0.331973,0.332840,-0.465241,-0.464119,0.277126,0.156827
3.720000,5.433999,0.000697,0.593700,2.000000,0.000256,0.000000,0.000128,0.000000,4.736784,0.001536,0.592454,1.992300,0.000916,0.010025,0.401545,0.401545,-0.395455,-0.395455,0.332082,0.332921,-0.465183,-0.464035,0.277255,0.156873
3.732000,5.457999,0.000700,0.593700,2.000000,0.000256,0.000000,0.000128,0.000000,4.760703,0.001572,0.592708,1.993401,0.001601,0.009056,0.401545,0.401545,-0.395455,-0.395455,0.332243,0.332902,-0.465026,-0.464045,0.277079,0.156723
3.744000,5.481999,0.000703,0.593700,2.000000,0.000256,0.000000,0.000128,0.000000,4.784661,0.001570,0.592626,1.999091,-0.000652,-0.008216,0.401545,0.401545,-0.395455,-0.395455,0.332368,0.332785,-0.465000,-0.463952,0.277119,0.156755
3.756000,5.505999,0.000706,0.593700,2.000000,0.000257,0.000000,0.000128,0.000000,4.808656,0.001548,0.592967,1.998186,-0.003392,0.009000,0.401545,0.401545,-0.395455,-0.395455,0.332369,0.332610,-0.465041,-0.463965,0.276908,0.156711
3.768000,5.529999,0.000709,0.593700,1.999999,0.000257,0.000000,0.000128,0.000000,4.832684,0.001563,0.593003,2.000804,0.001387,-0.008133,0.401545,0.401545,-0.395455,-0.395455,0.332358,0.332500,-0.465077,-0.463970,0.276755,0.156720
3.780000,5.553999,0.000712,0.593700,1.999999,0.000257,0.000000,0.000128,0.000000,4.856722,0.001585,0.593131,2.002540,0.001416,0.004033,0.401545,0.401545,-0.395455,-0.395455,0.332288,0.332340,-0.465068,-0.464040,0.276570,0.156574
3.792000,5.577999,0.000715,0.593700,1.999999,0.000257,0.000000,0.000128,0.000000,4.880781,0.001599,0.593329,2.002683,0.000503,0.010533,0.401545,0.401545,-0.395455,-0.395455,0.332156,0.332255,-0.465027,-0.464138,0.276388,0.156551
3.804000,5.601999,0.000718,0.593700,2.000000,0.000256,0.000000,0.000128,0.000000,4.904830,0.001618,0.593410,2.003322,0.000193,-0.003968,0.401545,0.401545,-0.395455,-0.395455,0.332173,0.332204,-0.464895,-0.464167,0.276413,0.156464
3.816000,5.625999,0.000721,0.593700,1.999999,0.000256,0.000000,0.000128,0.000000,4.928903,0.001625,0.593493,2.005473,-0.000396,0.018234,0.401545,0.401545,-0.395455,-0.395455,0.332167,0.332121,-0.464817,-0.464254,0.276306,0.156464
3.828000,5.649999,0.000724,0.593700,1.999999,0.000256,0.000000,0.000128,0.000000,4.953010,0.001633,0.593494,2.008199,-0.000176,-0.010451,0.401545,0.401545,-0.395455,-0.395455,0.332200,0.332119,-0.464737,-0.464360,0.276247,0.156463
3.840000,5.673999,0.000727,0.593700,2.000000,0.000256,0.000000,0.000128,0.000000,4.977122,0.001639,0.593718,2.007894,0.001564,0.017326,0.401545,0.401545,-0.395455,-0.395455,0.332112,0.332081,-0.464812,-0.464577,0.276198,0.156353
3.850000,5.693999,0.000730,0.593700,2.000000,0.000256,0.000000,0.000128,0.000000,4.997182,0.001641,0.593665,2.004684,0.000859,-0.006787,0.401545,0.401545,-0.395455,-0.395455,0.332125,0.332015,-0.464825,-0.464692,0.276242,0.156362
3.862000,5.717999,0.000733,0.593700,2.000000,0.000256,0.000000,0.000128,0.000000,5.021249,0.001637,0.593812,2.003679,0.000306,0.007776,0.401545,0.401545,-0.395455,-0.395455,0.332010,0.331882,-0.464830,-0.464723,0.276133,0.156337
3.874000,5.741999,0.000736,0.593700,2.000000,0.000256,0.000000,0.000128,0.000000,5.045301,0.001640,0.593770,2.002454,0.000384,0.000884,0.401545,0.401545,-0.395455,-0.395455,0.331978,0.331756,-0.464840,-0.464719,0.276112,0.156335
3.886000,5.765999,0.000739,0.593700,2.000000,0.000256,0.000000,0.000128,0.000000,5.069330,0.001638,0.593855,2.001295,-0.000562,0.005215,0.401545,0.401545,-0.395455,-0.395455,0.331885,0.331661,-0.464905,-0.464670,0.275941,0.156298
3.898000,5.789999,0.000742,0.593700,2.000000,0.000256,0.000000,0.000128,0.000000,5.093334,0.001647,0.593851,2.000173,-0.000072,0.008601,0.401545,0.401545,-0.395455,-0.395455,0.331818,0.331713,-0.465018,-0.464675,0.276054,0.156304
3.910000,5.813999,0.000745,0.593700,2.000000,0.000256,0.000000,0.000128,0.000000,5.117318,0.001655,0.593878,1.997284,0.000765,0.002994,0.401545,0.401545,-0.395455,-0.395455,0.331739,0.331740,-0.465170,-0.464617,0.275942,0.156303
3.922000,5.837999,0.000748,0.593700,1.999999,0.000257,0.000000,0.000128,0.000000,5.141266,0.001672,0.593871,1.995579,0.000319,0.001675,0.401545,0.401545,-0.395455,-0.395455,0.331662,0.331809,-0.465288,-0.464588,0.276072,0.156274
3.934000,5.861999,0.000752,0.593700,2.000000,0.000256,0.000000,0.000128,0.000000,5.165254,0.001656,0.594031,1.997559,-0.003575,0.018750,0.401545,0.401545,-0.395455,-0.395455,0.331506,0.331830,-0.465494,-0.464535,0.275924,0.156265
3.946000,5.885999,0.000755,0.593700,2.000000,0.000257,0.000000,0.000128,0.000000,5.189148,0.001686,0.594042,1.990788,0.003101,-0.010900,0.401545,0.401545,-0.395455,-0.395455,0.331496,0.331938,-0.465592,-0.464539,0.275971,0.156229
3.958000,5.909999,0.000758,0.593700,2.000000,0.000256,0.000000,0.000128,0.000000,5.213024,0.001653,0.594134,1.990145,-0.001553,0.005210,0.401545,0.401545,-0.395455,-0.395455,0.331502,0.332080,-0.465613,-0.464608,0.275953,0.156234
3.970000,5.933999,0.000761,0.593700,2.000000,0.000256,0.000000,0.000128,0.000000,5.236879,0.001645,0.594198,1.988153,-0.002503,0.006903,0.401545,0.401545,-0.395455,-0.395455,0.331510,0.332226,-0.465603,-0.464694,0.276006,0.156247
3.982000,5.957999,0.000764,0.593700,2.000000,0.000256,0.000000,0.000128,0.000000,5.260774,0.001659,0.594177,1.991536,0.000845,-0.015649,0.401545,0.401545,-0.395455,-0.395455,0.331573,0.332403,-0.465746,-0.464658,0.276076,0.156262
3.994000,5.981999,0.000767,0.593700,2.000000,0.000256,0.000000,0.000128,0.000000,5.284577,0.001660,0.594318,1.985905,-0.000018,0.017711,0.401545,0.401545,-0.395455,-0.395455,0.331585,0.332529,-0.465891,-0.464615,0.276102,0.156214
4.004000,5.993999,0.000768,0.593700,-2.000000,-0.000256,0.000000,0.000128,0.000000,5.304399,0.001661,0.594434,1.983432,0.000272,-0.000642,0.401545,0.401545,-0.395455,-0.395455,0.331675,0.332669,-0.465901,-0.464484,0.276113,0.156193
4.016000,5.969999,0.000765,0.593700,-2.000000,-0.000256,0.000000,0.000128,0.000000,5.328169,0.001666,0.594480,1.981513,0.000574,0.002675,0.401545,0.401545,-0.395455,-0.395455,0.331775,0.332703,-0.465853,-0.464385,0.276279,0.156184
4.028000,5.945999,0.000762,0.593700,-2.000000,-0.000256,0.000000,0.000128,0.000000,5.351861,0.001665,0.594603,1.972537,0.000410,0.010666,0.401545,0.401545,-0.395455,-0.395455,0.331664,0.332557,-0.466000,-0.464562,0.275963,0.156164
4.040000,5.921999,0.000759,0.593700,-2.000000,-0.000256,0.000000,0.000128,0.000000,5.375400,0.001666,0.594744,1.957929,-0.000291,0.015887,0.401545,0.401545,-0.395455,-0.395455,0.331308,0.332193,-0.466304,-0.464956,0.275706,0.156129
4.052000,5.897999,0.000756,0.593700,-2.000000,-0.000256,0.000000,0.000128,0.000000,5.398717,0.001674,0.594869,1.936754,0.000528,0.012641,0.401545,0.401545,-0.395455,-0.395455,0.330762,0.331644,-0.466719,-0.465432,0.275168,0.156135
4.064000,5.873999,0.000753,0.593700,-2.000000,-0.000256,0.000000,0.000128,0.000000,5.421777,0.001680,0.595003,1.913358,0.000507,-0.006652,0.401545,0.401545,-0.395455,-0.395455,0.330197,0.331045,-0.467184,-0.465927,0.274591,0.156071
4.076000,5.849999,0.000750,0.593700,-2.000000,-0.000257,0.000000,0.000128,0.000000,5.444552,0.001660,0.595259,1.887466,-0.003352,0.017874,0.401545,0.401545,-0.395455,-0.395455,0.329505,0.330278,-0.467645,-0.466487,0.273957,0.156074
4.088000,5.825999,0.000747,0.593700,-2.000000,-0.000256,0.000000,0.000128,0.000000,5.467014,0.001689,0.595443,1.859813,0.000371,0.017919,0.401545,0.401545,-0.395455,-0.395455,0.328858,0.329495,-0.468045,-0.466957,0.273241,0.155932
4.100000,5.801999,0.000744,0.593700,-2.000000,-0.000257,0.000000,0.000128,0.000000,5.489080,0.001676,0.595561,1.827919,-0.002576,0.008589,0.401545,0.401545,-0.395455,-0.395455,0.328302,0.328846,-0.468338,-0.467279,0.272661,0.155977
4.110000,5.781999,0.000741,0.593700,-2.000000,-0.000256,0.000000,0.000128,0.000000,5.507276,0.001712,0.595720,1.807705,0.003582,0.010906,0.401545,0.401545,-0.395455,-0.395455,0.327860,0.328339,-0.468533,-0.467465,0.272246,0.155875
4.122000,5.757999,0.000738,0.593700,-2.000000,-0.000256,0.000000,0.000128,0.000000,5.528803,0.001714,0.595767,1.780449,0.001533,0.001110,0.401545,0.401545,-0.395455,-0.395455,0.327336,0.327754,-0.468715,-0.467658,0.271764,0.155878
4.134000,5.733999,0.000735,0.593700,-2.000000,-0.000256,0.000000,0.000128,0.000000,5.549968,0.001729,0.595789,1.749815,0.001477,0.002141,0.401545,0.401545,-0.395455,-0.395455,0.326919,0.327144,-0.468771,-0.467800,0.271419,0.155835
4.146000,5.709999,0.000732,0.593700,-2.000000,-0.000256,0.000000,0.000128,0.000000,5.570770,0.001734,0.596094,1.718937,0.000041,0.006853,0.401545,0.401545,-0.395455,-0.395455,0.326667,0.326765,-0.468722,-0.467806,0.270942,0.155747
4.158000,5.685999,0.000729,0.593700,-2.000000,-0.000256,0.000000,0.000128,0.000000,5.590774,0.001744,0.596203,1.651062,0.001072,0.013953,0.401545,0.401545,-0.395455,-0.395455,0.326514,0.326614,-0.468466,-0.467438,0.271041,0.155749
4.170000,5.661999,0.000726,0.593700,-2.000000,-0.000256,0.000000,0.000128,0.000000,5.610848,0.001757,0.596091,1.653095,0.000709,0.003626,0.401545,0.401545,-0.395455,-0.395455,0.326626,0.326794,-0.468100,-0.466869,0.271125,0.155757
4.182000,5.637999,0.000723,0.593700,-2.000000,-0.000256,0.000000,0.000128,0.000000,5.630635,0.001767,0.596131,1.633883,0.000225,-0.005083,0.401545,0.401545,-0.395455,-0.395455,0.326801,0.326943,-0.467837,-0.466563,0.271216,0.155721
4.194000,5.613999,0.000720,0.593700,-2.000000,-0.000256,0.000000,0.000128,0.000000,5.649749,0.001781,0.596312,1.585576,0.001365,0.002894,0.401545,0.401545,-0.395455,-0.395455,0.326906,0.327014,-0.467422,-0.465928,0.271275,0.155650
4.206000,5.589999,0.000717,0.593700,-2.000000,-0.000256,0.000000,0.000128,0.000000,5.668407,0.001782,0.596349,1.540171,0.000205,0.013530,0.401545,0.401545,-0.395455,-0.395455,0.327030,0.327203,-0.466917,-0.464893,0.271448,0.155651
4.218000,5.565999,0.000714,0.593700,-2.000000,-0.000256,0.000000,0.000128,0.000000,5.687091,0.001799,0.596322,1.538439,0.002005,-0.000120,0.401545,0.401545,-0.395455,-0.395455,0.327242,0.327513,-0.466492,-0.463602,0.271759,0.155637
4.230000,5.541999,0.000711,0.593700,-2.000000,-0.000256,0.000000,0.000128,0.000000,5.705323,0.001816,0.596158,1.505244,0.001824,-0.015978,0.401545,0.401545,-0.395455,-0.395455,0.327492,0.327788,-0.466038,-0.462861,0.272100,0.155661
4.242000,5.517999,0.000707,0.593700,-2.000000,-0.000256,0.000000,0.000128,0.000000,5.723041,0.001831,0.596191,1.470494,0.001677,-0.007537,0.401545,0.401545,-0.395455,-0.395455,0.327652,0.327941,-0.465358,-0.461946,0.272325,0.155640
4.254000,5.493999,0.000704,0.593700,-2.000000,-0.000256,0.000000,0.000128,0.000000,5.740609,0.001846,0.596165,1.448490,0.001023,-0.001598,0.401545,0.401545,-0.395455,-0.395455,0.327894,0.328148,-0.464703,-0.461295,0.272581,0.155610
4.266000,5.469999,0.000701,0.593700,-2.000000,-0.000256,0.000000,0.000128,0.000000,5.757434,0.001877,0.596188,1.390140,0.002140,0.001986,0.401545,0.401545,-0.395455,-0.395455,0.328210,0.328427,-0.463789,-0.460750,0.272890,0.155554
4.278000,5.445999,0.000698,0.593700,-2.000000,-0.000256,0.000000,0.000128,0.000000,5.774094,0.001885,0.596028,1.370242,0.000449,-0.012824,0.401545,0.401545,-0.395455,-0.395455,0.328636,0.328821,-0.462635,-0.460088,0.273313,0.155587
4.290000,5.421999,0.000695,0.593700,-2.000000,-0.000256,0.000000,0.000128,0.000000,5.790337,0.001896,0.595932,1.340411,0.000688,-0.012380,0.401545,0.401545,-0.395455,-0.395455,0.329087,0.329284,-0.461796,-0.459273,0.273850,0.155641
4.302000,5.397999,0.000692,0.593700,-2.000000,-0.000256,0.000000,0.000128,0.000000,5.806283,0.001915,0.595767,1.313114,0.001619,-0.018855,0.401545,0.401545,-0.395455,-0.395455,0.329585,0.329926,-0.461074,-0.458475,0.274392,0.155664
4.314000,5.373999,0.000689,0.593700,-2.000000,-0.000256,0.000000,0.000128,0.000000,5.821813,0.001927,0.595528,1.280130,0.001212,-0.017670,0.401545,0.401545,-0.395455,-0.395455,0.330168,0.330559,-0.460389,-0.457779,0.275121,0.155712
4.326000,5.349999,0.000686,0.593700,-2.000000,-0.000256,0.000000,0.000128,0.000000,5.836828,0.001946,0.595361,1.240629,0.001419,-0.018351,0.401545,0.401545,-0.395455,-0.395455,0.330722,0.331219,-0.459488,-0.457057,0.275818,0.155756
4.338000,5.325999,0.000683,0.593700,-2.000000,-0.000256,0.000000,0.000128,0.000000,5.851487,0.001960,0.595140,1.206848,0.001372,-0.013961,0.401545,0.401545,-0.395455,-0.395455,0.331339,0.332042,-0.458640,-0.456318,0.276538,0.155803
4.350000,5.301999,0.000680,0.593700,-2.000000,-0.000256,0.000000,0.000128,0.000000,5.865717,0.001974,0.594847,1.171902,0.001326,-0.018442,0.401545,0.401545,-0.395455,-0.395455,0.332080,0.332928,-0.457781,-0.455530,0.277448,0.155858
4.362000,5.277999,0.000677,0.593700,-2.000000,-0.000256,0.000000,0.000128,0.000000,5.879518,0.001986,0.594528,1.136328,0.001244,-0.023661,0.401545,0.401545,-0.395455,-0.395455,0.332944,0.333811,-0.456880,-0.454676,0.278401,0.155930
4.374000,5.253999,0.000674,0.593700,-2.000000,-0.000256,0.000000,0.000128,0.000000,5.892890,0.001998,0.594184,1.100108,0.001181,-0.028752,0.401545,0.401545,-0.395455,-0.395455,0.333886,0.334812,-0.455933,-0.453764,0.279393,0.156026
4.384000,5.233999,0.000671,0.593700,-2.000000,-0.000256,0.000000,0.000128,0.000000,5.903708,0.002006,0.593837,1.071629,0.001023,-0.032798,0.401545,0.401545,-0.395455,-0.395455,0.334708,0.335707,-0.455120,-0.452975,0.280286,0.156096
4.396000,5.209999,0.000668,0.593700,-2.000000,-0.000256,0.000000,0.000128,0.000000,5.916313,0.002017,0.593388,1.037872,0.001030,-0.045201,0.401545,0.401545,-0.395455,-0.395455,0.335572,0.336688,-0.454119,-0.451973,0.281330,0.156232
4.408000,5.185999,0.000665,0.593700,-2.000000,-0.000256,0.000000,0.000128,0.000000,5.928500,0.002029,0.592789,1.002533,0.001039,-0.057251,0.401545,0.401545,-0.395455,-0.395455,0.336369,0.337532,-0.453070,-0.450928,0.282375,0.156375
4.420000,5.161999,0.000662,0.593700,-2.000000,-0.000256,0.000000,0.000128,0.000000,5.940254,0.002038,0.592239,0.965226,0.000777,-0.057858,0.401545,0.401545,-0.395455,-0.395455,0.337200,0.338326,-0.451975,-0.449876,0.283366,0.156517
4.432000,5.137999,0.000659,0.593700,-2.000000,-0.000256,0.000000,0.000128,0.000000,5.951578,0.002050,0.591546,0.929739,0.000996,-0.062683,0.401545,0.401545,-0.395455,-0.395455,0.338064,0.339240,-0.450867,-0.448789,0.284485,0.156704
4.444000,5.113999,0.000656,0.593700,-2.000000,-0.000256,0.000000,0.000128,0.000000,5.962473,0.002060,0.590876,0.893877,0.000558,-0.056583,0.401545,0.401545,-0.395455,-0.395455,0.338965,0.340236,-0.449773,-0.447695,0.285666,0.156859
4.456000,5.089999,0.000653,0.593700,-2.000000,-0.000256,0.000000,0.000128,0.000000,5.972947,0.002074,0.590080,0.859254,0.000954,-0.059121,0.401545,0.401545,-0.395455,-0.395455,0.340008,0.341233,-0.448625,-0.446586,0.286945,0.157057
4.468000,5.065999,0.000650,0.593700,-2.000000,-0.000256,0.000000,0.000128,0.000000,5.982664,0.002086,0.589252,0.808449,0.001101,-0.076712,0.401545,0.401545,-0.395455,-0.395455,0.341272,0.342429,-0.447319,-0.445325,0.288463,0.157291
4.480000,5.041999,0.000646,0.593700,-2.000000,-0.000256,0.000000,0.000128,0.000000,5.992316,0.002096,0.588325,0.789411,0.000836,-0.083258,0.401545,0.401545,-0.395455,-0.395455,0.342535,0.343604,-0.446141,-0.444159,0.290001,0.157546
4.492000,5.017999,0.000643,0.593700,-2.000000,-0.000256,0.000000,0.000128,0.000000,6.001573,0.002108,0.587383,0.757722,0.001085,-0.082522,0.401545,0.401545,-0.395455,-0.395455,0.343652,0.344684,-0.445065,-0.443085,0.291451,0.157789
4.504000,4.993999,0.000640,0.593700,-2.000000,-0.000256,0.000000,0.000128,0.000000,6.010405,0.002121,0.586377,0.722023,0.001128,-0.081719,0.401545,0.401545,-0.395455,-0.395455,0.344774,0.345806,-0.443999,-0.442035,0.292947,0.158039
4.516000,4.969999,0.000637,0.593700,-2.000000,-0.000256,0.000000,0.000128,0.000000,6.018811,0.002129,0.585307,0.685947,0.000854,-0.093969,0.401545,0.401545,-0.395455,-0.395455,0.345920,0.346900,-0.442905,-0.440891,0.294485,0.158346
4.528000,4.945999,0.000634,0.593700,-2.000000,-0.000256,0.000000,0.000128,0.000000,6.026780,0.002142,0.584220,0.649848,0.000896,-0.093445,0.401545,0.401545,-0.395455,-0.395455,0.347045,0.347998,-0.441739,-0.439727,0.296054,0.158621
4.540000,4.921999,0.000631,0.593700,-2.000000,-0.000256,0.000000,0.000128,0.000000,6.034321,0.002154,0.582985,0.614049,0.001026,-0.102363,0.401545,0.401545,-0.395455,-0.395455,0.348272,0.349176,-0.440563,-0.438562,0.297729,0.158951
4.552000,4.897999,0.000628,0.593700,-2.000000,-0.000256,0.000000,0.000128,0.000000,6.041429,0.002166,0.581760,0.578056,0.001054,-0.108690,0.401545,0.401545,-0.395455,-0.395455,0.349484,0.350318,-0.439334,-0.437369,0.299427,0.159278
4.564000,4.873999,0.000625,0.593700,-2.000000,-0.000256,0.000000,0.000128,0.000000,6.048102,0.002178,0.580424,0.541764,0.000978,-0.109265,0.401545,0.401545,-0.395455,-0.395455,0.350699,0.351476,-0.438109,-0.436221,0.301187,0.159631
4.576000,4.849999,0.000622,0.593700,-2.000000,-0.000256,0.000000,0.000128,0.000000,6.054337,0.002189,0.579065,0.505203,0.000853,-0.119819,0.401545,0.401545,-0.395455,-0.395455,0.351951,0.352630,-0.436845,-0.435013,0.302971,0.160002
4.588000,4.825999,0.000619,0.593700,-2.000000,-0.000256,0.000000,0.000128,0.000000,6.060132,0.002201,0.577630,0.468326,0.000963,-0.119914,0.401545,0.401545,-0.395455,-0.395455,0.353184,0.353871,-0.435585,-0.433860,0.304845,0.160391
4.600000,4.801999,0.000616,0.593700,-2.000000,-0.000256,0.000000,0.000128,0.000000,6.065486,0.002212,0.576169,0.431462,0.000988,-0.127093,0.401545,0.401545,-0.395455,-0.395455,0.354467,0.355096,-0.434295,-0.432606,0.306749,0.160792
4.612000,4.777999,0.000613,0.593700,-2.000000,-0.000256,0.000000,0.000128,0.000000,6.070399,0.002223,0.574581,0.394772,0.000931,-0.132279,0.401545,0.401545,-0.395455,-0.395455,0.355775,0.356394,-0.433037,-0.431413,0.308772,0.161230
4.624000,4.753999,0.000610,0.593700,-2.000000,-0.000256,0.000000,0.000128,0.000000,6.074864,0.002234,0.572999,0.357400,0.000878,-0.136271,0.401545,0.401545,-0.395455,-0.395455,0.357055,0.357643,-0.431694,-0.430155,0.310797,0.161662
4.634000,4.733999,0.000607,0.593700,-2.000000,-0.000256,0.000000,0.000128,0.000000,6.078246,0.002242,0.571577,0.326725,0.000846,-0.144049,0.401545,0.401545,-0.395455,-0.395455,0.358156,0.358677,-0.430651,-0.429069,0.312540,0.162070
4.646000,4.709999,0.000604,0.593700,-2.000000,-0.000256,0.000000,0.000128,0.000000,6.081887,0.002252,0.569830,0.288146,0.000869,-0.147039,0.401545,0.401545,-0.395455,-0.395455,0.359445,0.360030,-0.429372,-0.427855,0.314698,0.162552
4.658000,4.685999,0.000601,0.593700,-2.000000,-0.000256,0.000000,0.000128,0.000000,6.085069,0.002262,0.568047,0.250030,0.000811,-0.151086,0.401545,0.401545,-0.395455,-0.395455,0.360775,0.361364,-0.428025,-0.426571,0.316913,0.163053
4.670000,4.661999,0.000598,0.593700,-2.000000,-0.000256,0.000000,0.000128,0.000000,6.087799,0.002271,0.566194,0.212529,0.000780,-0.157728,0.401545,0.401545,-0.395455,-0.395455,0.362187,0.362711,-0.426783,-0.425249,0.319205,0.163573
4.682000,4.637999,0.000595,0.593700,-2.000000,-0.000256,0.000000,0.000128,0.000000,6.089629,0.002281,0.564335,0.136230,0.000944,-0.158386,0.401545,0.401545,-0.395455,-0.395455,0.363652,0.364222,-0.425484,-0.423984,0.321601,0.164102
4.694000,4.613999,0.000592,0.593700,-2.000000,-0.000256,0.000000,0.000128,0.000000,6.091403,0.002294,0.562254,0.126136,0.000896,-0.171874,0.401545,0.401545,-0.395455,-0.395455,0.365429,0.366002,-0.424016,-0.422656,0.324429,0.164700
4.706000,4.589999,0.000589,0.593700,-2.000000,-0.000256,0.000000,0.000128,0.000000,6.092787,0.002303,0.560176,0.099156,0.000641,-0.174574,0.401545,0.401545,-0.395455,-0.395455,0.367038,0.367598,-0.422634,-0.421405,0.327145,0.165305
4.718000,4.565999,0.000585,0.593700,-2.000000,-0.000256,0.000000,0.000128,0.000000,6.093722,0.002309,0.558075,0.062250,0.000567,-0.176405,0.401545,0.401545,-0.395455,-0.395455,0.368520,0.369031,-0.421339,-0.420065,0.329746,0.165918
4.730000,4.541999,0.000582,0.593700,-2.000000,-0.000256,0.000000,0.000128,0.000000,6.094183,0.002316,0.555907,0.022812,0.000563,-0.183112,0.401545,0.401545,-0.395455,-0.395455,0.369944,0.370401,-0.420086,-0.418648,0.332347,0.166554
4.742000,4.517999,0.000579,0.593700,-2.000000,-0.000256,0.000000,0.000128,0.000000,6.094160,0.002322,0.553684,-0.017843,0.000564,-0.187211,0.401545,0.401545,-0.395455,-0.395455,0.371328,0.371776,-0.418863,-0.417263,0.334988,0.167216
4.754000,4.493999,0.000576,0.593700,-2.000000,-0.000256,0.000000,0.000128,0.000000,6.093645,0.002329,0.551405,-0.059115,0.000562,-0.192462,0.401545,0.401545,-0.395455,-0.395455,0.372729,0.373187,-0.417644,-0.415897,0.337706,0.167901
4.766000,4.469999,0.000573,0.593700,-2.000000,-0.000256,0.000000,0.000128,0.000000,6.092637,0.002335,0.549057,-0.100601,0.000543,-0.197960,0.401545,0.401545,-0.395455,-0.395455,0.374174,0.374642,-0.416401,-0.414535,0.340527,0.168611
4.778000,4.445999,0.000570,0.593700,-2.000000,-0.000256,0.000000,0.000128,0.000000,6.091131,0.002342,0.546646,-0.142179,0.000511,-0.203136,0.401545,0.401545,-0.395455,-0.395455,0.375666,0.376126,-0.415133,-0.413160,0.343452,0.169344
4.790000,4.421999,0.000567,0.593700,-2.000000,-0.000256,0.000000,0.000128,0.000000,6.089126,0.002348,0.544167,-0.184029,0.000476,-0.208601,0.401545,0.401545,-0.395455,-0.395455,0.377199,0.377671,-0.413823,-0.411753,0.346489,0.170105
4.802000,4.397999,0.000564,0.593700,-2.000000,-0.000256,0.000000,0.000128,0.000000,6.086620,0.002353,0.541629,-0.225856,0.000438,-0.213360,0.401545,0.401545,-0.395455,-0.395455,0.378762,0.379264,-0.412452,-0.410295,0.349632,0.170890
4.814000,4.373999,0.000561,0.593700,-2.000000,-0.000256,0.000000,0.000128,0.000000,6.083612,0.002358,0.539043,-0.267624,0.000395,-0.217563,0.401545,0.401545,-0.395455,-0.395455,0.380340,0.380885,-0.411003,-0.408766,0.352858,0.171696
4.826000,4.349999,0.000558,0.593700,-2.000000,-0.000256,0.000000,0.000128,0.000000,6.079640,0.002364,0.536424,-0.338165,0.000577,-0.231149,0.401545,0.401545,-0.395455,-0.395455,0.382219,0.382763,-0.409363,-0.407088,0.356290,0.172523
4.838000,4.325999,0.000555,0.593700,-2.000000,-0.000256,0.000000,0.000128,0.000000,6.075635,0.002370,0.533620,-0.353274,0.000291,-0.231748,0.401545,0.401545,-0.395455,-0.395455,0.384221,0.384744,-0.407712,-0.405517,0.360182,0.173422
4.850000,4.301999,0.000552,0.593700,-2.000000,-0.000256,0.000000,0.000128,0.000000,6.071178,0.002371,0.530825,-0.387950,0.000007,-0.232959,0.401545,0.401545,-0.395455,-0.395455,0.385993,0.386526,-0.406156,-0.404137,0.363862,0.174329
4.862000,4.277999,0.000549,0.593700,-2.000000,-0.000256,0.000000,0.000128,0.000000,6.066210,0.002369,0.528005,-0.430853,-0.000176,-0.236657,0.401545,0.401545,-0.395455,-0.395455,0.387626,0.388150,-0.404698,-0.402789,0.367431,0.175257
4.874000,4.253999,0.000546,0.593700,-2.000000,-0.000256,0.000000,0.000128,0.000000,6.060224,0.002367,0.525109,-0.525679,-0.000245,-0.244089,0.401545,0.401545,-0.395455,-0.395455,0.389316,0.389836,-0.403173,-0.401265,0.371477,0.176213
4.884000,4.233999,0.000543,0.593700,-2.000000,-0.000256,0.000000,0.000128,0.000000,6.055187,0.002357,0.522643,-0.532259,-0.000735,-0.249196,0.401545,0.401545,-0.395455,-0.395455,0.390915,0.391439,-0.401790,-0.399951,0.374433,0.177050
4.896000,4.209999,0.000540,0.593700,-2.000000,-0.000256,0.000000,0.000128,0.000000,6.048741,0.002351,0.519655,-0.556049,-0.000531,-0.251766,0.401545,0.401545,-0.395455,-0.395455,0.392768,0.393271,-0.400246,-0.398561,0.378489,0.178073
4.908000,4.185999,0.000537,0.593700,-2.000000,-0.000256,0.000000,0.000128,0.000000,6.041790,0.002346,0.516603,-0.597676,-0.000446,-0.255463,0.401545,0.401545,-0.395455,-0.395455,0.394393,0.394835,-0.398805,-0.397093,0.382350,0.179121
4.920000,4.161999,0.000534,0.593700,-2.000000,-0.000256,0.000000,0.000128,0.000000,6.034281,0.002340,0.513578,-0.644862,-0.000470,-0.247020,0.401545,0.401545,-0.395455,-0.395455,0.395844,0.396332,-0.397270,-0.395634,0.384762,0.180167
4.932000,4.137999,0.000531,0.593700,-2.000000,-0.000256,0.000000,0.000128,0.000000,6.025871,0.002334,0.510679,-0.710913,-0.000656,-0.239172,0.401545,0.401545,-0.395455,-0.395455,0.397386,0.398217,-0.395664,-0.394269,0.385350,0.181188
4.944000,4.113999,0.000528,0.593700,-2.000000,-0.000256,0.000000,0.000128,0.000000,6.017176,0.002327,0.507849,-0.745412,-0.000578,-0.227054,0.401545,0.401545,-0.395455,-0.395455,0.399056,0.400309,-0.394065,-0.392876,0.385929,0.182194
4.956000,4.089999,0.000525,0.593700,-2.000000,-0.000256,0.000000,0.000128,0.000000,6.007952,0.002321,0.505221,-0.788454,-0.000620,-0.215376,0.401545,0.401545,-0.395455,-0.395455,0.400863,0.402272,-0.392616,-0.391545,0.386425,0.183142
4.968000,4.065999,0.000521,0.593700,-2.000000,-0.000256,0.000000,0.000128,0.000000,5.998167,0.002315,0.502691,-0.834411,-0.000534,-0.202534,0.401545,0.401545,-0.395455,-0.395455,0.402687,0.404145,-0.391077,-0.390123,0.386836,0.184068
4.980000,4.041999,0.000518,0.593700,-2.000000,-0.000256,0.000000,0.000128,0.000000,5.987814,0.002309,0.500342,-0.881694,-0.000538,-0.193915,0.401545,0.401545,-0.395455,-0.395455,0.404623,0.406020,-0.389605,-0.388687,0.387086,0.184934
4.992000,4.017999,0.000515,0.593700,-2.000000,-0.000256,0.000000,0.000128,0.000000,5.976904,0.002304,0.498096,-0.927888,-0.000353,-0.182198,0.401545,0.401545,-0.395455,-0.395455,0.406553,0.407973,-0.388062,-0.387217,0.387210,0.185772
5.004000,3.993999,0.000512,0.593700,-2.000000,-0.000256,0.000000,0.000128,0.000000,5.965437,0.002300,0.495962,-0.973471,-0.000346,-0.173838,0.401545,0.401545,-0.395455,-0.395455,0.408584,0.409935,-0.386553,-0.385639,0.387253,0.186555
5.016000,3.969999,0.000509,0.593700,-2.000000,-0.000256,0.000000,0.000128,0.000000,5.953423,0.002294,0.493933,-1.019586,-0.000524,-0.166446,0.401545,0.401545,-0.395455,-0.395455,0.410730,0.411954,-0.385024,-0.384067,0.387171,0.187321
5.028000,3.945999,0.000506,0.593700,-2.000000,-0.000256,0.000000,0.000128,0.000000,5.940872,0.002290,0.492076,-1.063236,-0.000260,-0.152143,0.401545,0.401545,-0.395455,-0.395455,0.412881,0.413984,-0.383470,-0.382556,0.386914,0.188053
5.040000,3.921999,0.000503,0.593700,-2.000000,-0.000256,0.000000,0.000128,0.000000,5.927783,0.002286,0.490271,-1.106996,-0.000278,-0.143443,0.401545,0.401545,-0.395455,-0.395455,0.415029,0.416050,-0.381925,-0.381009,0.386676,0.188723
5.052000,3.897999,0.000500,0.593700,-2.000000,-0.000256,0.000000,0.000128,0.000000,5.913681,0.002272,0.488514,-1.179842,-0.001252,-0.144843,0.401545,0.401545,-0.395455,-0.395455,0.417373,0.418318,-0.380239,-0.379357,0.386347,0.189441
5.064000,3.873999,0.000497,0.593700,-2.000000,-0.000256,0.000000,0.000128,0.000000,5.899550,0.002259,0.486783,-1.197696,-0.000885,-0.139415,0.401545,0.401545,-0.395455,-0.395455,0.419780,0.420654,-0.378510,-0.377620,0.385907,0.190106
5.076000,3.849999,0.000494,0.593700,-2.000000,-0.000256,0.000000,0.000128,0.000000,5.884954,0.002256,0.485298,-1.233258,-0.000426,-0.125958,0.401545,0.401545,-0.395455,-0.395455,0.421981,0.422905,-0.377026,-0.376160,0.385430,0.190663
5.088000,3.825999,0.000491,0.593700,-2.000000,-0.000256,0.000000,0.000128,0.000000,5.869837,0.002256,0.483930,-1.276051,0.000217,-0.115386,0.401545,0.401545,-0.395455,-0.395455,0.424007,0.424892,-0.375650,-0.374777,0.384971,0.191214
5.100000,3.801999,0.000488,0.593700,-2.000000,-0.000256,0.000000,0.000128,0.000000,5.853645,0.002256,0.482512,-1.360763,0.000404,-0.116229,0.401545,0.401545,-0.395455,-0.395455,0.426107,0.426967,-0.374143,-0.373243,0.384482,0.191762
5.112000,3.777999,0.000485,0.593700,-2.000000,-0.000256,0.000000,0.000128,0.000000,5.837464,0.002275,0.481323,-1.369090,0.002257,-0.099902,0.401545,0.401545,-0.395455,-0.395455,0.428282,0.429090,-0.372516,-0.371705,0.383589,0.192211
5.124000,3.753999,0.000481,0.593700,-2.000000,-0.000256,0.000000,0.000128,0.000000,5.820830,0.002257,0.480019,-1.402997,-0.001350,-0.100606,0.401545,0.401545,-0.395455,-0.395455,0.430204,0.430995,-0.371086,-0.370259,0.383111,0.192765
5.134000,3.733999,0.000479,0.593700,-2.000000,-0.000256,0.000000,0.000128,0.000000,5.806051,0.002267,0.478973,-1.462778,0.001906,-0.101467,0.401545,0.401545,-0.395455,-0.395455,0.431932,0.432799,-0.369771,-0.368974,0.382506,0.193154
5.146000,3.709999,0.000476,0.593700,-2.000000,-0.000256,0.000000,0.000128,0.000000,5.788501,0.002241,0.477821,-1.480543,-0.001477,-0.083219,0.401545,0.401545,-0.395455,-0.395455,0.433861,0.434709,-0.368251,-0.367565,0.381666,0.193691
5.158000,3.685999,0.000473,0.593700,-2.000000,-0.000256,0.000000,0.000128,0.000000,5.770462,0.002230,0.476754,-1.519536,-0.001524,-0.086952,0.401545,0.401545,-0.395455,-0.395455,0.435444,0.436261,-0.366819,-0.366254,0.381061,0.194116
5.170000,3.661999,0.000470,0.593700,-2.000000,-0.000256,0.000000,0.000128,0.000000,5.751890,0.002220,0.475749,-1.564667,-0.001348,-0.085334,0.401545,0.401545,-0.395455,-0.395455,0.436817,0.437637,-0.365491,-0.364950,0.380434,0.194474
5.182000,3.637999,0.000467,0.593700,-2.000000,-0.000256,0.000000,0.000128,0.000000,5.732769,0.002211,0.474769,-1.609967,-0.001083,-0.084603,0.401545,0.401545,-0.395455,-0.395455,0.438141,0.438831,-0.364049,-0.363623,0.379839,0.194980
5.194000,3.613999,0.000464,0.593700,-2.000000,-0.000256,0.000000,0.000128,0.000000,5.712996,0.002196,0.473968,-1.666003,-0.002855,-0.062521,0.401545,0.401545,-0.395455,-0.395455,0.439476,0.440085,-0.362705,-0.362215,0.378776,0.195298
5.206000,3.589999,0.000460,0.593700,-2.000000,-0.000256,0.000000,0.000128,0.000000,5.692786,0.002203,0.473128,-1.702659,-0.001064,-0.062979,0.401545,0.401545,-0.395455,-0.395455,0.440816,0.441448,-0.361286,-0.360577,0.377861,0.195675
5.218000,3.565999,0.000457,0.593700,-2.000000,-0.000256,0.000000,0.000128,0.000000,5.671975,0.002192,0.472155,-1.753862,-0.000438,-0.078865,0.401545,0.401545,-0.395455,-0.395455,0.442339,0.442795,-0.359672,-0.358988,0.376971,0.196092
5.230000,3.541999,0.000454,0.593700,-2.000000,-0.000256,0.000000,0.000128,0.000000,5.650764,0.002183,0.471418,-1.785819,-0.000978,-0.062376,0.401545,0.401545,-0.395455,-0.395455,0.443857,0.444189,-0.357955,-0.357552,0.375861,0.196414
5.242000,3.517999,0.000451,0.593700,-2.000000,-0.000256,0.000000,0.000128,0.000000,5.628967,0.002182,0.470738,-1.828765,0.000226,-0.057713,0.401545,0.401545,-0.395455,-0.395455,0.445392,0.445590,-0.356419,-0.355873,0.374585,0.196722
5.254000,3.493999,0.000448,0.593700,-2.000000,-0.000256,0.000000,0.000128,0.000000,5.606810,0.002172,0.469926,-1.863290,-0.000800,-0.070105,0.401545,0.401545,-0.395455,-0.395455,0.446892,0.447013,-0.354806,-0.354253,0.373651,0.197062
5.266000,3.469999,0.000445,0.593700,-2.000000,-0.000256,0.000000,0.000128,0.000000,5.584077,0.002160,0.469338,-1.906084,-0.001097,-0.043089,0.401545,0.401545,-0.395455,-0.395455,0.448469,0.448385,-0.353360,-0.352626,0.372347,0.197367
5.278000,3.445999,0.000442,0.593700,-2.000000,-0.000256,0.000000,0.000128,0.000000,5.560982,0.002161,0.468547,-1.937380,-0.000354,-0.051585,0.401545,0.401545,-0.395455,-0.395455,0.450128,0.449963,-0.351600,-0.350742,0.371099,0.197647
5.290000,3.421999,0.000439,0.593700,-2.000000,-0.000256,0.000000,0.000128,0.000000,5.537626,0.002145,0.467872,-1.954612,-0.001217,-0.048908,0.401545,0.401545,-0.395455,-0.395455,0.452005,0.451691,-0.349560,-0.348795,0.369439,0.198039
5.302000,3.397999,0.000436,0.593700,-2.000000,-0.000256,0.000000,0.000128,0.000000,5.514136,0.002141,0.467221,-1.966666,-0.000653,-0.063451,0.401545,0.401545,-0.395455,-0.395455,0.453909,0.453552,-0.347450,-0.346515,0.367691,0.198251
5.314000,3.373999,0.000433,0.593700,-2.000000,-0.000256,0.000000,0.000128,0.000000,5.490513,0.002126,0.466705,-1.973714,-0.001279,-0.043938,0.401545,0.401545,-0.395455,-0.395455,0.455955,0.455461,-0.345213,-0.344410,0.365717,0.198575
5.326000,3.349999,0.000430,0.593700,-2.000000,-0.000257,0.000000,0.000128,0.000000,5.466782,0.002104,0.466153,-1.981720,-0.002921,-0.047730,0.401545,0.401545,-0.395455,-0.395455,0.457968,0.457379,-0.342963,-0.342184,0.363712,0.198873
5.338000,3.325999,0.000427,0.593700,-1.999999,-0.000257,0.000000,0.000128,0.000000,5.442947,0.002092,0.465516,-1.988909,-0.000557,-0.049908,0.401545,0.401545,-0.395455,-0.395455,0.460076,0.459276,-0.340672,-0.340042,0.361812,0.199175
5.350000,3.301999,0.000424,0.593700,-1.999999,-0.000257,0.000000,0.000128,0.000000,5.419094,0.002084,0.465061,-1.989259,-0.000238,-0.043944,0.401545,0.401545,-0.395455,-0.395455,0.461994,0.461174,-0.338495,-0.337859,0.359851,0.199319
5.362000,3.277999,0.000420,0.593700,-2.000000,-0.000256,0.000000,0.000128,0.000000,5.395191,0.002085,0.464486,-1.991800,-0.000885,-0.038610,0.401545,0.401545,-0.395455,-0.395455,0.463896,0.462989,-0.336306,-0.335796,0.357948,0.199585
5.374000,3.253999,0.000417,0.593700,-2.000000,-0.000256,0.000000,0.000128,0.000000,5.371158,0.002066,0.464090,-2.001173,-0.002367,-0.048124,0.401545,0.401545,-0.395455,-0.395455,0.465693,0.464795,-0.334337,-0.333835,0.356007,0.199773
5.386000,3.229999,0.000414,0.593700,-2.000000,-0.000256,0.000000,0.000128,0.000000,5.347235,0.002038,0.463617,-1.993762,0.001313,-0.031868,0.401545,0.401545,-0.395455,-0.395455,0.467381,0.466471,-0.332464,-0.331992,0.354294,0.199994
5.398000,3.205999,0.000411,0.593700,-2.000000,-0.000256,0.000000,0.000128,0.000000,5.323303,0.002037,0.463229,-1.994042,-0.000156,-0.033165,0.401545,0.401545,-0.395455,-0.395455,0.468793,0.467993,-0.330795,-0.330218,0.352776,0.200132
5.408000,3.185999,0.000409,0.593700,-2.000000,-0.000256,0.000000,0.000128,0.000000,5.303357,0.002016,0.462986,-1.993434,-0.001888,-0.028533,0.401545,0.401545,-0.395455,-0.395455,0.469822,0.469124,-0.329541,-0.329069,0.351511,0.200276
5.420000,3.161999,0.000406,0.593700,-2.000000,-0.000256,0.000000,0.000128,0.000000,5.279381,0.002025,0.462500,-1.996872,-0.000046,-0.027254,0.401545,0.401545,-0.395455,-0.395455,0.470965,0.470354,-0.328139,-0.327718,0.350315,0.200523
5.432000,3.137999,0.000403,0.593700,-2.000000,-0.000256,0.000000,0.000128,0.000000,5.255381,0.002020,0.462186,-1.999684,-0.000619,-0.038586,0.401545,0.401545,-0.395455,-0.395455,0.471947,0.471462,-0.326896,-0.326488,0.349165,0.200580
5.444000,3.113999,0.000399,0.593700,-2.000000,-0.000256,0.000000,0.000128,0.000000,5.231356,0.002016,0.462030,-2.000730,-0.000025,-0.010596,0.401545,0.401545,-0.395455,-0.395455,0.472834,0.472400,-0.325722,-0.325431,0.347957,0.200706
5.456000,3.089999,0.000396,0.593700,-2.000000,-0.000256,0.000000,0.000128,0.000000,5.207299,0.002001,0.461728,-2.002736,-0.000124,-0.013473,0.401545,0.401545,-0.395455,-0.395455,0.473646,0.473268,-0.324564,-0.324345,0.346962,0.200751
5.468000,3.065999,0.000393,0.593700,-2.000000,-0.000256,0.000000,0.000128,0.000000,5.183227,0.001999,0.461630,-2.005283,-0.000266,-0.018880,0.401545,0.401545,-0.395455,-0.395455,0.474309,0.474081,-0.323598,-0.323405,0.345896,0.200761
5.480000,3.041999,0.000390,0.593700,-2.000000,-0.000256,0.000000,0.000128,0.000000,5.159118,0.001986,0.461631,-2.006171,-0.001438,0.005906,0.401545,0.401545,-0.395455,-0.395455,0.474892,0.474746,-0.322536,-0.322507,0.344856,0.200780
5.492000,3.017999,0.000387,0.593700,-1.999999,-0.000257,0.000000,0.000128,0.000000,5.134999,0.001992,0.461516,-2.009980,-0.000464,-0.016730,0.401545,0.401545,-0.395455,-0.395455,0.475384,0.475375,-0.321640,-0.321618,0.343899,0.200724
5.504000,2.993999,0.000384,0.593700,-2.000000,-0.000256,0.000000,0.000128,0.000000,5.110869,0.001971,0.461601,-2.008189,-0.001259,0.017410,0.401545,0.401545,-0.395455,-0.395455,0.475892,0.475822,-0.320689,-0.320958,0.343059,0.200895
5.516000,2.969999,0.000381,0.593700,-2.000000,-0.000256,0.000000,0.000128,0.000000,5.086729,0.001965,0.461740,-2.009922,-0.001172,0.009768,0.401545,0.401545,-0.395455,-0.395455,0.476286,0.476216,-0.319908,-0.320267,0.342226,0.200722
5.528000,2.945999,0.000378,0.593700,-2.000000,-0.000257,0.000000,0.000128,0.000000,5.062564,0.001980,0.462144,-2.010411,0.000549,0.038425,0.401545,0.401545,-0.395455,-0.395455,0.476643,0.476600,-0.319242,-0.319647,0.341175,0.200523
5.540000,2.921999,0.000375,0.593700,-1.999999,-0.000257,0.000000,0.000128,0.000000,5.038395,0.001972,0.462338,-2.011762,-0.000463,0.023328,0.401545,0.401545,-0.395455,-0.395455,0.477041,0.476908,-0.318619,-0.319119,0.340344,0.200449
5.552000,2.897999,0.000372,0.593700,-2.000000,-0.000256,0.000000,0.000128,0.000000,5.014224,0.001951,0.462822,-2.011934,-0.002310,0.030927,0.401545,0.401545,-0.395455,-0.395455,0.477313,0.477187,-0.318064,-0.318630,0.339480,0.200266
5.564000,2.873999,0.000369,0.593700,-2.000000,-0.000257,0.000000,0.000128,0.000000,4.990065,0.001952,0.463241,-2.010981,-0.000890,0.046883,0.401545,0.401545,-0.395455,-0.395455,0.477574,0.477444,-0.317393,-0.318215,0.338617,0.200118
5.576000,2.849999,0.000366,0.593700,-2.000000,-0.000257,0.000000,0.000128,0.000000,4.965930,0.001951,0.463789,-2.009726,0.001231,0.042861,0.401545,0.401545,-0.395455,-0.395455,0.477902,0.477638,-0.316964,-0.317691,0.337662,0.199773
5.588000,2.825999,0.000363,0.593700,-2.000000,-0.000256,0.000000,0.000128,0.000000,4.941800,0.001930,0.464414,-2.009757,-0.000201,0.050422,0.401545,0.401545,-0.395455,-0.395455,0.478114,0.477799,-0.316448,-0.317320,0.336863,0.199637
5.600000,2.801999,0.000359,0.593700,-2.000000,-0.000256,0.000000,0.000128,0.000000,4.917694,0.001896,0.465129,-2.007355,-0.002899,0.067203,0.401545,0.401545,-0.395455,-0.395455,0.478375,0.477918,-0.315892,-0.317046,0.335928,0.199444
5.612000,2.777999,0.000356,0.593700,-2.000000,-0.000256,0.000000,0.000128,0.000000,4.893613,0.001907,0.465957,-2.005098,0.000034,0.070020,0.401545,0.401545,-0.395455,-0.395455,0.478635,0.478058,-0.315583,-0.316659,0.335089,0.199016
5.624000,2.753999,0.000353,0.593700,-2.000000,-0.000256,0.000000,0.000128,0.000000,4.869556,0.001895,0.466737,-2.002834,-0.001715,0.074996,0.401545,0.401545,-0.395455,-0.395455,0.478844,0.478181,-0.315226,-0.316498,0.334277,0.198770
5.636000,2.729999,0.000350,0.593700,-2.000000,-0.000256,0.000000,0.000128,0.000000,4.845490,0.001865,0.467425,-2.004120,-0.002532,0.061500,0.401545,0.401545,-0.395455,-0.395455,0.479068,0.478251,-0.314832,-0.316263,0.333618,0.198599
5.648000,2.705999,0.000347,0.593700,-2.000000,-0.000256,0.000000,0.000128,0.000000,4.821486,0.001857,0.468425,-2.000407,-0.000465,0.072827,0.401545,0.401545,-0.395455,-0.395455,0.479213,0.478410,-0.314673,-0.316129,0.332605,0.198142
5.658000,2.685999,0.000345,0.593700,-2.000000,-0.000256,0.000000,0.000128,0.000000,4.801506,0.001848,0.469129,-1.998313,-0.000852,0.076667,0.401545,0.401545,-0.395455,-0.395455,0.479347,0.478465,-0.314504,-0.315973,0.332024,0.197865
5.670000,2.661999,0.000341,0.593700,-2.000000,-0.000256,0.000000,0.000128,0.000000,4.777535,0.001849,0.470213,-1.998988,-0.000010,0.068985,0.401545,0.401545,-0.395455,-0.395455,0.479471,0.478645,-0.314541,-0.315920,0.331174,0.197422
5.682000,2.637999,0.000338,0.593700,-2.000000,-0.000256,0.000000,0.000128,0.000000,4.753568,0.001845,0.471411,-1.995998,0.000359,0.109164,0.401545,0.401545,-0.395455,-0.395455,0.479616,0.478755,-0.314496,-0.315999,0.330283,0.197014
5.694000,2.613999,0.000335,0.593700,-2.000000,-0.000256,0.000000,0.000128,0.000000,4.729655,0.001851,0.472418,-1.994913,0.000069,0.082733,0.401545,0.401545,-0.395455,-0.395455,0.479686,0.478892,-0.314636,-0.315872,0.329680,0.196468
5.706000,2.589999,0.000332,0.593700,-2.000000,-0.000256,0.000000,0.000128,0.000000,4.705757,0.001854,0.473599,-1.992746,0.000565,0.106706,0.401545,0.401545,-0.395455,-0.395455,0.479745,0.478952,-0.314719,-0.315785,0.328815,0.196060
5.718000,2.565999,0.000329,0.593700,-2.000000,-0.000256,0.000000,0.000128,0.000000,4.681850,0.001831,0.474662,-1.993961,-0.001093,0.100568,0.401545,0.401545,-0.395455,-0.395455,0.479847,0.479014,-0.314677,-0.315790,0.328072,0.195725
5.730000,2.541999,0.000326,0.593700,-2.000000,-0.000256,0.000000,0.000128,0.000000,4.657926,0.001849,0.475982,-1.994682,-0.000194,0.098311,0.401545,0.401545,-0.395455,-0.395455,0.479909,0.479107,-0.314816,-0.315697,0.327256,0.195036
5.742000,2.517999,0.000323,0.593700,-2.000000,-0.000256,0.000000,0.000128,0.000000,4.634045,0.001828,0.477247,-1.990966,-0.000828,0.114763,0.401545,0.401545,-0.395455,-0.395455,0.480074,0.479190,-0.314851,-0.315826,0.326383,0.194631
5.754000,2.493999,0.000320,0.593700,-2.000000,-0.000257,0.000000,0.000128,0.000000,4.610175,0.001803,0.478550,-1.990615,-0.000429,0.105573,0.401545,0.401545,-0.395455,-0.395455,0.480134,0.479191,-0.315000,-0.315877,0.325611,0.194117
5.766000,2.469999,0.000317,0.593700,-2.000000,-0.000256,0.000000,0.000128,0.000000,4.586284,0.001828,0.479907,-1.992335,0.001055,0.105524,0.401545,0.401545,-0.395455,-0.395455,0.480066,0.479246,-0.315260,-0.316004,0.324776,0.193479
5.778000,2.445999,0.000314,0.593700,-2.000000,-0.000256,0.000000,0.000128,0.000000,4.562363,0.001827,0.481167,-1.994660,0.000581,0.107059,0.401545,0.401545,-0.395455,-0.395455,0.480005,0.479242,-0.315445,-0.316088,0.324056,0.192984
5.790000,2.421999,0.000311,0.593700,-2.000000,-0.000256,0.000000,0.000128,0.000000,4.538415,0.001831,0.482449,-1.997229,-0.000099,0.103925,0.401545,0.401545,-0.395455,-0.395455,0.479923,0.479279,-0.315529,-0.316148,0.323207,0.192454
5.802000,2.397999,0.000308,0.593700,-2.000000,-0.000256,0.000000,0.000128,0.000000,4.514446,0.001833,0.483830,-1.997875,0.000748,0.113351,0.401545,0.401545,-0.395455,-0.395455,0.479823,0.479309,-0.315622,-0.316133,0.322282,0.191894
5.814000,2.373999,0.000305,0.593700,-2.000000,-0.000256,0.000000,0.000128,0.000000,4.490463,0.001832,0.485324,-1.998878,-0.000025,0.101686,0.401545,0.401545,-0.395455,-0.395455,0.479671,0.479256,-0.315708,-0.316163,0.321405,0.191275
5.826000,2.349999,0.000302,0.593700,-2.000000,-0.000256,0.000000,0.000128,0.000000,4.466452,0.001834,0.486712,-2.000644,0.000253,0.114151,0.401545,0.401545,-0.395455,-0.395455,0.479505,0.479215,-0.315815,-0.316217,0.320463,0.190702
5.838000,2.325999,0.000298,0.593700,-2.000000,-0.000256,0.000000,0.000128,0.000000,4.442409,0.001830,0.487933,-2.003965,0.000072,0.106288,0.401545,0.401545,-0.395455,-0.395455,0.479393,0.479161,-0.315784,-0.316195,0.319595,0.190249
5.850000,2.301999,0.000295,0.593700,-2.000000,-0.000256,0.000000,0.000128,0.000000,4.418352,0.001825,0.489364,-2.004010,-0.000676,0.106531,0.401545,0.401545,-0.395455,-0.395455,0.479320,0.479054,-0.315729,-0.316145,0.318576,0.189636
5.862000,2.277999,0.000292,0.593700,-2.000000,-0.000256,0.000000,0.000128,0.000000,4.394274,0.001828,0.490631,-2.005613,-0.001366,0.103546,0.401545,0.401545,-0.395455,-0.395455,0.479197,0.479003,-0.315709,-0.316105,0.317762,0.189125
5.874000,2.253999,0.000289,0.593700,-2.000000,-0.000256,0.000000,0.000128,0.000000,4.370190,0.001818,0.491937,-2.006114,-0.000970,0.105463,0.401545,0.401545,-0.395455,-0.395455,0.479112,0.478891,-0.315578,-0.316171,0.316954,0.188695
5.886000,2.229999,0.000286,0.593700,-2.000000,-0.000257,0.000000,0.000128,0.000000,4.346087,0.001841,0.493278,-2.006968,0.000637,0.110195,0.401545,0.401545,-0.395455,-0.395455,0.479027,0.478822,-0.315611,-0.316092,0.316028,0.188051
5.898000,2.205999,0.000283,0.593700,-1.999999,-0.000257,0.000000,0.000128,0.000000,4.321978,0.001835,0.494577,-2.007489,-0.000146,0.106787,0.401545,0.401545,-0.395455,-0.395455,0.478982,0.478724,-0.315528,-0.316076,0.315141,0.187619
5.908000,2.185999,0.000280,0.593700,-1.999999,-0.000257,0.000000,0.000128,0.000000,4.301898,0.001823,0.495611,-2.007942,-0.001409,0.097214,0.401545,0.401545,-0.395455,-0.395455,0.478929,0.478655,-0.315443,-0.315986,0.314442,0.187154
5.920000,2.161999,0.000277,0.593700,-2.000000,-0.000256,0.000000,0.000128,0.000000,4.277816,0.001799,0.496920,-2.005395,-0.002401,0.109928,0.401545,0.401545,-0.395455,-0.395455,0.478859,0.478527,-0.315280,-0.315886,0.313560,0.186820
5.932000,2.137999,0.000274,0.593700,-2.000000,-0.000257,0.000000,0.000128,0.000000,4.253745,0.001806,0.498271,-2.003781,0.001325,0.114429,0.401545,0.401545,-0.395455,-0.395455,0.478803,0.478422,-0.315225,-0.315782,0.312595,0.186153
5.944000,2.113999,0.000271,0.593700,-2.000000,-0.000256,0.000000,0.000128,0.000000,4.229682,0.001780,0.499550,-2.003363,-0.002876,0.109993,0.401545,0.401545,-0.395455,-0.395455,0.478793,0.478372,-0.315142,-0.315789,0.311755,0.185819
5.956000,2.089999,0.000268,0.593700,-2.000000,-0.000256,0.000000,0.000128,0.000000,4.205637,0.001767,0.500715,-2.002575,-0.002319,0.108557,0.401545,0.401545,-0.395455,-0.395455,0.478748,0.478337,-0.314966,-0.315826,0.311106,0.185437
5.968000,2.065999,0.000265,0.593700,-2.000000,-0.000256,0.000000,0.000128,0.000000,4.181614,0.001757,0.501934,-2.001843,-0.001005,0.091224,0.401545,0.401545,-0.395455,-0.395455,0.478814,0.478297,-0.314891,-0.315874,0.310334,0.185015
5.980000,2.041999,0.000262,0.593700,-2.000000,-0.000256,0.000000,0.000128,0.000000,4.157597,0.001764,0.503181,-2.000918,-0.001108,0.094404,0.401545,0.401545,-0.395455,-0.395455,0.478843,0.478361,-0.314917,-0.315893,0.309558,0.184475
5.992000,2.017999,0.000259,0.593700,-2.000000,-0.000256,0.000000,0.000128,0.000000,4.133607,0.001750,0.504448,-2.001730,-0.001037,0.072708,0.401545,0.401545,-0.395455,-0.395455,0.478918,0.478393,-0.314807,-0.315951,0.308890,0.184083
6.004000,1.993999,0.000256,0.593700,-2.000000,-0.000256,0.000000,0.000128,0.000000,4.109628,0.001732,0.505550,-1.998326,-0.000422,0.094343,0.401545,0.401545,-0.395455,-0.395455,0.479115,0.478465,-0.314776,-0.315884,0.308100,0.183677
6.016000,1.969999,0.000253,0.593700,-2.000000,-0.000256,0.000000,0.000128,0.000000,4.085701,0.001735,0.506962,-1.993261,0.001547,0.116840,0.401545,0.401545,-0.395455,-0.395455,0.479184,0.478501,-0.314775,-0.315949,0.307384,0.183259
6.028000,1.945999,0.000250,0.593700,-2.000000,-0.000256,0.000000,0.000128,0.000000,4.061810,0.001728,0.508204,-1.992147,-0.000789,0.101960,0.401545,0.401545,-0.395455,-0.395455,0.479256,0.478523,-0.314865,-0.316006,0.306745,0.182760
6.040000,1.921999,0.000247,0.593700,-2.000000,-0.000256,0.000000,0.000128,0.000000,4.037946,0.001737,0.509535,-1.991197,-0.000035,0.093651,0.401545,0.401545,-0.395455,-0.395455,0.479282,0.478581,-0.315121,-0.316164,0.306042,0.182236
6.052000,1.897999,0.000244,0.593700,-2.000000,-0.000257,0.000000,0.000128,0.000000,4.014098,0.001725,0.510748,-1.989350,-0.001109,0.094722,0.401545,0.401545,-0.395455,-0.395455,0.479210,0.478531,-0.315228,-0.316277,0.305511,0.181932
6.064000,1.873999,0.000240,0.593700,-2.000000,-0.000256,0.000000,0.000128,0.000000,3.990251,0.001742,0.512031,-1.988255,0.001819,0.110519,0.401545,0.401545,-0.395455,-0.395455,0.479201,0.478474,-0.315448,-0.316292,0.304796,0.181373
6.076000,1.849999,0.000237,0.593700,-2.000000,-0.000256,0.000000,0.000128,0.000000,3.966400,0.001747,0.513252,-1.988644,0.000566,0.106298,0.401545,0.401545,-0.395455,-0.395455,0.479130,0.478540,-0.315584,-0.316404,0.304142,0.180967
6.088000,1.825999,0.000234,0.593700,-2.000000,-0.000256,0.000000,0.000128,0.000000,3.942565,0.001746,0.514550,-1.988001,0.002292,0.103196,0.401545,0.401545,-0.395455,-0.395455,0.479038,0.478507,-0.315764,-0.316497,0.303560,0.180508
6.100000,1.801999,0.000231,0.593700,-2.000000,-0.000257,0.000000,0.000128,0.000000,3.918709,0.001724,0.515707,-1.989820,-0.001455,0.100178,0.401545,0.401545,-0.395455,-0.395455,0.479062,0.478533,-0.315902,-0.316597,0.302925,0.180159
6.112000,1.777999,0.000228,0.593700,-2.000000,-0.000257,0.000000,0.000128,0.000000,3.894849,0.001727,0.516996,-1.989625,-0.000766,0.104095,0.401545,0.401545,-0.395455,-0.395455,0.478983,0.478556,-0.316093,-0.316640,0.302289,0.179676
6.124000,1.753999,0.000225,0.593700,-2.000000,-0.000256,0.000000,0.000128,0.000000,3.870971,0.001746,0.518260,-1.990453,0.000014,0.102614,0.401545,0.401545,-0.395455,-0.395455,0.478954,0.478567,-0.316315,-0.316756,0.301619,0.179171
6.136000,1.729999,0.000222,0.593700,-2.000000,-0.000256,0.000000,0.000128,0.000000,3.847075,0.001727,0.519529,-1.993361,-0.003660,0.090519,0.401545,0.401545,-0.395455,-0.395455,0.478863,0.478550,-0.316497,-0.316885,0.301046,0.178776
6.148000,1.705999,0.000219,0.593700,-2.000000,-0.000256,0.000000,0.000128,0.000000,3.823154,0.001753,0.520742,-1.994957,0.001384,0.099438,0.401545,0.401545,-0.395455,-0.395455,0.478797,0.478537,-0.316706,-0.316969,0.300366,0.178281
6.158000,1.685999,0.000216,0.593700,-2.000000,-0.000256,0.000000,0.000128,0.000000,3.803198,0.001751,0.521705,-1.995431,0.000364,0.105382,0.401545,0.401545,-0.395455,-0.395455,0.478749,0.478492,-0.316714,-0.316941,0.299876,0.177952
6.170000,1.661999,0.000213,0.593700,-2.000000,-0.000256,0.000000,0.000128,0.000000,3.779243,0.001747,0.522971,-1.995656,-0.000111,0.103664,0.401545,0.401545,-0.395455,-0.395455,0.478591,0.478444,-0.316725,-0.317011,0.299145,0.177511
6.182000,1.637999,0.000210,0.593700,-2.000000,-0.000256,0.000000,0.000128,0.000000,3.755263,0.001743,0.524123,-1.998098,-0.000650,0.093947,0.401545,0.401545,-0.395455,-0.395455,0.478486,0.478338,-0.316787,-0.316993,0.298449,0.177075
6.194000,1.613999,0.000207,0.593700,-2.000000,-0.000256,0.000000,0.000128,0.000000,3.731249,0.001747,0.525275,-1.999929,0.000694,0.108501,0.401545,0.401545,-0.395455,-0.395455,0.478379,0.478309,-0.316761,-0.317030,0.297699,0.176698
6.206000,1.589999,0.000204,0.593700,-1.999999,-0.000257,0.000000,0.000128,0.000000,3.707211,0.001749,0.526204,-2.002453,0.001371,0.082643,0.401545,0.401545,-0.395455,-0.395455,0.478354,0.478235,-0.316628,-0.316929,0.297146,0.176357
6.218000,1.565999,0.000201,0.593700,-1.999999,-0.000257,0.000000,0.000128,0.000000,3.683158,0.001746,0.527302,-2.004427,0.000444,0.072042,0.401545,0.401545,-0.395455,-0.395455,0.478304,0.478213,-0.316560,-0.316975,0.296466,0.175961
6.230000,1.541999,0.000198,0.593700,-2.000000,-0.000256,0.000000,0.000128,0.000000,3.659112,0.001738,0.528518,-2.002395,0.000599,0.096212,0.401545,0.401545,-0.395455,-0.395455,0.478220,0.478089,-0.316495,-0.317027,0.295840,0.175611
6.242000,1.517999,0.000195,0.593700,-2.000000,-0.000257,0.000000,0.000128,0.000000,3.635044,0.001742,0.529542,-2.004060,0.001133,0.087688,0.401545,0.401545,-0.395455,-0.395455,0.478208,0.477979,-0.316504,-0.316979,0.295200,0.175164
6.254000,1.493999,0.000192,0.593700,-2.000000,-0.000256,0.000000,0.000128,0.000000,3.610962,0.001730,0.530572,-2.004492,-0.002132,0.087872,0.401545,0.401545,-0.395455,-0.395455,0.478220,0.477918,-0.316447,-0.316987,0.294554,0.174894
6.266000,1.469999,0.000189,0.593700,-1.999999,-0.000258,0.000000,0.000128,0.000000,3.586898,0.001742,0.531579,-2.003276,0.000443,0.088436,0.401545,0.401545,-0.395455,-0.395455,0.478178,0.477861,-0.316373,-0.316979,0.293991,0.174488
6.278000,1.445999,0.000186,0.593700,-2.000000,-0.000256,0.000000,0.000128,0.000000,3.562861,0.001711,0.532649,-2.001847,-0.001133,0.088482,0.401545,0.401545,-0.395455,-0.395455,0.478153,0.477786,-0.316262,-0.317051,0.293345,0.174200
6.290000,1.421999,0.000183,0.593700,-2.000000,-0.000256,0.000000,0.000128,0.000000,3.538809,0.001732,0.533487,-2.002234,0.000104,0.087590,0.401545,0.401545,-0.395455,-0.395455,0.478093,0.477690,-0.316201,-0.316930,0.292924,0.173919
6.302000,1.397999,0.000179,0.593700,-2.000000,-0.000256,0.000000,0.000128,0.000000,3.514761,0.001748,0.534345,-2.001696,0.000568,0.088640,0.401545,0.401545,-0.395455,-0.395455,0.478097,0.477568,-0.316034,-0.316849,0.292449,0.173610
6.314000,1.373999,0.000176,0.593700,-2.000000,-0.000256,0.000000,0.000128,0.000000,3.490729,0.001737,0.535150,-2.003000,0.002360,0.061195,0.401545,0.401545,-0.395455,-0.395455,0.478138,0.477537,-0.315972,-0.316792,0.291943,0.173365
6.326000,1.349999,0.000173,0.593700,-2.000000,-0.000256,0.000000,0.000128,0.000000,3.466716,0.001712,0.536189,-1.999839,0.000359,0.082258,0.401545,0.401545,-0.395455,-0.395455,0.478160,0.477473,-0.315874,-0.316789,0.291386,0.173148
6.338000,1.325999,0.000170,0.593700,-2.000000,-0.000256,0.000000,0.000128,0.000000,3.442731,0.001716,0.537035,-1.997898,0.001707,0.078202,0.401545,0.401545,-0.395455,-0.395455,0.478223,0.477457,-0.315790,-0.316741,0.290943,0.172817
6.350000,1.301999,0.000167,0.593700,-2.000000,-0.000256,0.000000,0.000128,0.000000,3.418768,0.001687,0.537963,-1.996527,-0.001364,0.078708,0.401545,0.401545,-0.395455,-0.395455,0.478287,0.477493,-0.315787,-0.316712,0.290463,0.172587
6.362000,1.277999,0.000164,0.593700,-2.000000,-0.000256,0.000000,0.000128,0.000000,3.394837,0.001677,0.538923,-1.993846,-0.000521,0.082013,0.401545,0.401545,-0.395455,-0.395455,0.478295,0.477555,-0.315825,-0.316735,0.289942,0.172277
6.374000,1.253999,0.000161,0.593700,-2.000000,-0.000256,0.000000,0.000128,0.000000,3.370930,0.001666,0.539819,-1.992097,-0.000982,0.079633,0.401545,0.401545,-0.395455,-0.395455,0.478395,0.477632,-0.315913,-0.316831,0.289488,0.172039
6.386000,1.229999,0.000158,0.593700,-1.999999,-0.000257,0.000000,0.000128,0.000000,3.347037,0.001644,0.540585,-1.991469,-0.002973,0.068472,0.401545,0.401545,-0.395455,-0.395455,0.478429,0.477825,-0.315957,-0.316913,0.289206,0.171858
6.398000,1.205999,0.000155,0.593700,-2.000000,-0.000256,0.000000,0.000128,0.000000,3.323145,0.001650,0.541580,-1.990281,-0.000964,0.080924,0.401545,0.401545,-0.395455,-0.395455,0.478526,0.477948,-0.316088,-0.316996,0.288730,0.171519
6.410000,1.181999,0.000152,0.593700,-2.000000,-0.000257,0.000000,0.000128,0.000000,3.299237,0.001652,0.542499,-1.996153,0.000783,0.068537,0.401545,0.401545,-0.395455,-0.395455,0.478587,0.478094,-0.316164,-0.316957,0.288281,0.171182
6.422000,1.157999,0.000149,0.593700,-2.000000,-0.000256,0.000000,0.000128,0.000000,3.275393,0.001693,0.543393,-1.987267,0.002252,0.081480,0.401545,0.401545,-0.395455,-0.395455,0.478621,0.478158,-0.316189,-0.316409,0.287647,0.170870
6.432000,1.137999,0.000146,0.593700,-2.000000,-0.000256,0.000000,0.000128,0.000000,3.255567,0.001692,0.543986,-1.984802,0.001468,0.067630,0.401545,0.401545,-0.395455,-0.395455,0.478678,0.478203,-0.316166,-0.316273,0.287203,0.170714
6.444000,1.113999,0.000143,0.593700,-2.000000,-0.000257,0.000000,0.000128,0.000000,3.231786,0.001661,0.545038,-1.982981,-0.000651,0.078899,0.401545,0.401545,-0.395455,-0.395455,0.478609,0.478147,-0.316312,-0.316327,0.286730,0.170482
6.456000,1.089999,0.000140,0.593700,-2.000000,-0.000256,0.000000,0.000128,0.000000,3.207974,0.001677,0.545792,-1.986203,0.000352,0.067917,0.401545,0.401545,-0.395455,-0.395455,0.478619,0.478125,-0.316518,-0.316405,0.286432,0.170167
6.468000,1.065999,0.000137,0.593700,-2.000000,-0.000257,0.000000,0.000128,0.000000,3.184143,0.001650,0.546821,-1.986832,-0.001279,0.080413,0.401545,0.401545,-0.395455,-0.395455,0.478598,0.478111,-0.316750,-0.316628,0.286018,0.169906
6.480000,1.041999,0.000134,0.593700,-2.000000,-0.000256,0.000000,0.000128,0.000000,3.160284,0.001672,0.547628,-1.989078,0.001364,0.073555,0.401545,0.401545,-0.395455,-0.395455,0.478513,0.478137,-0.316887,-0.316842,0.285752,0.169587
6.492000,1.017999,0.000131,0.593700,-2.000000,-0.000256,0.000000,0.000128,0.000000,3.136397,0.001677,0.548438,-1.991786,0.002057,0.067208,0.401545,0.401545,-0.395455,-0.395455,0.478508,0.478128,-0.317059,-0.316919,0.285399,0.169283
6.504000,0.993999,0.000128,0.593700,-2.000000,-0.000256,0.000000,0.000128,0.000000,3.112488,0.001675,0.549418,-1.993178,0.000200,0.072461,0.401545,0.401545,-0.395455,-0.395455,0.478432,0.478130,-0.317268,-0.317015,0.284967,0.168956
6.516000,0.969999,0.000125,0.593700,-2.000000,-0.000256,0.000000,0.000128,0.000000,3.088562,0.001670,0.550265,-1.994403,-0.000184,0.063778,0.401545,0.401545,-0.395455,-0.395455,0.478293,0.478102,-0.317342,-0.317175,0.284621,0.168707
6.528000,0.945999,0.000122,0.593700,-2.000000,-0.000256,0.000000,0.000128,0.000000,3.064594,0.001665,0.551126,-1.996881,-0.001071,0.074620,0.401545,0.401545,-0.395455,-0.395455,0.478221,0.478006,-0.317504,-0.317204,0.284213,0.168403
6.540000,0.921999,0.000118,0.593700,-2.000000,-0.000256,0.000000,0.000128,0.000000,3.040590,0.001633,0.551744,-1.999209,-0.001002,0.072614,0.401545,0.401545,-0.395455,-0.395455,0.478089,0.478034,-0.317243,-0.317290,0.283847,0.168349
6.552000,0.897999,0.000115,0.593700,-1.999999,-0.000257,0.000000,0.000128,0.000000,3.016587,0.001625,0.552572,-1.999883,-0.000768,0.061134,0.401545,0.401545,-0.395455,-0.395455,0.477960,0.478006,-0.317176,-0.317259,0.283307,0.167972
6.564000,0.873999,0.000112,0.593700,-2.000000,-0.000256,0.000000,0.000128,0.000000,2.992561,0.001589,0.553248,-2.000498,-0.000970,0.067726,0.401545,0.401545,-0.395455,-0.395455,0.477843,0.477958,-0.316917,-0.317303,0.282902,0.167926
6.576000,0.849999,0.000109,0.593700,-2.000000,-0.000257,0.000000,0.000128,0.000000,2.968525,0.001608,0.553982,-2.001671,0.003519,0.064254,0.401545,0.401545,-0.395455,-0.395455,0.477710,0.477925,-0.316807,-0.317338,0.282495,0.167607
6.588000,0.825999,0.000106,0.593700,-2.000000,-0.000256,0.000000,0.000128,0.000000,2.944476,0.001589,0.554685,-2.003068,-0.000769,0.054746,0.401545,0.401545,-0.395455,-0.395455,0.477694,0.477845,-0.316717,-0.317348,0.282067,0.167415
6.600000,0.801999,0.000103,0.593700,-2.000000,-0.000256,0.000000,0.000128,0.000000,2.920416,0.001593,0.555363,-2.004702,0.000132,0.034873,0.401545,0.401545,-0.395455,-0.395455,0.477657,0.477751,-0.316680,-0.317462,0.281765,0.167250
6.612000,0.777999,0.000100,0.593700,-1.999998,-0.000258,0.000000,0.000128,0.000000,2.896340,0.001611,0.556022,-2.003923,-0.000436,0.059336,0.401545,0.401545,-0.395455,-0.395455,0.477708,0.477644,-0.316618,-0.317488,0.281347,0.166996
6.624000,0.754000,0.000097,0.593700,-1.999999,-0.000257,0.000000,0.000128,0.000000,2.872278,0.001623,0.556548,-2.004941,-0.000335,0.042418,0.401545,0.401545,-0.395455,-0.395455,0.477709,0.477607,-0.316520,-0.317356,0.281095,0.166760
6.636000,0.730000,0.000094,0.593700,-1.999999,-0.000257,0.000000,0.000128,0.000000,2.848240,0.001612,0.557350,-2.000904,0.000283,0.071340,0.401545,0.401545,-0.395455,-0.395455,0.477727,0.477541,-0.316375,-0.317408,0.280623,0.166621
6.648000,0.706000,0.000091,0.593700,-2.000000,-0.000256,0.000000,0.000128,0.000000,2.824196,0.001591,0.557937,-2.002031,-0.001465,0.049332,0.401545,0.401545,-0.395455,-0.395455,0.477813,0.477425,-0.316316,-0.317356,0.280334,0.166428
6.660000,0.682000,0.000088,0.593700,-2.000000,-0.000256,0.000000,0.000128,0.000000,2.800155,0.001586,0.558445,-2.002608,-0.003640,0.043859,0.401545,0.401545,-0.395455,-0.395455,0.477819,0.477401,-0.316252,-0.317304,0.280113,0.166289
6.672000,0.658000,0.000085,0.593700,-2.000000,-0.000256,0.000000,0.000128,0.000000,2.776129,0.001606,0.559050,-2.000941,0.002688,0.049403,0.401545,0.401545,-0.395455,-0.395455,0.477863,0.477327,-0.316177,-0.317267,0.279749,0.166088
6.682000,0.638000,0.000082,0.593700,-2.000000,-0.000256,0.000000,0.000128,0.000000,2.756125,0.001583,0.559495,-2.000139,-0.002543,0.044950,0.401545,0.401545,-0.395455,-0.395455,0.477889,0.477319,-0.316131,-0.317227,0.279506,0.166019
6.694000,0.614000,0.000079,0.593700,-2.000000,-0.000256,0.000000,0.000128,0.000000,2.732144,0.001573,0.560041,-1.998012,-0.000552,0.047958,0.401545,0.401545,-0.395455,-0.395455,0.477961,0.477304,-0.316077,-0.317187,0.279238,0.165879
6.706000,0.590000,0.000076,0.593700,-2.000000,-0.000256,0.000000,0.000128,0.000000,2.708189,0.001575,0.560533,-1.996937,-0.000560,0.038771,0.401545,0.401545,-0.395455,-0.395455,0.478028,0.477332,-0.316002,-0.317141,0.278970,0.165728
6.718000,0.566000,0.000073,0.593700,-2.000000,-0.000256,0.000000,0.000128,0.000000,2.684259,0.001576,0.561185,-1.994037,0.000865,0.046445,0.401545,0.401545,-0.395455,-0.395455,0.478049,0.477406,-0.316036,-0.317235,0.278693,0.165582
6.730000,0.542000,0.000070,0.593700,-2.000000,-0.000256,0.000000,0.000128,0.000000,2.660330,0.001570,0.561747,-1.996903,0.000654,0.039127,0.401545,0.401545,-0.395455,-0.395455,0.478124,0.477446,-0.316150,-0.317046,0.278459,0.165403
6.742000,0.518000,0.000067,0.593700,-2.000000,-0.000256,0.000000,0.000128,0.000000,2.636453,0.001584,0.562401,-1.989587,0.000185,0.053210,0.401545,0.401545,-0.395455,-0.395455,0.478145,0.477484,-0.316233,-0.316737,0.278014,0.165204
6.754000,0.494000,0.000064,0.593700,-2.000000,-0.000256,0.000000,0.000128,0.000000,2.612610,0.001590,0.562943,-1.987927,0.001372,0.046753,0.401545,0.401545,-0.395455,-0.395455,0.478100,0.477515,-0.316369,-0.316545,0.277743,0.165062
6.766000,0.470000,0.000061,0.593700,-2.000000,-0.000256,0.000000,0.000128,0.000000,2.588774,0.001583,0.563470,-1.987772,-0.000406,0.041995,0.401545,0.401545,-0.395455,-0.395455,0.478157,0.477494,-0.316502,-0.316466,0.277480,0.164907
6.778000,0.446000,0.000057,0.593700,-1.999999,-0.000257,0.000000,0.000128,0.000000,2.564953,0.001567,0.564150,-1.986429,-0.002768,0.045658,0.401545,0.401545,-0.395455,-0.395455,0.478101,0.477552,-0.316678,-0.316574,0.277227,0.164746
6.790000,0.422000,0.000054,0.593700,-2.000000,-0.000257,0.000000,0.000128,0.000000,2.541128,0.001553,0.564693,-1.986646,-0.003554,0.049124,0.401545,0.401545,-0.395455,-0.395455,0.478074,0.477520,-0.316779,-0.316687,0.277104,0.164640
6.802000,0.398000,0.000051,0.593700,-2.000000,-0.000257,0.000000,0.000128,0.000000,2.517300,0.001545,0.565266,-1.987662,-0.000979,0.046890,0.401545,0.401545,-0.395455,-0.395455,0.478149,0.477537,-0.316946,-0.316837,0.276894,0.164464
6.814000,0.374000,0.000048,0.593700,-2.000000,-0.000256,0.000000,0.000128,0.000000,2.493445,0.001582,0.565859,-1.988741,0.002199,0.052471,0.401545,0.401545,-0.395455,-0.395455,0.478123,0.477700,-0.317173,-0.316921,0.276676,0.164177
6.826000,0.350000,0.000045,0.593700,-2.000000,-0.000256,0.000000,0.000128,0.000000,2.469585,0.001574,0.566431,-1.989201,-0.000375,0.050917,0.401545,0.401545,-0.395455,-0.395455,0.478148,0.477746,-0.317278,-0.317063,0.276510,0.164040
6.838000,0.326000,0.000042,0.593700,-2.000000,-0.000256,0.000000,0.000128,0.000000,2.445711,0.001579,0.566973,-1.991486,-0.000457,0.039283,0.401545,0.401545,-0.395455,-0.395455,0.478101,0.477851,-0.317489,-0.317096,0.276335,0.163813
6.850000,0.302000,0.000039,0.593700,-2.000000,-0.000256,0.000000,0.000128,0.000000,2.421819,0.001577,0.567615,-1.990786,0.000029,0.058547,0.401545,0.401545,-0.395455,-0.395455,0.478085,0.477893,-0.317611,-0.317283,0.276076,0.163682
6.862000,0.278000,0.000036,0.593700,-2.000000,-0.000256,0.000000,0.000128,0.000000,2.397905,0.001579,0.568146,-1.993995,0.002189,0.035713,0.401545,0.401545,-0.395455,-0.395455,0.478070,0.477862,-0.317714,-0.317383,0.275928,0.163517
6.874000,0.254000,0.000033,0.593700,-2.000000,-0.000256,0.000000,0.000128,0.000000,2.373928,0.001549,0.568581,-2.000203,-0.002554,0.020213,0.401545,0.401545,-0.395455,-0.395455,0.477952,0.477887,-0.317669,-0.317428,0.275794,0.163416
6.886000,0.230000,0.000030,0.593700,-2.000000,-0.000256,0.000000,0.000128,0.000000,2.349959,0.001528,0.569296,-1.995871,-0.001593,0.064887,0.401545,0.401545,-0.395455,-0.395455,0.477852,0.477891,-0.317654,-0.317448,0.275290,0.163189
6.898000,0.206000,0.000027,0.593700,-2.000000,-0.000256,0.000000,0.000128,0.000000,2.325969,0.001504,0.569681,-2.000132,-0.002216,0.022632,0.401545,0.401545,-0.395455,-0.395455,0.477724,0.477822,-0.317449,-0.317465,0.275101,0.163182
6.910000,0.182000,0.000024,0.593700,-2.000000,-0.000256,0.000000,0.000128,0.000000,2.301958,0.001503,0.570326,-1.999581,-0.000367,0.050521,0.401545,0.401545,-0.395455,-0.395455,0.477581,0.477793,-0.317404,-0.317398,0.274621,0.162940
6.922000,0.158000,0.000021,0.593700,-2.000000,-0.000256,0.000000,0.000128,0.000000,2.277942,0.001501,0.570601,-2.000551,-0.000066,0.036381,0.401545,0.401545,-0.395455,-0.395455,0.477518,0.477672,-0.317179,-0.317374,0.274472,0.162887
6.932000,0.138000,0.000018,0.593700,-2.000000,-0.000256,0.000000,0.000128,0.000000,2.257918,0.001502,0.571003,-2.003037,-0.000280,0.018201,0.401545,0.401545,-0.395455,-0.395455,0.477460,0.477623,-0.317113,-0.317435,0.274255,0.162760
6.944000,0.114000,0.000015,0.593700,-2.000000,-0.000257,0.000000,0.000128,0.000000,2.233848,0.001527,0.571491,-2.003482,0.002500,0.040169,0.401545,0.401545,-0.395455,-0.395455,0.477421,0.477531,-0.316999,-0.317443,0.273980,0.162525
6.956000,0.090000,0.000012,0.593700,-2.000000,-0.000256,0.000000,0.000128,0.000000,2.209794,0.001500,0.571945,-2.003631,-0.000736,0.032775,0.401545,0.401545,-0.395455,-0.395455,0.477404,0.477445,-0.316962,-0.317412,0.273742,0.162454
6.968000,0.066000,0.000009,0.593700,-2.000000,-0.000257,0.000000,0.000128,0.000000,2.185732,0.001522,0.572330,-2.002811,0.000687,0.041806,0.401545,0.401545,-0.395455,-0.395455,0.477363,0.477385,-0.316821,-0.317401,0.273442,0.162298
6.980000,0.042000,0.000006,0.593700,-2.000000,-0.000256,0.000000,0.000128,0.000000,2.161693,0.001508,0.572961,-2.000918,-0.000513,0.047298,0.401545,0.401545,-0.395455,-0.395455,0.477328,0.477291,-0.316735,-0.317468,0.273050,0.162108
6.992000,0.018000,0.000003,0.593700,-2.000000,-0.000256,0.000000,0.000128,0.000000,2.137643,0.001512,0.573087,-2.002081,-0.002540,0.042253,0.401545,0.401545,-0.395455,-0.395455,0.477338,0.477261,-0.316536,-0.317350,0.272946,0.162128
7.004000,-0.000000,0.000000,0.593700,0.000000,0.000000,0.000000,0.000128,0.000000,2.113588,0.001534,0.573419,-2.002243,0.001246,0.042371,0.401545,0.401545,-0.395455,-0.395455,0.477354,0.477149,-0.316331,-0.317268,0.272763,0.161978
7.016000,-0.000000,0.000000,0.593700,0.000000,0.000000,0.000000,0.000128,0.000000,2.089587,0.001530,0.573761,-1.997020,0.001800,0.020930,0.401545,0.401545,-0.395455,-0.395455,0.477379,0.477151,-0.316243,-0.317192,0.272588,0.161834
7.028000,-0.000000,0.000000,0.593700,0.000000,0.000000,0.000000,0.000128,0.000000,2.065775,0.001502,0.574087,-1.980703,0.000150,0.024645,0.401545,0.401545,-0.395455,-0.395455,0.477559,0.477134,-0.315968,-0.317049,0.272270,0.161880
7.040000,-0.000000,0.000000,0.593700,0.000000,0.000000,0.000000,0.000128,0.000000,2.042138,0.001497,0.574300,-1.963254,-0.000228,0.014389,0.401545,0.401545,-0.395455,-0.395455,0.477839,0.477184,-0.315521,-0.316623,0.271933,0.161813
7.052000,-0.000000,0.000000,0.593700,0.000000,0.000000,0.000000,0.000128,0.000000,2.018762,0.001499,0.574550,-1.939456,0.000113,0.018676,0.401545,0.401545,-0.395455,-0.395455,0.478128,0.477411,-0.314963,-0.316139,0.271362,0.161747
7.064000,-0.000000,0.000000,0.593700,0.000000,0.000000,0.000000,0.000128,0.000000,1.996065,0.001489,0.574918,-1.891700,-0.000743,0.026968,0.401545,0.401545,-0.395455,-0.395455,0.478247,0.477205,-0.314282,-0.315655,0.270827,0.161648
7.076000,-0.000000,0.000000,0.593700,0.000000,0.000000,0.000000,0.000128,0.000000,1.973399,0.001486,0.575137,-1.877607,-0.000315,0.024500,0.401545,0.401545,-0.395455,-0.395455,0.478381,0.477007,-0.313782,-0.315100,0.270232,0.161588
7.088000,-0.000000,0.000000,0.593700,0.000000,0.000000,0.000000,0.000128,0.000000,1.951047,0.001481,0.575472,-1.847222,-0.000731,0.038594,0.401545,0.401545,-0.395455,-0.395455,0.478538,0.476833,-0.313293,-0.314608,0.269769,0.161505
7.100000,-0.000000,0.000000,0.593700,0.000000,0.000000,0.000000,0.000128,0.000000,1.929086,0.001502,0.575692,-1.822567,0.000245,0.029052,0.401545,0.401545,-0.395455,-0.395455,0.478334,0.476841,-0.312703,-0.314038,0.269127,0.161427
7.112000,-0.000000,0.000000,0.593700,0.000000,0.000000,0.000000,0.000128,0.000000,1.907726,0.001509,0.576102,-1.782327,-0.001063,0.026639,0.401545,0.401545,-0.395455,-0.395455,0.477584,0.476745,-0.312346,-0.313566,0.268613,0.161255
7.124000,-0.000000,0.000000,0.593700,0.000000,0.000000,0.000000,0.000128,0.000000,1.886353,0.001502,0.576295,-1.766932,-0.000542,0.026629,0.401545,0.401545,-0.395455,-0.395455,0.477075,0.476582,-0.311912,-0.312985,0.268174,0.161212
7.136000,-0.000000,0.000000,0.593700,0.000000,0.000000,0.000000,0.000128,0.000000,1.865477,0.001477,0.576588,-1.740543,-0.000487,0.020121,0.401545,0.401545,-0.395455,-0.395455,0.477011,0.475628,-0.311466,-0.312404,0.267623,0.161135
7.148000,-0.000000,0.000000,0.593700,0.000000,0.000000,0.000000,0.000128,0.000000,1.844548,0.001487,0.576836,-1.727383,0.001252,0.023876,0.401545,0.401545,-0.395455,-0.395455,0.477071,0.475163,-0.311122,-0.311984,0.267152,0.161086
7.160000,-0.000000,0.000000,0.593700,0.000000,0.000000,0.000000,0.000128,0.000000,1.824017,0.001488,0.577017,-1.696675,0.000261,0.015926,0.401545,0.401545,-0.395455,-0.395455,0.477174,0.475037,-0.310727,-0.311490,0.266709,0.161000
7.172000,-0.000000,0.000000,0.593700,0.000000,0.000000,0.000000,0.000128,0.000000,1.804279,0.001514,0.577303,-1.641120,0.002544,0.008598,0.401545,0.401545,-0.395455,-0.395455,0.476981,0.474798,-0.310543,-0.311270,0.266500,0.160941
7.182000,-0.000000,0.000000,0.593700,0.000000,0.000000,0.000000,0.000128,0.000000,1.787844,0.001528,0.577568,-1.626976,0.001185,0.029512,0.401545,0.401545,-0.395455,-0.395455,0.476742,0.474653,-0.310651,-0.311192,0.266318,0.160826
7.194000,-0.000000,0.000000,0.593700,0.000000,0.000000,0.000000,0.000128,0.000000,1.768458,0.001538,0.577853,-1.599970,0.000684,0.020608,0.401545,0.401545,-0.395455,-0.395455,0.476396,0.474469,-0.310809,-0.311144,0.266291,0.160735
7.206000,-0.000000,0.000000,0.593700,0.000000,0.000000,0.000000,0.000128,0.000000,1.749480,0.001539,0.578076,-1.567158,0.000142,0.014604,0.401545,0.401545,-0.395455,-0.395455,0.475972,0.474234,-0.311006,-0.311297,0.266338,0.160669
7.218000,-0.000000,0.000000,0.593700,0.000000,0.000000,0.000000,0.000128,0.000000,1.730910,0.001540,0.578355,-1.531531,0.000076,0.028867,0.401545,0.401545,-0.395455,-0.395455,0.475458,0.473850,-0.311350,-0.311519,0.266446,0.160595
7.230000,-0.000000,0.000000,0.593700,0.000000,0.000000,0.000000,0.000128,0.000000,1.712745,0.001550,0.578572,-1.498836,0.000899,0.016642,0.401545,0.401545,-0.395455,-0.395455,0.474804,0.473432,-0.311854,-0.311858,0.266721,0.160517
7.242000,-0.000000,0.000000,0.593700,0.000000,0.000000,0.000000,0.000128,0.000000,1.694974,0.001552,0.578663,-1.467608,0.000234,-0.000114,0.401545,0.401545,-0.395455,-0.395455,0.474137,0.472894,-0.312473,-0.312359,0.267182,0.160465
7.254000,-0.000000,0.000000,0.593700,0.000000,0.000000,0.000000,0.000128,0.000000,1.677596,0.001559,0.578879,-1.434778,0.000490,0.007193,0.401545,0.401545,-0.395455,-0.395455,0.473332,0.472247,-0.313064,-0.313024,0.267666,0.160392
7.266000,-0.000000,0.000000,0.593700,0.000000,0.000000,0.000000,0.000128,0.000000,1.660603,0.001562,0.578990,-1.401668,0.000209,0.009137,0.401545,0.401545,-0.395455,-0.395455,0.472495,0.471490,-0.313720,-0.313789,0.268251,0.160371
7.278000,-0.000000,0.000000,0.593700,0.000000,0.000000,0.000000,0.000128,0.000000,1.644002,0.001572,0.579083,-1.368467,0.000777,0.013150,0.401545,0.401545,-0.395455,-0.395455,0.471605,0.470707,-0.314422,-0.314503,0.268833,0.160321
7.290000,-0.000000,0.000000,0.593700,0.000000,0.000000,0.000000,0.000128,0.000000,1.627786,0.001580,0.579106,-1.336740,0.000962,0.007221,0.401545,0.401545,-0.395455,-0.395455,0.470677,0.469877,-0.315112,-0.315294,0.269497,0.160291
7.302000,-0.000000,0.000000,0.593700,0.000000,0.000000,0.000000,0.000128,0.000000,1.611955,0.001586,0.579005,-1.305894,0.000690,-0.013071,0.401545,0.401545,-0.395455,-0.395455,0.469770,0.469011,-0.315951,-0.316103,0.270281,0.160291
7.314000,-0.000000,0.000000,0.593700,0.000000,0.000000,0.000000,0.000128,0.000000,1.596514,0.001591,0.578871,-1.274646,0.000236,-0.023602,0.401545,0.401545,-0.395455,-0.395455,0.468817,0.468065,-0.316716,-0.316805,0.271101,0.160298
7.326000,-0.000000,0.000000,0.593700,0.000000,0.000000,0.000000,0.000128,0.000000,1.581480,0.001602,0.578830,-1.237762,0.000857,-0.007967,0.401545,0.401545,-0.395455,-0.395455,0.467815,0.467116,-0.317587,-0.317794,0.271931,0.160305
7.338000,-0.000000,0.000000,0.593700,0.000000,0.000000,0.000000,0.000128,0.000000,1.566837,0.001606,0.578622,-1.206785,0.000316,-0.024144,0.401545,0.401545,-0.395455,-0.395455,0.466833,0.466110,-0.318701,-0.318921,0.273062,0.160346
7.350000,-0.000000,0.000000,0.593700,0.000000,0.000000,0.000000,0.000128,0.000000,1.552581,0.001614,0.578433,-1.174637,0.000357,-0.023097,0.401545,0.401545,-0.395455,-0.395455,0.465829,0.465133,-0.319884,-0.320142,0.274210,0.160376
7.362000,-0.000000,0.000000,0.593700,0.000000,0.000000,0.000000,0.000128,0.000000,1.538713,0.001622,0.578218,-1.142445,0.000404,-0.027105,0.401545,0.401545,-0.395455,-0.395455,0.464822,0.464140,-0.321121,-0.321421,0.275430,0.160418
7.374000,-0.000000,0.000000,0.593700,0.000000,0.000000,0.000000,0.000128,0.000000,1.525236,0.001630,0.577850,-1.110704,0.000522,-0.038173,0.401545,0.401545,-0.395455,-0.395455,0.463811,0.463144,-0.322249,-0.322718,0.276757,0.160539
7.386000,-0.000000,0.000000,0.593700,0.000000,0.000000,0.000000,0.000128,0.000000,1.512160,0.001637,0.577472,-1.076836,0.000405,-0.043513,0.401545,0.401545,-0.395455,-0.395455,0.462830,0.462114,-0.323368,-0.324003,0.277991,0.160625
7.398000,-0.000000,0.000000,0.593700,0.000000,0.000000,0.000000,0.000128,0.000000,1.499492,0.001645,0.577032,-1.043043,0.000388,-0.046915,0.401545,0.401545,-0.395455,-0.395455,0.461800,0.461072,-0.324466,-0.325232,0.279285,0.160723
7.410000,-0.000000,0.000000,0.593700,0.000000,0.000000,0.000000,0.000128,0.000000,1.487232,0.001655,0.576551,-1.008486,0.000803,-0.048111,0.401545,0.401545,-0.395455,-0.395455,0.460784,0.459987,-0.325563,-0.326354,0.280552,0.160860
7.422000,-0.000000,0.000000,0.593700,0.000000,0.000000,0.000000,0.000128,0.000000,1.475390,0.001662,0.576003,-0.973398,0.000670,-0.050827,0.401545,0.401545,-0.395455,-0.395455,0.459747,0.458922,-0.326651,-0.327463,0.281829,0.160994
7.434000,-0.000000,0.000000,0.593700,0.000000,0.000000,0.000000,0.000128,0.000000,1.464370,0.001683,0.575408,-0.925567,0.001629,-0.053455,0.401545,0.401545,-0.395455,-0.395455,0.458491,0.457664,-0.327936,-0.328667,0.283285,0.161151
7.446000,-0.000000,0.000000,0.593700,0.000000,0.000000,0.000000,0.000128,0.000000,1.453310,0.001686,0.574784,-0.905104,0.000285,-0.042354,0.401545,0.401545,-0.395455,-0.395455,0.457417,0.456508,-0.329035,-0.329759,0.284598,0.161350
7.456000,-0.000000,0.000000,0.593700,0.000000,0.000000,0.000000,0.000128,0.000000,1.444387,0.001693,0.574110,-0.881332,0.000291,-0.064827,0.401545,0.401545,-0.395455,-0.395455,0.456604,0.455655,-0.329931,-0.330498,0.285713,0.161517
7.468000,-0.000000,0.000000,0.593700,0.000000,0.000000,0.000000,0.000128,0.000000,1.434071,0.001696,0.573364,-0.847080,0.000116,-0.074874,0.401545,0.401545,-0.395455,-0.395455,0.455601,0.454626,-0.330857,-0.331473,0.286987,0.161715
7.480000,-0.000000,0.000000,0.593700,0.000000,0.000000,0.000000,0.000128,0.000000,1.424190,0.001700,0.572620,-0.809049,0.000617,-0.066356,0.401545,0.401545,-0.395455,-0.395455,0.454581,0.453571,-0.331635,-0.332486,0.288193,0.161943
7.492000,-0.000000,0.000000,0.593700,0.000000,0.000000,0.000000,0.000128,0.000000,1.414744,0.001701,0.571691,-0.772002,0.000162,-0.068015,0.401545,0.401545,-0.395455,-0.395455,0.453616,0.452504,-0.332388,-0.333450,0.289491,0.162211
7.504000,-0.000000,0.000000,0.593700,0.000000,0.000000,0.000000,0.000128,0.000000,1.405735,0.001704,0.570716,-0.737358,0.000202,-0.089013,0.401545,0.401545,-0.395455,-0.395455,0.452569,0.451445,-0.333276,-0.334386,0.290886,0.162470
7.516000,-0.000000,0.000000,0.593700,0.000000,0.000000,0.000000,0.000128,0.000000,1.397166,0.001709,0.569754,-0.699632,0.000497,-0.084999,0.401545,0.401545,-0.395455,-0.395455,0.451470,0.450370,-0.334118,-0.335414,0.292243,0.162739
7.528000,-0.000000,0.000000,0.593700,0.000000,0.000000,0.000000,0.000128,0.000000,1.389155,0.001710,0.568644,-0.653025,0.000226,-0.086531,0.401545,0.401545,-0.395455,-0.395455,0.450445,0.449279,-0.335079,-0.336361,0.293698,0.163067
7.540000,-0.000000,0.000000,0.593700,0.000000,0.000000,0.000000,0.000128,0.000000,1.381492,0.001712,0.567494,-0.623301,0.000286,-0.100874,0.401545,0.401545,-0.395455,-0.395455,0.449380,0.448226,-0.336430,-0.337471,0.295409,0.163385
7.552000,-0.000000,0.000000,0.593700,0.000000,0.000000,0.000000,0.000128,0.000000,1.374233,0.001713,0.566332,-0.590094,0.000294,-0.098470,0.401545,0.401545,-0.395455,-0.395455,0.448335,0.447121,-0.337577,-0.338626,0.297121,0.163742
7.564000,-0.000000,0.000000,0.593700,0.000000,0.000000,0.000000,0.000128,0.000000,1.367397,0.001716,0.564982,-0.556214,0.000219,-0.113082,0.401545,0.401545,-0.395455,-0.395455,0.447276,0.446099,-0.338766,-0.339631,0.298892,0.164111
7.576000,-0.000000,0.000000,0.593700,0.000000,0.000000,0.000000,0.000128,0.000000,1.361002,0.001720,0.563698,-0.518810,0.000410,-0.113276,0.401545,0.401545,-0.395455,-0.395455,0.446198,0.445004,-0.339734,-0.340752,0.300560,0.164496
7.588000,-0.000000,0.000000,0.593700,0.000000,0.000000,0.000000,0.000128,0.000000,1.355047,0.001723,0.562250,-0.482353,0.000250,-0.121108,0.401545,0.401545,-0.395455,-0.395455,0.445143,0.443960,-0.340885,-0.341703,0.302335,0.164904
7.600000,-0.000000,0.000000,0.593700,0.000000,0.000000,0.000000,0.000128,0.000000,1.349539,0.001726,0.560869,-0.444095,0.000293,-0.119981,0.401545,0.401545,-0.395455,-0.395455,0.444052,0.442810,-0.341873,-0.342816,0.304081,0.165327
7.612000,-0.000000,0.000000,0.593700,0.000000,0.000000,0.000000,0.000128,0.000000,1.344472,0.001730,0.559289,-0.407652,0.000302,-0.130623,0.401545,0.401545,-0.395455,-0.395455,0.442935,0.441740,-0.343071,-0.343870,0.305994,0.165765
7.624000,-0.000000,0.000000,0.593700,0.000000,0.000000,0.000000,0.000128,0.000000,1.339852,0.001732,0.557712,-0.370388,0.000269,-0.131166,0.401545,0.401545,-0.395455,-0.395455,0.441863,0.440589,-0.344227,-0.344910,0.307929,0.166251
7.636000,-0.000000,0.000000,0.593700,0.000000,0.000000,0.000000,0.000128,0.000000,1.335672,0.001736,0.556060,-0.334067,0.000177,-0.142905,0.401545,0.401545,-0.395455,-0.395455,0.440678,0.439491,-0.345330,-0.346147,0.309971,0.166725
7.648000,-0.000000,0.000000,0.593700,0.000000,0.000000,0.000000,0.000128,0.000000,1.331937,0.001738,0.554316,-0.297154,0.000210,-0.146203,0.401545,0.401545,-0.395455,-0.395455,0.439627,0.438438,-0.346668,-0.347276,0.312098,0.167247
7.660000,-0.000000,0.000000,0.593700,0.000000,0.000000,0.000000,0.000128,0.000000,1.328649,0.001741,0.552573,-0.259130,0.000215,-0.146424,0.401545,0.401545,-0.395455,-0.395455,0.438566,0.437287,-0.347906,-0.348416,0.314232,0.167788
7.672000,-0.000000,0.000000,0.593700,0.000000,0.000000,0.000000,0.000128,0.000000,1.325805,0.001744,0.550778,-0.222497,0.000203,-0.154704,0.401545,0.401545,-0.395455,-0.395455,0.437374,0.436124,-0.349069,-0.349789,0.316472,0.168325
7.684000,-0.000000,0.000000,0.593700,0.000000,0.000000,0.000000,0.000128,0.000000,1.323403,0.001746,0.548870,-0.185766,0.000171,-0.158976,0.401545,0.401545,-0.395455,-0.395455,0.436232,0.435079,-0.350418,-0.351106,0.318833,0.168891
7.696000,-0.000000,0.000000,0.593700,0.000000,0.000000,0.000000,0.000128,0.000000,1.321448,0.001747,0.546927,-0.148814,0.000150,-0.162226,0.401545,0.401545,-0.395455,-0.395455,0.435221,0.434008,-0.351864,-0.352344,0.321265,0.169499
7.706000,-0.000000,0.000000,0.593700,0.000000,0.000000,0.000000,0.000128,0.000000,1.320162,0.001749,0.545300,-0.117229,0.000096,-0.163868,0.401545,0.401545,-0.395455,-0.395455,0.434355,0.433045,-0.353009,-0.353337,0.323259,0.170011
7.718000,-0.000000,0.000000,0.593700,0.000000,0.000000,0.000000,0.000128,0.000000,1.319011,0.001748,0.543339,-0.082063,-0.000186,-0.164745,0.401545,0.401545,-0.395455,-0.395455,0.433200,0.431761,-0.354375,-0.354735,0.325735,0.170624
7.730000,-0.000000,0.000000,0.593700,0.000000,0.000000,0.000000,0.000128,0.000000,1.318212,0.001746,0.541330,-0.055612,-0.000374,-0.168713,0.401545,0.401545,-0.395455,-0.395455,0.431818,0.430409,-0.355838,-0.356513,0.328460,0.171251
7.742000,-0.000000,0.000000,0.593700,0.000000,0.000000,0.000000,0.000128,0.000000,1.317674,0.001741,0.539293,-0.036859,-0.000483,-0.168992,0.401545,0.401545,-0.395455,-0.395455,0.430193,0.429097,-0.357596,-0.358469,0.331453,0.171891
7.754000,-0.000000,0.000000,0.593700,0.000000,0.000000,0.000000,0.000128,0.000000,1.317320,0.001736,0.537271,-0.024099,-0.000494,-0.166689,0.401545,0.401545,-0.395455,-0.395455,0.428581,0.427817,-0.359716,-0.360501,0.334633,0.172540
7.766000,-0.000000,0.000000,0.593700,0.000000,0.000000,0.000000,0.000128,0.000000,1.317098,0.001729,0.535264,-0.015744,-0.000565,-0.164863,0.401545,0.401545,-0.395455,-0.395455,0.427068,0.426488,-0.361944,-0.362501,0.337905,0.173198
7.778000,-0.000000,0.000000,0.593700,0.000000,0.000000,0.000000,0.000128,0.000000,1.316971,0.001722,0.533297,-0.008968,-0.000632,-0.162235,0.401545,0.401545,-0.395455,-0.395455,0.425679,0.425077,-0.364117,-0.364455,0.341120,0.173844
7.790000,-0.000000,0.000000,0.593700,0.000000,0.000000,0.000000,0.000128,0.000000,1.316912,0.001714,0.531372,-0.003907,-0.000729,-0.158159,0.401545,0.401545,-0.395455,-0.395455,0.424337,0.423586,-0.366150,-0.366466,0.344280,0.174477
7.802000,-0.000000,0.000000,0.593700,0.000000,0.000000,0.000000,0.000128,0.000000,1.316897,0.001705,0.529507,-0.000754,-0.000861,-0.153519,0.401545,0.401545,-0.395455,-0.395455,0.422990,0.422034,-0.367996,-0.368560,0.347365,0.175098
7.814000,-0.000000,0.000000,0.593700,0.000000,0.000000,0.000000,0.000128,0.000000,1.316909,0.001694,0.527690,0.000970,-0.000967,-0.149244,0.401545,0.401545,-0.395455,-0.395455,0.421625,0.420440,-0.369729,-0.370697,0.350413,0.175715
7.826000,-0.000000,0.000000,0.593700,0.000000,0.000000,0.000000,0.000128,0.000000,1.316932,0.001683,0.525923,0.001041,-0.001001,-0.143388,0.401545,0.401545,-0.395455,-0.395455,0.420248,0.418922,-0.371440,-0.372702,0.353380,0.176313
7.838000,-0.000000,0.000000,0.593700,0.000000,0.000000,0.000000,0.000128,0.000000,1.316960,0.001671,0.524253,0.001151,-0.000961,-0.135461,0.401545,0.401545,-0.395455,-0.395455,0.418868,0.417597,-0.373149,-0.374532,0.356208,0.176882
7.850000,-0.000000,0.000000,0.593700,0.000000,0.000000,0.000000,0.000128,0.000000,1.316992,0.001661,0.522679,0.001069,-0.000860,-0.127928,0.401545,0.401545,-0.395455,-0.395455,0.417510,0.416469,-0.374865,-0.376177,0.358898,0.177424
7.862000,-0.000000,0.000000,0.593700,0.000000,0.000000,0.000000,0.000128,0.000000,1.317025,0.001650,0.521185,0.000484,-0.000785,-0.119416,0.401545,0.401545,-0.395455,-0.395455,0.416310,0.415529,-0.376480,-0.377633,0.361425,0.177953
7.874000,-0.000000,0.000000,0.593700,0.000000,0.000000,0.000000,0.000128,0.000000,1.317062,0.001641,0.519815,0.000726,-0.000677,-0.109113,0.401545,0.401545,-0.395455,-0.395455,0.415286,0.414757,-0.377949,-0.378868,0.363708,0.178438
7.886000,-0.000000,0.000000,0.593700,0.000000,0.000000,0.000000,0.000128,0.000000,1.317104,0.001634,0.518575,0.001424,-0.000576,-0.098218,0.401545,0.401545,-0.395455,-0.395455,0.414425,0.414121,-0.379277,-0.379904,0.365744,0.178877
7.898000,-0.000000,0.000000,0.593700,0.000000,0.000000,0.000000,0.000128,0.000000,1.317153,0.001627,0.517467,0.002213,-0.000486,-0.087148,0.401545,0.401545,-0.395455,-0.395455,0.413704,0.413595,-0.380472,-0.380786,0.367554,0.179271
7.910000,-0.000000,0.000000,0.593700,0.000000,0.000000,0.000000,0.000128,0.000000,1.317205,0.001622,0.516491,0.002853,-0.000409,-0.075761,0.401545,0.401545,-0.395455,-0.395455,0.413103,0.413157,-0.381544,-0.381596,0.369180,0.179617
7.922000,-0.000000,0.000000,0.593700,0.000000,0.000000,0.000000,0.000128,0.000000,1.317258,0.001617,0.515652,0.003070,-0.000375,-0.064622,0.401545,0.401545,-0.395455,-0.395455,0.412603,0.412792,-0.382493,-0.382381,0.370644,0.179916
7.934000,-0.000000,0.000000,0.593700,0.000000,0.000000,0.000000,0.000128,0.000000,1.317310,0.001612,0.514937,0.002893,-0.000338,-0.054259,0.401545,0.401545,-0.395455,-0.395455,0.412188,0.412489,-0.383308,-0.383093,0.371938,0.180170
7.946000,-0.000000,0.000000,0.593700,0.000000,0.000000,0.000000,0.000128,0.000000,1.317361,0.001609,0.514355,0.002974,-0.000318,-0.043899,0.401545,0.401545,-0.395455,-0.395455,0.411843,0.412236,-0.383995,-0.383712,0.373029,0.180378
7.956000,-0.000000,0.000000,0.593700,0.000000,0.000000,0.000000,0.000128,0.000000,1.317403,0.001605,0.513962,0.003149,-0.000307,-0.035911,0.401545,0.401545,-0.395455,-0.395455,0.411601,0.412049,-0.384482,-0.384166,0.373796,0.180520
7.968000,-0.000000,0.000000,0.593700,0.000000,0.000000,0.000000,0.000128,0.000000,1.317454,0.001602,0.513594,0.003323,-0.000301,-0.026965,0.401545,0.401545,-0.395455,-0.395455,0.411354,0.411839,-0.384980,-0.384644,0.374565,0.180653
7.980000,-0.000000,0.000000,0.593700,0.000000,0.000000,0.000000,0.000128,0.000000,1.317504,0.001598,0.513329,0.003417,-0.000303,-0.018696,0.401545,0.401545,-0.395455,-0.395455,0.411146,0.411637,-0.385398,-0.385058,0.375187,0.180751
7.992000,-0.000000,0.000000,0.593700,0.000000,0.000000,0.000000,0.000128,0.000000,1.317553,0.001595,0.513160,0.003442,-0.000310,-0.011046,0.401545,0.401545,-0.395455,-0.395455,0.410971,0.411440,-0.385748,-0.385417,0.375677,0.180816
8.002000,-0.000000,0.000000,0.593700,0.000000,0.000000,0.000000,0.000128,0.000000,1.317593,0.001592,0.513088,0.003428,-0.000318,-0.005127,0.401545,0.401545,-0.395455,-0.395455,0.410846,0.411280,-0.385997,-0.385677,0.375995,0.180847
8.014000,-0.000000,0.000000,0.593700,0.000000,0.000000,0.000000,0.000128,0.000000,1.317640,0.001588,0.513074,0.003421,-0.000325,0.001452,0.401545,0.401545,-0.395455,-0.395455,0.410718,0.411092,-0.386262,-0.385952,0.376285,0.180859
8.024000,-0.000000,0.000000,0.593700,0.000000,0.000000,0.000000,0.000128,0.000000,1.317678,0.001585,0.513122,0.003360,-0.000328,0.006660,0.401545,0.401545,-0.395455,-0.395455,0.410626,0.410940,-0.386469,-0.386153,0.376463,0.180848
8.036000,-0.000000,0.000000,0.593700,0.000000,0.000000,0.000000,0.000128,0.000000,1.317721,0.001581,0.513246,0.003222,-0.000329,0.012512,0.401545,0.401545,-0.395455,-0.395455,0.410532,0.410761,-0.386710,-0.386365,0.376609,0.180812
8.048000,-0.000000,0.000000,0.593700,0.000000,0.000000,0.000000,0.000128,0.000000,1.317761,0.001577,0.513438,0.003047,-0.000328,0.017919,0.401545,0.401545,-0.395455,-0.395455,0.410454,0.410587,-0.386944,-0.386551,0.376686,0.180752
8.060000,-0.000000,0.000000,0.593700,0.000000,0.000000,0.000000,0.000128,0.000000,1.317798,0.001573,0.513692,0.002865,-0.000327,0.022908,0.401545,0.401545,-0.395455,-0.395455,0.410389,0.410418,-0.387173,-0.386713,0.376704,0.180670
8.072000,-0.000000,0.000000,0.593700,0.000000,0.000000,0.000000,0.000128,0.000000,1.317833,0.001569,0.514003,0.002681,-0.000325,0.027519,0.401545,0.401545,-0.395455,-0.395455,0.410335,0.410254,-0.387397,-0.386856,0.376667,0.180568
8.084000,-0.000000,0.000000,0.593700,0.000000,0.000000,0.000000,0.000128,0.000000,1.317866,0.001565,0.514368,0.002503,-0.000323,0.031774,0.401545,0.401545,-0.395455,-0.395455,0.410291,0.410095,-0.387616,-0.386982,0.376580,0.180447
8.096000,-0.000000,0.000000,0.593700,0.000000,0.000000,0.000000,0.000128,0.000000,1.317896,0.001561,0.514781,0.002334,-0.000320,0.035696,0.401545,0.401545,-0.395455,-0.395455,0.410255,0.409941,-0.387832,-0.387094,0.376447,0.180309
8.108000,-0.000000,0.000000,0.593700,0.000000,0.000000,0.000000,0.000128,0.000000,1.317924,0.001558,0.515238,0.002149,-0.000319,0.039216,0.401545,0.401545,-0.395455,-0.395455,0.410225,0.409791,-0.388040,-0.387193,0.376273,0.180156
8.120000,-0.000000,0.000000,0.593700,0.000000,0.000000,0.000000,0.000128,0.000000,1.317951,0.001554,0.515736,0.001980,-0.000317,0.042578,0.401545,0.401545,-0.395455,-0.395455,0.410200,0.409646,-0.388226,-0.387281,0.376056,0.179990
8.132000,-0.000000,0.000000,0.593700,0.000000,0.000000,0.000000,0.000128,0.000000,1.317975,0.001550,0.516273,0.001885,-0.000318,0.045691,0.401545,0.401545,-0.395455,-0.395455,0.410179,0.409504,-0.388387,-0.387358,0.375792,0.179810
8.144000,-0.000000,0.000000,0.593700,0.000000,0.000000,0.000000,0.000128,0.000000,1.317999,0.001546,0.516845,0.001821,-0.000320,0.048529,0.401545,0.401545,-0.395455,-0.395455,0.410160,0.409366,-0.388527,-0.387426,0.375487,0.179618
8.156000,-0.000000,0.000000,0.593700,0.000000,0.000000,0.000000,0.000128,0.000000,1.318022,0.001542,0.517449,0.001767,-0.000323,0.051111,0.401545,0.401545,-0.395455,-0.395455,0.410143,0.409229,-0.388649,-0.387489,0.375146,0.179415
8.168000,-0.000000,0.000000,0.593700,0.000000,0.000000,0.000000,0.000128,0.000000,1.318044,0.001539,0.518083,0.001711,-0.000327,0.053459,0.401545,0.401545,-0.395455,-0.395455,0.410128,0.409095,-0.388755,-0.387545,0.374774,0.179202
8.180000,-0.000000,0.000000,0.593700,0.000000,0.000000,0.000000,0.000128,0.000000,1.318065,0.001535,0.518743,0.001655,-0.000332,0.055592,0.401545,0.401545,-0.395455,-0.395455,0.410113,0.408963,-0.388847,-0.387596,0.374374,0.178980
8.192000,-0.000000,0.000000,0.593700,0.000000,0.000000,0.000000,0.000128,0.000000,1.318086,0.001531,0.519428,0.001598,-0.000336,0.057526,0.401545,0.401545,-0.395455,-0.395455,0.410099,0.408832,-0.388927,-0.387643,0.373949,0.178751
8.204000,-0.000000,0.000000,0.593700,0.000000,0.000000,0.000000,0.000128,0.000000,1.318105,0.001527,0.520134,0.001542,-0.000340,0.059273,0.401545,0.401545,-0.395455,-0.395455,0.410086,0.408703,-0.388998,-0.387686,0.373502,0.178514
8.216000,-0.000000,0.000000,0.593700,0.000000,0.000000,0.000000,0.000128,0.000000,1.318124,0.001523,0.520859,0.001487,-0.000345,0.060847,0.401545,0.401545,-0.395455,-0.395455,0.410073,0.408575,-0.389060,-0.387726,0.373036,0.178271
8.226000,-0.000000,0.000000,0.593700,0.000000,0.000000,0.000000,0.000128,0.000000,1.318139,0.001519,0.521478,0.001443,-0.000348,0.062033,0.401545,0.401545,-0.395455,-0.395455,0.410063,0.408470,-0.389106,-0.387756,0.372634,0.178064
8.238000,-0.000000,0.000000,0.593700,0.000000,0.000000,0.000000,0.000128,0.000000,1.318156,0.001515,0.522234,0.001391,-0.000352,0.063315,0.401545,0.401545,-0.395455,-0.395455,0.410051,0.408345,-0.389156,-0.387790,0.372139,0.177812
8.250000,-0.000000,0.000000,0.593700,0.000000,0.000000,0.000000,0.000128,0.000000,1.318173,0.001511,0.523005,0.001341,-0.000355,0.064453,0.401545,0.401545,-0.395455,-0.395455,0.410039,0.408221,-0.389200,-0.387821,0.371631,0.177555
8.262000,-0.000000,0.000000,0.593700,0.000000,0.000000,0.000000,0.000128,0.000000,1.318189,0.001506,0.523788,0.001294,-0.000358,0.065454,0.401545,0.401545,-0.395455,-0.395455,0.410028,0.408099,-0.389240,-0.387849,0.371111,0.177295
8.274000,-0.000000,0.000000,0.593700,0.000000,0.000000,0.000000,0.000128,0.000000,1.318205,0.001502,0.524582,0.001248,-0.000361,0.066329,0.401545,0.401545,-0.395455,-0.395455,0.410017,0.407977,-0.389275,-0.387876,0.370582,0.177032
8.286000,-0.000000,0.000000,0.593700,0.000000,0.000000,0.000000,0.000128,0.000000,1.318220,0.001498,0.525386,0.001204,-0.000364,0.067084,0.401545,0.401545,-0.395455,-0.395455,0.410006,0.407857,-0.389308,-0.387901,0.370045,0.176766
8.298000,-0.000000,0.000000,0.593700,0.000000,0.000000,0.000000,0.000128,0.000000,1.318234,0.001493,0.526198,0.001162,-0.000366,0.067728,0.401545,0.401545,-0.395455,-0.395455,0.409995,0.407737,-0.389337,-0.387924,0.369502,0.176499
8.310000,-0.000000,0.000000,0.593700,0.000000,0.000000,0.000000,0.000128,0.000000,1.318248,0.001489,0.527017,0.001122,-0.000368,0.068268,0.401545,0.401545,-0.395455,-0.395455,0.409984,0.407619,-0.389364,-0.387945,0.368953,0.176229
8.322000,-0.000000,0.000000,0.593700,0.000000,0.000000,0.000000,0.000128,0.000000,1.318261,0.001485,0.527842,0.001084,-0.000370,0.068710,0.401545,0.401545,-0.395455,-0.395455,0.409974,0.407501,-0.389389,-0.387965,0.368400,0.175959
8.334000,-0.000000,0.000000,0.593700,0.000000,0.000000,0.000000,0.000128,0.000000,1.318274,0.001480,0.528671,0.001047,-0.000372,0.069062,0.401545,0.401545,-0.395455,-0.395455,0.409964,0.407384,-0.389412,-0.387985,0.367844,0.175688
8.346000,-0.000000,0.000000,0.593700,0.000000,0.000000,0.000000,0.000128,0.000000,1.318287,0.001476,0.529503,0.001012,-0.000373,0.069329,0.401545,0.401545,-0.395455,-0.395455,0.409953,0.407267,-0.389433,-0.388003,0.367286,0.175416
8.358000,-0.000000,0.000000,0.593700,0.000000,0.000000,0.000000,0.000128,0.000000,1.318299,0.001471,0.530338,0.000979,-0.000375,0.069517,0.401545,0.401545,-0.395455,-0.395455,0.409943,0.407151,-0.389453,-0.388020,0.366726,0.175145
8.370000,-0.000000,0.000000,0.593700,0.000000,0.000000,0.000000,0.000128,0.000000,1.318310,0.001467,0.531175,0.000947,-0.000376,0.069630,0.401545,0.401545,-0.395455,-0.395455,0.409933,0.407036,-0.389472,-0.388036,0.366166,0.174873
8.382000,-0.000000,0.000000,0.593700,0.000000,0.000000,0.000000,0.000128,0.000000,1.318322,0.001462,0.532013,0.000917,-0.000377,0.069676,0.401545,0.401545,-0.395455,-0.395455,0.409924,0.406921,-0.389489,-0.388051,0.365606,0.174602
8.394000,-0.000000,0.000000,0.593700,0.000000,0.000000,0.000000,0.000128,0.000000,1.318333,0.001458,0.532850,0.000889,-0.000378,0.069657,0.401545,0.401545,-0.395455,-0.395455,0.409914,0.406807,-0.389506,-0.388066,0.365047,0.174332
8.406000,-0.000000,0.000000,0.593700,0.000000,0.000000,0.000000,0.000128,0.000000,1.318343,0.001453,0.533687,0.000861,-0.000378,0.069579,0.401545,0.401545,-0.395455,-0.395455,0.409904,0.406693,-0.389522,-0.388080,0.364490,0.174063
8.418000,-0.000000,0.000000,0.593700,0.000000,0.000000,0.000000,0.000128,0.000000,1.318353,0.001449,0.534522,0.000835,-0.000379,0.069445,0.401545,0.401545,-0.395455,-0.395455,0.409894,0.406579,-0.389538,-0.388094,0.363934,0.173796
8.430000,-0.000000,0.000000,0.593700,0.000000,0.000000,0.000000,0.000128,0.000000,1.318363,0.001444,0.535356,0.000810,-0.000380,0.069260,0.401545,0.401545,-0.395455,-0.395455,0.409885,0.406466,-0.389553,-0.388107,0.363381,0.173529
8.442000,-0.000000,0.000000,0.593700,0.000000,0.000000,0.000000,0.000128,0.000000,1.318373,0.001439,0.536187,0.000787,-0.000380,0.069028,0.401545,0.401545,-0.395455,-0.395455,0.409875,0.406353,-0.389567,-0.388120,0.362831,0.173265
8.454000,-0.000000,0.000000,0.593700,0.000000,0.000000,0.000000,0.000128,0.000000,1.318382,0.001435,0.537014,0.000764,-0.000381,0.068752,0.401545,0.401545,-0.395455,-0.395455,0.409866,0.406240,-0.389581,-0.388132,0.362284,0.173002
8.466000,-0.000000,0.000000,0.593700,0.000000,0.000000,0.000000,0.000128,0.000000,1.318391,0.001430,0.537838,0.000742,-0.000381,0.068435,0.401545,0.401545,-0.395455,-0.395455,0.409857,0.406127,-0.389594,-0.388144,0.361741,0.172741
8.476000,-0.000000,0.000000,0.593700,0.000000,0.000000,0.000000,0.000128,0.000000,1.318399,0.001427,0.538522,0.000725,-0.000381,0.068142,0.401545,0.401545,-0.395455,-0.395455,0.409849,0.406034,-0.389605,-0.388153,0.361292,0.172525
8.488000,-0.000000,0.000000,0.593700,0.000000,0.000000,0.000000,0.000128,0.000000,1.318407,0.001422,0.539338,0.000705,-0.000382,0.067758,0.401545,0.401545,-0.395455,-0.395455,0.409840,0.405921,-0.389617,-0.388164,0.360756,0.172268
8.500000,-0.000000,0.000000,0.593700,0.000000,0.000000,0.000000,0.000128,0.000000,1.318416,0.001417,0.540149,0.000686,-0.000382,0.067342,0.401545,0.401545,-0.395455,-0.395455,0.409831,0.405809,-0.389630,-0.388175,0.360225,0.172013
8.512000,-0.000000,0.000000,0.593700,0.000000,0.000000,0.000000,0.000128,0.000000,1.318424,0.001413,0.540955,0.000668,-0.000383,0.066896,0.401545,0.401545,-0.395455,-0.395455,0.409822,0.405697,-0.389642,-0.388186,0.359699,0.171761
8.524000,-0.000000,0.000000,0.593700,0.000000,0.000000,0.000000,0.000128,0.000000,1.318432,0.001408,0.541755,0.000650,-0.000383,0.066423,0.401545,0.401545,-0.395455,-0.395455,0.409813,0.405585,-0.389653,-0.388196,0.359177,0.171511
8.536000,-0.000000,0.000000,0.593700,0.000000,0.000000,0.000000,0.000128,0.000000,1.318439,0.001404,0.542549,0.000634,-0.000383,0.065925,0.401545,0.401545,-0.395455,-0.395455,0.409805,0.405474,-0.389665,-0.388207,0.358661,0.171264
8.548000,-0.000000,0.000000,0.593700,0.000000,0.000000,0.000000,0.000128,0.000000,1.318447,0.001399,0.543337,0.000618,-0.000384,0.065405,0.401545,0.401545,-0.395455,-0.395455,0.409796,0.405362,-0.389676,-0.388217,0.358150,0.171019
8.560000,-0.000000,0.000000,0.593700,0.000000,0.000000,0.000000,0.000128,0.000000,1.318454,0.001394,0.544119,0.000602,-0.000384,0.064863,0.401545,0.401545,-0.395455,-0.395455,0.409787,0.405250,-0.389687,-0.388226,0.357645,0.170778
8.572000,-0.000000,0.000000,0.593700,0.000000,0.000000,0.000000,0.000128,0.000000,1.318461,0.001390,0.544894,0.000587,-0.000385,0.064303,0.401545,0.401545,-0.395455,-0.395455,0.409779,0.405138,-0.389697,-0.388236,0.357145,0.170539
8.584000,-0.000000,0.000000,0.593700,0.000000,0.000000,0.000000,0.000128,0.000000,1.318468,0.001385,0.545662,0.000573,-0.000385,0.063726,0.401545,0.401545,-0.395455,-0.395455,0.409771,0.405026,-0.389708,-0.388245,0.356651,0.170302
8.596000,-0.000000,0.000000,0.593700,0.000000,0.000000,0.000000,0.000128,0.000000,1.318475,0.001380,0.546424,0.000559,-0.000386,0.063133,0.401545,0.401545,-0.395455,-0.395455,0.409762,0.404915,-0.389718,-0.388254,0.356163,0.170069
8.608000,-0.000000,0.000000,0.593700,0.000000,0.000000,0.000000,0.000128,0.000000,1.318482,0.001376,0.547177,0.000546,-0.000386,0.062527,0.401545,0.401545,-0.395455,-0.395455,0.409754,0.404803,-0.389728,-0.388263,0.355681,0.169838
8.620000,-0.000000,0.000000,0.593700,0.000000,0.000000,0.000000,0.000128,0.000000,1.318488,0.001371,0.547924,0.000533,-0.000387,0.061908,0.401545,0.401545,-0.395455,-0.395455,0.409746,0.404691,-0.389738,-0.388272,0.355204,0.169611
8.632000,-0.000000,0.000000,0.593700,0.000000,0.000000,0.000000,0.000128,0.000000,1.318495,0.001367,0.548663,0.000521,-0.000387,0.061279,0.401545,0.401545,-0.395455,-0.395455,0.409738,0.404579,-0.389748,-0.388280,0.354734,0.169386
8.644000,-0.000000,0.000000,0.593700,0.000000,0.000000,0.000000,0.000128,0.000000,1.318501,0.001362,0.549394,0.000509,-0.000388,0.060640,0.401545,0.401545,-0.395455,-0.395455,0.409730,0.404467,-0.389757,-0.388289,0.354269,0.169164
8.656000,-0.000000,0.000000,0.593700,0.000000,0.000000,0.000000,0.000128,0.000000,1.318507,0.001357,0.550118,0.000497,-0.000389,0.059992,0.401545,0.401545,-0.395455,-0.395455,0.409722,0.404355,-0.389766,-0.388297,0.353811,0.168946
8.668000,-0.000000,0.000000,0.593700,0.000000,0.000000,0.000000,0.000128,0.000000,1.318513,0.001352,0.550833,0.000486,-0.000389,0.059338,0.401545,0.401545,-0.395455,-0.395455,0.409715,0.404242,-0.389776,-0.388305,0.353358,0.168730
8.680000,-0.000000,0.000000,0.593700,0.000000,0.000000,0.000000,0.000128,0.000000,1.318518,0.001348,0.551541,0.000475,-0.000390,0.058677,0.401545,0.401545,-0.395455,-0.395455,0.409707,0.404130,-0.389785,-0.388313,0.352912,0.168517
8.692000,-0.000000,0.000000,0.593700,0.000000,0.000000,0.000000,0.000128,0.000000,1.318524,0.001343,0.552241,0.000464,-0.000391,0.058011,0.401545,0.401545,-0.395455,-0.395455,0.409700,0.404017,-0.389793,-0.388321,0.352472,0.168307
8.704000,-0.000000,0.000000,0.593700,0.000000,0.000000,0.000000,0.000128,0.000000,1.318529,0.001338,0.552933,0.000453,-0.000392,0.057341,0.401545,0.401545,-0.395455,-0.395455,0.409692,0.403905,-0.389802,-0.388329,0.352038,0.168100
8.716000,-0.000000,0.000000,0.593700,0.000000,0.000000,0.000000,0.000128,0.000000,1.318535,0.001334,0.553615,0.000415,-0.000390,0.056600,0.401545,0.401545,-0.395455,-0.395455,0.409685,0.403796,-0.389811,-0.388336,0.351610,0.167897
8.726000,-0.000000,0.000000,0.593700,0.000000,0.000000,0.000000,0.000128,0.000000,1.318539,0.001330,0.554178,0.000393,-0.000387,0.056073,0.401545,0.401545,-0.395455,-0.395455,0.409679,0.403716,-0.389817,-0.388342,0.351258,0.167729
8.738000,-0.000000,0.000000,0.593700,0.000000,0.000000,0.000000,0.000128,0.000000,1.318544,0.001325,0.554847,0.000398,-0.000382,0.055435,0.401545,0.401545,-0.395455,-0.395455,0.409673,0.403633,-0.389825,-0.388350,0.350840,0.167530
8.750000,-0.000000,0.000000,0.593700,0.000000,0.000000,0.000000,0.000128,0.000000,1.318550,0.001321,0.555507,0.000416,-0.000375,0.054784,0.401545,0.401545,-0.395455,-0.395455,0.409666,0.403563,-0.389832,-0.388358,0.350428,0.167334
8.762000,-0.000000,0.000000,0.593700,0.000000,0.000000,0.000000,0.000128,0.000000,1.318555,0.001316,0.556160,0.000434,-0.000366,0.054123,0.401545,0.401545,-0.395455,-0.395455,0.409659,0.403504,-0.389841,-0.388366,0.350023,0.167140
8.774000,-0.000000,0.000000,0.593700,0.000000,0.000000,0.000000,0.000128,0.000000,1.318561,0.001312,0.556805,0.000449,-0.000357,0.053457,0.401545,0.401545,-0.395455,-0.395455,0.409651,0.403454,-0.389849,-0.388375,0.349624,0.166950
8.786000,-0.000000,0.000000,0.593700,0.000000,0.000000,0.000000,0.000128,0.000000,1.318567,0.001308,0.557442,0.000458,-0.000344,0.052787,0.401545,0.401545,-0.395455,-0.395455,0.409644,0.403412,-0.389858,-0.388384,0.349231,0.166762
8.798000,-0.000000,0.000000,0.593700,0.000000,0.000000,0.000000,0.000128,0.000000,1.318573,0.001303,0.558071,0.000464,-0.000334,0.052117,0.401545,0.401545,-0.395455,-0.395455,0.409636,0.403376,-0.389867,-0.388394,0.348845,0.166577
8.810000,-0.000000,0.000000,0.593700,0.000000,0.000000,0.000000,0.000128,0.000000,1.318579,0.001299,0.558692,0.000467,-0.000324,0.051449,0.401545,0.401545,-0.395455,-0.395455,0.409628,0.403346,-0.389875,-0.388403,0.348464,0.166395
8.822000,-0.000000,0.000000,0.593700,0.000000,0.000000,0.000000,0.000128,0.000000,1.318585,0.001296,0.559305,0.000467,-0.000314,0.050781,0.401545,0.401545,-0.395455,-0.395455,0.409621,0.403320,-0.389884,-0.388413,0.348089,0.166215
8.834000,-0.000000,0.000000,0.593700,0.000000,0.000000,0.000000,0.000128,0.000000,1.318590,0.001292,0.559910,0.000467,-0.000304,0.050116,0.401545,0.401545,-0.395455,-0.395455,0.409613,0.403297,-0.389893,-0.388422,0.347721,0.166038
8.846000,-0.000000,0.000000,0.593700,0.000000,0.000000,0.000000,0.000128,0.000000,1.318596,0.001288,0.560507,0.000465,-0.000293,0.049453,0.401545,0.401545,-0.395455,-0.395455,0.409606,0.403278,-0.389901,-0.388432,0.347357,0.165864
8.858000,-0.000000,0.000000,0.593700,0.000000,0.000000,0.000000,0.000128,0.000000,1.318602,0.001285,0.561096,0.000462,-0.000283,0.048793,0.401545,0.401545,-0.395455,-0.395455,0.409598,0.403261,-0.389910,-0.388441,0.347000,0.165692
8.870000,-0.000000,0.000000,0.593700,0.000000,0.000000,0.000000,0.000128,0.000000,1.318607,0.001281,0.561677,0.000458,-0.000274,0.048136,0.401545,0.401545,-0.395455,-0.395455,0.409591,0.403245,-0.389918,-0.388451,0.346648,0.165523
8.882000,-0.000000,0.000000,0.593700,0.000000,0.000000,0.000000,0.000128,0.000000,1.318613,0.001278,0.562250,0.000454,-0.000264,0.047483,0.401545,0.401545,-0.395455,-0.395455,0.409584,0.403232,-0.389926,-0.388460,0.346301,0.165357
8.894000,-0.000000,0.000000,0.593700,0.000000,0.000000,0.000000,0.000128,0.000000,1.318618,0.001275,0.562815,0.000450,-0.000255,0.046834,0.401545,0.401545,-0.395455,-0.395455,0.409577,0.403220,-0.389934,-0.388469,0.345960,0.165193
8.906000,-0.000000,0.000000,0.593700,0.000000,0.000000,0.000000,0.000128,0.000000,1.318624,0.001272,0.563373,0.000446,-0.000247,0.046190,0.401545,0.401545,-0.395455,-0.395455,0.409570,0.403208,-0.389942,-0.388477,0.345624,0.165031
8.918000,-0.000000,0.000000,0.593700,0.000000,0.000000,0.000000,0.000128,0.000000,1.318629,0.001269,0.563922,0.000441,-0.000238,0.045550,0.401545,0.401545,-0.395455,-0.395455,0.409563,0.403198,-0.389950,-0.388486,0.345293,0.164872
8.930000,-0.000000,0.000000,0.593700,0.000000,0.000000,0.000000,0.000128,0.000000,1.318635,0.001266,0.564465,0.000436,-0.000230,0.044916,0.401545,0.401545,-0.395455,-0.395455,0.409556,0.403188,-0.389957,-0.388494,0.344967,0.164716
8.942000,-0.000000,0.000000,0.593700,0.000000,0.000000,0.000000,0.000128,0.000000,1.318640,0.001263,0.564999,0.000432,-0.000223,0.044286,0.401545,0.401545,-0.395455,-0.395455,0.409550,0.403179,-0.389964,-0.388503,0.344647,0.164562
8.954000,-0.000000,0.000000,0.593700,0.000000,0.000000,0.000000,0.000128,0.000000,1.318645,0.001261,0.565526,0.000427,-0.000215,0.043662,0.401545,0.401545,-0.395455,-0.395455,0.409543,0.403171,-0.389971,-0.388511,0.344332,0.164410
8.966000,-0.000000,0.000000,0.593700,0.000000,0.000000,0.000000,0.000128,0.000000,1.318650,0.001258,0.566046,0.000422,-0.000208,0.043043,0.401545,0.401545,-0.395455,-0.395455,0.409537,0.403163,-0.389978,-0.388518,0.344021,0.164261
8.976000,-0.000000,0.000000,0.593700,0.000000,0.000000,0.000000,0.000128,0.000000,1.318654,0.001256,0.566473,0.000418,-0.000203,0.042532,0.401545,0.401545,-0.395455,-0.395455,0.409532,0.403156,-0.389984,-0.388525,0.343766,0.164138
8.988000,-0.000000,0.000000,0.593700,0.000000,0.000000,0.000000,0.000128,0.000000,1.318659,0.001254,0.566979,0.000413,-0.000196,0.041924,0.401545,0.401545,-0.395455,-0.395455,0.409525,0.403149,-0.389991,-0.388533,0.343465,0.163993
9.000000,-0.000000,0.000000,0.593700,0.000000,0.000000,0.000000,0.000128,0.000000,1.318664,0.001251,0.567478,0.000408,-0.000190,0.041322,0.401545,0.401545,-0.395455,-0.395455,0.409519,0.403141,-0.389998,-0.388540,0.343168,0.163850
9.012000,-0.000000,0.000000,0.593700,0.000000,0.000000,0.000000,0.000128,0.000000,1.318669,0.001249,0.567970,0.000403,-0.000184,0.040725,0.401545,0.401545,-0.395455,-0.395455,0.409513,0.403134,-0.390004,-0.388547,0.342876,0.163710
9.024000,-0.000000,0.000000,0.593700,0.000000,0.000000,0.000000,0.000128,0.000000,1.318674,0.001247,0.568455,0.000399,-0.000178,0.040135,0.401545,0.401545,-0.395455,-0.395455,0.409507,0.403128,-0.390010,-0.388554,0.342589,0.163572
9.036000,-0.000000,0.000000,0.593700,0.000000,0.000000,0.000000,0.000128,0.000000,1.318679,0.001245,0.568932,0.000394,-0.000172,0.039552,0.401545,0.401545,-0.395455,-0.395455,0.409502,0.403121,-0.390017,-0.388561,0.342307,0.163436
9.048000,-0.000000,0.000000,0.593700,0.000000,0.000000,0.000000,0.000128,0.000000,1.318684,0.001243,0.569403,0.000389,-0.000167,0.038974,0.401545,0.401545,-0.395455,-0.395455,0.409496,0.403115,-0.390023,-0.388568,0.342029,0.163302
9.060000,-0.000000,0.000000,0.593700,0.000000,0.000000,0.000000,0.000128,0.000000,1.318688,0.001241,0.569866,0.000384,-0.000162,0.038403,0.401545,0.401545,-0.395455,-0.395455,0.409490,0.403108,-0.390029,-0.388575,0.341755,0.163170
9.072000,-0.000000,0.000000,0.593700,0.000000,0.000000,0.000000,0.000128,0.000000,1.318693,0.001239,0.570323,0.000380,-0.000157,0.037838,0.401545,0.401545,-0.395455,-0.395455,0.409485,0.403102,-0.390035,-0.388582,0.341486,0.163041
9.084000,-0.000000,0.000000,0.593700,0.000000,0.000000,0.000000,0.000128,0.000000,1.318697,0.001237,0.570773,0.000375,-0.000152,0.037280,0.401545,0.401545,-0.395455,-0.395455,0.409479,0.403096,-0.390041,-0.388588,0.341221,0.162913
9.096000,-0.000000,0.000000,0.593700,0.000000,0.000000,0.000000,0.000128,0.000000,1.318702,0.001235,0.571217,0.000370,-0.000147,0.036728,0.401545,0.401545,-0.395455,-0.395455,0.409474,0.403090,-0.390047,-0.388594,0.340961,0.162788
9.108000,-0.000000,0.000000,0.593700,0.000000,0.000000,0.000000,0.000128,0.000000,1.318706,0.001233,0.571654,0.000366,-0.000143,0.036183,0.401545,0.401545,-0.395455,-0.395455,0.409468,0.403084,-0.390052,-0.388601,0.340705,0.162665
9.120000,-0.000000,0.000000,0.593700,0.000000,0.000000,0.000000,0.000128,0.000000,1.318711,0.001232,0.572084,0.000361,-0.000138,0.035644,0.401545,0.401545,-0.395455,-0.395455,0.409463,0.403079,-0.390058,-0.388607,0.340453,0.162543
9.132000,-0.000000,0.000000,0.593700,0.000000,0.000000,0.000000,0.000128,0.000000,1.318715,0.001230,0.572508,0.000357,-0.000134,0.035112,0.401545,0.401545,-0.395455,-0.395455,0.409458,0.403073,-0.390064,-0.388613,0.340205,0.162424
9.144000,-0.000000,0.000000,0.593700,0.000000,0.000000,0.000000,0.000128,0.000000,1.318719,0.001228,0.572925,0.000352,-0.000130,0.034587,0.401545,0.401545,-0.395455,-0.395455,0.409453,0.403068,-0.390069,-0.388619,0.339961,0.162306
9.156000,-0.000000,0.000000,0.593700,0.000000,0.000000,0.000000,0.000128,0.000000,1.318723,0.001227,0.573337,0.000347,-0.000126,0.034068,0.401545,0.401545,-0.395455,-0.395455,0.409448,0.403062,-0.390074,-0.388625,0.339722,0.162191
9.168000,-0.000000,0.000000,0.593700,0.000000,0.000000,0.000000,0.000128,0.000000,1.318728,0.001225,0.573742,0.000343,-0.000122,0.033555,0.401545,0.401545,-0.395455,-0.395455,0.409443,0.403057,-0.390080,-0.388630,0.339486,0.162077
9.180000,-0.000000,0.000000,0.593700,0.000000,0.000000,0.000000,0.000128,0.000000,1.318732,0.001224,0.574141,0.000338,-0.000118,0.033049,0.401545,0.401545,-0.395455,-0.395455,0.409438,0.403052,-0.390085,-0.388636,0.339254,0.161965
9.192000,-0.000000,0.000000,0.593700,0.000000,0.000000,0.000000,0.000128,0.000000,1.318736,0.001222,0.574534,0.000334,-0.000115,0.032550,0.401545,0.401545,-0.395455,-0.395455,0.409433,0.403047,-0.390090,-0.388641,0.339025,0.161855
9.204000,-0.000000,0.000000,0.593700,0.000000,0.000000,0.000000,0.000128,0.000000,1.318740,0.001221,0.574921,0.000330,-0.000111,0.032057,0.401545,0.401545,-0.395455,-0.395455,0.409428,0.403041,-0.390095,-0.388647,0.338801,0.161747
9.216000,-0.000000,0.000000,0.593700,0.000000,0.000000,0.000000,0.000128,0.000000,1.318744,0.001220,0.575302,0.000325,-0.000108,0.031571,0.401545,0.401545,-0.395455,-0.395455,0.409424,0.403036,-0.390100,-0.388652,0.338580,0.161641
9.228000,-0.000000,0.000000,0.593700,0.000000,0.000000,0.000000,0.000128,0.000000,1.318748,0.001218,0.575678,0.000321,-0.000105,0.031091,0.401545,0.401545,-0.395455,-0.395455,0.409419,0.403032,-0.390105,-0.388657,0.338363,0.161536
9.240000,-0.000000,0.000000,0.593700,0.000000,0.000000,0.000000,0.000128,0.000000,1.318751,0.001217,0.576048,0.000317,-0.000101,0.030617,0.401545,0.401545,-0.395455,-0.395455,0.409415,0.403027,-0.390109,-0.388663,0.338150,0.161433
9.252000,-0.000000,0.000000,0.593700,0.000000,0.000000,0.000000,0.000128,0.000000,1.318755,0.001216,0.576412,0.000312,-0.000098,0.030150,0.401545,0.401545,-0.395455,-0.395455,0.409410,0.403022,-0.390114,-0.388668,0.337940,0.161332
9.264000,-0.000000,0.000000,0.593700,0.000000,0.000000,0.000000,0.000128,0.000000,1.318759,0.001215,0.576770,0.000308,-0.000095,0.029690,0.401545,0.401545,-0.395455,-0.395455,0.409406,0.403017,-0.390119,-0.388673,0.337733,0.161232
9.274000,-0.000000,0.000000,0.593700,0.000000,0.000000,0.000000,0.000128,0.000000,1.318762,0.001214,0.577065,0.000305,-0.000093,0.029310,0.401545,0.401545,-0.395455,-0.395455,0.409402,0.403014,-0.390122,-0.388677,0.337563,0.161150
9.286000,-0.000000,0.000000,0.593700,0.000000,0.000000,0.000000,0.000128,0.000000,1.318766,0.001213,0.577413,0.000300,-0.000090,0.028861,0.401545,0.401545,-0.395455,-0.395455,0.409398,0.403009,-0.390127,-0.388681,0.337363,0.161053
9.298000,-0.000000,0.000000,0.593700,0.000000,0.000000,0.000000,0.000128,0.000000,1.318769,0.001212,0.577756,0.000296,-0.000087,0.028418,0.401545,0.401545,-0.395455,-0.395455,0.409394,0.403005,-0.390131,-0.388686,0.337166,0.160958
9.310000,-0.000000,0.000000,0.593700,0.000000,0.000000,0.000000,0.000128,0.000000,1.318773,0.001211,0.578094,0.000292,-0.000085,0.027981,0.401545,0.401545,-0.395455,-0.395455,0.409389,0.403000,-0.390136,-0.388691,0.336972,0.160865
9.322000,-0.000000,0.000000,0.593700,0.000000,0.000000,0.000000,0.000128,0.000000,1.318776,0.001210,0.578427,0.000288,-0.000082,0.027551,0.401545,0.401545,-0.395455,-0.395455,0.409385,0.402996,-0.390140,-0.388695,0.336781,0.160773
9.334000,-0.000000,0.000000,0.593700,0.000000,0.000000,0.000000,0.000128,0.000000,1.318780,0.001209,0.578755,0.000284,-0.000079,0.027126,0.401545,0.401545,-0.395455,-0.395455,0.409381,0.402992,-0.390144,-0.388700,0.336594,0.160682
9.346000,-0.000000,0.000000,0.593700,0.000000,0.000000,0.000000,0.000128,0.000000,1.318783,0.001208,0.579077,0.000280,-0.000077,0.026707,0.401545,0.401545,-0.395455,-0.395455,0.409377,0.402987,-0.390148,-0.388704,0.336410,0.160593
9.358000,-0.000000,0.000000,0.593700,0.000000,0.000000,0.000000,0.000128,0.000000,1.318786,0.001207,0.579395,0.000276,-0.000075,0.026295,0.401545,0.401545,-0.395455,-0.395455,0.409374,0.402983,-0.390152,-0.388709,0.336228,0.160506
9.370000,-0.000000,0.000000,0.593700,0.000000,0.000000,0.000000,0.000128,0.000000,1.318790,0.001206,0.579707,0.000272,-0.000072,0.025888,0.401545,0.401545,-0.395455,-0.395455,0.409370,0.402979,-0.390156,-0.388713,0.336050,0.160419
9.382000,-0.000000,0.000000,0.593700,0.000000,0.000000,0.000000,0.000128,0.000000,1.318793,0.001205,0.580015,0.000268,-0.000070,0.025487,0.401545,0.401545,-0.395455,-0.395455,0.409366,0.402975,-0.390160,-0.388717,0.335874,0.160335
9.394000,-0.000000,0.000000,0.593700,0.000000,0.000000,0.000000,0.000128,0.000000,1.318796,0.001204,0.580318,0.000264,-0.000068,0.025092,0.401545,0.401545,-0.395455,-0.395455,0.409362,0.402971,-0.390164,-0.388721,0.335702,0.160251
9.406000,-0.000000,0.000000,0.593700,0.000000,0.000000,0.000000,0.000128,0.000000,1.318799,0.001203,0.580616,0.000261,-0.000066,0.024703,0.401545,0.401545,-0.395455,-0.395455,0.409359,0.402967,-0.390168,-0.388725,0.335532,0.160169
9.418000,-0.000000,0.000000,0.593700,0.000000,0.000000,0.000000,0.000128,0.000000,1.318802,0.001203,0.580910,0.000257,-0.000064,0.024319,0.401545,0.401545,-0.395455,-0.395455,0.409355,0.402964,-0.390171,-0.388729,0.335365,0.160089
9.430000,-0.000000,0.000000,0.593700,0.000000,0.000000,0.000000,0.000128,0.000000,1.318806,0.001202,0.581199,0.000253,-0.000062,0.023941,0.401545,0.401545,-0.395455,-0.395455,0.409351,0.402960,-0.390175,-0.388733,0.335201,0.160010
9.442000,-0.000000,0.000000,0.593700,0.000000,0.000000,0.000000,0.000128,0.000000,1.318809,0.001201,0.581484,0.000249,-0.000060,0.023568,0.401545,0.401545,-0.395455,-0.395455,0.409348,0.402956,-0.390179,-0.388737,0.335040,0.159932
9.454000,-0.000000,0.000000,0.593700,0.000000,0.000000,0.000000,0.000128,0.000000,1.318812,0.001200,0.581764,0.000246,-0.000058,0.023201,0.401545,0.401545,-0.395455,-0.395455,0.409344,0.402953,-0.390182,-0.388741,0.334881,0.159855
9.466000,-0.000000,0.000000,0.593700,0.000000,0.000000,0.000000,0.000128,0.000000,1.318814,0.001200,0.582040,0.000242,-0.000056,0.022840,0.401545,0.401545,-0.395455,-0.395455,0.409341,0.402949,-0.390186,-0.388744,0.334725,0.159779
9.478000,-0.000000,0.000000,0.593700,0.000000,0.000000,0.000000,0.000128,0.000000,1.318817,0.001199,0.582311,0.000239,-0.000054,0.022483,0.401545,0.401545,-0.395455,-0.395455,0.409338,0.402946,-0.390189,-0.388748,0.334572,0.159705
9.490000,-0.000000,0.000000,0.593700,0.000000,0.000000,0.000000,0.000128,0.000000,1.318820,0.001198,0.582579,0.000235,-0.000053,0.022132,0.401545,0.401545,-0.395455,-0.395455,0.409335,0.402942,-0.390193,-0.388752,0.334421,0.159632
9.502000,-0.000000,0.000000,0.593700,0.000000,0.000000,0.000000,0.000128,0.000000,1.318823,0.001198,0.582842,0.000232,-0.000051,0.021786,0.401545,0.401545,-0.395455,-0.395455,0.409331,0.402939,-0.390196,-0.388755,0.334272,0.159560
9.514000,-0.000000,0.000000,0.593700,0.000000,0.000000,0.000000,0.000128,0.000000,1.318826,0.001197,0.583101,0.000228,-0.000049,0.021446,0.401545,0.401545,-0.395455,-0.395455,0.409328,0.402935,-0.390199,-0.388759,0.334126,0.159490
9.524000,-0.000000,0.000000,0.593700,0.000000,0.000000,0.000000,0.000128,0.000000,1.318828,0.001197,0.583313,0.000225,-0.000048,0.021166,0.401545,0.401545,-0.395455,-0.395455,0.409326,0.402933,-0.390202,-0.388761,0.334006,0.159432
9.536000,-0.000000,0.000000,0.593700,0.000000,0.000000,0.000000,0.000128,0.000000,1.318831,0.001196,0.583565,0.000222,-0.000046,0.020835,0.401545,0.401545,-0.395455,-0.395455,0.409322,0.402929,-0.390205,-0.388765,0.333864,0.159363
9.548000,-0.000000,0.000000,0.593700,0.000000,0.000000,0.000000,0.000128,0.000000,1.318833,0.001196,0.583813,0.000219,-0.000045,0.020508,0.401545,0.401545,-0.395455,-0.395455,0.409319,0.402926,-0.390208,-0.388768,0.333725,0.159296
9.560000,-0.000000,0.000000,0.593700,0.000000,0.000000,0.000000,0.000128,0.000000,1.318836,0.001195,0.584056,0.000215,-0.000044,0.020187,0.401545,0.401545,-0.395455,-0.395455,0.409316,0.402923,-0.390211,-0.388771,0.333588,0.159229
9.572000,-0.000000,0.000000,0.593700,0.000000,0.000000,0.000000,0.000128,0.000000,1.318839,0.001194,0.584296,0.000212,-0.000042,0.019870,0.401545,0.401545,-0.395455,-0.395455,0.409313,0.402920,-0.390214,-0.388774,0.333453,0.159164
9.584000,-0.000000,0.000000,0.593700,0.000000,0.000000,0.000000,0.000128,0.000000,1.318841,0.001194,0.584533,0.000209,-0.000041,0.019558,0.401545,0.401545,-0.395455,-0.395455,0.409311,0.402917,-0.390217,-0.388778,0.333321,0.159100
9.596000,-0.000000,0.000000,0.593700,0.000000,0.000000,0.000000,0.000128,0.000000,1.318844,0.001193,0.584765,0.000206,-0.000039,0.019251,0.401545,0.401545,-0.395455,-0.395455,0.409308,0.402914,-0.390220,-0.388781,0.333190,0.159037
9.608000,-0.000000,0.000000,0.593700,0.000000,0.000000,0.000000,0.000128,0.000000,1.318846,0.001193,0.584994,0.000203,-0.000038,0.018949,0.401545,0.401545,-0.395455,-0.395455,0.409305,0.402911,-0.390223,-0.388784,0.333062,0.158975
9.620000,-0.000000,0.000000,0.593700,0.000000,0.000000,0.000000,0.000128,0.000000,1.318848,0.001193,0.585219,0.000200,-0.000037,0.018651,0.401545,0.401545,-0.395455,-0.395455,0.409302,0.402908,-0.390226,-0.388787,0.332936,0.158914
9.632000,-0.000000,0.000000,0.593700,0.000000,0.000000,0.000000,0.000128,0.000000,1.318851,0.001192,0.585441,0.000197,-0.000036,0.018358,0.401545,0.401545,-0.395455,-0.395455,0.409299,0.402905,-0.390229,-0.388790,0.332812,0.158854
9.644000,-0.000000,0.000000,0.593700,0.000000,0.000000,0.000000,0.000128,0.000000,1.318853,0.001192,0.585659,0.000194,-0.000035,0.018069,0.401545,0.401545,-0.395455,-0.395455,0.409297,0.402902,-0.390231,-0.388793,0.332690,0.158795
9.656000,-0.000000,0.000000,0.593700,0.000000,0.000000,0.000000,0.000128,0.000000,1.318856,0.001191,0.585874,0.000191,-0.000033,0.017785,0.401545,0.401545,-0.395455,-0.395455,0.409294,0.402900,-0.390234,-0.388795,0.332570,0.158737
9.668000,-0.000000,0.000000,0.593700,0.000000,0.000000,0.000000,0.000128,0.000000,1.318858,0.001191,0.586085,0.000188,-0.000032,0.017505,0.401545,0.401545,-0.395455,-0.395455,0.409292,0.402897,-0.390237,-0.388798,0.332452,0.158680
9.680000,-0.000000,0.000000,0.593700,0.000000,0.000000,0.000000,0.000128,0.000000,1.318860,0.001190,0.586293,0.000185,-0.000031,0.017229,0.401545,0.401545,-0.395455,-0.395455,0.409289,0.402894,-0.390239,-0.388801,0.332336,0.158623
9.692000,-0.000000,0.000000,0.593700,0.000000,0.000000,0.000000,0.000128,0.000000,1.318862,0.001190,0.586498,0.000182,-0.000030,0.016958,0.401545,0.401545,-0.395455,-0.395455,0.409286,0.402892,-0.390242,-0.388804,0.332221,0.158568
9.704000,-0.000000,0.000000,0.593700,0.000000,0.000000,0.000000,0.000128,0.000000,1.318864,0.001190,0.586700,0.000179,-0.000029,0.016691,0.401545,0.401545,-0.395455,-0.395455,0.409284,0.402889,-0.390244,-0.388806,0.332109,0.158514
9.716000,-0.000000,0.000000,0.593700,0.000000,0.000000,0.000000,0.000128,0.000000,1.318867,0.001189,0.586898,0.000177,-0.000028,0.016427,0.401545,0.401545,-0.395455,-0.395455,0.409282,0.402886,-0.390247,-0.388809,0.331999,0.158460
9.728000,-0.000000,0.000000,0.593700,0.000000,0.000000,0.000000,0.000128,0.000000,1.318869,0.001189,0.587093,0.000174,-0.000027,0.016168,0.401545,0.401545,-0.395455,-0.395455,0.409279,0.402884,-0.390249,-0.388811,0.331890,0.158408
9.740000,-0.000000,0.000000,0.593700,0.000000,0.000000,0.000000,0.000128,0.000000,1.318871,0.001189,0.587286,0.000171,-0.000026,0.015913,0.401545,0.401545,-0.395455,-0.395455,0.409277,0.402881,-0.390252,-0.388814,0.331783,0.158356
9.752000,-0.000000,0.000000,0.593700,0.000000,0.000000,0.000000,0.000128,0.000000,1.318873,0.001188,0.587475,0.000169,-0.000025,0.015662,0.401545,0.401545,-0.395455,-0.395455,0.409275,0.402879,-0.390254,-0.388816,0.331678,0.158305
9.764000,-0.000000,0.000000,0.593700,0.000000,0.000000,0.000000,0.000128,0.000000,1.318875,0.001188,0.587661,0.000166,-0.000024,0.015415,0.401545,0.401545,-0.395455,-0.395455,0.409272,0.402877,-0.390256,-0.388819,0.331575,0.158255
9.774000,-0.000000,0.000000,0.593700,0.000000,0.000000,0.000000,0.000128,0.000000,1.318876,0.001188,0.587814,0.000164,-0.000024,0.015212,0.401545,0.401545,-0.395455,-0.395455,0.409270,0.402875,-0.390258,-0.388821,0.331490,0.158214
9.786000,-0.000000,0.000000,0.593700,0.000000,0.000000,0.000000,0.000128,0.000000,1.318878,0.001188,0.587995,0.000161,-0.000023,0.014972,0.401545,0.401545,-0.395455,-0.395455,0.409268,0.402872,-0.390261,-0.388823,0.331390,0.158165
9.798000,-0.000000,0.000000,0.593700,0.000000,0.000000,0.000000,0.000128,0.000000,1.318880,0.001187,0.588173,0.000159,-0.000022,0.014735,0.401545,0.401545,-0.395455,-0.395455,0.409266,0.402870,-0.390263,-0.388826,0.331291,0.158117
9.810000,-0.000000,0.000000,0.593700,0.000000,0.000000,0.000000,0.000128,0.000000,1.318882,0.001187,0.588348,0.000156,-0.000021,0.014502,0.401545,0.401545,-0.395455,-0.395455,0.409264,0.402868,-0.390265,-0.388828,0.331194,0.158070
9.822000,-0.000000,0.000000,0.593700,0.000000,0.000000,0.000000,0.000128,0.000000,1.318884,0.001187,0.588520,0.000154,-0.000021,0.014273,0.401545,0.401545,-0.395455,-0.395455,0.409262,0.402866,-0.390267,-0.388830,0.331098,0.158024
9.834000,-0.000000,0.000000,0.593700,0.000000,0.000000,0.000000,0.000128,0.000000,1.318886,0.001187,0.588690,0.000152,-0.000020,0.014047,0.401545,0.401545,-0.395455,-0.395455,0.409260,0.402863,-0.390269,-0.388832,0.331004,0.157978
9.846000,-0.000000,0.000000,0.593700,0.000000,0.000000,0.000000,0.000128,0.000000,1.318888,0.001186,0.588857,0.000149,-0.000019,0.013825,0.401545,0.401545,-0.395455,-0.395455,0.409258,0.402861,-0.390271,-0.388834,0.330912,0.157934
9.858000,-0.000000,0.000000,0.593700,0.000000,0.000000,0.000000,0.000128,0.000000,1.318890,0.001186,0.589021,0.000147,-0.000019,0.013607,0.401545,0.401545,-0.395455,-0.395455,0.409256,0.402859,-0.390273,-0.388837,0.330821,0.157890
9.870000,-0.000000,0.000000,0.593700,0.000000,0.000000,0.000000,0.000128,0.000000,1.318891,0.001186,0.589183,0.000145,-0.000018,0.013391,0.401545,0.401545,-0.395455,-0.395455,0.409254,0.402857,-0.390275,-0.388839,0.330732,0.157846
9.882000,-0.000000,0.000000,0.593700,0.000000,0.000000,0.000000,0.000128,0.000000,1.318893,0.001186,0.589342,0.000142,-0.000017,0.013179,0.401545,0.401545,-0.395455,-0.395455,0.409252,0.402855,-0.390277,-0.388841,0.330644,0.157804
9.894000,-0.000000,0.000000,0.593700,0.000000,0.000000,0.000000,0.000128,0.000000,1.318895,0.001185,0.589499,0.000140,-0.000017,0.012971,0.401545,0.401545,-0.395455,-0.395455,0.409250,0.402853,-0.390279,-0.388843,0.330558,0.157762
9.906000,-0.000000,0.000000,0.593700,0.000000,0.000000,0.000000,0.000128,0.000000,1.318896,0.001185,0.589653,0.000138,-0.000016,0.012766,0.401545,0.401545,-0.395455,-0.395455,0.409248,0.402851,-0.390281,-0.388845,0.330473,0.157720
9.918000,-0.000000,0.000000,0.593700,0.000000,0.000000,0.000000,0.000128,0.000000,1.318898,0.001185,0.589804,0.000136,-0.000015,0.012563,0.401545,0.401545,-0.395455,-0.395455,0.409246,0.402849,-0.390283,-0.388847,0.330389,0.157680
9.930000,-0.000000,0.000000,0.593700,0.000000,0.000000,0.000000,0.000128,0.000000,1.318900,0.001185,0.589954,0.000134,-0.000015,0.012365,0.401545,0.401545,-0.395455,-0.395455,0.409244,0.402847,-0.390285,-0.388849,0.330307,0.157640
9.942000,-0.000000,0.000000,0.593700,0.000000,0.000000,0.000000,0.000128,0.000000,1.318901,0.001185,0.590101,0.000132,-0.000014,0.012169,0.401545,0.401545,-0.395455,-0.395455,0.409242,0.402845,-0.390287,-0.388851,0.330226,0.157601
9.954000,-0.000000,0.000000,0.593700,0.000000,0.000000,0.000000,0.000128,0.000000,1.318903,0.001185,0.590245,0.000130,-0.000014,0.011976,0.401545,0.401545,-0.395455,-0.395455,0.409241,0.402843,-0.390289,-0.388853,0.330146,0.157562
9.966000,-0.000000,0.000000,0.593700,0.000000,0.000000,0.000000,0.000128,0.000000,1.318904,0.001184,0.590388,0.000128,-0.000013,0.011786,0.401545,0.401545,-0.395455,-0.395455,0.409239,0.402842,-0.390290,-0.388854,0.330068,0.157524
9.978000,-0.000000,0.000000,0.593700,0.000000,0.000000,0.000000,0.000128,0.000000,1.318906,0.001184,0.590528,0.000126,-0.000013,0.011600,0.401545,0.401545,-0.395455,-0.395455,0.409237,0.402840,-0.390292,-0.388856,0.329991,0.157487
9.990000,-0.000000,0.000000,0.593700,0.000000,0.000000,0.000000,0.000128,0.000000,1.318907,0.001184,0.590666,0.000124,-0.000012,0.011416,0.401545,0.401545,-0.395455,-0.395455,0.409235,0.402838,-0.390294,-0.388858,0.329915,0.157450
