time,Prx,Pry,Prz,Vrx,Vry,Vrz,Yawr,vYawr,Pcx,Pcy,Pcz,Vcx,Vcy,Vcz,Pbx,Pby,Pbz,Vbx,Vby,Vbz,Rollt,Pitcht,Yawt,Rollc,Pitchc,Yawc,Pf0rx,Pf1rx,Pf2rx,Pf3rx,Pf0cx,Pf1cx,Pf2cx,Pf3cx,Pf0ry,Pf1ry,Pf2ry,Pf3ry,Pf0cy,Pf1cy,Pf2cy,Pf3cy,ux,uy,Forcex,Forcey,Forcez
1.000000,0.000000,0.000000,0.593700,0.000000,0.000000,0.000000,-0.000315,0.000000,0.000000,0.000000,0.593700,-0.000000,-0.000000,-0.000000,-0.002347,0.001216,0.596314,0.002672,-0.001071,0.012952,0.000000,0.000000,-0.000315,-0.000140,0.000585,-0.000355,0.401545,0.401545,-0.395455,-0.395455,0.404490,0.402853,-0.393761,-0.394940,0.234832,-0.234832,0.234832,-0.234832,0.233049,-0.236223,0.233161,-0.236820,0.330703,0.156288,0.000000,0.000000,0.000000
1.010000,0.014000,-0.000004,0.593700,2.000000,-0.000630,0.000000,-0.000315,0.000000,0.000104,0.000000,0.593698,0.026135,0.000034,-0.000570,-0.002317,0.001205,0.596439,0.003696,-0.001062,0.011858,0.000000,0.000000,-0.000315,-0.000138,0.000588,-0.000356,0.401545,0.401545,-0.395455,-0.395455,0.404483,0.402846,-0.393666,-0.394895,0.234832,-0.234832,0.234832,-0.234832,0.233061,-0.236212,0.233172,-0.236809,0.330580,0.156263,0.000000,0.000000,0.000000
1.020000,0.034000,-0.000011,0.593700,2.000000,-0.000630,0.000000,-0.000315,0.000000,0.000530,0.000001,0.593686,0.059012,0.000048,-0.001948,-0.002246,0.001195,0.596548,0.009209,-0.001044,0.009556,0.000000,0.000000,-0.000315,-0.000136,0.000617,-0.000356,0.401545,0.401545,-0.395455,-0.395455,0.404533,0.402892,-0.393485,-0.394769,0.234832,-0.234832,0.234832,-0.234832,0.233071,-0.236201,0.233182,-0.236798,0.330418,0.156241,0.000000,0.000000,0.000000
1.030000,0.054000,-0.000017,0.593700,2.000000,-0.000630,0.000000,-0.000315,0.000000,0.001286,0.000001,0.593655,0.092215,0.000044,-0.004384,-0.002076,0.001184,0.596633,0.020511,-0.001028,0.006926,0.000000,0.000000,-0.000315,-0.000133,0.000673,-0.000356,0.401545,0.401545,-0.395455,-0.395455,0.404684,0.403032,-0.393132,-0.394480,0.234832,-0.234832,0.234832,-0.234832,0.233081,-0.236190,0.233191,-0.236788,0.330137,0.156225,0.000000,0.000000,0.000000
1.040000,0.074000,-0.000023,0.593700,2.000000,-0.000630,0.000000,-0.000315,0.000000,0.002375,0.000001,0.593597,0.125525,0.000033,-0.007255,-0.001753,0.001174,0.596687,0.037489,-0.000999,0.004164,0.000000,0.000000,-0.000315,-0.000131,0.000741,-0.000355,0.401545,0.401545,-0.395455,-0.395455,0.404914,0.403267,-0.392591,-0.394015,0.234832,-0.234832,0.234832,-0.234832,0.233089,-0.236181,0.233201,-0.236777,0.329726,0.156215,0.000000,0.000000,0.000000
1.050000,0.094000,-0.000030,0.593700,2.000000,-0.000630,0.000000,-0.000315,0.000000,0.003796,0.000002,0.593511,0.158680,0.000016,-0.009804,-0.001230,0.001164,0.596715,0.058998,-0.000974,0.001940,0.000000,0.000000,-0.000315,-0.000128,0.000810,-0.000348,0.401545,0.401545,-0.395455,-0.395455,0.405175,0.403601,-0.391878,-0.393392,0.234832,-0.234832,0.234832,-0.234832,0.233097,-0.236172,0.233211,-0.236766,0.329190,0.156210,0.000000,0.000000,0.000000
1.060000,0.114000,-0.000036,0.593700,2.000000,-0.000630,0.000000,-0.000315,0.000000,0.005547,0.000002,0.593403,0.191556,-0.000012,-0.011686,-0.000472,0.001155,0.596715,0.083926,-0.000928,-0.000621,0.000000,0.000000,-0.000315,-0.000127,0.000871,-0.000332,0.401545,0.401545,-0.395455,-0.395455,0.405464,0.404013,-0.391044,-0.392640,0.234832,-0.234832,0.234832,-0.234832,0.233101,-0.236167,0.233226,-0.236751,0.328557,0.156215,0.000000,0.000000,0.000000
1.070000,0.134000,-0.000042,0.593700,2.000000,-0.000630,0.000000,-0.000315,0.000000,0.007626,0.000001,0.593281,0.224083,-0.000050,-0.012703,0.000546,0.001146,0.596694,0.111637,-0.000824,-0.002021,0.000000,0.000000,-0.000315,-0.000128,0.000919,-0.000314,0.401545,0.401545,-0.395455,-0.395455,0.405783,0.404478,-0.390284,-0.391794,0.234832,-0.234832,0.234832,-0.234832,0.233104,-0.236164,0.233242,-0.236734,0.327918,0.156231,0.000000,0.000000,0.000000
1.080000,0.154000,-0.000049,0.593700,2.000000,-0.000630,0.000000,-0.000315,0.000000,0.010028,0.000001,0.593152,0.256282,-0.000090,-0.012895,0.001841,0.001137,0.596672,0.140788,-0.000763,-0.001480,0.000000,0.000000,-0.000315,-0.000129,0.000953,-0.000298,0.401545,0.401545,-0.395455,-0.395455,0.406124,0.404976,-0.389658,-0.391059,0.234832,-0.234832,0.234832,-0.234832,0.233107,-0.236160,0.233257,-0.236719,0.327379,0.156241,0.000000,0.000000,0.000000
1.090000,0.174000,-0.000055,0.593700,2.000000,-0.000630,0.000000,-0.000315,0.000000,0.012751,-0.000000,0.593023,0.288437,-0.000128,-0.013094,0.003421,0.001130,0.596673,0.170084,-0.000705,-0.000373,0.000000,0.000000,-0.000315,-0.000130,0.000973,-0.000282,0.401545,0.401545,-0.395455,-0.395455,0.406484,0.405492,-0.389191,-0.390492,0.234832,-0.234832,0.234832,-0.234832,0.233109,-0.236157,0.233271,-0.236704,0.326959,0.156244,0.000000,0.000000,0.000000
1.100000,0.194000,-0.000061,0.593700,2.000000,-0.000630,0.000000,-0.000315,0.000000,0.015798,-0.000002,0.592886,0.320919,-0.000165,-0.014394,0.005292,0.001123,0.596696,0.199769,-0.000696,0.000553,0.000000,0.000000,-0.000315,-0.000130,0.000980,-0.000268,0.401545,0.401545,-0.395455,-0.395455,0.406857,0.406017,-0.388903,-0.390110,0.234832,-0.234832,0.234832,-0.234832,0.233112,-0.236155,0.233284,-0.236691,0.326679,0.156241,0.000000,0.000000,0.000000
1.110000,0.214000,-0.000067,0.593700,2.000000,-0.000630,0.000000,-0.000315,0.000000,0.019171,-0.000004,0.592730,0.353792,-0.000195,-0.016946,0.007462,0.001115,0.596672,0.230395,-0.000765,-0.004211,0.000000,0.000000,-0.000315,-0.000130,0.000980,-0.000259,0.401545,0.401545,-0.395455,-0.395455,0.407231,0.406390,-0.388734,-0.389908,0.234832,-0.234832,0.234832,-0.234832,0.233115,-0.236151,0.233294,-0.236680,0.326564,0.156246,0.000000,0.000000,0.000000
1.120000,0.234000,-0.000074,0.593700,2.000000,-0.000630,0.000000,-0.000315,0.000000,0.022873,-0.000006,0.592550,0.386359,-0.000219,-0.018561,0.010227,0.001108,0.596606,0.278107,-0.000763,-0.004081,0.000000,0.000000,-0.000315,-0.000128,0.000972,-0.000254,0.401545,0.401545,-0.395455,-0.395455,0.407281,0.406412,-0.388715,-0.389759,0.234832,-0.234832,0.234832,-0.234832,0.233117,-0.236131,0.233288,-0.236672,0.326553,0.156260,0.000000,0.000000,0.000000
1.130000,0.254000,-0.000080,0.593700,2.000000,-0.000630,0.000000,-0.000315,0.000000,0.026896,-0.000008,0.592366,0.418267,-0.000237,-0.018173,0.013002,0.001101,0.596534,0.292780,-0.000750,-0.006402,0.000000,0.000000,-0.000315,-0.000129,0.000981,-0.000248,0.401545,0.401545,-0.395455,-0.395455,0.407092,0.406337,-0.388704,-0.389561,0.234832,-0.234832,0.234832,-0.234832,0.233122,-0.236124,0.233298,-0.236662,0.326554,0.156289,0.000000,0.000000,0.000000
1.140000,0.274000,-0.000086,0.593700,2.000000,-0.000630,0.000000,-0.000315,0.000000,0.031237,-0.000010,0.592188,0.450057,-0.000258,-0.017420,0.016040,0.001094,0.596448,0.318006,-0.000644,-0.006683,0.000000,0.000000,-0.000315,-0.000131,0.001002,-0.000237,0.401545,0.401545,-0.395455,-0.395455,0.406944,0.406327,-0.388748,-0.389426,0.234832,-0.234832,0.234832,-0.234832,0.233126,-0.236120,0.233309,-0.236651,0.326589,0.156315,0.000000,0.000000,0.000000
1.150000,0.294000,-0.000093,0.593700,2.000000,-0.000630,0.000000,-0.000315,0.000000,0.035898,-0.000013,0.592015,0.482087,-0.000282,-0.017375,0.019382,0.001089,0.596433,0.347639,-0.000491,-0.002431,0.000000,0.000000,-0.000315,-0.000135,0.001013,-0.000228,0.401545,0.401545,-0.395455,-0.395455,0.406863,0.406379,-0.388887,-0.389475,0.234832,-0.234832,0.234832,-0.234832,0.233129,-0.236116,0.233320,-0.236639,0.326694,0.156319,0.000000,0.000000,0.000000
1.162000,0.318000,-0.000100,0.593700,2.000000,-0.000630,0.000000,-0.000315,0.000000,0.041917,-0.000017,0.591795,0.521301,-0.000305,-0.019634,0.023810,0.001083,0.596363,0.385621,-0.000426,-0.009173,0.000000,0.000000,-0.000315,-0.000137,0.000998,-0.000221,0.401545,0.401545,-0.395455,-0.395455,0.406805,0.406335,-0.389100,-0.389695,0.234832,-0.234832,0.234832,-0.234832,0.233133,-0.236111,0.233330,-0.236629,0.326963,0.156334,0.000000,0.000000,0.000000
1.172000,0.338000,-0.000106,0.593700,1.999999,-0.000630,0.000000,-0.000315,0.000000,0.047294,-0.000020,0.591589,0.553970,-0.000324,-0.021618,0.027855,0.001093,0.596250,0.417675,0.000450,-0.010884,-0.000724,-0.000723,-0.000316,-0.000209,0.000973,-0.000214,0.401545,0.401545,-0.395455,-0.395455,0.406591,0.406133,-0.389205,-0.389807,0.234832,-0.234832,0.234832,-0.234832,0.233162,-0.236082,0.233363,-0.236595,0.327133,0.156340,0.000000,0.000000,0.000000
1.182000,0.358000,-0.000113,0.593700,2.000000,-0.000630,0.000000,-0.000315,0.000000,0.052994,-0.000023,0.591359,0.585930,-0.000344,-0.024432,0.032239,0.001075,0.596137,0.452725,-0.000633,-0.008085,0.000000,0.000000,-0.000315,-0.000212,0.000925,-0.000203,0.401545,0.401545,-0.395455,-0.395455,0.406285,0.405879,-0.389536,-0.390052,0.234832,-0.234832,0.234832,-0.234832,0.233178,-0.236065,0.233386,-0.236571,0.327466,0.156402,0.000000,0.000000,0.000000
1.192000,0.378000,-0.000119,0.593700,1.999999,-0.000630,0.000000,-0.000315,0.000000,0.059013,-0.000027,0.591102,0.617986,-0.000361,-0.026761,0.036936,0.001089,0.596116,0.483386,0.000347,-0.006290,-0.000773,-0.000712,-0.000316,-0.000323,0.000856,-0.000203,0.401545,0.401545,-0.395455,-0.395455,0.405999,0.405658,-0.390033,-0.390524,0.234832,-0.234832,0.234832,-0.234832,0.233227,-0.236016,0.233438,-0.236519,0.327902,0.156382,0.000000,0.000000,0.000000
1.202000,0.398000,-0.000125,0.593700,1.999999,-0.000630,0.000000,-0.000315,0.000000,0.065356,-0.000030,0.590826,0.650731,-0.000371,-0.028428,0.041962,0.001087,0.595975,0.515676,-0.000202,-0.012324,-0.000789,-0.000792,-0.000316,-0.000436,0.000730,-0.000198,0.401545,0.401545,-0.395455,-0.395455,0.405639,0.405285,-0.390482,-0.391015,0.234832,-0.234832,0.234832,-0.234832,0.233295,-0.235947,0.233508,-0.236449,0.328417,0.156414,0.000000,0.000000,0.000000
1.212000,0.418000,-0.000132,0.593700,1.999999,-0.000630,0.000000,-0.000315,0.000000,0.072027,-0.000034,0.590534,0.683252,-0.000390,-0.030005,0.047315,0.001082,0.595824,0.549328,-0.000291,-0.013452,-0.000722,-0.000848,-0.000316,-0.000515,0.000613,-0.000185,0.401545,0.401545,-0.395455,-0.395455,0.405140,0.404818,-0.390937,-0.391465,0.234832,-0.234832,0.234832,-0.234832,0.233342,-0.235900,0.233564,-0.236393,0.328900,0.156465,0.000000,0.000000,0.000000
1.222000,0.438000,-0.000138,0.593700,1.999999,-0.000629,0.000000,-0.000315,0.000000,0.079020,-0.000038,0.590226,0.715281,-0.000406,-0.031275,0.053437,0.001084,0.595761,0.613928,0.000230,-0.008756,-0.000868,-0.000807,-0.000316,-0.000583,0.000495,-0.000185,0.401545,0.401545,-0.395455,-0.395455,0.404504,0.404210,-0.391742,-0.392265,0.234832,-0.234832,0.234832,-0.234832,0.233368,-0.235839,0.233592,-0.236360,0.329609,0.156462,0.000000,0.000000,0.000000
1.232000,0.458000,-0.000144,0.593700,1.999999,-0.000629,0.000000,-0.000315,0.000000,0.086334,-0.000042,0.589913,0.747713,-0.000417,-0.031407,0.059450,0.001090,0.595642,0.619237,-0.000012,-0.011767,-0.000923,-0.000813,-0.000316,-0.000677,0.000415,-0.000177,0.401545,0.401545,-0.395455,-0.395455,0.403749,0.403381,-0.392564,-0.393180,0.234832,-0.234832,0.234832,-0.234832,0.233422,-0.235786,0.233648,-0.236333,0.330480,0.156484,0.000000,0.000000,0.000000
1.242000,0.478000,-0.000151,0.593700,1.999999,-0.000629,0.000000,-0.000315,0.000000,0.093975,-0.000047,0.589594,0.780467,-0.000438,-0.032282,0.065712,0.001082,0.595484,0.641366,-0.000559,-0.012754,-0.000815,-0.000866,-0.000316,-0.000729,0.000369,-0.000165,0.401545,0.401545,-0.395455,-0.395455,0.403021,0.402672,-0.393358,-0.393962,0.234832,-0.234832,0.234832,-0.234832,0.233458,-0.235749,0.233695,-0.236295,0.331254,0.156547,0.000000,0.000000,0.000000
1.252000,0.498000,-0.000157,0.593700,1.999999,-0.000629,0.000000,-0.000315,0.000000,0.101944,-0.000051,0.589267,0.813330,-0.000451,-0.033244,0.072283,0.001077,0.595375,0.669297,-0.000548,-0.016000,-0.000923,-0.000825,-0.000316,-0.000774,0.000313,-0.000168,0.401545,0.401545,-0.395455,-0.395455,0.402399,0.402063,-0.394168,-0.394797,0.234832,-0.234832,0.234832,-0.234832,0.233490,-0.235716,0.233727,-0.236265,0.332072,0.156567,0.000000,0.000000,0.000000
1.262000,0.518000,-0.000163,0.593700,1.999999,-0.000629,0.000000,-0.000315,0.000000,0.110242,-0.000056,0.588929,0.846314,-0.000458,-0.034493,0.079175,0.001069,0.595199,0.701486,-0.000619,-0.018080,-0.000686,-0.001111,-0.000316,-0.000812,0.000247,-0.000164,0.401545,0.401545,-0.395455,-0.395455,0.401723,0.401388,-0.394779,-0.395413,0.234832,-0.234832,0.234832,-0.234832,0.233520,-0.235686,0.233757,-0.236235,0.332686,0.156632,0.000000,0.000000,0.000000
1.272000,0.538000,-0.000169,0.593700,1.999999,-0.000629,0.000000,-0.000315,0.000000,0.118869,-0.000060,0.588571,0.879132,-0.000466,-0.037351,0.086409,0.001061,0.595080,0.736500,-0.000367,-0.013640,-0.000797,-0.000989,-0.000316,-0.000823,0.000162,-0.000166,0.401545,0.401545,-0.395455,-0.395455,0.401033,0.400741,-0.395598,-0.396193,0.234832,-0.234832,0.234832,-0.234832,0.233532,-0.235674,0.233771,-0.236221,0.333493,0.156669,0.000000,0.000000,0.000000
1.282000,0.558000,-0.000176,0.593700,1.999999,-0.000629,0.000000,-0.000315,0.000000,0.127825,-0.000065,0.588184,0.912114,-0.000465,-0.039835,0.093977,0.001055,0.594878,0.768917,-0.000853,-0.019135,-0.000837,-0.001142,-0.000316,-0.000858,0.000097,-0.000175,0.401545,0.401545,-0.395455,-0.395455,0.400330,0.400019,-0.396324,-0.396924,0.234832,-0.234832,0.234832,-0.234832,0.233563,-0.235642,0.233795,-0.236196,0.334247,0.156716,0.000000,0.000000,0.000000
1.292000,0.578000,-0.000182,0.593700,1.999999,-0.000629,0.000000,-0.000315,0.000000,0.137111,-0.000069,0.587775,0.945044,-0.000462,-0.042041,0.101883,0.001048,0.594731,0.804490,-0.000622,-0.011467,-0.000805,-0.001073,-0.000316,-0.000865,0.000033,-0.000183,0.401545,0.401545,-0.395455,-0.395455,0.399562,0.399285,-0.397241,-0.397778,0.234832,-0.234832,0.234832,-0.234832,0.233576,-0.235629,0.233803,-0.236187,0.334811,0.156769,0.000000,0.000000,0.000000
1.302000,0.598000,-0.000188,0.593700,1.999999,-0.000629,0.000000,-0.000315,0.000000,0.146727,-0.000074,0.587344,0.978065,-0.000455,-0.044075,0.110121,0.001048,0.594546,0.835276,-0.000381,-0.018313,-0.000917,-0.001127,-0.000316,-0.000905,-0.000021,-0.000194,0.401545,0.401545,-0.395455,-0.395455,0.398812,0.398527,-0.398064,-0.398622,0.234832,-0.234832,0.234832,-0.234832,0.233601,-0.235603,0.233820,-0.236170,0.334272,0.156798,0.000000,0.000000,0.000000
1.312000,0.618000,-0.000195,0.593700,1.999998,-0.000629,0.000000,-0.000315,0.000000,0.156674,-0.000079,0.586894,1.011296,-0.000447,-0.046101,0.118689,0.001036,0.594365,0.870642,-0.000722,-0.015267,-0.000788,-0.001153,-0.000316,-0.000904,-0.000085,-0.000205,0.401545,0.401545,-0.395455,-0.395455,0.397999,0.397733,-0.398955,-0.399419,0.234832,-0.234832,0.234832,-0.234832,0.233615,-0.235589,0.233827,-0.236162,0.333622,0.156875,0.000000,0.000000,0.000000
1.322000,0.638000,-0.000201,0.593700,1.999998,-0.000629,0.000000,-0.000315,0.000000,0.166952,-0.000083,0.586419,1.044253,-0.000441,-0.049077,0.127598,0.001033,0.594104,0.903260,-0.000755,-0.023528,-0.000819,-0.001319,-0.000316,-0.000924,-0.000132,-0.000214,0.401545,0.401545,-0.395455,-0.395455,0.397156,0.396916,-0.399830,-0.400258,0.234832,-0.234832,0.234832,-0.234832,0.233632,-0.235573,0.233837,-0.236152,0.333081,0.156937,0.000000,0.000000,0.000000
1.332000,0.658000,-0.000207,0.593700,1.999998,-0.000629,0.000000,-0.000315,0.000000,0.177557,-0.000087,0.585910,1.076883,-0.000436,-0.052586,0.136843,0.001031,0.593913,0.938060,0.000112,-0.018786,-0.000823,-0.001162,-0.000315,-0.000920,-0.000185,-0.000222,0.401545,0.401545,-0.395455,-0.395455,0.396262,0.396075,-0.400881,-0.401208,0.234832,-0.234832,0.234832,-0.234832,0.233630,-0.235574,0.233831,-0.236158,0.332323,0.156993,0.000000,0.000000,0.000000
1.342000,0.678000,-0.000213,0.593700,1.999998,-0.000629,0.000000,-0.000315,0.000000,0.188489,-0.000092,0.585368,1.109514,-0.000434,-0.055986,0.146417,0.001026,0.593640,0.970225,-0.000261,-0.025699,-0.000648,-0.001441,-0.000316,-0.000934,-0.000233,-0.000228,0.401545,0.401545,-0.395455,-0.395455,0.395347,0.395194,-0.401849,-0.402103,0.234832,-0.234832,0.234832,-0.234832,0.233644,-0.235560,0.233840,-0.236148,0.331768,0.157073,0.000000,0.000000,0.000000
1.352000,0.698000,-0.000220,0.593700,1.999999,-0.000629,0.000000,-0.000315,0.000000,0.199748,-0.000096,0.584792,1.142357,-0.000434,-0.059073,0.156326,0.001024,0.593462,1.003533,0.000007,-0.020747,-0.000979,-0.001113,-0.000315,-0.000930,-0.000288,-0.000234,0.401545,0.401545,-0.395455,-0.395455,0.394419,0.394288,-0.402940,-0.403107,0.234832,-0.234832,0.234832,-0.234832,0.233642,-0.235561,0.233834,-0.236153,0.330945,0.157097,0.000000,0.000000,0.000000
1.362000,0.718000,-0.000226,0.593700,1.999998,-0.000629,0.000000,-0.000315,0.000000,0.211338,-0.000100,0.584187,1.175558,-0.000433,-0.061869,0.166560,0.001022,0.593237,1.036471,-0.000282,-0.024523,-0.000998,-0.001129,-0.000315,-0.000963,-0.000331,-0.000242,0.401545,0.401545,-0.395455,-0.395455,0.393478,0.393335,-0.403894,-0.404068,0.234832,-0.234832,0.234832,-0.234832,0.233664,-0.235538,0.233851,-0.236135,0.330216,0.157165,0.000000,0.000000,0.000000
1.372000,0.738000,-0.000232,0.593700,1.999999,-0.000629,0.000000,-0.000315,0.000000,0.223260,-0.000105,0.583553,1.208856,-0.000434,-0.064889,0.177131,0.001018,0.592930,1.069350,-0.000639,-0.030041,-0.001005,-0.001205,-0.000315,-0.000994,-0.000333,-0.000247,0.401545,0.401545,-0.395455,-0.395455,0.392499,0.392358,-0.404898,-0.405086,0.234832,-0.234832,0.234832,-0.234832,0.233685,-0.235517,0.233869,-0.236117,0.329531,0.157247,0.000000,0.000000,0.000000
1.382000,0.758000,-0.000239,0.593700,1.999999,-0.000629,0.000000,-0.000315,0.000000,0.235512,-0.000109,0.582884,1.241350,-0.000436,-0.069089,0.188039,0.001014,0.592564,1.104470,-0.000299,-0.034403,-0.000895,-0.001128,-0.000315,-0.001000,-0.000320,-0.000252,0.401545,0.401545,-0.395455,-0.395455,0.391481,0.391352,-0.406053,-0.406151,0.234832,-0.234832,0.234832,-0.234832,0.233690,-0.235511,0.233870,-0.236114,0.328799,0.157355,0.000000,0.000000,0.000000
1.392000,0.778000,-0.000245,0.593700,1.999998,-0.000629,0.000000,-0.000315,0.000000,0.248085,-0.000113,0.582167,1.273437,-0.000440,-0.074361,0.199267,0.001007,0.592323,1.135715,-0.001128,-0.028024,-0.000786,-0.001261,-0.000316,-0.001004,-0.000329,-0.000254,0.401545,0.401545,-0.395455,-0.395455,0.390426,0.390324,-0.407123,-0.407116,0.234832,-0.234832,0.234832,-0.234832,0.233700,-0.235501,0.233879,-0.236105,0.328030,0.157442,0.000000,0.000000,0.000000
1.402000,0.798000,-0.000251,0.593700,1.999998,-0.000629,0.000000,-0.000315,0.000000,0.260982,-0.000118,0.581399,1.305989,-0.000446,-0.079274,0.210828,0.001007,0.591992,1.168082,-0.000533,-0.032109,-0.000927,-0.001316,-0.000315,-0.001004,-0.000349,-0.000254,0.401545,0.401545,-0.395455,-0.395455,0.389377,0.389295,-0.408210,-0.408098,0.234832,-0.234832,0.234832,-0.234832,0.233695,-0.235505,0.233875,-0.236110,0.327293,0.157513,0.000000,0.000000,0.000000
1.414000,0.822000,-0.000259,0.593700,1.999999,-0.000629,0.000000,-0.000315,0.000000,0.276890,-0.000123,0.580412,1.345187,-0.000455,-0.085228,0.225137,0.001005,0.591579,1.208154,-0.000093,-0.031941,-0.000856,-0.001254,-0.000315,-0.000993,-0.000365,-0.000254,0.401545,0.401545,-0.395455,-0.395455,0.388109,0.388047,-0.409565,-0.409294,0.234832,-0.234832,0.234832,-0.234832,0.233685,-0.235514,0.233863,-0.236120,0.326359,0.157626,0.000000,0.000000,0.000000
1.424000,0.842000,-0.000265,0.593700,1.999999,-0.000629,0.000000,-0.000315,0.000000,0.290504,-0.000128,0.579538,1.377679,-0.000470,-0.088581,0.237940,0.000980,0.591179,1.265689,-0.002043,-0.042540,-0.000670,-0.001154,-0.000316,-0.000972,-0.000411,-0.000240,0.401545,0.401545,-0.395455,-0.395455,0.386789,0.386746,-0.410917,-0.410559,0.234832,-0.234832,0.234832,-0.234832,0.233653,-0.235508,0.233934,-0.236107,0.325419,0.157756,0.000000,0.000000,0.000000
1.434000,0.862000,-0.000271,0.593700,1.999999,-0.000629,0.000000,-0.000315,0.000000,0.304442,-0.000133,0.578648,1.409863,-0.000486,-0.089554,0.250524,0.000971,0.590819,1.275567,-0.000532,-0.038489,-0.000721,-0.001052,-0.000315,-0.000949,-0.000396,-0.000236,0.401545,0.401545,-0.395455,-0.395455,0.385540,0.385517,-0.412296,-0.411787,0.234832,-0.234832,0.234832,-0.234832,0.233630,-0.235529,0.233956,-0.236124,0.324445,0.157878,0.000000,0.000000,0.000000
1.444000,0.882000,-0.000278,0.593700,1.999998,-0.000629,0.000000,-0.000315,0.000000,0.318701,-0.000138,0.577748,1.442026,-0.000496,-0.090721,0.263378,0.000968,0.590479,1.298555,-0.000401,-0.032841,-0.000786,-0.001390,-0.000316,-0.000949,-0.000367,-0.000237,0.401545,0.401545,-0.395455,-0.395455,0.384440,0.384430,-0.413488,-0.412912,0.234832,-0.234832,0.234832,-0.234832,0.233627,-0.235532,0.233964,-0.236126,0.323725,0.157962,0.000000,0.000000,0.000000
1.454000,0.902000,-0.000284,0.593700,1.999997,-0.000629,0.000000,-0.000315,0.000000,0.333287,-0.000143,0.576819,1.475273,-0.000510,-0.095519,0.276537,0.000964,0.590093,1.328507,-0.000393,-0.047334,-0.000427,-0.001790,-0.000316,-0.000935,-0.000433,-0.000219,0.401545,0.401545,-0.395455,-0.395455,0.383400,0.383431,-0.414575,-0.413935,0.234832,-0.234832,0.234832,-0.234832,0.233613,-0.235546,0.233965,-0.236129,0.323096,0.158100,0.000000,0.000000,0.000000
1.464000,0.922000,-0.000290,0.593700,1.999997,-0.000629,0.000000,-0.000315,0.000000,0.348207,-0.000148,0.575828,1.508699,-0.000531,-0.102986,0.290032,0.000960,0.589646,1.362197,-0.000106,-0.054782,-0.000493,-0.001703,-0.000316,-0.000872,-0.000546,-0.000202,0.401545,0.401545,-0.395455,-0.395455,0.382383,0.382450,-0.415708,-0.414985,0.234832,-0.234832,0.234832,-0.234832,0.233569,-0.235590,0.233935,-0.236160,0.322379,0.158203,0.000000,0.000000,0.000000
1.474000,0.942000,-0.000297,0.593700,1.999997,-0.000629,0.000000,-0.000315,0.000000,0.363456,-0.000153,0.574752,1.541017,-0.000550,-0.112353,0.303877,0.000960,0.589120,1.397033,-0.000040,-0.051744,-0.000498,-0.001743,-0.000316,-0.000834,-0.000615,-0.000190,0.401545,0.401545,-0.395455,-0.395455,0.381399,0.381452,-0.416890,-0.416172,0.234832,-0.234832,0.234832,-0.234832,0.233538,-0.235620,0.233913,-0.236180,0.321776,0.158342,0.000000,0.000000,0.000000
1.484000,0.962000,-0.000303,0.593700,1.999997,-0.000629,0.000000,-0.000315,0.000000,0.379025,-0.000159,0.573578,1.572595,-0.000565,-0.122499,0.318058,0.000959,0.588615,1.431210,-0.000216,-0.051940,-0.000419,-0.001707,-0.000316,-0.000804,-0.000681,-0.000185,0.401545,0.401545,-0.395455,-0.395455,0.380404,0.380429,-0.418097,-0.417411,0.234832,-0.234832,0.234832,-0.234832,0.233514,-0.235644,0.233896,-0.236196,0.321088,0.158474,0.000000,0.000000,0.000000
1.494000,0.982000,-0.000309,0.593700,1.999997,-0.000629,0.000000,-0.000315,0.000000,0.394910,-0.000165,0.572304,1.604444,-0.000574,-0.132204,0.332570,0.000959,0.588160,1.464223,0.000233,-0.044371,-0.000412,-0.001710,-0.000316,-0.000766,-0.000758,-0.000187,0.401545,0.401545,-0.395455,-0.395455,0.379400,0.379390,-0.419269,-0.418608,0.234832,-0.234832,0.234832,-0.234832,0.233485,-0.235671,0.233868,-0.236222,0.320392,0.158608,0.000000,0.000000,0.000000
1.504000,1.001999,-0.000315,0.593700,1.999997,-0.000630,0.000000,-0.000315,0.000000,0.411117,-0.000170,0.570941,1.637132,-0.000580,-0.140329,0.347414,0.000954,0.587608,1.497233,0.000076,-0.054769,-0.000120,-0.001682,-0.000316,-0.000704,-0.000833,-0.000191,0.401545,0.401545,-0.395455,-0.395455,0.378413,0.378357,-0.420466,-0.419719,0.234832,-0.234832,0.234832,-0.234832,0.233451,-0.235705,0.233833,-0.236257,0.319745,0.158779,0.000000,0.000000,0.000000
1.514000,1.021999,-0.000322,0.593700,1.999997,-0.000630,0.000000,-0.000315,0.000000,0.427653,-0.000176,0.569498,1.669903,-0.000583,-0.148369,0.363100,0.000949,0.587033,1.574189,-0.000947,-0.058269,-0.000412,-0.001701,-0.000315,-0.000650,-0.000890,-0.000191,0.401545,0.401545,-0.395455,-0.395455,0.377335,0.377221,-0.421704,-0.420936,0.234832,-0.234832,0.234832,-0.234832,0.233400,-0.235719,0.233804,-0.236279,0.319041,0.158902,0.000000,0.000000,0.000000
1.524000,1.041999,-0.000328,0.593700,1.999997,-0.000630,0.000000,-0.000315,0.000000,0.444513,-0.000182,0.567994,1.702054,-0.000592,-0.151693,0.378655,0.000925,0.586380,1.578921,-0.001210,-0.059916,0.000035,-0.001511,-0.000316,-0.000576,-0.000915,-0.000186,0.401545,0.401545,-0.395455,-0.395455,0.376081,0.375910,-0.423407,-0.422375,0.234832,-0.234832,0.234832,-0.234832,0.233356,-0.235763,0.233844,-0.236315,0.318199,0.159136,0.000000,0.000000,0.000000
1.534000,1.061999,-0.000334,0.593700,2.000000,-0.000630,0.000000,-0.000315,0.000000,0.461694,-0.000188,0.566463,1.734184,-0.000601,-0.154704,0.394474,0.000917,0.585777,1.596579,-0.000617,-0.056862,0.000000,0.000000,-0.000315,-0.000496,-0.000791,-0.000182,0.401545,0.401545,-0.395455,-0.395455,0.374948,0.374702,-0.424883,-0.423730,0.234832,-0.234832,0.234832,-0.234832,0.233306,-0.235813,0.233822,-0.236360,0.317427,0.159303,0.000000,0.000000,0.000000
1.544000,1.081999,-0.000341,0.593700,2.000000,-0.000630,0.000000,-0.000315,0.000000,0.479199,-0.000194,0.564892,1.766696,-0.000607,-0.159152,0.410580,0.000917,0.585071,1.622967,0.000144,-0.071861,0.000000,0.000000,-0.000315,-0.000432,-0.000519,-0.000184,0.401545,0.401545,-0.395455,-0.395455,0.373886,0.373640,-0.426122,-0.424961,0.234832,-0.234832,0.234832,-0.234832,0.233261,-0.235857,0.233785,-0.236402,0.316796,0.159508,0.000000,0.000000,0.000000
1.554000,1.101999,-0.000347,0.593700,2.000000,-0.000630,0.000000,-0.000315,0.000000,0.497028,-0.000200,0.563277,1.799446,-0.000612,-0.165072,0.427004,0.000917,0.584445,1.654797,-0.000084,-0.066191,0.000000,0.000000,-0.000315,-0.000387,-0.000285,-0.000190,0.401545,0.401545,-0.395455,-0.395455,0.372903,0.372567,-0.427185,-0.426070,0.234832,-0.234832,0.234832,-0.234832,0.233229,-0.235887,0.233754,-0.236434,0.316153,0.159643,0.000000,0.000000,0.000000
1.564000,1.121999,-0.000353,0.593700,2.000000,-0.000630,0.000000,-0.000315,0.000000,0.515188,-0.000206,0.561575,1.832535,-0.000617,-0.175647,0.443760,0.000920,0.583693,1.688019,0.000486,-0.077071,0.000000,0.000000,-0.000315,-0.000347,-0.000111,-0.000184,0.401545,0.401545,-0.395455,-0.395455,0.371946,0.371562,-0.428116,-0.427079,0.234832,-0.234832,0.234832,-0.234832,0.233195,-0.235921,0.233723,-0.236464,0.315623,0.159863,0.000000,0.000000,0.000000
1.574000,1.141999,-0.000360,0.593700,2.000000,-0.000630,0.000000,-0.000315,0.000000,0.533679,-0.000212,0.559758,1.865460,-0.000627,-0.188020,0.460865,0.000894,0.582870,1.723238,-0.001611,-0.084635,0.001231,-0.000241,-0.000315,-0.000204,0.000022,-0.000175,0.401545,0.401545,-0.395455,-0.395455,0.370990,0.370534,-0.429044,-0.427982,0.234832,-0.234832,0.234832,-0.234832,0.233134,-0.235983,0.233670,-0.236517,0.315127,0.160144,0.000000,0.000000,0.000000
1.584000,1.161999,-0.000366,0.593700,2.000000,-0.000630,0.000000,-0.000315,0.000000,0.552496,-0.000219,0.557808,1.897816,-0.000635,-0.202090,0.478324,0.000895,0.582003,1.759154,-0.000383,-0.086734,0.001003,-0.000230,-0.000315,-0.000007,0.000090,-0.000171,0.401545,0.401545,-0.395455,-0.395455,0.369977,0.369518,-0.429937,-0.428924,0.234832,-0.234832,0.234832,-0.234832,0.233011,-0.236104,0.233549,-0.236636,0.314670,0.160344,0.000000,0.000000,0.000000
1.594000,1.181999,-0.000372,0.593700,2.000000,-0.000630,0.000000,-0.000315,0.000000,0.571636,-0.000225,0.555718,1.930328,-0.000644,-0.215606,0.496131,0.000896,0.581166,1.792806,-0.000036,-0.093452,0.001002,-0.000336,-0.000315,0.000142,0.000109,-0.000160,0.401545,0.401545,-0.395455,-0.395455,0.368965,0.368452,-0.430738,-0.429825,0.234832,-0.234832,0.234832,-0.234832,0.232914,-0.236202,0.233461,-0.236723,0.314217,0.160582,0.000000,0.000000,0.000000
1.604000,1.201999,-0.000378,0.593700,2.000000,-0.000630,0.000000,-0.000315,0.000000,0.591103,-0.000232,0.553501,1.963129,-0.000654,-0.227527,0.514302,0.000898,0.580181,1.829511,0.000023,-0.104694,0.001000,-0.000304,-0.000315,0.000262,0.000126,-0.000150,0.401545,0.401545,-0.395455,-0.395455,0.367881,0.367367,-0.431600,-0.430807,0.234832,-0.234832,0.234832,-0.234832,0.232834,-0.236281,0.233391,-0.236793,0.313723,0.160824,0.000000,0.000000,0.000000
1.614000,1.221999,-0.000385,0.593700,2.000000,-0.000630,0.000000,-0.000315,0.000000,0.610897,-0.000238,0.551169,1.995472,-0.000661,-0.239023,0.533173,0.000909,0.579202,1.898378,-0.000708,-0.094465,0.000926,-0.000491,-0.000315,0.000227,0.000187,-0.000157,0.401545,0.401545,-0.395455,-0.395455,0.366817,0.365979,-0.432520,-0.431859,0.234832,-0.234832,0.234832,-0.234832,0.232823,-0.236219,0.233378,-0.236803,0.313073,0.161046,0.000000,0.000000,0.000000
1.624000,1.241999,-0.000391,0.593700,2.000000,-0.000630,0.000000,-0.000315,0.000000,0.631011,-0.000245,0.548743,2.026782,-0.000672,-0.242966,0.552486,0.000880,0.578234,1.930597,-0.000318,-0.121509,0.001348,0.000104,-0.000315,0.000360,0.000145,-0.000118,0.401545,0.401545,-0.395455,-0.395455,0.365551,0.363682,-0.433430,-0.432886,0.234832,-0.234832,0.234832,-0.234832,0.232726,-0.236229,0.233333,-0.236849,0.312089,0.161318,0.000000,0.000000,0.000000
1.634000,1.261999,-0.000397,0.593700,2.000000,-0.000630,0.000000,-0.000315,0.000000,0.651414,-0.000252,0.546370,2.053217,-0.000680,-0.229727,0.572036,0.000886,0.577069,1.964537,0.000350,-0.115505,0.000000,0.000000,-0.000315,0.000340,0.000223,-0.000120,0.401545,0.401545,-0.395455,-0.395455,0.364339,0.361400,-0.434412,-0.433997,0.234832,-0.234832,0.234832,-0.234832,0.232711,-0.236166,0.233315,-0.236865,0.311050,0.161616,0.000000,0.000000,0.000000
1.644000,1.281999,-0.000404,0.593700,2.000000,-0.000630,0.000000,-0.000315,0.000000,0.672068,-0.000258,0.544173,2.077540,-0.000683,-0.209958,0.591620,0.000895,0.575918,1.970319,0.002431,-0.116028,0.000000,0.000000,-0.000315,0.000331,0.000307,-0.000133,0.401545,0.401545,-0.395455,-0.395455,0.362875,0.359326,-0.435379,-0.435119,0.234832,-0.234832,0.234832,-0.234832,0.232675,-0.236172,0.233306,-0.236872,0.310115,0.161861,0.000000,0.000000,0.000000
1.654000,1.301999,-0.000410,0.593700,2.000000,-0.000630,0.000000,-0.000315,0.000000,0.692970,-0.000265,0.542154,2.103202,-0.000681,-0.194706,0.611300,0.000887,0.574677,1.981754,-0.000799,-0.119731,0.000000,0.000000,-0.000315,0.000255,0.000410,-0.000155,0.401545,0.401545,-0.395455,-0.395455,0.361624,0.357837,-0.436342,-0.436230,0.234832,-0.234832,0.234832,-0.234832,0.232738,-0.236109,0.233353,-0.236825,0.309581,0.162259,0.000000,0.000000,0.000000
1.664000,1.321999,-0.000416,0.593700,2.000000,-0.000630,0.000000,-0.000315,0.000000,0.714141,-0.000272,0.540246,2.131214,-0.000680,-0.187258,0.631806,0.000897,0.573363,2.035703,0.000625,-0.150372,0.000000,0.000000,-0.000315,0.000217,0.000437,-0.000167,0.401545,0.401545,-0.395455,-0.395455,0.359814,0.356489,-0.437277,-0.437201,0.234832,-0.234832,0.234832,-0.234832,0.232695,-0.236070,0.233362,-0.236815,0.308820,0.162577,0.000000,0.000000,0.000000
1.676000,1.345999,-0.000424,0.593700,2.000000,-0.000630,0.000000,-0.000315,0.000000,0.739912,-0.000280,0.538069,2.163536,-0.000681,-0.174355,0.656507,0.000870,0.571875,2.074438,-0.002546,-0.118704,0.000000,0.000000,-0.000315,0.000141,0.000508,-0.000178,0.401545,0.401545,-0.395455,-0.395455,0.357973,0.354769,-0.438452,-0.438406,0.234832,-0.234832,0.234832,-0.234832,0.232751,-0.235929,0.233408,-0.236768,0.307988,0.163003,0.000000,0.000000,0.000000
1.686000,1.365999,-0.000430,0.593700,2.000000,-0.000630,0.000000,-0.000315,0.000000,0.761674,-0.000287,0.536405,2.188613,-0.000685,-0.157780,0.677393,0.000850,0.570401,2.091234,-0.000678,-0.147407,0.000000,0.000000,-0.000315,0.000105,0.000505,-0.000161,0.401545,0.401545,-0.395455,-0.395455,0.356710,0.352736,-0.439347,-0.439346,0.234832,-0.234832,0.234832,-0.234832,0.232768,-0.235853,0.233436,-0.236739,0.307376,0.163426,0.000000,0.000000,0.000000
1.696000,1.385999,-0.000436,0.593700,2.000000,-0.000630,0.000000,-0.000315,0.000000,0.783682,-0.000294,0.534922,2.212792,-0.000689,-0.138472,0.698628,0.000826,0.569025,2.124151,-0.002337,-0.149898,0.000000,0.000000,-0.000315,0.000065,0.000540,-0.000162,0.401545,0.401545,-0.395455,-0.395455,0.355621,0.350697,-0.440219,-0.440325,0.234832,-0.234832,0.234832,-0.234832,0.232801,-0.235749,0.233466,-0.236708,0.306702,0.163777,0.000000,0.000000,0.000000
1.706000,1.405999,-0.000443,0.593700,2.000000,-0.000630,0.000000,-0.000315,0.000000,0.805929,-0.000301,0.533638,2.236698,-0.000693,-0.118472,0.720212,0.000836,0.567786,2.155628,0.000229,-0.124600,0.000000,0.000000,-0.000315,0.000034,0.000534,-0.000180,0.401545,0.401545,-0.395455,-0.395455,0.354091,0.348765,-0.441204,-0.441262,0.234832,-0.234832,0.234832,-0.234832,0.232756,-0.235711,0.233450,-0.236703,0.305756,0.164124,0.000000,0.000000,0.000000
1.716000,1.425999,-0.000449,0.593700,2.000000,-0.000630,0.000000,-0.000315,0.000000,0.828415,-0.000308,0.532553,2.260550,-0.000694,-0.098472,0.741547,0.000831,0.566412,2.149243,0.000122,-0.142887,0.000000,0.000000,-0.000315,0.000005,0.000576,-0.000205,0.401545,0.401545,-0.395455,-0.395455,0.352708,0.347509,-0.442320,-0.442230,0.234832,-0.234832,0.234832,-0.234832,0.232778,-0.235687,0.233456,-0.236697,0.305246,0.164486,0.000000,0.000000,0.000000
1.726000,1.445999,-0.000455,0.593700,2.000000,-0.000630,0.000000,-0.000315,0.000000,0.851138,-0.000315,0.531664,2.282953,-0.000696,-0.080945,0.763107,0.000814,0.564931,2.167630,-0.001461,-0.142934,0.000000,0.000000,-0.000315,-0.000013,0.000653,-0.000216,0.401545,0.401545,-0.395455,-0.395455,0.351621,0.346699,-0.443319,-0.443148,0.234832,-0.234832,0.234832,-0.234832,0.232809,-0.235656,0.233477,-0.236674,0.305159,0.164936,0.000000,0.000000,0.000000
1.736000,1.465999,-0.000462,0.593700,2.000000,-0.000630,0.000000,-0.000315,0.000000,0.874042,-0.000322,0.530880,2.295768,-0.000696,-0.077451,0.785736,0.000812,0.563736,2.263609,0.000288,-0.104623,-0.001101,-0.000097,-0.000316,-0.000104,0.000689,-0.000229,0.401545,0.401545,-0.395455,-0.395455,0.350527,0.345549,-0.444276,-0.444029,0.234832,-0.234832,0.234832,-0.234832,0.232814,-0.235498,0.233487,-0.236662,0.304702,0.165196,0.000000,0.000000,0.000000
1.746000,1.485999,-0.000468,0.593700,1.999999,-0.000630,0.000000,-0.000315,0.000000,0.897002,-0.000329,0.530164,2.294441,-0.000696,-0.062689,0.808047,0.000790,0.562138,2.255132,-0.000268,-0.146856,-0.001352,-0.000386,-0.000316,-0.000165,0.000605,-0.000214,0.401545,0.401545,-0.395455,-0.395455,0.349170,0.343735,-0.445206,-0.445015,0.234832,-0.234832,0.234832,-0.234832,0.232835,-0.235428,0.233550,-0.236600,0.304418,0.165670,0.000000,0.000000,0.000000
1.756000,1.505999,-0.000474,0.593700,2.000000,-0.000629,0.000000,-0.000315,0.000000,0.919931,-0.000336,0.529637,2.291883,-0.000695,-0.042689,0.830418,0.000795,0.561019,2.249503,0.000623,-0.112328,-0.001393,-0.000584,-0.000316,-0.000340,0.000516,-0.000224,0.401545,0.401545,-0.395455,-0.395455,0.347656,0.342131,-0.446318,-0.446205,0.234832,-0.234832,0.234832,-0.234832,0.232906,-0.235322,0.233634,-0.236515,0.303685,0.165970,0.000000,0.000000,0.000000
1.766000,1.525999,-0.000480,0.593700,1.999999,-0.000629,0.000000,-0.000315,0.000000,0.942841,-0.000343,0.529310,2.290258,-0.000693,-0.022689,0.852946,0.000774,0.559618,2.263696,-0.001453,-0.122507,-0.000665,-0.000882,-0.000315,-0.000513,0.000411,-0.000229,0.401545,0.401545,-0.395455,-0.395455,0.346131,0.340805,-0.447539,-0.447575,0.234832,-0.234832,0.234832,-0.234832,0.232998,-0.235188,0.233743,-0.236387,0.303118,0.166463,0.000000,0.000000,0.000000
1.776000,1.545999,-0.000487,0.593700,2.000000,-0.000630,0.000000,-0.000315,0.000000,0.965747,-0.000349,0.529183,2.290661,-0.000692,-0.002689,0.875421,0.000758,0.558378,2.258173,-0.001150,-0.119957,-0.000864,-0.000667,-0.000315,-0.000577,0.000294,-0.000242,0.401545,0.401545,-0.395455,-0.395455,0.344680,0.339683,-0.449076,-0.449005,0.234832,-0.234832,0.234832,-0.234832,0.233056,-0.235133,0.233768,-0.236340,0.302658,0.166832,0.000000,0.000000,0.000000
1.786000,1.565999,-0.000493,0.593700,1.999999,-0.000629,0.000000,-0.000315,0.000000,0.988647,-0.000356,0.529256,2.290098,-0.000691,0.017311,0.898027,0.000762,0.557298,2.262387,-0.000203,-0.118885,-0.001065,-0.000976,-0.000315,-0.000725,0.000152,-0.000253,0.401545,0.401545,-0.395455,-0.395455,0.343180,0.338710,-0.450548,-0.450419,0.234832,-0.234832,0.234832,-0.234832,0.233112,-0.235039,0.233833,-0.236275,0.302137,0.167101,0.000000,0.000000,0.000000
1.796000,1.585999,-0.000499,0.593700,2.000000,-0.000630,0.000000,-0.000315,0.000000,1.011545,-0.000363,0.529529,2.289624,-0.000690,0.037311,0.920963,0.000721,0.556288,2.298402,-0.002821,-0.083543,0.000000,0.000000,-0.000315,-0.000744,0.000053,-0.000246,0.401545,0.401545,-0.395455,-0.395455,0.341648,0.337734,-0.452094,-0.452008,0.234832,-0.234832,0.234832,-0.234832,0.233114,-0.234968,0.233872,-0.236184,0.301276,0.167472,0.000000,0.000000,0.000000
1.806000,1.605999,-0.000506,0.593700,2.000000,-0.000630,0.000000,-0.000315,0.000000,1.034447,-0.000370,0.530002,2.289000,-0.000691,0.057311,0.943646,0.000673,0.555142,2.283141,-0.005978,-0.082606,-0.000683,-0.000851,-0.000315,-0.000712,0.000026,-0.000245,0.401545,0.401545,-0.395455,-0.395455,0.339659,0.336800,-0.453717,-0.453656,0.234832,-0.234832,0.234832,-0.234832,0.233224,-0.234965,0.233876,-0.236157,0.300864,0.167886,0.000000,0.000000,0.000000
1.816000,1.625999,-0.000512,0.593700,1.999998,-0.000630,0.000000,-0.000315,0.000000,1.057337,-0.000377,0.530675,2.289218,-0.000691,0.077311,0.966409,0.000630,0.554018,2.275278,-0.006377,-0.115104,0.000172,-0.001042,-0.000316,-0.000719,-0.000077,-0.000233,0.401545,0.401545,-0.395455,-0.395455,0.337870,0.335846,-0.455230,-0.455228,0.234832,-0.234832,0.234832,-0.234832,0.233359,-0.234945,0.233879,-0.236127,0.300325,0.168358,0.000000,0.000000,0.000000
1.826000,1.645999,-0.000518,0.593700,1.999999,-0.000629,0.000000,-0.000315,0.000000,1.080206,-0.000384,0.531549,2.286797,-0.000692,0.097311,0.989084,0.000629,0.553356,2.267440,-0.000763,-0.084693,0.000000,0.000000,-0.000315,-0.000654,-0.000141,-0.000220,0.401545,0.401545,-0.395455,-0.395455,0.336374,0.335017,-0.456776,-0.456634,0.234832,-0.234832,0.234832,-0.234832,0.233357,-0.235005,0.233802,-0.236180,0.299458,0.168464,0.000000,0.000000,0.000000
1.836000,1.665999,-0.000525,0.593700,2.000000,-0.000630,0.000000,-0.000315,0.000000,1.103063,-0.000391,0.532602,2.283782,-0.000693,0.111377,1.011833,0.000616,0.552464,2.273224,-0.000219,-0.068203,0.000000,0.000000,-0.000315,-0.000548,-0.000069,-0.000209,0.401545,0.401545,-0.395455,-0.395455,0.335160,0.334302,-0.458451,-0.457926,0.234832,-0.234832,0.234832,-0.234832,0.233324,-0.235057,0.233721,-0.236220,0.299023,0.168809,0.000000,0.000000,0.000000
1.846000,1.685999,-0.000531,0.593700,2.000000,-0.000630,0.000000,-0.000315,0.000000,1.125905,-0.000398,0.533741,2.283915,-0.000695,0.115262,1.034564,0.000615,0.551836,2.271943,-0.000239,-0.061351,0.000000,0.000000,-0.000315,-0.000479,0.000028,-0.000192,0.401545,0.401545,-0.395455,-0.395455,0.334210,0.333605,-0.460031,-0.459070,0.234832,-0.234832,0.234832,-0.234832,0.233287,-0.235101,0.233667,-0.236255,0.298637,0.168980,0.000000,0.000000,0.000000
1.856000,1.705999,-0.000537,0.593700,2.000000,-0.000630,0.000000,-0.000315,0.000000,1.148743,-0.000405,0.534893,2.283920,-0.000696,0.114753,1.057263,0.000615,0.551194,2.272536,0.000156,-0.052846,0.000000,0.000000,-0.000315,-0.000439,0.000078,-0.000177,0.401545,0.401545,-0.395455,-0.395455,0.333311,0.332960,-0.461285,-0.460174,0.234832,-0.234832,0.234832,-0.234832,0.233255,-0.235134,0.233646,-0.236276,0.298301,0.169183,0.000000,0.000000,0.000000
1.866000,1.725999,-0.000543,0.593700,2.000000,-0.000630,0.000000,-0.000315,0.000000,1.171582,-0.000412,0.536032,2.284008,-0.000697,0.112935,1.079992,0.000606,0.550728,2.273232,-0.000292,-0.055009,0.000000,0.000000,-0.000315,-0.000378,0.000133,-0.000179,0.401545,0.401545,-0.395455,-0.395455,0.332619,0.332392,-0.462393,-0.461166,0.234832,-0.234832,0.234832,-0.234832,0.233227,-0.235164,0.233617,-0.236305,0.297824,0.169339,0.000000,0.000000,0.000000
1.876000,1.745999,-0.000550,0.593700,2.000000,-0.000630,0.000000,-0.000315,0.000000,1.194412,-0.000419,0.537150,2.281714,-0.000697,0.110822,1.102776,0.000597,0.550062,2.280171,-0.001208,-0.053650,0.000000,0.000000,-0.000315,-0.000335,0.000214,-0.000175,0.401545,0.401545,-0.395455,-0.395455,0.331954,0.331853,-0.463420,-0.462187,0.234832,-0.234832,0.234832,-0.234832,0.233210,-0.235183,0.233602,-0.236319,0.297628,0.169575,0.000000,0.000000,0.000000
1.886000,1.765999,-0.000556,0.593700,2.000000,-0.000630,0.000000,-0.000315,0.000000,1.217204,-0.000426,0.538248,2.276603,-0.000696,0.108682,1.125584,0.000598,0.549748,2.281628,-0.000236,-0.029003,0.000000,0.000000,-0.000315,-0.000305,0.000261,-0.000184,0.401545,0.401545,-0.395455,-0.395455,0.331250,0.331242,-0.464414,-0.463139,0.234832,-0.234832,0.234832,-0.234832,0.233188,-0.235206,0.233574,-0.236346,0.297160,0.169670,0.000000,0.000000,0.000000
1.896000,1.785999,-0.000562,0.593700,2.000000,-0.000630,0.000000,-0.000315,0.000000,1.239962,-0.000433,0.539324,2.275675,-0.000695,0.106572,1.148420,0.000593,0.549501,2.284038,-0.000388,-0.013218,0.000000,0.000000,-0.000315,-0.000277,0.000277,-0.000190,0.401545,0.401545,-0.395455,-0.395455,0.330566,0.330632,-0.465356,-0.464145,0.234832,-0.234832,0.234832,-0.234832,0.233174,-0.235220,0.233557,-0.236363,0.296685,0.169730,0.000000,0.000000,0.000000
1.906000,1.805999,-0.000569,0.593700,2.000000,-0.000630,0.000000,-0.000315,0.000000,1.262735,-0.000440,0.540379,2.279063,-0.000695,0.104503,1.171260,0.000588,0.549383,2.283010,-0.000352,-0.016104,0.000000,0.000000,-0.000315,-0.000251,0.000251,-0.000192,0.401545,0.401545,-0.395455,-0.395455,0.330009,0.329978,-0.466170,-0.465068,0.234832,-0.234832,0.234832,-0.234832,0.233161,-0.235234,0.233542,-0.236378,0.296128,0.169773,0.000000,0.000000,0.000000
1.916000,1.825999,-0.000575,0.593700,1.999999,-0.000630,0.000000,-0.000315,0.000000,1.285533,-0.000447,0.541414,2.279779,-0.000694,0.102475,1.194153,0.000574,0.549189,2.288933,-0.000356,0.000575,0.000000,0.000000,-0.000315,-0.000157,0.000288,-0.000206,0.401545,0.401545,-0.395455,-0.395455,0.329445,0.329325,-0.467021,-0.465936,0.234832,-0.234832,0.234832,-0.234832,0.233115,-0.235255,0.233478,-0.236424,0.295626,0.169858,0.000000,0.000000,0.000000
1.928000,1.849999,-0.000583,0.593700,1.999999,-0.000629,0.000000,-0.000315,0.000000,1.312882,-0.000455,0.542630,2.278014,-0.000693,0.100093,1.221726,0.000528,0.549089,2.293464,-0.005578,-0.012794,0.001252,0.000618,-0.000314,-0.000098,0.000290,-0.000202,0.401545,0.401545,-0.395455,-0.395455,0.328749,0.328526,-0.467894,-0.466907,0.234832,-0.234832,0.234832,-0.234832,0.233092,-0.235256,0.233586,-0.236419,0.294986,0.169958,0.000000,0.000000,0.000000
1.938000,1.869999,-0.000589,0.593700,1.999999,-0.000629,0.000000,-0.000315,0.000000,1.335656,-0.000462,0.543621,2.276841,-0.000692,0.098150,1.244662,0.000516,0.548976,2.292287,-0.000856,-0.010014,0.001191,0.000998,-0.000314,0.000106,0.000427,-0.000214,0.401545,0.401545,-0.395455,-0.395455,0.328154,0.327908,-0.468631,-0.467713,0.234832,-0.234832,0.234832,-0.234832,0.232974,-0.235377,0.233498,-0.236546,0.294409,0.169998,0.000000,0.000000,0.000000
1.948000,1.889999,-0.000595,0.593700,2.000000,-0.000630,0.000000,-0.000315,0.000000,1.358414,-0.000469,0.544593,2.274752,-0.000691,0.096245,1.267603,0.000517,0.548999,2.292334,0.000644,-0.006744,0.000000,0.000000,-0.000315,0.000223,0.000553,-0.000222,0.401545,0.401545,-0.395455,-0.395455,0.327559,0.327266,-0.469178,-0.468394,0.234832,-0.234832,0.234832,-0.234832,0.232894,-0.235437,0.233427,-0.236632,0.293954,0.169937,0.000000,0.000000,0.000000
1.958000,1.909999,-0.000601,0.593700,1.999999,-0.000629,0.000000,-0.000315,0.000000,1.381150,-0.000476,0.545546,2.273042,-0.000689,0.094377,1.290563,0.000516,0.549234,2.293283,-0.000039,0.020390,0.000000,0.000000,-0.000315,0.000261,0.000607,-0.000232,0.401545,0.401545,-0.395455,-0.395455,0.327029,0.326589,-0.469708,-0.469023,0.234832,-0.234832,0.234832,-0.234832,0.232858,-0.235443,0.233391,-0.236657,0.293148,0.169815,0.000000,0.000000,0.000000
1.968000,1.929999,-0.000608,0.593700,1.999999,-0.000629,0.000000,-0.000315,0.000000,1.403884,-0.000483,0.546480,2.272369,-0.000689,0.092545,1.313509,0.000502,0.549123,2.294164,-0.002495,0.014201,0.001020,0.000894,-0.000314,0.000258,0.000604,-0.000233,0.401545,0.401545,-0.395455,-0.395455,0.326508,0.325965,-0.470179,-0.469577,0.234832,-0.234832,0.234832,-0.234832,0.232866,-0.235435,0.233426,-0.236648,0.292752,0.169941,0.000000,0.000000,0.000000
1.978000,1.949999,-0.000614,0.593700,1.999999,-0.000629,0.000000,-0.000315,0.000000,1.426601,-0.000489,0.547397,2.271331,-0.000688,0.090749,1.336467,0.000505,0.549384,2.291912,0.000885,0.014057,0.000597,0.001053,-0.000315,0.000411,0.000686,-0.000247,0.401545,0.401545,-0.395455,-0.395455,0.325942,0.325476,-0.470661,-0.470067,0.234832,-0.234832,0.234832,-0.234832,0.232757,-0.235530,0.233331,-0.236750,0.292036,0.169780,0.000000,0.000000,0.000000
1.988000,1.969999,-0.000620,0.593700,1.999999,-0.000630,0.000000,-0.000315,0.000000,1.449309,-0.000496,0.548296,2.271528,-0.000687,0.088988,1.359376,0.000484,0.549531,2.289913,-0.004326,0.006546,0.000000,0.000000,-0.000315,0.000350,0.000681,-0.000250,0.401545,0.401545,-0.395455,-0.395455,0.325534,0.324952,-0.470960,-0.470474,0.234832,-0.234832,0.234832,-0.234832,0.232835,-0.235439,0.233365,-0.236715,0.291618,0.169757,0.000000,0.000000,0.000000
1.998000,1.989999,-0.000627,0.593700,2.000000,-0.000630,0.000000,-0.000315,0.000000,1.472020,-0.000503,0.549177,2.269245,-0.000687,0.087261,1.382363,0.000477,0.549505,2.295988,-0.001942,0.006343,0.001264,0.000854,-0.000314,0.000333,0.000671,-0.000259,0.401545,0.401545,-0.395455,-0.395455,0.324942,0.324424,-0.471256,-0.470813,0.234832,-0.234832,0.234832,-0.234832,0.232860,-0.235424,0.233349,-0.236715,0.291144,0.169847,0.000000,0.000000,0.000000
2.008000,2.009999,-0.000633,0.593700,2.000000,-0.000630,0.000000,-0.000315,0.000000,1.494685,-0.000510,0.550041,2.264637,-0.000685,0.085567,1.405327,0.000505,0.549864,2.293055,0.001038,0.020296,0.000000,0.000000,-0.000315,0.000290,0.000642,-0.000264,0.401545,0.401545,-0.395455,-0.395455,0.324385,0.323928,-0.471632,-0.471181,0.234832,-0.234832,0.234832,-0.234832,0.232840,-0.235413,0.233298,-0.236733,0.290542,0.169555,0.000000,0.000000,0.000000
2.018000,2.029999,-0.000639,0.593700,2.000000,-0.000630,0.000000,-0.000315,0.000000,1.517329,-0.000517,0.550888,2.264952,-0.000685,0.083907,1.428240,0.000477,0.550106,2.288129,-0.001467,0.017923,0.000000,0.000000,-0.000315,0.000200,0.000660,-0.000267,0.401545,0.401545,-0.395455,-0.395455,0.323979,0.323505,-0.471984,-0.471647,0.234832,-0.234832,0.234832,-0.234832,0.232899,-0.235359,0.233341,-0.236577,0.289926,0.169514,0.000000,0.000000,0.000000
2.030000,2.053999,-0.000647,0.593700,2.000000,-0.000630,0.000000,-0.000315,0.000000,1.544516,-0.000525,0.551883,2.265047,-0.000685,0.081956,1.455736,0.000467,0.550342,2.287682,-0.000427,0.008387,0.000000,0.000000,-0.000315,0.000132,0.000591,-0.000273,0.401545,0.401545,-0.395455,-0.395455,0.323432,0.323145,-0.472259,-0.472082,0.234832,-0.234832,0.234832,-0.234832,0.232921,-0.235325,0.233370,-0.236502,0.289484,0.169410,0.000000,0.000000,0.000000
2.042000,2.077999,-0.000654,0.593700,2.000000,-0.000630,0.000000,-0.000315,0.000000,1.571676,-0.000533,0.552855,2.261810,-0.000684,0.080051,1.483195,0.000460,0.550784,2.284205,-0.001084,0.027953,0.000000,0.000000,-0.000315,0.000080,0.000524,-0.000280,0.401545,0.401545,-0.395455,-0.395455,0.323051,0.322762,-0.472611,-0.472485,0.234832,-0.234832,0.234832,-0.234832,0.232957,-0.235270,0.233362,-0.236472,0.288944,0.169269,0.000000,0.000000,0.000000
2.054000,2.101999,-0.000662,0.593700,2.000000,-0.000630,0.000000,-0.000315,0.000000,1.598802,-0.000542,0.553805,2.259149,-0.000683,0.078190,1.510629,0.000446,0.551107,2.284467,-0.003249,0.049119,0.000000,0.000000,-0.000315,0.000034,0.000480,-0.000276,0.401545,0.401545,-0.395455,-0.395455,0.322585,0.322550,-0.472905,-0.472918,0.234832,-0.234832,0.234832,-0.234832,0.232965,-0.235246,0.233389,-0.236385,0.288563,0.169166,0.000000,0.000000,0.000000
2.064000,2.121999,-0.000668,0.593700,2.000000,-0.000630,0.000000,-0.000315,0.000000,1.621385,-0.000548,0.554579,2.257678,-0.000682,0.076673,1.533425,0.000478,0.551454,2.276934,0.001994,0.032214,0.000000,0.000000,-0.000315,-0.000109,0.000427,-0.000281,0.401545,0.401545,-0.395455,-0.395455,0.322342,0.322324,-0.473157,-0.473179,0.234832,-0.234832,0.234832,-0.234832,0.233004,-0.235192,0.233382,-0.236356,0.288186,0.168995,0.000000,0.000000,0.000000
2.076000,2.145999,-0.000676,0.593700,2.000000,-0.000630,0.000000,-0.000315,0.000000,1.648473,-0.000557,0.555488,2.256643,-0.000682,0.074891,1.560759,0.000444,0.551796,2.274927,-0.000414,0.036768,0.000000,0.000000,-0.000315,-0.000092,0.000415,-0.000286,0.401545,0.401545,-0.395455,-0.395455,0.322028,0.322184,-0.473512,-0.473513,0.234832,-0.234832,0.234832,-0.234832,0.233027,-0.235169,0.233361,-0.236295,0.287788,0.168937,0.000000,0.000000,0.000000
2.088000,2.169999,-0.000683,0.593700,2.000000,-0.000630,0.000000,-0.000315,0.000000,1.675540,-0.000565,0.556377,2.253822,-0.000681,0.073150,1.588100,0.000455,0.552220,2.275528,0.000122,0.034185,-0.001204,-0.000612,-0.000315,-0.000140,0.000400,-0.000296,0.401545,0.401545,-0.395455,-0.395455,0.321747,0.322118,-0.473978,-0.473763,0.234832,-0.234832,0.234832,-0.234832,0.233048,-0.235137,0.233284,-0.236255,0.287513,0.168745,0.000000,0.000000,0.000000
2.100000,2.193999,-0.000691,0.593700,2.000000,-0.000630,0.000000,-0.000315,0.000000,1.702587,-0.000573,0.557244,2.253254,-0.000680,0.071450,1.615326,0.000451,0.552659,2.268702,-0.003080,0.044235,-0.001730,-0.000565,-0.000315,-0.000459,0.000281,-0.000283,0.401545,0.401545,-0.395455,-0.395455,0.321575,0.322018,-0.474375,-0.474063,0.234832,-0.234832,0.234832,-0.234832,0.233204,-0.234956,0.233434,-0.236018,0.287183,0.168556,0.000000,0.000000,0.000000
2.112000,2.217999,-0.000698,0.593700,1.999999,-0.000629,0.000000,-0.000315,0.000000,1.729635,-0.000581,0.558092,2.254677,-0.000681,0.069789,1.642456,0.000435,0.553237,2.258882,-0.001023,0.040639,-0.000917,-0.001168,-0.000315,-0.000513,0.000173,-0.000283,0.401545,0.401545,-0.395455,-0.395455,0.321466,0.322109,-0.474736,-0.474213,0.234832,-0.234832,0.234832,-0.234832,0.233252,-0.234909,0.233438,-0.235973,0.287037,0.168477,0.000000,0.000000,0.000000
2.124000,2.241999,-0.000706,0.593700,2.000000,-0.000630,0.000000,-0.000315,0.000000,1.756693,-0.000589,0.558919,2.254407,-0.000682,0.068167,1.669559,0.000415,0.553647,2.259266,-0.001243,0.045074,-0.000985,-0.000631,-0.000315,-0.000489,0.000142,-0.000275,0.401545,0.401545,-0.395455,-0.395455,0.321432,0.322233,-0.475035,-0.474301,0.234832,-0.234832,0.234832,-0.234832,0.233253,-0.234909,0.233418,-0.235954,0.286737,0.168358,0.000000,0.000000,0.000000
2.136000,2.265999,-0.000714,0.593700,1.999999,-0.000629,0.000000,-0.000315,0.000000,1.783721,-0.000597,0.559728,2.251269,-0.000681,0.066582,1.696622,0.000406,0.554287,2.252594,0.001355,0.042614,-0.000927,-0.000970,-0.000315,-0.000508,0.000151,-0.000276,0.401545,0.401545,-0.395455,-0.395455,0.321457,0.322346,-0.475188,-0.474429,0.234832,-0.234832,0.234832,-0.234832,0.233258,-0.234906,0.233402,-0.235911,0.286542,0.168140,0.000000,0.000000,0.000000
2.148000,2.289999,-0.000721,0.593700,2.000000,-0.000630,0.000000,-0.000315,0.000000,1.810738,-0.000606,0.560517,2.251337,-0.000682,0.065034,1.723685,0.000361,0.554639,2.255400,-0.002564,0.030772,0.000000,0.000000,-0.000315,-0.000500,0.000124,-0.000269,0.401545,0.401545,-0.395455,-0.395455,0.321091,0.322431,-0.475369,-0.474404,0.234832,-0.234832,0.234832,-0.234832,0.233359,-0.234863,0.233405,-0.235878,0.286228,0.168209,0.000000,0.000000,0.000000
2.160000,2.313999,-0.000729,0.593700,2.000000,-0.000630,0.000000,-0.000315,0.000000,1.837735,-0.000614,0.561289,2.248814,-0.000682,0.063523,1.750785,0.000358,0.555527,2.256161,-0.000032,0.058806,0.000000,0.000000,-0.000315,-0.000423,0.000216,-0.000261,0.401545,0.401545,-0.395455,-0.395455,0.320805,0.322643,-0.475680,-0.474412,0.234832,-0.234832,0.234832,-0.234832,0.233360,-0.234904,0.233269,-0.235896,0.285651,0.167840,0.000000,0.000000,0.000000
2.172000,2.337999,-0.000736,0.593700,2.000000,-0.000630,0.000000,-0.000315,0.000000,1.864736,-0.000622,0.562042,2.251874,-0.000684,0.062046,1.777656,0.000347,0.556135,2.242604,-0.001213,0.059231,0.000000,0.000000,-0.000315,-0.000426,0.000164,-0.000247,0.401545,0.401545,-0.395455,-0.395455,0.320919,0.322839,-0.475908,-0.474283,0.234832,-0.234832,0.234832,-0.234832,0.233370,-0.234903,0.233281,-0.235884,0.285532,0.167706,0.000000,0.000000,0.000000
2.184000,2.361999,-0.000744,0.593700,2.000000,-0.000630,0.000000,-0.000315,0.000000,1.891761,-0.000630,0.562778,2.251160,-0.000685,0.060604,1.804523,0.000340,0.556685,2.240133,-0.000389,0.040019,0.000000,0.000000,-0.000315,-0.000375,0.000218,-0.000238,0.401545,0.401545,-0.395455,-0.395455,0.321286,0.323121,-0.475822,-0.474121,0.234832,-0.234832,0.234832,-0.234832,0.233341,-0.234935,0.233257,-0.235909,0.285494,0.167525,0.000000,0.000000,0.000000
2.196000,2.385999,-0.000751,0.593700,2.000000,-0.000630,0.000000,-0.000315,0.000000,1.918754,-0.000638,0.563497,2.248937,-0.000684,0.059195,1.831485,0.000332,0.557358,2.247058,-0.000036,0.034627,0.000000,0.000000,-0.000315,-0.000325,0.000281,-0.000241,0.401545,0.401545,-0.395455,-0.395455,0.321691,0.323429,-0.475646,-0.474033,0.234832,-0.234832,0.234832,-0.234832,0.233301,-0.234952,0.233226,-0.235929,0.285399,0.167311,0.000000,0.000000,0.000000
2.208000,2.409999,-0.000759,0.593700,2.000000,-0.000630,0.000000,-0.000315,0.000000,1.945717,-0.000647,0.564199,2.244967,-0.000684,0.057819,1.858447,0.000320,0.557945,2.248156,-0.000507,0.060207,0.000000,0.000000,-0.000315,-0.000287,0.000346,-0.000237,0.401545,0.401545,-0.395455,-0.395455,0.321984,0.323659,-0.475534,-0.474141,0.234832,-0.234832,0.234832,-0.234832,0.233287,-0.234968,0.233210,-0.235937,0.285247,0.167169,0.000000,0.000000,0.000000
2.220000,2.433999,-0.000766,0.593700,2.000000,-0.000630,0.000000,-0.000315,0.000000,1.972653,-0.000655,0.564885,2.244663,-0.000683,0.056475,1.885376,0.000286,0.558671,2.245224,-0.001376,0.049446,0.001320,0.000401,-0.000314,-0.000104,0.000352,-0.000244,0.401545,0.401545,-0.395455,-0.395455,0.322297,0.323820,-0.475410,-0.474107,0.234832,-0.234832,0.234832,-0.234832,0.233217,-0.235040,0.233138,-0.236014,0.285028,0.167046,0.000000,0.000000,0.000000
2.232000,2.457999,-0.000774,0.593700,2.000000,-0.000630,0.000000,-0.000315,0.000000,1.999611,-0.000663,0.565554,2.247129,-0.000684,0.055163,1.912326,0.000298,0.559364,2.246620,0.000722,0.049579,0.000707,0.000767,-0.000315,0.000019,0.000414,-0.000246,0.401545,0.401545,-0.395455,-0.395455,0.322557,0.323985,-0.475193,-0.474080,0.234832,-0.234832,0.234832,-0.234832,0.233126,-0.235130,0.233048,-0.236105,0.284773,0.166737,0.000000,0.000000,0.000000
2.244000,2.481999,-0.000782,0.593700,1.999999,-0.000629,0.000000,-0.000315,0.000000,2.026565,-0.000671,0.566209,2.245141,-0.000683,0.053880,1.939317,0.000263,0.560096,2.249781,-0.002489,0.056441,0.001098,0.000780,-0.000314,0.000153,0.000482,-0.000248,0.401545,0.401545,-0.395455,-0.395455,0.322852,0.324019,-0.475014,-0.473972,0.234832,-0.234832,0.234832,-0.234832,0.233086,-0.235172,0.233004,-0.236148,0.284545,0.166590,0.000000,0.000000,0.000000
2.256000,2.505999,-0.000789,0.593700,1.999999,-0.000629,0.000000,-0.000315,0.000000,2.053500,-0.000679,0.566848,2.244511,-0.000682,0.052628,1.966342,0.000260,0.560801,2.251888,-0.000558,0.049473,0.001007,0.000763,-0.000314,0.000340,0.000603,-0.000252,0.401545,0.401545,-0.395455,-0.395455,0.323003,0.324057,-0.474781,-0.473884,0.234832,-0.234832,0.234832,-0.234832,0.232973,-0.235283,0.232892,-0.236261,0.284293,0.166366,0.000000,0.000000,0.000000
2.268000,2.529999,-0.000797,0.593700,1.999999,-0.000630,0.000000,-0.000315,0.000000,2.080419,-0.000688,0.567472,2.241664,-0.000682,0.051405,1.993403,0.000260,0.561390,2.254646,-0.002353,0.054096,0.000584,0.000836,-0.000315,0.000319,0.000702,-0.000257,0.401545,0.401545,-0.395455,-0.395455,0.323179,0.323889,-0.474565,-0.473871,0.234832,-0.234832,0.234832,-0.234832,0.232979,-0.235259,0.232893,-0.236260,0.284016,0.166157,0.000000,0.000000,0.000000
2.280000,2.553999,-0.000804,0.593700,1.999999,-0.000629,0.000000,-0.000315,0.000000,2.107299,-0.000696,0.568081,2.238243,-0.000680,0.050210,2.020493,0.000246,0.561936,2.256476,-0.002455,0.046926,0.000995,0.000826,-0.000314,0.000382,0.000843,-0.000264,0.401545,0.401545,-0.395455,-0.395455,0.323192,0.323716,-0.474473,-0.473928,0.234832,-0.234832,0.234832,-0.234832,0.232952,-0.235286,0.232861,-0.236291,0.283691,0.166034,0.000000,0.000000,0.000000
2.292000,2.577999,-0.000812,0.593700,1.999999,-0.000630,0.000000,-0.000315,0.000000,2.134158,-0.000704,0.568677,2.238698,-0.000681,0.049043,2.047563,0.000240,0.562755,2.253981,-0.002781,0.045105,0.000653,0.001179,-0.000315,0.000407,0.000838,-0.000271,0.401545,0.401545,-0.395455,-0.395455,0.323071,0.323509,-0.474309,-0.473871,0.234832,-0.234832,0.234832,-0.234832,0.232930,-0.235286,0.232844,-0.236309,0.283028,0.165734,0.000000,0.000000,0.000000
2.304000,2.601999,-0.000819,0.593700,2.000000,-0.000630,0.000000,-0.000315,0.000000,2.161018,-0.000712,0.569259,2.237347,-0.000680,0.047903,2.074652,0.000245,0.563412,2.256786,-0.002261,0.068439,0.000000,0.000000,-0.000315,0.000342,0.000850,-0.000275,0.401545,0.401545,-0.395455,-0.395455,0.322962,0.323267,-0.474218,-0.473922,0.234832,-0.234832,0.234832,-0.234832,0.232932,-0.235241,0.232863,-0.236289,0.282634,0.165483,0.000000,0.000000,0.000000
2.316000,2.625999,-0.000827,0.593700,1.999999,-0.000629,0.000000,-0.000315,0.000000,2.187847,-0.000720,0.569827,2.233711,-0.000679,0.046789,2.101710,0.000249,0.564120,2.254396,0.000656,0.082705,0.000532,0.000905,-0.000315,0.000402,0.000858,-0.000277,0.401545,0.401545,-0.395455,-0.395455,0.322721,0.323101,-0.474189,-0.473966,0.234832,-0.234832,0.234832,-0.234832,0.232884,-0.235271,0.232737,-0.236303,0.282106,0.165298,0.000000,0.000000,0.000000
2.326000,2.645999,-0.000833,0.593700,2.000000,-0.000630,0.000000,-0.000315,0.000000,2.210194,-0.000727,0.570290,2.235274,-0.000679,0.045881,2.124242,0.000259,0.564521,2.251565,-0.000011,0.041775,0.000118,0.001198,-0.000315,0.000324,0.000848,-0.000281,0.401545,0.401545,-0.395455,-0.395455,0.322654,0.322982,-0.474094,-0.473938,0.234832,-0.234832,0.234832,-0.234832,0.232910,-0.235245,0.232759,-0.236265,0.281751,0.165120,0.000000,0.000000,0.000000
2.338000,2.669999,-0.000841,0.593700,2.000000,-0.000630,0.000000,-0.000315,0.000000,2.237002,-0.000735,0.570834,2.232188,-0.000679,0.044815,2.151324,0.000234,0.565008,2.254457,-0.000227,0.044770,0.000000,0.000000,-0.000315,0.000237,0.000834,-0.000281,0.401545,0.401545,-0.395455,-0.395455,0.322554,0.322791,-0.474024,-0.474065,0.234832,-0.234832,0.234832,-0.234832,0.232960,-0.235177,0.232782,-0.236132,0.281520,0.165020,0.000000,0.000000,0.000000
2.350000,2.693999,-0.000848,0.593700,2.000000,-0.000630,0.000000,-0.000315,0.000000,2.263753,-0.000743,0.571366,2.227210,-0.000677,0.043773,2.178303,0.000218,0.565772,2.246692,-0.003205,0.066095,-0.001027,0.000287,-0.000316,0.000164,0.000713,-0.000292,0.401545,0.401545,-0.395455,-0.395455,0.322354,0.322521,-0.474052,-0.474076,0.234832,-0.234832,0.234832,-0.234832,0.233008,-0.235092,0.232771,-0.236032,0.280989,0.164665,0.000000,0.000000,0.000000
2.362000,2.717999,-0.000856,0.593700,2.000000,-0.000630,0.000000,-0.000315,0.000000,2.290489,-0.000751,0.571885,2.228049,-0.000678,0.042756,2.205264,0.000195,0.566327,2.245543,-0.003770,0.070306,0.000000,0.000000,-0.000315,0.000077,0.000624,-0.000290,0.401545,0.401545,-0.395455,-0.395455,0.322196,0.322407,-0.474021,-0.474148,0.234832,-0.234832,0.234832,-0.234832,0.233060,-0.235040,0.232812,-0.235902,0.280595,0.164553,0.000000,0.000000,0.000000
2.374000,2.741999,-0.000863,0.593700,2.000000,-0.000630,0.000000,-0.000315,0.000000,2.317221,-0.000760,0.572392,2.225491,-0.000677,0.041762,2.232236,0.000185,0.566863,2.248033,-0.001076,0.078580,0.000000,0.000000,-0.000315,0.000032,0.000576,-0.000300,0.401545,0.401545,-0.395455,-0.395455,0.322051,0.322372,-0.474111,-0.474224,0.234832,-0.234832,0.234832,-0.234832,0.233065,-0.235019,0.232764,-0.235792,0.280271,0.164408,0.000000,0.000000,0.000000
2.386000,2.765999,-0.000871,0.593700,2.000000,-0.000630,0.000000,-0.000315,0.000000,2.343913,-0.000768,0.572887,2.223385,-0.000676,0.040791,2.259109,0.000167,0.567370,2.237825,-0.003078,0.053223,0.000000,0.000000,-0.000315,-0.000130,0.000491,-0.000303,0.401545,0.401545,-0.395455,-0.395455,0.321872,0.322300,-0.474180,-0.474336,0.234832,-0.234832,0.234832,-0.234832,0.233167,-0.234896,0.232820,-0.235644,0.280006,0.164205,0.000000,0.000000,0.000000
2.398000,2.789999,-0.000879,0.593700,2.000000,-0.000630,0.000000,-0.000315,0.000000,2.370590,-0.000776,0.573371,2.222926,-0.000676,0.039843,2.285939,0.000203,0.567831,2.232431,0.003830,0.036891,-0.001417,-0.000767,-0.000315,-0.000234,0.000439,-0.000308,0.401545,0.401545,-0.395455,-0.395455,0.321753,0.322291,-0.474361,-0.474374,0.234832,-0.234832,0.234832,-0.234832,0.233188,-0.234877,0.232750,-0.235619,0.279855,0.163991,0.000000,0.000000,0.000000
2.410000,2.813999,-0.000886,0.593700,2.000000,-0.000629,0.000000,-0.000315,0.000000,2.397262,-0.000784,0.573843,2.222101,-0.000675,0.038917,2.312748,0.000180,0.568436,2.230980,-0.000820,0.049288,-0.000949,-0.000687,-0.000315,-0.000529,0.000324,-0.000306,0.401545,0.401545,-0.395455,-0.395455,0.321685,0.322264,-0.474455,-0.474437,0.234832,-0.234832,0.234832,-0.234832,0.233348,-0.234677,0.232921,-0.235370,0.279496,0.163834,0.000000,0.000000,0.000000
2.422000,2.837999,-0.000894,0.593700,1.999999,-0.000629,0.000000,-0.000315,0.000000,2.423927,-0.000792,0.574305,2.221178,-0.000675,0.038012,2.339474,0.000146,0.568946,2.227762,-0.000471,0.049019,-0.001123,-0.001149,-0.000315,-0.000488,0.000290,-0.000308,0.401545,0.401545,-0.395455,-0.395455,0.321668,0.322415,-0.474591,-0.474375,0.234832,-0.234832,0.234832,-0.234832,0.233361,-0.234648,0.232886,-0.235360,0.279368,0.163710,0.000000,0.000000,0.000000
2.434000,2.861999,-0.000901,0.593700,2.000000,-0.000630,0.000000,-0.000315,0.000000,2.450576,-0.000800,0.574756,2.220816,-0.000675,0.037129,2.366187,0.000124,0.569595,2.226473,-0.004412,0.047056,-0.001507,-0.000496,-0.000315,-0.000629,0.000148,-0.000298,0.401545,0.401545,-0.395455,-0.395455,0.321704,0.322603,-0.474595,-0.474348,0.234832,-0.234832,0.234832,-0.234832,0.233429,-0.234566,0.232975,-0.235176,0.278993,0.163491,0.000000,0.000000,0.000000
2.446000,2.885999,-0.000909,0.593700,2.000000,-0.000630,0.000000,-0.000315,0.000000,2.477226,-0.000808,0.575196,2.221041,-0.000676,0.036266,2.392749,0.000101,0.570109,2.214394,-0.002385,0.040774,-0.000906,-0.000624,-0.000315,-0.000658,0.000108,-0.000297,0.401545,0.401545,-0.395455,-0.395455,0.321815,0.322846,-0.474552,-0.474378,0.234832,-0.234832,0.234832,-0.234832,0.233460,-0.234537,0.233007,-0.235146,0.278958,0.163405,0.000000,0.000000,0.000000
2.458000,2.909999,-0.000916,0.593700,2.000000,-0.000630,0.000000,-0.000315,0.000000,2.503852,-0.000816,0.575626,2.216609,-0.000675,0.035423,2.419532,0.000053,0.570543,2.226790,-0.004774,0.049598,0.000000,0.000000,-0.000315,-0.000583,0.000149,-0.000300,0.401545,0.401545,-0.395455,-0.395455,0.321954,0.323042,-0.474705,-0.474587,0.234832,-0.234832,0.234832,-0.234832,0.233453,-0.234547,0.232949,-0.235045,0.278976,0.163360,0.000000,0.000000,0.000000
2.470000,2.933999,-0.000924,0.593700,2.000000,-0.000630,0.000000,-0.000315,0.000000,2.530444,-0.000824,0.576046,2.215990,-0.000676,0.034599,2.446215,0.000028,0.571200,2.222859,-0.002080,0.047932,0.000000,0.000000,-0.000315,-0.000530,0.000132,-0.000284,0.401545,0.401545,-0.395455,-0.395455,0.322131,0.323297,-0.474796,-0.475021,0.234832,-0.234832,0.234832,-0.234832,0.233404,-0.234597,0.232869,-0.234931,0.278702,0.163180,0.000000,0.000000,0.000000
2.482000,2.957999,-0.000931,0.593700,2.000000,-0.000630,0.000000,-0.000315,0.000000,2.557061,-0.000833,0.576457,2.219584,-0.000677,0.033911,2.472648,0.000029,0.571814,2.204172,-0.000420,0.039808,0.000000,0.000000,-0.000315,-0.000446,0.000172,-0.000287,0.401545,0.401545,-0.395455,-0.395455,0.322429,0.323653,-0.474860,-0.475191,0.234832,-0.234832,0.234832,-0.234832,0.233356,-0.234647,0.232787,-0.234984,0.278688,0.162934,0.000000,0.000000,0.000000
2.494000,2.981999,-0.000939,0.593700,2.000000,-0.000630,0.000000,-0.000315,0.000000,2.583692,-0.000841,0.576859,2.218200,-0.000677,0.033073,2.499173,0.000020,0.572369,2.216109,-0.001209,0.057394,0.000000,0.000000,-0.000315,-0.000383,0.000263,-0.000285,0.401545,0.401545,-0.395455,-0.395455,0.322845,0.323927,-0.474714,-0.475064,0.234832,-0.234832,0.234832,-0.234832,0.233307,-0.234667,0.232739,-0.235004,0.278638,0.162778,0.000000,0.000000,0.000000
2.506000,3.005999,-0.000947,0.593700,2.000000,-0.000631,0.000000,-0.000315,0.000000,2.610294,-0.000849,0.577251,2.215321,-0.000676,0.032256,2.525579,-0.000031,0.572886,2.205889,-0.005459,0.053323,0.000000,0.000000,-0.000315,-0.000266,0.000307,-0.000284,0.401545,0.401545,-0.395455,-0.395455,0.323132,0.324221,-0.474535,-0.474765,0.234832,-0.234832,0.234832,-0.234832,0.233369,-0.234704,0.232704,-0.235041,0.278749,0.162781,0.000000,0.000000,0.000000
2.518000,3.029999,-0.000954,0.593700,2.000000,-0.000630,0.000000,-0.000315,0.000000,2.636870,-0.000857,0.577633,2.214491,-0.000676,0.031492,2.551983,-0.000008,0.573500,2.202170,0.000616,0.051559,0.000000,0.000000,-0.000315,-0.000194,0.000304,-0.000280,0.401545,0.401545,-0.395455,-0.395455,0.323442,0.324493,-0.474305,-0.474394,0.234832,-0.234832,0.234832,-0.234832,0.233303,-0.234795,0.232615,-0.235130,0.278626,0.162487,0.000000,0.000000,0.000000
2.530000,3.053999,-0.000962,0.593700,2.000000,-0.000630,0.000000,-0.000315,0.000000,2.663448,-0.000865,0.578007,2.214929,-0.000677,0.030757,2.578428,-0.000013,0.573935,2.205881,0.000015,0.035697,0.000000,0.000000,-0.000315,-0.000174,0.000327,-0.000264,0.401545,0.401545,-0.395455,-0.395455,0.323760,0.324743,-0.474011,-0.474075,0.234832,-0.234832,0.234832,-0.234832,0.233290,-0.234816,0.232610,-0.235137,0.278626,0.162422,0.000000,0.000000,0.000000
2.542000,3.077999,-0.000969,0.593700,2.000000,-0.000630,0.000000,-0.000315,0.000000,2.690025,-0.000873,0.578372,2.214688,-0.000677,0.030042,2.604909,-0.000017,0.574579,2.208888,-0.000793,0.037384,0.000000,0.000000,-0.000315,-0.000164,0.000320,-0.000262,0.401545,0.401545,-0.395455,-0.395455,0.324094,0.324890,-0.473703,-0.473731,0.234832,-0.234832,0.234832,-0.234832,0.233282,-0.234826,0.232603,-0.235145,0.278493,0.162204,0.000000,0.000000,0.000000
2.554000,3.101999,-0.000977,0.593700,2.000000,-0.000630,0.000000,-0.000315,0.000000,2.716599,-0.000881,0.578729,2.214039,-0.000677,0.029749,2.631451,-0.000041,0.575087,2.213768,-0.001829,0.039132,0.001218,0.000503,-0.000314,-0.000021,0.000356,-0.000253,0.401545,0.401545,-0.395455,-0.395455,0.324309,0.325028,-0.473447,-0.473472,0.234832,-0.234832,0.234832,-0.234832,0.233217,-0.234892,0.232547,-0.235204,0.278345,0.162123,0.000000,0.000000,0.000000
2.566000,3.125999,-0.000984,0.593700,1.999999,-0.000629,0.000000,-0.000315,0.000000,2.743147,-0.000889,0.579081,2.211334,-0.000676,0.028836,2.658030,-0.000036,0.575748,2.215694,0.000509,0.053752,0.000000,0.000000,-0.000315,0.000202,0.000457,-0.000253,0.401545,0.401545,-0.395455,-0.395455,0.324447,0.325039,-0.473286,-0.473233,0.234832,-0.234832,0.234832,-0.234832,0.233071,-0.235037,0.232402,-0.235350,0.278054,0.161874,0.000000,0.000000,0.000000
2.576000,3.145999,-0.000991,0.593700,1.999999,-0.000629,0.000000,-0.000315,0.000000,2.765262,-0.000896,0.579374,2.212146,-0.000676,0.031084,2.680205,-0.000027,0.576132,2.216989,0.002215,0.028397,0.000805,0.001105,-0.000315,0.000287,0.000530,-0.000259,0.401545,0.401545,-0.395455,-0.395455,0.324580,0.325030,-0.473151,-0.473080,0.234832,-0.234832,0.234832,-0.234832,0.233006,-0.235105,0.232328,-0.235423,0.277833,0.161758,0.000000,0.000000,0.000000
2.588000,3.169999,-0.000998,0.593700,1.999999,-0.000629,0.000000,-0.000315,0.000000,2.791799,-0.000904,0.579739,2.210182,-0.000676,0.028965,2.706856,-0.000054,0.576670,2.220012,-0.001547,0.042174,0.001136,0.001046,-0.000314,0.000414,0.000690,-0.000260,0.401545,0.401545,-0.395455,-0.395455,0.324655,0.324934,-0.473060,-0.473022,0.234832,-0.234832,0.234832,-0.234832,0.232954,-0.235155,0.232283,-0.235457,0.277589,0.161641,0.000000,0.000000,0.000000
2.600000,3.193999,-0.001006,0.593700,1.999999,-0.000629,0.000000,-0.000315,0.000000,2.818303,-0.000912,0.580073,2.207790,-0.000675,0.027082,2.733505,-0.000042,0.577113,2.220561,0.000710,0.035669,0.001101,0.000782,-0.000314,0.000502,0.000815,-0.000263,0.401545,0.401545,-0.395455,-0.395455,0.324666,0.324891,-0.472974,-0.472947,0.234832,-0.234832,0.234832,-0.234832,0.232878,-0.235231,0.232206,-0.235535,0.277437,0.161503,0.000000,0.000000,0.000000
2.612000,3.217999,-0.001013,0.593700,2.000000,-0.000630,0.000000,-0.000315,0.000000,2.844780,-0.000920,0.580392,2.205632,-0.000675,0.026148,2.760165,-0.000025,0.577674,2.219809,0.000221,0.042511,0.000000,0.000000,-0.000315,0.000438,0.000841,-0.000260,0.401545,0.401545,-0.395455,-0.395455,0.324684,0.324739,-0.472922,-0.472901,0.234832,-0.234832,0.234832,-0.234832,0.232888,-0.235203,0.232199,-0.235513,0.277118,0.161248,0.000000,0.000000,0.000000
2.624000,3.241999,-0.001021,0.593700,2.000000,-0.000630,0.000000,-0.000315,0.000000,2.871240,-0.000929,0.580702,2.204891,-0.000675,0.025483,2.786825,-0.000030,0.578091,2.219646,-0.000560,0.036854,0.000000,0.000000,-0.000315,0.000354,0.000720,-0.000260,0.401545,0.401545,-0.395455,-0.395455,0.324591,0.324596,-0.472837,-0.472873,0.234832,-0.234832,0.234832,-0.234832,0.232920,-0.235143,0.232247,-0.235464,0.276849,0.161113,0.000000,0.000000,0.000000
2.636000,3.265999,-0.001028,0.593700,2.000000,-0.000630,0.000000,-0.000315,0.000000,2.897687,-0.000937,0.581004,2.202572,-0.000675,0.024883,2.813497,-0.000047,0.578549,2.218992,-0.000323,0.035847,0.000000,0.000000,-0.000315,0.000252,0.000708,-0.000256,0.401545,0.401545,-0.395455,-0.395455,0.324492,0.324391,-0.472804,-0.472973,0.234832,-0.234832,0.234832,-0.234832,0.232968,-0.235097,0.232293,-0.235324,0.276464,0.161001,0.000000,0.000000,0.000000
2.648000,3.289999,-0.001036,0.593700,1.999999,-0.000630,0.000000,-0.000315,0.000000,2.924110,-0.000945,0.581299,2.201412,-0.000674,0.024304,2.840131,-0.000046,0.579023,2.216094,0.000706,0.030211,0.000000,0.000000,-0.000315,0.000220,0.000702,-0.000272,0.401545,0.401545,-0.395455,-0.395455,0.324263,0.324263,-0.472855,-0.473003,0.234832,-0.234832,0.234832,-0.234832,0.232980,-0.235068,0.232240,-0.235287,0.276036,0.160814,0.000000,0.000000,0.000000
2.660000,3.313999,-0.001044,0.593700,2.000000,-0.000630,0.000000,-0.000315,0.000000,2.950525,-0.000953,0.581588,2.199768,-0.000674,0.023739,2.866756,-0.000038,0.579357,2.217674,0.000819,0.042667,0.000000,0.000000,-0.000315,0.000130,0.000660,-0.000277,0.401545,0.401545,-0.395455,-0.395455,0.324021,0.324028,-0.472848,-0.472937,0.234832,-0.234832,0.234832,-0.234832,0.233006,-0.235007,0.232239,-0.235232,0.275837,0.160686,0.000000,0.000000,0.000000
2.672000,3.337999,-0.001051,0.593700,2.000000,-0.000630,0.000000,-0.000315,0.000000,2.976915,-0.000961,0.581869,2.198604,-0.000674,0.023187,2.893309,-0.000049,0.579754,2.210971,-0.000947,0.024748,0.000000,0.000000,-0.000315,0.000073,0.000559,-0.000277,0.401545,0.401545,-0.395455,-0.395455,0.323901,0.323911,-0.472852,-0.472901,0.234832,-0.234832,0.234832,-0.234832,0.233045,-0.234970,0.232243,-0.235154,0.275611,0.160552,0.000000,0.000000,0.000000
2.684000,3.361999,-0.001059,0.593700,2.000000,-0.000630,0.000000,-0.000315,0.000000,3.003288,-0.000969,0.582144,2.196768,-0.000673,0.022648,2.919868,-0.000054,0.580136,2.210361,0.000017,0.039620,0.000000,0.000000,-0.000315,0.000039,0.000526,-0.000287,0.401545,0.401545,-0.395455,-0.395455,0.323722,0.323689,-0.472938,-0.472846,0.234832,-0.234832,0.234832,-0.234832,0.233070,-0.234929,0.232216,-0.235136,0.275128,0.160461,0.000000,0.000000,0.000000
2.696000,3.385999,-0.001066,0.593700,2.000000,-0.000630,0.000000,-0.000315,0.000000,3.029636,-0.000977,0.582413,2.194740,-0.000672,0.022122,2.946379,-0.000075,0.580340,2.208096,-0.003362,0.015414,0.000000,0.000000,-0.000315,-0.000062,0.000462,-0.000292,0.401545,0.401545,-0.395455,-0.395455,0.323609,0.323596,-0.472982,-0.472804,0.234832,-0.234832,0.234832,-0.234832,0.233152,-0.234833,0.232270,-0.235043,0.275086,0.160450,0.000000,0.000000,0.000000
2.708000,3.409999,-0.001074,0.593700,2.000000,-0.000630,0.000000,-0.000315,0.000000,3.055965,-0.000985,0.582675,2.193357,-0.000672,0.021608,2.972849,-0.000072,0.580935,2.202518,-0.002509,0.037552,-0.001092,-0.000304,-0.000315,-0.000157,0.000417,-0.000294,0.401545,0.401545,-0.395455,-0.395455,0.323451,0.323549,-0.473147,-0.472794,0.234832,-0.234832,0.234832,-0.234832,0.233184,-0.234779,0.232276,-0.234978,0.274721,0.160194,0.000000,0.000000,0.000000
2.720000,3.433999,-0.001081,0.593700,2.000000,-0.000630,0.000000,-0.000315,0.000000,3.082286,-0.000993,0.582931,2.193806,-0.000672,0.021106,2.999269,-0.000058,0.581079,2.200637,0.001751,0.011847,-0.001304,-0.000541,-0.000315,-0.000279,0.000369,-0.000295,0.401545,0.401545,-0.395455,-0.395455,0.323411,0.323664,-0.473272,-0.472747,0.234832,-0.234832,0.234832,-0.234832,0.233230,-0.234735,0.232287,-0.234914,0.274749,0.160101,0.000000,0.000000,0.000000
2.732000,3.457999,-0.001089,0.593700,1.999999,-0.000629,0.000000,-0.000315,0.000000,3.108595,-0.001001,0.583182,2.191194,-0.000671,0.020615,3.025688,-0.000083,0.581518,2.198217,-0.003038,0.023032,-0.000938,-0.001009,-0.000315,-0.000369,0.000299,-0.000289,0.401545,0.401545,-0.395455,-0.395455,0.323245,0.323861,-0.473488,-0.472724,0.234832,-0.234832,0.234832,-0.234832,0.233300,-0.234648,0.232333,-0.234788,0.274668,0.160052,0.000000,0.000000,0.000000
2.744000,3.481999,-0.001096,0.593700,2.000000,-0.000629,0.000000,-0.000315,0.000000,3.134883,-0.001009,0.583426,2.190393,-0.000671,0.020136,3.052019,-0.000065,0.581818,2.193762,0.000663,0.036175,0.000000,0.000000,-0.000315,-0.000555,0.000184,-0.000293,0.401545,0.401545,-0.395455,-0.395455,0.323127,0.324031,-0.473715,-0.472669,0.234832,-0.234832,0.234832,-0.234832,0.233367,-0.234561,0.232388,-0.234702,0.274399,0.159911,0.000000,0.000000,0.000000
2.756000,3.505999,-0.001104,0.593700,1.999999,-0.000629,0.000000,-0.000315,0.000000,3.161168,-0.001017,0.583665,2.189915,-0.000671,0.019668,3.078366,-0.000086,0.582108,2.195321,-0.000419,0.018957,0.000000,0.000000,-0.000315,-0.000598,0.000110,-0.000292,0.401545,0.401545,-0.395455,-0.395455,0.323166,0.324213,-0.473987,-0.472613,0.234832,-0.234832,0.234832,-0.234832,0.233423,-0.234508,0.232371,-0.234628,0.274394,0.159877,0.000000,0.000000,0.000000
2.768000,3.529999,-0.001112,0.593700,2.000000,-0.000629,0.000000,-0.000315,0.000000,3.187443,-0.001025,0.583898,2.189358,-0.000671,0.019211,3.104698,-0.000102,0.582659,2.192008,-0.002290,0.041001,-0.001316,-0.000886,-0.000315,-0.000673,0.000076,-0.000284,0.401545,0.401545,-0.395455,-0.395455,0.323270,0.324347,-0.474462,-0.472629,0.234832,-0.234832,0.234832,-0.234832,0.233472,-0.234460,0.232361,-0.234482,0.274295,0.159639,0.000000,0.000000,0.000000
2.780000,3.553999,-0.001119,0.593700,2.000000,-0.000630,0.000000,-0.000315,0.000000,3.213719,-0.001034,0.584126,2.189851,-0.000672,0.018764,3.130847,-0.000149,0.582938,2.181978,-0.003764,0.038010,-0.000679,-0.000848,-0.000315,-0.000681,0.000007,-0.000274,0.401545,0.401545,-0.395455,-0.395455,0.323440,0.324578,-0.474564,-0.472698,0.234832,-0.234832,0.234832,-0.234832,0.233513,-0.234420,0.232408,-0.234408,0.274332,0.159678,0.000000,0.000000,0.000000
2.792000,3.577999,-0.001127,0.593700,2.000000,-0.000630,0.000000,-0.000315,0.000000,3.239994,-0.001042,0.584349,2.188565,-0.000672,0.018328,3.157044,-0.000172,0.583272,2.185472,-0.002835,0.036073,0.000000,0.000000,-0.000315,-0.000577,0.000070,-0.000277,0.401545,0.401545,-0.395455,-0.395455,0.323680,0.324922,-0.474531,-0.472701,0.234832,-0.234832,0.234832,-0.234832,0.233467,-0.234469,0.232338,-0.234415,0.274277,0.159610,0.000000,0.000000,0.000000
2.804000,3.601999,-0.001134,0.593700,2.000000,-0.000630,0.000000,-0.000315,0.000000,3.266251,-0.001050,0.584566,2.188101,-0.000672,0.017902,3.183111,-0.000183,0.583659,2.175364,-0.000782,0.027489,0.000000,0.000000,-0.000315,-0.000486,0.000144,-0.000270,0.401545,0.401545,-0.395455,-0.395455,0.324022,0.325268,-0.474326,-0.472766,0.234832,-0.234832,0.234832,-0.234832,0.233413,-0.234524,0.232288,-0.234468,0.274413,0.159480,0.000000,0.000000,0.000000
2.816000,3.625999,-0.001142,0.593700,2.000000,-0.000630,0.000000,-0.000315,0.000000,3.292505,-0.001058,0.584778,2.187723,-0.000672,0.017486,3.209169,-0.000197,0.584003,2.173527,-0.000792,0.023666,0.000000,0.000000,-0.000315,-0.000404,0.000213,-0.000274,0.401545,0.401545,-0.395455,-0.395455,0.324366,0.325632,-0.474107,-0.472605,0.234832,-0.234832,0.234832,-0.234832,0.233374,-0.234564,0.232252,-0.234508,0.274563,0.159419,0.000000,0.000000,0.000000
2.826000,3.645999,-0.001148,0.593700,2.000000,-0.000630,0.000000,-0.000315,0.000000,3.314375,-0.001064,0.584951,2.186245,-0.000672,0.017146,3.230895,-0.000206,0.584276,2.175125,-0.001160,0.030972,0.000000,0.000000,-0.000315,-0.000360,0.000253,-0.000269,0.401545,0.401545,-0.395455,-0.395455,0.324680,0.325864,-0.473886,-0.472413,0.234832,-0.234832,0.234832,-0.234832,0.233351,-0.234588,0.232233,-0.234530,0.274655,0.159349,0.000000,0.000000,0.000000
2.838000,3.669999,-0.001156,0.593700,2.000000,-0.000630,0.000000,-0.000315,0.000000,3.340602,-0.001072,0.585155,2.184937,-0.000671,0.016748,3.256992,-0.000214,0.584624,2.176564,-0.000596,0.027700,0.000000,0.000000,-0.000315,-0.000307,0.000281,-0.000272,0.401545,0.401545,-0.395455,-0.395455,0.324987,0.326140,-0.473672,-0.472144,0.234832,-0.234832,0.234832,-0.234832,0.233322,-0.234619,0.232202,-0.234562,0.274724,0.159265,0.000000,0.000000,0.000000
2.850000,3.693999,-0.001163,0.593700,2.000000,-0.000630,0.000000,-0.000315,0.000000,3.366816,-0.001081,0.585354,2.184404,-0.000671,0.016778,3.283151,-0.000220,0.585174,2.180877,-0.000595,0.040505,0.000000,0.000000,-0.000315,-0.000273,0.000287,-0.000268,0.401545,0.401545,-0.395455,-0.395455,0.325281,0.326271,-0.473473,-0.471961,0.234832,-0.234832,0.234832,-0.234832,0.233294,-0.234627,0.232173,-0.234582,0.274624,0.159087,0.000000,0.000000,0.000000
2.862000,3.717999,-0.001171,0.593700,2.000000,-0.000630,0.000000,-0.000315,0.000000,3.393030,-0.001089,0.585570,2.184181,-0.000671,0.018247,3.309321,-0.000238,0.585285,2.183487,-0.001681,0.020472,0.000000,0.000000,-0.000315,-0.000235,0.000278,-0.000267,0.401545,0.401545,-0.395455,-0.395455,0.325539,0.326264,-0.473336,-0.471773,0.234832,-0.234832,0.234832,-0.234832,0.233279,-0.234642,0.232185,-0.234593,0.274612,0.159071,0.000000,0.000000,0.000000
2.874000,3.741999,-0.001178,0.593700,2.000000,-0.000630,0.000000,-0.000315,0.000000,3.419227,-0.001097,0.585776,2.181466,-0.000671,0.016284,3.335504,-0.000231,0.585726,2.183036,0.002478,0.032475,0.000000,0.000000,-0.000315,-0.000192,0.000294,-0.000270,0.401545,0.401545,-0.395455,-0.395455,0.325666,0.326253,-0.473168,-0.471674,0.234832,-0.234832,0.234832,-0.234832,0.233230,-0.234692,0.232139,-0.234644,0.274504,0.158960,0.000000,0.000000,0.000000
2.886000,3.765999,-0.001186,0.593700,1.999999,-0.000629,0.000000,-0.000315,0.000000,3.445401,-0.001105,0.585972,2.181250,-0.000670,0.017073,3.361718,-0.000286,0.586162,2.184381,-0.002834,0.034631,0.001658,0.000725,-0.000314,0.000037,0.000342,-0.000265,0.401545,0.401545,-0.395455,-0.395455,0.325709,0.326239,-0.472973,-0.471590,0.234832,-0.234832,0.234832,-0.234832,0.233156,-0.234768,0.232068,-0.234717,0.274214,0.158956,0.000000,0.000000,0.000000
2.898000,3.789999,-0.001193,0.593700,1.999999,-0.000629,0.000000,-0.000315,0.000000,3.471574,-0.001113,0.586185,2.180746,-0.000670,0.018160,3.387959,-0.000266,0.586444,2.186158,0.001406,0.018859,0.000958,0.001109,-0.000314,0.000221,0.000471,-0.000265,0.401545,0.401545,-0.395455,-0.395455,0.325730,0.326163,-0.472777,-0.471487,0.234832,-0.234832,0.234832,-0.234832,0.233013,-0.234912,0.231924,-0.234863,0.273970,0.158777,0.000000,0.000000,0.000000
2.910000,3.813999,-0.001201,0.593700,2.000000,-0.000629,0.000000,-0.000315,0.000000,3.497729,-0.001121,0.586389,2.178151,-0.000669,0.015689,3.414235,-0.000283,0.586740,2.188919,0.000215,0.022666,0.001151,0.000958,-0.000314,0.000409,0.000638,-0.000268,0.401545,0.401545,-0.395455,-0.395455,0.325633,0.326046,-0.472639,-0.471422,0.234832,-0.234832,0.234832,-0.234832,0.232899,-0.235008,0.231831,-0.234959,0.273769,0.158710,0.000000,0.000000,0.000000
2.922000,3.837999,-0.001209,0.593700,1.999999,-0.000630,0.000000,-0.000315,0.000000,3.523853,-0.001129,0.586568,2.176003,-0.000669,0.014276,3.440518,-0.000265,0.587106,2.189195,0.000802,0.040477,0.000000,0.000000,-0.000315,0.000391,0.000716,-0.000273,0.401545,0.401545,-0.395455,-0.395455,0.325497,0.325787,-0.472496,-0.471406,0.234832,-0.234832,0.234832,-0.234832,0.232878,-0.235012,0.231808,-0.234982,0.273523,0.158544,0.000000,0.000000,0.000000
2.934000,3.861999,-0.001216,0.593700,2.000000,-0.000630,0.000000,-0.000315,0.000000,3.549966,-0.001137,0.586743,2.175908,-0.000669,0.015021,3.466792,-0.000269,0.587355,2.188701,0.000866,0.023218,0.000000,0.000000,-0.000315,0.000358,0.000713,-0.000273,0.401545,0.401545,-0.395455,-0.395455,0.325437,0.325580,-0.472285,-0.471402,0.234832,-0.234832,0.234832,-0.234832,0.232887,-0.234971,0.231817,-0.234973,0.273312,0.158465,0.000000,0.000000,0.000000
2.946000,3.885999,-0.001224,0.593700,2.000000,-0.000630,0.000000,-0.000315,0.000000,3.576072,-0.001145,0.586924,2.175045,-0.000669,0.015280,3.493054,-0.000274,0.587787,2.185942,0.000314,0.023933,0.000550,0.000842,-0.000315,0.000277,0.000649,-0.000283,0.401545,0.401545,-0.395455,-0.395455,0.325434,0.325340,-0.472134,-0.471330,0.234832,-0.234832,0.234832,-0.234832,0.232932,-0.234914,0.231855,-0.234935,0.272930,0.158344,0.000000,0.000000,0.000000
2.958000,3.909999,-0.001231,0.593700,2.000000,-0.000630,0.000000,-0.000315,0.000000,3.602159,-0.001153,0.587098,2.172886,-0.000669,0.013691,3.519335,-0.000281,0.587978,2.186868,-0.000248,0.023768,0.000000,0.000000,-0.000315,0.000229,0.000662,-0.000284,0.401545,0.401545,-0.395455,-0.395455,0.325345,0.325220,-0.472022,-0.471358,0.234832,-0.234832,0.234832,-0.234832,0.232959,-0.234886,0.231876,-0.234895,0.272744,0.158242,0.000000,0.000000,0.000000
2.970000,3.933999,-0.001239,0.593700,2.000000,-0.000630,0.000000,-0.000315,0.000000,3.628217,-0.001161,0.587256,2.169899,-0.000668,0.012795,3.545609,-0.000287,0.588207,2.187274,0.000274,0.025271,0.000000,0.000000,-0.000315,0.000181,0.000613,-0.000298,0.401545,0.401545,-0.395455,-0.395455,0.325278,0.325002,-0.472015,-0.471366,0.234832,-0.234832,0.234832,-0.234832,0.232993,-0.234835,0.231861,-0.234868,0.272589,0.158185,0.000000,0.000000,0.000000
2.982000,3.957999,-0.001246,0.593700,2.000000,-0.000630,0.000000,-0.000315,0.000000,3.654253,-0.001169,0.587406,2.168905,-0.000668,0.012362,3.571833,-0.000280,0.588367,2.183405,0.000505,0.014706,0.000000,0.000000,-0.000315,0.000105,0.000536,-0.000302,0.401545,0.401545,-0.395455,-0.395455,0.325085,0.324874,-0.472005,-0.471345,0.234832,-0.234832,0.234832,-0.234832,0.233018,-0.234796,0.231862,-0.234818,0.272384,0.158126,0.000000,0.000000,0.000000
2.994000,3.981999,-0.001254,0.593700,2.000000,-0.000630,0.000000,-0.000315,0.000000,3.680274,-0.001177,0.587553,2.168093,-0.000668,0.012051,3.598045,-0.000288,0.588692,2.180466,-0.000996,0.021093,0.000000,0.000000,-0.000315,0.000061,0.000461,-0.000302,0.401545,0.401545,-0.395455,-0.395455,0.324956,0.324866,-0.472083,-0.471412,0.234832,-0.234832,0.234832,-0.234832,0.233051,-0.234763,0.231817,-0.234728,0.272226,0.157985,0.000000,0.000000,0.000000
3.006000,4.005999,-0.001261,0.593700,2.000000,-0.000630,0.000000,-0.000315,0.000000,3.706288,-0.001185,0.587696,2.167333,-0.000668,0.011768,3.624225,-0.000316,0.588778,2.178902,-0.004601,0.007073,0.000000,0.000000,-0.000315,-0.000117,0.000463,-0.000301,0.401545,0.401545,-0.395455,-0.395455,0.324875,0.324818,-0.472090,-0.471483,0.234832,-0.234832,0.234832,-0.234832,0.233170,-0.234646,0.231938,-0.234554,0.272127,0.158026,0.000000,0.000000,0.000000
3.018000,4.029999,-0.001269,0.593700,2.000000,-0.000630,0.000000,-0.000315,0.000000,3.732282,-0.001193,0.587835,2.164764,-0.000667,0.011494,3.650360,-0.000309,0.588937,2.177535,-0.001579,0.013929,-0.001451,0.000049,-0.000316,-0.000219,0.000445,-0.000308,0.401545,0.401545,-0.395455,-0.395455,0.324777,0.324756,-0.472103,-0.471467,0.234832,-0.234832,0.234832,-0.234832,0.233210,-0.234583,0.231971,-0.234520,0.272067,0.157872,0.000000,0.000000,0.000000
3.030000,4.053999,-0.001277,0.593700,2.000000,-0.000630,0.000000,-0.000315,0.000000,3.758247,-0.001201,0.587972,2.163003,-0.000666,0.011227,3.676468,-0.000314,0.589082,2.174517,0.003225,0.011885,0.000000,0.000000,-0.000315,-0.000327,0.000395,-0.000310,0.401545,0.401545,-0.395455,-0.395455,0.324620,0.324714,-0.472098,-0.471543,0.234832,-0.234832,0.234832,-0.234832,0.233239,-0.234544,0.232013,-0.234433,0.272036,0.157872,0.000000,0.000000,0.000000
3.042000,4.077999,-0.001284,0.593700,2.000000,-0.000630,0.000000,-0.000315,0.000000,3.784195,-0.001209,0.588105,2.162015,-0.000666,0.010966,3.702527,-0.000347,0.589392,2.169776,0.000194,0.029078,0.000000,0.000000,-0.000315,-0.000258,0.000372,-0.000313,0.401545,0.401545,-0.395455,-0.395455,0.324492,0.324772,-0.472296,-0.471575,0.234832,-0.234832,0.234832,-0.234832,0.233249,-0.234537,0.231943,-0.234410,0.271863,0.157848,0.000000,0.000000,0.000000
3.054000,4.101999,-0.001292,0.593700,1.999999,-0.000629,0.000000,-0.000315,0.000000,3.810136,-0.001217,0.588235,2.161644,-0.000666,0.010711,3.728501,-0.000325,0.589483,2.163794,0.001284,0.011201,-0.000980,-0.000550,-0.000315,-0.000460,0.000264,-0.000308,0.401545,0.401545,-0.395455,-0.395455,0.324460,0.324819,-0.472361,-0.471487,0.234832,-0.234832,0.234832,-0.234832,0.233331,-0.234436,0.232024,-0.234330,0.271829,0.157742,0.000000,0.000000,0.000000
3.066000,4.125999,-0.001299,0.593700,1.999999,-0.000629,0.000000,-0.000315,0.000000,3.836067,-0.001225,0.588362,2.160172,-0.000665,0.010462,3.754490,-0.000348,0.589749,2.163980,-0.000550,0.020124,-0.001362,-0.000666,-0.000315,-0.000558,0.000143,-0.000311,0.401545,0.401545,-0.395455,-0.395455,0.324534,0.324894,-0.472499,-0.471435,0.234832,-0.234832,0.234832,-0.234832,0.233410,-0.234344,0.232068,-0.234231,0.271778,0.157645,0.000000,0.000000,0.000000
3.078000,4.149999,-0.001307,0.593700,1.999999,-0.000630,0.000000,-0.000315,0.000000,3.861985,-0.001233,0.588486,2.159476,-0.000666,0.010219,3.780403,-0.000361,0.590073,2.160321,0.001453,0.035986,-0.000891,-0.001069,-0.000315,-0.000584,0.000066,-0.000307,0.401545,0.401545,-0.395455,-0.395455,0.324637,0.324998,-0.472669,-0.471342,0.234832,-0.234832,0.234832,-0.234832,0.233423,-0.234307,0.232044,-0.234192,0.271783,0.157599,0.000000,0.000000,0.000000
3.088000,4.169999,-0.001313,0.593700,2.000000,-0.000630,0.000000,-0.000315,0.000000,3.883577,-0.001240,0.588589,2.158452,-0.000665,0.010241,3.801958,-0.000414,0.589992,2.158935,-0.004113,0.018388,0.000000,0.000000,-0.000315,-0.000607,-0.000012,-0.000294,0.401545,0.401545,-0.395455,-0.395455,0.324647,0.325063,-0.472780,-0.471173,0.234832,-0.234832,0.234832,-0.234832,0.233586,-0.234262,0.232083,-0.234135,0.271774,0.157765,0.000000,0.000000,0.000000
3.100000,4.193999,-0.001321,0.593700,1.999999,-0.000630,0.000000,-0.000315,0.000000,3.909466,-0.001248,0.588709,2.156398,-0.000665,0.009863,3.827800,-0.000417,0.590203,2.152709,-0.002787,0.018964,0.000000,0.000000,-0.000315,-0.000610,-0.000044,-0.000283,0.401545,0.401545,-0.395455,-0.395455,0.324648,0.325167,-0.472995,-0.470995,0.234832,-0.234832,0.234832,-0.234832,0.233621,-0.234269,0.232045,-0.234134,0.271742,0.157646,0.000000,0.000000,0.000000
3.112000,4.217999,-0.001328,0.593700,1.999999,-0.000629,0.000000,-0.000315,0.000000,3.935336,-0.001256,0.588827,2.155767,-0.000665,0.009768,3.853637,-0.000404,0.590384,2.149881,0.000375,-0.002196,-0.000634,-0.000887,-0.000315,-0.000593,-0.000046,-0.000277,0.401545,0.401545,-0.395455,-0.395455,0.324812,0.325338,-0.473230,-0.470831,0.234832,-0.234832,0.234832,-0.234832,0.233604,-0.234299,0.231969,-0.234160,0.271855,0.157574,0.000000,0.000000,0.000000
3.124000,4.241999,-0.001336,0.593700,2.000000,-0.000630,0.000000,-0.000315,0.000000,3.961198,-0.001264,0.588942,2.154812,-0.000665,0.009563,3.879362,-0.000434,0.590681,2.145031,-0.001353,0.021782,0.000000,0.000000,-0.000315,-0.000502,0.000005,-0.000269,0.401545,0.401545,-0.395455,-0.395455,0.324933,0.325550,-0.473285,-0.470682,0.234832,-0.234832,0.234832,-0.234832,0.233576,-0.234329,0.231945,-0.234184,0.271815,0.157552,0.000000,0.000000,0.000000
3.136000,4.265999,-0.001343,0.593700,2.000000,-0.000630,0.000000,-0.000315,0.000000,3.987047,-0.001272,0.589055,2.153440,-0.000665,0.009237,3.905070,-0.000440,0.590937,2.143420,-0.000276,0.027019,0.000000,0.000000,-0.000315,-0.000424,0.000096,-0.000267,0.401545,0.401545,-0.395455,-0.395455,0.325096,0.325756,-0.473158,-0.470545,0.234832,-0.234832,0.234832,-0.234832,0.233530,-0.234378,0.231896,-0.234235,0.271777,0.157487,0.000000,0.000000,0.000000
3.148000,4.289999,-0.001351,0.593700,2.000000,-0.000630,0.000000,-0.000315,0.000000,4.012882,-0.001279,0.589166,2.152473,-0.000665,0.009220,3.930780,-0.000451,0.591042,2.144549,-0.000530,0.006329,0.000000,0.000000,-0.000315,-0.000357,0.000154,-0.000266,0.401545,0.401545,-0.395455,-0.395455,0.325312,0.326079,-0.472942,-0.470437,0.234832,-0.234832,0.234832,-0.234832,0.233494,-0.234416,0.231868,-0.234269,0.271894,0.157484,0.000000,0.000000,0.000000
3.160000,4.313999,-0.001358,0.593700,2.000000,-0.000630,0.000000,-0.000315,0.000000,4.038705,-0.001287,0.589275,2.151190,-0.000664,0.008964,3.956498,-0.000463,0.591343,2.144717,-0.001184,0.014535,0.000000,0.000000,-0.000315,-0.000304,0.000204,-0.000261,0.401545,0.401545,-0.395455,-0.395455,0.325593,0.326336,-0.472738,-0.470373,0.234832,-0.234832,0.234832,-0.234832,0.233468,-0.234443,0.231847,-0.234293,0.271976,0.157414,0.000000,0.000000,0.000000
3.172000,4.337999,-0.001366,0.593700,2.000000,-0.000630,0.000000,-0.000315,0.000000,4.064510,-0.001295,0.589380,2.149810,-0.000664,0.008620,3.982272,-0.000472,0.591553,2.148732,-0.001890,0.002557,0.000000,0.000000,-0.000315,-0.000273,0.000216,-0.000266,0.401545,0.401545,-0.395455,-0.395455,0.325780,0.326580,-0.472547,-0.470250,0.234832,-0.234832,0.234832,-0.234832,0.233481,-0.234461,0.231813,-0.234312,0.272073,0.157338,0.000000,0.000000,0.000000
3.184000,4.361999,-0.001374,0.593700,2.000000,-0.000630,0.000000,-0.000315,0.000000,4.090299,-0.001303,0.589482,2.148413,-0.000664,0.008374,4.008035,-0.000512,0.591759,2.148088,-0.002027,0.023901,0.000000,0.000000,-0.000315,-0.000138,0.000248,-0.000263,0.401545,0.401545,-0.395455,-0.395455,0.325827,0.326735,-0.472402,-0.470226,0.234832,-0.234832,0.234832,-0.234832,0.233479,-0.234522,0.231755,-0.234371,0.272002,0.157377,0.000000,0.000000,0.000000
3.196000,4.385999,-0.001381,0.593700,2.000000,-0.000630,0.000000,-0.000315,0.000000,4.116072,-0.001311,0.589581,2.147050,-0.000663,0.008126,4.033803,-0.000527,0.592033,2.147651,-0.004362,0.018571,0.001043,0.000801,-0.000314,-0.000085,0.000259,-0.000263,0.401545,0.401545,-0.395455,-0.395455,0.325970,0.326801,-0.472248,-0.470193,0.234832,-0.234832,0.234832,-0.234832,0.233473,-0.234543,0.231738,-0.234393,0.271851,0.157304,0.000000,0.000000,0.000000
3.208000,4.409999,-0.001389,0.593700,1.999999,-0.000630,0.000000,-0.000315,0.000000,4.141829,-0.001319,0.589678,2.145734,-0.000663,0.007960,4.059590,-0.000522,0.592327,2.148707,-0.001265,0.013853,0.001146,0.000719,-0.000314,0.000027,0.000323,-0.000263,0.401545,0.401545,-0.395455,-0.395455,0.326176,0.326827,-0.472067,-0.470139,0.234832,-0.234832,0.234832,-0.234832,0.233389,-0.234632,0.231653,-0.234481,0.271824,0.157216,0.000000,0.000000,0.000000
3.220000,4.433999,-0.001396,0.593700,2.000000,-0.000630,0.000000,-0.000315,0.000000,4.167570,-0.001327,0.589772,2.144372,-0.000662,0.007763,4.085405,-0.000501,0.592502,2.151184,0.002666,0.025675,0.000000,0.000000,-0.000315,0.000161,0.000452,-0.000267,0.401545,0.401545,-0.395455,-0.395455,0.326247,0.326809,-0.471851,-0.470157,0.234832,-0.234832,0.234832,-0.234832,0.233275,-0.234746,0.231535,-0.234597,0.271796,0.157076,0.000000,0.000000,0.000000
3.232000,4.457999,-0.001404,0.593700,1.999999,-0.000630,0.000000,-0.000315,0.000000,4.193294,-0.001335,0.589864,2.142866,-0.000662,0.007548,4.111229,-0.000509,0.592631,2.152107,-0.000224,0.023341,0.000753,0.001167,-0.000314,0.000147,0.000473,-0.000270,0.401545,0.401545,-0.395455,-0.395455,0.326311,0.326710,-0.471624,-0.470165,0.234832,-0.234832,0.234832,-0.234832,0.233290,-0.234732,0.231546,-0.234588,0.271631,0.157077,0.000000,0.000000,0.000000
3.244000,4.481999,-0.001411,0.593700,2.000000,-0.000630,0.000000,-0.000315,0.000000,4.219000,-0.001343,0.589954,2.141497,-0.000662,0.007351,4.137082,-0.000518,0.592847,2.153516,-0.000805,0.022707,0.000283,0.001160,-0.000315,0.000221,0.000565,-0.000278,0.401545,0.401545,-0.395455,-0.395455,0.326331,0.326533,-0.471444,-0.470190,0.234832,-0.234832,0.234832,-0.234832,0.233247,-0.234757,0.231502,-0.234634,0.271474,0.156974,0.000000,0.000000,0.000000
3.256000,4.505999,-0.001419,0.593700,2.000000,-0.000630,0.000000,-0.000315,0.000000,4.244689,-0.001351,0.590041,2.140132,-0.000662,0.007174,4.162932,-0.000512,0.593045,2.152900,0.000677,0.027069,0.000000,0.000000,-0.000315,0.000203,0.000646,-0.000282,0.401545,0.401545,-0.395455,-0.395455,0.326371,0.326403,-0.471272,-0.470254,0.234832,-0.234832,0.234832,-0.234832,0.233235,-0.234753,0.231490,-0.234647,0.271456,0.156919,0.000000,0.000000,0.000000
3.268000,4.529999,-0.001426,0.593700,1.999999,-0.000629,0.000000,-0.000315,0.000000,4.270363,-0.001359,0.590126,2.138745,-0.000661,0.007005,4.188784,-0.000528,0.593079,2.153371,0.000475,0.003094,0.000000,0.000000,-0.000315,0.000264,0.000657,-0.000288,0.401545,0.401545,-0.395455,-0.395455,0.326432,0.326319,-0.471169,-0.470231,0.234832,-0.234832,0.234832,-0.234832,0.233210,-0.234779,0.231461,-0.234678,0.271413,0.156931,0.000000,0.000000,0.000000
3.280000,4.553999,-0.001434,0.593700,1.999998,-0.000630,0.000000,-0.000315,0.000000,4.296019,-0.001367,0.590209,2.137255,-0.000661,0.006842,4.214634,-0.000519,0.593302,2.153196,0.000745,0.024584,0.000682,0.001336,-0.000314,0.000208,0.000682,-0.000292,0.401545,0.401545,-0.395455,-0.395455,0.326320,0.326141,-0.471138,-0.470265,0.234832,-0.234832,0.234832,-0.234832,0.233217,-0.234740,0.231451,-0.234659,0.271060,0.156852,0.000000,0.000000,0.000000
3.292000,4.577999,-0.001442,0.593700,2.000000,-0.000630,0.000000,-0.000315,0.000000,4.321658,-0.001375,0.590290,2.135894,-0.000661,0.006683,4.240471,-0.000525,0.593327,2.151995,-0.000255,-0.002276,-0.000086,0.001305,-0.000315,0.000223,0.000737,-0.000295,0.401545,0.401545,-0.395455,-0.395455,0.326126,0.326099,-0.471135,-0.470301,0.234832,-0.234832,0.234832,-0.234832,0.233191,-0.234751,0.231433,-0.234633,0.270965,0.156787,0.000000,0.000000,0.000000
3.304000,4.601999,-0.001449,0.593700,2.000000,-0.000630,0.000000,-0.000315,0.000000,4.347281,-0.001383,0.590369,2.134567,-0.000661,0.006528,4.266302,-0.000538,0.593492,2.149646,-0.000643,0.005548,0.000000,0.000000,-0.000315,0.000131,0.000717,-0.000294,0.401545,0.401545,-0.395455,-0.395455,0.325964,0.325967,-0.471154,-0.470405,0.234832,-0.234832,0.234832,-0.234832,0.233232,-0.234708,0.231453,-0.234493,0.270929,0.156738,0.000000,0.000000,0.000000
3.316000,4.625999,-0.001457,0.593700,2.000000,-0.000630,0.000000,-0.000315,0.000000,4.372887,-0.001391,0.590447,2.133213,-0.000660,0.006376,4.292091,-0.000575,0.593641,2.146268,-0.004824,0.010414,0.000000,0.000000,-0.000315,0.000060,0.000706,-0.000293,0.401545,0.401545,-0.395455,-0.395455,0.325884,0.325945,-0.471193,-0.470605,0.234832,-0.234832,0.234832,-0.234832,0.233289,-0.234652,0.231467,-0.234288,0.270859,0.156677,0.000000,0.000000,0.000000
3.328000,4.649999,-0.001464,0.593700,2.000000,-0.000630,0.000000,-0.000315,0.000000,4.398478,-0.001399,0.590522,2.131870,-0.000660,0.006228,4.317837,-0.000539,0.593811,2.143144,0.004345,0.014620,0.000000,0.000000,-0.000315,-0.000042,0.000639,-0.000302,0.401545,0.401545,-0.395455,-0.395455,0.325725,0.325846,-0.471187,-0.470622,0.234832,-0.234832,0.234832,-0.234832,0.233278,-0.234634,0.231446,-0.234294,0.270637,0.156561,0.000000,0.000000,0.000000
3.340000,4.673999,-0.001472,0.593700,2.000000,-0.000630,0.000000,-0.000315,0.000000,4.424052,-0.001407,0.590596,2.130536,-0.000660,0.006083,4.343541,-0.000577,0.593829,2.140225,-0.000432,-0.003494,-0.001069,0.000116,-0.000316,-0.000032,0.000564,-0.000309,0.401545,0.401545,-0.395455,-0.395455,0.325546,0.325853,-0.471131,-0.470588,0.234832,-0.234832,0.234832,-0.234832,0.233298,-0.234597,0.231480,-0.234239,0.270624,0.156569,0.000000,0.000000,0.000000
3.350000,4.693999,-0.001478,0.593700,2.000000,-0.000630,0.000000,-0.000315,0.000000,4.445352,-0.001413,0.590656,2.129433,-0.000659,0.005965,4.364927,-0.000595,0.593869,2.137171,-0.005148,0.000882,0.000000,0.000000,-0.000315,-0.000209,0.000496,-0.000306,0.401545,0.401545,-0.395455,-0.395455,0.325423,0.325798,-0.471050,-0.470530,0.234832,-0.234832,0.234832,-0.234832,0.233417,-0.234455,0.231601,-0.234119,0.270673,0.156625,0.000000,0.000000,0.000000
3.362000,4.717999,-0.001486,0.593700,2.000000,-0.000630,0.000000,-0.000315,0.000000,4.470897,-0.001421,0.590727,2.128123,-0.000659,0.005827,4.390563,-0.000586,0.593799,2.135274,-0.000762,-0.007290,-0.001114,-0.000250,-0.000315,-0.000210,0.000470,-0.000303,0.401545,0.401545,-0.395455,-0.395455,0.325341,0.325857,-0.471090,-0.470450,0.234832,-0.234832,0.234832,-0.234832,0.233394,-0.234480,0.231557,-0.234130,0.270653,0.156596,0.000000,0.000000,0.000000
3.374000,4.741999,-0.001493,0.593700,1.999999,-0.000629,0.000000,-0.000315,0.000000,4.496427,-0.001429,0.590796,2.126825,-0.000659,0.005691,4.416189,-0.000589,0.593994,2.133462,-0.000763,0.008745,-0.001616,-0.000513,-0.000315,-0.000363,0.000404,-0.000312,0.401545,0.401545,-0.395455,-0.395455,0.325352,0.325775,-0.471119,-0.470464,0.234832,-0.234832,0.234832,-0.234832,0.233470,-0.234365,0.231615,-0.234024,0.270580,0.156473,0.000000,0.000000,0.000000
3.386000,4.765999,-0.001501,0.593700,1.999999,-0.000629,0.000000,-0.000315,0.000000,4.521941,-0.001437,0.590864,2.125540,-0.000658,0.005559,4.441708,-0.000587,0.594105,2.126133,0.000590,0.008395,-0.001524,-0.001009,-0.000315,-0.000573,0.000264,-0.000315,0.401545,0.401545,-0.395455,-0.395455,0.325436,0.325821,-0.471121,-0.470445,0.234832,-0.234832,0.234832,-0.234832,0.233576,-0.234259,0.231721,-0.233900,0.270674,0.156441,0.000000,0.000000,0.000000
3.398000,4.789999,-0.001508,0.593700,2.000000,-0.000629,0.000000,-0.000315,0.000000,4.547440,-0.001445,0.590930,2.124269,-0.000658,0.005430,4.467207,-0.000618,0.594193,2.122991,-0.001595,0.003206,-0.001087,-0.000751,-0.000315,-0.000719,0.000110,-0.000313,0.401545,0.401545,-0.395455,-0.395455,0.325608,0.325883,-0.471068,-0.470392,0.234832,-0.234832,0.234832,-0.234832,0.233683,-0.234138,0.231831,-0.233774,0.270680,0.156475,0.000000,0.000000,0.000000
3.410000,4.813999,-0.001516,0.593700,1.999999,-0.000629,0.000000,-0.000315,0.000000,4.572924,-0.001453,0.590994,2.123010,-0.000657,0.005303,4.492693,-0.000615,0.594332,2.121013,-0.000489,0.007562,0.000000,0.000000,-0.000315,-0.000762,0.000056,-0.000316,0.401545,0.401545,-0.395455,-0.395455,0.325816,0.326006,-0.471236,-0.470283,0.234832,-0.234832,0.234832,-0.234832,0.233710,-0.234113,0.231809,-0.233755,0.270709,0.156431,0.000000,0.000000,0.000000
3.422000,4.837999,-0.001523,0.593700,1.999999,-0.000629,0.000000,-0.000315,0.000000,4.598392,-0.001461,0.591057,2.121764,-0.000657,0.005180,4.518158,-0.000622,0.594299,2.120997,0.001404,0.004634,-0.001030,-0.000504,-0.000315,-0.000682,0.000073,-0.000321,0.401545,0.401545,-0.395455,-0.395455,0.325912,0.326181,-0.471479,-0.470142,0.234832,-0.234832,0.234832,-0.234832,0.233670,-0.234154,0.231719,-0.233799,0.270847,0.156430,0.000000,0.000000,0.000000
3.434000,4.861999,-0.001531,0.593700,2.000000,-0.000630,0.000000,-0.000315,0.000000,4.623846,-0.001468,0.591118,2.120531,-0.000657,0.005060,4.543617,-0.000666,0.594483,2.120858,-0.002333,0.025371,0.000000,0.000000,-0.000315,-0.000581,0.000115,-0.000307,0.401545,0.401545,-0.395455,-0.395455,0.325976,0.326425,-0.471632,-0.470255,0.234832,-0.234832,0.234832,-0.234832,0.233640,-0.234186,0.231684,-0.233751,0.270904,0.156453,0.000000,0.000000,0.000000
3.446000,4.885999,-0.001539,0.593700,2.000000,-0.000630,0.000000,-0.000315,0.000000,4.649285,-0.001476,0.591178,2.119311,-0.000657,0.004942,4.569087,-0.000675,0.594528,2.125931,-0.001699,0.020989,0.000000,0.000000,-0.000315,-0.000482,0.000180,-0.000306,0.401545,0.401545,-0.395455,-0.395455,0.326066,0.326716,-0.471790,-0.470314,0.234832,-0.234832,0.234832,-0.234832,0.233582,-0.234247,0.231581,-0.233762,0.270968,0.156454,0.000000,0.000000,0.000000
3.458000,4.909999,-0.001546,0.593700,1.999999,-0.000630,0.000000,-0.000315,0.000000,4.674710,-0.001484,0.591237,2.118102,-0.000657,0.004827,4.594352,-0.000671,0.594801,2.108035,-0.000664,0.014177,0.000000,0.000000,-0.000315,-0.000463,0.000175,-0.000292,0.401545,0.401545,-0.395455,-0.395455,0.326234,0.326941,-0.471803,-0.470392,0.234832,-0.234832,0.234832,-0.234832,0.233555,-0.234276,0.231562,-0.233786,0.271100,0.156315,0.000000,0.000000,0.000000
3.470000,4.933999,-0.001554,0.593700,2.000000,-0.000630,0.000000,-0.000315,0.000000,4.700120,-0.001492,0.591294,2.116906,-0.000657,0.004715,4.619606,-0.000687,0.594844,2.105940,-0.000419,0.015490,0.000000,0.000000,-0.000315,-0.000381,0.000181,-0.000282,0.401545,0.401545,-0.395455,-0.395455,0.326409,0.327154,-0.471709,-0.470251,0.234832,-0.234832,0.234832,-0.234832,0.233510,-0.234321,0.231531,-0.233822,0.271224,0.156380,0.000000,0.000000,0.000000
3.482000,4.957999,-0.001561,0.593700,2.000000,-0.000630,0.000000,-0.000315,0.000000,4.725515,-0.001500,0.591350,2.115722,-0.000656,0.004605,4.644973,-0.000686,0.594901,2.112990,0.000135,-0.003348,0.000000,0.000000,-0.000315,-0.000335,0.000210,-0.000280,0.401545,0.401545,-0.395455,-0.395455,0.326659,0.327393,-0.471587,-0.470138,0.234832,-0.234832,0.234832,-0.234832,0.233464,-0.234345,0.231492,-0.233862,0.271380,0.156308,0.000000,0.000000,0.000000
3.494000,4.981999,-0.001569,0.593700,2.000000,-0.000630,0.000000,-0.000315,0.000000,4.750897,-0.001508,0.591405,2.114550,-0.000656,0.004498,4.670229,-0.000689,0.595140,2.106216,0.000164,0.023054,0.000000,0.000000,-0.000315,-0.000291,0.000253,-0.000272,0.401545,0.401545,-0.395455,-0.395455,0.326885,0.327545,-0.471440,-0.470105,0.234832,-0.234832,0.234832,-0.234832,0.233436,-0.234375,0.231467,-0.233902,0.271278,0.156271,0.000000,0.000000,0.000000
3.506000,5.005999,-0.001576,0.593700,2.000000,-0.000630,0.000000,-0.000315,0.000000,4.776265,-0.001516,0.591458,2.113390,-0.000656,0.004394,4.695490,-0.000692,0.595145,2.107057,0.002723,-0.003364,0.000000,0.000000,-0.000315,-0.000181,0.000252,-0.000273,0.401545,0.401545,-0.395455,-0.395455,0.327146,0.327842,-0.471225,-0.469925,0.234832,-0.234832,0.234832,-0.234832,0.233361,-0.234451,0.231398,-0.233980,0.271478,0.156277,0.000000,0.000000,0.000000
3.518000,5.029999,-0.001584,0.593700,2.000000,-0.000630,0.000000,-0.000315,0.000000,4.801618,-0.001524,0.591510,2.112242,-0.000656,0.004292,4.720775,-0.000703,0.595329,2.108904,-0.000184,0.003054,0.000000,0.000000,-0.000315,-0.000166,0.000256,-0.000272,0.401545,0.401545,-0.395455,-0.395455,0.327391,0.328018,-0.470985,-0.469752,0.234832,-0.234832,0.234832,-0.234832,0.233361,-0.234451,0.231402,-0.233981,0.271622,0.156249,0.000000,0.000000,0.000000
3.530000,5.053999,-0.001592,0.593700,2.000000,-0.000630,0.000000,-0.000315,0.000000,4.826958,-0.001532,0.591561,2.111105,-0.000655,0.004192,4.746093,-0.000734,0.595514,2.110155,-0.004162,0.002602,0.000967,0.000281,-0.000315,-0.000099,0.000251,-0.000271,0.401545,0.401545,-0.395455,-0.395455,0.327625,0.328114,-0.470741,-0.469606,0.234832,-0.234832,0.234832,-0.234832,0.233355,-0.234459,0.231396,-0.233990,0.271664,0.156239,0.000000,0.000000,0.000000
3.542000,5.077999,-0.001599,0.593700,2.000000,-0.000630,0.000000,-0.000315,0.000000,4.852285,-0.001539,0.591611,2.109980,-0.000655,0.004094,4.771445,-0.000711,0.595664,2.112400,0.000708,0.010774,0.000000,0.000000,-0.000315,-0.000046,0.000312,-0.000273,0.401545,0.401545,-0.395455,-0.395455,0.327800,0.328128,-0.470502,-0.469512,0.234832,-0.234832,0.234832,-0.234832,0.233284,-0.234531,0.231321,-0.234064,0.271571,0.156115,0.000000,0.000000,0.000000
3.554000,5.101999,-0.001607,0.593700,2.000000,-0.000629,0.000000,-0.000315,0.000000,4.877598,-0.001547,0.591659,2.108866,-0.000655,0.003999,4.796829,-0.000756,0.595701,2.116238,-0.003575,0.007931,0.001183,0.000934,-0.000314,0.000098,0.000341,-0.000273,0.401545,0.401545,-0.395455,-0.395455,0.327828,0.328095,-0.470289,-0.469413,0.234832,-0.234832,0.234832,-0.234832,0.233245,-0.234571,0.231287,-0.234103,0.271556,0.156201,0.000000,0.000000,0.000000
3.566000,5.125999,-0.001614,0.593700,1.999999,-0.000629,0.000000,-0.000315,0.000000,4.902898,-0.001555,0.591707,2.107763,-0.000654,0.003906,4.822227,-0.000746,0.595920,2.115295,0.000024,0.013762,0.000916,0.000580,-0.000315,0.000280,0.000489,-0.000277,0.401545,0.401545,-0.395455,-0.395455,0.327819,0.328037,-0.470181,-0.469306,0.234832,-0.234832,0.234832,-0.234832,0.233113,-0.234703,0.231153,-0.234237,0.271481,0.156096,0.000000,0.000000,0.000000
3.578000,5.149999,-0.001622,0.593700,1.999998,-0.000630,0.000000,-0.000315,0.000000,4.928184,-0.001563,0.591753,2.106671,-0.000654,0.003816,4.847637,-0.000734,0.595894,2.116548,0.000854,-0.004382,0.000000,0.000000,-0.000315,0.000320,0.000606,-0.000278,0.401545,0.401545,-0.395455,-0.395455,0.327836,0.327963,-0.469992,-0.469248,0.234832,-0.234832,0.234832,-0.234832,0.233067,-0.234750,0.231108,-0.234285,0.271398,0.156022,0.000000,0.000000,0.000000
3.590000,5.173999,-0.001629,0.593700,1.999999,-0.000629,0.000000,-0.000315,0.000000,4.953458,-0.001571,0.591798,2.105591,-0.000654,0.003727,4.873068,-0.000756,0.596072,2.117139,-0.001634,0.006075,0.000687,0.001037,-0.000315,0.000331,0.000691,-0.000284,0.401545,0.401545,-0.395455,-0.395455,0.327847,0.327756,-0.469892,-0.469230,0.234832,-0.234832,0.234832,-0.234832,0.233076,-0.234721,0.231115,-0.234279,0.271209,0.156022,0.000000,0.000000,0.000000
3.600000,5.193999,-0.001636,0.593700,2.000000,-0.000630,0.000000,-0.000315,0.000000,4.974509,-0.001577,0.591835,2.104699,-0.000654,0.003655,4.894235,-0.000743,0.596151,2.115365,-0.000012,-0.002635,0.000000,0.000000,-0.000315,0.000261,0.000661,-0.000293,0.401545,0.401545,-0.395455,-0.395455,0.327858,0.327594,-0.469749,-0.469135,0.234832,-0.234832,0.234832,-0.234832,0.233094,-0.234687,0.231125,-0.234269,0.271263,0.155974,0.000000,0.000000,0.000000
3.612000,5.217999,-0.001643,0.593700,1.999998,-0.000630,0.000000,-0.000315,0.000000,4.999759,-0.001585,0.591879,2.103639,-0.000653,0.003570,4.919666,-0.000751,0.596055,2.118144,-0.000305,-0.006032,0.000191,0.001078,-0.000315,0.000222,0.000644,-0.000290,0.401545,0.401545,-0.395455,-0.395455,0.327797,0.327486,-0.469652,-0.469167,0.234832,-0.234832,0.234832,-0.234832,0.233115,-0.234667,0.231144,-0.234236,0.271122,0.155993,0.000000,0.000000,0.000000
3.624000,5.241999,-0.001651,0.593700,2.000000,-0.000630,0.000000,-0.000315,0.000000,5.024997,-0.001593,0.591921,2.102589,-0.000653,0.003487,4.945085,-0.000771,0.596255,2.117202,-0.000718,0.001981,0.000000,0.000000,-0.000315,0.000175,0.000641,-0.000307,0.401545,0.401545,-0.395455,-0.395455,0.327742,0.327254,-0.469626,-0.469139,0.234832,-0.234832,0.234832,-0.234832,0.233151,-0.234597,0.231144,-0.234172,0.270948,0.155929,0.000000,0.000000,0.000000
3.636000,5.265999,-0.001658,0.593700,2.000000,-0.000630,0.000000,-0.000315,0.000000,5.050222,-0.001601,0.591962,2.101550,-0.000653,0.003406,4.970487,-0.000760,0.596372,2.115187,-0.000565,0.008275,0.000000,0.000000,-0.000315,0.000114,0.000571,-0.000312,0.401545,0.401545,-0.395455,-0.395455,0.327655,0.327100,-0.469712,-0.469075,0.234832,-0.234832,0.234832,-0.234832,0.233176,-0.234554,0.231114,-0.234152,0.270916,0.155836,0.000000,0.000000,0.000000
3.648000,5.289999,-0.001666,0.593700,2.000000,-0.000630,0.000000,-0.000315,0.000000,5.075434,-0.001609,0.592003,2.100522,-0.000653,0.003326,4.995849,-0.000769,0.596413,2.111570,-0.000477,0.008273,0.000000,0.000000,-0.000315,0.000072,0.000495,-0.000313,0.401545,0.401545,-0.395455,-0.395455,0.327581,0.326990,-0.469706,-0.469036,0.234832,-0.234832,0.234832,-0.234832,0.233204,-0.234527,0.231138,-0.234125,0.270794,0.155828,0.000000,0.000000,0.000000
3.660000,5.313999,-0.001673,0.593700,2.000000,-0.000630,0.000000,-0.000315,0.000000,5.100634,-0.001616,0.592042,2.099504,-0.000653,0.003249,5.021190,-0.000778,0.596409,2.109396,-0.000617,-0.002586,0.000000,0.000000,-0.000315,0.000034,0.000447,-0.000316,0.401545,0.401545,-0.395455,-0.395455,0.327508,0.326911,-0.469645,-0.468995,0.234832,-0.234832,0.234832,-0.234832,0.233229,-0.234503,0.231161,-0.234102,0.270697,0.155810,0.000000,0.000000,0.000000
3.672000,5.337999,-0.001681,0.593700,2.000000,-0.000630,0.000000,-0.000315,0.000000,5.125822,-0.001624,0.592081,2.098496,-0.000653,0.003174,5.046511,-0.000792,0.596393,2.108107,-0.001840,-0.009047,0.000000,0.000000,-0.000315,-0.000072,0.000409,-0.000319,0.401545,0.401545,-0.395455,-0.395455,0.327476,0.326839,-0.469595,-0.468958,0.234832,-0.234832,0.234832,-0.234832,0.233298,-0.234418,0.231226,-0.234037,0.270770,0.155845,0.000000,0.000000,0.000000
3.684000,5.361999,-0.001689,0.593700,2.000000,-0.000630,0.000000,-0.000315,0.000000,5.150998,-0.001632,0.592118,2.097499,-0.000652,0.003100,5.071789,-0.000782,0.596429,2.104874,-0.001401,0.005917,-0.001180,-0.000439,-0.000315,-0.000218,0.000374,-0.000321,0.401545,0.401545,-0.395455,-0.395455,0.327273,0.326842,-0.469554,-0.468911,0.234832,-0.234832,0.234832,-0.234832,0.233356,-0.234344,0.231297,-0.233963,0.270761,0.155786,0.000000,0.000000,0.000000
3.696000,5.385999,-0.001696,0.593700,2.000000,-0.000630,0.000000,-0.000315,0.000000,5.176162,-0.001640,0.592155,2.096511,-0.000652,0.003028,5.097067,-0.000795,0.596406,2.105102,-0.000316,0.006140,0.000000,0.000000,-0.000315,-0.000307,0.000335,-0.000321,0.401545,0.401545,-0.395455,-0.395455,0.327193,0.326839,-0.469637,-0.468847,0.234832,-0.234832,0.234832,-0.234832,0.233418,-0.234274,0.231323,-0.233906,0.270661,0.155821,0.000000,0.000000,0.000000
3.708000,5.409999,-0.001704,0.593700,1.999999,-0.000629,0.000000,-0.000315,0.000000,5.201314,-0.001648,0.592191,2.095533,-0.000651,0.002957,5.122262,-0.000795,0.596481,2.099130,-0.000150,0.001892,-0.001567,-0.000609,-0.000315,-0.000411,0.000284,-0.000326,0.401545,0.401545,-0.395455,-0.395455,0.327185,0.326872,-0.469716,-0.468759,0.234832,-0.234832,0.234832,-0.234832,0.233470,-0.234204,0.231375,-0.233855,0.270740,0.155728,0.000000,0.000000,0.000000
3.720000,5.433999,-0.001711,0.593700,2.000000,-0.000630,0.000000,-0.000315,0.000000,5.226455,-0.001656,0.592226,2.094566,-0.000651,0.002889,5.147392,-0.000837,0.596456,2.094221,-0.004981,-0.007528,0.000000,0.000000,-0.000315,-0.000532,0.000152,-0.000321,0.401545,0.401545,-0.395455,-0.395455,0.327221,0.327030,-0.469714,-0.468657,0.234832,-0.234832,0.234832,-0.234832,0.233584,-0.234090,0.231497,-0.233737,0.270824,0.155866,0.000000,0.000000,0.000000
3.732000,5.457999,-0.001719,0.593700,2.000000,-0.000630,0.000000,-0.000315,0.000000,5.251584,-0.001663,0.592260,2.093608,-0.000651,0.002821,5.172534,-0.000833,0.596524,2.093213,-0.000739,0.012105,-0.000672,-0.000754,-0.000315,-0.000472,0.000160,-0.000318,0.401545,0.401545,-0.395455,-0.395455,0.327272,0.327286,-0.469941,-0.468563,0.234832,-0.234832,0.234832,-0.234832,0.233542,-0.234133,0.231397,-0.233778,0.270949,0.155820,0.000000,0.000000,0.000000
3.744000,5.481999,-0.001726,0.593700,2.000000,-0.000630,0.000000,-0.000315,0.000000,5.276702,-0.001671,0.592294,2.092660,-0.000651,0.002756,5.197588,-0.000857,0.596534,2.088852,-0.004154,-0.004977,0.000000,0.000000,-0.000315,-0.000502,0.000090,-0.000311,0.401545,0.401545,-0.395455,-0.395455,0.327351,0.327552,-0.469979,-0.468445,0.234832,-0.234832,0.234832,-0.234832,0.233584,-0.234094,0.231444,-0.233734,0.271062,0.155861,0.000000,0.000000,0.000000
3.756000,5.505999,-0.001734,0.593700,1.999999,-0.000629,0.000000,-0.000315,0.000000,5.301808,-0.001679,0.592327,2.091721,-0.000650,0.002692,5.222615,-0.000841,0.596517,2.086836,-0.000080,-0.002090,-0.000811,-0.000869,-0.000315,-0.000571,0.000069,-0.000305,0.401545,0.401545,-0.395455,-0.395455,0.327388,0.327764,-0.469955,-0.468342,0.234832,-0.234832,0.234832,-0.234832,0.233592,-0.234088,0.231457,-0.233723,0.271240,0.155790,0.000000,0.000000,0.000000
3.768000,5.529999,-0.001741,0.593700,2.000000,-0.000630,0.000000,-0.000315,0.000000,5.326903,-0.001687,0.592358,2.090792,-0.000650,0.002629,5.247616,-0.000883,0.596628,2.084504,-0.004852,0.009866,0.000000,0.000000,-0.000315,-0.000557,-0.000002,-0.000298,0.401545,0.401545,-0.395455,-0.395455,0.327416,0.327947,-0.469904,-0.468238,0.234832,-0.234832,0.234832,-0.234832,0.233628,-0.234054,0.231497,-0.233684,0.271241,0.155828,0.000000,0.000000,0.000000
3.780000,5.553999,-0.001749,0.593700,2.000000,-0.000630,0.000000,-0.000315,0.000000,5.351987,-0.001695,0.592390,2.089873,-0.000650,0.002568,5.272616,-0.000884,0.596632,2.083900,-0.000576,0.008768,0.000000,0.000000,-0.000315,-0.000471,0.000063,-0.000291,0.401545,0.401545,-0.395455,-0.395455,0.327413,0.328162,-0.469882,-0.468163,0.234832,-0.234832,0.234832,-0.234832,0.233564,-0.234121,0.231432,-0.233750,0.271268,0.155841,0.000000,0.000000,0.000000
3.792000,5.577999,-0.001757,0.593700,2.000000,-0.000630,0.000000,-0.000315,0.000000,5.377060,-0.001702,0.592420,2.088963,-0.000650,0.002508,5.297609,-0.000906,0.596771,2.082820,-0.001562,0.001917,0.000000,0.000000,-0.000315,-0.000388,0.000116,-0.000286,0.401545,0.401545,-0.395455,-0.395455,0.327535,0.328405,-0.469836,-0.468139,0.234832,-0.234832,0.234832,-0.234832,0.233525,-0.234161,0.231405,-0.233767,0.271360,0.155816,0.000000,0.000000,0.000000
3.804000,5.601999,-0.001764,0.593700,2.000000,-0.000630,0.000000,-0.000315,0.000000,5.402122,-0.001710,0.592450,2.088062,-0.000650,0.002450,5.322570,-0.000906,0.596783,2.081756,-0.000124,0.000938,0.000000,0.000000,-0.000315,-0.000341,0.000172,-0.000282,0.401545,0.401545,-0.395455,-0.395455,0.327718,0.328629,-0.469831,-0.468108,0.234832,-0.234832,0.234832,-0.234832,0.233486,-0.234202,0.231373,-0.233805,0.271503,0.155804,0.000000,0.000000,0.000000
3.816000,5.625999,-0.001772,0.593700,2.000000,-0.000630,0.000000,-0.000315,0.000000,5.427173,-0.001718,0.592479,2.087170,-0.000650,0.002393,5.347522,-0.000917,0.596973,2.080011,-0.000395,0.012365,0.000000,0.000000,-0.000315,-0.000289,0.000210,-0.000280,0.401545,0.401545,-0.395455,-0.395455,0.327929,0.328831,-0.469825,-0.468030,0.234832,-0.234832,0.234832,-0.234832,0.233460,-0.234230,0.231347,-0.233831,0.271575,0.155775,0.000000,0.000000,0.000000
3.828000,5.649999,-0.001779,0.593700,2.000000,-0.000630,0.000000,-0.000315,0.000000,5.452214,-0.001726,0.592507,2.086287,-0.000650,0.002338,5.372487,-0.000920,0.596953,2.081783,-0.000314,-0.001490,0.000000,0.000000,-0.000315,-0.000259,0.000225,-0.000277,0.401545,0.401545,-0.395455,-0.395455,0.328138,0.328998,-0.469705,-0.467947,0.234832,-0.234832,0.234832,-0.234832,0.233439,-0.234252,0.231328,-0.233856,0.271662,0.155756,0.000000,0.000000,0.000000
3.840000,5.673999,-0.001787,0.593700,2.000000,-0.000630,0.000000,-0.000315,0.000000,5.477244,-0.001734,0.592535,2.085414,-0.000650,0.002283,5.397465,-0.000930,0.597085,2.082697,-0.000219,0.015357,0.000000,0.000000,-0.000315,-0.000225,0.000254,-0.000274,0.401545,0.401545,-0.395455,-0.395455,0.328332,0.329111,-0.469663,-0.467946,0.234832,-0.234832,0.234832,-0.234832,0.233417,-0.234274,0.231318,-0.233873,0.271730,0.155763,0.000000,0.000000,0.000000
3.850000,5.693999,-0.001793,0.593700,2.000000,-0.000630,0.000000,-0.000315,0.000000,5.498095,-0.001740,0.592558,2.084692,-0.000649,0.002239,5.418287,-0.000931,0.597148,2.082802,-0.000009,0.004654,0.000000,0.000000,-0.000315,-0.000212,0.000246,-0.000274,0.401545,0.401545,-0.395455,-0.395455,0.328497,0.329177,-0.469593,-0.467884,0.234832,-0.234832,0.234832,-0.234832,0.233407,-0.234287,0.231303,-0.233888,0.271772,0.155733,0.000000,0.000000,0.000000
3.862000,5.717999,-0.001801,0.593700,2.000000,-0.000630,0.000000,-0.000315,0.000000,5.523106,-0.001748,0.592584,2.083834,-0.000649,0.002187,5.443297,-0.000947,0.597239,2.084735,-0.001492,0.003616,0.000000,0.000000,-0.000315,-0.000153,0.000255,-0.000277,0.401545,0.401545,-0.395455,-0.395455,0.328620,0.329185,-0.469481,-0.467829,0.234832,-0.234832,0.234832,-0.234832,0.233385,-0.234310,0.231284,-0.233912,0.271779,0.155697,0.000000,0.000000,0.000000
3.874000,5.741999,-0.001808,0.593700,1.999999,-0.000629,0.000000,-0.000315,0.000000,5.548107,-0.001756,0.592610,2.082985,-0.000649,0.002136,5.468328,-0.000978,0.597440,2.085815,-0.002931,0.008135,0.001249,0.000610,-0.000314,-0.000002,0.000280,-0.000281,0.401545,0.401545,-0.395455,-0.395455,0.328678,0.329178,-0.469350,-0.467790,0.234832,-0.234832,0.234832,-0.234832,0.233321,-0.234375,0.231221,-0.233978,0.271650,0.155722,0.000000,0.000000,0.000000
3.886000,5.765999,-0.001816,0.593700,1.999999,-0.000629,0.000000,-0.000315,0.000000,5.573098,-0.001764,0.592635,2.082144,-0.000648,0.002086,5.493383,-0.000969,0.597503,2.087336,0.000291,0.018769,0.001268,0.000874,-0.000314,0.000137,0.000394,-0.000290,0.401545,0.401545,-0.395455,-0.395455,0.328666,0.329054,-0.469226,-0.467777,0.234832,-0.234832,0.234832,-0.234832,0.233218,-0.234480,0.231110,-0.234089,0.271532,0.155680,0.000000,0.000000,0.000000
3.898000,5.789999,-0.001823,0.593700,1.999999,-0.000629,0.000000,-0.000315,0.000000,5.598078,-0.001771,0.592660,2.081312,-0.000648,0.002038,5.518455,-0.000975,0.597518,2.088241,-0.001190,0.000600,0.000518,0.001217,-0.000315,0.000260,0.000540,-0.000293,0.401545,0.401545,-0.395455,-0.395455,0.328698,0.328982,-0.469111,-0.467800,0.234832,-0.234832,0.234832,-0.234832,0.233148,-0.234550,0.231041,-0.234163,0.271438,0.155615,0.000000,0.000000,0.000000
3.910000,5.813999,-0.001831,0.593700,1.999999,-0.000629,0.000000,-0.000315,0.000000,5.623049,-0.001779,0.592684,2.080488,-0.000647,0.001991,5.543525,-0.000976,0.597632,2.088080,0.001038,-0.001222,0.001057,0.000877,-0.000314,0.000388,0.000698,-0.000291,0.401545,0.401545,-0.395455,-0.395455,0.328734,0.328934,-0.469010,-0.467760,0.234832,-0.234832,0.234832,-0.234832,0.233056,-0.234641,0.230955,-0.234253,0.271453,0.155612,0.000000,0.000000,0.000000
3.922000,5.837999,-0.001838,0.593700,1.999998,-0.000629,0.000000,-0.000315,0.000000,5.648010,-0.001787,0.592708,2.079673,-0.000647,0.001944,5.568613,-0.000973,0.597595,2.089643,0.001195,0.006874,0.000000,0.000000,-0.000315,0.000474,0.000830,-0.000298,0.401545,0.401545,-0.395455,-0.395455,0.328765,0.328845,-0.468955,-0.467733,0.234832,-0.234832,0.234832,-0.234832,0.232997,-0.234701,0.230887,-0.234318,0.271448,0.155579,0.000000,0.000000,0.000000
3.934000,5.861999,-0.001846,0.593700,2.000000,-0.000630,0.000000,-0.000315,0.000000,5.672961,-0.001795,0.592731,2.078867,-0.000648,0.001899,5.593697,-0.000969,0.597802,2.089568,-0.000859,0.014497,0.000000,0.000000,-0.000315,0.000345,0.000747,-0.000295,0.401545,0.401545,-0.395455,-0.395455,0.328716,0.328700,-0.468742,-0.467711,0.234832,-0.234832,0.234832,-0.234832,0.233050,-0.234616,0.230956,-0.234252,0.271307,0.155493,0.000000,0.000000,0.000000
3.946000,5.885999,-0.001854,0.593700,1.999998,-0.000629,0.000000,-0.000315,0.000000,5.697903,-0.001802,0.592754,2.078068,-0.000647,0.001855,5.618799,-0.000973,0.597740,2.089284,0.001297,-0.026225,0.000728,0.001369,-0.000315,0.000395,0.000729,-0.000294,0.401545,0.401545,-0.395455,-0.395455,0.328609,0.328680,-0.468695,-0.467703,0.234832,-0.234832,0.234832,-0.234832,0.233012,-0.234678,0.230919,-0.234268,0.271127,0.155517,0.000000,0.000000,0.000000
3.958000,5.909999,-0.001861,0.593700,2.000000,-0.000630,0.000000,-0.000315,0.000000,5.722835,-0.001810,0.592776,2.077277,-0.000647,0.001812,5.643883,-0.000954,0.597773,2.087864,-0.000141,0.003893,0.000000,0.000000,-0.000315,0.000317,0.000788,-0.000294,0.401545,0.401545,-0.395455,-0.395455,0.328506,0.328510,-0.468690,-0.467695,0.234832,-0.234832,0.234832,-0.234832,0.233049,-0.234690,0.230938,-0.234230,0.271196,0.155446,0.000000,0.000000,0.000000
3.970000,5.933999,-0.001869,0.593700,2.000000,-0.000630,0.000000,-0.000315,0.000000,5.747758,-0.001818,0.592797,2.076495,-0.000647,0.001770,5.668961,-0.000956,0.597742,2.088262,-0.000898,0.000200,-0.000362,0.001154,-0.000316,0.000220,0.000676,-0.000297,0.401545,0.401545,-0.395455,-0.395455,0.328460,0.328403,-0.468650,-0.467684,0.234832,-0.234832,0.234832,-0.234832,0.233104,-0.234649,0.230988,-0.234163,0.271022,0.155449,0.000000,0.000000,0.000000
3.982000,5.957999,-0.001876,0.593700,2.000000,-0.000630,0.000000,-0.000315,0.000000,5.772671,-0.001826,0.592818,2.075720,-0.000647,0.001729,5.694032,-0.000973,0.597872,2.087021,-0.000682,0.008322,0.000000,0.000000,-0.000315,0.000116,0.000618,-0.000301,0.401545,0.401545,-0.395455,-0.395455,0.328409,0.328330,-0.468557,-0.467793,0.234832,-0.234832,0.234832,-0.234832,0.233164,-0.234591,0.231047,-0.234054,0.271084,0.155443,0.000000,0.000000,0.000000
3.994000,5.981999,-0.001884,0.593700,2.000000,-0.000630,0.000000,-0.000315,0.000000,5.797575,-0.001833,0.592839,2.074953,-0.000647,0.001688,5.719077,-0.000985,0.597798,2.085839,-0.001233,0.006496,0.000000,0.000000,-0.000315,0.000074,0.000545,-0.000307,0.401545,0.401545,-0.395455,-0.395455,0.328371,0.328310,-0.468571,-0.467805,0.234832,-0.234832,0.234832,-0.234832,0.233209,-0.234547,0.231046,-0.234014,0.271100,0.155450,0.000000,0.000000,0.000000
4.004000,5.993999,-0.001888,0.593700,-2.000000,0.000630,0.000000,-0.000315,0.000000,5.818301,-0.001840,0.592855,2.064209,-0.000642,0.001656,5.739930,-0.000991,0.597776,2.083635,-0.001703,-0.003634,-0.001004,0.000184,-0.000316,0.000040,0.000491,-0.000313,0.401545,0.401545,-0.395455,-0.395455,0.328329,0.328283,-0.468634,-0.467767,0.234832,-0.234832,0.234832,-0.234832,0.233235,-0.234522,0.231054,-0.233994,0.271105,0.155423,0.000000,0.000000,0.000000
4.016000,5.969999,-0.001880,0.593700,-2.000000,0.000630,0.000000,-0.000315,0.000000,5.842885,-0.001847,0.592875,2.033100,-0.000627,0.001617,5.764892,-0.000994,0.597730,2.077621,-0.000654,-0.001820,-0.001120,-0.000325,-0.000315,-0.000036,0.000437,-0.000315,0.401545,0.401545,-0.395455,-0.395455,0.328200,0.328229,-0.468720,-0.467814,0.234832,-0.234832,0.234832,-0.234832,0.233273,-0.234485,0.231091,-0.233957,0.271174,0.155428,0.000000,0.000000,0.000000
4.028000,5.945999,-0.001872,0.593700,-2.000000,0.000630,0.000000,-0.000315,0.000000,5.867100,-0.001855,0.592894,2.002815,-0.000623,0.001580,5.789663,-0.001001,0.597780,2.060181,-0.000322,0.011693,0.000000,0.000000,-0.000315,-0.000204,0.000354,-0.000313,0.401545,0.401545,-0.395455,-0.395455,0.327889,0.328021,-0.468973,-0.468017,0.234832,-0.234832,0.234832,-0.234832,0.233375,-0.234385,0.231172,-0.233845,0.270910,0.155452,0.000000,0.000000,0.000000
4.040000,5.921999,-0.001865,0.593700,-2.000000,0.000630,0.000000,-0.000315,0.000000,5.890949,-0.001862,0.592913,1.971828,-0.000617,0.001543,5.814189,-0.001027,0.597831,2.039700,-0.001956,0.003704,-0.001003,-0.000223,-0.000315,-0.000175,0.000269,-0.000315,0.401545,0.401545,-0.395455,-0.395455,0.327383,0.327768,-0.469309,-0.468244,0.234832,-0.234832,0.234832,-0.234832,0.233372,-0.234376,0.231172,-0.233822,0.270664,0.155420,0.000000,0.000000,0.000000
4.052000,5.897999,-0.001857,0.593700,-2.000000,0.000630,0.000000,-0.000315,0.000000,5.914421,-0.001870,0.592931,1.940444,-0.000596,0.001507,5.838446,-0.001019,0.597821,2.019422,0.001868,0.010258,-0.001048,-0.000437,-0.000315,-0.000250,0.000200,-0.000313,0.401545,0.401545,-0.395455,-0.395455,0.326848,0.327409,-0.469746,-0.468392,0.234832,-0.234832,0.234832,-0.234832,0.233384,-0.234365,0.231190,-0.233771,0.270435,0.155392,0.000000,0.000000,0.000000
4.064000,5.873999,-0.001850,0.593700,-2.000000,0.000630,0.000000,-0.000315,0.000000,5.937520,-0.001877,0.592949,1.909426,-0.000601,0.001472,5.862412,-0.001021,0.597815,1.989470,-0.000016,-0.004255,0.000000,0.000000,-0.000315,-0.000486,0.000081,-0.000315,0.401545,0.401545,-0.395455,-0.395455,0.326341,0.326922,-0.470241,-0.468559,0.234832,-0.234832,0.234832,-0.234832,0.233524,-0.234227,0.231316,-0.233621,0.270065,0.155392,0.000000,0.000000,0.000000
4.076000,5.849999,-0.001842,0.593700,-2.000000,0.000630,0.000000,-0.000315,0.000000,5.960250,-0.001884,0.592966,1.878620,-0.000600,0.001438,5.885709,-0.001077,0.598099,1.936618,-0.001516,0.023529,0.000000,0.000000,-0.000315,-0.000377,0.000039,-0.000321,0.401545,0.401545,-0.395455,-0.395455,0.325735,0.326483,-0.470539,-0.468514,0.234832,-0.234832,0.234832,-0.234832,0.233504,-0.234247,0.231241,-0.233545,0.269517,0.155382,0.000000,0.000000,0.000000
4.088000,5.825999,-0.001835,0.593700,-2.000000,0.000630,0.000000,-0.000315,0.000000,5.982600,-0.001891,0.592972,1.846366,-0.000584,-0.000600,5.909079,-0.001088,0.597984,1.938546,-0.000735,0.004734,0.000000,0.000000,-0.000315,-0.000328,0.000028,-0.000315,0.401545,0.401545,-0.395455,-0.395455,0.325203,0.326020,-0.470457,-0.468284,0.234832,-0.234832,0.234832,-0.234832,0.233475,-0.234280,0.231203,-0.233550,0.269177,0.155392,0.000000,0.000000,0.000000
4.100000,5.801999,-0.001827,0.593700,-2.000000,0.000630,0.000000,-0.000315,0.000000,6.004564,-0.001898,0.592955,1.814513,-0.000566,-0.001338,5.931887,-0.001106,0.598110,1.894208,-0.000991,-0.004379,0.000000,0.000000,-0.000315,-0.000274,0.000021,-0.000309,0.401545,0.401545,-0.395455,-0.395455,0.324611,0.325466,-0.470542,-0.468113,0.234832,-0.234832,0.234832,-0.234832,0.233449,-0.234309,0.231167,-0.233536,0.268633,0.155375,0.000000,0.000000,0.000000
4.110000,5.781999,-0.001821,0.593700,-2.000000,0.000630,0.000000,-0.000315,0.000000,6.022580,-0.001904,0.592949,1.788581,-0.000516,-0.000134,5.950879,-0.001106,0.598044,1.890965,-0.000296,-0.003070,0.000000,0.000000,-0.000315,-0.000252,0.000036,-0.000294,0.401545,0.401545,-0.395455,-0.395455,0.324028,0.324939,-0.470368,-0.467978,0.234832,-0.234832,0.234832,-0.234832,0.233432,-0.234329,0.231136,-0.233544,0.268321,0.155425,0.000000,0.000000,0.000000
4.122000,5.757999,-0.001813,0.593700,-2.000000,0.000630,0.000000,-0.000315,0.000000,6.043858,-0.001909,0.592955,1.758007,-0.000458,0.000989,5.972975,-0.001124,0.598197,1.824553,-0.002867,0.011955,0.000000,0.000000,-0.000315,-0.000220,0.000041,-0.000283,0.401545,0.401545,-0.395455,-0.395455,0.323349,0.324304,-0.470328,-0.467959,0.234832,-0.234832,0.234832,-0.234832,0.233422,-0.234342,0.231114,-0.233502,0.267827,0.155341,0.000000,0.000000,0.000000
4.134000,5.733999,-0.001806,0.593700,-2.000000,0.000630,0.000000,-0.000315,0.000000,6.064768,-0.001915,0.592968,1.726745,-0.000434,0.000618,5.995224,-0.001121,0.598336,1.832785,-0.000237,0.008791,0.000000,0.000000,-0.000315,-0.000206,0.000042,-0.000288,0.401545,0.401545,-0.395455,-0.395455,0.322740,0.323772,-0.470210,-0.467472,0.234832,-0.234832,0.234832,-0.234832,0.233400,-0.234367,0.231086,-0.233521,0.267202,0.155320,0.000000,0.000000,0.000000
4.146000,5.709999,-0.001798,0.593700,-2.000000,0.000630,0.000000,-0.000315,0.000000,6.085296,-0.001920,0.592959,1.694592,-0.000428,-0.002107,6.017197,-0.001124,0.598445,1.815839,0.000269,0.009930,0.000000,0.000000,-0.000315,-0.000194,0.000017,-0.000288,0.401545,0.401545,-0.395455,-0.395455,0.322350,0.323383,-0.470434,-0.467413,0.234832,-0.234832,0.234832,-0.234832,0.233391,-0.234377,0.231073,-0.233533,0.266778,0.155295,0.000000,0.000000,0.000000
4.158000,5.685999,-0.001791,0.593700,-2.000000,0.000630,0.000000,-0.000315,0.000000,6.105441,-0.001925,0.592924,1.662984,-0.000395,-0.002996,6.038794,-0.001126,0.598581,1.785239,0.000194,0.010075,0.000000,0.000000,-0.000315,-0.000184,-0.000014,-0.000277,0.401545,0.401545,-0.395455,-0.395455,0.321980,0.322991,-0.470570,-0.467581,0.234832,-0.234832,0.234832,-0.234832,0.233378,-0.234395,0.231064,-0.233534,0.266428,0.155274,0.000000,0.000000,0.000000
4.170000,5.661999,-0.001783,0.593700,-2.000000,0.000630,0.000000,-0.000315,0.000000,6.125207,-0.001929,0.592869,1.631674,-0.000367,-0.007148,6.059861,-0.001119,0.598687,1.737412,0.001327,0.028244,0.000000,0.000000,-0.000315,-0.000183,-0.000020,-0.000275,0.401545,0.401545,-0.395455,-0.395455,0.321648,0.322639,-0.470615,-0.467649,0.234832,-0.234832,0.234832,-0.234832,0.233368,-0.234406,0.231034,-0.233544,0.266267,0.155242,0.000000,0.000000,0.000000
4.182000,5.637999,-0.001775,0.593700,-2.000000,0.000630,0.000000,-0.000315,0.000000,6.144596,-0.001933,0.592759,1.599778,-0.000311,-0.010566,6.080716,-0.001122,0.598750,1.719090,0.000154,0.000582,0.000000,0.000000,-0.000315,-0.000170,-0.000035,-0.000256,0.401545,0.401545,-0.395455,-0.395455,0.321486,0.322474,-0.470179,-0.467713,0.234832,-0.234832,0.234832,-0.234832,0.233355,-0.234423,0.231036,-0.233548,0.265917,0.155226,0.000000,0.000000,0.000000
4.194000,5.613999,-0.001768,0.593700,-2.000000,0.000630,0.000000,-0.000315,0.000000,6.163601,-0.001937,0.592614,1.567773,-0.000258,-0.013370,6.101219,-0.001118,0.598833,1.693925,0.000184,0.009548,0.000000,0.000000,-0.000315,-0.000169,-0.000030,-0.000248,0.401545,0.401545,-0.395455,-0.395455,0.321536,0.322404,-0.469919,-0.467774,0.234832,-0.234832,0.234832,-0.234832,0.233344,-0.234437,0.231028,-0.233555,0.265916,0.155184,0.000000,0.000000,0.000000
4.206000,5.589999,-0.001760,0.593700,-2.000000,0.000630,0.000000,-0.000315,0.000000,6.182225,-0.001940,0.592433,1.536201,-0.000231,-0.017447,6.121339,-0.001123,0.598952,1.662332,-0.000316,0.001587,0.000000,0.000000,-0.000315,-0.000158,-0.000047,-0.000249,0.401545,0.401545,-0.395455,-0.395455,0.321611,0.322464,-0.469648,-0.467705,0.234832,-0.234832,0.234832,-0.234832,0.233338,-0.234446,0.231025,-0.233563,0.265922,0.155184,0.000000,0.000000,0.000000
4.218000,5.565999,-0.001753,0.593700,-2.000000,0.000630,0.000000,-0.000315,0.000000,6.200470,-0.001943,0.592181,1.504252,-0.000236,-0.024459,6.140745,-0.001121,0.599292,1.601996,0.000430,0.021287,0.000000,0.000000,-0.000315,-0.000156,-0.000052,-0.000259,0.401545,0.401545,-0.395455,-0.395455,0.321811,0.322627,-0.469288,-0.467459,0.234832,-0.234832,0.234832,-0.234832,0.233327,-0.234449,0.231005,-0.233573,0.265917,0.155095,0.000000,0.000000,0.000000
4.230000,5.541999,-0.001745,0.593700,-2.000000,0.000630,0.000000,-0.000315,0.000000,6.218320,-0.001946,0.591841,1.471141,-0.000260,-0.031107,6.160082,-0.001121,0.599069,1.592677,-0.000201,0.002091,0.000000,0.000000,-0.000315,-0.000155,-0.000030,-0.000263,0.401545,0.401545,-0.395455,-0.395455,0.322346,0.323021,-0.468722,-0.466994,0.234832,-0.234832,0.234832,-0.234832,0.233326,-0.234452,0.230998,-0.233584,0.266432,0.155146,0.000000,0.000000,0.000000
4.242000,5.517999,-0.001738,0.593700,-2.000000,0.000630,0.000000,-0.000315,0.000000,6.235781,-0.001949,0.591451,1.439534,-0.000269,-0.032969,6.179071,-0.001119,0.599234,1.567718,0.000180,0.010161,0.000000,0.000000,-0.000315,-0.000150,-0.000032,-0.000269,0.401545,0.401545,-0.395455,-0.395455,0.322842,0.323309,-0.468255,-0.466571,0.234832,-0.234832,0.234832,-0.234832,0.233316,-0.234463,0.230988,-0.233596,0.266719,0.155094,0.000000,0.000000,0.000000
4.254000,5.493999,-0.001730,0.593700,-2.000000,0.000630,0.000000,-0.000315,0.000000,6.252865,-0.001952,0.591032,1.407471,-0.000289,-0.037627,6.197693,-0.001117,0.599215,1.537359,0.000330,-0.004221,0.000000,0.000000,-0.000315,-0.000150,-0.000054,-0.000277,0.401545,0.401545,-0.395455,-0.395455,0.323319,0.323599,-0.467693,-0.466047,0.234832,-0.234832,0.234832,-0.234832,0.233312,-0.234470,0.230974,-0.233610,0.267030,0.155081,0.000000,0.000000,0.000000
4.266000,5.469999,-0.001722,0.593700,-2.000000,0.000630,0.000000,-0.000315,0.000000,6.269561,-0.001956,0.590530,1.375176,-0.000284,-0.046343,6.215869,-0.001115,0.599210,1.501718,0.000374,-0.003110,0.000000,0.000000,-0.000315,-0.000152,-0.000058,-0.000274,0.401545,0.401545,-0.395455,-0.395455,0.323748,0.323906,-0.467040,-0.465388,0.234832,-0.234832,0.234832,-0.234832,0.233304,-0.234479,0.230967,-0.233610,0.267463,0.155065,0.000000,0.000000,0.000000
4.278000,5.445999,-0.001715,0.593700,-2.000000,0.000630,0.000000,-0.000315,0.000000,6.285869,-0.001959,0.589920,1.342669,-0.000286,-0.054362,6.233316,-0.001114,0.599220,1.451969,0.000632,-0.010898,0.000000,0.000000,-0.000315,-0.000149,-0.000037,-0.000278,0.401545,0.401545,-0.395455,-0.395455,0.324502,0.324513,-0.466186,-0.464463,0.234832,-0.234832,0.234832,-0.234832,0.233301,-0.234473,0.230956,-0.233635,0.268019,0.155105,0.000000,0.000000,0.000000
4.290000,5.421999,-0.001707,0.593700,-2.000000,0.000630,0.000000,-0.000315,0.000000,6.301786,-0.001962,0.589244,1.310138,-0.000266,-0.057824,6.250788,-0.001112,0.599089,1.439798,-0.000242,-0.008665,0.000000,0.000000,-0.000315,-0.000154,-0.000014,-0.000271,0.401545,0.401545,-0.395455,-0.395455,0.325363,0.325258,-0.465381,-0.463733,0.234832,-0.234832,0.234832,-0.234832,0.233298,-0.234478,0.230959,-0.233645,0.268745,0.155076,0.000000,0.000000,0.000000
4.302000,5.397999,-0.001700,0.593700,-2.000000,0.000630,0.000000,-0.000315,0.000000,6.317318,-0.001965,0.588542,1.278521,-0.000254,-0.060585,6.267903,-0.001107,0.598995,1.411157,0.000277,-0.015939,0.000000,0.000000,-0.000315,-0.000153,-0.000037,-0.000272,0.401545,0.401545,-0.395455,-0.395455,0.326059,0.326079,-0.464625,-0.462997,0.234832,-0.234832,0.234832,-0.234832,0.233290,-0.234488,0.230947,-0.233660,0.269466,0.155094,0.000000,0.000000,0.000000
4.314000,5.373999,-0.001692,0.593700,-2.000000,0.000630,0.000000,-0.000315,0.000000,6.332468,-0.001968,0.587760,1.246327,-0.000235,-0.070174,6.284625,-0.001105,0.598959,1.378588,0.000612,-0.008888,0.000000,0.000000,-0.000315,-0.000152,-0.000063,-0.000271,0.401545,0.401545,-0.395455,-0.395455,0.326836,0.326803,-0.463797,-0.462236,0.234832,-0.234832,0.234832,-0.234832,0.233280,-0.234499,0.230940,-0.233669,0.270159,0.155119,0.000000,0.000000,0.000000
4.326000,5.349999,-0.001685,0.593700,-2.000000,0.000630,0.000000,-0.000315,0.000000,6.347225,-0.001971,0.586857,1.213116,-0.000229,-0.080270,6.300950,-0.001102,0.598878,1.345809,0.000339,-0.013372,0.000000,0.000000,-0.000315,-0.000155,-0.000104,-0.000271,0.401545,0.401545,-0.395455,-0.395455,0.327631,0.327668,-0.462884,-0.461343,0.234832,-0.234832,0.234832,-0.234832,0.233278,-0.234503,0.230932,-0.233674,0.270997,0.155128,0.000000,0.000000,0.000000
4.338000,5.325999,-0.001677,0.593700,-2.000000,0.000630,0.000000,-0.000315,0.000000,6.361581,-0.001974,0.585837,1.179577,-0.000220,-0.089970,6.316880,-0.001105,0.598655,1.313296,-0.000307,-0.019312,0.000000,0.000000,-0.000315,-0.000151,-0.000122,-0.000269,0.401545,0.401545,-0.395455,-0.395455,0.328391,0.328545,-0.461883,-0.460407,0.234832,-0.234832,0.234832,-0.234832,0.233274,-0.234508,0.230931,-0.233677,0.271869,0.155173,0.000000,0.000000,0.000000
4.350000,5.301999,-0.001670,0.593700,-2.000000,0.000630,0.000000,-0.000315,0.000000,6.375541,-0.001976,0.584686,1.147183,-0.000212,-0.102080,6.332405,-0.001102,0.598482,1.279339,-0.000242,-0.007591,0.000000,0.000000,-0.000315,-0.000153,-0.000114,-0.000271,0.401545,0.401545,-0.395455,-0.395455,0.329257,0.329382,-0.460904,-0.459483,0.234832,-0.234832,0.234832,-0.234832,0.233267,-0.234515,0.230922,-0.233684,0.272677,0.155171,0.000000,0.000000,0.000000
4.362000,5.277999,-0.001662,0.593700,-2.000000,0.000630,0.000000,-0.000315,0.000000,6.389109,-0.001979,0.583393,1.113986,-0.000204,-0.113141,6.347455,-0.001098,0.598157,1.238409,0.000735,-0.029028,0.000000,0.000000,-0.000315,-0.000152,-0.000136,-0.000273,0.401545,0.401545,-0.395455,-0.395455,0.330159,0.330291,-0.459775,-0.458457,0.234832,-0.234832,0.234832,-0.234832,0.233258,-0.234526,0.230906,-0.233696,0.273692,0.155282,0.000000,0.000000,0.000000
4.374000,5.253999,-0.001654,0.593700,-2.000000,0.000630,0.000000,-0.000315,0.000000,6.402276,-0.001981,0.581973,1.080581,-0.000206,-0.123152,6.362154,-0.001094,0.597871,1.208951,0.000506,-0.025978,0.000000,0.000000,-0.000315,-0.000157,-0.000121,-0.000276,0.401545,0.401545,-0.395455,-0.395455,0.331159,0.331205,-0.458610,-0.457443,0.234832,-0.234832,0.234832,-0.234832,0.233254,-0.234530,0.230898,-0.233702,0.274619,0.155308,0.000000,0.000000,0.000000
4.384000,5.233999,-0.001648,0.593700,-2.000000,0.000630,0.000000,-0.000315,0.000000,6.412944,-0.001983,0.580704,1.052957,-0.000212,-0.130505,6.374100,-0.001096,0.597468,1.183066,0.000276,-0.038750,0.000000,0.000000,-0.000315,-0.000151,-0.000119,-0.000281,0.401545,0.401545,-0.395455,-0.395455,0.331933,0.332006,-0.457649,-0.456574,0.234832,-0.234832,0.234832,-0.234832,0.233251,-0.234534,0.230891,-0.233710,0.275528,0.155418,0.000000,0.000000,0.000000
4.396000,5.209999,-0.001641,0.593700,-2.000000,0.000630,0.000000,-0.000315,0.000000,6.425380,-0.001986,0.579081,1.019830,-0.000221,-0.140242,6.387993,-0.001101,0.597082,1.145935,-0.000451,-0.028592,0.000000,0.000000,-0.000315,-0.000146,-0.000099,-0.000285,0.401545,0.401545,-0.395455,-0.395455,0.332874,0.332872,-0.456577,-0.455449,0.234832,-0.234832,0.234832,-0.234832,0.233250,-0.234536,0.230887,-0.233705,0.276536,0.155499,0.000000,0.000000,0.000000
4.408000,5.185999,-0.001633,0.593700,-2.000000,0.000630,0.000000,-0.000315,0.000000,6.437416,-0.001989,0.577343,0.986039,-0.000237,-0.149149,6.401533,-0.001099,0.596559,1.113804,0.000188,-0.045030,0.000000,0.000000,-0.000315,-0.000148,-0.000100,-0.000292,0.401545,0.401545,-0.395455,-0.395455,0.333853,0.333737,-0.455508,-0.454236,0.234832,-0.234832,0.234832,-0.234832,0.233247,-0.234541,0.230877,-0.233716,0.277633,0.155623,0.000000,0.000000,0.000000
4.420000,5.161999,-0.001625,0.593700,-2.000000,0.000630,0.000000,-0.000315,0.000000,6.449042,-0.001992,0.575506,0.951700,-0.000243,-0.157155,6.414656,-0.001102,0.596110,1.079103,-0.000551,-0.038684,0.000000,0.000000,-0.000315,-0.000146,-0.000096,-0.000293,0.401545,0.401545,-0.395455,-0.395455,0.334861,0.334759,-0.454428,-0.453122,0.234832,-0.234832,0.234832,-0.234832,0.233248,-0.234542,0.230873,-0.233717,0.278748,0.155715,0.000000,0.000000,0.000000
4.432000,5.137999,-0.001618,0.593700,-2.000000,0.000630,0.000000,-0.000315,0.000000,6.460254,-0.001995,0.573572,0.916949,-0.000234,-0.165336,6.427364,-0.001103,0.595400,1.045047,-0.000406,-0.054186,0.000000,0.000000,-0.000315,-0.000146,-0.000098,-0.000291,0.401545,0.401545,-0.395455,-0.395455,0.335828,0.335816,-0.453271,-0.451963,0.234832,-0.234832,0.234832,-0.234832,0.233244,-0.234547,0.230871,-0.233721,0.280009,0.155910,0.000000,0.000000,0.000000
4.444000,5.113999,-0.001610,0.593700,-2.000000,0.000630,0.000000,-0.000315,0.000000,6.471051,-0.001997,0.571532,0.882892,-0.000221,-0.175216,6.439645,-0.001102,0.594658,1.009897,-0.000390,-0.057525,0.000000,0.000000,-0.000315,-0.000150,-0.000073,-0.000288,0.401545,0.401545,-0.395455,-0.395455,0.336702,0.336833,-0.452184,-0.450833,0.234832,-0.234832,0.234832,-0.234832,0.233243,-0.234550,0.230869,-0.233724,0.281247,0.156084,0.000000,0.000000,0.000000
4.456000,5.089999,-0.001603,0.593700,-2.000000,0.000630,0.000000,-0.000315,0.000000,6.481442,-0.002000,0.569366,0.848714,-0.000204,-0.185514,6.451490,-0.001100,0.593903,0.973342,0.000207,-0.063576,0.000000,0.000000,-0.000315,-0.000152,-0.000063,-0.000288,0.401545,0.401545,-0.395455,-0.395455,0.337619,0.337875,-0.451082,-0.449660,0.234832,-0.234832,0.234832,-0.234832,0.233238,-0.234557,0.230862,-0.233731,0.282486,0.156280,0.000000,0.000000,0.000000
4.468000,5.065999,-0.001595,0.593700,-2.000000,0.000630,0.000000,-0.000315,0.000000,6.491417,-0.002002,0.567086,0.813762,-0.000186,-0.194250,6.462905,-0.001110,0.593030,0.937407,-0.002864,-0.073961,0.000000,0.000000,-0.000315,-0.000180,-0.000045,-0.000287,0.401545,0.401545,-0.395455,-0.395455,0.338579,0.338967,-0.449944,-0.448509,0.234832,-0.234832,0.234832,-0.234832,0.233268,-0.234528,0.230893,-0.233701,0.283795,0.156508,0.000000,0.000000,0.000000
4.480000,5.041999,-0.001588,0.593700,-2.000000,0.000630,0.000000,-0.000315,0.000000,6.500972,-0.002004,0.564706,0.778588,-0.000161,-0.202018,6.473887,-0.001076,0.592125,0.901086,0.004219,-0.086542,0.000000,0.000000,-0.000315,-0.000236,-0.000039,-0.000284,0.401545,0.401545,-0.395455,-0.395455,0.339569,0.340085,-0.448783,-0.447320,0.234832,-0.234832,0.234832,-0.234832,0.233246,-0.234553,0.230876,-0.233721,0.285187,0.156700,0.000000,0.000000,0.000000
4.492000,5.017999,-0.001580,0.593700,-2.000000,0.000630,0.000000,-0.000315,0.000000,6.510103,-0.002006,0.562239,0.743173,-0.000136,-0.209087,6.484436,-0.001102,0.591158,0.864437,0.000088,-0.083182,-0.001007,0.000073,-0.000315,-0.000203,-0.000026,-0.000278,0.401545,0.401545,-0.395455,-0.395455,0.340554,0.341167,-0.447633,-0.446115,0.234832,-0.234832,0.234832,-0.234832,0.233257,-0.234542,0.230891,-0.233708,0.286592,0.156984,0.000000,0.000000,0.000000
4.504000,4.993999,-0.001573,0.593700,-2.000000,0.000630,0.000000,-0.000315,0.000000,6.518808,-0.002008,0.559689,0.707620,-0.000110,-0.215928,6.494550,-0.001102,0.590071,0.828752,-0.000194,-0.095440,0.000000,0.000000,-0.000315,-0.000253,-0.000017,-0.000272,0.401545,0.401545,-0.395455,-0.395455,0.341588,0.342351,-0.446462,-0.444912,0.234832,-0.234832,0.234832,-0.234832,0.233284,-0.234517,0.230921,-0.233679,0.288172,0.157264,0.000000,0.000000,0.000000
4.516000,4.969999,-0.001565,0.593700,-2.000000,0.000630,0.000000,-0.000315,0.000000,6.527085,-0.002009,0.557059,0.671844,-0.000085,-0.222313,6.504233,-0.001078,0.588922,0.793659,0.001409,-0.093079,-0.001078,0.000025,-0.000315,-0.000368,0.000002,-0.000270,0.401545,0.401545,-0.395455,-0.395455,0.342712,0.343464,-0.445285,-0.443750,0.234832,-0.234832,0.234832,-0.234832,0.233322,-0.234481,0.230957,-0.233642,0.289750,0.157504,0.000000,0.000000,0.000000
4.528000,4.945999,-0.001557,0.593700,-2.000000,0.000630,0.000000,-0.000315,0.000000,6.534931,-0.002010,0.554353,0.635762,-0.000066,-0.228778,6.513479,-0.001079,0.587676,0.756235,0.000424,-0.110195,0.000000,0.000000,-0.000315,-0.000542,0.000002,-0.000269,0.401545,0.401545,-0.395455,-0.395455,0.343864,0.344599,-0.444083,-0.442513,0.234832,-0.234832,0.234832,-0.234832,0.233422,-0.234382,0.231061,-0.233541,0.291354,0.157856,0.000000,0.000000,0.000000
4.540000,4.921999,-0.001550,0.593700,-2.000000,0.000630,0.000000,-0.000315,0.000000,6.542342,-0.002010,0.551568,0.599415,-0.000034,-0.235387,6.522288,-0.001106,0.586353,0.719711,-0.000518,-0.113639,0.000000,0.000000,-0.000315,-0.000439,0.000006,-0.000261,0.401545,0.401545,-0.395455,-0.395455,0.344936,0.345717,-0.442892,-0.441285,0.234832,-0.234832,0.234832,-0.234832,0.233387,-0.234419,0.231033,-0.233572,0.293031,0.158250,0.000000,0.000000,0.000000
4.552000,4.897999,-0.001542,0.593700,-2.000000,0.000630,0.000000,-0.000315,0.000000,6.549318,-0.002010,0.548710,0.563155,-0.000006,-0.241027,6.530657,-0.001108,0.584983,0.683902,-0.000406,-0.118286,0.000000,0.000000,-0.000315,-0.000378,0.000009,-0.000254,0.401545,0.401545,-0.395455,-0.395455,0.346073,0.346959,-0.441704,-0.440096,0.234832,-0.234832,0.234832,-0.234832,0.233350,-0.234457,0.230998,-0.233608,0.294821,0.158599,0.000000,0.000000,0.000000
4.564000,4.873999,-0.001535,0.593700,-2.000000,0.000630,0.000000,-0.000315,0.000000,6.555856,-0.002010,0.545780,0.526476,0.000017,-0.247282,6.538587,-0.001108,0.583481,0.646696,0.000211,-0.127377,0.000000,0.000000,-0.000315,-0.000327,0.000009,-0.000253,0.401545,0.401545,-0.395455,-0.395455,0.347258,0.348201,-0.440538,-0.438896,0.234832,-0.234832,0.234832,-0.234832,0.233315,-0.234493,0.230967,-0.233643,0.296620,0.159009,0.000000,0.000000,0.000000
4.576000,4.849999,-0.001527,0.593700,-2.000000,0.000630,0.000000,-0.000315,0.000000,6.561953,-0.002010,0.542777,0.489617,0.000046,-0.253380,6.546077,-0.001108,0.581969,0.609888,0.000201,-0.133398,0.000000,0.000000,-0.000315,-0.000288,0.000006,-0.000247,0.401545,0.401545,-0.395455,-0.395455,0.348295,0.349327,-0.439314,-0.437685,0.234832,-0.234832,0.234832,-0.234832,0.233287,-0.234522,0.230945,-0.233667,0.298452,0.159419,0.000000,0.000000,0.000000
4.588000,4.825999,-0.001520,0.593700,-2.000000,0.000630,0.000000,-0.000315,0.000000,6.567605,-0.002009,0.539696,0.452339,0.000072,-0.260107,6.553122,-0.001106,0.580348,0.573016,0.000191,-0.134455,0.000000,0.000000,-0.000315,-0.000259,0.000009,-0.000241,0.401545,0.401545,-0.395455,-0.395455,0.349432,0.350643,-0.438112,-0.436490,0.234832,-0.234832,0.234832,-0.234832,0.233266,-0.234545,0.230926,-0.233687,0.300361,0.159853,0.000000,0.000000,0.000000
4.600000,4.801999,-0.001512,0.593700,-2.000000,0.000630,0.000000,-0.000315,0.000000,6.572807,-0.002008,0.536532,0.414620,0.000118,-0.267500,6.559729,-0.001105,0.578691,0.535801,0.000253,-0.145509,0.000000,0.000000,-0.000315,-0.000235,-0.000008,-0.000231,0.401545,0.401545,-0.395455,-0.395455,0.350528,0.351956,-0.436889,-0.435231,0.234832,-0.234832,0.234832,-0.234832,0.233244,-0.234568,0.230915,-0.233703,0.302291,0.160327,0.000000,0.000000,0.000000
4.612000,4.777999,-0.001504,0.593700,-2.000000,0.000630,0.000000,-0.000315,0.000000,6.577554,-0.002007,0.533273,0.376515,0.000149,-0.275333,6.565892,-0.001101,0.576931,0.499173,0.000275,-0.145692,0.000000,0.000000,-0.000315,-0.000214,-0.000013,-0.000227,0.401545,0.401545,-0.395455,-0.395455,0.351830,0.353236,-0.435679,-0.434016,0.234832,-0.234832,0.234832,-0.234832,0.233225,-0.234588,0.230899,-0.233720,0.304368,0.160788,0.000000,0.000000,0.000000
4.624000,4.753999,-0.001497,0.593700,-2.000000,0.000630,0.000000,-0.000315,0.000000,6.581843,-0.002005,0.529925,0.338255,0.000181,-0.282813,6.571614,-0.001097,0.575088,0.462308,0.000357,-0.159806,0.000000,0.000000,-0.000315,-0.000201,-0.000034,-0.000222,0.401545,0.401545,-0.395455,-0.395455,0.353150,0.354403,-0.434429,-0.432732,0.234832,-0.234832,0.234832,-0.234832,0.233208,-0.234606,0.230889,-0.233734,0.306470,0.161292,0.000000,0.000000,0.000000
4.634000,4.733999,-0.001491,0.593700,-2.000000,0.000630,0.000000,-0.000315,0.000000,6.585065,-0.002003,0.527066,0.306273,0.000195,-0.288698,6.576040,-0.001095,0.573426,0.431569,0.000340,-0.163603,0.000000,0.000000,-0.000315,-0.000189,-0.000033,-0.000220,0.401545,0.401545,-0.395455,-0.395455,0.354174,0.355399,-0.433426,-0.431722,0.234832,-0.234832,0.234832,-0.234832,0.233197,-0.234617,0.230879,-0.233745,0.308290,0.161744,0.000000,0.000000,0.000000
4.646000,4.709999,-0.001483,0.593700,-2.000000,0.000630,0.000000,-0.000315,0.000000,6.588513,-0.002000,0.523572,0.268277,0.000222,-0.293734,6.580929,-0.001093,0.571459,0.392978,0.000136,-0.168614,0.000000,0.000000,-0.000315,-0.000178,-0.000040,-0.000213,0.401545,0.401545,-0.395455,-0.395455,0.355328,0.356550,-0.432151,-0.430468,0.234832,-0.234832,0.234832,-0.234832,0.233183,-0.234632,0.230873,-0.233754,0.310446,0.162293,0.000000,0.000000,0.000000
4.658000,4.685999,-0.001475,0.593700,-2.000000,0.000630,0.000000,-0.000315,0.000000,6.591501,-0.001997,0.520009,0.229583,0.000240,-0.300136,6.585363,-0.001088,0.569320,0.354636,0.000327,-0.179702,0.000000,0.000000,-0.000315,-0.000171,-0.000044,-0.000214,0.401545,0.401545,-0.395455,-0.395455,0.356550,0.357763,-0.430957,-0.429248,0.234832,-0.234832,0.234832,-0.234832,0.233173,-0.234644,0.230864,-0.233767,0.312702,0.162897,0.000000,0.000000,0.000000
4.670000,4.661999,-0.001468,0.593700,-2.000000,0.000630,0.000000,-0.000315,0.000000,6.594024,-0.001994,0.516376,0.190995,0.000253,-0.305288,6.589332,-0.001084,0.567199,0.315453,0.000284,-0.179255,0.000000,0.000000,-0.000315,-0.000163,-0.000044,-0.000212,0.401545,0.401545,-0.395455,-0.395455,0.357758,0.358967,-0.429686,-0.428054,0.234832,-0.234832,0.234832,-0.234832,0.233162,-0.234655,0.230855,-0.233778,0.315010,0.163488,0.000000,0.000000,0.000000
4.682000,4.637999,-0.001460,0.593700,-2.000000,0.000630,0.000000,-0.000315,0.000000,6.596080,-0.001991,0.512671,0.151233,0.000276,-0.313175,6.592406,-0.001084,0.564966,0.256559,0.000121,-0.193126,0.000000,0.000000,-0.000315,-0.000156,-0.000021,-0.000206,0.401545,0.401545,-0.395455,-0.395455,0.359281,0.360480,-0.428243,-0.426635,0.234832,-0.234832,0.234832,-0.234832,0.233151,-0.234668,0.230860,-0.233783,0.317622,0.164139,0.000000,0.000000,0.000000
4.694000,4.613999,-0.001453,0.593700,-2.000000,0.000630,0.000000,-0.000315,0.000000,6.597651,-0.001988,0.508856,0.110762,0.000286,-0.322225,6.595474,-0.001082,0.562586,0.239008,0.000221,-0.200269,0.000000,0.000000,-0.000315,-0.000151,-0.000020,-0.000209,0.401545,0.401545,-0.395455,-0.395455,0.360910,0.362058,-0.427040,-0.425453,0.234832,-0.234832,0.234832,-0.234832,0.233144,-0.234676,0.230859,-0.233795,0.320437,0.164827,0.000000,0.000000,0.000000
4.706000,4.589999,-0.001445,0.593700,-2.000000,0.000630,0.000000,-0.000315,0.000000,6.598744,-0.001984,0.504960,0.071443,0.000283,-0.326604,6.598116,-0.001079,0.560192,0.204619,0.000256,-0.200474,0.000000,0.000000,-0.000315,-0.000147,-0.000054,-0.000212,0.401545,0.401545,-0.395455,-0.395455,0.362320,0.363438,-0.425853,-0.424367,0.234832,-0.234832,0.234832,-0.234832,0.233138,-0.234684,0.230853,-0.233806,0.323137,0.165513,0.000000,0.000000,0.000000
4.718000,4.565999,-0.001438,0.593700,-2.000000,0.000630,0.000000,-0.000315,0.000000,6.599363,-0.001981,0.501014,0.031612,0.000288,-0.331561,6.600289,-0.001075,0.557754,0.165641,0.000244,-0.207073,0.000000,0.000000,-0.000315,-0.000143,-0.000100,-0.000210,0.401545,0.401545,-0.395455,-0.395455,0.363596,0.364721,-0.424544,-0.423166,0.234832,-0.234832,0.234832,-0.234832,0.233130,-0.234693,0.230847,-0.233814,0.325790,0.166225,0.000000,0.000000,0.000000
4.730000,4.541999,-0.001430,0.593700,-2.000000,0.000630,0.000000,-0.000315,0.000000,6.599498,-0.001977,0.496993,-0.009268,0.000319,-0.338726,6.601989,-0.001071,0.555248,0.126043,0.000367,-0.213116,0.000000,0.000000,-0.000315,-0.000143,-0.000141,-0.000200,0.401545,0.401545,-0.395455,-0.395455,0.364845,0.365972,-0.423362,-0.421813,0.234832,-0.234832,0.234832,-0.234832,0.233122,-0.234703,0.230847,-0.233816,0.328444,0.166973,0.000000,0.000000,0.000000
4.742000,4.517999,-0.001423,0.593700,-2.000000,0.000630,0.000000,-0.000315,0.000000,6.599139,-0.001973,0.492884,-0.050553,0.000345,-0.346098,6.603209,-0.001068,0.552617,0.085908,0.000326,-0.221801,0.000000,0.000000,-0.000315,-0.000143,-0.000174,-0.000198,0.401545,0.401545,-0.395455,-0.395455,0.366112,0.367257,-0.422208,-0.420558,0.234832,-0.234832,0.234832,-0.234832,0.233115,-0.234710,0.230845,-0.233822,0.331201,0.167768,0.000000,0.000000,0.000000
4.754000,4.493999,-0.001415,0.593700,-2.000000,0.000630,0.000000,-0.000315,0.000000,6.598285,-0.001969,0.488693,-0.091734,0.000352,-0.352162,6.603936,-0.001063,0.549893,0.044305,0.000358,-0.228220,0.000000,0.000000,-0.000315,-0.000142,-0.000198,-0.000202,0.401545,0.401545,-0.395455,-0.395455,0.367388,0.368577,-0.421004,-0.419400,0.234832,-0.234832,0.234832,-0.234832,0.233109,-0.234718,0.230838,-0.233832,0.334085,0.168588,0.000000,0.000000,0.000000
4.766000,4.469999,-0.001407,0.593700,-2.000000,0.000630,0.000000,-0.000315,0.000000,6.596937,-0.001965,0.484434,-0.133016,0.000344,-0.357604,6.604166,-0.001059,0.547124,0.002523,0.000300,-0.233281,0.000000,0.000000,-0.000315,-0.000139,-0.000220,-0.000208,0.401545,0.401545,-0.395455,-0.395455,0.368733,0.369931,-0.419711,-0.418230,0.234832,-0.234832,0.234832,-0.234832,0.233105,-0.234724,0.230830,-0.233843,0.337065,0.169427,0.000000,0.000000,0.000000
4.778000,4.445999,-0.001400,0.593700,-2.000000,0.000630,0.000000,-0.000315,0.000000,6.595090,-0.001961,0.480106,-0.175026,0.000326,-0.363857,6.603904,-0.001056,0.544292,-0.038653,0.000221,-0.239134,0.000000,0.000000,-0.000315,-0.000136,-0.000247,-0.000218,0.401545,0.401545,-0.395455,-0.395455,0.370151,0.371342,-0.418324,-0.417001,0.234832,-0.234832,0.234832,-0.234832,0.233101,-0.234728,0.230822,-0.233854,0.340173,0.170294,0.000000,0.000000,0.000000
4.790000,4.421999,-0.001392,0.593700,-2.000000,0.000630,0.000000,-0.000315,0.000000,6.592734,-0.001957,0.475698,-0.217713,0.000301,-0.370931,6.603151,-0.001054,0.541385,-0.079427,0.000128,-0.245629,0.000000,0.000000,-0.000315,-0.000134,-0.000278,-0.000228,0.401545,0.401545,-0.395455,-0.395455,0.371622,0.372801,-0.416860,-0.415712,0.234832,-0.234832,0.234832,-0.234832,0.233100,-0.234731,0.230814,-0.233864,0.343413,0.171196,0.000000,0.000000,0.000000
4.802000,4.397999,-0.001385,0.593700,-2.000000,0.000630,0.000000,-0.000315,0.000000,6.589863,-0.001954,0.471204,-0.260823,0.000272,-0.378038,6.601906,-0.001053,0.538396,-0.120277,0.000032,-0.252187,0.000000,0.000000,-0.000315,-0.000131,-0.000312,-0.000240,0.401545,0.401545,-0.395455,-0.395455,0.373119,0.374293,-0.415343,-0.414380,0.234832,-0.234832,0.234832,-0.234832,0.233100,-0.234732,0.230808,-0.233874,0.346771,0.172136,0.000000,0.000000,0.000000
4.814000,4.373999,-0.001377,0.593700,-2.000000,0.000630,0.000000,-0.000315,0.000000,6.586473,-0.001951,0.466626,-0.304248,0.000242,-0.384820,6.600166,-0.001052,0.535326,-0.161530,-0.000058,-0.258664,0.000000,0.000000,-0.000315,-0.000128,-0.000350,-0.000252,0.401545,0.401545,-0.395455,-0.395455,0.374636,0.375805,-0.413802,-0.413027,0.234832,-0.234832,0.234832,-0.234832,0.233102,-0.234732,0.230802,-0.233882,0.350238,0.173115,0.000000,0.000000,0.000000
4.826000,4.349999,-0.001370,0.593700,-2.000000,0.000630,0.000000,-0.000315,0.000000,6.582560,-0.001948,0.461969,-0.348017,0.000212,-0.391333,6.597925,-0.001053,0.532180,-0.203263,-0.000147,-0.264936,0.000000,0.000000,-0.000315,-0.000125,-0.000389,-0.000263,0.401545,0.401545,-0.395455,-0.395455,0.376173,0.377330,-0.412262,-0.411674,0.234832,-0.234832,0.234832,-0.234832,0.233105,-0.234730,0.230799,-0.233889,0.353814,0.174133,0.000000,0.000000,0.000000
4.838000,4.325999,-0.001362,0.593700,-2.000000,0.000630,0.000000,-0.000315,0.000000,6.578119,-0.001946,0.457234,-0.392225,0.000182,-0.397810,6.595177,-0.001055,0.528966,-0.245519,-0.000235,-0.270744,0.000000,0.000000,-0.000315,-0.000123,-0.000430,-0.000276,0.401545,0.401545,-0.395455,-0.395455,0.377720,0.378862,-0.410747,-0.410344,0.234832,-0.234832,0.234832,-0.234832,0.233109,-0.234727,0.230796,-0.233895,0.357490,0.175188,0.000000,0.000000,0.000000
4.850000,4.301999,-0.001354,0.593700,-2.000000,0.000630,0.000000,-0.000315,0.000000,6.573144,-0.001944,0.452420,-0.437037,0.000153,-0.404678,6.591915,-0.001059,0.525694,-0.288410,-0.000346,-0.276022,0.000000,0.000000,-0.000315,-0.000120,-0.000472,-0.000287,0.401545,0.401545,-0.395455,-0.395455,0.379268,0.380400,-0.409282,-0.409057,0.234832,-0.234832,0.234832,-0.234832,0.233116,-0.234723,0.230795,-0.233899,0.361257,0.176279,0.000000,0.000000,0.000000
4.862000,4.277999,-0.001347,0.593700,-2.000000,0.000630,0.000000,-0.000315,0.000000,6.567626,-0.001942,0.450000,-0.482864,0.000133,-0.412965,6.587639,-0.001061,0.522313,-0.356326,-0.000235,-0.286062,0.000000,0.000000,-0.000315,-0.000119,-0.000455,-0.000294,0.401545,0.401545,-0.395455,-0.395455,0.381150,0.382268,-0.407777,-0.407530,0.234832,-0.234832,0.234832,-0.234832,0.233127,-0.234725,0.230794,-0.233901,0.365386,0.177408,0.000000,0.000000,0.000000
4.874000,4.253999,-0.001339,0.593700,-2.000000,0.000630,0.000000,-0.000315,0.000000,6.561559,-0.001940,0.450000,-0.527783,0.000138,-0.417339,6.583342,-0.001064,0.518886,-0.378954,-0.000136,-0.280317,0.000000,0.000000,-0.000315,-0.000125,-0.000450,-0.000291,0.401545,0.401545,-0.395455,-0.395455,0.383061,0.384183,-0.406477,-0.405969,0.234832,-0.234832,0.234832,-0.234832,0.233133,-0.234720,0.230803,-0.233896,0.369743,0.178561,0.000000,0.000000,0.000000
4.884000,4.233999,-0.001333,0.593700,-2.000000,0.000630,0.000000,-0.000315,0.000000,6.556108,-0.001939,0.450000,-0.561835,0.000150,-0.415816,6.579379,-0.001065,0.516130,-0.411736,-0.000077,-0.267998,0.000000,0.000000,-0.000315,-0.000129,-0.000475,-0.000291,0.401545,0.401545,-0.395455,-0.395455,0.384584,0.385677,-0.405339,-0.404763,0.234832,-0.234832,0.234832,-0.234832,0.233137,-0.234717,0.230810,-0.233893,0.373253,0.179510,0.000000,0.000000,0.000000
4.896000,4.209999,-0.001326,0.593700,-2.000000,0.000630,0.000000,-0.000315,0.000000,6.549132,-0.001937,0.450000,-0.600782,0.000154,-0.421355,6.574122,-0.001066,0.512992,-0.456328,-0.000050,-0.253407,0.000000,0.000000,-0.000315,-0.000132,-0.000502,-0.000297,0.401545,0.401545,-0.395455,-0.395455,0.386348,0.387419,-0.403944,-0.403451,0.234832,-0.234832,0.234832,-0.234832,0.233141,-0.234715,0.230813,-0.233894,0.377320,0.180609,0.000000,0.000000,0.000000
4.908000,4.185999,-0.001318,0.593700,-2.000000,0.000630,0.000000,-0.000315,0.000000,6.541687,-0.001935,0.450000,-0.640290,0.000142,-0.427586,6.568303,-0.001066,0.510053,-0.503270,0.000030,-0.238850,0.000000,0.000000,-0.000315,-0.000133,-0.000516,-0.000307,0.401545,0.401545,-0.395455,-0.395455,0.388170,0.389202,-0.402643,-0.402182,0.234832,-0.234832,0.234832,-0.234832,0.233146,-0.234711,0.230812,-0.233898,0.381351,0.181650,0.000000,0.000000,0.000000
4.920000,4.161999,-0.001310,0.593700,-2.000000,0.000630,0.000000,-0.000315,0.000000,6.533760,-0.001934,0.450000,-0.680973,0.000142,-0.430980,6.561929,-0.001065,0.507212,-0.550610,0.000101,-0.232935,0.000000,0.000000,-0.000315,-0.000140,-0.000512,-0.000305,0.401545,0.401545,-0.395455,-0.395455,0.390062,0.391081,-0.401380,-0.400700,0.234832,-0.234832,0.234832,-0.234832,0.233150,-0.234709,0.230818,-0.233896,0.385415,0.182647,0.000000,0.000000,0.000000
4.932000,4.137999,-0.001303,0.593700,-2.000000,0.000630,0.000000,-0.000315,0.000000,6.525345,-0.001932,0.450000,-0.721651,0.000152,-0.430684,6.555008,-0.001063,0.504533,-0.594597,0.000189,-0.215021,0.000000,0.000000,-0.000315,-0.000142,-0.000498,-0.000309,0.401545,0.401545,-0.395455,-0.395455,0.392108,0.393090,-0.399947,-0.399287,0.234832,-0.234832,0.234832,-0.234832,0.233151,-0.234709,0.230820,-0.233898,0.389539,0.183628,0.000000,0.000000,0.000000
4.944000,4.113999,-0.001295,0.593700,-2.000000,0.000630,0.000000,-0.000315,0.000000,6.516439,-0.001930,0.450000,-0.762906,0.000140,-0.427049,6.547549,-0.001060,0.502052,-0.639131,0.000306,-0.203059,0.000000,0.000000,-0.000315,-0.000144,-0.000495,-0.000320,0.401545,0.401545,-0.395455,-0.395455,0.394237,0.395198,-0.398611,-0.397936,0.234832,-0.234832,0.234832,-0.234832,0.233155,-0.234706,0.230815,-0.233905,0.393694,0.184529,0.000000,0.000000,0.000000
4.956000,4.089999,-0.001288,0.593700,-2.000000,0.000630,0.000000,-0.000315,0.000000,6.507029,-0.001928,0.450000,-0.805431,0.000140,-0.421039,6.539560,-0.001059,0.499609,-0.683485,0.000162,-0.196606,0.000000,0.000000,-0.000315,-0.000146,-0.000485,-0.000320,0.401545,0.401545,-0.395455,-0.395455,0.396353,0.397334,-0.397119,-0.396468,0.234832,-0.234832,0.234832,-0.234832,0.233157,-0.234706,0.230821,-0.233905,0.395609,0.185425,0.000000,0.000000,0.000000
4.968000,4.065999,-0.001280,0.593700,-2.000000,0.000630,0.000000,-0.000315,0.000000,6.497111,-0.001927,0.450000,-0.847562,0.000139,-0.413854,6.531044,-0.001057,0.497387,-0.726723,0.000269,-0.183353,0.000000,0.000000,-0.000315,-0.000146,-0.000486,-0.000331,0.401545,0.401545,-0.395455,-0.395455,0.398558,0.399530,-0.395688,-0.395097,0.234832,-0.234832,0.234832,-0.234832,0.233159,-0.234705,0.230818,-0.233911,0.395829,0.186256,0.000000,0.000000,0.000000
4.980000,4.041999,-0.001273,0.593700,-2.000000,0.000630,0.000000,-0.000315,0.000000,6.486685,-0.001925,0.450000,-0.890262,0.000136,-0.405946,6.522003,-0.001054,0.495238,-0.769803,0.000277,-0.173540,0.000000,0.000000,-0.000315,-0.000149,-0.000489,-0.000331,0.401545,0.401545,-0.395455,-0.395455,0.400756,0.401656,-0.394196,-0.393606,0.234832,-0.234832,0.234832,-0.234832,0.233161,-0.234705,0.230821,-0.233913,0.396046,0.187060,0.000000,0.000000,0.000000
4.992000,4.017999,-0.001265,0.593700,-2.000000,0.000630,0.000000,-0.000315,0.000000,6.475745,-0.001923,0.450000,-0.932920,0.000132,-0.397342,6.512441,-0.001052,0.493203,-0.814006,0.000301,-0.165098,0.000000,0.000000,-0.000315,-0.000145,-0.000500,-0.000344,0.401545,0.401545,-0.395455,-0.395455,0.403127,0.403824,-0.392759,-0.392218,0.234832,-0.234832,0.234832,-0.234832,0.233165,-0.234704,0.230816,-0.233920,0.396049,0.187855,0.000000,0.000000,0.000000
5.004000,3.993999,-0.001257,0.593700,-2.000000,0.000630,0.000000,-0.000315,0.000000,6.464294,-0.001922,0.450000,-0.975581,0.000130,-0.388747,6.502358,-0.001049,0.491246,-0.856627,0.000275,-0.157617,0.000000,0.000000,-0.000315,-0.000152,-0.000513,-0.000345,0.401545,0.401545,-0.395455,-0.395455,0.405396,0.406036,-0.391291,-0.390761,0.234832,-0.234832,0.234832,-0.234832,0.233169,-0.234701,0.230822,-0.233919,0.396092,0.188596,0.000000,0.000000,0.000000
5.016000,3.969999,-0.001250,0.593700,-2.000000,0.000630,0.000000,-0.000315,0.000000,6.452331,-0.001920,0.450000,-1.018207,0.000125,-0.379994,6.491751,-0.001046,0.489438,-0.900968,0.000175,-0.148914,0.000000,0.000000,-0.000315,-0.000155,-0.000533,-0.000351,0.401545,0.401545,-0.395455,-0.395455,0.407567,0.408415,-0.389910,-0.389321,0.234832,-0.234832,0.234832,-0.234832,0.233176,-0.234697,0.230821,-0.233922,0.395951,0.189254,0.000000,0.000000,0.000000
5.028000,3.945999,-0.001242,0.593700,-2.000000,0.000630,0.000000,-0.000315,0.000000,6.439856,-0.001919,0.450000,-1.061260,0.000148,-0.371336,6.480633,-0.001046,0.487801,-0.941709,0.000004,-0.134098,0.000000,0.000000,-0.000315,-0.000151,-0.000541,-0.000344,0.401545,0.401545,-0.395455,-0.395455,0.409633,0.410536,-0.388434,-0.387955,0.234832,-0.234832,0.234832,-0.234832,0.233173,-0.234701,0.230827,-0.233919,0.395750,0.189913,0.000000,0.000000,0.000000
5.040000,3.921999,-0.001235,0.593700,-2.000000,0.000630,0.000000,-0.000315,0.000000,6.426857,-0.001917,0.450000,-1.105117,0.000178,-0.364471,6.468993,-0.001041,0.486141,-0.985813,0.000206,-0.130100,0.000000,0.000000,-0.000315,-0.000156,-0.000559,-0.000337,0.401545,0.401545,-0.395455,-0.395455,0.411768,0.412619,-0.386954,-0.386470,0.234832,-0.234832,0.234832,-0.234832,0.233173,-0.234704,0.230831,-0.233919,0.395538,0.190564,0.000000,0.000000,0.000000
5.052000,3.897999,-0.001227,0.593700,-2.000000,0.000630,0.000000,-0.000315,0.000000,6.413332,-0.001914,0.450000,-1.149141,0.000206,-0.358111,6.456838,-0.001019,0.484605,-1.030186,0.001608,-0.132894,-0.001031,0.000109,-0.000315,-0.000245,-0.000563,-0.000336,0.401545,0.401545,-0.395455,-0.395455,0.413700,0.414508,-0.385464,-0.385006,0.234832,-0.234832,0.234832,-0.234832,0.233195,-0.234684,0.230856,-0.233898,0.395248,0.191117,0.000000,0.000000,0.000000
5.064000,3.873999,-0.001220,0.593700,-2.000000,0.000630,0.000000,-0.000315,0.000000,6.399281,-0.001912,0.450000,-1.192905,0.000226,-0.351196,6.444163,-0.001032,0.483256,-1.071682,-0.000332,-0.117279,0.000000,0.000000,-0.000315,-0.000310,-0.000548,-0.000338,0.401545,0.401545,-0.395455,-0.395455,0.415576,0.416258,-0.383986,-0.383560,0.234832,-0.234832,0.234832,-0.234832,0.233248,-0.234632,0.230908,-0.233848,0.394781,0.191704,0.000000,0.000000,0.000000
5.076000,3.849999,-0.001212,0.593700,-2.000000,0.000630,0.000000,-0.000315,0.000000,6.384701,-0.001909,0.450000,-1.237377,0.000253,-0.346255,6.430493,-0.001048,0.481915,-1.135538,-0.001336,-0.105944,0.000000,0.000000,-0.000315,-0.000267,-0.000489,-0.000331,0.401545,0.401545,-0.395455,-0.395455,0.417713,0.418151,-0.382296,-0.381911,0.234832,-0.234832,0.234832,-0.234832,0.233295,-0.234649,0.230899,-0.233854,0.394080,0.192287,0.000000,0.000000,0.000000
5.088000,3.825999,-0.001205,0.593700,-2.000000,0.000630,0.000000,-0.000315,0.000000,6.369581,-0.001906,0.450000,-1.282082,0.000271,-0.342082,6.416832,-0.001050,0.480502,-1.156515,-0.000329,-0.105405,0.000000,0.000000,-0.000315,-0.000244,-0.000466,-0.000332,0.401545,0.401545,-0.395455,-0.395455,0.419766,0.420093,-0.380635,-0.380273,0.234832,-0.234832,0.234832,-0.234832,0.233315,-0.234663,0.230886,-0.233871,0.393436,0.192854,0.000000,0.000000,0.000000
5.100000,3.801999,-0.001197,0.593700,-2.000000,0.000630,0.000000,-0.000315,0.000000,6.353937,-0.001903,0.450000,-1.325217,0.000278,-0.334096,6.402697,-0.001048,0.479246,-1.194794,0.000090,-0.106464,0.000000,0.000000,-0.000315,-0.000225,-0.000516,-0.000335,0.401545,0.401545,-0.395455,-0.395455,0.421536,0.421776,-0.379141,-0.378815,0.234832,-0.234832,0.234832,-0.234832,0.233316,-0.234673,0.230878,-0.233884,0.392915,0.193363,0.000000,0.000000,0.000000
5.112000,3.777999,-0.001189,0.593700,-2.000000,0.000630,0.000000,-0.000315,0.000000,6.337777,-0.001899,0.450000,-1.368451,0.000289,-0.328134,6.388036,-0.001044,0.478107,-1.239163,0.000175,-0.104500,0.000000,0.000000,-0.000315,-0.000211,-0.000569,-0.000336,0.401545,0.401545,-0.395455,-0.395455,0.423132,0.423302,-0.377726,-0.377413,0.234832,-0.234832,0.234832,-0.234832,0.233313,-0.234680,0.230872,-0.233893,0.392339,0.193816,0.000000,0.000000,0.000000
5.124000,3.753999,-0.001182,0.593700,-2.000000,0.000630,0.000000,-0.000315,0.000000,6.321097,-0.001896,0.450000,-1.411904,0.000307,-0.324628,6.372836,-0.001040,0.477009,-1.284699,0.000226,-0.102136,0.000000,0.000000,-0.000315,-0.000197,-0.000603,-0.000337,0.401545,0.401545,-0.395455,-0.395455,0.424713,0.424726,-0.376265,-0.376047,0.234832,-0.234832,0.234832,-0.234832,0.233307,-0.234689,0.230868,-0.233902,0.391728,0.194317,0.000000,0.000000,0.000000
5.134000,3.733999,-0.001176,0.593700,-2.000000,0.000630,0.000000,-0.000315,0.000000,6.306798,-0.001892,0.450000,-1.447912,0.000309,-0.321511,6.359759,-0.001032,0.476268,-1.320365,0.001097,-0.075599,0.000000,0.000000,-0.000315,-0.000192,-0.000617,-0.000346,0.401545,0.401545,-0.395455,-0.395455,0.426001,0.425897,-0.375119,-0.374898,0.234832,-0.234832,0.234832,-0.234832,0.233302,-0.234694,0.230856,-0.233914,0.391040,0.194605,0.000000,0.000000,0.000000
5.146000,3.709999,-0.001168,0.593700,-2.000000,0.000630,0.000000,-0.000315,0.000000,6.289159,-0.001889,0.450000,-1.491805,0.000316,-0.317041,6.343582,-0.001027,0.475271,-1.365008,0.001105,-0.074389,0.000000,0.000000,-0.000315,-0.000185,-0.000626,-0.000347,0.401545,0.401545,-0.395455,-0.395455,0.427559,0.427354,-0.373670,-0.373464,0.234832,-0.234832,0.234832,-0.234832,0.233301,-0.234697,0.230855,-0.233919,0.390310,0.195013,0.000000,0.000000,0.000000
5.158000,3.685999,-0.001160,0.593700,-2.000000,0.000630,0.000000,-0.000315,0.000000,6.270992,-0.001885,0.450000,-1.535775,0.000331,-0.312733,6.326876,-0.001023,0.474355,-1.408822,0.001145,-0.068069,0.000000,0.000000,-0.000315,-0.000180,-0.000632,-0.000346,0.401545,0.401545,-0.395455,-0.395455,0.429123,0.428860,-0.372228,-0.372019,0.234832,-0.234832,0.234832,-0.234832,0.233300,-0.234700,0.230855,-0.233921,0.389491,0.195396,0.000000,0.000000,0.000000
5.170000,3.661999,-0.001153,0.593700,-2.000000,0.000630,0.000000,-0.000315,0.000000,6.252298,-0.001881,0.450000,-1.579768,0.000352,-0.308354,6.309649,-0.001022,0.473463,-1.452927,0.000435,-0.072045,0.000000,0.000000,-0.000315,-0.000206,-0.000632,-0.000341,0.401545,0.401545,-0.395455,-0.395455,0.430686,0.430364,-0.370724,-0.370576,0.234832,-0.234832,0.234832,-0.234832,0.233316,-0.234685,0.230878,-0.233904,0.388652,0.195785,0.000000,0.000000,0.000000
5.182000,3.637999,-0.001145,0.593700,-2.000000,0.000630,0.000000,-0.000315,0.000000,6.233076,-0.001876,0.450000,-1.623658,0.000368,-0.304165,6.291901,-0.001020,0.472532,-1.497336,-0.000113,-0.077350,-0.001028,0.000313,-0.000315,-0.000230,-0.000622,-0.000342,0.401545,0.401545,-0.395455,-0.395455,0.432244,0.431929,-0.369247,-0.369073,0.234832,-0.234832,0.234832,-0.234832,0.233335,-0.234669,0.230897,-0.233890,0.387827,0.196147,0.000000,0.000000,0.000000
5.194000,3.613999,-0.001138,0.593700,-2.000000,0.000630,0.000000,-0.000315,0.000000,6.213333,-0.001872,0.450000,-1.666960,0.000388,-0.299503,6.273632,-0.001019,0.471723,-1.540507,-0.000089,-0.077960,0.000000,0.000000,-0.000315,-0.000241,-0.000620,-0.000340,0.401545,0.401545,-0.395455,-0.395455,0.433890,0.433476,-0.367731,-0.367631,0.234832,-0.234832,0.234832,-0.234832,0.233344,-0.234662,0.230911,-0.233881,0.386892,0.196586,0.000000,0.000000,0.000000
5.206000,3.589999,-0.001130,0.593700,-2.000000,0.000630,0.000000,-0.000315,0.000000,6.193068,-0.001867,0.450000,-1.710680,0.000397,-0.295208,6.254854,-0.001016,0.471041,-1.581954,-0.000036,-0.066536,0.000000,0.000000,-0.000315,-0.000224,-0.000627,-0.000344,0.401545,0.401545,-0.395455,-0.395455,0.435506,0.435010,-0.366286,-0.366161,0.234832,-0.234832,0.234832,-0.234832,0.233343,-0.234665,0.230906,-0.233888,0.385817,0.196848,0.000000,0.000000,0.000000
5.218000,3.565999,-0.001123,0.593700,-2.000000,0.000630,0.000000,-0.000315,0.000000,6.172275,-0.001862,0.450000,-1.754855,0.000413,-0.292181,6.235563,-0.001016,0.470380,-1.624401,-0.001041,-0.051378,0.000000,0.000000,-0.000315,-0.000235,-0.000632,-0.000348,0.401545,0.401545,-0.395455,-0.395455,0.437079,0.436549,-0.364787,-0.364727,0.234832,-0.234832,0.234832,-0.234832,0.233357,-0.234652,0.230925,-0.233874,0.384692,0.197182,0.000000,0.000000,0.000000
5.230000,3.541999,-0.001115,0.593700,-2.000000,0.000630,0.000000,-0.000315,0.000000,6.150955,-0.001857,0.450000,-1.798157,0.000423,-0.289134,6.215754,-0.001012,0.469716,-1.666947,0.000252,-0.036465,0.000000,0.000000,-0.000315,-0.000213,-0.000642,-0.000351,0.401545,0.401545,-0.395455,-0.395455,0.438757,0.438092,-0.363275,-0.363215,0.234832,-0.234832,0.234832,-0.234832,0.233350,-0.234661,0.230915,-0.233889,0.383549,0.197511,0.000000,0.000000,0.000000
5.242000,3.517999,-0.001107,0.593700,-2.000000,0.000630,0.000000,-0.000315,0.000000,6.129118,-0.001852,0.450000,-1.841346,0.000423,-0.285584,6.195444,-0.001009,0.469100,-1.710316,0.000091,-0.055299,0.000000,0.000000,-0.000315,-0.000204,-0.000657,-0.000359,0.401545,0.401545,-0.395455,-0.395455,0.440377,0.439662,-0.361798,-0.361686,0.234832,-0.234832,0.234832,-0.234832,0.233355,-0.234660,0.230916,-0.233894,0.382441,0.197725,0.000000,0.000000,0.000000
5.254000,3.493999,-0.001100,0.593700,-2.000000,0.000630,0.000000,-0.000315,0.000000,6.106758,-0.001847,0.450000,-1.885267,0.000431,-0.283436,6.174623,-0.001010,0.468407,-1.753516,-0.000217,-0.055353,0.000000,0.000000,-0.000315,-0.000186,-0.000680,-0.000362,0.401545,0.401545,-0.395455,-0.395455,0.442049,0.441271,-0.360245,-0.360193,0.234832,-0.234832,0.234832,-0.234832,0.233356,-0.234660,0.230922,-0.233895,0.381252,0.198075,0.000000,0.000000,0.000000
5.266000,3.469999,-0.001092,0.593700,-2.000000,0.000630,0.000000,-0.000315,0.000000,6.083879,-0.001842,0.450000,-1.927969,0.000442,-0.282439,6.153292,-0.001005,0.467949,-1.794718,0.000343,-0.038955,0.000000,0.000000,-0.000315,-0.000178,-0.000698,-0.000360,0.401545,0.401545,-0.395455,-0.395455,0.443632,0.442846,-0.358796,-0.358621,0.234832,-0.234832,0.234832,-0.234832,0.233356,-0.234661,0.230922,-0.233900,0.379925,0.198267,0.000000,0.000000,0.000000
5.278000,3.445999,-0.001085,0.593700,-2.000000,0.000630,0.000000,-0.000315,0.000000,6.060486,-0.001836,0.450000,-1.970993,0.000463,-0.281279,6.131454,-0.001002,0.467470,-1.837279,0.000277,-0.037883,0.000000,0.000000,-0.000315,-0.000175,-0.000714,-0.000360,0.401545,0.401545,-0.395455,-0.395455,0.445233,0.444509,-0.357293,-0.357143,0.234832,-0.234832,0.234832,-0.234832,0.233360,-0.234661,0.230930,-0.233898,0.378590,0.198477,0.000000,0.000000,0.000000
5.290000,3.421999,-0.001077,0.593700,-2.000000,0.000630,0.000000,-0.000315,0.000000,6.036572,-0.001831,0.450000,-2.014552,0.000472,-0.280435,6.109109,-0.001003,0.466921,-1.879841,-0.000191,-0.037092,0.000000,0.000000,-0.000315,-0.000163,-0.000734,-0.000367,0.401545,0.401545,-0.395455,-0.395455,0.446961,0.446098,-0.355783,-0.355568,0.234832,-0.234832,0.234832,-0.234832,0.233369,-0.234656,0.230938,-0.233897,0.377353,0.198765,0.000000,0.000000,0.000000
5.302000,3.397999,-0.001070,0.593700,-2.000000,0.000630,0.000000,-0.000315,0.000000,6.012135,-0.001825,0.450000,-2.057954,0.000484,-0.280519,6.086257,-0.000992,0.466599,-1.921008,0.001064,-0.022139,0.000000,0.000000,-0.000315,-0.000167,-0.000752,-0.000369,0.401545,0.401545,-0.395455,-0.395455,0.448535,0.447774,-0.354344,-0.353997,0.234832,-0.234832,0.234832,-0.234832,0.233369,-0.234657,0.230935,-0.233903,0.375940,0.198854,0.000000,0.000000,0.000000
5.314000,3.373999,-0.001062,0.593700,-2.000000,0.000630,0.000000,-0.000315,0.000000,5.987176,-0.001819,0.450000,-2.102159,0.000506,-0.281251,6.062896,-0.000998,0.466139,-1.965416,-0.000117,-0.039614,0.000000,0.000000,-0.000315,-0.000153,-0.000776,-0.000366,0.401545,0.401545,-0.395455,-0.395455,0.450280,0.449436,-0.352784,-0.352542,0.234832,-0.234832,0.234832,-0.234832,0.233378,-0.234653,0.230953,-0.233893,0.374560,0.199141,0.000000,0.000000,0.000000
5.326000,3.349999,-0.001055,0.593700,-2.000000,0.000630,0.000000,-0.000315,0.000000,5.961686,-0.001813,0.450000,-2.146176,0.000512,-0.282721,6.039022,-0.000990,0.465881,-2.007369,0.000518,-0.027971,0.000000,0.000000,-0.000315,-0.000156,-0.000796,-0.000377,0.401545,0.401545,-0.395455,-0.395455,0.451963,0.451127,-0.351406,-0.351024,0.234832,-0.234832,0.234832,-0.234832,0.233389,-0.234647,0.230949,-0.233897,0.373049,0.199200,0.000000,0.000000,0.000000
5.338000,3.325999,-0.001047,0.593700,-2.000000,0.000630,0.000000,-0.000315,0.000000,5.935671,-0.001807,0.450000,-2.189685,0.000513,-0.285984,6.014630,-0.000991,0.465453,-2.050369,-0.000158,-0.029618,0.000000,0.000000,-0.000315,-0.000148,-0.000826,-0.000385,0.401545,0.401545,-0.395455,-0.395455,0.453648,0.452821,-0.349891,-0.349533,0.234832,-0.234832,0.234832,-0.234832,0.233402,-0.234637,0.230961,-0.233891,0.371708,0.199395,0.000000,0.000000,0.000000
5.350000,3.301999,-0.001039,0.593700,-2.000000,0.000630,0.000000,-0.000315,0.000000,5.909136,-0.001801,0.450000,-2.232809,0.000519,-0.291181,5.989701,-0.000983,0.465082,-2.096707,0.000252,-0.040833,0.000000,0.000000,-0.000315,-0.000157,-0.000843,-0.000384,0.401545,0.401545,-0.395455,-0.395455,0.455353,0.454551,-0.348518,-0.348020,0.234832,-0.234832,0.234832,-0.234832,0.233413,-0.234631,0.230964,-0.233890,0.370192,0.199463,0.000000,0.000000,0.000000
5.362000,3.277999,-0.001032,0.593700,-2.000000,0.000630,0.000000,-0.000315,0.000000,5.882086,-0.001794,0.450000,-2.275782,0.000540,-0.297075,5.964240,-0.000981,0.464870,-2.140033,0.000585,-0.027321,0.000000,0.000000,-0.000315,-0.000148,-0.000857,-0.000382,0.401545,0.401545,-0.395455,-0.395455,0.457031,0.456206,-0.347077,-0.346569,0.234832,-0.234832,0.234832,-0.234832,0.233418,-0.234630,0.230968,-0.233888,0.368657,0.199625,0.000000,0.000000,0.000000
5.374000,3.253999,-0.001024,0.593700,-2.000000,0.000630,0.000000,-0.000315,0.000000,5.854518,-0.001788,0.450000,-2.318912,0.000565,-0.302806,5.938239,-0.000978,0.464493,-2.184245,0.000158,-0.030542,0.000000,0.000000,-0.000315,-0.000153,-0.000844,-0.000377,0.401545,0.401545,-0.395455,-0.395455,0.458652,0.457894,-0.345522,-0.345080,0.234832,-0.234832,0.234832,-0.234832,0.233428,-0.234623,0.230985,-0.233877,0.367279,0.199778,0.000000,0.000000,0.000000
5.386000,3.229999,-0.001017,0.593700,-2.000000,0.000630,0.000000,-0.000315,0.000000,5.826433,-0.001781,0.450000,-2.361904,0.000587,-0.308296,5.911696,-0.000971,0.464332,-2.229415,0.000701,-0.021692,0.000000,0.000000,-0.000315,-0.000153,-0.000839,-0.000375,0.401545,0.401545,-0.395455,-0.395455,0.460223,0.459585,-0.344022,-0.343602,0.234832,-0.234832,0.234832,-0.234832,0.233431,-0.234622,0.230989,-0.233875,0.365544,0.199782,0.000000,0.000000,0.000000
5.398000,3.205999,-0.001009,0.593700,-2.000000,0.000630,0.000000,-0.000315,0.000000,5.797826,-0.001774,0.450000,-2.405983,0.000614,-0.312649,5.884612,-0.000968,0.464140,-2.274246,0.000670,-0.016069,0.000000,0.000000,-0.000315,-0.000148,-0.000818,-0.000369,0.401545,0.401545,-0.395455,-0.395455,0.461728,0.461237,-0.342475,-0.342119,0.234832,-0.234832,0.234832,-0.234832,0.233437,-0.234620,0.230995,-0.233869,0.363862,0.199848,0.000000,0.000000,0.000000
5.408000,3.185999,-0.001003,0.593700,-2.000000,0.000630,0.000000,-0.000315,0.000000,5.773584,-0.001767,0.450000,-2.442594,0.000635,-0.315760,5.861402,-0.000963,0.464081,-2.328666,0.000534,-0.014440,0.000000,0.000000,-0.000315,-0.000153,-0.000777,-0.000371,0.401545,0.401545,-0.395455,-0.395455,0.462894,0.462531,-0.341070,-0.340780,0.234832,-0.234832,0.234832,-0.234832,0.233444,-0.234614,0.230998,-0.233858,0.362403,0.199823,0.000000,0.000000,0.000000
5.420000,3.161999,-0.000995,0.593700,-1.999999,0.000631,0.000000,-0.000315,0.000000,5.744017,-0.001760,0.450000,-2.484660,0.000646,-0.314434,5.833297,-0.000958,0.463626,-2.360268,0.000972,-0.016022,0.000000,0.000000,-0.000315,-0.000117,-0.000740,-0.000374,0.401545,0.401545,-0.395455,-0.395455,0.464358,0.464184,-0.339215,-0.338973,0.234832,-0.234832,0.234832,-0.234832,0.233437,-0.234622,0.230981,-0.233872,0.360634,0.200010,0.000000,0.000000,0.000000
5.432000,3.137999,-0.000988,0.593700,-2.000000,0.000630,0.000000,-0.000315,0.000000,5.713962,-0.001752,0.450000,-2.523869,0.000669,-0.305837,5.803991,-0.000951,0.463479,-2.445816,0.001560,-0.013597,0.000000,0.000000,-0.000315,-0.000120,-0.000795,-0.000374,0.401545,0.401545,-0.395455,-0.395455,0.465831,0.465695,-0.337203,-0.336690,0.234832,-0.234832,0.234832,-0.234832,0.233437,-0.234624,0.230973,-0.233843,0.358282,0.200132,0.000000,0.000000,0.000000
5.444000,3.113999,-0.000980,0.593700,-2.000000,0.000630,0.000000,-0.000315,0.000000,5.683463,-0.001744,0.450000,-2.558524,0.000670,-0.285150,5.774787,-0.000944,0.463133,-2.455878,0.000966,-0.023980,0.000000,0.000000,-0.000315,-0.000104,-0.000655,-0.000390,0.401545,0.401545,-0.395455,-0.395455,0.467266,0.467120,-0.334756,-0.334436,0.234832,-0.234832,0.234832,-0.234832,0.233452,-0.234611,0.230938,-0.233838,0.356068,0.200228,0.000000,0.000000,0.000000
5.456000,3.089999,-0.000973,0.593700,-2.000000,0.000629,0.000000,-0.000315,0.000000,5.652561,-0.001736,0.450000,-2.591747,0.000683,-0.261150,5.744786,-0.000922,0.462876,-2.496498,0.000322,-0.038578,0.000000,0.000000,-0.000315,-0.000324,-0.000565,-0.000385,0.401545,0.401545,-0.395455,-0.395455,0.468649,0.468513,-0.331961,-0.332132,0.234832,-0.234832,0.234832,-0.234832,0.233538,-0.234525,0.231020,-0.233725,0.353550,0.200267,0.000000,0.000000,0.000000
5.468000,3.065999,-0.000965,0.593700,-1.999999,0.000629,0.000000,-0.000315,0.000000,5.621262,-0.001727,0.450000,-2.624734,0.000703,-0.237150,5.714424,-0.000923,0.462559,-2.538578,0.001233,-0.021997,-0.001558,-0.000975,-0.000314,-0.000403,-0.000528,-0.000372,0.401545,0.401545,-0.395455,-0.395455,0.470098,0.469962,-0.329746,-0.329600,0.234832,-0.234832,0.234832,-0.234832,0.233571,-0.234480,0.231066,-0.233655,0.350897,0.200312,0.000000,0.000000,0.000000
5.480000,3.041999,-0.000958,0.593700,-1.999999,0.000629,0.000000,-0.000315,0.000000,5.589569,-0.001719,0.450000,-2.657508,0.000711,-0.213150,5.683861,-0.000926,0.462197,-2.553510,0.000025,-0.027019,-0.001155,-0.000646,-0.000314,-0.000528,-0.000563,-0.000383,0.401545,0.401545,-0.395455,-0.395455,0.471803,0.471875,-0.327839,-0.327430,0.234832,-0.234832,0.234832,-0.234832,0.233633,-0.234382,0.231145,-0.233579,0.349021,0.200541,0.000000,0.000000,0.000000
5.492000,3.017999,-0.000950,0.593700,-2.000000,0.000629,0.000000,-0.000315,0.000000,5.557483,-0.001710,0.450000,-2.690112,0.000717,-0.189150,5.652688,-0.000911,0.461812,-2.608378,-0.000307,-0.037867,-0.001382,-0.000757,-0.000314,-0.000741,-0.000645,-0.000389,0.401545,0.401545,-0.395455,-0.395455,0.473530,0.473909,-0.326073,-0.325714,0.234832,-0.234832,0.234832,-0.234832,0.233725,-0.234271,0.231235,-0.233480,0.347098,0.200676,0.000000,0.000000,0.000000
5.504000,2.993999,-0.000942,0.593700,-2.000000,0.000630,0.000000,-0.000315,0.000000,5.525006,-0.001701,0.450000,-2.722573,0.000738,-0.165150,5.620978,-0.000926,0.461484,-2.643769,-0.001128,-0.033577,0.000000,0.000000,-0.000315,-0.000864,-0.000540,-0.000381,0.401545,0.401545,-0.395455,-0.395455,0.475552,0.476213,-0.324333,-0.324048,0.234832,-0.234832,0.234832,-0.234832,0.233788,-0.234162,0.231312,-0.233379,0.345734,0.200924,0.000000,0.000000,0.000000
5.516000,2.969999,-0.000935,0.593700,-2.000000,0.000630,0.000000,-0.000315,0.000000,5.492142,-0.001692,0.450000,-2.754877,0.000758,-0.141150,5.588946,-0.000942,0.461225,-2.670322,-0.000692,-0.029447,0.000000,0.000000,-0.000315,-0.000722,-0.000352,-0.000378,0.401545,0.401545,-0.395455,-0.395455,0.477484,0.478445,-0.322204,-0.322306,0.234832,-0.234832,0.234832,-0.234832,0.233739,-0.234174,0.231243,-0.233395,0.343843,0.201115,0.000000,0.000000,0.000000
5.528000,2.945999,-0.000927,0.593700,-2.000000,0.000631,0.000000,-0.000315,0.000000,5.458890,-0.001683,0.450000,-2.786997,0.000785,-0.117150,5.556701,-0.000916,0.461024,-2.684331,0.001011,-0.029420,0.000000,0.000000,-0.000315,-0.000687,-0.000189,-0.000359,0.401545,0.401545,-0.395455,-0.395455,0.479446,0.480332,-0.319929,-0.320757,0.234832,-0.234832,0.234832,-0.234832,0.233682,-0.234193,0.231193,-0.233416,0.342045,0.201141,0.000000,0.000000,0.000000
5.540000,2.921999,-0.000920,0.593700,-2.000000,0.000630,0.000000,-0.000315,0.000000,5.425254,-0.001674,0.450000,-2.818948,0.000803,-0.093150,5.524214,-0.000926,0.460748,-2.708457,0.000218,-0.034060,0.000000,0.000000,-0.000315,-0.000560,-0.000145,-0.000362,0.401545,0.401545,-0.395455,-0.395455,0.481388,0.481953,-0.318010,-0.319315,0.234832,-0.234832,0.234832,-0.234832,0.233637,-0.234212,0.231157,-0.233448,0.340415,0.201348,0.000000,0.000000,0.000000
5.552000,2.897999,-0.000912,0.593700,-2.000000,0.000630,0.000000,-0.000315,0.000000,5.391236,-0.001664,0.450000,-2.850884,0.000824,-0.069504,5.491305,-0.000929,0.460468,-2.761571,-0.000147,-0.016914,0.000000,0.000000,-0.000315,-0.000453,-0.000192,-0.000360,0.401545,0.401545,-0.395455,-0.395455,0.483167,0.483176,-0.316221,-0.318132,0.234832,-0.234832,0.234832,-0.234832,0.233600,-0.234248,0.231125,-0.233477,0.338629,0.201559,0.000000,0.000000,0.000000
5.564000,2.873999,-0.000905,0.593700,-1.999999,0.000630,0.000000,-0.000315,0.000000,5.356828,-0.001654,0.450000,-2.883374,0.000828,-0.047982,5.457360,-0.000927,0.460348,-2.841675,0.000222,0.012304,0.000970,0.000609,-0.000315,-0.000340,-0.000120,-0.000375,0.401545,0.401545,-0.395455,-0.395455,0.484585,0.484688,-0.313492,-0.317193,0.234832,-0.234832,0.234832,-0.234832,0.233540,-0.234227,0.231047,-0.233519,0.336480,0.201623,0.000000,0.000000,0.000000
5.576000,2.849999,-0.000897,0.593700,-1.999999,0.000630,0.000000,-0.000315,0.000000,5.322038,-0.001644,0.450000,-2.914864,0.000831,-0.023982,5.424303,-0.000916,0.460061,-2.787930,0.000481,-0.039631,0.000439,0.001086,-0.000315,-0.000148,0.000094,-0.000370,0.401545,0.401545,-0.395455,-0.395455,0.486241,0.486188,-0.311139,-0.316245,0.234832,-0.234832,0.234832,-0.234832,0.233394,-0.234295,0.230982,-0.233596,0.335489,0.201651,0.000000,0.000000,0.000000
5.588000,2.825999,-0.000890,0.593700,-1.999999,0.000630,0.000000,-0.000315,0.000000,5.286871,-0.001634,0.450000,-2.946220,0.000849,0.000018,5.390355,-0.000901,0.459937,-2.824886,0.000464,-0.025295,0.000701,0.000805,-0.000315,-0.000063,0.000219,-0.000352,0.401545,0.401545,-0.395455,-0.395455,0.488856,0.487337,-0.309979,-0.315723,0.234832,-0.234832,0.234832,-0.234832,0.233327,-0.234342,0.230955,-0.233630,0.334380,0.201717,0.000000,0.000000,0.000000
5.600000,2.801999,-0.000882,0.593700,-1.999998,0.000629,0.000000,-0.000315,0.000000,5.251315,-0.001624,0.450101,-2.981154,0.000868,0.013150,5.356549,-0.000910,0.459806,-2.840309,-0.000714,-0.004980,0.000819,0.001048,-0.000315,0.000101,0.000220,-0.000369,0.401545,0.401545,-0.395455,-0.395455,0.490929,0.488487,-0.309418,-0.315178,0.234832,-0.234832,0.234832,-0.234832,0.233279,-0.234388,0.230899,-0.233685,0.333708,0.201818,0.000000,0.000000,0.000000
5.612000,2.777999,-0.000874,0.593700,-1.999999,0.000629,0.000000,-0.000315,0.000000,5.215316,-0.001613,0.450226,-3.018523,0.000869,0.003578,5.322455,-0.000914,0.459791,-2.866685,-0.000411,0.000829,0.001487,0.000750,-0.000315,0.000298,0.000150,-0.000399,0.401545,0.401545,-0.395455,-0.395455,0.492142,0.489373,-0.308870,-0.314545,0.234832,-0.234832,0.234832,-0.234832,0.233215,-0.234456,0.230825,-0.233765,0.332982,0.201930,0.000000,0.000000,0.000000
5.624000,2.753999,-0.000867,0.593700,-2.000000,0.000629,0.000000,-0.000315,0.000000,5.178864,-0.001603,0.450131,-3.057327,0.000862,-0.018703,5.287696,-0.000921,0.459852,-2.902980,-0.000273,-0.010031,0.001277,0.000385,-0.000315,0.000555,0.000085,-0.000408,0.401545,0.401545,-0.395455,-0.395455,0.492988,0.490078,-0.308005,-0.313674,0.234832,-0.234832,0.234832,-0.234832,0.233132,-0.234545,0.230723,-0.233867,0.331944,0.201833,0.000000,0.000000,0.000000
5.636000,2.729999,-0.000859,0.593700,-2.000000,0.000630,0.000000,-0.000315,0.000000,5.141974,-0.001593,0.450000,-3.085703,0.000856,-0.037923,5.252476,-0.000888,0.459763,-2.947793,0.001256,-0.014784,0.000000,0.000000,-0.000315,0.000530,-0.000004,-0.000438,0.401545,0.401545,-0.395455,-0.395455,0.493493,0.490773,-0.307136,-0.312603,0.234832,-0.234832,0.234832,-0.234832,0.233132,-0.234548,0.230711,-0.233876,0.330896,0.201757,0.000000,0.000000,0.000000
5.648000,2.705999,-0.000852,0.593700,-2.000000,0.000630,0.000000,-0.000315,0.000000,5.104920,-0.001582,0.450000,-3.088926,0.000834,-0.049707,5.216259,-0.000887,0.459909,-3.010323,0.000713,-0.001580,0.000000,0.000000,-0.000315,0.000417,-0.000059,-0.000467,0.401545,0.401545,-0.395455,-0.395455,0.494045,0.491464,-0.305790,-0.311021,0.234832,-0.234832,0.234832,-0.234832,0.233214,-0.234469,0.230765,-0.233798,0.328942,0.201722,0.000000,0.000000,0.000000
5.658000,2.685999,-0.000845,0.593700,-2.000000,0.000630,0.000000,-0.000315,0.000000,5.074045,-0.001574,0.450000,-3.086016,0.000829,-0.035184,5.186208,-0.000884,0.459947,-3.017286,0.000696,-0.006806,0.001187,-0.000494,-0.000315,0.000330,0.000021,-0.000464,0.401545,0.401545,-0.395455,-0.395455,0.494630,0.492181,-0.304576,-0.309708,0.234832,-0.234832,0.234832,-0.234832,0.233260,-0.234415,0.230817,-0.233737,0.327426,0.201739,0.000000,0.000000,0.000000
5.670000,2.661999,-0.000838,0.593700,-2.000000,0.000630,0.000000,-0.000315,0.000000,5.037050,-0.001564,0.450000,-3.079479,0.000828,-0.011184,5.150014,-0.000878,0.460012,-3.028852,0.000902,0.004063,0.000092,-0.001034,-0.000315,0.000307,0.000109,-0.000455,0.401545,0.401545,-0.395455,-0.395455,0.495558,0.493235,-0.303264,-0.308208,0.234832,-0.234832,0.234832,-0.234832,0.233269,-0.234394,0.230839,-0.233701,0.325575,0.201533,0.000000,0.000000,0.000000
5.682000,2.637999,-0.000830,0.593700,-1.999999,0.000630,0.000000,-0.000315,0.000000,5.000138,-0.001554,0.450041,-3.072210,0.000838,0.012816,5.113583,-0.000889,0.459865,-3.044123,-0.000590,-0.011252,0.000000,0.000000,-0.000315,0.000222,0.000157,-0.000444,0.401545,0.401545,-0.395455,-0.395455,0.496608,0.494410,-0.301848,-0.306338,0.234832,-0.234832,0.234832,-0.234832,0.233324,-0.234321,0.230906,-0.233606,0.324113,0.201693,0.000000,0.000000,0.000000
5.694000,2.613999,-0.000823,0.593700,-2.000000,0.000630,0.000000,-0.000315,0.000000,4.963311,-0.001544,0.450339,-3.065513,0.000846,0.036816,5.076862,-0.000894,0.459789,-3.057112,-0.000633,0.005351,0.000038,-0.001080,-0.000315,0.000057,0.000270,-0.000434,0.401545,0.401545,-0.395455,-0.395455,0.497706,0.495922,-0.300407,-0.304100,0.234832,-0.234832,0.234832,-0.234832,0.233390,-0.234202,0.230965,-0.233445,0.322057,0.201657,0.000000,0.000000,0.000000
5.706000,2.589999,-0.000815,0.593700,-2.000000,0.000630,0.000000,-0.000315,0.000000,4.926539,-0.001534,0.450924,-3.063636,0.000854,0.060816,5.040221,-0.000906,0.459757,-3.057511,-0.001872,-0.012213,0.000000,0.000000,-0.000315,-0.000031,0.000376,-0.000424,0.401545,0.401545,-0.395455,-0.395455,0.498793,0.497350,-0.298744,-0.301933,0.234832,-0.234832,0.234832,-0.234832,0.233431,-0.234133,0.230994,-0.233289,0.320025,0.201631,0.000000,0.000000,0.000000
5.718000,2.565999,-0.000808,0.593700,-1.999999,0.000629,0.000000,-0.000315,0.000000,4.889795,-0.001524,0.451798,-3.057277,0.000860,0.084816,5.003527,-0.000889,0.459542,-3.059209,-0.000428,0.013249,0.000000,0.000000,-0.000315,-0.000163,0.000453,-0.000418,0.401545,0.401545,-0.395455,-0.395455,0.499916,0.498700,-0.296915,-0.299733,0.234832,-0.234832,0.234832,-0.234832,0.233457,-0.234028,0.231025,-0.233213,0.318073,0.201687,0.000000,0.000000,0.000000
5.730000,2.541999,-0.000800,0.593700,-2.000000,0.000630,0.000000,-0.000315,0.000000,4.853165,-0.001513,0.452960,-3.045971,0.000862,0.108816,4.966798,-0.000849,0.459244,-3.060486,0.004286,-0.004169,0.000000,0.000000,-0.000315,-0.000300,0.000517,-0.000415,0.401545,0.401545,-0.395455,-0.395455,0.501092,0.500138,-0.294988,-0.297771,0.234832,-0.234832,0.234832,-0.234832,0.233441,-0.233924,0.230974,-0.233153,0.316033,0.201790,0.000000,0.000000,0.000000
5.742000,2.517999,-0.000793,0.593700,-2.000000,0.000630,0.000000,-0.000315,0.000000,4.816672,-0.001503,0.454410,-3.035912,0.000853,0.132816,4.930164,-0.000857,0.459037,-3.053017,-0.003007,-0.019026,-0.001697,-0.001177,-0.000316,-0.000469,0.000576,-0.000437,0.401545,0.401545,-0.395455,-0.395455,0.502258,0.501568,-0.292823,-0.295893,0.234832,-0.234832,0.234832,-0.234832,0.233437,-0.233615,0.231022,-0.233022,0.313962,0.201627,0.000000,0.000000,0.000000
5.754000,2.493999,-0.000785,0.593700,-2.000000,0.000630,0.000000,-0.000315,0.000000,4.780297,-0.001493,0.456148,-3.028261,0.000846,0.156816,4.893554,-0.000891,0.458974,-3.047659,-0.002600,-0.016676,0.000000,0.000000,-0.000315,-0.000648,0.000562,-0.000427,0.401545,0.401545,-0.395455,-0.395455,0.503417,0.502893,-0.290676,-0.293976,0.234832,-0.234832,0.234832,-0.234832,0.233423,-0.233278,0.231093,-0.232862,0.312068,0.201885,0.000000,0.000000,0.000000
5.766000,2.469999,-0.000777,0.593700,-2.000000,0.000630,0.000000,-0.000315,0.000000,4.743994,-0.001483,0.458173,-3.023440,0.000855,0.180816,4.857039,-0.000853,0.459179,-3.037229,0.001339,0.009242,-0.001092,-0.000557,-0.000316,-0.000670,0.000707,-0.000411,0.401545,0.401545,-0.395455,-0.395455,0.504410,0.504096,-0.288726,-0.292234,0.234832,-0.234832,0.234832,-0.234832,0.233259,-0.233191,0.231027,-0.232801,0.309901,0.201529,0.000000,0.000000,0.000000
5.778000,2.445999,-0.000770,0.593700,-2.000000,0.000630,0.000000,-0.000315,0.000000,4.707742,-0.001472,0.460453,-3.017150,0.000865,0.195709,4.820515,-0.000875,0.458980,-3.039414,-0.001235,0.000094,-0.001200,0.000410,-0.000316,-0.000571,0.000806,-0.000398,0.401545,0.401545,-0.395455,-0.395455,0.505425,0.505142,-0.286943,-0.290506,0.234832,-0.234832,0.234832,-0.234832,0.233190,-0.233151,0.231030,-0.232786,0.308300,0.201736,0.000000,0.000000,0.000000
5.790000,2.421999,-0.000762,0.593700,-2.000000,0.000630,0.000000,-0.000315,0.000000,4.671611,-0.001462,0.462820,-3.005405,0.000875,0.197855,4.784122,-0.000877,0.459299,-3.029053,0.000765,0.024153,0.000000,0.000000,-0.000315,-0.000553,0.000944,-0.000387,0.401545,0.401545,-0.395455,-0.395455,0.506429,0.506080,-0.285401,-0.288927,0.234832,-0.234832,0.234832,-0.234832,0.233104,-0.233020,0.230998,-0.232774,0.306474,0.201729,0.000000,0.000000,0.000000
5.802000,2.397999,-0.000755,0.593700,-2.000000,0.000630,0.000000,-0.000315,0.000000,4.635594,-0.001451,0.465189,-2.999407,0.000874,0.196639,4.747809,-0.000846,0.459500,-3.021631,0.003955,0.024724,0.000000,0.000000,-0.000315,-0.000473,0.001020,-0.000400,0.401545,0.401545,-0.395455,-0.395455,0.507532,0.507010,-0.284050,-0.287545,0.234832,-0.234832,0.234832,-0.234832,0.232935,-0.232987,0.230937,-0.232818,0.304712,0.201486,0.000000,0.000000,0.000000
5.814000,2.373999,-0.000747,0.593700,-1.999999,0.000629,0.000000,-0.000315,0.000000,4.599636,-0.001441,0.467536,-2.994727,0.000865,0.194588,4.711624,-0.000883,0.460108,-3.012186,-0.000545,0.046464,0.000847,0.000920,-0.000313,-0.000309,0.001086,-0.000396,0.401545,0.401545,-0.395455,-0.395455,0.508499,0.507771,-0.282787,-0.286411,0.234832,-0.234832,0.234832,-0.234832,0.232836,-0.232842,0.230896,-0.232866,0.303163,0.201391,0.000000,0.000000,0.000000
5.826000,2.349999,-0.000740,0.593700,-2.000000,0.000630,0.000000,-0.000315,0.000000,4.563723,-0.001430,0.469858,-2.990120,0.000878,0.192346,4.675482,-0.000856,0.460497,-3.008345,0.001592,0.052038,0.000000,0.000000,-0.000315,-0.000172,0.001221,-0.000375,0.401545,0.401545,-0.395455,-0.395455,0.509442,0.508559,-0.281740,-0.285286,0.234832,-0.234832,0.234832,-0.234832,0.232649,-0.232831,0.230829,-0.232951,0.301739,0.201105,0.000000,0.000000,0.000000
5.838000,2.325999,-0.000732,0.593700,-1.999999,0.000629,0.000000,-0.000315,0.000000,4.527885,-0.001420,0.472153,-2.983391,0.000886,0.190076,4.639445,-0.000859,0.461292,-3.000414,0.000030,0.067323,0.000000,0.000000,-0.000315,0.000010,0.001344,-0.000375,0.401545,0.401545,-0.395455,-0.395455,0.510326,0.509270,-0.281031,-0.284440,0.234832,-0.234832,0.234832,-0.234832,0.232537,-0.232854,0.230769,-0.233015,0.300249,0.200751,0.000000,0.000000,0.000000
5.850000,2.301999,-0.000725,0.593700,-2.000000,0.000630,0.000000,-0.000315,0.000000,4.492094,-0.001409,0.474420,-2.981507,0.000872,0.187818,4.603478,-0.000814,0.462040,-2.994980,0.001528,0.076472,0.000000,0.000000,-0.000315,-0.000039,0.001335,-0.000419,0.401545,0.401545,-0.395455,-0.395455,0.511102,0.510009,-0.280416,-0.283692,0.234832,-0.234832,0.234832,-0.234832,0.232481,-0.232776,0.230746,-0.233049,0.298972,0.200421,0.000000,0.000000,0.000000
5.862000,2.277999,-0.000717,0.593700,-2.000000,0.000630,0.000000,-0.000315,0.000000,4.456334,-0.001399,0.476660,-2.978639,0.000851,0.185584,4.567572,-0.000823,0.463107,-2.990919,0.002227,0.084172,0.000000,0.000000,-0.000315,0.000136,0.001304,-0.000434,0.401545,0.401545,-0.395455,-0.395455,0.511785,0.510610,-0.280128,-0.283173,0.234832,-0.234832,0.234832,-0.234832,0.232384,-0.232767,0.230684,-0.233118,0.297774,0.199935,0.000000,0.000000,0.000000
5.874000,2.253999,-0.000709,0.593700,-2.000000,0.000630,0.000000,-0.000315,0.000000,4.420604,-0.001389,0.478874,-2.975183,0.000838,0.183376,4.531759,-0.000788,0.463956,-2.984330,0.003190,0.093756,0.000000,0.000000,-0.000315,0.000175,0.001239,-0.000449,0.401545,0.401545,-0.395455,-0.395455,0.512395,0.511200,-0.279890,-0.282885,0.234832,-0.234832,0.234832,-0.234832,0.232335,-0.232794,0.230646,-0.233162,0.296876,0.199558,0.000000,0.000000,0.000000
5.886000,2.229999,-0.000702,0.593700,-2.000000,0.000630,0.000000,-0.000315,0.000000,4.384931,-0.001379,0.481061,-2.970881,0.000822,0.181193,4.495934,-0.000779,0.465148,-2.983697,-0.000432,0.076844,0.000000,0.000000,-0.000315,0.000111,0.001179,-0.000480,0.401545,0.401545,-0.395455,-0.395455,0.512814,0.511721,-0.279861,-0.282691,0.234832,-0.234832,0.234832,-0.234832,0.232371,-0.232677,0.230672,-0.233141,0.295901,0.198952,0.000000,0.000000,0.000000
5.898000,2.205999,-0.000694,0.593700,-2.000000,0.000630,0.000000,-0.000315,0.000000,4.349298,-0.001369,0.483223,-2.969327,0.000813,0.179037,4.460187,-0.000753,0.466524,-2.976930,0.001592,0.098126,0.000000,0.000000,-0.000315,0.000111,0.001110,-0.000477,0.401545,0.401545,-0.395455,-0.395455,0.513130,0.512050,-0.279917,-0.282621,0.234832,-0.234832,0.234832,-0.234832,0.232322,-0.232677,0.230669,-0.233142,0.294954,0.198337,0.000000,0.000000,0.000000
5.908000,2.185999,-0.000688,0.593700,-1.999999,0.000630,0.000000,-0.000315,0.000000,4.319628,-0.001361,0.485004,-2.964896,0.000808,0.177259,4.430351,-0.000735,0.467495,-2.979441,0.000664,0.102228,-0.000017,-0.001032,-0.000315,0.000045,0.000979,-0.000488,0.401545,0.401545,-0.395455,-0.395455,0.513346,0.512265,-0.279862,-0.282588,0.234832,-0.234832,0.234832,-0.234832,0.232315,-0.232602,0.230695,-0.233118,0.294240,0.197902,0.000000,0.000000,0.000000
5.920000,2.161999,-0.000680,0.593700,-2.000000,0.000630,0.000000,-0.000315,0.000000,4.284078,-0.001351,0.487119,-2.959435,0.000806,0.175150,4.394614,-0.000717,0.468893,-2.975817,0.002061,0.112436,0.000568,-0.000841,-0.000315,0.000010,0.000750,-0.000483,0.401545,0.401545,-0.395455,-0.395455,0.513447,0.512427,-0.279815,-0.282544,0.234832,-0.234832,0.234832,-0.234832,0.232291,-0.232550,0.230707,-0.233108,0.293305,0.197321,0.000000,0.000000,0.000000
5.932000,2.137999,-0.000673,0.593700,-1.999999,0.000630,0.000000,-0.000315,0.000000,4.248595,-0.001342,0.489208,-2.953244,0.000811,0.173065,4.358915,-0.000733,0.470143,-2.973194,-0.001542,0.123960,0.000069,-0.001347,-0.000315,-0.000085,0.000593,-0.000472,0.401545,0.401545,-0.395455,-0.395455,0.513484,0.512430,-0.279648,-0.282435,0.234832,-0.234832,0.234832,-0.234832,0.232327,-0.232434,0.230717,-0.232917,0.292259,0.196678,0.000000,0.000000,0.000000
5.944000,2.113999,-0.000665,0.593700,-1.999999,0.000630,0.000000,-0.000315,0.000000,4.213179,-0.001332,0.491272,-2.948455,0.000821,0.171006,4.323249,-0.000702,0.471355,-2.970098,0.001985,0.096505,-0.000440,-0.001016,-0.000315,-0.000191,0.000501,-0.000464,0.401545,0.401545,-0.395455,-0.395455,0.513363,0.512332,-0.279435,-0.282201,0.234832,-0.234832,0.234832,-0.234832,0.232336,-0.232391,0.230699,-0.232836,0.291471,0.196172,0.000000,0.000000,0.000000
5.956000,2.089999,-0.000658,0.593700,-1.999997,0.000629,0.000000,-0.000315,0.000000,4.177815,-0.001322,0.493312,-2.945502,0.000829,0.168970,4.287634,-0.000698,0.472722,-2.968183,0.001726,0.089285,-0.001050,-0.001306,-0.000315,-0.000354,0.000376,-0.000449,0.401545,0.401545,-0.395455,-0.395455,0.513285,0.512147,-0.279249,-0.282022,0.234832,-0.234832,0.234832,-0.234832,0.232349,-0.232273,0.230731,-0.232640,0.290385,0.195449,0.000000,0.000000,0.000000
5.968000,2.065999,-0.000650,0.593700,-1.999999,0.000629,0.000000,-0.000315,0.000000,4.142513,-0.001312,0.495328,-2.938578,0.000831,0.166959,4.252016,-0.000687,0.473798,-2.965564,0.002329,0.080082,-0.001395,-0.001192,-0.000315,-0.000501,0.000264,-0.000454,0.401545,0.401545,-0.395455,-0.395455,0.513166,0.511984,-0.278905,-0.281832,0.234832,-0.234832,0.234832,-0.234832,0.232375,-0.232148,0.230756,-0.232501,0.289530,0.195029,0.000000,0.000000,0.000000
5.980000,2.041999,-0.000643,0.593700,-1.999999,0.000629,0.000000,-0.000315,0.000000,4.107324,-0.001302,0.497319,-2.929389,0.000834,0.164972,4.216632,-0.000697,0.475418,-2.950654,-0.000257,0.101886,-0.000484,-0.001066,-0.000316,-0.000770,0.000149,-0.000435,0.401545,0.401545,-0.395455,-0.395455,0.512943,0.511588,-0.278511,-0.281508,0.234832,-0.234832,0.234832,-0.234832,0.232360,-0.231748,0.230813,-0.232301,0.288225,0.194359,0.000000,0.000000,0.000000
5.992000,2.017999,-0.000635,0.593700,-1.999999,0.000630,0.000000,-0.000315,0.000000,4.072205,-0.001292,0.499287,-2.926153,0.000843,0.163009,4.181186,-0.000677,0.476623,-2.951294,0.002483,0.089802,-0.000559,-0.000859,-0.000316,-0.000707,0.000163,-0.000427,0.401545,0.401545,-0.395455,-0.395455,0.512635,0.511173,-0.278000,-0.281201,0.234832,-0.234832,0.234832,-0.234832,0.232194,-0.231700,0.230788,-0.232315,0.287178,0.193832,0.000000,0.000000,0.000000
6.004000,1.993999,-0.000628,0.593700,-2.000000,0.000630,0.000000,-0.000315,0.000000,4.037141,-0.001282,0.501232,-2.918225,0.000837,0.161069,4.145874,-0.000640,0.478159,-2.939411,0.002469,0.131379,0.000000,0.000000,-0.000315,-0.000684,0.000203,-0.000449,0.401545,0.401545,-0.395455,-0.395455,0.512370,0.510727,-0.277456,-0.280923,0.234832,-0.234832,0.234832,-0.234832,0.231977,-0.231535,0.230706,-0.232317,0.285917,0.193158,0.000000,0.000000,0.000000
6.016000,1.969999,-0.000620,0.593700,-2.000000,0.000630,0.000000,-0.000315,0.000000,4.002165,-0.001272,0.503153,-2.911882,0.000835,0.159152,4.110591,-0.000593,0.479804,-2.933586,0.006373,0.170999,0.000000,0.000000,-0.000315,-0.000655,0.000279,-0.000441,0.401545,0.401545,-0.395455,-0.395455,0.512284,0.510234,-0.276883,-0.280580,0.234832,-0.234832,0.234832,-0.234832,0.231713,-0.231334,0.230570,-0.232349,0.284470,0.192358,0.000000,0.000000,0.000000
6.028000,1.945999,-0.000612,0.593700,-2.000000,0.000630,0.000000,-0.000315,0.000000,3.967240,-0.001262,0.505051,-2.907726,0.000843,0.157258,4.075313,-0.000594,0.480950,-2.933256,0.003522,0.130096,0.000000,0.000000,-0.000315,-0.000579,0.000441,-0.000416,0.401545,0.401545,-0.395455,-0.395455,0.512323,0.509871,-0.276172,-0.280291,0.234832,-0.234832,0.234832,-0.234832,0.231570,-0.231215,0.230524,-0.232345,0.283289,0.191862,0.000000,0.000000,0.000000
6.040000,1.921999,-0.000605,0.593700,-2.000000,0.000630,0.000000,-0.000315,0.000000,3.932381,-0.001252,0.506927,-2.901859,0.000847,0.155386,4.040185,-0.000586,0.482481,-2.926450,0.001190,0.128095,0.000000,0.000000,-0.000315,-0.000545,0.000586,-0.000425,0.401545,0.401545,-0.395455,-0.395455,0.512243,0.509418,-0.275588,-0.279962,0.234832,-0.234832,0.234832,-0.234832,0.231419,-0.231041,0.230502,-0.232360,0.282193,0.191376,0.000000,0.000000,0.000000
6.052000,1.897999,-0.000597,0.593700,-2.000000,0.000630,0.000000,-0.000315,0.000000,3.897588,-0.001241,0.508781,-2.898192,0.000840,0.153537,4.005056,-0.000582,0.483935,-2.922620,0.000674,0.115143,0.000000,0.000000,-0.000315,-0.000423,0.000701,-0.000448,0.401545,0.401545,-0.395455,-0.395455,0.512362,0.509145,-0.275311,-0.279765,0.234832,-0.234832,0.234832,-0.234832,0.231316,-0.231013,0.230462,-0.232405,0.281006,0.190701,0.000000,0.000000,0.000000
6.064000,1.873999,-0.000590,0.593700,-2.000000,0.000630,0.000000,-0.000315,0.000000,3.862845,-0.001231,0.510612,-2.892849,0.000837,0.151710,3.970031,-0.000591,0.485484,-2.916766,0.000247,0.129568,0.000000,0.000000,-0.000315,-0.000184,0.000791,-0.000430,0.401545,0.401545,-0.395455,-0.395455,0.512433,0.508949,-0.275167,-0.279602,0.234832,-0.234832,0.234832,-0.234832,0.231111,-0.231028,0.230394,-0.232486,0.279982,0.190186,0.000000,0.000000,0.000000
6.076000,1.849999,-0.000582,0.593700,-2.000000,0.000630,0.000000,-0.000315,0.000000,3.828169,-0.001221,0.512422,-2.886755,0.000838,0.149904,3.935130,-0.000555,0.487074,-2.907067,0.002230,0.142758,0.000000,0.000000,-0.000315,-0.000137,0.000853,-0.000438,0.401545,0.401545,-0.395455,-0.395455,0.512578,0.508847,-0.275212,-0.279413,0.234832,-0.234832,0.234832,-0.234832,0.230925,-0.230960,0.230365,-0.232525,0.278978,0.189434,0.000000,0.000000,0.000000
6.088000,1.825999,-0.000575,0.593700,-2.000000,0.000630,0.000000,-0.000315,0.000000,3.793542,-0.001211,0.514210,-2.883844,0.000834,0.148120,3.900279,-0.000564,0.488601,-2.900380,-0.000113,0.140423,0.000000,0.000000,-0.000315,-0.000018,0.000962,-0.000443,0.401545,0.401545,-0.395455,-0.395455,0.512681,0.508860,-0.275434,-0.279353,0.234832,-0.234832,0.234832,-0.234832,0.230864,-0.230948,0.230336,-0.232559,0.278176,0.188899,0.000000,0.000000,0.000000
6.100000,1.801999,-0.000567,0.593700,-2.000000,0.000630,0.000000,-0.000315,0.000000,3.758944,-0.001201,0.515977,-2.881628,0.000836,0.146357,3.865488,-0.000542,0.490483,-2.895300,0.003123,0.167552,0.000000,0.000000,-0.000315,0.000107,0.001009,-0.000431,0.401545,0.401545,-0.395455,-0.395455,0.512729,0.508875,-0.275881,-0.279414,0.234832,-0.234832,0.234832,-0.234832,0.230736,-0.230995,0.230270,-0.232613,0.277306,0.188105,0.000000,0.000000,0.000000
6.112000,1.777999,-0.000560,0.593700,-2.000000,0.000630,0.000000,-0.000315,0.000000,3.724372,-0.001191,0.517723,-2.879991,0.000843,0.144615,3.830792,-0.000547,0.492004,-2.890814,-0.000032,0.133355,0.000000,0.000000,-0.000315,0.000193,0.001003,-0.000424,0.401545,0.401545,-0.395455,-0.395455,0.512787,0.508964,-0.276412,-0.279600,0.234832,-0.234832,0.234832,-0.234832,0.230704,-0.231004,0.230264,-0.232630,0.276754,0.187554,0.000000,0.000000,0.000000
6.124000,1.753999,-0.000552,0.593700,-2.000000,0.000630,0.000000,-0.000315,0.000000,3.689844,-0.001181,0.519448,-2.874497,0.000847,0.142892,3.796159,-0.000528,0.493696,-2.885431,0.000353,0.134099,0.000000,0.000000,-0.000315,0.000130,0.000951,-0.000421,0.401545,0.401545,-0.395455,-0.395455,0.512776,0.509063,-0.277057,-0.280053,0.234832,-0.234832,0.234832,-0.234832,0.230728,-0.230978,0.230290,-0.232605,0.276207,0.186904,0.000000,0.000000,0.000000
6.136000,1.729999,-0.000544,0.593700,-2.000000,0.000630,0.000000,-0.000315,0.000000,3.655378,-0.001171,0.521152,-2.870898,0.000854,0.141084,3.761534,-0.000508,0.495583,-2.881683,0.001341,0.151801,0.000000,0.000000,-0.000315,0.000140,0.000891,-0.000403,0.401545,0.401545,-0.395455,-0.395455,0.512607,0.509074,-0.277735,-0.280479,0.234832,-0.234832,0.234832,-0.234832,0.230669,-0.230980,0.230285,-0.232596,0.275781,0.186131,0.000000,0.000000,0.000000
6.148000,1.705999,-0.000537,0.593700,-2.000000,0.000630,0.000000,-0.000315,0.000000,3.620944,-0.001161,0.522831,-2.867768,0.000860,0.138676,3.726947,-0.000504,0.497251,-2.880453,0.000545,0.140309,0.000000,0.000000,-0.000315,0.000087,0.000862,-0.000400,0.401545,0.401545,-0.395455,-0.395455,0.512444,0.508981,-0.278324,-0.280831,0.234832,-0.234832,0.234832,-0.234832,0.230692,-0.230909,0.230320,-0.232568,0.275299,0.185462,0.000000,0.000000,0.000000
6.158000,1.685999,-0.000531,0.593700,-1.999999,0.000631,0.000000,-0.000315,0.000000,3.592286,-0.001152,0.524205,-2.863474,0.000865,0.136167,3.698140,-0.000498,0.498609,-2.879463,0.000170,0.134715,0.000000,0.000000,-0.000315,0.000082,0.000850,-0.000387,0.401545,0.401545,-0.395455,-0.395455,0.512217,0.508945,-0.278722,-0.281193,0.234832,-0.234832,0.234832,-0.234832,0.230674,-0.230904,0.230342,-0.232550,0.274814,0.184946,0.000000,0.000000,0.000000
6.170000,1.661999,-0.000523,0.593700,-2.000000,0.000630,0.000000,-0.000315,0.000000,3.557948,-0.001142,0.525821,-2.859829,0.000864,0.133036,3.663618,-0.000495,0.500271,-2.874656,-0.001689,0.125799,0.000000,0.000000,-0.000315,-0.000039,0.000725,-0.000405,0.401545,0.401545,-0.395455,-0.395455,0.511950,0.508724,-0.279027,-0.281562,0.234832,-0.234832,0.234832,-0.234832,0.230749,-0.230778,0.230379,-0.232466,0.274363,0.184394,0.000000,0.000000,0.000000
6.182000,1.637999,-0.000515,0.593700,-1.999998,0.000630,0.000000,-0.000315,0.000000,3.523668,-0.001131,0.527399,-2.855147,0.000863,0.129945,3.629145,-0.000460,0.502156,-2.869482,0.000623,0.141546,-0.000042,-0.001455,-0.000315,-0.000175,0.000611,-0.000397,0.401545,0.401545,-0.395455,-0.395455,0.511670,0.508500,-0.279431,-0.281953,0.234832,-0.234832,0.234832,-0.234832,0.230725,-0.230685,0.230361,-0.232359,0.273543,0.183572,0.000000,0.000000,0.000000
6.194000,1.613999,-0.000508,0.593700,-1.999999,0.000630,0.000000,-0.000315,0.000000,3.489432,-0.001121,0.528940,-2.852580,0.000865,0.126924,3.594632,-0.000446,0.503867,-2.872734,0.000139,0.124424,-0.000853,-0.000932,-0.000315,-0.000241,0.000420,-0.000392,0.401545,0.401545,-0.395455,-0.395455,0.511305,0.508158,-0.279669,-0.282304,0.234832,-0.234832,0.234832,-0.234832,0.230729,-0.230632,0.230391,-0.232312,0.272959,0.182848,0.000000,0.000000,0.000000
6.206000,1.589999,-0.000500,0.593700,-1.999999,0.000629,0.000000,-0.000315,0.000000,3.455234,-0.001110,0.530445,-2.846190,0.000866,0.123973,3.560152,-0.000421,0.505390,-2.871374,0.002606,0.128785,-0.000419,-0.001188,-0.000315,-0.000302,0.000311,-0.000385,0.401545,0.401545,-0.395455,-0.395455,0.511076,0.507819,-0.279845,-0.282612,0.234832,-0.234832,0.234832,-0.234832,0.230729,-0.230589,0.230370,-0.232279,0.272358,0.182300,0.000000,0.000000,0.000000
6.218000,1.565999,-0.000493,0.593700,-1.999999,0.000629,0.000000,-0.000315,0.000000,3.421147,-0.001100,0.531915,-2.835646,0.000862,0.121092,3.525882,-0.000391,0.507035,-2.860497,0.000483,0.147641,-0.000270,-0.001261,-0.000315,-0.000413,0.000149,-0.000395,0.401545,0.401545,-0.395455,-0.395455,0.510778,0.507417,-0.279918,-0.282706,0.234832,-0.234832,0.234832,-0.234832,0.230634,-0.230391,0.230382,-0.232214,0.271540,0.181653,0.000000,0.000000,0.000000
6.230000,1.541999,-0.000485,0.593700,-1.999999,0.000630,0.000000,-0.000315,0.000000,3.387140,-0.001090,0.533351,-2.832897,0.000864,0.118277,3.491600,-0.000379,0.508457,-2.857880,-0.000129,0.107310,0.000000,0.000000,-0.000315,-0.000471,0.000085,-0.000388,0.401545,0.401545,-0.395455,-0.395455,0.510436,0.506951,-0.279782,-0.282745,0.234832,-0.234832,0.234832,-0.234832,0.230508,-0.230293,0.230425,-0.232113,0.271044,0.181138,0.000000,0.000000,0.000000
6.242000,1.517999,-0.000478,0.593700,-2.000000,0.000629,0.000000,-0.000315,0.000000,3.353172,-0.001079,0.534754,-2.828143,0.000863,0.115528,3.457384,-0.000357,0.510057,-2.852899,0.003748,0.114662,0.000000,0.000000,-0.000315,-0.000441,0.000178,-0.000392,0.401545,0.401545,-0.395455,-0.395455,0.510132,0.506485,-0.279651,-0.282800,0.234832,-0.234832,0.234832,-0.234832,0.230370,-0.230205,0.230357,-0.232117,0.270146,0.180523,0.000000,0.000000,0.000000
6.254000,1.493999,-0.000470,0.593700,-2.000000,0.000630,0.000000,-0.000315,0.000000,3.319284,-0.001069,0.536124,-2.822019,0.000861,0.112842,3.423285,-0.000362,0.511668,-2.844509,0.001930,0.112978,0.000000,0.000000,-0.000315,-0.000371,0.000335,-0.000402,0.401545,0.401545,-0.395455,-0.395455,0.509633,0.506055,-0.279441,-0.282735,0.234832,-0.234832,0.234832,-0.234832,0.230221,-0.230115,0.230334,-0.232076,0.269330,0.179957,0.000000,0.000000,0.000000
6.266000,1.469999,-0.000463,0.593700,-2.000000,0.000630,0.000000,-0.000315,0.000000,3.285446,-0.001059,0.537463,-2.817271,0.000853,0.110219,3.389178,-0.000359,0.513014,-2.841305,0.003801,0.123427,0.000000,0.000000,-0.000315,-0.000489,0.000430,-0.000394,0.401545,0.401545,-0.395455,-0.395455,0.509408,0.505487,-0.279161,-0.282560,0.234832,-0.234832,0.234832,-0.234832,0.230168,-0.229902,0.230375,-0.231998,0.268532,0.179527,0.000000,0.000000,0.000000
6.278000,1.445999,-0.000455,0.593700,-2.000000,0.000630,0.000000,-0.000315,0.000000,3.251674,-0.001048,0.538770,-2.810777,0.000862,0.107657,3.355132,-0.000391,0.514498,-2.833060,-0.000137,0.119457,0.000000,0.000000,-0.000315,-0.000376,0.000522,-0.000374,0.401545,0.401545,-0.395455,-0.395455,0.509310,0.505044,-0.278921,-0.282360,0.234832,-0.234832,0.234832,-0.234832,0.230083,-0.229801,0.230327,-0.231969,0.267521,0.179017,0.000000,0.000000,0.000000
6.290000,1.421999,-0.000447,0.593700,-2.000000,0.000630,0.000000,-0.000315,0.000000,3.217976,-0.001038,0.540047,-2.806053,0.000864,0.105155,3.321272,-0.000385,0.516321,-2.815729,0.001083,0.171218,0.000000,0.000000,-0.000315,-0.000353,0.000612,-0.000383,0.401545,0.401545,-0.395455,-0.395455,0.509176,0.504652,-0.278884,-0.282295,0.234832,-0.234832,0.234832,-0.234832,0.229907,-0.229694,0.230319,-0.231909,0.266446,0.178290,0.000000,0.000000,0.000000
6.302000,1.397999,-0.000440,0.593700,-2.000000,0.000630,0.000000,-0.000315,0.000000,3.184312,-0.001028,0.541294,-2.803485,0.000860,0.102711,3.287342,-0.000366,0.517677,-2.819671,-0.000727,0.156032,0.000000,0.000000,-0.000315,-0.000308,0.000669,-0.000399,0.401545,0.401545,-0.395455,-0.395455,0.509117,0.504401,-0.278993,-0.281754,0.234832,-0.234832,0.234832,-0.234832,0.229814,-0.229595,0.230304,-0.231995,0.265572,0.177808,0.000000,0.000000,0.000000
6.314000,1.373999,-0.000432,0.593700,-2.000000,0.000630,0.000000,-0.000315,0.000000,3.150684,-0.001017,0.542512,-2.798532,0.000847,0.100323,3.253530,-0.000359,0.519006,-2.813838,-0.000066,0.135786,0.000000,0.000000,-0.000315,-0.000273,0.000705,-0.000421,0.401545,0.401545,-0.395455,-0.395455,0.509191,0.504304,-0.279196,-0.281560,0.234832,-0.234832,0.234832,-0.234832,0.229758,-0.229521,0.230287,-0.232034,0.264891,0.177368,0.000000,0.000000,0.000000
6.326000,1.349999,-0.000425,0.593700,-2.000000,0.000630,0.000000,-0.000315,0.000000,3.117125,-0.001007,0.543702,-2.794054,0.000836,0.097991,3.219764,-0.000344,0.520458,-2.811033,0.002621,0.130101,0.000000,0.000000,-0.000315,-0.000135,0.000779,-0.000432,0.401545,0.401545,-0.395455,-0.395455,0.509243,0.504265,-0.279473,-0.281630,0.234832,-0.234832,0.234832,-0.234832,0.229628,-0.229534,0.230214,-0.232121,0.264299,0.176899,0.000000,0.000000,0.000000
6.338000,1.325999,-0.000417,0.593700,-2.000000,0.000630,0.000000,-0.000315,0.000000,3.083607,-0.000997,0.544864,-2.792419,0.000830,0.095714,3.186128,-0.000350,0.521994,-2.801854,-0.000140,0.127256,0.000000,0.000000,-0.000315,-0.000134,0.000813,-0.000436,0.401545,0.401545,-0.395455,-0.395455,0.509313,0.504345,-0.279880,-0.281941,0.234832,-0.234832,0.234832,-0.234832,0.229604,-0.229410,0.230228,-0.232116,0.263762,0.176340,0.000000,0.000000,0.000000
6.350000,1.301999,-0.000410,0.593700,-1.999999,0.000629,0.000000,-0.000315,0.000000,3.050110,-0.000987,0.545999,-2.791201,0.000833,0.093489,3.152537,-0.000378,0.523597,-2.797886,-0.000747,0.114621,0.000904,0.000824,-0.000314,0.000010,0.000840,-0.000422,0.401545,0.401545,-0.395455,-0.395455,0.509321,0.504338,-0.280336,-0.282374,0.234832,-0.234832,0.234832,-0.234832,0.229552,-0.229407,0.230197,-0.232156,0.263553,0.175917,0.000000,0.000000,0.000000
6.362000,1.277999,-0.000402,0.593700,-2.000000,0.000630,0.000000,-0.000315,0.000000,3.016639,-0.000977,0.547108,-2.788379,0.000839,0.091316,3.118985,-0.000367,0.525233,-2.794306,-0.001401,0.123581,0.001461,0.000043,-0.000314,0.000090,0.000906,-0.000411,0.401545,0.401545,-0.395455,-0.395455,0.509332,0.504402,-0.281007,-0.282972,0.234832,-0.234832,0.234832,-0.234832,0.229500,-0.229423,0.230157,-0.232198,0.263161,0.175358,0.000000,0.000000,0.000000
6.374000,1.253999,-0.000394,0.593700,-2.000000,0.000630,0.000000,-0.000315,0.000000,2.983207,-0.000967,0.548191,-2.783730,0.000845,0.089193,3.085462,-0.000353,0.526719,-2.791833,0.000242,0.128778,0.000000,0.000000,-0.000315,0.000269,0.000869,-0.000400,0.401545,0.401545,-0.395455,-0.395455,0.509259,0.504491,-0.281583,-0.283582,0.234832,-0.234832,0.234832,-0.234832,0.229373,-0.229508,0.230067,-0.232297,0.262948,0.174793,0.000000,0.000000,0.000000
6.386000,1.229999,-0.000387,0.593700,-1.999999,0.000631,0.000000,-0.000315,0.000000,2.949827,-0.000957,0.549249,-2.779964,0.000851,0.087120,3.051983,-0.000333,0.528337,-2.788570,-0.000050,0.129809,0.001115,-0.000688,-0.000314,0.000306,0.000821,-0.000386,0.401545,0.401545,-0.395455,-0.395455,0.509161,0.504524,-0.282224,-0.284288,0.234832,-0.234832,0.234832,-0.234832,0.229328,-0.229531,0.230044,-0.232318,0.262650,0.174227,0.000000,0.000000,0.000000
6.398000,1.205999,-0.000379,0.593700,-2.000000,0.000630,0.000000,-0.000315,0.000000,2.916480,-0.000947,0.550282,-2.776622,0.000861,0.085095,3.018497,-0.000309,0.529804,-2.787842,0.000109,0.147777,0.000000,0.000000,-0.000315,0.000270,0.000740,-0.000364,0.401545,0.401545,-0.395455,-0.395455,0.508970,0.504494,-0.282784,-0.284799,0.234832,-0.234832,0.234832,-0.234832,0.229301,-0.229503,0.230043,-0.232304,0.262458,0.173648,0.000000,0.000000,0.000000
6.410000,1.181999,-0.000372,0.593700,-1.999999,0.000629,0.000000,-0.000315,0.000000,2.883185,-0.000936,0.551291,-2.772350,0.000867,0.083117,2.985063,-0.000276,0.531341,-2.784461,0.001854,0.125513,-0.000685,-0.001061,-0.000315,0.000118,0.000680,-0.000357,0.401545,0.401545,-0.395455,-0.395455,0.508673,0.504459,-0.283248,-0.285159,0.234832,-0.234832,0.234832,-0.234832,0.229336,-0.229427,0.230096,-0.232241,0.262007,0.172999,0.000000,0.000000,0.000000
6.422000,1.157999,-0.000364,0.593700,-1.999999,0.000630,0.000000,-0.000315,0.000000,2.849923,-0.000926,0.552277,-2.770545,0.000871,0.081185,2.951636,-0.000262,0.532668,-2.783324,0.001174,0.111819,-0.000728,-0.001168,-0.000315,-0.000047,0.000535,-0.000352,0.401545,0.401545,-0.395455,-0.395455,0.508358,0.504291,-0.283638,-0.285502,0.234832,-0.234832,0.234832,-0.234832,0.229401,-0.229330,0.230182,-0.232151,0.261703,0.172573,0.000000,0.000000,0.000000
6.432000,1.137999,-0.000358,0.593700,-1.999998,0.000629,0.000000,-0.000315,0.000000,2.822240,-0.000917,0.553081,-2.765717,0.000873,0.079609,2.923789,-0.000252,0.533863,-2.781889,0.000707,0.116140,-0.000998,-0.001330,-0.000315,-0.000165,0.000364,-0.000348,0.401545,0.401545,-0.395455,-0.395455,0.508086,0.504096,-0.283876,-0.285848,0.234832,-0.234832,0.234832,-0.234832,0.229443,-0.229246,0.230240,-0.232078,0.261367,0.172165,0.000000,0.000000,0.000000
6.444000,1.113999,-0.000350,0.593700,-1.999999,0.000629,0.000000,-0.000315,0.000000,2.789088,-0.000907,0.554025,-2.759475,0.000874,0.077759,2.890403,-0.000231,0.535117,-2.778231,0.002772,0.119915,-0.000635,-0.000827,-0.000315,-0.000266,0.000202,-0.000347,0.401545,0.401545,-0.395455,-0.395455,0.507782,0.503839,-0.284003,-0.286190,0.234832,-0.234832,0.234832,-0.234832,0.229456,-0.229195,0.230271,-0.232014,0.261090,0.171793,0.000000,0.000000,0.000000
6.456000,1.089999,-0.000343,0.593700,-2.000000,0.000630,0.000000,-0.000315,0.000000,2.756001,-0.000896,0.554947,-2.755417,0.000875,0.075951,2.857055,-0.000225,0.536427,-2.777424,-0.000128,0.092568,0.000000,0.000000,-0.000315,-0.000400,0.000166,-0.000343,0.401545,0.401545,-0.395455,-0.395455,0.507508,0.503509,-0.284142,-0.286416,0.234832,-0.234832,0.234832,-0.234832,0.229533,-0.229093,0.230325,-0.231916,0.260647,0.171399,0.000000,0.000000,0.000000
6.468000,1.065999,-0.000335,0.593700,-1.999999,0.000628,0.000000,-0.000315,0.000000,2.722961,-0.000886,0.555848,-2.751498,0.000875,0.074186,2.823806,-0.000176,0.537609,-2.769591,0.002817,0.087641,-0.001516,-0.001615,-0.000315,-0.000554,0.000211,-0.000341,0.401545,0.401545,-0.395455,-0.395455,0.507208,0.503249,-0.284169,-0.286644,0.234832,-0.234832,0.234832,-0.234832,0.229497,-0.228994,0.230358,-0.231853,0.260118,0.170840,0.000000,0.000000,0.000000
6.480000,1.041999,-0.000328,0.593700,-2.000000,0.000630,0.000000,-0.000315,0.000000,2.689986,-0.000875,0.556728,-2.745547,0.000872,0.072461,2.790637,-0.000216,0.538845,-2.765373,-0.001773,0.084651,0.000000,0.000000,-0.000315,-0.000632,0.000103,-0.000343,0.401545,0.401545,-0.395455,-0.395455,0.506868,0.502673,-0.284046,-0.286742,0.234832,-0.234832,0.234832,-0.234832,0.229510,-0.228766,0.230443,-0.231756,0.259711,0.170636,0.000000,0.000000,0.000000
6.492000,1.017999,-0.000320,0.593700,-2.000000,0.000630,0.000000,-0.000315,0.000000,2.657081,-0.000865,0.557587,-2.739175,0.000873,0.070777,2.757475,-0.000167,0.540129,-2.759888,0.004770,0.115888,0.000000,0.000000,-0.000315,-0.000672,0.000178,-0.000335,0.401545,0.401545,-0.395455,-0.395455,0.506633,0.502155,-0.283943,-0.286740,0.234832,-0.234832,0.234832,-0.234832,0.229398,-0.228712,0.230372,-0.231754,0.259077,0.170080,0.000000,0.000000,0.000000
6.504000,0.993999,-0.000313,0.593700,-2.000000,0.000630,0.000000,-0.000315,0.000000,2.624237,-0.000854,0.558427,-2.734782,0.000873,0.069132,2.724399,-0.000172,0.541145,-2.754446,0.002911,0.099062,0.000000,0.000000,-0.000315,-0.000543,0.000335,-0.000340,0.401545,0.401545,-0.395455,-0.395455,0.506457,0.501675,-0.283753,-0.286627,0.234832,-0.234832,0.234832,-0.234832,0.229302,-0.228670,0.230268,-0.231786,0.258531,0.169806,0.000000,0.000000,0.000000
6.516000,0.969999,-0.000305,0.593700,-2.000000,0.000630,0.000000,-0.000315,0.000000,2.591436,-0.000844,0.559247,-2.731140,0.000872,0.067525,2.691349,-0.000181,0.542184,-2.753059,-0.000438,0.079645,0.000000,0.000000,-0.000315,-0.000470,0.000467,-0.000334,0.401545,0.401545,-0.395455,-0.395455,0.506306,0.501251,-0.283451,-0.286538,0.234832,-0.234832,0.234832,-0.234832,0.229211,-0.228597,0.230245,-0.231793,0.257983,0.169482,0.000000,0.000000,0.000000
6.528000,0.945999,-0.000298,0.593700,-2.000000,0.000630,0.000000,-0.000315,0.000000,2.558695,-0.000833,0.560048,-2.726404,0.000869,0.065955,2.658402,-0.000171,0.543505,-2.743041,-0.000855,0.109211,0.000000,0.000000,-0.000315,-0.000395,0.000566,-0.000350,0.401545,0.401545,-0.395455,-0.395455,0.506177,0.501017,-0.283416,-0.286512,0.234832,-0.234832,0.234832,-0.234832,0.229088,-0.228548,0.230186,-0.231804,0.257263,0.169006,0.000000,0.000000,0.000000
6.540000,0.921999,-0.000290,0.593700,-2.000000,0.000630,0.000000,-0.000315,0.000000,2.526000,-0.000823,0.560830,-2.722699,0.000861,0.064422,2.625502,-0.000147,0.544554,-2.737402,0.002456,0.113775,0.000000,0.000000,-0.000315,-0.000347,0.000637,-0.000357,0.401545,0.401545,-0.395455,-0.395455,0.506151,0.500893,-0.283459,-0.286487,0.234832,-0.234832,0.234832,-0.234832,0.228971,-0.228532,0.230143,-0.231838,0.256782,0.168701,0.000000,0.000000,0.000000
6.552000,0.897999,-0.000282,0.593700,-2.000000,0.000630,0.000000,-0.000315,0.000000,2.493345,-0.000813,0.561594,-2.718836,0.000853,0.062925,2.592665,-0.000142,0.545515,-2.735710,0.000586,0.078165,0.000000,0.000000,-0.000315,-0.000277,0.000720,-0.000376,0.401545,0.401545,-0.395455,-0.395455,0.506202,0.500824,-0.283512,-0.286539,0.234832,-0.234832,0.234832,-0.234832,0.228907,-0.228492,0.230108,-0.231874,0.256406,0.168377,0.000000,0.000000,0.000000
6.564000,0.873999,-0.000275,0.593700,-1.999999,0.000630,0.000000,-0.000315,0.000000,2.460742,-0.000803,0.562340,-2.714409,0.000845,0.061462,2.559956,-0.000148,0.546534,-2.727443,0.000290,0.089582,0.000000,0.000000,-0.000315,-0.000175,0.000807,-0.000384,0.401545,0.401545,-0.395455,-0.395455,0.506255,0.500795,-0.283558,-0.286707,0.234832,-0.234832,0.234832,-0.234832,0.228810,-0.228448,0.230069,-0.231925,0.256011,0.168161,0.000000,0.000000,0.000000
6.576000,0.849999,-0.000267,0.593700,-1.999999,0.000629,0.000000,-0.000315,0.000000,2.428190,-0.000793,0.563069,-2.711849,0.000841,0.060034,2.527298,-0.000165,0.547672,-2.719998,-0.001640,0.079364,0.001632,0.000732,-0.000313,0.000020,0.000982,-0.000381,0.401545,0.401545,-0.395455,-0.395455,0.506372,0.500717,-0.283810,-0.286773,0.234832,-0.234832,0.234832,-0.234832,0.228648,-0.228414,0.229997,-0.232010,0.255727,0.167890,0.000000,0.000000,0.000000
6.588000,0.825999,-0.000260,0.593700,-2.000000,0.000630,0.000000,-0.000315,0.000000,2.395658,-0.000782,0.563781,-2.710677,0.000841,0.058638,2.494686,-0.000109,0.548877,-2.713375,0.001761,0.102854,0.000847,0.000896,-0.000314,0.000171,0.001105,-0.000393,0.401545,0.401545,-0.395455,-0.395455,0.506394,0.500776,-0.284168,-0.287003,0.234832,-0.234832,0.234832,-0.234832,0.228422,-0.228491,0.229885,-0.232130,0.255427,0.167403,0.000000,0.000000,0.000000
6.600000,0.801999,-0.000252,0.593700,-2.000000,0.000630,0.000000,-0.000315,0.000000,2.363152,-0.000772,0.564476,-2.707113,0.000835,0.057275,2.462129,-0.000093,0.550021,-2.710745,0.001020,0.108799,0.000000,0.000000,-0.000315,0.000204,0.001138,-0.000394,0.401545,0.401545,-0.395455,-0.395455,0.506461,0.500904,-0.284683,-0.287401,0.234832,-0.234832,0.234832,-0.234832,0.228400,-0.228484,0.229844,-0.232162,0.255180,0.166995,0.000000,0.000000,0.000000
6.612000,0.777999,-0.000245,0.593700,-2.000000,0.000630,0.000000,-0.000315,0.000000,2.330685,-0.000762,0.565156,-2.704235,0.000838,0.055944,2.429649,-0.000075,0.551202,-2.705703,0.001731,0.097264,0.000000,0.000000,-0.000315,0.000221,0.001084,-0.000379,0.401545,0.401545,-0.395455,-0.395455,0.506401,0.501023,-0.285253,-0.287782,0.234832,-0.234832,0.234832,-0.234832,0.228364,-0.228501,0.229838,-0.232178,0.255030,0.166567,0.000000,0.000000,0.000000
6.624000,0.753999,-0.000237,0.593700,-2.000000,0.000630,0.000000,-0.000315,0.000000,2.298241,-0.000752,0.565819,-2.702699,0.000842,0.054664,2.397208,-0.000063,0.552262,-2.703509,0.002463,0.090699,0.000000,0.000000,-0.000315,0.000199,0.001025,-0.000376,0.401545,0.401545,-0.395455,-0.395455,0.506318,0.501102,-0.285922,-0.288308,0.234832,-0.234832,0.234832,-0.234832,0.228366,-0.228483,0.229849,-0.232170,0.254995,0.166258,0.000000,0.000000,0.000000
6.636000,0.729999,-0.000229,0.593700,-2.000000,0.000630,0.000000,-0.000315,0.000000,2.265834,-0.000742,0.566468,-2.697973,0.000844,0.053382,2.364768,-0.000045,0.553261,-2.704369,0.002526,0.073242,0.001105,-0.000459,-0.000314,0.000128,0.000975,-0.000372,0.401545,0.401545,-0.395455,-0.395455,0.506176,0.501193,-0.286524,-0.288754,0.234832,-0.234832,0.234832,-0.234832,0.228384,-0.228454,0.229887,-0.232126,0.254999,0.165975,0.000000,0.000000,0.000000
6.648000,0.705999,-0.000222,0.593700,-2.000000,0.000630,0.000000,-0.000315,0.000000,2.233491,-0.000732,0.567101,-2.693724,0.000846,0.052134,2.332348,-0.000031,0.554468,-2.700177,0.002885,0.091438,0.000959,-0.000403,-0.000314,0.000105,0.000920,-0.000363,0.401545,0.401545,-0.395455,-0.395455,0.505972,0.501173,-0.287093,-0.289123,0.234832,-0.234832,0.234832,-0.234832,0.228374,-0.228420,0.229896,-0.232120,0.254867,0.165580,0.000000,0.000000,0.000000
6.660000,0.681999,-0.000214,0.593700,-2.000000,0.000630,0.000000,-0.000315,0.000000,2.201175,-0.000722,0.567719,-2.691871,0.000849,0.051021,2.299939,-0.000028,0.555479,-2.700019,0.000665,0.086814,0.000000,0.000000,-0.000315,0.000089,0.000893,-0.000356,0.401545,0.401545,-0.395455,-0.395455,0.505717,0.501157,-0.287521,-0.289549,0.234832,-0.234832,0.234832,-0.234832,0.228380,-0.228382,0.229920,-0.232102,0.254703,0.165196,0.000000,0.000000,0.000000
6.672000,0.657999,-0.000207,0.593700,-1.999999,0.000629,0.000000,-0.000315,0.000000,2.168884,-0.000712,0.568332,-2.689478,0.000848,0.050358,2.267553,-0.000007,0.556471,-2.699324,0.001131,0.064593,0.000381,-0.001121,-0.000315,0.000003,0.000868,-0.000370,0.401545,0.401545,-0.395455,-0.395455,0.505438,0.501037,-0.287762,-0.289946,0.234832,-0.234832,0.234832,-0.234832,0.228418,-0.228327,0.229946,-0.232061,0.254527,0.164931,0.000000,0.000000,0.000000
6.682000,0.637999,-0.000201,0.593700,-1.999999,0.000629,0.000000,-0.000315,0.000000,2.142008,-0.000703,0.568828,-2.685660,0.000843,0.048976,2.240611,0.000021,0.557447,-2.694461,0.001951,0.094895,-0.000053,-0.001303,-0.000315,-0.000103,0.000729,-0.000380,0.401545,0.401545,-0.395455,-0.395455,0.505189,0.500914,-0.288066,-0.290155,0.234832,-0.234832,0.234832,-0.234832,0.228414,-0.228256,0.229919,-0.231944,0.254208,0.164515,0.000000,0.000000,0.000000
6.694000,0.613999,-0.000193,0.593700,-1.999998,0.000629,0.000000,-0.000315,0.000000,2.109800,-0.000693,0.569412,-2.681366,0.000835,0.048099,2.208223,0.000027,0.558242,-2.695863,0.000364,0.077234,-0.001349,-0.001504,-0.000315,-0.000176,0.000493,-0.000386,0.401545,0.401545,-0.395455,-0.395455,0.504824,0.500787,-0.288226,-0.290333,0.234832,-0.234832,0.234832,-0.234832,0.228430,-0.228186,0.229973,-0.231874,0.254074,0.164184,0.000000,0.000000,0.000000
6.706000,0.589999,-0.000185,0.593700,-1.999998,0.000630,0.000000,-0.000315,0.000000,2.077642,-0.000683,0.569988,-2.677215,0.000825,0.047411,2.175885,0.000026,0.559242,-2.694060,0.000477,0.079955,-0.000814,-0.001870,-0.000315,-0.000292,0.000318,-0.000409,0.401545,0.401545,-0.395455,-0.395455,0.504627,0.500516,-0.288359,-0.290654,0.234832,-0.234832,0.234832,-0.234832,0.228514,-0.228062,0.229978,-0.231763,0.253693,0.163921,0.000000,0.000000,0.000000
6.718000,0.565999,-0.000178,0.593700,-1.999998,0.000629,0.000000,-0.000315,0.000000,2.045545,-0.000673,0.570545,-2.672265,0.000819,0.045658,2.143582,0.000067,0.559996,-2.689956,0.003162,0.068927,-0.000426,-0.001143,-0.000315,-0.000399,0.000165,-0.000406,0.401545,0.401545,-0.395455,-0.395455,0.504393,0.500274,-0.288315,-0.290797,0.234832,-0.234832,0.234832,-0.234832,0.228498,-0.228009,0.229995,-0.231716,0.253549,0.163707,0.000000,0.000000,0.000000
6.730000,0.541999,-0.000170,0.593700,-2.000000,0.000629,0.000000,-0.000315,0.000000,2.013511,-0.000663,0.571085,-2.667066,0.000817,0.044380,2.111350,0.000087,0.560772,-2.688585,0.001658,0.056277,0.000000,0.000000,-0.000315,-0.000558,0.000084,-0.000410,0.401545,0.401545,-0.395455,-0.395455,0.504051,0.499880,-0.288213,-0.290784,0.234832,-0.234832,0.234832,-0.234832,0.228550,-0.227828,0.230029,-0.231635,0.253295,0.163440,0.000000,0.000000,0.000000
6.742000,0.517999,-0.000163,0.593700,-2.000000,0.000630,0.000000,-0.000315,0.000000,1.981531,-0.000654,0.571611,-2.663586,0.000822,0.043301,2.079182,0.000075,0.561581,-2.684222,-0.000896,0.047386,-0.001260,-0.000841,-0.000315,-0.000594,0.000158,-0.000391,0.401545,0.401545,-0.395455,-0.395455,0.503730,0.499484,-0.288006,-0.290878,0.234832,-0.234832,0.234832,-0.234832,0.228497,-0.227733,0.230091,-0.231535,0.252863,0.163180,0.000000,0.000000,0.000000
6.754000,0.493999,-0.000155,0.593700,-2.000000,0.000630,0.000000,-0.000315,0.000000,1.949592,-0.000644,0.572125,-2.659464,0.000824,0.042286,2.047063,0.000064,0.562235,-2.679640,-0.000807,0.049250,0.000000,0.000000,-0.000315,-0.000612,0.000208,-0.000386,0.401545,0.401545,-0.395455,-0.395455,0.503489,0.498977,-0.287773,-0.290797,0.234832,-0.234832,0.234832,-0.234832,0.228469,-0.227610,0.230102,-0.231505,0.252534,0.163043,0.000000,0.000000,0.000000
6.766000,0.469999,-0.000148,0.593700,-2.000000,0.000630,0.000000,-0.000315,0.000000,1.917709,-0.000634,0.572626,-2.654859,0.000829,0.041302,2.014967,0.000093,0.563057,-2.675009,0.003069,0.057623,0.000000,0.000000,-0.000315,-0.000557,0.000376,-0.000371,0.401545,0.401545,-0.395455,-0.395455,0.503194,0.498486,-0.287549,-0.290725,0.234832,-0.234832,0.234832,-0.234832,0.228314,-0.227605,0.230061,-0.231539,0.252191,0.162795,0.000000,0.000000,0.000000
6.778000,0.445999,-0.000140,0.593700,-2.000000,0.000631,0.000000,-0.000315,0.000000,1.885869,-0.000624,0.573116,-2.651710,0.000836,0.040342,1.982878,0.000093,0.563853,-2.670853,0.002617,0.080431,0.000000,0.000000,-0.000315,-0.000499,0.000532,-0.000357,0.401545,0.401545,-0.395455,-0.395455,0.502954,0.498260,-0.287356,-0.290615,0.234832,-0.234832,0.234832,-0.234832,0.228225,-0.227610,0.230033,-0.231498,0.251719,0.162565,0.000000,0.000000,0.000000
6.790000,0.421999,-0.000133,0.593700,-2.000000,0.000630,0.000000,-0.000315,0.000000,1.854074,-0.000614,0.573595,-2.647031,0.000841,0.039404,1.950927,0.000083,0.564468,-2.660063,0.000731,0.072066,0.000000,0.000000,-0.000315,-0.000414,0.000633,-0.000349,0.401545,0.401545,-0.395455,-0.395455,0.502870,0.498125,-0.287232,-0.290512,0.234832,-0.234832,0.234832,-0.234832,0.228141,-0.227553,0.229997,-0.231525,0.251346,0.162487,0.000000,0.000000,0.000000
6.802000,0.397999,-0.000125,0.593700,-2.000000,0.000630,0.000000,-0.000315,0.000000,1.822335,-0.000604,0.574062,-2.642986,0.000842,0.038488,1.918983,0.000105,0.565040,-2.659079,0.002669,0.043697,0.000000,0.000000,-0.000315,-0.000306,0.000763,-0.000343,0.401545,0.401545,-0.395455,-0.395455,0.502910,0.498052,-0.287062,-0.290543,0.234832,-0.234832,0.234832,-0.234832,0.228020,-0.227597,0.229911,-0.231579,0.251029,0.162250,0.000000,0.000000,0.000000
6.814000,0.373999,-0.000117,0.593700,-2.000000,0.000630,0.000000,-0.000315,0.000000,1.790647,-0.000594,0.574518,-2.639626,0.000836,0.037594,1.887150,0.000108,0.565813,-2.651602,0.000342,0.049192,0.000000,0.000000,-0.000315,-0.000252,0.000841,-0.000375,0.401545,0.401545,-0.395455,-0.395455,0.502947,0.497954,-0.287012,-0.290544,0.234832,-0.234832,0.234832,-0.234832,0.227976,-0.227507,0.229847,-0.231612,0.250678,0.161951,0.000000,0.000000,0.000000
6.826000,0.349999,-0.000110,0.593700,-1.999999,0.000628,0.000000,-0.000315,0.000000,1.758984,-0.000584,0.574964,-2.638229,0.000824,0.036720,1.855417,0.000073,0.566598,-2.645076,-0.002780,0.056991,0.001398,0.000716,-0.000313,-0.000062,0.000928,-0.000391,0.401545,0.401545,-0.395455,-0.395455,0.503014,0.497732,-0.286946,-0.290766,0.234832,-0.234832,0.234832,-0.234832,0.227880,-0.227492,0.229789,-0.231681,0.250399,0.161909,0.000000,0.000000,0.000000
6.838000,0.325999,-0.000102,0.593700,-1.999999,0.000629,0.000000,-0.000315,0.000000,1.727343,-0.000574,0.575400,-2.634563,0.000821,0.035866,1.823676,0.000097,0.567255,-2.641335,-0.000129,0.064930,0.000964,0.001106,-0.000314,0.000091,0.001065,-0.000385,0.401545,0.401545,-0.395455,-0.395455,0.503101,0.497722,-0.287090,-0.290894,0.234832,-0.234832,0.234832,-0.234832,0.227709,-0.227530,0.229693,-0.231793,0.250303,0.161673,0.000000,0.000000,0.000000
6.850000,0.301999,-0.000095,0.593700,-2.000000,0.000629,0.000000,-0.000315,0.000000,1.695748,-0.000564,0.575825,-2.631398,0.000822,0.035033,1.792021,0.000102,0.567984,-2.637129,0.000465,0.060585,0.001396,0.000505,-0.000313,0.000258,0.001238,-0.000383,0.401545,0.401545,-0.395455,-0.395455,0.503250,0.497764,-0.287522,-0.291148,0.234832,-0.234832,0.234832,-0.234832,0.227606,-0.227604,0.229609,-0.231885,0.250175,0.161471,0.000000,0.000000,0.000000
6.862000,0.277999,-0.000087,0.593700,-2.000000,0.000630,0.000000,-0.000315,0.000000,1.664173,-0.000554,0.576241,-2.631172,0.000819,0.034218,1.760413,0.000147,0.568717,-2.633675,0.002099,0.043196,0.001070,0.000498,-0.000314,0.000237,0.001266,-0.000396,0.401545,0.401545,-0.395455,-0.395455,0.503334,0.497927,-0.288014,-0.291519,0.234832,-0.234832,0.234832,-0.234832,0.227573,-0.227623,0.229587,-0.231912,0.250198,0.161196,0.000000,0.000000,0.000000
6.874000,0.253999,-0.000080,0.593700,-2.000000,0.000630,0.000000,-0.000315,0.000000,1.632622,-0.000544,0.576647,-2.627620,0.000823,0.033423,1.728854,0.000131,0.569482,-2.629194,-0.001323,0.058303,0.000000,0.000000,-0.000315,0.000384,0.001202,-0.000367,0.401545,0.401545,-0.395455,-0.395455,0.503389,0.498008,-0.288615,-0.291816,0.234832,-0.234832,0.234832,-0.234832,0.227509,-0.227673,0.229547,-0.231959,0.250257,0.160977,0.000000,0.000000,0.000000
6.886000,0.229999,-0.000072,0.593700,-2.000000,0.000631,0.000000,-0.000315,0.000000,1.601114,-0.000534,0.577043,-2.624305,0.000829,0.032646,1.697319,0.000131,0.570214,-2.627434,-0.004150,0.058171,0.001114,-0.000070,-0.000314,0.000336,0.001119,-0.000356,0.401545,0.401545,-0.395455,-0.395455,0.503402,0.498138,-0.289165,-0.292278,0.234832,-0.234832,0.234832,-0.234832,0.227542,-0.227619,0.229592,-0.231921,0.250281,0.160782,0.000000,0.000000,0.000000
6.898000,0.205999,-0.000064,0.593700,-2.000000,0.000630,0.000000,-0.000315,0.000000,1.569628,-0.000524,0.577435,-2.622764,0.000834,0.032467,1.665836,0.000175,0.570980,-2.623158,0.001805,0.060365,0.000000,0.000000,-0.000315,0.000358,0.001049,-0.000347,0.401545,0.401545,-0.395455,-0.395455,0.503245,0.498216,-0.289812,-0.292635,0.234832,-0.234832,0.234832,-0.234832,0.227474,-0.227676,0.229540,-0.231977,0.250396,0.160429,0.000000,0.000000,0.000000
6.910000,0.181999,-0.000057,0.593700,-2.000000,0.000630,0.000000,-0.000315,0.000000,1.538172,-0.000514,0.577823,-2.619338,0.000836,0.031909,1.634336,0.000178,0.571597,-2.624181,0.000095,0.057969,0.000000,0.000000,-0.000315,0.000270,0.000993,-0.000347,0.401545,0.401545,-0.395455,-0.395455,0.503120,0.498315,-0.290296,-0.293116,0.234832,-0.234832,0.234832,-0.234832,0.227531,-0.227605,0.229600,-0.231923,0.250455,0.160302,0.000000,0.000000,0.000000
6.922000,0.157999,-0.000049,0.593700,-2.000000,0.000630,0.000000,-0.000315,0.000000,1.506765,-0.000504,0.578199,-2.616057,0.000835,0.031456,1.602851,0.000206,0.572416,-2.623649,0.003426,0.046660,0.000000,0.000000,-0.000315,0.000189,0.000950,-0.000347,0.401545,0.401545,-0.395455,-0.395455,0.502862,0.498383,-0.290814,-0.293465,0.234832,-0.234832,0.234832,-0.234832,0.227541,-0.227568,0.229620,-0.231906,0.250434,0.160006,0.000000,0.000000,0.000000
6.932000,0.137999,-0.000043,0.593700,-1.999998,0.000630,0.000000,-0.000315,0.000000,1.480613,-0.000496,0.578523,-2.614354,0.000835,0.033101,1.576586,0.000199,0.573116,-2.622367,-0.000707,0.080418,-0.000508,-0.001398,-0.000315,0.000149,0.000855,-0.000351,0.401545,0.401545,-0.395455,-0.395455,0.502668,0.498424,-0.291115,-0.293812,0.234832,-0.234832,0.234832,-0.234832,0.227557,-0.227490,0.229672,-0.231852,0.250262,0.159758,0.000000,0.000000,0.000000
6.944000,0.113999,-0.000036,0.593700,-1.999999,0.000629,0.000000,-0.000315,0.000000,1.449239,-0.000486,0.578989,-2.612612,0.000831,0.038275,1.545129,0.000238,0.573575,-2.620564,0.002752,0.051459,-0.000736,-0.001080,-0.000315,-0.000030,0.000618,-0.000358,0.401545,0.401545,-0.395455,-0.395455,0.502390,0.498312,-0.291365,-0.294057,0.234832,-0.234832,0.234832,-0.234832,0.227619,-0.227417,0.229736,-0.231780,0.250370,0.159609,0.000000,0.000000,0.000000
6.956000,0.089999,-0.000028,0.593700,-1.999998,0.000630,0.000000,-0.000315,0.000000,1.417909,-0.000476,0.579431,-2.607388,0.000828,0.034134,1.513655,0.000237,0.574111,-2.621319,-0.000226,0.046345,-0.000073,-0.001269,-0.000315,-0.000200,0.000413,-0.000362,0.401545,0.401545,-0.395455,-0.395455,0.502127,0.498127,-0.291566,-0.294295,0.234832,-0.234832,0.234832,-0.234832,0.227738,-0.227282,0.229836,-0.231666,0.250346,0.159529,0.000000,0.000000,0.000000
6.968000,0.066000,-0.000020,0.593700,-1.999999,0.000629,0.000000,-0.000315,0.000000,1.386656,-0.000466,0.579804,-2.602356,0.000822,0.028785,1.482286,0.000280,0.574819,-2.612032,0.001684,0.069939,-0.001092,-0.001134,-0.000315,-0.000452,0.000271,-0.000376,0.401545,0.401545,-0.395455,-0.395455,0.501808,0.497911,-0.291676,-0.294424,0.234832,-0.234832,0.234832,-0.234832,0.227836,-0.227134,0.229857,-0.231492,0.250168,0.159188,0.000000,0.000000,0.000000
6.980000,0.042000,-0.000013,0.593700,-1.999999,0.000629,0.000000,-0.000315,0.000000,1.355441,-0.000456,0.580146,-2.600845,0.000819,0.029577,1.450847,0.000280,0.575301,-2.618591,-0.000293,0.019347,-0.001215,-0.001123,-0.000315,-0.000686,0.000194,-0.000371,0.401545,0.401545,-0.395455,-0.395455,0.501622,0.497627,-0.291577,-0.294563,0.234832,-0.234832,0.234832,-0.234832,0.227980,-0.226985,0.230010,-0.231331,0.249995,0.159032,0.000000,0.000000,0.000000
6.992000,0.018000,-0.000005,0.593700,-1.999998,0.000628,0.000000,-0.000315,0.000000,1.324259,-0.000446,0.580486,-2.596318,0.000818,0.027118,1.419501,0.000299,0.575701,-2.614092,-0.000605,0.020264,-0.001239,-0.000587,-0.000315,-0.000789,0.000104,-0.000367,0.401545,0.401545,-0.395455,-0.395455,0.501377,0.497314,-0.291375,-0.294472,0.234832,-0.234832,0.234832,-0.234832,0.227963,-0.226887,0.230034,-0.231223,0.249830,0.158913,0.000000,0.000000,0.000000
7.004000,-0.000000,0.000000,0.593700,0.000000,0.000000,0.000000,-0.000315,0.000000,1.293161,-0.000437,0.580801,-2.581738,0.000842,0.025199,1.388203,0.000278,0.576362,-2.608612,-0.004433,0.029514,-0.001622,-0.000443,-0.000315,-0.000768,0.000119,-0.000359,0.401545,0.401545,-0.395455,-0.395455,0.500972,0.496991,-0.291213,-0.294393,0.234832,-0.234832,0.234832,-0.234832,0.227906,-0.226822,0.230054,-0.231141,0.249465,0.158736,0.000000,0.000000,0.000000
7.016000,-0.000000,0.000000,0.593700,0.000000,0.000000,0.000000,-0.000315,0.000000,1.262362,-0.000426,0.581083,-2.551420,0.000879,0.021307,1.357072,0.000297,0.576694,-2.591339,-0.000096,0.017473,-0.001173,-0.000496,-0.000315,-0.000939,0.000217,-0.000357,0.401545,0.401545,-0.395455,-0.395455,0.500790,0.496543,-0.290995,-0.294304,0.234832,-0.234832,0.234832,-0.234832,0.227942,-0.226693,0.230117,-0.231032,0.249328,0.158666,0.000000,0.000000,0.000000
7.028000,-0.000000,0.000000,0.593700,0.000000,0.000000,0.000000,-0.000315,0.000000,1.231916,-0.000416,0.581345,-2.523079,0.000867,0.022664,1.326245,0.000262,0.577103,-2.572304,-0.001777,0.032342,0.000000,0.000000,-0.000315,-0.000795,0.000330,-0.000343,0.401545,0.401545,-0.395455,-0.395455,0.500423,0.496050,-0.290607,-0.294004,0.234832,-0.234832,0.234832,-0.234832,0.227821,-0.226661,0.230083,-0.231038,0.248916,0.158633,0.000000,0.000000,0.000000
7.040000,-0.000000,0.000000,0.593700,0.000000,0.000000,0.000000,-0.000315,0.000000,1.201802,-0.000405,0.581622,-2.495701,0.000851,0.023311,1.295658,0.000269,0.577540,-2.551285,-0.000439,0.038751,0.000000,0.000000,-0.000315,-0.000656,0.000490,-0.000340,0.401545,0.401545,-0.395455,-0.395455,0.499930,0.495664,-0.290160,-0.293615,0.234832,-0.234832,0.234832,-0.234832,0.227642,-0.226655,0.230006,-0.231104,0.248363,0.158476,0.000000,0.000000,0.000000
7.052000,-0.000000,0.000000,0.593700,0.000000,0.000000,0.000000,-0.000315,0.000000,1.172028,-0.000395,0.581899,-2.466442,0.000836,0.022631,1.265315,0.000287,0.577946,-2.526402,0.000159,0.033490,0.000000,0.000000,-0.000315,-0.000535,0.000658,-0.000345,0.401545,0.401545,-0.395455,-0.395455,0.499300,0.495243,-0.289647,-0.293199,0.234832,-0.234832,0.234832,-0.234832,0.227468,-0.226651,0.229931,-0.231173,0.247981,0.158387,0.000000,0.000000,0.000000
7.064000,-0.000000,0.000000,0.593700,0.000000,0.000000,0.000000,-0.000315,0.000000,1.142609,-0.000385,0.582158,-2.437103,0.000842,0.021139,1.235280,0.000296,0.578313,-2.497380,-0.000692,0.044766,0.000000,0.000000,-0.000315,-0.000452,0.000780,-0.000358,0.401545,0.401545,-0.395455,-0.395455,0.498845,0.494670,-0.289158,-0.292685,0.234832,-0.234832,0.234832,-0.234832,0.227337,-0.226594,0.229865,-0.231209,0.247519,0.158267,0.000000,0.000000,0.000000
7.076000,-0.000000,0.000000,0.593700,0.000000,0.000000,0.000000,-0.000315,0.000000,1.113536,-0.000375,0.582410,-2.408109,0.000843,0.020312,1.205501,0.000308,0.578674,-2.475701,0.000949,0.018510,0.000000,0.000000,-0.000315,-0.000379,0.000881,-0.000361,0.401545,0.401545,-0.395455,-0.395455,0.498552,0.493841,-0.288717,-0.292049,0.234832,-0.234832,0.234832,-0.234832,0.227211,-0.226538,0.229816,-0.231268,0.246967,0.158154,0.000000,0.000000,0.000000
7.088000,-0.000000,0.000000,0.593700,0.000000,0.000000,0.000000,-0.000315,0.000000,1.084810,-0.000365,0.582656,-2.379429,0.000837,0.020376,1.175791,0.000310,0.579213,-2.464492,0.000484,0.040252,0.000000,0.000000,-0.000315,-0.000317,0.000959,-0.000359,0.401545,0.401545,-0.395455,-0.395455,0.498322,0.493149,-0.288247,-0.291442,0.234832,-0.234832,0.234832,-0.234832,0.227112,-0.226477,0.229787,-0.231308,0.246154,0.157990,0.000000,0.000000,0.000000
7.100000,-0.000000,0.000000,0.593700,0.000000,0.000000,0.000000,-0.000315,0.000000,1.056428,-0.000355,0.582901,-2.350643,0.000845,0.020087,1.146641,0.000320,0.579532,-2.430095,0.000678,0.034833,0.000000,0.000000,-0.000315,-0.000273,0.001014,-0.000386,0.401545,0.401545,-0.395455,-0.395455,0.498096,0.492334,-0.287774,-0.290828,0.234832,-0.234832,0.234832,-0.234832,0.227023,-0.226401,0.229758,-0.231349,0.245520,0.157891,0.000000,0.000000,0.000000
7.112000,-0.000000,0.000000,0.593700,0.000000,0.000000,0.000000,-0.000315,0.000000,1.028394,-0.000345,0.583134,-2.322040,0.000889,0.019578,1.117814,0.000337,0.579808,-2.401166,0.001262,0.032233,0.000000,0.000000,-0.000315,-0.000243,0.001040,-0.000445,0.401545,0.401545,-0.395455,-0.395455,0.497934,0.491301,-0.287325,-0.290266,0.234832,-0.234832,0.234832,-0.234832,0.226953,-0.226318,0.229723,-0.231396,0.244975,0.157789,0.000000,0.000000,0.000000
7.124000,-0.000000,0.000000,0.593700,0.000000,0.000000,0.000000,-0.000315,0.000000,1.000699,-0.000334,0.583372,-2.293746,0.000956,0.019947,1.088946,0.000362,0.580100,-2.392537,0.002416,0.022024,0.000000,0.000000,-0.000315,-0.000205,0.001107,-0.000503,0.401545,0.401545,-0.395455,-0.395455,0.497854,0.490478,-0.286946,-0.289761,0.234832,-0.234832,0.234832,-0.234832,0.226899,-0.226288,0.229682,-0.231450,0.244635,0.157700,0.000000,0.000000,0.000000
7.136000,-0.000000,0.000000,0.593700,0.000000,0.000000,0.000000,-0.000315,0.000000,0.973345,-0.000322,0.583611,-2.265280,0.000992,0.019718,1.060467,0.000366,0.580587,-2.371450,0.000715,0.044492,0.000000,0.000000,-0.000315,-0.000174,0.001139,-0.000509,0.401545,0.401545,-0.395455,-0.395455,0.497690,0.489810,-0.286652,-0.289384,0.234832,-0.234832,0.234832,-0.234832,0.226850,-0.226224,0.229674,-0.231469,0.244009,0.157567,0.000000,0.000000,0.000000
7.148000,-0.000000,0.000000,0.593700,0.000000,0.000000,0.000000,-0.000315,0.000000,0.946335,-0.000310,0.583842,-2.236275,0.000999,0.018504,1.032571,0.000383,0.580864,-2.322046,0.001266,0.027980,0.000000,0.000000,-0.000315,-0.000168,0.001145,-0.000517,0.401545,0.401545,-0.395455,-0.395455,0.497321,0.489373,-0.286395,-0.289002,0.234832,-0.234832,0.234832,-0.234832,0.226792,-0.226150,0.229665,-0.231497,0.243675,0.157483,0.000000,0.000000,0.000000
7.160000,-0.000000,0.000000,0.593700,0.000000,0.000000,0.000000,-0.000315,0.000000,0.919677,-0.000298,0.584043,-2.206661,0.000978,0.014609,1.004686,0.000407,0.581359,-2.312591,0.001051,0.028127,0.000000,0.000000,-0.000315,-0.000149,0.001168,-0.000509,0.401545,0.401545,-0.395455,-0.395455,0.496798,0.488847,-0.286379,-0.288916,0.234832,-0.234832,0.234832,-0.234832,0.226714,-0.226159,0.229667,-0.231502,0.243369,0.157303,0.000000,0.000000,0.000000
7.172000,-0.000000,0.000000,0.593700,0.000000,0.000000,0.000000,-0.000315,0.000000,0.893378,-0.000286,0.584182,-2.176321,0.000943,0.007637,0.977334,0.000437,0.581767,-2.272890,0.003130,0.025954,0.000000,0.000000,-0.000315,-0.000149,0.001185,-0.000479,0.401545,0.401545,-0.395455,-0.395455,0.496191,0.488372,-0.286528,-0.288923,0.234832,-0.234832,0.234832,-0.234832,0.226623,-0.226149,0.229660,-0.231514,0.243336,0.157116,0.000000,0.000000,0.000000
7.182000,-0.000000,0.000000,0.593700,0.000000,0.000000,0.000000,-0.000315,0.000000,0.871739,-0.000277,0.584237,-2.151522,0.000929,0.003790,0.954871,0.000430,0.582030,-2.243663,0.000556,0.024398,0.000000,0.000000,-0.000315,-0.000141,0.001168,-0.000488,0.401545,0.401545,-0.395455,-0.395455,0.495709,0.487626,-0.286631,-0.288907,0.234832,-0.234832,0.234832,-0.234832,0.226616,-0.226039,0.229654,-0.231529,0.243209,0.157033,0.000000,0.000000,0.000000
7.194000,-0.000000,0.000000,0.593700,0.000000,0.000000,0.000000,-0.000315,0.000000,0.846095,-0.000266,0.584273,-2.122648,0.000915,0.002788,0.928028,0.000459,0.582362,-2.229064,0.001338,0.026575,0.000000,0.000000,-0.000315,-0.000141,0.001173,-0.000486,0.401545,0.401545,-0.395455,-0.395455,0.494980,0.486829,-0.286712,-0.289016,0.234832,-0.234832,0.234832,-0.234832,0.226546,-0.226015,0.229645,-0.231550,0.243084,0.156909,0.000000,0.000000,0.000000
7.206000,-0.000000,0.000000,0.593700,0.000000,0.000000,0.000000,-0.000315,0.000000,0.820799,-0.000255,0.584288,-2.092975,0.000883,-0.001542,0.901461,0.000497,0.582830,-2.210856,0.002799,0.024697,0.000000,0.000000,-0.000315,-0.000141,0.001186,-0.000462,0.401545,0.401545,-0.395455,-0.395455,0.494018,0.486213,-0.286917,-0.289232,0.234832,-0.234832,0.234832,-0.234832,0.226449,-0.226022,0.229633,-0.231566,0.243052,0.156717,0.000000,0.000000,0.000000
7.218000,-0.000000,0.000000,0.593700,0.000000,0.000000,0.000000,-0.000315,0.000000,0.795868,-0.000245,0.584217,-2.062261,0.000831,-0.010134,0.875181,0.000508,0.583120,-2.183814,0.001523,0.024011,0.000000,0.000000,-0.000315,-0.000139,0.001177,-0.000426,0.401545,0.401545,-0.395455,-0.395455,0.493256,0.485527,-0.287067,-0.289421,0.234832,-0.234832,0.234832,-0.234832,0.226394,-0.225981,0.229639,-0.231567,0.243102,0.156618,0.000000,0.000000,0.000000
7.230000,-0.000000,0.000000,0.593700,0.000000,0.000000,0.000000,-0.000315,0.000000,0.771298,-0.000235,0.584052,-2.033203,0.000786,-0.018262,0.849452,0.000530,0.583249,-2.128280,0.000885,0.028567,0.000000,0.000000,-0.000315,-0.000130,0.001153,-0.000418,0.401545,0.401545,-0.395455,-0.395455,0.492291,0.484919,-0.287062,-0.289634,0.234832,-0.234832,0.234832,-0.234832,0.226302,-0.225936,0.229632,-0.231581,0.243436,0.156577,0.000000,0.000000,0.000000
7.242000,-0.000000,0.000000,0.593700,0.000000,0.000000,0.000000,-0.000315,0.000000,0.747069,-0.000226,0.583775,-2.004657,0.000753,-0.027403,0.823876,0.000574,0.583509,-2.112339,0.001372,0.009636,0.000000,0.000000,-0.000315,-0.000270,0.001098,-0.000401,0.401545,0.401545,-0.395455,-0.395455,0.491297,0.484309,-0.287320,-0.289953,0.234832,-0.234832,0.234832,-0.234832,0.226291,-0.225874,0.229685,-0.231513,0.243405,0.156423,0.000000,0.000000,0.000000
7.254000,-0.000000,0.000000,0.593700,0.000000,0.000000,0.000000,-0.000315,0.000000,0.723192,-0.000217,0.583418,-1.974752,0.000722,-0.032542,0.798732,0.000593,0.583879,-2.086815,0.002828,0.029168,0.000000,0.000000,-0.000315,-0.000235,0.001070,-0.000387,0.401545,0.401545,-0.395455,-0.395455,0.490153,0.483591,-0.287732,-0.290490,0.234832,-0.234832,0.234832,-0.234832,0.226186,-0.225867,0.229659,-0.231535,0.243584,0.156292,0.000000,0.000000,0.000000
7.266000,-0.000000,0.000000,0.593700,0.000000,0.000000,0.000000,-0.000315,0.000000,0.699678,-0.000209,0.582982,-1.944180,0.000700,-0.040166,0.774047,0.000629,0.584104,-2.040033,0.002671,0.019319,-0.000828,-0.000589,-0.000316,-0.000363,0.000992,-0.000380,0.401545,0.401545,-0.395455,-0.395455,0.488992,0.482709,-0.288186,-0.290965,0.234832,-0.234832,0.234832,-0.234832,0.226156,-0.225731,0.229701,-0.231494,0.244235,0.156159,0.000000,0.000000,0.000000
7.278000,-0.000000,0.000000,0.593700,0.000000,0.000000,0.000000,-0.000315,0.000000,0.676531,-0.000200,0.582457,-1.913975,0.000674,-0.047003,0.749183,0.000655,0.584118,-2.039404,0.004141,0.008956,-0.000981,-0.000578,-0.000316,-0.000492,0.000883,-0.000368,0.401545,0.401545,-0.395455,-0.395455,0.488143,0.482010,-0.288561,-0.291434,0.234832,-0.234832,0.234832,-0.234832,0.226177,-0.225653,0.229756,-0.231440,0.244525,0.156114,0.000000,0.000000,0.000000
7.290000,-0.000000,0.000000,0.593700,0.000000,0.000000,0.000000,-0.000315,0.000000,0.653737,-0.000192,0.581832,-1.885132,0.000640,-0.056485,0.724993,0.000642,0.584017,-2.012861,-0.001752,-0.017202,0.000000,0.000000,-0.000315,-0.000570,0.000762,-0.000347,0.401545,0.401545,-0.395455,-0.395455,0.487286,0.480993,-0.288819,-0.291802,0.234832,-0.234832,0.234832,-0.234832,0.226188,-0.225521,0.229844,-0.231359,0.244862,0.156218,0.000000,0.000000,0.000000
7.302000,-0.000000,0.000000,0.593700,0.000000,0.000000,0.000000,-0.000315,0.000000,0.631284,-0.000185,0.581099,-1.856916,0.000618,-0.062470,0.702013,0.000674,0.584381,-1.940653,0.001772,0.027796,0.000000,0.000000,-0.000315,-0.000488,0.000733,-0.000345,0.401545,0.401545,-0.395455,-0.395455,0.485607,0.479229,-0.289219,-0.292256,0.234832,-0.234832,0.234832,-0.234832,0.225942,-0.225449,0.229767,-0.231437,0.245092,0.156055,0.000000,0.000000,0.000000
7.314000,-0.000000,0.000000,0.593700,0.000000,0.000000,0.000000,-0.000315,0.000000,0.609178,-0.000178,0.580332,-1.827109,0.000594,-0.066165,0.678610,0.000679,0.584287,-1.937773,0.000870,0.001876,0.000000,0.000000,-0.000315,-0.000411,0.000821,-0.000326,0.401545,0.401545,-0.395455,-0.395455,0.484404,0.477650,-0.289673,-0.292814,0.234832,-0.234832,0.234832,-0.234832,0.225832,-0.225415,0.229722,-0.231485,0.245578,0.156057,0.000000,0.000000,0.000000
7.326000,-0.000000,0.000000,0.593700,0.000000,0.000000,0.000000,-0.000315,0.000000,0.587434,-0.000171,0.579511,-1.797429,0.000570,-0.069087,0.655516,0.000694,0.584064,-1.920453,0.001540,-0.018793,0.000000,0.000000,-0.000315,-0.000354,0.000890,-0.000323,0.401545,0.401545,-0.395455,-0.395455,0.483472,0.476120,-0.289921,-0.293243,0.234832,-0.234832,0.234832,-0.234832,0.225714,-0.225388,0.229687,-0.231531,0.246144,0.156137,0.000000,0.000000,0.000000
7.338000,-0.000000,0.000000,0.593700,0.000000,0.000000,0.000000,-0.000315,0.000000,0.566035,-0.000164,0.578686,-1.768916,0.000571,-0.070343,0.632801,0.000729,0.583920,-1.885376,0.001631,-0.020774,0.000000,0.000000,-0.000315,-0.000318,0.000898,-0.000344,0.401545,0.401545,-0.395455,-0.395455,0.482364,0.475041,-0.290238,-0.293554,0.234832,-0.234832,0.234832,-0.234832,0.225552,-0.225329,0.229643,-0.231582,0.246681,0.156099,0.000000,0.000000,0.000000
7.350000,-0.000000,0.000000,0.593700,0.000000,0.000000,0.000000,-0.000315,0.000000,0.544979,-0.000157,0.577803,-1.740220,0.000576,-0.076255,0.610652,0.000747,0.583909,-1.842102,0.001271,-0.003852,0.000000,0.000000,-0.000315,-0.000275,0.000914,-0.000353,0.401545,0.401545,-0.395455,-0.395455,0.481193,0.473937,-0.290517,-0.293916,0.234832,-0.234832,0.234832,-0.234832,0.225390,-0.225235,0.229609,-0.231623,0.246906,0.156093,0.000000,0.000000,0.000000
7.362000,-0.000000,0.000000,0.593700,0.000000,0.000000,0.000000,-0.000315,0.000000,0.524273,-0.000150,0.576879,-1.710571,0.000575,-0.078616,0.588566,0.000765,0.583784,-1.825207,0.000532,-0.014575,0.000000,0.000000,-0.000315,-0.000254,0.000928,-0.000356,0.401545,0.401545,-0.395455,-0.395455,0.480085,0.472914,-0.291002,-0.294327,0.234832,-0.234832,0.234832,-0.234832,0.225300,-0.225175,0.229582,-0.231657,0.247496,0.156080,0.000000,0.000000,0.000000
7.374000,-0.000000,0.000000,0.593700,0.000000,0.000000,0.000000,-0.000315,0.000000,0.503931,-0.000143,0.575898,-1.679840,0.000562,-0.084888,0.567078,0.000773,0.583587,-1.794512,0.001774,-0.029145,0.000000,0.000000,-0.000315,-0.000222,0.000937,-0.000349,0.401545,0.401545,-0.395455,-0.395455,0.479125,0.471595,-0.291497,-0.294918,0.234832,-0.234832,0.234832,-0.234832,0.225192,-0.225093,0.229556,-0.231690,0.248037,0.156193,0.000000,0.000000,0.000000
7.386000,-0.000000,0.000000,0.593700,0.000000,0.000000,0.000000,-0.000315,0.000000,0.483954,-0.000137,0.574857,-1.649799,0.000552,-0.088058,0.545750,0.000796,0.583341,-1.766076,0.001350,-0.019906,0.000000,0.000000,-0.000315,-0.000217,0.000949,-0.000355,0.401545,0.401545,-0.395455,-0.395455,0.478195,0.470707,-0.292243,-0.295494,0.234832,-0.234832,0.234832,-0.234832,0.225099,-0.225030,0.229536,-0.231717,0.248832,0.156170,0.000000,0.000000,0.000000
7.398000,-0.000000,0.000000,0.593700,0.000000,0.000000,0.000000,-0.000315,0.000000,0.464333,-0.000130,0.573783,-1.620259,0.000549,-0.090944,0.525243,0.000834,0.583182,-1.706551,0.005594,0.003623,0.000000,0.000000,-0.000315,-0.000206,0.000941,-0.000361,0.401545,0.401545,-0.395455,-0.395455,0.477015,0.469531,-0.292769,-0.296100,0.234832,-0.234832,0.234832,-0.234832,0.224884,-0.224949,0.229512,-0.231752,0.249581,0.156220,0.000000,0.000000,0.000000
7.410000,-0.000000,0.000000,0.593700,0.000000,0.000000,0.000000,-0.000315,0.000000,0.445072,-0.000123,0.572671,-1.589959,0.000553,-0.094499,0.503995,0.000853,0.582749,-1.746006,0.001644,-0.035764,0.000000,0.000000,-0.000315,-0.000189,0.000955,-0.000378,0.401545,0.401545,-0.395455,-0.395455,0.476005,0.469315,-0.293396,-0.296630,0.234832,-0.234832,0.234832,-0.234832,0.224866,-0.224945,0.229500,-0.231779,0.250123,0.156311,0.000000,0.000000,0.000000
7.422000,-0.000000,0.000000,0.593700,0.000000,0.000000,0.000000,-0.000315,0.000000,0.426174,-0.000117,0.571493,-1.559775,0.000547,-0.106132,0.483353,0.000869,0.582361,-1.704797,0.000413,-0.029927,0.000000,0.000000,-0.000315,-0.000193,0.000871,-0.000379,0.401545,0.401545,-0.395455,-0.395455,0.475572,0.469380,-0.293784,-0.296876,0.234832,-0.234832,0.234832,-0.234832,0.224816,-0.224891,0.229493,-0.231799,0.250733,0.156376,0.000000,0.000000,0.000000
7.434000,-0.000000,0.000000,0.593700,0.000000,0.000000,0.000000,-0.000315,0.000000,0.407633,-0.000110,0.570076,-1.530370,0.000526,-0.130132,0.463466,0.000884,0.581945,-1.646284,0.001690,-0.034290,0.000000,0.000000,-0.000315,-0.000173,0.000771,-0.000358,0.401545,0.401545,-0.395455,-0.395455,0.475127,0.469014,-0.294002,-0.297057,0.234832,-0.234832,0.234832,-0.234832,0.224711,-0.224859,0.229489,-0.231821,0.251098,0.156494,0.000000,0.000000,0.000000
7.446000,-0.000000,0.000000,0.593700,0.000000,0.000000,0.000000,-0.000315,0.000000,0.389448,-0.000104,0.568375,-1.500277,0.000520,-0.152459,0.443628,0.000901,0.581472,-1.626093,0.001144,-0.042578,0.000000,0.000000,-0.000315,-0.000175,0.000746,-0.000380,0.401545,0.401545,-0.395455,-0.395455,0.474570,0.468837,-0.294589,-0.297501,0.234832,-0.234832,0.234832,-0.234832,0.224688,-0.224820,0.229472,-0.231849,0.251817,0.156597,0.000000,0.000000,0.000000
7.456000,-0.000000,0.000000,0.593700,0.000000,0.000000,0.000000,-0.000315,0.000000,0.374573,-0.000099,0.566767,-1.474688,0.000522,-0.167142,0.428033,0.000904,0.581065,-1.574928,0.000284,-0.051138,0.000000,0.000000,-0.000315,-0.000168,0.000703,-0.000386,0.401545,0.401545,-0.395455,-0.395455,0.473772,0.468100,-0.295115,-0.297934,0.234832,-0.234832,0.234832,-0.234832,0.224602,-0.224703,0.229467,-0.231869,0.252389,0.156667,0.000000,0.000000,0.000000
7.468000,-0.000000,0.000000,0.593700,0.000000,0.000000,0.000000,-0.000315,0.000000,0.357062,-0.000093,0.564710,-1.443645,0.000514,-0.175036,0.409185,0.000935,0.580652,-1.545780,0.003543,-0.036870,0.000000,0.000000,-0.000315,-0.000161,0.000754,-0.000381,0.401545,0.401545,-0.395455,-0.395455,0.472969,0.467534,-0.296044,-0.298794,0.234832,-0.234832,0.234832,-0.234832,0.224496,-0.224711,0.229456,-0.231892,0.253444,0.156757,0.000000,0.000000,0.000000
7.480000,-0.000000,0.000000,0.593700,0.000000,0.000000,0.000000,-0.000315,0.000000,0.339929,-0.000086,0.562561,-1.411769,0.000519,-0.183538,0.390599,0.000929,0.580081,-1.530701,-0.000495,-0.042868,0.000000,0.000000,-0.000315,-0.000156,0.000746,-0.000403,0.401545,0.401545,-0.395455,-0.395455,0.472149,0.466933,-0.297094,-0.299679,0.234832,-0.234832,0.234832,-0.234832,0.224509,-0.224616,0.229451,-0.231910,0.254413,0.156896,0.000000,0.000000,0.000000
7.492000,-0.000000,0.000000,0.593700,0.000000,0.000000,0.000000,-0.000315,0.000000,0.323183,-0.000080,0.560299,-1.379332,0.000519,-0.193769,0.371963,0.000953,0.579241,-1.533344,0.001533,-0.074010,0.000000,0.000000,-0.000315,-0.000161,0.000751,-0.000421,0.401545,0.401545,-0.395455,-0.395455,0.471861,0.466558,-0.298232,-0.300581,0.234832,-0.234832,0.234832,-0.234832,0.224504,-0.224640,0.229436,-0.231934,0.255656,0.157092,0.000000,0.000000,0.000000
7.504000,-0.000000,0.000000,0.593700,0.000000,0.000000,0.000000,-0.000315,0.000000,0.306823,-0.000074,0.557859,-1.347274,0.000528,-0.214713,0.353958,0.000965,0.578532,-1.490056,0.001556,-0.067263,0.000000,0.000000,-0.000315,-0.000164,0.000691,-0.000436,0.401545,0.401545,-0.395455,-0.395455,0.471733,0.466080,-0.299167,-0.301406,0.234832,-0.234832,0.234832,-0.234832,0.224498,-0.224605,0.229423,-0.231958,0.256811,0.157290,0.000000,0.000000,0.000000
7.516000,-0.000000,0.000000,0.593700,0.000000,0.000000,0.000000,-0.000315,0.000000,0.290848,-0.000068,0.555138,-1.315228,0.000523,-0.238713,0.336263,0.000988,0.577733,-1.453865,0.002165,-0.057891,0.000000,0.000000,-0.000315,-0.000158,0.000645,-0.000438,0.401545,0.401545,-0.395455,-0.395455,0.471594,0.465734,-0.300169,-0.302320,0.234832,-0.234832,0.234832,-0.234832,0.224470,-0.224628,0.229410,-0.231978,0.257989,0.157470,0.000000,0.000000,0.000000
7.528000,-0.000000,0.000000,0.593700,0.000000,0.000000,0.000000,-0.000315,0.000000,0.275261,-0.000061,0.552129,-1.282483,0.000516,-0.262713,0.319469,0.001006,0.576803,-1.372799,0.001272,-0.074168,0.000000,0.000000,-0.000315,-0.000158,0.000591,-0.000447,0.401545,0.401545,-0.395455,-0.395455,0.471292,0.465351,-0.301352,-0.303355,0.234832,-0.234832,0.234832,-0.234832,0.224457,-0.224603,0.229378,-0.232000,0.259645,0.157702,0.000000,0.000000,0.000000
7.540000,-0.000000,0.000000,0.593700,0.000000,0.000000,0.000000,-0.000315,0.000000,0.260072,-0.000055,0.548838,-1.248878,0.000502,-0.284405,0.302721,0.001028,0.575690,-1.370205,0.001581,-0.102665,0.000000,0.000000,-0.000315,-0.000161,0.000616,-0.000439,0.401545,0.401545,-0.395455,-0.395455,0.470782,0.464839,-0.302826,-0.304912,0.234832,-0.234832,0.234832,-0.234832,0.224446,-0.224631,0.229371,-0.232018,0.261136,0.157963,0.000000,0.000000,0.000000
7.552000,-0.000000,0.000000,0.593700,0.000000,0.000000,0.000000,-0.000315,0.000000,0.245288,-0.000049,0.545337,-1.215216,0.000485,-0.298821,0.286296,0.001048,0.574447,-1.352016,0.001493,-0.108746,0.000000,0.000000,-0.000315,-0.000162,0.000655,-0.000437,0.401545,0.401545,-0.395455,-0.395455,0.470315,0.464421,-0.304207,-0.306323,0.234832,-0.234832,0.234832,-0.234832,0.224434,-0.224652,0.229364,-0.232038,0.263000,0.158291,0.000000,0.000000,0.000000
7.564000,-0.000000,0.000000,0.593700,0.000000,0.000000,0.000000,-0.000315,0.000000,0.230907,-0.000044,0.541627,-1.181549,0.000474,-0.320767,0.270280,0.001065,0.573160,-1.319005,0.001417,-0.117117,0.000000,0.000000,-0.000315,-0.000156,0.000639,-0.000448,0.401545,0.401545,-0.395455,-0.395455,0.469791,0.464042,-0.305405,-0.307700,0.234832,-0.234832,0.234832,-0.234832,0.224427,-0.224671,0.229353,-0.232059,0.264687,0.158638,0.000000,0.000000,0.000000
7.576000,-0.000000,0.000000,0.593700,0.000000,0.000000,0.000000,-0.000315,0.000000,0.216933,-0.000038,0.537633,-1.147160,0.000466,-0.344767,0.254711,0.001081,0.571832,-1.281635,0.001151,-0.122107,0.000000,0.000000,-0.000315,-0.000153,0.000615,-0.000450,0.401545,0.401545,-0.395455,-0.395455,0.469106,0.463549,-0.306646,-0.308829,0.234832,-0.234832,0.234832,-0.234832,0.224420,-0.224682,0.229344,-0.232075,0.266361,0.158959,0.000000,0.000000,0.000000
7.588000,-0.000000,0.000000,0.593700,0.000000,0.000000,0.000000,-0.000315,0.000000,0.203376,-0.000032,0.533352,-1.112167,0.000450,-0.368767,0.239590,0.001099,0.570233,-1.244134,0.001597,-0.135751,0.000000,0.000000,-0.000315,-0.000157,0.000599,-0.000449,0.401545,0.401545,-0.395455,-0.395455,0.468319,0.462977,-0.307862,-0.309942,0.234832,-0.234832,0.234832,-0.234832,0.224411,-0.224701,0.229335,-0.232088,0.268139,0.159374,0.000000,0.000000,0.000000
7.600000,-0.000000,0.000000,0.593700,0.000000,0.000000,0.000000,-0.000315,0.000000,0.190240,-0.000027,0.528783,-1.077226,0.000439,-0.392734,0.224920,0.001115,0.568577,-1.206169,0.001621,-0.143299,0.000000,0.000000,-0.000315,-0.000159,0.000604,-0.000461,0.401545,0.401545,-0.395455,-0.395455,0.467420,0.462287,-0.309020,-0.311085,0.234832,-0.234832,0.234832,-0.234832,0.224408,-0.224711,0.229327,-0.232103,0.269954,0.159815,0.000000,0.000000,0.000000
7.612000,-0.000000,0.000000,0.593700,0.000000,0.000000,0.000000,-0.000315,0.000000,0.177525,-0.000022,0.523933,-1.041960,0.000434,-0.415438,0.210693,0.001126,0.566583,-1.170758,0.001065,-0.168709,-0.000829,-0.000562,-0.000315,-0.000157,0.000612,-0.000473,0.401545,0.401545,-0.395455,-0.395455,0.466465,0.461551,-0.310157,-0.312161,0.234832,-0.234832,0.234832,-0.234832,0.224414,-0.224720,0.229324,-0.232117,0.271955,0.160331,0.000000,0.000000,0.000000
7.624000,-0.000000,0.000000,0.593700,0.000000,0.000000,0.000000,-0.000315,0.000000,0.165230,-0.000017,0.518808,-1.007162,0.000421,-0.438721,0.196928,0.001140,0.564629,-1.129788,0.001536,-0.163975,0.000000,0.000000,-0.000315,-0.000180,0.000626,-0.000466,0.401545,0.401545,-0.395455,-0.395455,0.465453,0.460681,-0.311327,-0.313390,0.234832,-0.234832,0.234832,-0.234832,0.224419,-0.224723,0.229333,-0.232117,0.273993,0.160902,0.000000,0.000000,0.000000
7.636000,-0.000000,0.000000,0.593700,0.000000,0.000000,0.000000,-0.000315,0.000000,0.153358,-0.000012,0.513420,-0.971348,0.000396,-0.458507,0.183610,0.001150,0.562467,-1.092830,0.001557,-0.177174,0.000000,0.000000,-0.000315,-0.000173,0.000653,-0.000450,0.401545,0.401545,-0.395455,-0.395455,0.464393,0.459776,-0.312735,-0.314844,0.234832,-0.234832,0.234832,-0.234832,0.224410,-0.224748,0.229333,-0.232125,0.276307,0.161492,0.000000,0.000000,0.000000
7.648000,-0.000000,0.000000,0.593700,0.000000,0.000000,0.000000,-0.000315,0.000000,0.141923,-0.000007,0.507827,-0.934460,0.000368,-0.473598,0.170723,0.001154,0.560153,-1.057849,0.001172,-0.195081,0.000000,0.000000,-0.000315,-0.000158,0.000684,-0.000434,0.401545,0.401545,-0.395455,-0.395455,0.463299,0.458780,-0.314212,-0.316363,0.234832,-0.234832,0.234832,-0.234832,0.224401,-0.224769,0.229334,-0.232133,0.278832,0.162156,0.000000,0.000000,0.000000
7.660000,-0.000000,0.000000,0.593700,0.000000,0.000000,0.000000,-0.000315,0.000000,0.130929,-0.000003,0.502064,-0.897673,0.000340,-0.487080,0.158255,0.001179,0.557689,-1.022307,0.000885,-0.209449,0.000000,0.000000,-0.000315,-0.000304,0.000660,-0.000420,0.401545,0.401545,-0.395455,-0.395455,0.462159,0.457768,-0.315834,-0.317925,0.234832,-0.234832,0.234832,-0.234832,0.224461,-0.224721,0.229403,-0.232068,0.281475,0.162808,0.000000,0.000000,0.000000
7.672000,-0.000000,0.000000,0.593700,0.000000,0.000000,0.000000,-0.000315,0.000000,0.120379,0.000001,0.496142,-0.860611,0.000314,-0.500000,0.146230,0.001165,0.554962,-0.986751,-0.002113,-0.230587,0.000000,0.000000,-0.000315,-0.000345,0.000618,-0.000405,0.401545,0.401545,-0.395455,-0.395455,0.461014,0.456691,-0.317424,-0.319492,0.234832,-0.234832,0.234832,-0.234832,0.224508,-0.224688,0.229457,-0.232022,0.284338,0.163644,0.000000,0.000000,0.000000
7.684000,-0.000000,0.000000,0.593700,0.000000,0.000000,0.000000,-0.000315,0.000000,0.110275,0.000005,0.490142,-0.823215,0.000289,-0.500000,0.134646,0.001171,0.552060,-0.950512,-0.001985,-0.247072,0.000000,0.000000,-0.000315,-0.000390,0.000617,-0.000392,0.401545,0.401545,-0.395455,-0.395455,0.459849,0.455583,-0.318881,-0.320955,0.234832,-0.234832,0.234832,-0.234832,0.224529,-0.224678,0.229486,-0.232002,0.287261,0.164494,0.000000,0.000000,0.000000
7.696000,-0.000000,0.000000,0.593700,0.000000,0.000000,0.000000,-0.000315,0.000000,0.100623,0.000008,0.484142,-0.785375,0.000267,-0.500000,0.123507,0.001192,0.549002,-0.913988,0.000805,-0.264487,0.000000,0.000000,-0.000315,-0.000434,0.000633,-0.000383,0.401545,0.401545,-0.395455,-0.395455,0.458678,0.454460,-0.320295,-0.322403,0.234832,-0.234832,0.234832,-0.234832,0.224531,-0.224688,0.229494,-0.232003,0.290239,0.165361,0.000000,0.000000,0.000000
7.706000,-0.000000,0.000000,0.593700,0.000000,0.000000,0.000000,-0.000315,0.000000,0.092928,0.000011,0.479142,-0.753604,0.000251,-0.500000,0.114578,0.001197,0.546329,-0.882561,0.002336,-0.276201,-0.000796,-0.000637,-0.000316,-0.000413,0.000662,-0.000384,0.401545,0.401545,-0.395455,-0.395455,0.457688,0.453536,-0.321464,-0.323604,0.234832,-0.234832,0.234832,-0.234832,0.224516,-0.224714,0.229480,-0.232022,0.292780,0.166127,0.000000,0.000000,0.000000
7.718000,-0.000000,0.000000,0.593700,0.000000,0.000000,0.000000,-0.000315,0.000000,0.084114,0.000013,0.473142,-0.715417,0.000236,-0.500000,0.104281,0.001182,0.542956,-0.843404,-0.000267,-0.285532,-0.000789,-0.000680,-0.000316,-0.000389,0.000692,-0.000384,0.401545,0.401545,-0.395455,-0.395455,0.456533,0.452441,-0.322764,-0.324971,0.234832,-0.234832,0.234832,-0.234832,0.224534,-0.224714,0.229494,-0.232015,0.295858,0.167180,0.000000,0.000000,0.000000
7.730000,-0.000000,0.000000,0.593700,0.000000,0.000000,0.000000,-0.000315,0.000000,0.075759,0.000016,0.467142,-0.677046,0.000223,-0.500000,0.094446,0.001181,0.539484,-0.803387,-0.000402,-0.292877,0.000000,0.000000,-0.000315,-0.000376,0.000742,-0.000384,0.401545,0.401545,-0.395455,-0.395455,0.455388,0.451320,-0.323927,-0.326284,0.234832,-0.234832,0.234832,-0.234832,0.224540,-0.224728,0.229495,-0.232023,0.298960,0.168272,0.000000,0.000000,0.000000
7.742000,-0.000000,0.000000,0.593700,0.000000,0.000000,0.000000,-0.000315,0.000000,0.067868,0.000019,0.461142,-0.638061,0.000211,-0.500000,0.085083,0.001183,0.535829,-0.765504,-0.000233,-0.309331,0.000000,0.000000,-0.000315,-0.000348,0.000813,-0.000397,0.401545,0.401545,-0.395455,-0.395455,0.454213,0.450186,-0.325055,-0.327471,0.234832,-0.234832,0.234832,-0.234832,0.224536,-0.224748,0.229482,-0.232047,0.302217,0.169407,0.000000,0.000000,0.000000
7.754000,-0.000000,0.000000,0.593700,0.000000,0.000000,0.000000,-0.000315,0.000000,0.060446,0.000021,0.455142,-0.598974,0.000200,-0.500000,0.076194,0.001186,0.532074,-0.725856,0.000184,-0.315089,0.000000,0.000000,-0.000315,-0.000301,0.000903,-0.000407,0.401545,0.401545,-0.395455,-0.395455,0.453011,0.449096,-0.326168,-0.328673,0.234832,-0.234832,0.234832,-0.234832,0.224518,-0.224781,0.229460,-0.232077,0.305515,0.170573,0.000000,0.000000,0.000000
7.766000,-0.000000,0.000000,0.593700,0.000000,0.000000,0.000000,-0.000315,0.000000,0.053494,0.000024,0.450000,-0.559567,0.000191,-0.500000,0.067779,0.001184,0.528194,-0.684890,0.000144,-0.328386,0.000000,0.000000,-0.000315,-0.000256,0.000992,-0.000413,0.401545,0.401545,-0.395455,-0.395455,0.451869,0.447987,-0.327259,-0.329900,0.234832,-0.234832,0.234832,-0.234832,0.224514,-0.224810,0.229441,-0.232105,0.308848,0.171834,0.000000,0.000000,0.000000
7.778000,-0.000000,0.000000,0.593700,0.000000,0.000000,0.000000,-0.000315,0.000000,0.047015,0.000026,0.450000,-0.520487,0.000179,-0.500000,0.059848,0.001183,0.524227,-0.644485,-0.000901,-0.327305,0.000000,0.000000,-0.000315,-0.000282,0.001056,-0.000424,0.401545,0.401545,-0.395455,-0.395455,0.450713,0.446839,-0.328396,-0.330972,0.234832,-0.234832,0.234832,-0.234832,0.224543,-0.224795,0.229461,-0.232093,0.312364,0.173135,0.000000,0.000000,0.000000
7.790000,-0.000000,0.000000,0.593700,0.000000,0.000000,0.000000,-0.000315,0.000000,0.040990,0.000028,0.450000,-0.484400,0.000168,-0.500000,0.052433,0.001185,0.520298,-0.601670,0.000071,-0.317803,0.000000,0.000000,-0.000315,-0.000250,0.001185,-0.000434,0.401545,0.401545,-0.395455,-0.395455,0.449594,0.445797,-0.329613,-0.332117,0.234832,-0.234832,0.234832,-0.234832,0.224537,-0.224823,0.229446,-0.232116,0.315931,0.174429,0.000000,0.000000,0.000000
7.802000,-0.000000,0.000000,0.593700,0.000000,0.000000,0.000000,-0.000315,0.000000,0.035379,0.000030,0.450000,-0.450905,0.000161,-0.500000,0.045528,0.001185,0.516529,-0.558185,0.000101,-0.305707,0.000000,0.000000,-0.000315,-0.000223,0.001337,-0.000452,0.401545,0.401545,-0.395455,-0.395455,0.448542,0.444799,-0.330760,-0.333296,0.234832,-0.234832,0.234832,-0.234832,0.224544,-0.224841,0.229433,-0.232137,0.319380,0.175710,0.000000,0.000000,0.000000
7.814000,-0.000000,0.000000,0.593700,0.000000,0.000000,0.000000,-0.000315,0.000000,0.030164,0.000032,0.450000,-0.418374,0.000151,-0.500000,0.039140,0.001188,0.512964,-0.515483,0.000205,-0.283143,0.000000,0.000000,-0.000315,-0.000205,0.001479,-0.000457,0.401545,0.401545,-0.395455,-0.395455,0.447447,0.443865,-0.332091,-0.334495,0.234832,-0.234832,0.234832,-0.234832,0.224539,-0.224861,0.229427,-0.232152,0.322949,0.176905,0.000000,0.000000,0.000000
7.826000,-0.000000,0.000000,0.593700,0.000000,0.000000,0.000000,-0.000315,0.000000,0.025340,0.000033,0.450000,-0.385369,0.000139,-0.500000,0.033238,0.001177,0.509652,-0.474621,-0.001498,-0.270901,0.000579,-0.000940,-0.000315,-0.000158,0.001575,-0.000463,0.401545,0.401545,-0.395455,-0.395455,0.446360,0.442778,-0.333496,-0.335964,0.234832,-0.234832,0.234832,-0.234832,0.224544,-0.224873,0.229419,-0.232167,0.326477,0.178099,0.000000,0.000000,0.000000
7.838000,-0.000000,0.000000,0.593700,0.000000,0.000000,0.000000,-0.000315,0.000000,0.020919,0.000035,0.450000,-0.351554,0.000124,-0.499828,0.027787,0.001186,0.506426,-0.438876,0.001221,-0.254374,0.000000,0.000000,-0.000315,-0.000059,0.001484,-0.000458,0.401545,0.401545,-0.395455,-0.395455,0.445232,0.441752,-0.335098,-0.337444,0.234832,-0.234832,0.234832,-0.234832,0.224484,-0.224949,0.229364,-0.232231,0.330175,0.179196,0.000000,0.000000,0.000000
7.850000,-0.000000,0.000000,0.593700,0.000000,0.000000,0.000000,-0.000315,0.000000,0.016902,0.000036,0.450000,-0.317846,0.000111,-0.493602,0.022798,0.001182,0.503494,-0.401107,-0.000506,-0.239407,0.000000,0.000000,-0.000315,-0.000066,0.001521,-0.000476,0.401545,0.401545,-0.395455,-0.395455,0.443995,0.440560,-0.336678,-0.339052,0.234832,-0.234832,0.234832,-0.234832,0.224511,-0.224934,0.229373,-0.232229,0.333766,0.180255,0.000000,0.000000,0.000000
7.862000,-0.000000,0.000000,0.593700,0.000000,0.000000,0.000000,-0.000315,0.000000,0.013295,0.000038,0.450000,-0.283176,0.000096,-0.479992,0.018225,0.001181,0.500608,-0.368097,-0.000272,-0.229703,0.000000,0.000000,-0.000315,-0.000077,0.001591,-0.000466,0.401545,0.401545,-0.395455,-0.395455,0.442809,0.439462,-0.338429,-0.340754,0.234832,-0.234832,0.234832,-0.234832,0.224523,-0.224941,0.229389,-0.232220,0.337520,0.181297,0.000000,0.000000,0.000000
7.874000,-0.000000,0.000000,0.593700,0.000000,0.000000,0.000000,-0.000315,0.000000,0.010105,0.000039,0.450000,-0.248331,0.000080,-0.465083,0.014050,0.001198,0.498022,-0.333901,0.000441,-0.212387,-0.001108,-0.001039,-0.000316,-0.000240,0.001569,-0.000482,0.401545,0.401545,-0.395455,-0.395455,0.441514,0.438395,-0.340043,-0.342347,0.234832,-0.234832,0.234832,-0.234832,0.224593,-0.224880,0.229455,-0.232159,0.340956,0.182190,0.000000,0.000000,0.000000
7.886000,-0.000000,0.000000,0.593700,0.000000,0.000000,0.000000,-0.000315,0.000000,0.007338,0.000040,0.450000,-0.212881,0.000068,-0.450723,0.010297,0.001185,0.495535,-0.298481,-0.001030,-0.203479,-0.000691,-0.001071,-0.000316,-0.000398,0.001408,-0.000497,0.401545,0.401545,-0.395455,-0.395455,0.440386,0.437209,-0.341752,-0.344139,0.234832,-0.234832,0.234832,-0.234832,0.224705,-0.224780,0.229545,-0.232075,0.344459,0.183158,0.000000,0.000000,0.000000
7.898000,-0.000000,0.000000,0.593700,0.000000,0.000000,0.000000,-0.000315,0.000000,0.004992,0.000040,0.450000,-0.178419,0.000051,-0.432442,0.006961,0.001177,0.493114,-0.265826,-0.000785,-0.191944,-0.000815,-0.000970,-0.000316,-0.000503,0.001275,-0.000476,0.401545,0.401545,-0.395455,-0.395455,0.439258,0.436156,-0.343504,-0.345820,0.234832,-0.234832,0.234832,-0.234832,0.224764,-0.224735,0.229618,-0.232009,0.348038,0.184065,0.000000,0.000000,0.000000
7.910000,-0.000000,0.000000,0.593700,0.000000,0.000000,0.000000,-0.000315,0.000000,0.003055,0.000041,0.450000,-0.144250,0.000033,-0.412365,0.004040,0.001169,0.490940,-0.230444,-0.000607,-0.177731,-0.000961,-0.000905,-0.000316,-0.000597,0.001200,-0.000471,0.401545,0.401545,-0.395455,-0.395455,0.437987,0.435122,-0.345091,-0.347362,0.234832,-0.234832,0.234832,-0.234832,0.224819,-0.224689,0.229679,-0.231952,0.351281,0.184875,0.000000,0.000000,0.000000
7.922000,-0.000000,0.000000,0.593700,0.000000,0.000000,0.000000,-0.000315,0.000000,0.001528,0.000041,0.450000,-0.110362,0.000018,-0.390601,0.001530,0.001156,0.488848,-0.195972,-0.001241,-0.170371,-0.000816,-0.000858,-0.000316,-0.000681,0.001156,-0.000504,0.401545,0.401545,-0.395455,-0.395455,0.436831,0.433980,-0.346709,-0.349044,0.234832,-0.234832,0.234832,-0.234832,0.224892,-0.224625,0.229731,-0.231905,0.354537,0.185698,0.000000,0.000000,0.000000
7.934000,-0.000000,0.000000,0.593700,0.000000,0.000000,0.000000,-0.000315,0.000000,0.000404,0.000041,0.450000,-0.076934,0.000004,-0.366648,-0.000578,0.001139,0.486835,-0.163774,-0.001331,-0.163568,-0.000763,-0.000706,-0.000316,-0.000722,0.001145,-0.000505,0.401545,0.401545,-0.395455,-0.395455,0.435794,0.432769,-0.348505,-0.350667,0.234832,-0.234832,0.234832,-0.234832,0.224939,-0.224587,0.229767,-0.231873,0.357894,0.186492,0.000000,0.000000,0.000000
7.946000,-0.000000,0.000000,0.593700,0.000000,0.000000,0.000000,-0.000315,0.000000,-0.000317,0.000041,0.450000,-0.043217,-0.000013,-0.342648,-0.002284,0.001110,0.484967,-0.130655,-0.001642,-0.150616,0.000000,0.000000,-0.000315,-0.000630,0.001226,-0.000468,0.401545,0.401545,-0.395455,-0.395455,0.434703,0.431753,-0.350181,-0.352227,0.234832,-0.234832,0.234832,-0.234832,0.224917,-0.224619,0.229767,-0.231877,0.361069,0.187263,0.000000,0.000000,0.000000
7.956000,-0.000000,0.000000,0.593700,0.000000,0.000000,0.000000,-0.000315,0.000000,-0.000610,0.000041,0.450000,-0.016799,-0.000026,-0.322648,-0.003404,0.001099,0.483520,-0.102786,-0.001094,-0.142953,0.000000,0.000000,-0.000315,-0.000536,0.001366,-0.000447,0.401545,0.401545,-0.395455,-0.395455,0.433709,0.430969,-0.351497,-0.353448,0.234832,-0.234832,0.234832,-0.234832,0.224877,-0.224666,0.229742,-0.231905,0.363534,0.187830,0.000000,0.000000,0.000000
7.968000,-0.000000,0.000000,0.593700,0.000000,0.000000,0.000000,-0.000315,0.000000,-0.000715,0.000041,0.450000,-0.003480,-0.000032,-0.298648,-0.004399,0.001087,0.481867,-0.070839,-0.000898,-0.134850,-0.000790,-0.000616,-0.000316,-0.000446,0.001502,-0.000434,0.401545,0.401545,-0.395455,-0.395455,0.432397,0.430005,-0.352982,-0.354952,0.234832,-0.234832,0.234832,-0.234832,0.224842,-0.224709,0.229717,-0.231933,0.366396,0.188471,0.000000,0.000000,0.000000
7.980000,-0.000000,0.000000,0.593700,0.000000,0.000000,0.000000,-0.000315,0.000000,-0.000733,0.000040,0.450000,-0.000287,-0.000033,-0.274648,-0.005078,0.001093,0.480294,-0.045477,-0.000691,-0.127075,-0.000817,-0.000629,-0.000316,-0.000559,0.001456,-0.000445,0.401545,0.401545,-0.395455,-0.395455,0.431046,0.428938,-0.354624,-0.356700,0.234832,-0.234832,0.234832,-0.234832,0.224897,-0.224662,0.229767,-0.231888,0.369346,0.189073,0.000000,0.000000,0.000000
7.992000,-0.000000,0.000000,0.593700,0.000000,0.000000,0.000000,-0.000315,0.000000,-0.000731,0.000040,0.450000,0.000420,-0.000033,-0.250648,-0.005501,0.001082,0.478818,-0.027292,-0.000940,-0.118785,-0.000859,-0.000528,-0.000316,-0.000634,0.001301,-0.000462,0.401545,0.401545,-0.395455,-0.395455,0.429721,0.427655,-0.356632,-0.358629,0.234832,-0.234832,0.234832,-0.234832,0.224954,-0.224612,0.229811,-0.231847,0.372581,0.189663,0.000000,0.000000,0.000000
8.002000,-0.000000,0.000000,0.593700,0.000000,0.000000,0.000000,-0.000315,0.000000,-0.000726,0.000040,0.450000,0.000559,-0.000033,-0.230648,-0.005707,0.001056,0.477676,-0.016443,-0.001696,-0.110629,0.000000,0.000000,-0.000315,-0.000555,0.001211,-0.000480,0.401545,0.401545,-0.395455,-0.395455,0.428613,0.426389,-0.358435,-0.360319,0.234832,-0.234832,0.234832,-0.234832,0.224955,-0.224616,0.229799,-0.231863,0.375388,0.190170,0.000000,0.000000,0.000000
8.014000,-0.000000,0.000000,0.593700,0.000000,0.000000,0.000000,-0.000315,0.000000,-0.000719,0.000039,0.450000,0.000598,-0.000033,-0.206648,-0.005841,0.001040,0.476397,-0.008137,-0.001312,-0.103627,0.000000,0.000000,-0.000315,-0.000454,0.001162,-0.000489,0.401545,0.401545,-0.395455,-0.395455,0.427276,0.424748,-0.360632,-0.362355,0.234832,-0.234832,0.234832,-0.234832,0.224931,-0.224647,0.229764,-0.231902,0.378685,0.190698,0.000000,0.000000,0.000000
8.024000,-0.000000,0.000000,0.593700,0.000000,0.000000,0.000000,-0.000315,0.000000,-0.000713,0.000039,0.450000,0.000601,-0.000033,-0.186648,-0.005885,0.001029,0.475408,-0.003364,-0.001205,-0.096990,0.000000,0.000000,-0.000315,-0.000389,0.001120,-0.000477,0.401545,0.401545,-0.395455,-0.395455,0.426121,0.423432,-0.362409,-0.363995,0.234832,-0.234832,0.234832,-0.234832,0.224912,-0.224673,0.229750,-0.231918,0.381304,0.191105,0.000000,0.000000,0.000000
8.036000,-0.000000,0.000000,0.593700,0.000000,0.000000,0.000000,-0.000315,0.000000,-0.000706,0.000038,0.450000,0.000598,-0.000032,-0.162648,-0.005878,0.001015,0.474293,0.001267,-0.001114,-0.091200,0.000000,0.000000,-0.000315,-0.000328,0.001064,-0.000458,0.401545,0.401545,-0.395455,-0.395455,0.424667,0.421963,-0.364410,-0.365892,0.234832,-0.234832,0.234832,-0.234832,0.224893,-0.224697,0.229742,-0.231929,0.384291,0.191563,0.000000,0.000000,0.000000
8.048000,-0.000000,0.000000,0.593700,0.000000,0.000000,0.000000,-0.000315,0.000000,-0.000699,0.000038,0.450000,0.000592,-0.000032,-0.138648,-0.005823,0.001003,0.473238,0.004898,-0.001016,-0.085988,0.000000,0.000000,-0.000315,-0.000282,0.001007,-0.000427,0.401545,0.401545,-0.395455,-0.395455,0.423146,0.420640,-0.366313,-0.367813,0.234832,-0.234832,0.234832,-0.234832,0.224876,-0.224720,0.229745,-0.231929,0.387203,0.191999,0.000000,0.000000,0.000000
8.060000,-0.000000,0.000000,0.593700,0.000000,0.000000,0.000000,-0.000315,0.000000,-0.000692,0.000038,0.450000,0.000587,-0.000032,-0.114648,-0.005740,0.000991,0.472253,0.006916,-0.000887,-0.080562,0.000000,0.000000,-0.000315,-0.000248,0.000957,-0.000399,0.401545,0.401545,-0.395455,-0.395455,0.421574,0.419476,-0.368211,-0.369787,0.234832,-0.234832,0.234832,-0.234832,0.224862,-0.224737,0.229752,-0.231925,0.390091,0.192410,0.000000,0.000000,0.000000
8.072000,-0.000000,0.000000,0.593700,0.000000,0.000000,0.000000,-0.000315,0.000000,-0.000685,0.000037,0.450000,0.000581,-0.000031,-0.090648,-0.005644,0.000981,0.471330,0.007764,-0.000782,-0.075797,0.000000,0.000000,-0.000315,-0.000221,0.000919,-0.000378,0.401545,0.401545,-0.395455,-0.395455,0.419970,0.418432,-0.370134,-0.371800,0.234832,-0.234832,0.234832,-0.234832,0.224854,-0.224749,0.229759,-0.231920,0.392958,0.192792,0.000000,0.000000,0.000000
8.084000,-0.000000,0.000000,0.593700,0.000000,0.000000,0.000000,-0.000315,0.000000,-0.000678,0.000037,0.450000,0.000575,-0.000031,-0.066648,-0.005546,0.000973,0.470422,0.006661,-0.000715,-0.073787,0.000000,0.000000,-0.000315,-0.000203,0.000896,-0.000366,0.401545,0.401545,-0.395455,-0.395455,0.418450,0.417454,-0.372071,-0.373663,0.234832,-0.234832,0.234832,-0.234832,0.224852,-0.224757,0.229765,-0.231915,0.395782,0.193162,0.000000,0.000000,0.000000
8.096000,-0.000000,0.000000,0.593700,0.000000,0.000000,0.000000,-0.000315,0.000000,-0.000671,0.000037,0.450000,0.000569,-0.000031,-0.042648,-0.005447,0.000964,0.469568,0.006070,-0.000675,-0.068686,0.000000,0.000000,-0.000315,-0.000186,0.000887,-0.000371,0.401545,0.401545,-0.395455,-0.395455,0.417128,0.416522,-0.373830,-0.375291,0.234832,-0.234832,0.234832,-0.234832,0.224857,-0.224757,0.229767,-0.231916,0.398376,0.193526,0.000000,0.000000,0.000000
8.108000,-0.000000,0.000000,0.593700,0.000000,0.000000,0.000000,-0.000315,0.000000,-0.000664,0.000036,0.450000,0.000563,-0.000030,-0.018648,-0.005343,0.000956,0.468786,0.006565,-0.000681,-0.063889,0.000000,0.000000,-0.000315,-0.000170,0.000882,-0.000383,0.401545,0.401545,-0.395455,-0.395455,0.415999,0.415620,-0.375369,-0.376685,0.234832,-0.234832,0.234832,-0.234832,0.224864,-0.224754,0.229766,-0.231919,0.400663,0.193857,0.000000,0.000000,0.000000
8.120000,-0.000000,0.000000,0.593700,0.000000,0.000000,0.000000,-0.000315,0.000000,-0.000658,0.000036,0.450007,0.000558,-0.000030,0.005352,-0.005230,0.000948,0.468057,0.007357,-0.000721,-0.059922,0.000000,0.000000,-0.000315,-0.000156,0.000874,-0.000396,0.401545,0.401545,-0.395455,-0.395455,0.415043,0.414735,-0.376703,-0.377872,0.234832,-0.234832,0.234832,-0.234832,0.224873,-0.224749,0.229766,-0.231921,0.402682,0.194167,0.000000,0.000000,0.000000
8.132000,-0.000000,0.000000,0.593700,0.000000,0.000000,0.000000,-0.000315,0.000000,-0.000651,0.000035,0.450215,0.000552,-0.000030,0.029352,-0.005111,0.000939,0.467372,0.008048,-0.000780,-0.056256,0.000000,0.000000,-0.000315,-0.000144,0.000863,-0.000408,0.401545,0.401545,-0.395455,-0.395455,0.414235,0.413860,-0.377851,-0.378881,0.234832,-0.234832,0.234832,-0.234832,0.224883,-0.224742,0.229767,-0.231922,0.404467,0.194460,0.000000,0.000000,0.000000
8.144000,-0.000000,0.000000,0.593700,0.000000,0.000000,0.000000,-0.000315,0.000000,-0.000644,0.000035,0.450711,0.000546,-0.000029,0.053352,-0.004988,0.000930,0.466732,0.008501,-0.000848,-0.052049,0.000000,0.000000,-0.000315,-0.000133,0.000851,-0.000420,0.401545,0.401545,-0.395455,-0.395455,0.413553,0.412994,-0.378834,-0.379737,0.234832,-0.234832,0.234832,-0.234832,0.224894,-0.224734,0.229769,-0.231921,0.406044,0.194737,0.000000,0.000000,0.000000
8.156000,-0.000000,0.000000,0.593700,0.000000,0.000000,0.000000,-0.000315,0.000000,-0.000638,0.000035,0.451495,0.000541,-0.000029,0.077352,-0.004865,0.000919,0.466145,0.008712,-0.000919,-0.047039,0.000000,0.000000,-0.000315,-0.000123,0.000841,-0.000432,0.401545,0.401545,-0.395455,-0.395455,0.412979,0.412138,-0.379672,-0.380463,0.234832,-0.234832,0.234832,-0.234832,0.224907,-0.224724,0.229772,-0.231918,0.407428,0.194994,0.000000,0.000000,0.000000
8.168000,-0.000000,0.000000,0.593700,0.000000,0.000000,0.000000,-0.000315,0.000000,-0.000631,0.000034,0.452568,0.000535,-0.000029,0.101352,-0.004743,0.000908,0.465619,0.008768,-0.000991,-0.041131,0.000000,0.000000,-0.000315,-0.000114,0.000834,-0.000444,0.401545,0.401545,-0.395455,-0.395455,0.412496,0.411298,-0.380384,-0.381101,0.234832,-0.234832,0.234832,-0.234832,0.224921,-0.224712,0.229777,-0.231914,0.408644,0.195227,0.000000,0.000000,0.000000
8.180000,-0.000000,0.000000,0.593700,0.000000,0.000000,0.000000,-0.000315,0.000000,-0.000625,0.000034,0.453928,0.000530,-0.000029,0.125352,-0.004625,0.000896,0.465170,0.008612,-0.001072,-0.034135,0.000000,0.000000,-0.000315,-0.000106,0.000830,-0.000454,0.401545,0.401545,-0.395455,-0.395455,0.412092,0.410476,-0.380990,-0.381693,0.234832,-0.234832,0.234832,-0.234832,0.224935,-0.224699,0.229784,-0.231909,0.409713,0.195429,0.000000,0.000000,0.000000
8.192000,-0.000000,0.000000,0.593700,0.000000,0.000000,0.000000,-0.000315,0.000000,-0.000619,0.000034,0.455576,0.000524,-0.000028,0.149352,-0.004514,0.000884,0.464802,0.008038,-0.001092,-0.026413,0.000000,0.000000,-0.000315,-0.000099,0.000828,-0.000457,0.401545,0.401545,-0.395455,-0.395455,0.411758,0.409730,-0.381533,-0.382257,0.234832,-0.234832,0.234832,-0.234832,0.224949,-0.224687,0.229794,-0.231899,0.410653,0.195598,0.000000,0.000000,0.000000
8.204000,-0.000000,0.000000,0.593700,0.000000,0.000000,0.000000,-0.000315,0.000000,-0.000612,0.000033,0.457512,0.000519,-0.000028,0.173352,-0.004411,0.000870,0.464542,0.007487,-0.001115,-0.017101,0.000000,0.000000,-0.000315,-0.000095,0.000828,-0.000456,0.401545,0.401545,-0.395455,-0.395455,0.411484,0.409097,-0.382035,-0.382797,0.234832,-0.234832,0.234832,-0.234832,0.224962,-0.224676,0.229807,-0.231886,0.411461,0.195722,0.000000,0.000000,0.000000
8.216000,-0.000000,0.000000,0.593700,0.000000,0.000000,0.000000,-0.000315,0.000000,-0.000606,0.000033,0.459727,0.000514,-0.000028,0.193244,-0.004315,0.000857,0.464400,0.006977,-0.001124,-0.007081,0.000000,0.000000,-0.000315,-0.000091,0.000827,-0.000454,0.401545,0.401545,-0.395455,-0.395455,0.411262,0.408570,-0.382509,-0.383315,0.234832,-0.234832,0.234832,-0.234832,0.224975,-0.224663,0.229822,-0.231872,0.412139,0.195798,0.000000,0.000000,0.000000
8.226000,-0.000000,0.000000,0.593700,0.000000,0.000000,0.000000,-0.000315,0.000000,-0.000601,0.000033,0.461687,0.000510,-0.000028,0.197573,-0.004241,0.000846,0.464377,0.006561,-0.001121,0.001647,0.000000,0.000000,-0.000315,-0.000089,0.000827,-0.000454,0.401545,0.401545,-0.395455,-0.395455,0.411111,0.408205,-0.382887,-0.383731,0.234832,-0.234832,0.234832,-0.234832,0.224987,-0.224652,0.229834,-0.231860,0.412602,0.195822,0.000000,0.000000,0.000000
8.238000,-0.000000,0.000000,0.593700,0.000000,0.000000,0.000000,-0.000315,0.000000,-0.000595,0.000032,0.464059,0.000504,-0.000027,0.197406,-0.004158,0.000833,0.464465,0.006088,-0.001108,0.012101,0.000000,0.000000,-0.000315,-0.000087,0.000827,-0.000455,0.401545,0.401545,-0.395455,-0.395455,0.410963,0.407842,-0.383321,-0.384214,0.234832,-0.234832,0.234832,-0.234832,0.225001,-0.224637,0.229848,-0.231845,0.413036,0.195803,0.000000,0.000000,0.000000
8.250000,-0.000000,0.000000,0.593700,0.000000,0.000000,0.000000,-0.000315,0.000000,-0.000589,0.000032,0.466418,0.000499,-0.000027,0.195613,-0.004082,0.000819,0.464677,0.005651,-0.001089,0.022195,0.000000,0.000000,-0.000315,-0.000085,0.000827,-0.000455,0.401545,0.401545,-0.395455,-0.395455,0.410845,0.407550,-0.383739,-0.384680,0.234832,-0.234832,0.234832,-0.234832,0.225015,-0.224621,0.229862,-0.231831,0.413341,0.195732,0.000000,0.000000,0.000000
8.262000,-0.000000,0.000000,0.593700,0.000000,0.000000,0.000000,-0.000315,0.000000,-0.000583,0.000032,0.468752,0.000494,-0.000027,0.193426,-0.004012,0.000806,0.465009,0.005241,-0.001064,0.031755,0.000000,0.000000,-0.000315,-0.000084,0.000825,-0.000455,0.401545,0.401545,-0.395455,-0.395455,0.410751,0.407314,-0.384144,-0.385132,0.234832,-0.234832,0.234832,-0.234832,0.225029,-0.224606,0.229876,-0.231816,0.413525,0.195611,0.000000,0.000000,0.000000
8.274000,-0.000000,0.000000,0.593700,0.000000,0.000000,0.000000,-0.000315,0.000000,-0.000577,0.000031,0.471060,0.000489,-0.000026,0.191160,-0.003948,0.000794,0.465452,0.004840,-0.001038,0.040717,0.000000,0.000000,-0.000315,-0.000083,0.000823,-0.000455,0.401545,0.401545,-0.395455,-0.395455,0.410676,0.407123,-0.384538,-0.385572,0.234832,-0.234832,0.234832,-0.234832,0.225042,-0.224590,0.229889,-0.231801,0.413596,0.195442,0.000000,0.000000,0.000000
8.286000,-0.000000,0.000000,0.593700,0.000000,0.000000,0.000000,-0.000315,0.000000,-0.000571,0.000031,0.473340,0.000484,-0.000026,0.188894,-0.003889,0.000781,0.466000,0.004458,-0.001009,0.049069,0.000000,0.000000,-0.000315,-0.000082,0.000821,-0.000454,0.401545,0.401545,-0.395455,-0.395455,0.410617,0.406970,-0.384922,-0.386000,0.234832,-0.234832,0.234832,-0.234832,0.225054,-0.224575,0.229903,-0.231786,0.413562,0.195230,0.000000,0.000000,0.000000
8.298000,-0.000000,0.000000,0.593700,0.000000,0.000000,0.000000,-0.000315,0.000000,-0.000566,0.000031,0.475594,0.000479,-0.000026,0.186648,-0.003835,0.000769,0.466645,0.004099,-0.000980,0.056828,0.000000,0.000000,-0.000315,-0.000081,0.000819,-0.000454,0.401545,0.401545,-0.395455,-0.395455,0.410570,0.406846,-0.385296,-0.386417,0.234832,-0.234832,0.234832,-0.234832,0.225066,-0.224559,0.229915,-0.231772,0.413430,0.194977,0.000000,0.000000,0.000000
8.310000,-0.000000,0.000000,0.593700,0.000000,0.000000,0.000000,-0.000315,0.000000,-0.000560,0.000031,0.477820,0.000475,-0.000026,0.184427,-0.003786,0.000758,0.467380,0.003763,-0.000951,0.064024,0.000000,0.000000,-0.000315,-0.000081,0.000817,-0.000454,0.401545,0.401545,-0.395455,-0.395455,0.410533,0.406746,-0.385662,-0.386825,0.234832,-0.234832,0.234832,-0.234832,0.225077,-0.224544,0.229928,-0.231757,0.413208,0.194687,0.000000,0.000000,0.000000
8.322000,-0.000000,0.000000,0.593700,0.000000,0.000000,0.000000,-0.000315,0.000000,-0.000554,0.000030,0.480020,0.000470,-0.000025,0.182232,-0.003741,0.000746,0.468198,0.003451,-0.000921,0.070692,0.000000,0.000000,-0.000315,-0.000080,0.000815,-0.000453,0.401545,0.401545,-0.395455,-0.395455,0.410503,0.406665,-0.386019,-0.387223,0.234832,-0.234832,0.234832,-0.234832,0.225087,-0.224529,0.229940,-0.231743,0.412904,0.194363,0.000000,0.000000,0.000000
8.334000,-0.000000,0.000000,0.593700,0.000000,0.000000,0.000000,-0.000315,0.000000,-0.000549,0.000030,0.482194,0.000465,-0.000025,0.180064,-0.003700,0.000735,0.469094,0.003160,-0.000892,0.076865,0.000000,0.000000,-0.000315,-0.000080,0.000813,-0.000453,0.401545,0.401545,-0.395455,-0.395455,0.410480,0.406599,-0.386370,-0.387614,0.234832,-0.234832,0.234832,-0.234832,0.225098,-0.224513,0.229951,-0.231730,0.412524,0.194007,0.000000,0.000000,0.000000
8.346000,-0.000000,0.000000,0.593700,0.000000,0.000000,0.000000,-0.000315,0.000000,-0.000543,0.000030,0.484342,0.000460,-0.000025,0.177921,-0.003663,0.000725,0.470060,0.002889,-0.000864,0.082573,0.000000,0.000000,-0.000315,-0.000079,0.000811,-0.000453,0.401545,0.401545,-0.395455,-0.395455,0.410461,0.406545,-0.386714,-0.387996,0.234832,-0.234832,0.234832,-0.234832,0.225107,-0.224498,0.229962,-0.231716,0.412074,0.193623,0.000000,0.000000,0.000000
8.358000,-0.000000,0.000000,0.593700,0.000000,0.000000,0.000000,-0.000315,0.000000,-0.000538,0.000029,0.486464,0.000456,-0.000025,0.175803,-0.003629,0.000715,0.471092,0.002637,-0.000836,0.087845,0.000000,0.000000,-0.000315,-0.000079,0.000810,-0.000453,0.401545,0.401545,-0.395455,-0.395455,0.410445,0.406500,-0.387051,-0.388372,0.234832,-0.234832,0.234832,-0.234832,0.225116,-0.224483,0.229972,-0.231703,0.411560,0.193213,0.000000,0.000000,0.000000
8.370000,-0.000000,0.000000,0.593700,0.000000,0.000000,0.000000,-0.000315,0.000000,-0.000532,0.000029,0.488561,0.000451,-0.000024,0.173711,-0.003598,0.000705,0.472183,0.002339,-0.000803,0.092498,0.000000,0.000000,-0.000315,-0.000078,0.000808,-0.000452,0.401545,0.401545,-0.395455,-0.395455,0.410433,0.406464,-0.387384,-0.388733,0.234832,-0.234832,0.234832,-0.234832,0.225124,-0.224469,0.229982,-0.231691,0.410991,0.192779,0.000000,0.000000,0.000000
8.382000,-0.000000,0.000000,0.593700,0.000000,0.000000,0.000000,-0.000315,0.000000,-0.000527,0.000029,0.490633,0.000446,-0.000024,0.171643,-0.003570,0.000695,0.473328,0.002112,-0.000769,0.097086,0.000000,0.000000,-0.000315,-0.000078,0.000808,-0.000450,0.401545,0.401545,-0.395455,-0.395455,0.410423,0.406432,-0.387711,-0.389048,0.234832,-0.234832,0.234832,-0.234832,0.225132,-0.224455,0.229993,-0.231678,0.410352,0.192323,0.000000,0.000000,0.000000
8.394000,-0.000000,0.000000,0.593700,0.000000,0.000000,0.000000,-0.000315,0.000000,-0.000521,0.000028,0.492680,0.000442,-0.000024,0.169601,-0.003543,0.000686,0.474527,0.002004,-0.000734,0.101302,0.000000,0.000000,-0.000315,-0.000078,0.000806,-0.000446,0.401545,0.401545,-0.395455,-0.395455,0.410414,0.406404,-0.388033,-0.389318,0.234832,-0.234832,0.234832,-0.234832,0.225138,-0.224442,0.230003,-0.231664,0.409643,0.191847,0.000000,0.000000,0.000000
8.406000,-0.000000,0.000000,0.593700,0.000000,0.000000,0.000000,-0.000315,0.000000,-0.000516,0.000028,0.494703,0.000437,-0.000024,0.167582,-0.003518,0.000677,0.475774,0.001946,-0.000697,0.105143,0.000000,0.000000,-0.000315,-0.000078,0.000804,-0.000442,0.401545,0.401545,-0.395455,-0.395455,0.410405,0.406378,-0.388353,-0.389550,0.234832,-0.234832,0.234832,-0.234832,0.225144,-0.224429,0.230013,-0.231651,0.408873,0.191353,0.000000,0.000000,0.000000
8.418000,-0.000000,0.000000,0.593700,0.000000,0.000000,0.000000,-0.000315,0.000000,-0.000511,0.000028,0.496702,0.000433,-0.000023,0.165588,-0.003493,0.000669,0.477064,0.001856,-0.000664,0.108485,0.000000,0.000000,-0.000315,-0.000079,0.000801,-0.000438,0.401545,0.401545,-0.395455,-0.395455,0.410395,0.406353,-0.388667,-0.389748,0.234832,-0.234832,0.234832,-0.234832,0.225149,-0.224417,0.230022,-0.231639,0.408050,0.190844,0.000000,0.000000,0.000000
8.430000,-0.000000,0.000000,0.593700,0.000000,0.000000,0.000000,-0.000315,0.000000,-0.000506,0.000028,0.498678,0.000429,-0.000023,0.163617,-0.003469,0.000661,0.478391,0.001777,-0.000631,0.111712,0.000000,0.000000,-0.000315,-0.000079,0.000798,-0.000436,0.401545,0.401545,-0.395455,-0.395455,0.410384,0.406328,-0.388949,-0.389918,0.234832,-0.234832,0.234832,-0.234832,0.225154,-0.224404,0.230031,-0.231628,0.407172,0.190325,0.000000,0.000000,0.000000
8.442000,-0.000000,0.000000,0.593700,0.000000,0.000000,0.000000,-0.000315,0.000000,-0.000501,0.000027,0.500629,0.000424,-0.000023,0.161670,-0.003445,0.000654,0.479757,0.001795,-0.000601,0.114698,0.000000,0.000000,-0.000315,-0.000079,0.000794,-0.000436,0.401545,0.401545,-0.395455,-0.395455,0.410371,0.406304,-0.389195,-0.390063,0.234832,-0.234832,0.234832,-0.234832,0.225159,-0.224391,0.230038,-0.231617,0.406232,0.189792,0.000000,0.000000,0.000000
8.454000,-0.000000,0.000000,0.593700,0.000000,0.000000,0.000000,-0.000315,0.000000,-0.000496,0.000027,0.502558,0.000420,-0.000023,0.159746,-0.003421,0.000646,0.481156,0.001848,-0.000574,0.117379,0.000000,0.000000,-0.000315,-0.000079,0.000790,-0.000435,0.401545,0.401545,-0.395455,-0.395455,0.410355,0.406278,-0.389409,-0.390190,0.234832,-0.234832,0.234832,-0.234832,0.225163,-0.224379,0.230045,-0.231607,0.405241,0.189248,0.000000,0.000000,0.000000
8.466000,-0.000000,0.000000,0.593700,0.000000,0.000000,0.000000,-0.000315,0.000000,-0.000491,0.000027,0.504463,0.000416,-0.000022,0.157844,-0.003397,0.000640,0.482586,0.001898,-0.000551,0.119783,0.000000,0.000000,-0.000315,-0.000079,0.000784,-0.000434,0.401545,0.401545,-0.395455,-0.395455,0.410337,0.406252,-0.389596,-0.390301,0.234832,-0.234832,0.234832,-0.234832,0.225168,-0.224367,0.230052,-0.231598,0.404207,0.188695,0.000000,0.000000,0.000000
8.476000,-0.000000,0.000000,0.593700,0.000000,0.000000,0.000000,-0.000315,0.000000,-0.000486,0.000027,0.506034,0.000412,-0.000022,0.156277,-0.003376,0.000634,0.483798,0.001929,-0.000532,0.121593,0.000000,0.000000,-0.000315,-0.000079,0.000779,-0.000434,0.401545,0.401545,-0.395455,-0.395455,0.410320,0.406228,-0.389733,-0.390384,0.234832,-0.234832,0.234832,-0.234832,0.225171,-0.224358,0.230057,-0.231590,0.403318,0.188228,0.000000,0.000000,0.000000
8.488000,-0.000000,0.000000,0.593700,0.000000,0.000000,0.000000,-0.000315,0.000000,-0.000481,0.000026,0.507898,0.000408,-0.000022,0.154417,-0.003352,0.000628,0.485275,0.001953,-0.000513,0.123554,0.000000,0.000000,-0.000315,-0.000078,0.000773,-0.000433,0.401545,0.401545,-0.395455,-0.395455,0.410298,0.406199,-0.389880,-0.390475,0.234832,-0.234832,0.234832,-0.234832,0.225174,-0.224346,0.230063,-0.231581,0.402222,0.187662,0.000000,0.000000,0.000000
8.500000,-0.000000,0.000000,0.593700,0.000000,0.000000,0.000000,-0.000315,0.000000,-0.000477,0.000026,0.509740,0.000404,-0.000022,0.152580,-0.003327,0.000622,0.486774,0.001966,-0.000494,0.125302,0.000000,0.000000,-0.000315,-0.000078,0.000767,-0.000432,0.401545,0.401545,-0.395455,-0.395455,0.410275,0.406169,-0.390009,-0.390556,0.234832,-0.234832,0.234832,-0.234832,0.225177,-0.224335,0.230068,-0.231572,0.401100,0.187090,0.000000,0.000000,0.000000
8.512000,-0.000000,0.000000,0.593700,0.000000,0.000000,0.000000,-0.000315,0.000000,-0.000472,0.000026,0.511560,0.000400,-0.000022,0.150764,-0.003302,0.000616,0.488292,0.001971,-0.000477,0.126851,0.000000,0.000000,-0.000315,-0.000078,0.000761,-0.000431,0.401545,0.401545,-0.395455,-0.395455,0.410250,0.406138,-0.390123,-0.390630,0.234832,-0.234832,0.234832,-0.234832,0.225180,-0.224324,0.230074,-0.231563,0.399956,0.186513,0.000000,0.000000,0.000000
8.524000,-0.000000,0.000000,0.593700,0.000000,0.000000,0.000000,-0.000315,0.000000,-0.000467,0.000026,0.513359,0.000396,-0.000021,0.148969,-0.003278,0.000610,0.489828,0.001970,-0.000461,0.128213,0.000000,0.000000,-0.000315,-0.000078,0.000755,-0.000431,0.401545,0.401545,-0.395455,-0.395455,0.410225,0.406107,-0.390224,-0.390697,0.234832,-0.234832,0.234832,-0.234832,0.225182,-0.224313,0.230079,-0.231555,0.398795,0.185934,0.000000,0.000000,0.000000
8.536000,-0.000000,0.000000,0.593700,0.000000,0.000000,0.000000,-0.000315,0.000000,-0.000462,0.000025,0.515135,0.000392,-0.000021,0.147197,-0.003253,0.000604,0.491378,0.001965,-0.000446,0.129402,0.000000,0.000000,-0.000315,-0.000077,0.000749,-0.000430,0.401545,0.401545,-0.395455,-0.395455,0.410200,0.406076,-0.390314,-0.390759,0.234832,-0.234832,0.234832,-0.234832,0.225184,-0.224303,0.230083,-0.231547,0.397620,0.185352,0.000000,0.000000,0.000000
8.548000,-0.000000,0.000000,0.593700,0.000000,0.000000,0.000000,-0.000315,0.000000,-0.000458,0.000025,0.516891,0.000388,-0.000021,0.145445,-0.003229,0.000599,0.492941,0.001956,-0.000432,0.130428,0.000000,0.000000,-0.000315,-0.000077,0.000743,-0.000429,0.401545,0.401545,-0.395455,-0.395455,0.410174,0.406044,-0.390395,-0.390815,0.234832,-0.234832,0.234832,-0.234832,0.225186,-0.224293,0.230088,-0.231539,0.396433,0.184768,0.000000,0.000000,0.000000
8.560000,-0.000000,0.000000,0.593700,0.000000,0.000000,0.000000,-0.000315,0.000000,-0.000453,0.000025,0.518626,0.000384,-0.000021,0.143714,-0.003205,0.000594,0.494516,0.001944,-0.000419,0.131300,0.000000,0.000000,-0.000315,-0.000077,0.000737,-0.000428,0.401545,0.401545,-0.395455,-0.395455,0.410148,0.406013,-0.390467,-0.390868,0.234832,-0.234832,0.234832,-0.234832,0.225188,-0.224283,0.230092,-0.231532,0.395239,0.184184,0.000000,0.000000,0.000000
8.572000,-0.000000,0.000000,0.593700,0.000000,0.000000,0.000000,-0.000315,0.000000,-0.000448,0.000025,0.520340,0.000380,-0.000021,0.141966,-0.003181,0.000589,0.496100,0.001931,-0.000406,0.132028,0.000000,0.000000,-0.000315,-0.000077,0.000732,-0.000427,0.401545,0.401545,-0.395455,-0.395455,0.410121,0.405982,-0.390533,-0.390917,0.234832,-0.234832,0.234832,-0.234832,0.225190,-0.224273,0.230096,-0.231524,0.394039,0.183600,0.000000,0.000000,0.000000
8.584000,-0.000000,0.000000,0.593700,0.000000,0.000000,0.000000,-0.000315,0.000000,-0.000444,0.000024,0.522033,0.000376,-0.000020,0.139942,-0.003158,0.000584,0.497691,0.001915,-0.000393,0.132620,0.000000,0.000000,-0.000315,-0.000076,0.000726,-0.000427,0.401545,0.401545,-0.395455,-0.395455,0.410095,0.405952,-0.390593,-0.390962,0.234832,-0.234832,0.234832,-0.234832,0.225191,-0.224263,0.230100,-0.231517,0.392835,0.183016,0.000000,0.000000,0.000000
8.596000,-0.000000,0.000000,0.593700,0.000000,0.000000,0.000000,-0.000315,0.000000,-0.000439,0.000024,0.523696,0.000372,-0.000020,0.137127,-0.003135,0.000579,0.499289,0.001899,-0.000381,0.133071,0.000000,0.000000,-0.000315,-0.000076,0.000721,-0.000426,0.401545,0.401545,-0.395455,-0.395455,0.410070,0.405922,-0.390649,-0.391006,0.234832,-0.234832,0.234832,-0.234832,0.225192,-0.224254,0.230104,-0.231510,0.391631,0.182433,0.000000,0.000000,0.000000
8.608000,-0.000000,0.000000,0.593700,0.000000,0.000000,0.000000,-0.000315,0.000000,-0.000435,0.000024,0.525322,0.000369,-0.000020,0.134009,-0.003112,0.000575,0.500890,0.001882,-0.000370,0.133361,0.000000,0.000000,-0.000315,-0.000076,0.000716,-0.000425,0.401545,0.401545,-0.395455,-0.395455,0.410044,0.405892,-0.390700,-0.391046,0.234832,-0.234832,0.234832,-0.234832,0.225193,-0.224244,0.230108,-0.231503,0.390426,0.181853,0.000000,0.000000,0.000000
8.620000,-0.000000,0.000000,0.593700,0.000000,0.000000,0.000000,-0.000315,0.000000,-0.000430,0.000024,0.526912,0.000365,-0.000020,0.130900,-0.003089,0.000571,0.502494,0.001866,-0.000359,0.133477,0.000000,0.000000,-0.000315,-0.000075,0.000711,-0.000424,0.401545,0.401545,-0.395455,-0.395455,0.410018,0.405863,-0.390747,-0.391085,0.234832,-0.234832,0.234832,-0.234832,0.225194,-0.224235,0.230111,-0.231496,0.389225,0.181275,0.000000,0.000000,0.000000
8.632000,-0.000000,0.000000,0.593700,0.000000,0.000000,0.000000,-0.000315,0.000000,-0.000426,0.000023,0.528464,0.000361,-0.000019,0.127856,-0.003066,0.000566,0.504098,0.001850,-0.000349,0.133420,0.000000,0.000000,-0.000315,-0.000075,0.000706,-0.000424,0.401545,0.401545,-0.395455,-0.395455,0.409993,0.405833,-0.390792,-0.391123,0.234832,-0.234832,0.234832,-0.234832,0.225195,-0.224226,0.230114,-0.231490,0.388029,0.180700,0.000000,0.000000,0.000000
8.644000,-0.000000,0.000000,0.593700,0.000000,0.000000,0.000000,-0.000315,0.000000,-0.000422,0.000023,0.529981,0.000357,-0.000019,0.124884,-0.003044,0.000562,0.505700,0.001835,-0.000339,0.133200,0.000000,0.000000,-0.000315,-0.000075,0.000701,-0.000423,0.401545,0.401545,-0.395455,-0.395455,0.409968,0.405804,-0.390834,-0.391159,0.234832,-0.234832,0.234832,-0.234832,0.225196,-0.224218,0.230117,-0.231483,0.386840,0.180130,0.000000,0.000000,0.000000
8.656000,-0.000000,0.000000,0.593700,0.000000,0.000000,0.000000,-0.000315,0.000000,-0.000418,0.000023,0.531462,0.000354,-0.000019,0.121981,-0.003022,0.000558,0.507299,0.001819,-0.000330,0.132826,0.000000,0.000000,-0.000315,-0.000074,0.000696,-0.000422,0.401545,0.401545,-0.395455,-0.395455,0.409943,0.405776,-0.390874,-0.391194,0.234832,-0.234832,0.234832,-0.234832,0.225196,-0.224209,0.230120,-0.231477,0.385659,0.179564,0.000000,0.000000,0.000000
8.668000,-0.000000,0.000000,0.593700,0.000000,0.000000,0.000000,-0.000315,0.000000,-0.000413,0.000023,0.532908,0.000350,-0.000019,0.119145,-0.003000,0.000554,0.508892,0.001803,-0.000321,0.132311,0.000000,0.000000,-0.000315,-0.000074,0.000691,-0.000422,0.401545,0.401545,-0.395455,-0.395455,0.409919,0.405747,-0.390913,-0.391228,0.234832,-0.234832,0.234832,-0.234832,0.225197,-0.224200,0.230123,-0.231471,0.384488,0.179003,0.000000,0.000000,0.000000
8.680000,-0.000000,0.000000,0.593700,0.000000,0.000000,0.000000,-0.000315,0.000000,-0.000409,0.000022,0.534322,0.000347,-0.000019,0.116376,-0.002979,0.000550,0.510478,0.001787,-0.000312,0.131666,0.000000,0.000000,-0.000315,-0.000073,0.000687,-0.000421,0.401545,0.401545,-0.395455,-0.395455,0.409894,0.405719,-0.390950,-0.391261,0.234832,-0.234832,0.234832,-0.234832,0.225197,-0.224192,0.230126,-0.231465,0.383328,0.178449,0.000000,0.000000,0.000000
8.692000,-0.000000,0.000000,0.593700,0.000000,0.000000,0.000000,-0.000315,0.000000,-0.000405,0.000022,0.535702,0.000343,-0.000019,0.113671,-0.002957,0.000547,0.512055,0.001772,-0.000304,0.130901,0.000000,0.000000,-0.000315,-0.000073,0.000682,-0.000421,0.401545,0.401545,-0.395455,-0.395455,0.409870,0.405691,-0.390985,-0.391293,0.234832,-0.234832,0.234832,-0.234832,0.225198,-0.224184,0.230129,-0.231460,0.382180,0.177900,0.000000,0.000000,0.000000
8.704000,-0.000000,0.000000,0.593700,0.000000,0.000000,0.000000,-0.000315,0.000000,-0.000401,0.000022,0.537050,0.000340,-0.000018,0.111028,-0.002936,0.000543,0.513622,0.001756,-0.000296,0.130028,0.000000,0.000000,-0.000315,-0.000073,0.000678,-0.000420,0.401545,0.401545,-0.395455,-0.395455,0.409846,0.405664,-0.391019,-0.391324,0.234832,-0.234832,0.234832,-0.234832,0.225198,-0.224176,0.230131,-0.231454,0.381046,0.177358,0.000000,0.000000,0.000000
8.716000,-0.000000,0.000000,0.593700,0.000000,0.000000,0.000000,-0.000315,0.000000,-0.000397,0.000022,0.538367,0.000336,-0.000018,0.108448,-0.002915,0.000539,0.515177,0.001740,-0.000288,0.129056,0.000000,0.000000,-0.000315,-0.000072,0.000674,-0.000419,0.401545,0.401545,-0.395455,-0.395455,0.409823,0.405637,-0.391052,-0.391355,0.234832,-0.234832,0.234832,-0.234832,0.225198,-0.224168,0.230134,-0.231448,0.379925,0.176824,0.000000,0.000000,0.000000
8.726000,-0.000000,0.000000,0.593700,0.000000,0.000000,0.000000,-0.000315,0.000000,-0.000394,0.000022,0.539441,0.000333,-0.000018,0.106343,-0.002897,0.000536,0.516464,0.001727,-0.000281,0.128177,0.000000,0.000000,-0.000315,-0.000072,0.000671,-0.000419,0.401545,0.401545,-0.395455,-0.395455,0.409803,0.405615,-0.391079,-0.391380,0.234832,-0.234832,0.234832,-0.234832,0.225198,-0.224162,0.230136,-0.231444,0.379003,0.176384,0.000000,0.000000,0.000000
8.738000,-0.000000,0.000000,0.593700,0.000000,0.000000,0.000000,-0.000315,0.000000,-0.000390,0.000021,0.540702,0.000330,-0.000018,0.103871,-0.002877,0.000533,0.517997,0.001711,-0.000274,0.127045,0.000000,0.000000,-0.000315,-0.000072,0.000667,-0.000418,0.401545,0.401545,-0.395455,-0.395455,0.409780,0.405588,-0.391110,-0.391410,0.234832,-0.234832,0.234832,-0.234832,0.225199,-0.224155,0.230138,-0.231439,0.377911,0.175862,0.000000,0.000000,0.000000
8.750000,-0.000000,0.000000,0.593700,0.000000,0.000000,0.000000,-0.000315,0.000000,-0.000386,0.000021,0.541934,0.000327,-0.000018,0.101457,-0.002856,0.000530,0.519515,0.001695,-0.000267,0.125839,0.000000,0.000000,-0.000315,-0.000071,0.000663,-0.000418,0.401545,0.401545,-0.395455,-0.395455,0.409757,0.405562,-0.391140,-0.391438,0.234832,-0.234832,0.234832,-0.234832,0.225199,-0.224147,0.230140,-0.231434,0.376834,0.175349,0.000000,0.000000,0.000000
8.762000,-0.000000,0.000000,0.593700,0.000000,0.000000,0.000000,-0.000315,0.000000,-0.000382,0.000021,0.543137,0.000323,-0.000017,0.099098,-0.002836,0.000527,0.521018,0.001679,-0.000260,0.124564,0.000000,0.000000,-0.000315,-0.000071,0.000659,-0.000417,0.401545,0.401545,-0.395455,-0.395455,0.409734,0.405537,-0.391170,-0.391467,0.234832,-0.234832,0.234832,-0.234832,0.225199,-0.224140,0.230142,-0.231429,0.375773,0.174843,0.000000,0.000000,0.000000
8.774000,-0.000000,0.000000,0.593700,0.000000,0.000000,0.000000,-0.000315,0.000000,-0.000378,0.000021,0.544312,0.000320,-0.000017,0.096795,-0.002816,0.000524,0.522505,0.001663,-0.000253,0.123229,0.000000,0.000000,-0.000315,-0.000071,0.000656,-0.000417,0.401545,0.401545,-0.395455,-0.395455,0.409712,0.405511,-0.391199,-0.391494,0.234832,-0.234832,0.234832,-0.234832,0.225199,-0.224133,0.230144,-0.231424,0.374729,0.174346,0.000000,0.000000,0.000000
8.786000,-0.000000,0.000000,0.593700,0.000000,0.000000,0.000000,-0.000315,0.000000,-0.000374,0.000021,0.545460,0.000317,-0.000017,0.094545,-0.002796,0.000521,0.523975,0.001646,-0.000246,0.121838,0.000000,0.000000,-0.000315,-0.000070,0.000653,-0.000416,0.401545,0.401545,-0.395455,-0.395455,0.409690,0.405486,-0.391227,-0.391521,0.234832,-0.234832,0.234832,-0.234832,0.225198,-0.224126,0.230146,-0.231419,0.373702,0.173857,0.000000,0.000000,0.000000
8.798000,-0.000000,0.000000,0.593700,0.000000,0.000000,0.000000,-0.000315,0.000000,-0.000370,0.000020,0.546582,0.000314,-0.000017,0.092347,-0.002776,0.000518,0.525429,0.001630,-0.000240,0.120399,0.000000,0.000000,-0.000315,-0.000070,0.000649,-0.000416,0.401545,0.401545,-0.395455,-0.395455,0.409668,0.405462,-0.391254,-0.391548,0.234832,-0.234832,0.234832,-0.234832,0.225198,-0.224120,0.230148,-0.231414,0.372693,0.173376,0.000000,0.000000,0.000000
8.810000,-0.000000,0.000000,0.593700,0.000000,0.000000,0.000000,-0.000315,0.000000,-0.000366,0.000020,0.547677,0.000311,-0.000017,0.090201,-0.002756,0.000515,0.526865,0.001613,-0.000234,0.118917,0.000000,0.000000,-0.000315,-0.000070,0.000646,-0.000416,0.401545,0.401545,-0.395455,-0.395455,0.409646,0.405438,-0.391281,-0.391574,0.234832,-0.234832,0.234832,-0.234832,0.225198,-0.224113,0.230150,-0.231410,0.371700,0.172903,0.000000,0.000000,0.000000
8.822000,-0.000000,0.000000,0.593700,0.000000,0.000000,0.000000,-0.000315,0.000000,-0.000363,0.000020,0.548747,0.000307,-0.000017,0.088104,-0.002737,0.000512,0.528283,0.001596,-0.000227,0.117397,0.000000,0.000000,-0.000315,-0.000069,0.000643,-0.000415,0.401545,0.401545,-0.395455,-0.395455,0.409625,0.405414,-0.391307,-0.391599,0.234832,-0.234832,0.234832,-0.234832,0.225198,-0.224107,0.230151,-0.231406,0.370725,0.172439,0.000000,0.000000,0.000000
8.834000,-0.000000,0.000000,0.593700,0.000000,0.000000,0.000000,-0.000315,0.000000,-0.000359,0.000020,0.549792,0.000304,-0.000016,0.086056,-0.002718,0.000509,0.529682,0.001580,-0.000222,0.115845,0.000000,0.000000,-0.000315,-0.000069,0.000640,-0.000415,0.401545,0.401545,-0.395455,-0.395455,0.409604,0.405391,-0.391332,-0.391624,0.234832,-0.234832,0.234832,-0.234832,0.225198,-0.224100,0.230153,-0.231401,0.369768,0.171983,0.000000,0.000000,0.000000
8.846000,-0.000000,0.000000,0.593700,0.000000,0.000000,0.000000,-0.000315,0.000000,-0.000355,0.000020,0.550812,0.000301,-0.000016,0.084056,-0.002699,0.000507,0.531062,0.001562,-0.000216,0.114263,0.000000,0.000000,-0.000315,-0.000069,0.000638,-0.000414,0.401545,0.401545,-0.395455,-0.395455,0.409583,0.405368,-0.391357,-0.391649,0.234832,-0.234832,0.234832,-0.234832,0.225198,-0.224094,0.230155,-0.231397,0.368828,0.171536,0.000000,0.000000,0.000000
8.858000,-0.000000,0.000000,0.593700,0.000000,0.000000,0.000000,-0.000315,0.000000,-0.000352,0.000019,0.551809,0.000298,-0.000016,0.082102,-0.002680,0.000504,0.532423,0.001545,-0.000210,0.112658,0.000000,0.000000,-0.000315,-0.000068,0.000635,-0.000414,0.401545,0.401545,-0.395455,-0.395455,0.409562,0.405346,-0.391382,-0.391673,0.234832,-0.234832,0.234832,-0.234832,0.225197,-0.224088,0.230156,-0.231393,0.367906,0.171097,0.000000,0.000000,0.000000
8.870000,-0.000000,0.000000,0.593700,0.000000,0.000000,0.000000,-0.000315,0.000000,-0.000348,0.000019,0.552783,0.000295,-0.000016,0.080194,-0.002662,0.000502,0.533764,0.001528,-0.000205,0.111032,0.000000,0.000000,-0.000315,-0.000068,0.000632,-0.000413,0.401545,0.401545,-0.395455,-0.395455,0.409542,0.405324,-0.391405,-0.391696,0.234832,-0.234832,0.234832,-0.234832,0.225197,-0.224082,0.230158,-0.231389,0.367001,0.170667,0.000000,0.000000,0.000000
8.882000,-0.000000,0.000000,0.593700,0.000000,0.000000,0.000000,-0.000315,0.000000,-0.000345,0.000019,0.553734,0.000292,-0.000016,0.078329,-0.002644,0.000499,0.535086,0.001511,-0.000199,0.109389,0.000000,0.000000,-0.000315,-0.000068,0.000630,-0.000413,0.401545,0.401545,-0.395455,-0.395455,0.409522,0.405302,-0.391429,-0.391719,0.234832,-0.234832,0.234832,-0.234832,0.225197,-0.224077,0.230159,-0.231385,0.366114,0.170245,0.000000,0.000000,0.000000
8.894000,-0.000000,0.000000,0.593700,0.000000,0.000000,0.000000,-0.000315,0.000000,-0.000341,0.000019,0.554663,0.000289,-0.000016,0.076509,-0.002625,0.000497,0.536388,0.001493,-0.000194,0.107733,0.000000,0.000000,-0.000315,-0.000067,0.000628,-0.000413,0.401545,0.401545,-0.395455,-0.395455,0.409502,0.405281,-0.391452,-0.391742,0.234832,-0.234832,0.234832,-0.234832,0.225197,-0.224071,0.230161,-0.231381,0.365245,0.169831,0.000000,0.000000,0.000000
8.906000,-0.000000,0.000000,0.593700,0.000000,0.000000,0.000000,-0.000315,0.000000,-0.000338,0.000019,0.555570,0.000286,-0.000015,0.074730,-0.002608,0.000494,0.537670,0.001476,-0.000189,0.106067,0.000000,0.000000,-0.000315,-0.000067,0.000625,-0.000412,0.401545,0.401545,-0.395455,-0.395455,0.409483,0.405260,-0.391474,-0.391764,0.234832,-0.234832,0.234832,-0.234832,0.225196,-0.224066,0.230162,-0.231378,0.364392,0.169425,0.000000,0.000000,0.000000
8.918000,-0.000000,0.000000,0.593700,0.000000,0.000000,0.000000,-0.000315,0.000000,-0.000334,0.000018,0.556457,0.000283,-0.000015,0.072993,-0.002590,0.000492,0.538932,0.001458,-0.000184,0.104393,0.000000,0.000000,-0.000315,-0.000067,0.000623,-0.000412,0.401545,0.401545,-0.395455,-0.395455,0.409464,0.405239,-0.391496,-0.391785,0.234832,-0.234832,0.234832,-0.234832,0.225196,-0.224060,0.230163,-0.231374,0.363557,0.169028,0.000000,0.000000,0.000000
8.930000,-0.000000,0.000000,0.593700,0.000000,0.000000,0.000000,-0.000315,0.000000,-0.000331,0.000018,0.557322,0.000280,-0.000015,0.071297,-0.002573,0.000490,0.540174,0.001440,-0.000179,0.102716,0.000000,0.000000,-0.000315,-0.000067,0.000621,-0.000411,0.401545,0.401545,-0.395455,-0.395455,0.409445,0.405219,-0.391517,-0.391807,0.234832,-0.234832,0.234832,-0.234832,0.225196,-0.224055,0.230164,-0.231371,0.362739,0.168639,0.000000,0.000000,0.000000
8.942000,-0.000000,0.000000,0.593700,0.000000,0.000000,0.000000,-0.000315,0.000000,-0.000328,0.000018,0.558168,0.000278,-0.000015,0.069639,-0.002555,0.000488,0.541395,0.001423,-0.000175,0.101036,0.000000,0.000000,-0.000315,-0.000066,0.000619,-0.000411,0.401545,0.401545,-0.395455,-0.395455,0.409427,0.405199,-0.391538,-0.391827,0.234832,-0.234832,0.234832,-0.234832,0.225195,-0.224050,0.230166,-0.231367,0.361937,0.168258,0.000000,0.000000,0.000000
8.954000,-0.000000,0.000000,0.593700,0.000000,0.000000,0.000000,-0.000315,0.000000,-0.000324,0.000018,0.558994,0.000275,-0.000015,0.068021,-0.002538,0.000486,0.542596,0.001405,-0.000170,0.099356,0.000000,0.000000,-0.000315,-0.000066,0.000617,-0.000411,0.401545,0.401545,-0.395455,-0.395455,0.409408,0.405180,-0.391559,-0.391848,0.234832,-0.234832,0.234832,-0.234832,0.225195,-0.224045,0.230167,-0.231364,0.361153,0.167884,0.000000,0.000000,0.000000
8.966000,-0.000000,0.000000,0.593700,0.000000,0.000000,0.000000,-0.000315,0.000000,-0.000321,0.000018,0.559800,0.000272,-0.000015,0.066440,-0.002522,0.000484,0.543777,0.001387,-0.000166,0.097678,0.000000,0.000000,-0.000315,-0.000066,0.000615,-0.000410,0.401545,0.401545,-0.395455,-0.395455,0.409391,0.405161,-0.391579,-0.391868,0.234832,-0.234832,0.234832,-0.234832,0.225195,-0.224040,0.230168,-0.231361,0.360384,0.167519,0.000000,0.000000,0.000000
8.976000,-0.000000,0.000000,0.593700,0.000000,0.000000,0.000000,-0.000315,0.000000,-0.000318,0.000018,0.560458,0.000270,-0.000015,0.065150,-0.002508,0.000482,0.544746,0.001372,-0.000162,0.096284,0.000000,0.000000,-0.000315,-0.000065,0.000614,-0.000410,0.401545,0.401545,-0.395455,-0.395455,0.409376,0.405145,-0.391595,-0.391884,0.234832,-0.234832,0.234832,-0.234832,0.225194,-0.224036,0.230169,-0.231358,0.359756,0.167221,0.000000,0.000000,0.000000
8.988000,-0.000000,0.000000,0.593700,0.000000,0.000000,0.000000,-0.000315,0.000000,-0.000315,0.000017,0.561231,0.000267,-0.000014,0.063636,-0.002491,0.000480,0.545890,0.001354,-0.000158,0.094616,0.000000,0.000000,-0.000315,-0.000065,0.000612,-0.000410,0.401545,0.401545,-0.395455,-0.395455,0.409358,0.405126,-0.391614,-0.391903,0.234832,-0.234832,0.234832,-0.234832,0.225194,-0.224032,0.230170,-0.231355,0.359018,0.166869,0.000000,0.000000,0.000000
9.000000,-0.000000,0.000000,0.593700,0.000000,0.000000,0.000000,-0.000315,0.000000,-0.000312,0.000017,0.561986,0.000264,-0.000014,0.062157,-0.002475,0.000478,0.547014,0.001336,-0.000154,0.092955,0.000000,0.000000,-0.000315,-0.000065,0.000610,-0.000409,0.401545,0.401545,-0.395455,-0.395455,0.409341,0.405108,-0.391633,-0.391922,0.234832,-0.234832,0.234832,-0.234832,0.225194,-0.224027,0.230171,-0.231352,0.358295,0.166526,0.000000,0.000000,0.000000
9.012000,-0.000000,0.000000,0.593700,0.000000,0.000000,0.000000,-0.000315,0.000000,-0.000309,0.000017,0.562723,0.000262,-0.000014,0.060712,-0.002459,0.000476,0.548118,0.001318,-0.000150,0.091303,0.000000,0.000000,-0.000315,-0.000065,0.000608,-0.000409,0.401545,0.401545,-0.395455,-0.395455,0.409325,0.405091,-0.391652,-0.391941,0.234832,-0.234832,0.234832,-0.234832,0.225193,-0.224023,0.230172,-0.231349,0.357588,0.166189,0.000000,0.000000,0.000000
9.024000,-0.000000,0.000000,0.593700,0.000000,0.000000,0.000000,-0.000315,0.000000,-0.000306,0.000017,0.563443,0.000259,-0.000014,0.059301,-0.002443,0.000475,0.549203,0.001300,-0.000146,0.089662,0.000000,0.000000,-0.000315,-0.000064,0.000607,-0.000409,0.401545,0.401545,-0.395455,-0.395455,0.409308,0.405073,-0.391670,-0.391959,0.234832,-0.234832,0.234832,-0.234832,0.225193,-0.224018,0.230173,-0.231346,0.356896,0.165860,0.000000,0.000000,0.000000
9.036000,-0.000000,0.000000,0.593700,0.000000,0.000000,0.000000,-0.000315,0.000000,-0.000303,0.000017,0.564146,0.000256,-0.000014,0.057922,-0.002428,0.000473,0.550268,0.001282,-0.000142,0.088033,0.000000,0.000000,-0.000315,-0.000064,0.000605,-0.000409,0.401545,0.401545,-0.395455,-0.395455,0.409292,0.405056,-0.391687,-0.391976,0.234832,-0.234832,0.234832,-0.234832,0.225193,-0.224014,0.230174,-0.231343,0.356219,0.165539,0.000000,0.000000,0.000000
9.048000,-0.000000,0.000000,0.593700,0.000000,0.000000,0.000000,-0.000315,0.000000,-0.000300,0.000016,0.564833,0.000254,-0.000014,0.056576,-0.002413,0.000471,0.551313,0.001264,-0.000138,0.086416,0.000000,0.000000,-0.000315,-0.000064,0.000604,-0.000408,0.401545,0.401545,-0.395455,-0.395455,0.409276,0.405039,-0.391705,-0.391994,0.234832,-0.234832,0.234832,-0.234832,0.225192,-0.224010,0.230175,-0.231340,0.355557,0.165224,0.000000,0.000000,0.000000
9.060000,-0.000000,0.000000,0.593700,0.000000,0.000000,0.000000,-0.000315,0.000000,-0.000297,0.000016,0.565504,0.000251,-0.000014,0.055261,-0.002397,0.000470,0.552339,0.001246,-0.000135,0.084814,0.000000,0.000000,-0.000315,-0.000064,0.000602,-0.000408,0.401545,0.401545,-0.395455,-0.395455,0.409260,0.405023,-0.391722,-0.392011,0.234832,-0.234832,0.234832,-0.234832,0.225192,-0.224006,0.230176,-0.231338,0.354909,0.164916,0.000000,0.000000,0.000000
9.072000,-0.000000,0.000000,0.593700,0.000000,0.000000,0.000000,-0.000315,0.000000,-0.000294,0.000016,0.566160,0.000249,-0.000013,0.053976,-0.002383,0.000468,0.553346,0.001228,-0.000131,0.083227,0.000000,0.000000,-0.000315,-0.000064,0.000601,-0.000408,0.401545,0.401545,-0.395455,-0.395455,0.409245,0.405007,-0.391738,-0.392027,0.234832,-0.234832,0.234832,-0.234832,0.225191,-0.224002,0.230176,-0.231335,0.354276,0.164615,0.000000,0.000000,0.000000
9.084000,-0.000000,0.000000,0.593700,0.000000,0.000000,0.000000,-0.000315,0.000000,-0.000291,0.000016,0.566800,0.000246,-0.000013,0.052722,-0.002368,0.000466,0.554333,0.001211,-0.000128,0.081655,0.000000,0.000000,-0.000315,-0.000063,0.000600,-0.000407,0.401545,0.401545,-0.395455,-0.395455,0.409230,0.404991,-0.391754,-0.392044,0.234832,-0.234832,0.234832,-0.234832,0.225191,-0.223998,0.230177,-0.231333,0.353657,0.164321,0.000000,0.000000,0.000000
9.096000,-0.000000,0.000000,0.593700,0.000000,0.000000,0.000000,-0.000315,0.000000,-0.000288,0.000016,0.567425,0.000244,-0.000013,0.051496,-0.002353,0.000465,0.555302,0.001193,-0.000125,0.080100,0.000000,0.000000,-0.000315,-0.000063,0.000598,-0.000407,0.401545,0.401545,-0.395455,-0.395455,0.409215,0.404975,-0.391770,-0.392059,0.234832,-0.234832,0.234832,-0.234832,0.225191,-0.223995,0.230178,-0.231330,0.353052,0.164034,0.000000,0.000000,0.000000
9.108000,-0.000000,0.000000,0.593700,0.000000,0.000000,0.000000,-0.000315,0.000000,-0.000285,0.000016,0.568036,0.000241,-0.000013,0.050299,-0.002339,0.000463,0.556253,0.001175,-0.000121,0.078562,0.000000,0.000000,-0.000315,-0.000063,0.000597,-0.000407,0.401545,0.401545,-0.395455,-0.395455,0.409200,0.404960,-0.391786,-0.392075,0.234832,-0.234832,0.234832,-0.234832,0.225190,-0.223991,0.230179,-0.231328,0.352461,0.163752,0.000000,0.000000,0.000000
9.120000,-0.000000,0.000000,0.593700,0.000000,0.000000,0.000000,-0.000315,0.000000,-0.000282,0.000016,0.568632,0.000239,-0.000013,0.049130,-0.002325,0.000462,0.557185,0.001158,-0.000118,0.077043,0.000000,0.000000,-0.000315,-0.000063,0.000596,-0.000407,0.401545,0.401545,-0.395455,-0.395455,0.409186,0.404945,-0.391801,-0.392090,0.234832,-0.234832,0.234832,-0.234832,0.225190,-0.223987,0.230180,-0.231325,0.351883,0.163478,0.000000,0.000000,0.000000
9.132000,-0.000000,0.000000,0.593700,0.000000,0.000000,0.000000,-0.000315,0.000000,-0.000279,0.000015,0.569215,0.000236,-0.000013,0.047988,-0.002311,0.000460,0.558099,0.001140,-0.000115,0.075541,0.000000,0.000000,-0.000315,-0.000063,0.000595,-0.000406,0.401545,0.401545,-0.395455,-0.395455,0.409172,0.404931,-0.391816,-0.392105,0.234832,-0.234832,0.234832,-0.234832,0.225190,-0.223984,0.230180,-0.231323,0.351318,0.163209,0.000000,0.000000,0.000000
9.144000,-0.000000,0.000000,0.593700,0.000000,0.000000,0.000000,-0.000315,0.000000,-0.000276,0.000015,0.569784,0.000234,-0.000013,0.046872,-0.002298,0.000459,0.558995,0.001123,-0.000112,0.074059,0.000000,0.000000,-0.000315,-0.000062,0.000594,-0.000406,0.401545,0.401545,-0.395455,-0.395455,0.409158,0.404916,-0.391830,-0.392120,0.234832,-0.234832,0.234832,-0.234832,0.225189,-0.223980,0.230181,-0.231321,0.350765,0.162947,0.000000,0.000000,0.000000
9.156000,-0.000000,0.000000,0.593700,0.000000,0.000000,0.000000,-0.000315,0.000000,-0.000273,0.000015,0.570340,0.000232,-0.000013,0.045783,-0.002284,0.000458,0.559874,0.001106,-0.000109,0.072596,0.000000,0.000000,-0.000315,-0.000062,0.000593,-0.000406,0.401545,0.401545,-0.395455,-0.395455,0.409144,0.404902,-0.391845,-0.392134,0.234832,-0.234832,0.234832,-0.234832,0.225189,-0.223977,0.230182,-0.231319,0.350226,0.162690,0.000000,0.000000,0.000000
9.168000,-0.000000,0.000000,0.593700,0.000000,0.000000,0.000000,-0.000315,0.000000,-0.000271,0.000015,0.570883,0.000229,-0.000012,0.044719,-0.002271,0.000456,0.560735,0.001089,-0.000107,0.071154,0.000000,0.000000,-0.000315,-0.000062,0.000592,-0.000406,0.401545,0.401545,-0.395455,-0.395455,0.409131,0.404889,-0.391859,-0.392148,0.234832,-0.234832,0.234832,-0.234832,0.225188,-0.223974,0.230182,-0.231316,0.349698,0.162440,0.000000,0.000000,0.000000
9.180000,-0.000000,0.000000,0.593700,0.000000,0.000000,0.000000,-0.000315,0.000000,-0.000268,0.000015,0.571413,0.000227,-0.000012,0.043679,-0.002258,0.000455,0.561578,0.001072,-0.000104,0.069731,0.000000,0.000000,-0.000315,-0.000062,0.000591,-0.000405,0.401545,0.401545,-0.395455,-0.395455,0.409118,0.404875,-0.391872,-0.392162,0.234832,-0.234832,0.234832,-0.234832,0.225188,-0.223971,0.230183,-0.231314,0.349183,0.162195,0.000000,0.000000,0.000000
9.192000,-0.000000,0.000000,0.593700,0.000000,0.000000,0.000000,-0.000315,0.000000,-0.000265,0.000015,0.571932,0.000225,-0.000012,0.042664,-0.002245,0.000454,0.562405,0.001055,-0.000101,0.068328,0.000000,0.000000,-0.000315,-0.000062,0.000590,-0.000405,0.401545,0.401545,-0.395455,-0.395455,0.409105,0.404862,-0.391886,-0.392175,0.234832,-0.234832,0.234832,-0.234832,0.225188,-0.223968,0.230183,-0.231312,0.348679,0.161955,0.000000,0.000000,0.000000
9.204000,-0.000000,0.000000,0.593700,0.000000,0.000000,0.000000,-0.000315,0.000000,-0.000262,0.000014,0.572438,0.000222,-0.000012,0.041672,-0.002233,0.000453,0.563215,0.001038,-0.000099,0.066947,0.000000,0.000000,-0.000315,-0.000061,0.000589,-0.000405,0.401545,0.401545,-0.395455,-0.395455,0.409093,0.404849,-0.391899,-0.392189,0.234832,-0.234832,0.234832,-0.234832,0.225187,-0.223965,0.230184,-0.231310,0.348187,0.161722,0.000000,0.000000,0.000000
9.216000,-0.000000,0.000000,0.593700,0.000000,0.000000,0.000000,-0.000315,0.000000,-0.000260,0.000014,0.572932,0.000220,-0.000012,0.040704,-0.002220,0.000452,0.564009,0.001021,-0.000096,0.065586,0.000000,0.000000,-0.000315,-0.000061,0.000588,-0.000405,0.401545,0.401545,-0.395455,-0.395455,0.409080,0.404836,-0.391911,-0.392201,0.234832,-0.234832,0.234832,-0.234832,0.225187,-0.223962,0.230185,-0.231308,0.347707,0.161493,0.000000,0.000000,0.000000
9.228000,-0.000000,0.000000,0.593700,0.000000,0.000000,0.000000,-0.000315,0.000000,-0.000257,0.000014,0.573414,0.000218,-0.000012,0.039758,-0.002208,0.000450,0.564787,0.001005,-0.000094,0.064245,0.000000,0.000000,-0.000315,-0.000061,0.000587,-0.000405,0.401545,0.401545,-0.395455,-0.395455,0.409068,0.404824,-0.391924,-0.392214,0.234832,-0.234832,0.234832,-0.234832,0.225187,-0.223959,0.230185,-0.231307,0.347237,0.161270,0.000000,0.000000,0.000000
9.240000,-0.000000,0.000000,0.593700,0.000000,0.000000,0.000000,-0.000315,0.000000,-0.000255,0.000014,0.573886,0.000216,-0.000012,0.038833,-0.002196,0.000449,0.565548,0.000989,-0.000091,0.062926,0.000000,0.000000,-0.000315,-0.000061,0.000586,-0.000404,0.401545,0.401545,-0.395455,-0.395455,0.409056,0.404812,-0.391936,-0.392226,0.234832,-0.234832,0.234832,-0.234832,0.225186,-0.223956,0.230186,-0.231305,0.346779,0.161052,0.000000,0.000000,0.000000
9.252000,-0.000000,0.000000,0.593700,0.000000,0.000000,0.000000,-0.000315,0.000000,-0.000252,0.000014,0.574347,0.000213,-0.000012,0.037931,-0.002184,0.000448,0.566294,0.000972,-0.000089,0.061629,0.000000,0.000000,-0.000315,-0.000061,0.000585,-0.000404,0.401545,0.401545,-0.395455,-0.395455,0.409045,0.404800,-0.391948,-0.392238,0.234832,-0.234832,0.234832,-0.234832,0.225186,-0.223953,0.230186,-0.231303,0.346331,0.160839,0.000000,0.000000,0.000000
9.264000,-0.000000,0.000000,0.593700,0.000000,0.000000,0.000000,-0.000315,0.000000,-0.000249,0.000014,0.574796,0.000211,-0.000011,0.037049,-0.002173,0.000447,0.567025,0.000956,-0.000087,0.060352,0.000000,0.000000,-0.000315,-0.000061,0.000584,-0.000404,0.401545,0.401545,-0.395455,-0.395455,0.409033,0.404788,-0.391960,-0.392250,0.234832,-0.234832,0.234832,-0.234832,0.225185,-0.223951,0.230187,-0.231301,0.345893,0.160631,0.000000,0.000000,0.000000
9.274000,-0.000000,0.000000,0.593700,0.000000,0.000000,0.000000,-0.000315,0.000000,-0.000247,0.000014,0.575163,0.000209,-0.000011,0.036330,-0.002163,0.000446,0.567622,0.000943,-0.000085,0.059304,0.000000,0.000000,-0.000315,-0.000060,0.000584,-0.000404,0.401545,0.401545,-0.395455,-0.395455,0.409024,0.404778,-0.391969,-0.392260,0.234832,-0.234832,0.234832,-0.234832,0.225185,-0.223949,0.230187,-0.231300,0.345536,0.160462,0.000000,0.000000,0.000000
9.286000,-0.000000,0.000000,0.593700,0.000000,0.000000,0.000000,-0.000315,0.000000,-0.000245,0.000014,0.575594,0.000207,-0.000011,0.035486,-0.002152,0.000445,0.568324,0.000927,-0.000083,0.058066,0.000000,0.000000,-0.000315,-0.000060,0.000583,-0.000404,0.401545,0.401545,-0.395455,-0.395455,0.409013,0.404767,-0.391981,-0.392271,0.234832,-0.234832,0.234832,-0.234832,0.225185,-0.223946,0.230188,-0.231298,0.345117,0.160263,0.000000,0.000000,0.000000
9.298000,-0.000000,0.000000,0.593700,0.000000,0.000000,0.000000,-0.000315,0.000000,-0.000242,0.000013,0.576015,0.000205,-0.000011,0.034661,-0.002141,0.000444,0.569013,0.000912,-0.000081,0.056849,0.000000,0.000000,-0.000315,-0.000060,0.000582,-0.000404,0.401545,0.401545,-0.395455,-0.395455,0.409002,0.404756,-0.391992,-0.392282,0.234832,-0.234832,0.234832,-0.234832,0.225184,-0.223944,0.230188,-0.231296,0.344708,0.160068,0.000000,0.000000,0.000000
9.310000,-0.000000,0.000000,0.593700,0.000000,0.000000,0.000000,-0.000315,0.000000,-0.000240,0.000013,0.576426,0.000203,-0.000011,0.033855,-0.002130,0.000443,0.569686,0.000897,-0.000079,0.055653,0.000000,0.000000,-0.000315,-0.000060,0.000582,-0.000403,0.401545,0.401545,-0.395455,-0.395455,0.408992,0.404745,-0.392003,-0.392293,0.234832,-0.234832,0.234832,-0.234832,0.225184,-0.223941,0.230188,-0.231295,0.344308,0.159878,0.000000,0.000000,0.000000
9.322000,-0.000000,0.000000,0.593700,0.000000,0.000000,0.000000,-0.000315,0.000000,-0.000238,0.000013,0.576828,0.000201,-0.000011,0.033068,-0.002119,0.000442,0.570346,0.000881,-0.000077,0.054478,0.000000,0.000000,-0.000315,-0.000060,0.000581,-0.000403,0.401545,0.401545,-0.395455,-0.395455,0.408981,0.404735,-0.392013,-0.392304,0.234832,-0.234832,0.234832,-0.234832,0.225184,-0.223939,0.230189,-0.231293,0.343917,0.159692,0.000000,0.000000,0.000000
9.334000,-0.000000,0.000000,0.593700,0.000000,0.000000,0.000000,-0.000315,0.000000,-0.000235,0.000013,0.577220,0.000199,-0.000011,0.032299,-0.002109,0.000441,0.570991,0.000866,-0.000075,0.053324,0.000000,0.000000,-0.000315,-0.000060,0.000580,-0.000403,0.401545,0.401545,-0.395455,-0.395455,0.408971,0.404724,-0.392023,-0.392314,0.234832,-0.234832,0.234832,-0.234832,0.225183,-0.223936,0.230189,-0.231292,0.343536,0.159511,0.000000,0.000000,0.000000
9.346000,-0.000000,0.000000,0.593700,0.000000,0.000000,0.000000,-0.000315,0.000000,-0.000233,0.000013,0.577603,0.000197,-0.000011,0.031549,-0.002099,0.000441,0.571623,0.000852,-0.000073,0.052190,0.000000,0.000000,-0.000315,-0.000060,0.000580,-0.000403,0.401545,0.401545,-0.395455,-0.395455,0.408961,0.404714,-0.392033,-0.392324,0.234832,-0.234832,0.234832,-0.234832,0.225183,-0.223934,0.230190,-0.231290,0.343164,0.159334,0.000000,0.000000,0.000000
9.358000,-0.000000,0.000000,0.593700,0.000000,0.000000,0.000000,-0.000315,0.000000,-0.000230,0.000013,0.577977,0.000195,-0.000011,0.030815,-0.002088,0.000440,0.572241,0.000837,-0.000071,0.051077,0.000000,0.000000,-0.000315,-0.000059,0.000579,-0.000403,0.401545,0.401545,-0.395455,-0.395455,0.408951,0.404704,-0.392043,-0.392334,0.234832,-0.234832,0.234832,-0.234832,0.225183,-0.223932,0.230190,-0.231289,0.342800,0.159161,0.000000,0.000000,0.000000
9.370000,-0.000000,0.000000,0.593700,0.000000,0.000000,0.000000,-0.000315,0.000000,-0.000228,0.000013,0.578343,0.000193,-0.000010,0.030099,-0.002078,0.000439,0.572846,0.000822,-0.000069,0.049984,0.000000,0.000000,-0.000315,-0.000059,0.000578,-0.000403,0.401545,0.401545,-0.395455,-0.395455,0.408942,0.404694,-0.392053,-0.392344,0.234832,-0.234832,0.234832,-0.234832,0.225182,-0.223930,0.230190,-0.231287,0.342445,0.158993,0.000000,0.000000,0.000000
9.382000,-0.000000,0.000000,0.593700,0.000000,0.000000,0.000000,-0.000315,0.000000,-0.000226,0.000013,0.578700,0.000191,-0.000010,0.029399,-0.002069,0.000438,0.573438,0.000808,-0.000068,0.048912,0.000000,0.000000,-0.000315,-0.000059,0.000578,-0.000402,0.401545,0.401545,-0.395455,-0.395455,0.408932,0.404685,-0.392062,-0.392354,0.234832,-0.234832,0.234832,-0.234832,0.225182,-0.223928,0.230191,-0.231286,0.342098,0.158828,0.000000,0.000000,0.000000
9.394000,-0.000000,0.000000,0.593700,0.000000,0.000000,0.000000,-0.000315,0.000000,-0.000223,0.000012,0.579048,0.000189,-0.000010,0.028716,-0.002059,0.000437,0.574018,0.000794,-0.000066,0.047859,0.000000,0.000000,-0.000315,-0.000059,0.000577,-0.000402,0.401545,0.401545,-0.395455,-0.395455,0.408923,0.404675,-0.392072,-0.392363,0.234832,-0.234832,0.234832,-0.234832,0.225182,-0.223926,0.230191,-0.231285,0.341759,0.158667,0.000000,0.000000,0.000000
9.406000,-0.000000,0.000000,0.593700,0.000000,0.000000,0.000000,-0.000315,0.000000,-0.000221,0.000012,0.579389,0.000187,-0.000010,0.028049,-0.002050,0.000436,0.574584,0.000780,-0.000064,0.046827,0.000000,0.000000,-0.000315,-0.000059,0.000577,-0.000402,0.401545,0.401545,-0.395455,-0.395455,0.408914,0.404666,-0.392081,-0.392372,0.234832,-0.234832,0.234832,-0.234832,0.225182,-0.223924,0.230191,-0.231283,0.341428,0.158510,0.000000,0.000000,0.000000
9.418000,-0.000000,0.000000,0.593700,0.000000,0.000000,0.000000,-0.000315,0.000000,-0.000219,0.000012,0.579721,0.000185,-0.000010,0.027397,-0.002040,0.000436,0.575139,0.000767,-0.000063,0.045814,0.000000,0.000000,-0.000315,-0.000059,0.000576,-0.000402,0.401545,0.401545,-0.395455,-0.395455,0.408905,0.404657,-0.392090,-0.392381,0.234832,-0.234832,0.234832,-0.234832,0.225181,-0.223922,0.230192,-0.231282,0.341105,0.158356,0.000000,0.000000,0.000000
9.430000,-0.000000,0.000000,0.593700,0.000000,0.000000,0.000000,-0.000315,0.000000,-0.000217,0.000012,0.580046,0.000184,-0.000010,0.026760,-0.002031,0.000435,0.575682,0.000753,-0.000061,0.044820,0.000000,0.000000,-0.000315,-0.000059,0.000575,-0.000402,0.401545,0.401545,-0.395455,-0.395455,0.408897,0.404648,-0.392098,-0.392390,0.234832,-0.234832,0.234832,-0.234832,0.225181,-0.223920,0.230192,-0.231281,0.340790,0.158206,0.000000,0.000000,0.000000
9.442000,-0.000000,0.000000,0.593700,0.000000,0.000000,0.000000,-0.000315,0.000000,-0.000215,0.000012,0.580364,0.000182,-0.000010,0.026138,-0.002022,0.000434,0.576213,0.000740,-0.000060,0.043846,0.000000,0.000000,-0.000315,-0.000059,0.000575,-0.000402,0.401545,0.401545,-0.395455,-0.395455,0.408888,0.404640,-0.392107,-0.392398,0.234832,-0.234832,0.234832,-0.234832,0.225181,-0.223918,0.230192,-0.231280,0.340482,0.158060,0.000000,0.000000,0.000000
9.454000,-0.000000,0.000000,0.593700,0.000000,0.000000,0.000000,-0.000315,0.000000,-0.000212,0.000012,0.580674,0.000180,-0.000010,0.025530,-0.002013,0.000434,0.576732,0.000727,-0.000058,0.042890,0.000000,0.000000,-0.000315,-0.000058,0.000574,-0.000402,0.401545,0.401545,-0.395455,-0.395455,0.408880,0.404631,-0.392115,-0.392407,0.234832,-0.234832,0.234832,-0.234832,0.225180,-0.223916,0.230193,-0.231278,0.340181,0.157917,0.000000,0.000000,0.000000
9.466000,-0.000000,0.000000,0.593700,0.000000,0.000000,0.000000,-0.000315,0.000000,-0.000210,0.000012,0.580976,0.000178,-0.000010,0.024937,-0.002005,0.000433,0.577240,0.000714,-0.000057,0.041954,0.000000,0.000000,-0.000315,-0.000058,0.000574,-0.000401,0.401545,0.401545,-0.395455,-0.395455,0.408872,0.404623,-0.392123,-0.392415,0.234832,-0.234832,0.234832,-0.234832,0.225180,-0.223914,0.230193,-0.231277,0.339888,0.157778,0.000000,0.000000,0.000000
9.478000,-0.000000,0.000000,0.593700,0.000000,0.000000,0.000000,-0.000315,0.000000,-0.000208,0.000012,0.581272,0.000176,-0.000010,0.024357,-0.001996,0.000432,0.577736,0.000701,-0.000055,0.041035,0.000000,0.000000,-0.000315,-0.000058,0.000574,-0.000401,0.401545,0.401545,-0.395455,-0.395455,0.408864,0.404615,-0.392131,-0.392423,0.234832,-0.234832,0.234832,-0.234832,0.225180,-0.223913,0.230193,-0.231276,0.339601,0.157641,0.000000,0.000000,0.000000
9.490000,-0.000000,0.000000,0.593700,0.000000,0.000000,0.000000,-0.000315,0.000000,-0.000206,0.000011,0.581561,0.000174,-0.000009,0.023791,-0.001988,0.000431,0.578222,0.000688,-0.000054,0.040135,0.000000,0.000000,-0.000315,-0.000058,0.000573,-0.000401,0.401545,0.401545,-0.395455,-0.395455,0.408856,0.404607,-0.392139,-0.392431,0.234832,-0.234832,0.234832,-0.234832,0.225180,-0.223911,0.230193,-0.231275,0.339321,0.157508,0.000000,0.000000,0.000000
9.502000,-0.000000,0.000000,0.593700,0.000000,0.000000,0.000000,-0.000315,0.000000,-0.000204,0.000011,0.581843,0.000173,-0.000009,0.023238,-0.001980,0.000431,0.578698,0.000676,-0.000053,0.039253,0.000000,0.000000,-0.000315,-0.000058,0.000573,-0.000401,0.401545,0.401545,-0.395455,-0.395455,0.408848,0.404599,-0.392146,-0.392438,0.234832,-0.234832,0.234832,-0.234832,0.225179,-0.223909,0.230194,-0.231274,0.339048,0.157378,0.000000,0.000000,0.000000
9.514000,-0.000000,0.000000,0.593700,0.000000,0.000000,0.000000,-0.000315,0.000000,-0.000202,0.000011,0.582119,0.000171,-0.000009,0.022698,-0.001972,0.000430,0.579162,0.000664,-0.000051,0.038389,0.000000,0.000000,-0.000315,-0.000058,0.000572,-0.000401,0.401545,0.401545,-0.395455,-0.395455,0.408841,0.404592,-0.392154,-0.392446,0.234832,-0.234832,0.234832,-0.234832,0.225179,-0.223908,0.230194,-0.231273,0.338781,0.157252,0.000000,0.000000,0.000000
9.524000,-0.000000,0.000000,0.593700,0.000000,0.000000,0.000000,-0.000315,0.000000,-0.000200,0.000011,0.582344,0.000169,-0.000009,0.022257,-0.001965,0.000430,0.579542,0.000654,-0.000050,0.037682,0.000000,0.000000,-0.000315,-0.000058,0.000572,-0.000401,0.401545,0.401545,-0.395455,-0.395455,0.408834,0.404585,-0.392160,-0.392452,0.234832,-0.234832,0.234832,-0.234832,0.225179,-0.223906,0.230194,-0.231272,0.338564,0.157148,0.000000,0.000000,0.000000
9.536000,-0.000000,0.000000,0.593700,0.000000,0.000000,0.000000,-0.000315,0.000000,-0.000198,0.000011,0.582608,0.000168,-0.000009,0.021740,-0.001957,0.000429,0.579988,0.000642,-0.000049,0.036849,0.000000,0.000000,-0.000315,-0.000058,0.000572,-0.000401,0.401545,0.401545,-0.395455,-0.395455,0.408827,0.404578,-0.392167,-0.392459,0.234832,-0.234832,0.234832,-0.234832,0.225178,-0.223905,0.230194,-0.231271,0.338308,0.157027,0.000000,0.000000,0.000000
9.548000,-0.000000,0.000000,0.593700,0.000000,0.000000,0.000000,-0.000315,0.000000,-0.000196,0.000011,0.582865,0.000166,-0.000009,0.021235,-0.001950,0.000429,0.580424,0.000631,-0.000048,0.036034,0.000000,0.000000,-0.000315,-0.000058,0.000571,-0.000401,0.401545,0.401545,-0.395455,-0.395455,0.408820,0.404571,-0.392174,-0.392466,0.234832,-0.234832,0.234832,-0.234832,0.225178,-0.223903,0.230195,-0.231270,0.338059,0.156908,0.000000,0.000000,0.000000
9.560000,-0.000000,0.000000,0.593700,0.000000,0.000000,0.000000,-0.000315,0.000000,-0.000194,0.000011,0.583117,0.000164,-0.000009,0.020741,-0.001942,0.000428,0.580851,0.000619,-0.000047,0.035235,0.000000,0.000000,-0.000315,-0.000058,0.000571,-0.000401,0.401545,0.401545,-0.395455,-0.395455,0.408813,0.404564,-0.392181,-0.392473,0.234832,-0.234832,0.234832,-0.234832,0.225178,-0.223902,0.230195,-0.231269,0.337815,0.156792,0.000000,0.000000,0.000000
9.572000,-0.000000,0.000000,0.593700,0.000000,0.000000,0.000000,-0.000315,0.000000,-0.000192,0.000011,0.583363,0.000163,-0.000009,0.020259,-0.001935,0.000427,0.581268,0.000608,-0.000046,0.034452,0.000000,0.000000,-0.000315,-0.000058,0.000570,-0.000400,0.401545,0.401545,-0.395455,-0.395455,0.408806,0.404557,-0.392188,-0.392480,0.234832,-0.234832,0.234832,-0.234832,0.225178,-0.223900,0.230195,-0.231268,0.337577,0.156679,0.000000,0.000000,0.000000
9.584000,-0.000000,0.000000,0.593700,0.000000,0.000000,0.000000,-0.000315,0.000000,-0.000190,0.000011,0.583604,0.000161,-0.000009,0.019788,-0.001927,0.000427,0.581676,0.000597,-0.000045,0.033686,0.000000,0.000000,-0.000315,-0.000057,0.000570,-0.000400,0.401545,0.401545,-0.395455,-0.395455,0.408800,0.404550,-0.392194,-0.392487,0.234832,-0.234832,0.234832,-0.234832,0.225177,-0.223899,0.230195,-0.231267,0.337345,0.156569,0.000000,0.000000,0.000000
9.596000,-0.000000,0.000000,0.593700,0.000000,0.000000,0.000000,-0.000315,0.000000,-0.000188,0.000010,0.583838,0.000159,-0.000009,0.019328,-0.001920,0.000426,0.582075,0.000586,-0.000043,0.032936,0.000000,0.000000,-0.000315,-0.000057,0.000570,-0.000400,0.401545,0.401545,-0.395455,-0.395455,0.408793,0.404544,-0.392200,-0.392493,0.234832,-0.234832,0.234832,-0.234832,0.225177,-0.223897,0.230195,-0.231266,0.337119,0.156461,0.000000,0.000000,0.000000
9.608000,-0.000000,0.000000,0.593700,0.000000,0.000000,0.000000,-0.000315,0.000000,-0.000186,0.000010,0.584067,0.000158,-0.000009,0.018879,-0.001913,0.000426,0.582464,0.000575,-0.000042,0.032201,0.000000,0.000000,-0.000315,-0.000057,0.000569,-0.000400,0.401545,0.401545,-0.395455,-0.395455,0.408787,0.404537,-0.392207,-0.392500,0.234832,-0.234832,0.234832,-0.234832,0.225177,-0.223896,0.230196,-0.231265,0.336897,0.156356,0.000000,0.000000,0.000000
9.620000,-0.000000,0.000000,0.593700,0.000000,0.000000,0.000000,-0.000315,0.000000,-0.000185,0.000010,0.584291,0.000156,-0.000008,0.018440,-0.001907,0.000425,0.582846,0.000565,-0.000041,0.031482,0.000000,0.000000,-0.000315,-0.000057,0.000569,-0.000400,0.401545,0.401545,-0.395455,-0.395455,0.408780,0.404531,-0.392213,-0.392506,0.234832,-0.234832,0.234832,-0.234832,0.225177,-0.223895,0.230196,-0.231264,0.336681,0.156253,0.000000,0.000000,0.000000
9.632000,-0.000000,0.000000,0.593700,0.000000,0.000000,0.000000,-0.000315,0.000000,-0.000183,0.000010,0.584510,0.000155,-0.000008,0.018011,-0.001900,0.000425,0.583218,0.000554,-0.000040,0.030778,0.000000,0.000000,-0.000315,-0.000057,0.000569,-0.000400,0.401545,0.401545,-0.395455,-0.395455,0.408774,0.404525,-0.392219,-0.392512,0.234832,-0.234832,0.234832,-0.234832,0.225176,-0.223893,0.230196,-0.231264,0.336470,0.156153,0.000000,0.000000,0.000000
9.644000,-0.000000,0.000000,0.593700,0.000000,0.000000,0.000000,-0.000315,0.000000,-0.000181,0.000010,0.584724,0.000153,-0.000008,0.017593,-0.001893,0.000424,0.583583,0.000544,-0.000040,0.030088,0.000000,0.000000,-0.000315,-0.000057,0.000568,-0.000400,0.401545,0.401545,-0.395455,-0.395455,0.408768,0.404519,-0.392225,-0.392518,0.234832,-0.234832,0.234832,-0.234832,0.225176,-0.223892,0.230196,-0.231263,0.336264,0.156055,0.000000,0.000000,0.000000
9.656000,-0.000000,0.000000,0.593700,0.000000,0.000000,0.000000,-0.000315,0.000000,-0.000179,0.000010,0.584932,0.000151,-0.000008,0.017184,-0.001887,0.000424,0.583939,0.000534,-0.000039,0.029414,0.000000,0.000000,-0.000315,-0.000057,0.000568,-0.000400,0.401545,0.401545,-0.395455,-0.395455,0.408762,0.404513,-0.392231,-0.392524,0.234832,-0.234832,0.234832,-0.234832,0.225176,-0.223891,0.230196,-0.231262,0.336063,0.155960,0.000000,0.000000,0.000000
9.668000,-0.000000,0.000000,0.593700,0.000000,0.000000,0.000000,-0.000315,0.000000,-0.000177,0.000010,0.585136,0.000150,-0.000008,0.016784,-0.001880,0.000423,0.584287,0.000524,-0.000038,0.028753,0.000000,0.000000,-0.000315,-0.000057,0.000568,-0.000400,0.401545,0.401545,-0.395455,-0.395455,0.408757,0.404507,-0.392236,-0.392529,0.234832,-0.234832,0.234832,-0.234832,0.225176,-0.223890,0.230196,-0.231261,0.335867,0.155866,0.000000,0.000000,0.000000
9.680000,-0.000000,0.000000,0.593700,0.000000,0.000000,0.000000,-0.000315,0.000000,-0.000175,0.000010,0.585335,0.000148,-0.000008,0.016394,-0.001874,0.000423,0.584627,0.000515,-0.000037,0.028107,0.000000,0.000000,-0.000315,-0.000057,0.000567,-0.000400,0.401545,0.401545,-0.395455,-0.395455,0.408751,0.404501,-0.392242,-0.392535,0.234832,-0.234832,0.234832,-0.234832,0.225176,-0.223889,0.230197,-0.231260,0.335675,0.155775,0.000000,0.000000,0.000000
9.692000,-0.000000,0.000000,0.593700,0.000000,0.000000,0.000000,-0.000315,0.000000,-0.000174,0.000010,0.585530,0.000147,-0.000008,0.016013,-0.001868,0.000422,0.584960,0.000505,-0.000036,0.027474,0.000000,0.000000,-0.000315,-0.000057,0.000567,-0.000400,0.401545,0.401545,-0.395455,-0.395455,0.408745,0.404496,-0.392247,-0.392540,0.234832,-0.234832,0.234832,-0.234832,0.225175,-0.223887,0.230197,-0.231260,0.335488,0.155686,0.000000,0.000000,0.000000
9.704000,-0.000000,0.000000,0.593700,0.000000,0.000000,0.000000,-0.000315,0.000000,-0.000172,0.000010,0.585720,0.000145,-0.000008,0.015641,-0.001862,0.000422,0.585285,0.000496,-0.000035,0.026855,0.000000,0.000000,-0.000315,-0.000057,0.000567,-0.000400,0.401545,0.401545,-0.395455,-0.395455,0.408740,0.404490,-0.392252,-0.392546,0.234832,-0.234832,0.234832,-0.234832,0.225175,-0.223886,0.230197,-0.231259,0.335306,0.155599,0.000000,0.000000,0.000000
9.716000,-0.000000,0.000000,0.593700,0.000000,0.000000,0.000000,-0.000315,0.000000,-0.000170,0.000010,0.585905,0.000144,-0.000008,0.015277,-0.001856,0.000422,0.585603,0.000487,-0.000034,0.026250,0.000000,0.000000,-0.000315,-0.000057,0.000567,-0.000399,0.401545,0.401545,-0.395455,-0.395455,0.408735,0.404485,-0.392257,-0.392551,0.234832,-0.234832,0.234832,-0.234832,0.225175,-0.223885,0.230197,-0.231258,0.335127,0.155514,0.000000,0.000000,0.000000
9.728000,-0.000000,0.000000,0.593700,0.000000,0.000000,0.000000,-0.000315,0.000000,-0.000168,0.000009,0.586086,0.000143,-0.000008,0.014922,-0.001850,0.000421,0.585914,0.000478,-0.000033,0.025657,0.000000,0.000000,-0.000315,-0.000057,0.000566,-0.000399,0.401545,0.401545,-0.395455,-0.395455,0.408729,0.404480,-0.392263,-0.392556,0.234832,-0.234832,0.234832,-0.234832,0.225175,-0.223884,0.230197,-0.231257,0.334953,0.155432,0.000000,0.000000,0.000000
9.740000,-0.000000,0.000000,0.593700,0.000000,0.000000,0.000000,-0.000315,0.000000,-0.000167,0.000009,0.586263,0.000141,-0.000008,0.014575,-0.001845,0.000421,0.586217,0.000469,-0.000033,0.025077,0.000000,0.000000,-0.000315,-0.000056,0.000566,-0.000399,0.401545,0.401545,-0.395455,-0.395455,0.408724,0.404475,-0.392267,-0.392561,0.234832,-0.234832,0.234832,-0.234832,0.225175,-0.223883,0.230197,-0.231257,0.334783,0.155351,0.000000,0.000000,0.000000
9.752000,-0.000000,0.000000,0.593700,0.000000,0.000000,0.000000,-0.000315,0.000000,-0.000165,0.000009,0.586436,0.000140,-0.000008,0.014237,-0.001839,0.000420,0.586514,0.000460,-0.000032,0.024510,0.000000,0.000000,-0.000315,-0.000056,0.000566,-0.000399,0.401545,0.401545,-0.395455,-0.395455,0.408719,0.404470,-0.392272,-0.392566,0.234832,-0.234832,0.234832,-0.234832,0.225174,-0.223882,0.230197,-0.231256,0.334617,0.155272,0.000000,0.000000,0.000000
9.764000,-0.000000,0.000000,0.593700,0.000000,0.000000,0.000000,-0.000315,0.000000,-0.000163,0.000009,0.586605,0.000138,-0.000007,0.013906,-0.001834,0.000420,0.586804,0.000452,-0.000031,0.023955,0.000000,0.000000,-0.000315,-0.000056,0.000566,-0.000399,0.401545,0.401545,-0.395455,-0.395455,0.408715,0.404465,-0.392277,-0.392571,0.234832,-0.234832,0.234832,-0.234832,0.225174,-0.223881,0.230198,-0.231255,0.334455,0.155195,0.000000,0.000000,0.000000
9.774000,-0.000000,0.000000,0.593700,0.000000,0.000000,0.000000,-0.000315,0.000000,-0.000162,0.000009,0.586743,0.000137,-0.000007,0.013636,-0.001829,0.000420,0.587041,0.000445,-0.000031,0.023502,0.000000,0.000000,-0.000315,-0.000056,0.000565,-0.000399,0.401545,0.401545,-0.395455,-0.395455,0.408711,0.404461,-0.392281,-0.392575,0.234832,-0.234832,0.234832,-0.234832,0.225174,-0.223880,0.230198,-0.231255,0.334323,0.155132,0.000000,0.000000,0.000000
9.786000,-0.000000,0.000000,0.593700,0.000000,0.000000,0.000000,-0.000315,0.000000,-0.000160,0.000009,0.586904,0.000136,-0.000007,0.013319,-0.001824,0.000419,0.587319,0.000437,-0.000030,0.022969,0.000000,0.000000,-0.000315,-0.000056,0.000565,-0.000399,0.401545,0.401545,-0.395455,-0.395455,0.408706,0.404456,-0.392285,-0.392579,0.234832,-0.234832,0.234832,-0.234832,0.225174,-0.223879,0.230198,-0.231254,0.334167,0.155058,0.000000,0.000000,0.000000
9.798000,-0.000000,0.000000,0.593700,0.000000,0.000000,0.000000,-0.000315,0.000000,-0.000159,0.000009,0.587062,0.000134,-0.000007,0.013009,-0.001819,0.000419,0.587591,0.000429,-0.000029,0.022448,0.000000,0.000000,-0.000315,-0.000056,0.000565,-0.000399,0.401545,0.401545,-0.395455,-0.395455,0.408701,0.404451,-0.392290,-0.392584,0.234832,-0.234832,0.234832,-0.234832,0.225174,-0.223878,0.230198,-0.231254,0.334016,0.154986,0.000000,0.000000,0.000000
9.810000,-0.000000,0.000000,0.593700,0.000000,0.000000,0.000000,-0.000315,0.000000,-0.000157,0.000009,0.587217,0.000133,-0.000007,0.012707,-0.001813,0.000419,0.587856,0.000421,-0.000029,0.021938,0.000000,0.000000,-0.000315,-0.000056,0.000565,-0.000399,0.401545,0.401545,-0.395455,-0.395455,0.408697,0.404447,-0.392294,-0.392588,0.234832,-0.234832,0.234832,-0.234832,0.225173,-0.223877,0.230198,-0.231253,0.333868,0.154915,0.000000,0.000000,0.000000
9.822000,-0.000000,0.000000,0.593700,0.000000,0.000000,0.000000,-0.000315,0.000000,-0.000156,0.000009,0.587367,0.000132,-0.000007,0.012411,-0.001808,0.000418,0.588116,0.000413,-0.000028,0.021439,0.000000,0.000000,-0.000315,-0.000056,0.000565,-0.000399,0.401545,0.401545,-0.395455,-0.395455,0.408692,0.404442,-0.392299,-0.392593,0.234832,-0.234832,0.234832,-0.234832,0.225173,-0.223876,0.230198,-0.231252,0.333724,0.154847,0.000000,0.000000,0.000000
9.834000,-0.000000,0.000000,0.593700,0.000000,0.000000,0.000000,-0.000315,0.000000,-0.000154,0.000009,0.587514,0.000130,-0.000007,0.012123,-0.001803,0.000418,0.588370,0.000405,-0.000027,0.020951,0.000000,0.000000,-0.000315,-0.000056,0.000564,-0.000399,0.401545,0.401545,-0.395455,-0.395455,0.408688,0.404438,-0.392303,-0.392597,0.234832,-0.234832,0.234832,-0.234832,0.225173,-0.223876,0.230198,-0.231252,0.333583,0.154780,0.000000,0.000000,0.000000
9.846000,-0.000000,0.000000,0.593700,0.000000,0.000000,0.000000,-0.000315,0.000000,-0.000152,0.000009,0.587658,0.000129,-0.000007,0.011841,-0.001799,0.000418,0.588618,0.000398,-0.000027,0.020474,0.000000,0.000000,-0.000315,-0.000056,0.000564,-0.000399,0.401545,0.401545,-0.395455,-0.395455,0.408684,0.404434,-0.392307,-0.392601,0.234832,-0.234832,0.234832,-0.234832,0.225173,-0.223875,0.230198,-0.231251,0.333445,0.154714,0.000000,0.000000,0.000000
9.858000,-0.000000,0.000000,0.593700,0.000000,0.000000,0.000000,-0.000315,0.000000,-0.000151,0.000008,0.587799,0.000128,-0.000007,0.011566,-0.001794,0.000417,0.588860,0.000391,-0.000026,0.020008,0.000000,0.000000,-0.000315,-0.000056,0.000564,-0.000399,0.401545,0.401545,-0.395455,-0.395455,0.408680,0.404430,-0.392311,-0.392605,0.234832,-0.234832,0.234832,-0.234832,0.225173,-0.223874,0.230198,-0.231251,0.333310,0.154650,0.000000,0.000000,0.000000
9.870000,-0.000000,0.000000,0.593700,0.000000,0.000000,0.000000,-0.000315,0.000000,-0.000149,0.000008,0.587936,0.000126,-0.000007,0.011297,-0.001789,0.000417,0.589097,0.000383,-0.000026,0.019552,0.000000,0.000000,-0.000315,-0.000056,0.000564,-0.000399,0.401545,0.401545,-0.395455,-0.395455,0.408675,0.404425,-0.392315,-0.392609,0.234832,-0.234832,0.234832,-0.234832,0.225173,-0.223873,0.230198,-0.231250,0.333179,0.154588,0.000000,0.000000,0.000000
9.882000,-0.000000,0.000000,0.593700,0.000000,0.000000,0.000000,-0.000315,0.000000,-0.000148,0.000008,0.588070,0.000125,-0.000007,0.011034,-0.001785,0.000417,0.589328,0.000376,-0.000025,0.019106,0.000000,0.000000,-0.000315,-0.000056,0.000564,-0.000399,0.401545,0.401545,-0.395455,-0.395455,0.408671,0.404421,-0.392319,-0.392613,0.234832,-0.234832,0.234832,-0.234832,0.225172,-0.223872,0.230199,-0.231250,0.333051,0.154527,0.000000,0.000000,0.000000
9.894000,-0.000000,0.000000,0.593700,0.000000,0.000000,0.000000,-0.000315,0.000000,-0.000146,0.000008,0.588201,0.000124,-0.000007,0.010778,-0.001780,0.000416,0.589554,0.000369,-0.000024,0.018670,0.000000,0.000000,-0.000315,-0.000056,0.000564,-0.000399,0.401545,0.401545,-0.395455,-0.395455,0.408668,0.404418,-0.392322,-0.392617,0.234832,-0.234832,0.234832,-0.234832,0.225172,-0.223871,0.230199,-0.231249,0.332926,0.154467,0.000000,0.000000,0.000000
9.906000,-0.000000,0.000000,0.593700,0.000000,0.000000,0.000000,-0.000315,0.000000,-0.000145,0.000008,0.588329,0.000123,-0.000007,0.010527,-0.001776,0.000416,0.589775,0.000363,-0.000024,0.018243,0.000000,0.000000,-0.000315,-0.000056,0.000563,-0.000399,0.401545,0.401545,-0.395455,-0.395455,0.408664,0.404414,-0.392326,-0.392620,0.234832,-0.234832,0.234832,-0.234832,0.225172,-0.223871,0.230199,-0.231249,0.332804,0.154409,0.000000,0.000000,0.000000
9.918000,-0.000000,0.000000,0.593700,0.000000,0.000000,0.000000,-0.000315,0.000000,-0.000143,0.000008,0.588453,0.000121,-0.000007,0.010283,-0.001772,0.000416,0.589991,0.000356,-0.000023,0.017827,0.000000,0.000000,-0.000315,-0.000056,0.000563,-0.000398,0.401545,0.401545,-0.395455,-0.395455,0.408660,0.404410,-0.392330,-0.392624,0.234832,-0.234832,0.234832,-0.234832,0.225172,-0.223870,0.230199,-0.231248,0.332685,0.154352,0.000000,0.000000,0.000000
9.930000,-0.000000,0.000000,0.593700,0.000000,0.000000,0.000000,-0.000315,0.000000,-0.000142,0.000008,0.588575,0.000120,-0.000006,0.010044,-0.001767,0.000416,0.590202,0.000349,-0.000023,0.017419,0.000000,0.000000,-0.000315,-0.000056,0.000563,-0.000398,0.401545,0.401545,-0.395455,-0.395455,0.408656,0.404406,-0.392333,-0.392628,0.234832,-0.234832,0.234832,-0.234832,0.225172,-0.223869,0.230199,-0.231248,0.332568,0.154297,0.000000,0.000000,0.000000
9.942000,-0.000000,0.000000,0.593700,0.000000,0.000000,0.000000,-0.000315,0.000000,-0.000141,0.000008,0.588694,0.000119,-0.000006,0.009810,-0.001763,0.000415,0.590408,0.000343,-0.000022,0.017020,0.000000,0.000000,-0.000315,-0.000056,0.000563,-0.000398,0.401545,0.401545,-0.395455,-0.395455,0.408653,0.404403,-0.392337,-0.392631,0.234832,-0.234832,0.234832,-0.234832,0.225172,-0.223868,0.230199,-0.231247,0.332454,0.154243,0.000000,0.000000,0.000000
9.954000,-0.000000,0.000000,0.593700,0.000000,0.000000,0.000000,-0.000315,0.000000,-0.000139,0.000008,0.588811,0.000118,-0.000006,0.009582,-0.001759,0.000415,0.590609,0.000337,-0.000022,0.016631,0.000000,0.000000,-0.000315,-0.000056,0.000563,-0.000398,0.401545,0.401545,-0.395455,-0.395455,0.408649,0.404399,-0.392340,-0.392635,0.234832,-0.234832,0.234832,-0.234832,0.225171,-0.223868,0.230199,-0.231247,0.332343,0.154190,0.000000,0.000000,0.000000
9.966000,-0.000000,0.000000,0.593700,0.000000,0.000000,0.000000,-0.000315,0.000000,-0.000138,0.000008,0.588924,0.000116,-0.000006,0.009360,-0.001755,0.000415,0.590806,0.000330,-0.000021,0.016250,0.000000,0.000000,-0.000315,-0.000056,0.000563,-0.000398,0.401545,0.401545,-0.395455,-0.395455,0.408646,0.404396,-0.392343,-0.392638,0.234832,-0.234832,0.234832,-0.234832,0.225171,-0.223867,0.230199,-0.231246,0.332235,0.154138,0.000000,0.000000,0.000000
9.978000,-0.000000,0.000000,0.593700,0.000000,0.000000,0.000000,-0.000315,0.000000,-0.000136,0.000008,0.589035,0.000115,-0.000006,0.009142,-0.001751,0.000415,0.590998,0.000324,-0.000021,0.015878,0.000000,0.000000,-0.000315,-0.000056,0.000562,-0.000398,0.401545,0.401545,-0.395455,-0.395455,0.408642,0.404392,-0.392347,-0.392641,0.234832,-0.234832,0.234832,-0.234832,0.225171,-0.223866,0.230199,-0.231246,0.332129,0.154088,0.000000,0.000000,0.000000
9.990000,-0.000000,0.000000,0.593700,0.000000,0.000000,0.000000,-0.000315,0.000000,-0.000135,0.000008,0.589144,0.000114,-0.000006,0.008929,-0.001747,0.000414,0.591186,0.000318,-0.000021,0.015514,0.000000,0.000000,-0.000315,-0.000055,0.000562,-0.000398,0.401545,0.401545,-0.395455,-0.395455,0.408639,0.404389,-0.392350,-0.392645,0.234832,-0.234832,0.234832,-0.234832,0.225171,-0.223866,0.230199,-0.231245,0.332026,0.154039,0.000000,0.000000,0.000000
